r_m,FD_J,exact_J
0.000000000000000000e+00,2.798969867039565579e+05,2.794687018214227865e+05
4.885197850512945656e-07,2.798969867081355769e+05,2.794687018235090654e+05
9.770395701025891311e-07,2.798969867485326831e+05,2.794687018548035994e+05
1.465559355153883697e-06,2.798969868998124148e+05,2.794687019904132467e+05
1.954079140205178262e-06,2.798969872872654814e+05,2.794687023555162596e+05
2.442598925256472616e-06,2.798969880863831495e+05,2.794687031253618770e+05
2.931118710307767393e-06,2.798969895228192327e+05,2.794687045252707903e+05
3.419638495359062171e-06,2.798969918723812443e+05,2.794687068306350266e+05
3.908158280410356525e-06,2.798969954610274290e+05,2.794687103669177159e+05
4.396678065461650878e-06,2.798970006648648996e+05,2.794687155096532078e+05
4.885197850512945232e-06,2.798970079101499286e+05,2.794687226844470133e+05
5.373717635564240433e-06,2.798970176732870168e+05,2.794687323669761536e+05
5.862237420615534787e-06,2.798970304808289511e+05,2.794687450829884619e+05
6.350757205666829141e-06,2.798970469094763976e+05,2.794687614083028748e+05
6.839276990718124341e-06,2.798970675860780175e+05,2.794687819688096642e+05
7.327796775769418695e-06,2.798970931876305258e+05,2.794688074404696818e+05
7.816316560820713049e-06,2.798971244412779342e+05,2.794688385493148817e+05
8.304836345872008250e-06,2.798971621243119007e+05,2.794688760714476812e+05
8.793356130923301757e-06,2.798972070641713217e+05,2.794689208330413676e+05
9.281875915974596957e-06,2.798972601384424488e+05,2.794689737103392254e+05
9.770395701025890464e-06,2.798973222748580738e+05,2.794690356296548853e+05
1.025891548607718567e-05,2.798973944512977032e+05,2.794691075673716841e+05
1.074743527112848087e-05,2.798974776957873255e+05,2.794691905499424902e+05
1.123595505617977437e-05,2.798975730864983634e+05,2.794692856538894121e+05
1.172447484123106957e-05,2.798976817517481395e+05,2.794693940058029839e+05
1.221299462628236477e-05,2.798978048699985375e+05,2.794695167823422817e+05
1.270151441133365828e-05,2.798979436698560603e+05,2.794696552102337591e+05
1.319003419638495348e-05,2.798980994300706661e+05,2.794698105662708986e+05
1.367855398143624868e-05,2.798982734795357683e+05,2.794699841773136286e+05
1.416707376648754219e-05,2.798984671972863725e+05,2.794701774202871020e+05
1.465559355153883739e-05,2.798986820124992519e+05,2.794703917221809970e+05
1.514411333659013090e-05,2.798989194044910837e+05,2.794706285600488191e+05
1.563263312164142610e-05,2.798991809027178679e+05,2.794708894610061543e+05
1.612115290669271960e-05,2.798994680867733550e+05,2.794711760022298549e+05
1.660967269174401650e-05,2.798997825863880571e+05,2.794714898109568167e+05
1.709819247679531001e-05,2.799001260814273264e+05,2.794718325644817669e+05
1.758671226184660351e-05,2.799005003018897842e+05,2.794722059901565081e+05
1.807523204689790041e-05,2.799009070279058651e+05,2.794726118653877056e+05
1.856375183194919391e-05,2.799013480897355475e+05,2.794730520176346181e+05
1.905227161700048742e-05,2.799018253677662578e+05,2.794735283244077000e+05
1.954079140205178093e-05,2.799023407925107749e+05,2.794740427132655168e+05
2.002931118710307782e-05,2.799028963446042035e+05,2.794745971618129988e+05
2.051783097215437133e-05,2.799034940548021113e+05,2.794751936976981233e+05
2.100635075720566484e-05,2.799041360039768624e+05,2.794758343986094114e+05
2.149487054225696173e-05,2.799048243231149972e+05,2.794765213922727853e+05
2.198339032730825524e-05,2.799055611933135660e+05,2.794772568564479006e+05
2.247191011235954875e-05,2.799063488457766944e+05,2.794780430189248873e+05
2.296042989741084564e-05,2.799071895618117414e+05,2.794788821575205075e+05
2.344894968246213915e-05,2.799080856728249346e+05,2.794797766000735573e+05
2.393746946751343265e-05,2.799090395603172365e+05,2.794807287244414329e+05
2.442598925256472955e-05,2.799100536558798049e+05,2.794817409584944253e+05
2.491450903761602306e-05,2.799111304411884048e+05,2.794828157801112393e+05
2.540302882266731656e-05,2.799122724479989847e+05,2.794839557171738707e+05
2.589154860771861346e-05,2.799134822581411572e+05,2.794851633475617273e+05
2.638006839276990696e-05,2.799147625035129604e+05,2.794864412991456920e+05
2.686858817782120047e-05,2.799161158660739893e+05,2.794877922497818363e+05
2.735710796287249737e-05,2.799175450778392260e+05,2.794892189273047261e+05
2.784562774792379087e-05,2.799190529208715307e+05,2.794907241095205536e+05
2.833414753297508438e-05,2.799206422272744821e+05,2.794923106241994537e+05
2.882266731802637789e-05,2.799223158791840542e+05,2.794939813490677625e+05
2.931118710307767478e-05,2.799240768087611068e+05,2.794957392117996351e+05
2.979970688812896829e-05,2.799259279981817817e+05,2.794975871900084312e+05
3.028822667318026179e-05,2.799278724796290626e+05,2.794995283112374600e+05
3.077674645823155530e-05,2.799299133352822973e+05,2.795015656529504340e+05
3.126526624328285220e-05,2.799320536973080016e+05,2.795037023425212828e+05
3.175378602833414909e-05,2.799342967478484497e+05,2.795059415572233847e+05
3.224230581338543921e-05,2.799366457190107321e+05,2.795082865242186817e+05
3.273082559843673610e-05,2.799391038928553462e+05,2.795107405205456889e+05
3.321934538348803300e-05,2.799416746013836237e+05,2.795133068731075618e+05
3.370786516853932312e-05,2.799443612265246920e+05,2.795159889586592326e+05
3.419638495359062001e-05,2.799471672001227853e+05,2.795187902037937311e+05
3.468490473864191691e-05,2.799500960039225174e+05,2.795217140849284478e+05
3.517342452369320703e-05,2.799531511695546214e+05,2.795247641282908153e+05
3.566194430874450392e-05,2.799563362785206409e+05,2.795279439099022420e+05
3.615046409379580082e-05,2.799596549621768645e+05,2.795312570555632119e+05
3.663898387884709094e-05,2.799631109017179697e+05,2.795347072408357635e+05
3.712750366389838783e-05,2.799667078281595604e+05,2.795382981910269009e+05
3.761602344894968472e-05,2.799704495223199483e+05,2.795420336811704910e+05
3.810454323400097484e-05,2.799743398148019332e+05,2.795459175360082299e+05
3.859306301905227174e-05,2.799783825859730132e+05,2.795499536299704923e+05
3.908158280410356186e-05,2.799825817659449531e+05,2.795541458871560753e+05
3.957010258915485875e-05,2.799869413345530629e+05,2.795584982813110109e+05
4.005862237420615565e-05,2.799914653213342535e+05,2.795630148358070292e+05
4.054714215925744577e-05,2.799961578055041027e+05,2.795676996236186242e+05
4.103566194430874266e-05,2.800010229159338633e+05,2.795725567672995385e+05
4.152418172936003956e-05,2.800060648311255500e+05,2.795775904389588395e+05
4.201270151441132967e-05,2.800112877791866194e+05,2.795828048602350173e+05
4.250122129946262657e-05,2.800166960378043586e+05,2.795882043022703729e+05
4.298974108451392346e-05,2.800222939342178870e+05,2.795937930856834864e+05
4.347826086956521358e-05,2.800280858451906824e+05,2.795995755805414519e+05
4.396678065461651048e-05,2.800340761969811865e+05,2.796055562063306570e+05
4.445530043966780737e-05,2.800402694653130020e+05,2.796117394319268060e+05
4.494382022471909749e-05,2.800466701753433445e+05,2.796181297755639534e+05
4.543234000977039439e-05,2.800532829016313772e+05,2.796247318048021407e+05
4.592085979482169128e-05,2.800601122681048000e+05,2.796315501364946249e+05
4.640937957987298140e-05,2.800671629480251577e+05,2.796385894367533037e+05
4.689789936492427829e-05,2.800744396639532642e+05,2.796458544209132669e+05
4.738641914997557519e-05,2.800819471877118340e+05,2.796533498534968821e+05
4.787493893502686531e-05,2.800896903403482283e+05,2.796610805481754942e+05
4.836345872007816220e-05,2.800976739920955151e+05,2.796690513677308918e+05
4.885197850512945910e-05,2.801059030623321887e+05,2.796772672240152606e+05
4.934049829018074922e-05,2.801143825195409008e+05,2.796857330779096228e+05
4.982901807523204611e-05,2.801231173812658526e+05,2.796944539392820443e+05
5.031753786028334301e-05,2.801321127140693134e+05,2.797034348669428146e+05
5.080605764533463312e-05,2.801413736334856949e+05,2.797126809686004417e+05
5.129457743038593002e-05,2.801509053039758001e+05,2.797221974008143297e+05
5.178309721543722691e-05,2.801607129388786270e+05,2.797319893689473975e+05
5.227161700048851703e-05,2.801708018003620091e+05,2.797420621271168930e+05
5.276013678553981393e-05,2.801811771993724979e+05,2.797524209781440441e+05
5.324865657059111082e-05,2.801918444955826853e+05,2.797630712735018460e+05
5.373717635564240094e-05,2.802028090973381768e+05,2.797740184132613358e+05
5.422569614069369784e-05,2.802140764616022352e+05,2.797852678460375755e+05
5.471421592574499473e-05,2.802256520938997273e+05,2.797968250689324341e+05
5.520273571079628485e-05,2.802375415482586832e+05,2.798086956274770200e+05
5.569125549584758174e-05,2.802497504271509824e+05,2.798208851155721932e+05
5.617977528089887186e-05,2.802622843814315274e+05,2.798333991754273884e+05
5.666829506595016876e-05,2.802751491102744476e+05,2.798462434974981006e+05
5.715681485100146565e-05,2.802883503611098859e+05,2.798594238204215653e+05
5.764533463605275577e-05,2.803018939295572927e+05,2.798729459309507511e+05
5.813385442110405267e-05,2.803157856593577890e+05,2.798868156638868386e+05
5.862237420615534956e-05,2.803300314423050149e+05,2.799010389020096627e+05
5.911089399120663968e-05,2.803446372181734187e+05,2.799156215760068735e+05
5.959941377625793658e-05,2.803596089746458456e+05,2.799305696644012351e+05
6.008793356130923347e-05,2.803749527472385671e+05,2.799458891934754211e+05
6.057645334636052359e-05,2.803906746192243882e+05,2.799615862371961703e+05
6.106497313141182048e-05,2.804067807215550565e+05,2.799776669171358226e+05
6.155349291646311060e-05,2.804232772327803541e+05,2.799941374023919925e+05
6.204201270151441427e-05,2.804401703789659077e+05,2.800110039095056709e+05
6.253053248656570439e-05,2.804574664336095448e+05,2.800282727023774059e+05
6.301905227161699451e-05,2.804751717175546801e+05,2.800459500921810395e+05
6.350757205666829818e-05,2.804932925989028299e+05,2.800640424372760463e+05
6.399609184171958830e-05,2.805118354929230991e+05,2.800825561431177193e+05
6.448461162677087842e-05,2.805308068619606202e+05,2.801014976621647947e+05
6.497313141182218209e-05,2.805502132153418497e+05,2.801208734937862027e+05
6.546165119687347221e-05,2.805700611092787003e+05,2.801406901841640356e+05
6.595017098192476233e-05,2.805903571467698785e+05,2.801609543261963408e+05
6.643869076697606600e-05,2.806111079775010585e+05,2.801816725593960145e+05
6.692721055202735612e-05,2.806323202977415640e+05,2.802028515697887051e+05
6.741573033707864624e-05,2.806540008502395940e+05,2.802244980898081558e+05
6.790425012212994991e-05,2.806761564241157612e+05,2.802466188981890446e+05
6.839276990718124003e-05,2.806987938547529629e+05,2.802692208198580192e+05
6.888128969223253014e-05,2.807219200236852048e+05,2.802923107258221135e+05
6.936980947728383382e-05,2.807455418584837462e+05,2.803158955330553581e+05
6.985832926233512393e-05,2.807696663326406269e+05,2.803399822043820750e+05
7.034684904738641405e-05,2.807943004654503311e+05,2.803645777483591810e+05
7.083536883243771772e-05,2.808194513218882494e+05,2.803896892191548832e+05
7.132388861748900784e-05,2.808451260124881519e+05,2.804153237164259190e+05
7.181240840254029796e-05,2.808713316932157613e+05,2.804414883851912455e+05
7.230092818759160163e-05,2.808980755653404631e+05,2.804681904157046229e+05
7.278944797264289175e-05,2.809253648753048619e+05,2.804954370433238801e+05
7.327796775769418187e-05,2.809532069145910209e+05,2.805232355483773863e+05
7.376648754274548554e-05,2.809816090195850120e+05,2.805515932560288347e+05
7.425500732779677566e-05,2.810105785714382655e+05,2.805805175361390575e+05
7.474352711284806578e-05,2.810401229959267657e+05,2.806100158031249885e+05
7.523204689789936945e-05,2.810702497633072198e+05,2.806400955158163561e+05
7.572056668295065957e-05,2.811009663881709566e+05,2.806707641773097566e+05
7.620908646800194969e-05,2.811322804292946821e+05,2.807020293348197592e+05
7.669760625305325336e-05,2.811641994894894306e+05,2.807338985795277404e+05
7.718612603810454348e-05,2.811967312154456158e+05,2.807663795464274590e+05
7.767464582315583360e-05,2.812298832975762780e+05,2.807994799141684198e+05
7.816316560820712371e-05,2.812636634698571288e+05,2.808332074048962677e+05
7.865168539325842739e-05,2.812980795096636866e+05,2.808675697840903304e+05
7.914020517830971750e-05,2.813331392376064323e+05,2.809025748603981920e+05
7.962872496336100762e-05,2.813688505173618905e+05,2.809382304854681715e+05
8.011724474841231129e-05,2.814052212555012666e+05,2.809745445537779015e+05
8.060576453346360141e-05,2.814422594013173366e+05,2.810115250024608104e+05
8.109428431851489153e-05,2.814799729466469144e+05,2.810491798111293465e+05
8.158280410356619520e-05,2.815183699256906402e+05,2.810875170016954071e+05
8.207132388861748532e-05,2.815574584148307331e+05,2.811265446381876827e+05
8.255984367366877544e-05,2.815972465324449586e+05,2.811662708265662659e+05
8.304836345872007911e-05,2.816377424387178035e+05,2.812067037145342911e+05
8.353688324377136923e-05,2.816789543354486814e+05,2.812478514913460240e+05
8.402540302882265935e-05,2.817208904658569954e+05,2.812897223876124481e+05
8.451392281387396302e-05,2.817635591143844067e+05,2.813323246751039405e+05
8.500244259892525314e-05,2.818069686064936686e+05,2.813756666665491648e+05
8.549096238397654326e-05,2.818511273084650165e+05,2.814197567154317512e+05
8.597948216902784693e-05,2.818960436271881917e+05,2.814646032157830778e+05
8.646800195407913705e-05,2.819417260099529522e+05,2.815102146019723150e+05
8.695652173913042716e-05,2.819881829442350427e+05,2.815565993484937353e+05
8.744504152418173084e-05,2.820354229574796045e+05,2.816037659697499475e+05
8.793356130923302095e-05,2.820834546168818488e+05,2.816517230198322795e+05
8.842208109428431107e-05,2.821322865291635389e+05,2.817004790922989487e+05
8.891060087933561474e-05,2.821819273403470288e+05,2.817500428199481685e+05
8.939912066438690486e-05,2.822323857355258660e+05,2.818004228745899163e+05
8.988764044943819498e-05,2.822836704386316123e+05,2.818516279668127536e+05
9.037616023448949865e-05,2.823357902121986263e+05,2.819036668457491323e+05
9.086468001954078877e-05,2.823887538571244804e+05,2.819565482988358708e+05
9.135319980459207889e-05,2.824425702124272357e+05,2.820102811515723006e+05
9.184171958964338256e-05,2.824972481549998629e+05,2.820648742672746885e+05
9.233023937469467268e-05,2.825527965993612888e+05,2.821203365468276897e+05
9.281875915974596280e-05,2.826092244974034838e+05,2.821766769284320180e+05
9.330727894479726647e-05,2.826665408381359885e+05,2.822339043873493792e+05
9.379579872984855659e-05,2.827247546474271803e+05,2.822920279356435640e+05
9.428431851489984671e-05,2.827838749877408845e+05,2.823510566219183384e+05
9.477283829995115038e-05,2.828439109578712378e+05,2.824109995310522499e+05
9.526135808500244050e-05,2.829048716926734778e+05,2.824718657839293010e+05
9.574987787005373062e-05,2.829667663627910079e+05,2.825336645371675259e+05
9.623839765510503429e-05,2.830296041743794922e+05,2.825964049828428542e+05
9.672691744015632441e-05,2.830933943688276922e+05,2.826600963482106454e+05
9.721543722520761452e-05,2.831581462224747520e+05,2.827247478954228573e+05
9.770395701025891820e-05,2.832238690463237581e+05,2.827903689212426543e+05
9.819247679531020831e-05,2.832905721857523895e+05,2.828569687567555811e+05
9.868099658036149843e-05,2.833582650202202494e+05,2.829245567670763121e+05
9.916951636541280210e-05,2.834269569629716570e+05,2.829931423510533641e+05
9.965803615046409222e-05,2.834966574607368093e+05,2.830627349409695598e+05
1.001465559355153823e-04,2.835673759934279369e+05,2.831333440022391733e+05
1.006350757205666860e-04,2.836391220738330740e+05,2.832049790331021650e+05
1.011235955056179761e-04,2.837119052473058109e+05,2.832776495643142262e+05
1.016121152906692662e-04,2.837857350914521376e+05,2.833513651588340872e+05
1.021006350757205699e-04,2.838606212158132112e+05,2.834261354115071008e+05
1.025891548607718600e-04,2.839365732615456218e+05,2.835019699487455655e+05
1.030776746458231502e-04,2.840136009010973503e+05,2.835788784282054985e+05
1.035661944308744538e-04,2.840917138378811069e+05,2.836568705384602072e+05
1.040547142159257439e-04,2.841709218059437117e+05,2.837359559986703680e+05
1.045432340009770341e-04,2.842512345696320408e+05,2.838161445582506713e+05
1.050317537860283377e-04,2.843326619232566445e+05,2.838974459965333226e+05
1.055202735710796279e-04,2.844152136907504173e+05,2.839798701224280521e+05
1.060087933561309180e-04,2.844988997253252310e+05,2.840634267740783980e+05
1.064973131411822216e-04,2.845837299091246095e+05,2.841481258185158367e+05
1.069858329262335118e-04,2.846697141528730281e+05,2.842339771513087326e+05
1.074743527112848019e-04,2.847568623955223011e+05,2.843209906962101231e+05
1.079628724963361056e-04,2.848451846038941876e+05,2.844091764047999750e+05
1.084513922813873957e-04,2.849346907723201439e+05,2.844985442561262171e+05
1.089399120664386858e-04,2.850253909222775837e+05,2.845891042563412921e+05
1.094284318514899895e-04,2.851172951020227629e+05,2.846808664383355062e+05
1.099169516365412796e-04,2.852104133862206363e+05,2.847738408613673528e+05
1.104054714215925697e-04,2.853047558755713981e+05,2.848680376106913900e+05
1.108939912066438598e-04,2.854003326964340522e+05,2.849634667971811723e+05
1.113825109916951635e-04,2.854971540004464332e+05,2.850601385569507838e+05
1.118710307767464536e-04,2.855952299641420250e+05,2.851580630509719485e+05
1.123595505617977437e-04,2.856945707885643351e+05,2.852572504646889283e+05
1.128480703468490474e-04,2.857951866988772526e+05,2.853577110076296376e+05
1.133365901319003375e-04,2.858970879439730779e+05,2.854594549130140804e+05
1.138251099169516276e-04,2.860002847960770596e+05,2.855624924373595277e+05
1.143136297020029313e-04,2.861047875503487885e+05,2.856668338600827847e+05
1.148021494870542214e-04,2.862106065244812635e+05,2.857724894830996054e+05
1.152906692721055115e-04,2.863177520582962898e+05,2.858794696304204408e+05
1.157791890571568152e-04,2.864262345133372000e+05,2.859877846477444400e+05
1.162677088422081053e-04,2.865360642724583740e+05,2.860974449020493194e+05
1.167562286272593955e-04,2.866472517394128372e+05,2.862084607811791939e+05
1.172447484123106991e-04,2.867598073384355521e+05,2.863208426934293821e+05
1.177332681973619892e-04,2.868737415138253127e+05,2.864346010671278927e+05
1.182217879824132794e-04,2.869890647295229719e+05,2.865497463502151659e+05
1.187103077674645830e-04,2.871057874686871655e+05,2.866662890098196222e+05
1.191988275525158732e-04,2.872239202332674176e+05,2.867842395318325725e+05
1.196873473375671633e-04,2.873434735435746843e+05,2.869036084204781218e+05
1.201758671226184669e-04,2.874644579378489289e+05,2.870244061978823738e+05
1.206643869076697571e-04,2.875868839718245436e+05,2.871466434036389692e+05
1.211529066927210472e-04,2.877107622182927444e+05,2.872703305943725863e+05
1.216414264777723508e-04,2.878361032666623360e+05,2.873954783432998229e+05
1.221299462628236410e-04,2.879629177225169842e+05,2.875220972397875157e+05
1.226184660478749446e-04,2.880912162071705679e+05,2.876501978889087331e+05
1.231069858329262212e-04,2.882210093572204350e+05,2.877797909109970205e+05
1.235955056179775249e-04,2.883523078240980976e+05,2.879108869411969790e+05
1.240840254030288285e-04,2.884851222736176569e+05,2.880434966290140292e+05
1.245725451880801051e-04,2.886194633855220745e+05,2.881776306378612644e+05
1.250610649731314088e-04,2.887553418530271156e+05,2.883132996446039760e+05
1.255495847581827125e-04,2.888927683823638945e+05,2.884505143391029560e+05
1.260381045432339890e-04,2.890317536923182779e+05,2.885892854237544816e+05
1.265266243282852927e-04,2.891723085137694143e+05,2.887296236130297184e+05
1.270151441133365964e-04,2.893144435892252368e+05,2.888715396330110379e+05
1.275036638983878729e-04,2.894581696723574423e+05,2.890150442209273460e+05
1.279921836834391766e-04,2.896034975275330362e+05,2.891601481246866169e+05
1.284807034684904803e-04,2.897504379293458769e+05,2.893068621024079039e+05
1.289692232535417568e-04,2.898990016621446703e+05,2.894551969219506136e+05
1.294577430385930605e-04,2.900491995195613126e+05,2.896051633604426752e+05
1.299462628236443642e-04,2.902010423040358000e+05,2.897567722038070206e+05
1.304347826086956407e-04,2.903545408263410209e+05,2.899100342462866683e+05
1.309233023937469444e-04,2.905097059051051619e+05,2.900649602899681195e+05
1.314118221787982481e-04,2.906665483663337072e+05,2.902215611443036469e+05
1.319003419638495247e-04,2.908250790429291083e+05,2.903798476256320137e+05
1.323888617489008283e-04,2.909853087742096395e+05,2.905398305566983181e+05
1.328773815339521320e-04,2.911472484054278466e+05,2.907015207661723252e+05
1.333659013190034086e-04,2.913109087872862001e+05,2.908649290881659836e+05
1.338544211040547122e-04,2.914763007754533319e+05,2.910300663617495447e+05
1.343429408891060159e-04,2.916434352300785831e+05,2.911969434304671013e+05
1.348314606741572925e-04,2.918123230153056211e+05,2.913655711418511928e+05
1.353199804592085961e-04,2.919829749987856485e+05,2.915359603469362482e+05
1.358085002442598998e-04,2.921554020511890412e+05,2.917081218997715041e+05
1.362970200293111764e-04,2.923296150457175681e+05,2.918820666569339810e+05
1.367855398143624801e-04,2.925056248576152720e+05,2.920578054770390736e+05
1.372740595994137837e-04,2.926834423636784195e+05,2.922353492202526540e+05
1.377625793844650603e-04,2.928630784417660907e+05,2.924147087478016037e+05
1.382510991695163640e-04,2.930445439703091979e+05,2.925958949214840541e+05
1.387396189545676676e-04,2.932278498278208426e+05,2.927789186031793943e+05
1.392281387396189442e-04,2.934130068924043444e+05,2.929637906543590361e+05
1.397166585246702479e-04,2.936000260412632488e+05,2.931505219355949666e+05
1.402051783097215515e-04,2.937889181502099964e+05,2.933391233060706872e+05
1.406936980947728281e-04,2.939796940931748832e+05,2.935296056230904069e+05
1.411822178798241318e-04,2.941723647417156608e+05,2.937219797415892826e+05
1.416707376648754354e-04,2.943669409645267297e+05,2.939162565136436024e+05
1.421592574499267120e-04,2.945634336269488558e+05,2.941124467879809090e+05
1.426477772349780157e-04,2.947618535904794699e+05,2.943105614094914054e+05
1.431362970200293194e-04,2.949622117122829659e+05,2.945106112187390681e+05
1.436248168050805959e-04,2.951645188447020482e+05,2.947126070514734020e+05
1.441133365901318996e-04,2.953687858347696019e+05,2.949165597381421248e+05
1.446018563751832033e-04,2.955750235237210291e+05,2.951224801034042030e+05
1.450903761602344798e-04,2.957832427465076325e+05,2.953303789656442823e+05
1.455788959452857835e-04,2.959934543313106988e+05,2.955402671364873531e+05
1.460674157303370872e-04,2.962056690990570933e+05,2.957521554203148116e+05
1.465559355153883637e-04,2.964198978629349731e+05,2.959660546137814526e+05
1.470444553004396674e-04,2.966361514279116527e+05,2.961819755053336266e+05
1.475329750854909711e-04,2.968544405902524013e+05,2.963999288747287355e+05
1.480214948705422476e-04,2.970747761370399385e+05,2.966199254925558926e+05
1.485100146555935513e-04,2.972971688456965494e+05,2.968419761197584448e+05
1.489985344406448550e-04,2.975216294835066656e+05,2.970660915071571362e+05
1.494870542256961316e-04,2.977481688071416575e+05,2.972922823949762387e+05
1.499755740107474352e-04,2.979767975621861988e+05,2.975205595123698586e+05
1.504640937957987389e-04,2.982075264826660859e+05,2.977509335769510362e+05
1.509526135808500155e-04,2.984403662905789097e+05,2.979834152943226509e+05
1.514411333659013191e-04,2.986753276954250759e+05,2.982180153576097800e+05
1.519296531509526228e-04,2.989124213937423192e+05,2.984547444469946786e+05
1.524181729360038994e-04,2.991516580686423695e+05,2.986936132292536204e+05
1.529066927210552030e-04,2.993930483893482597e+05,2.989346323572958936e+05
1.533952125061065067e-04,2.996366030107363476e+05,2.991778124697054736e+05
1.538837322911577833e-04,2.998823325728783384e+05,2.994231641902849078e+05
1.543722520762090870e-04,3.001302477005881374e+05,2.996706981276012375e+05
1.548607718612603906e-04,3.003803590029692859e+05,2.999204248745360528e+05
1.553492916463116672e-04,3.006326770729663549e+05,3.001723550078360131e+05
1.558378114313629709e-04,3.008872124869188410e+05,3.004264990876680240e+05
1.563263312164142474e-04,3.011439758041172754e+05,3.006828676571763935e+05
1.568148510014655511e-04,3.014029775663636974e+05,3.009414712420435390e+05
1.573033707865168548e-04,3.016642282975338749e+05,3.012023203500524978e+05
1.577918905715681313e-04,3.019277385031433078e+05,3.014654254706542124e+05
1.582804103566194350e-04,3.021935186699160258e+05,3.017307970745369093e+05
1.587689301416707387e-04,3.024615792653572280e+05,3.019984456131994375e+05
1.592574499267220152e-04,3.027319307373292977e+05,3.022683815185271087e+05
1.597459697117733189e-04,3.030045835136302048e+05,3.025406152023724280e+05
1.602344894968246226e-04,3.032795480015779031e+05,3.028151570561379776e+05
1.607230092818758992e-04,3.035568345875951927e+05,3.030920174503639573e+05
1.612115290669272028e-04,3.038364536368013360e+05,3.033712067343188683e+05
1.617000488519785065e-04,3.041184154926054762e+05,3.036527352355945623e+05
1.621885686370297831e-04,3.044027304763050051e+05,3.039366132597045507e+05
1.626770884220810867e-04,3.046894088866872480e+05,3.042228510896867374e+05
1.631656082071323904e-04,3.049784609996361542e+05,3.045114589857106330e+05
1.636541279921836670e-04,3.052698970677423058e+05,3.048024471846874803e+05
1.641426477772349706e-04,3.055637273199174087e+05,3.050958258998860256e+05
1.646311675622862743e-04,3.058599619610131485e+05,3.053916053205518983e+05
1.651196873473375509e-04,3.061586111714448780e+05,3.056897956115312991e+05
1.656082071323888546e-04,3.064596851068193791e+05,3.059904069128992851e+05
1.660967269174401582e-04,3.067631938975664671e+05,3.062934493395932368e+05
1.665852467024914348e-04,3.070691476485772291e+05,3.065989329810496420e+05
1.670737664875427385e-04,3.073775564388445346e+05,3.069068679008471081e+05
1.675622862725940421e-04,3.076884303211104707e+05,3.072172641363529256e+05
1.680508060576453187e-04,3.080017793215172132e+05,3.075301316983754514e+05
1.685393258426966224e-04,3.083176134392637759e+05,3.078454805708203348e+05
1.690278456277479260e-04,3.086359426462671836e+05,3.081633207103530876e+05
1.695163654127992026e-04,3.089567768868284184e+05,3.084836620460656122e+05
1.700048851978505063e-04,3.092801260773051181e+05,3.088065144791483181e+05
1.704934049829018099e-04,3.096060001057874179e+05,3.091318878825675929e+05
1.709819247679530865e-04,3.099344088317808346e+05,3.094597921007487457e+05
1.714704445530043902e-04,3.102653620858927607e+05,3.097902369492627913e+05
1.719589643380556939e-04,3.105988696695264080e+05,3.101232322145213257e+05
1.724474841231069704e-04,3.109349413545788266e+05,3.104587876534742536e+05
1.729360039081582741e-04,3.112735868831445114e+05,3.107969129933148506e+05
1.734245236932095778e-04,3.116148159672252950e+05,3.111376179311893648e+05
1.739130434782608543e-04,3.119586382884460036e+05,3.114809121339129051e+05
1.744015632633121580e-04,3.123050634977743030e+05,3.118268052376906853e+05
1.748900830483634617e-04,3.126541012152483454e+05,3.121753068478452042e+05
1.753786028334147382e-04,3.130057610297093051e+05,3.125264265385495382e+05
1.758671226184660419e-04,3.133600524985395023e+05,3.128801738525658147e+05
1.763556424035173456e-04,3.137169851474072202e+05,3.132365583009902039e+05
1.768441621885686221e-04,3.140765684700166457e+05,3.135955893630038481e+05
1.773326819736199258e-04,3.144388119278649101e+05,3.139572764856297290e+05
1.778212017586712295e-04,3.148037249500046019e+05,3.143216290834955289e+05
1.783097215437225061e-04,3.151713169328121585e+05,3.146886565386025468e+05
1.787982413287738097e-04,3.155415972397632431e+05,3.150583682001016568e+05
1.792867611138251134e-04,3.159145752012137673e+05,3.154307733840741566e+05
1.797752808988763900e-04,3.162902601141874329e+05,3.158058813733197167e+05
1.802638006839276936e-04,3.166686612421692116e+05,3.161837014171510236e+05
1.807523204689789973e-04,3.170497878149061580e+05,3.165642427311932552e+05
1.812408402540302739e-04,3.174336490282132290e+05,3.169475144971918198e+05
1.817293600390815775e-04,3.178202540437870193e+05,3.173335258628253941e+05
1.822178798241328812e-04,3.182096119890245609e+05,3.177222859415255371e+05
1.827063996091841578e-04,3.186017319568496314e+05,3.181138038123027072e+05
1.831949193942354615e-04,3.189966230055453489e+05,3.185080885195797309e+05
1.836834391792867651e-04,3.193942941585932276e+05,3.189051490730303340e+05
1.841719589643380417e-04,3.197947544045182876e+05,3.193049944474258809e+05
1.846604787493893454e-04,3.201980126967425458e+05,3.197076335824870039e+05
1.851489985344406490e-04,3.206040779534424655e+05,3.201130753827433800e+05
1.856375183194919256e-04,3.210129590574157774e+05,3.205213287173993303e+05
1.861260381045432293e-04,3.214246648559535970e+05,3.209324024202065193e+05
1.866145578895945329e-04,3.218392041607185965e+05,3.213463052893425920e+05
1.871030776746458095e-04,3.222565857476315578e+05,3.217630460872977274e+05
1.875915974596971132e-04,3.226768183567639207e+05,3.221826335407669540e+05
1.880801172447484168e-04,3.230999106922362116e+05,3.226050763405496255e+05
1.885686370297996934e-04,3.235258714221250266e+05,3.230303831414555316e+05
1.890571568148509971e-04,3.239547091783751966e+05,3.234585625622179359e+05
1.895456765999023008e-04,3.243864325567193446e+05,3.238896231854128418e+05
1.900341963849535773e-04,3.248210501166047761e+05,3.243235735573862912e+05
1.905227161700048810e-04,3.252585703811261337e+05,3.247604221881869598e+05
1.910112359550561847e-04,3.256990018369659665e+05,3.252001775515064946e+05
1.914997557401074612e-04,3.261423529343410628e+05,3.256428480846265447e+05
1.919882755251587649e-04,3.265886320869558258e+05,3.260884421883721952e+05
1.924767953102100686e-04,3.270378476719640894e+05,3.265369682270727935e+05
1.929653150952613451e-04,3.274900080299346009e+05,3.269884345285289455e+05
1.934538348803126488e-04,3.279451214648262830e+05,3.274428493839867879e+05
1.939423546653639525e-04,3.284031962439686176e+05,3.279002210481190705e+05
1.944308744504152290e-04,3.288642405980496551e+05,3.283605577390123508e+05
1.949193942354665327e-04,3.293282627211100771e+05,3.288238676381619298e+05
1.954079140205178364e-04,3.297952707705448265e+05,3.292901588904728414e+05
1.958964338055691130e-04,3.302652728671106743e+05,3.297594396042678854e+05
1.963849535906204166e-04,3.307382770949415863e+05,3.302317178513025283e+05
1.968734733756717203e-04,3.312142915015693870e+05,3.307070016667857417e+05
1.973619931607229969e-04,3.316933240979526308e+05,3.311852990494092228e+05
1.978505129457743005e-04,3.321753828585111187e+05,3.316666179613813292e+05
1.983390327308256042e-04,3.326604757211679243e+05,3.321509663284688722e+05
1.988275525158768808e-04,3.331486105873970082e+05,3.326383520400451962e+05
1.993160723009281844e-04,3.336397953222786309e+05,3.331287829491453595e+05
1.998045920859794881e-04,3.341340377545606461e+05,3.336222668725270196e+05
2.002931118710307647e-04,3.346313456767263706e+05,3.341188115907388274e+05
2.007816316560820684e-04,3.351317268450699048e+05,3.346184248481945833e+05
2.012701514411333720e-04,3.356351889797761105e+05,3.351211143532544957e+05
2.017586712261846486e-04,3.361417397650094936e+05,3.356268877783124335e+05
2.022471910112359523e-04,3.366513868490075693e+05,3.361357527598905726e+05
2.027357107962872559e-04,3.371641378441816778e+05,3.366477168987388141e+05
2.032242305813385325e-04,3.376800003272238537e+05,3.371627877599424100e+05
2.037127503663898362e-04,3.381989818392202724e+05,3.376809728730345960e+05
2.042012701514411398e-04,3.387210898857706343e+05,3.382022797321161488e+05
2.046897899364924164e-04,3.392463319371142425e+05,3.387267157959814067e+05
2.051783097215437201e-04,3.397747154282620759e+05,3.392542884882498183e+05
2.056668295065950237e-04,3.403062477591354400e+05,3.397850051975043607e+05
2.061553492916463003e-04,3.408409362947103800e+05,3.403188732774356031e+05
2.066438690766976040e-04,3.413787883651677985e+05,3.408559000469925231e+05
2.071323888617489077e-04,3.419198112660510815e+05,3.413960927905385033e+05
2.076209086468001842e-04,3.424640122584280907e+05,3.419394587580141379e+05
2.081094284318514879e-04,3.430113985690600239e+05,3.424860051651056856e+05
2.085979482169027916e-04,3.435619773905765614e+05,3.430357391934193438e+05
2.090864680019540681e-04,3.441157558816556702e+05,3.435886679906613426e+05
2.095749877870053718e-04,3.446727411672107410e+05,3.441447986708242679e+05
2.100635075720566755e-04,3.452329403385820915e+05,3.447041383143794374e+05
2.105520273571079520e-04,3.457963604537349311e+05,3.452666939684730023e+05
2.110405471421592557e-04,3.463630085374630289e+05,3.458324726471303147e+05
2.115290669272105594e-04,3.469328915815980290e+05,3.464014813314644271e+05
2.120175867122618359e-04,3.475060165452235960e+05,3.469737269698905293e+05
2.125061064973131396e-04,3.480823903548963135e+05,3.475492164783462067e+05
2.129946262823644433e-04,3.486620199048705399e+05,3.481279567405153066e+05
2.134831460674157199e-04,3.492449120573302498e+05,3.487099546080603614e+05
2.139716658524670235e-04,3.498310736426247167e+05,3.492952169008578639e+05
2.144601856375183272e-04,3.504205114595108898e+05,3.498837504072389565e+05
2.149487054225696038e-04,3.510132322753992630e+05,3.504755618842366384e+05
2.154372252076209074e-04,3.516092428266067291e+05,3.510706580578373978e+05
2.159257449926722111e-04,3.522085498186131008e+05,3.516690456232375582e+05
2.164142647777234877e-04,3.528111599263229291e+05,3.522707312451040489e+05
2.169027845627747913e-04,3.534170797943336074e+05,3.528757215578435571e+05
2.173913043478260950e-04,3.540263160372059210e+05,3.534840231658709235e+05
2.178798241328773716e-04,3.546388752397417556e+05,3.540956426438874914e+05
2.183683439179286753e-04,3.552547639572653570e+05,3.547105865371616092e+05
2.188568637029799789e-04,3.558739887159091886e+05,3.553288613618146628e+05
2.193453834880312555e-04,3.564965560129050282e+05,3.559504736051100772e+05
2.198339032730825592e-04,3.571224723168789060e+05,3.565754297257501748e+05
2.203224230581338357e-04,3.577517440681516891e+05,3.572037361541741411e+05
2.208109428431851394e-04,3.583843776790424017e+05,3.578353992928622174e+05
2.212994626282364431e-04,3.590203795341776568e+05,3.584704255166445510e+05
2.217879824132877196e-04,3.596597559908039402e+05,3.591088211730116163e+05
2.222765021983390233e-04,3.603025133791051339e+05,3.597505925824327860e+05
2.227650219833903270e-04,3.609486580025231233e+05,3.603957460386770545e+05
2.232535417684416035e-04,3.615981961380837020e+05,3.610442878091359744e+05
2.237420615534929072e-04,3.622511340367258526e+05,3.616962241351539269e+05
2.242305813385442109e-04,3.629074779236342292e+05,3.623515612323612440e+05
2.247191011235954875e-04,3.635672339985771687e+05,3.630103052910086699e+05
2.252076209086467911e-04,3.642304084362467402e+05,3.636724624763100874e+05
2.256961406936980948e-04,3.648970073866039165e+05,3.643380389287854196e+05
2.261846604787493714e-04,3.655670369752263068e+05,3.650070407646074891e+05
2.266731802638006750e-04,3.662405033036601380e+05,3.656794740759551642e+05
2.271617000488519787e-04,3.669174124497753801e+05,3.663553449313665624e+05
2.276502198339032553e-04,3.675977704681248288e+05,3.670346593760966207e+05
2.281387396189545589e-04,3.682815833903053426e+05,3.677174234324815334e+05
2.286272594040058626e-04,3.689688572253239108e+05,3.684036431002998725e+05
2.291157791890571392e-04,3.696595979599658167e+05,3.690933243571428466e+05
2.296042989741084429e-04,3.703538115591661190e+05,3.697864731587846181e+05
2.300928187591597465e-04,3.710515039663846255e+05,3.704830954395562876e+05
2.305813385442110231e-04,3.717526811039833119e+05,3.711831971127232537e+05
2.310698583292623268e-04,3.724573488736069412e+05,3.718867840708649601e+05
2.315583781143136304e-04,3.731655131565673510e+05,3.725938621862584841e+05
2.320468978993649070e-04,3.738771798142276821e+05,3.733044373112630565e+05
2.325354176844162107e-04,3.745923546883934177e+05,3.740185152787087136e+05
2.330239374694675143e-04,3.753110436017026077e+05,3.747361019022878609e+05
2.335124572545187909e-04,3.760332523580200505e+05,3.754572029769478249e+05
2.340009770395700946e-04,3.767589867428343860e+05,3.761818242792869569e+05
2.344894968246213982e-04,3.774882525236561778e+05,3.769099715679544024e+05
2.349780166096726748e-04,3.782210554504203610e+05,3.776416505840480677e+05
2.354665363947239785e-04,3.789574012558886898e+05,3.783768670515199774e+05
2.359550561797752822e-04,3.796972956560562598e+05,3.791156266775803524e+05
2.364435759648265587e-04,3.804407443505588453e+05,3.798579351531049469e+05
2.369320957498778624e-04,3.811877530230833800e+05,3.806037981530440156e+05
2.374206155349291661e-04,3.819383273417796008e+05,3.813532213368351804e+05
2.379091353199804426e-04,3.826924729596732650e+05,3.821062103488142020e+05
2.383976551050317463e-04,3.834501955150832655e+05,3.828627708186319214e+05
2.388861748900830500e-04,3.842115006320374669e+05,3.836229083616704447e+05
2.393746946751343265e-04,3.849763939206931391e+05,3.843866285794614232e+05
2.398632144601856302e-04,3.857448809777572751e+05,3.851539370601068367e+05
2.403517342452369339e-04,3.865169673869087128e+05,3.859248393787003588e+05
2.408402540302882104e-04,3.872926587192228762e+05,3.866993410977500607e+05
2.413287738153395141e-04,3.880719605335960514e+05,3.874774477676048991e+05
2.418172936003908178e-04,3.888548783771728631e+05,3.882591649268781766e+05
2.423058133854420944e-04,3.896414177857739269e+05,3.890444981028772891e+05
2.427943331704933980e-04,3.904315842843256542e+05,3.898334528120319010e+05
2.432828529555447017e-04,3.912253833872901741e+05,3.906260345603217138e+05
2.437713727405959783e-04,3.920228205990968854e+05,3.914222488437099964e+05
2.442598925256472819e-04,3.928239014145756955e+05,3.922221011485742056e+05
2.447484123106985856e-04,3.936286313193899696e+05,3.930255969521393417e+05
2.452369320957498893e-04,3.944370157904717489e+05,3.938327417229121784e+05
2.457254518808011929e-04,3.952490602964563877e+05,3.946435409211145598e+05
2.462139716658524424e-04,3.960647702981194598e+05,3.954579999991213554e+05
2.467024914509037461e-04,3.968841512488135486e+05,3.962761244018937577e+05
2.471910112359550498e-04,3.977072085949059692e+05,3.970979195674199145e+05
2.476795310210063534e-04,3.985339477762166644e+05,3.979233909271490411e+05
2.481680508060576571e-04,3.993643742264577304e+05,3.987525439064328093e+05
2.486565705911089608e-04,4.001984933736724779e+05,3.995853839249607990e+05
2.491450903761602102e-04,4.010363106406754232e+05,4.004219163972021779e+05
2.496336101612115139e-04,4.018778314454919891e+05,4.012621467328449944e+05
2.501221299462628176e-04,4.027230612017998938e+05,4.021060803372347727e+05
2.506106497313141212e-04,4.035720053193693748e+05,4.029537226118156104e+05
2.510991695163654249e-04,4.044246692045051022e+05,4.038050789545706357e+05
2.515876893014166744e-04,4.052810582604865194e+05,4.046601547604629304e+05
2.520762090864679780e-04,4.061411778880097554e+05,4.055189554218754638e+05
2.525647288715192817e-04,4.070050334856294212e+05,4.063814863290517824e+05
2.530532486565705854e-04,4.078726304501992417e+05,4.072477528705390869e+05
2.535417684416218891e-04,4.087439741773145506e+05,4.081177604336251388e+05
2.540302882266731927e-04,4.096190700617533294e+05,4.089915144047830836e+05
2.545188080117244422e-04,4.104979234979168978e+05,4.098690201701094047e+05
2.550073277967757459e-04,4.113805398802721174e+05,4.107502831157653127e+05
2.554958475818270495e-04,4.122669246037913836e+05,4.116353086284166784e+05
2.559843673668783532e-04,4.131570830643938389e+05,4.125241020956745488e+05
2.564728871519296569e-04,4.140510206593852490e+05,4.134166689065345563e+05
2.569614069369809605e-04,4.149487427878986346e+05,4.143130144518153393e+05
2.574499267220322100e-04,4.158502548513328657e+05,4.152131441245983588e+05
2.579384465070835137e-04,4.167555622537924792e+05,4.161170633206660859e+05
2.584269662921348173e-04,4.176646704025257495e+05,4.170247774389403057e+05
2.589154860771861210e-04,4.185775847083633416e+05,4.179362918819185579e+05
2.594040058622374247e-04,4.194943105861552176e+05,4.188516120561118587e+05
2.598925256472887284e-04,4.204148534552076017e+05,4.197707433724804432e+05
2.603810454323399778e-04,4.213392187397198868e+05,4.206936912468689843e+05
2.608695652173912815e-04,4.222674118692189222e+05,4.216204611004423932e+05
2.613580850024425852e-04,4.231994382789945230e+05,4.225510583601190592e+05
2.618466047874938888e-04,4.241353034105335828e+05,4.234854884590043803e+05
2.623351245725451925e-04,4.250750127119527315e+05,4.244237568368229549e+05
2.628236443575964962e-04,4.260185716384307598e+05,4.253658689403515309e+05
2.633121641426477456e-04,4.269659856526405201e+05,4.263118302238479373e+05
2.638006839276990493e-04,4.279172602251784410e+05,4.272616461494820542e+05
2.642892037127503530e-04,4.288724008349952637e+05,4.282153221877644537e+05
2.647777234978016567e-04,4.298314129698235774e+05,4.291728638179742265e+05
2.652662432828529603e-04,4.307943021266057622e+05,4.301342765285859350e+05
2.657547630679042640e-04,4.317610738119205926e+05,4.310995658176948782e+05
2.662432828529555135e-04,4.327317335424080957e+05,4.320687371934431721e+05
2.667318026380068171e-04,4.337062868451944669e+05,4.330417961744416971e+05
2.672203224230581208e-04,4.346847392583141918e+05,4.340187482901935000e+05
2.677088422081094245e-04,4.356670963311334490e+05,4.349995990815146943e+05
2.681973619931607281e-04,4.366533636247692630e+05,4.359843541009554756e+05
2.686858817782120318e-04,4.376435467125101713e+05,4.369730189132171799e+05
2.691744015632632813e-04,4.386376511802335153e+05,4.379655990955712623e+05
2.696629213483145849e-04,4.396356826268229051e+05,4.389621002382753650e+05
2.701514411333658886e-04,4.406376466645834735e+05,4.399625279449872323e+05
2.706399609184171923e-04,4.416435489196566632e+05,4.409668878331806045e+05
2.711284807034684960e-04,4.426533950324327452e+05,4.419751855345547083e+05
2.716170004885197996e-04,4.436671906579619390e+05,4.429874266954470077e+05
2.721055202735710491e-04,4.446849414663652424e+05,4.440036169772421126e+05
2.725940400586223528e-04,4.457066531432428746e+05,4.450237620567802223e+05
2.730825598436736564e-04,4.467323313900810899e+05,4.460478676267621340e+05
2.735710796287249601e-04,4.477619819246581174e+05,4.470759393961566966e+05
2.740595994137762638e-04,4.487956104814487044e+05,4.481079830906028510e+05
2.745481191988275674e-04,4.498332228120263317e+05,4.491440044528116123e+05
2.750366389838788169e-04,4.508748246854647296e+05,4.501840092429676442e+05
2.755251587689301206e-04,4.519204218887372408e+05,4.512280032391275163e+05
2.760136785539814243e-04,4.529700202271147864e+05,4.522759922376173781e+05
2.765021983390327279e-04,4.540236255245629582e+05,4.533279820534283645e+05
2.769907181240840316e-04,4.550812436241354444e+05,4.543839785206117667e+05
2.774792379091353353e-04,4.561428803883691435e+05,4.554439874926708289e+05
2.779677576941865847e-04,4.572085416996739805e+05,4.565080148429515539e+05
2.784562774792378884e-04,4.582782334607240628e+05,4.575760664650331018e+05
2.789447972642891921e-04,4.593519615948452265e+05,4.586481482731142314e+05
2.794333170493404957e-04,4.604297320464017685e+05,4.597242662023996236e+05
2.799218368343917994e-04,4.615115507811814896e+05,4.608044262094853912e+05
2.804103566194431031e-04,4.625974237867787015e+05,4.618886342727395822e+05
2.808988764044943525e-04,4.636873570729757776e+05,4.629768963926841388e+05
2.813873961895456562e-04,4.647813566721227253e+05,4.640692185923747020e+05
2.818759159745969599e-04,4.658794286395151285e+05,4.651656069177764002e+05
2.823644357596482636e-04,4.669815790537705179e+05,4.662660674381412682e+05
2.828529555446995672e-04,4.680878140172031126e+05,4.673706062463804265e+05
2.833414753297508709e-04,4.691981396561955917e+05,4.684792294594371924e+05
2.838299951148021204e-04,4.703125621215709834e+05,4.695919432186578051e+05
2.843185148998534240e-04,4.714310875889614108e+05,4.707087536901584826e+05
2.848070346849047277e-04,4.725537222591749160e+05,4.718296670651939930e+05
2.852955544699560314e-04,4.736804723585624015e+05,4.729546895605211612e+05
2.857840742550073350e-04,4.748113441393793910e+05,4.740838274187630159e+05
2.862725940400586387e-04,4.759463438801497687e+05,4.752170869087692699e+05
2.867611138251098882e-04,4.770854778860248043e+05,4.763544743259777315e+05
2.872496336101611918e-04,4.782287524891414796e+05,4.774959959927682648e+05
2.877381533952124955e-04,4.793761740489797085e+05,4.786416582588236779e+05
2.882266731802637992e-04,4.805277489527156577e+05,4.797914675014791428e+05
2.887151929653151029e-04,4.816834836155756493e+05,4.809454301260772627e+05
2.892037127503664065e-04,4.828433844811865711e+05,4.821035525663178414e+05
2.896922325354176560e-04,4.840074580219248310e+05,4.832658412846053834e+05
2.901807523204689597e-04,4.851757107392640901e+05,4.844323027723977575e+05
2.906692721055202633e-04,4.863481491641201428e+05,4.856029435505493893e+05
2.911577918905715670e-04,4.875247798571948078e+05,4.867777701696542790e+05
2.916463116756228707e-04,4.887056094093173742e+05,4.879567892103886697e+05
2.921348314606741743e-04,4.898906444417845341e+05,4.891400072838488850e+05
2.926233512457254238e-04,4.910798916066981037e+05,4.903274310318885255e+05
2.931118710307767275e-04,4.922733575873018708e+05,4.915190671274568886e+05
2.936003908158280312e-04,4.934710490983152413e+05,4.927149222749288892e+05
2.940889106008793348e-04,4.946729728862656048e+05,4.939150032104394049e+05
2.945774303859306385e-04,4.958791357298193616e+05,4.951193167022127891e+05
2.950659501709819422e-04,4.970895444401105633e+05,4.963278695508911624e+05
2.955544699560331916e-04,4.983042058610670501e+05,4.975406685898600845e+05
2.960429897410844953e-04,4.995231268697370542e+05,4.987577206855748082e+05
2.965315095261357990e-04,5.007463143766106223e+05,4.999790327378806542e+05
2.970200293111871026e-04,5.019737753259422607e+05,5.012046116803363548e+05
2.975085490962384063e-04,5.032055166960703209e+05,5.024344644805305870e+05
2.979970688812897100e-04,5.044415454997334746e+05,5.036685981404016493e+05
2.984855886663409594e-04,5.056818687843883527e+05,5.049070196965506184e+05
2.989741084513922631e-04,5.069264936325222370e+05,5.061497362205567188e+05
2.994626282364435668e-04,5.081754271619661013e+05,5.073967548192875111e+05
2.999511480214948705e-04,5.094286765262045665e+05,5.086480826352105942e+05
3.004396678065461741e-04,5.106862489146844600e+05,5.099037268467000686e+05
3.009281875915974778e-04,5.119481515531223267e+05,5.111636946683434071e+05
3.014167073766487273e-04,5.132143917038080981e+05,5.124279933512465213e+05
3.019052271617000309e-04,5.144849766659097513e+05,5.136966301833361504e+05
3.023937469467513346e-04,5.157599137757737190e+05,5.149696124896605616e+05
3.028822667318026383e-04,5.170392104072248330e+05,5.162469476326890290e+05
3.033707865168539419e-04,5.183228739718642901e+05,5.175286430126086925e+05
3.038593063019052456e-04,5.196109119193658116e+05,5.188147060676217079e+05
3.043478260869564951e-04,5.209033317377698258e+05,5.201051442742362269e+05
3.048363458720077987e-04,5.222001409537757281e+05,5.213999651475623832e+05
3.053248656570591024e-04,5.235013471330333850e+05,5.226991762416002457e+05
3.058133854421104061e-04,5.248069578804319026e+05,5.240027851495268987e+05
3.063019052271617098e-04,5.261169808403867064e+05,5.253107995039883535e+05
3.067904250122130134e-04,5.274314236971256323e+05,5.266232269773798762e+05
3.072789447972642629e-04,5.287502941749725724e+05,5.279400752821313217e+05
3.077674645823155666e-04,5.300736000386297237e+05,5.292613521709905472e+05
3.082559843673668702e-04,5.314013490934588481e+05,5.305870654373001307e+05
3.087445041524181739e-04,5.327335491857585730e+05,5.319172229152785148e+05
3.092330239374694776e-04,5.340702082030432066e+05,5.332518324802953284e+05
3.097215437225207812e-04,5.354113340743168956e+05,5.345909020491479896e+05
3.102100635075720307e-04,5.367569347703480162e+05,5.359344395803327207e+05
3.106985832926233344e-04,5.381070183039418189e+05,5.372824530743187061e+05
3.111871030776746381e-04,5.394615927302101627e+05,5.386349505738168955e+05
3.116756228627259417e-04,5.408206661468411330e+05,5.399919401640483411e+05
3.121641426477772454e-04,5.421842466943652835e+05,5.413534299730121857e+05
3.126526624328284949e-04,5.435523425564229256e+05,5.427194281717500417e+05
3.131411822178797985e-04,5.449249619600266451e+05,5.440899429746092064e+05
3.136297020029311022e-04,5.463021131758248666e+05,5.454649826395071577e+05
3.141182217879824059e-04,5.476838045183616923e+05,5.468445554681887152e+05
3.146067415730337095e-04,5.490700443463375559e+05,5.482286698064875090e+05
3.150952613580850132e-04,5.504608410628658021e+05,5.496173340445817448e+05
3.155837811431362627e-04,5.518562031157298479e+05,5.510105566172510153e+05
3.160723009281875663e-04,5.532561389976369683e+05,5.524083460041309008e+05
3.165608207132388700e-04,5.546606572464724304e+05,5.538107107299646595e+05
3.170493404982901737e-04,5.560697664455499034e+05,5.552176593648549169e+05
3.175378602833414774e-04,5.574834752238633810e+05,5.566292005245139590e+05
3.180263800683927810e-04,5.589017922563343309e+05,5.580453428705116967e+05
3.185148998534440305e-04,5.603247262640595436e+05,5.594660951105217682e+05
3.190034196384953342e-04,5.617522860145563027e+05,5.608914659985688049e+05
3.194919394235466378e-04,5.631844803220075555e+05,5.623214643352683634e+05
3.199804592085979415e-04,5.646213180475038243e+05,5.637560989680745406e+05
3.204689789936492452e-04,5.660628080992848845e+05,5.651953787915175781e+05
3.209574987787005488e-04,5.675089594329799293e+05,5.666393127474444918e+05
3.214460185637517983e-04,5.689597810518457554e+05,5.680879098252556287e+05
3.219345383488031020e-04,5.704152820070044836e+05,5.695411790621450637e+05
3.224230581338544056e-04,5.718754713976784842e+05,5.709991295433326159e+05
3.229115779189057093e-04,5.733403583714255365e+05,5.724617704022990074e+05
3.234000977039570130e-04,5.748099521243714262e+05,5.739291108210189268e+05
3.238886174890083167e-04,5.762842619014414959e+05,5.754011600301915314e+05
3.243771372740595661e-04,5.777632969965913799e+05,5.768779273094712989e+05
3.248656570591108698e-04,5.792470667530361097e+05,5.783594219876964344e+05
3.253541768441621735e-04,5.807355805634770077e+05,5.798456534431156470e+05
3.258426966292134771e-04,5.822288478703291621e+05,5.813366311036149273e+05
3.263312164142647808e-04,5.837268781659454107e+05,5.828323644469410647e+05
3.268197361993160845e-04,5.852296809928411385e+05,5.843328630009280751e+05
3.273082559843673339e-04,5.867372659439161653e+05,5.858381363437147811e+05
3.277967757694186376e-04,5.882496426626768662e+05,5.873481941039712401e+05
3.282852955544699413e-04,5.897668208434551489e+05,5.888630459611138795e+05
3.287738153395212450e-04,5.912888102316281293e+05,5.903827016455256380e+05
3.292623351245725486e-04,5.928156206238354789e+05,5.919071709387747105e+05
3.297508549096238523e-04,5.943472618681958411e+05,5.934364636738287518e+05
3.302393746946751018e-04,5.958837438645225484e+05,5.949705897352698958e+05
3.307278944797264054e-04,5.974250765645368956e+05,5.965095590595102403e+05
3.312164142647777091e-04,5.989712699720816454e+05,5.980533816350017441e+05
3.317049340498290128e-04,6.005223341433320893e+05,5.996020675024508964e+05
3.321934538348803164e-04,6.020782791870083893e+05,6.011556267550255870e+05
3.326819736199316201e-04,6.036391152645825641e+05,6.027140695385673316e+05
3.331704934049828696e-04,6.052048525904889684e+05,6.042774060517967446e+05
3.336590131900341732e-04,6.067755014323305804e+05,6.058456465465229703e+05
3.341475329750854769e-04,6.083510721110852901e+05,6.074188013278477592e+05
3.346360527601367806e-04,6.099315750013113720e+05,6.089968807543705916e+05
3.351245725451880843e-04,6.115170205313510960e+05,6.105798952383931028e+05
3.356130923302393879e-04,6.131074191835338715e+05,6.121678552461201325e+05
3.361016121152906374e-04,6.147027814943785779e+05,6.137607712978650816e+05
3.365901319003419411e-04,6.163031180547939148e+05,6.153586539682456059e+05
3.370786516853932447e-04,6.179084395102782873e+05,6.169615138863865286e+05
3.375671714704445484e-04,6.195187565611200407e+05,6.185693617361186771e+05
3.380556912554958521e-04,6.211340799625937361e+05,6.201822082561734132e+05
3.385442110405471557e-04,6.227544205251577077e+05,6.218000642403832171e+05
3.390327308255984052e-04,6.243797891146506881e+05,6.234229405378743540e+05
3.395212506106497089e-04,6.260101966524859890e+05,6.250508480532630347e+05
3.400097703957010126e-04,6.276456541158459149e+05,6.266837977468499448e+05
3.404982901807523162e-04,6.292861725378752453e+05,6.283218006348104682e+05
3.409868099658036199e-04,6.309317630078728544e+05,6.299648677893899148e+05
3.414753297508549236e-04,6.325824366714837961e+05,6.316130103390919976e+05
3.419638495359061730e-04,6.342382047308891779e+05,6.332662394688701024e+05
3.424523693209574767e-04,6.358990784449962666e+05,6.349245664203176275e+05
3.429408891060087804e-04,6.375650691296271980e+05,6.365880024918542476e+05
3.434294088910600840e-04,6.392361881577064050e+05,6.382565590389157878e+05
3.439179286761113877e-04,6.409124469594479306e+05,6.399302474741379265e+05
3.444064484611626914e-04,6.425938570225414587e+05,6.416090792675456032e+05
3.448949682462139408e-04,6.442804298923386959e+05,6.432930659467366058e+05
3.453834880312652445e-04,6.459721771720357938e+05,6.449822190970651573e+05
3.458720078163165482e-04,6.476691105228599627e+05,6.466765503618258517e+05
3.463605276013678519e-04,6.493712416642499156e+05,6.483760714424379403e+05
3.468490473864191555e-04,6.510785823740400374e+05,6.500807940986242611e+05
3.473375671714704592e-04,6.527911444886404788e+05,6.517907301485952921e+05
3.478260869565217087e-04,6.545089399032185320e+05,6.535058914692285471e+05
3.483146067415730123e-04,6.562319805718793068e+05,6.552262899962475058e+05
3.488031265266243160e-04,6.579602785078434972e+05,6.569519377244022908e+05
3.492916463116756197e-04,6.596938457836272428e+05,6.586828467076474335e+05
3.497801660967269233e-04,6.614326945312193129e+05,6.604190290593167301e+05
3.502686858817782270e-04,6.631768369422589894e+05,6.621604969523060136e+05
3.507572056668294765e-04,6.649262852682115044e+05,6.639072626192425378e+05
3.512457254518807801e-04,6.666810518205452245e+05,6.656593383526675170e+05
3.517342452369320838e-04,6.684411489709054586e+05,6.674167365052041132e+05
3.522227650219833875e-04,6.702065891512900125e+05,6.691794694897374138e+05
3.527112848070346912e-04,6.719773848542229971e+05,6.709475497795846313e+05
3.531998045920859948e-04,6.737535486329279374e+05,6.727209899086696096e+05
3.536883243771372443e-04,6.755350931015004171e+05,6.744998024716955842e+05
3.541768441621885480e-04,6.773220309350800235e+05,6.762840001243157312e+05
3.546653639472398516e-04,6.791143748700219439e+05,6.780735955833054613e+05
3.551538837322911553e-04,6.809121377040687948e+05,6.798686016267322702e+05
3.556424035173424590e-04,6.827153322965197731e+05,6.816690310941266362e+05
3.561309233023937626e-04,6.845239715684010880e+05,6.834748968866515206e+05
3.566194430874450121e-04,6.863380685026348801e+05,6.852862119672709377e+05
3.571079628724963158e-04,6.881576361442087218e+05,6.871029893609182909e+05
3.575964826575476195e-04,6.899826876003431389e+05,6.889252421546649421e+05
3.580850024425989231e-04,6.918132360406588996e+05,6.907529834978886647e+05
3.585735222276502268e-04,6.936492946973462822e+05,6.925862266024370911e+05
3.590620420127015305e-04,6.954908768653296866e+05,6.944249847427982604e+05
3.595505617977527799e-04,6.973379959024348063e+05,6.962692712562641827e+05
3.600390815828040836e-04,6.991906652295539388e+05,6.981190995430984767e+05
3.605276013678553873e-04,7.010488983308119932e+05,6.999744830666974885e+05
3.610161211529066909e-04,7.029127087537308689e+05,7.018354353537594434e+05
3.615046409379579946e-04,7.047821101093945326e+05,7.037019699944467284e+05
3.619931607230092983e-04,7.066571160726126982e+05,7.055741006425481755e+05
3.624816805080605477e-04,7.085377403820834588e+05,7.074518410156465834e+05
3.629702002931118514e-04,7.104239968405580148e+05,7.093352048952755285e+05
3.634587200781631551e-04,7.123158993150031893e+05,7.112242061270884005e+05
3.639472398632144588e-04,7.142134617367634783e+05,7.131188586210160283e+05
3.644357596482657624e-04,7.161166981017225189e+05,7.150191763514309423e+05
3.649242794333170661e-04,7.180256224704665365e+05,7.169251733573079109e+05
3.654127992183683156e-04,7.199402489684438333e+05,7.188368637423838954e+05
3.659013190034196192e-04,7.218605917861271882e+05,7.207542616753216134e+05
3.663898387884709229e-04,7.237866651791735785e+05,7.226773813898673980e+05
3.668783585735222266e-04,7.257184834685847163e+05,7.246062371850132477e+05
3.673668783585735302e-04,7.276560610408675857e+05,7.265408434251545696e+05
3.678553981436248339e-04,7.295994123481942806e+05,7.284812145402512979e+05
3.683439179286760834e-04,7.315485519085595151e+05,7.304273650259858696e+05
3.688324377137273870e-04,7.335034943059429061e+05,7.323793094439236447e+05
3.693209574987786907e-04,7.354642541904653190e+05,7.343370624216697179e+05
3.698094772838299944e-04,7.374308462785482407e+05,7.363006386530299205e+05
3.702979970688812981e-04,7.394032853530728025e+05,7.382700528981650714e+05
3.707865168539326017e-04,7.413815862635368248e+05,7.402453199837516295e+05
3.712750366389838512e-04,7.433657639262138400e+05,7.422264548031389713e+05
3.717635564240351549e-04,7.453558333243092056e+05,7.442134723165071337e+05
3.722520762090864585e-04,7.473518095081185456e+05,7.462063875510221114e+05
3.727405959941377622e-04,7.493537075951851439e+05,7.482052156009942992e+05
3.732291157791890659e-04,7.513615427704558242e+05,7.502099716280354187e+05
3.737176355642403696e-04,7.533753302864389261e+05,7.522206708612138173e+05
3.742061553492916190e-04,7.553950854633604176e+05,7.542373285972125595e+05
3.746946751343429227e-04,7.574208236893205903e+05,7.562599602004837943e+05
3.751831949193942264e-04,7.594525604204497067e+05,7.582885811034061480e+05
3.756717147044455300e-04,7.614903111810649280e+05,7.603232068064415362e+05
3.761602344894968337e-04,7.635340915638259612e+05,7.623638528782868525e+05
3.766487542745480832e-04,7.655839172298904741e+05,7.644105349560346222e+05
3.771372740595993868e-04,7.676398039090706734e+05,7.664632687453245744e+05
3.776257938446506905e-04,7.697017673999882536e+05,7.685220700205019675e+05
3.781143136297019942e-04,7.717698235702296952e+05,7.705869546247697435e+05
3.786028334147532978e-04,7.738439883565027267e+05,7.726579384703473188e+05
3.790913531998046015e-04,7.759242777647902258e+05,7.747350375386218075e+05
3.795798729848558510e-04,7.780107078705062158e+05,7.768182678803044837e+05
3.800683927699071546e-04,7.801032948186510475e+05,7.789076456155888736e+05
3.805569125549584583e-04,7.822020548239659984e+05,7.810031869342998834e+05
3.810454323400097620e-04,7.843070041710886871e+05,7.831049080960521242e+05
3.815339521250610657e-04,7.864181592147077899e+05,7.852128254304042784e+05
3.820224719101123693e-04,7.885355363797175232e+05,7.873269553370125359e+05
3.825109916951636188e-04,7.906591521613729419e+05,7.894473142857853090e+05
3.829995114802149225e-04,7.927890231254447717e+05,7.915739188170407433e+05
3.834880312652662261e-04,7.949251659083744744e+05,7.937067855416571256e+05
3.839765510503175298e-04,7.970675972174281487e+05,7.958459311412296956e+05
3.844650708353688335e-04,7.992163338308520615e+05,7.979913723682236159e+05
3.849535906204201371e-04,8.013713925980272470e+05,8.001431260461319471e+05
3.854421104054713866e-04,8.035327904396238737e+05,8.023012090696253581e+05
3.859306301905226903e-04,8.057005443477577064e+05,8.044656384047118481e+05
3.864191499755739940e-04,8.078746713861414464e+05,8.066364310888868058e+05
3.869076697606252976e-04,8.100551886902443366e+05,8.088136042312900536e+05
3.873961895456766013e-04,8.122421134674423374e+05,8.109971750128600979e+05
3.878847093307279050e-04,8.144354629971774993e+05,8.131871606864897767e+05
3.883732291157791544e-04,8.166352546311093029e+05,8.153835785771780647e+05
3.888617489008304581e-04,8.188415057932718191e+05,8.175864460821890971e+05
3.893502686858817618e-04,8.210542339802285424e+05,8.197957806712037418e+05
3.898387884709330654e-04,8.232734567612272222e+05,8.220115998864757130e+05
3.903273082559843691e-04,8.254991917783555109e+05,8.242339213429875672e+05
3.908158280410356728e-04,8.277314567466963781e+05,8.264627627286047209e+05
3.913043478260869222e-04,8.299702694544830592e+05,8.286981418042307487e+05
3.917928676111382259e-04,8.322156477632563328e+05,8.309400764039647765e+05
3.922813873961895296e-04,8.344676096080180723e+05,8.331885844352532877e+05
3.927699071812408333e-04,8.367261729973893380e+05,8.354436838790501934e+05
3.932584269662921369e-04,8.389913560137649765e+05,8.377053927899681730e+05
3.937469467513434406e-04,8.412631768134695012e+05,8.399737292964380467e+05
3.942354665363946901e-04,8.435416536269151838e+05,8.422487116008639568e+05
3.947239863214459937e-04,8.458268047587566543e+05,8.445303579797779676e+05
3.952125061064972974e-04,8.481186485880488763e+05,8.468186867839995539e+05
3.957010258915486011e-04,8.504172035684031434e+05,8.491137164387881057e+05
3.961895456765999047e-04,8.527224882281444734e+05,8.514154654440046288e+05
3.966780654616512084e-04,8.550345211704684189e+05,8.537239523742638994e+05
3.971665852467024579e-04,8.573533210735988105e+05,8.560391958790945355e+05
3.976551050317537615e-04,8.596789066909458488e+05,8.583612146830961574e+05
3.981436248168050652e-04,8.620112968512622174e+05,8.606900275860943366e+05
3.986321446018563689e-04,8.643505104588019894e+05,8.630256534633028787e+05
3.991206643869076726e-04,8.666965664934800006e+05,8.653681112654759781e+05
3.996091841719589762e-04,8.690494840110279620e+05,8.677174200190721313e+05
4.000977039570102257e-04,8.714092821431547636e+05,8.700735988264083862e+05
4.005862237420615294e-04,8.737759800977054983e+05,8.724366668658222770e+05
4.010747435271128330e-04,8.761495971588193206e+05,8.748066433918278199e+05
4.015632633121641367e-04,8.785301526870899834e+05,8.771835477352751186e+05
4.020517830972154404e-04,8.809176661197247449e+05,8.795673993035124149e+05
4.025403028822667440e-04,8.833121569707047893e+05,8.819582175805427833e+05
4.030288226673179935e-04,8.857136448309451807e+05,8.843560221271846676e+05
4.035173424523692972e-04,8.881221493684557499e+05,8.867608325812343974e+05
4.040058622374206009e-04,8.905376903285008157e+05,8.891726686576235807e+05
4.044943820224719045e-04,8.929602875337619334e+05,8.915915501485812711e+05
4.049829018075232082e-04,8.953899608844970353e+05,8.940174969237955520e+05
4.054714215925745119e-04,8.978267303587049246e+05,8.964505289305741899e+05
4.059599413776257613e-04,9.002706160122842994e+05,8.988906661940077320e+05
4.064484611626770650e-04,9.027216379791984800e+05,9.013379288171285298e+05
4.069369809477283687e-04,9.051798164716354804e+05,9.037923369810759323e+05
4.074255007327796723e-04,9.076451717801743653e+05,9.062539109452593839e+05
4.079140205178309760e-04,9.101177242739453213e+05,9.087226710475176806e+05
4.084025403028822797e-04,9.125974944007953163e+05,9.111986377042882377e+05
4.088910600879335291e-04,9.150845026874506148e+05,9.136818314107632032e+05
4.093795798729848328e-04,9.175787697396824369e+05,9.161722727410621010e+05
4.098680996580361365e-04,9.200803162424708717e+05,9.186699823483895743e+05
4.103566194430874402e-04,9.225891629601710010e+05,9.211749809652023250e+05
4.108451392281387438e-04,9.251053307366766967e+05,9.236872894033774501e+05
4.113336590131900475e-04,9.276288404955872102e+05,9.262069285543707665e+05
4.118221787982412970e-04,9.301597132403745782e+05,9.287339193893910851e+05
4.123106985832926006e-04,9.326979700545485830e+05,9.312682829595619114e+05
4.127992183683439043e-04,9.352436321018245071e+05,9.338100403960872209e+05
4.132877381533952080e-04,9.377967206262907712e+05,9.363592129104232881e+05
4.137762579384465116e-04,9.403572569525757572e+05,9.389158217944409698e+05
4.142647777234978153e-04,9.429252624860174255e+05,9.414798884205977665e+05
4.147532975085490648e-04,9.455007587128306041e+05,9.440514342421030160e+05
4.152418172936003684e-04,9.480837672002781183e+05,9.466304807930900715e+05
4.157303370786516721e-04,9.506743095968378475e+05,9.492170496887841728e+05
4.162188568637029758e-04,9.532724076323753688e+05,9.518111626256707823e+05
4.167073766487542795e-04,9.558780831183120608e+05,9.544128413816664834e+05
4.171958964338055831e-04,9.584913579477975145e+05,9.570221078162917402e+05
4.176844162188568326e-04,9.611122540958798490e+05,9.596389838708397001e+05
4.181729360039081363e-04,9.637407936196790542e+05,9.622634915685481392e+05
4.186614557889594399e-04,9.663769986585574225e+05,9.648956530147723388e+05
4.191499755740107436e-04,9.690208914342932403e+05,9.675354903971565655e+05
4.196384953590620473e-04,9.716724942512550624e+05,9.701830259858085774e+05
4.201270151441133510e-04,9.743318294965731911e+05,9.728382821334707551e+05
4.206155349291646004e-04,9.769989196403167443e+05,9.755012812756956555e+05
4.211040547142159041e-04,9.796737872356662992e+05,9.781720459310222650e+05
4.215925744992672078e-04,9.823564549190893304e+05,9.808505987011472462e+05
4.220810942843185114e-04,9.850469454105172772e+05,9.835369622711027041e+05
4.225696140693698151e-04,9.877452815135206329e+05,9.862311594094312750e+05
4.230581338544211188e-04,9.904514861154864775e+05,9.889332129683654057e+05
4.235466536394723682e-04,9.931655821877947310e+05,9.916431458839990664e+05
4.240351734245236719e-04,9.958875927859981311e+05,9.943609811764715705e+05
4.245236932095749756e-04,9.986175410499984864e+05,9.970867419501404511e+05
4.250122129946262792e-04,1.001355450204227585e+06,9.998204513937646989e+05
4.255007327796775829e-04,1.004101343557824497e+06,1.002562132780678687e+06
4.259892525647288866e-04,1.006855244504817529e+06,1.005311809468979598e+06
4.264777723497801360e-04,1.009617176524304901e+06,1.008069504901698441e+06
4.269662921348314397e-04,1.012387163180635194e+06,1.010835242606990156e+06
4.274548119198827434e-04,1.015165228123588488e+06,1.013609046198307071e+06
4.279433317049340471e-04,1.017951395088560530e+06,1.016390939374588314e+06
4.284318514899853507e-04,1.020745687896745396e+06,1.019180945920436876e+06
4.289203712750366544e-04,1.023548130455317092e+06,1.021979089706306462e+06
4.294088910600879039e-04,1.026358746757615823e+06,1.024785394688681816e+06
4.298974108451392075e-04,1.029177560883332742e+06,1.027599884910269408e+06
4.303859306301905112e-04,1.032004596998692839e+06,1.030422584500173223e+06
4.308744504152418149e-04,1.034839879356645048e+06,1.033253517674090341e+06
4.313629702002931185e-04,1.037683432297045365e+06,1.036092708734490559e+06
4.318514899853444222e-04,1.040535280246845330e+06,1.038940182070805342e+06
4.323400097703956717e-04,1.043395447720280150e+06,1.041795962159617222e+06
4.328285295554469753e-04,1.046263959319056710e+06,1.044660073564843857e+06
4.333170493404982790e-04,1.049140839732544264e+06,1.047532540937932092e+06
4.338055691255495827e-04,1.052026113737961045e+06,1.050413389018042944e+06
4.342940889106008864e-04,1.054919806200567400e+06,1.053302642632243456e+06
4.347826086956521900e-04,1.057821942073856946e+06,1.056200326695699245e+06
4.352711284807034395e-04,1.060732546399747021e+06,1.059106466211863095e+06
4.357596482657547432e-04,1.063651644308771240e+06,1.062021086272669258e+06
4.362481680508060468e-04,1.066579261020273436e+06,1.064944212058724836e+06
4.367366878358573505e-04,1.069515421842600917e+06,1.067875868839503732e+06
4.372252076209086542e-04,1.072460152173299342e+06,1.070816081973541295e+06
4.377137274059599579e-04,1.075413477499306900e+06,1.073764876908628969e+06
4.382022471910112073e-04,1.078375423397151520e+06,1.076722279182009399e+06
4.386907669760625110e-04,1.081346015533146681e+06,1.079688314420572715e+06
4.391792867611138147e-04,1.084325279663588619e+06,1.082663008341054898e+06
4.396678065461651183e-04,1.087313241634955164e+06,1.085646386750232195e+06
4.401563263312164220e-04,1.090309927384102950e+06,1.088638475545125781e+06
4.406448461162676715e-04,1.093315362938467879e+06,1.091639300713190809e+06
4.411333659013189751e-04,1.096329574416265124e+06,1.094648888332528062e+06
4.416218856863702788e-04,1.099352588026689133e+06,1.097667264572075335e+06
4.421104054714215825e-04,1.102384430070117349e+06,1.100694455691811861e+06
4.425989252564728861e-04,1.105425126938309753e+06,1.103730488042962505e+06
4.430874450415241898e-04,1.108474705114614684e+06,1.106775388068197062e+06
4.435759648265754393e-04,1.111533191174170468e+06,1.109829182301834691e+06
4.440644846116267429e-04,1.114600611784111941e+06,1.112891897370050661e+06
4.445530043966780466e-04,1.117676993703773478e+06,1.115963559991077986e+06
4.450415241817293503e-04,1.120762363784897374e+06,1.119044196975417435e+06
4.455300439667806540e-04,1.123856748971839203e+06,1.122133835226035910e+06
4.460185637518319576e-04,1.126960176301776897e+06,1.125232501738585066e+06
4.465070835368832071e-04,1.130072672904918669e+06,1.128340223601601319e+06
4.469956033219345108e-04,1.133194266004711622e+06,1.131457027996716788e+06
4.474841231069858144e-04,1.136324982918051770e+06,1.134582942198870238e+06
4.479726428920371181e-04,1.139464851055495208e+06,1.137717993576517096e+06
4.484611626770884218e-04,1.142613897921471158e+06,1.140862209591840161e+06
4.489496824621397254e-04,1.145772151114491746e+06,1.144015617800960084e+06
4.494382022471909749e-04,1.148939638327367371e+06,1.147178245854153065e+06
4.499267220322422786e-04,1.152116387347419513e+06,1.150350121496060165e+06
4.504152418172935823e-04,1.155302426056696801e+06,1.153531272565903841e+06
4.509037616023448859e-04,1.158497782432190143e+06,1.156721726997703779e+06
4.513922813873961896e-04,1.161702484546048334e+06,1.159921512820490170e+06
4.518808011724474933e-04,1.164916560565797845e+06,1.163130658158526290e+06
4.523693209574987427e-04,1.168140038754557958e+06,1.166349191231518984e+06
4.528578407425500464e-04,1.171372947471262654e+06,1.169577140354845673e+06
4.533463605276013501e-04,1.174615315170879010e+06,1.172814533939766465e+06
4.538348803126526537e-04,1.177867170404628152e+06,1.176061400493648602e+06
4.543234000977039574e-04,1.181128541820208542e+06,1.179317768620188581e+06
4.548119198827552611e-04,1.184399458162015071e+06,1.182583667019631481e+06
4.553004396678065105e-04,1.187679948271365138e+06,1.185859124488994945e+06
4.557889594528578142e-04,1.190970041086723562e+06,1.189144169922295259e+06
4.562774792379091179e-04,1.194269765643925173e+06,1.192438832310769707e+06
4.567659990229604216e-04,1.197579151076402515e+06,1.195743140743102180e+06
4.572545188080117252e-04,1.200898226615411928e+06,1.199057124405650655e+06
4.577430385930630289e-04,1.204227021590263117e+06,1.202380812582676066e+06
4.582315583781142784e-04,1.207565565428545233e+06,1.205714234656566987e+06
4.587200781631655820e-04,1.210913887656358536e+06,1.209057420108075254e+06
4.592085979482168857e-04,1.214272017898544669e+06,1.212410398516537389e+06
4.596971177332681894e-04,1.217639985878916457e+06,1.215773199560111389e+06
4.601856375183194930e-04,1.221017821420494001e+06,1.219145853016009321e+06
4.606741573033707967e-04,1.224405554445733316e+06,1.222528388760728994e+06
4.611626770884220462e-04,1.227803214976764750e+06,1.225920836770285154e+06
4.616511968734733498e-04,1.231210833135624183e+06,1.229323227120450232e+06
4.621397166585246535e-04,1.234628439144494012e+06,1.232735589986981824e+06
4.626282364435759572e-04,1.238056063325934112e+06,1.236157955645869486e+06
4.631167562286272609e-04,1.241493736103126314e+06,1.239590354473562678e+06
4.636052760136785645e-04,1.244941488000107929e+06,1.243032816947215702e+06
4.640937957987298140e-04,1.248399349642015528e+06,1.246485373644925188e+06
4.645823155837811177e-04,1.251867351755323587e+06,1.249948055245970376e+06
4.650708353688324213e-04,1.255345525168086868e+06,1.253420892531056190e+06
4.655593551538837250e-04,1.258833900810183957e+06,1.256903916382551426e+06
4.660478749389350287e-04,1.262332509713561274e+06,1.260397157784739276e+06
4.665363947239863323e-04,1.265841383012475679e+06,1.263900647824053885e+06
4.670249145090375818e-04,1.269360551943743136e+06,1.267414417689332040e+06
4.675134342940888855e-04,1.272890047846983187e+06,1.270938498672056478e+06
4.680019540791401892e-04,1.276429902164867846e+06,1.274472922166603617e+06
4.684904738641914928e-04,1.279980146443370031e+06,1.278017719670492224e+06
4.689789936492427965e-04,1.283540812332014786e+06,1.281572922784633469e+06
4.694675134342941002e-04,1.287111931584127480e+06,1.285138563213578891e+06
4.699560332193453496e-04,1.290693536057086429e+06,1.288714672765777213e+06
4.704445530043966533e-04,1.294285657712578541e+06,1.292301283353819745e+06
4.709330727894479570e-04,1.297888328616848681e+06,1.295898426994698122e+06
4.714215925744992606e-04,1.301501580940957880e+06,1.299506135810058564e+06
4.719101123595505643e-04,1.305125446961038047e+06,1.303124442026457982e+06
4.723986321446018680e-04,1.308759959058548789e+06,1.306753377975617303e+06
4.728871519296531174e-04,1.312405149720535148e+06,1.310392976094681304e+06
4.733756717147044211e-04,1.316061051539888838e+06,1.314043268926478690e+06
4.738641914997557248e-04,1.319727697215605527e+06,1.317704289119779365e+06
4.743527112848070285e-04,1.323405119553047232e+06,1.321376069429557305e+06
4.748412310698583321e-04,1.327093351464205189e+06,1.325058642717248295e+06
4.753297508549096358e-04,1.330792425967961550e+06,1.328752041951020015e+06
4.758182706399608853e-04,1.334502376190356212e+06,1.332456300206027227e+06
4.763067904250121889e-04,1.338223235364849214e+06,1.336171450664685108e+06
4.767953102100634926e-04,1.341955036832589889e+06,1.339897526616929565e+06
4.772838299951147963e-04,1.345697814042683225e+06,1.343634561460487545e+06
4.777723497801660999e-04,1.349451600552457618e+06,1.347382588701143628e+06
4.782608695652174036e-04,1.353216430027737748e+06,1.351141641953010112e+06
4.787493893502686531e-04,1.356992336243113270e+06,1.354911754938797560e+06
4.792379091353199567e-04,1.360779353082210524e+06,1.358692961490087910e+06
4.797264289203712604e-04,1.364577514537966577e+06,1.362485295547603397e+06
4.802149487054225641e-04,1.368386854712904431e+06,1.366288791161484085e+06
4.807034684904738678e-04,1.372207407819405897e+06,1.370103482491562841e+06
4.811919882755251714e-04,1.376039208179989597e+06,1.373929403807633789e+06
4.816805080605764209e-04,1.379882290227588033e+06,1.377766589489741717e+06
4.821690278456277246e-04,1.383736688505828613e+06,1.381615074028454022e+06
4.826575476306790282e-04,1.387602437669309322e+06,1.385474892025137320e+06
4.831460674157303319e-04,1.391479572483884403e+06,1.389346078192243585e+06
4.836345872007816356e-04,1.395368127826941432e+06,1.393228667353588855e+06
4.841231069858329393e-04,1.399268138687690254e+06,1.397122694444636814e+06
4.846116267708841887e-04,1.403179640167442383e+06,1.401028194512782386e+06
4.851001465559354924e-04,1.407102667479901109e+06,1.404945202717638575e+06
4.855886663409867961e-04,1.411037255951445084e+06,1.408873754331322154e+06
4.860771861260380997e-04,1.414983441021416802e+06,1.412813884738736320e+06
4.865657059110894034e-04,1.418941258242414100e+06,1.416765629437870113e+06
4.870542256961407071e-04,1.422910743280576309e+06,1.420729024040078279e+06
4.875427454811919565e-04,1.426891931915881345e+06,1.424704104270375799e+06
4.880312652662432602e-04,1.430884860042432789e+06,1.428690905967731960e+06
4.885197850512945639e-04,1.434889563668757444e+06,1.432689465085364878e+06
4.890083048363458133e-04,1.438906078918099171e+06,1.436699817691025790e+06
4.894968246213971712e-04,1.442934442028715275e+06,1.440721999967312673e+06
4.899853444064484207e-04,1.446974689354174770e+06,1.444756048211948713e+06
4.904738641914997786e-04,1.451026857363655698e+06,1.448801998838095227e+06
4.909623839765510280e-04,1.455090982642245945e+06,1.452859888374642702e+06
4.914509037616023859e-04,1.459167101891244994e+06,1.456929753466512542e+06
4.919394235466536354e-04,1.463255251928464742e+06,1.461011630874963244e+06
4.924279433317048848e-04,1.467355469688535202e+06,1.465105557477888418e+06
4.929164631167562427e-04,1.471467792223206954e+06,1.469211570270128082e+06
4.934049829018074922e-04,1.475592256701659411e+06,1.473329706363761099e+06
4.938935026868588500e-04,1.479728900410807692e+06,1.477460002988430439e+06
4.943820224719100995e-04,1.483877760755609488e+06,1.481602497491634451e+06
4.948705422569613490e-04,1.488038875259376364e+06,1.485757227339045610e+06
4.953590620420127068e-04,1.492212281564086210e+06,1.489924230114821345e+06
4.958475818270639563e-04,1.496398017430692213e+06,1.494103543521909742e+06
4.963361016121153142e-04,1.500596120739439968e+06,1.498295205382368295e+06
4.968246213971665637e-04,1.504806629490179708e+06,1.502499253637674032e+06
4.973131411822179215e-04,1.509029581802683882e+06,1.506715726349046454e+06
4.978016609672691710e-04,1.513265015916964971e+06,1.510944661697754636e+06
4.982901807523204205e-04,1.517512970193592599e+06,1.515186097985442029e+06
4.987787005373717783e-04,1.521773483114015311e+06,1.519440073634447297e+06
4.992672203224230278e-04,1.526046593280881178e+06,1.523706627188117476e+06
4.997557401074743857e-04,1.530332339418359101e+06,1.527985797311139759e+06
5.002442598925256351e-04,1.534630760372465709e+06,1.532277622789855581e+06
5.007327796775768846e-04,1.538941895111387363e+06,1.536582142532592639e+06
5.012212994626282425e-04,1.543265782725810306e+06,1.540899395569990855e+06
5.017098192476794919e-04,1.547602462429244770e+06,1.545229421055319952e+06
5.021983390327308498e-04,1.551951973558356985e+06,1.549572258264820091e+06
5.026868588177820993e-04,1.556314355573297478e+06,1.553927946598027367e+06
5.031753786028333487e-04,1.560689648058034712e+06,1.558296525578102097e+06
5.036638983878847066e-04,1.565077890720687807e+06,1.562678034852168523e+06
5.041524181729359561e-04,1.569479123393860646e+06,1.567072514191638911e+06
5.046409379579873140e-04,1.573893386034977855e+06,1.571480003492559073e+06
5.051294577430385634e-04,1.578320718726621475e+06,1.575900542775937123e+06
5.056179775280899213e-04,1.582761161676872056e+06,1.580334172188089928e+06
5.061064973131411708e-04,1.587214755219644867e+06,1.584780932000970002e+06
5.065950170981924202e-04,1.591681539815033088e+06,1.589240862612520810e+06
5.070835368832437781e-04,1.596161556049651466e+06,1.593714004547008313e+06
5.075720566682950276e-04,1.600654844636978349e+06,1.598200398455367656e+06
5.080605764533463855e-04,1.605161446417702129e+06,1.602700085115550552e+06
5.085490962383976349e-04,1.609681402360068867e+06,1.607213105432866840e+06
5.090376160234488844e-04,1.614214753560228739e+06,1.611739500440335833e+06
5.095261358085002423e-04,1.618761541242586216e+06,1.616279311299035093e+06
5.100146555935514917e-04,1.623321806760149542e+06,1.620832579298448749e+06
5.105031753786028496e-04,1.627895591594887665e+06,1.625399345856819535e+06
5.109916951636540991e-04,1.632482937358079012e+06,1.629979652521503856e+06
5.114802149487054569e-04,1.637083885790669359e+06,1.634573540969327791e+06
5.119687347337567064e-04,1.641698478763628285e+06,1.639181053006934468e+06
5.124572545188079559e-04,1.646326758278304944e+06,1.643802230571152875e+06
5.129457743038593137e-04,1.650968766466789879e+06,1.648437115729352925e+06
5.134342940889105632e-04,1.655624545592275215e+06,1.653085750679797260e+06
5.139228138739619211e-04,1.660294138049416244e+06,1.657748177752018906e+06
5.144113336590131706e-04,1.664977586364696501e+06,1.662424439407168189e+06
5.148998534440644200e-04,1.669674933196790749e+06,1.667114578238390386e+06
5.153883732291157779e-04,1.674386221336933784e+06,1.671818636971181724e+06
5.158768930141670274e-04,1.679111493709286675e+06,1.676536658463763539e+06
5.163654127992183852e-04,1.683850793371308129e+06,1.681268685707449447e+06
5.168539325842696347e-04,1.688604163514123997e+06,1.686014761827011360e+06
5.173424523693209926e-04,1.693371647462900029e+06,1.690774930081061786e+06
5.178309721543722420e-04,1.698153288677215343e+06,1.695549233862411929e+06
5.183194919394234915e-04,1.702949130751438905e+06,1.700337716698461445e+06
5.188080117244748494e-04,1.707759217415104620e+06,1.705140422251567245e+06
5.192965315095260988e-04,1.712583592533291550e+06,1.709957394319417421e+06
5.197850512945774567e-04,1.717422300107002491e+06,1.714788676835424034e+06
5.202735710796287062e-04,1.722275384273545118e+06,1.719634313869083533e+06
5.207620908646799556e-04,1.727142889306915924e+06,1.724494349626379786e+06
5.212506106497313135e-04,1.732024859618184622e+06,1.729368828450155677e+06
5.217391304347825630e-04,1.736921339755875990e+06,1.734257794820496347e+06
5.222276502198339209e-04,1.741832374406362884e+06,1.739161293355126865e+06
5.227161700048851703e-04,1.746758008394251345e+06,1.744079368809789419e+06
5.232046897899365282e-04,1.751698286682771286e+06,1.749012066078642150e+06
5.236932095749877777e-04,1.756653254374169512e+06,1.753959430194638902e+06
5.241817293600390271e-04,1.761622956710102735e+06,1.758921506329933414e+06
5.246702491450903850e-04,1.766607439072031761e+06,1.763898339796271408e+06
5.251587689301416345e-04,1.771606746981617762e+06,1.768889976045377087e+06
5.256472887151929924e-04,1.776620926101122284e+06,1.773896460669363383e+06
5.261358085002442418e-04,1.781650022233803524e+06,1.778917839401120786e+06
5.266243282852954913e-04,1.786694081324320752e+06,1.783954158114723628e+06
5.271128480703468492e-04,1.791753149459133623e+06,1.789005462825833354e+06
5.276013678553980986e-04,1.796827272866909392e+06,1.794071799692091532e+06
5.280898876404494565e-04,1.801916497918925947e+06,1.799153215013538953e+06
5.285784074255007060e-04,1.807020871129480656e+06,1.804249755233012605e+06
5.290669272105520638e-04,1.812140439156299457e+06,1.809361466936559416e+06
5.295554469956033133e-04,1.817275248800945701e+06,1.814488396853838582e+06
5.300439667806545628e-04,1.822425347009234596e+06,1.819630591858543921e+06
5.305324865657059207e-04,1.827590780871644616e+06,1.824788098968807142e+06
5.310210063507571701e-04,1.832771597623732872e+06,1.829960965347616933e+06
5.315095261358085280e-04,1.837967844646553509e+06,1.835149238303236198e+06
5.319980459208597775e-04,1.843179569467075402e+06,1.840352965289615095e+06
5.324865657059110269e-04,1.848406819758601487e+06,1.845572193906815024e+06
5.329750854909623848e-04,1.853649643341189250e+06,1.850806971901429119e+06
5.334636052760136343e-04,1.858908088182076579e+06,1.856057347166997846e+06
5.339521250610649921e-04,1.864182202396105509e+06,1.861323367744446965e+06
5.344406448461162416e-04,1.869472034246149473e+06,1.866605081822498236e+06
5.349291646311675995e-04,1.874777632143538911e+06,1.871902537738107610e+06
5.354176844162188489e-04,1.880099044648492942e+06,1.877215783976886421e+06
5.359062042012700984e-04,1.885436320470552193e+06,1.882544869173540268e+06
5.363947239863214563e-04,1.890789508469006279e+06,1.887889842112298822e+06
5.368832437713727057e-04,1.896158657653334783e+06,1.893250751727339579e+06
5.373717635564240636e-04,1.901543817183639854e+06,1.898627647103243042e+06
5.378602833414753131e-04,1.906945036371086258e+06,1.904020577475407626e+06
5.383488031265265625e-04,1.912362364678337239e+06,1.909429592230509035e+06
5.388373229115779204e-04,1.917795851720001316e+06,1.914854740906928433e+06
5.393258426966291699e-04,1.923245547263070941e+06,1.920296073195194593e+06
5.398143624816805278e-04,1.928711501227367902e+06,1.925753638938438380e+06
5.403028822667317772e-04,1.934193763685991056e+06,1.931227488132822327e+06
5.407914020517831351e-04,1.939692384865764296e+06,1.936717670928007225e+06
5.412799218368343846e-04,1.945207415147682652e+06,1.942224237627578899e+06
5.417684416218856340e-04,1.950738905067368178e+06,1.947747238689520862e+06
5.422569614069369919e-04,1.956286905315521173e+06,1.953286724726650398e+06
5.427454811919882414e-04,1.961851466738373041e+06,1.958842746507079573e+06
5.432340009770395993e-04,1.967432640338147059e+06,1.964415354954673676e+06
5.437225207620908487e-04,1.973030477273512399e+06,1.970004601149499416e+06
5.442110405471420982e-04,1.978645028860045597e+06,1.975610536328291288e+06
5.446995603321934561e-04,1.984276346570693422e+06,1.981233211884914432e+06
5.451880801172447055e-04,1.989924482036233647e+06,1.986872679370818427e+06
5.456765999022960634e-04,1.995589487045741873e+06,1.992528990495511563e+06
5.461651196873473129e-04,2.001271413547059521e+06,1.998202197127018590e+06
5.466536394723986707e-04,2.006970313647257164e+06,2.003892351292354986e+06
5.471421592574499202e-04,2.012686239613112528e+06,2.009599505177992396e+06
5.476306790425011697e-04,2.018419243871575221e+06,2.015323711130327545e+06
5.481191988275525276e-04,2.024169379010245902e+06,2.021065021656169323e+06
5.486077186126037770e-04,2.029936697777847992e+06,2.026823489423191175e+06
5.490962383976551349e-04,2.035721253084706608e+06,2.032599167260429589e+06
5.495847581827063844e-04,2.041523098003229359e+06,2.038392108158743242e+06
5.500732779677576338e-04,2.047342285768383648e+06,2.044202365271309158e+06
5.505617977528089917e-04,2.053178869778182358e+06,2.050029991914099315e+06
5.510503175378602412e-04,2.059032903594166040e+06,2.055875041566355852e+06
5.515388373229115990e-04,2.064904440941889770e+06,2.061737567871089792e+06
5.520273571079628485e-04,2.070793535711412318e+06,2.067617624635557644e+06
5.525158768930142064e-04,2.076700241957785096e+06,2.073515265831759200e+06
5.530043966780654558e-04,2.082624613901543664e+06,2.079430545596917858e+06
5.534929164631167053e-04,2.088566705929200631e+06,2.085363518233986804e+06
5.539814362481680632e-04,2.094526572593743214e+06,2.091314238212132826e+06
5.544699560332193126e-04,2.100504268615125678e+06,2.097282760167232715e+06
5.549584758182706705e-04,2.106499848880772479e+06,2.103269138902380131e+06
5.554469956033219200e-04,2.112513368446078151e+06,2.109273429388375953e+06
5.559355153883731695e-04,2.118544882534907665e+06,2.115295686764233746e+06
5.564240351734245273e-04,2.124594446540103294e+06,2.121335966337686405e+06
5.569125549584757768e-04,2.130662116023990326e+06,2.127394323585685808e+06
5.574010747435271347e-04,2.136747946718882769e+06,2.133470814154915046e+06
5.578895945285783841e-04,2.142851994527596049e+06,2.139565493862292264e+06
5.583781143136297420e-04,2.148974315523957834e+06,2.145678418695491739e+06
5.588666340986809915e-04,2.155114965953320730e+06,2.151809644813439809e+06
5.593551538837322409e-04,2.161274002233079169e+06,2.157959228546844795e+06
5.598436736687835988e-04,2.167451480953185819e+06,2.164127226398712024e+06
5.603321934538348483e-04,2.173647458876671735e+06,2.170313695044850465e+06
5.608207132388862062e-04,2.179861992940165102e+06,2.176518691334408242e+06
5.613092330239374556e-04,2.186095140254417900e+06,2.182742272290383466e+06
5.617977528089887051e-04,2.192346958104827907e+06,2.188984495110150892e+06
5.622862725940400630e-04,2.198617503951967228e+06,2.195245417165994644e+06
5.627747923790913124e-04,2.204906835432109423e+06,2.201525096005626023e+06
5.632633121641426703e-04,2.211215010357761756e+06,2.207823589352722745e+06
5.637518319491939198e-04,2.217542086718195118e+06,2.214140955107449554e+06
5.642403517342451692e-04,2.223888122679980472e+06,2.220477251347004902e+06
5.647288715192965271e-04,2.230253176587525290e+06,2.226832536326148082e+06
5.652173913043477766e-04,2.236637306963614188e+06,2.233206868477735203e+06
5.657059110893991345e-04,2.243040572509940248e+06,2.239600306413266342e+06
5.661944308744503839e-04,2.249463032107659150e+06,2.246012908923416398e+06
5.666829506595017418e-04,2.255904744817923754e+06,2.252444734978591558e+06
5.671714704445529913e-04,2.262365769882435445e+06,2.258895843729462009e+06
5.676599902296042407e-04,2.268846166723988950e+06,2.265366294507513288e+06
5.681485100146555986e-04,2.275345994947024621e+06,2.271856146825603675e+06
5.686370297997068481e-04,2.281865314338178374e+06,2.278365460378496908e+06
5.691255495847582059e-04,2.288404184866837692e+06,2.284894295043435413e+06
5.696140693698094554e-04,2.294962666685696226e+06,2.291442710880683735e+06
5.701025891548607049e-04,2.301540820131311193e+06,2.298010768134083599e+06
5.705911089399120627e-04,2.308138705724664964e+06,2.304598527231625747e+06
5.710796287249633122e-04,2.314756384171724319e+06,2.311206048785991035e+06
5.715681485100146701e-04,2.321393916364006232e+06,2.317833393595131580e+06
5.720566682950659195e-04,2.328051363379143644e+06,2.324480622642830480e+06
5.725451880801172774e-04,2.334728786481450778e+06,2.331147797099258751e+06
5.730337078651685269e-04,2.341426247122496367e+06,2.337834978321560659e+06
5.735222276502197764e-04,2.348143806941671763e+06,2.344542227854411583e+06
5.740107474352711342e-04,2.354881527766769752e+06,2.351269607430599630e+06
5.744992672203223837e-04,2.361639471614555921e+06,2.358017178971589543e+06
5.749877870053737416e-04,2.368417700691349804e+06,2.364785004588116426e+06
5.754763067904249910e-04,2.375216277393600903e+06,2.371573146580749191e+06
5.759648265754762405e-04,2.382035264308474958e+06,2.378381667440478690e+06
5.764533463605275984e-04,2.388874724214434158e+06,2.385210629849302117e+06
5.769418661455788478e-04,2.395734720081826672e+06,2.392060096680802293e+06
5.774303859306302057e-04,2.402615315073473379e+06,2.398930131000742316e+06
5.779189057156814552e-04,2.409516572545256466e+06,2.405820796067647170e+06
5.784074255007328131e-04,2.416438556046714075e+06,2.412732155333405361e+06
5.788959452857840625e-04,2.423381329321635421e+06,2.419664272443846799e+06
5.793844650708353120e-04,2.430344956308652181e+06,2.426617211239355616e+06
5.798729848558866699e-04,2.437329501141841058e+06,2.433591035755459685e+06
5.803615046409379193e-04,2.444335028151324484e+06,2.440585810223422479e+06
5.808500244259892772e-04,2.451361601863874123e+06,2.447601599070862401e+06
5.813385442110405267e-04,2.458409287003511563e+06,2.454638466922338121e+06
5.818270639960917761e-04,2.465478148492119275e+06,2.461696478599970229e+06
5.823155837811431340e-04,2.472568251450046897e+06,2.468775699124040082e+06
5.828041035661943835e-04,2.479679661196724046e+06,2.475876193713599816e+06
5.832926233512457414e-04,2.486812443251273129e+06,2.482998027787093073e+06
5.837811431362969908e-04,2.493966663333125412e+06,2.490141266962957103e+06
5.842696629213483487e-04,2.501142387362638023e+06,2.497305977060250938e+06
5.847581827063995982e-04,2.508339681461710483e+06,2.504492224099265877e+06
5.852467024914508476e-04,2.515558611954414751e+06,2.511700074302152265e+06
5.857352222765022055e-04,2.522799245367610361e+06,2.518929594093536492e+06
5.862237420615534550e-04,2.530061648431573529e+06,2.526180850101152435e+06
5.867122618466048128e-04,2.537345888080629520e+06,2.533453909156467766e+06
5.872007816316560623e-04,2.544652031453777105e+06,2.540748838295303285e+06
5.876893014167073118e-04,2.551980145895324182e+06,2.548065704758480657e+06
5.881778212017586696e-04,2.559330298955522478e+06,2.555404575992446858e+06
5.886663409868099191e-04,2.566702558391205501e+06,2.562765519649907481e+06
5.891548607718612770e-04,2.574096992166426033e+06,2.570148603590477724e+06
5.896433805569125264e-04,2.581513668453096878e+06,2.577553895881302655e+06
5.901319003419638843e-04,2.588952655631634872e+06,2.584981464797723107e+06
5.906204201270151338e-04,2.596414022291611414e+06,2.592431378823902458e+06
5.911089399120663833e-04,2.603897837232391816e+06,2.599903706653479487e+06
5.915974596971177411e-04,2.611404169463794678e+06,2.607398517190226354e+06
5.920859794821689906e-04,2.618933088206736371e+06,2.614915879548675846e+06
5.925744992672203485e-04,2.626484662893891335e+06,2.622455863054813351e+06
5.930630190522715979e-04,2.634058963170348667e+06,2.630018537246685941e+06
5.935515388373228474e-04,2.641656058894266374e+06,2.637603971875106916e+06
5.940400586223742053e-04,2.649276020137537271e+06,2.645212236904286314e+06
5.945285784074254547e-04,2.656918917186453007e+06,2.652843402512494940e+06
5.950170981924768126e-04,2.664584820542367175e+06,2.660497539092747495e+06
5.955056179775280621e-04,2.672273800922367722e+06,2.668174717253453098e+06
5.959941377625794200e-04,2.679985929259940516e+06,2.675875007819090039e+06
5.964826575476306694e-04,2.687721276705649681e+06,2.683598481830878649e+06
5.969711773326819189e-04,2.695479914627807681e+06,2.691345210547453724e+06
5.974596971177332768e-04,2.703261914613156114e+06,2.699115265445545316e+06
5.979482169027845262e-04,2.711067348467542790e+06,2.706908718220649287e+06
5.984367366878358841e-04,2.718896288216602989e+06,2.714725640787712298e+06
5.989252564728871336e-04,2.726748806106448639e+06,2.722566105281820055e+06
5.994137762579383830e-04,2.734624974604350980e+06,2.730430184058869723e+06
5.999022960429897409e-04,2.742524866399427410e+06,2.738317949696281459e+06
6.003908158280409904e-04,2.750448554403339513e+06,2.746229474993654061e+06
6.008793356130923483e-04,2.758396111750980373e+06,2.754164832973495591e+06
6.013678553981435977e-04,2.766367611801172607e+06,2.762124096881882753e+06
6.018563751831949556e-04,2.774363128137367778e+06,2.770107340189184994e+06
6.023448949682462051e-04,2.782382734568346757e+06,2.778114636590752751e+06
6.028334147532974545e-04,2.790426505128920078e+06,2.786146060007616412e+06
6.033219345383488124e-04,2.798494514080638532e+06,2.794201684587206226e+06
6.038104543234000619e-04,2.806586835912495852e+06,2.802281584704028443e+06
6.042989741084514197e-04,2.814703545341640245e+06,2.810385834960414097e+06
6.047874938935026692e-04,2.822844717314089183e+06,2.818514510187190492e+06
6.052760136785539187e-04,2.831010427005440928e+06,2.826667685444429051e+06
6.057645334636052765e-04,2.839200749821593985e+06,2.834845436022141948e+06
6.062530532486565260e-04,2.847415761399467941e+06,2.843047837441004813e+06
6.067415730337078839e-04,2.855655537607721519e+06,2.851274965453077108e+06
6.072300928187591334e-04,2.863920154547483195e+06,2.859526896042528562e+06
6.077186126038104912e-04,2.872209688553069253e+06,2.867803705426366068e+06
6.082071323888617407e-04,2.880524216192723718e+06,2.876105470055153128e+06
6.086956521739129902e-04,2.888863814269341528e+06,2.884432266613751184e+06
6.091841719589643480e-04,2.897228559821208473e+06,2.892784172022049781e+06
6.096726917440155975e-04,2.905618530122736003e+06,2.901161263435696717e+06
6.101612115290669554e-04,2.914033802685196977e+06,2.909563618246843573e+06
6.106497313141182048e-04,2.922474455257474910e+06,2.917991314084880054e+06
6.111382510991694543e-04,2.930940565826800186e+06,2.926444428817181848e+06
6.116267708842208122e-04,2.939432212619501166e+06,2.934923040549849626e+06
6.121152906692720616e-04,2.947949474101754371e+06,2.943427227628467605e+06
6.126038104543234195e-04,2.956492428980331402e+06,2.951957068638844416e+06
6.130923302393746690e-04,2.965061156203357503e+06,2.960512642407769337e+06
6.135808500244260269e-04,2.973655734961065929e+06,2.969094028003768530e+06
6.140693698094772763e-04,2.982276244686556514e+06,2.977701304737861268e+06
6.145578895945285258e-04,2.990922765056558885e+06,2.986334552164316643e+06
6.150464093795798837e-04,2.999595375992195215e+06,2.994993850081435405e+06
6.155349291646311331e-04,3.008294157659748569e+06,3.003679278532285243e+06
6.160234489496824910e-04,3.017019190471431240e+06,3.012390917805497535e+06
6.165119687347337405e-04,3.025770555086157750e+06,3.021128848436011001e+06
6.170004885197849899e-04,3.034548332410314120e+06,3.029893151205872651e+06
6.174890083048363478e-04,3.043352603598542046e+06,3.038683907144995872e+06
6.179775280898875973e-04,3.052183450054513756e+06,3.047501197531931568e+06
6.184660478749389552e-04,3.061040953431713860e+06,3.056345103894683998e+06
6.189545676599902046e-04,3.069925195634226315e+06,3.065215708011439536e+06
6.194430874450415625e-04,3.078836258817520924e+06,3.074113091911412776e+06
6.199316072300928120e-04,3.087774225389239378e+06,3.083037337875582278e+06
6.204201270151440614e-04,3.096739178009996191e+06,3.091988528437521309e+06
6.209086468001954193e-04,3.105731199594165199e+06,3.100966746384166181e+06
6.213971665852466688e-04,3.114750373310680036e+06,3.109972074756625574e+06
6.218856863702980266e-04,3.123796782583835069e+06,3.119004596850975417e+06
6.223742061553492761e-04,3.132870511094088200e+06,3.128064396219057962e+06
6.228627259404005256e-04,3.141971642778865527e+06,3.137151556669292506e+06
6.233512457254518834e-04,3.151100261833370663e+06,3.146266162267474923e+06
6.238397655105031329e-04,3.160256452711394057e+06,3.155408297337595373e+06
6.243282852955544908e-04,3.169440300126128364e+06,3.164578046462645289e+06
6.248168050806057403e-04,3.178651889050981496e+06,3.173775494485428091e+06
6.253053248656569897e-04,3.187891304720398504e+06,3.183000726509387139e+06
6.257938446507083476e-04,3.197158632630683016e+06,3.192253827899422031e+06
6.262823644357595971e-04,3.206453958540816791e+06,3.201534884282697923e+06
6.267708842208109549e-04,3.215777368473295122e+06,3.210843981549501885e+06
6.272594040058622044e-04,3.225128948714945931e+06,3.220181205854031723e+06
6.277479237909135623e-04,3.234508785817771219e+06,3.229546643615268636e+06
6.282364435759648117e-04,3.243916966599775013e+06,3.238940381517772097e+06
6.287249633610160612e-04,3.253353578145807143e+06,3.248362506512540858e+06
6.292134831460674191e-04,3.262818707808400039e+06,3.257813105817850679e+06
6.297020029311186685e-04,3.272312443208611570e+06,3.267292266920081805e+06
6.301905227161700264e-04,3.281834872236873489e+06,3.276800077574580908e+06
6.306790425012212759e-04,3.291386083053837996e+06,3.286336625806492753e+06
6.311675622862725253e-04,3.300966164091229904e+06,3.295901999911620747e+06
6.316560820713238832e-04,3.310575204052700195e+06,3.305496288457280491e+06
6.321446018563751327e-04,3.320213291914686095e+06,3.315119580283145420e+06
6.326331216414264906e-04,3.329880516927266493e+06,3.324771964502118994e+06
6.331216414264777400e-04,3.339576968615026213e+06,3.334453530501181725e+06
6.336101612115290979e-04,3.349302736777922604e+06,3.344164367942267563e+06
6.340986809965803474e-04,3.359057911492154002e+06,3.353904566763123032e+06
6.345872007816315968e-04,3.368842583111026790e+06,3.363674217178175226e+06
6.350757205666829547e-04,3.378656842265834101e+06,3.373473409679416567e+06
6.355642403517342042e-04,3.388500779866729397e+06,3.383302235037267674e+06
6.360527601367855621e-04,3.398374487103606574e+06,3.393160784301457927e+06
6.365412799218368115e-04,3.408278055446986109e+06,3.403049148801910225e+06
6.370297997068880610e-04,3.418211576648893766e+06,3.412967420149622485e+06
6.375183194919394189e-04,3.428175142743750941e+06,3.422915690237561706e+06
6.380068392769906683e-04,3.438168846049268730e+06,3.432894051241531037e+06
6.384953590620420262e-04,3.448192779167338740e+06,3.442902595621094573e+06
6.389838788470932757e-04,3.458247034984930884e+06,3.452941416120441165e+06
6.394723986321446335e-04,3.468331706674993970e+06,3.463010605769310612e+06
6.399609184171958830e-04,3.478446887697354425e+06,3.473110257883874699e+06
6.404494382022471325e-04,3.488592671799627598e+06,3.483240466067644767e+06
6.409379579872984904e-04,3.498769153018118814e+06,3.493401324212397914e+06
6.414264777723497398e-04,3.508976425678742118e+06,3.503592926499044523e+06
6.419149975574010977e-04,3.519214584397927392e+06,3.513815367398598697e+06
6.424035173424523472e-04,3.529483724083546549e+06,3.524068741673033684e+06
6.428920371275035966e-04,3.539783939935823902e+06,3.534353144376252778e+06
6.433805569125549545e-04,3.550115327448267024e+06,3.544668670854978729e+06
6.438690766976062040e-04,3.560477982408585958e+06,3.555015416749686003e+06
6.443575964826575618e-04,3.570872000899630599e+06,3.565393477995535359e+06
6.448461162677088113e-04,3.581297479300315026e+06,3.575802950823291205e+06
6.453346360527601692e-04,3.591754514286555815e+06,3.586243931760277599e+06
6.458231558378114186e-04,3.602243202832211740e+06,3.596716517631280702e+06
6.463116756228626681e-04,3.612763642210020684e+06,3.607220805559528992e+06
6.468001954079140260e-04,3.623315929992543533e+06,3.617756892967602704e+06
6.472887151929652754e-04,3.633900164053121116e+06,3.628324877578395419e+06
6.477772349780166333e-04,3.644516442566810641e+06,3.638924857416059356e+06
6.482657547630678828e-04,3.655164864011349156e+06,3.649556930806954857e+06
6.487542745481191322e-04,3.665845527168103959e+06,3.660221196380614769e+06
6.492427943331704901e-04,3.676558531123032328e+06,3.670917753070682753e+06
6.497313141182217396e-04,3.687303975267651025e+06,3.681646700115899555e+06
6.502198339032730975e-04,3.698081959299990907e+06,3.692408137061043177e+06
6.507083536883243469e-04,3.708892583225574810e+06,3.703202163757919800e+06
6.511968734733757048e-04,3.719735947358382400e+06,3.714028880366301630e+06
6.516853932584269543e-04,3.730612152321827598e+06,3.724888387354939710e+06
6.521739130434782037e-04,3.741521299049740192e+06,3.735780785502500832e+06
6.526624328285295616e-04,3.752463488787339535e+06,3.746706175898591522e+06
6.531509526135808111e-04,3.763438823092225008e+06,3.757664659944683779e+06
6.536394723986321690e-04,3.774447403835359961e+06,3.768656339355163276e+06
6.541279921836834184e-04,3.785489333202065900e+06,3.779681316158259753e+06
6.546165119687346679e-04,3.796564713693010621e+06,3.790739692697095219e+06
6.551050317537860258e-04,3.807673648125209846e+06,3.801831571630632039e+06
6.555935515388372752e-04,3.818816239633023273e+06,3.812957055934687611e+06
6.560820713238886331e-04,3.829992591669162270e+06,3.824116248902958352e+06
6.565705911089398826e-04,3.841202808005692437e+06,3.835309254147985019e+06
6.570591108939912404e-04,3.852446992735043168e+06,3.846536175602195784e+06
6.575476306790424899e-04,3.863725250271025114e+06,3.857797117518886924e+06
6.580361504640937394e-04,3.875037685349840205e+06,3.869092184473269619e+06
6.585246702491450973e-04,3.886384403031105176e+06,3.880421481363463216e+06
6.590131900341963467e-04,3.897765508698874153e+06,3.891785113411522005e+06
6.595017098192477046e-04,3.909181108062661253e+06,3.903183186164465733e+06
6.599902296042989541e-04,3.920631307158471085e+06,3.914615805495296605e+06
6.604787493893502035e-04,3.932116212349832989e+06,3.926083077604047023e+06
6.609672691744015614e-04,3.943635930328836665e+06,3.937585109018790536e+06
6.614557889594528109e-04,3.955190568117163610e+06,3.949122006596700754e+06
6.619443087445041687e-04,3.966780233067140914e+06,3.960693877525075339e+06
6.624328285295554182e-04,3.978405032862779219e+06,3.972300829322394915e+06
6.629213483146067761e-04,3.990065075520824641e+06,3.983942969839359168e+06
6.634098680996580255e-04,4.001760469391809311e+06,3.995620407259938307e+06
6.638983878847092750e-04,4.013491323161107488e+06,4.007333250102431513e+06
6.643869076697606329e-04,4.025257745849993546e+06,4.019081607220531907e+06
6.648754274548118823e-04,4.037059846816708334e+06,4.030865587804353796e+06
6.653639472398632402e-04,4.048897735757517628e+06,4.042685301381553523e+06
6.658524670249144897e-04,4.060771522707789671e+06,4.054540857818333898e+06
6.663409868099657392e-04,4.072681318043059669e+06,4.066432367320554331e+06
6.668295065950170970e-04,4.084627232480110601e+06,4.078359940434811637e+06
6.673180263800683465e-04,4.096609377078049816e+06,4.090323688049473800e+06
6.678065461651197044e-04,4.108627863239395432e+06,4.102323721395818051e+06
6.682950659501709538e-04,4.120682802711155266e+06,4.114360152049057651e+06
6.687835857352223117e-04,4.132774307585925329e+06,4.126433091929480433e+06
6.692721055202735612e-04,4.144902490302977152e+06,4.138542653303504921e+06
6.697606253053248106e-04,4.157067463649355341e+06,4.150688948784791399e+06
6.702491450903761685e-04,4.169269340760979336e+06,4.162872091335341334e+06
6.707376648754274180e-04,4.181508235123740975e+06,4.175092194266585167e+06
6.712261846604787759e-04,4.193784260574619286e+06,4.187349371240507811e+06
6.717147044455300253e-04,4.206097531302785501e+06,4.199643736270732246e+06
6.722032242305812748e-04,4.218448161850719713e+06,4.211975403723660856e+06
6.726917440156326327e-04,4.230836267115324736e+06,4.224344488319566473e+06
6.731802638006838821e-04,4.243261962349052541e+06,4.236751105133722536e+06
6.736687835857352400e-04,4.255725363161020912e+06,4.249195369597528130e+06
6.741573033707864895e-04,4.268226585518155247e+06,4.261677397499625571e+06
6.746458231558378473e-04,4.280765745746302418e+06,4.274197304987042211e+06
6.751343429408890968e-04,4.293342960531382822e+06,4.286755208566311747e+06
6.756228627259403463e-04,4.305958346920515411e+06,4.299351225104614161e+06
6.761113825109917042e-04,4.318612022323166020e+06,4.311985471830927767e+06
6.765999022960429536e-04,4.331304104512295686e+06,4.324658066337158903e+06
6.770884220810943115e-04,4.344034711625513621e+06,4.337369126579296775e+06
6.775769418661455610e-04,4.356803962166213430e+06,4.350118770878562704e+06
6.780654616511968104e-04,4.369611975004750304e+06,4.362907117922565900e+06
6.785539814362481683e-04,4.382458869379588403e+06,4.375734286766469479e+06
6.790425012212994178e-04,4.395344764898469672e+06,4.388600396834132262e+06
6.795310210063507756e-04,4.408269781539584510e+06,4.401505567919310182e+06
6.800195407914020251e-04,4.421234039652737789e+06,4.414449920186772011e+06
6.805080605764533830e-04,4.434237659960526973e+06,4.427433574173544534e+06
6.809965803615046324e-04,4.447280763559519313e+06,4.440456650790015236e+06
6.814851001465558819e-04,4.460363471921441145e+06,4.453519271321172826e+06
6.819736199316072398e-04,4.473485906894354150e+06,4.466621557427763008e+06
6.824621397166584892e-04,4.486648190703851171e+06,4.479763631147460081e+06
6.829506595017098471e-04,4.499850445954253897e+06,4.492945614896118641e+06
6.834391792867610966e-04,4.513092795629803091e+06,4.506167631468892097e+06
6.839276990718123461e-04,4.526375363095865585e+06,4.519429804041500203e+06
6.844162188568637039e-04,4.539698272100131959e+06,4.532732256171390414e+06
6.849047386419149534e-04,4.553061646773837507e+06,4.546075111798957922e+06
6.853932584269663113e-04,4.566465611632963642e+06,4.559458495248767547e+06
6.858817782120175607e-04,4.579910291579463519e+06,4.572882531230740249e+06
6.863702979970689186e-04,4.593395811902473681e+06,4.586347344841406681e+06
6.868588177821201681e-04,4.606922298279548064e+06,4.599853061565103941e+06
6.873473375671714175e-04,4.620489876777879894e+06,4.613399807275209576e+06
6.878358573522227754e-04,4.634098673855533823e+06,4.626987708235376514e+06
6.883243771372740249e-04,4.647748816362685524e+06,4.640616891100765206e+06
6.888128969223253828e-04,4.661440431542854756e+06,4.654287482919271104e+06
6.893014167073766322e-04,4.675173647034159862e+06,4.667999611132784747e+06
6.897899364924278817e-04,4.688948590870557353e+06,4.681753403578419238e+06
6.902784562774792396e-04,4.702765391483092681e+06,4.695548988489784300e+06
6.907669760625304890e-04,4.716624177701158449e+06,4.709386494498193264e+06
6.912554958475818469e-04,4.730525078753759153e+06,4.723266050633987412e+06
6.917440156326330964e-04,4.744468224270763807e+06,4.737187786327735521e+06
6.922325354176843458e-04,4.758453744284181856e+06,4.751151831411542371e+06
6.927210552027357037e-04,4.772481769229428843e+06,4.765158316120286472e+06
6.932095749877869532e-04,4.786552429946610704e+06,4.779207371092917398e+06
6.936980947728383111e-04,4.800665857681791298e+06,4.793299127373723313e+06
6.941866145578895605e-04,4.814822184088284150e+06,4.807433716413603164e+06
6.946751343429409184e-04,4.829021541227936745e+06,4.821611270071382634e+06
6.951636541279921679e-04,4.843264061572425067e+06,4.835831920615056530e+06
6.956521739130434173e-04,4.857549878004541621e+06,4.850095800723135471e+06
6.961406936980947752e-04,4.871879123819503933e+06,4.864403043485901318e+06
6.966292134831460247e-04,4.886251932726254687e+06,4.878753782406723127e+06
6.971177332681973825e-04,4.900668438848767430e+06,4.893148151403372176e+06
6.976062530532486320e-04,4.915128776727363467e+06,4.907586284809321165e+06
6.980947728382998815e-04,4.929633081320021302e+06,4.922068317375056446e+06
6.985832926233512393e-04,4.944181488003702834e+06,4.936594384269409813e+06
6.990718124084024888e-04,4.958774132575673983e+06,4.951164621080864221e+06
6.995603321934538467e-04,4.973411151254835539e+06,4.965779163818886504e+06
7.000488519785050961e-04,4.988092680683054030e+06,4.980438148915268481e+06
7.005373717635564540e-04,5.002818857926496305e+06,4.995141713225444779e+06
7.010258915486077035e-04,5.017589820476982743e+06,5.009889994029847905e+06
7.015144113336589530e-04,5.032405706253313459e+06,5.024683129035220481e+06
7.020029311187103108e-04,5.047266653602630831e+06,5.039521256376022473e+06
7.024914509037615603e-04,5.062172801301769912e+06,5.054404514615710825e+06
7.029799706888129182e-04,5.077124288558618166e+06,5.069333042748147622e+06
7.034684904738641676e-04,5.092121255013474263e+06,5.084306980198938400e+06
7.039570102589154171e-04,5.107163840740417130e+06,5.099326466826790944e+06
7.044455300439667750e-04,5.122252186248672195e+06,5.114391642924920656e+06
7.049340498290180244e-04,5.137386432483993471e+06,5.129502649222362787e+06
7.054225696140693823e-04,5.152566720830040053e+06,5.144659626885414124e+06
7.059110893991206318e-04,5.167793193109756336e+06,5.159862717518954538e+06
7.063996091841719897e-04,5.183065991586762480e+06,5.175112063167892396e+06
7.068881289692232391e-04,5.198385258966751397e+06,5.190407806318492629e+06
7.073766487542744886e-04,5.213751138398877345e+06,5.205750089899832383e+06
7.078651685393258465e-04,5.229163773477164097e+06,5.221139057285150513e+06
7.083536883243770959e-04,5.244623308241904713e+06,5.236574852293285541e+06
7.088422081094284538e-04,5.260129887181073427e+06,5.252057619190060534e+06
7.093307278944797033e-04,5.275683655231743120e+06,5.267587502689702436e+06
7.098192476795309527e-04,5.291284757781502791e+06,5.283164647956260480e+06
7.103077674645823106e-04,5.306933340669880621e+06,5.298789200605042279e+06
7.107962872496335601e-04,5.322629550189765170e+06,5.314461306704005226e+06
7.112848070346849180e-04,5.338373533088848926e+06,5.330181112775210291e+06
7.117733268197361674e-04,5.354165436571055092e+06,5.345948765796257183e+06
7.122618466047875253e-04,5.370005408297986723e+06,5.361764413201711141e+06
7.127503663898387748e-04,5.385893596390363760e+06,5.377628202884554863e+06
7.132388861748900242e-04,5.401830149429486133e+06,5.393540283197637647e+06
7.137274059599413821e-04,5.417815216458670795e+06,5.409500802955121733e+06
7.142159257449926316e-04,5.433848946984729730e+06,5.425509911433940753e+06
7.147044455300439894e-04,5.449931490979418159e+06,5.441567758375265636e+06
7.151929653150952389e-04,5.466062998880913481e+06,5.457674493985969573e+06
7.156814851001464884e-04,5.482243621595283970e+06,5.473830268940089270e+06
7.161700048851978462e-04,5.498473510497964919e+06,5.490035234380329028e+06
7.166585246702490957e-04,5.514752817435251549e+06,5.506289541919487529e+06
7.171470444553004536e-04,5.531081694725763053e+06,5.522593343642006628e+06
7.176355642403517031e-04,5.547460295161964372e+06,5.538946792105414905e+06
7.181240840254030609e-04,5.563888772011636756e+06,5.555350040341834538e+06
7.186126038104543104e-04,5.580367279019393958e+06,5.571803241859484464e+06
7.191011235955055599e-04,5.596895970408177935e+06,5.588306550644187257e+06
7.195896433805569177e-04,5.613475000880779698e+06,5.604860121160866693e+06
7.200781631656081672e-04,5.630104525621346198e+06,5.621464108355049975e+06
7.205666829506595251e-04,5.646784700296903029e+06,5.638118667654432356e+06
7.210552027357107745e-04,5.663515681058880873e+06,5.654823954970325343e+06
7.215437225207620240e-04,5.680297624544639140e+06,5.671580126699268818e+06
7.220322423058133819e-04,5.697130687879008241e+06,5.688387339724488556e+06
7.225207620908646313e-04,5.714015028675821610e+06,5.705245751417481340e+06
7.230092818759159892e-04,5.730950805039470084e+06,5.722155519639529288e+06
7.234978016609672387e-04,5.747938175566431135e+06,5.739116802743257023e+06
7.239863214460185966e-04,5.764977299346843734e+06,5.756129759574186988e+06
7.244748412310698460e-04,5.782068335966050625e+06,5.773194549472282641e+06
7.249633610161210955e-04,5.799211445506178774e+06,5.790311332273528911e+06
7.254518808011724534e-04,5.816406788547683507e+06,5.807480268311473541e+06
7.259404005862237028e-04,5.833654526170944795e+06,5.824701518418814987e+06
7.264289203712750607e-04,5.850954819957830012e+06,5.841975243928976357e+06
7.269174401563263102e-04,5.868307831993289292e+06,5.859301606677673757e+06
7.274059599413775596e-04,5.885713724866929464e+06,5.876680769004520960e+06
7.278944797264289175e-04,5.903172661674618721e+06,5.894112893754609860e+06
7.283829995114801670e-04,5.920684806020078249e+06,5.911598144280089997e+06
7.288715192965315249e-04,5.938250322016486898e+06,5.929136684441809542e+06
7.293600390815827743e-04,5.955869374288087711e+06,5.946728678610866889e+06
7.298485588666341322e-04,5.973542127971808426e+06,5.964374291670283303e+06
7.303370786516853817e-04,5.991268748718863353e+06,5.982073689016549848e+06
7.308255984367366311e-04,6.009049402696394362e+06,5.999827036561300047e+06
7.313141182217879890e-04,6.026884256589086726e+06,6.017634500732941553e+06
7.318026380068392385e-04,6.044773477600805461e+06,6.035496248478214256e+06
7.322911577918905963e-04,6.062717233456239104e+06,6.053412447263928130e+06
7.327796775769418458e-04,6.080715692402535118e+06,6.071383265078500845e+06
7.332681973619930953e-04,6.098769023210952990e+06,6.089408870433703996e+06
7.337567171470444531e-04,6.116877395178520121e+06,6.107489432366227731e+06
7.342452369320957026e-04,6.135040978129684925e+06,6.125625120439399965e+06
7.347337567171470605e-04,6.153259942417984828e+06,6.143816104744806886e+06
7.352222765021983100e-04,6.171534458927713335e+06,6.162062555903979577e+06
7.357107962872496678e-04,6.189864699075600132e+06,6.180364645070063882e+06
7.361993160723009173e-04,6.208250834812480025e+06,6.198722543929497711e+06
7.366878358573521668e-04,6.226693038624990731e+06,6.217136424703692086e+06
7.371763556424035246e-04,6.245191483537256718e+06,6.235606460150710307e+06
7.376648754274547741e-04,6.263746343112584203e+06,6.254132823566976935e+06
7.381533952125061320e-04,6.282357791455164552e+06,6.272715688788965344e+06
7.386419149975573814e-04,6.301026003211776726e+06,6.291355230194909498e+06
7.391304347826086309e-04,6.319751153573508374e+06,6.310051622706495225e+06
7.396189545676599888e-04,6.338533418277461082e+06,6.328805041790608317e+06
7.401074743527112382e-04,6.357372973608477041e+06,6.347615663461019285e+06
7.405959941377625961e-04,6.376269996400876902e+06,6.366483664280116558e+06
7.410845139228138456e-04,6.395224664040170610e+06,6.385409221360661089e+06
7.415730337078652035e-04,6.414237154464818537e+06,6.404392512367485091e+06
7.420615534929164529e-04,6.433307646167962812e+06,6.423433715519268997e+06
7.425500732779677024e-04,6.452436318199181929e+06,6.442533009590257891e+06
7.430385930630190603e-04,6.471623350166244432e+06,6.461690573912049644e+06
7.435271128480703097e-04,6.490868922236866318e+06,6.480906588375295512e+06
7.440156326331216676e-04,6.510173215140481479e+06,6.500181233431537636e+06
7.445041524181729171e-04,6.529536410170014948e+06,6.519514690094907768e+06
7.449926722032241665e-04,6.548958689183652401e+06,6.538907139943957329e+06
7.454811919882755244e-04,6.568440234606632032e+06,6.558358765123398043e+06
7.459697117733267739e-04,6.587981229433022439e+06,6.577869748345902190e+06
7.464582315583781318e-04,6.607581857227526605e+06,6.597440272893913090e+06
7.469467513434293812e-04,6.627242302127271891e+06,6.617070522621381097e+06
7.474352711284807391e-04,6.646962748843624257e+06,6.636760681955664419e+06
7.479237909135319886e-04,6.666743382663994096e+06,6.656510935899221338e+06
7.484123106985832380e-04,6.686584389453655109e+06,6.676321470031533390e+06
7.489008304836345959e-04,6.706485955657564104e+06,6.696192470510848798e+06
7.493893502686858454e-04,6.726448268302188255e+06,6.716124124076026492e+06
7.498778700537372032e-04,6.746471514997342601e+06,6.736116618048396893e+06
7.503663898387884527e-04,6.766555883938022889e+06,6.756170140333550051e+06
7.508549096238397022e-04,6.786701563906259835e+06,6.776284879423215985e+06
7.513434294088910601e-04,6.806908744272961281e+06,6.796461024397100322e+06
7.518319491939423095e-04,6.827177614999772981e+06,6.816698764924729243e+06
7.523204689789936674e-04,6.847508366640943103e+06,6.836998291267320514e+06
7.528089887640449169e-04,6.867901190345184878e+06,6.857359794279650785e+06
7.532975085490961663e-04,6.888356277857551351e+06,6.877783465411907993e+06
7.537860283341475242e-04,6.908873821521323174e+06,6.898269496711605228e+06
7.542745481191987737e-04,6.929454014279884286e+06,6.918818080825411715e+06
7.547630679042501315e-04,6.950097049678622745e+06,6.939429411001095548e+06
7.552515876893013810e-04,6.970803121866823174e+06,6.960103681089368649e+06
7.557401074743527389e-04,6.991572425599573180e+06,6.980841085545844398e+06
7.562286272594039883e-04,7.012405156239672564e+06,7.001641819432877935e+06
7.567171470444552378e-04,7.033301509759545326e+06,7.022506078421541490e+06
7.572056668295065957e-04,7.054261682743165642e+06,7.043434058793505654e+06
7.576941866145578451e-04,7.075285872387983836e+06,7.064425957442954183e+06
7.581827063996092030e-04,7.096374276506864466e+06,7.085481971878572367e+06
7.586712261846604525e-04,7.117527093530011363e+06,7.106602300225410610e+06
7.591597459697117019e-04,7.138744522506932728e+06,7.127787141226885840e+06
7.596482657547630598e-04,7.160026763108386658e+06,7.149036694246691652e+06
7.601367855398143093e-04,7.181374015628332272e+06,7.170351159270773642e+06
7.606253053248656672e-04,7.202786480985900387e+06,7.191730736909298226e+06
7.611138251099169166e-04,7.224264360727363266e+06,7.213175628398586996e+06
7.616023448949682745e-04,7.245807857028112747e+06,7.234686035603119060e+06
7.620908646800195240e-04,7.267417172694634646e+06,7.256262161017509177e+06
7.625793844650707734e-04,7.289092511166512035e+06,7.277904207768481225e+06
7.630679042501221313e-04,7.310834076518405229e+06,7.299612379616861232e+06
7.635564240351733808e-04,7.332642073462061584e+06,7.321386880959590897e+06
7.640449438202247387e-04,7.354516707348329015e+06,7.343227916831718758e+06
7.645334636052759881e-04,7.376458184169150889e+06,7.365135692908409983e+06
7.650219833903272376e-04,7.398466710559614934e+06,7.387110415506971069e+06
7.655105031753785955e-04,7.420542493799947202e+06,7.409152291588886641e+06
7.659990229604298449e-04,7.442685741817574948e+06,7.431261528761797585e+06
7.664875427454812028e-04,7.464896663189142011e+06,7.453438335281610489e+06
7.669760625305324523e-04,7.487175467142574489e+06,7.475682920054468326e+06
7.674645823155838101e-04,7.509522363559116609e+06,7.497995492638872936e+06
7.679531021006350596e-04,7.531937562975406647e+06,7.520376263247672468e+06
7.684416218856863091e-04,7.554421276585523039e+06,7.542825442750153132e+06
7.689301416707376670e-04,7.576973716243072413e+06,7.565343242674140260e+06
7.694186614557889164e-04,7.599595094463254325e+06,7.587929875207987614e+06
7.699071812408402743e-04,7.622285624424953945e+06,7.610585553202774376e+06
7.703957010258915238e-04,7.645045519972837530e+06,7.633310490174262784e+06
7.708842208109427732e-04,7.667874995619440451e+06,7.656104900305117480e+06
7.713727405959941311e-04,7.690774266547268257e+06,7.678968998446918093e+06
7.718612603810453806e-04,7.713743548610926606e+06,7.701903000122310594e+06
7.723497801660967384e-04,7.736783058339221403e+06,7.724907121527103707e+06
7.728382999511479879e-04,7.759893012937286869e+06,7.747981579532398842e+06
7.733268197361993458e-04,7.783073630288721062e+06,7.771126591686711647e+06
7.738153395212505952e-04,7.806325128957723267e+06,7.794342376218116842e+06
7.743038593063018447e-04,7.829647728191228583e+06,7.817629152036366053e+06
7.747923790913532026e-04,7.853041647921074182e+06,7.840987138735062443e+06
7.752808988764044520e-04,7.876507108766142279e+06,7.864416556593806483e+06
7.757694186614558099e-04,7.900044332034535706e+06,7.887917626580345444e+06
7.762579384465070594e-04,7.923653539725739509e+06,7.911490570352753624e+06
7.767464582315583089e-04,7.947334954532816075e+06,7.935135610261604190e+06
7.772349780166096667e-04,7.971088799844565801e+06,7.958852969352169894e+06
7.777234978016609162e-04,7.994915299747741781e+06,7.982642871366550215e+06
7.782120175867122741e-04,8.018814679029230028e+06,8.006505540745931678e+06
7.787005373717635235e-04,8.042787163178267889e+06,8.030441202632778324e+06
7.791890571568148814e-04,8.066832978388652205e+06,8.054450082873014733e+06
7.796775769418661309e-04,8.090952351560960524e+06,8.078532408018259332e+06
7.801660967269173803e-04,8.115145510304774158e+06,8.102688405328041874e+06
7.806546165119687382e-04,8.139412682940917090e+06,8.126918302772062831e+06
7.811431362970199877e-04,8.163754098503687419e+06,8.151222329032354988e+06
7.816316560820713456e-04,8.188169986743110232e+06,8.175600713505631313e+06
7.821201758671225950e-04,8.212660578127198853e+06,8.200053686305426992e+06
7.826086956521738445e-04,8.237226103844204918e+06,8.224581478264469653e+06
7.830972154372252024e-04,8.261866795804892667e+06,8.249184320936847478e+06
7.835857352222764518e-04,8.286582886644817889e+06,8.273862446600321680e+06
7.840742550073278097e-04,8.311374609726604074e+06,8.298616088258640841e+06
7.845627747923790592e-04,8.336242199142237194e+06,8.323445479643744417e+06
7.850512945774304171e-04,8.361185889715364203e+06,8.348350855218148790e+06
7.855398143624816665e-04,8.386205917003589682e+06,8.373332450177162886e+06
7.860283341475329160e-04,8.411302517300801352e+06,8.398390500451279804e+06
7.865168539325842739e-04,8.436475927639478818e+06,8.423525242708425969e+06
7.870053737176355233e-04,8.461726385793020949e+06,8.448736914356315508e+06
7.874938935026868812e-04,8.487054130278084427e+06,8.474025753544760868e+06
7.879824132877381307e-04,8.512459400356918573e+06,8.499391999168047681e+06
7.884709330727893801e-04,8.537942436039716005e+06,8.524835890867231414e+06
7.889594528578407380e-04,8.563503478086976334e+06,8.550357669032523409e+06
7.894479726428919875e-04,8.589142768011853099e+06,8.575957574805647135e+06
7.899364924279433453e-04,8.614860548082539812e+06,8.601635850082181394e+06
7.904250122129945948e-04,8.640657061324641109e+06,8.627392737513964996e+06
7.909135319980459527e-04,8.666532551523564383e+06,8.653228480511453003e+06
7.914020517830972021e-04,8.692487263226896524e+06,8.679143323246140033e+06
7.918905715681484516e-04,8.718521441746823490e+06,8.705137510652903467e+06
7.923790913531998095e-04,8.744635333162527531e+06,8.731211288432480767e+06
7.928676111382510589e-04,8.770829184322616085e+06,8.757364903053794056e+06
7.933561309233024168e-04,8.797103242847517133e+06,8.783598601756459102e+06
7.938446507083536663e-04,8.823457757131947204e+06,8.809912632553130388e+06
7.943331704934049158e-04,8.849892976347317919e+06,8.836307244232013822e+06
7.948216902784562736e-04,8.876409150444194674e+06,8.862782686359250918e+06
7.953102100635075231e-04,8.903006530154760927e+06,8.889339209281370044e+06
7.957987298485588810e-04,8.929685366995263845e+06,8.915977064127810299e+06
7.962872496336101304e-04,8.956445913268489763e+06,8.942696502813281491e+06
7.967757694186614883e-04,8.983288422066239640e+06,8.969497778040353209e+06
7.972642892037127378e-04,9.010213147271823138e+06,8.996381143301827833e+06
7.977528089887639872e-04,9.037220343562541530e+06,9.023346852883322164e+06
7.982413287738153451e-04,9.064310266412187368e+06,9.050395161865696311e+06
7.987298485588665946e-04,9.091483172093555331e+06,9.077526326127594337e+06
7.992183683439179525e-04,9.118739317680966109e+06,9.104740602347934619e+06
7.997068881289692019e-04,9.146078961052780971e+06,9.132038248008461669e+06
8.001954079140204514e-04,9.173502360893940553e+06,9.159419521396238357e+06
8.006839276990718093e-04,9.201009776698492467e+06,9.186884681606205180e+06
8.011724474841230587e-04,9.228601468772165477e+06,9.214433988543722779e+06
8.016609672691744166e-04,9.256277698234893382e+06,9.242067702927108854e+06
8.021494870542256661e-04,9.284038727023402229e+06,9.269786086290212348e+06
8.026380068392770240e-04,9.311884817893773317e+06,9.297589400984989479e+06
8.031265266243282734e-04,9.339816234424034134e+06,9.325477910184057429e+06
8.036150464093795229e-04,9.367833241016717628e+06,9.353451877883287147e+06
8.041035661944308808e-04,9.395936102901507169e+06,9.381511568904427812e+06
8.045920859794821302e-04,9.424125086137790233e+06,9.409657248897638172e+06
8.050806057645334881e-04,9.452400457617312670e+06,9.437889184344172478e+06
8.055691255495847376e-04,9.480762485066775233e+06,9.466207642558932304e+06
8.060576453346359870e-04,9.509211437050467357e+06,9.494612891693141311e+06
8.065461651196873449e-04,9.537747582972913980e+06,9.523105200736977160e+06
8.070346849047385944e-04,9.566371193081518635e+06,9.551684839522141963e+06
8.075232046897899522e-04,9.595082538469204679e+06,9.580352078724639490e+06
8.080117244748412017e-04,9.623881891077093780e+06,9.609107189867276698e+06
8.085002442598925596e-04,9.652769523697176948e+06,9.637950445322496817e+06
8.089887640449438090e-04,9.681745709974981844e+06,9.666882118314908817e+06
8.094772838299950585e-04,9.710810724412268028e+06,9.695902482924079522e+06
8.099658036150464164e-04,9.739964842369725928e+06,9.725011814087171108e+06
8.104543234000976658e-04,9.769208340069686994e+06,9.754210387601638213e+06
8.109428431851490237e-04,9.798541494598813355e+06,9.783498480127962306e+06
8.114313629702002732e-04,9.827964583910848945e+06,9.812876369192367420e+06
8.119198827552515227e-04,9.857477886829333380e+06,9.842344333189517260e+06
8.124084025403028805e-04,9.887081683050343767e+06,9.871902651385303587e+06
8.128969223253541300e-04,9.916776253145247698e+06,9.901551603919522837e+06
8.133854421104054879e-04,9.946561878563450649e+06,9.931291471808686852e+06
8.138739618954567373e-04,9.976438841635165736e+06,9.961122536948755383e+06
8.143624816805079868e-04,1.000640742557420023e+07,9.991045082117896527e+06
8.148510014655593447e-04,1.003646791448071785e+07,1.002105939097931981e+07
8.153395212506105941e-04,1.006662059334403649e+07,1.005116574808397330e+07
8.158280410356619520e-04,1.009686574804543518e+07,1.008136443887340650e+07
8.163165608207132015e-04,1.012720366536095738e+07,1.011165574968256615e+07
8.168050806057645594e-04,1.015763463296423294e+07,1.014203996774260327e+07
8.172936003908158088e-04,1.018815893942929618e+07,1.017251738118367828e+07
8.177821201758670583e-04,1.021877687423343770e+07,1.020308827903782390e+07
8.182706399609184162e-04,1.024948872776002996e+07,1.023375295124176517e+07
8.187591597459696656e-04,1.028029479130139016e+07,1.026451168863974698e+07
8.192476795310210235e-04,1.031119535706164502e+07,1.029536478298647515e+07
8.197361993160722730e-04,1.034219071815959923e+07,1.032631252694984525e+07
8.202247191011235224e-04,1.037328116863161884e+07,1.035735521411398612e+07
8.207132388861748803e-04,1.040446700343451649e+07,1.038849313898200355e+07
8.212017586712261298e-04,1.043574851844845340e+07,1.041972659697894938e+07
8.216902784562774877e-04,1.046712601047984883e+07,1.045105588445470482e+07
8.221787982413287371e-04,1.049859977726428956e+07,1.048248129868685827e+07
8.226673180263800950e-04,1.053017011746946536e+07,1.051400313788374327e+07
8.231558378114313445e-04,1.056183733069810085e+07,1.054562170118719712e+07
8.236443575964825939e-04,1.059360171749089845e+07,1.057733728867566772e+07
8.241328773815339518e-04,1.062546357932949625e+07,1.060915020136704668e+07
8.246213971665852013e-04,1.065742321863943152e+07,1.064106074122168683e+07
8.251099169516365591e-04,1.068948093879310600e+07,1.067306921114533395e+07
8.255984367366878086e-04,1.072163704411278479e+07,1.070517591499216296e+07
8.260869565217390581e-04,1.075389183987356536e+07,1.073738115756767429e+07
8.265754763067904159e-04,1.078624563230638951e+07,1.076968524463178776e+07
8.270639960918416654e-04,1.081869872860106453e+07,1.080208848290177807e+07
8.275525158768930233e-04,1.085125143690926395e+07,1.083459118005532771e+07
8.280410356619442728e-04,1.088390406634757109e+07,1.086719364473352395e+07
8.285295554469956306e-04,1.091665692700050771e+07,1.089989618654391915e+07
8.290180752320468801e-04,1.094951032992359251e+07,1.093269911606355384e+07
8.295065950170981296e-04,1.098246458714639768e+07,1.096560274484203197e+07
8.299951148021494874e-04,1.101552001167560369e+07,1.099860738540458493e+07
8.304836345872007369e-04,1.104867691749809496e+07,1.103171335125507414e+07
8.309721543722520948e-04,1.108193561958403513e+07,1.106492095687921904e+07
8.314606741573033442e-04,1.111529643388997391e+07,1.109823051774749532e+07
8.319491939423545937e-04,1.114875967736194283e+07,1.113164235031844489e+07
8.324377137274059516e-04,1.118232566793858446e+07,1.116515677204163373e+07
8.329262335124572010e-04,1.121599472455425933e+07,1.119877410136081465e+07
8.334147532975085589e-04,1.124976716714221239e+07,1.123249465771711059e+07
8.339032730825598084e-04,1.128364331663767807e+07,1.126631876155205630e+07
8.343917928676111663e-04,1.131762349498108588e+07,1.130024673431089334e+07
8.348803126526624157e-04,1.135170802512117475e+07,1.133427889844553731e+07
8.353688324377136652e-04,1.138589723101821169e+07,1.136841557741796412e+07
8.358573522227650231e-04,1.142019143764715642e+07,1.140265709570322186e+07
8.363458720078162725e-04,1.145459097100085579e+07,1.143700377879270352e+07
8.368343917928676304e-04,1.148909615809326060e+07,1.147145595319732837e+07
8.373229115779188799e-04,1.152370732696264051e+07,1.150601394645074382e+07
8.378114313629701293e-04,1.155842480667480640e+07,1.154067808711258508e+07
8.382999511480214872e-04,1.159324892732634023e+07,1.157544870477164909e+07
8.387884709330727367e-04,1.162818002004786395e+07,1.161032613004918210e+07
8.392769907181240946e-04,1.166321841700727306e+07,1.164531069460212439e+07
8.397655105031753440e-04,1.169836445141302235e+07,1.168040273112635128e+07
8.402540302882267019e-04,1.173361845751737617e+07,1.171560257335996814e+07
8.407425500732779514e-04,1.176898077061972767e+07,1.175091055608658306e+07
8.412310698583292008e-04,1.180445172706989758e+07,1.178632701513859257e+07
8.417195896433805587e-04,1.184003166427141614e+07,1.182185228740052506e+07
8.422081094284318082e-04,1.187572092068485171e+07,1.185748671081229113e+07
8.426966292134831660e-04,1.191151983583115786e+07,1.189323062437255494e+07
8.431851489985344155e-04,1.194742875029500574e+07,1.192908436814206280e+07
8.436736687835856650e-04,1.198344800572811440e+07,1.196504828324696049e+07
8.441621885686370228e-04,1.201957794485263899e+07,1.200112271188223921e+07
8.446507083536882723e-04,1.205581891146453284e+07,1.203730799731492437e+07
8.451392281387396302e-04,1.209217125043692254e+07,1.207360448388768546e+07
8.456277479237908797e-04,1.212863530772352405e+07,1.211001251702199318e+07
8.461162677088422375e-04,1.216521143036201410e+07,1.214653244322172552e+07
8.466047874938934870e-04,1.220189996647747606e+07,1.218316461007639021e+07
8.470933072789447365e-04,1.223870126528580487e+07,1.221990936626471207e+07
8.475818270639960943e-04,1.227561567709716037e+07,1.225676706155794114e+07
8.480703468490473438e-04,1.231264355331939645e+07,1.229373804682335258e+07
8.485588666340987017e-04,1.234978524646153860e+07,1.233082267402771302e+07
8.490473864191499511e-04,1.238704111013722606e+07,1.236802129624065571e+07
8.495359062042012006e-04,1.242441149906823225e+07,1.240533426763829030e+07
8.500244259892525585e-04,1.246189676908790693e+07,1.244276194350658357e+07
8.505129457743038079e-04,1.249949727714472823e+07,1.248030468024488911e+07
8.510014655593551658e-04,1.253721338130577467e+07,1.251796283536946401e+07
8.514899853444064153e-04,1.257504544076026976e+07,1.255573676751697436e+07
8.519785051294577732e-04,1.261299381582312100e+07,1.259362683644803055e+07
8.524670249145090226e-04,1.265105886793846451e+07,1.263163340305074491e+07
8.529555446995602721e-04,1.268924095968320034e+07,1.266975682934424095e+07
8.534440644846116300e-04,1.272754045477060042e+07,1.270799747848227434e+07
8.539325842696628794e-04,1.276595771805384941e+07,1.274635571475674212e+07
8.544211040547142373e-04,1.280449311552967317e+07,1.278483190360134095e+07
8.549096238397654868e-04,1.284314701434190758e+07,1.282342641159511171e+07
8.553981436248167362e-04,1.288191978278514557e+07,1.286213960646605305e+07
8.558866634098680941e-04,1.292081179030833393e+07,1.290097185709479637e+07
8.563751831949193436e-04,1.295982340751843527e+07,1.293992353351811692e+07
8.568637029799707015e-04,1.299895500618405268e+07,1.297899500693275779e+07
8.573522227650219509e-04,1.303820695923911408e+07,1.301818664969887212e+07
8.578407425500733088e-04,1.307757964078651927e+07,1.305749883534391411e+07
8.583292623351245583e-04,1.311707342610185966e+07,1.309693193856607378e+07
8.588177821201758077e-04,1.315668869163706526e+07,1.313648633523821831e+07
8.593063019052271656e-04,1.319642581502416171e+07,1.317616240241139941e+07
8.597948216902784151e-04,1.323628517507894710e+07,1.321596051831862889e+07
8.602833414753297729e-04,1.327626715180474520e+07,1.325588106237867661e+07
8.607718612603810224e-04,1.331637212639614381e+07,1.329592441519964673e+07
8.612603810454322719e-04,1.335660048124274425e+07,1.333609095858291350e+07
8.617489008304836298e-04,1.339695259993294068e+07,1.337638107552673109e+07
8.622374206155348792e-04,1.343742886725766771e+07,1.341679515023009107e+07
8.627259404005862371e-04,1.347802966921422631e+07,1.345733356809646077e+07
8.632144601856374866e-04,1.351875539301006682e+07,1.349799671573759429e+07
8.637029799706888444e-04,1.355960642706660181e+07,1.353878498097735085e+07
8.641914997557400939e-04,1.360058316102304123e+07,1.357969875285551511e+07
8.646800195407913434e-04,1.364168598574022017e+07,1.362073842163161002e+07
8.651685393258427012e-04,1.368291529330444895e+07,1.366190437878875062e+07
8.656570591108939507e-04,1.372427147703138925e+07,1.370319701703749970e+07
8.661455788959453086e-04,1.376575493146991171e+07,1.374461673031976260e+07
8.666340986809965580e-04,1.380736605240599066e+07,1.378616391381259821e+07
8.671226184660478075e-04,1.384910523686660454e+07,1.382783896393219195e+07
8.676111382510991654e-04,1.389097288312365115e+07,1.386964227833773568e+07
8.680996580361504148e-04,1.393296939069784991e+07,1.391157425593527593e+07
8.685881778212017727e-04,1.397509516036271490e+07,1.395363529688179120e+07
8.690766976062530222e-04,1.401735059414845891e+07,1.399582580258896388e+07
8.695652173913043801e-04,1.405973609534599818e+07,1.403814617572727241e+07
8.700537371763556295e-04,1.410225206851088814e+07,1.408059682022989169e+07
8.705422569614068790e-04,1.414489891946734488e+07,1.412317814129666612e+07
8.710307767464582369e-04,1.418767705531220697e+07,1.416589054539817944e+07
8.715192965315094863e-04,1.423058688441898115e+07,1.420873444027960487e+07
8.720078163165608442e-04,1.427362881644183956e+07,1.425171023496494070e+07
8.724963361016120937e-04,1.431680326231967472e+07,1.429481833976080455e+07
8.729848558866633431e-04,1.436011063428014144e+07,1.433805916626069322e+07
8.734733756717147010e-04,1.440355134584372863e+07,1.438143312734888867e+07
8.739618954567659505e-04,1.444712581182781793e+07,1.442494063720457256e+07
8.744504152418173084e-04,1.449083444835078716e+07,1.446858211130593158e+07
8.749389350268685578e-04,1.453467767283610255e+07,1.451235796643424593e+07
8.754274548119199157e-04,1.457865590401643328e+07,1.455626862067794614e+07
8.759159745969711652e-04,1.462276956193778664e+07,1.460031449343681335e+07
8.764044943820224146e-04,1.466701906796362251e+07,1.464449600542605855e+07
8.768930141670737725e-04,1.471140484477906115e+07,1.468881357868046686e+07
8.773815339521250220e-04,1.475592731639498845e+07,1.473326763655861840e+07
8.778700537371763798e-04,1.480058690815227106e+07,1.477785860374696553e+07
8.783585735222276293e-04,1.484538404672593623e+07,1.482258690626410581e+07
8.788470933072788788e-04,1.489031916012939997e+07,1.486745297146492451e+07
8.793356130923302367e-04,1.493539267771863937e+07,1.491245722804488800e+07
8.798241328773814861e-04,1.498060503019648232e+07,1.495760010604413040e+07
8.803126526624328440e-04,1.502595664961681701e+07,1.500288203685183264e+07
8.808011724474840935e-04,1.507144796938885190e+07,1.504830345321039855e+07
8.812896922325353429e-04,1.511707942428141087e+07,1.509386478921972960e+07
8.817782120175867008e-04,1.516285145042720810e+07,1.513956648034157977e+07
8.822667318026379503e-04,1.520876448532713018e+07,1.518540896340368129e+07
8.827552515876893081e-04,1.525481896785459667e+07,1.523139267660427280e+07
8.832437713727405576e-04,1.530101533825983293e+07,1.527751805951618589e+07
8.837322911577919155e-04,1.534735403817425296e+07,1.532378555309142731e+07
8.842208109428431649e-04,1.539383551061478816e+07,1.537019559966526926e+07
8.847093307278944144e-04,1.544046019998827204e+07,1.541674864296086691e+07
8.851978505129457723e-04,1.548722855209581181e+07,1.546344512809339911e+07
8.856863702979970217e-04,1.553414101413720287e+07,1.551028550157462806e+07
8.861748900830483796e-04,1.558119803471532091e+07,1.555727021131723374e+07
8.866634098680996291e-04,1.562840006384054944e+07,1.560439970663920604e+07
8.871519296531508786e-04,1.567574755293521471e+07,1.565167443826837093e+07
8.876404494382022364e-04,1.572324095483804680e+07,1.569909485834672302e+07
8.881289692232534859e-04,1.577088072380866110e+07,1.574666142043496296e+07
8.886174890083048438e-04,1.581866731553200074e+07,1.579437457951693982e+07
8.891060087933560932e-04,1.586660118712286651e+07,1.584223479200414568e+07
8.895945285784074511e-04,1.591468279713039473e+07,1.589024251574021578e+07
8.900830483634587006e-04,1.596291260554262437e+07,1.593839821000544168e+07
8.905715681485099500e-04,1.601129107379098423e+07,1.598670233552131429e+07
8.910600879335613079e-04,1.605981866475487873e+07,1.603515535445507430e+07
8.915486077186125574e-04,1.610849584276625328e+07,1.608375773042422906e+07
8.920371275036639153e-04,1.615732307361415401e+07,1.613250992850117944e+07
8.925256472887151647e-04,1.620630082454934157e+07,1.618141241521779075e+07
8.930141670737664142e-04,1.625542956428890675e+07,1.623046565856994316e+07
8.935026868588177721e-04,1.630470976302086748e+07,1.627967012802229822e+07
8.939912066438690215e-04,1.635414189240884036e+07,1.632902629451268166e+07
8.944797264289203794e-04,1.640372642559666745e+07,1.637853463045702875e+07
8.949682462139716289e-04,1.645346383721309714e+07,1.642819560975377262e+07
8.954567659990229868e-04,1.650335460337647982e+07,1.647800970778875984e+07
8.959452857840742362e-04,1.655339920169945434e+07,1.652797740143969283e+07
8.964338055691254857e-04,1.660359811129364930e+07,1.657809916908109002e+07
8.969223253541768436e-04,1.665395181277443655e+07,1.662837549058883823e+07
8.974108451392280930e-04,1.670446078826565109e+07,1.667880684734490700e+07
8.978993649242794509e-04,1.675512552140436880e+07,1.672939372224231437e+07
8.983878847093307004e-04,1.680594649734565988e+07,1.678013659968960658e+07
8.988764044943819498e-04,1.685692420276740193e+07,1.683103596561585739e+07
8.993649242794333077e-04,1.690805912587505579e+07,1.688209230747535825e+07
8.998534440644845572e-04,1.695935175640650839e+07,1.693330611425248161e+07
9.003419638495359150e-04,1.701080258563689142e+07,1.698467787646645680e+07
9.008304836345871645e-04,1.706241210638344288e+07,1.703620808617624268e+07
9.013190034196385224e-04,1.711418081301036477e+07,1.708789723698540404e+07
9.018075232046897718e-04,1.716610920143369585e+07,1.713974582404692098e+07
9.022960429897410213e-04,1.721819776912623271e+07,1.719175434406816959e+07
9.027845627747923792e-04,1.727044701512239501e+07,1.724392329531573504e+07
9.032730825598436286e-04,1.732285744002321362e+07,1.729625317762035504e+07
9.037616023448949865e-04,1.737542954600121081e+07,1.734874449238193780e+07
9.042501221299462360e-04,1.742816383680541068e+07,1.740139774257437512e+07
9.047386419149974855e-04,1.748106081776627898e+07,1.745421343275058642e+07
9.052271617000488433e-04,1.753412099580072984e+07,1.750719206904755533e+07
9.057156814851000928e-04,1.758734487941712886e+07,1.756033415919115394e+07
9.062042012701514507e-04,1.764073297872029245e+07,1.761364021250139177e+07
9.066927210552027001e-04,1.769428580541657284e+07,1.766711073989721388e+07
9.071812408402540580e-04,1.774800387281885371e+07,1.772074625390169770e+07
9.076697606253053075e-04,1.780188769585165381e+07,1.777454726864706725e+07
9.081582804103565569e-04,1.785593779105622694e+07,1.782851429987975210e+07
9.086468001954079148e-04,1.791015467659562454e+07,1.788264786496553943e+07
9.091353199804591643e-04,1.796453887225982547e+07,1.793694848289459571e+07
9.096238397655105222e-04,1.801909089947088435e+07,1.799141667428670079e+07
9.101123595505617716e-04,1.807381128128807619e+07,1.804605296139624715e+07
9.106008793356130211e-04,1.812870054241305962e+07,1.810085786811756715e+07
9.110893991206643790e-04,1.818375920919504389e+07,1.815583191998997703e+07
9.115779189057156284e-04,1.823898780963601917e+07,1.821097564420301095e+07
9.120664386907669863e-04,1.829438687339593843e+07,1.826628956960165128e+07
9.125549584758182358e-04,1.834995693179799244e+07,1.832177422669151425e+07
9.130434782608695937e-04,1.840569851783381775e+07,1.837743014764413983e+07
9.135319980459208431e-04,1.846161216616878286e+07,1.843325786630215868e+07
9.140205178309720926e-04,1.851769841314724833e+07,1.848925791818468645e+07
9.145090376160234505e-04,1.857395779679791629e+07,1.854543084049253538e+07
9.149975574010746999e-04,1.863039085683908314e+07,1.860177717211350799e+07
9.154860771861260578e-04,1.868699813468401507e+07,1.865829745362780616e+07
9.159745969711773073e-04,1.874378017344627902e+07,1.871499222731327266e+07
9.164631167562285567e-04,1.880073751794511452e+07,1.877186203715081513e+07
9.169516365412799146e-04,1.885787071471082419e+07,1.882890742882979289e+07
9.174401563263311641e-04,1.891518031199015677e+07,1.888612894975332171e+07
9.179286761113825219e-04,1.897266685975174978e+07,1.894352714904375747e+07
9.184171958964337714e-04,1.903033090969151258e+07,1.900110257754813507e+07
9.189057156814851293e-04,1.908817301523816213e+07,1.905885578784355149e+07
9.193942354665363787e-04,1.914619373155860230e+07,1.911678733424267918e+07
9.198827552515876282e-04,1.920439361556348205e+07,1.917489777279916033e+07
9.203712750366389861e-04,1.926277322591266409e+07,1.923318766131329536e+07
9.208597948216902356e-04,1.932133312302075326e+07,1.929165755933726206e+07
9.213483146067415934e-04,1.938007386906262115e+07,1.935030802818094566e+07
9.218368343917928429e-04,1.943899602797899023e+07,1.940913963091725111e+07
9.223253541768440924e-04,1.949810016548200697e+07,1.946815293238784373e+07
9.228138739618954502e-04,1.955738684906078875e+07,1.952734849920861796e+07
9.233023937469466997e-04,1.961685664798709005e+07,1.958672689977531880e+07
9.237909135319980576e-04,1.967651013332090527e+07,1.964628870426923782e+07
9.242794333170493070e-04,1.973634787791611254e+07,1.970603448466270044e+07
9.247679531021006649e-04,1.979637045642614365e+07,1.976596481472494453e+07
9.252564728871519144e-04,1.985657844530965015e+07,1.982608027002747729e+07
9.257449926722031638e-04,1.991697242283621058e+07,1.988638142795013636e+07
9.262335124572545217e-04,1.997755296909205988e+07,1.994686886768648028e+07
9.267220322423057712e-04,2.003832066598582268e+07,2.000754317024970055e+07
9.272105520273571291e-04,2.009927609725424647e+07,2.006840491847826913e+07
9.276990718124083785e-04,2.016041984846797958e+07,2.012945469704181701e+07
9.281875915974596280e-04,2.022175250703738630e+07,2.019069309244674817e+07
9.286761113825109859e-04,2.028327466221833602e+07,2.025212069304217771e+07
9.291646311675622353e-04,2.034498690511801839e+07,2.031373808902571723e+07
9.296531509526135932e-04,2.040688982870081440e+07,2.037554587244927138e+07
9.301416707376648427e-04,2.046898402779413015e+07,2.043754463722492382e+07
9.306301905227162006e-04,2.053127009909431264e+07,2.049973497913081944e+07
9.311187103077674500e-04,2.059374864117253572e+07,2.056211749581703171e+07
9.316072300928186995e-04,2.065642025448071957e+07,2.062469278681147844e+07
9.320957498778700574e-04,2.071928554135746136e+07,2.068746145352588221e+07
9.325842696629213068e-04,2.078234510603401437e+07,2.075042409926165268e+07
9.330727894479726647e-04,2.084559955464023724e+07,2.081358132921596989e+07
9.335613092330239142e-04,2.090904949521061033e+07,2.087693375048757344e+07
9.340498290180751636e-04,2.097269553769024089e+07,2.094048197208302841e+07
9.345383488031265215e-04,2.103653829394090548e+07,2.100422660492255539e+07
9.350268685881777710e-04,2.110057837774708867e+07,2.106816826184605807e+07
9.355153883732291288e-04,2.116481640482207015e+07,2.113230755761939660e+07
9.360039081582803783e-04,2.122925299281400442e+07,2.119664510894019902e+07
9.364924279433317362e-04,2.129388876131203398e+07,2.126118153444418684e+07
9.369809477283829856e-04,2.135872433185242862e+07,2.132591745471115410e+07
9.374694675134342351e-04,2.142376032792472467e+07,2.139085349227117002e+07
9.379579872984855930e-04,2.148899737497789413e+07,2.145599027161075175e+07
9.384465070835368425e-04,2.155443610042652488e+07,2.152132841917895898e+07
9.389350268685882003e-04,2.162007713365706056e+07,2.158686856339368969e+07
9.394235466536394498e-04,2.168592110603398830e+07,2.165261133464786783e+07
9.399120664386906993e-04,2.175196865090610459e+07,2.171855736531561613e+07
9.404005862237420571e-04,2.181822040361279994e+07,2.178470728975863382e+07
9.408891060087933066e-04,2.188467700149032101e+07,2.185106174433237314e+07
9.413776257938446645e-04,2.195133908387807757e+07,2.191762136739237234e+07
9.418661455788959139e-04,2.201820729212499782e+07,2.198438679930060729e+07
9.423546653639471634e-04,2.208528226959582418e+07,2.205135868243174255e+07
9.428431851489985213e-04,2.215256466167754307e+07,2.211853766117961705e+07
9.433317049340497707e-04,2.222005511578574032e+07,2.218592438196344301e+07
9.438202247191011286e-04,2.228775428137099743e+07,2.225351949323442206e+07
9.443087445041523781e-04,2.235566280992532894e+07,2.232132364548197761e+07
9.447972642892037360e-04,2.242378135498866439e+07,2.238933749124027416e+07
9.452857840742549854e-04,2.249211057215524837e+07,2.245756168509471416e+07
9.457743038593062349e-04,2.256065111908020824e+07,2.252599688368826360e+07
9.462628236443575928e-04,2.262940365548601374e+07,2.259464374572823569e+07
9.467513434294088422e-04,2.269836884316901118e+07,2.266350293199246377e+07
9.472398632144602001e-04,2.276754734600600600e+07,2.273257510533614457e+07
9.477283829995114496e-04,2.283693982996078953e+07,2.280186093069812655e+07
9.482169027845626990e-04,2.290654696309078112e+07,2.287136107510783151e+07
9.487054225696140569e-04,2.297636941555359960e+07,2.294107620769149065e+07
9.491939423546653064e-04,2.304640785961373150e+07,2.301100699967906624e+07
9.496824621397166643e-04,2.311666296964916959e+07,2.308115412441069633e+07
9.501709819247679137e-04,2.318713542215809971e+07,2.315151825734348595e+07
9.506595017098192716e-04,2.325782589576557279e+07,2.322210007605814189e+07
9.511480214948705211e-04,2.332873507123027742e+07,2.329290026026564464e+07
9.516365412799217705e-04,2.339986363145123050e+07,2.336391949181413278e+07
9.521250610649731284e-04,2.347121226147456467e+07,2.343515845469546691e+07
9.526135808500243779e-04,2.354278164850029349e+07,2.350661783505208045e+07
9.531021006350757357e-04,2.361457248188916594e+07,2.357829832118383795e+07
9.535906204201269852e-04,2.368658545316941291e+07,2.365020060355473682e+07
9.540791402051782347e-04,2.375882125604367629e+07,2.372232537479983270e+07
9.545676599902295925e-04,2.383128058639582619e+07,2.379467332973210514e+07
9.550561797752808420e-04,2.390396414229789004e+07,2.386724516534920782e+07
9.555446995603321999e-04,2.397687262401694059e+07,2.394004158084054291e+07
9.560332193453834494e-04,2.405000673402205482e+07,2.401306327759413049e+07
9.565217391304348072e-04,2.412336717699121684e+07,2.408631095920341834e+07
9.570102589154860567e-04,2.419695465981838852e+07,2.415978533147453889e+07
9.574987787005373062e-04,2.427076989162044600e+07,2.423348710243299231e+07
9.579872984855886640e-04,2.434481358374421299e+07,2.430741698233093321e+07
9.584758182706399135e-04,2.441908644977353886e+07,2.438157568365390226e+07
9.589643380556912714e-04,2.449358920553632826e+07,2.445596392112826183e+07
9.594528578407425208e-04,2.456832256911165640e+07,2.453058241172789037e+07
9.599413776257937703e-04,2.464328726083688438e+07,2.460543187468158826e+07
9.604298974108451282e-04,2.471848400331478566e+07,2.468051303148007020e+07
9.609184171958963776e-04,2.479391352142072096e+07,2.475582660588305816e+07
9.614069369809477355e-04,2.486957654230979457e+07,2.483137332392661646e+07
9.618954567659989850e-04,2.494547379542410001e+07,2.490715391393015906e+07
9.623839765510503429e-04,2.502160601249990240e+07,2.498316910650388151e+07
9.628724963361015923e-04,2.509797392757492512e+07,2.505941963455571979e+07
9.633610161211528418e-04,2.517457827699560672e+07,2.513590623329892009e+07
9.638495359062041997e-04,2.525141979942440987e+07,2.521262964025914297e+07
9.643380556912554491e-04,2.532849923584710807e+07,2.528959059528174996e+07
9.648265754763068070e-04,2.540581732958018780e+07,2.536678984053922445e+07
9.653150952613580565e-04,2.548337482627816498e+07,2.544422812053852901e+07
9.658036150464093059e-04,2.556117247394100949e+07,2.552190618212844431e+07
9.662921348314606638e-04,2.563921102292151749e+07,2.559982477450693026e+07
9.667806546165119133e-04,2.571749122593280673e+07,2.567798464922863245e+07
9.672691744015632712e-04,2.579601383805572242e+07,2.575638656021234021e+07
9.677576941866145206e-04,2.587477961674635485e+07,2.583503126374835521e+07
9.682462139716658785e-04,2.595378932184352726e+07,2.591391951850607991e+07
9.687347337567171280e-04,2.603304371557636186e+07,2.599305208554155752e+07
9.692232535417683774e-04,2.611254356257179379e+07,2.607242972830488160e+07
9.697117733268197353e-04,2.619228962986218184e+07,2.615205321264792606e+07
9.702002931118709848e-04,2.627228268689290434e+07,2.623192330683183670e+07
9.706888128969223426e-04,2.635252350552996993e+07,2.631204078153473511e+07
9.711773326819735921e-04,2.643301286006769538e+07,2.639240640985916927e+07
9.716658524670248416e-04,2.651375152723639086e+07,2.647302096734001860e+07
9.721543722520761995e-04,2.659474028621001169e+07,2.655388523195213825e+07
9.726428920371274489e-04,2.667597991861394793e+07,2.663499998411777988e+07
9.731314118221788068e-04,2.675747120853272825e+07,2.671636600671485439e+07
9.736199316072300563e-04,2.683921494251779839e+07,2.679798408508414403e+07
9.741084513922814141e-04,2.692121190959535912e+07,2.687985500703756139e+07
9.745969711773326636e-04,2.700346290127414837e+07,2.696197956286555529e+07
9.750854909623839131e-04,2.708596871155330166e+07,2.704435854534528777e+07
9.755740107474352709e-04,2.716873013693025336e+07,2.712699274974831194e+07
9.760625305324865204e-04,2.725174797640860453e+07,2.720988297384846583e+07
9.765510503175378783e-04,2.733502303150605410e+07,2.729303001792985946e+07
9.770395701025891277e-04,2.741855610626235604e+07,2.737643468479472399e+07
9.775280898876403772e-04,2.750234800724728405e+07,2.746009777977144718e+07
9.780166096726916267e-04,2.758639954356864840e+07,2.754402011072253436e+07
9.785051294577430930e-04,2.767071152688029036e+07,2.762820248805268109e+07
9.789936492427943424e-04,2.775528477139018476e+07,2.771264572471656278e+07
9.794821690278455919e-04,2.784012009386845678e+07,2.779735063622731343e+07
9.799706888128968413e-04,2.792521831365552917e+07,2.788231804066423699e+07
9.804592085979480908e-04,2.801058025267023593e+07,2.796754875868119299e+07
9.809477283829995571e-04,2.809620673541797325e+07,2.805304361351456866e+07
9.814362481680508066e-04,2.818209858899887651e+07,2.813880343099139258e+07
9.819247679531020560e-04,2.826825664311602712e+07,2.822482903953782097e+07
9.824132877381533055e-04,2.835468173008368909e+07,2.831112127018702775e+07
9.829018075232047718e-04,2.844137468483558297e+07,2.839768095658770576e+07
9.833903273082560213e-04,2.852833634493313730e+07,2.848450893501212820e+07
9.838788470933072707e-04,2.861556755057380348e+07,2.857160604436459020e+07
9.843673668783585202e-04,2.870306914459943771e+07,2.865897312618963420e+07
9.848558866634097696e-04,2.879084197250461578e+07,2.874661102468057349e+07
9.853444064484612359e-04,2.887888688244501874e+07,2.883452058668764681e+07
9.858329262335124854e-04,2.896720472524591163e+07,2.892270266172651201e+07
9.863214460185637349e-04,2.905579635441049933e+07,2.901115810198672488e+07
9.868099658036149843e-04,2.914466262612846866e+07,2.909988776234018803e+07
9.872984855886662338e-04,2.923380439928445593e+07,2.918889250034957007e+07
9.877870053737177001e-04,2.932322253546657041e+07,2.927817317627687752e+07
9.882755251587689495e-04,2.941291789897494018e+07,2.936773065309186280e+07
9.887640449438201990e-04,2.950289135683033243e+07,2.945756579648085684e+07
9.892525647288714485e-04,2.959314377878269553e+07,2.954767947485509887e+07
9.897410845139226979e-04,2.968367603731984273e+07,2.963807255935949832e+07
9.902296042989741642e-04,2.977448900767609105e+07,2.972874592388126627e+07
9.907181240840254137e-04,2.986558356784091890e+07,2.981970044505842030e+07
9.912066438690766632e-04,2.995696059856775403e+07,2.991093700228881463e+07
9.916951636541279126e-04,3.004862098338266090e+07,3.000245647773857042e+07
9.921836834391791621e-04,3.014056560859312490e+07,3.009425975635097548e+07
9.926722032242306284e-04,3.023279536329687387e+07,3.018634772585531697e+07
9.931607230092818778e-04,3.032531113939066604e+07,3.027872127677550167e+07
9.936492427943331273e-04,3.041811383157917485e+07,3.037138130243907124e+07
9.941377625793843768e-04,3.051120433738385513e+07,3.046432869898602739e+07
9.946262823644358431e-04,3.060458355715186894e+07,3.055756436537777632e+07
9.951148021494870925e-04,3.069825239406501129e+07,3.065108920340581983e+07
9.956033219345383420e-04,3.079221175414869934e+07,3.074490411770105362e+07
9.960918417195895914e-04,3.088646254628091678e+07,3.083901001574251056e+07
9.965803615046408409e-04,3.098100568220132962e+07,3.093340780786652490e+07
9.970688812896923072e-04,3.107584207652023435e+07,3.102809840727561340e+07
9.975574010747435567e-04,3.117097264672773331e+07,3.112308273004760593e+07
9.980459208597948061e-04,3.126639831320279464e+07,3.121836169514476508e+07
9.985344406448460556e-04,3.136211999922239035e+07,3.131393622442302108e+07
9.990229604298973051e-04,3.145813863097069412e+07,3.140980724264090508e+07
9.995114802149487714e-04,3.155445513754826412e+07,3.150597567746888474e+07
1.000000000000000021e-03,3.165107045098126307e+07,3.160244245949848741e+07
