r_m,J_amplitude_A_per_m2,J_phase_deg
0.000000000000000000e+00,2.798969867039565579e+05,3.815066537798229973e+01
4.885197850512945656e-07,2.798969867081355769e+05,3.815097847193349878e+01
9.770395701025891311e-07,2.798969867485326831e+05,3.815191775378698225e+01
1.465559355153883697e-06,2.798969868998124148e+05,3.815348322354214616e+01
1.954079140205178262e-06,2.798969872872654814e+05,3.815567488119667416e+01
2.442598925256472616e-06,2.798969880863831495e+05,3.815849272674475401e+01
2.931118710307767393e-06,2.798969895228192327e+05,3.816193676017442016e+01
3.419638495359062171e-06,2.798969918723812443e+05,3.816600698146417159e+01
3.908158280410356525e-06,2.798969954610274290e+05,3.817070339057887196e+01
4.396678065461650878e-06,2.798970006648648996e+05,3.817602598746492504e+01
4.885197850512945232e-06,2.798970079101499286e+05,3.818197477204459034e+01
5.373717635564240433e-06,2.798970176732870168e+05,3.818854974420970194e+01
5.862237420615534787e-06,2.798970304808289511e+05,3.819575090381449201e+01
6.350757205666829141e-06,2.798970469094763976e+05,3.820357825066782453e+01
6.839276990718124341e-06,2.798970675860780175e+05,3.821203178452449123e+01
7.327796775769418695e-06,2.798970931876305258e+05,3.822111150507595312e+01
7.816316560820713049e-06,2.798971244412779342e+05,3.823081741194017269e+01
8.304836345872008250e-06,2.798971621243119007e+05,3.824114950465083496e+01
8.793356130923301757e-06,2.798972070641713217e+05,3.825210778264569456e+01
9.281875915974596957e-06,2.798972601384424488e+05,3.826369224525427626e+01
9.770395701025890464e-06,2.798973222748580738e+05,3.827590289168475124e+01
1.025891548607718567e-05,2.798973944512977032e+05,3.828873972101015255e+01
1.074743527112848087e-05,2.798974776957873255e+05,3.830220273215373084e+01
1.123595505617977437e-05,2.798975730864983634e+05,3.831629192387367766e+01
1.172447484123106957e-05,2.798976817517481395e+05,3.833100729474697488e+01
1.221299462628236477e-05,2.798978048699985375e+05,3.834634884315265424e+01
1.270151441133365828e-05,2.798979436698560603e+05,3.836231656725416883e+01
1.319003419638495348e-05,2.798980994300706661e+05,3.837891046498107528e+01
1.367855398143624868e-05,2.798982734795357683e+05,3.839613053400996989e+01
1.416707376648754219e-05,2.798984671972863725e+05,3.841397677174469294e+01
1.465559355153883739e-05,2.798986820124992519e+05,3.843244917529570870e+01
1.514411333659013090e-05,2.798989194044910837e+05,3.845154774145885312e+01
1.563263312164142610e-05,2.798991809027178679e+05,3.847127246669327150e+01
1.612115290669271960e-05,2.798994680867733550e+05,3.849162334709852473e+01
1.660967269174401650e-05,2.798997825863880571e+05,3.851260037839120542e+01
1.709819247679531001e-05,2.799001260814273264e+05,3.853420355588045254e+01
1.758671226184660351e-05,2.799005003018897842e+05,3.855643287444302558e+01
1.807523204689790041e-05,2.799009070279058651e+05,3.857928832849751188e+01
1.856375183194919391e-05,2.799013480897355475e+05,3.860276991197772389e+01
1.905227161700048742e-05,2.799018253677662578e+05,3.862687761830545696e+01
1.954079140205178093e-05,2.799023407925107749e+05,3.865161144036247975e+01
2.002931118710307782e-05,2.799028963446042035e+05,3.867697137046171463e+01
2.051783097215437133e-05,2.799034940548021113e+05,3.870295740031775722e+01
2.100635075720566484e-05,2.799041360039768624e+05,3.872956952101658601e+01
2.149487054225696173e-05,2.799048243231149972e+05,3.875680772298461818e+01
2.198339032730825524e-05,2.799055611933135660e+05,3.878467199595682757e+01
2.247191011235954875e-05,2.799063488457766944e+05,3.881316232894441498e+01
2.296042989741084564e-05,2.799071895618117414e+05,3.884227871020145528e+01
2.344894968246213915e-05,2.799080856728249346e+05,3.887202112719094060e+01
2.393746946751343265e-05,2.799090395603172365e+05,3.890238956655011293e+01
2.442598925256472955e-05,2.799100536558798049e+05,3.893338401405492277e+01
2.491450903761602306e-05,2.799111304411884048e+05,3.896500445458387674e+01
2.540302882266731656e-05,2.799122724479989847e+05,3.899725087208110352e+01
2.589154860771861346e-05,2.799134822581411572e+05,3.903012324951860990e+01
2.638006839276990696e-05,2.799147625035129604e+05,3.906362156885793269e+01
2.686858817782120047e-05,2.799161158660739893e+05,3.909774581101092394e+01
2.735710796287249737e-05,2.799175450778392260e+05,3.913249595579986106e+01
2.784562774792379087e-05,2.799190529208715307e+05,3.916787198191686059e+01
2.833414753297508438e-05,2.799206422272744821e+05,3.920387386688244646e+01
2.882266731802637789e-05,2.799223158791840542e+05,3.924050158700345747e+01
2.931118710307767478e-05,2.799240768087611068e+05,3.927775511733024416e+01
2.979970688812896829e-05,2.799259279981817817e+05,3.931563443161308413e+01
3.028822667318026179e-05,2.799278724796290626e+05,3.935413950225783708e+01
3.077674645823155530e-05,2.799299133352822973e+05,3.939327030028096743e+01
3.126526624328285220e-05,2.799320536973080016e+05,3.943302679526375698e+01
3.175378602833414909e-05,2.799342967478484497e+05,3.947340895530579985e+01
3.224230581338543921e-05,2.799366457190107321e+05,3.951441674697778694e+01
3.273082559843673610e-05,2.799391038928553462e+05,3.955605013527362246e+01
3.321934538348803300e-05,2.799416746013836237e+05,3.959830908356165224e+01
3.370786516853932312e-05,2.799443612265246920e+05,3.964119355353533791e+01
3.419638495359062001e-05,2.799471672001227853e+05,3.968470350516317779e+01
3.468490473864191691e-05,2.799500960039225174e+05,3.972883889663776813e+01
3.517342452369320703e-05,2.799531511695546214e+05,3.977359968432435267e+01
3.566194430874450392e-05,2.799563362785206409e+05,3.981898582270853382e+01
3.615046409379580082e-05,2.799596549621768645e+05,3.986499726434324486e+01
3.663898387884709094e-05,2.799631109017179697e+05,3.991163395979511819e+01
3.712750366389838783e-05,2.799667078281595604e+05,3.995889585759009321e+01
3.761602344894968472e-05,2.799704495223199483e+05,4.000678290415821436e+01
3.810454323400097484e-05,2.799743398148019332e+05,4.005529504377792449e+01
3.859306301905227174e-05,2.799783825859730132e+05,4.010443221851947015e+01
3.908158280410356186e-05,2.799825817659449531e+05,4.015419436818773846e+01
3.957010258915485875e-05,2.799869413345530629e+05,4.020458143026429809e+01
4.005862237420615565e-05,2.799914653213342535e+05,4.025559333984880084e+01
4.054714215925744577e-05,2.799961578055041027e+05,4.030723002959967971e+01
4.103566194430874266e-05,2.800010229159338633e+05,4.035949142967410808e+01
4.152418172936003956e-05,2.800060648311255500e+05,4.041237746766739747e+01
4.201270151441132967e-05,2.800112877791866194e+05,4.046588806855152853e+01
4.250122129946262657e-05,2.800166960378043586e+05,4.052002315461317039e+01
4.298974108451392346e-05,2.800222939342178870e+05,4.057478264539091128e+01
4.347826086956521358e-05,2.800280858451906824e+05,4.063016645761185686e+01
4.396678065461651048e-05,2.800340761969811865e+05,4.068617450512757472e+01
4.445530043966780737e-05,2.800402694653130020e+05,4.074280669884931427e+01
4.494382022471909749e-05,2.800466701753433445e+05,4.080006294668261546e+01
4.543234000977039439e-05,2.800532829016313772e+05,4.085794315346119987e+01
4.592085979482169128e-05,2.800601122681048000e+05,4.091644722088030761e+01
4.640937957987298140e-05,2.800671629480251577e+05,4.097557504742923840e+01
4.689789936492427829e-05,2.800744396639532642e+05,4.103532652832335970e+01
4.738641914997557519e-05,2.800819471877118340e+05,4.109570155543543279e+01
4.787493893502686531e-05,2.800896903403482283e+05,4.115670001722627092e+01
4.836345872007816220e-05,2.800976739920955151e+05,4.121832179867481472e+01
4.885197850512945910e-05,2.801059030623321887e+05,4.128056678120751144e+01
4.934049829018074922e-05,2.801143825195409008e+05,4.134343484262711854e+01
4.982901807523204611e-05,2.801231173812658526e+05,4.140692585704091044e+01
5.031753786028334301e-05,2.801321127140693134e+05,4.147103969478814633e+01
5.080605764533463312e-05,2.801413736334856949e+05,4.153577622236709743e+01
5.129457743038593002e-05,2.801509053039758001e+05,4.160113530236132817e+01
5.178309721543722691e-05,2.801607129388786270e+05,4.166711679336543739e+01
5.227161700048851703e-05,2.801708018003620091e+05,4.173372054991023106e+01
5.276013678553981393e-05,2.801811771993724979e+05,4.180094642238722713e+01
5.324865657059111082e-05,2.801918444955826853e+05,4.186879425697267720e+01
5.373717635564240094e-05,2.802028090973381768e+05,4.193726389555091316e+01
5.422569614069369784e-05,2.802140764616022352e+05,4.200635517563718935e+01
5.471421592574499473e-05,2.802256520938997273e+05,4.207606793029997760e+01
5.520273571079628485e-05,2.802375415482586832e+05,4.214640198808262284e+01
5.569125549584758174e-05,2.802497504271509824e+05,4.221735717292451540e+01
5.617977528089887186e-05,2.802622843814315274e+05,4.228893330408170215e+01
5.666829506595016876e-05,2.802751491102744476e+05,4.236113019604700725e+01
5.715681485100146565e-05,2.802883503611098859e+05,4.243394765846950634e+01
5.764533463605275577e-05,2.803018939295572927e+05,4.250738549607363126e+01
5.813385442110405267e-05,2.803157856593577890e+05,4.258144350857763527e+01
5.862237420615534956e-05,2.803300314423050149e+05,4.265612149061163905e+01
5.911089399120663968e-05,2.803446372181734187e+05,4.273141923163512956e+01
5.959941377625793658e-05,2.803596089746458456e+05,4.280733651585400423e+01
6.008793356130923347e-05,2.803749527472385671e+05,4.288387312213713187e+01
6.057645334636052359e-05,2.803906746192243882e+05,4.296102882393238076e+01
6.106497313141182048e-05,2.804067807215550565e+05,4.303880338918236248e+01
6.155349291646311060e-05,2.804232772327803541e+05,4.311719658023942259e+01
6.204201270151441427e-05,2.804401703789659077e+05,4.319620815378052470e+01
6.253053248656570439e-05,2.804574664336095448e+05,4.327583786072145955e+01
6.301905227161699451e-05,2.804751717175546801e+05,4.335608544613074855e+01
6.350757205666829818e-05,2.804932925989028299e+05,4.343695064914307125e+01
6.399609184171958830e-05,2.805118354929230991e+05,4.351843320287236594e+01
6.448461162677087842e-05,2.805308068619606202e+05,4.360053283432443294e+01
6.497313141182218209e-05,2.805502132153418497e+05,4.368324926430927491e+01
6.546165119687347221e-05,2.805700611092787003e+05,4.376658220735293980e+01
6.595017098192476233e-05,2.805903571467698785e+05,4.385053137160914360e+01
6.643869076697606600e-05,2.806111079775010585e+05,4.393509645877040981e+01
6.692721055202735612e-05,2.806323202977415640e+05,4.402027716397896029e+01
6.741573033707864624e-05,2.806540008502395940e+05,4.410607317573727926e+01
6.790425012212994991e-05,2.806761564241157612e+05,4.419248417581827937e+01
6.839276990718124003e-05,2.806987938547529629e+05,4.427950983917527594e+01
6.888128969223253014e-05,2.807219200236852048e+05,4.436714983385161304e+01
6.936980947728383382e-05,2.807455418584837462e+05,4.445540382089002662e+01
6.985832926233512393e-05,2.807696663326406269e+05,4.454427145424175194e+01
7.034684904738641405e-05,2.807943004654503311e+05,4.463375238067532536e+01
7.083536883243771772e-05,2.808194513218882494e+05,4.472384623968529382e+01
7.132388861748900784e-05,2.808451260124881519e+05,4.481455266340050514e+01
7.181240840254029796e-05,2.808713316932157613e+05,4.490587127649237686e+01
7.230092818759160163e-05,2.808980755653404631e+05,4.499780169608283131e+01
7.278944797264289175e-05,2.809253648753048619e+05,4.509034353165214526e+01
7.327796775769418187e-05,2.809532069145910209e+05,4.518349638494655807e+01
7.376648754274548554e-05,2.809816090195850120e+05,4.527725984988581587e+01
7.425500732779677566e-05,2.810105785714382655e+05,4.537163351247046705e+01
7.474352711284806578e-05,2.810401229959267657e+05,4.546661695068920750e+01
7.523204689789936945e-05,2.810702497633072198e+05,4.556220973442588473e+01
7.572056668295065957e-05,2.811009663881709566e+05,4.565841142536667974e+01
7.620908646800194969e-05,2.811322804292946821e+05,4.575522157690700453e+01
7.669760625305325336e-05,2.811641994894894306e+05,4.585263973405844240e+01
7.718612603810454348e-05,2.811967312154456158e+05,4.595066543335564546e+01
7.767464582315583360e-05,2.812298832975762780e+05,4.604929820276318253e+01
7.816316560820712371e-05,2.812636634698571288e+05,4.614853756158242248e+01
7.865168539325842739e-05,2.812980795096636866e+05,4.624838302035837501e+01
7.914020517830971750e-05,2.813331392376064323e+05,4.634883408078660239e+01
7.962872496336100762e-05,2.813688505173618905e+05,4.644989023562018104e+01
8.011724474841231129e-05,2.814052212555012666e+05,4.655155096857669861e+01
8.060576453346360141e-05,2.814422594013173366e+05,4.665381575424535754e+01
8.109428431851489153e-05,2.814799729466469144e+05,4.675668405799418537e+01
8.158280410356619520e-05,2.815183699256906402e+05,4.686015533587736570e+01
8.207132388861748532e-05,2.815574584148307331e+05,4.696422903454267583e+01
8.255984367366877544e-05,2.815972465324449586e+05,4.706890459113914460e+01
8.304836345872007911e-05,2.816377424387178035e+05,4.717418143322481683e+01
8.353688324377136923e-05,2.816789543354486814e+05,4.728005897867482332e+01
8.402540302882265935e-05,2.817208904658569954e+05,4.738653663558955031e+01
8.451392281387396302e-05,2.817635591143844067e+05,4.749361380220311446e+01
8.500244259892525314e-05,2.818069686064936686e+05,4.760128986679212915e+01
8.549096238397654326e-05,2.818511273084650165e+05,4.770956420758464844e+01
8.597948216902784693e-05,2.818960436271881917e+05,4.781843619266952317e+01
8.646800195407913705e-05,2.819417260099529522e+05,4.792790517990602694e+01
8.695652173913042716e-05,2.819881829442350427e+05,4.803797051683382335e+01
8.744504152418173084e-05,2.820354229574796045e+05,4.814863154058330252e+01
8.793356130923302095e-05,2.820834546168818488e+05,4.825988757778633698e+01
8.842208109428431107e-05,2.821322865291635389e+05,4.837173794448741404e+01
8.891060087933561474e-05,2.821819273403470288e+05,4.848418194605520881e+01
8.939912066438690486e-05,2.822323857355258660e+05,4.859721887709461186e+01
8.988764044943819498e-05,2.822836704386316123e+05,4.871084802135926139e+01
9.037616023448949865e-05,2.823357902121986263e+05,4.882506865166451604e+01
9.086468001954078877e-05,2.823887538571244804e+05,4.893988002980101726e+01
9.135319980459207889e-05,2.824425702124272357e+05,4.905528140644875634e+01
9.184171958964338256e-05,2.824972481549998629e+05,4.917127202109175244e+01
9.233023937469467268e-05,2.825527965993612888e+05,4.928785110193325636e+01
9.281875915974596280e-05,2.826092244974034838e+05,4.940501786581163657e+01
9.330727894479726647e-05,2.826665408381359885e+05,4.952277151811689038e+01
9.379579872984855659e-05,2.827247546474271803e+05,4.964111125270780889e+01
9.428431851489984671e-05,2.827838749877408845e+05,4.976003625182984536e+01
9.477283829995115038e-05,2.828439109578712378e+05,4.987954568603370831e+01
9.526135808500244050e-05,2.829048716926734778e+05,4.999963871409463678e+01
9.574987787005373062e-05,2.829667663627910079e+05,5.012031448293253533e+01
9.623839765510503429e-05,2.830296041743794922e+05,5.024157212753281243e+01
9.672691744015632441e-05,2.830933943688276922e+05,5.036341077086810714e+01
9.721543722520761452e-05,2.831581462224747520e+05,5.048582952382076883e+01
9.770395701025891820e-05,2.832238690463237581e+05,5.060882748510629625e+01
9.819247679531020831e-05,2.832905721857523895e+05,5.073240374119760077e+01
9.868099658036149843e-05,2.833582650202202494e+05,5.085655736625021461e+01
9.916951636541280210e-05,2.834269569629716570e+05,5.098128742202845132e+01
9.965803615046409222e-05,2.834966574607368093e+05,5.110659295783248979e+01
1.001465559355153823e-04,2.835673759934279369e+05,5.123247301042651713e+01
1.006350757205666860e-04,2.836391220738330740e+05,5.135892660396782361e+01
1.011235955056179761e-04,2.837119052473058109e+05,5.148595274993702731e+01
1.016121152906692662e-04,2.837857350914521376e+05,5.161355044706925099e+01
1.021006350757205699e-04,2.838606212158132112e+05,5.174171868128653529e+01
1.025891548607718600e-04,2.839365732615456218e+05,5.187045642563128922e+01
1.030776746458231502e-04,2.840136009010973503e+05,5.199976264020090611e+01
1.035661944308744538e-04,2.840917138378811069e+05,5.212963627208355888e+01
1.040547142159257439e-04,2.841709218059437117e+05,5.226007625529523182e+01
1.045432340009770341e-04,2.842512345696320408e+05,5.239108151071794595e+01
1.050317537860283377e-04,2.843326619232566445e+05,5.252265094603923501e+01
1.055202735710796279e-04,2.844152136907504173e+05,5.265478345569295726e+01
1.060087933561309180e-04,2.844988997253252310e+05,5.278747792080134360e+01
1.064973131411822216e-04,2.845837299091246095e+05,5.292073320911847389e+01
1.069858329262335118e-04,2.846697141528730281e+05,5.305454817497501097e+01
1.074743527112848019e-04,2.847568623955223011e+05,5.318892165922440540e+01
1.079628724963361056e-04,2.848451846038941876e+05,5.332385248919047882e+01
1.084513922813873957e-04,2.849346907723201439e+05,5.345933947861646374e+01
1.089399120664386858e-04,2.850253909222775837e+05,5.359538142761552137e+01
1.094284318514899895e-04,2.851172951020227629e+05,5.373197712262268766e+01
1.099169516365412796e-04,2.852104133862206363e+05,5.386912533634844635e+01
1.104054714215925697e-04,2.853047558755713981e+05,5.400682482773375170e+01
1.108939912066438598e-04,2.854003326964340522e+05,5.414507434190667112e+01
1.113825109916951635e-04,2.854971540004464332e+05,5.428387261014065501e+01
1.118710307767464536e-04,2.855952299641420250e+05,5.442321834981434137e+01
1.123595505617977437e-04,2.856945707885643351e+05,5.456311026437307987e+01
1.128480703468490474e-04,2.857951866988772526e+05,5.470354704329210449e+01
1.133365901319003375e-04,2.858970879439730779e+05,5.484452736204144685e+01
1.138251099169516276e-04,2.860002847960770596e+05,5.498604988205248389e+01
1.143136297020029313e-04,2.861047875503487885e+05,5.512811325068632584e+01
1.148021494870542214e-04,2.862106065244812635e+05,5.527071610120393075e+01
1.152906692721055115e-04,2.863177520582962898e+05,5.541385705273803097e+01
1.157791890571568152e-04,2.864262345133372000e+05,5.555753471026685020e+01
1.162677088422081053e-04,2.865360642724583740e+05,5.570174766458975313e+01
1.167562286272593955e-04,2.866472517394128372e+05,5.584649449230465734e+01
1.172447484123106991e-04,2.867598073384355521e+05,5.599177375578739202e+01
1.177332681973619892e-04,2.868737415138253127e+05,5.613758400317298225e+01
1.182217879824132794e-04,2.869890647295229719e+05,5.628392376833888022e+01
1.187103077674645830e-04,2.871057874686871655e+05,5.643079157089007225e+01
1.191988275525158732e-04,2.872239202332674176e+05,5.657818591614629611e+01
1.196873473375671633e-04,2.873434735435746843e+05,5.672610529513119104e+01
1.201758671226184669e-04,2.874644579378489289e+05,5.687454818456343730e+01
1.206643869076697571e-04,2.875868839718245436e+05,5.702351304685006994e+01
1.211529066927210472e-04,2.877107622182927444e+05,5.717299833008175369e+01
1.216414264777723508e-04,2.878361032666623360e+05,5.732300246803013266e+01
1.221299462628236410e-04,2.879629177225169842e+05,5.747352388014743951e+01
1.226184660478749446e-04,2.880912162071705679e+05,5.762456097156805157e+01
1.231069858329262212e-04,2.882210093572204350e+05,5.777611213311230642e+01
1.235955056179775249e-04,2.883523078240980976e+05,5.792817574129249891e+01
1.240840254030288285e-04,2.884851222736176569e+05,5.808075015832095289e+01
1.245725451880801051e-04,2.886194633855220745e+05,5.823383373212041647e+01
1.250610649731314088e-04,2.887553418530271156e+05,5.838742479633666704e+01
1.255495847581827125e-04,2.888927683823638945e+05,5.854152167035326215e+01
1.260381045432339890e-04,2.890317536923182779e+05,5.869612265930864226e+01
1.265266243282852927e-04,2.891723085137694143e+05,5.885122605411546459e+01
1.270151441133365964e-04,2.893144435892252368e+05,5.900683013148225342e+01
1.275036638983878729e-04,2.894581696723574423e+05,5.916293315393735242e+01
1.279921836834391766e-04,2.896034975275330362e+05,5.931953336985511527e+01
1.284807034684904803e-04,2.897504379293458769e+05,5.947662901348454056e+01
1.289692232535417568e-04,2.898990016621446703e+05,5.963421830498023724e+01
1.294577430385930605e-04,2.900491995195613126e+05,5.979229945043564953e+01
1.299462628236443642e-04,2.902010423040358000e+05,5.995087064191878312e+01
1.304347826086956407e-04,2.903545408263410209e+05,6.010993005751019780e+01
1.309233023937469444e-04,2.905097059051051619e+05,6.026947586134348001e+01
1.314118221787982481e-04,2.906665483663337072e+05,6.042950620364814540e+01
1.319003419638495247e-04,2.908250790429291083e+05,6.059001922079480096e+01
1.323888617489008283e-04,2.909853087742096395e+05,6.075101303534290764e+01
1.328773815339521320e-04,2.911472484054278466e+05,6.091248575609088078e+01
1.333659013190034086e-04,2.913109087872862001e+05,6.107443547812864892e+01
1.338544211040547122e-04,2.914763007754533319e+05,6.123686028289269245e+01
1.343429408891060159e-04,2.916434352300785831e+05,6.139975823822347678e+01
1.348314606741572925e-04,2.918123230153056211e+05,6.156312739842543635e+01
1.353199804592085961e-04,2.919829749987856485e+05,6.172696580432931768e+01
1.358085002442598998e-04,2.921554020511890412e+05,6.189127148335708029e+01
1.362970200293111764e-04,2.923296150457175681e+05,6.205604244958922067e+01
1.367855398143624801e-04,2.925056248576152720e+05,6.222127670383465414e+01
1.372740595994137837e-04,2.926834423636784195e+05,6.238697223370294864e+01
1.377625793844650603e-04,2.928630784417660907e+05,6.255312701367917327e+01
1.382510991695163640e-04,2.930445439703091979e+05,6.271973900520114142e+01
1.387396189545676676e-04,2.932278498278208426e+05,6.288680615673918339e+01
1.392281387396189442e-04,2.934130068924043444e+05,6.305432640387841303e+01
1.397166585246702479e-04,2.936000260412632488e+05,6.322229766940341733e+01
1.402051783097215515e-04,2.937889181502099964e+05,6.339071786338547554e+01
1.406936980947728281e-04,2.939796940931748832e+05,6.355958488327225808e+01
1.411822178798241318e-04,2.941723647417156608e+05,6.372889661398002659e+01
1.416707376648754354e-04,2.943669409645267297e+05,6.389865092798822843e+01
1.421592574499267120e-04,2.945634336269488558e+05,6.406884568543654268e+01
1.426477772349780157e-04,2.947618535904794699e+05,6.423947873422456212e+01
1.431362970200293194e-04,2.949622117122829659e+05,6.441054791011372060e+01
1.436248168050805959e-04,2.951645188447020482e+05,6.458205103683179971e+01
1.441133365901318996e-04,2.953687858347696019e+05,6.475398592617976590e+01
1.446018563751832033e-04,2.955750235237210291e+05,6.492635037814116572e+01
1.450903761602344798e-04,2.957832427465076325e+05,6.509914218099380889e+01
1.455788959452857835e-04,2.959934543313106988e+05,6.527235911142399516e+01
1.460674157303370872e-04,2.962056690990570933e+05,6.544599893464295803e+01
1.465559355153883637e-04,2.964198978629349731e+05,6.562005940450588071e+01
1.470444553004396674e-04,2.966361514279116527e+05,6.579453826363317148e+01
1.475329750854909711e-04,2.968544405902524013e+05,6.596943324353412663e+01
1.480214948705422476e-04,2.970747761370399385e+05,6.614474206473288120e+01
1.485100146555935513e-04,2.972971688456965494e+05,6.632046243689683251e+01
1.489985344406448550e-04,2.975216294835066656e+05,6.649659205896718106e+01
1.494870542256961316e-04,2.977481688071416575e+05,6.667312861929190149e+01
1.499755740107474352e-04,2.979767975621861988e+05,6.685006979576094466e+01
1.504640937957987389e-04,2.982075264826660859e+05,6.702741325594368504e+01
1.509526135808500155e-04,2.984403662905789097e+05,6.720515665722861343e+01
1.514411333659013191e-04,2.986753276954250759e+05,6.738329764696523227e+01
1.519296531509526228e-04,2.989124213937423192e+05,6.756183386260818224e+01
1.524181729360038994e-04,2.991516580686423695e+05,6.774076293186350028e+01
1.529066927210552030e-04,2.993930483893482597e+05,6.792008247283699518e+01
1.533952125061065067e-04,2.996366030107363476e+05,6.809979009418489682e+01
1.538837322911577833e-04,2.998823325728783384e+05,6.827988339526635286e+01
1.543722520762090870e-04,3.001302477005881374e+05,6.846035996629829867e+01
1.548607718612603906e-04,3.003803590029692859e+05,6.864121738851210353e+01
1.553492916463116672e-04,3.006326770729663549e+05,6.882245323431240536e+01
1.558378114313629709e-04,3.008872124869188410e+05,6.900406506743790658e+01
1.563263312164142474e-04,3.011439758041172754e+05,6.918605044312408836e+01
1.568148510014655511e-04,3.014029775663636974e+05,6.936840690826788602e+01
1.573033707865168548e-04,3.016642282975338749e+05,6.955113200159432552e+01
1.577918905715681313e-04,3.019277385031433078e+05,6.973422325382490783e+01
1.582804103566194350e-04,3.021935186699160258e+05,6.991767818784801136e+01
1.587689301416707387e-04,3.024615792653572280e+05,7.010149431889088589e+01
1.592574499267220152e-04,3.027319307373292977e+05,7.028566915469366450e+01
1.597459697117733189e-04,3.030045835136302048e+05,7.047020019568493865e+01
1.602344894968246226e-04,3.032795480015779031e+05,7.065508493515912392e+01
1.607230092818758992e-04,3.035568345875951927e+05,7.084032085945548829e+01
1.612115290669272028e-04,3.038364536368013360e+05,7.102590544813882900e+01
1.617000488519785065e-04,3.041184154926054762e+05,7.121183617418171252e+01
1.621885686370297831e-04,3.044027304763050051e+05,7.139811050414833460e+01
1.626770884220810867e-04,3.046894088866872480e+05,7.158472589837988664e+01
1.631656082071323904e-04,3.049784609996361542e+05,7.177167981118145690e+01
1.636541279921836670e-04,3.052698970677423058e+05,7.195896969101021057e+01
1.641426477772349706e-04,3.055637273199174087e+05,7.214659298066527526e+01
1.646311675622862743e-04,3.058599619610131485e+05,7.233454711747874910e+01
1.651196873473375509e-04,3.061586111714448780e+05,7.252282953350811567e+01
1.656082071323888546e-04,3.064596851068193791e+05,7.271143765573008011e+01
1.660967269174401582e-04,3.067631938975664671e+05,7.290036890623534305e+01
1.665852467024914348e-04,3.070691476485772291e+05,7.308962070242500886e+01
1.670737664875427385e-04,3.073775564388445346e+05,7.327919045720778968e+01
1.675622862725940421e-04,3.076884303211104707e+05,7.346907557919850262e+01
1.680508060576453187e-04,3.080017793215172132e+05,7.365927347291763283e+01
1.685393258426966224e-04,3.083176134392637759e+05,7.384978153899191966e+01
1.690278456277479260e-04,3.086359426462671836e+05,7.404059717435596610e+01
1.695163654127992026e-04,3.089567768868284184e+05,7.423171777245465819e+01
1.700048851978505063e-04,3.092801260773051181e+05,7.442314072344672127e+01
1.704934049829018099e-04,3.096060001057874179e+05,7.461486341440888737e+01
1.709819247679530865e-04,3.099344088317808346e+05,7.480688322954107150e+01
1.714704445530043902e-04,3.102653620858927607e+05,7.499919755037214486e+01
1.719589643380556939e-04,3.105988696695264080e+05,7.519180375596657484e+01
1.724474841231069704e-04,3.109349413545788266e+05,7.538469922313163352e+01
1.729360039081582741e-04,3.112735868831445114e+05,7.557788132662524561e+01
1.734245236932095778e-04,3.116148159672252950e+05,7.577134743936447592e+01
1.739130434782608543e-04,3.119586382884460036e+05,7.596509493263441470e+01
1.744015632633121580e-04,3.123050634977743030e+05,7.615912117629773093e+01
1.748900830483634617e-04,3.126541012152483454e+05,7.635342353900446710e+01
1.753786028334147382e-04,3.130057610297093051e+05,7.654799938840233153e+01
1.758671226184660419e-04,3.133600524985395023e+05,7.674284609134730317e+01
1.763556424035173456e-04,3.137169851474072202e+05,7.693796101411452071e+01
1.768441621885686221e-04,3.140765684700166457e+05,7.713334152260937060e+01
1.773326819736199258e-04,3.144388119278649101e+05,7.732898498257885933e+01
1.778212017586712295e-04,3.148037249500046019e+05,7.752488875982302829e+01
1.783097215437225061e-04,3.151713169328121585e+05,7.772105022040652500e+01
1.787982413287738097e-04,3.155415972397632431e+05,7.791746673087013164e+01
1.792867611138251134e-04,3.159145752012137673e+05,7.811413565844247842e+01
1.797752808988763900e-04,3.162902601141874329e+05,7.831105437125142998e+01
1.802638006839276936e-04,3.166686612421692116e+05,7.850822023853558562e+01
1.807523204689789973e-04,3.170497878149061580e+05,7.870563063085558042e+01
1.812408402540302739e-04,3.174336490282132290e+05,7.890328292030507384e+01
1.817293600390815775e-04,3.178202540437870193e+05,7.910117448072169566e+01
1.822178798241328812e-04,3.182096119890245609e+05,7.929930268789740921e+01
1.827063996091841578e-04,3.186017319568496314e+05,7.949766491978883209e+01
1.831949193942354615e-04,3.189966230055453489e+05,7.969625855672697412e+01
1.836834391792867651e-04,3.193942941585932276e+05,7.989508098162653482e+01
1.841719589643380417e-04,3.197947544045182876e+05,8.009412958019480300e+01
1.846604787493893454e-04,3.201980126967425458e+05,8.029340174113995943e+01
1.851489985344406490e-04,3.206040779534424655e+05,8.049289485637876851e+01
1.856375183194919256e-04,3.210129590574157774e+05,8.069260632124374411e+01
1.861260381045432293e-04,3.214246648559535970e+05,8.089253353468946273e+01
1.866145578895945329e-04,3.218392041607185965e+05,8.109267389949827987e+01
1.871030776746458095e-04,3.222565857476315578e+05,8.129302482248529316e+01
1.875915974596971132e-04,3.226768183567639207e+05,8.149358371470236762e+01
1.880801172447484168e-04,3.230999106922362116e+05,8.169434799164137928e+01
1.885686370297996934e-04,3.235258714221250266e+05,8.189531507343650674e+01
1.890571568148509971e-04,3.239547091783751966e+05,8.209648238506566997e+01
1.895456765999023008e-04,3.243864325567193446e+05,8.229784735655077554e+01
1.900341963849535773e-04,3.248210501166047761e+05,8.249940742315710906e+01
1.905227161700048810e-04,3.252585703811261337e+05,8.270116002559151980e+01
1.910112359550561847e-04,3.256990018369659665e+05,8.290310261019953941e+01
1.914997557401074612e-04,3.261423529343410628e+05,8.310523262916127862e+01
1.919882755251587649e-04,3.265886320869558258e+05,8.330754754068617274e+01
1.924767953102100686e-04,3.270378476719640894e+05,8.351004480920634876e+01
1.929653150952613451e-04,3.274900080299346009e+05,8.371272190556886983e+01
1.934538348803126488e-04,3.279451214648262830e+05,8.391557630722645911e+01
1.939423546653639525e-04,3.284031962439686176e+05,8.411860549842695889e+01
1.944308744504152290e-04,3.288642405980496551e+05,8.432180697040136863e+01
1.949193942354665327e-04,3.293282627211100771e+05,8.452517822155029137e+01
1.954079140205178364e-04,3.297952707705448265e+05,8.472871675762912957e+01
1.958964338055691130e-04,3.302652728671106743e+05,8.493242009193144781e+01
1.963849535906204166e-04,3.307382770949415863e+05,8.513628574547104222e+01
1.968734733756717203e-04,3.312142915015693870e+05,8.534031124716216254e+01
1.973619931607229969e-04,3.316933240979526308e+05,8.554449413399832736e+01
1.978505129457743005e-04,3.321753828585111187e+05,8.574883195122920654e+01
1.983390327308256042e-04,3.326604757211679243e+05,8.595332225253595482e+01
1.988275525158768808e-04,3.331486105873970082e+05,8.615796260020482578e+01
1.993160723009281844e-04,3.336397953222786309e+05,8.636275056529883898e+01
1.998045920859794881e-04,3.341340377545606461e+05,8.656768372782778442e+01
2.002931118710307647e-04,3.346313456767263706e+05,8.677275967691628011e+01
2.007816316560820684e-04,3.351317268450699048e+05,8.697797601097006748e+01
2.012701514411333720e-04,3.356351889797761105e+05,8.718333033784027464e+01
2.017586712261846486e-04,3.361417397650094936e+05,8.738882027498578964e+01
2.022471910112359523e-04,3.366513868490075693e+05,8.759444344963367257e+01
2.027357107962872559e-04,3.371641378441816778e+05,8.780019749893767766e+01
2.032242305813385325e-04,3.376800003272238537e+05,8.800608007013448741e+01
2.037127503663898362e-04,3.381989818392202724e+05,8.821208882069818458e+01
2.042012701514411398e-04,3.387210898857706343e+05,8.841822141849249306e+01
2.046897899364924164e-04,3.392463319371142425e+05,8.862447554192094401e+01
2.051783097215437201e-04,3.397747154282620759e+05,8.883084888007489610e+01
2.056668295065950237e-04,3.403062477591354400e+05,8.903733913287959467e+01
2.061553492916463003e-04,3.408409362947103800e+05,8.924394401123767295e+01
2.066438690766976040e-04,3.413787883651677985e+05,8.945066123717090534e+01
2.071323888617489077e-04,3.419198112660510815e+05,8.965748854395948797e+01
2.076209086468001842e-04,3.424640122584280907e+05,8.986442367627905980e+01
2.081094284318514879e-04,3.430113985690600239e+05,9.007146439033564889e+01
2.085979482169027916e-04,3.435619773905765614e+05,9.027860845399823120e+01
2.090864680019540681e-04,3.441157558816556702e+05,9.048585364692898736e+01
2.095749877870053718e-04,3.446727411672107410e+05,9.069319776071138506e+01
2.100635075720566755e-04,3.452329403385820915e+05,9.090063859897573195e+01
2.105520273571079520e-04,3.457963604537349311e+05,9.110817397752259694e+01
2.110405471421592557e-04,3.463630085374630289e+05,9.131580172444373034e+01
2.115290669272105594e-04,3.469328915815980290e+05,9.152351968024076712e+01
2.120175867122618359e-04,3.475060165452235960e+05,9.173132569794135804e+01
2.125061064973131396e-04,3.480823903548963135e+05,9.193921764321309809e+01
2.129946262823644433e-04,3.486620199048705399e+05,9.214719339447501056e+01
2.134831460674157199e-04,3.492449120573302498e+05,9.235525084300645915e+01
2.139716658524670235e-04,3.498310736426247167e+05,9.256338789305389980e+01
2.144601856375183272e-04,3.504205114595108898e+05,9.277160246193503212e+01
2.149487054225696038e-04,3.510132322753992630e+05,9.297989248014052066e+01
2.154372252076209074e-04,3.516092428266067291e+05,9.318825589143334298e+01
2.159257449926722111e-04,3.522085498186131008e+05,9.339669065294566508e+01
2.164142647777234877e-04,3.528111599263229291e+05,9.360519473527320145e+01
2.169027845627747913e-04,3.534170797943336074e+05,9.381376612256718772e+01
2.173913043478260950e-04,3.540263160372059210e+05,9.402240281262390909e+01
2.178798241328773716e-04,3.546388752397417556e+05,9.423110281697159962e+01
2.183683439179286753e-04,3.552547639572653570e+05,9.443986416095511061e+01
2.188568637029799789e-04,3.558739887159091886e+05,9.464868488381789291e+01
2.193453834880312555e-04,3.564965560129050282e+05,9.485756303878166307e+01
2.198339032730825592e-04,3.571224723168789060e+05,9.506649669312344031e+01
2.203224230581338357e-04,3.577517440681516891e+05,9.527548392825032408e+01
2.208109428431851394e-04,3.583843776790424017e+05,9.548452283977158572e+01
2.212994626282364431e-04,3.590203795341776568e+05,9.569361153756841532e+01
2.217879824132877196e-04,3.596597559908039402e+05,9.590274814586115326e+01
2.222765021983390233e-04,3.603025133791051339e+05,9.611193080327413441e+01
2.227650219833903270e-04,3.609486580025231233e+05,9.632115766289794578e+01
2.232535417684416035e-04,3.615981961380837020e+05,9.653042689234933960e+01
2.237420615534929072e-04,3.622511340367258526e+05,9.673973667382865926e+01
2.242305813385442109e-04,3.629074779236342292e+05,9.694908520417486386e+01
2.247191011235954875e-04,3.635672339985771687e+05,9.715847069491799459e+01
2.252076209086467911e-04,3.642304084362467402e+05,9.736789137232938174e+01
2.256961406936980948e-04,3.648970073866039165e+05,9.757734547746936471e+01
2.261846604787493714e-04,3.655670369752263068e+05,9.778683126623248256e+01
2.266731802638006750e-04,3.662405033036601380e+05,9.799634700939053289e+01
2.271617000488519787e-04,3.669174124497753801e+05,9.820589099263294486e+01
2.276502198339032553e-04,3.675977704681248288e+05,9.841546151660500641e+01
2.281387396189545589e-04,3.682815833903053426e+05,9.862505689694357613e+01
2.286272594040058626e-04,3.689688572253239108e+05,9.883467546431052142e+01
2.291157791890571392e-04,3.696595979599658167e+05,9.904431556442381179e+01
2.296042989741084429e-04,3.703538115591661190e+05,9.925397555808619643e+01
2.300928187591597465e-04,3.710515039663846255e+05,9.946365382121166476e+01
2.305813385442110231e-04,3.717526811039833119e+05,9.967334874484960494e+01
2.310698583292623268e-04,3.724573488736069412e+05,9.988305873520653222e+01
2.315583781143136304e-04,3.731655131565673510e+05,1.000927822136658278e+02
2.320468978993649070e-04,3.738771798142276821e+05,1.003025176168048489e+02
2.325354176844162107e-04,3.745923546883934177e+05,1.005122633964101482e+02
2.330239374694675143e-04,3.753110436017026077e+05,1.007220180194902639e+02
2.335124572545187909e-04,3.760332523580200505e+05,1.009317799682863495e+02
2.340009770395700946e-04,3.767589867428343860e+05,1.011415477402806857e+02
2.344894968246213982e-04,3.774882525236561778e+05,1.013513198482028770e+02
2.349780166096726748e-04,3.782210554504203610e+05,1.015610948200340857e+02
2.354665363947239785e-04,3.789574012558886898e+05,1.017708711990089512e+02
2.359550561797752822e-04,3.796972956560562598e+05,1.019806475436155324e+02
2.364435759648265587e-04,3.804407443505588453e+05,1.021904224275930773e+02
2.369320957498778624e-04,3.811877530230833800e+05,1.024001944399277875e+02
2.374206155349291661e-04,3.819383273417796008e+05,1.026099621848464523e+02
2.379091353199804426e-04,3.826924729596732650e+05,1.028197242818080639e+02
2.383976551050317463e-04,3.834501955150832655e+05,1.030294793654935290e+02
2.388861748900830500e-04,3.842115006320374669e+05,1.032392260857932769e+02
2.393746946751343265e-04,3.849763939206931391e+05,1.034489631077929062e+02
2.398632144601856302e-04,3.857448809777572751e+05,1.036586891117569280e+02
2.403517342452369339e-04,3.865169673869087128e+05,1.038684027931106471e+02
2.408402540302882104e-04,3.872926587192228762e+05,1.040781028624199962e+02
2.413287738153395141e-04,3.880719605335960514e+05,1.042877880453695951e+02
2.418172936003908178e-04,3.888548783771728631e+05,1.044974570827389044e+02
2.423058133854420944e-04,3.896414177857739269e+05,1.047071087303767030e+02
2.427943331704933980e-04,3.904315842843256542e+05,1.049167417591734619e+02
2.432828529555447017e-04,3.912253833872901741e+05,1.051263549550322551e+02
2.437713727405959783e-04,3.920228205990968854e+05,1.053359471188376943e+02
2.442598925256472819e-04,3.928239014145756955e+05,1.055455170664232298e+02
2.447484123106985856e-04,3.936286313193899696e+05,1.057550636285367887e+02
2.452369320957498893e-04,3.944370157904717489e+05,1.059645856508045227e+02
2.457254518808011929e-04,3.952490602964563877e+05,1.061740819936931501e+02
2.462139716658524424e-04,3.960647702981194598e+05,1.063835515324705199e+02
2.467024914509037461e-04,3.968841512488135486e+05,1.065929931571646136e+02
2.471910112359550498e-04,3.977072085949059692e+05,1.068024057725209275e+02
2.476795310210063534e-04,3.985339477762166644e+05,1.070117882979583186e+02
2.481680508060576571e-04,3.993643742264577304e+05,1.072211396675234027e+02
2.486565705911089608e-04,4.001984933736724779e+05,1.074304588298432179e+02
2.491450903761602102e-04,4.010363106406754232e+05,1.076397447480767084e+02
2.496336101612115139e-04,4.018778314454919891e+05,1.078489963998645038e+02
2.501221299462628176e-04,4.027230612017998938e+05,1.080582127772774328e+02
2.506106497313141212e-04,4.035720053193693748e+05,1.082673928867635169e+02
2.510991695163654249e-04,4.044246692045051022e+05,1.084765357490936424e+02
2.515876893014166744e-04,4.052810582604865194e+05,1.086856403993059672e+02
2.520762090864679780e-04,4.061411778880097554e+05,1.088947058866487936e+02
2.525647288715192817e-04,4.070050334856294212e+05,1.091037312745223460e+02
2.530532486565705854e-04,4.078726304501992417e+05,1.093127156404191709e+02
2.535417684416218891e-04,4.087439741773145506e+05,1.095216580758633143e+02
2.540302882266731927e-04,4.096190700617533294e+05,1.097305576863483196e+02
2.545188080117244422e-04,4.104979234979168978e+05,1.099394135912739046e+02
2.550073277967757459e-04,4.113805398802721174e+05,1.101482249238816564e+02
2.554958475818270495e-04,4.122669246037913836e+05,1.103569908311894068e+02
2.559843673668783532e-04,4.131570830643938389e+05,1.105657104739246392e+02
2.564728871519296569e-04,4.140510206593852490e+05,1.107743830264566611e+02
2.569614069369809605e-04,4.149487427878986346e+05,1.109830076767278939e+02
2.574499267220322100e-04,4.158502548513328657e+05,1.111915836261838422e+02
2.579384465070835137e-04,4.167555622537924792e+05,1.114001100897024372e+02
2.584269662921348173e-04,4.176646704025257495e+05,1.116085862955220165e+02
2.589154860771861210e-04,4.185775847083633416e+05,1.118170114851685497e+02
2.594040058622374247e-04,4.194943105861552176e+05,1.120253849133819131e+02
2.598925256472887284e-04,4.204148534552076017e+05,1.122337058480412111e+02
2.603810454323399778e-04,4.213392187397198868e+05,1.124419735700891465e+02
2.608695652173912815e-04,4.222674118692189222e+05,1.126501873734557364e+02
2.613580850024425852e-04,4.231994382789945230e+05,1.128583465649809057e+02
2.618466047874938888e-04,4.241353034105335828e+05,1.130664504643365120e+02
2.623351245725451925e-04,4.250750127119527315e+05,1.132744984039475042e+02
2.628236443575964962e-04,4.260185716384307598e+05,1.134824897289121992e+02
2.633121641426477456e-04,4.269659856526405201e+05,1.136904237969220475e+02
2.638006839276990493e-04,4.279172602251784410e+05,1.138982999781804892e+02
2.642892037127503530e-04,4.288724008349952637e+05,1.141061176553211425e+02
2.647777234978016567e-04,4.298314129698235774e+05,1.143138762233254795e+02
2.652662432828529603e-04,4.307943021266057622e+05,1.145215750894396791e+02
2.657547630679042640e-04,4.317610738119205926e+05,1.147292136730909249e+02
2.662432828529555135e-04,4.327317335424080957e+05,1.149367914058031346e+02
2.667318026380068171e-04,4.337062868451944669e+05,1.151443077311120646e+02
2.672203224230581208e-04,4.346847392583141918e+05,1.153517621044799455e+02
2.677088422081094245e-04,4.356670963311334490e+05,1.155591539932094207e+02
2.681973619931607281e-04,4.366533636247692630e+05,1.157664828763571734e+02
2.686858817782120318e-04,4.376435467125101713e+05,1.159737482446469414e+02
2.691744015632632813e-04,4.386376511802335153e+05,1.161809496003821778e+02
2.696629213483145849e-04,4.396356826268229051e+05,1.163880864573581135e+02
2.701514411333658886e-04,4.406376466645834735e+05,1.165951583407735228e+02
2.706399609184171923e-04,4.416435489196566632e+05,1.168021647871420896e+02
2.711284807034684960e-04,4.426533950324327452e+05,1.170091053442033200e+02
2.716170004885197996e-04,4.436671906579619390e+05,1.172159795708331416e+02
2.721055202735710491e-04,4.446849414663652424e+05,1.174227870369542330e+02
2.725940400586223528e-04,4.457066531432428746e+05,1.176295273234458705e+02
2.730825598436736564e-04,4.467323313900810899e+05,1.178362000220537169e+02
2.735710796287249601e-04,4.477619819246581174e+05,1.180428047352990291e+02
2.740595994137762638e-04,4.487956104814487044e+05,1.182493410763879780e+02
2.745481191988275674e-04,4.498332228120263317e+05,1.184558086691203584e+02
2.750366389838788169e-04,4.508748246854647296e+05,1.186622071477983411e+02
2.755251587689301206e-04,4.519204218887372408e+05,1.188685361571349972e+02
2.760136785539814243e-04,4.529700202271147864e+05,1.190747953521624396e+02
2.765021983390327279e-04,4.540236255245629582e+05,1.192809843981401343e+02
2.769907181240840316e-04,4.550812436241354444e+05,1.194871029704627858e+02
2.774792379091353353e-04,4.561428803883691435e+05,1.196931507545681512e+02
2.779677576941865847e-04,4.572085416996739805e+05,1.198991274458448970e+02
2.784562774792378884e-04,4.582782334607240628e+05,1.201050327495402854e+02
2.789447972642891921e-04,4.593519615948452265e+05,1.203108663806676191e+02
2.794333170493404957e-04,4.604297320464017685e+05,1.205166280639139131e+02
2.799218368343917994e-04,4.615115507811814896e+05,1.207223175335473826e+02
2.804103566194431031e-04,4.625974237867787015e+05,1.209279345333248017e+02
2.808988764044943525e-04,4.636873570729757776e+05,1.211334788163991050e+02
2.813873961895456562e-04,4.647813566721227253e+05,1.213389501452268604e+02
2.818759159745969599e-04,4.658794286395151285e+05,1.215443482914756146e+02
2.823644357596482636e-04,4.669815790537705179e+05,1.217496730359316359e+02
2.828529555446995672e-04,4.680878140172031126e+05,1.219549241684073735e+02
2.833414753297508709e-04,4.691981396561955917e+05,1.221601014876491860e+02
2.838299951148021204e-04,4.703125621215709834e+05,1.223652048012450422e+02
2.843185148998534240e-04,4.714310875889614108e+05,1.225702339255324773e+02
2.848070346849047277e-04,4.725537222591749160e+05,1.227751886855063788e+02
2.852955544699560314e-04,4.736804723585624015e+05,1.229800689147272408e+02
2.857840742550073350e-04,4.748113441393793910e+05,1.231848744552293624e+02
2.862725940400586387e-04,4.759463438801497687e+05,1.233896051574290880e+02
2.867611138251098882e-04,4.770854778860248043e+05,1.235942608800335449e+02
2.872496336101611918e-04,4.782287524891414796e+05,1.237988414899492682e+02
2.877381533952124955e-04,4.793761740489797085e+05,1.240033468621911226e+02
2.882266731802637992e-04,4.805277489527156577e+05,1.242077768797914672e+02
2.887151929653151029e-04,4.816834836155756493e+05,1.244121314337094759e+02
2.892037127503664065e-04,4.828433844811865711e+05,1.246164104227406142e+02
2.896922325354176560e-04,4.840074580219248310e+05,1.248206137534266418e+02
2.901807523204689597e-04,4.851757107392640901e+05,1.250247413399654448e+02
2.906692721055202633e-04,4.863481491641201428e+05,1.252287931041215785e+02
2.911577918905715670e-04,4.875247798571948078e+05,1.254327689751366250e+02
2.916463116756228707e-04,4.887056094093173742e+05,1.256366688896402337e+02
2.921348314606741743e-04,4.898906444417845341e+05,1.258404927915612319e+02
2.926233512457254238e-04,4.910798916066981037e+05,1.260442406320390631e+02
2.931118710307767275e-04,4.922733575873018708e+05,1.262479123693356229e+02
2.936003908158280312e-04,4.934710490983152413e+05,1.264515079687473218e+02
2.940889106008793348e-04,4.946729728862656048e+05,1.266550274025175327e+02
2.945774303859306385e-04,4.958791357298193616e+05,1.268584706497494068e+02
2.950659501709819422e-04,4.970895444401105633e+05,1.270618376963189036e+02
2.955544699560331916e-04,4.983042058610670501e+05,1.272651285347883601e+02
2.960429897410844953e-04,4.995231268697370542e+05,1.274683431643203306e+02
2.965315095261357990e-04,5.007463143766106223e+05,1.276714815905917817e+02
2.970200293111871026e-04,5.019737753259422607e+05,1.278745438257086988e+02
2.975085490962384063e-04,5.032055166960703209e+05,1.280775298881211768e+02
2.979970688812897100e-04,5.044415454997334746e+05,1.282804398025386092e+02
2.984855886663409594e-04,5.056818687843883527e+05,1.284832735998458020e+02
2.989741084513922631e-04,5.069264936325222370e+05,1.286860313170189158e+02
2.994626282364435668e-04,5.081754271619661013e+05,1.288887129970422052e+02
2.999511480214948705e-04,5.094286765262045665e+05,1.290913186888251687e+02
3.004396678065461741e-04,5.106862489146844600e+05,1.292938484471198421e+02
3.009281875915974778e-04,5.119481515531223267e+05,1.294963023324390292e+02
3.014167073766487273e-04,5.132143917038080981e+05,1.296986804109743048e+02
3.019052271617000309e-04,5.144849766659097513e+05,1.299009827545151552e+02
3.023937469467513346e-04,5.157599137757737190e+05,1.301032094403682322e+02
3.028822667318026383e-04,5.170392104072248330e+05,1.303053605512768627e+02
3.033707865168539419e-04,5.183228739718642901e+05,1.305074361753416383e+02
3.038593063019052456e-04,5.196109119193658116e+05,1.307094364059407781e+02
3.043478260869564951e-04,5.209033317377698258e+05,1.309113613416515136e+02
3.048363458720077987e-04,5.222001409537757281e+05,1.311132110861715887e+02
3.053248656570591024e-04,5.235013471330333850e+05,1.313149857482415257e+02
3.058133854421104061e-04,5.248069578804319026e+05,1.315166854415672333e+02
3.063019052271617098e-04,5.261169808403867064e+05,1.317183102847430121e+02
3.067904250122130134e-04,5.274314236971256323e+05,1.319198604011753275e+02
3.072789447972642629e-04,5.287502941749725724e+05,1.321213359190069241e+02
3.077674645823155666e-04,5.300736000386297237e+05,1.323227369710413939e+02
3.082559843673668702e-04,5.314013490934588481e+05,1.325240636946683139e+02
3.087445041524181739e-04,5.327335491857585730e+05,1.327253162317890371e+02
3.092330239374694776e-04,5.340702082030432066e+05,1.329264947287427105e+02
3.097215437225207812e-04,5.354113340743168956e+05,1.331275993362331178e+02
3.102100635075720307e-04,5.367569347703480162e+05,1.333286302092557492e+02
3.106985832926233344e-04,5.381070183039418189e+05,1.335295875070257523e+02
3.111871030776746381e-04,5.394615927302101627e+05,1.337304713929059687e+02
3.116756228627259417e-04,5.408206661468411330e+05,1.339312820343359931e+02
3.121641426477772454e-04,5.421842466943652835e+05,1.341320196027612894e+02
3.126526624328284949e-04,5.435523425564229256e+05,1.343326842735632454e+02
3.131411822178797985e-04,5.449249619600266451e+05,1.345332762259894253e+02
3.136297020029311022e-04,5.463021131758248666e+05,1.347337956430847044e+02
3.141182217879824059e-04,5.476838045183616923e+05,1.349342427116225736e+02
3.146067415730337095e-04,5.490700443463375559e+05,1.351346176220373252e+02
3.150952613580850132e-04,5.504608410628658021e+05,1.353349205683565515e+02
3.155837811431362627e-04,5.518562031157298479e+05,1.355351517481342398e+02
3.160723009281875663e-04,5.532561389976369683e+05,1.357353113623846355e+02
3.165608207132388700e-04,5.546606572464724304e+05,1.359353996155161610e+02
3.170493404982901737e-04,5.560697664455499034e+05,1.361354167152664161e+02
3.175378602833414774e-04,5.574834752238633810e+05,1.363353628726374041e+02
3.180263800683927810e-04,5.589017922563343309e+05,1.365352383018314413e+02
3.185148998534440305e-04,5.603247262640595436e+05,1.367350432201874639e+02
3.190034196384953342e-04,5.617522860145563027e+05,1.369347778481181024e+02
3.194919394235466378e-04,5.631844803220075555e+05,1.371344424090471819e+02
3.199804592085979415e-04,5.646213180475038243e+05,1.373340371293477347e+02
3.204689789936492452e-04,5.660628080992848845e+05,1.375335622382806662e+02
3.209574987787005488e-04,5.675089594329799293e+05,1.377330179679339324e+02
3.214460185637517983e-04,5.689597810518457554e+05,1.379324045531622005e+02
3.219345383488031020e-04,5.704152820070044836e+05,1.381317222315271920e+02
3.224230581338544056e-04,5.718754713976784842e+05,1.383309712432384515e+02
3.229115779189057093e-04,5.733403583714255365e+05,1.385301518310947415e+02
3.234000977039570130e-04,5.748099521243714262e+05,1.387292642404259198e+02
3.238886174890083167e-04,5.762842619014414959e+05,1.389283087190355275e+02
3.243771372740595661e-04,5.777632969965913799e+05,1.391272855171437470e+02
3.248656570591108698e-04,5.792470667530361097e+05,1.393261948873308711e+02
3.253541768441621735e-04,5.807355805634770077e+05,1.395250370844815393e+02
3.258426966292134771e-04,5.822288478703291621e+05,1.397238123657293443e+02
3.263312164142647808e-04,5.837268781659454107e+05,1.399225209904021767e+02
3.268197361993160845e-04,5.852296809928411385e+05,1.401211632199676842e+02
3.273082559843673339e-04,5.867372659439161653e+05,1.403197393179798098e+02
3.277967757694186376e-04,5.882496426626768662e+05,1.405182495500255584e+02
3.282852955544699413e-04,5.897668208434551489e+05,1.407166941836723879e+02
3.287738153395212450e-04,5.912888102316281293e+05,1.409150734884159704e+02
3.292623351245725486e-04,5.928156206238354789e+05,1.411133877356288906e+02
3.297508549096238523e-04,5.943472618681958411e+05,1.413116371985094872e+02
3.302393746946751018e-04,5.958837438645225484e+05,1.415098221520313757e+02
3.307278944797264054e-04,5.974250765645368956e+05,1.417079428728934261e+02
3.312164142647777091e-04,5.989712699720816454e+05,1.419059996394705934e+02
3.317049340498290128e-04,6.005223341433320893e+05,1.421039927317648335e+02
3.321934538348803164e-04,6.020782791870083893e+05,1.423019224313566156e+02
3.326819736199316201e-04,6.036391152645825641e+05,1.424997890213574863e+02
3.331704934049828696e-04,6.052048525904889684e+05,1.426975927863623781e+02
3.336590131900341732e-04,6.067755014323305804e+05,1.428953340124029694e+02
3.341475329750854769e-04,6.083510721110852901e+05,1.430930129869014991e+02
3.346360527601367806e-04,6.099315750013113720e+05,1.432906299986247518e+02
3.351245725451880843e-04,6.115170205313510960e+05,1.434881853376391234e+02
3.356130923302393879e-04,6.131074191835338715e+05,1.436856792952656861e+02
3.361016121152906374e-04,6.147027814943785779e+05,1.438831121640360209e+02
3.365901319003419411e-04,6.163031180547939148e+05,1.440804842376485624e+02
3.370786516853932447e-04,6.179084395102782873e+05,1.442777958109252836e+02
3.375671714704445484e-04,6.195187565611200407e+05,1.444750471797691773e+02
3.380556912554958521e-04,6.211340799625937361e+05,1.446722386411218224e+02
3.385442110405471557e-04,6.227544205251577077e+05,1.448693704929218313e+02
3.390327308255984052e-04,6.243797891146506881e+05,1.450664430340636670e+02
3.395212506106497089e-04,6.260101966524859890e+05,1.452634565643568294e+02
3.400097703957010126e-04,6.276456541158459149e+05,1.454604113844856670e+02
3.404982901807523162e-04,6.292861725378752453e+05,1.456573077959696718e+02
3.409868099658036199e-04,6.309317630078728544e+05,1.458541461011242006e+02
3.414753297508549236e-04,6.325824366714837961e+05,1.460509266030217361e+02
3.419638495359061730e-04,6.342382047308891779e+05,1.462476496054535744e+02
3.424523693209574767e-04,6.358990784449962666e+05,1.464443154128919673e+02
3.429408891060087804e-04,6.375650691296271980e+05,1.466409243304529468e+02
3.434294088910600840e-04,6.392361881577064050e+05,1.468374766638592916e+02
3.439179286761113877e-04,6.409124469594479306e+05,1.470339727194041473e+02
3.444064484611626914e-04,6.425938570225414587e+05,1.472304128039152431e+02
3.448949682462139408e-04,6.442804298923386959e+05,1.474267972247192802e+02
3.453834880312652445e-04,6.459721771720357938e+05,1.476231262896069438e+02
3.458720078163165482e-04,6.476691105228599627e+05,1.478194003067984568e+02
3.463605276013678519e-04,6.493712416642499156e+05,1.480156195849092740e+02
3.468490473864191555e-04,6.510785823740400374e+05,1.482117844329167156e+02
3.473375671714704592e-04,6.527911444886404788e+05,1.484078951601265430e+02
3.478260869565217087e-04,6.545089399032185320e+05,1.486039520761402741e+02
3.483146067415730123e-04,6.562319805718793068e+05,1.487999554908230095e+02
3.488031265266243160e-04,6.579602785078434972e+05,1.489959057142712311e+02
3.492916463116756197e-04,6.596938457836272428e+05,1.491918030567817937e+02
3.497801660967269233e-04,6.614326945312193129e+05,1.493876478288206044e+02
3.502686858817782270e-04,6.631768369422589894e+05,1.495834403409921549e+02
3.507572056668294765e-04,6.649262852682115044e+05,1.497791809040094222e+02
3.512457254518807801e-04,6.666810518205452245e+05,1.499748698286640547e+02
3.517342452369320838e-04,6.684411489709054586e+05,1.501705074257971830e+02
3.522227650219833875e-04,6.702065891512900125e+05,1.503660940062703730e+02
3.527112848070346912e-04,6.719773848542229971e+05,1.505616298809374314e+02
3.531998045920859948e-04,6.737535486329279374e+05,1.507571153606160124e+02
3.536883243771372443e-04,6.755350931015004171e+05,1.509525507560602762e+02
3.541768441621885480e-04,6.773220309350800235e+05,1.511479363779333482e+02
3.546653639472398516e-04,6.791143748700219439e+05,1.513432725367807734e+02
3.551538837322911553e-04,6.809121377040687948e+05,1.515385595430038848e+02
3.556424035173424590e-04,6.827153322965197731e+05,1.517337977068337977e+02
3.561309233023937626e-04,6.845239715684010880e+05,1.519289873383058023e+02
3.566194430874450121e-04,6.863380685026348801e+05,1.521241287472340389e+02
3.571079628724963158e-04,6.881576361442087218e+05,1.523192222431866298e+02
3.575964826575476195e-04,6.899826876003431389e+05,1.525142681354612080e+02
3.580850024425989231e-04,6.918132360406588996e+05,1.527092667330607583e+02
3.585735222276502268e-04,6.936492946973462822e+05,1.529042183446699710e+02
3.590620420127015305e-04,6.954908768653296866e+05,1.530991232786317084e+02
3.595505617977527799e-04,6.973379959024348063e+05,1.532939818429242109e+02
3.600390815828040836e-04,6.991906652295539388e+05,1.534887943451383308e+02
3.605276013678553873e-04,7.010488983308119932e+05,1.536835610924552782e+02
3.610161211529066909e-04,7.029127087537308689e+05,1.538782823916247366e+02
3.615046409379579946e-04,7.047821101093945326e+05,1.540729585489434044e+02
3.619931607230092983e-04,7.066571160726126982e+05,1.542675898702336212e+02
3.624816805080605477e-04,7.085377403820834588e+05,1.544621766608227063e+02
3.629702002931118514e-04,7.104239968405580148e+05,1.546567192255223517e+02
3.634587200781631551e-04,7.123158993150031893e+05,1.548512178686084724e+02
3.639472398632144588e-04,7.142134617367634783e+05,1.550456728938015090e+02
3.644357596482657624e-04,7.161166981017225189e+05,1.552400846042468743e+02
3.649242794333170661e-04,7.180256224704665365e+05,1.554344533024958537e+02
3.654127992183683156e-04,7.199402489684438333e+05,1.556287792904867899e+02
3.659013190034196192e-04,7.218605917861271882e+05,1.558230628695266091e+02
3.663898387884709229e-04,7.237866651791735785e+05,1.560173043402727160e+02
3.668783585735222266e-04,7.257184834685847163e+05,1.562115040027151736e+02
3.673668783585735302e-04,7.276560610408675857e+05,1.564056621561591669e+02
3.678553981436248339e-04,7.295994123481942806e+05,1.565997790992078649e+02
3.683439179286760834e-04,7.315485519085595151e+05,1.567938551297455376e+02
3.688324377137273870e-04,7.335034943059429061e+05,1.569878905449210151e+02
3.693209574987786907e-04,7.354642541904653190e+05,1.571818856411314584e+02
3.698094772838299944e-04,7.374308462785482407e+05,1.573758407140063582e+02
3.702979970688812981e-04,7.394032853530728025e+05,1.575697560583919596e+02
3.707865168539326017e-04,7.413815862635368248e+05,1.577636319683358863e+02
3.712750366389838512e-04,7.433657639262138400e+05,1.579574687370722188e+02
3.717635564240351549e-04,7.453558333243092056e+05,1.581512666570064880e+02
3.722520762090864585e-04,7.473518095081185456e+05,1.583450260197015496e+02
3.727405959941377622e-04,7.493537075951851439e+05,1.585387471158631172e+02
3.732291157791890659e-04,7.513615427704558242e+05,1.587324302353260919e+02
3.737176355642403696e-04,7.533753302864389261e+05,1.589260756670408625e+02
3.742061553492916190e-04,7.553950854633604176e+05,1.591196836990599479e+02
3.746946751343429227e-04,7.574208236893205903e+05,1.593132546185250646e+02
3.751831949193942264e-04,7.594525604204497067e+05,1.595067887116543091e+02
3.756717147044455300e-04,7.614903111810649280e+05,1.597002862637295664e+02
3.761602344894968337e-04,7.635340915638259612e+05,1.598937475590844031e+02
3.766487542745480832e-04,7.655839172298904741e+05,1.600871728810920160e+02
3.771372740595993868e-04,7.676398039090706734e+05,1.602805625121535797e+02
3.776257938446506905e-04,7.697017673999882536e+05,1.604739167336867354e+02
3.781143136297019942e-04,7.717698235702296952e+05,1.606672358261144780e+02
3.786028334147532978e-04,7.738439883565027267e+05,1.608605200688541004e+02
3.790913531998046015e-04,7.759242777647902258e+05,1.610537697403066204e+02
3.795798729848558510e-04,7.780107078705062158e+05,1.612469851178462648e+02
3.800683927699071546e-04,7.801032948186510475e+05,1.614401664778104077e+02
3.805569125549584583e-04,7.822020548239659984e+05,1.616333140954893679e+02
3.810454323400097620e-04,7.843070041710886871e+05,1.618264282451169151e+02
3.815339521250610657e-04,7.864181592147077899e+05,1.620195091998607495e+02
3.820224719101123693e-04,7.885355363797175232e+05,1.622125572318132356e+02
3.825109916951636188e-04,7.906591521613729419e+05,1.624055726119823646e+02
3.829995114802149225e-04,7.927890231254447717e+05,1.625985556102830571e+02
3.834880312652662261e-04,7.949251659083744744e+05,1.627915064955284947e+02
3.839765510503175298e-04,7.970675972174281487e+05,1.629844255354219626e+02
3.844650708353688335e-04,7.992163338308520615e+05,1.631773129965485793e+02
3.849535906204201371e-04,8.013713925980272470e+05,1.633701691443675088e+02
3.854421104054713866e-04,8.035327904396238737e+05,1.635629942432042867e+02
3.859306301905226903e-04,8.057005443477577064e+05,1.637557885562432602e+02
3.864191499755739940e-04,8.078746713861414464e+05,1.639485523455205396e+02
3.869076697606252976e-04,8.100551886902443366e+05,1.641412858719167502e+02
3.873961895456766013e-04,8.122421134674423374e+05,1.643339893951504393e+02
3.878847093307279050e-04,8.144354629971774993e+05,1.645266631737711975e+02
3.883732291157791544e-04,8.166352546311093029e+05,1.647193074651534062e+02
3.888617489008304581e-04,8.188415057932718191e+05,1.649119225254900130e+02
3.893502686858817618e-04,8.210542339802285424e+05,1.651045086097864498e+02
3.898387884709330654e-04,8.232734567612272222e+05,1.652970659718547779e+02
3.903273082559843691e-04,8.254991917783555109e+05,1.654895948643082306e+02
3.908158280410356728e-04,8.277314567466963781e+05,1.656820955385554726e+02
3.913043478260869222e-04,8.299702694544830592e+05,1.658745682447956256e+02
3.917928676111382259e-04,8.322156477632563328e+05,1.660670132320129824e+02
3.922813873961895296e-04,8.344676096080180723e+05,1.662594307479722886e+02
3.927699071812408333e-04,8.367261729973893380e+05,1.664518210392139395e+02
3.932584269662921369e-04,8.389913560137649765e+05,1.666441843510494039e+02
3.937469467513434406e-04,8.412631768134695012e+05,1.668365209275569896e+02
3.942354665363946901e-04,8.435416536269151838e+05,1.670288310115775232e+02
3.947239863214459937e-04,8.458268047587566543e+05,1.672211148447105131e+02
3.952125061064972974e-04,8.481186485880488763e+05,1.674133726673101989e+02
3.957010258915486011e-04,8.504172035684031434e+05,1.676056047184817999e+02
3.961895456765999047e-04,8.527224882281444734e+05,1.677978112360782461e+02
3.966780654616512084e-04,8.550345211704684189e+05,1.679899924566965979e+02
3.971665852467024579e-04,8.573533210735988105e+05,1.681821486156750041e+02
3.976551050317537615e-04,8.596789066909458488e+05,1.683742799470896045e+02
3.981436248168050652e-04,8.620112968512622174e+05,1.685663866837517730e+02
3.986321446018563689e-04,8.643505104588019894e+05,1.687584690572052182e+02
3.991206643869076726e-04,8.666965664934800006e+05,1.689505272977236530e+02
3.996091841719589762e-04,8.690494840110279620e+05,1.691425616343082083e+02
4.000977039570102257e-04,8.714092821431547636e+05,1.693345722946852732e+02
4.005862237420615294e-04,8.737759800977054983e+05,1.695265595053043057e+02
4.010747435271128330e-04,8.761495971588193206e+05,1.697185234913359579e+02
4.015632633121641367e-04,8.785301526870899834e+05,1.699104644766701995e+02
4.020517830972154404e-04,8.809176661197247449e+05,1.701023826839146693e+02
4.025403028822667440e-04,8.833121569707047893e+05,1.702942783343929420e+02
4.030288226673179935e-04,8.857136448309451807e+05,1.704861516481435331e+02
4.035173424523692972e-04,8.881221493684557499e+05,1.706780028439182217e+02
4.040058622374206009e-04,8.905376903285008157e+05,1.708698321391810850e+02
4.044943820224719045e-04,8.929602875337619334e+05,1.710616397501074744e+02
4.049829018075232082e-04,8.953899608844970353e+05,1.712534258915831913e+02
4.054714215925745119e-04,8.978267303587049246e+05,1.714451907772036066e+02
4.059599413776257613e-04,9.002706160122842994e+05,1.716369346192732053e+02
4.064484611626770650e-04,9.027216379791984800e+05,1.718286576288049332e+02
4.069369809477283687e-04,9.051798164716354804e+05,1.720203600155198558e+02
4.074255007327796723e-04,9.076451717801743653e+05,1.722120419878470159e+02
4.079140205178309760e-04,9.101177242739453213e+05,1.724037037529231498e+02
4.084025403028822797e-04,9.125974944007953163e+05,1.725953455165927437e+02
4.088910600879335291e-04,9.150845026874506148e+05,1.727869674834081195e+02
4.093795798729848328e-04,9.175787697396824369e+05,1.729785698566295764e+02
4.098680996580361365e-04,9.200803162424708717e+05,1.731701528382258175e+02
4.103566194430874402e-04,9.225891629601710010e+05,1.733617166288743761e+02
4.108451392281387438e-04,9.251053307366766967e+05,1.735532614279620418e+02
4.113336590131900475e-04,9.276288404955872102e+05,1.737447874335855715e+02
4.118221787982412970e-04,9.301597132403745782e+05,1.739362948425524564e+02
4.123106985832926006e-04,9.326979700545485830e+05,1.741277838503818032e+02
4.127992183683439043e-04,9.352436321018245071e+05,1.743192546513051866e+02
4.132877381533952080e-04,9.377967206262907712e+05,1.745107074382678434e+02
4.137762579384465116e-04,9.403572569525757572e+05,1.747021424029296952e+02
4.142647777234978153e-04,9.429252624860174255e+05,1.748935597356667131e+02
4.147532975085490648e-04,9.455007587128306041e+05,1.750849596255721963e+02
4.152418172936003684e-04,9.480837672002781183e+05,1.752763422604582502e+02
4.157303370786516721e-04,9.506743095968378475e+05,1.754677078268573212e+02
4.162188568637029758e-04,9.532724076323753688e+05,1.756590565100237882e+02
4.167073766487542795e-04,9.558780831183120608e+05,1.758503884939357818e+02
4.171958964338055831e-04,9.584913579477975145e+05,1.760417039612968324e+02
4.176844162188568326e-04,9.611122540958798490e+05,1.762330030935379455e+02
4.181729360039081363e-04,9.637407936196790542e+05,1.764242860708193916e+02
4.186614557889594399e-04,9.663769986585574225e+05,1.766155530720329807e+02
4.191499755740107436e-04,9.690208914342932403e+05,1.768068042748039943e+02
4.196384953590620473e-04,9.716724942512550624e+05,1.769980398554936016e+02
4.201270151441133510e-04,9.743318294965731911e+05,1.771892599892009912e+02
4.206155349291646004e-04,9.769989196403167443e+05,1.773804648497659571e+02
4.211040547142159041e-04,9.796737872356662992e+05,1.775716546097711444e+02
4.215925744992672078e-04,9.823564549190893304e+05,1.777628294405448059e+02
4.220810942843185114e-04,9.850469454105172772e+05,1.779539895121632469e+02
4.225696140693698151e-04,9.877452815135206329e+05,1.781451349934535244e+02
4.230581338544211188e-04,9.904514861154864775e+05,1.783362660519963754e+02
4.235466536394723682e-04,9.931655821877947310e+05,1.785273828541288310e+02
4.240351734245236719e-04,9.958875927859981311e+05,1.787184855649472297e+02
4.245236932095749756e-04,9.986175410499984864e+05,1.789095743483102581e+02
4.250122129946262792e-04,1.001355450204227585e+06,1.791006493668417932e+02
4.255007327796775829e-04,1.004101343557824497e+06,1.792917107819341140e+02
4.259892525647288866e-04,1.006855244504817529e+06,1.794827587537511135e+02
4.264777723497801360e-04,1.009617176524304901e+06,1.796737934412314246e+02
4.269662921348314397e-04,1.012387163180635194e+06,1.798648150020918308e+02
4.274548119198827434e-04,1.015165228123588488e+06,-1.799441764071696355e+02
4.279433317049340471e-04,1.017951395088560530e+06,-1.797531806312698563e+02
4.284318514899853507e-04,1.020745687896745396e+06,-1.795621975161375872e+02
4.289203712750366544e-04,1.023548130455317092e+06,-1.793712269089097049e+02
4.294088910600879039e-04,1.026358746757615823e+06,-1.791802686579276269e+02
4.298974108451392075e-04,1.029177560883332742e+06,-1.789893226127337869e+02
4.303859306301905112e-04,1.032004596998692839e+06,-1.787983886240678260e+02
4.308744504152418149e-04,1.034839879356645048e+06,-1.786074665438628699e+02
4.313629702002931185e-04,1.037683432297045365e+06,-1.784165562252418056e+02
4.318514899853444222e-04,1.040535280246845330e+06,-1.782256575225133588e+02
4.323400097703956717e-04,1.043395447720280150e+06,-1.780347702911682859e+02
4.328285295554469753e-04,1.046263959319056710e+06,-1.778438943878751957e+02
4.333170493404982790e-04,1.049140839732544264e+06,-1.776530296704769114e+02
4.338055691255495827e-04,1.052026113737961045e+06,-1.774621759979861793e+02
4.342940889106008864e-04,1.054919806200567400e+06,-1.772713332305815470e+02
4.347826086956521900e-04,1.057821942073856946e+06,-1.770805012296035272e+02
4.352711284807034395e-04,1.060732546399747021e+06,-1.768896798575500213e+02
4.357596482657547432e-04,1.063651644308771240e+06,-1.766988689780724542e+02
4.362481680508060468e-04,1.066579261020273436e+06,-1.765080684559713120e+02
4.367366878358573505e-04,1.069515421842600917e+06,-1.763172781571919359e+02
4.372252076209086542e-04,1.072460152173299342e+06,-1.761264979488200879e+02
4.377137274059599579e-04,1.075413477499306900e+06,-1.759357276990777166e+02
4.382022471910112073e-04,1.078375423397151520e+06,-1.757449672773184091e+02
4.386907669760625110e-04,1.081346015533146681e+06,-1.755542165540230428e+02
4.391792867611138147e-04,1.084325279663588619e+06,-1.753634754007951244e+02
4.396678065461651183e-04,1.087313241634955164e+06,-1.751727436903565263e+02
4.401563263312164220e-04,1.090309927384102950e+06,-1.749820212965427118e+02
4.406448461162676715e-04,1.093315362938467879e+06,-1.747913080942982162e+02
4.411333659013189751e-04,1.096329574416265124e+06,-1.746006039596721564e+02
4.416218856863702788e-04,1.099352588026689133e+06,-1.744099087698132280e+02
4.421104054714215825e-04,1.102384430070117349e+06,-1.742192224029654142e+02
4.425989252564728861e-04,1.105425126938309753e+06,-1.740285447384630118e+02
4.430874450415241898e-04,1.108474705114614684e+06,-1.738378756567260268e+02
4.435759648265754393e-04,1.111533191174170468e+06,-1.736472150392553147e+02
4.440644846116267429e-04,1.114600611784111941e+06,-1.734565627686277764e+02
4.445530043966780466e-04,1.117676993703773478e+06,-1.732659187284916129e+02
4.450415241817293503e-04,1.120762363784897374e+06,-1.730752828035613504e+02
4.455300439667806540e-04,1.123856748971839203e+06,-1.728846548796131515e+02
4.460185637518319576e-04,1.126960176301776897e+06,-1.726940348434796704e+02
4.465070835368832071e-04,1.130072672904918669e+06,-1.725034225830453067e+02
4.469956033219345108e-04,1.133194266004711622e+06,-1.723128179872412034e+02
4.474841231069858144e-04,1.136324982918051770e+06,-1.721222209460402723e+02
4.479726428920371181e-04,1.139464851055495208e+06,-1.719316313504521361e+02
4.484611626770884218e-04,1.142613897921471158e+06,-1.717410490925182671e+02
4.489496824621397254e-04,1.145772151114491746e+06,-1.715504740653068154e+02
4.494382022471909749e-04,1.148939638327367371e+06,-1.713599061629075777e+02
4.499267220322422786e-04,1.152116387347419513e+06,-1.711693452804269953e+02
4.504152418172935823e-04,1.155302426056696801e+06,-1.709787913139830380e+02
4.509037616023448859e-04,1.158497782432190143e+06,-1.707882441607000317e+02
4.513922813873961896e-04,1.161702484546048334e+06,-1.705977037187035705e+02
4.518808011724474933e-04,1.164916560565797845e+06,-1.704071698871154865e+02
4.523693209574987427e-04,1.168140038754557958e+06,-1.702166425660485345e+02
4.528578407425500464e-04,1.171372947471262654e+06,-1.700261216566012763e+02
4.533463605276013501e-04,1.174615315170879010e+06,-1.698356070608529649e+02
4.538348803126526537e-04,1.177867170404628152e+06,-1.696450986818582578e+02
4.543234000977039574e-04,1.181128541820208542e+06,-1.694545964236420730e+02
4.548119198827552611e-04,1.184399458162015071e+06,-1.692641001911943590e+02
4.553004396678065105e-04,1.187679948271365138e+06,-1.690736098904647804e+02
4.557889594528578142e-04,1.190970041086723562e+06,-1.688831254283576300e+02
4.562774792379091179e-04,1.194269765643925173e+06,-1.686926467127264573e+02
4.567659990229604216e-04,1.197579151076402515e+06,-1.685021736523688105e+02
4.572545188080117252e-04,1.200898226615411928e+06,-1.683117061570210637e+02
4.577430385930630289e-04,1.204227021590263117e+06,-1.681212441373530453e+02
4.582315583781142784e-04,1.207565565428545233e+06,-1.679307875049627228e+02
4.587200781631655820e-04,1.210913887656358536e+06,-1.677403361723710304e+02
4.592085979482168857e-04,1.214272017898544669e+06,-1.675498900530164690e+02
4.596971177332681894e-04,1.217639985878916457e+06,-1.673594490612498475e+02
4.601856375183194930e-04,1.221017821420494001e+06,-1.671690131123288836e+02
4.606741573033707967e-04,1.224405554445733316e+06,-1.669785821224130871e+02
4.611626770884220462e-04,1.227803214976764750e+06,-1.667881560085581611e+02
4.616511968734733498e-04,1.231210833135624183e+06,-1.665977346887108865e+02
4.621397166585246535e-04,1.234628439144494012e+06,-1.664073180817037212e+02
4.626282364435759572e-04,1.238056063325934112e+06,-1.662169061072494571e+02
4.631167562286272609e-04,1.241493736103126314e+06,-1.660264986859359055e+02
4.636052760136785645e-04,1.244941488000107929e+06,-1.658360957392204966e+02
4.640937957987298140e-04,1.248399349642015528e+06,-1.656456971894250501e+02
4.645823155837811177e-04,1.251867351755323587e+06,-1.654553029597303464e+02
4.650708353688324213e-04,1.255345525168086868e+06,-1.652649129741708123e+02
4.655593551538837250e-04,1.258833900810183957e+06,-1.650745271576291486e+02
4.660478749389350287e-04,1.262332509713561274e+06,-1.648841454358310443e+02
4.665363947239863323e-04,1.265841383012475679e+06,-1.646937677353398612e+02
4.670249145090375818e-04,1.269360551943743136e+06,-1.645033939835510921e+02
4.675134342940888855e-04,1.272890047846983187e+06,-1.643130241086873298e+02
4.680019540791401892e-04,1.276429902164867846e+06,-1.641226580397926398e+02
4.684904738641914928e-04,1.279980146443370031e+06,-1.639322957067274729e+02
4.689789936492427965e-04,1.283540812332014786e+06,-1.637419370401630943e+02
4.694675134342941002e-04,1.287111931584127480e+06,-1.635515819715764394e+02
4.699560332193453496e-04,1.290693536057086429e+06,-1.633612304332447138e+02
4.704445530043966533e-04,1.294285657712578541e+06,-1.631708823582401351e+02
4.709330727894479570e-04,1.297888328616848681e+06,-1.629805376804244474e+02
4.714215925744992606e-04,1.301501580940957880e+06,-1.627901963344438343e+02
4.719101123595505643e-04,1.305125446961038047e+06,-1.625998582557234613e+02
4.723986321446018680e-04,1.308759959058548789e+06,-1.624095233804621614e+02
4.728871519296531174e-04,1.312405149720535148e+06,-1.622191916456272907e+02
4.733756717147044211e-04,1.316061051539888838e+06,-1.620288629889493279e+02
4.738641914997557248e-04,1.319727697215605527e+06,-1.618385373489165318e+02
4.743527112848070285e-04,1.323405119553047232e+06,-1.616482146647698244e+02
4.748412310698583321e-04,1.327093351464205189e+06,-1.614578948764973916e+02
4.753297508549096358e-04,1.330792425967961550e+06,-1.612675779248294532e+02
4.758182706399608853e-04,1.334502376190356212e+06,-1.610772637512331471e+02
4.763067904250121889e-04,1.338223235364849214e+06,-1.608869522979069870e+02
4.767953102100634926e-04,1.341955036832589889e+06,-1.606966435077759456e+02
4.772838299951147963e-04,1.345697814042683225e+06,-1.605063373244860259e+02
4.777723497801660999e-04,1.349451600552457618e+06,-1.603160336923991167e+02
4.782608695652174036e-04,1.353216430027737748e+06,-1.601257325565877920e+02
4.787493893502686531e-04,1.356992336243113270e+06,-1.599354338628300525e+02
4.792379091353199567e-04,1.360779353082210524e+06,-1.597451375576042665e+02
4.797264289203712604e-04,1.364577514537966577e+06,-1.595548435880837701e+02
4.802149487054225641e-04,1.368386854712904431e+06,-1.593645519021319785e+02
4.807034684904738678e-04,1.372207407819405897e+06,-1.591742624482970143e+02
4.811919882755251714e-04,1.376039208179989597e+06,-1.589839751758066768e+02
4.816805080605764209e-04,1.379882290227588033e+06,-1.587936900345632409e+02
4.821690278456277246e-04,1.383736688505828613e+06,-1.586034069751383697e+02
4.826575476306790282e-04,1.387602437669309322e+06,-1.584131259487680552e+02
4.831460674157303319e-04,1.391479572483884403e+06,-1.582228469073473889e+02
4.836345872007816356e-04,1.395368127826941432e+06,-1.580325698034256732e+02
4.841231069858329393e-04,1.399268138687690254e+06,-1.578422945902011350e+02
4.846116267708841887e-04,1.403179640167442383e+06,-1.576520212215160655e+02
4.851001465559354924e-04,1.407102667479901109e+06,-1.574617496518516191e+02
4.855886663409867961e-04,1.411037255951445084e+06,-1.572714798363229249e+02
4.860771861260380997e-04,1.414983441021416802e+06,-1.570812117306739140e+02
4.865657059110894034e-04,1.418941258242414100e+06,-1.568909452912724873e+02
4.870542256961407071e-04,1.422910743280576309e+06,-1.567006804751053721e+02
4.875427454811919565e-04,1.426891931915881345e+06,-1.565104172397732611e+02
4.880312652662432602e-04,1.430884860042432789e+06,-1.563201555434858676e+02
4.885197850512945639e-04,1.434889563668757444e+06,-1.561298953450567808e+02
4.890083048363458133e-04,1.438906078918099171e+06,-1.559396366038988617e+02
4.894968246213971712e-04,1.442934442028715275e+06,-1.557493792800190420e+02
4.899853444064484207e-04,1.446974689354174770e+06,-1.555591233340136341e+02
4.904738641914997786e-04,1.451026857363655698e+06,-1.553688687270632727e+02
4.909623839765510280e-04,1.455090982642245945e+06,-1.551786154209281676e+02
4.914509037616023859e-04,1.459167101891244994e+06,-1.549883633779433012e+02
4.919394235466536354e-04,1.463255251928464742e+06,-1.547981125610134256e+02
4.924279433317048848e-04,1.467355469688535202e+06,-1.546078629336084020e+02
4.929164631167562427e-04,1.471467792223206954e+06,-1.544176144597583118e+02
4.934049829018074922e-04,1.475592256701659411e+06,-1.542273671040487670e+02
4.938935026868588500e-04,1.479728900410807692e+06,-1.540371208316160505e+02
4.943820224719100995e-04,1.483877760755609488e+06,-1.538468756081424260e+02
4.948705422569613490e-04,1.488038875259376364e+06,-1.536566313998513351e+02
4.953590620420127068e-04,1.492212281564086210e+06,-1.534663881735028497e+02
4.958475818270639563e-04,1.496398017430692213e+06,-1.532761458963888117e+02
4.963361016121153142e-04,1.500596120739439968e+06,-1.530859045363282007e+02
4.968246213971665637e-04,1.504806629490179708e+06,-1.528956640616625009e+02
4.973131411822179215e-04,1.509029581802683882e+06,-1.527054244412511252e+02
4.978016609672691710e-04,1.513265015916964971e+06,-1.525151856444666123e+02
4.982901807523204205e-04,1.517512970193592599e+06,-1.523249476411902492e+02
4.987787005373717783e-04,1.521773483114015311e+06,-1.521347104018072685e+02
4.992672203224230278e-04,1.526046593280881178e+06,-1.519444738972024709e+02
4.997557401074743857e-04,1.530332339418359101e+06,-1.517542380987555646e+02
5.002442598925256351e-04,1.534630760372465709e+06,-1.515640029783366458e+02
5.007327796775768846e-04,1.538941895111387363e+06,-1.513737685083018221e+02
5.012212994626282425e-04,1.543265782725810306e+06,-1.511835346614884941e+02
5.017098192476794919e-04,1.547602462429244770e+06,-1.509933014112110925e+02
5.021983390327308498e-04,1.551951973558356985e+06,-1.508030687312565021e+02
5.026868588177820993e-04,1.556314355573297478e+06,-1.506128365958796849e+02
5.031753786028333487e-04,1.560689648058034712e+06,-1.504226049797993028e+02
5.036638983878847066e-04,1.565077890720687807e+06,-1.502323738581933128e+02
5.041524181729359561e-04,1.569479123393860646e+06,-1.500421432066944192e+02
5.046409379579873140e-04,1.573893386034977855e+06,-1.498519130013860945e+02
5.051294577430385634e-04,1.578320718726621475e+06,-1.496616832187978616e+02
5.056179775280899213e-04,1.582761161676872056e+06,-1.494714538359012010e+02
5.061064973131411708e-04,1.587214755219644867e+06,-1.492812248301052875e+02
5.065950170981924202e-04,1.591681539815033088e+06,-1.490909961792525564e+02
5.070835368832437781e-04,1.596161556049651466e+06,-1.489007678616146393e+02
5.075720566682950276e-04,1.600654844636978349e+06,-1.487105398558879301e+02
5.080605764533463855e-04,1.605161446417702129e+06,-1.485203121411896348e+02
5.085490962383976349e-04,1.609681402360068867e+06,-1.483300846970533371e+02
5.090376160234488844e-04,1.614214753560228739e+06,-1.481398575034249347e+02
5.095261358085002423e-04,1.618761541242586216e+06,-1.479496305406586316e+02
5.100146555935514917e-04,1.623321806760149542e+06,-1.477594037895125325e+02
5.105031753786028496e-04,1.627895591594887665e+06,-1.475691772311447778e+02
5.109916951636540991e-04,1.632482937358079012e+06,-1.473789508471093939e+02
5.114802149487054569e-04,1.637083885790669359e+06,-1.471887246193521150e+02
5.119687347337567064e-04,1.641698478763628285e+06,-1.469984985302065752e+02
5.124572545188079559e-04,1.646326758278304944e+06,-1.468082725623900444e+02
5.129457743038593137e-04,1.650968766466789879e+06,-1.466180466989996489e+02
5.134342940889105632e-04,1.655624545592275215e+06,-1.464278209235082500e+02
5.139228138739619211e-04,1.660294138049416244e+06,-1.462375952197605216e+02
5.144113336590131706e-04,1.664977586364696501e+06,-1.460473695719690852e+02
5.148998534440644200e-04,1.669674933196790749e+06,-1.458571439647105024e+02
5.153883732291157779e-04,1.674386221336933784e+06,-1.456669183829214376e+02
5.158768930141670274e-04,1.679111493709286675e+06,-1.454766928118947931e+02
5.163654127992183852e-04,1.683850793371308129e+06,-1.452864672372759003e+02
5.168539325842696347e-04,1.688604163514123997e+06,-1.450962416450585692e+02
5.173424523693209926e-04,1.693371647462900029e+06,-1.449060160215814790e+02
5.178309721543722420e-04,1.698153288677215343e+06,-1.447157903535241985e+02
5.183194919394234915e-04,1.702949130751438905e+06,-1.445255646279035489e+02
5.188080117244748494e-04,1.707759217415104620e+06,-1.443353388320697945e+02
5.192965315095260988e-04,1.712583592533291550e+06,-1.441451129537030340e+02
5.197850512945774567e-04,1.717422300107002491e+06,-1.439548869808094480e+02
5.202735710796287062e-04,1.722275384273545118e+06,-1.437646609017175479e+02
5.207620908646799556e-04,1.727142889306915924e+06,-1.435744347050746796e+02
5.212506106497313135e-04,1.732024859618184622e+06,-1.433842083798432441e+02
5.217391304347825630e-04,1.736921339755875990e+06,-1.431939819152972291e+02
5.222276502198339209e-04,1.741832374406362884e+06,-1.430037553010185718e+02
5.227161700048851703e-04,1.746758008394251345e+06,-1.428135285268934638e+02
5.232046897899365282e-04,1.751698286682771286e+06,-1.426233015831091393e+02
5.236932095749877777e-04,1.756653254374169512e+06,-1.424330744601499532e+02
5.241817293600390271e-04,1.761622956710102735e+06,-1.422428471487942261e+02
5.246702491450903850e-04,1.766607439072031761e+06,-1.420526196401105778e+02
5.251587689301416345e-04,1.771606746981617762e+06,-1.418623919254544887e+02
5.256472887151929924e-04,1.776620926101122284e+06,-1.416721639964649739e+02
5.261358085002442418e-04,1.781650022233803524e+06,-1.414819358450611162e+02
5.266243282852954913e-04,1.786694081324320752e+06,-1.412917074634386267e+02
5.271128480703468492e-04,1.791753149459133623e+06,-1.411014788440665484e+02
5.276013678553980986e-04,1.796827272866909392e+06,-1.409112499796839018e+02
5.280898876404494565e-04,1.801916497918925947e+06,-1.407210208632963599e+02
5.285784074255007060e-04,1.807020871129480656e+06,-1.405307914881729801e+02
5.290669272105520638e-04,1.812140439156299457e+06,-1.403405618478427925e+02
5.295554469956033133e-04,1.817275248800945701e+06,-1.401503319360917317e+02
5.300439667806545628e-04,1.822425347009234596e+06,-1.399601017469593955e+02
5.305324865657059207e-04,1.827590780871644616e+06,-1.397698712747356069e+02
5.310210063507571701e-04,1.832771597623732872e+06,-1.395796405139574858e+02
5.315095261358085280e-04,1.837967844646553509e+06,-1.393894094594061244e+02
5.319980459208597775e-04,1.843179569467075402e+06,-1.391991781061035454e+02
5.324865657059110269e-04,1.848406819758601487e+06,-1.390089464493094340e+02
5.329750854909623848e-04,1.853649643341189250e+06,-1.388187144845182956e+02
5.334636052760136343e-04,1.858908088182076579e+06,-1.386284822074560736e+02
5.339521250610649921e-04,1.864182202396105509e+06,-1.384382496140772218e+02
5.344406448461162416e-04,1.869472034246149473e+06,-1.382480167005618057e+02
5.349291646311675995e-04,1.874777632143538911e+06,-1.380577834633122336e+02
5.354176844162188489e-04,1.880099044648492942e+06,-1.378675498989504717e+02
5.359062042012700984e-04,1.885436320470552193e+06,-1.376773160043148891e+02
5.363947239863214563e-04,1.890789508469006279e+06,-1.374870817764575293e+02
5.368832437713727057e-04,1.896158657653334783e+06,-1.372968472126409551e+02
5.373717635564240636e-04,1.901543817183639854e+06,-1.371066123103355210e+02
5.378602833414753131e-04,1.906945036371086258e+06,-1.369163770672163878e+02
5.383488031265265625e-04,1.912362364678337239e+06,-1.367261414811607381e+02
5.388373229115779204e-04,1.917795851720001316e+06,-1.365359055502447063e+02
5.393258426966291699e-04,1.923245547263070941e+06,-1.363456692727409632e+02
5.398143624816805278e-04,1.928711501227367902e+06,-1.361554326471155605e+02
5.403028822667317772e-04,1.934193763685991056e+06,-1.359651956720252599e+02
5.407914020517831351e-04,1.939692384865764296e+06,-1.357749583463148042e+02
5.412799218368343846e-04,1.945207415147682652e+06,-1.355847206690142741e+02
5.417684416218856340e-04,1.950738905067368178e+06,-1.353944826393361041e+02
5.422569614069369919e-04,1.956286905315521173e+06,-1.352042442566726947e+02
5.427454811919882414e-04,1.961851466738373041e+06,-1.350140055205934573e+02
5.432340009770395993e-04,1.967432640338147059e+06,-1.348237664308424257e+02
5.437225207620908487e-04,1.973030477273512399e+06,-1.346335269873354719e+02
5.442110405471420982e-04,1.978645028860045597e+06,-1.344432871901576050e+02
5.446995603321934561e-04,1.984276346570693422e+06,-1.342530470395606699e+02
5.451880801172447055e-04,1.989924482036233647e+06,-1.340628065359605330e+02
5.456765999022960634e-04,1.995589487045741873e+06,-1.338725656799345245e+02
5.461651196873473129e-04,2.001271413547059521e+06,-1.336823244722191646e+02
5.466536394723986707e-04,2.006970313647257164e+06,-1.334920829137073781e+02
5.471421592574499202e-04,2.012686239613112528e+06,-1.333018410054461071e+02
5.476306790425011697e-04,2.018419243871575221e+06,-1.331115987486338668e+02
5.481191988275525276e-04,2.024169379010245902e+06,-1.329213561446183292e+02
5.486077186126037770e-04,2.029936697777847992e+06,-1.327311131948938225e+02
5.490962383976551349e-04,2.035721253084706608e+06,-1.325408699010989153e+02
5.495847581827063844e-04,2.041523098003229359e+06,-1.323506262650141423e+02
5.500732779677576338e-04,2.047342285768383648e+06,-1.321603822885595321e+02
5.505617977528089917e-04,2.053178869778182358e+06,-1.319701379737923617e+02
5.510503175378602412e-04,2.059032903594166040e+06,-1.317798933229045986e+02
5.515388373229115990e-04,2.064904440941889770e+06,-1.315896483382209965e+02
5.520273571079628485e-04,2.070793535711412318e+06,-1.313994030221964238e+02
5.525158768930142064e-04,2.076700241957785096e+06,-1.312091573774137885e+02
5.530043966780654558e-04,2.082624613901543664e+06,-1.310189114065817932e+02
5.534929164631167053e-04,2.088566705929200631e+06,-1.308286651125326330e+02
5.539814362481680632e-04,2.094526572593743214e+06,-1.306384184982198633e+02
5.544699560332193126e-04,2.100504268615125678e+06,-1.304481715667161268e+02
5.549584758182706705e-04,2.106499848880772479e+06,-1.302579243212111351e+02
5.554469956033219200e-04,2.112513368446078151e+06,-1.300676767650093382e+02
5.559355153883731695e-04,2.118544882534907665e+06,-1.298774289015278782e+02
5.564240351734245273e-04,2.124594446540103294e+06,-1.296871807342945715e+02
5.569125549584757768e-04,2.130662116023990326e+06,-1.294969322669456631e+02
5.574010747435271347e-04,2.136747946718882769e+06,-1.293066835032237805e+02
5.578895945285783841e-04,2.142851994527596049e+06,-1.291164344469760294e+02
5.583781143136297420e-04,2.148974315523957834e+06,-1.289261851021517771e+02
5.588666340986809915e-04,2.155114965953320730e+06,-1.287359354728007759e+02
5.593551538837322409e-04,2.161274002233079169e+06,-1.285456855630710322e+02
5.598436736687835988e-04,2.167451480953185819e+06,-1.283554353772069305e+02
5.603321934538348483e-04,2.173647458876671735e+06,-1.281651849195473005e+02
5.608207132388862062e-04,2.179861992940165102e+06,-1.279749341945233283e+02
5.613092330239374556e-04,2.186095140254417900e+06,-1.277846832066568226e+02
5.617977528089887051e-04,2.192346958104827907e+06,-1.275944319605581683e+02
5.622862725940400630e-04,2.198617503951967228e+06,-1.274041804609244792e+02
5.627747923790913124e-04,2.204906835432109423e+06,-1.272139287125378218e+02
5.632633121641426703e-04,2.211215010357761756e+06,-1.270236767202632109e+02
5.637518319491939198e-04,2.217542086718195118e+06,-1.268334244890468767e+02
5.642403517342451692e-04,2.223888122679980472e+06,-1.266431720239144170e+02
5.647288715192965271e-04,2.230253176587525290e+06,-1.264529193299691059e+02
5.652173913043477766e-04,2.236637306963614188e+06,-1.262626664123899189e+02
5.657059110893991345e-04,2.243040572509940248e+06,-1.260724132764299696e+02
5.661944308744503839e-04,2.249463032107659150e+06,-1.258821599274146052e+02
5.666829506595017418e-04,2.255904744817923754e+06,-1.256919063707398294e+02
5.671714704445529913e-04,2.262365769882435445e+06,-1.255016526118705258e+02
5.676599902296042407e-04,2.268846166723988950e+06,-1.253113986563386959e+02
5.681485100146555986e-04,2.275345994947024621e+06,-1.251211445097419528e+02
5.686370297997068481e-04,2.281865314338178374e+06,-1.249308901777417304e+02
5.691255495847582059e-04,2.288404184866837692e+06,-1.247406356660616780e+02
5.696140693698094554e-04,2.294962666685696226e+06,-1.245503809804860680e+02
5.701025891548607049e-04,2.301540820131311193e+06,-1.243601261268581908e+02
5.705911089399120627e-04,2.308138705724664964e+06,-1.241698711110787769e+02
5.710796287249633122e-04,2.314756384171724319e+06,-1.239796159391043204e+02
5.715681485100146701e-04,2.321393916364006232e+06,-1.237893606169456717e+02
5.720566682950659195e-04,2.328051363379143644e+06,-1.235991051506664320e+02
5.725451880801172774e-04,2.334728786481450778e+06,-1.234088495463814894e+02
5.730337078651685269e-04,2.341426247122496367e+06,-1.232185938102553422e+02
5.735222276502197764e-04,2.348143806941671763e+06,-1.230283379485008624e+02
5.740107474352711342e-04,2.354881527766769752e+06,-1.228380819673776472e+02
5.744992672203223837e-04,2.361639471614555921e+06,-1.226478258731905839e+02
5.749877870053737416e-04,2.368417700691349804e+06,-1.224575696722884715e+02
5.754763067904249910e-04,2.375216277393600903e+06,-1.222673133710626132e+02
5.759648265754762405e-04,2.382035264308474958e+06,-1.220770569759452684e+02
5.764533463605275984e-04,2.388874724214434158e+06,-1.218868004934084723e+02
5.769418661455788478e-04,2.395734720081826672e+06,-1.216965439299624450e+02
5.774303859306302057e-04,2.402615315073473379e+06,-1.215062872921543971e+02
5.779189057156814552e-04,2.409516572545256466e+06,-1.213160305865670949e+02
5.784074255007328131e-04,2.416438556046714075e+06,-1.211257738198175673e+02
5.788959452857840625e-04,2.423381329321635421e+06,-1.209355169985557694e+02
5.793844650708353120e-04,2.430344956308652181e+06,-1.207452601294633183e+02
5.798729848558866699e-04,2.437329501141841058e+06,-1.205550032192521854e+02
5.803615046409379193e-04,2.444335028151324484e+06,-1.203647462746634176e+02
5.808500244259892772e-04,2.451361601863874123e+06,-1.201744893024659433e+02
5.813385442110405267e-04,2.458409287003511563e+06,-1.199842323094552370e+02
5.818270639960917761e-04,2.465478148492119275e+06,-1.197939753024521536e+02
5.823155837811431340e-04,2.472568251450046897e+06,-1.196037182883017778e+02
5.828041035661943835e-04,2.479679661196724046e+06,-1.194134612738720875e+02
5.832926233512457414e-04,2.486812443251273129e+06,-1.192232042660529316e+02
5.837811431362969908e-04,2.493966663333125412e+06,-1.190329472717547361e+02
5.842696629213483487e-04,2.501142387362638023e+06,-1.188426902979074100e+02
5.847581827063995982e-04,2.508339681461710483e+06,-1.186524333514592087e+02
5.852467024914508476e-04,2.515558611954414751e+06,-1.184621764393756820e+02
5.857352222765022055e-04,2.522799245367610361e+06,-1.182719195686383671e+02
5.862237420615534550e-04,2.530061648431573529e+06,-1.180816627462439214e+02
5.867122618466048128e-04,2.537345888080629520e+06,-1.178914059792028723e+02
5.872007816316560623e-04,2.544652031453777105e+06,-1.177011492745386789e+02
5.876893014167073118e-04,2.551980145895324182e+06,-1.175108926392865953e+02
5.881778212017586696e-04,2.559330298955522478e+06,-1.173206360804926192e+02
5.886663409868099191e-04,2.566702558391205501e+06,-1.171303796052125676e+02
5.891548607718612770e-04,2.574096992166426033e+06,-1.169401232205109693e+02
5.896433805569125264e-04,2.581513668453096878e+06,-1.167498669334600976e+02
5.901319003419638843e-04,2.588952655631634872e+06,-1.165596107511389619e+02
5.906204201270151338e-04,2.596414022291611414e+06,-1.163693546806324264e+02
5.911089399120663833e-04,2.603897837232391816e+06,-1.161790987290301018e+02
5.915974596971177411e-04,2.611404169463794678e+06,-1.159888429034255495e+02
5.920859794821689906e-04,2.618933088206736371e+06,-1.157985872109152581e+02
5.925744992672203485e-04,2.626484662893891335e+06,-1.156083316585977059e+02
5.930630190522715979e-04,2.634058963170348667e+06,-1.154180762535725364e+02
5.935515388373228474e-04,2.641656058894266374e+06,-1.152278210029395922e+02
5.940400586223742053e-04,2.649276020137537271e+06,-1.150375659137981046e+02
5.945285784074254547e-04,2.656918917186453007e+06,-1.148473109932456850e+02
5.950170981924768126e-04,2.664584820542367175e+06,-1.146570562483776428e+02
5.955056179775280621e-04,2.672273800922367722e+06,-1.144668016862860185e+02
5.959941377625794200e-04,2.679985929259940516e+06,-1.142765473140588028e+02
5.964826575476306694e-04,2.687721276705649681e+06,-1.140862931387791122e+02
5.969711773326819189e-04,2.695479914627807681e+06,-1.138960391675243500e+02
5.974596971177332768e-04,2.703261914613156114e+06,-1.137057854073653971e+02
5.979482169027845262e-04,2.711067348467542790e+06,-1.135155318653658867e+02
5.984367366878358841e-04,2.718896288216602989e+06,-1.133252785485814371e+02
5.989252564728871336e-04,2.726748806106448639e+06,-1.131350254640587991e+02
5.994137762579383830e-04,2.734624974604350980e+06,-1.129447726188351453e+02
5.999022960429897409e-04,2.742524866399427410e+06,-1.127545200199374023e+02
6.003908158280409904e-04,2.750448554403339513e+06,-1.125642676743814263e+02
6.008793356130923483e-04,2.758396111750980373e+06,-1.123740155891713215e+02
6.013678553981435977e-04,2.766367611801172607e+06,-1.121837637712987714e+02
6.018563751831949556e-04,2.774363128137367778e+06,-1.119935122277422721e+02
6.023448949682462051e-04,2.782382734568346757e+06,-1.118032609654665066e+02
6.028334147532974545e-04,2.790426505128920078e+06,-1.116130099914216629e+02
6.033219345383488124e-04,2.798494514080638532e+06,-1.114227593125427234e+02
6.038104543234000619e-04,2.806586835912495852e+06,-1.112325089357489105e+02
6.042989741084514197e-04,2.814703545341640245e+06,-1.110422588679429481e+02
6.047874938935026692e-04,2.822844717314089183e+06,-1.108520091160104926e+02
6.052760136785539187e-04,2.831010427005440928e+06,-1.106617596868195079e+02
6.057645334636052765e-04,2.839200749821593985e+06,-1.104715105872195977e+02
6.062530532486565260e-04,2.847415761399467941e+06,-1.102812618240414935e+02
6.067415730337078839e-04,2.855655537607721519e+06,-1.100910134040964437e+02
6.072300928187591334e-04,2.863920154547483195e+06,-1.099007653341755599e+02
6.077186126038104912e-04,2.872209688553069253e+06,-1.097105176210493624e+02
6.082071323888617407e-04,2.880524216192723718e+06,-1.095202702714671403e+02
6.086956521739129902e-04,2.888863814269341528e+06,-1.093300232921564543e+02
6.091841719589643480e-04,2.897228559821208473e+06,-1.091397766898225683e+02
6.096726917440155975e-04,2.905618530122736003e+06,-1.089495304711478809e+02
6.101612115290669554e-04,2.914033802685196977e+06,-1.087592846427915418e+02
6.106497313141182048e-04,2.922474455257474910e+06,-1.085690392113887981e+02
6.111382510991694543e-04,2.930940565826800186e+06,-1.083787941835505535e+02
6.116267708842208122e-04,2.939432212619501166e+06,-1.081885495658628997e+02
6.121152906692720616e-04,2.947949474101754371e+06,-1.079983053648866047e+02
6.126038104543234195e-04,2.956492428980331402e+06,-1.078080615871566437e+02
6.130923302393746690e-04,2.965061156203357503e+06,-1.076178182391817302e+02
6.135808500244260269e-04,2.973655734961065929e+06,-1.074275753274439040e+02
6.140693698094772763e-04,2.982276244686556514e+06,-1.072373328583980339e+02
6.145578895945285258e-04,2.990922765056558885e+06,-1.070470908384714335e+02
6.150464093795798837e-04,2.999595375992195215e+06,-1.068568492740633360e+02
6.155349291646311331e-04,3.008294157659748569e+06,-1.066666081715446381e+02
6.160234489496824910e-04,3.017019190471431240e+06,-1.064763675372573459e+02
6.165119687347337405e-04,3.025770555086157750e+06,-1.062861273775142337e+02
6.170004885197849899e-04,3.034548332410314120e+06,-1.060958876985984176e+02
6.174890083048363478e-04,3.043352603598542046e+06,-1.059056485067630717e+02
6.179775280898875973e-04,3.052183450054513756e+06,-1.057154098082309019e+02
6.184660478749389552e-04,3.061040953431713860e+06,-1.055251716091939187e+02
6.189545676599902046e-04,3.069925195634226315e+06,-1.053349339158129823e+02
6.194430874450415625e-04,3.078836258817520924e+06,-1.051446967342174759e+02
6.199316072300928120e-04,3.087774225389239378e+06,-1.049544600705049930e+02
6.204201270151440614e-04,3.096739178009996191e+06,-1.047642239307409824e+02
6.209086468001954193e-04,3.105731199594165199e+06,-1.045739883209584207e+02
6.213971665852466688e-04,3.114750373310680036e+06,-1.043837532471574718e+02
6.218856863702980266e-04,3.123796782583835069e+06,-1.041935187153052027e+02
6.223742061553492761e-04,3.132870511094088200e+06,-1.040032847313353130e+02
6.228627259404005256e-04,3.141971642778865527e+06,-1.038130513011477234e+02
6.233512457254518834e-04,3.151100261833370663e+06,-1.036228184306084330e+02
6.238397655105031329e-04,3.160256452711394057e+06,-1.034325861255491219e+02
6.243282852955544908e-04,3.169440300126128364e+06,-1.032423543917669519e+02
6.248168050806057403e-04,3.178651889050981496e+06,-1.030521232350242400e+02
6.253053248656569897e-04,3.187891304720398504e+06,-1.028618926610482589e+02
6.257938446507083476e-04,3.197158632630683016e+06,-1.026716626755308965e+02
6.262823644357595971e-04,3.206453958540816791e+06,-1.024814332841285704e+02
6.267708842208109549e-04,3.215777368473295122e+06,-1.022912044924618016e+02
6.272594040058622044e-04,3.225128948714945931e+06,-1.021009763061150579e+02
6.277479237909135623e-04,3.234508785817771219e+06,-1.019107487306366124e+02
6.282364435759648117e-04,3.243916966599775013e+06,-1.017205217715382020e+02
6.287249633610160612e-04,3.253353578145807143e+06,-1.015302954342948709e+02
6.292134831460674191e-04,3.262818707808400039e+06,-1.013400697243447723e+02
6.297020029311186685e-04,3.272312443208611570e+06,-1.011498446470889547e+02
6.301905227161700264e-04,3.281834872236873489e+06,-1.009596202078911773e+02
6.306790425012212759e-04,3.291386083053837996e+06,-1.007693964120776968e+02
6.311675622862725253e-04,3.300966164091229904e+06,-1.005791732649371681e+02
6.316560820713238832e-04,3.310575204052700195e+06,-1.003889507717203600e+02
6.321446018563751327e-04,3.320213291914686095e+06,-1.001987289376400696e+02
6.326331216414264906e-04,3.329880516927266493e+06,-1.000085077678709666e+02
6.331216414264777400e-04,3.339576968615026213e+06,-9.981828726754933712e+01
6.336101612115290979e-04,3.349302736777922604e+06,-9.962806744177306939e+01
6.340986809965803474e-04,3.359057911492154002e+06,-9.943784829560145511e+01
6.345872007816315968e-04,3.368842583111026790e+06,-9.924762983405499028e+01
6.350757205666829547e-04,3.378656842265834101e+06,-9.905741206211537531e+01
6.355642403517342042e-04,3.388500779866729397e+06,-9.886719498472525913e+01
6.360527601367855621e-04,3.398374487103606574e+06,-9.867697860678818245e+01
6.365412799218368115e-04,3.408278055446986109e+06,-9.848676293316849240e+01
6.370297997068880610e-04,3.418211576648893766e+06,-9.829654796869120048e+01
6.375183194919394189e-04,3.428175142743750941e+06,-9.810633371814182624e+01
6.380068392769906683e-04,3.438168846049268730e+06,-9.791612018626639724e+01
6.384953590620420262e-04,3.448192779167338740e+06,-9.772590737777132119e+01
6.389838788470932757e-04,3.458247034984930884e+06,-9.753569529732325805e+01
6.394723986321446335e-04,3.468331706674993970e+06,-9.734548394954907735e+01
6.399609184171958830e-04,3.478446887697354425e+06,-9.715527333903580143e+01
6.404494382022471325e-04,3.488592671799627598e+06,-9.696506347033049167e+01
6.409379579872984904e-04,3.498769153018118814e+06,-9.677485434794019170e+01
6.414264777723497398e-04,3.508976425678742118e+06,-9.658464597633187054e+01
6.419149975574010977e-04,3.519214584397927392e+06,-9.639443835993237997e+01
6.424035173424523472e-04,3.529483724083546549e+06,-9.620423150312839766e+01
6.428920371275035966e-04,3.539783939935823902e+06,-9.601402541026634196e+01
6.433805569125549545e-04,3.550115327448267024e+06,-9.582382008565238607e+01
6.438690766976062040e-04,3.560477982408585958e+06,-9.563361553355237277e+01
6.443575964826575618e-04,3.570872000899630599e+06,-9.544341175819185707e+01
6.448461162677088113e-04,3.581297479300315026e+06,-9.525320876375593571e+01
6.453346360527601692e-04,3.591754514286555815e+06,-9.506300655438940339e+01
6.458231558378114186e-04,3.602243202832211740e+06,-9.487280513419655392e+01
6.463116756228626681e-04,3.612763642210020684e+06,-9.468260450724133648e+01
6.468001954079140260e-04,3.623315929992543533e+06,-9.449240467754719930e+01
6.472887151929652754e-04,3.633900164053121116e+06,-9.430220564909718917e+01
6.477772349780166333e-04,3.644516442566810641e+06,-9.411200742583382350e+01
6.482657547630678828e-04,3.655164864011349156e+06,-9.392181001165926091e+01
6.487542745481191322e-04,3.665845527168103959e+06,-9.373161341043517325e+01
6.492427943331704901e-04,3.676558531123032328e+06,-9.354141762598281673e+01
6.497313141182217396e-04,3.687303975267651025e+06,-9.335122266208300346e+01
6.502198339032730975e-04,3.698081959299990907e+06,-9.316102852247617250e+01
6.507083536883243469e-04,3.708892583225574810e+06,-9.297083521086233304e+01
6.511968734733757048e-04,3.719735947358382400e+06,-9.278064273090122072e+01
6.516853932584269543e-04,3.730612152321827598e+06,-9.259045108621215547e+01
6.521739130434782037e-04,3.741521299049740192e+06,-9.240026028037422634e+01
6.526624328285295616e-04,3.752463488787339535e+06,-9.221007031692623457e+01
6.531509526135808111e-04,3.763438823092225008e+06,-9.201988119936675048e+01
6.536394723986321690e-04,3.774447403835359961e+06,-9.182969293115419873e+01
6.541279921836834184e-04,3.785489333202065900e+06,-9.163950551570685832e+01
6.546165119687346679e-04,3.796564713693010621e+06,-9.144931895640293362e+01
6.551050317537860258e-04,3.807673648125209846e+06,-9.125913325658061126e+01
6.555935515388372752e-04,3.818816239633023273e+06,-9.106894841953808850e+01
6.560820713238886331e-04,3.829992591669162270e+06,-9.087876444853365854e+01
6.565705911089398826e-04,3.841202808005692437e+06,-9.068858134678579574e+01
6.570591108939912404e-04,3.852446992735043168e+06,-9.049839911747316989e+01
6.575476306790424899e-04,3.863725250271025114e+06,-9.030821776373473142e+01
6.580361504640937394e-04,3.875037685349840205e+06,-9.011803728866982510e+01
6.585246702491450973e-04,3.886384403031105176e+06,-8.992785769533821849e+01
6.590131900341963467e-04,3.897765508698874153e+06,-8.973767898676020138e+01
6.595017098192477046e-04,3.909181108062661253e+06,-8.954750116591665687e+01
6.599902296042989541e-04,3.920631307158471085e+06,-8.935732423574916083e+01
6.604787493893502035e-04,3.932116212349832989e+06,-8.916714819916003876e+01
6.609672691744015614e-04,3.943635930328836665e+06,-8.897697305901250786e+01
6.614557889594528109e-04,3.955190568117163610e+06,-8.878679881813071972e+01
6.619443087445041687e-04,3.966780233067140914e+06,-8.859662547929988818e+01
6.624328285295554182e-04,3.978405032862779219e+06,-8.840645304526634618e+01
6.629213483146067761e-04,3.990065075520824641e+06,-8.821628151873771628e+01
6.634098680996580255e-04,4.001760469391809311e+06,-8.802611090238295333e+01
6.638983878847092750e-04,4.013491323161107488e+06,-8.783594119883245810e+01
6.643869076697606329e-04,4.025257745849993546e+06,-8.764577241067821944e+01
6.648754274548118823e-04,4.037059846816708334e+06,-8.745560454047388532e+01
6.653639472398632402e-04,4.048897735757517628e+06,-8.726543759073489070e+01
6.658524670249144897e-04,4.060771522707789671e+06,-8.707527156393862811e+01
6.663409868099657392e-04,4.072681318043059669e+06,-8.688510646252441916e+01
6.668295065950170970e-04,4.084627232480110601e+06,-8.669494228889381304e+01
6.673180263800683465e-04,4.096609377078049816e+06,-8.650477904541060070e+01
6.678065461651197044e-04,4.108627863239395432e+06,-8.631461673440094273e+01
6.682950659501709538e-04,4.120682802711155266e+06,-8.612445535815351150e+01
6.687835857352223117e-04,4.132774307585925329e+06,-8.593429491891967587e+01
6.692721055202735612e-04,4.144902490302977152e+06,-8.574413541891354384e+01
6.697606253053248106e-04,4.157067463649355341e+06,-8.555397686031210469e+01
6.702491450903761685e-04,4.169269340760979336e+06,-8.536381924525547049e+01
6.707376648754274180e-04,4.181508235123740975e+06,-8.517366257584684774e+01
6.712261846604787759e-04,4.193784260574619286e+06,-8.498350685415282157e+01
6.717147044455300253e-04,4.206097531302785501e+06,-8.479335208220341258e+01
6.722032242305812748e-04,4.218448161850719713e+06,-8.460319826199223314e+01
6.726917440156326327e-04,4.230836267115324736e+06,-8.441304539547667218e+01
6.731802638006838821e-04,4.243261962349052541e+06,-8.422289348457796621e+01
6.736687835857352400e-04,4.255725363161020912e+06,-8.403274253118144088e+01
6.741573033707864895e-04,4.268226585518155247e+06,-8.384259253713656790e+01
6.746458231558378473e-04,4.280765745746302418e+06,-8.365244350425717812e+01
6.751343429408890968e-04,4.293342960531382822e+06,-8.346229543432158948e+01
6.756228627259403463e-04,4.305958346920515411e+06,-8.327214832907274911e+01
6.761113825109917042e-04,4.318612022323166020e+06,-8.308200219021844646e+01
6.765999022960429536e-04,4.331304104512295686e+06,-8.289185701943137019e+01
6.770884220810943115e-04,4.344034711625513621e+06,-8.270171281834936394e+01
6.775769418661455610e-04,4.356803962166213430e+06,-8.251156958857552581e+01
6.780654616511968104e-04,4.369611975004750304e+06,-8.232142733167843573e+01
6.785539814362481683e-04,4.382458869379588403e+06,-8.213128604919218390e+01
6.790425012212994178e-04,4.395344764898469672e+06,-8.194114574261671180e+01
6.795310210063507756e-04,4.408269781539584510e+06,-8.175100641341785490e+01
6.800195407914020251e-04,4.421234039652737789e+06,-8.156086806302751313e+01
6.805080605764533830e-04,4.434237659960526973e+06,-8.137073069284390670e+01
6.809965803615046324e-04,4.447280763559519313e+06,-8.118059430423161871e+01
6.814851001465558819e-04,4.460363471921441145e+06,-8.099045889852189362e+01
6.819736199316072398e-04,4.473485906894354150e+06,-8.080032447701270826e+01
6.824621397166584892e-04,4.486648190703851171e+06,-8.061019104096901344e+01
6.829506595017098471e-04,4.499850445954253897e+06,-8.042005859162283343e+01
6.834391792867610966e-04,4.513092795629803091e+06,-8.022992713017352173e+01
6.839276990718123461e-04,4.526375363095865585e+06,-8.003979665778790320e+01
6.844162188568637039e-04,4.539698272100131959e+06,-7.984966717560040195e+01
6.849047386419149534e-04,4.553061646773837507e+06,-7.965953868471328292e+01
6.853932584269663113e-04,4.566465611632963642e+06,-7.946941118619683664e+01
6.858817782120175607e-04,4.579910291579463519e+06,-7.927928468108949289e+01
6.863702979970689186e-04,4.593395811902473681e+06,-7.908915917039801968e+01
6.868588177821201681e-04,4.606922298279548064e+06,-7.889903465509780744e+01
6.873473375671714175e-04,4.620489876777879894e+06,-7.870891113613286905e+01
6.878358573522227754e-04,4.634098673855533823e+06,-7.851878861441615243e+01
6.883243771372740249e-04,4.647748816362685524e+06,-7.832866709082971113e+01
6.888128969223253828e-04,4.661440431542854756e+06,-7.813854656622486061e+01
6.893014167073766322e-04,4.675173647034159862e+06,-7.794842704142233458e+01
6.897899364924278817e-04,4.688948590870557353e+06,-7.775830851721252657e+01
6.902784562774792396e-04,4.702765391483092681e+06,-7.756819099435564624e+01
6.907669760625304890e-04,4.716624177701158449e+06,-7.737807447358188995e+01
6.912554958475818469e-04,4.730525078753759153e+06,-7.718795895559172493e+01
6.917440156326330964e-04,4.744468224270763807e+06,-7.699784444105590353e+01
6.922325354176843458e-04,4.758453744284181856e+06,-7.680773093061580425e+01
6.927210552027357037e-04,4.772481769229428843e+06,-7.661761842488357388e+01
6.932095749877869532e-04,4.786552429946610704e+06,-7.642750692444222693e+01
6.936980947728383111e-04,4.800665857681791298e+06,-7.623739642984602938e+01
6.941866145578895605e-04,4.814822184088284150e+06,-7.604728694162045599e+01
6.946751343429409184e-04,4.829021541227936745e+06,-7.585717846026261668e+01
6.951636541279921679e-04,4.843264061572425067e+06,-7.566707098624124228e+01
6.956521739130434173e-04,4.857549878004541621e+06,-7.547696451999698297e+01
6.961406936980947752e-04,4.871879123819503933e+06,-7.528685906194259303e+01
6.966292134831460247e-04,4.886251932726254687e+06,-7.509675461246308714e+01
6.971177332681973825e-04,4.900668438848767430e+06,-7.490665117191598199e+01
6.976062530532486320e-04,4.915128776727363467e+06,-7.471654874063140994e+01
6.980947728382998815e-04,4.929633081320021302e+06,-7.452644731891241747e+01
6.985832926233512393e-04,4.944181488003702834e+06,-7.433634690703505044e+01
6.990718124084024888e-04,4.958774132575673983e+06,-7.414624750524863828e+01
6.995603321934538467e-04,4.973411151254835539e+06,-7.395614911377592193e+01
7.000488519785050961e-04,4.988092680683054030e+06,-7.376605173281328121e+01
7.005373717635564540e-04,5.002818857926496305e+06,-7.357595536253091950e+01
7.010258915486077035e-04,5.017589820476982743e+06,-7.338586000307304857e+01
7.015144113336589530e-04,5.032405706253313459e+06,-7.319576565455808748e+01
7.020029311187103108e-04,5.047266653602630831e+06,-7.300567231707887572e+01
7.024914509037615603e-04,5.062172801301769912e+06,-7.281557999070281539e+01
7.029799706888129182e-04,5.077124288558618166e+06,-7.262548867547215536e+01
7.034684904738641676e-04,5.092121255013474263e+06,-7.243539837140407656e+01
7.039570102589154171e-04,5.107163840740417130e+06,-7.224530907849094774e+01
7.044455300439667750e-04,5.122252186248672195e+06,-7.205522079670053870e+01
7.049340498290180244e-04,5.137386432483993471e+06,-7.186513352597614812e+01
7.054225696140693823e-04,5.152566720830040053e+06,-7.167504726623687361e+01
7.059110893991206318e-04,5.167793193109756336e+06,-7.148496201737773958e+01
7.063996091841719897e-04,5.183065991586762480e+06,-7.129487777926989622e+01
7.068881289692232391e-04,5.198385258966751397e+06,-7.110479455176088948e+01
7.073766487542744886e-04,5.213751138398877345e+06,-7.091471233467476054e+01
7.078651685393258465e-04,5.229163773477164097e+06,-7.072463112781230166e+01
7.083536883243770959e-04,5.244623308241904713e+06,-7.053455093095119821e+01
7.088422081094284538e-04,5.260129887181073427e+06,-7.034447174384625612e+01
7.093307278944797033e-04,5.275683655231743120e+06,-7.015439356622961498e+01
7.098192476795309527e-04,5.291284757781502791e+06,-6.996431639781087597e+01
7.103077674645823106e-04,5.306933340669880621e+06,-6.977424023827737187e+01
7.107962872496335601e-04,5.322629550189765170e+06,-6.958416508729425232e+01
7.112848070346849180e-04,5.338373533088848926e+06,-6.939409094450483906e+01
7.117733268197361674e-04,5.354165436571055092e+06,-6.920401780953064019e+01
7.122618466047875253e-04,5.370005408297986723e+06,-6.901394568197164858e+01
7.127503663898387748e-04,5.385893596390363760e+06,-6.882387456140652660e+01
7.132388861748900242e-04,5.401830149429486133e+06,-6.863380444739273401e+01
7.137274059599413821e-04,5.417815216458670795e+06,-6.844373533946681221e+01
7.142159257449926316e-04,5.433848946984729730e+06,-6.825366723714448369e+01
7.147044455300439894e-04,5.449931490979418159e+06,-6.806360013992089364e+01
7.151929653150952389e-04,5.466062998880913481e+06,-6.787353404727080886e+01
7.156814851001464884e-04,5.482243621595283970e+06,-6.768346895864875989e+01
7.161700048851978462e-04,5.498473510497964919e+06,-6.749340487348925421e+01
7.166585246702490957e-04,5.514752817435251549e+06,-6.730334179120700355e+01
7.171470444553004536e-04,5.531081694725763053e+06,-6.711327971119700919e+01
7.176355642403517031e-04,5.547460295161964372e+06,-6.692321863283490302e+01
7.181240840254030609e-04,5.563888772011636756e+06,-6.673315855547696174e+01
7.186126038104543104e-04,5.580367279019393958e+06,-6.654309947846043372e+01
7.191011235955055599e-04,5.596895970408177935e+06,-6.635304140110363846e+01
7.195896433805569177e-04,5.613475000880779698e+06,-6.616298432270620822e+01
7.200781631656081672e-04,5.630104525621346198e+06,-6.597292824254923005e+01
7.205666829506595251e-04,5.646784700296903029e+06,-6.578287315989545903e+01
7.210552027357107745e-04,5.663515681058880873e+06,-6.559281907398948874e+01
7.215437225207620240e-04,5.680297624544639140e+06,-6.540276598405796449e+01
7.220322423058133819e-04,5.697130687879008241e+06,-6.521271388930968271e+01
7.225207620908646313e-04,5.714015028675821610e+06,-6.502266278893590368e+01
7.230092818759159892e-04,5.730950805039470084e+06,-6.483261268211042250e+01
7.234978016609672387e-04,5.747938175566431135e+06,-6.464256356798976810e+01
7.239863214460185966e-04,5.764977299346843734e+06,-6.445251544571347324e+01
7.244748412310698460e-04,5.782068335966050625e+06,-6.426246831440414553e+01
7.249633610161210955e-04,5.799211445506178774e+06,-6.407242217316766641e+01
7.254518808011724534e-04,5.816406788547683507e+06,-6.388237702109346827e+01
7.259404005862237028e-04,5.833654526170944795e+06,-6.369233285725460547e+01
7.264289203712750607e-04,5.850954819957830012e+06,-6.350228968070792490e+01
7.269174401563263102e-04,5.868307831993289292e+06,-6.331224749049433598e+01
7.274059599413775596e-04,5.885713724866929464e+06,-6.312220628563895275e+01
7.278944797264289175e-04,5.903172661674618721e+06,-6.293216606515120048e+01
7.283829995114801670e-04,5.920684806020078249e+06,-6.274212682802507146e+01
7.288715192965315249e-04,5.938250322016486898e+06,-6.255208857323928839e+01
7.293600390815827743e-04,5.955869374288087711e+06,-6.236205129975743944e+01
7.298485588666341322e-04,5.973542127971808426e+06,-6.217201500652821977e+01
7.303370786516853817e-04,5.991268748718863353e+06,-6.198197969248549555e+01
7.308255984367366311e-04,6.009049402696394362e+06,-6.179194535654860942e+01
7.313141182217879890e-04,6.026884256589086726e+06,-6.160191199762244452e+01
7.318026380068392385e-04,6.044773477600805461e+06,-6.141187961459767308e+01
7.322911577918905963e-04,6.062717233456239104e+06,-6.122184820635084890e+01
7.327796775769418458e-04,6.080715692402535118e+06,-6.103181777174464173e+01
7.332681973619930953e-04,6.098769023210952990e+06,-6.084178830962799367e+01
7.337567171470444531e-04,6.116877395178520121e+06,-6.065175981883624701e+01
7.342452369320957026e-04,6.135040978129684925e+06,-6.046173229819137163e+01
7.347337567171470605e-04,6.153259942417984828e+06,-6.027170574650208579e+01
7.352222765021983100e-04,6.171534458927713335e+06,-6.008168016256404798e+01
7.357107962872496678e-04,6.189864699075600132e+06,-5.989165554515999190e+01
7.361993160723009173e-04,6.208250834812480025e+06,-5.970163189305993257e+01
7.366878358573521668e-04,6.226693038624990731e+06,-5.951160920502131546e+01
7.371763556424035246e-04,6.245191483537256718e+06,-5.932158747978917290e+01
7.376648754274547741e-04,6.263746343112584203e+06,-5.913156671609622350e+01
7.381533952125061320e-04,6.282357791455164552e+06,-5.894154691266318480e+01
7.386419149975573814e-04,6.301026003211776726e+06,-5.875152806819880880e+01
7.391304347826086309e-04,6.319751153573508374e+06,-5.856151018140007380e+01
7.396189545676599888e-04,6.338533418277461082e+06,-5.837149325095233365e+01
7.401074743527112382e-04,6.357372973608477041e+06,-5.818147727552955217e+01
7.405959941377625961e-04,6.376269996400876902e+06,-5.799146225379434583e+01
7.410845139228138456e-04,6.395224664040170610e+06,-5.780144818439816845e+01
7.415730337078652035e-04,6.414237154464818537e+06,-5.761143506598158837e+01
7.420615534929164529e-04,6.433307646167962812e+06,-5.742142289717426706e+01
7.425500732779677024e-04,6.452436318199181929e+06,-5.723141167659520079e+01
7.430385930630190603e-04,6.471623350166244432e+06,-5.704140140285291949e+01
7.435271128480703097e-04,6.490868922236866318e+06,-5.685139207454554366e+01
7.440156326331216676e-04,6.510173215140481479e+06,-5.666138369026099753e+01
7.445041524181729171e-04,6.529536410170014948e+06,-5.647137624857713689e+01
7.449926722032241665e-04,6.548958689183652401e+06,-5.628136974806190551e+01
7.454811919882755244e-04,6.568440234606632032e+06,-5.609136418727349849e+01
7.459697117733267739e-04,6.587981229433022439e+06,-5.590135956476048307e+01
7.464582315583781318e-04,6.607581857227526605e+06,-5.571135587906196207e+01
7.469467513434293812e-04,6.627242302127271891e+06,-5.552135312870771600e+01
7.474352711284807391e-04,6.646962748843624257e+06,-5.533135131221836644e+01
7.479237909135319886e-04,6.666743382663994096e+06,-5.514135042810550402e+01
7.484123106985832380e-04,6.686584389453655109e+06,-5.495135047487183044e+01
7.489008304836345959e-04,6.706485955657564104e+06,-5.476135145101130774e+01
7.493893502686858454e-04,6.726448268302188255e+06,-5.457135335500929330e+01
7.498778700537372032e-04,6.746471514997342601e+06,-5.438135618534270321e+01
7.503663898387884527e-04,6.766555883938022889e+06,-5.419135994048014027e+01
7.508549096238397022e-04,6.786701563906259835e+06,-5.400136461888202177e+01
7.513434294088910601e-04,6.806908744272961281e+06,-5.381137021900075013e+01
7.518319491939423095e-04,6.827177614999772981e+06,-5.362137673928080517e+01
7.523204689789936674e-04,6.847508366640943103e+06,-5.343138417815890762e+01
7.528089887640449169e-04,6.867901190345184878e+06,-5.324139253406419670e+01
7.532975085490961663e-04,6.888356277857551351e+06,-5.305140180541828698e+01
7.537860283341475242e-04,6.908873821521323174e+06,-5.286141199063544605e+01
7.542745481191987737e-04,6.929454014279884286e+06,-5.267142308812274365e+01
7.547630679042501315e-04,6.950097049678622745e+06,-5.248143509628014414e+01
7.552515876893013810e-04,6.970803121866823174e+06,-5.229144801350064853e+01
7.557401074743527389e-04,6.991572425599573180e+06,-5.210146183817049348e+01
7.562286272594039883e-04,7.012405156239672564e+06,-5.191147656866916549e+01
7.567171470444552378e-04,7.033301509759545326e+06,-5.172149220336962827e+01
7.572056668295065957e-04,7.054261682743165642e+06,-5.153150874063838671e+01
7.576941866145578451e-04,7.075285872387983836e+06,-5.134152617883566450e+01
7.581827063996092030e-04,7.096374276506864466e+06,-5.115154451631551780e+01
7.586712261846604525e-04,7.117527093530011363e+06,-5.096156375142592054e+01
7.591597459697117019e-04,7.138744522506932728e+06,-5.077158388250894916e+01
7.596482657547630598e-04,7.160026763108386658e+06,-5.058160490790086783e+01
7.601367855398143093e-04,7.181374015628332272e+06,-5.039162682593227061e+01
7.606253053248656672e-04,7.202786480985900387e+06,-5.020164963492818089e+01
7.611138251099169166e-04,7.224264360727363266e+06,-5.001167333320822195e+01
7.616023448949682745e-04,7.245807857028112747e+06,-4.982169791908667378e+01
7.620908646800195240e-04,7.267417172694634646e+06,-4.963172339087263651e+01
7.625793844650707734e-04,7.289092511166512035e+06,-4.944174974687015833e+01
7.630679042501221313e-04,7.310834076518405229e+06,-4.925177698537829940e+01
7.635564240351733808e-04,7.332642073462061584e+06,-4.906180510469130951e+01
7.640449438202247387e-04,7.354516707348329015e+06,-4.887183410309872755e+01
7.645334636052759881e-04,7.376458184169150889e+06,-4.868186397888545258e+01
7.650219833903272376e-04,7.398466710559614934e+06,-4.849189473033193565e+01
7.655105031753785955e-04,7.420542493799947202e+06,-4.830192635571422244e+01
7.659990229604298449e-04,7.442685741817574948e+06,-4.811195885330409538e+01
7.664875427454812028e-04,7.464896663189142011e+06,-4.792199222136922998e+01
7.669760625305324523e-04,7.487175467142574489e+06,-4.773202645817321610e+01
7.674645823155838101e-04,7.509522363559116609e+06,-4.754206156197574273e+01
7.679531021006350596e-04,7.531937562975406647e+06,-4.735209753103266905e+01
7.684416218856863091e-04,7.554421276585523039e+06,-4.716213436359614519e+01
7.689301416707376670e-04,7.576973716243072413e+06,-4.697217205791473305e+01
7.694186614557889164e-04,7.599595094463254325e+06,-4.678221061223348443e+01
7.699071812408402743e-04,7.622285624424953945e+06,-4.659225002479406896e+01
7.703957010258915238e-04,7.645045519972837530e+06,-4.640229029383488069e+01
7.708842208109427732e-04,7.667874995619440451e+06,-4.621233141759113039e+01
7.713727405959941311e-04,7.690774266547268257e+06,-4.602237339429494511e+01
7.718612603810453806e-04,7.713743548610926606e+06,-4.583241622217549605e+01
7.723497801660967384e-04,7.736783058339221403e+06,-4.564245989945905535e+01
7.728382999511479879e-04,7.759893012937286869e+06,-4.545250442436918092e+01
7.733268197361993458e-04,7.783073630288721062e+06,-4.526254979512669507e+01
7.738153395212505952e-04,7.806325128957723267e+06,-4.507259600994989768e+01
7.743038593063018447e-04,7.829647728191228583e+06,-4.488264306705460172e+01
7.747923790913532026e-04,7.853041647921074182e+06,-4.469269096465423985e+01
7.752808988764044520e-04,7.876507108766142279e+06,-4.450273970095998521e+01
7.757694186614558099e-04,7.900044332034535706e+06,-4.431278927418081537e+01
7.762579384465070594e-04,7.923653539725739509e+06,-4.412283968252361177e+01
7.767464582315583089e-04,7.947334954532816075e+06,-4.393289092419330188e+01
7.772349780166096667e-04,7.971088799844565801e+06,-4.374294299739286629e+01
7.777234978016609162e-04,7.994915299747741781e+06,-4.355299590032352341e+01
7.782120175867122741e-04,8.018814679029230028e+06,-4.336304963118474376e+01
7.787005373717635235e-04,8.042787163178267889e+06,-4.317310418817439910e+01
7.791890571568148814e-04,8.066832978388652205e+06,-4.298315956948881222e+01
7.796775769418661309e-04,8.090952351560960524e+06,-4.279321577332288484e+01
7.801660967269173803e-04,8.115145510304774158e+06,-4.260327279787011889e+01
7.806546165119687382e-04,8.139412682940917090e+06,-4.241333064132280128e+01
7.811431362970199877e-04,8.163754098503687419e+06,-4.222338930187198969e+01
7.816316560820713456e-04,8.188169986743110232e+06,-4.203344877770768306e+01
7.821201758671225950e-04,8.212660578127198853e+06,-4.184350906701885719e+01
7.826086956521738445e-04,8.237226103844204918e+06,-4.165357016799353573e+01
7.830972154372252024e-04,8.261866795804892667e+06,-4.146363207881896784e+01
7.835857352222764518e-04,8.286582886644817889e+06,-4.127369479768156424e+01
7.840742550073278097e-04,8.311374609726604074e+06,-4.108375832276710327e+01
7.845627747923790592e-04,8.336242199142237194e+06,-4.089382265226076640e+01
7.850512945774304171e-04,8.361185889715364203e+06,-4.070388778434720223e+01
7.855398143624816665e-04,8.386205917003589682e+06,-4.051395371721061878e+01
7.860283341475329160e-04,8.411302517300801352e+06,-4.032402044903489013e+01
7.865168539325842739e-04,8.436475927639478818e+06,-4.013408797800359906e+01
7.870053737176355233e-04,8.461726385793020949e+06,-3.994415630230012226e+01
7.874938935026868812e-04,8.487054130278084427e+06,-3.975422542010770144e+01
7.879824132877381307e-04,8.512459400356918573e+06,-3.956429532960954276e+01
7.884709330727893801e-04,8.537942436039716005e+06,-3.937436602898887372e+01
7.889594528578407380e-04,8.563503478086976334e+06,-3.918443751642899997e+01
7.894479726428919875e-04,8.589142768011853099e+06,-3.899450979011341900e+01
7.899364924279433453e-04,8.614860548082539812e+06,-3.880458284822586279e+01
7.904250122129945948e-04,8.640657061324641109e+06,-3.861465668895038306e+01
7.909135319980459527e-04,8.666532551523564383e+06,-3.842473131047142942e+01
7.914020517830972021e-04,8.692487263226896524e+06,-3.823480671097387784e+01
7.918905715681484516e-04,8.718521441746823490e+06,-3.804488288864313716e+01
7.923790913531998095e-04,8.744635333162527531e+06,-3.785495984166524153e+01
7.928676111382510589e-04,8.770829184322616085e+06,-3.766503756822685745e+01
7.933561309233024168e-04,8.797103242847517133e+06,-3.747511606651536908e+01
7.938446507083536663e-04,8.823457757131947204e+06,-3.728519533471899905e+01
7.943331704934049158e-04,8.849892976347317919e+06,-3.709527537102681549e+01
7.948216902784562736e-04,8.876409150444194674e+06,-3.690535617362876764e+01
7.953102100635075231e-04,8.903006530154760927e+06,-3.671543774071584920e+01
7.957987298485588810e-04,8.929685366995263845e+06,-3.652552007048009841e+01
7.962872496336101304e-04,8.956445913268489763e+06,-3.633560316111466193e+01
7.967757694186614883e-04,8.983288422066239640e+06,-3.614568701081386592e+01
7.972642892037127378e-04,9.010213147271823138e+06,-3.595577161777327291e+01
7.977528089887639872e-04,9.037220343562541530e+06,-3.576585698018975989e+01
7.982413287738153451e-04,9.064310266412187368e+06,-3.557594309626155393e+01
7.987298485588665946e-04,9.091483172093555331e+06,-3.538602996418830315e+01
7.992183683439179525e-04,9.118739317680966109e+06,-3.519611758217113362e+01
7.997068881289692019e-04,9.146078961052780971e+06,-3.500620594841270616e+01
8.001954079140204514e-04,9.173502360893940553e+06,-3.481629506111726613e+01
8.006839276990718093e-04,9.201009776698492467e+06,-3.462638491849075706e+01
8.011724474841230587e-04,9.228601468772165477e+06,-3.443647551874075674e+01
8.016609672691744166e-04,9.256277698234893382e+06,-3.424656686007666195e+01
8.021494870542256661e-04,9.284038727023402229e+06,-3.405665894070963873e+01
8.026380068392770240e-04,9.311884817893773317e+06,-3.386675175885275735e+01
8.031265266243282734e-04,9.339816234424034134e+06,-3.367684531272099235e+01
8.036150464093795229e-04,9.367833241016717628e+06,-3.348693960053130070e+01
8.041035661944308808e-04,9.395936102901507169e+06,-3.329703462050263596e+01
8.045920859794821302e-04,9.424125086137790233e+06,-3.310713037085607624e+01
8.050806057645334881e-04,9.452400457617312670e+06,-3.291722684981478864e+01
8.055691255495847376e-04,9.480762485066775233e+06,-3.272732405560414293e+01
8.060576453346359870e-04,9.509211437050467357e+06,-3.253742198645169736e+01
8.065461651196873449e-04,9.537747582972913980e+06,-3.234752064058731946e+01
8.070346849047385944e-04,9.566371193081518635e+06,-3.215762001624317890e+01
8.075232046897899522e-04,9.595082538469204679e+06,-3.196772011165382565e+01
8.080117244748412017e-04,9.623881891077093780e+06,-3.177782092505621847e+01
8.085002442598925596e-04,9.652769523697176948e+06,-3.158792245468977100e+01
8.089887640449438090e-04,9.681745709974981844e+06,-3.139802469879640867e+01
8.094772838299950585e-04,9.710810724412268028e+06,-3.120812765562062197e+01
8.099658036150464164e-04,9.739964842369725928e+06,-3.101823132340945577e+01
8.104543234000976658e-04,9.769208340069686994e+06,-3.082833570041261950e+01
8.109428431851490237e-04,9.798541494598813355e+06,-3.063844078488251910e+01
8.114313629702002732e-04,9.827964583910848945e+06,-3.044854657507424278e+01
8.119198827552515227e-04,9.857477886829333380e+06,-3.025865306924567477e+01
8.124084025403028805e-04,9.887081683050343767e+06,-3.006876026565749171e+01
8.128969223253541300e-04,9.916776253145247698e+06,-2.987886816257320888e+01
8.133854421104054879e-04,9.946561878563450649e+06,-2.968897675825922988e+01
8.138739618954567373e-04,9.976438841635165736e+06,-2.949908605098489289e+01
8.143624816805079868e-04,1.000640742557420023e+07,-2.930919603902247772e+01
8.148510014655593447e-04,1.003646791448071785e+07,-2.911930672064728753e+01
8.153395212506105941e-04,1.006662059334403649e+07,-2.892941809413762755e+01
8.158280410356619520e-04,1.009686574804543518e+07,-2.873953015777490450e+01
8.163165608207132015e-04,1.012720366536095738e+07,-2.854964290984364439e+01
8.168050806057645594e-04,1.015763463296423294e+07,-2.835975634863148187e+01
8.172936003908158088e-04,1.018815893942929618e+07,-2.816987047242927034e+01
8.177821201758670583e-04,1.021877687423343770e+07,-2.797998527953104286e+01
8.182706399609184162e-04,1.024948872776002996e+07,-2.779010076823411168e+01
8.187591597459696656e-04,1.028029479130139016e+07,-2.760021693683904687e+01
8.192476795310210235e-04,1.031119535706164502e+07,-2.741033378364975448e+01
8.197361993160722730e-04,1.034219071815959923e+07,-2.722045130697346593e+01
8.202247191011235224e-04,1.037328116863161884e+07,-2.703056950512080547e+01
8.207132388861748803e-04,1.040446700343451649e+07,-2.684068837640580441e+01
8.212017586712261298e-04,1.043574851844845340e+07,-2.665080791914594371e+01
8.216902784562774877e-04,1.046712601047984883e+07,-2.646092813166215052e+01
8.221787982413287371e-04,1.049859977726428956e+07,-2.627104901227887623e+01
8.226673180263800950e-04,1.053017011746946536e+07,-2.608117055932408235e+01
8.231558378114313445e-04,1.056183733069810085e+07,-2.589129277112929728e+01
8.236443575964825939e-04,1.059360171749089845e+07,-2.570141564602963768e+01
8.241328773815339518e-04,1.062546357932949625e+07,-2.551153918236382623e+01
8.246213971665852013e-04,1.065742321863943152e+07,-2.532166337847424131e+01
8.251099169516365591e-04,1.068948093879310600e+07,-2.513178823270689932e+01
8.255984367366878086e-04,1.072163704411278479e+07,-2.494191374341152567e+01
8.260869565217390581e-04,1.075389183987356536e+07,-2.475203990894157258e+01
8.265754763067904159e-04,1.078624563230638951e+07,-2.456216672765422260e+01
8.270639960918416654e-04,1.081869872860106453e+07,-2.437229419791043483e+01
8.275525158768930233e-04,1.085125143690926395e+07,-2.418242231807494846e+01
8.280410356619442728e-04,1.088390406634757109e+07,-2.399255108651631829e+01
8.285295554469956306e-04,1.091665692700050771e+07,-2.380268050160694671e+01
8.290180752320468801e-04,1.094951032992359251e+07,-2.361281056172309079e+01
8.295065950170981296e-04,1.098246458714639768e+07,-2.342294126524487652e+01
8.299951148021494874e-04,1.101552001167560369e+07,-2.323307261055636985e+01
8.304836345872007369e-04,1.104867691749809496e+07,-2.304320459604552696e+01
8.309721543722520948e-04,1.108193561958403513e+07,-2.285333722010426882e+01
8.314606741573033442e-04,1.111529643388997391e+07,-2.266347048112847062e+01
8.319491939423545937e-04,1.114875967736194283e+07,-2.247360437751800788e+01
8.324377137274059516e-04,1.118232566793858446e+07,-2.228373890767674226e+01
8.329262335124572010e-04,1.121599472455425933e+07,-2.209387407001258197e+01
8.334147532975085589e-04,1.124976716714221239e+07,-2.190400986293745689e+01
8.339032730825598084e-04,1.128364331663767807e+07,-2.171414628486738607e+01
8.343917928676111663e-04,1.131762349498108588e+07,-2.152428333422243156e+01
8.348803126526624157e-04,1.135170802512117475e+07,-2.133442100942678366e+01
8.353688324377136652e-04,1.138589723101821169e+07,-2.114455930890871116e+01
8.358573522227650231e-04,1.142019143764715642e+07,-2.095469823110064311e+01
8.363458720078162725e-04,1.145459097100085579e+07,-2.076483777443913326e+01
8.368343917928676304e-04,1.148909615809326060e+07,-2.057497793736490621e+01
8.373229115779188799e-04,1.152370732696264051e+07,-2.038511871832285749e+01
8.378114313629701293e-04,1.155842480667480640e+07,-2.019526011576207836e+01
8.382999511480214872e-04,1.159324892732634023e+07,-2.000540212813584873e+01
8.387884709330727367e-04,1.162818002004786395e+07,-1.981554475390167980e+01
8.392769907181240946e-04,1.166321841700727306e+07,-1.962568799152131405e+01
8.397655105031753440e-04,1.169836445141302235e+07,-1.943583183946072879e+01
8.402540302882267019e-04,1.173361845751737617e+07,-1.924597629619017169e+01
8.407425500732779514e-04,1.176898077061972767e+07,-1.905612136018415370e+01
8.412310698583292008e-04,1.180445172706989758e+07,-1.886626702992145255e+01
8.417195896433805587e-04,1.184003166427141614e+07,-1.867641330388516963e+01
8.422081094284318082e-04,1.187572092068485171e+07,-1.848656018056268735e+01
8.426966292134831660e-04,1.191151983583115786e+07,-1.829670765844570823e+01
8.431851489985344155e-04,1.194742875029500574e+07,-1.810685573603025844e+01
8.436736687835856650e-04,1.198344800572811440e+07,-1.791700441181670556e+01
8.441621885686370228e-04,1.201957794485263899e+07,-1.772715368430975857e+01
8.446507083536882723e-04,1.205581891146453284e+07,-1.753730355201848212e+01
8.451392281387396302e-04,1.209217125043692254e+07,-1.734745401345630356e+01
8.456277479237908797e-04,1.212863530772352405e+07,-1.715760506714102718e+01
8.461162677088422375e-04,1.216521143036201410e+07,-1.696775671159481647e+01
8.466047874938934870e-04,1.220189996647747606e+07,-1.677790894534425448e+01
8.470933072789447365e-04,1.223870126528580487e+07,-1.658806176692030121e+01
8.475818270639960943e-04,1.227561567709716037e+07,-1.639821517485832203e+01
8.480703468490473438e-04,1.231264355331939645e+07,-1.620836916769809122e+01
8.485588666340987017e-04,1.234978524646153860e+07,-1.601852374398380974e+01
8.490473864191499511e-04,1.238704111013722606e+07,-1.582867890226408747e+01
8.495359062042012006e-04,1.242441149906823225e+07,-1.563883464109197341e+01
8.500244259892525585e-04,1.246189676908790693e+07,-1.544899095902494679e+01
8.505129457743038079e-04,1.249949727714472823e+07,-1.525914785462492773e+01
8.510014655593551658e-04,1.253721338130577467e+07,-1.506930532645828080e+01
8.514899853444064153e-04,1.257504544076026976e+07,-1.487946337309582390e+01
8.519785051294577732e-04,1.261299381582312100e+07,-1.468962199311282646e+01
8.524670249145090226e-04,1.265105886793846451e+07,-1.449978118508900593e+01
8.529555446995602721e-04,1.268924095968320034e+07,-1.430994094760855972e+01
8.534440644846116300e-04,1.272754045477060042e+07,-1.412010127926013681e+01
8.539325842696628794e-04,1.276595771805384941e+07,-1.393026217863686078e+01
8.544211040547142373e-04,1.280449311552967317e+07,-1.374042364433632457e+01
8.549096238397654868e-04,1.284314701434190758e+07,-1.355058567496060107e+01
8.553981436248167362e-04,1.288191978278514557e+07,-1.336074826911622893e+01
8.558866634098680941e-04,1.292081179030833393e+07,-1.317091142541423032e+01
8.563751831949193436e-04,1.295982340751843527e+07,-1.298107514247011096e+01
8.568637029799707015e-04,1.299895500618405268e+07,-1.279123941890385119e+01
8.573522227650219509e-04,1.303820695923911408e+07,-1.260140425333991665e+01
8.578407425500733088e-04,1.307757964078651927e+07,-1.241156964440726718e+01
8.583292623351245583e-04,1.311707342610185966e+07,-1.222173559073932658e+01
8.588177821201758077e-04,1.315668869163706526e+07,-1.203190209097402352e+01
8.593063019052271656e-04,1.319642581502416171e+07,-1.184206914375375774e+01
8.597948216902784151e-04,1.323628517507894710e+07,-1.165223674772542140e+01
8.602833414753297729e-04,1.327626715180474520e+07,-1.146240490154039016e+01
8.607718612603810224e-04,1.331637212639614381e+07,-1.127257360385452323e+01
8.612603810454322719e-04,1.335660048124274425e+07,-1.108274285332815978e+01
8.617489008304836298e-04,1.339695259993294068e+07,-1.089291264862612074e+01
8.622374206155348792e-04,1.343742886725766771e+07,-1.070308298841771766e+01
8.627259404005862371e-04,1.347802966921422631e+07,-1.051325387137673140e+01
8.632144601856374866e-04,1.351875539301006682e+07,-1.032342529618141924e+01
8.637029799706888444e-04,1.355960642706660181e+07,-1.013359726151452378e+01
8.641914997557400939e-04,1.360058316102304123e+07,-9.943769766063246252e+00
8.646800195407913434e-04,1.364168598574022017e+07,-9.753942808519269647e+00
8.651685393258427012e-04,1.368291529330444895e+07,-9.564116387578744494e+00
8.656570591108939507e-04,1.372427147703138925e+07,-9.374290501942276421e+00
8.661455788959453086e-04,1.376575493146991171e+07,-9.184465150314940374e+00
8.666340986809965580e-04,1.380736605240599066e+07,-8.994640331406269951e+00
8.671226184660478075e-04,1.384910523686660454e+07,-8.804816043930250302e+00
8.676111382510991654e-04,1.389097288312365115e+07,-8.614992286605319904e+00
8.680996580361504148e-04,1.393296939069784991e+07,-8.425169058154361679e+00
8.685881778212017727e-04,1.397509516036271490e+07,-8.235346357304701215e+00
8.690766976062530222e-04,1.401735059414845891e+07,-8.045524182788103218e+00
8.695652173913043801e-04,1.405973609534599818e+07,-7.855702533340763516e+00
8.700537371763556295e-04,1.410225206851088814e+07,-7.665881407703309947e+00
8.705422569614068790e-04,1.414489891946734488e+07,-7.476060804620793476e+00
8.710307767464582369e-04,1.418767705531220697e+07,-7.286240722842678430e+00
8.715192965315094863e-04,1.423058688441898115e+07,-7.096421161122846932e+00
8.720078163165608442e-04,1.427362881644183956e+07,-6.906602118219588249e+00
8.724963361016120937e-04,1.431680326231967472e+07,-6.716783592895593458e+00
8.729848558866633431e-04,1.436011063428014144e+07,-6.526965583917946567e+00
8.734733756717147010e-04,1.440355134584372863e+07,-6.337148090058122740e+00
8.739618954567659505e-04,1.444712581182781793e+07,-6.147331110091981188e+00
8.744504152418173084e-04,1.449083444835078716e+07,-5.957514642799754512e+00
8.749389350268685578e-04,1.453467767283610255e+07,-5.767698686966048705e+00
8.754274548119199157e-04,1.457865590401643328e+07,-5.577883241379832491e+00
8.759159745969711652e-04,1.462276956193778664e+07,-5.388068304834427558e+00
8.764044943820224146e-04,1.466701906796362251e+07,-5.198253876127508555e+00
8.768930141670737725e-04,1.471140484477906115e+07,-5.008439954061091548e+00
8.773815339521250220e-04,1.475592731639498845e+07,-4.818626537441522473e+00
8.778700537371763798e-04,1.480058690815227106e+07,-4.628813625079477134e+00
8.783585735222276293e-04,1.484538404672593623e+07,-4.439001215789951438e+00
8.788470933072788788e-04,1.489031916012939997e+07,-4.249189308392248066e+00
8.793356130923302367e-04,1.493539267771863937e+07,-4.059377901709975589e+00
8.798241328773814861e-04,1.498060503019648232e+07,-3.869566994571034257e+00
8.803126526624328440e-04,1.502595664961681701e+07,-3.679756585807614666e+00
8.808011724474840935e-04,1.507144796938885190e+07,-3.489946674256179548e+00
8.812896922325353429e-04,1.511707942428141087e+07,-3.300137258757464664e+00
8.817782120175867008e-04,1.516285145042720810e+07,-3.110328338156463701e+00
8.822667318026379503e-04,1.520876448532713018e+07,-2.920519911302422500e+00
8.827552515876893081e-04,1.525481896785459667e+07,-2.730711977048826622e+00
8.832437713727405576e-04,1.530101533825983293e+07,-2.540904534253397351e+00
8.837322911577919155e-04,1.534735403817425296e+07,-2.351097581778077483e+00
8.842208109428431649e-04,1.539383551061478816e+07,-2.161291118489024665e+00
8.847093307278944144e-04,1.544046019998827204e+07,-1.971485143256599848e+00
8.851978505129457723e-04,1.548722855209581181e+07,-1.781679654955359737e+00
8.856863702979970217e-04,1.553414101413720287e+07,-1.591874652464044804e+00
8.861748900830483796e-04,1.558119803471532091e+07,-1.402070134665571288e+00
8.866634098680996291e-04,1.562840006384054944e+07,-1.212266100447018990e+00
8.871519296531508786e-04,1.567574755293521471e+07,-1.022462548699623719e+00
8.876404494382022364e-04,1.572324095483804680e+07,-8.326594783187644122e-01
8.881289692232534859e-04,1.577088072380866110e+07,-6.428568882039539245e-01
8.886174890083048438e-04,1.581866731553200074e+07,-4.530547772588287558e-01
8.891060087933560932e-04,1.586660118712286651e+07,-2.632531443911377833e-01
8.895945285784074511e-04,1.591468279713039473e+07,-7.345198851273215812e-02
8.900830483634587006e-04,1.596291260554262437e+07,1.163486914604464212e-01
8.905715681485099500e-04,1.601129107379098423e+07,3.061488966083758534e-01
8.910600879335613079e-04,1.605981866475487873e+07,4.959486280069650976e-01
8.915486077186125574e-04,1.610849584276625328e+07,6.857478867280647483e-01
8.920371275036639153e-04,1.615732307361415401e+07,8.755466738394791504e-01
8.925256472887151647e-04,1.620630082454934157e+07,1.065344990404976988e+00
8.930141670737664142e-04,1.625542956428890675e+07,1.255142837484302776e+00
8.935026868588177721e-04,1.630470976302086748e+07,1.444940216133188793e+00
8.939912066438690215e-04,1.635414189240884036e+07,1.634737127403366630e+00
8.944797264289203794e-04,1.640372642559666745e+07,1.824533572342577736e+00
8.949682462139716289e-04,1.645346383721309714e+07,2.014329551994587408e+00
8.954567659990229868e-04,1.650335460337647982e+07,2.204125067399193671e+00
8.959452857840742362e-04,1.655339920169945434e+07,2.393920119592241491e+00
8.964338055691254857e-04,1.660359811129364930e+07,2.583714709605634319e+00
8.969223253541768436e-04,1.665395181277443655e+07,2.773508838467346749e+00
8.974108451392280930e-04,1.670446078826565109e+07,2.963302507201433844e+00
8.978993649242794509e-04,1.675512552140436880e+07,3.153095716828046680e+00
8.983878847093307004e-04,1.680594649734565988e+07,3.342888468363442556e+00
8.988764044943819498e-04,1.685692420276740193e+07,3.532680762819998765e+00
8.993649242794333077e-04,1.690805912587505579e+07,3.722472601206224141e+00
8.998534440644845572e-04,1.695935175640650839e+07,3.912263984526771043e+00
9.003419638495359150e-04,1.701080258563689142e+07,4.102054913782448686e+00
9.008304836345871645e-04,1.706241210638344288e+07,4.291845389970238678e+00
9.013190034196385224e-04,1.711418081301036477e+07,4.481635414083301683e+00
9.018075232046897718e-04,1.716610920143369585e+07,4.671424987110991189e+00
9.022960429897410213e-04,1.721819776912623271e+07,4.861214110038872604e+00
9.027845627747923792e-04,1.727044701512239501e+07,5.051002783848730360e+00
9.032730825598436286e-04,1.732285744002321362e+07,5.240791009518581234e+00
9.037616023448949865e-04,1.737542954600121081e+07,5.430578788022690340e+00
9.042501221299462360e-04,1.742816383680541068e+07,5.620366120331579118e+00
9.047386419149974855e-04,1.748106081776627898e+07,5.810153007412043991e+00
9.052271617000488433e-04,1.753412099580072984e+07,5.999939450227166127e+00
9.057156814851000928e-04,1.758734487941712886e+07,6.189725449736323881e+00
9.062042012701514507e-04,1.764073297872029245e+07,6.379511006895209668e+00
9.066927210552027001e-04,1.769428580541657284e+07,6.569296122655840620e+00
9.071812408402540580e-04,1.774800387281885371e+07,6.759080797966571907e+00
9.076697606253053075e-04,1.780188769585165381e+07,6.948865033772108291e+00
9.081582804103565569e-04,1.785593779105622694e+07,7.138648831013522766e+00
9.086468001954079148e-04,1.791015467659562454e+07,7.328432190628266341e+00
9.091353199804591643e-04,1.796453887225982547e+07,7.518215113550181350e+00
9.096238397655105222e-04,1.801909089947088435e+07,7.707997600709514785e+00
9.101123595505617716e-04,1.807381128128807619e+07,7.897779653032934277e+00
9.106008793356130211e-04,1.812870054241305962e+07,8.087561271443540534e+00
9.110893991206643790e-04,1.818375920919504389e+07,8.277342456860873554e+00
9.115779189057156284e-04,1.823898780963601917e+07,8.467123210200943717e+00
9.120664386907669863e-04,1.829438687339593843e+07,8.656903532376224675e+00
9.125549584758182358e-04,1.834995693179799244e+07,8.846683424295687104e+00
9.130434782608695937e-04,1.840569851783381775e+07,9.036462886864788047e+00
9.135319980459208431e-04,1.846161216616878286e+07,9.226241920985517098e+00
9.140205178309720926e-04,1.851769841314724833e+07,9.416020527556376862e+00
9.145090376160234505e-04,1.857395779679791629e+07,9.605798707472416709e+00
9.149975574010746999e-04,1.863039085683908314e+07,9.795576461625248754e+00
9.154860771861260578e-04,1.868699813468401507e+07,9.985353790903040760e+00
9.159745969711773073e-04,1.874378017344627902e+07,1.017513069619055521e+01
9.164631167562285567e-04,1.880073751794511452e+07,1.036490717836914932e+01
9.169516365412799146e-04,1.885787071471082419e+07,1.055468323831678568e+01
9.174401563263311641e-04,1.891518031199015677e+07,1.074445887690805534e+01
9.179286761113825219e-04,1.897266685975174978e+07,1.093423409501419030e+01
9.184171958964337714e-04,1.903033090969151258e+07,1.112400889350307409e+01
9.189057156814851293e-04,1.908817301523816213e+07,1.131378327323925248e+01
9.193942354665363787e-04,1.914619373155860230e+07,1.150355723508395833e+01
9.198827552515876282e-04,1.920439361556348205e+07,1.169333077989511516e+01
9.203712750366389861e-04,1.926277322591266409e+07,1.188310390852735310e+01
9.208597948216902356e-04,1.932133312302075326e+07,1.207287662183202848e+01
9.213483146067415934e-04,1.938007386906262115e+07,1.226264892065723089e+01
9.218368343917928429e-04,1.943899602797899023e+07,1.245242080584780453e+01
9.223253541768440924e-04,1.949810016548200697e+07,1.264219227824534819e+01
9.228138739618954502e-04,1.955738684906078875e+07,1.283196333868825612e+01
9.233023937469466997e-04,1.961685664798709005e+07,1.302173398801169313e+01
9.237909135319980576e-04,1.967651013332090527e+07,1.321150422704764438e+01
9.242794333170493070e-04,1.973634787791611254e+07,1.340127405662491356e+01
9.247679531021006649e-04,1.979637045642614365e+07,1.359104347756913000e+01
9.252564728871519144e-04,1.985657844530965015e+07,1.378081249070277892e+01
9.257449926722031638e-04,1.991697242283621058e+07,1.397058109684520666e+01
9.262335124572545217e-04,1.997755296909205988e+07,1.416034929681263499e+01
9.267220322423057712e-04,2.003832066598582268e+07,1.435011709141817349e+01
9.272105520273571291e-04,2.009927609725424647e+07,1.453988448147183732e+01
9.276990718124083785e-04,2.016041984846797958e+07,1.472965146778055967e+01
9.281875915974596280e-04,2.022175250703738630e+07,1.491941805114820063e+01
9.286761113825109859e-04,2.028327466221833602e+07,1.510918423237557384e+01
9.291646311675622353e-04,2.034498690511801839e+07,1.529895001226044826e+01
9.296531509526135932e-04,2.040688982870081440e+07,1.548871539159756239e+01
9.301416707376648427e-04,2.046898402779413015e+07,1.567848037117864912e+01
9.306301905227162006e-04,2.053127009909431264e+07,1.586824495179244288e+01
9.311187103077674500e-04,2.059374864117253572e+07,1.605800913422468668e+01
9.316072300928186995e-04,2.065642025448071957e+07,1.624777291925814993e+01
9.320957498778700574e-04,2.071928554135746136e+07,1.643753630767265861e+01
9.325842696629213068e-04,2.078234510603401437e+07,1.662729930024508462e+01
9.330727894479726647e-04,2.084559955464023724e+07,1.681706189774937243e+01
9.335613092330239142e-04,2.090904949521061033e+07,1.700682410095655328e+01
9.340498290180751636e-04,2.097269553769024089e+07,1.719658591063475228e+01
9.345383488031265215e-04,2.103653829394090548e+07,1.738634732754920620e+01
9.350268685881777710e-04,2.110057837774708867e+07,1.757610835246228476e+01
9.355153883732291288e-04,2.116481640482207015e+07,1.776586898613349064e+01
9.360039081582803783e-04,2.122925299281400442e+07,1.795562922931948435e+01
9.364924279433317362e-04,2.129388876131203398e+07,1.814538908277408424e+01
9.369809477283829856e-04,2.135872433185242862e+07,1.833514854724829490e+01
9.374694675134342351e-04,2.142376032792472467e+07,1.852490762349031783e+01
9.379579872984855930e-04,2.148899737497789413e+07,1.871466631224555144e+01
9.384465070835368425e-04,2.155443610042652488e+07,1.890442461425663723e+01
9.389350268685882003e-04,2.162007713365706056e+07,1.909418253026342427e+01
9.394235466536394498e-04,2.168592110603398830e+07,1.928394006100303315e+01
9.399120664386906993e-04,2.175196865090610459e+07,1.947369720720983111e+01
9.404005862237420571e-04,2.181822040361279994e+07,1.966345396961546754e+01
9.408891060087933066e-04,2.188467700149032101e+07,1.985321034894888470e+01
9.413776257938446645e-04,2.195133908387807757e+07,2.004296634593630699e+01
9.418661455788959139e-04,2.201820729212499782e+07,2.023272196130130851e+01
9.423546653639471634e-04,2.208528226959582418e+07,2.042247719576475973e+01
9.428431851489985213e-04,2.215256466167754307e+07,2.061223205004489500e+01
9.433317049340497707e-04,2.222005511578574032e+07,2.080198652485729482e+01
9.438202247191011286e-04,2.228775428137099743e+07,2.099174062091491066e+01
9.443087445041523781e-04,2.235566280992532894e+07,2.118149433892807920e+01
9.447972642892037360e-04,2.242378135498866439e+07,2.137124767960452587e+01
9.452857840742549854e-04,2.249211057215524837e+07,2.156100064364940394e+01
9.457743038593062349e-04,2.256065111908020824e+07,2.175075323176526254e+01
9.462628236443575928e-04,2.262940365548601374e+07,2.194050544465209995e+01
9.467513434294088422e-04,2.269836884316901118e+07,2.213025728300736006e+01
9.472398632144602001e-04,2.276754734600600600e+07,2.232000874752595720e+01
9.477283829995114496e-04,2.283693982996078953e+07,2.250975983890026910e+01
9.482169027845626990e-04,2.290654696309078112e+07,2.269951055782016880e+01
9.487054225696140569e-04,2.297636941555359960e+07,2.288926090497301402e+01
9.491939423546653064e-04,2.304640785961373150e+07,2.307901088104370757e+01
9.496824621397166643e-04,2.311666296964916959e+07,2.326876048671463693e+01
9.501709819247679137e-04,2.318713542215809971e+07,2.345850972266576306e+01
9.506595017098192716e-04,2.325782589576557279e+07,2.364825858957458493e+01
9.511480214948705211e-04,2.332873507123027742e+07,2.383800708811616786e+01
9.516365412799217705e-04,2.339986363145123050e+07,2.402775521896315780e+01
9.521250610649731284e-04,2.347121226147456467e+07,2.421750298278578128e+01
9.526135808500243779e-04,2.354278164850029349e+07,2.440725038025188809e+01
9.531021006350757357e-04,2.361457248188916594e+07,2.459699741202691925e+01
9.535906204201269852e-04,2.368658545316941291e+07,2.478674407877396035e+01
9.540791402051782347e-04,2.375882125604367629e+07,2.497649038115373799e+01
9.545676599902295925e-04,2.383128058639582619e+07,2.516623631982462683e+01
9.550561797752808420e-04,2.390396414229789004e+07,2.535598189544265679e+01
9.555446995603321999e-04,2.397687262401694059e+07,2.554572710866156626e+01
9.560332193453834494e-04,2.405000673402205482e+07,2.573547196013274885e+01
9.565217391304348072e-04,2.412336717699121684e+07,2.592521645050532442e+01
9.570102589154860567e-04,2.419695465981838852e+07,2.611496058042612844e+01
9.574987787005373062e-04,2.427076989162044600e+07,2.630470435053971912e+01
9.579872984855886640e-04,2.434481358374421299e+07,2.649444776148838798e+01
9.584758182706399135e-04,2.441908644977353886e+07,2.668419081391217418e+01
9.589643380556912714e-04,2.449358920553632826e+07,2.687393350844891415e+01
9.594528578407425208e-04,2.456832256911165640e+07,2.706367584573417773e+01
9.599413776257937703e-04,2.464328726083688438e+07,2.725341782640136046e+01
9.604298974108451282e-04,2.471848400331478566e+07,2.744315945108163035e+01
9.609184171958963776e-04,2.479391352142072096e+07,2.763290072040398471e+01
9.614069369809477355e-04,2.486957654230979457e+07,2.782264163499523590e+01
9.618954567659989850e-04,2.494547379542410001e+07,2.801238219548003983e+01
9.623839765510503429e-04,2.502160601249990240e+07,2.820212240248090296e+01
9.628724963361015923e-04,2.509797392757492512e+07,2.839186225661817886e+01
9.633610161211528418e-04,2.517457827699560672e+07,2.858160175851010720e+01
9.638495359062041997e-04,2.525141979942440987e+07,2.877134090877279249e+01
9.643380556912554491e-04,2.532849923584710807e+07,2.896107970802026443e+01
9.648265754763068070e-04,2.540581732958018780e+07,2.915081815686443178e+01
9.653150952613580565e-04,2.548337482627816498e+07,2.934055625591512495e+01
9.658036150464093059e-04,2.556117247394100949e+07,2.953029400578012442e+01
9.662921348314606638e-04,2.563921102292151749e+07,2.972003140706512880e+01
9.667806546165119133e-04,2.571749122593280673e+07,2.990976846037380454e+01
9.672691744015632712e-04,2.579601383805572242e+07,3.009950516630776818e+01
9.677576941866145206e-04,2.587477961674635485e+07,3.028924152546662540e+01
9.682462139716658785e-04,2.595378932184352726e+07,3.047897753844796753e+01
9.687347337567171280e-04,2.603304371557636186e+07,3.066871320584738214e+01
9.692232535417683774e-04,2.611254356257179379e+07,3.085844852825846374e+01
9.697117733268197353e-04,2.619228962986218184e+07,3.104818350627281731e+01
9.702002931118709848e-04,2.627228268689290434e+07,3.123791814048009741e+01
9.706888128969223426e-04,2.635252350552996993e+07,3.142765243146799392e+01
9.711773326819735921e-04,2.643301286006769538e+07,3.161738637982223921e+01
9.716658524670248416e-04,2.651375152723639086e+07,3.180711998612665425e+01
9.721543722520761995e-04,2.659474028621001169e+07,3.199685325096312383e+01
9.726428920371274489e-04,2.667597991861394793e+07,3.218658617491159646e+01
9.731314118221788068e-04,2.675747120853272825e+07,3.237631875855016261e+01
9.736199316072300563e-04,2.683921494251779839e+07,3.256605100245499074e+01
9.741084513922814141e-04,2.692121190959535912e+07,3.275578290720036989e+01
9.745969711773326636e-04,2.700346290127414837e+07,3.294551447335872041e+01
9.750854909623839131e-04,2.708596871155330166e+07,3.313524570150060100e+01
9.755740107474352709e-04,2.716873013693025336e+07,3.332497659219473718e+01
9.760625305324865204e-04,2.725174797640860453e+07,3.351470714600799283e+01
9.765510503175378783e-04,2.733502303150605410e+07,3.370443736350542707e+01
9.770395701025891277e-04,2.741855610626235604e+07,3.389416724525024449e+01
9.775280898876403772e-04,2.750234800724728405e+07,3.408389679180387333e+01
9.780166096726916267e-04,2.758639954356864840e+07,3.427362600372594414e+01
9.785051294577430930e-04,2.767071152688029036e+07,3.446335488157426852e+01
9.789936492427943424e-04,2.775528477139018476e+07,3.465308342590492430e+01
9.794821690278455919e-04,2.784012009386845678e+07,3.484281163727220587e+01
9.799706888128968413e-04,2.792521831365552917e+07,3.503253951622862417e+01
9.804592085979480908e-04,2.801058025267023593e+07,3.522226706332499191e+01
9.809477283829995571e-04,2.809620673541797325e+07,3.541199427911033837e+01
9.814362481680508066e-04,2.818209858899887651e+07,3.560172116413200172e+01
9.819247679531020560e-04,2.826825664311602712e+07,3.579144771893557220e+01
9.824132877381533055e-04,2.835468173008368909e+07,3.598117394406495606e+01
9.829018075232047718e-04,2.844137468483558297e+07,3.617089984006237557e+01
9.833903273082560213e-04,2.852833634493313730e+07,3.636062540746831928e+01
9.838788470933072707e-04,2.861556755057380348e+07,3.655035064682164858e+01
9.843673668783585202e-04,2.870306914459943771e+07,3.674007555865951247e+01
9.848558866634097696e-04,2.879084197250461578e+07,3.692980014351743989e+01
9.853444064484612359e-04,2.887888688244501874e+07,3.711952440192928293e+01
9.858329262335124854e-04,2.896720472524591163e+07,3.730924833442726651e+01
9.863214460185637349e-04,2.905579635441049933e+07,3.749897194154199553e+01
9.868099658036149843e-04,2.914466262612846866e+07,3.768869522380243353e+01
9.872984855886662338e-04,2.923380439928445593e+07,3.787841818173594532e+01
9.877870053737177001e-04,2.932322253546657041e+07,3.806814081586828280e+01
9.882755251587689495e-04,2.941291789897494018e+07,3.825786312672362754e+01
9.887640449438201990e-04,2.950289135683033243e+07,3.844758511482456242e+01
9.892525647288714485e-04,2.959314377878269553e+07,3.863730678069210001e+01
9.897410845139226979e-04,2.968367603731984273e+07,3.882702812484567545e+01
9.902296042989741642e-04,2.977448900767609105e+07,3.901674914780319625e+01
9.907181240840254137e-04,2.986558356784091890e+07,3.920646985008099250e+01
9.912066438690766632e-04,2.995696059856775403e+07,3.939619023219388794e+01
9.916951636541279126e-04,3.004862098338266090e+07,3.958591029465514310e+01
9.921836834391791621e-04,3.014056560859312490e+07,3.977563003797652641e+01
9.926722032242306284e-04,3.023279536329687387e+07,3.996534946266827149e+01
9.931607230092818778e-04,3.032531113939066604e+07,4.015506856923911982e+01
9.936492427943331273e-04,3.041811383157917485e+07,4.034478735819634920e+01
9.941377625793843768e-04,3.051120433738385513e+07,4.053450583004567420e+01
9.946262823644358431e-04,3.060458355715186894e+07,4.072422398529141674e+01
9.951148021494870925e-04,3.069825239406501129e+07,4.091394182443639949e+01
9.956033219345383420e-04,3.079221175414869934e+07,4.110365934798197429e+01
9.960918417195895914e-04,3.088646254628091678e+07,4.129337655642804350e+01
9.965803615046408409e-04,3.098100568220132962e+07,4.148309345027308126e+01
9.970688812896923072e-04,3.107584207652023435e+07,4.167281003001410511e+01
9.975574010747435567e-04,3.117097264672773331e+07,4.186252629614674703e+01
9.980459208597948061e-04,3.126639831320279464e+07,4.205224224916516818e+01
9.985344406448460556e-04,3.136211999922239035e+07,4.224195788956216546e+01
9.990229604298973051e-04,3.145813863097069412e+07,4.243167321782912182e+01
9.995114802149487714e-04,3.155445513754826412e+07,4.262138823445602043e+01
1.000000000000000021e-03,3.165107045098126307e+07,4.281110293993143046e+01
