$MeshFormat
2.2 0 8
$EndMeshFormat
$PhysicalNames
3
1 3 "outer"
2 1 "copper"
2 2 "air"
$EndPhysicalNames
$Nodes
3719
1 0.001 0 0
2 0.03 0 0
3 0.00099239996210533 0.000123054114979303 0
4 0.0009777851645650355 0.000209609570288492 0
5 0.0009627840554188855 0.0002702718309982831 0
6 0.0009498123649233249 0.0003128201902671258 0
7 0.0009378186115171594 0.0003471257004199303 0
8 0.0009196702198802292 0.0003926915923029815 0
9 0.0008904460630332649 0.0004550887922466986 0
10 0.0008507841495561201 0.0005255153003139579 0
11 0.0008182016828732046 0.0005749313055865511 0
12 0.0007932570440230127 0.0006088869042013238 0
13 0.0007700014306291848 0.0006380421591313608 0
14 0.0007359412847143587 0.0006770453643981172 0
15 0.0006847766810514368 0.0007287529739823904 0
16 0.0006256260320068763 0.0007801231108455453 0
17 0.0005809224954801886 0.0008139588774901778 0
18 0.0005479830095337106 0.0008364894627324227 0
19 0.0005150108273548007 0.0008571836720956156 0
20 0.0004673990185483908 0.0008840464679302786 0
21 0.0003982310055975271 0.000917285160776507 0
22 0.0003287391110034702 0.0009444207732238042 0
23 0.000278139213465088 0.0009605407736962665 0
24 0.0002414737972425303 0.0009704073398554205 0
25 0.0002014122004028142 0.0009795065724786621 0
26 0.000144569002665431 0.000989494721293814 0
27 6.517651801786543e-05 0.0009978737502805987 0
28 -5.456227565131385e-06 0.0009999851146795923 0
29 -5.573457074384848e-05 0.0009984456207645957 0
30 -9.233422356201577e-05 0.0009957280708904413 0
31 -0.0001354242763265101 0.0009907876994500089 0
32 -0.000195514770104888 0.000980700756944152 0
33 -0.0002748382223457583 0.0009614904843719586 0
34 -0.0003385425940058507 0.0009409510678264784 0
35 -0.000382977954833097 0.0009237574823035851 0
36 -0.0004160811872887723 0.0009093274688385729 0
37 -0.0004572716831888917 0.0008893270533125582 0
38 -0.0005135031460089246 0.000858087710574471 0
39 -0.0005821571099592118 0.000813076318265351 0
40 -0.0006325109373215624 0.0007745514277106451 0
41 -0.0006668138743799096 0.000745224299747703 0
42 -0.0006933514373529288 0.0007205996005554179 0
43 -0.0007273660706201921 0.000686249662521259 0
44 -0.0007722658373261961 0.0006352995171561752 0
45 -0.0008213024231952361 0.0005704930583746252 0
46 -0.0008540664555492848 0.000520163906384787 0
47 -0.0008755169624387588 0.0004831873844400422 0
48 -0.0008927803156415711 0.0004504922951648973 0
49 -0.0009146016295192238 0.0004043561045424943 0
50 -0.0009412230222489542 0.0003377857640406778 0
51 -0.0009649857098082936 0.0002623024587490245 0
52 -0.0009783391317744574 0.0002070085583709062 0
53 -0.0009859173357301629 0.0001672333911237149 0
54 -0.0009916141916763805 0.0001292334897230529 0
55 -0.000997135463172912 7.563642034722551e-05 0
56 -0.001 -8.38103959817471e-17 0
57 -0.0009971354631729031 -7.563642034734483e-05 0
58 -0.0009916141916763695 -0.0001292334897231373 0
59 -0.000985917335730152 -0.0001672333911237781 0
60 -0.0009783391317744387 -0.0002070085583709946 0
61 -0.0009649857098082604 -0.0002623024587491469 0
62 -0.0009412230222489005 -0.0003377857640408281 0
63 -0.000914601629519178 -0.0004043561045425977 0
64 -0.0008927803156415347 -0.0004504922951649692 0
65 -0.0008755169624387263 -0.0004831873844401011 0
66 -0.0008540664555492353 -0.0005201639063848684 0
67 -0.0008213024231951633 -0.00057049305837473 0
68 -0.0007722658373260981 -0.0006352995171562943 0
69 -0.0007273660706201213 -0.000686249662521334 0
70 -0.0006933514373528748 -0.0007205996005554698 0
71 -0.0006668138743798577 -0.0007452242997477493 0
72 -0.0006325109373214891 -0.000774551427710705 0
73 -0.0005821571099591138 -0.0008130763182654212 0
74 -0.0005135031460088227 -0.0008580877105745319 0
75 -0.0004572716831888098 -0.0008893270533126004 0
76 -0.0004160811872887237 -0.000909327468838595 0
77 -0.0003829779548330569 -0.0009237574823036018 0
78 -0.0003385425940057913 -0.0009409510678264996 0
79 -0.000274838222345684 -0.0009614904843719799 0
80 -0.0001955147701048227 -0.000980700756944165 0
81 -0.0001354242763264643 -0.0009907876994500152 0
82 -9.233422356198019e-05 -0.0009957280708904445 0
83 -5.573457074380194e-05 -0.0009984456207645983 0
84 -5.456227565081227e-06 -0.0009999851146795925 0
85 6.517651801792612e-05 -0.0009978737502805948 0
86 0.0001445690026654707 -0.0009894947212938082 0
87 0.0002014122004028448 -0.0009795065724786558 0
88 0.0002414737972425508 -0.0009704073398554152 0
89 0.0002781392134651179 -0.0009605407736962578 0
90 0.0003287391110035227 -0.000944420773223786 0
91 0.0003982310055975941 -0.000917285160776478 0
92 0.0004673990185484311 -0.0008840464679302572 0
93 0.0005150108273548282 -0.000857183672095599 0
94 0.0005479830095337281 -0.0008364894627324112 0
95 0.0005809224954802033 -0.0008139588774901674 0
96 0.0006256260320068864 -0.0007801231108455373 0
97 0.0006847766810514342 -0.000728752973982393 0
98 0.0007359412847143481 -0.0006770453643981287 0
99 0.0007700014306291741 -0.0006380421591313738 0
100 0.0007932570440230063 -0.0006088869042013323 0
101 0.0008182016828731969 -0.000574931305586562 0
102 0.0008507841495561091 -0.000525515300313976 0
103 0.0008904460630332583 -0.0004550887922467114 0
104 0.0009196702198802222 -0.0003926915923029975 0
105 0.0009378186115171527 -0.0003471257004199485 0
106 0.0009498123649233217 -0.0003128201902671356 0
107 0.0009627840554188842 -0.0002702718309982877 0
108 0.0009777851645650358 -0.0002096095702884909 0
109 0.0009923999621053302 -0.0001230541149793019 0
110 0.02985092326096204 0.002987035397874492 0
111 0.02940517463545632 0.005944384295981913 0
112 0.02866718417358423 0.008842655232327103 0
113 0.02764428635611224 0.01165304388824081 0
114 0.02634664720110687 0.01434761935863951 0
115 0.02478716322947987 0.01689960174190862 0
116 0.02298133329356937 0.01928362829059614 0
117 0.02094710454258222 0.02147600547779151 0
118 0.01870469405576206 0.02345494447404085 0
119 0.01627638791597284 0.0252007776945231 0
120 0.01368631972059496 0.02669615426434402 0
121 0.01096023073099193 0.0279262124593261 0
122 0.008125214044290239 0.02887872740850034 0
123 0.005209445330008004 0.02954423259036622 0
124 0.002241902807592825 0.0299161139154354 0
125 -0.0007479207521420808 0.02999067546002449 0
126 -0.003730311139424436 0.02976717619800518 0
127 -0.0066756280186893 0.02924783736545474 0
128 -0.009554599507550403 0.028437820385014 0
129 -0.01233861309391821 0.02734517556935026 0
130 -0.01499999999999987 0.02598076211353323 0
131 -0.01751231016704356 0.02435814017147579 0
132 -0.01985057512790565 0.02249343608903213 0
133 -0.02199155615489466 0.02040518213312772 0
134 -0.02391397521668757 0.01811413230976446 0
135 -0.02559872644896457 0.0156430561013851 0
136 -0.02702906603707249 0.01301651217352691 0
137 -0.02819077862357718 0.01026060429977026 0
138 -0.02907231858687229 0.007402721930709009 0
139 -0.02966492478675382 0.004471267985285438 0
140 -0.02996270763656766 0.001495376569821124 0
141 -0.02996270763656768 -0.001495376569820691 0
142 -0.02966492478675389 -0.004471267985284997 0
143 -0.0290723185868724 -0.007402721930708575 0
144 -0.02819077862357733 -0.01026060429976985 0
145 -0.02702906603707267 -0.01301651217352653 0
146 -0.02559872644896478 -0.01564305610138476 0
147 -0.02391397521668779 -0.01811413230976416 0
148 -0.02199155615489492 -0.02040518213312744 0
149 -0.01985057512790593 -0.0224934360890319 0
150 -0.01751231016704384 -0.02435814017147558 0
151 -0.01500000000000015 -0.02598076211353307 0
152 -0.01233861309391849 -0.02734517556935013 0
153 -0.009554599507550674 -0.0284378203850139 0
154 -0.006675628018689568 -0.02924783736545468 0
155 -0.003730311139424707 -0.02976717619800514 0
156 -0.0007479207521423279 -0.02999067546002448 0
157 0.002241902807592598 -0.02991611391543541 0
158 0.005209445330007794 -0.02954423259036626 0
159 0.008125214044290025 -0.0288787274085004 0
160 0.01096023073099174 -0.02792621245932617 0
161 0.01368631972059479 -0.02669615426434411 0
162 0.0162763879159727 -0.02520077769452319 0
163 0.01870469405576194 -0.02345494447404095 0
164 0.02094710454258213 -0.0214760054777916 0
165 0.02298133329356928 -0.01928362829059625 0
166 0.0247871632294798 -0.01689960174190873 0
167 0.02634664720110682 -0.0143476193586396 0
168 0.02764428635611222 -0.01165304388824087 0
169 0.02866718417358421 -0.008842655232327142 0
170 0.02940517463545632 -0.005944384295981931 0
171 0.02985092326096204 -0.002987035397874518 0
172 0.0005150272356245013 -0.0008143883128090578 0
173 -0.0003870212530215134 0.0008876016129082762 0
174 0.0007563800459028752 0.0006033245796866978 0
175 -0.0009549934157304547 -0.0001433356537988802 0
176 -0.0003866733281144514 -0.000890602255343961 0
177 -0.0008543219584666694 0.0004509417933713618 0
178 0.000213861317850243 0.000941576751587042 0
179 0.0009082789281949102 -0.0003159113822823005 0
180 -0.0006549256026968128 -0.0007076362911305203 0
181 -6.993500733033657e-05 -0.0009600250900971186 0
182 -0.0006607980261792596 0.0007080958201019858 0
183 0.0009132625042001918 0.0002794427218395251 0
184 -0.0008535409673353616 -0.0004524774309837146 0
185 0.0005133848172678366 0.0008175057307780142 0
186 0.0007565942280534857 -0.0006009434809818601 0
187 -7.168092992586322e-05 0.000965390616717295 0
188 -0.0009485607656471664 0.0001807254989471333 0
189 0.0002529503246168936 -0.0009397641211821575 0
190 0.0009100707003672971 -4.471579764922669e-05 0
191 -0.0005175054523346733 0.0007893290752853026 0
192 -0.0002243682273164292 0.0009176143026163842 0
193 -0.0007529766008819222 0.0005683933344136881 0
194 -0.0007525973823413323 -0.000569461853924239 0
195 0.0008229335987006503 0.0004600725586323753 0
196 0.0008241085003645901 -0.0004620577314628416 0
197 -0.0005209866668448652 -0.0007882218014520014 0
198 0.0001005307805976212 -0.0009451253081240145 0
199 -0.000899997242086808 -0.0002833256067067248 0
200 -0.0002249995204836492 -0.0009169694500869702 0
201 0.0006186292502876259 0.0007123267311890066 0
202 0.0006186292502876342 -0.0007123267311890098 0
203 -0.0009594556473381785 2.578137769198006e-05 0
204 0.0003419443649132338 0.0008887661306507582 0
205 9.692277509969256e-05 0.0009364096217191639 0
206 -0.0009027565577018563 0.0002907340011813119 0
207 0.0003995564817102588 -0.0008533996009046805 0
208 0.0009277068143154071 0.0001620772656908983 0
209 0.0009253191344498944 -0.0002288212336383258 0
210 0.0008919987800916657 0.0003538588900830351 0
211 -0.0008003784029753016 0.00052104243472768 0
212 -0.0001579926600224093 0.0009412026437737242 0
213 -0.0005743399851815732 0.0007567734439659097 0
214 -0.0004661243944566937 0.0008316510596835426 0
215 -0.0009552650101544805 0.0001023320706064888 0
216 0.0002896084578375472 0.0009167505008900283 0
217 -0.0002874323568050296 0.0009042723657837066 0
218 0.0005770449565376734 0.0007665569025196784 0
219 -0.0009313672717618276 -0.0002269319555632311 0
220 -0.0007203871484814766 0.000631481826900854 0
221 0.0005781939020285417 -0.0007639050266041622 0
222 0.0007976258746537849 -0.0005294736793847514 0
223 -0.0005890620855209448 -0.0007528579917771276 0
224 3.517815479894241e-05 0.0009476438082611578 0
225 -0.0004613335945552229 -0.0008310202480804029 0
226 -0.0008785670050623633 0.0003513378045664363 0
227 -0.0008024455564740134 -0.0005155207302384577 0
228 0.0001710649261153617 -0.0009370373714653121 0
229 0.0008003253346547674 0.0005322865709348647 0
230 0.0008623555249223306 -0.0003968119578762007 0
231 -0.0008785670050623481 -0.0003513378045665693 0
232 -0.0001623472342192795 -0.0009382031046423426 0
233 -0.0001752452672659983 -0.0008855383728238291 0
234 -0.0002222993048579827 -0.0008642251980910569 0
235 -0.0001796431331633597 -0.0008345665911092946 0
236 -0.0002240383411666348 -0.0008126737532668082 0
237 -0.0001836499429781193 -0.0007835307825665514 0
238 -0.0002277276572101416 -0.0007615600024510982 0
239 -0.0001879775420321394 -0.0007314257022118148 0
240 -0.0002314745780745783 -0.0007104031459826937 0
241 -0.0001925812550682944 -0.0006817414218204399 0
242 -0.0002344431227697668 -0.0006577009611572124 0
243 -0.0001967552504788078 -0.0006306983573733479 0
244 -0.0002406204855134191 -0.0006072001617691886 0
245 -0.0002009492311785438 -0.0005808946539957204 0
246 -0.0002458981342657381 -0.0005596340320592758 0
247 -0.0002056234919770861 -0.0005318304697040627 0
248 -0.0002499528151276793 -0.0005108685991070735 0
249 -0.0002099039295306263 -0.0004831073312736767 0
250 -0.0002538741034936863 -0.0004623038619221195 0
251 -0.0002141647112524416 -0.0004348139437754303 0
252 -0.0002578056022518404 -0.0004143131480838971 0
253 -0.0002183941756333358 -0.0003870261015473656 0
254 -0.0001749489961262695 -0.0004071179535678848 0
255 -0.0001783038552810416 -0.0003607382215729206 0
256 -0.0002222490319008108 -0.0003394875577289809 0
257 -0.0001830430301658627 -0.0003132243612018039 0
258 -0.0001378192983011983 -0.0003355791800378182 0
259 -0.0001435365013806925 -0.0002880321513610336 0
260 -0.0001873059797644634 -0.0002661413691496037 0
261 -0.0001488063321645736 -0.0002400125188071862 0
262 -0.0001059006035051204 -0.0002611166239362255 0
263 -0.0001110947471402264 -0.0002137223844918754 0
264 -0.0001527839414891496 -0.0001939699022395071 0
265 -0.0001154189943610612 -0.0001678731795375936 0
266 -0.0001566444883842233 -0.0001485524858706344 0
267 -0.000119573073210121 -0.0001226228669552047 0
268 -6.932939294440961e-05 -0.0002330483833708864 0
269 -0.0001604489827062047 -0.000103566888584478 0
270 -0.0001236668475328271 -7.783390112465563e-05 0
271 -0.0001641715004143331 -5.89489322486835e-05 0
272 -0.0001277362692971517 -3.343217424426053e-05 0
273 -0.000167936084659668 -1.479046520293583e-05 0
274 -0.0001317159744672595 1.067543988389709e-05 0
275 -9.159413798826095e-05 -7.870910433753475e-06 0
276 -9.565104476673841e-05 3.61529082124289e-05 0
277 -5.530184053556061e-05 1.75392856157996e-05 0
278 -5.936552028346691e-05 6.165411404248847e-05 0
279 -9.936668083613172e-05 8.021474035286307e-05 0
280 -6.349971661546954e-05 0.0001055239075103417 0
281 -1.884280787502432e-05 4.392494653374499e-05 0
282 -0.0001030954464728815 0.0001238321933481461 0
283 -6.762477898520326e-05 0.000148973723376598 0
284 -0.0001069068938873885 0.0001671294474853479 0
285 -7.175482483183402e-05 0.0001920716399755491 0
286 -0.0002042074503581848 -3.986425798557862e-05 0
287 -0.0001108564498712171 0.0002100115060739482 0
288 -7.583516035279343e-05 0.0002348401794125196 0
289 -3.681643444122494e-05 0.0002170886848567665 0
290 -4.093333108120481e-05 0.0002595557618570869 0
291 -1.766572511837027e-06 0.000241954518453701 0
292 -5.887233498713237e-06 0.0002845048927764472 0
293 3.285024727325466e-05 0.000267622231571972 0
294 -8.043678223498486e-05 0.0002771057995548807 0
295 2.91854006505914e-05 0.0003097213717509848 0
296 6.79551875726926e-05 0.0002928003456899633 0
297 6.453592167499164e-05 0.0003349206790918075 0
298 0.0001038502198719947 0.000317035440658074 0
299 -0.0001560516106191802 -0.000602274363374886 0
300 9.96934356261685e-05 0.0003599258437258761 0
301 0.0001391704392829014 0.0003419383683319468 0
302 5.998219656915654e-05 0.0003771889228234289 0
303 0.0001434735503208848 0.0002985553978158058 0
304 0.0001792545751685582 0.0003239098068037568 0
305 0.0001835254557401322 0.0002799903618364367 0
306 0.000219870097646035 0.0003057887702021716 0
307 0.000224109472367948 0.0002611617874508672 0
308 0.000212263043711665 0.000349898611291633 0
309 0.0002609929099887069 0.0002873501053277174 0
310 0.0002651972835565648 0.0002421060676155173 0
311 0.0003028048496872045 0.0002688670826875295 0
312 0.0003067817666511141 0.00022255145549188 0
313 0.0003451502107406067 0.0002499019865336826 0
314 0.0003491431514512423 0.0002026569963495089 0
315 -0.0001458595652523462 0.0001853187446243493 0
316 0.0003853167076364392 0.0002299854964291786 0
317 0.0003894337147456978 0.00018248522449042 0
318 0.0003526594677127222 0.0001550532016521311 0
319 0.0003963632568004262 0.0001348608835620503 0
320 0.0003573923587993957 0.0001073230502802496 0
321 0.0004012396504969786 8.681539051260259e-05 0
322 0.0003615573999648303 5.888372815001425e-05 0
323 0.0004055079310943566 3.835600402818174e-05 0
324 0.0003657716630221017 1.063961827049931e-05 0
325 0.0004085873445631367 -8.419477053367711e-06 0
326 0.0003724894612388451 -3.696822422342957e-05 0
327 0.0004190183755009328 -5.591445806861394e-05 0
328 0.000378265946138538 -8.463442305863165e-05 0
329 0.000416828931273396 -0.0001052609087150708 0
330 0.0003790798377268708 -0.0001325317212179559 0
331 0.0004208124456046816 -0.000151818196561806 0
332 0.0003826601177002185 -0.0001796104476460498 0
333 0.0003830801404576557 0.0002774332479055983 0
334 0.0004249104412582757 -0.000199872649101147 0
335 0.000386729573627981 -0.0002267037194618367 0
336 0.0004279613275498134 -0.0002478152241785824 0
337 0.0003906145395258566 -0.0002735879946411897 0
338 0.0004325028756824431 -0.0002929172748977796 0
339 0.0003945527966098302 -0.0003200098738427068 0
340 9.531806433278267e-05 0.0004025022206857817 0
341 5.609485387435993e-05 0.0004197607378207292 0
342 9.115920909645659e-05 0.0004447747158606199 0
343 5.096513039045389e-05 0.0004620305665317858 0
344 8.667228370812153e-05 0.0004866605719888087 0
345 4.682876830676395e-05 0.0005037510644726661 0
346 8.231776051611604e-05 0.0005281308563116314 0
347 4.462516899758382e-05 0.0005452157814535559 0
348 1.137653747198592e-05 0.0005214122883868942 0
349 7.518874055081721e-06 0.0005623208780484095 0
350 -2.478731280045787e-05 0.0005408117793732726 0
351 -2.940531879603053e-05 0.0005795784389753026 0
352 -6.150266744658045e-05 0.0005583073698099399 0
353 -0.0002972238816065594 -0.0004415679056494978 0
354 7.849933753093297e-05 0.0005692513563782888 0
355 0.0001162300980471689 0.000552434184793057 0
356 0.0004277292355809144 0.0002517889317945826 0
357 0.0004220593100348634 0.0003044476600710889 0
358 0.0004663630622930184 -0.0002680222484008522 0
359 0.0003525102468055333 -0.0003002416063890188 0
360 0.0003563641233157258 -0.0003467917765853329 0
361 -6.623131054553981e-05 0.0005964666293270212 0
362 -9.832752831288596e-05 0.0005756985723072605 0
363 0.0004360489955214157 -0.0003402163311509336 0
364 0.0004433616142808366 1.915391658969534e-05 0
365 0.0003384496201511149 -0.0001069025191079674 0
366 0.0001120720297141365 0.0005932806578196352 0
367 0.0001495077576950363 0.0005764546760387898 0
368 0.0003143952012972631 -0.0003270690718996522 0
369 0.0003184532922041155 -0.0003734166635726862 0
370 0.000461306044775314 -0.0001250330735308091 0
371 0.0004650960032849925 0.000285600825800756 0
372 0.0004606797157610018 0.0003327714668450332 0
373 -0.0001030450965732098 0.0006131569548978516 0
374 -0.000135762365736657 0.0005904181416945503 0
375 0.000276462344444931 -0.000353821545207915 0
376 0.0002806116240905482 -0.000399999885201046 0
377 0.0003224497583032222 -0.0004195752465850289 0
378 0.0002846447276592442 -0.0004460076464170625 0
379 0.0002428112248973693 -0.0004264795748327998 0
380 0.000246975108254617 -0.0004725434709525022 0
381 0.0003263931769380065 -0.0004654443722822682 0
382 -7.207186326166627e-05 0.0006360354009846626 0
383 0.0002049925906139467 -0.0004529877493352993 0
384 0.0002092106888394558 -0.0004992225955322298 0
385 0.0001453842517210679 0.0006171382904505306 0
386 0.000182674618335142 0.0006004189102233831 0
387 -0.0001395977301654083 0.00062932275566112 0
388 -0.0001718937726568088 0.0006061399352746786 0
389 -0.0001685672370339417 0.0005670760169001176 0
390 -0.0002043671436100076 0.0005832185859544637 0
391 -0.0002009823090216937 0.0005439585950158593 0
392 -0.0002375163806394892 0.0005608852795636805 0
393 -0.0002335485379601234 0.0005210622020395805 0
394 -0.0002704722046193222 0.0005383993699020338 0
395 -0.0002661309159905287 0.0004982128421905218 0
396 -0.0003024093069664736 0.0005149871614063413 0
397 -0.0002985280190681959 0.0004752029084482059 0
398 -0.000334325144887756 0.0004915066155796487 0
399 -0.0003308017100915976 0.0004520461920326101 0
400 -0.0003673472663295504 0.0004688823129825695 0
401 -0.0003634227399030419 0.0004292737867045446 0
402 -0.0003995480760424518 0.0004458422666046494 0
403 -0.0003956692918824479 0.0004061340171212016 0
404 -0.0004316887607825036 0.0004227834709994877 0
405 -0.0004281157063488341 0.0003832679301554071 0
406 -0.0004640680744082649 0.0003998708675664106 0
407 -0.0004605080574426414 0.0003603478825172289 0
408 -0.0004964500671781286 0.0003770260862439938 0
409 -0.0004929389121416948 0.0003375378403330067 0
410 -0.000456829727783774 0.0003207397999245038 0
411 -0.0004894613202292284 0.0002977936014891662 0
412 -0.0004531914337634791 0.0002809660416420423 0
413 -0.0004859999520553825 0.0002579020379529693 0
414 -0.0005222451223706436 0.0002749885162331971 0
415 -0.0005189039489056013 0.0002348965819038712 0
416 -0.0004812598455607697 0.000218226409662856 0
417 -0.0005154547819901086 0.0001945873710674074 0
418 -0.0005521765648896132 0.0002117015552895384 0
419 -0.0005487253572612108 0.0001714492713661245 0
420 -0.0005110484153995547 0.0001544967027760194 0
421 -0.0005451386945402861 0.0001311663500140184 0
422 -0.0005819561407853695 0.0001483885261450713 0
423 -0.000578648585781704 0.0001080948750694884 0
424 -0.0005410912728588454 9.064345336542622e-05 0
425 -0.0005753381834225046 6.742550118769947e-05 0
426 -0.0005375008535138145 4.985802301046821e-05 0
427 -0.0005721468258931015 2.639415450485537e-05 0
428 -0.0005348158670362259 8.703164360036843e-06 0
429 -0.0005690809261945417 -1.485420750625613e-05 0
430 -0.0005314675857004023 -3.272207700248614e-05 0
431 -0.0005661400328467904 -5.654445131830543e-05 0
432 -0.0005280112483647505 -7.448936782060641e-05 0
433 -0.0005630562562858074 -9.854240930589187e-05 0
434 -0.0005244746680534122 -0.0001165968820349034 0
435 -0.0005595715102174935 -0.0001408042550356145 0
436 -0.0006034366365314974 -3.768804849615423e-05 0
437 -0.0004356180626957932 0.0004622555555336373 0
438 -0.0006152095083125541 0.0001254982987806741 0
439 -0.0002403933364180393 0.0005997981438224578 0
440 -0.000339649629375439 0.0005317383599938824 0
441 -0.0005208321267656548 -0.0001590689364909661 0
442 -0.0005560701330608156 -0.0001833824403017339 0
443 -0.000594776648581892 -0.0001649630525427935 0
444 -0.0005915337640616599 -0.0002078381971050926 0
445 -0.0005524976788168032 -0.0002264209372602462 0
446 -0.0005884120873895792 -0.0002511072401857642 0
447 0.0005060696986018468 0.0003136165236124092 0
448 0.0005013374820924325 0.0003608586954978482 0
449 0.0004565806760019392 0.0003797303416304564 0
450 -0.0002825631381454253 -0.000583304712348842 0
451 -0.0004988412383656475 3.20038571864164e-05 0
452 0.000167086852063817 -0.0004796600604740226 0
453 0.000171232229220112 -0.0005259779386666831 0
454 0.0002135011866997336 -0.0005454841911330737 0
455 0.0001754214854626058 -0.00057238236961059 0
456 -0.0001432426901098888 -0.0007518291995287601 0
457 0.0004943068945133171 0.0004070375904916729 0
458 0.0004519540136321138 0.0004258014997847844 0
459 0.0002276623897266878 0.000210254019642698 0
460 0.0001784970993435273 0.0006409320706230951 0
461 0.0002157160577759672 0.0006243176654703915 0
462 0.0001415410547405021 0.0006575991366128057 0
463 -0.000358296010005578 0.0003899827711088356 0
464 0.0003218049674722118 3.107512672846799e-05 0
465 -0.0005488446983574032 -0.000269939647882702 0
466 0.000509733823561764 0.000266614218423747 0
467 0.0005522529659790886 0.0002952339569412385 0
468 0.0005539934281746034 0.0002456708215869391 0
469 -0.0005853547729829034 -0.0002949177245739132 0
470 -1.480311675059168e-05 -1.309533545798731e-06 0
471 -0.0004856229280125983 -0.0001346795260695392 0
472 0.0002177794619310833 -0.0005919887803233574 0
473 0.0001796342796320541 -0.0006189688347439645 0
474 -0.0006300818644200161 -0.0001891366564337148 0
475 0.0001629810650177912 -0.0004334203544489394 0
476 -0.0005451094275520631 -0.0003142272631459478 0
477 0.0001249733654138875 -0.0004600742724529005 0
478 0.0004897761162405119 0.0004531907938688443 0
479 0.0004472864075654962 0.0004713774878339459 0
480 0.0001742951421744734 0.0006811699669416902 0
481 0.0001377907985707614 0.0006977605174784665 0
482 -0.0005086015717788067 -0.0002886935856365565 0
483 0.0002199291480417937 0.00058372747448054 0
484 0.0002532242143998193 0.0006077974237573548 0
485 2.210085589488938e-05 2.537700846157679e-05 0
486 2.60982861629034e-05 -2.057570686259423e-05 0
487 -0.0002620632956925049 0.0004580610949795245 0
488 0.0005330347825904967 0.0004365451148428302 0
489 -0.0005822758228585558 -0.0003395853747925283 0
490 -0.0005413450316291824 -0.0003592052608123405 0
491 -0.0002078397630406254 4.033207190743366e-06 0
492 -0.0002437817251516148 -2.099475344942679e-05 0
493 -0.0002475314664297307 2.237523052072787e-05 0
494 0.000222157631177728 -0.000638466088335519 0
495 0.0001369099810679443 -0.0005993712963330282 0
496 0.0001415202060237909 -0.0006465414806190278 0
497 0.0002722841582753664 -0.0003075877645079531 0
498 -6.288847635009459e-05 0.0005144375343246224 0
499 0.0005958995975582579 0.000275383257609458 0
500 0.0005991592726474471 0.0002245503884384592 0
501 -0.0006220177609912145 -0.0003190737273138991 0
502 0.000483933228646013 0.0004988459934203051 0
503 0.0001701763348437611 0.000721060608188483 0
504 0.0001208837429335037 -0.0004138115646028968 0
505 8.281383628554069e-05 -0.0004404946936933956 0
506 0.0001339322768010641 0.00073749016438005 0
507 6.313937384365495e-05 5.412788228349114e-06 0
508 6.728960661851864e-05 -3.995599288234249e-05 0
509 -0.000579167588242164 -0.0003849901880027001 0
510 -0.0005376500675960706 -0.0004048853723123325 0
511 0.0002574137916324045 0.0005667314351539795 0
512 0.0002908716517745281 0.0005909656050284304 0
513 0.0002865706333789106 0.0006320802926646532 0
514 0.0003242796716316375 0.0006153584621831819 0
515 0.0003199231173583322 0.0006565464310033203 0
516 0.0003574793624712738 0.0006398810147404839 0
517 5.896800887053606e-05 5.391943480694197e-05 0
518 9.81630743975627e-05 -0.0006265786910959424 0
519 0.000102836023730774 -0.0006742494950080793 0
520 0.0003531891100255221 0.0006808236326661028 0
521 0.0003905592805164138 0.0006642430093435896 0
522 -0.0002831684366712336 -2.447057992386446e-06 0
523 -0.0002866129772844855 4.040622419161267e-05 0
524 -0.0002796054272344028 -4.570294921169362e-05 0
525 0.0006397747882288145 0.0002537781258759339 0
526 0.0006452785054249844 0.0002025331409558979 0
527 0.0002600886653947459 -0.0006115606404856221 0
528 0.0002644516221710026 -0.0006577916984529561 0
529 0.0003021527801103579 -0.0006311301725799143 0
530 -0.0005751175406086803 -0.0004294286689279618 0
531 -0.0005338578514095531 -0.0004511677826437161 0
532 0.0004113221204812422 0.0004461347820234286 0
533 0.0006367634220334024 0.00030573035277162 0
534 0.0001016437423525888 0.0007143535022753127 0
535 9.784172350482779e-05 0.000753813246017851 0
536 -0.0005709464888265392 -0.0004737021831663592 0
537 -0.0005296142346286392 -0.0004977161088994138 0
538 0.0001663081058729061 0.0007606665727895847 0
539 0.0001041395703137189 -1.306351308903463e-05 0
540 0.0001085843310403361 -5.920802915074064e-05 0
541 7.879151187733059e-05 -0.0003941775815662324 0
542 -0.0003188674557835314 -2.71580313551813e-05 0
543 -0.0003153369070954457 -7.037570424152653e-05 0
544 5.904763162993238e-05 -0.0006540413465938009 0
545 6.346029355005282e-05 -0.00070180344047147 0
546 0.0001073484315455297 -0.000722016275919852 0
547 4.066170619820712e-05 -0.0004208363698592263 0
548 -0.0002727649361127519 -0.0007410720691076695 0
549 7.130978752356285e-05 -8.560601714659341e-05 0
550 0.0001128543929696567 -0.0001050096331731588 0
551 6.612831377744158e-05 0.0007317579391447091 0
552 6.192442908462433e-05 0.0007701033090869129 0
553 3.052406368535601e-05 0.0007482973669135794 0
554 2.629013651718121e-05 0.0007862223193318347 0
555 -6.296229032763934e-06 0.0007617856041453428 0
556 -9.361877453193811e-06 0.0008018366152795638 0
557 -4.176068100392456e-05 0.0007774224787761785 0
558 0.0003862010834419565 0.0007047156566157591 0
559 0.0003489732423304186 0.0007214964315914709 0
560 0.0006055881093803433 0.000172919080102041 0
561 0.0006509121900781116 0.0001501309103579159 0
562 -0.0003011134166644644 -0.000393974755388357 0
563 -1.182930226275764e-05 0.0003260541709047222 0
564 6.796043873672548e-05 -0.0007495834361830186 0
565 0.0004235652436219336 0.000688304099575911 0
566 -0.0001627445713207588 -0.0005055398416555768 0
567 -0.0004999836111478522 0.0004163620219053526 0
568 -0.0005322035035887391 0.0003936916414393742 0
569 -0.0005357704423090263 0.000432764657040675 0
570 -0.0005677314254347559 0.0004102253131705632 0
571 -0.0005712469843228002 0.0004490048143745361 0
572 -0.0006030511142758644 0.0004265773583597646 0
573 -0.0005996391224258016 0.0003878254824853788 0
574 -0.0006349335930406471 0.0004042384620545002 0
575 -0.0006315584158917069 0.0003655871708699559 0
576 -0.0006666973296217695 0.0003819103494421119 0
577 -0.0006633688560067439 0.0003433226918133173 0
578 -0.0006065394604068236 0.0004652492933645087 0
579 -0.0005750267037961949 0.0004875205452542461 0
580 -0.0006984436051376089 0.0003596112398092043 0
581 -0.0006951774385497078 0.0003211535108777081 0
582 -0.0006701261993710053 0.000420506280542808 0
583 -0.0001496245861633073 0.0002279491010117272 0
584 -0.0001847520785765805 0.0002027803666784975 0
585 -0.0001882169660933764 0.0002455852253691869 0
586 -0.0002230935957095328 0.0002205847745901202 0
587 -0.0002265694429993637 0.0002633077848952524 0
588 -0.0002608735225118979 0.0002390451841446623 0
589 -0.0001921806336822641 0.0002875110802345422 0
590 -0.0001935868349546034 -0.0001729450048691741 0
591 0.0003061433369302224 -0.0006776823077988931 0
592 0.0003439742353729122 -0.0006504935328019313 0
593 0.0002685125279087328 -0.0007066832062819182 0
594 -0.0006184946450703278 0.0001656294799280318 0
595 -0.0006516089440315452 0.0001428078382831791 0
596 -0.0001755359629415285 0.0006455755098066205 0
597 -0.0006484380168784794 0.0001027067275856361 0
598 -0.000684737995132774 0.0001200208414540591 0
599 -0.0006815657575793875 7.994844101406227e-05 0
600 -0.0007177668732743437 9.724118977387497e-05 0
601 -0.0007146813197819662 5.716188124616522e-05 0
602 -0.0007208675108835055 0.0001371103531966293 0
603 -0.0007537030220043628 0.0001145153686630619 0
604 -0.0007565505049187643 0.0001537699729408663 0
605 0.0001168149436795462 -0.0003676053779154223 0
606 -0.0006161058160360973 -0.0004071390518721573 0
607 -0.0005007304709176302 -0.00037884093500642 0
608 -0.0002005028648779132 0.0005013128699711696 0
609 0.0001538854890829518 0.0005355793048479775 0
610 -0.0007893923918494011 0.0001316485515840245 0
611 -0.0007864557765435798 9.217880504723188e-05 0
612 4.466255898584157e-05 -0.0004673926622797019 0
613 0.0001476664620251594 0.000255301222610595 0
614 -0.0006098676690750216 0.0005036125627645733 0
615 -0.0005787224767205604 0.0005256629183100057 0
616 3.74462655213877e-05 0.0002276570309955073 0
617 7.526753051118757e-05 -0.0001313572852192153 0
618 0.0001169055546197638 -0.0001507992003962639 0
619 7.924186938252143e-05 -0.0001771604971437861 0
620 0.0001213020796698769 -0.000195881707595703 0
621 -4.46101745210497e-05 0.0008175921251583971 0
622 -7.60187863393662e-05 0.0007952861240691971 0
623 0.0006813396762678577 0.0002841359196595822 0
624 0.0006936909409735921 0.0001810967865113244 0
625 0.0006988436663279224 0.0001279433779735963 0
626 0.0006553336484985702 9.71570362106488e-05 0
627 0.0007034833744515366 7.471974504056214e-05 0
628 0.0006598913116927438 4.434642268185608e-05 0
629 0.0007079611198624533 2.17313505981515e-05 0
630 0.0006645484477071212 -8.49479546930492e-06 0
631 0.0007123661491222621 -3.110751871257589e-05 0
632 0.0006708299988589219 -6.042455981356741e-05 0
633 0.0007167125124720087 -8.358827845982917e-05 0
634 0.0006766429931382973 -0.0001125995722571258 0
635 0.0007209114075065056 -0.0001354779429957962 0
636 0.0006812090868851457 -0.0001645135417008774 0
637 0.00072503605608164 -0.0001866794808305437 0
638 0.0006837637740399703 -0.000215281897436361 0
639 0.0007286351962398742 -0.0002367830879159362 0
640 0.0006895649002238238 -0.0002633087613050453 0
641 0.0001501920955347282 -7.812525970560011e-05 0
642 -0.0004933439628001886 -5.105984935113845e-05 0
643 7.482224923944184e-05 -0.0003479534158840046 0
644 -0.0004920186747717999 -0.0004713518354566174 0
645 -0.0004867924576675691 -0.0005190373682518103 0
646 0.0003818609044356687 0.0007450813868656696 0
647 -0.0005267005222638425 -0.0005460723521698123 0
648 -0.0004825196827328683 -0.0005675400986320587 0
649 0.000158760960995294 -0.0001700918292955951 0
650 -0.000790289541286837 0.0001724114289564093 0
651 0.0006762690047983728 0.0003356820844630602 0
652 9.429829828704624e-05 0.0007930178336725822 0
653 0.0001116979429225264 -0.0007697272966327379 0
654 -0.0007299137305091222 0.0003369515075684995 0
655 -0.0007318107945470773 0.0003735584771739608 0
656 -0.0002301876795327418 0.0003049212035758604 0
657 -0.0001962357695160401 0.0003289324230447926 0
658 0.0002967179238974161 0.0003144739126379395 0
659 0.0004275247008160459 0.0006470608252646445 0
660 0.0004612537519957333 0.0006719095161527619 0
661 -0.0002578815230773552 0.0001966194905904752 0
662 -0.0002952354386344011 0.0002151792484382872 0
663 0.0006445703187628719 -0.0001914184888038104 0
664 -0.0007235571075973129 0.000176448233929156 0
665 0.0002023528732303788 0.0007443643396486665 0
666 0.000198462628776331 0.0007837426467485196 0
667 2.227511404759963e-06 -0.000447608807044878 0
668 6.225963315313645e-06 -0.0004944648638480378 0
669 0.0006264560890266445 -3.872508950362437e-05 0
670 -0.0001435214230994388 0.0006684072559306555 0
671 -0.0001799572038589457 0.0006828667106892896 0
672 1.955853519559746e-05 -0.0006816762667008795 0
673 0.0003478221337681385 -0.0006967831149518439 0
674 0.0003853579307652287 -0.0006696907828816703 0
675 0.0003811661644895172 -0.0006243723264122027 0
676 0.0004223601747507339 -0.0006433522869861722 0
677 0.0004180360885633646 -0.0005977358031371936 0
678 0.0004591637562785593 -0.0006172254528621759 0
679 0.0004549232349927966 -0.0005717635131668493 0
680 0.0004957379156286196 -0.0005910559041961927 0
681 0.0004916837572061284 -0.0005467407099506362 0
682 0.0005321114286166873 -0.0005653289202059663 0
683 0.0005278222683556364 -0.0005215718194548751 0
684 0.0005683193168726601 -0.0005397146546468356 0
685 0.0005629179303768102 -0.0004960801291494525 0
686 0.0006046299601494127 -0.000514090740381195 0
687 0.0005991830815401311 -0.0004697903635117377 0
688 0.0006099630453314989 -0.0005579483526582737 0
689 0.0004876214686378231 -0.0005022477188494154 0
690 0.0006411128492996378 -0.0004883818666216007 0
691 0.0006367742687527516 -0.0004436893039239252 0
692 0.0005930641977605016 -0.0004249927259898978 0
693 -0.0006613963630272016 0.0003034567029560515 0
694 0.0002953205220536915 0.0005495188009916266 0
695 0.0002613253620712382 0.000525046568626814 0
696 -6.452536380816224e-05 -0.0002794299448616109 0
697 0.000756976533944006 5.467074267123647e-05 0
698 0.0007332681508560767 -0.0002848360182925054 0
699 -0.0002986839425669369 0.000256690600432265 0
700 -0.0001820501445982603 0.0001594866200824289 0
701 0.0003609561916929046 0.0005977346877452715 0
702 0.0007664418858494295 -0.0001577957712413528 0
703 5.497924180813884e-06 0.0006000919913344103 0
704 -0.0006132900179593562 0.0005415896284137406 0
705 -0.0005819748022856961 0.0005631616666469282 0
706 -0.000547624682868891 0.00054767035484946 0
707 -0.0005509151487889752 0.0005851145014010768 0
708 -0.0005166474651204518 0.0005697707942438358 0
709 -0.0005202358024634696 0.0006075377207249864 0
710 -0.0004856969486872162 0.0005918873102687233 0
711 -0.0004893085116419724 0.0006296468937619972 0
712 -0.0004549689656301179 0.0006142397980843181 0
713 -0.0004583379563386539 0.0006517590708713621 0
714 -0.000424030551786416 0.0006363051555655578 0
715 -0.0004273858926318154 0.0006737807348368218 0
716 -0.0003930730024066436 0.0006583070869298354 0
717 -0.0003964412956058277 0.0006957947843119138 0
718 -0.0003622611755650092 0.0006804814722229705 0
719 -0.0003655118977050906 0.0007177866913065848 0
720 -0.0003313853209399603 0.0007025103247318004 0
721 -0.0003346115285110975 0.0007397482600891123 0
722 -0.0005564962622395932 0.0006246512989883759 0
723 0.0004632519747264756 -0.0006621541040171472 0
724 -7.926476173365722e-05 0.0008337635369655189 0
725 -0.000110871812138087 0.0008114276351933538 0
726 0.0004410838512082237 0.0001147272844704403 0
727 -0.0003003284089683299 0.0007242091077229691 0
728 -0.0003037897980794158 0.0007616457534375932 0
729 -0.0004424884356981929 -0.0005396210679141101 0
730 -0.0004381117023557691 -0.0005883292230452265 0
731 -0.0004781446954424706 -0.0006166513201639951 0
732 -0.0004337408548689997 -0.000637313996341848 0
733 -0.0006443357609214845 0.0005198398591280348 0
734 0.0004652313053470643 0.0006301310738341492 0
735 -0.000822038457176688 0.0001093691174663863 0
736 -0.0008191205421715829 7.002580031172735e-05 0
737 -0.000132948276162534 -0.0008551266736154905 0
738 -0.0003401898057926496 -0.0004208687779442528 0
739 -0.0003452128562016929 -0.0003762702632206 0
740 -7.822463963882003e-05 -0.0001417345159267187 0
741 -0.0003343899703976232 0.0002323165602347397 0
742 -0.0003296191696308432 0.0001914971849098078 0
743 0.0006155296656015969 6.510149469736737e-05 0
744 -0.0004911975665958791 0.0006673615668196192 0
745 2.203780927892236e-05 0.0008246102669615843 0
746 0.0002352096549153895 0.0007676710961880199 0
747 -0.0007268572114945039 0.0002988853983635401 0
748 -0.0007615317090830724 0.0003146389723292469 0
749 -0.0003688090524271177 0.0007549147378454787 0
750 0.0004992815411093627 0.0006553454402503103 0
751 0.0005040677989679209 0.0006133279863333879 0
752 0.0003448987823193606 0.0007616800046443561 0
753 7.237859469394168e-05 -0.0007976187890103021 0
754 2.804682276398188e-05 -0.0007774448499812434 0
755 3.267518260811565e-05 -0.0008262736346009191 0
756 0.0003640320050504445 -0.0004391621417952639 0
757 -0.0006332970581302048 -0.0001466976411770053 0
758 -0.0006683015414011301 -0.0001705433103615331 0
759 -0.000670181475425828 -0.0001269175512592942 0
760 -0.0007056399086500307 -0.0001512898605787369 0
761 -0.0007030078714638621 -0.0001939820577271231 0
762 -0.0007408292900862348 -0.000175647171494236 0
763 -0.0007434049635312003 -0.0001332912102103623 0
764 -0.0007380304967818405 -0.0002177172189117384 0
765 -0.0007783467501324629 -0.0001573204302858634 0
766 -0.0007810465780895148 -0.0001158620078736636 0
767 -0.0007439856581617006 -9.026954324443393e-05 0
768 -0.0007822754333359838 -7.382997671134254e-05 0
769 -0.0008179925039988446 -9.809332349348143e-05 0
770 -0.0008215635577930124 -5.960663509082596e-05 0
771 -0.0002694091413179659 0.0007460258519528534 0
772 -0.000272958910539658 0.0007835163908040199 0
773 -0.0002386888793913029 0.0007679965107758467 0
774 1.309882521426327e-05 0.0004351809432633805 0
775 0.0001299237884479249 0.000427405843293111 0
776 0.000346551515649619 -0.0002065406266986548 0
777 -0.0003540932836188377 -5.01237469707597e-05 0
778 -0.000349345834742646 -9.469623727854409e-05 0
779 -0.0003569995859189851 -5.269654119238935e-06 0
780 -0.0003048114319146032 0.0007984076650908233 0
781 0.0007234031658940121 0.0003147361173329117 0
782 0.0006779436717958646 -0.0004624545986798408 0
783 0.00038962655411482 -0.0007149536859636764 0
784 0.0003522829048558387 -0.0007423632776539216 0
785 0.0003137447028474221 0.0001276499882773414 0
786 0.0002311810967324051 0.0008068532110048965 0
787 0.0001947770392457209 0.0008228229073952576 0
788 -4.829678549126556e-05 0.0008559684540344653 0
789 -0.0003113970149429667 -0.0001137674808893619 0
790 -0.0003457347738771433 -0.000138524966151068 0
791 -0.0008543533051512203 -8.059734890836344e-05 0
792 -0.0008513143727493266 -0.0001210066571793262 0
793 -0.0004203618872377518 0.0003040493234404387 0
794 -2.819355555622909e-05 0.0001312864458894322 0
795 -0.0004308695228266406 0.0007113830730172005 0
796 -0.0004501816251946357 0.0005775317625984723 0
797 -0.0004818258953423262 -0.0001774125746944946 0
798 1.557572225903129e-05 -0.0006340030693371174 0
799 -2.445228916150109e-05 -0.0006613434697796926 0
800 -2.770603436603684e-05 -0.0006138084515555559 0
801 0.000162940410412892 -0.0002157536912499577 0
802 0.0002006742312779481 -0.000189579346530049 0
803 -0.0002421889575381693 0.0008053858533231033 0
804 -0.000307622668933527 -0.000157616862266267 0
805 -0.0003440898771497905 -0.0001827680725606799 0
806 -0.0003041383071290088 -0.00020193260052191 0
807 -0.0003410668206554277 -0.0002272355526994715 0
808 0.0002996365963008265 0.0005076032555555634 0
809 0.0002651348195473621 0.0004827148585015964 0
810 0.0006737152695087519 -0.0004174048839580961 0
811 -0.0003568815305535636 0.0006446537558537333 0
812 0.0007730816130559001 -0.0002578019857889958 0
813 -2.830939708356247e-05 -0.0002521951249246094 0
814 -0.0006177654659453569 0.0005756151050481663 0
815 0.0007432699025542288 0.000159012225558 0
816 0.0004565068687680894 0.0007126964075312836 0
817 0.0005361061614782358 -0.0006100170207208733 0
818 -7.791962040532132e-05 0.0007528283810880745 0
819 -1.761632331235984e-06 -0.0004009023290970706 0
820 -0.0007899362996967017 -2.972908011938316e-05 0
821 0.0003770933148515831 0.0007843246203395717 0
822 -4.027264151550653e-05 -0.0004277285035757074 0
823 -0.0008571365933433298 -4.007296023047911e-05 0
824 -0.0002339264164956639 0.0003462539154172685 0
825 -0.0002001055573555496 0.0003700709350718581 0
826 -0.0001625877794931859 0.0003528795450331602 0
827 -0.0001665027589458286 0.0003939960615600651 0
828 -0.0001289367803970402 0.0003768015658117938 0
829 -0.0001328229543595412 0.0004179311350793326 0
830 -9.515760949051605e-05 0.0004008554099330259 0
831 0.0005366424180337729 0.000638560764176488 0
832 0.0005426629213696832 0.0005964654705463727 0
833 0.0005762783085477728 0.0006221203365433298 0
834 0.0005811992628059729 0.0005800316565397081 0
835 0.0006157698306824132 0.0006041098697543057 0
836 0.0006205408693468204 0.000564544731895128 0
837 -0.0002616678857477945 -0.0008296740445692234 0
838 0.0007172823462413197 0.000366020912338423 0
839 0.0006710119494570493 0.000386389148595095 0
840 6.014350095308031e-07 0.0007224280094421597 0
841 0.0001162027909819175 -0.0008174423959374914 0
842 0.0001547827804843851 -0.0007897844798673533 0
843 0.0003029409708669809 0.0004648586364238211 0
844 -0.0007585647204410464 0.0002767542871283775 0
845 -0.0003341483384997112 -0.000466978440725356 0
846 0.0006814104472571785 -0.0005058184181192884 0
847 -0.0003699741633818676 0.0002086582424295384 0
848 -0.000364060549571586 0.0001676867725874367 0
849 8.573105345919116e-05 -0.0002288398310157522 0
850 7.029170222749971e-05 0.0006938571844547737 0
851 -0.0003267784803624925 0.0001501373010419971 0
852 -0.0003603796913065025 0.0001263611388058858 0
853 -0.0003979119316745644 0.000144084748797276 0
854 -0.0003945534139953853 0.0001026967053784944 0
855 -0.0002513761775974841 6.533551181785479e-05 0
856 -0.0007933888772469799 0.0002928320876726232 0
857 -0.0004735808555986432 -0.0006656089740296035 0
858 -0.0004290822437750112 -0.0006859476490373897 0
859 -0.0005187842361518586 -0.0006445533428605153 0
860 0.0007107646519061361 0.0004161269083803687 0
861 0.0006644317607710726 0.0004330080616880459 0
862 0.0003768375427991744 -0.0005781765290239162 0
863 0.0004070409785951444 0.0004896420640527277 0
864 -8.280025491462524e-05 0.0008716930809295537 0
865 -0.0005125265528865796 0.000532052584573023 0
866 -0.0003894814959247423 -0.0006579546894828956 0
867 0.0002389299988978676 0.0007281674352549237 0
868 -0.0005967121123538759 0.0003486811499601589 0
869 -0.0002964853301980795 0.0006861795471082287 0
870 -0.0006784938053826528 3.977120156419272e-05 0
871 0.0007587927588093039 -5.56307220968056e-05 0
872 0.0002344611062434115 -0.0003342369476738872 0
873 -0.0003004643792147245 -0.0002467061203359593 0
874 -0.000207962224341005 0.0007897364573594673 0
875 -0.0007002845324370563 -0.0002364562524874522 0
876 -0.000735147273157186 -0.000259897980101099 0
877 -0.000773079624215751 -0.0002413641125512307 0
878 -0.0007702046878262473 -0.0002834316282772326 0
879 -0.0007327070286317543 -0.0003023058243628283 0
880 -0.0007675648316915677 -0.0003259709065750146 0
881 -0.0007295671481841791 -0.0003449733993515633 0
882 -0.0007648193376175147 -0.0003689331511702192 0
883 -0.0007260745290418999 -0.0003879692698824141 0
884 -0.0007608439603366789 -0.0004099592485037333 0
885 -0.0007229390359605272 -0.0004312694609928372 0
886 0.0005914858413834707 0.0005408470828214208 0
887 0.0007778273177758266 -0.0003051638735816835 0
888 -0.0002116641855760012 0.000827178469173273 0
889 4.875721239712871e-05 -0.0005139682620911132 0
890 -0.0003853179430906312 -0.000706433717298701 0
891 3.803214683917677e-05 -0.0001563205047620432 0
892 -0.0008550078317483838 8.687119763626878e-05 0
893 -0.0008575990102507513 0.0001262873295758828 0
894 -1.096170450799628e-05 -4.638127846160868e-05 0
895 -0.000382947224114877 -0.0004008478451727112 0
896 -0.0003866038809958562 -0.0003536056137910859 0
897 -1.173449555733321e-05 -0.0008059842997689079 0
898 0.0007022791090056077 0.0004587134555927509 0
899 0.0005092005589797309 0.0002135534265737071 0
900 -0.0003893744604647579 -7.802403698547508e-05 0
901 0.0002257392416795706 0.0008442474483126006 0
902 0.0001906789770791695 0.0008612758902016686 0
903 0.0002625766544959642 0.0008276312810547623 0
904 0.0007151238060198687 -0.0004363738087024118 0
905 0.0006540028957362784 0.0005881708458471153 0
906 0.000112791043516868 -0.0003214334149102198 0
907 -0.0001487783434148538 0.0007094079534002578 0
908 -0.0007972106557051597 0.0003286347896739881 0
909 -0.000380644967046704 -0.0002052644241389739 0
910 0.0001594614433899352 -0.0008371090896845458 0
911 0.0001975946483977163 -0.0008094229396355594 0
912 -0.000713466481990375 1.675185538388164e-05 0
913 0.0006497155994681929 0.0006291265817853946 0
914 0.0002689599659068956 0.0004396657617717658 0
915 0.0003074561450180495 0.000421547433018942 0
916 0.0002309472397013077 0.0004580026408541657 0
917 -0.0003982567122443436 -0.0005600696150735098 0
918 -0.0003398274174249038 0.0002727362757494247 0
919 -2.494839024937831e-05 -0.0002936120250103518 0
920 0.0007653773356087576 0.0003454536510107335 0
921 0.0007722843913783433 0.0002934792019741738 0
922 -0.00042412090727022 -0.0007337304557308406 0
923 -0.0003816861310276151 -0.0007533166665485755 0
924 0.000533026524339609 0.0006791685206421797 0
925 -0.0007255904056136746 0.0002587888704281036 0
926 -6.862685155952127e-06 -0.000856191987425037 0
927 -0.0008905109898716425 -6.273038306333228e-05 0
928 0.0004702245910944647 0.000587093272621801 0
929 0.0007098193042410695 -0.0003909117544343681 0
930 0.000668911372900777 -0.0003716423109791322 0
931 -0.000853225224411925 4.695203881652598e-05 0
932 -0.000377910319586036 -0.0002521909355138948 0
933 -0.0008080016798267197 -0.0002647205508902516 0
934 0.0008274182863702358 -0.000280945517384447 0
935 -0.0007902346728024526 0.0002546745586674424 0
936 -0.0004320462708872764 0.000120480322205027 0
937 -0.0004288194534425602 7.907089698411544e-05 0
938 0.0003679260141632352 -0.0004848561727727352 0
939 0.0003304585786342345 -0.0005111051285159618 0
940 0.0004054368068695677 -0.0004587226653433839 0
941 -0.0004481382844871624 -0.0001530560961106514 0
942 -0.0003084293244180023 -0.00034402422093515 0
943 -5.197209917709577e-05 0.0008937586790446676 0
944 0.0001592968610782794 0.0008388515363510743 0
945 0.0001554648104074965 0.0008772757697154984 0
946 0.000378733689796821 0.0003243962739166037 0
947 0.0001236850321982456 0.0008547016733765805 0
948 0.0001933264749176221 -0.0007626921205651345 0
949 0.0002355318336415045 -0.0007826215428890519 0
950 0.0002398238223038226 -0.0008285733338809654 0
951 0.0002773335893667982 -0.0008019344668867056 0
952 0.0002808231083682668 -0.0008462362305849396 0
953 0.0006261645381003379 0.0004063923302662115 0
954 -0.0002678780027952307 0.0003222195487276811 0
955 -0.0002712786846032801 0.0003633351730403436 0
956 7.539998011880075e-05 0.0006089282414712293 0
957 -0.0003456410804241159 -0.0006787700893241455 0
958 -0.0008107061088262293 -0.0002228071982918411 0
959 -0.0004239905324720662 -0.0002260651994029525 0
960 0.0007502770873114603 -0.0004117185901145004 0
961 0.0002301410427775995 -0.000288127995004213 0
962 -0.0006547556159688039 0.0001827483280496589 0
963 -0.000211096505494567 0.0006616654819042163 0
964 -0.0006218946171867107 0.0002054902380194311 0
965 -1.753839793231437e-05 0.0008782055181554363 0
966 -0.0001399905623517194 9.793636882211858e-05 0
967 -0.0001120514599018359 0.0006915353440439401 0
968 0.000340130392546102 0.0008002286993623953 0
969 -0.0007994696432339512 -0.0003907545239734074 0
970 0.0002680537428756345 -0.0002614112909015313 0
971 0.0003191094921827579 -0.0008196281915204986 0
972 -0.0002720906879370223 -0.000132491503315363 0
973 -0.0005037076688233401 0.0004553949404869623 0
974 -0.0007502163788764319 3.525145453660511e-05 0
975 0.0003939148774297914 -0.0007601792976989869 0
976 0.0004308151527635388 -0.0007336861890930109 0
977 -4.439503317066767e-05 -0.0003812194741164726 0
978 0.0001965122040402725 -0.0001435381035619544 0
979 0.000238684121491902 -0.0001630690899479182 0
980 0.0002346107517159559 -0.0001167286921211149 0
981 0.0006593617098761495 0.0005476556008429214 0
982 0.0004166536726169503 0.0007691158194326087 0
983 -0.0002456356479628702 0.000842731130338051 0
984 0.0003329326535406571 0.0005310241936747639 0
985 -9.112003541975327e-05 0.0003597605099466575 0
986 -0.000675814576369237 -6.569543321158851e-07 0
987 -5.744973419783832e-05 0.0003837726948396687 0
988 -6.136442183481834e-05 0.0004250639386810723 0
989 -0.000304839504871446 0.0003398060231852659 0
990 -2.023834575455364e-05 -0.0007097901684405693 0
991 -6.478511085929456e-05 -0.0006894188943998279 0
992 0.000815478266641754 -0.0002301774935376319 0
993 -0.0008250386792575869 0.0002707220398557165 0
994 -0.0003566383133889349 8.455158376740717e-05 0
995 0.0004064391697196911 0.0008183278331385667 0
996 -0.000821664914943434 0.0002323020448694683 0
997 0.0006198820460530681 0.0004515133074785316 0
998 -0.0004162633517362019 -0.0002763489463214324 0
999 0.000433993599550079 -0.0007760079108145936 0
1000 0.0004716826400488176 -0.0007512009196883008 0
1001 -0.0006577662829640552 0.0002222103533711623 0
1002 -0.0006251141815670188 0.0002449329912224445 0
1003 -8.36669639484008e-05 -0.0004074759677848462 0
1004 -7.909615726574097e-05 -0.0004546223929042779 0
1005 -0.0007108376758531163 -2.381553020872877e-05 0
1006 -0.0006726845442970265 -4.118227207572528e-05 0
1007 -3.258001688438146e-05 -0.0002062291420292273 0
1008 -0.0002637847175227471 -0.0002209573215703551 0
1009 -5.93308773400702e-05 -0.0007393309649507139 0
1010 6.268232167351336e-06 -0.0002721872538211445 0
1011 -0.0006906630231571197 -0.0003638029003203271 0
1012 -0.0002022074774874679 0.0007521615644343247 0
1013 -0.0001735288866614252 0.0007732024928886448 0
1014 0.0003084275084859125 0.0007780811888623842 0
1015 -0.0002036360038647057 0.0004107179117893703 0
1016 -0.0008939778908263748 -2.146187272552353e-05 0
1017 -0.000467009468519486 9.676241592071058e-05 0
1018 -0.0005115410748105822 -0.0006945113544333884 0
1019 -0.0005583313215525401 -0.0006739063546139091 0
1020 -0.0005647578864013117 -0.0006227340709882861 0
1021 -0.0004163571126209849 0.0002647385188531048 0
1022 0.0004094548017029483 -0.0005049625502613726 0
1023 -0.0008167500431959458 3.111299428296485e-05 0
1024 -0.0002606920232250846 -0.0002673202748520027 0
1025 -0.0004363410384765131 0.0001615167451552933 0
1026 0.0004016471824643909 -0.0004129407393724876 0
1027 0.000442379602138153 -0.0004353982639421772 0
1028 -0.0006358659919852254 -0.0001036688822245405 0
1029 -0.0002897295202786515 8.428958891624225e-05 0
1030 -0.000254746789493539 0.0001091969334751623 0
1031 -0.0002162094183766051 9.021968811010317e-05 0
1032 0.0006919814511151549 0.0005710788179481688 0
1033 0.000297992484033445 -0.0005850597584723745 0
1034 0.0008209938362938909 -0.0003281707625523561 0
1035 0.0002821632401690951 0.0006730072991033854 0
1036 0.0002734806786067586 0.0003968254205526436 0
1037 0.0001547229545885369 -0.0003410951690178403 0
1038 0.0001507315694562021 -0.0002948850710960518 0
1039 -8.546438853571357e-05 0.000907239550547006 0
1040 -0.0001164240117008957 0.0008876107949472806 0
1041 -0.0007648259683922202 -0.0004521949051205774 0
1042 -0.000719384005215863 -0.0004756520658283392 0
1043 3.799871965513355e-05 -0.0008761362520274679 0
1044 0.0004423673596549849 0.0007959470927959158 0
1045 -0.0004054489419919404 -0.0005126468277242131 0
1046 1.002628114416594e-05 -0.0005407084459131809 0
1047 -3.2379102689485e-05 -0.0005211318802985196 0
1048 -0.0006090109997842618 4.450878465151005e-05 0
1049 -0.0006834375767813719 -0.000450789732394917 0
1050 -0.0006779463527288345 -0.0004956498134846285 0
1051 -0.00088969020135158 0.0001037176709403298 0
1052 -0.0008916033223078835 0.0001423869315850676 0
1053 -0.0008599203157935942 0.0001660149270052884 0
1054 9.446588905507921e-05 -0.0005797108079162998 0
1055 -0.000452582476800543 -0.0001104277491005881 0
1056 -0.0008447131696305146 -0.0002447385260924155 0
1057 -0.0008483253470310292 -0.0002047044223373093 0
1058 -2.769098114641111e-06 -0.0009065673976687217 0
1059 -4.576549388065386e-05 -0.0008850003999558315 0
1060 -2.373626202700082e-05 0.0009102495550900899 0
1061 -0.0008415818019367023 -0.0002865745019677342 0
1062 -0.0004225753509976276 -0.0003767906507070615 0
1063 -0.0004210294693002523 -0.0004252440190871396 0
1064 -0.0003617958419460172 -0.0005368161582492246 0
1065 0.0003227814830434199 -0.000863654456603305 0
1066 0.0001224310006806331 -0.0008650631806729654 0
1067 0.0003149909750756669 0.0003813266454188725 0
1068 0.0003461636594502557 0.0004034785458398527 0
1069 0.0007572218857342536 -0.0004521107322967779 0
1070 -0.0003517599167335972 -0.0006300962811541343 0
1071 -0.0007101698817936179 -0.0006306419144670204 0
1072 -0.0006959860662238224 -0.0005730872554071384 0
1073 0.00067780032021707 -0.0006638169188866749 0
1074 0.00022417406500105 0.0008783784841292859 0
1075 -0.0009273331055604748 -4.563299391552408e-05 0
1076 -0.0004171260114988346 -0.0007783420995275602 0
1077 -0.0003770857742912792 -0.0007977339674150589 0
1078 -0.0003407960222272311 -0.000773531591841689 0
1079 -0.0003385226179860177 -0.0008177486911531543 0
1080 -0.0008588596806829534 0.0002455699198900965 0
1081 0.0007368529877231361 0.0002124256364652781 0
1082 0.0007882025198217897 0.0001906816273768268 0
1083 0.0007924078930410753 0.0001376266061286218 0
1084 0.0007468411875759649 0.0004404855535248589 0
1085 0.000372962360993477 0.0004666825752237726 0
1086 -0.0008933290287094607 0.0001810659572699594 0
1087 0.0008142005167711193 0.0003244441079961749 0
1088 0.0008225845059905125 0.0002724567607612071 0
1089 0.000810208111665853 0.0003829637818886422 0
1090 -0.0009253814560570406 -8.45397546082706e-05 0
1091 -0.0006061188973169706 -0.0006496893345484347 0
1092 -0.0006095308931638989 -0.0006005818930655862 0
1093 -0.0002139710730111504 0.0008628257947996522 0
1094 -0.0001806510475211326 0.0008476934961987624 0
1095 -0.0001815657423050812 0.0008837321699527538 0
1096 1.397742362527011e-05 0.0009068769567752103 0
1097 0.0006962948920096678 0.0005302461362881668 0
1098 0.0007345785905790957 0.0005580691966360182 0
1099 -0.0002192950786897221 0.000697401720161661 0
1100 -0.0004562641713515238 -0.0007613862592897813 0
1101 7.157401672912215e-05 -0.0003028642023979537 0
1102 3.289328137147917e-05 -0.0003282911898921765 0
1103 -0.0004133827066463357 -0.0001259121534488848 0
1104 -0.000643244303345718 -0.0004708124115795458 0
1105 -0.0006399789100591534 -0.0005190525406350939 0
1106 0.0007324016695440391 0.000515115533392594 0
1107 0.0006578211631486131 0.0005124484280205449 0
1108 -0.0004515805315024479 -0.0002580711848886105 0
1109 -0.0004522943234788956 -0.0003016206049944945 0
1110 -0.0006169370281049381 0.0007319253726914749 0
1111 -0.0001156767113041796 0.0007300273774252575 0
1112 -0.0003108710323262803 -0.0006541439604413151 0
1113 0.0002433510105142832 -0.0008730399716226274 0
1114 0.0002735263080160442 -0.0001328908156476824 0
1115 0.0002701170205769367 -8.86019996048906e-05 0
1116 0.0002298478020048864 -6.978306718012697e-05 0
1117 0.0002752825120853026 -3.606507318058279e-05 0
1118 0.0002269514615303468 -2.177079869537178e-05 0
1119 0.0002800717469601385 -0.0001843595552556819 0
1120 0.0002630098100688541 1.244964376200464e-05 0
1121 0.0002216809671184325 2.550352604697384e-05 0
1122 0.0002571983114831838 5.167116476177905e-05 0
1123 0.0002239863191229283 7.858514031911961e-05 0
1124 0.0001803554841959704 4.51949999116391e-05 0
1125 0.0001764278094074733 9.157048080268091e-05 0
1126 0.000205418764276517 0.0001182093864533145 0
1127 0.0001698768783044309 0.0001364431292571938 0
1128 0.0001334055695747168 0.0001096653569328347 0
1129 0.0001291282573701492 0.0001550754787162524 0
1130 9.220119357219654e-05 0.0001288826987389852 0
1131 0.0001646193976676862 0.0001798929685058256 0
1132 8.665829562262994e-05 0.0001725457399009661 0
1133 4.843010619934142e-05 0.0001434635372405385 0
1134 -0.000252103862254005 0.0008837801462637644 0
1135 -0.0002742061107479402 0.000852745165923902 0
1136 0.0008699621975055592 -0.0002439004898096609 0
1137 0.0008526789633850208 -0.0001999822277466726 0
1138 -0.0002947872531433758 -0.0009020199542814357 0
1139 0.0007058445687814759 -0.0003457239242441069 0
1140 0.0006642596231950085 -0.0003251416400506367 0
1141 0.000626205592873455 -0.0003524010389426021 0
1142 0.0006213646278755212 -0.0003057447562531574 0
1143 0.0005829999399819 -0.0003330555924277517 0
1144 0.000577709635803114 -0.0002878961860480096 0
1145 0.0005419327782978483 -0.000313852693688195 0
1146 0.0005451790964804215 -0.00036022762679547 0
1147 0.0005379647615186556 -0.0002652569975765709 0
1148 0.0005728331691335997 -0.0002424795042862817 0
1149 0.0005313125941219195 -0.0002180890900667333 0
1150 0.0005683760609302934 -0.0001930306718585136 0
1151 0.0005274791280168323 -0.0001713962328465792 0
1152 0.0005645610675392758 -0.0001433240181261893 0
1153 0.000508105105788035 -0.0003386968192376829 0
1154 0.0005099011148583352 -0.0003867599627934387 0
1155 -0.0003084460517626455 0.000380493687099488 0
1156 -0.0002751882474064468 0.0004039540927192979 0
1157 -0.0008634930722206142 -0.0003979486718090697 0
1158 -0.0002999173893477058 -0.0007927582261889366 0
1159 -0.0002483636201616936 0.0006770839459841575 0
1160 -9.025977223517292e-05 -0.000359970242865306 0
1161 0.0001210666022965248 0.0008910884664338483 0
1162 8.751309147071791e-05 0.0008696022947791102 0
1163 0.0001514299375941693 0.0009154606816047725 0
1164 0.0007817712968790047 -0.0003483915395257465 0
1165 0.0005145800524475466 -0.0001215457610858763 0
1166 0.0005584313236390759 -9.538049529476989e-05 0
1167 0.0005148953533758342 -7.420632042842713e-05 0
1168 0.0005526328759875768 -4.668879331395921e-05 0
1169 0.0005118876203273049 -2.481985640271381e-05 0
1170 0.0005492828039225791 4.355207933835193e-06 0
1171 0.0006010736523284467 -0.0001168974935730393 0
1172 0.0004602198750415806 -0.0008258042735845787 0
1173 -0.000374542345689887 -0.0003045378743220651 0
1174 -0.000114931472081192 0.0009515320348712757 0
1175 -0.0004238712850239437 -0.0008557731059094586 0
1176 0.0008413337967155998 0.0001679579628906716 0
1177 0.0008438054072438556 0.0001022260474330155 0
1178 0.0009293563767046144 7.911889828201406e-05 0
1179 0.0008677009012703863 4.379509965209811e-05 0
1180 -0.0001247035530911138 -0.0004327836096852438 0
1181 0.0004950425846949952 -0.0001952796120446361 0
1182 -0.0008266539227481885 0.0004858609703018883 0
1183 -0.000816143815344234 0.000447451361988631 0
1184 -0.0008393530949262769 0.000417432181589863 0
1185 -0.0008028064536553235 0.0004127106095625321 0
1186 -0.0007744730767955862 0.0004402738389254727 0
1187 -0.000825965120065598 0.0003802946734545216 0
1188 -0.0007879605059534579 0.000381593738036441 0
1189 0.0001647356589363489 -0.0008843352409687601 0
1190 0.0003113962814785076 -6.275209878186796e-05 0
1191 0.0007076181884618125 -0.0006296437230463212 0
1192 0.0006637269801392063 -0.0006175821242158787 0
1193 0.0006957465346293641 -0.0005891582120614164 0
1194 0.0006246602046696289 -0.0006455925085098808 0
1195 -2.245192815933129e-05 0.0004089847699881569 0
1196 0.0002009342438560239 -0.0002342260654817705 0
1197 -2.759211839879142e-05 0.0004492849683162265 0
1198 -0.0007061326518135501 -6.452192766036056e-05 0
1199 -8.020872101887788e-05 0.0007139972220259173 0
1200 -0.0008508797629202114 1.101194839146429e-07 0
1201 -0.0008886608906211016 2.138981830455925e-05 0
1202 -6.516083333753498e-05 0.0004665510585317141 0
1203 -0.0003806320772178958 0.0002885750887646441 0
1204 -0.0003831386142846617 0.000328772664089057 0
1205 -0.0003009441457591255 -0.0002945326677123774 0
1206 -0.0007904092844739234 0.0002138692360955531 0
1207 -0.0003699716812055038 -0.0008381409905645269 0
1208 -0.0003366702217607319 -0.0008614129297825652 0
1209 -0.0008627712085680946 0.0002044944426971761 0
1210 -0.0008990974674629396 0.0002222068665917036 0
1211 -0.0008869021728249352 -0.0002245444105177812 0
1212 -0.0008831691974302624 -0.0001810195566120791 0
1213 5.405244508673547e-05 9.990654173839635e-05 0
1214 0.0002727133771506815 0.0007523230770964322 0
1215 0.0005083276017361035 2.498437551838169e-05 0
1216 0.0005452655112025897 5.450977575216781e-05 0
1217 0.0005051157771044452 7.443341679130401e-05 0
1218 0.0005380853668238382 0.0001059139437344084 0
1219 0.0002531261319158415 0.0009284705762941014 0
1220 0.0006524927016880014 -0.0005747082075677749 0
1221 0.0004696371984776666 -5.393727941959763e-05 0
1222 -0.0009531459580855886 0.0001411319659885549 0
1223 0.000273105240551274 -0.000755928287144036 0
1224 -0.0007465468718929598 -4.771782139694636e-05 0
1225 -0.000720326617356978 -0.0005269828678459549 0
1226 0.0003012306834323601 0.000813969112276184 0
1227 0.0005448031726332169 0.0007930928938650916 0
1228 0.0005383938072055436 0.0007529628370469331 0
1229 0.0005710614699452186 0.0007259728629294448 0
1230 0.0005071091751258063 0.0007764723339136581 0
1231 0.0004995899063228573 0.0007366504043559386 0
1232 -0.0002200944362462178 0.0001327764917762101 0
1233 -0.0001107977681027133 0.0007707311135225875 0
1234 0.0005826282702647966 0.0004266817370076139 0
1235 0.0005879671414821654 0.0003750300546109005 0
1236 0.0005726732041487396 0.0004685734537320814 0
1237 0.0005255662962116948 0.0004828610500114832 0
1238 0.0005165746746105336 0.0005267919232977249 0
1239 0.0004765105517655179 0.0005423710158576606 0
1240 1.862726824085724e-05 0.0003934732533479844 0
1241 -0.0009457022896427398 -0.0001829023297359607 0
1242 -0.0009177653956649711 -0.0001590859802678072 0
1243 0.000928701022503165 -0.0001568101903093706 0
1244 0.0003565860103107425 -0.0007905661505268926 0
1245 0.0004891222809195299 0.000125702672185064 0
1246 0.0005282522579964755 0.0001586718429736062 0
1247 -0.0002563287371173489 0.000153368974402242 0
1248 0.0005500688177867435 -0.0004060186492336366 0
1249 0.000516249893855042 -0.0004332499880487404 0
1250 -0.0001188010381435334 -0.0004811168245103548 0
1251 4.809806410332759e-05 -0.0009286286691235531 0
1252 -4.305505466286644e-05 0.0007295059707093097 0
1253 -2.379152975226759e-05 0.0006922296908753217 0
1254 1.207582081899509e-05 0.000686478320537424 0
1255 -1.14628143542351e-05 0.0006568990621228541 0
1256 2.780110582907389e-05 0.0006514323301880071 0
1257 0.0007757217562308037 -0.0005672481264304124 0
1258 0.0007546080550368492 -0.0005263348447311839 0
1259 -0.000939906570420539 0.0002208369882923684 0
1260 -5.248675995843957e-05 0.0003426550092832571 0
1261 0.0008112995850041237 5.868809249988781e-05 0
1262 0.0008180777846366272 2.077887112956154e-06 0
1263 6.464003546675694e-06 0.0004813680140345597 0
1264 -0.0006595290597293621 0.0002625416968286198 0
1265 -0.0007489836404896627 -5.383695894841456e-06 0
1266 -0.000886689300622422 6.431542911836296e-05 0
1267 0.0006123545332533263 0.0004988434036313528 0
1268 -0.0006573441381264327 -0.0006234734973640006 0
1269 0.0008906054927550943 -0.0003527179318121691 0
1270 -0.0008660409386770508 0.000287103602467006 0
1271 -0.0008487473025245931 -0.0001613011400505384 0
1272 -0.0004664256138418036 -0.000714058588301576 0
1273 -0.0005032235766716503 -0.0007491955798879938 0
1274 0.0001267033523532939 0.0008158806322738078 0
1275 -0.0004633528615298081 5.537190496469114e-05 0
1276 -0.0004266160070678084 3.733520301321455e-05 0
1277 -0.0004608338411921255 1.378434136474828e-05 0
1278 -0.0004226366408254667 -4.584965858509086e-06 0
1279 0.0007778046098998303 0.0005682060267606818 0
1280 0.0001731686582162873 0.0009472707288406121 0
1281 -0.0008622824255960277 0.0003876762785374775 0
1282 0.0002574316338261644 0.0008957906895142375 0
1283 0.0002981919729499367 0.000878245321155198 0
1284 -0.0008313466203962932 -0.0004826786159939908 0
1285 -0.0008114976544025353 -0.0004522410442337878 0
1286 0.0004437915668641894 0.0008355641356148472 0
1287 -0.0001796429802007237 0.0001157735671097301 0
1288 -0.0001765079575633315 7.229607820729054e-05 0
1289 -0.000825206828938856 0.0001905582790495469 0
1290 0.0004179882680437743 0.0003526668934655255 0
1291 0.0006492090331220043 -0.0002412576090638148 0
1292 0.0006220426839876725 1.296870038109743e-05 0
1293 -3.385222184850082e-05 0.0009684048189885936 0
1294 0.0002021373190180493 -0.0008554801982196909 0
1295 -0.0003577019291862102 -0.0005841221152724097 0
1296 0.0004673921400041631 -0.0007078239941962242 0
1297 0.0005073203893748534 -0.0007255062721187872 0
1298 0.0005107956266858823 -0.0007692332252144632 0
1299 0.0005035777613915367 -0.0006822523955367776 0
1300 0.0005424067472645671 -0.0006999129748955582 0
1301 0.000539492338777015 -0.0006567500877444434 0
1302 0.000588438910024644 -0.0006781510378576117 0
1303 -0.0006905979449871877 0.0001992666961866982 0
1304 -0.0007070619293958153 -0.0001067704121814583 0
1305 -0.0008025636134946412 -0.0003487101055321508 0
1306 0.0006880617043023257 0.0006129423709161416 0
1307 0.0006880574465520247 0.000659428019750111 0
1308 0.0006428345005252889 0.0006738239314822455 0
1309 0.0006032552357278216 0.0006766924799466215 0
1310 -0.0006844745834130397 0.0006811851777925624 0
1311 -0.0006492462966389747 0.0006723265995186494 0
1312 -0.0006786762607412371 0.0006415855909231546 0
1313 -0.0006379218195871362 0.0006374564192708524 0
1314 -0.0006131051571885812 0.0006644911888567294 0
1315 -0.0006621915918329533 0.0006095087325267907 0
1316 -0.000600418510939834 0.0006310514078292921 0
1317 -0.0005767256916383335 0.0006571693823247191 0
1318 -0.0005868791075939331 0.0006907927624175665 0
1319 -0.0005529357511600218 0.0006856843530915046 0
1320 -0.0005618493151310002 0.0007189325560009986 0
1321 -0.0005281830206234896 0.0007133702282030764 0
1322 -0.0005333744390967147 0.0007525052700662431 0
1323 -0.0005005403570300315 0.0007394616606821321 0
1324 0.000438161595770013 -0.0003894021140366448 0
1325 0.0003122576310011892 0.0007384905970460926 0
1326 0.0003153184842976274 0.0006970828778542276 0
1327 0.000725615722811552 -0.0004853483374078656 0
1328 0.0003602671999876161 -0.0008363824965441393 0
1329 -0.000302585364769699 0.0002979403480397724 0
1330 -0.0003420665451952691 0.0003137088804773804 0
1331 -0.0001358746948075268 5.433901148386633e-05 0
1332 -0.000352948593287307 0.0009019248347602793 0
1333 -0.0003575571444070112 0.000865378904709844 0
1334 -0.0003915517093009327 0.0008512448340224675 0
1335 -0.0003636955408172307 0.0008289879042392766 0
1336 -0.000404864914724867 0.0008112435148709899 0
1337 -0.0003297943131591805 0.000849878391812616 0
1338 -0.0003242492593687597 0.0008836594844490713 0
1339 0.0005788973043775248 -0.0006296716248636461 0
1340 0.0006170310628229053 -0.0006015233510303698 0
1341 -0.0002893017616347485 -0.0005384304372169897 0
1342 0.0006126874274448707 0.0001185590569708145 0
1343 0.000415407114159092 0.0004000982113916647 0
1344 -0.0003496401112181107 -0.0008999925583349712 0
1345 -0.0002619213159176588 -0.0003667909736228905 0
1346 0.000499554984713407 -0.000636575827512935 0
1347 -0.0002438696670744642 0.000639393063016071 0
1348 0.0004266980431948783 -0.0006885015026352339 0
1349 0.0001082767419668863 0.0006337370027816962 0
1350 6.727944343146598e-05 0.0006516312888074476 0
1351 0.0003206491505412456 7.971210354037861e-05 0
1352 0.0002752093031829253 9.604761365444766e-05 0
1353 0.0002747421110729939 0.0001480290782826633 0
1354 -0.0005887815876254883 0.000228485830218819 0
1355 -0.0005917779776739942 0.0002682707163509788 0
1356 0.0003110579847403109 0.0001754504013389854 0
1357 0.0001832721311683345 -2.908370899514999e-06 0
1358 0.0001415501138933877 1.515346733634365e-05 0
1359 -0.0001050186068346909 -0.0007185172735835911 0
1360 -0.0001087394946378594 -0.0006693136903382088 0
1361 0.0002487341973969393 0.0006484133138555453 0
1362 -0.0003367348146979783 0.0007757175199935509 0
1363 -0.0003998861149702078 0.0007332640810740105 0
1364 -0.0004342005491493653 0.0007488032877710273 0
1365 -0.0004648458389351138 0.0007271991880856018 0
1366 -0.0004674160905753902 0.0007613999592150663 0
1367 -0.0004367504125973001 0.000784107026663422 0
1368 -0.0004025707002662975 0.0007704883119515795 0
1369 0.0004965283905254979 0.000695336834196465 0
1370 0.0004605648513030746 0.0007603352243101089 0
1371 -0.0002644629925293116 0.0002806874449692488 0
1372 0.0002056091709647511 -0.0008997944385850155 0
1373 -0.0005211628831805444 0.0006446858024110142 0
1374 0.0001378124369708029 6.284746695784021e-05 0
1375 5.814899770583981e-05 0.0008088795255358544 0
1376 5.374631702498567e-05 0.0008473882324273538 0
1377 9.009108354301985e-05 0.0008315350421839107 0
1378 4.932367714779593e-05 0.0008846168374778739 0
1379 0.0001303464259012592 0.0007768203188841991 0
1380 -0.0003219822770226415 1.620330131863532e-05 0
1381 -0.000359490222022347 3.660459510585842e-05 0
1382 -5.151500017741215e-05 0.0009331736061855013 0
1383 -0.0002373306264720233 0.000386741340215437 0
1384 -3.060115546364979e-05 0.0006230121431002951 0
1385 -0.0007756866095178354 -0.0001991996433180169 0
1386 -0.0008128540410619722 -0.0001806320586696324 0
1387 -0.0008285692712546697 0.0003085163335701562 0
1388 -0.0001589768357078039 -0.0005537201134791565 0
1389 -0.0001156663852395917 -0.0005739147371173229 0
1390 0.000150778857254477 -0.0007424967739511827 0
1391 0.0001890523565844247 -0.0007145218853202115 0
1392 0.0001459572829379475 -0.0006942379980011872 0
1393 -0.0006478623756831314 0.0005558999296803617 0
1394 -0.0006791056417078723 0.0005362867223614961 0
1395 -0.0006755622244970673 0.0004983620286599459 0
1396 -0.0007096467447996069 0.000514585901681075 0
1397 -0.0007066075936378114 0.0004769508559883172 0
1398 -0.000739145557732645 0.0004916065914181231 0
1399 -0.0007125481693299322 0.0005520199154693874 0
1400 -0.0007374172842956614 0.0004555240819410385 0
1401 -0.0006724661238846424 0.0004606599266350076 0
1402 0.0001243464623452359 0.0001995145811895297 0
1403 8.193036903700878e-05 0.0002164547254880092 0
1404 -0.0001149341422700097 0.0002525686532538576 0
1405 -0.0001198329052784455 0.0002945435030178048 0
1406 -0.0001538976256400261 0.0002699735790976091 0
1407 -0.0004608997938966558 0.0006896518601570069 0
1408 -0.0001971734239439544 -0.0001280118803192961 0
1409 -0.0004678489881345332 0.0004391841696302243 0
1410 -0.0004718806717608982 0.0004783207698862317 0
1411 -0.0004400179504009137 0.0005012150249680562 0
1412 -0.0004765019101473656 0.0005164176741583204 0
1413 -0.0004039409106668091 0.0004853565327772943 0
1414 -0.0004083582238922543 0.0005247325086815144 0
1415 -0.0003717979035995305 0.0005083862378274241 0
1416 -0.0003762424242671582 0.0005480806903351935 0
1417 -0.0003439861386271003 0.0005706186561523006 0
1418 -0.0003819668933620397 0.0005855760652732721 0
1419 -0.0003077290709829509 0.0005551289989036416 0
1420 -0.0003128514156500323 0.0005942374139789453 0
1421 -0.0004138177613344204 0.0005624856017659324 0
1422 -0.0002756612033225662 0.0005785829172426529 0
1423 -0.0002816187914048293 0.000622465345693879 0
1424 -0.0003219944179823908 0.0006319722657971499 0
1425 -0.0002732519110302 0.0008201599908574594 0
1426 -0.0007015547669259044 0.0003982183775333503 0
1427 -0.0007398000310737624 0.0004134338412764632 0
1428 0.0005883824747419617 -0.0003792903039642724 0
1429 -0.0004708846289232274 0.0001379118128225503 0
1430 -0.0005393657233847024 0.0004715924285623861 0
1431 0.0003305597195244071 0.0008428180657125761 0
1432 0.0003758439652195577 0.0008581168140731752 0
1433 0.0005737380532499186 -0.0005840339873543274 0
1434 0.0002557905427096008 -0.0005653310138824825 0
1435 -0.000403006107425393 0.0001854422980904028 0
1436 -0.0004434049939211569 0.0002019494864921687 0
1437 -0.0001682576536209045 -0.0004568316061137429 0
1438 -0.0001316170731638661 -0.0003839441959190032 0
1439 -9.670424773344047e-05 -0.0003143485128475395 0
1440 -0.000200647377692451 -8.364087060876595e-05 0
1441 0.0002111994655421713 0.0006646860103397328 0
1442 -0.0001899285076424092 -0.0002180875458410186 0
1443 -0.0001700278643362159 0.0004344978800708796 0
1444 -0.0001365919141354402 0.000458487677039826 0
1445 -0.000207640013929302 0.0004518437779276299 0
1446 -0.0008240744242160212 0.0001493816056062564 0
1447 0.0002703508882519465 0.000791202577991066 0
1448 4.227523821066994e-05 0.000584364354403656 0
1449 0.0002076992372615665 0.0001628241455693958 0
1450 -0.0003797461936205505 -0.0001572796617093849 0
1451 -0.0005982771583669604 -0.0001225314188189008 0
1452 -0.0006010445973013695 -7.990800634238679e-05 0
1453 0.0003270946822027577 -2.043925597591552e-05 0
1454 -0.0006877661507558432 0.0001598806235395349 0
1455 -0.0007245043220131212 0.0002172156024592905 0
1456 -0.0004582732887885404 -2.770517708842379e-05 0
1457 -0.0006381275937902762 0.0004429155512056422 0
1458 -0.0004501033551432221 -0.000492268350349128 0
1459 0.0001878036809517503 -5.024945575421848e-05 0
1460 0.0003959246764454487 -0.0008047198506272186 0
1461 0.0003407313765133267 0.0002960554924937744 0
1462 0.0007264817915576707 0.0006310547666886918 0
1463 -9.914438255403467e-05 0.0004419933340270292 0
1464 -0.0001022418522208361 0.0004840692396261983 0
1465 -0.0001412431122563825 0.0004994213917445936 0
1466 -0.0001059292550158398 0.0005190360877412919 0
1467 0.0005423290923814333 0.0003915818642993796 0
1468 0.0005477738971100222 0.0003441655412475901 0
1469 -0.0001141428045478171 0.000850482941546287 0
1470 -0.0001455226225240473 0.0008297318820406506 0
1471 -0.0007438066601999131 0.000528461828564603 0
1472 -0.0007199142582770949 0.000589806671588987 0
1473 -0.0006818512649375923 0.0005764143882591449 0
1474 0.0002513531571351918 -0.0005189227664464392 0
1475 -0.0005288010266951208 0.0003543838744014699 0
1476 0.0004467168710125422 -0.0004818770912574921 0
1477 1.768078337453063e-05 0.0008634425187401657 0
1478 -0.0005254527984477604 0.0003147729599955464 0
1479 -0.0005585081137367562 0.0002917292766365999 0
1480 -0.0005553988858670161 0.0002516787461055007 0
1481 -0.0005940342268280394 0.0003085483340159818 0
1482 -0.0004271428248667815 0.0008388008813537173 0
1483 0.0001253984920420854 0.0004693775474850634 0
1484 0.0001639962031397128 0.0004521875895758507 0
1485 0.0001687030964809388 0.0004099213480356656 0
1486 -0.000805423326753852 -0.0003065501502083909 0
1487 -0.0008401342991555483 -0.0003293288650678934 0
1488 0.0002889541435682224 -0.0004921912349063399 0
1489 -0.0008150502580927857 -0.0001390359362587509 0
1490 -8.302976007512425e-05 -9.668234151360978e-05 0
1491 -4.203215874079744e-05 -0.0001155378016611479 0
1492 0.0003720268970977535 -0.0005307553449489222 0
1493 0.0004133314676068564 -0.0005501907369837918 0
1494 0.0003353969351522368 -0.0005584797270285894 0
1495 0.0002278965191161118 0.0005009073817198657 0
1496 0.0007570683857640763 0.0003964773423523446 0
1497 -7.385401295327447e-05 -0.0001872288073185863 0
1498 -7.763203095750771e-05 0.0006751059098165104 0
1499 -0.0006119934383816081 8.514940325287236e-05 0
1500 -4.20658667075967e-06 -0.0003569725531013019 0
1501 3.420829311074461e-05 -0.0001105733252397576 0
1502 0.0002934888228481225 -0.0005386889629558717 0
1503 0.0001588346900959546 -0.0003872667418032819 0
1504 0.0002008669473518739 -0.0004068801034974451 0
1505 0.0002266738438008966 -0.0006866255735270904 0
1506 -0.0002208861699486715 0.0001758766719438707 0
1507 9.592575715472507e-05 8.113220767043243e-05 0
1508 1.720983544869357e-05 7.09323529659623e-05 0
1509 0.0002310337129007424 -0.0007348454359545737 0
1510 0.0003088900064622079 -0.0007269278787099491 0
1511 0.000345761974732907 -0.0001583260620131484 0
1512 -0.0006060284955128533 3.773154277954488e-06 0
1513 3.68667549474105e-05 -0.0003748555732333353 0
1514 4.191043308135866e-05 -0.0002031276309993626 0
1515 -0.0007508074365101857 7.460632906072123e-05 0
1516 -0.0001476422295057294 0.0008676601915024261 0
1517 0.0001087867246418691 -0.0002753104306786416 0
1518 -0.0006038228141447646 -0.0007020832120237105 0
1519 0.0005562513258889266 -0.0004516188118353599 0
1520 -0.0003948421018856104 -0.000609647653395004 0
1521 0.0003601508057270576 -0.0003931304849567453 0
1522 0.0003487641553130993 -0.0002536113813711537 0
1523 0.0003059687780293429 -0.0002285136982763618 0
1524 -0.0001429242654605533 0.0001415794902453535 0
1525 -0.0002403261640339209 -6.435120794584478e-05 0
1526 -0.0005853977142100312 0.0001884833388608829 0
1527 -0.0002078593980325692 0.0006226317866297511 0
1528 0.0004208921040312788 0.0007300414323885568 0
1529 0.0002518969293852249 0.0003325400217823492 0
1530 -3.727493357730262e-05 -0.0001607805376317599 0
1531 0.0006324771763324157 0.0003563160205384418 0
1532 3.024796482091892e-05 -6.548851008958722e-05 0
1533 0.0003396397237091551 -0.00060481713216079 0
1534 0.0003103293804327066 -0.0002797391355576118 0
1535 -3.24992905300221e-05 0.0001741839235850731 0
1536 6.464673222080014e-06 0.0001579985563048747 0
1537 0.000154608281080117 -0.0001242600334759356 0
1538 -0.0006246207980079244 -0.0002755105484928229 0
1539 -0.0006601605999091471 -0.0002983254000121541 0
1540 -8.755610518368992e-05 -5.208984700437349e-05 0
1541 -0.0006187418023486782 -0.0003622894443497725 0
1542 0.0001626490688712984 0.0007997974357404072 0
1543 -0.0001720159488599805 2.875853342459989e-05 0
1544 0.0001051273347226734 0.0006745838898508606 0
1545 0.0002346361726042711 0.0004153612689907787 0
1546 -0.0007046619998647978 0.0004375488939861641 0
1547 -0.0006270609240442643 -0.0002320294180628108 0
1548 0.0001587219415004934 0.0004940884593960776 0
1549 -0.0006411010333570471 0.0004819276894885615 0
1550 0.000238651943166567 -0.0003803853386940114 0
1551 -0.0002911948303750904 -0.0004893713869054618 0
1552 -0.0005059037071684638 0.0001140779623597522 0
1553 0.0001841659333594736 -0.0006665603100911666 0
1554 -0.0004499747112956748 -0.000189769293058226 0
1555 -0.0003447427491286129 -0.0007267566186184842 0
1556 0.0002377789001452964 -0.000208687949586807 0
1557 0.0006461974614510734 -0.0005314465009805566 0
1558 -0.0005643366091294703 0.0003710989667348809 0
1559 5.54507824247072e-05 -0.0006069644822599375 0
1560 -0.0004235267656410904 0.0003439955186464669 0
1561 -6.816127877217886e-05 -0.0006416157696948744 0
1562 0.000190756648965445 0.0009050522442825731 0
1563 0.0001966551333337386 -0.0003607279758086952 0
1564 -1.334810712406174e-05 0.0008402759163882686 0
1565 0.0001868080879296431 0.0005598619751713137 0
1566 0.0003978209165680722 -0.0003670818866574751 0
1567 -0.0005078167641391971 0.0004937916486214634 0
1568 -3.638899284853446e-05 -0.0004744920462148767 0
1569 -0.0005022832336593441 7.311960280124412e-05 0
1570 -0.0001585965203527535 0.0003116839116985359 0
1571 8.691865237226077e-05 -0.0004867915878266292 0
1572 0.000129110434283003 -0.0005063238679595968 0
1573 0.0001330596140536501 -0.0005528179422669111 0
1574 -0.0005612003335070823 0.0003316073541940779 0
1575 0.0001938063501086127 -0.0003164533132493591 0
1576 0.0002067385164826043 0.0007046629066869593 0
1577 -0.0005439252569370994 0.0005098442060930676 0
1578 0.0005097240105999466 0.0005691388810874238 0
1579 0.0004356444684618136 0.0005596354000099245 0
1580 0.0004317686524948007 0.0006038902929252507 0
1581 0.0004417247341624972 0.0005158078613274448 0
1582 0.000402920060505799 0.0005341140954068033 0
1583 0.0001205376774828228 0.0005110451541371025 0
1584 -0.0003775030361368151 -0.0004444899502134769 0
1585 7.759752527311419e-05 -0.0008455901804383973 0
1586 -0.0001078757544730591 0.0006521923290384887 0
1587 -0.0006453570684523687 6.241619646761923e-05 0
1588 -0.0002120651507953764 4.720697123621215e-05 0
1589 0.0001924957519203009 -9.745869014136407e-05 0
1590 -0.0005154463912870399 -0.0002452093009003219 0
1591 0.000443808898632459 6.616099398558616e-05 0
1592 0.0002436173642694157 0.0006885227242129088 0
1593 -0.0001246357498028039 0.0003358675602898855 0
1594 0.0008628876912245955 -0.0003179955700484602 0
1595 -0.0004201444424003599 0.0008734328518771582 0
1596 -0.0002761533575219111 -8.891535514630806e-05 0
1597 0.0001727264840867918 0.0003672470786129316 0
1598 0.0007633105220691944 -0.0001063057257586915 0
1599 0.0008096056626845591 -0.0001284610389769311 0
1600 0.000398217697368485 0.0005794680533618021 0
1601 -0.0003087031401421596 -0.0007062463707252382 0
1602 -0.0004972105348080633 -0.0004247905318917636 0
1603 -0.0004966508035342604 -9.335543343308689e-06 0
1604 0.0003279419147199684 0.0005736822831047057 0
1605 -0.0007843747186543528 5.335538827912886e-05 0
1606 -0.0006651722000693635 -0.0002128030800139491 0
1607 2.341168281552984e-05 0.0003514152032332562 0
1608 -0.0003383133866695667 -0.0002734055915922389 0
1609 -0.0002686446693960805 -0.0001765680261218415 0
1610 -0.0009249227749628396 -6.505313314871743e-07 0
1611 -0.0004900565070667183 -9.276447848158806e-05 0
1612 -2.368639115157949e-05 8.806698473161524e-05 0
1613 0.0001342558847095847 0.0003848234504475521 0
1614 0.0004381549636263077 0.0001645650576859675 0
1615 0.0004850947079108477 0.000174868992828927 0
1616 0.0004580962347600883 0.000209808499557324 0
1617 -0.0004763989507118883 0.0001781147546627158 0
1618 0.0007606277344090735 -1.860482059891212e-06 0
1619 0.0001078175724743396 0.0002759133013009931 0
1620 -0.0005069984799083294 -0.000333665531307429 0
1621 -0.0004632136901604084 -0.0003455635268658476 0
1622 0.0007916113122022564 -0.0004301549622714798 0
1623 0.0007303824370339962 -0.0005652977259281393 0
1624 -0.0005174698212932522 -0.0002019173417819031 0
1625 -0.0005672646478095737 -0.0005739984976610144 0
1626 0.000187935032512458 0.0002364665000156961 0
1627 1.86390641438351e-06 0.0002005871326390124 0
1628 -5.139802044617923e-05 -2.664090580993668e-05 0
1629 0.0002775000159643127 0.0007129323350946617 0
1630 -0.0003883537801276034 0.0003677626306928477 0
1631 2.390221774470826e-05 -0.000729645139913126 0
1632 0.0006311755294230331 -0.0003982367612929876 0
1633 -0.0003767288156916579 0.0002485622354567628 0
1634 0.0002869038578526518 -0.0009220795417892142 0
1635 0.0003145512072882699 -0.0007728913754070004 0
1636 0.0002240690020780329 0.0005432342394914943 0
1637 -0.0004485665182451761 0.0002419009389808939 0
1638 0.0002714899167807718 0.0001949853133680224 0
1639 9.077441251692486e-05 -0.0005332654184209527 0
1640 -0.00048101380220977 0.0005544121970475472 0
1641 0.0004506219335265157 -0.0005262970534115929 0
1642 -4.638564781862418e-05 0.0003015686601012924 0
1643 -0.0006625485597105708 -0.0002557303063312201 0
1644 0.000747091152663926 0.0001066300091600993 0
1645 -7.503953034054786e-05 -0.0005013958296178401 0
1646 -7.219864245022975e-05 -0.0005480106577651709 0
1647 -0.0008887825768330874 -0.0001022105627019102 0
1648 -0.0006291439677230115 0.00032551613490474 0
1649 -0.0001766346341099701 0.0008098538648487765 0
1650 -0.0008285646083526959 0.0003430675996865111 0
1651 -0.0005518442466430432 0.0007779210268957016 0
1652 -0.0001377734815018393 -0.0008051916737813307 0
1653 -9.188195406646805e-05 -0.00082216253351554 0
1654 0.0007691105379692006 -0.0002086875009544802 0
1655 -0.0005230286118003208 -0.0005952582804126136 0
1656 0.0006868783545949688 0.0002329190118636511 0
1657 -0.0009597557067751319 -0.0001042516265704769 0
1658 -0.0006886352837244057 -0.0004069612573809581 0
1659 -0.000323439380036635 6.060536947919918e-05 0
1660 0.0009207750651534122 0.0002290031922543792 0
1661 -4.641571722692648e-05 -0.0003295662154521704 0
1662 -0.0003242248348603014 0.0001070938157110297 0
1663 -0.0002929971361064416 0.0001731291116109729 0
1664 -0.0004237002971227247 -4.799556792443449e-05 0
1665 -0.0004449818788632266 0.0005394657948699737 0
1666 0.0001459236538170426 -3.14001935437942e-05 0
1667 -0.000642426689577878 2.194633406758176e-05 0
1668 0.0008652681423115916 0.0003943372250694554 0
1669 -0.0001702997611669462 0.0007379933373373364 0
1670 -0.0003925049866056791 6.077859608150553e-05 0
1671 -0.0007594187050137477 -0.0004986824689711445 0
1672 -0.0006271072587978369 0.0002849605237892804 0
1673 0.0003944176475599873 0.0006220463138968403 0
1674 0.0001002558768411376 3.423364198514545e-05 0
1675 0.0003765608116404777 0.0003688017505970814 0
1676 0.0003363261443312504 0.0004872367306080551 0
1677 -1.702979558699662e-05 0.0003677258502661742 0
1678 -0.0004753634291702316 -0.0002232917222333092 0
1679 -0.00034297643970444 0.0003541621131501407 0
1680 -4.714011816297815e-05 -7.094675912804789e-05 0
1681 0.0008058160903408244 -7.80917438818576e-05 0
1682 0.0008555788979898003 -9.628134443948111e-05 0
1683 0.0008499127119720335 -4.425045924842528e-05 0
1684 -0.0002244465888128567 -0.0002937211534993714 0
1685 -0.000693549003200362 0.0002804370070146717 0
1686 -0.0006714700146855598 -8.366930576237052e-05 0
1687 -0.0002320328867193085 0.0007310176218772348 0
1688 0.000822853469804048 -0.0003739030516503407 0
1689 -1.530746497269992e-05 -0.0007578016425854742 0
1690 -0.000236678375025214 -0.0001081502451128126 0
1691 0.00019108353644351 0.0005183933495876925 0
1692 0.0003379014445002559 0.0003412604512812927 0
1693 -0.0002649884998234601 0.0007094895417220888 0
1694 -0.0006978634793822016 -0.0002789672699098611 0
1695 5.209871363403604e-05 -0.0005603483921254636 0
1696 -0.0005689196390211396 -0.0005228314895494802 0
1697 -0.0006921573233807498 0.0002394250353107337 0
1698 -0.000263320729179042 -0.0003197394883281861 0
1699 -0.0001498321085218927 0.0009027275573381227 0
1700 -9.82896202576483e-05 -0.0007702743463030367 0
1701 0.0005467047459938039 -0.000790039603861378 0
1702 -0.0001121553329321641 -0.0006219396816219615 0
1703 -0.000639547406247401 -1.879376262188392e-05 0
1704 -0.0003257832291943769 0.0004142406124805184 0
1705 1.311770426621035e-05 -0.000587472936151298 0
1706 0.0005617474195377389 0.0001931054408257114 0
1707 -0.0002379365550825672 0.000423364320591461 0
1708 -8.581631341884187e-05 0.0003185835070322963 0
1709 -0.0002984729002906244 0.0004407009801320314 0
1710 -6.451096538863356e-06 -9.008028508545908e-05 0
1711 -0.0001172378338670775 -0.0005272830006909036 0
1712 -0.0008141495765573885 -3.88980435363021e-06 0
1713 -0.0001709802101513648 0.0004775075994293073 0
1714 -0.0007579629034251802 0.000235464147007127 0
1715 -0.0002339771256900744 0.0004860985574216853 0
1716 -0.0004570952689705825 -6.917885367031973e-05 0
1717 0.0008679523760343219 0.0003057158903288382 0
1718 -0.0008372289707275443 -0.0003735405773092094 0
1719 -0.000233121064514838 -0.0001521809792423906 0
1720 -0.0001424897305677661 0.0007919072818714149 0
1721 -0.0002752047815227489 0.0006560543770889624 0
1722 -3.001042774215506e-05 -0.0005676481479841835 0
1723 8.675709757841874e-05 -0.0008957513562104964 0
1724 -0.0006231412657318569 0.0007028516987650569 0
1725 -0.0007572122772858564 0.0001948631035647337 0
1726 -0.0001657839339724009 0.0005285486804837417 0
1727 -0.0009191636831079916 8.334363584320311e-05 0
1728 0.0008660504154936275 -0.0001519063252899059 0
1729 0.0005487342109857432 0.0005550660660480161 0
1730 -0.000152615484975925 -0.0006502318329269986 0
1731 -0.0006373415318413466 -6.081837958717687e-05 0
1732 -0.0003875309489228918 0.0006220145728522967 0
1733 0.0008132276220039318 -0.0001795017262911624 0
1734 8.340693214593347e-05 0.0009061625077570188 0
1735 6.698498228032619e-05 0.0009342906467165095 0
1736 -0.000369564347739241 0.0007914020006282786 0
1737 -0.0003508685575163364 0.0006081787883179496 0
1738 0.0007294686455626951 0.0002635670921867538 0
1739 -0.000766580474580094 0.000352803374367863 0
1740 -0.0001483625122764663 -0.0007005098534016356 0
1741 -0.0003354837912721346 -0.0003116880109137967 0
1742 -0.0001293375028350292 0.0005465279501049808 0
1743 -7.092277235755507e-05 -0.0005947565162213766 0
1744 0.0006871811803270648 -0.0005482145062119929 0
1745 1.237951887484032e-05 0.0001152757364784699 0
1746 -2.290269123457682e-06 -0.0001351247292757998 0
1747 0.0002184294134535586 -0.0009386458860667277 0
1748 -0.0005881585690240164 0.0005981001984293216 0
1749 -0.0004943962455506241 0.0007031222958669365 0
1750 0.0007751807242733837 -0.0004915216120199418 0
1751 -0.0004187494577050869 0.0005996921593566415 0
1752 0.0009171250324197051 -0.0002738839749809219 0
1753 -0.0004129259188739075 -0.000823579445649017 0
1754 -0.0004175452486386989 -0.0003247093141735692 0
1755 -0.000694746733458813 -0.0003213441265785156 0
1756 -0.0004749999895604992 0.00079593794177371 0
1757 -0.0008761539942384042 0.0004151307412030701 0
1758 0.0004713755383624333 -0.0003148025565219919 0
1759 -3.305419790146722e-05 0.000484503844173321 0
1760 2.216913399247857e-06 -0.0001812171391618756 0
1761 -0.0002296341792473045 -0.0001963193166223356 0
1762 0.0005227506851298906 -0.0004797701717020702 0
1763 -0.000875098391012625 -0.000312862496285104 0
1764 0.0007919366815864273 0.0004278132469710418 0
1765 0.0001952096222442242 0.0004764334454999158 0
1766 0.0004745494690619314 -0.0007966502432360034 0
1767 6.14500592091765e-06 -0.0002266921937494749 0
1768 -0.0005514691435058613 -0.0007225934749612534 0
1769 0.0005444677641240353 -0.0007435195262035464 0
1770 -0.0003292824122537684 0.0006668771605124129 0
1771 -0.0009220414701296711 0.0001218238970193963 0
1772 0.0005791758188005982 -0.0007192212457306542 0
1773 0.0006061110062665556 -0.0001643798938271015 0
1774 -0.0006834395775427602 -0.0006684952957989453 0
1775 -0.0007766930773045969 0.0005406678545743528 0
1776 -0.0002259653327024776 -0.0002437578302557812 0
1777 -0.0007939566757189249 0.0004749360284910712 0
1778 -0.0008592957778877009 0.00032660452986205 0
1779 -0.0008895766603155852 0.0003187131404234964 0
1780 4.211405470917138e-05 -0.000248808614636686 0
1781 -0.0006569491040567556 -0.0003413489928629431 0
1782 0.0004816587452919841 0.0008389370694799064 0
1783 -0.0008839791329275071 -0.0001416872389169407 0
1784 -0.0002908009163697958 0.000129535954192941 0
1785 0.0003659211776994242 0.0005537752200994539 0
1786 0.0001993696507275289 0.0004341112703780142 0
1787 0.0001330847754990205 -0.0002446818479949833 0
1788 -0.0004612883375048211 -0.0003990768197686665 0
1789 0.0001295617952843296 -0.0009125734415048397 0
1790 0.0001690168153540919 -0.000257420356333794 0
1791 -0.0004096729518810394 0.0002252086200504786 0
1792 -0.0004804779917355468 -0.0007945421445283694 0
1793 -0.0007837340691165028 1.445403906858318e-05 0
1794 0.000592189033415892 0.0003253098639532082 0
1795 -0.0007696480739323268 0.0005046874313114568 0
1796 -0.0001424088019460906 0.0007572812397894051 0
1797 -7.655005152712862e-06 0.0009421457196655695 0
1798 0.0007802381094735651 0.000241900361917781 0
1799 0.0007194967166914245 0.0005952939463751437 0
1800 -0.0006084205903008429 -0.000549245716499549 0
1801 -0.0006472937413739395 -0.0005672455218422663 0
1802 -5.378016546436826e-05 -0.0007883111286291847 0
1803 0.0004822211415854582 -0.000457663933875543 0
1804 4.478756425323054e-06 -0.0009539495566216301 0
1805 0.0005355928107744352 0.0007138772458215356 0
1806 -0.0001278188211857211 -0.0009026269159443415 0
1807 4.379893600280523e-05 0.0001864511204281514 0
1808 0.0007161304060388845 -0.0005252471110897193 0
1809 -0.000654071310375502 -0.0003843699114797369 0
1810 0.0005551710212326945 0.0005129264056229318 0
1811 -0.0007704008571622838 0.000406486657468469 0
1812 0.0005731590960685719 0.0006584650865292024 0
1813 -0.000921866288859548 0.0001604687399023271 0
1814 -0.0004584251779036859 -0.0004448626483328014 0
1815 0.0002041422367801259 0.0003924882638630726 0
1816 0.000459473991108299 -0.0001748946351741513 0
1817 3.664456288805386e-05 0.000711141909619493 0
1818 0.0008310186691827549 0.0002195731550505663 0
1819 0.000369683895944292 0.0005104124798442626 0
1820 0.0004770134107705224 0.0008037596429985364 0
1821 7.15422353796005e-05 0.0002534187955339941 0
1822 -0.000315602205162541 0.0009184596474382988 0
1823 -4.545447746177621e-05 0.0006615077193578179 0
1824 0.0004773183940882426 -0.0004125349854778188 0
1825 0.0009055219473566186 -0.0001077324718851907 0
1826 0.0008726235211362994 -2.708508535483898e-06 0
1827 -0.0006734921895976885 -0.0005376082827888073 0
1828 -0.0008905387608155318 0.000260542949724342 0
1829 -0.0009259391595528591 0.0002571003584915918 0
1830 0.000613109258725017 0.0006421624002491987 0
1831 -0.0001181603652178525 0.0009196038148131547 0
1832 0.0007458223251395645 -0.000369133041186775 0
1833 0.0004164886584686341 0.0008694324447937031 0
1834 -0.0001123267509437642 -0.0009504904389363509 0
1835 -0.0003928340602893738 1.78572147446006e-05 0
1836 0.0003395842669065964 0.0004456136713195276 0
1837 0.0004734399436840679 -0.0003648169406606518 0
1838 -0.0003340518093010321 0.0008137612035715672 0
1839 -0.0007901213442465476 -0.0004801992892452891 0
1840 0.0002422301933547529 0.0003754370030981989 0
1841 0.0004739711712334979 0.0002454731804300233 0
1842 -0.0004146081507149511 -0.0004666913675851212 0
1843 0.0001303515060112543 0.0009476718601250209 0
1844 4.033270368740124e-05 0.0006207796415987465 0
1845 -4.904917800643821e-05 -0.0008367664338920788 0
1846 -0.0003899397213733576 -2.802345951896945e-05 0
1847 -0.0004568372981843302 0.0008582599113602894 0
1848 -0.0006294270628127738 -0.0007364706444779626 0
1849 0.000369274168681246 0.0008195092968566216 0
1850 0.0008715189479086365 0.0002510507324502674 0
1851 -0.0005222154616624425 0.0006794650667046563 0
1852 0.0005934350871749605 -6.693834654681135e-05 0
1853 -0.0001874461207618622 0.0009136750653489496 0
1854 0.0009136017973369215 0.0003196398372699088 0
1855 -0.0009554300805607647 -6.796953306187268e-05 0
1856 -0.0006503777259477658 -0.000426969066528842 0
1857 -0.0006273396497999499 0.0006064303755337998 0
1858 0.0007412133624248869 -0.0003256794823138326 0
1859 0.0003780367951550047 0.0004274540008487121 0
1860 0.0002862030241366792 0.0003569772424618827 0
1861 -0.0003693620651962655 -0.0004906169702181876 0
1862 -8.27633325019215e-05 -0.0009158182533993832 0
1863 0.0006982964482503246 -0.0003052985556258721 0
1864 0.0005863495050149719 -1.707651371801236e-05 0
1865 -0.0004272270420009887 -8.630767222594044e-05 0
1866 0.0002893000443125354 0.0008445585413288522 0
1867 0.0003146209766760469 0.0009070456814799471 0
1868 -0.000921776280664699 -0.0001225184694773809 0
1869 0.0001148086552845571 0.0002366714430800082 0
1870 -0.0009482459584616297 6.685365087029519e-05 0
1871 4.708877581162171e-05 0.0009156115148072415 0
1872 -3.171133122464524e-05 -0.0009693968186837641 0
1873 -3.904488850529664e-05 -0.0009308582981918446 0
1874 0.0005036576298368658 -0.0002896577957008351 0
1875 0.0006355724236444559 -8.883203638645461e-05 0
1876 0.0008499255853749104 0.0003522639790732291 0
1877 0.0006423932190113657 -0.0001409373322906092 0
1878 0.0006394099452095144 -0.0006819739321985755 0
1879 -0.0002572232419170057 -0.0007875476191167472 0
1880 0.0006557397425118504 -0.0002859524210413165 0
1881 -0.0007632081154000433 0.0004728353817532836 0
1882 0.0009473387264664822 -8.6462514964618e-05 0
1883 0.0004991641386582914 -0.0002438547990971301 0
1884 -8.803560994284969e-05 0.0009365788983506499 0
1885 0.0007859562739337934 -0.0003905812973255238 0
1886 0.0005980904271943485 0.0007462449018709187 0
1887 0.0003620156547613159 -0.0008752554920391332 0
1888 -0.0002983937690412812 -0.0008473994694454426 0
1889 -0.0003243783301775213 -0.0005155471987612097 0
1890 0.0002595689353775369 0.0008614752942491561 0
1891 0.000608914427254818 -0.0002168184389173379 0
1892 0.0004449271559363478 -2.085970408317099e-05 0
1893 -0.0008757213593986611 -0.0002604615189117807 0
1894 -0.0009074485032174674 -0.0002512357796647014 0
1895 -8.919669932192946e-05 -0.0008693701056771313 0
1896 0.0004807506891037949 -9.084255707388393e-05 0
1897 -0.000610172333998935 -0.0004485900684995605 0
1898 -0.0003755167938702866 -0.0001188874111146714 0
1899 0.0006133605113526487 -0.00026580042838754 0
1900 0.0001555488304459983 0.0002194260323569278 0
1901 0.00058215670513203 3.377290003730894e-05 0
1902 -0.0002037167526021676 0.0009439266159109097 0
1903 0.0002802015892164955 -0.0008842245212253364 0
1904 -0.0002604295466548167 -0.0008720576232948258 0
1905 -0.0008328577711381938 -0.0004168427648057814 0
1906 0.0005701384403743394 0.0001386580166306633 0
1907 0.0005773105194298774 8.608586463712169e-05 0
1908 -0.0006069470442587212 -0.0004973724016549315 0
1909 0.0002274839072540204 0.0009110747933722149 0
1910 -0.0004970934033779902 0.000768541850718864 0
1911 -0.0004992540928923647 0.0008227625000523831 0
1912 -0.0003216828401993862 -0.0005617796525086823 0
1913 -0.0003133848473916922 -0.0007480729752964034 0
1914 -0.0004456255376030071 -0.0007977740394150262 0
1915 -0.00096071284526586 -2.735135016072208e-05 0
1916 -0.0004159795659280823 -0.0001762244713115123 0
1917 0.0004621525909271154 -0.0002216231946660831 0
1918 -0.0007027260158139863 0.0006601255645344575 0
1919 -0.0006932273259293078 0.0006081784828547798 0
1920 0.0007831549408031846 0.0004660625682375026 0
1921 -0.0003170187234855264 -0.0006064451140613378 0
1922 0.0008229375471599296 -0.0004126999598531019 0
1923 0.0008499619088700272 -0.0004316646103597139 0
1924 0.0003298121169125 -0.0009011533242762089 0
1925 0.0004923054661010648 -0.0001556045389583951 0
1926 -0.0009188155783933846 4.349747881965452e-05 0
1927 -0.0002997104074779593 0.0008381737396648578 0
1928 0.0002457820344824754 0.0001676095054285345 0
1929 0.0001920283754782008 0.000201636057524564 0
1930 -0.0007712181368762468 -0.0005362281958709051 0
1931 -0.0009140255208944383 -0.000196804273600478 0
1932 -0.0002751821017386999 -0.0006327577313013134 0
1933 -0.0002703359012886325 -0.0006848723554746913 0
1934 0.0007982745558623548 -3.533949885099462e-05 0
1935 0.0005749567663078854 0.0006931720157582527 0
1936 0.0008074968860599784 -0.0004941069935840799 0
1937 0.0006004062507809151 -0.0007438940285923408 0
1938 0.0007628423955521645 0.0005342530951595909 0
1939 -0.0001888130093447153 0.0007144754760280195 0
1940 4.200445662638165e-05 0.0006786703749859526 0
1941 -0.000644117726988809 -0.0006685579330804954 0
1942 0.0008885423466674534 -0.0001962840933587871 0
1943 -0.0004408560806890826 0.000813774120797391 0
1944 0.0004477444045737615 -8.428128265962775e-05 0
1945 -0.0007548860539796339 0.0006021868266939522 0
1946 -0.0005493797165004871 -0.0007651890332687595 0
1947 -0.000591380529128821 0.0007203833317483523 0
1948 -0.0009218010206180477 0.0001947243335006613 0
1949 -0.0008935845412806565 0.000379885794012327 0
1950 7.193088220062887e-05 -0.0002686214165541606 0
1951 0.0001214343689686474 0.0009213940377605754 0
1952 0.0009159502998957195 1.509793834988032e-05 0
1953 -5.520484018520188e-05 0.0006959945055345948 0
1954 0.0001961262942521877 -0.000279646720895467 0
1955 0.0006283128234016761 0.0005328678494422736 0
1956 0.0006559020570425881 0.0004719635977709793 0
1957 0.0004779492805859541 -3.034149898662101e-06 0
1958 0.0003180367464167026 -0.0001832709912012654 0
1959 1.067824365009255e-05 0.0009712106423751025 0
1960 0.0007731186307183277 0.0005041346707912226 0
1961 0.0002342543105090908 -0.0002527375458823283 0
1962 0.0007864198268233972 2.825314156472183e-05 0
1963 0.0004312298896842043 -0.0008117836472740187 0
1964 -0.0006477091564467221 0.0005849424327674035 0
1965 -0.0002116962832907991 0.0008918158886477671 0
1966 -0.0002596856671803055 0.0009167893247589534 0
1967 0.0003096921951223578 -0.0001453236116599652 0
1968 0.0008519392029999918 -0.0003539198547879054 0
1969 0.0002429745672282877 0.0001253201954523519 0
1970 -0.0008738746149512757 -0.0004242322561281334 0
1971 -0.0005482158250115119 0.000657515213527902 0
1972 0.0002702569012524719 -0.0002271469173874408 0
1973 5.447993665323363e-06 0.0006319155135514458 0
1974 0.0003465373090776748 -6.378469129917371e-05 0
1975 0.0004868946930904107 -0.0008389073641424487 0
1976 -0.0006046859418759541 0.0007594206640082523 0
1977 -0.0009301060863694363 -0.0002727843854008605 0
1978 0.0007402796208139163 -0.0006294579871490207 0
1979 0.0007255732204039855 -0.000602810024142114 0
1980 -0.0008905524750097153 -0.0003819465799948303 0
1981 -0.000643642715288491 0.0007319468160206404 0
1982 0.0008784009186907572 0.0001952850064733128 0
1983 -0.0007920039293237459 -0.0004231829241769302 0
1984 0.0002934725234958272 5.11644376245413e-05 0
1985 3.78698161523675e-05 -0.0002949884557956039 0
1986 0.0004745487608860343 4.574924584652151e-05 0
1987 0.0007902730386950521 -0.0004634330301573054 0
1988 -0.0008024898060897417 0.0003573536850952461 0
1989 0.0008802637508896198 0.0001417872733787821 0
1990 0.0002991110262334184 4.855125496458633e-06 0
1991 -0.0003661673732743442 -0.0008705760781031857 0
1992 0.0007882426728433539 9.304654835122977e-05 0
1993 0.0004405884939454133 -0.000855204419102077 0
1994 0.0008790978624073759 -0.0002834710285290019 0
1995 -0.0003525696956054299 -0.0003399425044099008 0
1996 -0.0004829141542607169 -0.0002691481504319365 0
1997 1.590655891384767e-07 -0.0003191180110588956 0
1998 0.0004197461712698895 0.0002077266419914945 0
1999 -0.0004219574736183833 -0.0008777716348128098 0
2000 -0.0003958477804492429 -0.000861000672215144 0
2001 0.0001364316261656958 -0.0009460577105969935 0
2002 0.0008361585194595574 0.0004240551209616426 0
2003 0.0006944150279653002 0.000495959879484549 0
2004 -0.0008516300191927271 0.0003589581645915339 0
2005 -1.726087136052102e-05 0.0005102604669836835 0
2006 -0.0005078942886139095 -0.0008199507226609637 0
2007 -0.0002960924494798019 0.000874706901593379 0
2008 0.0003011135677513486 -0.0001069792140386379 0
2009 -0.0007600645830198921 0.0003822159265436259 0
2010 -0.0001509657946337498 0.0009660557837597901 0
2011 -0.0003037277326715271 0.0006565340725167808 0
2012 0.0008230308181219326 0.0004975325695172295 0
2013 -8.974908751709676e-05 0.0005454967598633097 0
2014 -0.0007327547919212177 -0.000602122635238673 0
2015 0.0007369431500578291 0.0004781805650046102 0
2016 0.0004692517067971414 9.085965651675134e-05 0
2017 -0.0004837779581754469 -0.0003089248787990008 0
2018 8.986382314558529e-05 0.0009588974013993773 0
2019 -0.0008256003011170028 0.0005243900924472451 0
2020 -0.0008284991114597756 -2.865115439431165e-05 0
2021 0.0002406278845058126 -0.0009064655198397555 0
2022 0.0003447357310389429 0.0003724015735122798 0
2023 -0.0004523796673489968 -0.0008600385056203274 0
2024 -0.01024545964534749 0.02558150853917347 0
2025 -0.0101484429023483 -0.02570115061547604 0
2026 0.02553595654087883 0.009229196203277463 0
2027 0.02579356435035816 -0.00937236091902314 0
2028 -0.02433865998130461 0.01326024896908028 0
2029 -0.02396620414108071 -0.01333766023663151 0
2030 0.006171014137665545 -0.02673808272018089 0
2031 0.006409840728534993 0.02700099929560324 0
2032 0.01812556387575876 0.02074565250621982 0
2033 0.0179182073935421 -0.02036741473530055 0
2034 -0.02765142277822942 -0.0001689294477555315 0
2035 -0.01694962847251315 0.02163268189560857 0
2036 -0.01699519218560108 -0.02173214419178475 0
2037 -0.002027934935800345 0.02725044992614537 0
2038 -0.002044887344466339 -0.02760133963483895 0
2039 0.02747996218310398 0.00111123255313307 0
2040 0.02343275193699762 -0.01423208771732457 0
2041 0.02335682364137197 0.01427305781405043 0
2042 0.02735351088419194 -0.004227189404892503 0
2043 -0.0210533588377574 0.01771533972267725 0
2044 -0.02638640387926184 0.008141593626705268 0
2045 -0.02636257137617308 -0.008373327785655648 0
2046 0.01160936499486316 -0.02477631576694174 0
2047 0.01139809039067548 0.02517012235669358 0
2048 -0.02100025185244333 -0.01766077845584084 0
2049 0.02477905790629451 -0.01184009078156686 0
2050 0.02210872637117843 -0.01185098469020362 0
2051 0.0206992709849424 -0.014004960012272 0
2052 0.01958049308183259 -0.01179707136006722 0
2053 0.01824464525125379 -0.01376852669507501 0
2054 0.01719018428045502 -0.0117073807893182 0
2055 0.01593370993431285 -0.01356324661314929 0
2056 0.01503775133304833 -0.01159024697182883 0
2057 0.0161623493307038 -0.009861693148653925 0
2058 0.01414470333119491 -0.009746791969543244 0
2059 0.01518605783512644 -0.008121576555302434 0
2060 0.01331399678616177 -0.00809076829910396 0
2061 0.01235082804289508 -0.009576699492947757 0
2062 0.01161458873346386 -0.008007978571233134 0
2063 0.01248676304507888 -0.006645432671996777 0
2064 0.01069657432515638 -0.009351795734448781 0
2065 0.0108770933667065 -0.00656278408149598 0
2066 0.01170836265654405 -0.005316020916845025 0
2067 0.001059264344932126 0.0001708392398121185 0
2068 0.01030791032660776 -0.00522621334261104 0
2069 0.01105426081782492 -0.004107954235839715 0
2070 0.009730562382354372 -0.004051772928122356 0
2071 0.01033924657936416 -0.003013110096863297 0
2072 0.009045456393052662 -0.005071051460669882 0
2073 0.008550917738221416 -0.003999579271831674 0
2074 0.007919428680159553 -0.004939077718063737 0
2075 0.007468665005537623 -0.003998040452131205 0
2076 0.006904130301910526 -0.004841818655932422 0
2077 0.006483808877608166 -0.004006847022704898 0
2078 0.005983257296491052 -0.004738212352500575 0
2079 0.006973992590859621 -0.003211131213932361 0
2080 0.005596946402116739 -0.003989396621676999 0
2081 0.005140365974501861 -0.004658030440590238 0
2082 0.004803529997627176 -0.003947297635909843 0
2083 0.004345912627701598 -0.004596846217342827 0
2084 0.004646224703305124 -0.005307493136072725 0
2085 0.003849388304035293 -0.005259169035706347 0
2086 0.00417093029527459 -0.006013343868244063 0
2087 0.003370689169825203 -0.005933664981833598 0
2088 0.003703336598100777 -0.006758426991325698 0
2089 0.00268373976675812 -0.006539060970804367 0
2090 0.003153055748913962 -0.007548094449713909 0
2091 0.002104108717806939 -0.007438431239630549 0
2092 0.002575050807812707 -0.008434546227306258 0
2093 0.001501885431355971 -0.008314762174037798 0
2094 0.001033940280951796 -0.007331204790833565 0
2095 0.0004321541532136189 -0.00817649980303531 0
2096 -5.609882627931821e-06 -0.007206193189675722 0
2097 -0.0006256840977237341 -0.008042314421066269 0
2098 -0.001017382534543494 -0.007083044231797979 0
2099 -0.001667053461039242 -0.007908332190653978 0
2100 -0.002025265028158347 -0.006772966653276754 0
2101 -0.002710397423986789 -0.007750107356984097 0
2102 -0.003130113681641787 -0.006818259071669032 0
2103 -0.0037855982444372 -0.007638871829636868 0
2104 -0.004222656137068659 -0.006689821345528618 0
2105 -0.00489343495927845 -0.007533958588913731 0
2106 -0.005328383827164475 -0.006454001925160139 0
2107 -0.00336105978557214 -0.008673165407407495 0
2108 0.0008978067310818365 -0.009050733918534695 0
2109 -0.006065469454747051 -0.007423477336931313 0
2110 -0.006522524664610746 -0.006266117540350802 0
2111 -0.005754017917376147 -0.005309137137110831 0
2112 -0.006925556230337753 -0.005143621516022419 0
2113 -0.006248146649628955 -0.004220305427710474 0
2114 -0.00733365342721175 -0.004069492022562252 0
2115 -0.00663793364844045 -0.003216782576568867 0
2116 -0.007732533582147319 -0.003031619776296425 0
2117 -0.006895044186605415 -0.002118469594633961 0
2118 -0.00810889651223614 -0.001982655060808085 0
2119 -0.007416904727909126 -0.001121787409281811 0
2120 -0.008529431871082547 -0.000942042578630047 0
2121 -0.007826748574114251 -0.0001019184495680609 0
2122 -0.008934058289398071 0.0001176221650876894 0
2123 -0.00821283489768841 0.0009218580472917111 0
2124 -0.009379452200962254 0.00121830985531379 0
2125 -0.008443213001993658 0.00214521215841478 0
2126 -0.008470979806681973 -0.003909254182406623 0
2127 -0.007328765942633505 -0.007249504308858838 0
2128 -0.01017441017569763 0.000267649545633875 0
2129 -0.009858361849318258 0.002397075761968149 0
2130 -0.009003624577022454 0.00340641069126068 0
2131 -0.00781021370976078 0.003255825796086621 0
2132 -0.00817973187824095 0.004396292325126555 0
2133 -0.006879436007695421 0.004145010259322236 0
2134 -0.007324859480986308 0.005309733368320786 0
2135 -0.006128518398128313 0.005142077170225514 0
2136 -0.006532183300037944 0.006233986633900483 0
2137 -0.005385346185207178 0.006031818968053096 0
2138 -0.005759035220909173 0.007139144878162885 0
2139 -0.004594499539455794 0.00691257597454966 0
2140 -0.004968028688303155 0.008037689418595598 0
2141 -0.003804500463471541 0.00783154908194331 0
2142 -0.004185295533239981 0.008983994619747153 0
2143 -0.002968320109907133 0.008737769587416722 0
2144 -0.006950879116047392 0.007386943359915813 0
2145 -0.002571940407926217 0.007552551053541165 0
2146 -0.001790466078209304 0.00846750521362394 0
2147 -0.001379587106414553 0.00738156821613128 0
2148 -0.0006556751674846205 0.008224232438445514 0
2149 -0.0003117319567469903 0.007173251149648502 0
2150 0.0004363346710863798 0.007994566115399662 0
2151 0.0007679865420440033 0.006949260857676674 0
2152 0.001522945303897528 0.007760266862036701 0
2153 0.001868726385329114 0.006493729824728695 0
2154 0.002629294937907148 0.00750179527057975 0
2155 0.003013905765996337 0.006367335175101559 0
2156 0.003776785322802727 0.007292165361326689 0
2157 0.0001008788470007949 0.009085876828193043 0
2158 -0.00335280981734224 0.009976187059159624 0
2159 0.004120587569857128 0.006184054188093584 0
2160 0.004948245642582812 0.007069791324640789 0
2161 0.004563453153906877 0.008266164872135037 0
2162 0.005893198597589377 0.007967892444329012 0
2163 0.003082192439034244 -0.005215137746096263 0
2164 -0.009470432295120899 0.004735113215531104 0
2165 -0.006808451068494112 -0.008489978407143757 0
2166 0.005395205511200149 0.009346809522485613 0
2167 0.006828854172670546 0.009049992606880377 0
2168 0.01243892319844315 -0.004119810362299276 0
2169 0.007295590366493517 0.0076082320015272 0
2170 -0.006767424494601485 -0.0002879019586197388 0
2171 -0.008156770338436727 -0.008300752578586442 0
2172 -0.00759223993249009 -0.009628832285925464 0
2173 -0.004676188502103913 0.01021928178767961 0
2174 -0.003786132222655882 0.01130061776678518 0
2175 -0.002696710533051933 -0.006023601822215919 0
2176 -0.0007907283439413581 -0.0006992259443664027 0
2177 -0.0005185984487169792 -0.0009172432013520862 0
2178 -0.000321915183009343 -0.0009984414316759856 0
2179 -0.001072797418594393 0.006322587433279304 0
2180 -0.005047988489084482 0.005084726751068835 0
2181 0.00830345936426047 0.008673124861080267 0
2182 0.008780902548678932 0.007230764432416984 0
2183 -0.005501416107075404 -0.003407204249958507 0
2184 -0.000982916467474021 -0.0003891565886857793 0
2185 0.00640821390438737 0.01046659147072462 0
2186 -0.005229069370601775 0.01155993457718321 0
2187 -0.009159223465154506 -0.009431062531487558 0
2188 -0.008431447076800342 -0.01095535096322679 0
2189 -0.004255305169010738 0.01276129833851237 0
2190 0.009863548662291928 0.008355342730104449 0
2191 0.01036331188088917 0.006820329534147625 0
2192 0.003389395141856056 0.005317645093944774 0
2193 0.004426217667928748 0.005120950038704784 0
2194 0.003706654597892685 0.004361333418276077 0
2195 0.004670202561576176 0.004120754599090115 0
2196 0.002759532450662522 0.004620028499260206 0
2197 0.00389765435362802 0.003385602315889235 0
2198 0.0009255813781557514 0.0005245663356297646 0
2199 0.0007513544536799659 0.0007400447566594615 0
2200 0.004911020516071286 0.003175653997079776 0
2201 0.004293541994675303 0.002501306328193494 0
2202 0.00522889663391921 0.002275642709885081 0
2203 0.004478418563927458 0.001574783978400208 0
2204 -0.005844404375104566 0.01304934611753763 0
2205 0.0009962741690418544 0.0002955459121822995 0
2206 0.007287140921357984 -0.005725463507367457 0
2207 0.0008333476424077558 0.0006151346213258127 0
2208 0.01152472672647595 0.008067062317012106 0
2209 0.0119946942681732 0.006372230444530988 0
2210 0.01077472272035972 0.009870525253389191 0
2211 -0.004773484559536822 0.0143343212159046 0
2212 -0.003104510508484187 0.0140039927662819 0
2213 -0.01005538990317522 -0.01071485589273391 0
2214 -0.01078737055162646 -0.009128746391051323 0
2215 -0.00935145425051988 -0.01225900228293714 0
2216 -0.007576688986696721 -0.01246440122380503 0
2217 0.003470381442401792 0.002636833916999667 0
2218 0.0004570597685232051 0.0009511179075178039 0
2219 0.0005757925400838918 0.0008669456153631541 0
2220 0.003668865143776449 -0.008514557777817965 0
2221 -0.006497273144573495 0.01466303476252625 0
2222 -0.007605518743035237 0.01325730861687373 0
2223 0.005505999452624903 0.00136906755777777 0
2224 0.0132677078008596 0.007711599140530738 0
2225 0.01376514548116589 0.005906504622039408 0
2226 0.006210794767196503 0.002076438262953324 0
2227 0.004837592188241709 0.0007231594920554759 0
2228 0.000957430937188312 -0.000449835273799084 0
2229 0.000839676088586327 -0.000609352751037558 0
2230 0.000746350588236673 -0.0007472954685841041 0
2231 0.001047259453169586 -0.0001865435305882508 0
2232 0.0009952948999312863 -0.0003058346235666604 0
2233 -0.01176770766795684 -0.01049081858698569 0
2234 -0.01247817691254266 -0.008828652192914999 0
2235 0.004031340908584828 0.0008191433942830674 0
2236 0.004269443299863672 0.0001526636685174663 0
2237 0.003588480268446406 0.0002694223834407279 0
2238 0.003773395263073925 -0.0003323439648212623 0
2239 0.003124654755632702 -0.000162457732698287 0
2240 0.003336242849543704 -0.0007042428917253636 0
2241 0.002999203300021587 0.0004274000818800167 0
2242 0.002836818182209341 -0.000616740454447575 0
2243 0.002977172976990435 -0.0010588055497543 0
2244 0.002544264906506806 -0.0009567334009184562 0
2245 0.002665354767651874 -0.001381168208421209 0
2246 0.002219086050939111 -0.001241093070196785 0
2247 0.002365448294402364 -0.00167299622048808 0
2248 0.000453999695996849 -0.0009565572188045253 0
2249 0.0005854645332965969 -0.0008532024970764486 0
2250 0.001984898244083421 -0.001578226555490897 0
2251 0.0001060440133123799 -0.001052672963760728 0
2252 -7.337801186041861e-05 -0.001048974167469295 0
2253 0.0002659053798683658 -0.0009983101072722428 0
2254 0.002093485203923414 -0.001960046654790461 0
2255 0.001691993408927094 -0.001831700638483197 0
2256 0.00182296701201842 -0.002232633269290668 0
2257 0.001477816601684552 -0.002134824559939353 0
2258 0.001562393215456139 -0.002513397767896381 0
2259 0.001189324322643681 -0.00240830353604348 0
2260 0.001291429522644259 -0.002804435638517986 0
2261 0.0008869371972531721 -0.002653206513101492 0
2262 0.001008802248746549 -0.003111425106806722 0
2263 0.0005934340063758214 -0.002998392760209941 0
2264 0.0004687999299332949 -0.002602662609468711 0
2265 0.0001902567152653093 -0.002891929272069868 0
2266 5.424251790482248e-05 -0.002473242488001241 0
2267 -0.0001833263262595058 -0.002779145823624684 0
2268 -0.0003138146545677652 -0.002421709547210322 0
2269 -0.0005476487118950446 -0.002677681515056143 0
2270 -0.0006388945991040347 -0.002327137431055658 0
2271 -0.0009021492625247321 -0.002579639077858029 0
2272 -0.0009843374982598048 -0.002179586253760506 0
2273 -0.001278906360434238 -0.002482133726379883 0
2274 -0.001380314133454801 -0.00210116292496782 0
2275 -0.001667072125488777 -0.002382452601144149 0
2276 -0.001776657442481007 -0.001984884339738319 0
2277 -0.0001150043059656525 -0.003198902781658642 0
2278 -0.001248801693265429 -0.002958956861679414 0
2279 -0.002090403018469949 -0.002285201421962769 0
2280 -0.002186866778712901 -0.001863582511121248 0
2281 0.002206177967458376 -0.002343097268525983 0
2282 0.003852839261322757 -0.0009784442925033952 0
2283 -0.008673435191586894 -0.01390441468817215 0
2284 -0.006780202595199089 -0.01404168162730017 0
2285 -0.003677867714251463 0.01570912694228262 0
2286 -0.001844341382533779 0.01533181373216575 0
2287 -0.0009187921743199233 -0.0004813580597680186 0
2288 -0.001908775553319715 -0.00158342504532975 0
2289 -0.002287399044998985 -0.001435623413932363 0
2290 -0.002597028110316305 -0.001731621509214891 0
2291 -0.002672152650087209 -0.001301649569596098 0
2292 -0.001063931556931704 -4.183377443257821e-05 0
2293 -0.001023715336402729 -0.0001752368136365872 0
2294 -0.002367639904685828 -0.001019530763901177 0
2295 -0.002748606505352772 -0.0008880232365002414 0
2296 -0.00244046401352866 -0.0006372364742944396 0
2297 -0.002805441937944347 -0.000488999637421997 0
2298 -0.001008585756640844 0.0003222784984075743 0
2299 -0.001027505173399946 0.0001499729874704823 0
2300 -0.002494188296162487 -0.0002312884525495082 0
2301 -0.002881881665036396 -9.467785657484053e-05 0
2302 -0.002580035896774804 0.0001872761510152517 0
2303 -0.0008749904757692193 0.0005696145300317323 0
2304 -0.0029520078738754 0.0003092814497326926 0
2305 -0.002638028739396428 0.0005846300889797953 0
2306 -0.0005089803065243281 0.0009192037412176824 0
2307 -0.0006795041654080774 0.0007882844137043578 0
2308 -0.0003219151830094085 0.0009984414316759496 0
2309 -0.003042102858752983 0.0007482778819873121 0
2310 -0.00269733114797899 0.001037889755368714 0
2311 -0.003146525564613929 0.001213354055430303 0
2312 -0.002758244730915943 0.001535856859457338 0
2313 -0.003072247607230219 -0.001226707279780616 0
2314 -0.003313618130271504 9.211857699663712e-05 0
2315 -0.002276255384633008 0.001311265615361897 0
2316 -0.002364812898663608 0.001827103194946328 0
2317 -0.001924057508836115 0.001667377988834736 0
2318 -0.001995102470589374 0.002109857334833021 0
2319 3.374123177968829e-05 0.001054051308325812 0
2320 0.0002430466409348391 0.001014030558573952 0
2321 -9.981715111703183e-05 0.001033822851979588 0
2322 -0.001593806204692051 0.001958104132758597 0
2323 -0.001641191083513068 0.002391746664657957 0
2324 -0.001204607425662607 0.002172665733208056 0
2325 -0.001277106280246295 0.002660138605429357 0
2326 -0.0008846639419855798 0.002479236910099 0
2327 -0.00171299309699531 0.002890482483590993 0
2328 -0.0009162140828360858 0.002941951931308611 0
2329 -0.000478845587736235 0.002688113473741132 0
2330 -0.0005359526034537998 0.003246611908879297 0
2331 -0.0004157072603227293 0.0009464072369713585 0
2332 -7.540516727419597e-05 0.003037445883545143 0
2333 0.002367261062670808 -0.0005731975078745792 0
2334 0.000355455530183499 -0.002255568549129821 0
2335 0.006470972109668735 0.001106782646845163 0
2336 0.007239085722814047 0.001848353826789965 0
2337 -0.003260365748039452 0.001741376036228049 0
2338 -0.0004158036778231442 -0.0009473379112451508 0
2339 0.004880014251345195 0.01072933144494487 0
2340 0.005934419836239692 0.01196280231576948 0
2341 -0.003676553585666795 0.00137011225031084 0
2342 -0.0135988822105588 -0.01026484867594461 0
2343 -0.01428951732622435 -0.00856543760023123 0
2344 0.001373876588639084 -0.001796977100818367 0
2345 -0.0007087414085837985 -0.0007697501364644808 0
2346 -0.0006409509718183159 -0.000832076445574467 0
2347 0.0151207207048873 0.007327624328756602 0
2348 0.01567521593650726 0.005469087437805408 0
2349 -0.008265372648464667 0.0149240505626148 0
2350 -0.009501518395940496 0.01345618518177479 0
2351 0.00184649526272205 -0.001258527556875097 0
2352 0.01382933129496783 -0.01335070242196617 0
2353 0.01418448337245136 0.003829007345078694 0
2354 0.01620459320096349 0.003585900183972799 0
2355 -3.819114521876341e-06 0.002551041119832232 0
2356 0.0003708755777748417 0.002837069004306508 0
2357 0.0004121088141461744 0.002381110986870862 0
2358 0.000355689084276933 0.003354513263512952 0
2359 -0.0008763435124876359 -0.0005713727304763983 0
2360 0.005030716861591349 -4.819757302673941e-05 0
2361 0.0007957603529970841 0.00264565183963591 0
2362 0.0008041645293900444 0.002140190367157896 0
2363 -0.002065758864609526 -0.0007620280041647314 0
2364 -0.0003914223648743114 -0.002086987392473716 0
2365 -0.002294856788709337 0.0004664914897623433 0
2366 -0.007935037017345775 -0.01562423135821662 0
2367 -0.006029246912176605 -0.01575866821403208 0
2368 -0.002479413719999355 0.01716482746844876 0
2369 -0.0005562197550725614 0.01673623023791969 0
2370 0.0007076306019637413 -0.003450514051692415 0
2371 -0.001160958449469416 -0.001847135517055199 0
2372 -0.0001719508265437023 -0.001039277810958487 0
2373 -0.0009172052948653124 0.00047960224310376 0
2374 0.001385933002762457 -0.003152884953810155 0
2375 -0.003811315628576104 0.00196997950735219 0
2376 0.005212065480520014 -0.003312518168353856 0
2377 -0.004868882007439581 -0.0141544492443051 0
2378 -0.004054387602540704 -0.01587024180071989 0
2379 -0.005186351007504995 -0.01754011683204323 0
2380 -0.003185947366499347 -0.01762923368333547 0
2381 -0.002094812885912565 -0.0159522520765593 0
2382 -0.001184932007256107 -0.01768135640723903 0
2383 -0.0001835448373126602 -0.01603114107124501 0
2384 0.0007889386849695113 -0.01774640320824132 0
2385 0.001690885567062269 -0.01611527690716761 0
2386 0.002748405123116626 -0.01781615857741291 0
2387 0.003810574889768136 -0.01601711170750911 0
2388 -0.001507520297074837 0.00157436257457735 0
2389 0.004772564317452487 -0.01786905131112428 0
2390 -0.004302657734422873 0.001493134361654149 0
2391 0.01714619782461443 -0.008135507271330686 0
2392 -0.0008060769781272191 0.002065588669219854 0
2393 -0.01313177658034144 -0.007105673260410731 0
2394 -0.01495862010797865 -0.006821497610539427 0
2395 -0.01377425954451651 -0.00540430657122148 0
2396 -0.01563103766338616 -0.005057743569883855 0
2397 -0.01687729047081125 -0.006551497532366281 0
2398 -0.01756117521870573 -0.004687236467960794 0
2399 -0.01627412540500599 -0.003194812274004011 0
2400 -0.01823685413106214 -0.00278714773376312 0
2401 -0.01689881317051913 -0.00124125708451667 0
2402 -0.01548388468985698 -0.0101058667660295 0
2403 -0.01475141009556741 -0.01188723649622676 0
2404 -0.009871982341644034 -0.01543692968034237 0
2405 -0.01890556517115714 -0.0008472115057692806 0
2406 -0.01753725526436831 0.0007233421189546307 0
2407 0.0009651376300496508 0.0003930512642007584 0
2408 0.005915717139486514 -0.0162964265847924 0
2409 0.004484156316925931 -0.003274492696825015 0
2410 0.01763255303333079 0.004968622092916595 0
2411 0.01818531581543047 0.003016459597975639 0
2412 -0.01960607509269674 0.001129179308364002 0
2413 -0.01818067888471262 0.002705796265801133 0
2414 0.01453756566503175 0.009189253134596339 0
2415 0.01652889309174362 0.008792698503755053 0
2416 0.01587435365626708 0.01077909509397148 0
2417 0.003042294325225132 -0.009475744249337449 0
2418 0.004338065797510251 -0.009544993592963668 0
2419 0.01677919588748718 0.001589730524058974 0
2420 0.01872624758467761 0.001011904257197407 0
2421 -0.006942334144636279 0.01635490304463405 0
2422 0.007541170779668215 0.0007911353004268406 0
2423 0.008377357259448461 0.001615641612387021 0
2424 7.617887822833385e-05 0.002142183234066882 0
2425 0.001215913751212749 0.002446636410700552 0
2426 0.001227629435350099 0.001997315333710952 0
2427 -0.01030826724180395 0.01555802844413518 0
2428 -0.01151928370389865 0.01371387083301711 0
2429 -0.01071378606366923 0.01182352780123746 0
2430 -0.01271280315572135 0.0120820714455091 0
2431 -0.0004013778708320277 -0.006260318256794718 0
2432 0.001938314343833853 -0.01953531899454741 0
2433 -0.001130083946666688 0.01866945925454089 0
2434 0.0008779523294339833 0.01822988085476902 0
2435 0.006882112788142975 0.002906770369131896 0
2436 -0.0092695434740934 -0.001832267841514497 0
2437 -0.01195255092027226 0.01023864225870458 0
2438 -0.0139157509628733 0.01048778571640007 0
2439 -0.01312315279560888 0.008771495555647607 0
2440 -0.01508437671814497 0.008928977242988525 0
2441 0.006847171502536651 -0.01796967455262508 0
2442 0.002783391809457678 -0.001807533109651776 0
2443 -0.00126030604432798 -0.008986345248986246 0
2444 -0.003220033465195152 0.01903181438060353 0
2445 -0.004445414775321131 0.002199743916157531 0
2446 -0.003927973924852687 0.002730255850189317 0
2447 0.0172287579010929 -0.0003966059844353576 0
2448 0.01917702730670002 -0.0009652467714425241 0
2449 0.004233892190904574 0.01224494040619241 0
2450 0.005345744668060663 0.01356298716107782 0
2451 0.007108987690279848 0.01323710493491155 0
2452 0.006475985627119683 0.01494103997674934 0
2453 0.008416532102101092 0.01457815869420889 0
2454 0.007620993345730926 0.01657307088986525 0
2455 0.009789184610136004 0.01607976701745576 0
2456 -0.004990692307598638 0.001732221340339904 0
2457 0.004767695115971659 -0.006836189390266751 0
2458 -0.02016009106313161 -0.002372197711708965 0
2459 -0.01596608447816272 0.01080037113275976 0
2460 -0.01730516920199945 0.008684780301208651 0
2461 -0.01348611389269101 0.01400795418467212 0
2462 -0.01615477590146733 0.002216193209670126 0
2463 -0.004273101777644923 -0.01941715919359222 0
2464 -0.009114198287978515 -0.0172735548664255 0
2465 0.0003130264307162351 0.00100412803272775 0
2466 0.0002917265695213091 0.001080950425352674 0
2467 -0.001976627286231609 -0.002723159438444739 0
2468 -0.002426832511392109 -0.002615127316085878 0
2469 -0.002308375739727699 -0.003121572362398144 0
2470 -0.002839113623769595 -0.002977411900385625 0
2471 -0.002700014778154532 -0.003572083465835534 0
2472 -0.002160339379784024 -0.003712733396156842 0
2473 -0.001010585106505594 0.003444590112703005 0
2474 -0.0005839653314342825 0.003808388861633747 0
2475 -0.00115954894198063 0.004023884146914203 0
2476 0.003513379853378342 -0.01069450775625778 0
2477 0.00491224375851104 -0.01078512388023303 0
2478 0.005727544086876695 -0.009566077063908792 0
2479 0.006373846388014991 -0.01088227534104774 0
2480 0.01969570076193568 0.004510848562423635 0
2481 -0.001095076147790585 -0.01431187401790741 0
2482 0.0009290906218150096 0.001745847429126425 0
2483 0.001264677838156912 0.001568403342301091 0
2484 0.001593928144998928 0.001795410485591353 0
2485 0.001614165287813701 0.001428034489528454 0
2486 0.001932178099656334 0.001607746624333095 0
2487 0.001973193765821717 0.002029751408574814 0
2488 0.001919227262438754 0.00122943133423955 0
2489 0.002275224474125319 0.001410611767519901 0
2490 0.001592953690679062 0.001081067871437019 0
2491 0.001896430415713772 0.0008854071849696743 0
2492 0.001613881505883909 0.0007100904607041895 0
2493 0.001882174569418298 0.0005714290878172873 0
2494 0.001637585612800725 0.00041688148213038 0
2495 0.0002534119752533158 0.02028090611863776 0
2496 0.002396888402484724 0.01984226770138045 0
2497 0.01548033291863181 0.0001640688784321854 0
2498 0.001191273608512388 0.002949730869472317 0
2499 0.00138234795988786 0.0008600123607959494 0
2500 0.004855559973267859 -0.002687862311319025 0
2501 0.001872994381286829 0.0002919914391932196 0
2502 0.001651718129110341 0.0001543597108343795 0
2503 0.01618197284618385 -0.006427459146112603 0
2504 0.01816313329163758 -0.006424333176453206 0
2505 -0.004812209822572734 0.0008953570567873947 0
2506 0.00872463790599153 0.0004440653106564425 0
2507 0.00959995867833064 0.001352891873417705 0
2508 -0.001603478276707898 0.01354270013289259 0
2509 -0.01891541581785174 -0.006250925529735335 0
2510 -0.01680605133869686 -0.0117220343561006 0
2511 -0.02033724989825736 0.003222438574042374 0
2512 0.005492351316354747 0.004700055534143353 0
2513 0.007990391784383811 -0.01590794932290751 0
2514 0.008971472273230025 -0.01799298644057429 0
2515 0.0009556490654574238 0.001425453374488257 0
2516 0.0006991554947035378 0.001484064953897949 0
2517 -0.01597775263545809 -0.01371438303377792 0
2518 0.001027015128101477 0.005897560309794365 0
2519 -0.01474090115685273 -0.001696900957570169 0
2520 -0.01116924915480602 -0.01708809159792429 0
2521 -0.003317740976195521 -0.003400972971185997 0
2522 -0.003436825671805286 -0.002671935085433281 0
2523 0.009052857929356794 0.01808467690222303 0
2524 0.01121698926377505 0.01767738800834211 0
2525 0.009323879710081901 0.002763443921645906 0
2526 0.01443886348626934 -0.01580963622098734 0
2527 0.00572722787204845 -0.02003599907677343 0
2528 -0.008686808074587085 -0.007006762259327021 0
2529 -0.003148003797095079 -0.004076945073371167 0
2530 -0.0006469714031253991 0.00443091648328121 0
2531 -0.002427643626455598 0.002324793266474078 0
2532 0.01193968852070985 0.01556596459162442 0
2533 0.001721620436646853 0.02199799772326451 0
2534 0.002274819300575722 0.008633211523673681 0
2535 0.007771379195219513 -0.0002686932215737537 0
2536 0.01800373377306736 0.01034708265882605 0
2537 0.01728883438167833 0.01244837485876963 0
2538 0.004167230525935919 -0.002653568584726289 0
2539 0.003815424746820164 -0.003208670115153684 0
2540 -0.006160893885079863 -0.009740585841284672 0
2541 0.003959621682917196 0.02152224830130656 0
2542 0.00362942516266285 0.01384424547071283 0
2543 0.0208072988989688 0.0004868930633741209 0
2544 0.001863785460593751 3.076395570665343e-05 0
2545 0.00164299629780911 -7.706353048584132e-05 0
2546 0.001443598153535142 5.122949437765568e-05 0
2547 0.001455971378310437 -0.0001691872912389117 0
2548 0.001623348797762658 -0.0002908301179373878 0
2549 0.001434073325057706 -0.0003769387742996116 0
2550 0.001600891643452227 -0.0004966788836171133 0
2551 0.001427879873922746 -0.0005849645482172873 0
2552 0.009965851092315041 9.493897732087262e-05 0
2553 0.01091360614031313 0.001074899650008055 0
2554 0.01130568663426459 -0.0002676233839517971 0
2555 -0.01033560058618362 -0.01910029923357492 0
2556 0.01585407867973337 -0.001624144801921587 0
2557 -0.01394086549760818 0.007018211410439785 0
2558 -0.01813843733214485 0.01111022760989683 0
2559 -0.01966145049785559 0.009426892567618169 0
2560 -0.005985686799896658 0.0104505789359736 0
2561 0.02152333107011344 -0.002098788365424999 0
2562 -0.01121011493990096 0.008617840044024652 0
2563 -0.001264852665555804 0.004688850002700941 0
2564 -0.001813313154289316 0.004224328921839544 0
2565 -0.001940772297580679 0.0049508055034495 0
2566 -0.00252795853558024 0.004444687379441752 0
2567 -0.002675514872362106 0.005240617339970397 0
2568 0.002519800336002457 0.01250148990628521 0
2569 -0.0051654753401874 0.002491953962127948 0
2570 -0.005820471693771484 0.001907977921434728 0
2571 0.0001964553913801215 0.001096998630583045 0
2572 0.0002668800005301132 0.001180250103311906 0
2573 0.0001580825417412079 0.001213253593298696 0
2574 0.0002401494310698825 0.001305692858343306 0
2575 0.0001043003342223037 0.001342092928330175 0
2576 0.0003802973865667913 0.001139100322631291 0
2577 0.0002139425663713229 0.001458519790920852 0
2578 4.54565609045968e-05 0.001497589746000396 0
2579 -6.019870822586326e-05 0.001349383118634369 0
2580 -0.0001304493375135687 0.001526474575683125 0
2581 -0.0002530235531250936 0.001362833650269642 0
2582 -0.0003157523056002184 0.00156201121916979 0
2583 -0.0004310924925682434 0.001417865035221702 0
2584 0.002117755309885527 0.0001560508948473389 0
2585 0.00412506424403095 -0.01201329036202912 0
2586 0.002608559761031836 -0.01187339062371952 0
2587 -0.0120265972790161 -0.005691674577547971 0
2588 0.01352412646537502 0.01737653292771536 0
2589 0.001581178329627889 -0.0007041412146681175 0
2590 0.001392157372330298 -0.0007830410563585227 0
2591 0.001237153034222775 -0.0006617780870769566 0
2592 0.001213019751343243 -0.0008513896860382346 0
2593 0.001354153133119414 -0.0009755416850682863 0
2594 0.001176949717567997 -0.001033592594174002 0
2595 0.001015398309315746 -0.0009244019659400136 0
2596 0.001000677387322654 -0.001101161521088908 0
2597 0.001131002277708105 -0.001212743815997999 0
2598 0.0009506907501593364 -0.001261640798509571 0
2599 0.0008363265549513393 -0.001133900569417267 0
2600 0.0007611806483109393 -0.001280424743997827 0
2601 0.0008943867329334115 -0.00143697816047245 0
2602 0.0007048296603623853 -0.001467499490102549 0
2603 0.0005827969660174168 -0.001328524589328824 0
2604 0.0005215258177408276 -0.00149588067519934 0
2605 0.0004154501723062525 -0.001358633378188761 0
2606 0.0003472511149531611 -0.001520712752169448 0
2607 0.0008337898028931103 -0.001631574116753778 0
2608 0.0002365261204896798 -0.0013752039330463 0
2609 0.0001736032799573327 -0.001544294721060439 0
2610 6.225595200595705e-05 -0.001417694782306659 0
2611 -4.772150485208517e-07 -0.001573113035194753 0
2612 -0.0001158804989447687 -0.001419439089819829 0
2613 -0.0001754465939804272 -0.001594531824463933 0
2614 -0.0002860863504756656 -0.001454600817592736 0
2615 0.0004496646859255081 -0.001638874650077712 0
2616 0.0001255335575653099 -0.00173746089981188 0
2617 -0.0003614068120423841 -0.001631371263289435 0
2618 -0.0004630062918449462 -0.001478724785845525 0
2619 -0.000383554967096957 -0.001310025155240058 0
2620 -0.0005551291515583196 -0.001338063931199429 0
2621 -0.0004973322599134642 -0.001182685127857872 0
2622 -0.0006432424716593312 -0.001211574971469726 0
2623 -0.0007156561578498375 -0.001350389288229613 0
2624 -0.0007997883445883652 -0.001188275467255676 0
2625 -0.0005705102323503627 -0.001633560921483796 0
2626 -0.0008934876121401917 -0.001382970224376563 0
2627 -0.0009860618950347682 -0.001215343930041506 0
2628 -0.0009020232748627802 -0.001069665469458461 0
2629 -0.001063118463514215 -0.001036501034035161 0
2630 -0.001175538507314291 -0.001214850498410612 0
2631 -0.00126783562811054 -0.001040708065247073 0
2632 -0.001167714655104622 -0.0008754929738092178 0
2633 -0.001353663916005615 -0.0008672863967883167 0
2634 -0.001227974706251011 -0.0007018171042857803 0
2635 -0.001428150808504443 -0.0006986488155810479 0
2636 -0.001326115411630501 -0.0005621635287762267 0
2637 -0.001507748603944415 -0.0005375928972918582 0
2638 -0.001384691425394042 -0.000397240124724915 0
2639 -0.001585636765465756 -0.0003723902580298464 0
2640 -0.001486442643955728 -0.0002253428834763218 0
2641 -0.001674663434144109 -0.0002003494220284572 0
2642 -0.001540440442423614 -3.532180166104178e-05 0
2643 -0.001483807508086954 -0.001021971938647326 0
2644 -0.001770543154054841 -1.348839743712571e-05 0
2645 -0.001639835194922703 0.0001532671649042996 0
2646 -0.001443647993929218 0.0001436609733435446 0
2647 -0.001521059233843688 0.0003122060741144305 0
2648 -0.001345751135889526 0.0002764685013607633 0
2649 -0.001377983885107285 0.0004513281041389944 0
2650 -0.001598627054828342 0.0004911344634174298 0
2651 -0.001464817996130798 0.0006443752060109508 0
2652 -0.001686840901480221 0.0006953857511905985 0
2653 -0.001271087674156284 0.0006172716881005771 0
2654 -0.001335503516802584 0.0007921135527713625 0
2655 -0.001137407550582 0.0007603115200176493 0
2656 -0.0007862227488365426 0.0006936960833405796 0
2657 -0.001209019205524053 0.0009260707744244025 0
2658 -0.001036602769817913 0.0008886747107361479 0
2659 -0.001091479702917062 0.001051827209456742 0
2660 -0.0009233929430745864 0.001026037458438291 0
2661 -0.0009781641732116669 0.001178228791567334 0
2662 -0.0008172474408610398 0.001145978323499929 0
2663 -0.000852826712834835 0.001322261696000173 0
2664 -0.003975972273352985 -0.003831001135042169 0
2665 0.01249307130561728 0.01989252603628497 0
2666 0.007092865943262364 -0.009665132297296099 0
2667 0.007855159414005913 -0.01097635922070771 0
2668 -0.02181096734058648 0.001493141145683396 0
2669 -0.001303388665435003 -0.0002388538733109809 0
2670 -0.001396564370208678 0.000978124743224326 0
2671 -0.01263131986407198 -0.004095841090787641 0
2672 0.00217183502000251 0.0006973718639302426 0
2673 -0.003653985499754687 -0.004606542107499189 0
2674 -0.02259994652114296 0.003728627854841719 0
2675 -0.001263988858795304 0.000140042721080565 0
2676 0.01008484440201866 -0.01620068877740996 0
2677 0.01113837817288684 -0.01812867478004374 0
2678 0.00709382916849101 -0.01229802793280061 0
2679 0.008684601167041773 -0.01239742918661571 0
2680 -0.00117464058503082 -0.0005620722752942547 0
2681 0.004518975733666558 -0.002078693813183403 0
2682 0.005237644851645793 -0.002098027320851099 0
2683 0.0007639690368016469 0.001254456338588836 0
2684 0.0009485163190703554 0.001174187012047717 0
2685 -0.0007614690644630294 0.0009880603887090931 0
2686 -0.000675732709973629 0.001101170093788766 0
2687 0.001787185760731492 -0.000618096454778163 0
2688 -4.04200241646467e-05 -0.001282270342022181 0
2689 0.001295136646168397 -7.066484546213371e-05 0
2690 0.001278872265059628 9.168007121489355e-05 0
2691 -0.0005517802011646928 0.02243455444234575 0
2692 0.006480878497224438 -0.008372743757385186 0
2693 0.007789989246777432 -0.008557901161577808 0
2694 -0.01821146981147942 -0.01344159587750456 0
2695 -0.01948266782405093 -0.01135735970148523 0
2696 0.00286653693581209 0.01772998286918333 0
2697 0.0004781098502830965 -0.001219322796628471 0
2698 0.007741403060460048 0.006129232599019901 0
2699 -0.001936209316650029 -0.0001911349723375568 0
2700 0.01132136843188236 -0.01097520937175886 0
2701 -0.0003841002537141731 0.001255270765786877 0
2702 0.003546256293818496 -0.002619026756212567 0
2703 0.003197440229503188 -0.003135138918305762 0
2704 0.003423552077305965 -0.003738359206271607 0
2705 0.002834415734873377 -0.003634557048835118 0
2706 -0.01877030909377509 0.004806880326758424 0
2707 0.02062681971605615 -0.009868268012714551 0
2708 0.0007819668347908364 0.001052322793030032 0
2709 0.0009250177844544372 0.0009923324427423212 0
2710 -0.0005117237038677874 0.0016058689949189 0
2711 -0.0003718583043251842 0.001771393235527653 0
2712 -0.002480196575682467 0.01098427145223625 0
2713 0.009837655582907265 -0.01998504356388727 0
2714 0.01230487269851431 -0.02016890927576905 0
2715 -0.01246246242800635 -0.01884588631407436 0
2716 0.004868180872680289 -0.001508191668514166 0
2717 0.005639372681291586 -0.001469546081387224 0
2718 0.0001743063542237642 0.00163858617995061 0
2719 -0.0005974409894309934 -0.001091775390854918 0
2720 0.01069798905693039 0.005187570679469396 0
2721 -0.001095484860294806 0.0005986616504823506 0
2722 -0.001031314361617716 0.0006999415558608535 0
2723 -0.000907120255670493 0.0008158388691761609 0
2724 0.008951772250819676 0.01269781736855228 0
2725 -0.01170860863763282 -0.01495592445424442 0
2726 0.0009411237100414483 0.02417036765503349 0
2727 0.01379415772438998 0.01118135438881973 0
2728 0.0123237265238178 0.0007733838091893657 0
2729 0.01181816871767388 0.002138403055523893 0
2730 0.01273476754895531 -0.0006735764050929447 0
2731 -0.0003776663531854511 -0.001175326804797239 0
2732 -0.003298466538345309 0.004704518646448287 0
2733 0.001858416083743869 0.01427474175577248 0
2734 -0.01161526290040503 -0.021043059657686 0
2735 -0.009112185794476932 -0.02150262509238144 0
2736 -0.003099042618456345 0.003912282597888681 0
2737 -0.01732078258469783 -0.01558905243504599 0
2738 -0.00105687033545503 0.001362268956903253 0
2739 0.006842216876734016 0.01865598648687058 0
2740 0.008442957363735095 0.0202600850678448 0
2741 0.001635779161498099 0.002732887402092615 0
2742 0.001629396106237172 0.003273545490979646 0
2743 0.002182958732862379 0.0029152767549678 0
2744 0.001297812726381296 0.001090986207923208 0
2745 -0.0009140993608613553 0.001532113703140184 0
2746 0.01861986344433465 0.008307805058987551 0
2747 0.02023363754387204 0.009864437054799217 0
2748 -0.001621386789938679 -0.0006892964811829914 0
2749 -0.001193081271306761 0.0002700375874611468 0
2750 0.01932424753099563 -0.0160094316054386 0
2751 0.01424731781532775 0.01509136585809041 0
2752 0.01574962043373913 0.01691629572813818 0
2753 0.02301206712319661 -9.995078474403037e-05 0
2754 0.02254726405222441 0.002396630935592589 0
2755 -0.01100235588686149 -0.004387310587132335 0
2756 -0.01155092088163695 -0.002862808142712355 0
2757 -0.001359489709680168 5.520384470364991e-06 0
2758 -0.01674600307691558 0.01291283075897757 0
2759 -0.01901347923288071 0.01326998248392918 0
2760 -0.0176767998995511 0.0150948788521035 0
2761 -0.003458249517316875 0.005597519667582759 0
2762 -0.0004389788975328478 -0.001084484131358958 0
2763 0.01741461380238832 -0.004394541677471013 0
2764 0.002599378108994015 -0.003016141073758209 0
2765 0.0022776152771781 -0.003546783767642158 0
2766 0.002478485814280238 -0.004104413719918033 0
2767 0.001906140017321823 -0.004022599357587094 0
2768 0.002109940962697032 -0.004602063977231725 0
2769 0.001470717496032917 -0.004521777689226055 0
2770 0.001722584980638019 -0.005154125564401609 0
2771 0.001037513917338722 -0.005050266442568361 0
2772 0.001299455966615615 -0.005732682291526044 0
2773 0.02088883519943749 0.007324334423354187 0
2774 0.01933654586675073 -0.004970367681838737 0
2775 -4.475391480796003e-05 0.004160185223520216 0
2776 -9.826460019259515e-05 0.004841995829798738 0
2777 0.0005420822637239773 0.004582330401097064 0
2778 0.0007766812542807642 -0.004347479290397354 0
2779 0.0003542515820295997 -0.004922214963622796 0
2780 8.87977320006918e-05 -0.004310000753253231 0
2781 -0.0003133557310811861 -0.00481536269415316 0
2782 -0.0005468211067492666 -0.004204941578536579 0
2783 -0.0009673832307131591 -0.004703780182917307 0
2784 0.005992248141657123 -0.002092240423495306 0
2785 0.006496374935295743 -0.001414611334378762 0
2786 0.01518321767579442 -0.004747163803872189 0
2787 -0.004478445151788849 -0.00443959448936081 0
2788 0.003255617294084087 -0.01326237820312826 0
2789 0.001672375182558212 -0.01311073150098508 0
2790 0.001106300797783454 -0.01163862117051971 0
2791 0.004761519489335514 -0.01338574113159194 0
2792 -0.00119804548960204 0.0004777138979309381 0
2793 -0.0006415010283282467 0.0009867511900695006 0
2794 -0.0005565503496410375 0.001057182996501154 0
2795 -0.0005783805832439385 0.001173330765120127 0
2796 -0.003867694263681129 0.00411217126212789 0
2797 -0.00201625811747748 4.973616737265701e-05 0
2798 -0.0005675276579843599 0.000887998160361631 0
2799 -0.0006290103284079842 0.0008649128385488672 0
2800 0.0005321518789069536 0.001382200800225 0
2801 0.001081789160271343 6.992139596632457e-05 0
2802 0.001390445043082813 0.0006087043476006834 0
2803 0.00121608130051033 0.0007149223578614306 0
2804 0.0012141225723899 0.0005413177797109566 0
2805 0.001068931535578715 0.0006126281336438155 0
2806 0.001098201851100998 0.0004766383311180341 0
2807 0.001199278352965134 0.0004066129687520769 0
2808 -0.0002640615003126813 0.002264308517795593 0
2809 0.0006017730623747205 0.001134729497736779 0
2810 0.0003994811953611661 0.002002463776478423 0
2811 0.001062771011460724 0.0007667618769734152 0
2812 -0.001155659929834289 -0.004075874888274796 0
2813 -0.0015488943075237 -0.004547580072476804 0
2814 -0.001425532909859359 -0.00526543049539652 0
2815 -0.005995233037552001 0.002782964282973322 0
2816 -0.005232411505328498 0.003389919636654093 0
2817 0.001095987506251511 -3.760049096110035e-05 0
2818 -0.0007486437193895753 -0.00359758591971626 0
2819 0.002091384433080448 -0.0001191444472553891 0
2820 0.002381006121824439 -2.097774294944721e-06 0
2821 0.001472072583599879 0.0002557137811506553 0
2822 0.00115603374660123 0.0001337960020470044 0
2823 0.001113943305435272 0.000229872074490582 0
2824 0.00122367341476002 0.0002127843505795251 0
2825 -0.0006937175180871837 -0.002025911683390798 0
2826 -0.001047689800137614 0.000465723275976639 0
2827 -0.0007408026951551899 0.0007348273029055469 0
2828 -0.0007928486570788346 0.000756156125649812 0
2829 0.0001891821612922452 -0.001047088817304561 0
2830 0.0001453095066306067 -0.001119399117758824 0
2831 0.0002216372711576927 -0.001110810182555035 0
2832 6.136487552684187e-05 -0.001120935841689519 0
2833 0.0001162243051595848 -0.001199345891494416 0
2834 -0.001221139702009012 7.213498516114132e-06 0
2835 -0.002922670146029485 -0.004801912848619881 0
2836 -0.003315248868719907 -0.005366611860307707 0
2837 0.006107829639939675 -0.0007547419728827925 0
2838 0.003690638697092784 0.001939544238783958 0
2839 0.002994683562910714 0.002106321774975053 0
2840 0.003125510705243998 0.001425499081046804 0
2841 0.0008171310369874682 0.000909866805194214 0
2842 -0.001009681361239404 -0.0003210040623470123 0
2843 -0.001061990885687523 -0.0003848597917751466 0
2844 -0.001088648128912226 -0.0003005420972745164 0
2845 -0.001025362775556667 -0.0004549418757525105 0
2846 -0.001157889963829487 -0.0003816175528626946 0
2847 -0.00102743746471256 0.0002557929143005657 0
2848 -0.0002347193597159788 -0.00130008679908429 0
2849 -0.0002138112712567954 -0.001175765868169851 0
2850 0.02031297829112328 -0.006454968118963613 0
2851 -0.006324904330557776 -0.01926165809512243 0
2852 -0.00539403584807791 -0.02126689158429631 0
2853 -0.003171585249734048 -0.02139907260638323 0
2854 -0.004416498824593854 -0.02337126967750693 0
2855 -0.00199171624789954 -0.02343789003623829 0
2856 0.0007903360260493057 -0.0006975565902337295 0
2857 0.000813401397968587 -0.0007650505165209677 0
2858 0.0007558064889062131 -0.0008240333233688811 0
2859 0.0008700895022635014 -0.0007069124304890248 0
2860 0.0008351611449940526 -0.0008512548266345107 0
2861 0.000767853923453403 -0.0009126312377129354 0
2862 0.002424349989198581 0.005492492330720647 0
2863 0.001833131992424704 0.00469579000028501 0
2864 0.0236644097959005 -0.002249448361640575 0
2865 0.01339363856357244 0.001942819018098273 0
2866 0.002222720111841218 -0.0008841778991146228 0
2867 0.0006948720294786901 0.0008070210332194332 0
2868 0.002935898221999371 0.003816588602099304 0
2869 0.0007898382746862122 0.0006874037275168504 0
2870 0.0008066852748702855 0.0007448670348251311 0
2871 -0.0002522241350114219 0.001028276601359288 0
2872 -0.0003073234415097928 0.001085164837256795 0
2873 -0.0002364667075489652 0.001104399467639575 0
2874 -0.0003849995121303339 0.001049710385775168 0
2875 -0.00075974904596453 -0.001540203030192871 0
2876 -0.0008508355661332734 0.0007071113837889431 0
2877 -0.0009861271593641916 0.0003917376894467653 0
2878 -0.0005838013124538458 -0.0008775783812753075 0
2879 -0.0006504179428330593 -0.0009051177407763769 0
2880 -0.0005825003650949476 -0.0009488208766446066 0
2881 -0.0006590278150852566 -0.001003569554745985 0
2882 -0.0007376669820528091 -0.0009429375758743649 0
2883 0.0003697036195753984 0.001600803500910243 0
2884 -0.006669160772153129 0.002155159682606003 0
2885 -0.006466452303447685 0.001256116772335925 0
2886 0.002162775481173488 0.003601619715252977 0
2887 6.83876657655143e-05 -0.002138911369912423 0
2888 -0.02428303475849993 0.00202992624919651 0
2889 -0.02329942513894728 -0.0004367114823200328 0
2890 -0.02500564174890552 0.004330802665916861 0
2891 -0.02317476836112064 0.006081997960697495 0
2892 0.0006204649767149701 -0.001173633692014927 0
2893 0.0006749245182501024 -0.002312580698632421 0
2894 0.001004012713681857 -0.002066513868004935 0
2895 0.0005647525187710635 -0.002033643418776633 0
2896 0.0009622980777809551 0.0006729340954482404 0
2897 0.001034276996305153 0.003525881448399133 0
2898 0.0005282888731121104 -0.0009241507110119367 0
2899 0.0005164160674218712 -0.001009168880798838 0
2900 0.0004369132013581026 -0.001038748054775845 0
2901 0.0005968147767008646 -0.0009727760409024947 0
2902 -0.01517741548364657 -0.01600465437927343 0
2903 -0.0005162120152749897 -0.0009810958691896007 0
2904 -0.001811138002932109 0.0005148642675995949 0
2905 -0.001977373179199064 0.0007027010660997203 0
2906 -0.001773598149512535 0.0009285605777580178 0
2907 -0.002772627009222744 0.006124622950718864 0
2908 -0.001985014904939463 -0.001176877601455131 0
2909 -0.006787293727724323 -0.0227539208777231 0
2910 -0.001164045152980806 0.001589189607414305 0
2911 -0.01815090206679942 -0.008116021835930019 0
2912 -0.02032418648844884 -0.007854662661985699 0
2913 -0.02104274077370975 -0.005879270346574312 0
2914 0.001665902259615394 -0.001466322681750568 0
2915 0.00129266243777117 -0.001507965340100181 0
2916 -0.001067511974050313 -0.0007408780139735889 0
2917 -0.001007570410987755 -0.0008695334237247693 0
2918 -0.0009368274609355613 -0.0007472777592403666 0
2919 -0.001001126211761438 -0.0006447244209760157 0
2920 -0.0008943601183236526 -0.0008665225291993528 0
2921 0.000882087529694363 0.01280081333660012 0
2922 0.001562402128671794 0.01126824265574084 0
2923 -4.225266827612629e-06 0.01134532653277365 0
2924 -0.001138807049612243 8.997738660623252e-05 0
2925 0.0009236438794592732 -0.000517614954997062 0
2926 0.001004077931229208 -0.0005206935675674034 0
2927 0.001037086845957658 -0.0004409516024361496 0
2928 0.0009546811575655519 -0.0005933029442517629 0
2929 0.001096364762221223 -0.0005182851318360469 0
2930 0.001129534763835924 -0.0004193569242503861 0
2931 -0.01665907402842103 -0.01781564422228921 0
2932 -0.005920563229458742 -0.02493023999642466 0
2933 -0.01044603763835563 -0.005781321596631764 0
2934 -0.02255100926257079 -0.007567387616097198 0
2935 -0.0230771775890743 -0.005186799433549574 0
2936 -0.02131542572311954 -0.009591872953037404 0
2937 0.001765991238214148 -0.0008391761412469521 0
2938 -0.0002639763031808405 -0.00180870938833636 0
2939 0.0005188294297204786 0.0009128094027068826 0
2940 0.0005901735074370733 0.0009312643699620982 0
2941 0.0006604318833793822 0.0008909000711678461 0
2942 -0.02106919014258716 -0.01348245817094799 0
2943 -0.0009894047042816794 -0.021446834437649 0
2944 0.0004021213616124785 -0.02325921346638135 0
2945 -0.0007102077420704899 -0.0008435199604924638 0
2946 -0.0007666171641194064 -0.0007859396835210084 0
2947 -0.0008448773290155342 -0.0006334220892810664 0
2948 -0.001053925463418715 -0.0001184576347240993 0
2949 -0.00110240525513289 -0.0001979552023239822 0
2950 0.01354112004198843 -0.01810850450110965 0
2951 -0.0008368741243801935 0.0006347637145029154 0
2952 0.0001194364207731576 0.001050346166115976 0
2953 0.0008662768388602895 -0.0009477426147760761 0
2954 0.0148908038259399 -0.02027357065437587 0
2955 0.01602928634792137 -0.0181007953356059 0
2956 -0.001520071209100142 -0.001691381227395298 0
2957 0.01038391841459366 -0.001109978015353999 0
2958 -0.001063172907142481 3.742090024187886e-05 0
2959 0.01334742625213903 -0.0224127829867079 0
2960 0.0003232207386821273 -0.001237604149230764 0
2961 -0.0002477564619197051 -0.001023829904563208 0
2962 -0.001252409214765912 -0.001553473349932272 0
2963 -0.00147891674233592 -0.001396482209121847 0
2964 -3.34029696521314e-05 0.006177929184697204 0
2965 0.02117122605024719 -0.004570411631612708 0
2966 0.02268450212721489 -0.006498713922528642 0
2967 0.002358595107775578 0.0003388078836549677 0
2968 0.001179148918875183 0.0008960395777434069 0
2969 0.0009808324604167959 -0.0003895714210432069 0
2970 0.001087629105564418 0.0003771980282775682 0
2971 0.002085012094869505 -0.003043103814379976 0
2972 -0.001370456471183896 -0.003488444375080156 0
2973 0.0009434448081177778 0.0007824841094880865 0
2974 -0.0006941029715911483 -0.00110493661702138 0
2975 0.001042053398829559 -0.001591731655415912 0
2976 0.00156689759767688 -0.001194864064997712 0
2977 0.0002756350775043217 -0.001949932154339828 0
2978 -3.650876968118904e-05 0.001054561197732871 0
2979 -9.704664036798035e-05 0.0011100683959066 0
2980 3.821102269615111e-06 0.001131060947576542 0
2981 0.003508644682009072 -0.0045291571230967 0
2982 -0.0007363780267919537 0.000795667160601535 0
2983 0.002065259103490263 -0.005830046241425974 0
2984 0.01265845770427502 -0.0147589227404821 0
2985 0.001026996535506285 0.0002470867250168095 0
2986 0.007150481124803469 -0.007342014199518089 0
2987 0.008490673295562448 -0.00723075595278358 0
2988 0.01006373402790219 -0.00773566108212419 0
2989 -0.005905027347194297 -0.002487670194526152 0
2990 -0.005007049383413005 -0.002570447244842748 0
2991 -0.005301292069815825 -0.00183191191030806 0
2992 -0.004531753729509098 -0.001903820912362121 0
2993 -0.0048035896452524 -0.001200997995453281 0
2994 -0.004008226134192193 -0.001330648249020477 0
2995 -0.004333648403426988 -0.0006467968707502103 0
2996 -0.005057564573849675 -0.000496118295891628 0
2997 -0.004509962548863077 0.0001041887127931787 0
2998 -0.005338627144870575 0.000244020128264687 0
2999 -0.006408832081889458 -0.001118266518513092 0
3000 -0.003802832991854721 -0.001975570531570592 0
3001 -0.00408355848599417 0.0006861095402412222 0
3002 -0.003662017775667087 -0.000751171899331908 0
3003 -0.004208105474025235 -0.002585059070445049 0
3004 -0.00309196492880555 -0.002063572270308357 0
3005 -0.004566190108933767 -0.003242755545748435 0
3006 -0.0008030854448636533 0.0008232845384528198 0
3007 0.009125793123305928 -0.003005178030728391 0
3008 0.00130132716361148 -0.000233560027907555 0
3009 0.001202532058765782 -0.0001617595594406224 0
3010 0.01166608414696947 -0.0131643878236382 0
3011 -0.002117983291422541 -0.0004119440457819666 0
3012 0.02278965121147158 0.009520176936307681 0
3013 0.02352467807730452 0.007009864046085829 0
3014 0.02640745925262103 0.006588713763641798 0
3015 0.02439786517194687 0.004507470478154252 0
3016 -0.001008611481669853 0.0005517762497098938 0
3017 0.01266304159456705 0.01308681113957179 0
3018 0.001201359728482237 -0.0005089500719798405 0
3019 -0.004657831328360697 -0.005723549473477007 0
3020 0.001318329605031394 0.0004510490452617454 0
3021 0.001043110969018696 -0.0003512706423913324 0
3022 0.001126708514281717 -0.000310665304786994 0
3023 0.001245451600996978 -0.0003671461234860419 0
3024 -0.0007561095735562207 0.000875082749290051 0
3025 -0.000643805576563171 0.001443758998096753 0
3026 0.003191968359043609 0.01105535348695354 0
3027 -0.0003054095466113837 -0.001068035186753508 0
3028 0.003861293572748022 -0.00209044566993892 0
3029 0.0005737305830704976 -0.006295443872558424 0
3030 -0.01309816415966692 -0.002535199443293431 0
3031 -0.01194522090821409 -0.001316142131205862 0
3032 0.0008792414538280113 -0.0005768799840015556 0
3033 0.005934438341810864 -0.007234776783955007 0
3034 0.005000909883525259 -0.0082371477212485 0
3035 0.00564873511694242 -0.006248632420737891 0
3036 0.008024505198839189 -0.003042461703277564 0
3037 0.008530546650813084 -0.002007032453303411 0
3038 0.007395217867882786 -0.002404814495781733 0
3039 0.006037923638544074 -0.003288708145917609 0
3040 0.0006924012084604774 -0.0008735397385936151 0
3041 -0.003877087474519576 -0.0001517733619880317 0
3042 -0.002973985420277804 -0.01426958426163951 0
3043 -0.003754644890399439 -0.01266288030935988 0
3044 -0.002054356154439245 -0.01274435545423472 0
3045 -0.002822344777251592 -0.01133784233648877 0
3046 -0.001347753958660614 -0.01136462598940186 0
3047 -0.004281685056386085 -0.01114900120280682 0
3048 -0.005492331146617875 -0.01236290307755493 0
3049 -0.0002318633368902166 -0.01267570989715116 0
3050 0.007750327583439711 -0.01386491206611563 0
3051 0.009579387958897791 -0.013978747302283 0
3052 0.003341742782162539 0.0008323753313614929 0
3053 0.002788870586525265 0.000894658410229875 0
3054 -0.001149647115043788 -9.249104472325424e-05 0
3055 -0.002323692918557378 0.0008532880683811083 0
3056 0.001066372616779107 -0.0007346082836776484 0
3057 0.0009642765849460131 -0.0008129726158124718 0
3058 0.01426932848877859 -0.00652757828591157 0
3059 -0.0009125888167724297 0.0006333174564331515 0
3060 0.009512195520522767 -0.006230119943793841 0
3061 -0.01122387732609701 -0.007315278612692645 0
3062 -0.001086524532116359 0.0003120284854570852 0
3063 -0.01554691387076119 0.0002673277862788564 0
3064 -0.01428717691959396 0.001751865891013447 0
3065 -0.01481983418821282 0.00359715460674618 0
3066 -0.01307020793544998 0.003142298441553773 0
3067 -0.01249528791195879 0.001253071648951803 0
3068 -0.01381231311564405 -9.898445029968468e-06 0
3069 -0.01352888907197538 0.004886815711646631 0
3070 -0.01195330938429607 0.004354562412622928 0
3071 -0.01226432277693029 0.006103636625140043 0
3072 -0.0001775921181305646 0.001250804995843865 0
3073 -0.01007252300980437 0.01004733206472819 0
3074 -0.009407697239433353 0.008292626946227162 0
3075 -0.008231596987799355 0.009463908349462471 0
3076 -0.01059788984911187 0.006960500432057199 0
3077 -0.009007174007928977 0.006803760895927807 0
3078 -0.01406009777528632 -0.02082015693315229 0
3079 -0.01314272029353739 -0.02322426051288858 0
3080 -0.00133621560802354 0.005419548915467704 0
3081 0.0009536142036920841 0.0004528891893462011 0
3082 -0.001332960828673484 -0.006172328632603604 0
3083 -0.01673799893855402 0.004170246029774217 0
3084 -0.0172266429863252 0.006254770963506512 0
3085 0.003271477946862462 -0.00208508299916698 0
3086 0.003599200636016521 -0.001554176946416376 0
3087 0.003014422947561297 -0.00257680090500483 0
3088 0.004189475275636286 -0.001544535644609029 0
3089 -0.009912187144341545 -0.003183517435903959 0
3090 -0.001891258328321495 -0.0005532710364422928 0
3091 0.0007000974091786048 -0.001063306224292715 0
3092 0.02190030457368812 0.01196838805113915 0
3093 0.0008877731825250227 -0.0006381998627075796 0
3094 0.0009688671378967484 -0.0006744223993779614 0
3095 0.001039360922473281 -0.0006056468464897763 0
3096 -0.01145434353741385 0.002688987041353725 0
3097 0.001322055031084746 -0.003955793992166711 0
3098 0.003251518728365571 0.01574345030794536 0
3099 0.001838787193014462 -0.0002134029912600868 0
3100 0.002032400060908099 -0.0004081844006795654 0
3101 0.0175363204679119 -0.002263871170302283 0
3102 -0.0004673003249136318 0.001133214202973444 0
3103 0.009178529957707753 0.005707374457939562 0
3104 0.008165442930405477 0.004781405930786517 0
3105 0.009459382978415004 0.004280772133366934 0
3106 0.01091514041868414 0.003594105119309406 0
3107 0.01240721847689105 0.004684059597516767 0
3108 -0.002374362549269602 0.003713615898004651 0
3109 -0.002918595487234495 0.003200698837772392 0
3110 0.009482928561792408 -0.01069015289721308 0
3111 -0.008618733897649266 0.01150072405562387 0
3112 -0.002132858489181498 -0.004887826622355198 0
3113 0.003686129801720958 0.009482769204697488 0
3114 0.005693824424911137 0.000510527532184192 0
3115 0.006600631568553394 6.663294791428379e-05 0
3116 -0.0001409139265300887 -0.003727396399411037 0
3117 -0.001974481444606926 -0.01009489957448132 0
3118 -0.0007033700398176119 0.0007569205555029121 0
3119 -0.001808968719021987 0.001248155281783301 0
3120 -7.119658136275445e-05 0.001207543267631467 0
3121 0.006673678684963645 0.005125668580402421 0
3122 0.006301042715702723 0.006644234840163328 0
3123 0.001002803392081562 0.0005188288742342076 0
3124 0.02539975098528147 -0.0005947997422058112 0
3125 0.001038071709637289 -0.0002653550388771464 0
3126 0.002173650517711872 -0.01057280229716995 0
3127 -0.001671336585327675 0.003495340707793392 0
3128 -0.005886449949776008 -0.000388401129574839 0
3129 0.008954319967384886 -0.0008833703926400169 0
3130 0.002822336176408217 0.002733141892922309 0
3131 -0.003252635542442029 -0.009963613415366552 0
3132 -5.030974484999041e-05 0.01448897075871869 0
3133 -0.003598323609077374 0.003390725374265941 0
3134 0.006304426732002471 -0.005569545939218582 0
3135 -0.005605897511577648 0.001066814393886263 0
3136 -8.832223042125846e-05 -0.005471082796440615 0
3137 0.009191278926001172 -0.009030532208989825 0
3138 0.004097119451323685 -0.003851525382125154 0
3139 0.0008881709072986552 0.0005931483546405474 0
3140 0.01828158951849494 -0.009911361850344835 0
3141 -0.01923582826369985 0.007105815053144907 0
3142 -0.0214250057353796 0.007891573589845243 0
3143 -0.02167056056206416 0.01038476218499761 0
3144 0.004527620183805464 0.01933756753556364 0
3145 0.02190635519716132 -0.01648598553029437 0
3146 0.02020583816656582 -0.01858669892485293 0
3147 0.01166747730582131 -0.001541104562903295 0
3148 0.01306299842974079 -0.002332053348224936 0
3149 -0.01441170429826413 -0.003708764832407473 0
3150 0.001626705736448872 -0.006527811567796487 0
3151 -0.0005641113428156635 0.0009585350021970173 0
3152 -0.0004969499739486784 0.0009816095298130244 0
3153 0.002638414005792174 -0.0002529909355167116 0
3154 -0.01368997823349129 -0.01396115117682027 0
3155 -0.01188232170745228 -0.01323547772851879 0
3156 0.01312934074447318 -0.01132870636452859 0
3157 -0.002039501841968407 0.001011067342687487 0
3158 -0.007736436223128252 -0.006057890734751435 0
3159 0.0004512490364814948 0.005317038857448013 0
3160 -0.001431613993158098 0.02461285646463252 0
3161 -0.00298568596311214 0.02281855354368355 0
3162 -0.003898442340104642 0.02515754621235582 0
3163 -0.005513814129134249 0.02320491773685606 0
3164 -0.006116945506377093 0.02521673146099642 0
3165 -0.004434927278473566 0.02098429915532819 0
3166 -0.006972319761769832 0.02124437252275595 0
3167 -0.005898916834579897 0.01926784664214926 0
3168 -0.008359141315895907 0.01949816864382968 0
3169 -0.009399062959884481 0.02144585136126189 0
3170 -0.01079472747298592 0.01953772531420797 0
3171 -0.01184905259667933 0.02168547825083625 0
3172 -0.01318519225098358 0.01972891090403695 0
3173 -0.01216089314717831 0.01732075266615876 0
3174 -0.01467906171720887 0.01797413073120831 0
3175 -0.01432338327079187 0.02193357175943945 0
3176 -0.01281145362199842 0.02421528817595365 0
3177 -0.00813772609217806 0.02382615639572587 0
3178 -0.004989820089713071 0.01736286762200904 0
3179 -0.009602565514939487 0.01773489346105045 0
3180 0.0008251888790127228 -0.0006498251163000996 0
3181 -0.004377364454076649 0.003485823169477023 0
3182 0.001189865890324071 2.492808203524697e-05 0
3183 -0.000677072846700214 -0.0101932897810957 0
3184 -0.001807029974365641 -0.0008945715407855053 0
3185 -0.001705933969985345 -0.00115555034929903 0
3186 -0.006607747098585034 -0.01127324904747148 0
3187 0.02707646098057254 0.003864184549288415 0
3188 0.00519132546986792 0.01687826098089753 0
3189 0.01042218809958938 0.01399736832230489 0
3190 0.01077290951920261 0.01197569112241619 0
3191 0.009207803691975221 0.01097093917440136 0
3192 -0.0006084934207909485 0.001822419591111814 0
3193 -0.0008612973037535677 0.000906113868915275 0
3194 0.0150759205921697 0.01287007746481424 0
3195 0.0007791733164985376 0.0008120509393867123 0
3196 0.006218153420288249 0.02092411247981248 0
3197 0.007864762146756773 0.02247300358254042 0
3198 0.0101958167553546 0.02167882421259743 0
3199 0.005585944585307978 0.02307142954796229 0
3200 0.02468528180445483 0.01187872762803 0
3201 0.02073126606937481 0.01423053941704175 0
3202 0.02187587365455446 0.0166810640064833 0
3203 0.01934591266828314 0.01642642448795753 0
3204 -0.02527851421800307 -0.01104103315962717 0
3205 -0.02553586617786048 0.01078405152055379 0
3206 0.008928718117375986 0.0262730914146592 0
3207 0.008841497701208902 -0.0259723434958301 0
3208 0.006938944320416473 -0.02411171656903766 0
3209 0.004470255675062288 -0.02466839445963302 0
3210 0.003489727158080076 -0.02727156454961144 0
3211 0.005266583938023765 -0.02240016362161868 0
3212 0.007966928590894557 -0.02169824164243698 0
3213 0.002876214940187079 -0.02292139285124245 0
3214 0.000711093345242701 -0.02756082444681599 0
3215 0.01594009389446548 -0.02264253552769675 0
3216 -0.01045473375009754 0.003866828801776684 0
3217 -0.01082884586136094 0.001374635844717295 0
3218 -0.01154495096014601 0.0002442793060624021 0
3219 0.008332359463757599 -0.005930039628821661 0
3220 -0.004109048394306884 0.004933951658893251 0
3221 -0.004358405025877774 0.005892973773549924 0
3222 -0.002159704973223826 0.009659002667923683 0
3223 0.02679247883832595 -0.00682220339880587 0
3224 -0.02280347197334576 0.01558483547951475 0
3225 -0.02252944997926535 -0.01558613019613523 0
3226 -0.00223210520427719 -0.01944680573525285 0
3227 -0.003361485855003403 -0.001636759039214244 0
3228 -0.02092385131222925 0.005472888893221693 0
3229 0.01638734562937846 0.0146087929280315 0
3230 0.0003835994271195026 0.0009823640799522212 0
3231 0.0004361833337597158 0.001041270609698417 0
3232 0.0006273197434892255 -0.01446297575285605 0
3233 -0.002290498643222839 0.002954470042255652 0
3234 0.007656482259900229 0.01159520748228538 0
3235 -0.01067706416823904 -0.001724436613448849 0
3236 -0.003331154369606144 0.002339450634857341 0
3237 0.01702142226538291 -0.01585822739665873 0
3238 -0.009464420483806843 -0.004657123764337369 0
3239 -0.02385237965194506 0.008650689773251608 0
3240 0.001318903443668467 -0.001175728234022797 0
3241 0.01155758954249813 -0.002864781394416258 0
3242 0.01410028039791639 -0.003715986582479184 0
3243 -0.004647612411777493 -0.009619597619690475 0
3244 -0.0009545625101770005 0.001812163390657801 0
3245 -0.001938518419497973 0.006564015858475335 0
3246 0.001312039567468059 0.0003190041650734381 0
3247 0.002438511756686096 0.002276940611047937 0
3248 -0.01537041881686753 0.00555896595855147 0
3249 0.02505098409698019 -0.005316620063889602 0
3250 0.004438524342694711 -0.0005138579120206856 0
3251 -0.001273369324188219 -0.000102791058639813 0
3252 -0.001187688993965437 -0.0002831807984057142 0
3253 -0.001253113679400229 -0.000356588543996111 0
3254 -0.01927167528714037 0.01976495175136276 0
3255 0.01086651274257217 -0.02216126226878111 0
3256 -0.01870761535651259 -0.01962410993676449 0
3257 0.001374649096238827 0.01620054279738476 0
3258 0.02176794913223917 0.004859804490169419 0
3259 0.01425257827009623 -0.001069273796572847 0
3260 0.02498556174938764 0.00186412799820308 0
3261 0.001162019091863453 0.001276215815483921 0
3262 -0.0004561919150848182 0.0009396743296425805 0
3263 0.001118381373616074 -0.0002183422575186538 0
3264 0.02009212152131506 0.01883583996959561 0
3265 0.003268691723069469 0.02367671312302379 0
3266 0.002370122737935793 0.02584370284664283 0
3267 0.01336447924375924 -0.005178665437234002 0
3268 -0.005531293068439884 -0.008618269304156982 0
3269 0.0008528821883700333 0.0006804563316182415 0
3270 0.0160685257344297 0.02244595880538273 0
3271 0.01529898314043262 0.0196186722703886 0
3272 0.01389654849637509 0.02396484309338871 0
3273 -0.02702842635096172 0.002610245659147499 0
3274 -0.02756150318469694 -0.002822511221691183 0
3275 -0.0271130995405504 -0.005653757685712498 0
3276 -0.002803026963788688 0.01241772837106509 0
3277 -0.01954091108350683 -0.00431199228499213 0
3278 -0.01691264760132828 0.0188258968828873 0
3279 0.02314358275688061 -0.009256437696474475 0
3280 -0.0003657307178952581 0.001142644740885718 0
3281 -0.00993317570156795 -0.007878000687129738 0
3282 0.001559821713091259 -0.0009235970965546882 0
3283 -0.006729118039238786 0.01179099769229356 0
3284 0.01945254420917681 0.01216099990336872 0
3285 -7.211176788980522e-05 -0.01955058290613271 0
3286 -0.01618434970782288 -0.008346399006437731 0
3287 -0.001433530958561879 0.01189288206262724 0
3288 -0.00714059495847782 0.0006026584485246313 0
3289 -0.0001690340134307599 0.001059039963673388 0
3290 0.01710193604929238 0.006865067254053131 0
3291 0.02018467115508634 0.002459543683497042 0
3292 0.0006510546378680883 0.0009933050299276317 0
3293 -0.01979692700598349 -0.01554182251551722 0
3294 0.0006889136664400847 -0.000797356898292252 0
3295 -0.007156605314888436 -0.01742264477269417 0
3296 0.002126504573882787 0.009922611039660974 0
3297 0.005586232230881702 -0.002704061990521054 0
3298 -0.02090929058271609 -0.00045773998408342 0
3299 -0.003555298029895438 0.006797249621151947 0
3300 0.01267423239752957 0.009389675405136426 0
3301 0.005306197554582677 0.005852354229130218 0
3302 0.006312737299305746 0.003928066137687094 0
3303 -0.001754081977687709 -0.003237497451581737 0
3304 -0.001492976226301984 0.001234693095462382 0
3305 -0.001280544608533542 0.001178257447934489 0
3306 -0.02162882973002258 0.01295167254560283 0
3307 0.00477183040558458 0.01504334878537048 0
3308 0.003782757407008059 -0.01936853796213036 0
3309 0.001228961140431651 0.008896245231910736 0
3310 -0.006200907727125201 0.0004155511091361548 0
3311 -0.002011516479893154 0.02070326448252327 0
3312 -0.005689202503222382 0.004266617544538432 0
3313 -0.005376155930542225 0.01568485071747131 0
3314 0.005173579473324294 -0.0007904703823910287 0
3315 -0.001096541143787431 -0.001395437505194499 0
3316 0.005580968370804486 -0.01211613828974016 0
3317 -0.005310533091922144 -0.004228242934813577 0
3318 0.007528809341232959 -0.001400826833850511 0
3319 -0.0006919783827061339 0.001258397275859221 0
3320 -0.02712034600536847 0.005615327192945497 0
3321 2.874901773995373e-05 -0.001053542608783868 0
3322 -2.629356668488761e-05 -0.001105259757540991 0
3323 -0.0001278953573865842 -0.001110683011581513 0
3324 -0.00613581461908883 0.008253130334574853 0
3325 -0.007310280631884159 0.008545811050608525 0
3326 -0.01467021194062768 0.01228643281836433 0
3327 0.006901004936048258 -0.0007544480829543073 0
3328 -0.001020567792339616 0.009359442565919552 0
3329 -0.0003810505972561548 0.0009752397587091376 0
3330 0.0009910915118537479 0.0003466677165718667 0
3331 -0.002510497914948417 -0.004217634396885717 0
3332 -0.005579735296406795 -0.001137247321343111 0
3333 0.0008687203629220131 0.0100328346284661 0
3334 -0.01081857481321745 -0.02342882004374496 0
3335 0.0003808747772168184 -0.0009843356913484664 0
3336 0.0003551928983523859 -0.001056853262054402 0
3337 0.01388151247236542 0.0005642625414868689 0
3338 -0.001027962487211658 -0.0002440081987837066 0
3339 0.003386096503382687 0.00823522124648253 0
3340 0.01051415073301674 0.002184748723980993 0
3341 0.0002101072470937723 -0.0012601327306085 0
3342 -0.002370988950329184 -0.008896077198979948 0
3343 -0.008698828103900075 -0.002787862859385917 0
3344 -0.009675079609037877 -0.0007806893850865553 0
3345 4.398507834684384e-05 0.001232495235586794 0
3346 -0.0002163742980128799 -0.009007857632415092 0
3347 -0.000283116511614948 0.01006435553986812 0
3348 -0.003485350023698166 0.000811703021900602 0
3349 0.002697945917530418 0.001671329077810411 0
3350 0.003117350133920734 -0.00150778888420826 0
3351 0.0006353259637266351 -0.005494338073343248 0
3352 0.002479679428168937 -0.00206262601120917 0
3353 0.007972205440053922 0.002714622012262151 0
3354 0.0003766689741869731 -0.00384345348746355 0
3355 0.001127585905570501 0.005033811314611076 0
3356 0.001103224109972892 0.004265484788611848 0
3357 -0.003170378250474381 -0.0008192887220019136 0
3358 -0.008143782554502901 -0.004932608331108726 0
3359 -0.00904024859893493 -0.005871431378219719 0
3360 -0.0004610875628105321 -0.0009401561098356091 0
3361 -0.0004425583645705462 -0.0009966051550756225 0
3362 -0.0003801978888512964 -0.0009734319418167143 0
3363 -0.000377470102957866 -0.001036289719161243 0
3364 0.0002686786775493506 -0.003351764792084242 0
3365 -0.0007548221335967457 -0.005448050509717655 0
3366 0.001968545784785187 -0.009308616620568259 0
3367 -0.005355921535146709 0.009157770266846561 0
3368 -0.008566875289093799 0.005595303428309956 0
3369 0.0005769086369709187 0.001754029842842944 0
3370 -0.0007268812148431648 0.005086994865767887 0
3371 0.0005014256803975148 -0.001101038311002087 0
3372 0.0004977477574208548 0.02773105034646112 0
3373 0.002498512229151328 -0.01459596758742071 0
3374 0.001944305498551733 -0.002626935683320715 0
3375 0.01385503307496601 0.02155147484045379 0
3376 0.005839768391884504 0.00303514178798944 0
3377 -0.0201175610197919 0.01530870938413207 0
3378 0.01502064652825681 0.002032304461762979 0
3379 -0.007395508306917649 0.001536195819208168 0
3380 0.0004755735426449845 0.003907594441751211 0
3381 -0.002537767887660879 -0.002167748834094646 0
3382 0.002307259140982305 -0.002724846603794974 0
3383 -0.001956074270880239 0.005770366333560184 0
3384 -0.02549856824181116 -0.00161503285996167 0
3385 -0.02346673001813314 -0.002876692988250051 0
3386 -0.002013485784155238 0.00253426995836234 0
3387 -0.004956909014799734 0.02740183439260576 0
3388 0.001611740343359421 0.002242444907608593 0
3389 0.002316174256143224 0.00100218321943196 0
3390 -0.0009514511488115868 -0.0004482907990194153 0
3391 -0.0009648005601207635 -0.0005011314510150622 0
3392 -0.001044716994536785 -0.0005459039604211338 0
3393 -0.001116085092169743 -0.000468574304463665 0
3394 0.0009755587054070582 -0.001846714030975743 0
3395 0.007946652823907857 0.01005127378845311 0
3396 -0.001337056928027518 0.00310889909259477 0
3397 0.004058772498057621 -0.007578883266074565 0
3398 -0.0006128101759135991 -0.001468188391390247 0
3399 -0.0007568297785916648 -0.001758756952078232 0
3400 0.001682614185338173 -0.002931287924571385 0
3401 0.00109201004179752 -0.00139220300702471 0
3402 0.01019392206981526 -0.01224411674916171 0
3403 -0.000137077283601087 0.003557171525366057 0
3404 -0.0005465357992226834 -0.003126077906120218 0
3405 -0.004443799693901033 -0.008416772549961111 0
3406 0.0009735249315023585 -0.00034035984048001 0
3407 -0.0009560232509929403 0.0004442465313661911 0
3408 0.0005307729514141814 0.001005230596867513 0
3409 0.000632300911285074 -0.0008379928630465935 0
3410 -0.01553539955469445 0.0145002461848068 0
3411 0.00193514554440494 -0.02517940122802717 0
3412 -0.002842828635665747 0.002035677824676752 0
3413 0.0003739216610260776 0.00139865459282774 0
3414 -0.000973938578870532 -0.001628832925896141 0
3415 -1.851970451830708e-05 0.001683180082414451 0
3416 0.000119102135863667 0.001849708936616328 0
3417 -0.0001273215123855351 0.001892396082123137 0
3418 -0.00127494843245341 0.001847011573232864 0
3419 -0.0131068074997614 -0.01652022905834801 0
3420 -0.0008675586023094979 -0.0007033089250068855 0
3421 5.802272174706114e-05 -0.001927605072891854 0
3422 0.0007409303954270122 -0.01014742832842515 0
3423 0.0006193093832523623 -0.001655243668885002 0
3424 0.0007095038783186073 -0.001844333165651384 0
3425 0.02761374603773951 -0.001567978194350442 0
3426 -0.0005230282007998651 0.00128308064060433 0
3427 0.01028033852356776 0.01951870004545847 0
3428 -0.01869693016561165 -0.01724628151309155 0
3429 -0.003907596883305897 -0.003161167912063963 0
3430 0.003020307614574259 -0.004152552210788077 0
3431 0.002702945522541465 -0.004651562823268091 0
3432 0.00238639288096579 -0.005194091067657795 0
3433 -0.001585097888621553 -0.002756840015845984 0
3434 -0.01232264270028008 0.01528823042297506 0
3435 -0.001200639180234402 -0.0001846918397532138 0
3436 -0.001846627747692736 0.0001781760663480503 0
3437 0.0006275289960858059 0.0008317897416172313 0
3438 0.00102401787395304 0.0004240484854878879 0
3439 0.001089725104014363 0.00105162439093686 0
3440 0.01931549034889693 -0.008120645139898968 0
3441 -0.001233189721748883 -0.0004720864558354074 0
3442 0.0004141094947217386 -0.001124497694040638 0
3443 -6.802163043719178e-05 -0.001761635600857746 0
3444 0.01755735141702931 0.01820568897113102 0
3445 0.002080670877673748 0.0004111302338886113 0
3446 0.0005870437820827652 -0.001063984629802212 0
3447 0.0008078653160232398 0.0006459847487587178 0
3448 -0.000439779304680361 0.002030620838078029 0
3449 -0.003285070872318882 -0.0003689654833870088 0
3450 0.0006911345132833819 -0.0009649866727228275 0
3451 -0.007742490914970891 0.006501604882025789 0
3452 0.00074957512397328 0.003062569285065364 0
3453 -0.003263895677792968 -0.02537078579523125 0
3454 -0.01036461180356581 -0.01364177626298924 0
3455 -0.001051663593455697 0.000106896236902743 0
3456 0.01596924630653023 -0.003269639686077777 0
3457 -0.0006013860420038629 0.002287763883623574 0
3458 -0.003690238815997731 0.0003575485731482736 0
3459 -0.001551285325097024 -0.0008558112747539009 0
3460 -0.002185776869928943 -0.0001396349105046194 0
3461 0.007853227542324953 -0.01957893014299738 0
3462 -0.001127339666147846 5.739324167861001e-08 0
3463 0.009217564475885762 -0.02365152466811909 0
3464 0.001346051196884546 0.0001860823724792335 0
3465 -0.004919454436356614 -0.02726512399862733 0
3466 0.002667895985972045 0.0001661731664258962 0
3467 -0.01858777594135365 0.017261435183499 0
3468 -0.007823218918107257 -0.0266507690551068 0
3469 0.0003123839636485785 -0.001001097512200712 0
3470 0.001166287948545393 0.000308537573099111 0
3471 -0.008228495339243341 -0.01924921284886468 0
3472 -0.001739633382684696 0.0003345644269188708 0
3473 0.001684737222883658 -0.003452677122189676 0
3474 -0.0007373608849235117 -0.0007323530054857392 0
3475 0.0003063903935013054 -0.00170898617199986 0
3476 -0.001521956883376354 0.0008336749853858725 0
3477 -0.002277286983128994 0.0001253557770797581 0
3478 -0.0007663779552832734 -0.02540921206619303 0
3479 0.0190614398087554 0.006236034027756079 0
3480 -0.003484564734191586 -0.00116920539002155 0
3481 0.01936605358835787 -0.003106504567988478 0
3482 -0.001783917208156247 -0.0003622020398320101 0
3483 -0.0007963936124356537 -0.0008673408765298976 0
3484 -0.0008410511102369493 -0.0009560841902905093 0
3485 -0.0007265369144520524 0.00164326493558509 0
3486 1.968432474101995e-05 -0.001195890834582415 0
3487 -0.00169892056042548 -0.0005372784766651446 0
3488 0.01212783384386563 0.01100822396077615 0
3489 -0.001053752580786169 0.0003759486277192687 0
3490 -0.001139835655671836 0.0003879751893082796 0
3491 -0.0008277179381396663 -0.002924988010937549 0
3492 -0.01758668021012652 -0.009860235823743317 0
3493 0.001776522691173788 -0.0004054385696544632 0
3494 -0.0005025720897490057 -0.001839911095896703 0
3495 -0.0001335790779385113 -0.001988865583073287 0
3496 -0.0004391150235810875 0.0009915193669386728 0
3497 0.01264148086816509 0.003231181840696067 0
3498 0.002263410802763977 0.001799275897857232 0
3499 -0.004720618268283337 0.004212201670459919 0
3500 -0.0004754789872093461 0.001047581774337628 0
3501 -0.0006718449868347902 -0.0007930244539979731 0
3502 0.001246518279672781 -0.0214467786538667 0
3503 -0.0006413823254826578 0.0008183814117677327 0
3504 -0.0006885447712765096 0.000839295051983802 0
3505 -0.0006816322510832201 0.0009120944356367375 0
3506 0.009620608795214553 -0.001989270600069236 0
3507 -0.01086502610331227 0.00546572743493721 0
3508 0.0003185325668477421 0.00177654922895166 0
3509 0.02469302243395196 -0.007453267200144345 0
3510 0.001331858104779106 -0.0004749073562127414 0
3511 0.005429781033419259 -0.00541370835996658 0
3512 -0.01541264888230441 -0.02317538936530944 0
3513 -0.0009051745470885215 -0.0005207713224946681 0
3514 -0.0009519862811018263 -0.0005728111180998498 0
3515 0.006462117824152971 -0.002703077904862375 0
3516 -0.0002810801287932589 0.001191250503237796 0
3517 0.0001804904217300216 0.00102718260630435 0
3518 -0.02520239384078893 -0.004193498510456049 0
3519 0.00393934030855271 -0.0144061449079224 0
3520 0.004504519845131667 -0.001067099980007661 0
3521 -0.004597773835940357 0.002858397711032372 0
3522 -0.001398213855237511 -0.001200001526560776 0
3523 0.007413582156592022 0.003851210953553483 0
3524 -0.001246527506247263 0.0003604116203716357 0
3525 -0.007202376606563089 0.01050317792843905 0
3526 -0.01048855098321756 0.02335085654459023 0
3527 0.001184753048874058 -7.30973933936943e-05 0
3528 -0.0009044703963311865 0.0005197688438567282 0
3529 0.000887152769699605 -0.000789996102533572 0
3530 -0.006829555399585666 0.00308707710151552 0
3531 0.00716332731435692 0.02466280423604382 0
3532 0.002640745187913645 0.00128085631120779 0
3533 -2.642267182284713e-05 -0.001041241453847669 0
3534 -0.009739233180692761 0.005891888705294145 0
3535 0.001968436752045542 0.002439460216858353 0
3536 0.006672610770650129 -0.006441765232287119 0
3537 0.001019237089873503 0.0008918257466207011 0
3538 0.01843513243297787 0.01434909964565152 0
3539 9.6185959065818e-05 0.001136475979908236 0
3540 0.002588122661012957 -0.00242729498049301 0
3541 0.001154591132823062 -0.003500491184630348 0
3542 0.006225625283961465 -0.01357306614264815 0
3543 0.0007388197175165889 0.000874066965639616 0
3544 -0.02154504496111284 -0.003751886511213261 0
3545 -0.001091536134875522 -0.0006297839785479014 0
3546 -0.0009131198996019155 -0.0006454861738467636 0
3547 -8.18917898081156e-05 -0.01120393503331871 0
3548 -0.0002020529617204412 0.005515700916094381 0
3549 -0.02371464806378941 -0.009247485675353466 0
3550 -0.0002232685176733178 -0.001092641273343142 0
3551 -0.0001368308355151927 -0.001226303826753813 0
3552 0.008472248320889299 0.003660775803030479 0
3553 -0.002002103140317602 0.0003442405236268746 0
3554 0.0003016159621368607 -0.001132751224253711 0
3555 0.002717654672014724 -0.005742400201563599 0
3556 -0.0001922124282027667 0.001694324974113109 0
3557 -0.0223790144649038 -0.01161830109885063 0
3558 -0.0009347298152684306 0.0007237807399690794 0
3559 -0.02010860584526354 0.01153899403874046 0
3560 -0.01578549464418907 0.007289141175338991 0
3561 0.01815778104154448 -0.01789772790969623 0
3562 -0.001008714664409353 -0.003252821846548157 0
3563 0.0009681269014934255 0.0005885112066699922 0
3564 0.003376561171558831 -0.001160691712921539 0
3565 0.002550429042740034 0.000587765770925493 0
3566 -0.001952010397644362 -0.005742611832407688 0
3567 -0.0003877744377769999 -0.003412490751726539 0
3568 -0.008108353149677353 0.007832442580694595 0
3569 0.001136781665723296 -0.0005993467787503956 0
3570 -0.001412563299023605 -0.0001093498663567461 0
3571 0.001459684965915817 0.0004159592650301328 0
3572 0.00166218749070413 0.003933226736926293 0
3573 0.0003442073321763228 0.001255675625492162 0
3574 0.0004728848262898647 0.001244059301114981 0
3575 -0.00166475549424325 -0.003886072526424336 0
3576 0.0007941856896002725 -0.001011972269496296 0
3577 -0.001360388708830319 0.01049829714398826 0
3578 -0.0128251282235479 -0.01168087048083388 0
3579 0.0005494186294640317 -0.0008753913147991415 0
3580 0.002302093136855193 -0.000271123013124238 0
3581 0.00373321596071535 0.001343607790916743 0
3582 -0.007169383008016057 -0.02080686169967759 0
3583 -0.001084283118483504 0.0001598918356980689 0
3584 -0.01451328717171196 -0.0182874803382606 0
3585 -0.0008447785107006706 -0.0007795144408740261 0
3586 0.00110688556713039 -0.0001333995578136039 0
3587 0.0008434584391761174 -0.003848985819970323 0
3588 0.0002290246797951286 -0.001008337160747034 0
3589 0.001056219569057544 0.0003043541285282891 0
3590 0.002658327575768715 0.003259292702200246 0
3591 -0.002966501203794729 -0.001581396683209661 0
3592 -0.00286093612285905 0.002623067346178923 0
3593 -0.001094666524766465 0.0002290049321378175 0
3594 0.0002678489023216082 -0.001050749752341099 0
3595 -0.006125167690676793 0.00353431776500072 0
3596 0.002022255765233289 -0.0006999007271447711 0
3597 0.001962516839421457 -0.0009946156352611279 0
3598 -0.002866500924686684 -0.002499159081261558 0
3599 -0.005501170909898549 -0.01069115204725873 0
3600 -0.01590536918315674 -0.01974079221922756 0
3601 -0.0003584346070903436 -0.001102039974865129 0
3602 0.0001007296542208945 -0.001288423085676745 0
3603 0.009607608144355219 0.02383040273357825 0
3604 0.01209493414161156 0.02272457059893506 0
3605 -0.001033024791477849 0.0001948174365169259 0
3606 -0.01075100387169246 -0.0006598396428256015 0
3607 0.005445216017038491 0.003791934411197956 0
3608 -0.0009409327496420863 0.0005661710130631832 0
3609 -0.01938347336851563 -0.009401088504162191 0
3610 -0.001272847584075416 0.00135326875529901 0
3611 -0.01529323365994667 0.0201219340634795 0
3612 -0.01625505670499414 0.0165828556368995 0
3613 0.006758592809006201 -0.01497237838938292 0
3614 0.005370477640424486 -0.01476952590996197 0
3615 0.001740344530225159 -0.001042156098987115 0
3616 -0.0001319626795851467 -0.001307025014420028 0
3617 -0.01216487833329316 -0.02516463426729202 0
3618 -0.01407319461950781 0.01594569497112008 0
3619 0.004825959759962853 0.02531843350093634 0
3620 0.01102884514057171 -0.0146121722434954 0
3621 0.002827418958612667 -0.002191867601105153 0
3622 -0.01225856487805141 0.007535685388590499 0
3623 0.001656161880124876 0.005522676756027959 0
3624 -0.01087998213369924 -0.01195488147442389 0
3625 -0.000987277014210887 0.0006289414442530853 0
3626 0.008319975557397764 -0.009848299226659127 0
3627 -0.006703612863396466 0.009395729477650843 0
3628 0.004010671879864259 0.02762999797698418 0
3629 0.01415883203320784 -0.02452381645734993 0
3630 0.0003588713543541261 0.001049723409351331 0
3631 -0.0001694612254775656 0.001159421485982606 0
3632 -0.003653790391718099 -0.006018359661191122 0
3633 0.0006108319208003624 -0.0009002914054504368 0
3634 0.0004875426562121947 -0.001805168871621736 0
3635 -0.0007710152371917952 -0.001029487700780595 0
3636 -0.0009416246755850705 -0.0009596613293416507 0
3637 0.0009442472442949581 -0.0007411802369682974 0
3638 -0.008578513710845056 -0.02405150856745853 0
3639 -0.02187611635280819 -0.001979045735515146 0
3640 -0.003354895974969479 0.002883313471037323 0
3641 0.001383907441813827 0.001305384148898396 0
3642 0.002241128864887632 0.004184187821261603 0
3643 0.01220005995645741 -0.01643775181489337 0
3644 -0.007945247103135357 0.02667558998609392 0
3645 -0.0009018538549800399 -0.00191453246449896 0
3646 0.001246433703249441 -0.002013589356487691 0
3647 0.001198880142254406 -0.0002582946546279734 0
3648 0.0006018703490911098 0.001263515836515595 0
3649 0.02544586781365378 -0.002936493372423807 0
3650 -0.02458548114139799 -0.006851866556003 0
3651 -0.002603899686925437 -0.005364512997181279 0
3652 -0.0007487448708021194 0.005697047902148176 0
3653 -0.001006924053987358 0.000784387993081543 0
3654 0.0004819793983113473 0.001119066741828799 0
3655 -0.007451876996242782 0.002414388993452543 0
3656 0.001429141444815143 -0.001362390055666688 0
3657 -0.0005743425567736858 -0.001018195649575043 0
3658 -0.0005150770532774194 -0.001064500573900921 0
3659 0.0146174670513507 -0.002373159596965715 0
3660 -0.0153876338010421 0.02380001073341925 0
3661 0.009275103550253317 0.00955178713534666 0
3662 -0.02352635864972194 0.01116260425027657 0
3663 -0.01323947024927272 -0.001249040462856831 0
3664 0.003156919554041223 0.003166291886022152 0
3665 -0.0002952942456064108 -0.001222542161207853 0
3666 -0.004963864328208135 -0.004963005778256669 0
3667 -0.001135981280838543 0.001224770232232166 0
3668 -0.001717938262088211 -0.001390210674265892 0
3669 -0.0001214330322584833 -0.001037554092881166 0
3670 -0.006019700490847549 -0.001769903613867004 0
3671 -0.004072046980536723 -0.005151988230996577 0
3672 0.007622021478585538 -0.006532907943804183 0
3673 0.02125826002044033 -0.008008271101393445 0
3674 -0.0004418913434506035 0.01281413856472246 0
3675 0.0007295173972889634 -0.001162816307430684 0
3676 -0.0255521754536899 0.0004838996236613547 0
3677 -0.0008518656887918619 0.0007728193023303989 0
3678 0.0009413512736536219 -0.002310954344015897 0
3679 0.003731977058080982 -0.02114817736867038 0
3680 -0.001280323892688213 -0.001352049017844001 0
3681 -0.007362492652823874 0.01805553147049386 0
3682 -0.001156682991886941 0.0001792113002441332 0
3683 0.001525399281920816 0.0005379088888663463 0
3684 0.0009145894463686072 -0.0008690990047059763 0
3685 -0.0006167565217238949 0.0009220583253627508 0
3686 0.006774953622044317 -0.002003114198473737 0
3687 0.02322689844364375 -0.004206323343150126 0
3688 0.001481265866907215 -0.001610947325198407 0
3689 -0.003296626539477994 0.0004639658177612368 0
3690 -0.02510790792932031 0.006564082243903346 0
3691 -0.0001607307181446929 -0.002218343675515178 0
3692 -0.001651999821500346 -0.0009838304480087336 0
3693 0.0008116839346803851 -0.002069123254342835 0
3694 -0.01255449086948782 -0.0003064127967369681 0
3695 -0.009764006619228868 -0.006792881583162 0
3696 0.0007298808221084728 0.0009440923329918679 0
3697 -0.001999100899445887 -0.00425430497497568 0
3698 -6.42659084679994e-05 -0.001180554078437586 0
3699 -0.008581159590430272 0.01647061456607361 0
3700 0.001254025490023911 -0.001327360971391679 0
3701 0.0005174617394550755 0.001525046398567764 0
3702 -0.001598812869684308 0.00104464173672278 0
3703 0.0008574037398980501 0.000804637884711644 0
3704 -0.004780425576321732 -0.003864595785905733 0
3705 0.0002196858384767741 -0.001176673882650208 0
3706 -0.0009624888289398321 0.0005045480261793992 0
3707 0.005713531806242514 -0.000197034490259636 0
3708 0.001171437376600906 -0.0017521504208756 0
3709 0.0009032031304171622 -0.001042646527670636 0
3710 -0.004040211831343638 0.0002490183660486607 0
3711 0.0009124468918662472 0.0008762293977513933 0
3712 0.01742836646200448 0.0161886963061874 0
3713 -0.00180357566672629 -0.0007089181472118691 0
3714 -0.0002947904840259176 -0.00114129820792238 0
3715 4.551172866607234e-05 0.02588956808929913 0
3716 -0.002681551121319532 0.006779731522095577 0
3717 0.01076470537290524 -0.002082202921329697 0
3718 0.02035348122559193 0.005732755375925829 0
3719 0.004932673252982611 -0.005963873435057602 0
$EndNodes
$Elements
7436
1 1 2 3 2 2 110
2 1 2 3 2 110 111
3 1 2 3 2 111 112
4 1 2 3 2 112 113
5 1 2 3 2 113 114
6 1 2 3 2 114 115
7 1 2 3 2 115 116
8 1 2 3 2 116 117
9 1 2 3 2 117 118
10 1 2 3 2 118 119
11 1 2 3 2 119 120
12 1 2 3 2 120 121
13 1 2 3 2 121 122
14 1 2 3 2 122 123
15 1 2 3 2 123 124
16 1 2 3 2 124 125
17 1 2 3 2 125 126
18 1 2 3 2 126 127
19 1 2 3 2 127 128
20 1 2 3 2 128 129
21 1 2 3 2 129 130
22 1 2 3 2 130 131
23 1 2 3 2 131 132
24 1 2 3 2 132 133
25 1 2 3 2 133 134
26 1 2 3 2 134 135
27 1 2 3 2 135 136
28 1 2 3 2 136 137
29 1 2 3 2 137 138
30 1 2 3 2 138 139
31 1 2 3 2 139 140
32 1 2 3 2 140 141
33 1 2 3 2 141 142
34 1 2 3 2 142 143
35 1 2 3 2 143 144
36 1 2 3 2 144 145
37 1 2 3 2 145 146
38 1 2 3 2 146 147
39 1 2 3 2 147 148
40 1 2 3 2 148 149
41 1 2 3 2 149 150
42 1 2 3 2 150 151
43 1 2 3 2 151 152
44 1 2 3 2 152 153
45 1 2 3 2 153 154
46 1 2 3 2 154 155
47 1 2 3 2 155 156
48 1 2 3 2 156 157
49 1 2 3 2 157 158
50 1 2 3 2 158 159
51 1 2 3 2 159 160
52 1 2 3 2 160 161
53 1 2 3 2 161 162
54 1 2 3 2 162 163
55 1 2 3 2 163 164
56 1 2 3 2 164 165
57 1 2 3 2 165 166
58 1 2 3 2 166 167
59 1 2 3 2 167 168
60 1 2 3 2 168 169
61 1 2 3 2 169 170
62 1 2 3 2 170 171
63 1 2 3 2 171 2
64 2 2 1 1 206 1779 50
65 2 2 1 1 1204 1679 1630
66 2 2 1 1 823 1200 1016
67 2 2 1 1 9 2012 195
68 2 2 1 1 1138 1888 1208
69 2 2 1 1 1367 1368 1336
70 2 2 1 1 1186 1427 1400
71 2 2 1 1 1258 1750 1327
72 2 2 1 1 557 1252 555
73 2 2 1 1 1062 1754 1621
74 2 2 1 1 1283 1431 204
75 2 2 1 1 498 1466 1464
76 2 2 1 1 33 1902 32
77 2 2 1 1 62 1763 199
78 2 2 1 1 30 1174 187
79 2 2 1 1 1888 1904 837
80 2 2 1 1 224 1797 1096
81 2 2 1 1 498 1464 1202
82 2 2 1 1 98 1191 1073
83 2 2 1 1 959 1916 1554
84 2 2 1 1 1245 1614 726
85 2 2 1 1 1302 1878 1194
86 2 2 1 1 909 1916 959
87 2 2 1 1 1280 1562 178
88 2 2 1 1 201 1308 15
89 2 2 1 1 1200 1201 1016
90 2 2 1 1 1194 1339 1302
91 2 2 1 1 228 1372 1189
92 2 2 1 1 1245 1615 1614
93 2 2 1 1 15 1307 14
94 2 2 1 1 15 1308 1307
95 2 2 1 1 1352 1969 1123
96 2 2 1 1 1136 1994 1752
97 2 2 1 1 202 1878 1302
98 2 2 1 1 1122 1352 1123
99 2 2 1 1 1138 1904 1888
100 2 2 1 1 487 1709 1156
101 2 2 1 1 1230 1820 1370
102 2 2 1 1 10 2012 9
103 2 2 1 1 886 1810 1267
104 2 2 1 1 200 1904 1138
105 2 2 1 1 1156 1707 487
106 2 2 1 1 177 1182 47
107 2 2 1 1 1554 1678 959
108 2 2 1 1 231 1763 62
109 2 2 1 1 1236 1237 488
110 2 2 1 1 1071 1268 1072
111 2 2 1 1 74 2006 73
112 2 2 1 1 959 1678 1108
113 2 2 1 1 1283 1866 1431
114 2 2 1 1 1336 1943 1367
115 2 2 1 1 1330 1679 1204
116 2 2 1 1 1136 1752 209
117 2 2 1 1 1080 1209 996
118 2 2 1 1 45 1945 44
119 2 2 1 1 209 1942 1136
120 2 2 1 1 1177 1179 1178
121 2 2 1 1 258 1438 1160
122 2 2 1 1 1234 1236 488
123 2 2 1 1 1713 1726 608
124 2 2 1 1 1267 1810 1236
125 2 2 1 1 217 2007 1134
126 2 2 1 1 1080 1210 1209
127 2 2 1 1 1432 1849 995
128 2 2 1 1 1111 1199 818
129 2 2 1 1 98 1073 97
130 2 2 1 1 1687 1693 1099
131 2 2 1 1 1465 1726 1713
132 2 2 1 1 818 1233 1111
133 2 2 1 1 995 1833 1432
134 2 2 1 1 62 1977 61
135 2 2 1 1 1099 1693 1159
136 2 2 1 1 34 1822 33
137 2 2 1 1 103 1923 196
138 2 2 1 1 1692 1860 658
139 2 2 1 1 1 1882 109
140 2 2 1 1 31 1174 30
141 2 2 1 1 1203 1330 1204
142 2 2 1 1 204 1432 21
143 2 2 1 1 1687 1939 1012
144 2 2 1 1 232 233 200
145 2 2 1 1 1186 1811 1427
146 2 2 1 1 1445 1715 487
147 2 2 1 1 487 1707 1445
148 2 2 1 1 1060 1797 1382
149 2 2 1 1 918 1330 1203
150 2 2 1 1 104 230 103
151 2 2 1 1 345 1263 343
152 2 2 1 1 38 1847 37
153 2 2 1 1 1098 1279 174
154 2 2 1 1 1099 1939 1687
155 2 2 1 1 1268 1801 1072
156 2 2 1 1 200 1138 79
157 2 2 1 1 912 1265 1005
158 2 2 1 1 105 1269 104
159 2 2 1 1 982 1528 1370
160 2 2 1 1 1718 1905 969
161 2 2 1 1 228 1747 1372
162 2 2 1 1 80 232 200
163 2 2 1 1 918 1633 741
164 2 2 1 1 47 1182 46
165 2 2 1 1 197 1946 73
166 2 2 1 1 1220 1340 1192
167 2 2 1 1 447 1468 448
168 2 2 1 1 1203 1633 918
169 2 2 1 1 1843 2018 205
170 2 2 1 1 1439 1661 696
171 2 2 1 1 1096 1797 1060
172 2 2 1 1 899 1615 1246
173 2 2 1 1 1403 1807 1132
174 2 2 1 1 174 1799 1098
175 2 2 1 1 1136 1942 1137
176 2 2 1 1 1190 1453 1117
177 2 2 1 1 488 1467 1234
178 2 2 1 1 1080 1828 1210
179 2 2 1 1 1209 1289 996
180 2 2 1 1 1322 1910 191
181 2 2 1 1 1177 1261 1179
182 2 2 1 1 85 1804 84
183 2 2 1 1 1038 1787 1517
184 2 2 1 1 1038 1790 1787
185 2 2 1 1 1453 1990 1117
186 2 2 1 1 1067 1860 1692
187 2 2 1 1 1156 1709 1704
188 2 2 1 1 61 219 60
189 2 2 1 1 17 218 16
190 2 2 1 1 1156 1704 1155
191 2 2 1 1 1647 1868 1783
192 2 2 1 1 194 1930 67
193 2 2 1 1 1072 1225 194
194 2 2 1 1 55 215 54
195 2 2 1 1 1175 1753 225
196 2 2 1 1 1160 1439 258
197 2 2 1 1 1208 1344 1138
198 2 2 1 1 23 216 22
199 2 2 1 1 555 1252 840
200 2 2 1 1 259 1439 262
201 2 2 1 1 833 1830 1812
202 2 2 1 1 104 1269 230
203 2 2 1 1 191 1910 1756
204 2 2 1 1 102 222 101
205 2 2 1 1 1343 1859 1675
206 2 2 1 1 1696 1908 1800
207 2 2 1 1 1159 1693 869
208 2 2 1 1 197 1792 1273
209 2 2 1 1 26 2018 1843
210 2 2 1 1 1445 1713 608
211 2 2 1 1 869 1721 1159
212 2 2 1 1 1812 1830 1309
213 2 2 1 1 27 2018 26
214 2 2 1 1 608 1715 1445
215 2 2 1 1 896 1754 1062
216 2 2 1 1 1182 1777 211
217 2 2 1 1 1327 1808 1258
218 2 2 1 1 4 208 3
219 2 2 1 1 818 1252 557
220 2 2 1 1 5 1660 4
221 2 2 1 1 254 1437 1180
222 2 2 1 1 17 1227 218
223 2 2 1 1 198 1251 85
224 2 2 1 1 1234 1467 1235
225 2 2 1 1 215 1222 54
226 2 2 1 1 768 1224 820
227 2 2 1 1 1465 1742 1726
228 2 2 1 1 688 1340 1220
229 2 2 1 1 1180 1438 254
230 2 2 1 1 23 1219 216
231 2 2 1 1 1594 1994 934
232 2 2 1 1 219 1241 60
233 2 2 1 1 1251 1804 85
234 2 2 1 1 1466 1742 1465
235 2 2 1 1 1111 1796 907
236 2 2 1 1 767 1224 768
237 2 2 1 1 774 1197 1195
238 2 2 1 1 1273 1792 1100
239 2 2 1 1 1370 1820 1044
240 2 2 1 1 1231 1370 816
241 2 2 1 1 1382 1797 1293
242 2 2 1 1 816 1369 1231
243 2 2 1 1 1230 1370 1231
244 2 2 1 1 1 1952 190
245 2 2 1 1 1163 1562 1280
246 2 2 1 1 1194 1340 1339
247 2 2 1 1 1630 1679 463
248 2 2 1 1 1134 2007 1135
249 2 2 1 1 67 227 66
250 2 2 1 1 1327 1750 1069
251 2 2 1 1 1800 1908 1105
252 2 2 1 1 1198 1224 767
253 2 2 1 1 1134 1966 217
254 2 2 1 1 1621 1754 1109
255 2 2 1 1 722 1317 1316
256 2 2 1 1 463 1679 1155
257 2 2 1 1 899 1616 1615
258 2 2 1 1 1246 1706 899
259 2 2 1 1 1096 1871 224
260 2 2 1 1 96 221 95
261 2 2 1 1 1675 1859 1068
262 2 2 1 1 11 229 10
263 2 2 1 1 1201 1926 1610
264 2 2 1 1 1195 1240 774
265 2 2 1 1 907 1796 1669
266 2 2 1 1 1783 1868 1242
267 2 2 1 1 696 1661 919
268 2 2 1 1 222 1257 101
269 2 2 1 1 92 1993 91
270 2 2 1 1 1735 2018 224
271 2 2 1 1 28 1959 27
272 2 2 1 1 616 1807 1403
273 2 2 1 1 1562 1909 178
274 2 2 1 1 820 1793 1712
275 2 2 1 1 69 1071 68
276 2 2 1 1 1138 1344 78
277 2 2 1 1 1192 1340 1194
278 2 2 1 1 1155 1704 463
279 2 2 1 1 1265 1793 820
280 2 2 1 1 1347 1423 439
281 2 2 1 1 79 1138 78
282 2 2 1 1 91 1993 207
283 2 2 1 1 97 1878 202
284 2 2 1 1 777 1846 900
285 2 2 1 1 1180 1437 1250
286 2 2 1 1 1838 1927 1337
287 2 2 1 1 1206 1289 650
288 2 2 1 1 73 223 72
289 2 2 1 1 780 1927 1838
290 2 2 1 1 255 1438 258
291 2 2 1 1 348 1263 345
292 2 2 1 1 226 1949 50
293 2 2 1 1 1250 1437 566
294 2 2 1 1 971 1328 1244
295 2 2 1 1 50 1949 49
296 2 2 1 1 1150 1891 1773
297 2 2 1 1 1061 1893 1763
298 2 2 1 1 87 228 86
299 2 2 1 1 212 1831 1174
300 2 2 1 1 1112 1933 1932
301 2 2 1 1 899 1841 1616
302 2 2 1 1 974 1265 912
303 2 2 1 1 39 1976 213
304 2 2 1 1 982 1370 1044
305 2 2 1 1 1388 1711 566
306 2 2 1 1 70 1774 69
307 2 2 1 1 1316 1857 1748
308 2 2 1 1 179 1269 105
309 2 2 1 1 40 1976 39
310 2 2 1 1 63 1980 62
311 2 2 1 1 62 1980 231
312 2 2 1 1 101 1257 100
313 2 2 1 1 900 1865 1103
314 2 2 1 1 66 1284 65
315 2 2 1 1 1157 1718 231
316 2 2 1 1 499 1794 467
317 2 2 1 1 363 1837 1758
318 2 2 1 1 343 1263 774
319 2 2 1 1 190 1882 1
320 2 2 1 1 1005 1265 1224
321 2 2 1 1 177 1183 1182
322 2 2 1 1 1328 1460 1244
323 2 2 1 1 32 2010 31
324 2 2 1 1 1316 1748 722
325 2 2 1 1 1041 1983 1285
326 2 2 1 1 1103 1898 900
327 2 2 1 1 1932 1933 242
328 2 2 1 1 1370 1528 816
329 2 2 1 1 46 2019 45
330 2 2 1 1 50 1779 226
331 2 2 1 1 1927 2007 1337
332 2 2 1 1 1436 1617 1025
333 2 2 1 1 12 1279 11
334 2 2 1 1 1201 1610 1016
335 2 2 1 1 1157 1905 1718
336 2 2 1 1 416 1617 1436
337 2 2 1 1 1123 1969 1126
338 2 2 1 1 75 2023 74
339 2 2 1 1 334 1917 1816
340 2 2 1 1 1270 1779 206
341 2 2 1 1 1610 1926 203
342 2 2 1 1 1748 1857 814
343 2 2 1 1 767 1304 1198
344 2 2 1 1 199 1977 62
345 2 2 1 1 1337 2007 1338
346 2 2 1 1 1469 1516 1470
347 2 2 1 1 1517 1787 849
348 2 2 1 1 924 1935 1805
349 2 2 1 1 1053 1446 1289
350 2 2 1 1 1286 1833 995
351 2 2 1 1 931 1201 1200
352 2 2 1 1 934 1994 1136
353 2 2 1 1 1178 1989 1177
354 2 2 1 1 467 1468 447
355 2 2 1 1 227 1284 66
356 2 2 1 1 448 1468 1467
357 2 2 1 1 212 2010 32
358 2 2 1 1 174 1279 12
359 2 2 1 1 100 1257 186
360 2 2 1 1 1470 1516 1094
361 2 2 1 1 1285 1839 1041
362 2 2 1 1 178 1219 24
363 2 2 1 1 1034 1594 934
364 2 2 1 1 11 1279 229
365 2 2 1 1 262 1439 696
366 2 2 1 1 566 1711 1250
367 2 2 1 1 1763 1893 199
368 2 2 1 1 1229 1935 201
369 2 2 1 1 217 1966 33
370 2 2 1 1 60 1241 59
371 2 2 1 1 1399 1472 193
372 2 2 1 1 1777 1795 211
373 2 2 1 1 91 1924 90
374 2 2 1 1 1096 1477 1378
375 2 2 1 1 1173 1754 896
376 2 2 1 1 849 1950 1517
377 2 2 1 1 65 1284 184
378 2 2 1 1 193 1471 1399
379 2 2 1 1 1714 1725 1455
380 2 2 1 1 45 2019 211
381 2 2 1 1 1816 1917 1181
382 2 2 1 1 258 1439 259
383 2 2 1 1 1634 2021 189
384 2 2 1 1 1323 1910 1322
385 2 2 1 1 1302 1772 202
386 2 2 1 1 211 1775 45
387 2 2 1 1 67 1930 227
388 2 2 1 1 26 1280 25
389 2 2 1 1 517 1507 1213
390 2 2 1 1 59 1241 175
391 2 2 1 1 53 1222 188
392 2 2 1 1 1214 1325 1014
393 2 2 1 1 185 1227 18
394 2 2 1 1 1213 1508 517
395 2 2 1 1 108 209 107
396 2 2 1 1 1778 1779 1270
397 2 2 1 1 27 1959 224
398 2 2 1 1 931 1266 1201
399 2 2 1 1 1024 1698 1684
400 2 2 1 1 1206 1725 1714
401 2 2 1 1 1029 1662 1659
402 2 2 1 1 837 1879 1158
403 2 2 1 1 87 1747 228
404 2 2 1 1 18 1227 17
405 2 2 1 1 4 1660 208
406 2 2 1 1 254 1438 255
407 2 2 1 1 220 1919 1312
408 2 2 1 1 1659 1662 994
409 2 2 1 1 439 1423 1422
410 2 2 1 1 3 1178 1
411 2 2 1 1 1518 1768 1019
412 2 2 1 1 759 1686 1304
413 2 2 1 1 1775 1795 1471
414 2 2 1 1 1805 1935 1229
415 2 2 1 1 847 1791 1435
416 2 2 1 1 1134 1965 192
417 2 2 1 1 942 1698 1205
418 2 2 1 1 52 1259 51
419 2 2 1 1 1191 1192 1073
420 2 2 1 1 108 1243 209
421 2 2 1 1 1393 1473 1394
422 2 2 1 1 467 1794 1468
423 2 2 1 1 74 2023 225
424 2 2 1 1 392 1422 394
425 2 2 1 1 192 1965 1853
426 2 2 1 1 1189 1789 228
427 2 2 1 1 1507 1674 1374
428 2 2 1 1 1758 1837 1153
429 2 2 1 1 1429 1552 1017
430 2 2 1 1 984 1819 1785
431 2 2 1 1 420 1552 1429
432 2 2 1 1 1773 1891 663
433 2 2 1 1 1205 1698 1024
434 2 2 1 1 517 1674 1507
435 2 2 1 1 478 1237 502
436 2 2 1 1 1158 1888 837
437 2 2 1 1 223 1768 1518
438 2 2 1 1 896 1995 1173
439 2 2 1 1 1510 1635 784
440 2 2 1 1 1381 1659 994
441 2 2 1 1 1133 1745 1213
442 2 2 1 1 370 1925 1165
443 2 2 1 1 741 1633 847
444 2 2 1 1 1378 1477 1376
445 2 2 1 1 192 1966 1134
446 2 2 1 1 81 232 80
447 2 2 1 1 456 1740 239
448 2 2 1 1 1165 1896 370
449 2 2 1 1 593 1509 1223
450 2 2 1 1 54 1222 53
451 2 2 1 1 260 1776 1684
452 2 2 1 1 1224 1265 820
453 2 2 1 1 1240 1677 1607
454 2 2 1 1 24 1219 23
455 2 2 1 1 692 1519 687
456 2 2 1 1 774 1263 1197
457 2 2 1 1 903 1447 1226
458 2 2 1 1 900 1846 1664
459 2 2 1 1 1214 1629 1325
460 2 2 1 1 21 1833 20
461 2 2 1 1 746 1447 786
462 2 2 1 1 1359 1700 1009
463 2 2 1 1 107 1752 106
464 2 2 1 1 1368 1736 1336
465 2 2 1 1 1232 1287 700
466 2 2 1 1 760 1304 763
467 2 2 1 1 221 1701 95
468 2 2 1 1 1312 1919 1315
469 2 2 1 1 1199 1252 818
470 2 2 1 1 488 1237 478
471 2 2 1 1 191 1651 1322
472 2 2 1 1 996 1289 1206
473 2 2 1 1 1365 1366 1323
474 2 2 1 1 823 2020 1200
475 2 2 1 1 43 1310 42
476 2 2 1 1 725 1233 622
477 2 2 1 1 1174 1884 187
478 2 2 1 1 1158 1879 548
479 2 2 1 1 1225 1930 194
480 2 2 1 1 1505 1509 593
481 2 2 1 1 498 2013 1466
482 2 2 1 1 1248 1519 692
483 2 2 1 1 994 1670 1381
484 2 2 1 1 1320 1322 213
485 2 2 1 1 459 1929 1449
486 2 2 1 1 201 1886 1229
487 2 2 1 1 49 1757 48
488 2 2 1 1 1147 1883 1874
489 2 2 1 1 1287 1524 700
490 2 2 1 1 1753 1914 225
491 2 2 1 1 42 1310 182
492 2 2 1 1 1220 1557 688
493 2 2 1 1 1014 1447 1214
494 2 2 1 1 622 1233 818
495 2 2 1 1 1073 1878 97
496 2 2 1 1 1449 1969 1928
497 2 2 1 1 68 2014 194
498 2 2 1 1 439 1422 392
499 2 2 1 1 58 1657 57
500 2 2 1 1 206 1828 1270
501 2 2 1 1 109 1243 108
502 2 2 1 1 1325 1629 1326
503 2 2 1 1 1030 1784 1029
504 2 2 1 1 1903 2021 1634
505 2 2 1 1 1053 1289 1209
506 2 2 1 1 456 1700 1359
507 2 2 1 1 231 1980 1157
508 2 2 1 1 1683 1826 1262
509 2 2 1 1 1449 1928 459
510 2 2 1 1 591 1510 673
511 2 2 1 1 928 1579 1239
512 2 2 1 1 485 1508 281
513 2 2 1 1 1247 1506 661
514 2 2 1 1 1785 1819 1582
515 2 2 1 1 586 1506 584
516 2 2 1 1 1162 1378 1376
517 2 2 1 1 1022 1641 1476
518 2 2 1 1 1723 1789 1066
519 2 2 1 1 1874 1883 358
520 2 2 1 1 426 1569 424
521 2 2 1 1 190 1683 1682
522 2 2 1 1 394 1422 1419
523 2 2 1 1 93 1975 92
524 2 2 1 1 1105 1801 1800
525 2 2 1 1 1257 1623 186
526 2 2 1 1 56 1915 203
527 2 2 1 1 207 1460 1328
528 2 2 1 1 20 1782 19
529 2 2 1 1 1212 1783 1242
530 2 2 1 1 1160 1438 1003
531 2 2 1 1 1105 1827 1801
532 2 2 1 1 1427 1546 1400
533 2 2 1 1 1223 1510 593
534 2 2 1 1 1205 1741 942
535 2 2 1 1 233 234 200
536 2 2 1 1 1262 1826 1179
537 2 2 1 1 1536 1745 1133
538 2 2 1 1 1307 1462 14
539 2 2 1 1 1699 1831 212
540 2 2 1 1 966 1524 1287
541 2 2 1 1 1685 1697 1264
542 2 2 1 1 64 1970 63
543 2 2 1 1 774 1240 341
544 2 2 1 1 341 1240 302
545 2 2 1 1 1376 1377 1162
546 2 2 1 1 1732 1737 811
547 2 2 1 1 1391 1509 1505
548 2 2 1 1 659 1580 734
549 2 2 1 1 1523 1958 1119
550 2 2 1 1 1289 1446 650
551 2 2 1 1 1701 1769 1298
552 2 2 1 1 1003 1438 1180
553 2 2 1 1 1202 1759 498
554 2 2 1 1 1600 1673 701
555 2 2 1 1 1310 1311 182
556 2 2 1 1 1120 1984 1122
557 2 2 1 1 925 1697 1685
558 2 2 1 1 517 1508 485
559 2 2 1 1 650 1725 1206
560 2 2 1 1 1239 1578 928
561 2 2 1 1 99 1978 98
562 2 2 1 1 1126 1969 1449
563 2 2 1 1 195 2002 9
564 2 2 1 1 1756 1911 191
565 2 2 1 1 1861 1889 845
566 2 2 1 1 95 1701 94
567 2 2 1 1 1120 1990 1984
568 2 2 1 1 1195 1677 1240
569 2 2 1 1 1237 1238 502
570 2 2 1 1 784 1635 1244
571 2 2 1 1 440 1417 1416
572 2 2 1 1 1040 1516 1469
573 2 2 1 1 223 1848 72
574 2 2 1 1 1243 1942 209
575 2 2 1 1 700 1506 1232
576 2 2 1 1 1282 1890 1283
577 2 2 1 1 1270 1828 1080
578 2 2 1 1 1421 1665 1414
579 2 2 1 1 1271 1489 792
580 2 2 1 1 1426 1546 1427
581 2 2 1 1 37 1595 36
582 2 2 1 1 548 1913 1158
583 2 2 1 1 201 1309 1308
584 2 2 1 1 451 1277 1275
585 2 2 1 1 1119 1972 1523
586 2 2 1 1 1476 1641 689
587 2 2 1 1 679 1493 677
588 2 2 1 1 1418 1737 1732
589 2 2 1 1 1283 1890 1866
590 2 2 1 1 440 1416 1415
591 2 2 1 1 394 1419 396
592 2 2 1 1 1431 1866 1226
593 2 2 1 1 1211 1931 219
594 2 2 1 1 1359 1740 456
595 2 2 1 1 1580 1673 1600
596 2 2 1 1 1160 1661 1439
597 2 2 1 1 57 1915 56
598 2 2 1 1 35 1332 34
599 2 2 1 1 1482 1943 1336
600 2 2 1 1 1648 1672 1481
601 2 2 1 1 763 1304 767
602 2 2 1 1 1394 1473 1399
603 2 2 1 1 1025 1617 1429
604 2 2 1 1 14 1462 13
605 2 2 1 1 502 1581 479
606 2 2 1 1 1340 1433 1339
607 2 2 1 1 947 1377 1274
608 2 2 1 1 786 1447 903
609 2 2 1 1 1905 1983 969
610 2 2 1 1 1455 1697 925
611 2 2 1 1 1684 1776 1024
612 2 2 1 1 1157 1980 1970
613 2 2 1 1 1191 1193 1192
614 2 2 1 1 796 1665 1421
615 2 2 1 1 183 1660 5
616 2 2 1 1 69 1774 1071
617 2 2 1 1 687 1519 685
618 2 2 1 1 1436 1637 416
619 2 2 1 1 1028 1686 759
620 2 2 1 1 1287 1288 966
621 2 2 1 1 1358 1666 1357
622 2 2 1 1 1274 1377 652
623 2 2 1 1 213 1651 39
624 2 2 1 1 1516 1699 1095
625 2 2 1 1 759 1304 760
626 2 2 1 1 1051 1266 892
627 2 2 1 1 1277 1603 1456
628 2 2 1 1 1260 1642 563
629 2 2 1 1 1244 1635 971
630 2 2 1 1 1386 1489 1271
631 2 2 1 1 1428 1632 1141
632 2 2 1 1 1064 1889 1861
633 2 2 1 1 451 1603 1277
634 2 2 1 1 1174 2010 212
635 2 2 1 1 440 1415 398
636 2 2 1 1 9 1668 8
637 2 2 1 1 1633 1791 847
638 2 2 1 1 862 1493 1492
639 2 2 1 1 1467 1468 1235
640 2 2 1 1 1044 1820 1286
641 2 2 1 1 1214 1447 746
642 2 2 1 1 677 1493 862
643 2 2 1 1 398 1415 400
644 2 2 1 1 734 1580 928
645 2 2 1 1 1418 1751 1421
646 2 2 1 1 1094 1649 1470
647 2 2 1 1 692 1428 1248
648 2 2 1 1 892 1266 931
649 2 2 1 1 221 1769 1701
650 2 2 1 1 1288 1331 966
651 2 2 1 1 198 1723 1251
652 2 2 1 1 1117 1990 1120
653 2 2 1 1 1732 1751 1418
654 2 2 1 1 29 1293 28
655 2 2 1 1 1505 1553 1391
656 2 2 1 1 673 1510 784
657 2 2 1 1 1242 1931 1212
658 2 2 1 1 1013 1720 1649
659 2 2 1 1 1162 1377 947
660 2 2 1 1 661 1506 586
661 2 2 1 1 1077 1207 1079
662 2 2 1 1 1339 1433 817
663 2 2 1 1 1552 1569 1017
664 2 2 1 1 1230 1231 1228
665 2 2 1 1 73 1946 223
666 2 2 1 1 90 1634 89
667 2 2 1 1 1429 1617 420
668 2 2 1 1 693 1672 1648
669 2 2 1 1 1218 1907 1906
670 2 2 1 1 1304 1686 1198
671 2 2 1 1 1492 1494 862
672 2 2 1 1 1018 1273 1272
673 2 2 1 1 1299 1346 723
674 2 2 1 1 25 178 24
675 2 2 1 1 593 1510 591
676 2 2 1 1 1347 1721 1423
677 2 2 1 1 185 1230 1227
678 2 2 1 1 204 1867 1283
679 2 2 1 1 94 1701 172
680 2 2 1 1 1227 1230 1228
681 2 2 1 1 1479 1481 1355
682 2 2 1 1 1240 1607 302
683 2 2 1 1 1246 1615 1245
684 2 2 1 1 424 1569 1552
685 2 2 1 1 41 1981 40
686 2 2 1 1 1219 1282 216
687 2 2 1 1 1607 1677 563
688 2 2 1 1 661 1663 1247
689 2 2 1 1 1018 1272 857
690 2 2 1 1 1481 1574 868
691 2 2 1 1 928 1578 751
692 2 2 1 1 652 1379 1274
693 2 2 1 1 40 1981 1110
694 2 2 1 1 1239 1581 502
695 2 2 1 1 1077 1753 1207
696 2 2 1 1 1261 1262 1179
697 2 2 1 1 584 1506 700
698 2 2 1 1 365 1974 1190
699 2 2 1 1 539 1666 1358
700 2 2 1 1 1452 1731 1028
701 2 2 1 1 211 2019 1182
702 2 2 1 1 1241 1242 175
703 2 2 1 1 925 1714 1455
704 2 2 1 1 1226 1447 1014
705 2 2 1 1 76 1999 75
706 2 2 1 1 817 1346 1301
707 2 2 1 1 1471 1795 1398
708 2 2 1 1 1132 1807 1133
709 2 2 1 1 1252 1253 840
710 2 2 1 1 1227 1228 218
711 2 2 1 1 236 837 234
712 2 2 1 1 451 1569 426
713 2 2 1 1 231 1718 1487
714 2 2 1 1 201 1935 1309
715 2 2 1 1 1221 1892 327
716 2 2 1 1 1649 1720 1470
717 2 2 1 1 989 1330 1329
718 2 2 1 1 1389 1711 1388
719 2 2 1 1 1076 1077 923
720 2 2 1 1 1301 1339 817
721 2 2 1 1 1192 1194 1073
722 2 2 1 1 692 1632 1428
723 2 2 1 1 939 1502 1494
724 2 2 1 1 418 1480 1354
725 2 2 1 1 1456 1603 642
726 2 2 1 1 1803 1824 1027
727 2 2 1 1 1479 1574 1481
728 2 2 1 1 1326 1629 1035
729 2 2 1 1 1355 1480 1479
730 2 2 1 1 225 2023 1175
731 2 2 1 1 400 1415 1413
732 2 2 1 1 922 1076 923
733 2 2 1 1 1350 1544 850
734 2 2 1 1 546 1392 519
735 2 2 1 1 357 1290 946
736 2 2 1 1 519 1392 496
737 2 2 1 1 55 1870 215
738 2 2 1 1 515 1326 1035
739 2 2 1 1 1301 1346 1299
740 2 2 1 1 1264 1672 693
741 2 2 1 1 1232 1506 1247
742 2 2 1 1 1391 1553 1392
743 2 2 1 1 177 1184 1183
744 2 2 1 1 958 1386 1057
745 2 2 1 1 1579 1582 1581
746 2 2 1 1 396 1419 440
747 2 2 1 1 582 1457 1401
748 2 2 1 1 630 1292 669
749 2 2 1 1 1887 1924 91
750 2 2 1 1 1623 1744 1193
751 2 2 1 1 279 1331 276
752 2 2 1 1 950 1294 1113
753 2 2 1 1 928 1580 1579
754 2 2 1 1 431 1452 433
755 2 2 1 1 1753 2000 1207
756 2 2 1 1 922 1272 1100
757 2 2 1 1 53 188 52
758 2 2 1 1 1029 1784 1662
759 2 2 1 1 939 1494 1492
760 2 2 1 1 327 1944 1221
761 2 2 1 1 865 1567 1412
762 2 2 1 1 1508 1612 281
763 2 2 1 1 400 1413 402
764 2 2 1 1 1416 1421 1414
765 2 2 1 1 1223 1635 1510
766 2 2 1 1 1243 1825 1728
767 2 2 1 1 172 1701 1298
768 2 2 1 1 989 1329 954
769 2 2 1 1 1189 1294 910
770 2 2 1 1 1238 1239 502
771 2 2 1 1 751 1578 832
772 2 2 1 1 1349 1544 1350
773 2 2 1 1 1175 2023 1999
774 2 2 1 1 1089 1496 920
775 2 2 1 1 860 861 839
776 2 2 1 1 1272 1273 1100
777 2 2 1 1 860 898 861
778 2 2 1 1 1735 1871 1734
779 2 2 1 1 1376 1477 745
780 2 2 1 1 563 1642 292
781 2 2 1 1 1284 1285 184
782 2 2 1 1 1493 1641 1022
783 2 2 1 1 196 1922 1622
784 2 2 1 1 1906 1907 1342
785 2 2 1 1 838 839 651
786 2 2 1 1 846 1327 782
787 2 2 1 1 1642 1708 294
788 2 2 1 1 198 1789 1723
789 2 2 1 1 313 1461 311
790 2 2 1 1 302 1607 297
791 2 2 1 1 1354 1480 1355
792 2 2 1 1 1172 1993 1975
793 2 2 1 1 363 1566 1324
794 2 2 1 1 688 1433 1340
795 2 2 1 1 1459 1589 1116
796 2 2 1 1 861 997 953
797 2 2 1 1 997 1236 1234
798 2 2 1 1 1275 1569 451
799 2 2 1 1 638 1291 640
800 2 2 1 1 1057 1386 1271
801 2 2 1 1 532 1343 458
802 2 2 1 1 1374 1674 1358
803 2 2 1 1 219 1894 1211
804 2 2 1 1 479 1581 863
805 2 2 1 1 582 1546 1426
806 2 2 1 1 1303 1455 664
807 2 2 1 1 13 1462 174
808 2 2 1 1 224 2018 27
809 2 2 1 1 1399 1473 1472
810 2 2 1 1 563 1677 1260
811 2 2 1 1 1474 1502 1488
812 2 2 1 1 664 1454 1303
813 2 2 1 1 211 1795 1775
814 2 2 1 1 966 1331 279
815 2 2 1 1 520 1326 515
816 2 2 1 1 997 1267 1236
817 2 2 1 1 311 1461 658
818 2 2 1 1 1296 1299 723
819 2 2 1 1 433 1452 1451
820 2 2 1 1 436 1452 431
821 2 2 1 1 44 1945 220
822 2 2 1 1 1417 1418 1416
823 2 2 1 1 838 860 839
824 2 2 1 1 858 922 890
825 2 2 1 1 1310 1312 1311
826 2 2 1 1 693 1685 1264
827 2 2 1 1 1193 1220 1192
828 2 2 1 1 1329 1371 954
829 2 2 1 1 233 235 234
830 2 2 1 1 1189 1372 1294
831 2 2 1 1 922 1100 1076
832 2 2 1 1 1295 1520 1070
833 2 2 1 1 1623 1808 1744
834 2 2 1 1 314 1356 318
835 2 2 1 1 1734 1871 1378
836 2 2 1 1 78 1344 77
837 2 2 1 1 240 548 238
838 2 2 1 1 339 1566 363
839 2 2 1 1 922 923 890
840 2 2 1 1 256 1345 253
841 2 2 1 1 882 1305 969
842 2 2 1 1 437 1411 1410
843 2 2 1 1 439 1527 1347
844 2 2 1 1 458 1343 449
845 2 2 1 1 858 1272 922
846 2 2 1 1 1190 2008 365
847 2 2 1 1 651 1531 533
848 2 2 1 1 538 1542 1379
849 2 2 1 1 636 638 637
850 2 2 1 1 641 1589 1459
851 2 2 1 1 723 1348 1296
852 2 2 1 1 785 1352 1351
853 2 2 1 1 688 1557 686
854 2 2 1 1 1294 1372 1113
855 2 2 1 1 312 1356 314
856 2 2 1 1 1432 1833 21
857 2 2 1 1 1579 1600 1582
858 2 2 1 1 276 1331 274
859 2 2 1 1 1401 1546 582
860 2 2 1 1 1488 1502 939
861 2 2 1 1 1108 1996 1109
862 2 2 1 1 765 1489 1386
863 2 2 1 1 560 1342 561
864 2 2 1 1 1599 1733 1728
865 2 2 1 1 638 640 639
866 2 2 1 1 1032 1306 905
867 2 2 1 1 583 1406 585
868 2 2 1 1 660 1369 816
869 2 2 1 1 887 1164 1034
870 2 2 1 1 585 1406 589
871 2 2 1 1 1271 1783 1212
872 2 2 1 1 1461 1692 658
873 2 2 1 1 247 1388 566
874 2 2 1 1 785 1351 320
875 2 2 1 1 1364 1368 1367
876 2 2 1 1 1379 1542 1274
877 2 2 1 1 1375 1377 1376
878 2 2 1 1 861 953 839
879 2 2 1 1 997 1234 953
880 2 2 1 1 1385 1386 958
881 2 2 1 1 904 1327 1069
882 2 2 1 1 1450 1916 909
883 2 2 1 1 222 1258 1257
884 2 2 1 1 857 1272 858
885 2 2 1 1 663 1291 638
886 2 2 1 1 382 1586 373
887 2 2 1 1 1615 1616 1614
888 2 2 1 1 880 1486 1305
889 2 2 1 1 628 1292 630
890 2 2 1 1 842 1390 653
891 2 2 1 1 462 1349 385
892 2 2 1 1 948 1390 842
893 2 2 1 1 82 1834 81
894 2 2 1 1 1354 1526 418
895 2 2 1 1 638 639 637
896 2 2 1 1 1235 1531 953
897 2 2 1 1 1486 1487 1305
898 2 2 1 1 1361 1441 461
899 2 2 1 1 372 1290 357
900 2 2 1 1 745 1564 556
901 2 2 1 1 749 1368 1363
902 2 2 1 1 1143 1428 1141
903 2 2 1 1 956 1448 354
904 2 2 1 1 1640 1665 796
905 2 2 1 1 437 1410 1409
906 2 2 1 1 1625 1655 647
907 2 2 1 1 478 479 458
908 2 2 1 1 1135 1425 983
909 2 2 1 1 1412 1567 1410
910 2 2 1 1 457 458 449
911 2 2 1 1 765 1385 762
912 2 2 1 1 983 1425 803
913 2 2 1 1 1128 1374 1125
914 2 2 1 1 723 1346 678
915 2 2 1 1 1365 1407 795
916 2 2 1 1 361 1384 382
917 2 2 1 1 1363 1368 1364
918 2 2 1 1 1286 1820 1782
919 2 2 1 1 782 1327 904
920 2 2 1 1 357 946 333
921 2 2 1 1 780 1362 728
922 2 2 1 1 554 1375 745
923 2 2 1 1 1402 1403 1132
924 2 2 1 1 251 1437 254
925 2 2 1 1 440 1419 1417
926 2 2 1 1 955 1383 1156
927 2 2 1 1 1958 1967 1119
928 2 2 1 1 749 1363 719
929 2 2 1 1 478 502 479
930 2 2 1 1 1476 1803 1027
931 2 2 1 1 448 449 372
932 2 2 1 1 1312 1313 1311
933 2 2 1 1 783 1348 674
934 2 2 1 1 640 698 639
935 2 2 1 1 679 1641 1493
936 2 2 1 1 976 1348 783
937 2 2 1 1 567 1409 973
938 2 2 1 1 905 1306 913
939 2 2 1 1 457 478 458
940 2 2 1 1 333 1461 313
941 2 2 1 1 1306 1462 1307
942 2 2 1 1 1375 1376 745
943 2 2 1 1 911 950 949
944 2 2 1 1 1210 1829 1259
945 2 2 1 1 1356 1638 1353
946 2 2 1 1 294 1405 1404
947 2 2 1 1 479 863 532
948 2 2 1 1 588 1371 699
949 2 2 1 1 484 1361 461
950 2 2 1 1 857 858 732
951 2 2 1 1 1255 1823 1384
952 2 2 1 1 953 1531 839
953 2 2 1 1 562 1345 942
954 2 2 1 1 433 1451 435
955 2 2 1 1 630 669 632
956 2 2 1 1 841 842 653
957 2 2 1 1 294 1404 288
958 2 2 1 1 98 1978 1191
959 2 2 1 1 415 1480 418
960 2 2 1 1 795 1407 715
961 2 2 1 1 1426 1427 655
962 2 2 1 1 744 1373 711
963 2 2 1 1 506 1379 535
964 2 2 1 1 390 1527 439
965 2 2 1 1 523 1380 522
966 2 2 1 1 968 1014 752
967 2 2 1 1 636 663 638
968 2 2 1 1 950 951 949
969 2 2 1 1 1405 1570 1406
970 2 2 1 1 1343 1675 1290
971 2 2 1 1 1579 1581 1239
972 2 2 1 1 535 1379 652
973 2 2 1 1 762 1385 764
974 2 2 1 1 993 1387 1270
975 2 2 1 1 765 1386 1385
976 2 2 1 1 1129 1402 1132
977 2 2 1 1 1477 1564 745
978 2 2 1 1 690 846 782
979 2 2 1 1 626 743 628
980 2 2 1 1 785 1353 1352
981 2 2 1 1 448 457 449
982 2 2 1 1 1070 1520 866
983 2 2 1 1 402 1413 437
984 2 2 1 1 406 1409 567
985 2 2 1 1 449 1343 1290
986 2 2 1 1 634 636 635
987 2 2 1 1 286 1440 271
988 2 2 1 1 538 1379 506
989 2 2 1 1 580 1426 655
990 2 2 1 1 1213 1745 1508
991 2 2 1 1 561 1342 626
992 2 2 1 1 882 969 884
993 2 2 1 1 743 1292 628
994 2 2 1 1 578 1549 1457
995 2 2 1 1 208 1989 1178
996 2 2 1 1 729 1458 645
997 2 2 1 1 1345 1698 942
998 2 2 1 1 571 1430 579
999 2 2 1 1 636 637 635
1000 2 2 1 1 659 1673 1580
1001 2 2 1 1 246 1341 450
1002 2 2 1 1 587 1371 588
1003 2 2 1 1 1035 1592 1361
1004 2 2 1 1 1202 1464 1463
1005 2 2 1 1 351 1384 361
1006 2 2 1 1 824 1383 955
1007 2 2 1 1 1390 1392 546
1008 2 2 1 1 1481 1672 1355
1009 2 2 1 1 948 1391 1390
1010 2 2 1 1 893 1446 1053
1011 2 2 1 1 1125 1374 1124
1012 2 2 1 1 1567 1577 1430
1013 2 2 1 1 632 634 633
1014 2 2 1 1 245 1388 247
1015 2 2 1 1 674 1348 676
1016 2 2 1 1 911 1294 950
1017 2 2 1 1 1409 1410 973
1018 2 2 1 1 1728 1942 1243
1019 2 2 1 1 1996 2017 1109
1020 2 2 1 1 253 1345 252
1021 2 2 1 1 462 1544 1349
1022 2 2 1 1 750 1369 660
1023 2 2 1 1 924 1369 750
1024 2 2 1 1 1119 1967 1114
1025 2 2 1 1 187 1382 1293
1026 2 2 1 1 1920 2012 1960
1027 2 2 1 1 1033 1434 527
1028 2 2 1 1 841 910 842
1029 2 2 1 1 1498 1586 382
1030 2 2 1 1 1434 1502 1474
1031 2 2 1 1 1443 1445 1015
1032 2 2 1 1 533 1794 499
1033 2 2 1 1 910 911 842
1034 2 2 1 1 1269 1968 230
1035 2 2 1 1 38 1911 214
1036 2 2 1 1 299 1388 245
1037 2 2 1 1 653 1390 546
1038 2 2 1 1 552 1375 554
1039 2 2 1 1 418 1526 419
1040 2 2 1 1 1548 1583 1483
1041 2 2 1 1 735 1446 893
1042 2 2 1 1 449 1290 372
1043 2 2 1 1 609 1583 1548
1044 2 2 1 1 739 896 895
1045 2 2 1 1 731 857 732
1046 2 2 1 1 1457 1549 1401
1047 2 2 1 1 1145 1146 1143
1048 2 2 1 1 1028 1731 1686
1049 2 2 1 1 1057 1212 1211
1050 2 2 1 1 1078 1555 923
1051 2 2 1 1 247 248 246
1052 2 2 1 1 1411 1412 1410
1053 2 2 1 1 271 1440 269
1054 2 2 1 1 645 1458 644
1055 2 2 1 1 245 246 244
1056 2 2 1 1 1392 1553 496
1057 2 2 1 1 501 1541 489
1058 2 2 1 1 904 1069 960
1059 2 2 1 1 562 942 739
1060 2 2 1 1 261 1442 260
1061 2 2 1 1 574 1457 582
1062 2 2 1 1 1118 1459 1116
1063 2 2 1 1 569 1430 571
1064 2 2 1 1 811 1737 1424
1065 2 2 1 1 880 1305 882
1066 2 2 1 1 479 532 458
1067 2 2 1 1 821 968 752
1068 2 2 1 1 829 1463 1444
1069 2 2 1 1 562 739 738
1070 2 2 1 1 943 1382 1039
1071 2 2 1 1 602 1454 664
1072 2 2 1 1 830 1463 829
1073 2 2 1 1 249 250 248
1074 2 2 1 1 246 450 244
1075 2 2 1 1 910 1294 911
1076 2 2 1 1 626 1342 743
1077 2 2 1 1 847 1435 848
1078 2 2 1 1 252 1345 562
1079 2 2 1 1 251 252 250
1080 2 2 1 1 887 1034 934
1081 2 2 1 1 385 1349 366
1082 2 2 1 1 968 1226 1014
1083 2 2 1 1 1129 1132 1130
1084 2 2 1 1 1169 1221 1167
1085 2 2 1 1 1128 1507 1374
1086 2 2 1 1 656 1371 587
1087 2 2 1 1 1543 1588 491
1088 2 2 1 1 299 1389 1388
1089 2 2 1 1 863 1085 532
1090 2 2 1 1 349 1448 703
1091 2 2 1 1 699 1371 1329
1092 2 2 1 1 827 1443 1015
1093 2 2 1 1 1418 1421 1416
1094 2 2 1 1 354 1448 347
1095 2 2 1 1 865 1577 1567
1096 2 2 1 1 630 632 631
1097 2 2 1 1 306 1529 308
1098 2 2 1 1 513 1361 484
1099 2 2 1 1 1303 1454 962
1100 2 2 1 1 1127 1129 1128
1101 2 2 1 1 1123 1125 1124
1102 2 2 1 1 249 1437 251
1103 2 2 1 1 318 1356 785
1104 2 2 1 1 1404 1406 583
1105 2 2 1 1 1000 1297 1296
1106 2 2 1 1 958 1057 1056
1107 2 2 1 1 300 302 297
1108 2 2 1 1 1393 1394 733
1109 2 2 1 1 1497 1530 740
1110 2 2 1 1 768 770 769
1111 2 2 1 1 1331 1543 274
1112 2 2 1 1 1077 1079 1078
1113 2 2 1 1 255 257 256
1114 2 2 1 1 1296 1348 976
1115 2 2 1 1 435 1451 443
1116 2 2 1 1 243 244 242
1117 2 2 1 1 1132 1133 1130
1118 2 2 1 1 1494 1502 1033
1119 2 2 1 1 324 1453 326
1120 2 2 1 1 558 559 520
1121 2 2 1 1 295 563 292
1122 2 2 1 1 770 791 769
1123 2 2 1 1 1349 1350 956
1124 2 2 1 1 598 1454 602
1125 2 2 1 1 515 1035 513
1126 2 2 1 1 703 1384 351
1127 2 2 1 1 1412 1665 1640
1128 2 2 1 1 757 759 758
1129 2 2 1 1 443 757 474
1130 2 2 1 1 255 256 253
1131 2 2 1 1 263 1497 265
1132 2 2 1 1 527 1434 472
1133 2 2 1 1 673 674 592
1134 2 2 1 1 1357 1666 1459
1135 2 2 1 1 340 341 302
1136 2 2 1 1 1129 1130 1128
1137 2 2 1 1 1298 1766 172
1138 2 2 1 1 1127 1128 1125
1139 2 2 1 1 566 1437 249
1140 2 2 1 1 1451 1452 1028
1141 2 2 1 1 235 236 234
1142 2 2 1 1 1288 1543 1331
1143 2 2 1 1 180 1774 70
1144 2 2 1 1 245 247 246
1145 2 2 1 1 239 1740 241
1146 2 2 1 1 1123 1124 1121
1147 2 2 1 1 320 1351 322
1148 2 2 1 1 858 890 866
1149 2 2 1 1 342 343 341
1150 2 2 1 1 763 766 765
1151 2 2 1 1 1305 1718 969
1152 2 2 1 1 676 1348 723
1153 2 2 1 1 252 562 353
1154 2 2 1 1 877 958 933
1155 2 2 1 1 999 1000 976
1156 2 2 1 1 1478 1479 414
1157 2 2 1 1 670 671 596
1158 2 2 1 1 1040 1469 864
1159 2 2 1 1 704 1393 733
1160 2 2 1 1 265 266 264
1161 2 2 1 1 474 1547 444
1162 2 2 1 1 254 255 253
1163 2 2 1 1 760 763 762
1164 2 2 1 1 1057 1211 1056
1165 2 2 1 1 259 261 260
1166 2 2 1 1 770 823 791
1167 2 2 1 1 247 249 248
1168 2 2 1 1 652 1375 552
1169 2 2 1 1 680 817 682
1170 2 2 1 1 503 506 481
1171 2 2 1 1 366 956 354
1172 2 2 1 1 521 558 520
1173 2 2 1 1 1126 1127 1125
1174 2 2 1 1 1260 1708 1642
1175 2 2 1 1 819 1513 1500
1176 2 2 1 1 1093 1134 983
1177 2 2 1 1 803 1425 772
1178 2 2 1 1 901 902 787
1179 2 2 1 1 764 1385 877
1180 2 2 1 1 1124 1374 1358
1181 2 2 1 1 258 259 257
1182 2 2 1 1 267 269 266
1183 2 2 1 1 768 769 766
1184 2 2 1 1 591 592 529
1185 2 2 1 1 1464 1465 1444
1186 2 2 1 1 682 684 683
1187 2 2 1 1 344 345 343
1188 2 2 1 1 241 242 240
1189 2 2 1 1 1500 1513 1102
1190 2 2 1 1 480 481 462
1191 2 2 1 1 288 1404 287
1192 2 2 1 1 278 279 276
1193 2 2 1 1 962 1454 595
1194 2 2 1 1 1131 1402 1129
1195 2 2 1 1 366 1349 956
1196 2 2 1 1 968 1431 1226
1197 2 2 1 1 728 1362 721
1198 2 2 1 1 280 282 279
1199 2 2 1 1 351 361 352
1200 2 2 1 1 936 1429 1017
1201 2 2 1 1 249 251 250
1202 2 2 1 1 349 351 350
1203 2 2 1 1 671 1099 963
1204 2 2 1 1 283 284 282
1205 2 2 1 1 346 347 345
1206 2 2 1 1 285 287 284
1207 2 2 1 1 660 816 565
1208 2 2 1 1 491 493 492
1209 2 2 1 1 270 271 269
1210 2 2 1 1 493 523 522
1211 2 2 1 1 251 253 252
1212 2 2 1 1 273 491 286
1213 2 2 1 1 272 273 271
1214 2 2 1 1 786 787 666
1215 2 2 1 1 1033 1533 1494
1216 2 2 1 1 287 583 315
1217 2 2 1 1 347 349 348
1218 2 2 1 1 958 1056 933
1219 2 2 1 1 1066 1189 910
1220 2 2 1 1 831 924 750
1221 2 2 1 1 387 596 388
1222 2 2 1 1 340 342 341
1223 2 2 1 1 1463 1464 1444
1224 2 2 1 1 361 373 362
1225 2 2 1 1 259 260 257
1226 2 2 1 1 322 1351 464
1227 2 2 1 1 817 1433 682
1228 2 2 1 1 342 344 343
1229 2 2 1 1 680 682 681
1230 2 2 1 1 786 901 787
1231 2 2 1 1 628 630 629
1232 2 2 1 1 759 760 758
1233 2 2 1 1 373 387 374
1234 2 2 1 1 346 354 347
1235 2 2 1 1 480 503 481
1236 2 2 1 1 767 768 766
1237 2 2 1 1 1380 1381 779
1238 2 2 1 1 503 538 506
1239 2 2 1 1 923 1555 890
1240 2 2 1 1 248 1341 246
1241 2 2 1 1 1405 1406 1404
1242 2 2 1 1 460 480 462
1243 2 2 1 1 864 1469 724
1244 2 2 1 1 1494 1533 862
1245 2 2 1 1 757 1451 1028
1246 2 2 1 1 583 585 584
1247 2 2 1 1 344 346 345
1248 2 2 1 1 1363 1364 795
1249 2 2 1 1 263 265 264
1250 2 2 1 1 1060 1382 943
1251 2 2 1 1 342 1483 344
1252 2 2 1 1 855 1029 523
1253 2 2 1 1 901 1074 902
1254 2 2 1 1 1364 1366 1365
1255 2 2 1 1 719 1363 717
1256 2 2 1 1 652 1377 1375
1257 2 2 1 1 585 587 586
1258 2 2 1 1 699 918 741
1259 2 2 1 1 243 245 244
1260 2 2 1 1 265 1497 740
1261 2 2 1 1 542 779 777
1262 2 2 1 1 263 264 261
1263 2 2 1 1 943 1039 864
1264 2 2 1 1 1048 1512 427
1265 2 2 1 1 579 614 578
1266 2 2 1 1 266 1408 590
1267 2 2 1 1 888 983 803
1268 2 2 1 1 824 955 954
1269 2 2 1 1 209 1752 107
1270 2 2 1 1 911 949 948
1271 2 2 1 1 772 780 728
1272 2 2 1 1 243 299 245
1273 2 2 1 1 589 656 587
1274 2 2 1 1 950 1113 952
1275 2 2 1 1 571 578 572
1276 2 2 1 1 955 1155 989
1277 2 2 1 1 1852 1864 1168
1278 2 2 1 1 781 838 651
1279 2 2 1 1 559 1326 520
1280 2 2 1 1 757 758 474
1281 2 2 1 1 657 824 656
1282 2 2 1 1 506 535 534
1283 2 2 1 1 954 1371 656
1284 2 2 1 1 1154 1249 1248
1285 2 2 1 1 763 765 762
1286 2 2 1 1 290 294 288
1287 2 2 1 1 269 1440 1408
1288 2 2 1 1 77 1344 176
1289 2 2 1 1 460 462 385
1290 2 2 1 1 917 1045 729
1291 2 2 1 1 615 704 614
1292 2 2 1 1 1329 1330 918
1293 2 2 1 1 535 652 552
1294 2 2 1 1 676 723 678
1295 2 2 1 1 556 621 557
1296 2 2 1 1 670 907 671
1297 2 2 1 1 705 814 704
1298 2 2 1 1 1357 1459 1118
1299 2 2 1 1 349 703 351
1300 2 2 1 1 535 552 551
1301 2 2 1 1 788 943 864
1302 2 2 1 1 1288 1588 1543
1303 2 2 1 1 945 1161 947
1304 2 2 1 1 1435 1436 1025
1305 2 2 1 1 1197 1202 988
1306 2 2 1 1 752 1325 559
1307 2 2 1 1 387 670 596
1308 2 2 1 1 1423 1424 1420
1309 2 2 1 1 1035 1361 513
1310 2 2 1 1 717 795 715
1311 2 2 1 1 856 1387 993
1312 2 2 1 1 554 556 555
1313 2 2 1 1 361 382 373
1314 2 2 1 1 902 945 944
1315 2 2 1 1 646 752 559
1316 2 2 1 1 604 650 610
1317 2 2 1 1 853 1025 936
1318 2 2 1 1 265 267 266
1319 2 2 1 1 554 745 556
1320 2 2 1 1 464 1453 324
1321 2 2 1 1 709 722 707
1322 2 2 1 1 552 554 553
1323 2 2 1 1 528 529 527
1324 2 2 1 1 905 913 835
1325 2 2 1 1 1394 1399 1396
1326 2 2 1 1 1153 1154 1146
1327 2 2 1 1 347 1448 349
1328 2 2 1 1 721 749 719
1329 2 2 1 1 300 340 302
1330 2 2 1 1 711 1373 709
1331 2 2 1 1 602 604 603
1332 2 2 1 1 1154 1248 1146
1333 2 2 1 1 569 571 570
1334 2 2 1 1 576 1426 580
1335 2 2 1 1 567 569 568
1336 2 2 1 1 1045 1458 729
1337 2 2 1 1 1145 1153 1146
1338 2 2 1 1 337 338 336
1339 2 2 1 1 1000 1296 976
1340 2 2 1 1 318 785 320
1341 2 2 1 1 715 1407 713
1342 2 2 1 1 1000 1298 1297
1343 2 2 1 1 384 1474 380
1344 2 2 1 1 1419 1420 1417
1345 2 2 1 1 973 1430 569
1346 2 2 1 1 326 328 327
1347 2 2 1 1 888 1093 983
1348 2 2 1 1 1155 1679 989
1349 2 2 1 1 322 464 324
1350 2 2 1 1 588 699 662
1351 2 2 1 1 772 1425 780
1352 2 2 1 1 396 440 398
1353 2 2 1 1 1151 1181 1149
1354 2 2 1 1 866 1520 732
1355 2 2 1 1 594 962 595
1356 2 2 1 1 285 288 287
1357 2 2 1 1 1232 1247 1030
1358 2 2 1 1 829 1443 827
1359 2 2 1 1 975 976 783
1360 2 2 1 1 283 285 284
1361 2 2 1 1 516 520 515
1362 2 2 1 1 522 1380 542
1363 2 2 1 1 454 1474 384
1364 2 2 1 1 267 270 269
1365 2 2 1 1 1581 1582 863
1366 2 2 1 1 766 1489 765
1367 2 2 1 1 1033 1502 1434
1368 2 2 1 1 673 783 674
1369 2 2 1 1 1057 1271 1212
1370 2 2 1 1 827 1015 825
1371 2 2 1 1 328 330 329
1372 2 2 1 1 493 522 492
1373 2 2 1 1 893 1052 1051
1374 2 2 1 1 598 602 600
1375 2 2 1 1 848 1435 853
1376 2 2 1 1 270 272 271
1377 2 2 1 1 280 283 282
1378 2 2 1 1 580 655 654
1379 2 2 1 1 272 274 273
1380 2 2 1 1 411 1478 414
1381 2 2 1 1 674 676 675
1382 2 2 1 1 328 329 327
1383 2 2 1 1 788 864 724
1384 2 2 1 1 1020 1092 1091
1385 2 2 1 1 1025 1429 936
1386 2 2 1 1 390 439 392
1387 2 2 1 1 1121 1357 1118
1388 2 2 1 1 402 437 404
1389 2 2 1 1 247 566 249
1390 2 2 1 1 993 1270 1080
1391 2 2 1 1 634 635 633
1392 2 2 1 1 814 1393 704
1393 2 2 1 1 491 492 286
1394 2 2 1 1 626 628 627
1395 2 2 1 1 330 331 329
1396 2 2 1 1 721 1362 749
1397 2 2 1 1 748 908 856
1398 2 2 1 1 255 258 257
1399 2 2 1 1 704 733 614
1400 2 2 1 1 282 966 279
1401 2 2 1 1 591 673 592
1402 2 2 1 1 964 1001 962
1403 2 2 1 1 1053 1086 1052
1404 2 2 1 1 1124 1358 1357
1405 2 2 1 1 621 724 622
1406 2 2 1 1 988 1463 830
1407 2 2 1 1 1597 1613 301
1408 2 2 1 1 494 527 472
1409 2 2 1 1 1002 1264 1001
1410 2 2 1 1 757 1028 759
1411 2 2 1 1 406 567 408
1412 2 2 1 1 717 1363 795
1413 2 2 1 1 571 579 578
1414 2 2 1 1 262 263 261
1415 2 2 1 1 1282 1283 216
1416 2 2 1 1 946 1461 333
1417 2 2 1 1 1297 1300 1299
1418 2 2 1 1 324 326 325
1419 2 2 1 1 583 584 315
1420 2 2 1 1 587 588 586
1421 2 2 1 1 1492 1493 1022
1422 2 2 1 1 896 1062 895
1423 2 2 1 1 422 594 438
1424 2 2 1 1 713 744 711
1425 2 2 1 1 585 586 584
1426 2 2 1 1 326 327 325
1427 2 2 1 1 173 1334 1333
1428 2 2 1 1 1464 1466 1465
1429 2 2 1 1 278 280 279
1430 2 2 1 1 1061 1487 1486
1431 2 2 1 1 739 895 738
1432 2 2 1 1 1122 1123 1121
1433 2 2 1 1 621 788 724
1434 2 2 1 1 273 286 271
1435 2 2 1 1 404 1409 406
1436 2 2 1 1 678 680 679
1437 2 2 1 1 378 381 377
1438 2 2 1 1 251 254 253
1439 2 2 1 1 740 1530 1491
1440 2 2 1 1 699 741 662
1441 2 2 1 1 287 315 284
1442 2 2 1 1 443 1451 757
1443 2 2 1 1 351 352 350
1444 2 2 1 1 610 1446 735
1445 2 2 1 1 824 954 656
1446 2 2 1 1 955 989 954
1447 2 2 1 1 349 350 348
1448 2 2 1 1 604 610 603
1449 2 2 1 1 877 1385 958
1450 2 2 1 1 674 675 592
1451 2 2 1 1 287 1404 583
1452 2 2 1 1 447 448 372
1453 2 2 1 1 735 893 892
1454 2 2 1 1 709 1373 722
1455 2 2 1 1 371 372 357
1456 2 2 1 1 834 835 833
1457 2 2 1 1 1297 1299 1296
1458 2 2 1 1 858 866 732
1459 2 2 1 1 343 774 341
1460 2 2 1 1 650 1446 610
1461 2 2 1 1 472 1434 454
1462 2 2 1 1 386 460 385
1463 2 2 1 1 611 1515 603
1464 2 2 1 1 908 1387 856
1465 2 2 1 1 241 243 242
1466 2 2 1 1 595 1454 598
1467 2 2 1 1 542 1380 779
1468 2 2 1 1 753 841 653
1469 2 2 1 1 602 603 600
1470 2 2 1 1 825 1383 824
1471 2 2 1 1 266 590 264
1472 2 2 1 1 269 1408 266
1473 2 2 1 1 239 240 238
1474 2 2 1 1 339 363 338
1475 2 2 1 1 970 1534 1523
1476 2 2 1 1 1364 1367 1366
1477 2 2 1 1 1144 1145 1143
1478 2 2 1 1 713 1407 744
1479 2 2 1 1 1523 1534 1522
1480 2 2 1 1 367 385 366
1481 2 2 1 1 671 963 596
1482 2 2 1 1 698 887 812
1483 2 2 1 1 574 582 576
1484 2 2 1 1 589 657 656
1485 2 2 1 1 1127 1449 1131
1486 2 2 1 1 603 1515 600
1487 2 2 1 1 361 362 352
1488 2 2 1 1 657 825 824
1489 2 2 1 1 585 589 587
1490 2 2 1 1 1015 1383 825
1491 2 2 1 1 567 973 569
1492 2 2 1 1 493 855 523
1493 2 2 1 1 282 1524 966
1494 2 2 1 1 1099 1159 963
1495 2 2 1 1 356 357 333
1496 2 2 1 1 893 1051 892
1497 2 2 1 1 425 1499 1048
1498 2 2 1 1 1001 1303 962
1499 2 2 1 1 855 1030 1029
1500 2 2 1 1 594 595 438
1501 2 2 1 1 829 1444 1443
1502 2 2 1 1 347 348 345
1503 2 2 1 1 768 820 770
1504 2 2 1 1 1434 1474 454
1505 2 2 1 1 955 1156 1155
1506 2 2 1 1 763 767 766
1507 2 2 1 1 437 1409 404
1508 2 2 1 1 1364 1365 795
1509 2 2 1 1 528 591 529
1510 2 2 1 1 785 1356 1353
1511 2 2 1 1 1134 1135 983
1512 2 2 1 1 582 1426 576
1513 2 2 1 1 373 374 362
1514 2 2 1 1 724 1469 725
1515 2 2 1 1 699 1329 918
1516 2 2 1 1 529 1033 527
1517 2 2 1 1 700 1524 315
1518 2 2 1 1 948 1509 1391
1519 2 2 1 1 682 1433 684
1520 2 2 1 1 387 388 374
1521 2 2 1 1 975 1460 999
1522 2 2 1 1 938 1492 1022
1523 2 2 1 1 579 615 614
1524 2 2 1 1 315 1524 284
1525 2 2 1 1 684 688 686
1526 2 2 1 1 561 626 625
1527 2 2 1 1 684 1433 688
1528 2 2 1 1 746 786 666
1529 2 2 1 1 383 1504 475
1530 2 2 1 1 332 1511 776
1531 2 2 1 1 335 336 334
1532 2 2 1 1 676 678 677
1533 2 2 1 1 975 999 976
1534 2 2 1 1 665 666 538
1535 2 2 1 1 1336 1736 1335
1536 2 2 1 1 562 738 353
1537 2 2 1 1 965 1060 943
1538 2 2 1 1 252 353 250
1539 2 2 1 1 853 1435 1025
1540 2 2 1 1 615 705 704
1541 2 2 1 1 567 568 408
1542 2 2 1 1 578 1457 572
1543 2 2 1 1 877 933 878
1544 2 2 1 1 678 1346 680
1545 2 2 1 1 621 622 557
1546 2 2 1 1 800 1561 799
1547 2 2 1 1 1405 1593 1570
1548 2 2 1 1 1399 1471 1396
1549 2 2 1 1 324 325 323
1550 2 2 1 1 322 324 323
1551 2 2 1 1 724 725 622
1552 2 2 1 1 632 633 631
1553 2 2 1 1 938 1022 940
1554 2 2 1 1 506 534 481
1555 2 2 1 1 1202 1463 988
1556 2 2 1 1 267 1490 270
1557 2 2 1 1 556 557 555
1558 2 2 1 1 564 653 546
1559 2 2 1 1 494 528 527
1560 2 2 1 1 1253 1254 840
1561 2 2 1 1 248 1551 1341
1562 2 2 1 1 1127 1131 1129
1563 2 2 1 1 569 570 568
1564 2 2 1 1 535 551 534
1565 2 2 1 1 1123 1126 1125
1566 2 2 1 1 1053 1209 1086
1567 2 2 1 1 602 664 604
1568 2 2 1 1 963 1527 596
1569 2 2 1 1 414 1480 415
1570 2 2 1 1 594 964 962
1571 2 2 1 1 911 948 842
1572 2 2 1 1 376 378 377
1573 2 2 1 1 554 555 553
1574 2 2 1 1 552 553 551
1575 2 2 1 1 1077 1078 923
1576 2 2 1 1 355 366 354
1577 2 2 1 1 940 1476 1027
1578 2 2 1 1 572 1457 574
1579 2 2 1 1 1538 1539 501
1580 2 2 1 1 262 268 263
1581 2 2 1 1 381 938 756
1582 2 2 1 1 686 1557 690
1583 2 2 1 1 1469 1470 725
1584 2 2 1 1 514 515 513
1585 2 2 1 1 964 1002 1001
1586 2 2 1 1 330 332 331
1587 2 2 1 1 1412 1640 865
1588 2 2 1 1 1321 1322 1320
1589 2 2 1 1 893 1053 1052
1590 2 2 1 1 274 1543 273
1591 2 2 1 1 571 572 570
1592 2 2 1 1 945 947 944
1593 2 2 1 1 332 334 331
1594 2 2 1 1 756 1521 377
1595 2 2 1 1 259 262 261
1596 2 2 1 1 1022 1476 940
1597 2 2 1 1 902 944 787
1598 2 2 1 1 381 756 377
1599 2 2 1 1 268 1497 263
1600 2 2 1 1 1161 1162 947
1601 2 2 1 1 967 1111 907
1602 2 2 1 1 1218 1245 1217
1603 2 2 1 1 1646 1743 1722
1604 2 2 1 1 179 1594 1269
1605 2 2 1 1 675 1533 592
1606 2 2 1 1 338 358 336
1607 2 2 1 1 1400 1546 1397
1608 2 2 1 1 1026 1521 756
1609 2 2 1 1 239 241 240
1610 2 2 1 1 1126 1449 1127
1611 2 2 1 1 623 651 533
1612 2 2 1 1 1161 1951 1734
1613 2 2 1 1 521 565 558
1614 2 2 1 1 379 1504 383
1615 2 2 1 1 868 1648 1481
1616 2 2 1 1 764 877 876
1617 2 2 1 1 1347 1527 963
1618 2 2 1 1 237 456 239
1619 2 2 1 1 1142 1143 1141
1620 2 2 1 1 330 1511 332
1621 2 2 1 1 1474 1488 380
1622 2 2 1 1 981 1032 905
1623 2 2 1 1 368 369 360
1624 2 2 1 1 1065 1328 971
1625 2 2 1 1 862 1533 675
1626 2 2 1 1 1124 1357 1121
1627 2 2 1 1 809 1495 916
1628 2 2 1 1 457 488 478
1629 2 2 1 1 437 1413 1411
1630 2 2 1 1 376 377 369
1631 2 2 1 1 874 888 803
1632 2 2 1 1 938 940 756
1633 2 2 1 1 951 1223 949
1634 2 2 1 1 529 1533 1033
1635 2 2 1 1 773 803 772
1636 2 2 1 1 760 762 761
1637 2 2 1 1 1026 1566 1521
1638 2 2 1 1 328 365 330
1639 2 2 1 1 368 375 369
1640 2 2 1 1 594 1526 964
1641 2 2 1 1 617 1501 891
1642 2 2 1 1 1413 1414 1411
1643 2 2 1 1 771 772 728
1644 2 2 1 1 443 474 444
1645 2 2 1 1 735 892 736
1646 2 2 1 1 727 728 721
1647 2 2 1 1 427 1512 429
1648 2 2 1 1 419 1526 422
1649 2 2 1 1 936 1017 937
1650 2 2 1 1 720 721 719
1651 2 2 1 1 1328 1887 207
1652 2 2 1 1 610 735 611
1653 2 2 1 1 574 576 575
1654 2 2 1 1 853 936 854
1655 2 2 1 1 666 1542 538
1656 2 2 1 1 1055 1611 471
1657 2 2 1 1 547 1513 819
1658 2 2 1 1 1184 1185 1183
1659 2 2 1 1 386 461 460
1660 2 2 1 1 237 238 236
1661 2 2 1 1 461 1441 460
1662 2 2 1 1 856 993 935
1663 2 2 1 1 576 580 577
1664 2 2 1 1 580 654 581
1665 2 2 1 1 512 513 484
1666 2 2 1 1 1430 1577 579
1667 2 2 1 1 748 856 844
1668 2 2 1 1 993 1080 996
1669 2 2 1 1 648 729 645
1670 2 2 1 1 741 847 742
1671 2 2 1 1 718 719 717
1672 2 2 1 1 654 748 747
1673 2 2 1 1 1383 1707 1156
1674 2 2 1 1 1422 1423 1420
1675 2 2 1 1 646 1528 982
1676 2 2 1 1 1146 1428 1143
1677 2 2 1 1 516 521 520
1678 2 2 1 1 297 1607 295
1679 2 2 1 1 598 600 599
1680 2 2 1 1 1300 1302 1301
1681 2 2 1 1 522 542 524
1682 2 2 1 1 469 1538 501
1683 2 2 1 1 588 662 661
1684 2 2 1 1 1039 1040 864
1685 2 2 1 1 360 1566 339
1686 2 2 1 1 1325 1326 559
1687 2 2 1 1 964 1526 1354
1688 2 2 1 1 1244 1460 975
1689 2 2 1 1 558 1528 646
1690 2 2 1 1 1087 1089 920
1691 2 2 1 1 710 711 709
1692 2 2 1 1 786 903 901
1693 2 2 1 1 422 438 423
1694 2 2 1 1 298 300 297
1695 2 2 1 1 367 386 385
1696 2 2 1 1 572 574 573
1697 2 2 1 1 939 1492 938
1698 2 2 1 1 1319 1320 1318
1699 2 2 1 1 359 368 360
1700 2 2 1 1 337 1522 359
1701 2 2 1 1 296 297 295
1702 2 2 1 1 475 1503 504
1703 2 2 1 1 595 598 597
1704 2 2 1 1 1396 1471 1398
1705 2 2 1 1 1334 1482 1336
1706 2 2 1 1 716 717 715
1707 2 2 1 1 375 376 369
1708 2 2 1 1 542 777 543
1709 2 2 1 1 359 360 339
1710 2 2 1 1 335 337 336
1711 2 2 1 1 286 1525 1440
1712 2 2 1 1 504 605 541
1713 2 2 1 1 378 1488 381
1714 2 2 1 1 708 709 707
1715 2 2 1 1 504 1503 605
1716 2 2 1 1 712 713 711
1717 2 2 1 1 332 335 334
1718 2 2 1 1 402 404 403
1719 2 2 1 1 1317 1318 1314
1720 2 2 1 1 788 965 943
1721 2 2 1 1 816 1528 565
1722 2 2 1 1 676 677 675
1723 2 2 1 1 1007 1497 268
1724 2 2 1 1 545 546 519
1725 2 2 1 1 400 402 401
1726 2 2 1 1 605 1503 1037
1727 2 2 1 1 714 715 713
1728 2 2 1 1 1415 1416 1414
1729 2 2 1 1 406 408 407
1730 2 2 1 1 398 400 399
1731 2 2 1 1 1300 1301 1299
1732 2 2 1 1 396 398 397
1733 2 2 1 1 534 1544 481
1734 2 2 1 1 394 396 395
1735 2 2 1 1 1005 1224 1198
1736 2 2 1 1 1558 1574 1475
1737 2 2 1 1 601 974 912
1738 2 2 1 1 777 900 778
1739 2 2 1 1 415 418 417
1740 2 2 1 1 977 1160 1003
1741 2 2 1 1 917 1064 1045
1742 2 2 1 1 1238 1578 1239
1743 2 2 1 1 558 646 559
1744 2 2 1 1 365 1511 330
1745 2 2 1 1 337 339 338
1746 2 2 1 1 682 683 681
1747 2 2 1 1 836 905 835
1748 2 2 1 1 429 436 431
1749 2 2 1 1 848 853 852
1750 2 2 1 1 1389 1743 1646
1751 2 2 1 1 1324 1566 1026
1752 2 2 1 1 429 1512 436
1753 2 2 1 1 404 406 405
1754 2 2 1 1 826 827 825
1755 2 2 1 1 784 975 783
1756 2 2 1 1 528 593 591
1757 2 2 1 1 392 394 393
1758 2 2 1 1 805 1450 909
1759 2 2 1 1 435 443 442
1760 2 2 1 1 601 1515 974
1761 2 2 1 1 1321 1323 1322
1762 2 2 1 1 106 1752 179
1763 2 2 1 1 549 1501 617
1764 2 2 1 1 828 829 827
1765 2 2 1 1 419 422 421
1766 2 2 1 1 944 1542 787
1767 2 2 1 1 819 1500 977
1768 2 2 1 1 878 1486 880
1769 2 2 1 1 293 295 292
1770 2 2 1 1 706 707 705
1771 2 2 1 1 381 1488 939
1772 2 2 1 1 813 1007 268
1773 2 2 1 1 941 1055 471
1774 2 2 1 1 1195 1197 988
1775 2 2 1 1 460 1441 480
1776 2 2 1 1 959 1108 998
1777 2 2 1 1 388 390 389
1778 2 2 1 1 1209 1210 1086
1779 2 2 1 1 791 792 769
1780 2 2 1 1 425 1048 427
1781 2 2 1 1 678 679 677
1782 2 2 1 1 381 939 938
1783 2 2 1 1 1031 1232 1030
1784 2 2 1 1 475 1504 1503
1785 2 2 1 1 617 891 619
1786 2 2 1 1 1120 1121 1118
1787 2 2 1 1 680 681 679
1788 2 2 1 1 839 1531 651
1789 2 2 1 1 730 917 729
1790 2 2 1 1 909 959 932
1791 2 2 1 1 902 1562 945
1792 2 2 1 1 390 392 391
1793 2 2 1 1 1133 1213 1130
1794 2 2 1 1 695 1636 1495
1795 2 2 1 1 860 1084 898
1796 2 2 1 1 411 414 413
1797 2 2 1 1 379 380 378
1798 2 2 1 1 1485 1613 1597
1799 2 2 1 1 605 643 541
1800 2 2 1 1 503 665 538
1801 2 2 1 1 237 239 238
1802 2 2 1 1 353 1551 250
1803 2 2 1 1 309 1529 306
1804 2 2 1 1 376 379 378
1805 2 2 1 1 630 631 629
1806 2 2 1 1 1394 1396 1395
1807 2 2 1 1 355 367 366
1808 2 2 1 1 1313 1314 1311
1809 2 2 1 1 605 906 643
1810 2 2 1 1 1056 1061 933
1811 2 2 1 1 1303 1697 1455
1812 2 2 1 1 1248 1428 1146
1813 2 2 1 1 504 541 505
1814 2 2 1 1 369 1521 360
1815 2 2 1 1 906 1517 1101
1816 2 2 1 1 1038 1517 906
1817 2 2 1 1 1218 1246 1245
1818 2 2 1 1 1094 1095 1093
1819 2 2 1 1 475 504 477
1820 2 2 1 1 940 1027 1026
1821 2 2 1 1 235 237 236
1822 2 2 1 1 332 776 335
1823 2 2 1 1 906 1101 643
1824 2 2 1 1 894 1532 486
1825 2 2 1 1 388 1527 390
1826 2 2 1 1 311 658 309
1827 2 2 1 1 346 355 354
1828 2 2 1 1 565 1528 558
1829 2 2 1 1 19 185 18
1830 2 2 1 1 1249 1519 1248
1831 2 2 1 1 497 872 375
1832 2 2 1 1 850 1544 534
1833 2 2 1 1 680 1346 817
1834 2 2 1 1 819 977 822
1835 2 2 1 1 368 497 375
1836 2 2 1 1 1440 1690 1408
1837 2 2 1 1 665 746 666
1838 2 2 1 1 965 1096 1060
1839 2 2 1 1 809 916 914
1840 2 2 1 1 277 278 276
1841 2 2 1 1 1354 1355 1002
1842 2 2 1 1 987 988 830
1843 2 2 1 1 444 1547 446
1844 2 2 1 1 1479 1480 414
1845 2 2 1 1 379 1550 1504
1846 2 2 1 1 514 516 515
1847 2 2 1 1 289 290 288
1848 2 2 1 1 528 1505 593
1849 2 2 1 1 486 1532 508
1850 2 2 1 1 971 1635 951
1851 2 2 1 1 380 1488 378
1852 2 2 1 1 917 1520 1295
1853 2 2 1 1 556 1564 621
1854 2 2 1 1 690 1557 846
1855 2 2 1 1 775 1483 342
1856 2 2 1 1 1037 1038 906
1857 2 2 1 1 1029 1659 523
1858 2 2 1 1 1312 1315 1313
1859 2 2 1 1 1274 1542 944
1860 2 2 1 1 670 967 907
1861 2 2 1 1 291 292 290
1862 2 2 1 1 610 611 603
1863 2 2 1 1 1563 1575 1037
1864 2 2 1 1 497 961 872
1865 2 2 1 1 549 1532 1501
1866 2 2 1 1 306 308 304
1867 2 2 1 1 740 1490 267
1868 2 2 1 1 614 1549 578
1869 2 2 1 1 473 494 472
1870 2 2 1 1 684 686 685
1871 2 2 1 1 1397 1546 1401
1872 2 2 1 1 335 1522 337
1873 2 2 1 1 695 1495 809
1874 2 2 1 1 455 472 454
1875 2 2 1 1 1122 1984 1352
1876 2 2 1 1 1203 1204 793
1877 2 2 1 1 265 740 267
1878 2 2 1 1 735 736 611
1879 2 2 1 1 1101 1102 643
1880 2 2 1 1 891 1514 619
1881 2 2 1 1 1478 1574 1479
1882 2 2 1 1 776 1522 335
1883 2 2 1 1 275 276 274
1884 2 2 1 1 1319 1321 1320
1885 2 2 1 1 1394 1395 733
1886 2 2 1 1 872 1575 1563
1887 2 2 1 1 1522 1534 359
1888 2 2 1 1 1140 1141 930
1889 2 2 1 1 877 878 876
1890 2 2 1 1 284 1524 282
1891 2 2 1 1 605 1037 906
1892 2 2 1 1 790 1450 805
1893 2 2 1 1 469 501 489
1894 2 2 1 1 574 575 573
1895 2 2 1 1 509 606 530
1896 2 2 1 1 194 2014 1072
1897 2 2 1 1 868 1574 1558
1898 2 2 1 1 547 819 667
1899 2 2 1 1 805 909 807
1900 2 2 1 1 784 1244 975
1901 2 2 1 1 892 931 736
1902 2 2 1 1 408 1475 409
1903 2 2 1 1 1400 1881 1186
1904 2 2 1 1 264 1442 261
1905 2 2 1 1 658 1529 309
1906 2 2 1 1 373 1586 387
1907 2 2 1 1 1441 1592 1576
1908 2 2 1 1 1228 1229 218
1909 2 2 1 1 799 1561 991
1910 2 2 1 1 967 1199 1111
1911 2 2 1 1 600 601 599
1912 2 2 1 1 576 577 575
1913 2 2 1 1 1236 1810 1237
1914 2 2 1 1 580 581 577
1915 2 2 1 1 741 742 662
1916 2 2 1 1 377 1521 369
1917 2 2 1 1 588 661 586
1918 2 2 1 1 508 549 540
1919 2 2 1 1 418 419 417
1920 2 2 1 1 1216 1217 1215
1921 2 2 1 1 600 1515 601
1922 2 2 1 1 1020 1625 1092
1923 2 2 1 1 1043 1585 755
1924 2 2 1 1 1395 1549 733
1925 2 2 1 1 856 935 844
1926 2 2 1 1 654 747 581
1927 2 2 1 1 1019 1768 1018
1928 2 2 1 1 316 333 313
1929 2 2 1 1 584 700 315
1930 2 2 1 1 993 996 935
1931 2 2 1 1 1419 1422 1420
1932 2 2 1 1 595 597 438
1933 2 2 1 1 1483 1583 344
1934 2 2 1 1 748 844 747
1935 2 2 1 1 1317 1319 1318
1936 2 2 1 1 408 409 407
1937 2 2 1 1 940 1026 756
1938 2 2 1 1 1035 1629 1592
1939 2 2 1 1 522 524 492
1940 2 2 1 1 568 1475 408
1941 2 2 1 1 368 1534 497
1942 2 2 1 1 773 874 803
1943 2 2 1 1 1097 1098 1032
1944 2 2 1 1 1120 1122 1121
1945 2 2 1 1 1475 1478 409
1946 2 2 1 1 991 1360 1359
1947 2 2 1 1 1682 1825 190
1948 2 2 1 1 383 475 452
1949 2 2 1 1 422 1526 594
1950 2 2 1 1 771 773 772
1951 2 2 1 1 762 764 761
1952 2 2 1 1 776 1523 1522
1953 2 2 1 1 1396 1398 1397
1954 2 2 1 1 617 619 618
1955 2 2 1 1 845 1551 353
1956 2 2 1 1 1406 1570 589
1957 2 2 1 1 628 629 627
1958 2 2 1 1 549 617 550
1959 2 2 1 1 888 1094 1093
1960 2 2 1 1 1728 1733 1137
1961 2 2 1 1 453 454 384
1962 2 2 1 1 727 771 728
1963 2 2 1 1 596 1527 388
1964 2 2 1 1 936 937 854
1965 2 2 1 1 917 1295 1064
1966 2 2 1 1 1017 1275 937
1967 2 2 1 1 322 323 321
1968 2 2 1 1 592 1533 529
1969 2 2 1 1 720 727 721
1970 2 2 1 1 1066 1789 1189
1971 2 2 1 1 446 1538 469
1972 2 2 1 1 1380 1659 1381
1973 2 2 1 1 619 849 620
1974 2 2 1 1 262 696 268
1975 2 2 1 1 406 407 405
1976 2 2 1 1 718 720 719
1977 2 2 1 1 1503 1563 1037
1978 2 2 1 1 489 1541 509
1979 2 2 1 1 352 498 350
1980 2 2 1 1 872 1550 375
1981 2 2 1 1 853 854 852
1982 2 2 1 1 541 1513 547
1983 2 2 1 1 847 848 742
1984 2 2 1 1 404 405 403
1985 2 2 1 1 422 423 421
1986 2 2 1 1 619 1514 849
1987 2 2 1 1 760 761 758
1988 2 2 1 1 476 1620 482
1989 2 2 1 1 657 826 825
1990 2 2 1 1 414 415 413
1991 2 2 1 1 598 599 597
1992 2 2 1 1 708 710 709
1993 2 2 1 1 1391 1392 1390
1994 2 2 1 1 340 775 342
1995 2 2 1 1 1115 1116 980
1996 2 2 1 1 696 813 268
1997 2 2 1 1 832 833 831
1998 2 2 1 1 1256 1844 1350
1999 2 2 1 1 872 1563 1550
2000 2 2 1 1 1117 1118 1116
2001 2 2 1 1 619 620 618
2002 2 2 1 1 710 712 711
2003 2 2 1 1 1074 1562 902
2004 2 2 1 1 337 359 339
2005 2 2 1 1 1410 1567 973
2006 2 2 1 1 798 800 799
2007 2 2 1 1 1413 1415 1414
2008 2 2 1 1 617 618 550
2009 2 2 1 1 716 718 717
2010 2 2 1 1 643 1513 541
2011 2 2 1 1 1870 1926 1727
2012 2 2 1 1 507 517 485
2013 2 2 1 1 409 1478 411
2014 2 2 1 1 509 1541 606
2015 2 2 1 1 615 706 705
2016 2 2 1 1 673 784 783
2017 2 2 1 1 497 1534 970
2018 2 2 1 1 402 403 401
2019 2 2 1 1 949 1509 948
2020 2 2 1 1 572 573 570
2021 2 2 1 1 379 383 380
2022 2 2 1 1 388 389 374
2023 2 2 1 1 400 401 399
2024 2 2 1 1 491 1588 493
2025 2 2 1 1 398 399 397
2026 2 2 1 1 497 970 961
2027 2 2 1 1 396 397 395
2028 2 2 1 1 376 1550 379
2029 2 2 1 1 686 690 687
2030 2 2 1 1 457 1467 488
2031 2 2 1 1 1204 1560 793
2032 2 2 1 1 855 1031 1030
2033 2 2 1 1 964 1354 1002
2034 2 2 1 1 712 714 713
2035 2 2 1 1 880 882 881
2036 2 2 1 1 801 1196 802
2037 2 2 1 1 714 716 715
2038 2 2 1 1 394 395 393
2039 2 2 1 1 1576 1592 867
2040 2 2 1 1 36 173 35
2041 2 2 1 1 706 708 707
2042 2 2 1 1 788 1564 965
2043 2 2 1 1 1170 1215 1169
2044 2 2 1 1 542 543 524
2045 2 2 1 1 495 1054 518
2046 2 2 1 1 494 1505 528
2047 2 2 1 1 1014 1325 752
2048 2 2 1 1 1027 1324 1026
2049 2 2 1 1 392 393 391
2050 2 2 1 1 250 1551 248
2051 2 2 1 1 1159 1347 963
2052 2 2 1 1 359 1534 368
2053 2 2 1 1 919 1010 813
2054 2 2 1 1 549 550 540
2055 2 2 1 1 512 514 513
2056 2 2 1 1 1144 1147 1145
2057 2 2 1 1 1334 1336 1335
2058 2 2 1 1 215 1771 1222
2059 2 2 1 1 390 391 389
2060 2 2 1 1 1706 1906 560
2061 2 2 1 1 446 1547 1538
2062 2 2 1 1 731 732 730
2063 2 2 1 1 1398 1400 1397
2064 2 2 1 1 1141 1632 930
2065 2 2 1 1 273 1543 491
2066 2 2 1 1 826 828 827
2067 2 2 1 1 828 830 829
2068 2 2 1 1 960 1885 1832
2069 2 2 1 1 48 177 47
2070 2 2 1 1 1302 1339 1301
2071 2 2 1 1 541 547 505
2072 2 2 1 1 961 1575 872
2073 2 2 1 1 977 1003 822
2074 2 2 1 1 979 1119 1114
2075 2 2 1 1 1092 1268 1091
2076 2 2 1 1 504 505 477
2077 2 2 1 1 1185 1186 1183
2078 2 2 1 1 777 778 543
2079 2 2 1 1 1335 1337 1333
2080 2 2 1 1 1468 1794 1235
2081 2 2 1 1 622 818 557
2082 2 2 1 1 568 1558 1475
2083 2 2 1 1 1102 1513 643
2084 2 2 1 1 620 801 649
2085 2 2 1 1 1550 1563 1504
2086 2 2 1 1 280 794 283
2087 2 2 1 1 787 1542 666
2088 2 2 1 1 987 1195 988
2089 2 2 1 1 1031 1287 1232
2090 2 2 1 1 677 862 675
2091 2 2 1 1 1007 1530 1497
2092 2 2 1 1 890 957 866
2093 2 2 1 1 500 1706 560
2094 2 2 1 1 898 2003 1956
2095 2 2 1 1 941 1103 1055
2096 2 2 1 1 42 182 41
2097 2 2 1 1 1441 1576 480
2098 2 2 1 1 30 187 29
2099 2 2 1 1 481 1544 462
2100 2 2 1 1 1234 1235 953
2101 2 2 1 1 989 1679 1330
2102 2 2 1 1 285 289 288
2103 2 2 1 1 819 822 667
2104 2 2 1 1 508 1532 549
2105 2 2 1 1 423 1499 425
2106 2 2 1 1 590 1442 264
2107 2 2 1 1 1361 1592 1441
2108 2 2 1 1 1537 1589 641
2109 2 2 1 1 555 840 553
2110 2 2 1 1 751 831 750
2111 2 2 1 1 1142 1144 1143
2112 2 2 1 1 802 978 649
2113 2 2 1 1 475 477 452
2114 2 2 1 1 320 322 321
2115 2 2 1 1 1094 1516 1095
2116 2 2 1 1 1184 1187 1185
2117 2 2 1 1 503 1576 665
2118 2 2 1 1 1396 1397 1395
2119 2 2 1 1 551 850 534
2120 2 2 1 1 1490 1540 270
2121 2 2 1 1 1401 1549 1395
2122 2 2 1 1 1168 1169 1167
2123 2 2 1 1 298 301 300
2124 2 2 1 1 690 782 691
2125 2 2 1 1 448 1467 457
2126 2 2 1 1 375 1550 376
2127 2 2 1 1 769 1489 766
2128 2 2 1 1 626 627 625
2129 2 2 1 1 1249 1762 1519
2130 2 2 1 1 882 884 883
2131 2 2 1 1 801 802 649
2132 2 2 1 1 272 275 274
2133 2 2 1 1 947 1274 944
2134 2 2 1 1 620 649 618
2135 2 2 1 1 544 798 672
2136 2 2 1 1 733 1549 614
2137 2 2 1 1 1515 1605 974
2138 2 2 1 1 1316 1317 1314
2139 2 2 1 1 470 894 486
2140 2 2 1 1 1407 1749 744
2141 2 2 1 1 867 1629 1214
2142 2 2 1 1 933 1486 878
2143 2 2 1 1 438 1499 423
2144 2 2 1 1 887 934 812
2145 2 2 1 1 841 1066 910
2146 2 2 1 1 867 1214 746
2147 2 2 1 1 1337 1338 1333
2148 2 2 1 1 550 641 540
2149 2 2 1 1 978 1589 1537
2150 2 2 1 1 730 1520 917
2151 2 2 1 1 383 384 380
2152 2 2 1 1 1116 1589 980
2153 2 2 1 1 508 540 539
2154 2 2 1 1 740 1491 1490
2155 2 2 1 1 684 685 683
2156 2 2 1 1 443 444 442
2157 2 2 1 1 725 1720 1233
2158 2 2 1 1 1020 1655 1625
2159 2 2 1 1 346 1583 355
2160 2 2 1 1 959 998 932
2161 2 2 1 1 931 1200 1023
2162 2 2 1 1 732 1520 730
2163 2 2 1 1 1130 1507 1128
2164 2 2 1 1 696 919 813
2165 2 2 1 1 537 644 531
2166 2 2 1 1 979 980 978
2167 2 2 1 1 308 1597 304
2168 2 2 1 1 525 533 499
2169 2 2 1 1 965 1564 1477
2170 2 2 1 1 1616 1841 356
2171 2 2 1 1 415 417 416
2172 2 2 1 1 618 1537 550
2173 2 2 1 1 670 1586 967
2174 2 2 1 1 1358 1674 539
2175 2 2 1 1 453 455 454
2176 2 2 1 1 419 421 420
2177 2 2 1 1 668 889 612
2178 2 2 1 1 601 912 870
2179 2 2 1 1 909 932 807
2180 2 2 1 1 318 320 319
2181 2 2 1 1 1017 1569 1275
2182 2 2 1 1 646 821 752
2183 2 2 1 1 1117 1120 1118
2184 2 2 1 1 775 1484 1483
2185 2 2 1 1 1108 1109 998
2186 2 2 1 1 409 411 410
2187 2 2 1 1 957 1070 866
2188 2 2 1 1 802 979 978
2189 2 2 1 1 878 880 879
2190 2 2 1 1 455 473 472
2191 2 2 1 1 1504 1563 1503
2192 2 2 1 1 1580 1600 1579
2193 2 2 1 1 782 904 810
2194 2 2 1 1 659 660 565
2195 2 2 1 1 1115 1117 1116
2196 2 2 1 1 314 318 317
2197 2 2 1 1 621 1564 788
2198 2 2 1 1 1196 1556 802
2199 2 2 1 1 973 1567 1430
2200 2 2 1 1 1313 1316 1314
2201 2 2 1 1 916 1545 914
2202 2 2 1 1 738 845 353
2203 2 2 1 1 1012 1013 874
2204 2 2 1 1 292 1642 290
2205 2 2 1 1 492 1525 286
2206 2 2 1 1 589 1570 657
2207 2 2 1 1 952 971 951
2208 2 2 1 1 1166 1167 1165
2209 2 2 1 1 411 413 412
2210 2 2 1 1 991 1561 1360
2211 2 2 1 1 423 425 424
2212 2 2 1 1 270 1540 272
2213 2 2 1 1 848 852 851
2214 2 2 1 1 575 868 573
2215 2 2 1 1 734 750 660
2216 2 2 1 1 293 296 295
2217 2 2 1 1 470 1628 894
2218 2 2 1 1 1054 1559 518
2219 2 2 1 1 1223 1509 949
2220 2 2 1 1 912 1005 986
2221 2 2 1 1 281 1612 278
2222 2 2 1 1 1275 1277 1276
2223 2 2 1 1 283 1535 285
2224 2 2 1 1 1290 1675 946
2225 2 2 1 1 581 693 577
2226 2 2 1 1 979 1556 1119
2227 2 2 1 1 323 1591 321
2228 2 2 1 1 296 298 297
2229 2 2 1 1 496 1553 473
2230 2 2 1 1 698 812 639
2231 2 2 1 1 480 1576 503
2232 2 2 1 1 425 427 426
2233 2 2 1 1 844 925 747
2234 2 2 1 1 429 431 430
2235 2 2 1 1 409 410 407
2236 2 2 1 1 1005 1198 1006
2237 2 2 1 1 1253 1255 1254
2238 2 2 1 1 931 1023 736
2239 2 2 1 1 301 1613 300
2240 2 2 1 1 996 1206 935
2241 2 2 1 1 495 1573 1054
2242 2 2 1 1 1114 1115 980
2243 2 2 1 1 544 1559 798
2244 2 2 1 1 486 508 507
2245 2 2 1 1 427 429 428
2246 2 2 1 1 289 291 290
2247 2 2 1 1 1334 1335 1333
2248 2 2 1 1 545 564 546
2249 2 2 1 1 979 1114 980
2250 2 2 1 1 1521 1566 360
2251 2 2 1 1 419 420 417
2252 2 2 1 1 510 607 490
2253 2 2 1 1 965 1477 1096
2254 2 2 1 1 1499 1587 1048
2255 2 2 1 1 431 433 432
2256 2 2 1 1 277 281 278
2257 2 2 1 1 1455 1725 664
2258 2 2 1 1 1216 1218 1217
2259 2 2 1 1 344 1583 346
2260 2 2 1 1 859 1018 857
2261 2 2 1 1 570 1558 568
2262 2 2 1 1 1277 1456 1278
2263 2 2 1 1 1592 1629 867
2264 2 2 1 1 473 1553 494
2265 2 2 1 1 36 1595 173
2266 2 2 1 1 433 435 434
2267 2 2 1 1 985 987 830
2268 2 2 1 1 601 870 599
2269 2 2 1 1 291 293 292
2270 2 2 1 1 1529 1840 308
2271 2 2 1 1 331 370 329
2272 2 2 1 1 1037 1575 1038
2273 2 2 1 1 665 1576 867
2274 2 2 1 1 646 982 821
2275 2 2 1 1 547 667 612
2276 2 2 1 1 483 484 461
2277 2 2 1 1 77 176 76
2278 2 2 1 1 547 612 505
2279 2 2 1 1 412 793 410
2280 2 2 1 1 1003 1180 1004
2281 2 2 1 1 1061 1486 933
2282 2 2 1 1 597 1499 438
2283 2 2 1 1 1140 1142 1141
2284 2 2 1 1 978 1537 649
2285 2 2 1 1 474 1606 1547
2286 2 2 1 1 706 865 708
2287 2 2 1 1 415 416 413
2288 2 2 1 1 383 452 384
2289 2 2 1 1 1311 1724 182
2290 2 2 1 1 1021 1203 793
2291 2 2 1 1 386 483 461
2292 2 2 1 1 873 1008 806
2293 2 2 1 1 804 972 789
2294 2 2 1 1 710 796 712
2295 2 2 1 1 1187 1188 1185
2296 2 2 1 1 550 1537 641
2297 2 2 1 1 423 424 421
2298 2 2 1 1 1062 1063 895
2299 2 2 1 1 393 608 391
2300 2 2 1 1 403 463 401
2301 2 2 1 1 832 834 833
2302 2 2 1 1 275 277 276
2303 2 2 1 1 648 730 729
2304 2 2 1 1 355 609 367
2305 2 2 1 1 397 487 395
2306 2 2 1 1 798 799 672
2307 2 2 1 1 716 811 718
2308 2 2 1 1 657 1570 826
2309 2 2 1 1 387 1586 670
2310 2 2 1 1 1484 1548 1483
2311 2 2 1 1 848 851 742
2312 2 2 1 1 649 1537 618
2313 2 2 1 1 665 867 746
2314 2 2 1 1 854 994 852
2315 2 2 1 1 579 1577 615
2316 2 2 1 1 1152 1165 1151
2317 2 2 1 1 855 1588 1031
2318 2 2 1 1 508 539 507
2319 2 2 1 1 1275 1276 937
2320 2 2 1 1 428 451 426
2321 2 2 1 1 1115 1190 1117
2322 2 2 1 1 967 1498 1199
2323 2 2 1 1 773 1012 874
2324 2 2 1 1 764 876 875
2325 2 2 1 1 1150 1151 1149
2326 2 2 1 1 371 447 372
2327 2 2 1 1 720 869 727
2328 2 2 1 1 356 371 357
2329 2 2 1 1 828 985 830
2330 2 2 1 1 573 1558 570
2331 2 2 1 1 904 960 929
2332 2 2 1 1 875 1643 1606
2333 2 2 1 1 1282 1909 1074
2334 2 2 1 1 1062 1788 1063
2335 2 2 1 1 1258 1623 1257
2336 2 2 1 1 683 689 681
2337 2 2 1 1 967 1586 1498
2338 2 2 1 1 1031 1288 1287
2339 2 2 1 1 325 364 323
2340 2 2 1 1 452 453 384
2341 2 2 1 1 1397 1401 1395
2342 2 2 1 1 1213 1507 1130
2343 2 2 1 1 637 702 635
2344 2 2 1 1 476 482 465
2345 2 2 1 1 524 1525 492
2346 2 2 1 1 493 1588 855
2347 2 2 1 1 1235 1794 1531
2348 2 2 1 1 278 1612 280
2349 2 2 1 1 411 412 410
2350 2 2 1 1 778 790 789
2351 2 2 1 1 490 1620 476
2352 2 2 1 1 792 1489 769
2353 2 2 1 1 432 642 430
2354 2 2 1 1 1003 1004 822
2355 2 2 1 1 668 1047 1046
2356 2 2 1 1 355 1583 609
2357 2 2 1 1 611 1605 1515
2358 2 2 1 1 537 645 644
2359 2 2 1 1 495 496 473
2360 2 2 1 1 1475 1574 1478
2361 2 2 1 1 802 1556 979
2362 2 2 1 1 912 986 870
2363 2 2 1 1 1161 1734 1162
2364 2 2 1 1 260 1684 257
2365 2 2 1 1 500 560 526
2366 2 2 1 1 173 1595 1334
2367 2 2 1 1 518 519 496
2368 2 2 1 1 1606 1643 1547
2369 2 2 1 1 1538 1643 1539
2370 2 2 1 1 668 1046 889
2371 2 2 1 1 407 1560 405
2372 2 2 1 1 494 1553 1505
2373 2 2 1 1 544 545 519
2374 2 2 1 1 1690 1719 1408
2375 2 2 1 1 1500 1661 977
2376 2 2 1 1 465 1590 445
2377 2 2 1 1 518 544 519
2378 2 2 1 1 1334 1595 1482
2379 2 2 1 1 412 1021 793
2380 2 2 1 1 495 518 496
2381 2 2 1 1 455 495 473
2382 2 2 1 1 794 1535 283
2383 2 2 1 1 320 321 319
2384 2 2 1 1 761 1606 758
2385 2 2 1 1 1005 1006 986
2386 2 2 1 1 213 1976 1947
2387 2 2 1 1 425 426 424
2388 2 2 1 1 797 941 471
2389 2 2 1 1 985 1260 987
2390 2 2 1 1 667 668 612
2391 2 2 1 1 421 1552 420
2392 2 2 1 1 1277 1278 1276
2393 2 2 1 1 1255 1256 1254
2394 2 2 1 1 778 789 543
2395 2 2 1 1 441 471 434
2396 2 2 1 1 1241 1931 1242
2397 2 2 1 1 427 428 426
2398 2 2 1 1 470 485 281
2399 2 2 1 1 316 356 333
2400 2 2 1 1 470 486 485
2401 2 2 1 1 295 1607 563
2402 2 2 1 1 1518 1848 223
2403 2 2 1 1 794 1536 1535
2404 2 2 1 1 285 1535 289
2405 2 2 1 1 307 459 310
2406 2 2 1 1 1002 1672 1264
2407 2 2 1 1 429 430 428
2408 2 2 1 1 1421 1751 796
2409 2 2 1 1 736 1605 611
2410 2 2 1 1 1148 1149 1147
2411 2 2 1 1 486 507 485
2412 2 2 1 1 272 1540 275
2413 2 2 1 1 648 731 730
2414 2 2 1 1 1170 1216 1215
2415 2 2 1 1 511 512 484
2416 2 2 1 1 435 442 441
2417 2 2 1 1 431 432 430
2418 2 2 1 1 790 805 804
2419 2 2 1 1 1445 1707 1015
2420 2 2 1 1 889 1571 612
2421 2 2 1 1 868 1558 573
2422 2 2 1 1 758 1606 474
2423 2 2 1 1 505 1571 477
2424 2 2 1 1 340 1613 775
2425 2 2 1 1 564 753 653
2426 2 2 1 1 521 659 565
2427 2 2 1 1 957 1112 1070
2428 2 2 1 1 1251 1723 1043
2429 2 2 1 1 433 434 432
2430 2 2 1 1 482 1590 465
2431 2 2 1 1 980 1589 978
2432 2 2 1 1 615 1577 706
2433 2 2 1 1 1180 1250 1004
2434 2 2 1 1 873 1205 1024
2435 2 2 1 1 1031 1588 1288
2436 2 2 1 1 367 1565 386
2437 2 2 1 1 808 984 694
2438 2 2 1 1 444 446 445
2439 2 2 1 1 599 1587 597
2440 2 2 1 1 303 304 301
2441 2 2 1 1 277 470 281
2442 2 2 1 1 982 1044 995
2443 2 2 1 1 544 672 545
2444 2 2 1 1 477 1572 452
2445 2 2 1 1 805 807 806
2446 2 2 1 1 1333 1338 1332
2447 2 2 1 1 514 701 516
2448 2 2 1 1 822 1568 667
2449 2 2 1 1 790 804 789
2450 2 2 1 1 1408 1719 590
2451 2 2 1 1 303 613 305
2452 2 2 1 1 873 1024 1008
2453 2 2 1 1 318 319 317
2454 2 2 1 1 518 1559 544
2455 2 2 1 1 1443 1713 1445
2456 2 2 1 1 751 832 831
2457 2 2 1 1 300 1613 340
2458 2 2 1 1 999 1963 1766
2459 2 2 1 1 424 1552 421
2460 2 2 1 1 1048 1667 1512
2461 2 2 1 1 764 875 761
2462 2 2 1 1 1618 1934 1262
2463 2 2 1 1 1168 1170 1169
2464 2 2 1 1 991 1359 1009
2465 2 2 1 1 878 879 876
2466 2 2 1 1 466 899 468
2467 2 2 1 1 435 441 434
2468 2 2 1 1 410 1560 407
2469 2 2 1 1 914 1545 1036
2470 2 2 1 1 686 687 685
2471 2 2 1 1 298 303 301
2472 2 2 1 1 1264 1697 1001
2473 2 2 1 1 560 561 526
2474 2 2 1 1 690 691 687
2475 2 2 1 1 453 1573 455
2476 2 2 1 1 1067 1068 915
2477 2 2 1 1 998 1173 932
2478 2 2 1 1 734 751 750
2479 2 2 1 1 420 1617 417
2480 2 2 1 1 1960 2012 229
2481 2 2 1 1 1072 1827 1225
2482 2 2 1 1 799 991 990
2483 2 2 1 1 612 1571 505
2484 2 2 1 1 809 914 843
2485 2 2 1 1 1207 1208 1079
2486 2 2 1 1 280 1612 794
2487 2 2 1 1 805 806 804
2488 2 2 1 1 644 1602 531
2489 2 2 1 1 914 1036 915
2490 2 2 1 1 826 1593 828
2491 2 2 1 1 882 883 881
2492 2 2 1 1 236 1879 837
2493 2 2 1 1 291 616 293
2494 2 2 1 1 807 873 806
2495 2 2 1 1 452 1572 453
2496 2 2 1 1 775 1485 1484
2497 2 2 1 1 793 1560 410
2498 2 2 1 1 1267 1956 1107
2499 2 2 1 1 1166 1168 1167
2500 2 2 1 1 797 1554 941
2501 2 2 1 1 441 797 471
2502 2 2 1 1 444 445 442
2503 2 2 1 1 695 809 808
2504 2 2 1 1 417 1617 416
2505 2 2 1 1 888 1649 1094
2506 2 2 1 1 706 1577 865
2507 2 2 1 1 1322 1651 213
2508 2 2 1 1 870 1587 599
2509 2 2 1 1 1590 1624 445
2510 2 2 1 1 895 1584 738
2511 2 2 1 1 1243 1882 1825
2512 2 2 1 1 691 692 687
2513 2 2 1 1 1728 1825 1682
2514 2 2 1 1 659 734 660
2515 2 2 1 1 1702 1743 1389
2516 2 2 1 1 1572 1573 453
2517 2 2 1 1 890 1555 957
2518 2 2 1 1 668 1568 1047
2519 2 2 1 1 1023 1605 736
2520 2 2 1 1 511 695 694
2521 2 2 1 1 749 1736 1368
2522 2 2 1 1 880 881 879
2523 2 2 1 1 984 1604 694
2524 2 2 1 1 799 990 672
2525 2 2 1 1 633 871 631
2526 2 2 1 1 543 1596 524
2527 2 2 1 1 1571 1572 477
2528 2 2 1 1 1435 1791 1436
2529 2 2 1 1 738 1584 845
2530 2 2 1 1 597 1587 1499
2531 2 2 1 1 1675 1692 946
2532 2 2 1 1 305 306 304
2533 2 2 1 1 455 1573 495
2534 2 2 1 1 667 1568 668
2535 2 2 1 1 510 1602 607
2536 2 2 1 1 446 465 445
2537 2 2 1 1 972 1596 789
2538 2 2 1 1 782 810 691
2539 2 2 1 1 307 309 306
2540 2 2 1 1 294 1708 1405
2541 2 2 1 1 310 311 309
2542 2 2 1 1 312 313 311
2543 2 2 1 1 1110 1976 40
2544 2 2 1 1 609 1565 367
2545 2 2 1 1 321 726 319
2546 2 2 1 1 834 836 835
2547 2 2 1 1 1004 1568 822
2548 2 2 1 1 466 467 447
2549 2 2 1 1 945 1163 1161
2550 2 2 1 1 483 511 484
2551 2 2 1 1 1010 1997 1985
2552 2 2 1 1 662 1663 661
2553 2 2 1 1 828 1593 985
2554 2 2 1 1 798 1705 800
2555 2 2 1 1 364 1591 323
2556 2 2 1 1 1424 1770 811
2557 2 2 1 1 25 1280 178
2558 2 2 1 1 991 1009 990
2559 2 2 1 1 1570 1593 826
2560 2 2 1 1 1175 2000 1753
2561 2 2 1 1 926 1043 755
2562 2 2 1 1 319 1614 317
2563 2 2 1 1 875 1606 761
2564 2 2 1 1 304 1597 301
2565 2 2 1 1 1722 1743 800
2566 2 2 1 1 218 1886 16
2567 2 2 1 1 446 469 465
2568 2 2 1 1 386 1565 483
2569 2 2 1 1 1204 1630 1560
2570 2 2 1 1 1008 1609 806
2571 2 2 1 1 1459 1666 641
2572 2 2 1 1 950 952 951
2573 2 2 1 1 511 694 512
2574 2 2 1 1 919 1997 1010
2575 2 2 1 1 838 1496 860
2576 2 2 1 1 1184 1281 1187
2577 2 2 1 1 530 531 510
2578 2 2 1 1 1152 1166 1165
2579 2 2 1 1 1219 1909 1282
2580 2 2 1 1 1150 1152 1151
2581 2 2 1 1 1491 1680 1490
2582 2 2 1 1 428 1603 451
2583 2 2 1 1 951 1635 1223
2584 2 2 1 1 1139 1140 930
2585 2 2 1 1 642 1603 430
2586 2 2 1 1 303 305 304
2587 2 2 1 1 775 1613 1485
2588 2 2 1 1 59 175 58
2589 2 2 1 1 932 1608 807
2590 2 2 1 1 804 1609 972
2591 2 2 1 1 945 1562 1163
2592 2 2 1 1 536 537 531
2593 2 2 1 1 607 1620 490
2594 2 2 1 1 1063 1584 895
2595 2 2 1 1 607 1621 1620
2596 2 2 1 1 230 1968 1688
2597 2 2 1 1 809 843 808
2598 2 2 1 1 1148 1150 1149
2599 2 2 1 1 904 929 810
2600 2 2 1 1 590 1761 1442
2601 2 2 1 1 914 915 843
2602 2 2 1 1 1414 1665 1411
2603 2 2 1 1 734 928 751
2604 2 2 1 1 312 1638 1356
2605 2 2 1 1 305 307 306
2606 2 2 1 1 1501 1746 891
2607 2 2 1 1 1144 1148 1147
2608 2 2 1 1 307 310 309
2609 2 2 1 1 310 312 311
2610 2 2 1 1 312 314 313
2611 2 2 1 1 561 625 624
2612 2 2 1 1 873 1608 1205
2613 2 2 1 1 403 1630 463
2614 2 2 1 1 1853 1965 1095
2615 2 2 1 1 524 1596 1525
2616 2 2 1 1 789 1596 543
2617 2 2 1 1 416 1637 413
2618 2 2 1 1 1036 1067 915
2619 2 2 1 1 753 1585 841
2620 2 2 1 1 883 1011 881
2621 2 2 1 1 695 808 694
2622 2 2 1 1 1233 1796 1111
2623 2 2 1 1 471 1611 434
2624 2 2 1 1 509 510 490
2625 2 2 1 1 237 1652 456
2626 2 2 1 1 509 530 510
2627 2 2 1 1 1013 1649 874
2628 2 2 1 1 1090 1868 1647
2629 2 2 1 1 432 1611 642
2630 2 2 1 1 405 1630 403
2631 2 2 1 1 1069 1622 960
2632 2 2 1 1 321 1591 726
2633 2 2 1 1 1560 1630 405
2634 2 2 1 1 681 1641 679
2635 2 2 1 1 523 1659 1380
2636 2 2 1 1 1456 1716 1664
2637 2 2 1 1 512 1604 514
2638 2 2 1 1 1491 1710 1680
2639 2 2 1 1 489 509 490
2640 2 2 1 1 314 317 316
2641 2 2 1 1 929 930 810
2642 2 2 1 1 823 1016 927
2643 2 2 1 1 860 1496 1084
2644 2 2 1 1 430 1603 428
2645 2 2 1 1 807 1608 873
2646 2 2 1 1 489 490 476
2647 2 2 1 1 604 1725 650
2648 2 2 1 1 469 489 476
2649 2 2 1 1 791 1647 792
2650 2 2 1 1 469 476 465
2651 2 2 1 1 575 1648 868
2652 2 2 1 1 1050 1104 1049
2653 2 2 1 1 530 536 531
2654 2 2 1 1 920 1496 838
2655 2 2 1 1 1393 1964 1473
2656 2 2 1 1 1152 1171 1166
2657 2 2 1 1 564 754 753
2658 2 2 1 1 693 1648 577
2659 2 2 1 1 641 1666 540
2660 2 2 1 1 865 1640 708
2661 2 2 1 1 710 1640 796
2662 2 2 1 1 884 1041 885
2663 2 2 1 1 623 781 651
2664 2 2 1 1 1761 1776 1442
2665 2 2 1 1 731 859 857
2666 2 2 1 1 1699 1853 1095
2667 2 2 1 1 371 466 447
2668 2 2 1 1 929 1139 930
2669 2 2 1 1 635 1598 633
2670 2 2 1 1 781 920 838
2671 2 2 1 1 1746 1760 891
2672 2 2 1 1 531 1602 510
2673 2 2 1 1 1021 1633 1203
2674 2 2 1 1 235 1652 237
2675 2 2 1 1 412 1637 1021
2676 2 2 1 1 836 981 905
2677 2 2 1 1 314 316 313
2678 2 2 1 1 806 1609 804
2679 2 2 1 1 779 1846 777
2680 2 2 1 1 1173 1608 932
2681 2 2 1 1 434 1611 432
2682 2 2 1 1 1736 1838 1335
2683 2 2 1 1 525 623 533
2684 2 2 1 1 303 1619 613
2685 2 2 1 1 466 468 467
2686 2 2 1 1 307 1626 459
2687 2 2 1 1 981 1097 1032
2688 2 2 1 1 994 1662 852
2689 2 2 1 1 1220 1744 1557
2690 2 2 1 1 694 1604 512
2691 2 2 1 1 277 1628 470
2692 2 2 1 1 296 1619 298
2693 2 2 1 1 655 1739 654
2694 2 2 1 1 672 1631 545
2695 2 2 1 1 545 1631 564
2696 2 2 1 1 1512 1703 436
2697 2 2 1 1 1557 1744 846
2698 2 2 1 1 413 1637 412
2699 2 2 1 1 1081 1656 624
2700 2 2 1 1 1246 1906 1706
2701 2 2 1 1 748 1739 908
2702 2 2 1 1 1089 1764 1496
2703 2 2 1 1 754 755 753
2704 2 2 1 1 1424 1737 1420
2705 2 2 1 1 1465 1713 1444
2706 2 2 1 1 445 1624 442
2707 2 2 1 1 637 1654 702
2708 2 2 1 1 1532 1710 1501
2709 2 2 1 1 290 1642 294
2710 2 2 1 1 442 1624 441
2711 2 2 1 1 726 1614 319
2712 2 2 1 1 1109 2017 1621
2713 2 2 1 1 908 1650 1387
2714 2 2 1 1 884 885 883
2715 2 2 1 1 1098 1799 1032
2716 2 2 1 1 647 648 645
2717 2 2 1 1 708 1640 710
2718 2 2 1 1 851 1663 742
2719 2 2 1 1 1734 1951 205
2720 2 2 1 1 31 2010 1174
2721 2 2 1 1 702 1599 1598
2722 2 2 1 1 233 737 235
2723 2 2 1 1 514 1604 701
2724 2 2 1 1 173 1333 1332
2725 2 2 1 1 459 1638 310
2726 2 2 1 1 1286 1782 20
2727 2 2 1 1 613 1626 305
2728 2 2 1 1 1540 1628 275
2729 2 2 1 1 1442 1776 260
2730 2 2 1 1 722 1748 707
2731 2 2 1 1 1555 1601 957
2732 2 2 1 1 275 1628 277
2733 2 2 1 1 298 1619 303
2734 2 2 1 1 815 1081 624
2735 2 2 1 1 216 1867 22
2736 2 2 1 1 754 897 755
2737 2 2 1 1 289 1627 291
2738 2 2 1 1 1064 1912 1889
2739 2 2 1 1 854 1670 994
2740 2 2 1 1 1247 1784 1030
2741 2 2 1 1 1004 1645 1568
2742 2 2 1 1 1092 1801 1268
2743 2 2 1 1 639 1654 637
2744 2 2 1 1 1536 1627 1535
2745 2 2 1 1 648 1655 731
2746 2 2 1 1 755 1585 753
2747 2 2 1 1 291 1627 616
2748 2 2 1 1 990 1631 672
2749 2 2 1 1 1276 1670 937
2750 2 2 1 1 874 1649 888
2751 2 2 1 1 577 1648 575
2752 2 2 1 1 539 1674 507
2753 2 2 1 1 1853 1902 192
2754 2 2 1 1 1075 1090 927
2755 2 2 1 1 1645 1646 1047
2756 2 2 1 1 207 1887 91
2757 2 2 1 1 1535 1627 289
2758 2 2 1 1 898 1956 861
2759 2 2 1 1 1260 1677 987
2760 2 2 1 1 1568 1645 1047
2761 2 2 1 1 1381 1835 779
2762 2 2 1 1 1318 1724 1314
2763 2 2 1 1 188 1259 52
2764 2 2 1 1 441 1624 797
2765 2 2 1 1 1573 1639 1054
2766 2 2 1 1 564 1631 754
2767 2 2 1 1 1571 1639 1572
2768 2 2 1 1 1384 1823 382
2769 2 2 1 1 1739 1988 908
2770 2 2 1 1 581 1685 693
2771 2 2 1 1 220 1945 1472
2772 2 2 1 1 89 1634 189
2773 2 2 1 1 934 992 812
2774 2 2 1 1 1821 1869 1619
2775 2 2 1 1 468 499 467
2776 2 2 1 1 705 1748 814
2777 2 2 1 1 812 1654 639
2778 2 2 1 1 934 1136 992
2779 2 2 1 1 977 1661 1160
2780 2 2 1 1 363 1758 338
2781 2 2 1 1 633 1598 871
2782 2 2 1 1 1323 1749 1365
2783 2 2 1 1 925 1685 747
2784 2 2 1 1 702 1598 635
2785 2 2 1 1 1182 2019 46
2786 2 2 1 1 689 1641 681
2787 2 2 1 1 870 1667 1587
2788 2 2 1 1 841 1585 1066
2789 2 2 1 1 561 624 526
2790 2 2 1 1 834 886 836
2791 2 2 1 1 889 1639 1571
2792 2 2 1 1 876 1694 875
2793 2 2 1 1 1572 1639 1573
2794 2 2 1 1 310 1638 312
2795 2 2 1 1 1684 1698 256
2796 2 2 1 1 537 647 645
2797 2 2 1 1 356 1998 1616
2798 2 2 1 1 1411 1665 1412
2799 2 2 1 1 1366 1910 1323
2800 2 2 1 1 1423 2011 1424
2801 2 2 1 1 691 1632 692
2802 2 2 1 1 305 1626 307
2803 2 2 1 1 658 1860 1529
2804 2 2 1 1 957 1601 1112
2805 2 2 1 1 1646 1711 1389
2806 2 2 1 1 1083 1177 1176
2807 2 2 1 1 1050 1105 1104
2808 2 2 1 1 511 1636 695
2809 2 2 1 1 773 1687 1012
2810 2 2 1 1 1587 1667 1048
2811 2 2 1 1 256 1698 1345
2812 2 2 1 1 1676 1819 984
2813 2 2 1 1 631 1618 629
2814 2 2 1 1 701 1673 516
2815 2 2 1 1 742 1663 662
2816 2 2 1 1 1250 1645 1004
2817 2 2 1 1 737 1653 1652
2818 2 2 1 1 869 1693 727
2819 2 2 1 1 1042 1049 885
2820 2 2 1 1 1529 1860 1840
2821 2 2 1 1 521 1673 659
2822 2 2 1 1 852 1662 851
2823 2 2 1 1 647 1655 648
2824 2 2 1 1 1079 1158 1078
2825 2 2 1 1 1058 1251 1043
2826 2 2 1 1 1051 1727 1266
2827 2 2 1 1 1308 1830 913
2828 2 2 1 1 1970 1980 63
2829 2 2 1 1 1456 1664 1278
2830 2 2 1 1 1298 1769 1297
2831 2 2 1 1 859 1020 1019
2832 2 2 1 1 468 500 499
2833 2 2 1 1 1636 1691 1495
2834 2 2 1 1 629 697 627
2835 2 2 1 1 930 1632 810
2836 2 2 1 1 500 526 525
2837 2 2 1 1 1653 1802 1700
2838 2 2 1 1 1565 1636 483
2839 2 2 1 1 1547 1643 1538
2840 2 2 1 1 1020 1091 1019
2841 2 2 1 1 1074 1909 1562
2842 2 2 1 1 1164 1688 1034
2843 2 2 1 1 1307 1308 913
2844 2 2 1 1 102 1936 222
2845 2 2 1 1 540 1666 539
2846 2 2 1 1 241 1730 243
2847 2 2 1 1 500 525 499
2848 2 2 1 1 952 1065 971
2849 2 2 1 1 642 1716 1456
2850 2 2 1 1 891 1760 1514
2851 2 2 1 1 1667 1703 1512
2852 2 2 1 1 810 1632 691
2853 2 2 1 1 483 1636 511
2854 2 2 1 1 463 1704 401
2855 2 2 1 1 1041 1671 1042
2856 2 2 1 1 1628 1680 894
2857 2 2 1 1 875 1694 1643
2858 2 2 1 1 937 1670 854
2859 2 2 1 1 889 1695 1639
2860 2 2 1 1 397 1709 487
2861 2 2 1 1 516 1673 521
2862 2 2 1 1 844 1714 925
2863 2 2 1 1 507 1674 517
2864 2 2 1 1 196 1923 1922
2865 2 2 1 1 1590 1678 1624
2866 2 2 1 1 1206 1714 935
2867 2 2 1 1 1355 1672 1002
2868 2 2 1 1 1639 1695 1054
2869 2 2 1 1 1097 1106 1098
2870 2 2 1 1 1012 1669 1013
2871 2 2 1 1 548 1879 238
2872 2 2 1 1 1042 1225 1050
2873 2 2 1 1 986 1667 870
2874 2 2 1 1 1226 1866 903
2875 2 2 1 1 393 1715 608
2876 2 2 1 1 213 1947 1320
2877 2 2 1 1 487 1715 395
2878 2 2 1 1 1458 1842 1814
2879 2 2 1 1 815 1083 1082
2880 2 2 1 1 1042 1050 1049
2881 2 2 1 1 999 1766 1000
2882 2 2 1 1 1091 1518 1019
2883 2 2 1 1 843 1676 808
2884 2 2 1 1 374 1742 362
2885 2 2 1 1 1780 1985 1950
2886 2 2 1 1 257 1684 256
2887 2 2 1 1 871 1618 631
2888 2 2 1 1 990 1689 1631
2889 2 2 1 1 1593 1708 985
2890 2 2 1 1 501 1781 1541
2891 2 2 1 1 1403 1821 616
2892 2 2 1 1 1760 1767 1514
2893 2 2 1 1 987 1677 1195
2894 2 2 1 1 1318 1947 1724
2895 2 2 1 1 1578 1729 832
2896 2 2 1 1 926 1059 1058
2897 2 2 1 1 1703 1731 436
2898 2 2 1 1 1788 1814 1063
2899 2 2 1 1 1136 1137 992
2900 2 2 1 1 859 1655 1020
2901 2 2 1 1 1054 1695 1559
2902 2 2 1 1 1623 1979 186
2903 2 2 1 1 1999 2023 75
2904 2 2 1 1 981 1107 1097
2905 2 2 1 1 808 1676 984
2906 2 2 1 1 608 1726 391
2907 2 2 1 1 1631 1689 754
2908 2 2 1 1 436 1731 1452
2909 2 2 1 1 625 815 624
2910 2 2 1 1 193 1775 1471
2911 2 2 1 1 1624 1678 797
2912 2 2 1 1 815 1082 1081
2913 2 2 1 1 1695 1705 1559
2914 2 2 1 1 926 1058 1043
2915 2 2 1 1 1171 1877 1875
2916 2 2 1 1 1300 1772 1302
2917 2 2 1 1 1090 1647 927
2918 2 2 1 1 1041 1042 885
2919 2 2 1 1 992 1654 812
2920 2 2 1 1 1012 1939 1669
2921 2 2 1 1 13 174 12
2922 2 2 1 1 1600 1785 1582
2923 2 2 1 1 1448 1844 703
2924 2 2 1 1 1766 1963 1172
2925 2 2 1 1 627 1644 625
2926 2 2 1 1 716 1732 811
2927 2 2 1 1 747 1685 581
2928 2 2 1 1 1682 1683 1681
2929 2 2 1 1 1405 1708 1593
2930 2 2 1 1 1653 1700 1652
2931 2 2 1 1 1490 1680 1540
2932 2 2 1 1 771 1687 773
2933 2 2 1 1 1369 1805 1231
2934 2 2 1 1 702 1733 1599
2935 2 2 1 1 173 1332 35
2936 2 2 1 1 921 1087 920
2937 2 2 1 1 1162 1734 1378
2938 2 2 1 1 797 1678 1554
2939 2 2 1 1 1198 1686 1006
2940 2 2 1 1 1835 1846 779
2941 2 2 1 1 1262 1962 1618
2942 2 2 1 1 946 1692 1461
2943 2 2 1 1 1228 1805 1229
2944 2 2 1 1 1500 1997 1661
2945 2 2 1 1 727 1693 771
2946 2 2 1 1 883 1658 1011
2947 2 2 1 1 1540 1680 1628
2948 2 2 1 1 832 1729 834
2949 2 2 1 1 1001 1697 1303
2950 2 2 1 1 230 1923 103
2951 2 2 1 1 1295 1912 1064
2952 2 2 1 1 1680 1710 894
2953 2 2 1 1 1643 1694 1539
2954 2 2 1 1 1601 1933 1112
2955 2 2 1 1 1646 1722 1047
2956 2 2 1 1 897 926 755
2957 2 2 1 1 1417 1737 1418
2958 2 2 1 1 1652 1700 456
2959 2 2 1 1 1010 1767 813
2960 2 2 1 1 879 1694 876
2961 2 2 1 1 1309 1830 1308
2962 2 2 1 1 1159 1721 1347
2963 2 2 1 1 1525 1690 1440
2964 2 2 1 1 796 1751 712
2965 2 2 1 1 1285 1983 1905
2966 2 2 1 1 240 1933 548
2967 2 2 1 1 823 927 791
2968 2 2 1 1 1378 1871 1096
2969 2 2 1 1 731 1655 859
2970 2 2 1 1 219 1977 1894
2971 2 2 1 1 974 1793 1265
2972 2 2 1 1 781 921 920
2973 2 2 1 1 1621 1788 1062
2974 2 2 1 1 536 1696 537
2975 2 2 1 1 1072 2014 1071
2976 2 2 1 1 1548 1691 609
2977 2 2 1 1 1612 1745 794
2978 2 2 1 1 299 1702 1389
2979 2 2 1 1 1757 1949 1281
2980 2 2 1 1 177 1757 1184
2981 2 2 1 1 1458 1814 644
2982 2 2 1 1 1046 1705 1695
2983 2 2 1 1 1212 1931 1211
2984 2 2 1 1 771 1693 1687
2985 2 2 1 1 986 1703 1667
2986 2 2 1 1 1009 1689 990
2987 2 2 1 1 1040 1699 1516
2988 2 2 1 1 859 1019 1018
2989 2 2 1 1 1350 1940 1256
2990 2 2 1 1 1083 1176 1082
2991 2 2 1 1 1519 1762 685
2992 2 2 1 1 1046 1695 889
2993 2 2 1 1 1010 1780 1767
2994 2 2 1 1 815 1644 1083
2995 2 2 1 1 737 1652 235
2996 2 2 1 1 835 1830 833
2997 2 2 1 1 1071 1774 1268
2998 2 2 1 1 1055 1716 1611
2999 2 2 1 1 1947 1976 1110
3000 2 2 1 1 1074 1890 1282
3001 2 2 1 1 997 1956 1267
3002 2 2 1 1 1611 1716 642
3003 2 2 1 1 1650 1778 1387
3004 2 2 1 1 1721 2011 1423
3005 2 2 1 1 1015 1707 1383
3006 2 2 1 1 1431 1432 204
3007 2 2 1 1 526 1656 525
3008 2 2 1 1 1705 1722 800
3009 2 2 1 1 972 1719 1690
3010 2 2 1 1 208 1178 3
3011 2 2 1 1 1188 1988 1739
3012 2 2 1 1 1249 1803 1762
3013 2 2 1 1 609 1691 1565
3014 2 2 1 1 833 1812 831
3015 2 2 1 1 299 1730 1702
3016 2 2 1 1 1042 1671 1225
3017 2 2 1 1 525 1656 623
3018 2 2 1 1 1061 1763 1487
3019 2 2 1 1 1548 1765 1691
3020 2 2 1 1 1104 1897 1856
3021 2 2 1 1 624 1656 526
3022 2 2 1 1 1049 1658 885
3023 2 2 1 1 401 1704 399
3024 2 2 1 1 1756 1910 1366
3025 2 2 1 1 1071 2014 68
3026 2 2 1 1 754 1689 897
3027 2 2 1 1 1384 1973 1255
3028 2 2 1 1 1016 1610 1075
3029 2 2 1 1 629 1618 697
3030 2 2 1 1 998 1754 1173
3031 2 2 1 1 1719 1761 590
3032 2 2 1 1 1797 1959 1293
3033 2 2 1 1 1565 1691 1636
3034 2 2 1 1 1710 1746 1501
3035 2 2 1 1 647 1696 1625
3036 2 2 1 1 537 1696 647
3037 2 2 1 1 1596 1690 1525
3038 2 2 1 1 1671 1930 1225
3039 2 2 1 1 972 1690 1596
3040 2 2 1 1 399 1709 397
3041 2 2 1 1 1444 1713 1443
3042 2 2 1 1 32 1902 212
3043 2 2 1 1 849 1787 620
3044 2 2 1 1 1742 2013 362
3045 2 2 1 1 792 1783 1271
3046 2 2 1 1 1691 1765 1495
3047 2 2 1 1 669 1864 1852
3048 2 2 1 1 48 1757 177
3049 2 2 1 1 811 1770 718
3050 2 2 1 1 885 1658 883
3051 2 2 1 1 894 1710 1532
3052 2 2 1 1 1975 1993 92
3053 2 2 1 1 1487 1718 1305
3054 2 2 1 1 1193 1744 1220
3055 2 2 1 1 720 1770 869
3056 2 2 1 1 84 1872 83
3057 2 2 1 1 1661 1997 919
3058 2 2 1 1 1076 1753 1077
3059 2 2 1 1 1653 1845 1802
3060 2 2 1 1 100 186 99
3061 2 2 1 1 1702 1730 1360
3062 2 2 1 1 887 1858 1164
3063 2 2 1 1 1006 1703 986
3064 2 2 1 1 1177 1992 1261
3065 2 2 1 1 1352 1984 1351
3066 2 2 1 1 1350 1844 956
3067 2 2 1 1 1470 1720 725
3068 2 2 1 1 685 1762 683
3069 2 2 1 1 1599 1682 1681
3070 2 2 1 1 1200 1712 1023
3071 2 2 1 1 1559 1705 798
3072 2 2 1 1 935 1714 844
3073 2 2 1 1 625 1644 815
3074 2 2 1 1 985 1708 1260
3075 2 2 1 1 1011 1755 881
3076 2 2 1 1 1052 1771 1051
3077 2 2 1 1 921 1088 1087
3078 2 2 1 1 1724 1947 1110
3079 2 2 1 1 851 1784 1663
3080 2 2 1 1 1487 1763 231
3081 2 2 1 1 1263 1759 1197
3082 2 2 1 1 395 1715 393
3083 2 2 1 1 1425 1927 780
3084 2 2 1 1 1704 1709 399
3085 2 2 1 1 468 1706 500
3086 2 2 1 1 1541 1809 606
3087 2 2 1 1 1650 2004 1778
3088 2 2 1 1 1903 1924 1065
3089 2 2 1 1 532 1859 1343
3090 2 2 1 1 1150 1773 1152
3091 2 2 1 1 1561 1702 1360
3092 2 2 1 1 1599 1681 1598
3093 2 2 1 1 607 1788 1621
3094 2 2 1 1 175 1657 58
3095 2 2 1 1 1749 1851 744
3096 2 2 1 1 548 1933 1601
3097 2 2 1 1 334 1816 331
3098 2 2 1 1 664 1725 604
3099 2 2 1 1 1508 1745 1612
3100 2 2 1 1 982 995 821
3101 2 2 1 1 636 1877 663
3102 2 2 1 1 1645 1711 1646
3103 2 2 1 1 1190 1974 1453
3104 2 2 1 1 308 1815 1597
3105 2 2 1 1 1314 1724 1311
3106 2 2 1 1 697 1644 627
3107 2 2 1 1 1324 1837 363
3108 2 2 1 1 1183 1777 1182
3109 2 2 1 1 1178 1952 1
3110 2 2 1 1 1561 1743 1702
3111 2 2 1 1 899 1706 468
3112 2 2 1 1 1027 1824 1324
3113 2 2 1 1 1637 1791 1021
3114 2 2 1 1 1598 1681 871
3115 2 2 1 1 391 1726 389
3116 2 2 1 1 1453 1974 326
3117 2 2 1 1 942 1995 739
3118 2 2 1 1 88 1747 87
3119 2 2 1 1 1103 1865 1055
3120 2 2 1 1 1608 1741 1205
3121 2 2 1 1 243 1730 299
3122 2 2 1 1 1362 1736 749
3123 2 2 1 1 1766 1975 172
3124 2 2 1 1 1420 1737 1417
3125 2 2 1 1 1824 1837 1324
3126 2 2 1 1 1828 1829 1210
3127 2 2 1 1 1006 1731 1703
3128 2 2 1 1 1047 1722 1046
3129 2 2 1 1 1365 1749 1407
3130 2 2 1 1 232 1806 233
3131 2 2 1 1 1585 1723 1066
3132 2 2 1 1 1609 1719 972
3133 2 2 1 1 1016 1075 927
3134 2 2 1 1 1167 1896 1165
3135 2 2 1 1 927 1647 791
3136 2 2 1 1 1832 1885 1164
3137 2 2 1 1 834 1729 886
3138 2 2 1 1 551 1817 850
3139 2 2 1 1 1222 1813 188
3140 2 2 1 1 65 184 64
3141 2 2 1 1 1875 1877 634
3142 2 2 1 1 1018 1768 1273
3143 2 2 1 1 654 1739 748
3144 2 2 1 1 1306 1799 1462
3145 2 2 1 1 1845 1895 1059
3146 2 2 1 1 714 1732 716
3147 2 2 1 1 1149 1883 1147
3148 2 2 1 1 1250 1711 1645
3149 2 2 1 1 221 1772 1769
3150 2 2 1 1 1254 1817 840
3151 2 2 1 1 840 1817 553
3152 2 2 1 1 1043 1723 1585
3153 2 2 1 1 1450 1898 1103
3154 2 2 1 1 1306 1307 913
3155 2 2 1 1 1185 1811 1186
3156 2 2 1 1 800 1743 1561
3157 2 2 1 1 1663 1784 1247
3158 2 2 1 1 1145 1874 1153
3159 2 2 1 1 968 1849 1431
3160 2 2 1 1 1696 1800 1625
3161 2 2 1 1 1436 1791 1637
3162 2 2 1 1 1555 1913 1601
3163 2 2 1 1 1726 1742 389
3164 2 2 1 1 389 1742 374
3165 2 2 1 1 8 210 7
3166 2 2 1 1 901 1890 1074
3167 2 2 1 1 924 1805 1369
3168 2 2 1 1 1258 1808 1623
3169 2 2 1 1 244 1932 242
3170 2 2 1 1 907 1939 671
3171 2 2 1 1 1605 1793 974
3172 2 2 1 1 1276 1835 1670
3173 2 2 1 1 820 2020 770
3174 2 2 1 1 1312 1918 220
3175 2 2 1 1 20 1833 1286
3176 2 2 1 1 1238 1729 1578
3177 2 2 1 1 707 1748 705
3178 2 2 1 1 879 1755 1694
3179 2 2 1 1 1530 1746 1491
3180 2 2 1 1 1249 1824 1803
3181 2 2 1 1 1104 1856 1049
3182 2 2 1 1 1462 1799 174
3183 2 2 1 1 1530 1760 1746
3184 2 2 1 1 1088 1717 1087
3185 2 2 1 1 1052 1813 1771
3186 2 2 1 1 1068 1859 1836
3187 2 2 1 1 241 1740 1730
3188 2 2 1 1 1093 1965 1134
3189 2 2 1 1 1151 1925 1181
3190 2 2 1 1 846 1808 1327
3191 2 2 1 1 536 1908 1696
3192 2 2 1 1 1473 1964 1315
3193 2 2 1 1 1267 1955 886
3194 2 2 1 1 1083 1992 1177
3195 2 2 1 1 790 1898 1450
3196 2 2 1 1 222 1750 1258
3197 2 2 1 1 1360 1740 1359
3198 2 2 1 1 466 1841 899
3199 2 2 1 1 1081 1738 1656
3200 2 2 1 1 1011 1781 1755
3201 2 2 1 1 1056 1893 1061
3202 2 2 1 1 714 1751 1732
3203 2 2 1 1 863 1819 1085
3204 2 2 1 1 794 1745 1536
3205 2 2 1 1 1427 2009 655
3206 2 2 1 1 205 1735 1734
3207 2 2 1 1 701 1785 1600
3208 2 2 1 1 1367 1756 1366
3209 2 2 1 1 1321 1749 1323
3210 2 2 1 1 1647 1783 792
3211 2 2 1 1 1466 2013 1742
3212 2 2 1 1 712 1751 714
3213 2 2 1 1 1173 1741 1608
3214 2 2 1 1 1068 1836 915
3215 2 2 1 1 1781 1809 1541
3216 2 2 1 1 1656 1738 623
3217 2 2 1 1 327 1892 325
3218 2 2 1 1 1148 1891 1150
3219 2 2 1 1 616 1821 293
3220 2 2 1 1 1671 1839 227
3221 2 2 1 1 781 1738 921
3222 2 2 1 1 845 1889 1551
3223 2 2 1 1 1010 1985 1780
3224 2 2 1 1 1700 1802 1009
3225 2 2 1 1 8 1668 210
3226 2 2 1 1 1044 1286 995
3227 2 2 1 1 94 172 93
3228 2 2 1 1 1491 1746 1710
3229 2 2 1 1 623 1738 781
3230 2 2 1 1 1112 1932 1921
3231 2 2 1 1 1284 1839 1285
3232 2 2 1 1 1403 1869 1821
3233 2 2 1 1 1137 1733 992
3234 2 2 1 1 89 189 88
3235 2 2 1 1 338 1758 358
3236 2 2 1 1 689 1803 1476
3237 2 2 1 1 328 1974 365
3238 2 2 1 1 1109 1754 998
3239 2 2 1 1 900 1898 778
3240 2 2 1 1 1107 1955 1267
3241 2 2 1 1 1604 1785 701
3242 2 2 1 1 1694 1755 1539
3243 2 2 1 1 1137 1942 1728
3244 2 2 1 1 234 1904 200
3245 2 2 1 1 1654 1733 702
3246 2 2 1 1 1724 1981 182
3247 2 2 1 1 1197 1759 1202
3248 2 2 1 1 1727 1771 215
3249 2 2 1 1 960 1832 929
3250 2 2 1 1 884 1983 1041
3251 2 2 1 1 850 1940 1350
3252 2 2 1 1 296 1821 1619
3253 2 2 1 1 352 2013 498
3254 2 2 1 1 1253 1823 1255
3255 2 2 1 1 1103 1916 1450
3256 2 2 1 1 1200 2020 1712
3257 2 2 1 1 776 1958 1523
3258 2 2 1 1 1112 1921 1070
3259 2 2 1 1 1338 2007 217
3260 2 2 1 1 1686 1731 1006
3261 2 2 1 1 843 1836 1676
3262 2 2 1 1 1495 1765 916
3263 2 2 1 1 1046 1722 1705
3264 2 2 1 1 1531 1794 533
3265 2 2 1 1 1008 1776 1761
3266 2 2 1 1 1387 1778 1270
3267 2 2 1 1 1007 1767 1760
3268 2 2 1 1 1599 1728 1682
3269 2 2 1 1 1670 1835 1381
3270 2 2 1 1 19 1782 185
3271 2 2 1 1 1007 1760 1530
3272 2 2 1 1 1601 1913 548
3273 2 2 1 1 881 1755 879
3274 2 2 1 1 1000 1766 1298
3275 2 2 1 1 683 1762 689
3276 2 2 1 1 187 1293 29
3277 2 2 1 1 744 1851 1373
3278 2 2 1 1 1169 1957 1221
3279 2 2 1 1 498 2005 350
3280 2 2 1 1 1634 1924 1903
3281 2 2 1 1 1712 1793 1023
3282 2 2 1 1 1621 2017 1620
3283 2 2 1 1 356 1841 371
3284 2 2 1 1 1616 1998 1614
3285 2 2 1 1 81 1834 232
3286 2 2 1 1 1669 1939 907
3287 2 2 1 1 207 1993 1963
3288 2 2 1 1 1741 1995 942
3289 2 2 1 1 1297 1769 1300
3290 2 2 1 1 941 1916 1103
3291 2 2 1 1 813 1767 1007
3292 2 2 1 1 1133 1807 1536
3293 2 2 1 1 1313 1857 1316
3294 2 2 1 1 1008 1761 1609
3295 2 2 1 1 1738 1798 921
3296 2 2 1 1 992 1733 1654
3297 2 2 1 1 1609 1761 1719
3298 2 2 1 1 1484 1765 1548
3299 2 2 1 1 1767 1780 1514
3300 2 2 1 1 1184 1757 1281
3301 2 2 1 1 1362 1838 1736
3302 2 2 1 1 1166 1852 1168
3303 2 2 1 1 718 1770 720
3304 2 2 1 1 1712 2020 820
3305 2 2 1 1 1575 1954 1038
3306 2 2 1 1 530 1897 536
3307 2 2 1 1 663 1877 1773
3308 2 2 1 1 1086 1813 1052
3309 2 2 1 1 1100 1914 1076
3310 2 2 1 1 1218 1906 1246
3311 2 2 1 1 916 1786 1545
3312 2 2 1 1 1273 1946 197
3313 2 2 1 1 370 1944 329
3314 2 2 1 1 1172 1975 1766
3315 2 2 1 1 1778 2004 226
3316 2 2 1 1 1614 1998 317
3317 2 2 1 1 1110 1981 1724
3318 2 2 1 1 1496 1764 1084
3319 2 2 1 1 1045 1842 1458
3320 2 2 1 1 1514 1780 849
3321 2 2 1 1 1064 1861 1045
3322 2 2 1 1 217 1822 1338
3323 2 2 1 1 1676 1836 1085
3324 2 2 1 1 1261 1992 697
3325 2 2 1 1 1152 1773 1171
3326 2 2 1 1 722 1971 1317
3327 2 2 1 1 1186 1777 1183
3328 2 2 1 1 1280 1843 1163
3329 2 2 1 1 1539 1781 501
3330 2 2 1 1 178 1909 1219
3331 2 2 1 1 1144 1899 1148
3332 2 2 1 1 926 1845 1059
3333 2 2 1 1 1081 1798 1738
3334 2 2 1 1 225 2006 74
3335 2 2 1 1 1024 1776 1008
3336 2 2 1 1 726 2016 1245
3337 2 2 1 1 1814 1842 1063
3338 2 2 1 1 1844 1973 703
3339 2 2 1 1 203 1926 1870
3340 2 2 1 1 1484 1786 1765
3341 2 2 1 1 1729 1810 886
3342 2 2 1 1 669 1875 632
3343 2 2 1 1 1730 1740 1360
3344 2 2 1 1 227 1839 1284
3345 2 2 1 1 1085 1819 1676
3346 2 2 1 1 1771 1813 1222
3347 2 2 1 1 1755 1781 1539
3348 2 2 1 1 1765 1786 916
3349 2 2 1 1 1153 1874 1758
3350 2 2 1 1 1089 1876 1668
3351 2 2 1 1 61 1977 219
3352 2 2 1 1 1536 1807 1627
3353 2 2 1 1 1225 1827 1050
3354 2 2 1 1 1653 1895 1845
3355 2 2 1 1 1315 1919 1473
3356 2 2 1 1 459 1928 1638
3357 2 2 1 1 1335 1838 1337
3358 2 2 1 1 1231 1805 1228
3359 2 2 1 1 1518 1941 180
3360 2 2 1 1 1238 1810 1729
3361 2 2 1 1 72 1848 71
3362 2 2 1 1 1727 1926 1266
3363 2 2 1 1 1812 1935 924
3364 2 2 1 1 1237 1810 1238
3365 2 2 1 1 620 1787 801
3366 2 2 1 1 316 1998 356
3367 2 2 1 1 1291 1880 640
3368 2 2 1 1 9 2002 1668
3369 2 2 1 1 1678 1996 1108
3370 2 2 1 1 1787 1790 801
3371 2 2 1 1 1956 2003 1107
3372 2 2 1 1 179 1994 1594
3373 2 2 1 1 1135 2007 1927
3374 2 2 1 1 703 1973 1384
3375 2 2 1 1 801 1790 1196
3376 2 2 1 1 207 1963 1460
3377 2 2 1 1 1032 1799 1306
3378 2 2 1 1 308 1840 1815
3379 2 2 1 1 1485 1786 1484
3380 2 2 1 1 984 1785 1604
3381 2 2 1 1 1716 1865 1664
3382 2 2 1 1 1079 1888 1158
3383 2 2 1 1 1602 1788 607
3384 2 2 1 1 1173 1995 1741
3385 2 2 1 1 1747 2021 1372
3386 2 2 1 1 1023 1793 1605
3387 2 2 1 1 1431 1849 1432
3388 2 2 1 1 210 1876 1717
3389 2 2 1 1 1164 1858 1832
3390 2 2 1 1 1148 1899 1891
3391 2 2 1 1 1013 1796 1720
3392 2 2 1 1 1759 2005 498
3393 2 2 1 1 1321 1851 1749
3394 2 2 1 1 1082 1798 1081
3395 2 2 1 1 1021 1791 1633
3396 2 2 1 1 1668 2002 1089
3397 2 2 1 1 1669 1796 1013
3398 2 2 1 1 1662 1784 851
3399 2 2 1 1 1811 2009 1427
3400 2 2 1 1 1091 1941 1518
3401 2 2 1 1 183 1850 1660
3402 2 2 1 1 1856 1897 606
3403 2 2 1 1 1809 1856 606
3404 2 2 1 1 1082 1818 1798
3405 2 2 1 1 981 1955 1107
3406 2 2 1 1 871 1934 1618
3407 2 2 1 1 1009 1802 1689
3408 2 2 1 1 185 1820 1230
3409 2 2 1 1 831 1812 924
3410 2 2 1 1 1051 1771 1727
3411 2 2 1 1 1181 1925 1816
3412 2 2 1 1 1342 1907 743
3413 2 2 1 1 1011 1809 1781
3414 2 2 1 1 1590 1996 1678
3415 2 2 1 1 697 1962 1261
3416 2 2 1 1 1045 1861 1842
3417 2 2 1 1 348 2005 1263
3418 2 2 1 1 1625 1800 1092
3419 2 2 1 1 886 1955 836
3420 2 2 1 1 1717 1876 1087
3421 2 2 1 1 49 1949 1757
3422 2 2 1 1 1292 1864 669
3423 2 2 1 1 1188 1811 1185
3424 2 2 1 1 1039 1831 1040
3425 2 2 1 1 1582 1819 863
3426 2 2 1 1 1963 1993 1172
3427 2 2 1 1 336 1917 334
3428 2 2 1 1 1259 1948 1210
3429 2 2 1 1 1786 1815 1545
3430 2 2 1 1 1660 1982 208
3431 2 2 1 1 1253 1953 1823
3432 2 2 1 1 1627 1807 616
3433 2 2 1 1 1762 1803 689
3434 2 2 1 1 189 1747 88
3435 2 2 1 1 553 1817 551
3436 2 2 1 1 1196 1961 1556
3437 2 2 1 1 1293 1959 28
3438 2 2 1 1 1158 1913 1078
3439 2 2 1 1 1928 1969 1353
3440 2 2 1 1 1851 1971 1373
3441 2 2 1 1 1855 1915 57
3442 2 2 1 1 1597 1815 1485
3443 2 2 1 1 644 1814 1602
3444 2 2 1 1 1897 1908 536
3445 2 2 1 1 780 1838 1362
3446 2 2 1 1 952 1903 1065
3447 2 2 1 1 331 1816 370
3448 2 2 1 1 1038 1954 1790
3449 2 2 1 1 1098 1938 1279
3450 2 2 1 1 382 1823 1498
3451 2 2 1 1 632 1875 634
3452 2 2 1 1 1602 1814 1788
3453 2 2 1 1 1798 1818 1088
3454 2 2 1 1 1836 1859 1085
3455 2 2 1 1 995 1849 821
3456 2 2 1 1 2003 2015 1106
3457 2 2 1 1 1154 1824 1249
3458 2 2 1 1 1961 1972 1556
3459 2 2 1 1 921 1798 1088
3460 2 2 1 1 96 1937 221
3461 2 2 1 1 743 1901 1292
3462 2 2 1 1 233 1806 737
3463 2 2 1 1 640 1863 698
3464 2 2 1 1 1769 1772 1300
3465 2 2 1 1 956 1844 1448
3466 2 2 1 1 1199 1953 1252
3467 2 2 1 1 1954 1961 1196
3468 2 2 1 1 187 1884 1382
3469 2 2 1 1 1556 1972 1119
3470 2 2 1 1 1058 1804 1251
3471 2 2 1 1 293 1821 296
3472 2 2 1 1 1097 2003 1106
3473 2 2 1 1 219 1931 1241
3474 2 2 1 1 1485 1815 1786
3475 2 2 1 1 1154 1837 1824
3476 2 2 1 1 1058 1873 1804
3477 2 2 1 1 1262 1934 1683
3478 2 2 1 1 1689 1802 897
3479 2 2 1 1 195 2012 1920
3480 2 2 1 1 913 1830 835
3481 2 2 1 1 1658 1809 1011
3482 2 2 1 1 1720 1796 1233
3483 2 2 1 1 1982 1989 208
3484 2 2 1 1 1382 1884 1039
3485 2 2 1 1 190 1826 1683
3486 2 2 1 1 1153 1837 1154
3487 2 2 1 1 1683 1934 1681
3488 2 2 1 1 1638 1928 1353
3489 2 2 1 1 1402 1869 1403
3490 2 2 1 1 1191 1979 1193
3491 2 2 1 1 1752 1994 179
3492 2 2 1 1 226 1779 1778
3493 2 2 1 1 1758 1874 358
3494 2 2 1 1 189 2021 1747
3495 2 2 1 1 1472 1919 220
3496 2 2 1 1 929 1832 1139
3497 2 2 1 1 698 1858 887
3498 2 2 1 1 212 1902 1853
3499 2 2 1 1 1802 1845 897
3500 2 2 1 1 1278 1835 1276
3501 2 2 1 1 1804 1873 1872
3502 2 2 1 1 1291 1899 1880
3503 2 2 1 1 1221 1957 1892
3504 2 2 1 1 1675 2022 1692
3505 2 2 1 1 1050 1827 1105
3506 2 2 1 1 26 1843 1280
3507 2 2 1 1 214 1911 1756
3508 2 2 1 1 1041 1839 1671
3509 2 2 1 1 1179 1952 1178
3510 2 2 1 1 915 1836 843
3511 2 2 1 1 109 1882 1243
3512 2 2 1 1 1664 1865 900
3513 2 2 1 1 1449 1929 1131
3514 2 2 1 1 1252 1953 1253
3515 2 2 1 1 1176 1818 1082
3516 2 2 1 1 821 1849 968
3517 2 2 1 1 1193 1979 1623
3518 2 2 1 1 1131 1900 1402
3519 2 2 1 1 1070 1921 1295
3520 2 2 1 1 43 1918 1310
3521 2 2 1 1 226 2004 1281
3522 2 2 1 1 1545 1840 1036
3523 2 2 1 1 1373 1971 722
3524 2 2 1 1 371 1841 466
3525 2 2 1 1 1278 1846 1835
3526 2 2 1 1 1113 2021 1903
3527 2 2 1 1 1039 1884 1831
3528 2 2 1 1 1115 2008 1190
3529 2 2 1 1 1402 1900 1869
3530 2 2 1 1 1817 1940 850
3531 2 2 1 1 1319 1851 1321
3532 2 2 1 1 1259 1829 51
3533 2 2 1 1 224 1871 1735
3534 2 2 1 1 1063 1842 1584
3535 2 2 1 1 1840 1860 1036
3536 2 2 1 1 1744 1808 846
3537 2 2 1 1 227 1930 1671
3538 2 2 1 1 1266 1926 1201
3539 2 2 1 1 1086 1948 1813
3540 2 2 1 1 1896 1944 370
3541 2 2 1 1 837 1904 234
3542 2 2 1 1 358 1917 336
3543 2 2 1 1 560 1906 1342
3544 2 2 1 1 1085 1859 532
3545 2 2 1 1 1792 1914 1100
3546 2 2 1 1 1194 1878 1073
3547 2 2 1 1 1315 1857 1313
3548 2 2 1 1 1242 1868 175
3549 2 2 1 1 1089 2002 1764
3550 2 2 1 1 634 1877 636
3551 2 2 1 1 743 1907 1901
3552 2 2 1 1 1338 1822 1332
3553 2 2 1 1 1398 1881 1400
3554 2 2 1 1 640 1880 1863
3555 2 2 1 1 1171 1852 1166
3556 2 2 1 1 1889 1912 1341
3557 2 2 1 1 1831 1884 1174
3558 2 2 1 1 1773 1877 1171
3559 2 2 1 1 106 179 105
3560 2 2 1 1 1181 1883 1149
3561 2 2 1 1 238 1879 236
3562 2 2 1 1 1717 1850 183
3563 2 2 1 1 1664 1846 1278
3564 2 2 1 1 697 1992 1644
3565 2 2 1 1 1187 2004 1650
3566 2 2 1 1 663 1891 1291
3567 2 2 1 1 1281 2004 1187
3568 2 2 1 1 1551 1889 1341
3569 2 2 1 1 1040 1831 1699
3570 2 2 1 1 1782 1820 185
3571 2 2 1 1 1147 1874 1145
3572 2 2 1 1 1210 1948 1086
3573 2 2 1 1 1221 1896 1167
3574 2 2 1 1 1164 1885 1688
3575 2 2 1 1 1059 1873 1058
3576 2 2 1 1 1036 1860 1067
3577 2 2 1 1 1261 1962 1262
3578 2 2 1 1 1285 1905 184
3579 2 2 1 1 1584 1861 845
3580 2 2 1 1 1482 1847 214
3581 2 2 1 1 1087 1876 1089
3582 2 2 1 1 1065 1887 1328
3583 2 2 1 1 897 1845 926
3584 2 2 1 1 1341 1912 450
3585 2 2 1 1 814 1964 1393
3586 2 2 1 1 1780 1950 849
3587 2 2 1 1 903 1890 901
3588 2 2 1 1 1842 1861 1584
3589 2 2 1 1 1078 1913 1555
3590 2 2 1 1 1800 1801 1092
3591 2 2 1 1 1139 1863 1140
3592 2 2 1 1 1869 1900 613
3593 2 2 1 1 1168 1864 1170
3594 2 2 1 1 1211 1893 1056
3595 2 2 1 1 1960 2015 1920
3596 2 2 1 1 861 1956 997
3597 2 2 1 1 1858 1863 1139
3598 2 2 1 1 1283 1867 216
3599 2 2 1 1 1106 1938 1098
3600 2 2 1 1 1863 1880 1140
3601 2 2 1 1 180 1848 1518
3602 2 2 1 1 212 1853 1699
3603 2 2 1 1 175 1868 1657
3604 2 2 1 1 1135 1927 1425
3605 2 2 1 1 1140 1880 1142
3606 2 2 1 1 1921 1932 450
3607 2 2 1 1 778 1898 790
3608 2 2 1 1 1595 1847 1482
3609 2 2 1 1 1619 1869 613
3610 2 2 1 1 1473 1919 1472
3611 2 2 1 1 606 1897 530
3612 2 2 1 1 1815 1840 1545
3613 2 2 1 1 325 1892 364
3614 2 2 1 1 698 1863 1858
3615 2 2 1 1 221 1937 1772
3616 2 2 1 1 1862 1895 1806
3617 2 2 1 1 1292 1901 1864
3618 2 2 1 1 1866 1890 903
3619 2 2 1 1 1113 1903 952
3620 2 2 1 1 1229 1886 218
3621 2 2 1 1 1281 1949 226
3622 2 2 1 1 1319 1971 1851
3623 2 2 1 1 1472 1945 193
3624 2 2 1 1 1852 1875 669
3625 2 2 1 1 1790 1954 1196
3626 2 2 1 1 1657 1855 57
3627 2 2 1 1 1668 1876 210
3628 2 2 1 1 1806 1895 737
3629 2 2 1 1 1823 1953 1498
3630 2 2 1 1 242 1933 240
3631 2 2 1 1 1813 1948 188
3632 2 2 1 1 1142 1899 1144
3633 2 2 1 1 1245 2016 1217
3634 2 2 1 1 1372 2021 1113
3635 2 2 1 1 1864 1901 1170
3636 2 2 1 1 1049 1856 1658
3637 2 2 1 1 228 2001 86
3638 2 2 1 1 737 1895 1653
3639 2 2 1 1 1880 1899 1142
3640 2 2 1 1 1165 1925 1151
3641 2 2 1 1 655 2009 1739
3642 2 2 1 1 1170 1901 1216
3643 2 2 1 1 1217 1986 1215
3644 2 2 1 1 181 1873 1862
3645 2 2 1 1 1131 1929 1900
3646 2 2 1 1 1187 1988 1188
3647 2 2 1 1 1768 1946 1273
3648 2 2 1 1 671 1939 1099
3649 2 2 1 1 450 1932 244
3650 2 2 1 1 214 1943 1482
3651 2 2 1 1 1594 1968 1269
3652 2 2 1 1 1216 1907 1218
3653 2 2 1 1 229 2012 10
3654 2 2 1 1 37 1847 1595
3655 2 2 1 1 1622 1885 960
3656 2 2 1 1 613 1900 1626
3657 2 2 1 1 1353 1969 1352
3658 2 2 1 1 1658 1856 1809
3659 2 2 1 1 1310 1918 1312
3660 2 2 1 1 1554 1916 941
3661 2 2 1 1 1215 1957 1169
3662 2 2 1 1 1320 1947 1318
3663 2 2 1 1 1901 1907 1216
3664 2 2 1 1 1075 1855 1090
3665 2 2 1 1 1084 2015 898
3666 2 2 1 1 1114 2008 1115
3667 2 2 1 1 1034 1968 1594
3668 2 2 1 1 1344 1991 176
3669 2 2 1 1 1984 1990 464
3670 2 2 1 1 1351 1984 464
3671 2 2 1 1 739 1995 896
3672 2 2 1 1 1207 1991 1208
3673 2 2 1 1 329 1944 327
3674 2 2 1 1 1460 1963 999
3675 2 2 1 1 1105 1908 1104
3676 2 2 1 1 1920 2015 1084
3677 2 2 1 1 1657 1868 1090
3678 2 2 1 1 1511 1958 776
3679 2 2 1 1 1517 1950 1101
3680 2 2 1 1 181 1834 82
3681 2 2 1 1 1511 1967 1958
3682 2 2 1 1 1650 1988 1187
3683 2 2 1 1 1095 1965 1093
3684 2 2 1 1 1256 1940 1254
3685 2 2 1 1 215 1870 1727
3686 2 2 1 1 1332 1822 34
3687 2 2 1 1 969 1983 884
3688 2 2 1 1 1279 1938 229
3689 2 2 1 1 1055 1865 1716
3690 2 2 1 1 1756 1943 214
3691 2 2 1 1 464 1990 1453
3692 2 2 1 1 326 1974 328
3693 2 2 1 1 1102 1997 1500
3694 2 2 1 1 1523 1972 970
3695 2 2 1 1 1088 1850 1717
3696 2 2 1 1 1950 1985 1101
3697 2 2 1 1 1801 1827 1072
3698 2 2 1 1 1626 1929 459
3699 2 2 1 1 365 1967 1511
3700 2 2 1 1 1498 1953 1199
3701 2 2 1 1 1717 1854 210
3702 2 2 1 1 970 1961 961
3703 2 2 1 1 770 2020 823
3704 2 2 1 1 1256 1973 1844
3705 2 2 1 1 1688 1922 230
3706 2 2 1 1 1367 1943 1756
3707 2 2 1 1 961 1954 1575
3708 2 2 1 1 232 1834 1806
3709 2 2 1 1 961 1961 1954
3710 2 2 1 1 1263 2005 1759
3711 2 2 1 1 206 1829 1828
3712 2 2 1 1 1101 1985 1102
3713 2 2 1 1 1770 2011 869
3714 2 2 1 1 350 2005 348
3715 2 2 1 1 1317 1971 1319
3716 2 2 1 1 188 1948 1259
3717 2 2 1 1 362 2013 352
3718 2 2 1 1 182 1981 41
3719 2 2 1 1 1208 1888 1079
3720 2 2 1 1 1620 2017 482
3721 2 2 1 1 1163 1951 1161
3722 2 2 1 1 970 1972 1961
3723 2 2 1 1 1792 2006 225
3724 2 2 1 1 1891 1899 1291
3725 2 2 1 1 1186 1881 1777
3726 2 2 1 1 1076 1914 1753
3727 2 2 1 1 1255 1973 1256
3728 2 2 1 1 1985 1997 1102
3729 2 2 1 1 6 183 5
3730 2 2 1 1 1069 1987 1622
3731 2 2 1 1 1900 1929 1626
3732 2 2 1 1 1217 2016 1986
3733 2 2 1 1 1622 1987 196
3734 2 2 1 1 1610 1915 1075
3735 2 2 1 1 482 2017 1996
3736 2 2 1 1 1268 1941 1091
3737 2 2 1 1 1885 1922 1688
3738 2 2 1 1 1986 2016 1591
3739 2 2 1 1 364 1986 1591
3740 2 2 1 1 317 1998 316
3741 2 2 1 1 482 1996 1590
3742 2 2 1 1 1067 2022 1068
3743 2 2 1 1 1090 1855 1657
3744 2 2 1 1 836 1955 981
3745 2 2 1 1 176 1999 76
3746 2 2 1 1 1834 1862 1806
3747 2 2 1 1 1591 2016 726
3748 2 2 1 1 1068 2022 1675
3749 2 2 1 1 1795 1881 1398
3750 2 2 1 1 1208 1991 1344
3751 2 2 1 1 908 1988 1650
3752 2 2 1 1 1681 1934 871
3753 2 2 1 1 1764 1920 1084
3754 2 2 1 1 1104 1908 1897
3755 2 2 1 1 1957 1986 364
3756 2 2 1 1 1215 1986 1957
3757 2 2 1 1 898 2015 2003
3758 2 2 1 1 1177 1989 1176
3759 2 2 1 1 1254 1940 1817
3760 2 2 1 1 1692 2022 1067
3761 2 2 1 1 205 1951 1843
3762 2 2 1 1 1107 2003 1097
3763 2 2 1 1 1818 1850 1088
3764 2 2 1 1 225 1914 1792
3765 2 2 1 1 869 2011 1721
3766 2 2 1 1 1862 1873 1059
3767 2 2 1 1 1816 1925 370
3768 2 2 1 1 1777 1881 1795
3769 2 2 1 1 222 1936 1750
3770 2 2 1 1 195 1920 1764
3771 2 2 1 1 1688 1968 1034
3772 2 2 1 1 1832 1858 1139
3773 2 2 1 1 1644 1992 1083
3774 2 2 1 1 1618 1962 697
3775 2 2 1 1 1872 1873 181
3776 2 2 1 1 1622 1922 1885
3777 2 2 1 1 1739 2009 1188
3778 2 2 1 1 186 1978 99
3779 2 2 1 1 184 1970 64
3780 2 2 1 1 180 1941 1774
3781 2 2 1 1 1825 1882 190
3782 2 2 1 1 181 1862 1834
3783 2 2 1 1 1059 1895 1862
3784 2 2 1 1 1804 1872 84
3785 2 2 1 1 1883 1917 358
3786 2 2 1 1 1843 1951 1163
3787 2 2 1 1 71 180 70
3788 2 2 1 1 172 1975 93
3789 2 2 1 1 1171 1875 1852
3790 2 2 1 1 83 181 82
3791 2 2 1 1 1176 1989 1982
3792 2 2 1 1 7 1854 6
3793 2 2 1 1 1850 1982 1660
3794 2 2 1 1 1772 1937 202
3795 2 2 1 1 1211 1894 1893
3796 2 2 1 1 1750 1987 1069
3797 2 2 1 1 183 1854 1717
3798 2 2 1 1 205 2018 1735
3799 2 2 1 1 1893 1894 199
3800 2 2 1 1 224 1959 1797
3801 2 2 1 1 1857 1964 814
3802 2 2 1 1 223 1946 1768
3803 2 2 1 1 1774 1941 1268
3804 2 2 1 1 1309 1935 1812
3805 2 2 1 1 83 1872 181
3806 2 2 1 1 1818 1982 1850
3807 2 2 1 1 1075 1915 1855
3808 2 2 1 1 1938 1960 229
3809 2 2 1 1 1424 2011 1770
3810 2 2 1 1 90 1924 1634
3811 2 2 1 1 1764 2002 195
3812 2 2 1 1 210 1854 7
3813 2 2 1 1 1991 2000 176
3814 2 2 1 1 1905 1970 184
3815 2 2 1 1 1936 1987 1750
3816 2 2 1 1 197 2006 1792
3817 2 2 1 1 1157 1970 1905
3818 2 2 1 1 1295 1921 1912
3819 2 2 1 1 1789 2001 228
3820 2 2 1 1 1181 1917 1883
3821 2 2 1 1 196 1987 1936
3822 2 2 1 1 71 1848 180
3823 2 2 1 1 1065 1924 1887
3824 2 2 1 1 1221 1944 1896
3825 2 2 1 1 1188 2009 1811
3826 2 2 1 1 1912 1921 450
3827 2 2 1 1 1826 1952 1179
3828 2 2 1 1 1176 1982 1818
3829 2 2 1 1 1315 1964 1857
3830 2 2 1 1 1207 2000 1991
3831 2 2 1 1 198 2001 1789
3832 2 2 1 1 1106 2015 1960
3833 2 2 1 1 1894 1977 199
3834 2 2 1 1 1967 2008 1114
3835 2 2 1 1 1922 1923 230
3836 2 2 1 1 1892 1957 364
3837 2 2 1 1 1106 1960 1938
3838 2 2 1 1 186 1979 1978
3839 2 2 1 1 176 2000 1999
3840 2 2 1 1 1978 1979 1191
3841 2 2 1 1 365 2008 1967
3842 2 2 1 1 6 1854 183
3843 2 2 1 1 1999 2000 1175
3844 2 2 1 1 16 201 15
3845 2 2 1 1 16 1886 201
3846 2 2 1 1 22 204 21
3847 2 2 1 1 22 1867 204
3848 2 2 1 1 192 1902 33
3849 2 2 1 1 33 1966 192
3850 2 2 1 1 33 1822 217
3851 2 2 1 1 39 1911 38
3852 2 2 1 1 214 1847 38
3853 2 2 1 1 39 1651 191
3854 2 2 1 1 191 1911 39
3855 2 2 1 1 44 220 43
3856 2 2 1 1 220 1918 43
3857 2 2 1 1 45 1775 193
3858 2 2 1 1 193 1945 45
3859 2 2 1 1 51 1829 50
3860 2 2 1 1 50 1829 206
3861 2 2 1 1 56 203 55
3862 2 2 1 1 203 1870 55
3863 2 2 1 1 68 194 67
3864 2 2 1 1 73 2006 197
3865 2 2 1 1 80 200 79
3866 2 2 1 1 86 198 85
3867 2 2 1 1 86 2001 198
3868 2 2 1 1 97 202 96
3869 2 2 1 1 202 1937 96
3870 2 2 1 1 103 196 102
3871 2 2 1 1 196 1936 102
3872 2 2 1 1 190 1952 1826
3873 2 2 1 1 203 1915 1610
3874 2 2 2 2 58 2948 2293
3875 2 2 2 2 3113 3296 2534
3876 2 2 2 2 2997 3001 2505
3877 2 2 2 2 2942 3557 2029
3878 2 2 2 2 2454 3188 2452
3879 2 2 2 2 2785 3686 3318
3880 2 2 2 2 2179 3383 3080
3881 2 2 2 2 3093 3180 2859
3882 2 2 2 2 2690 2824 2822
3883 2 2 2 2 2288 3668 2908
3884 2 2 2 2 3002 3449 3041
3885 2 2 2 2 109 3586 2817
3886 2 2 2 2 2595 3684 2953
3887 2 2 2 2 2153 3623 2862
3888 2 2 2 2 2859 3180 2856
3889 2 2 2 2 2278 3433 3303
3890 2 2 2 2 2371 2962 2956
3891 2 2 2 2 2374 3541 3473
3892 2 2 2 2 2803 2805 2804
3893 2 2 2 2 3346 3422 2108
3894 2 2 2 2 3041 3449 2314
3895 2 2 2 2 2723 3193 2658
3896 2 2 2 2 2822 3182 2690
3897 2 2 2 2 2107 3405 3243
3898 2 2 2 2 3132 3674 2921
3899 2 2 2 2 2219 2939 19
3900 2 2 2 2 2365 3553 2905
3901 2 2 2 2 2513 3051 3050
3902 2 2 2 2 2591 3510 3018
3903 2 2 2 2 2229 3180 3093
3904 2 2 2 2 2581 3516 3072
3905 2 2 2 2 3022 3125 3021
3906 2 2 2 2 2805 2806 2804
3907 2 2 2 2 2987 3137 2988
3908 2 2 2 2 2288 2908 2289
3909 2 2 2 2 3127 3233 2327
3910 2 2 2 2 3233 3592 2531
3911 2 2 2 2 2659 3305 2657
3912 2 2 2 2 3121 3301 2512
3913 2 2 2 2 2896 3269 3139
3914 2 2 2 2 2950 2955 2526
3915 2 2 2 2 2284 3048 2216
3916 2 2 2 2 3055 3157 2315
3917 2 2 2 2 3098 3307 3188
3918 2 2 2 2 2516 2683 2515
3919 2 2 2 2 3198 3427 2665
3920 2 2 2 2 2371 2956 2274
3921 2 2 2 2 2701 3516 2581
3922 2 2 2 2 3049 3232 2789
3923 2 2 2 2 2973 3269 2896
3924 2 2 2 2 2534 3339 3113
3925 2 2 2 2 2029 3225 2942
3926 2 2 2 2 2685 2793 2686
3927 2 2 2 2 2522 3004 3000
3928 2 2 2 2 3330 3589 2970
3929 2 2 2 2 109 2817 1
3930 2 2 2 2 2803 2804 2802
3931 2 2 2 2 2763 3481 3101
3932 2 2 2 2 2905 3553 2904
3933 2 2 2 2 2460 3141 3084
3934 2 2 2 2 2981 3138 2704
3935 2 2 2 2 2970 3438 3330
3936 2 2 2 2 2499 2803 2802
3937 2 2 2 2 3473 3541 3097
3938 2 2 2 2 2525 3106 3105
3939 2 2 2 2 2840 3532 3053
3940 2 2 2 2 74 2878 2177
3941 2 2 2 2 4 2985 5
3942 2 2 2 2 3389 3565 3053
3943 2 2 2 2 2107 3243 3131
3944 2 2 2 2 3098 3188 2696
3945 2 2 2 2 2164 3507 3216
3946 2 2 2 2 2665 3604 3198
3947 2 2 2 2 2790 3049 2789
3948 2 2 2 2 3011 3482 2699
3949 2 2 2 2 2229 3032 101
3950 2 2 2 2 3183 3422 3346
3951 2 2 2 2 2752 3271 2588
3952 2 2 2 2 101 3032 102
3953 2 2 2 2 2649 3524 2792
3954 2 2 2 2 2683 2708 2684
3955 2 2 2 2 2693 3137 2987
3956 2 2 2 2 2733 3132 2921
3957 2 2 2 2 2026 3200 3012
3958 2 2 2 2 3256 3600 2931
3959 2 2 2 2 2983 3150 2089
3960 2 2 2 2 2231 3586 109
3961 2 2 2 2 3021 3125 2232
3962 2 2 2 2 2457 3034 3033
3963 2 2 2 2 3089 3238 2126
3964 2 2 2 2 3178 3681 2421
3965 2 2 2 2 2418 3034 2220
3966 2 2 2 2 3148 3241 2168
3967 2 2 2 2 2499 2802 2492
3968 2 2 2 2 2708 2841 2709
3969 2 2 2 2 3318 3686 3038
3970 2 2 2 2 2324 3244 2392
3971 2 2 2 2 2809 3408 3292
3972 2 2 2 2 2676 3051 2513
3973 2 2 2 2 2390 3001 2341
3974 2 2 2 2 2153 2862 2155
3975 2 2 2 2 2810 3369 2362
3976 2 2 2 2 2278 3303 2972
3977 2 2 2 2 2708 3696 2841
3978 2 2 2 2 2731 2762 2621
3979 2 2 2 2 2653 2721 2655
3980 2 2 2 2 3090 3482 3011
3981 2 2 2 2 2840 3053 3052
3982 2 2 2 2 2546 3464 2690
3983 2 2 2 2 2494 3571 2821
3984 2 2 2 2 2033 2955 2954
3985 2 2 2 2 2743 3535 3247
3986 2 2 2 2 2490 2499 2492
3987 2 2 2 2 3004 3381 2290
3988 2 2 2 2 3012 3200 3092
3989 2 2 2 2 2546 2689 2547
3990 2 2 2 2 2953 3709 2595
3991 2 2 2 2 2988 3060 2987
3992 2 2 2 2 2505 2998 2997
3993 2 2 2 2 3012 3013 2026
3994 2 2 2 2 2531 3386 3233
3995 2 2 2 2 2764 3540 3382
3996 2 2 2 2 104 2969 105
3997 2 2 2 2 2421 3313 3178
3998 2 2 2 2 2561 3481 2965
3999 2 2 2 2 3212 3255 2713
4000 2 2 2 2 2482 2515 2483
4001 2 2 2 2 2905 3055 2365
4002 2 2 2 2 2721 2722 2655
4003 2 2 2 2 2683 2809 2708
4004 2 2 2 2 2685 3505 2793
4005 2 2 2 2 3029 3351 3136
4006 2 2 2 2 3491 3562 3404
4007 2 2 2 2 3242 3267 2786
4008 2 2 2 2 2431 3365 3082
4009 2 2 2 2 3048 3186 2216
4010 2 2 2 2 3131 3342 2107
4011 2 2 2 2 2731 3601 2762
4012 2 2 2 2 3188 3307 2452
4013 2 2 2 2 2310 3055 2315
4014 2 2 2 2 3185 3522 2643
4015 2 2 2 2 3075 3568 3325
4016 2 2 2 2 3258 3291 2754
4017 2 2 2 2 2649 2792 2653
4018 2 2 2 2 2936 3557 2695
4019 2 2 2 2 2508 3674 3132
4020 2 2 2 2 2774 3481 2763
4021 2 2 2 2 3064 3068 3067
4022 2 2 2 2 2482 2516 2515
4023 2 2 2 2 2949 3252 2844
4024 2 2 2 2 3167 3178 2444
4025 2 2 2 2 2516 3648 2683
4026 2 2 2 2 2353 3497 2865
4027 2 2 2 2 2525 3340 3106
4028 2 2 2 2 2244 2866 2246
4029 2 2 2 2 3117 3342 3131
4030 2 2 2 2 2866 3597 2246
4031 2 2 2 2 98 2856 99
4032 2 2 2 2 3 2801 2067
4033 2 2 2 2 2792 2826 2721
4034 2 2 2 2 2675 2749 2648
4035 2 2 2 2 2546 2690 2689
4036 2 2 2 2 3029 3136 2431
4037 2 2 2 2 2480 3291 3258
4038 2 2 2 2 2805 3123 2806
4039 2 2 2 2 2282 3564 3086
4040 2 2 2 2 29 2978 2321
4041 2 2 2 2 38 2798 39
4042 2 2 2 2 2083 3138 2981
4043 2 2 2 2 2964 3159 2518
4044 2 2 2 2 3165 3167 2444
4045 2 2 2 2 2646 2675 2648
4046 2 2 2 2 2800 3648 2516
4047 2 2 2 2 2910 3418 2388
4048 2 2 2 2 2883 3701 3369
4049 2 2 2 2 2965 3687 2561
4050 2 2 2 2 2916 3545 2634
4051 2 2 2 2 2239 3466 3153
4052 2 2 2 2 2357 2810 2362
4053 2 2 2 2 2876 3059 2951
4054 2 2 2 2 3245 3383 2179
4055 2 2 2 2 2658 3193 2660
4056 2 2 2 2 3266 3628 3372
4057 2 2 2 2 2786 3267 3058
4058 2 2 2 2 2767 3473 3097
4059 2 2 2 2 2168 3242 3148
4060 2 2 2 2 2976 3282 2593
4061 2 2 2 2 2588 3271 2665
4062 2 2 2 2 2355 2424 2357
4063 2 2 2 2 2427 3179 3173
4064 2 2 2 2 2494 2821 2502
4065 2 2 2 2 2917 2918 2916
4066 2 2 2 2 2931 3428 3256
4067 2 2 2 2 2126 3343 3089
4068 2 2 2 2 2868 3642 2886
4069 2 2 2 2 2151 2964 2518
4070 2 2 2 2 3010 3156 2700
4071 2 2 2 2 2727 3194 3017
4072 2 2 2 2 2612 3616 2848
4073 2 2 2 2 107 3125 108
4074 2 2 2 2 2890 3273 2888
4075 2 2 2 2 73 2878 74
4076 2 2 2 2 2918 2919 2916
4077 2 2 2 2 2634 3545 2680
4078 2 2 2 2 2619 2731 2621
4079 2 2 2 2 2844 3338 2949
4080 2 2 2 2 3122 3301 3121
4081 2 2 2 2 2660 2685 2662
4082 2 2 2 2 3227 3480 2994
4083 2 2 2 2 2502 2546 2545
4084 2 2 2 2 2592 3056 2595
4085 2 2 2 2 2974 3635 2624
4086 2 2 2 2 3225 3293 2942
4087 2 2 2 2 2457 3397 3034
4088 2 2 2 2 3087 3540 2764
4089 2 2 2 2 3082 3566 2100
4090 2 2 2 2 2290 3591 3004
4091 2 2 2 2 2490 3641 2744
4092 2 2 2 2 2505 3001 2390
4093 2 2 2 2 2973 3703 3269
4094 2 2 2 2 5 2985 2205
4095 2 2 2 2 3013 3014 2026
4096 2 2 2 2 2593 3240 2976
4097 2 2 2 2 2175 3651 2836
4098 2 2 2 2 2526 3643 2950
4099 2 2 2 2 2629 2917 2632
4100 2 2 2 2 2334 2977 2887
4101 2 2 2 2 2100 3566 2175
4102 2 2 2 2 2632 2916 2634
4103 2 2 2 2 2809 3292 2708
4104 2 2 2 2 2685 3193 3024
4105 2 2 2 2 2089 3150 2091
4106 2 2 2 2 3000 3003 2522
4107 2 2 2 2 2638 3441 3253
4108 2 2 2 2 2194 2868 2197
4109 2 2 2 2 2865 3378 2353
4110 2 2 2 2 3273 3676 2888
4111 2 2 2 2 2955 3237 2526
4112 2 2 2 2 2324 3418 3244
4113 2 2 2 2 3044 3045 3043
4114 2 2 2 2 3074 3568 3075
4115 2 2 2 2 3069 3071 2557
4116 2 2 2 2 2075 3036 2079
4117 2 2 2 2 3318 3327 2785
4118 2 2 2 2 3053 3532 3389
4119 2 2 2 2 2801 2822 2067
4120 2 2 2 2 2977 3475 2616
4121 2 2 2 2 2188 3186 2172
4122 2 2 2 2 2887 3691 2266
4123 2 2 2 2 2834 2924 2675
4124 2 2 2 2 2624 3635 2628
4125 2 2 2 2 3392 3514 3391
4126 2 2 2 2 3112 3697 3331
4127 2 2 2 2 3154 3419 2725
4128 2 2 2 2 3075 3111 3073
4129 2 2 2 2 2703 3087 2764
4130 2 2 2 2 3034 3397 2220
4131 2 2 2 2 3325 3627 3075
4132 2 2 2 2 2808 3417 2424
4133 2 2 2 2 2237 2239 2238
4134 2 2 2 2 2831 3705 3554
4135 2 2 2 2 2235 2237 2236
4136 2 2 2 2 2377 3048 2284
4137 2 2 2 2 2424 2810 2357
4138 2 2 2 2 2362 2482 2426
4139 2 2 2 2 2490 2492 2491
4140 2 2 2 2 2329 2808 2355
4141 2 2 2 2 2478 3034 2418
4142 2 2 2 2 3466 3565 2967
4143 2 2 2 2 3212 3463 3255
4144 2 2 2 2 3190 3191 2210
4145 2 2 2 2 2217 2839 2838
4146 2 2 2 2 2317 2388 2322
4147 2 2 2 2 3216 3507 3070
4148 2 2 2 2 2695 3557 2942
4149 2 2 2 2 10 3139 11
4150 2 2 2 2 2605 2960 2608
4151 2 2 2 2 2821 3464 2546
4152 2 2 2 2 2634 2680 2636
4153 2 2 2 2 3084 3560 2460
4154 2 2 2 2 2603 2697 2605
4155 2 2 2 2 2242 2333 2244
4156 2 2 2 2 2625 3398 2875
4157 2 2 2 2 2591 3056 2592
4158 2 2 2 2 8 3081 9
4159 2 2 2 2 2617 3494 2938
4160 2 2 2 2 2225 3107 2353
4161 2 2 2 2 2958 3455 2924
4162 2 2 2 2 3116 3364 2277
4163 2 2 2 2 2519 3149 3030
4164 2 2 2 2 2657 3305 2670
4165 2 2 2 2 2708 2709 2684
4166 2 2 2 2 3082 3365 2814
4167 2 2 2 2 3404 3562 2818
4168 2 2 2 2 3167 3681 3178
4169 2 2 2 2 2642 2757 2646
4170 2 2 2 2 3100 3596 2333
4171 2 2 2 2 2333 2866 2244
4172 2 2 2 2 3056 3569 3095
4173 2 2 2 2 2497 3378 3337
4174 2 2 2 2 112 3014 111
4175 2 2 2 2 2963 3522 3185
4176 2 2 2 2 2690 3182 2689
4177 2 2 2 2 3008 3023 2549
4178 2 2 2 2 2600 2892 2603
4179 2 2 2 2 3116 3567 2818
4180 2 2 2 2 2241 3565 3466
4181 2 2 2 2 15 2867 16
4182 2 2 2 2 2546 2547 2545
4183 2 2 2 2 2596 3709 2599
4184 2 2 2 2 2237 2241 2239
4185 2 2 2 2 2502 2821 2546
4186 2 2 2 2 2362 3369 2482
4187 2 2 2 2 2663 3025 2745
4188 2 2 2 2 2761 3299 3221
4189 2 2 2 2 2239 2242 2240
4190 2 2 2 2 3133 3181 2446
4191 2 2 2 2 2629 3636 2917
4192 2 2 2 2 2683 2684 2515
4193 2 2 2 2 2908 3668 3185
4194 2 2 2 2 2329 3457 2808
4195 2 2 2 2 3372 3628 124
4196 2 2 2 2 2315 3157 3119
4197 2 2 2 2 2492 3683 2494
4198 2 2 2 2 3109 3592 3233
4199 2 2 2 2 2201 2838 2203
4200 2 2 2 2 2689 3009 3008
4201 2 2 2 2 3244 3485 3192
4202 2 2 2 2 2481 3232 3049
4203 2 2 2 2 2614 2848 2619
4204 2 2 2 2 3056 3057 2595
4205 2 2 2 2 2197 2217 2201
4206 2 2 2 2 3173 3434 2427
4207 2 2 2 2 2619 2621 2620
4208 2 2 2 2 2924 3462 2958
4209 2 2 2 2 2172 3186 2540
4210 2 2 2 2 3085 3350 2442
4211 2 2 2 2 2659 3667 3305
4212 2 2 2 2 2168 3267 3242
4213 2 2 2 2 2909 3638 2932
4214 2 2 2 2 2877 3407 2826
4215 2 2 2 2 3033 3035 2457
4216 2 2 2 2 2422 3115 2535
4217 2 2 2 2 2535 3318 3129
4218 2 2 2 2 2294 2363 2296
4219 2 2 2 2 2264 2334 2266
4220 2 2 2 2 2793 3151 2794
4221 2 2 2 2 2688 3602 3486
4222 2 2 2 2 3022 3263 3125
4223 2 2 2 2 3250 3520 3314
4224 2 2 2 2 2610 2688 2612
4225 2 2 2 2 2811 2896 2805
4226 2 2 2 2 2583 2701 2581
4227 2 2 2 2 3017 3194 2751
4228 2 2 2 2 3369 3508 2883
4229 2 2 2 2 2739 3188 2454
4230 2 2 2 2 2073 3036 2075
4231 2 2 2 2 3 2067 4
4232 2 2 2 2 3000 3227 2994
4233 2 2 2 2 2352 3156 3010
4234 2 2 2 2 3486 3602 2833
4235 2 2 2 2 2743 3247 3130
4236 2 2 2 2 3129 3318 3037
4237 2 2 2 2 2561 3687 2864
4238 2 2 2 2 2826 3016 2721
4239 2 2 2 2 2977 3421 2887
4240 2 2 2 2 2721 3625 2722
4241 2 2 2 2 2192 2196 2194
4242 2 2 2 2 2689 3008 2547
4243 2 2 2 2 2878 2880 2177
4244 2 2 2 2 3073 3111 2429
4245 2 2 2 2 3042 3044 3043
4246 2 2 2 2 2246 2351 2250
4247 2 2 2 2 86 2829 87
4248 2 2 2 2 3204 3557 3549
4249 2 2 2 2 2798 2799 39
4250 2 2 2 2 2938 3494 2364
4251 2 2 2 2 2160 3122 2162
4252 2 2 2 2 2276 2956 2288
4253 2 2 2 2 2932 3468 3465
4254 2 2 2 2 3042 3043 2377
4255 2 2 2 2 2818 3567 3404
4256 2 2 2 2 2795 3426 3319
4257 2 2 2 2 2838 3581 2203
4258 2 2 2 2 2612 2848 2614
4259 2 2 2 2 2176 3585 2946
4260 2 2 2 2 2315 3119 2317
4261 2 2 2 2 3315 3414 2626
4262 2 2 2 2 2946 3474 2176
4263 2 2 2 2 2196 2868 2194
4264 2 2 2 2 3375 3604 2665
4265 2 2 2 2 2841 3711 2709
4266 2 2 2 2 2065 3060 2988
4267 2 2 2 2 2954 3215 2033
4268 2 2 2 2 2241 3466 2239
4269 2 2 2 2 3063 3068 3064
4270 2 2 2 2 2697 2960 2605
4271 2 2 2 2 3086 3088 2282
4272 2 2 2 2 2026 3014 112
4273 2 2 2 2 2551 2591 2590
4274 2 2 2 2 2171 3281 2187
4275 2 2 2 2 3081 3438 3123
4276 2 2 2 2 2999 3128 2170
4277 2 2 2 2 2551 3510 2591
4278 2 2 2 2 3337 3378 2865
4279 2 2 2 2 2660 3193 2685
4280 2 2 2 2 129 3176 2024
4281 2 2 2 2 2570 3135 2456
4282 2 2 2 2 2928 3095 2926
4283 2 2 2 2 2334 2887 2266
4284 2 2 2 2 2757 2834 2675
4285 2 2 2 2 2793 2794 2686
4286 2 2 2 2 92 2898 93
4287 2 2 2 2 2444 3311 3165
4288 2 2 2 2 3165 3311 3161
4289 2 2 2 2 2868 3664 2197
4290 2 2 2 2 2902 3419 3154
4291 2 2 2 2 3017 3488 2727
4292 2 2 2 2 3001 3348 2341
4293 2 2 2 2 2638 2669 2640
4294 2 2 2 2 3015 3258 2754
4295 2 2 2 2 2685 2686 2662
4296 2 2 2 2 2289 2908 2294
4297 2 2 2 2 2203 2235 2227
4298 2 2 2 2 3024 3505 2685
4299 2 2 2 2 2217 2838 2201
4300 2 2 2 2 2626 3414 2875
4301 2 2 2 2 3554 3705 2960
4302 2 2 2 2 2268 2364 2270
4303 2 2 2 2 2808 3448 3417
4304 2 2 2 2 2482 2483 2426
4305 2 2 2 2 51 2847 52
4306 2 2 2 2 2897 3380 2358
4307 2 2 2 2 2907 3299 2761
4308 2 2 2 2 3211 3212 2527
4309 2 2 2 2 3024 3193 3006
4310 2 2 2 2 3330 3438 2407
4311 2 2 2 2 3075 3627 3525
4312 2 2 2 2 2559 3141 2460
4313 2 2 2 2 2621 2719 2622
4314 2 2 2 2 2070 3007 2073
4315 2 2 2 2 2803 2968 2811
4316 2 2 2 2 2519 3068 3063
4317 2 2 2 2 2272 2371 2274
4318 2 2 2 2 2762 3658 2621
4319 2 2 2 2 2836 3632 2175
4320 2 2 2 2 3387 3644 3164
4321 2 2 2 2 2324 2392 2326
4322 2 2 2 2 3518 3650 2935
4323 2 2 2 2 2358 3452 2897
4324 2 2 2 2 2653 2792 2721
4325 2 2 2 2 2388 3610 2910
4326 2 2 2 2 2600 3675 2892
4327 2 2 2 2 2625 3494 2617
4328 2 2 2 2 2839 2840 2838
4329 2 2 2 2 3465 3468 154
4330 2 2 2 2 67 2947 68
4331 2 2 2 2 2782 3116 2818
4332 2 2 2 2 2261 2893 2264
4333 2 2 2 2 2351 2976 2914
4334 2 2 2 2 3112 3331 2835
4335 2 2 2 2 2351 2914 2250
4336 2 2 2 2 2492 2494 2493
4337 2 2 2 2 2518 3623 2153
4338 2 2 2 2 2209 3107 2225
4339 2 2 2 2 2456 3135 2505
4340 2 2 2 2 3247 3498 3349
4341 2 2 2 2 2917 2920 2918
4342 2 2 2 2 2932 3638 3468
4343 2 2 2 2 2266 3691 2268
4344 2 2 2 2 2250 2914 2255
4345 2 2 2 2 3007 3036 2073
4346 2 2 2 2 2895 2977 2334
4347 2 2 2 2 3029 3150 2772
4348 2 2 2 2 2614 2619 2618
4349 2 2 2 2 2108 3422 3366
4350 2 2 2 2 2733 3257 3132
4351 2 2 2 2 2547 3008 2549
4352 2 2 2 2 2960 3341 2608
4353 2 2 2 2 2485 2490 2488
4354 2 2 2 2 3292 3408 2940
4355 2 2 2 2 2632 2917 2916
4356 2 2 2 2 31 3289 32
4357 2 2 2 2 3502 3679 2432
4358 2 2 2 2 2994 3002 2995
4359 2 2 2 2 2959 3255 2046
4360 2 2 2 2 2919 3514 3392
4361 2 2 2 2 2937 3597 3596
4362 2 2 2 2 2274 2956 2276
4363 2 2 2 2 3181 3521 2446
4364 2 2 2 2 2424 3416 2810
4365 2 2 2 2 3108 3233 3127
4366 2 2 2 2 2436 3235 3089
4367 2 2 2 2 2997 3710 3001
4368 2 2 2 2 60 3338 61
4369 2 2 2 2 2695 3609 2936
4370 2 2 2 2 2089 3555 2983
4371 2 2 2 2 2926 3095 2929
4372 2 2 2 2 2036 3600 3256
4373 2 2 2 2 57 2948 58
4374 2 2 2 2 3275 3650 3518
4375 2 2 2 2 2296 3011 2300
4376 2 2 2 2 2621 3658 2719
4377 2 2 2 2 2237 2238 2236
4378 2 2 2 2 2235 3052 2237
4379 2 2 2 2 2642 2646 2645
4380 2 2 2 2 2192 2194 2193
4381 2 2 2 2 2029 3557 3204
4382 2 2 2 2 2646 2648 2647
4383 2 2 2 2 2653 2655 2654
4384 2 2 2 2 2636 3441 2638
4385 2 2 2 2 2859 3094 3093
4386 2 2 2 2 44 2951 45
4387 2 2 2 2 2242 2244 2243
4388 2 2 2 2 3322 3533 2252
4389 2 2 2 2 2909 3582 2735
4390 2 2 2 2 2538 3028 2702
4391 2 2 2 2 2592 2595 2594
4392 2 2 2 2 2162 3122 2169
4393 2 2 2 2 2923 3333 2922
4394 2 2 2 2 2918 3546 2919
4395 2 2 2 2 2893 2895 2334
4396 2 2 2 2 2196 3642 2868
4397 2 2 2 2 2941 3437 2867
4398 2 2 2 2 2147 2179 2149
4399 2 2 2 2 2302 2365 2305
4400 2 2 2 2 2239 3153 2242
4401 2 2 2 2 2834 3251 3054
4402 2 2 2 2 2984 3643 2526
4403 2 2 2 2 2515 3261 2483
4404 2 2 2 2 2449 3026 2339
4405 2 2 2 2 36 3262 37
4406 2 2 2 2 2364 3495 2938
4407 2 2 2 2 2591 3569 3056
4408 2 2 2 2 2867 3437 16
4409 2 2 2 2 2094 3150 3029
4410 2 2 2 2 2786 3058 2503
4411 2 2 2 2 2992 2994 2993
4412 2 2 2 2 2183 2990 2989
4413 2 2 2 2 2235 2236 2227
4414 2 2 2 2 2519 3063 2401
4415 2 2 2 2 23 2465 2320
4416 2 2 2 2 2255 2344 2257
4417 2 2 2 2 2363 3011 2296
4418 2 2 2 2 3323 3669 2372
4419 2 2 2 2 3354 3364 3116
4420 2 2 2 2 2378 3042 2377
4421 2 2 2 2 3094 3637 3056
4422 2 2 2 2 3470 3589 2823
4423 2 2 2 2 2675 3682 2749
4424 2 2 2 2 3068 3694 3067
4425 2 2 2 2 2355 2808 2424
4426 2 2 2 2 2407 3081 8
4427 2 2 2 2 2113 2183 2115
4428 2 2 2 2 3026 3113 2339
4429 2 2 2 2 2898 3633 3579
4430 2 2 2 2 2333 3596 2866
4431 2 2 2 2 2886 3590 2868
4432 2 2 2 2 2214 3061 2234
4433 2 2 2 2 2528 3281 2171
4434 2 2 2 2 2183 3005 2990
4435 2 2 2 2 3319 3426 3025
4436 2 2 2 2 2696 3257 3098
4437 2 2 2 2 2239 2240 2238
4438 2 2 2 2 3036 3038 2079
4439 2 2 2 2 3014 3187 111
4440 2 2 2 2 3356 3380 2897
4441 2 2 2 2 2388 3418 2322
4442 2 2 2 2 102 2925 103
4443 2 2 2 2 68 2947 2176
4444 2 2 2 2 2155 2862 2192
4445 2 2 2 2 3115 3327 2535
4446 2 2 2 2 2966 3673 3279
4447 2 2 2 2 9 2198 10
4448 2 2 2 2 2244 2246 2245
4449 2 2 2 2 2739 3196 3144
4450 2 2 2 2 2744 2968 2499
4451 2 2 2 2 2923 3347 3333
4452 2 2 2 2 3028 3085 2702
4453 2 2 2 2 2270 2825 2272
4454 2 2 2 2 3190 3488 3017
4455 2 2 2 2 2698 3104 3103
4456 2 2 2 2 2655 2658 2657
4457 2 2 2 2 2399 3149 2519
4458 2 2 2 2 63 3390 64
4459 2 2 2 2 2663 3319 3025
4460 2 2 2 2 2364 2825 2270
4461 2 2 2 2 2603 2892 2697
4462 2 2 2 2 2856 3180 99
4463 2 2 2 2 2434 3257 2696
4464 2 2 2 2 2327 3396 3127
4465 2 2 2 2 79 2961 80
4466 2 2 2 2 2729 3497 3106
4467 2 2 2 2 2135 2180 2137
4468 2 2 2 2 2975 3708 2915
4469 2 2 2 2 3026 3296 3113
4470 2 2 2 2 2259 3646 2894
4471 2 2 2 2 2070 2073 2072
4472 2 2 2 2 2990 2992 2991
4473 2 2 2 2 2806 2970 2807
4474 2 2 2 2 2992 3000 2994
4475 2 2 2 2 2075 2077 2076
4476 2 2 2 2 2246 3597 2351
4477 2 2 2 2 2494 2502 2501
4478 2 2 2 2 2073 2075 2074
4479 2 2 2 2 3380 3403 2358
4480 2 2 2 2 127 3644 3387
4481 2 2 2 2 2699 3460 3011
4482 2 2 2 2 3092 3200 2041
4483 2 2 2 2 3460 3477 2300
4484 2 2 2 2 2972 3562 2278
4485 2 2 2 2 3136 3365 2431
4486 2 2 2 2 96 3294 97
4487 2 2 2 2 2591 2592 2590
4488 2 2 2 2 2803 2811 2805
4489 2 2 2 2 3408 3654 3231
4490 2 2 2 2 3044 3046 3045
4491 2 2 2 2 2782 2818 2812
4492 2 2 2 2 2091 3150 2094
4493 2 2 2 2 2735 3638 2909
4494 2 2 2 2 2264 2266 2265
4495 2 2 2 2 2801 3182 2822
4496 2 2 2 2 32 2871 33
4497 2 2 2 2 3111 3283 2222
4498 2 2 2 2 3250 3314 2360
4499 2 2 2 2 2094 3029 2096
4500 2 2 2 2 3071 3622 2557
4501 2 2 2 2 3306 3662 3143
4502 2 2 2 2 2115 2989 2117
4503 2 2 2 2 2077 2080 2078
4504 2 2 2 2 2702 3087 2703
4505 2 2 2 2 2085 2981 2163
4506 2 2 2 2 2475 3127 2473
4507 2 2 2 2 2535 3129 2506
4508 2 2 2 2 2096 2431 2098
4509 2 2 2 2 2875 3399 2625
4510 2 2 2 2 3037 3038 3036
4511 2 2 2 2 3066 3096 3070
4512 2 2 2 2 2986 3033 2692
4513 2 2 2 2 2294 2908 2363
4514 2 2 2 2 2485 3641 2490
4515 2 2 2 2 3053 3565 2241
4516 2 2 2 2 3238 3358 2126
4517 2 2 2 2 2179 2964 2149
4518 2 2 2 2 2180 3221 2137
4519 2 2 2 2 2119 2999 2170
4520 2 2 2 2 2183 2989 2115
4521 2 2 2 2 2797 3553 3477
4522 2 2 2 2 3096 3216 3070
4523 2 2 2 2 2119 2170 2121
4524 2 2 2 2 2372 3550 3323
4525 2 2 2 2 1 2801 3
4526 2 2 2 2 3120 3345 2579
4527 2 2 2 2 2596 2599 2598
4528 2 2 2 2 2676 3643 3620
4529 2 2 2 2 3184 3459 2748
4530 2 2 2 2 2063 2065 2062
4531 2 2 2 2 2704 3430 2981
4532 2 2 2 2 3357 3480 2313
4533 2 2 2 2 2499 2968 2803
4534 2 2 2 2 2698 3103 2182
4535 2 2 2 2 2203 3581 2235
4536 2 2 2 2 2048 3293 3225
4537 2 2 2 2 2632 2634 2633
4538 2 2 2 2 3091 3450 2901
4539 2 2 2 2 2166 3113 2161
4540 2 2 2 2 2067 2985 4
4541 2 2 2 2 2896 3563 2805
4542 2 2 2 2 2701 3426 3102
4543 2 2 2 2 3356 3572 2863
4544 2 2 2 2 2432 3679 3308
4545 2 2 2 2 2106 3019 2111
4546 2 2 2 2 48 3407 49
4547 2 2 2 2 2616 3421 2977
4548 2 2 2 2 2060 3058 2063
4549 2 2 2 2 2070 2072 2068
4550 2 2 2 2 37 2306 38
4551 2 2 2 2 2603 2605 2604
4552 2 2 2 2 2809 3654 3408
4553 2 2 2 2 3305 3610 3304
4554 2 2 2 2 2453 3189 2455
4555 2 2 2 2 2080 2082 2081
4556 2 2 2 2 2315 2317 2316
4557 2 2 2 2 2945 3501 2345
4558 2 2 2 2 3632 3671 3019
4559 2 2 2 2 2646 2757 2675
4560 2 2 2 2 75 3360 76
4561 2 2 2 2 2769 3097 2778
4562 2 2 2 2 3076 3622 3071
4563 2 2 2 2 2046 3629 2959
4564 2 2 2 2 3119 3702 3304
4565 2 2 2 2 2595 3709 2596
4566 2 2 2 2 2232 3125 107
4567 2 2 2 2 3456 3659 3242
4568 2 2 2 2 3279 3509 2966
4569 2 2 2 2 2672 3565 3389
4570 2 2 2 2 2066 2068 2065
4571 2 2 2 2 2392 3244 3192
4572 2 2 2 2 2736 3109 3108
4573 2 2 2 2 2355 2357 2356
4574 2 2 2 2 2246 2250 2247
4575 2 2 2 2 3423 3634 3424
4576 2 2 2 2 2117 2999 2119
4577 2 2 2 2 166 3145 165
4578 2 2 2 2 2100 2175 2102
4579 2 2 2 2 2050 2052 2051
4580 2 2 2 2 54 3455 55
4581 2 2 2 2 2557 3248 3069
4582 2 2 2 2 108 2231 109
4583 2 2 2 2 2736 3108 2566
4584 2 2 2 2 3076 3077 3074
4585 2 2 2 2 164 3146 2033
4586 2 2 2 2 2059 2060 2058
4587 2 2 2 2 2041 3201 3092
4588 2 2 2 2 2073 2074 2072
4589 2 2 2 2 3045 3047 3043
4590 2 2 2 2 2069 2070 2068
4591 2 2 2 2 2538 2702 2539
4592 2 2 2 2 2054 2056 2055
4593 2 2 2 2 2562 3074 3073
4594 2 2 2 2 2363 3090 3011
4595 2 2 2 2 2848 3551 2849
4596 2 2 2 2 3064 3067 3066
4597 2 2 2 2 2786 3456 3242
4598 2 2 2 2 3071 3507 3076
4599 2 2 2 2 2505 3135 2998
4600 2 2 2 2 3366 3422 3126
4601 2 2 2 2 2744 3439 2968
4602 2 2 2 2 2149 2964 2151
4603 2 2 2 2 2052 2054 2053
4604 2 2 2 2 2638 3253 2669
4605 2 2 2 2 2276 2288 2280
4606 2 2 2 2 2033 3561 2955
4607 2 2 2 2 2083 2981 2085
4608 2 2 2 2 3593 3605 2847
4609 2 2 2 2 2145 3245 2147
4610 2 2 2 2 61 2842 62
4611 2 2 2 2 2587 2755 2671
4612 2 2 2 2 2906 3702 3119
4613 2 2 2 2 3357 3449 3002
4614 2 2 2 2 3620 3643 2984
4615 2 2 2 2 2212 3276 2508
4616 2 2 2 2 2649 2653 2651
4617 2 2 2 2 3086 3350 3085
4618 2 2 2 2 2490 2491 2488
4619 2 2 2 2 2724 3189 2453
4620 2 2 2 2 2060 2062 2061
4621 2 2 2 2 2292 3462 3054
4622 2 2 2 2 2879 2880 2878
4623 2 2 2 2 2915 3401 2975
4624 2 2 2 2 2587 3061 2933
4625 2 2 2 2 2921 2922 2568
4626 2 2 2 2 3420 3585 2176
4627 2 2 2 2 2755 3238 3089
4628 2 2 2 2 2292 3054 2948
4629 2 2 2 2 2818 2972 2812
4630 2 2 2 2 3572 3642 2863
4631 2 2 2 2 2764 2971 2765
4632 2 2 2 2 2914 3688 2255
4633 2 2 2 2 2057 2058 2056
4634 2 2 2 2 3063 3064 2462
4635 2 2 2 2 2502 2545 2544
4636 2 2 2 2 2329 2355 2332
4637 2 2 2 2 2965 3481 2774
4638 2 2 2 2 43 2656 44
4639 2 2 2 2 3079 3512 151
4640 2 2 2 2 3062 3490 2749
4641 2 2 2 2 2655 3653 2658
4642 2 2 2 2 2151 2518 2153
4643 2 2 2 2 2155 2192 2159
4644 2 2 2 2 2754 3260 3015
4645 2 2 2 2 2417 3126 2476
4646 2 2 2 2 2481 3044 3042
4647 2 2 2 2 2806 2807 2804
4648 2 2 2 2 2096 3029 2431
4649 2 2 2 2 2194 2197 2195
4650 2 2 2 2 2566 3108 2564
4651 2 2 2 2 2920 3585 2918
4652 2 2 2 2 2648 3524 2649
4653 2 2 2 2 3102 3280 2701
4654 2 2 2 2 2692 3034 2478
4655 2 2 2 2 2075 2076 2074
4656 2 2 2 2 2999 3332 3128
4657 2 2 2 2 3108 3127 2564
4658 2 2 2 2 151 3617 3079
4659 2 2 2 2 2693 2986 2692
4660 2 2 2 2 2892 3371 2697
4661 2 2 2 2 2266 2268 2267
4662 2 2 2 2 2294 2296 2295
4663 2 2 2 2 2098 3082 2100
4664 2 2 2 2 2994 2995 2993
4665 2 2 2 2 3407 3706 2826
4666 2 2 2 2 2317 3119 2388
4667 2 2 2 2 2581 3072 2579
4668 2 2 2 2 3436 3553 2797
4669 2 2 2 2 2642 3570 2757
4670 2 2 2 2 2716 3088 2681
4671 2 2 2 2 2538 2539 2409
4672 2 2 2 2 2600 2603 2602
4673 2 2 2 2 2624 2628 2627
4674 2 2 2 2 3144 3188 2739
4675 2 2 2 2 2962 2963 2956
4676 2 2 2 2 2080 3039 2376
4677 2 2 2 2 2376 2409 2082
4678 2 2 2 2 2822 2823 2067
4679 2 2 2 2 3323 3550 2849
4680 2 2 2 2 2979 3631 3289
4681 2 2 2 2 2619 2620 2618
4682 2 2 2 2 2141 3299 2145
4683 2 2 2 2 3143 3559 3306
4684 2 2 2 2 2778 3354 2780
4685 2 2 2 2 2079 3039 2077
4686 2 2 2 2 2629 2632 2631
4687 2 2 2 2 2383 2481 2381
4688 2 2 2 2 2111 3317 2113
4689 2 2 2 2 2697 3442 2960
4690 2 2 2 2 2289 2294 2291
4691 2 2 2 2 2622 2974 2624
4692 2 2 2 2 2862 2863 2196
4693 2 2 2 2 3177 3644 2024
4694 2 2 2 2 2060 2063 2062
4695 2 2 2 2 2990 2991 2989
4696 2 2 2 2 2111 2113 2112
4697 2 2 2 2 2443 3342 3117
4698 2 2 2 2 2848 3665 2619
4699 2 2 2 2 2949 3338 2293
4700 2 2 2 2 2264 2893 2334
4701 2 2 2 2 2145 2147 2146
4702 2 2 2 2 2579 3345 2575
4703 2 2 2 2 2310 2315 2312
4704 2 2 2 2 3124 3260 2753
4705 2 2 2 2 2615 3634 3423
4706 2 2 2 2 85 2251 86
4707 2 2 2 2 2419 2497 2447
4708 2 2 2 2 2261 2264 2263
4709 2 2 2 2 3139 3563 2896
4710 2 2 2 2 2080 2376 2082
4711 2 2 2 2 2876 2951 2656
4712 2 2 2 2 2568 3026 2449
4713 2 2 2 2 2703 2764 2705
4714 2 2 2 2 2062 2988 2064
4715 2 2 2 2 2429 3111 2350
4716 2 2 2 2 2773 3258 3013
4717 2 2 2 2 2242 2243 2240
4718 2 2 2 2 2381 3042 2378
4719 2 2 2 2 2921 2923 2922
4720 2 2 2 2 2300 3477 2302
4721 2 2 2 2 3154 3578 2403
4722 2 2 2 2 2700 3402 3010
4723 2 2 2 2 2439 2562 2437
4724 2 2 2 2 2970 3589 3470
4725 2 2 2 2 2406 3063 2462
4726 2 2 2 2 3151 3152 2794
4727 2 2 2 2 2393 2587 2395
4728 2 2 2 2 3020 3571 2802
4729 2 2 2 2 2876 3558 3059
4730 2 2 2 2 2217 3130 2839
4731 2 2 2 2 2234 3061 2393
4732 2 2 2 2 2216 3186 2188
4733 2 2 2 2 2901 3446 3091
4734 2 2 2 2 2992 2993 2991
4735 2 2 2 2 2755 3089 2756
4736 2 2 2 2 2500 2538 2409
4737 2 2 2 2 2816 3499 3312
4738 2 2 2 2 2490 2744 2499
4739 2 2 2 2 3239 3690 2891
4740 2 2 2 2 2963 3668 2956
4741 2 2 2 2 2481 3049 3044
4742 2 2 2 2 3083 3084 2706
4743 2 2 2 2 2885 3135 2570
4744 2 2 2 2 2357 2362 2361
4745 2 2 2 2 2077 2078 2076
4746 2 2 2 2 2834 3462 2924
4747 2 2 2 2 3247 3349 2839
4748 2 2 2 2 2658 2660 2659
4749 2 2 2 2 2075 2079 2077
4750 2 2 2 2 2077 3039 2080
4751 2 2 2 2 2131 2133 2132
4752 2 2 2 2 2333 3580 3100
4753 2 2 2 2 2587 2933 2755
4754 2 2 2 2 2562 3076 3074
4755 2 2 2 2 2702 2703 2539
4756 2 2 2 2 2922 3026 2568
4757 2 2 2 2 2724 3191 3190
4758 2 2 2 2 2261 3678 2893
4759 2 2 2 2 2666 2692 2478
4760 2 2 2 2 2522 3598 3004
4761 2 2 2 2 3106 3497 3107
4762 2 2 2 2 3002 3041 2995
4763 2 2 2 2 2133 3312 2135
4764 2 2 2 2 3123 3438 2806
4765 2 2 2 2 3060 3219 2987
4766 2 2 2 2 2060 2061 2058
4767 2 2 2 2 3013 3015 3014
4768 2 2 2 2 111 3187 110
4769 2 2 2 2 2071 3007 2070
4770 2 2 2 2 2437 3073 2429
4771 2 2 2 2 3164 3644 3177
4772 2 2 2 2 2755 2756 2671
4773 2 2 2 2 2252 3323 3322
4774 2 2 2 2 2085 2163 2087
4775 2 2 2 2 3043 3048 2377
4776 2 2 2 2 2634 2636 2635
4777 2 2 2 2 2949 3435 3252
4778 2 2 2 2 130 3176 129
4779 2 2 2 2 2317 2322 2318
4780 2 2 2 2 3117 3183 2443
4781 2 2 2 2 2763 2786 2503
4782 2 2 2 2 3074 3075 3073
4783 2 2 2 2 2197 2201 2200
4784 2 2 2 2 2512 3302 3121
4785 2 2 2 2 3052 3053 2241
4786 2 2 2 2 3220 3221 2180
4787 2 2 2 2 2539 3138 2409
4788 2 2 2 2 2775 3403 3380
4789 2 2 2 2 2401 3063 2406
4790 2 2 2 2 2054 2057 2056
4791 2 2 2 2 2956 3668 2288
4792 2 2 2 2 2719 3657 2881
4793 2 2 2 2 2990 3003 2992
4794 2 2 2 2 2339 3113 2166
4795 2 2 2 2 2823 3589 2985
4796 2 2 2 2 2562 3073 2437
4797 2 2 2 2 2399 2519 2401
4798 2 2 2 2 2065 2988 2062
4799 2 2 2 2 2431 3082 2098
4800 2 2 2 2 2419 3378 2497
4801 2 2 2 2 3472 3553 3436
4802 2 2 2 2 2063 2066 2065
4803 2 2 2 2 2214 3281 3061
4804 2 2 2 2 2915 3708 2344
4805 2 2 2 2 3064 3066 3065
4806 2 2 2 2 2595 2596 2594
4807 2 2 2 2 2192 2193 2159
4808 2 2 2 2 2874 3496 3329
4809 2 2 2 2 2795 3319 2686
4810 2 2 2 2 2082 3138 2083
4811 2 2 2 2 2497 2556 2447
4812 2 2 2 2 3067 3096 3066
4813 2 2 2 2 39 3503 40
4814 2 2 2 2 3056 3637 3057
4815 2 2 2 2 2350 3111 2222
4816 2 2 2 2 2052 2053 2051
4817 2 2 2 2 2141 2145 2143
4818 2 2 2 2 3264 3444 3203
4819 2 2 2 2 2772 3351 3029
4820 2 2 2 2 2681 3028 2538
4821 2 2 2 2 2707 3140 2052
4822 2 2 2 2 3052 3581 2840
4823 2 2 2 2 2147 2149 2148
4824 2 2 2 2 2368 3178 2285
4825 2 2 2 2 2250 2255 2254
4826 2 2 2 2 2481 3042 2381
4827 2 2 2 2 3303 3575 2972
4828 2 2 2 2 2679 3110 2667
4829 2 2 2 2 2050 2707 2052
4830 2 2 2 2 3046 3117 3045
4831 2 2 2 2 2492 2493 2491
4832 2 2 2 2 2587 2671 2395
4833 2 2 2 2 28 2978 29
4834 2 2 2 2 2393 3061 2587
4835 2 2 2 2 3194 3229 2751
4836 2 2 2 2 2169 3122 2698
4837 2 2 2 2 2201 2203 2202
4838 2 2 2 2 2778 2780 2779
4839 2 2 2 2 2059 3058 2060
4840 2 2 2 2 3212 3461 2527
4841 2 2 2 2 2050 2051 2040
4842 2 2 2 2 2133 2135 2134
4843 2 2 2 2 2720 3107 2209
4844 2 2 2 2 2605 2608 2606
4845 2 2 2 2 3399 3494 2625
4846 2 2 2 2 3005 3704 2664
4847 2 2 2 2 11 3139 2207
4848 2 2 2 2 3085 3087 2702
4849 2 2 2 2 2413 3083 2706
4850 2 2 2 2 50 2298 51
4851 2 2 2 2 3066 3070 3069
4852 2 2 2 2 3411 3478 3214
4853 2 2 2 2 3583 3605 3593
4854 2 2 2 2 2664 3429 3005
4855 2 2 2 2 3155 3578 3154
4856 2 2 2 2 158 3210 157
4857 2 2 2 2 2977 3634 3475
4858 2 2 2 2 2621 2622 2620
4859 2 2 2 2 3142 3239 2891
4860 2 2 2 2 2054 2055 2053
4861 2 2 2 2 2753 3260 2754
4862 2 2 2 2 2610 3602 2688
4863 2 2 2 2 2698 3121 3104
4864 2 2 2 2 74 2177 75
4865 2 2 2 2 3105 3106 2720
4866 2 2 2 2 3045 3131 3047
4867 2 2 2 2 2981 3431 2163
4868 2 2 2 2 2547 2549 2548
4869 2 2 2 2 2104 3019 2106
4870 2 2 2 2 2064 3137 3110
4871 2 2 2 2 3103 3105 2720
4872 2 2 2 2 2752 3444 3271
4873 2 2 2 2 2314 3458 3041
4874 2 2 2 2 2057 2059 2058
4875 2 2 2 2 2080 2081 2078
4876 2 2 2 2 3037 3318 3038
4877 2 2 2 2 2352 3010 2984
4878 2 2 2 2 2094 2096 2095
4879 2 2 2 2 3011 3460 2300
4880 2 2 2 2 2483 2485 2484
4881 2 2 2 2 2268 3691 2364
4882 2 2 2 2 3101 3456 2763
4883 2 2 2 2 2191 3103 2720
4884 2 2 2 2 3166 3167 3165
4885 2 2 2 2 2054 3140 2057
4886 2 2 2 2 3145 3146 165
4887 2 2 2 2 2849 3551 3323
4888 2 2 2 2 2476 3126 2586
4889 2 2 2 2 2836 3671 3632
4890 2 2 2 2 3119 3157 2906
4891 2 2 2 2 2564 3127 2475
4892 2 2 2 2 2406 2462 2413
4893 2 2 2 2 2056 3156 2352
4894 2 2 2 2 3089 3235 2756
4895 2 2 2 2 2876 3677 3558
4896 2 2 2 2 2106 2111 2110
4897 2 2 2 2 2362 2426 2425
4898 2 2 2 2 153 2025 152
4899 2 2 2 2 129 2024 128
4900 2 2 2 2 113 2026 112
4901 2 2 2 2 169 2027 168
4902 2 2 2 2 2387 3373 2385
4903 2 2 2 2 146 2029 145
4904 2 2 2 2 136 2028 135
4905 2 2 2 2 123 2031 122
4906 2 2 2 2 159 2030 158
4907 2 2 2 2 2646 2647 2645
4908 2 2 2 2 2937 3596 2687
4909 2 2 2 2 3573 3574 3413
4910 2 2 2 2 3192 3448 2392
4911 2 2 2 2 2066 2069 2068
4912 2 2 2 2 164 2033 163
4913 2 2 2 2 118 2032 117
4914 2 2 2 2 141 2034 140
4915 2 2 2 2 2722 3653 2655
4916 2 2 2 2 2767 3097 2769
4917 2 2 2 2 3296 3309 2534
4918 2 2 2 2 2104 3632 3019
4919 2 2 2 2 2068 3060 2065
4920 2 2 2 2 3443 3495 3421
4921 2 2 2 2 2061 3156 2058
4922 2 2 2 2 2470 3598 2522
4923 2 2 2 2 2979 3289 2321
4924 2 2 2 2 2704 3138 2539
4925 2 2 2 2 2296 2300 2297
4926 2 2 2 2 97 2230 98
4927 2 2 2 2 2989 3670 2117
4928 2 2 2 2 90 3335 91
4929 2 2 2 2 2113 2115 2114
4930 2 2 2 2 2062 2064 2061
4931 2 2 2 2 2057 3140 2391
4932 2 2 2 2 3002 3480 3357
4933 2 2 2 2 2145 3716 3245
4934 2 2 2 2 3107 3497 2353
4935 2 2 2 2 3098 3257 2733
4936 2 2 2 2 3417 3448 2711
4937 2 2 2 2 2125 2131 2130
4938 2 2 2 2 2056 2352 2055
4939 2 2 2 2 62 2184 63
4940 2 2 2 2 3067 3217 3096
4941 2 2 2 2 2182 3103 2191
4942 2 2 2 2 2345 2946 2945
4943 2 2 2 2 2769 2778 2771
4944 2 2 2 2 2773 3718 3258
4945 2 2 2 2 2288 2289 2280
4946 2 2 2 2 2904 3553 3472
4947 2 2 2 2 2813 3697 3112
4948 2 2 2 2 2365 3055 2305
4949 2 2 2 2 3208 3209 2030
4950 2 2 2 2 2244 2245 2243
4951 2 2 2 2 2780 3116 2782
4952 2 2 2 2 3111 3525 3283
4953 2 2 2 2 2608 2610 2609
4954 2 2 2 2 3173 3179 3170
4955 2 2 2 2 2764 2765 2705
4956 2 2 2 2 2039 3425 2
4957 2 2 2 2 14 2199 15
4958 2 2 2 2 26 2952 27
4959 2 2 2 2 2322 2324 2323
4960 2 2 2 2 2203 2227 2223
4961 2 2 2 2 3189 3190 3017
4962 2 2 2 2 2619 3665 2731
4963 2 2 2 2 2586 3126 2790
4964 2 2 2 2 2780 2782 2781
4965 2 2 2 2 2040 3145 166
4966 2 2 2 2 2686 3319 2662
4967 2 2 2 2 3276 3287 2508
4968 2 2 2 2 3030 3149 2671
4969 2 2 2 2 2506 3129 2552
4970 2 2 2 2 3238 3359 3358
4971 2 2 2 2 2890 3320 3273
4972 2 2 2 2 2187 3281 2214
4973 2 2 2 2 2049 2050 2040
4974 2 2 2 2 2135 2137 2136
4975 2 2 2 2 165 3146 164
4976 2 2 2 2 2082 2083 2081
4977 2 2 2 2 2030 3210 158
4978 2 2 2 2 49 2877 50
4979 2 2 2 2 2096 2098 2097
4980 2 2 2 2 2671 3149 2395
4981 2 2 2 2 2610 2612 2611
4982 2 2 2 2 2968 3537 2811
4983 2 2 2 2 3030 3663 2519
4984 2 2 2 2 2385 3232 2383
4985 2 2 2 2 167 2040 166
4986 2 2 2 2 115 2041 114
4987 2 2 2 2 121 2047 120
4988 2 2 2 2 161 2046 160
4989 2 2 2 2 144 2045 143
4990 2 2 2 2 138 2044 137
4991 2 2 2 2 2532 3017 2751
4992 2 2 2 2 3067 3218 3217
4993 2 2 2 2 2374 3473 3400
4994 2 2 2 2 2725 3155 3154
4995 2 2 2 2 3032 3093 2928
4996 2 2 2 2 3033 3034 2692
4997 2 2 2 2 2656 2951 44
4998 2 2 2 2 3289 3631 2873
4999 2 2 2 2 2192 2862 2196
5000 2 2 2 2 2948 2949 2293
5001 2 2 2 2 2666 2693 2692
5002 2 2 2 2 2430 2437 2429
5003 2 2 2 2 2169 2698 2182
5004 2 2 2 2 2175 3632 2102
5005 2 2 2 2 2117 3670 2999
5006 2 2 2 2 2874 3329 2308
5007 2 2 2 2 2811 2973 2896
5008 2 2 2 2 2943 3226 2853
5009 2 2 2 2 2049 3279 2050
5010 2 2 2 2 2707 3440 3140
5011 2 2 2 2 2212 2508 2286
5012 2 2 2 2 2995 3041 2997
5013 2 2 2 2 2129 3216 3096
5014 2 2 2 2 2160 3301 3122
5015 2 2 2 2 2960 3705 3341
5016 2 2 2 2 2115 2117 2116
5017 2 2 2 2 3010 3402 3051
5018 2 2 2 2 156 2038 155
5019 2 2 2 2 126 2037 125
5020 2 2 2 2 171 2042 170
5021 2 2 2 2 134 2043 133
5022 2 2 2 2 2599 2600 2598
5023 2 2 2 2 2503 3058 2059
5024 2 2 2 2 3207 3208 2030
5025 2 2 2 2 2552 3129 2957
5026 2 2 2 2 2257 3646 2259
5027 2 2 2 2 2069 2071 2070
5028 2 2 2 2 2123 3379 2125
5029 2 2 2 2 2376 2500 2409
5030 2 2 2 2 2586 2790 2789
5031 2 2 2 2 148 2048 147
5032 2 2 2 2 84 3321 85
5033 2 2 2 2 2724 3190 3189
5034 2 2 2 2 2246 2247 2245
5035 2 2 2 2 3172 3173 3170
5036 2 2 2 2 2908 3184 2363
5037 2 2 2 2 2367 2377 2284
5038 2 2 2 2 2149 2151 2150
5039 2 2 2 2 3304 3610 2388
5040 2 2 2 2 110 2039 2
5041 2 2 2 2 132 2035 131
5042 2 2 2 2 150 2036 149
5043 2 2 2 2 3075 3525 3111
5044 2 2 2 2 2382 2383 2381
5045 2 2 2 2 2091 2094 2093
5046 2 2 2 2 3064 3065 2462
5047 2 2 2 2 2693 2987 2986
5048 2 2 2 2 2268 2270 2269
5049 2 2 2 2 3104 3105 3103
5050 2 2 2 2 2255 3688 2344
5051 2 2 2 2 2422 2535 2506
5052 2 2 2 2 2839 3349 2840
5053 2 2 2 2 3096 3217 2129
5054 2 2 2 2 2124 3217 2128
5055 2 2 2 2 2988 3137 2064
5056 2 2 2 2 2658 3653 2723
5057 2 2 2 2 2183 3704 3005
5058 2 2 2 2 55 2958 56
5059 2 2 2 2 2129 3217 2124
5060 2 2 2 2 2982 3118 2307
5061 2 2 2 2 3025 3426 2583
5062 2 2 2 2 2549 2551 2550
5063 2 2 2 2 2191 2720 2209
5064 2 2 2 2 3004 3227 3000
5065 2 2 2 2 3270 3271 2032
5066 2 2 2 2 2700 3156 2061
5067 2 2 2 2 2098 2100 2099
5068 2 2 2 2 3025 3485 2745
5069 2 2 2 2 2947 3420 2176
5070 2 2 2 2 3072 3120 2579
5071 2 2 2 2 2326 3457 2329
5072 2 2 2 2 2264 2265 2263
5073 2 2 2 2 2428 2429 2350
5074 2 2 2 2 2185 3234 2340
5075 2 2 2 2 2197 3664 2217
5076 2 2 2 2 2938 3495 3443
5077 2 2 2 2 2194 2195 2193
5078 2 2 2 2 2210 3488 3190
5079 2 2 2 2 110 3187 2039
5080 2 2 2 2 2797 3460 2699
5081 2 2 2 2 2733 2921 2568
5082 2 2 2 2 3166 3168 3167
5083 2 2 2 2 3124 3425 2039
5084 2 2 2 2 2732 2736 2566
5085 2 2 2 2 3191 3661 2210
5086 2 2 2 2 2672 3445 2967
5087 2 2 2 2 3208 3211 3209
5088 2 2 2 2 2825 3645 2272
5089 2 2 2 2 2636 2638 2637
5090 2 2 2 2 2782 2812 2783
5091 2 2 2 2 2511 3228 2674
5092 2 2 2 2 2670 3305 3304
5093 2 2 2 2 3400 3473 2971
5094 2 2 2 2 2393 2395 2394
5095 2 2 2 2 2380 2381 2378
5096 2 2 2 2 3221 3299 2139
5097 2 2 2 2 2444 3178 2368
5098 2 2 2 2 3182 3527 2689
5099 2 2 2 2 3050 3613 2513
5100 2 2 2 2 2137 2139 2138
5101 2 2 2 2 3109 3233 3108
5102 2 2 2 2 2740 3196 2739
5103 2 2 2 2 43 2827 2656
5104 2 2 2 2 2255 2257 2256
5105 2 2 2 2 2384 2385 2383
5106 2 2 2 2 2823 2985 2067
5107 2 2 2 2 2804 3020 2802
5108 2 2 2 2 2455 3189 2532
5109 2 2 2 2 2335 3115 2422
5110 2 2 2 2 2756 3031 3030
5111 2 2 2 2 2235 3581 3052
5112 2 2 2 2 2500 2681 2538
5113 2 2 2 2 2117 2119 2118
5114 2 2 2 2 2612 2614 2613
5115 2 2 2 2 3100 3493 2687
5116 2 2 2 2 2409 3138 2082
5117 2 2 2 2 3058 3267 2063
5118 2 2 2 2 2266 2267 2265
5119 2 2 2 2 2969 3406 105
5120 2 2 2 2 2858 3294 3040
5121 2 2 2 2 2234 2393 2343
5122 2 2 2 2 2052 3140 2054
5123 2 2 2 2 2552 2957 2554
5124 2 2 2 2 2778 3587 3354
5125 2 2 2 2 2962 3680 2963
5126 2 2 2 2 2033 3215 163
5127 2 2 2 2 2111 2112 2110
5128 2 2 2 2 3181 3499 2816
5129 2 2 2 2 2419 2447 2420
5130 2 2 2 2 2727 3300 2414
5131 2 2 2 2 3021 3406 2969
5132 2 2 2 2 3251 3435 3054
5133 2 2 2 2 3176 3526 2024
5134 2 2 2 2 2225 2353 2348
5135 2 2 2 2 3089 3343 2436
5136 2 2 2 2 2294 2295 2291
5137 2 2 2 2 2494 2501 2493
5138 2 2 2 2 2826 3489 2877
5139 2 2 2 2 2855 2943 2853
5140 2 2 2 2 3127 3396 2473
5141 2 2 2 2 3066 3069 3065
5142 2 2 2 2 3211 3213 3209
5143 2 2 2 2 2324 2326 2325
5144 2 2 2 2 3202 3203 3201
5145 2 2 2 2 2806 3438 2970
5146 2 2 2 2 2578 2579 2575
5147 2 2 2 2 2680 3441 2636
5148 2 2 2 2 2272 3645 2371
5149 2 2 2 2 2434 2696 2496
5150 2 2 2 2 2232 3406 3021
5151 2 2 2 2 2147 3245 2179
5152 2 2 2 2 2990 3005 3003
5153 2 2 2 2 3131 3243 3047
5154 2 2 2 2 3208 3212 3211
5155 2 2 2 2 2858 3040 2861
5156 2 2 2 2 2879 2881 2880
5157 2 2 2 2 3028 3086 3085
5158 2 2 2 2 2849 3665 2848
5159 2 2 2 2 2044 3690 3239
5160 2 2 2 2 2653 2654 2651
5161 2 2 2 2 2603 2604 2602
5162 2 2 2 2 2472 3575 3303
5163 2 2 2 2 3314 3520 2716
5164 2 2 2 2 2145 2146 2143
5165 2 2 2 2 2648 2649 2647
5166 2 2 2 2 2109 3268 2105
5167 2 2 2 2 2164 3534 3507
5168 2 2 2 2 2542 2568 2449
5169 2 2 2 2 2205 3589 3330
5170 2 2 2 2 2371 3414 2962
5171 2 2 2 2 115 3202 2041
5172 2 2 2 2 2131 2132 2130
5173 2 2 2 2 3038 3515 2079
5174 2 2 2 2 2354 2419 2411
5175 2 2 2 2 2894 3678 2259
5176 2 2 2 2 2706 3228 2511
5177 2 2 2 2 3430 3431 2981
5178 2 2 2 2 3287 3577 2923
5179 2 2 2 2 2790 3547 3049
5180 2 2 2 2 2359 3546 2947
5181 2 2 2 2 2551 2590 2589
5182 2 2 2 2 2681 3088 3028
5183 2 2 2 2 2058 3156 2056
5184 2 2 2 2 3210 3214 157
5185 2 2 2 2 3135 3310 2998
5186 2 2 2 2 2438 2439 2437
5187 2 2 2 2 3161 3311 2691
5188 2 2 2 2 91 2248 92
5189 2 2 2 2 3054 3462 2834
5190 2 2 2 2 2315 2316 2312
5191 2 2 2 2 2270 2272 2271
5192 2 2 2 2 116 3202 115
5193 2 2 2 2 2305 3055 2310
5194 2 2 2 2 3514 3546 2359
5195 2 2 2 2 3198 3604 3603
5196 2 2 2 2 2250 2254 2247
5197 2 2 2 2 3023 3510 2549
5198 2 2 2 2 2471 3331 2472
5199 2 2 2 2 2272 2274 2273
5200 2 2 2 2 2952 3539 2319
5201 2 2 2 2 2995 2997 2996
5202 2 2 2 2 3070 3071 3069
5203 2 2 2 2 2119 2121 2120
5204 2 2 2 2 3163 3165 3161
5205 2 2 2 2 2147 2148 2146
5206 2 2 2 2 2391 2503 2059
5207 2 2 2 2 2757 3251 2834
5208 2 2 2 2 2580 2581 2579
5209 2 2 2 2 2355 2356 2332
5210 2 2 2 2 2719 2974 2622
5211 2 2 2 2 2881 2974 2719
5212 2 2 2 2 2655 2657 2654
5213 2 2 2 2 2632 2633 2631
5214 2 2 2 2 3299 3716 2145
5215 2 2 2 2 2237 3052 2241
5216 2 2 2 2 1 2817 2801
5217 2 2 2 2 3044 3049 3046
5218 2 2 2 2 3302 3523 3121
5219 2 2 2 2 3113 3339 2161
5220 2 2 2 2 2151 2153 2152
5221 2 2 2 2 2039 3260 3124
5222 2 2 2 2 2817 3182 2801
5223 2 2 2 2 3379 3655 2125
5224 2 2 2 2 2302 3477 2365
5225 2 2 2 2 2440 2557 2439
5226 2 2 2 2 2796 3133 2736
5227 2 2 2 2 2688 3616 2612
5228 2 2 2 2 2364 3494 2825
5229 2 2 2 2 2903 3658 3361
5230 2 2 2 2 2133 2134 2132
5231 2 2 2 2 2660 2662 2661
5232 2 2 2 2 2696 3188 3144
5233 2 2 2 2 3061 3695 2933
5234 2 2 2 2 2396 2399 2398
5235 2 2 2 2 2386 2387 2385
5236 2 2 2 2 2875 3414 3399
5237 2 2 2 2 2027 2049 168
5238 2 2 2 2 2029 3204 145
5239 2 2 2 2 136 3205 2028
5240 2 2 2 2 159 3207 2030
5241 2 2 2 2 33 2308 34
5242 2 2 2 2 3251 3570 2669
5243 2 2 2 2 113 3200 2026
5244 2 2 2 2 2031 3206 122
5245 2 2 2 2 2387 3519 3373
5246 2 2 2 2 2955 3561 3237
5247 2 2 2 2 2638 2640 2639
5248 2 2 2 2 2399 2401 2400
5249 2 2 2 2 2028 3224 135
5250 2 2 2 2 2508 3132 2286
5251 2 2 2 2 2628 2629 2627
5252 2 2 2 2 3361 3658 2762
5253 2 2 2 2 141 3274 2034
5254 2 2 2 2 2034 3273 140
5255 2 2 2 2 2557 3622 2439
5256 2 2 2 2 2242 3153 2333
5257 2 2 2 2 2998 3310 3128
5258 2 2 2 2 118 3270 2032
5259 2 2 2 2 2100 2102 2101
5260 2 2 2 2 2111 3666 3317
5261 2 2 2 2 2036 3512 3078
5262 2 2 2 2 2113 2114 2112
5263 2 2 2 2 2502 2544 2501
5264 2 2 2 2 2300 2302 2301
5265 2 2 2 2 169 3223 2027
5266 2 2 2 2 3172 3174 3173
5267 2 2 2 2 146 3225 2029
5268 2 2 2 2 2821 3571 3246
5269 2 2 2 2 2139 2141 2140
5270 2 2 2 2 3031 3606 3218
5271 2 2 2 2 2428 2430 2429
5272 2 2 2 2 3549 3557 2936
5273 2 2 2 2 3163 3166 3165
5274 2 2 2 2 2404 3454 2725
5275 2 2 2 2 3037 3506 3129
5276 2 2 2 2 3162 3163 3161
5277 2 2 2 2 2037 3162 3160
5278 2 2 2 2 2669 3570 2640
5279 2 2 2 2 2826 3706 3016
5280 2 2 2 2 2367 2378 2377
5281 2 2 2 2 3015 3260 3187
5282 2 2 2 2 3007 3037 3036
5283 2 2 2 2 3102 3426 2795
5284 2 2 2 2 3039 3515 3297
5285 2 2 2 2 2698 3122 3121
5286 2 2 2 2 3202 3264 3203
5287 2 2 2 2 2041 3202 3201
5288 2 2 2 2 3475 3634 2615
5289 2 2 2 2 2046 3463 3207
5290 2 2 2 2 3105 3552 2525
5291 2 2 2 2 3596 3597 2866
5292 2 2 2 2 2964 3548 3159
5293 2 2 2 2 2796 3181 3133
5294 2 2 2 2 2462 3083 2413
5295 2 2 2 2 2135 2136 2134
5296 2 2 2 2 3306 3377 3224
5297 2 2 2 2 2396 3149 2399
5298 2 2 2 2 3114 3115 2335
5299 2 2 2 2 2569 3521 2816
5300 2 2 2 2 2736 3133 3109
5301 2 2 2 2 2895 3634 2977
5302 2 2 2 2 2725 3454 3155
5303 2 2 2 2 3246 3571 3020
5304 2 2 2 2 116 3264 3202
5305 2 2 2 2 156 3214 2038
5306 2 2 2 2 2277 3567 3116
5307 2 2 2 2 2442 3621 3085
5308 2 2 2 2 2219 2940 2939
5309 2 2 2 2 78 2178 79
5310 2 2 2 2 2401 2406 2405
5311 2 2 2 2 2257 2259 2258
5312 2 2 2 2 2370 3364 3354
5313 2 2 2 2 2778 2779 2771
5314 2 2 2 2 3160 3161 2691
5315 2 2 2 2 3004 3598 3381
5316 2 2 2 2 2879 2945 2882
5317 2 2 2 2 2340 3234 2451
5318 2 2 2 2 2416 2727 2414
5319 2 2 2 2 2703 2705 2704
5320 2 2 2 2 2149 2150 2148
5321 2 2 2 2 2027 3279 2049
5322 2 2 2 2 3184 3692 3459
5323 2 2 2 2 2352 2984 2526
5324 2 2 2 2 2380 2382 2381
5325 2 2 2 2 2094 2095 2093
5326 2 2 2 2 2992 3003 3000
5327 2 2 2 2 167 2049 2040
5328 2 2 2 2 2044 3205 137
5329 2 2 2 2 144 3204 2045
5330 2 2 2 2 2046 3207 160
5331 2 2 2 2 2634 2635 2633
5332 2 2 2 2 3442 3554 2960
5333 2 2 2 2 2751 3229 2752
5334 2 2 2 2 2041 3200 114
5335 2 2 2 2 121 3206 2047
5336 2 2 2 2 2933 3238 2755
5337 2 2 2 2 3389 3532 2489
5338 2 2 2 2 3296 3333 3309
5339 2 2 2 2 72 2346 73
5340 2 2 2 2 2072 3060 2068
5341 2 2 2 2 2317 2318 2316
5342 2 2 2 2 3067 3694 3218
5343 2 2 2 2 2485 2488 2486
5344 2 2 2 2 3183 3547 3422
5345 2 2 2 2 2562 3622 3076
5346 2 2 2 2 2133 3595 3312
5347 2 2 2 2 2944 3478 3411
5348 2 2 2 2 2843 3393 2845
5349 2 2 2 2 2614 2618 2617
5350 2 2 2 2 2436 3344 3235
5351 2 2 2 2 2713 3461 3212
5352 2 2 2 2 2137 3221 2139
5353 2 2 2 2 2576 3630 3231
5354 2 2 2 2 2353 2354 2348
5355 2 2 2 2 2892 3446 3371
5356 2 2 2 2 2389 2408 2387
5357 2 2 2 2 3056 3095 3094
5358 2 2 2 2 2296 2297 2295
5359 2 2 2 2 2504 2763 2503
5360 2 2 2 2 68 2176 69
5361 2 2 2 2 108 3125 2231
5362 2 2 2 2 2382 2384 2383
5363 2 2 2 2 2383 3232 2481
5364 2 2 2 2 2179 3652 2964
5365 2 2 2 2 2102 2104 2103
5366 2 2 2 2 2096 2097 2095
5367 2 2 2 2 2532 3189 3017
5368 2 2 2 2 2592 2594 2593
5369 2 2 2 2 2732 2796 2736
5370 2 2 2 2 3117 3131 3045
5371 2 2 2 2 102 3032 2925
5372 2 2 2 2 2045 3275 143
5373 2 2 2 2 3093 3094 2928
5374 2 2 2 2 3102 3500 2874
5375 2 2 2 2 2223 3114 2335
5376 2 2 2 2 2047 3272 120
5377 2 2 2 2 2307 3504 2982
5378 2 2 2 2 3083 3248 3084
5379 2 2 2 2 2792 3490 2826
5380 2 2 2 2 2034 3676 3273
5381 2 2 2 2 2855 2944 2943
5382 2 2 2 2 134 3224 2043
5383 2 2 2 2 2780 2781 2779
5384 2 2 2 2 2274 2276 2275
5385 2 2 2 2 2037 3387 3162
5386 2 2 2 2 3170 3179 3168
5387 2 2 2 2 2064 3110 2700
5388 2 2 2 2 3137 3626 3110
5389 2 2 2 2 2696 3144 2496
5390 2 2 2 2 2461 3410 3326
5391 2 2 2 2 3003 3429 2522
5392 2 2 2 2 2441 2513 2408
5393 2 2 2 2 2071 3506 3007
5394 2 2 2 2 2393 2394 2343
5395 2 2 2 2 2032 3444 3264
5396 2 2 2 2 2042 3223 170
5397 2 2 2 2 3039 3297 2376
5398 2 2 2 2 3201 3284 3092
5399 2 2 2 2 2891 3228 3142
5400 2 2 2 2 2236 2360 2227
5401 2 2 2 2 2514 2676 2513
5402 2 2 2 2 2582 2583 2581
5403 2 2 2 2 2253 3594 3469
5404 2 2 2 2 2902 3154 2517
5405 2 2 2 2 2153 2155 2154
5406 2 2 2 2 2230 2856 98
5407 2 2 2 2 2756 3030 2671
5408 2 2 2 2 2724 3234 3191
5409 2 2 2 2 2048 3225 147
5410 2 2 2 2 20 2218 21
5411 2 2 2 2 2302 2305 2304
5412 2 2 2 2 3209 3210 2030
5413 2 2 2 2 3169 3170 3168
5414 2 2 2 2 2944 3411 3213
5415 2 2 2 2 2137 2138 2136
5416 2 2 2 2 2406 2413 2412
5417 2 2 2 2 2483 3641 2485
5418 2 2 2 2 2957 3147 2554
5419 2 2 2 2 2353 3378 2354
5420 2 2 2 2 3326 3410 2758
5421 2 2 2 2 2737 2902 2517
5422 2 2 2 2 2542 2733 2568
5423 2 2 2 2 3285 3502 2432
5424 2 2 2 2 2571 3539 2952
5425 2 2 2 2 2532 2751 2588
5426 2 2 2 2 2455 2532 2524
5427 2 2 2 2 2053 2750 2051
5428 2 2 2 2 2236 3250 2360
5429 2 2 2 2 2690 3464 2824
5430 2 2 2 2 2369 3257 2434
5431 2 2 2 2 2395 2396 2394
5432 2 2 2 2 3099 3100 2819
5433 2 2 2 2 2756 3235 3031
5434 2 2 2 2 2430 2438 2437
5435 2 2 2 2 2777 3380 3356
5436 2 2 2 2 3080 3652 2179
5437 2 2 2 2 2197 2200 2195
5438 2 2 2 2 3233 3386 2327
5439 2 2 2 2 2344 3688 2915
5440 2 2 2 2 2451 2724 2453
5441 2 2 2 2 2714 2950 2677
5442 2 2 2 2 2608 3602 2610
5443 2 2 2 2 2674 3228 2891
5444 2 2 2 2 2113 3317 2183
5445 2 2 2 2 2544 3099 2819
5446 2 2 2 2 3047 3048 3043
5447 2 2 2 2 2384 2386 2385
5448 2 2 2 2 2556 3101 2447
5449 2 2 2 2 2419 2420 2411
5450 2 2 2 2 2888 2889 2668
5451 2 2 2 2 2605 2606 2604
5452 2 2 2 2 3207 3463 3208
5453 2 2 2 2 2043 3254 133
5454 2 2 2 2 2121 3288 2123
5455 2 2 2 2 2193 3301 2159
5456 2 2 2 2 2417 3366 3126
5457 2 2 2 2 2255 2256 2254
5458 2 2 2 2 2873 3516 2872
5459 2 2 2 2 2172 2540 2165
5460 2 2 2 2 3469 3594 3336
5461 2 2 2 2 3121 3523 3104
5462 2 2 2 2 2098 2099 2097
5463 2 2 2 2 3078 3600 2036
5464 2 2 2 2 2259 2261 2260
5465 2 2 2 2 2479 2666 2478
5466 2 2 2 2 3013 3258 3015
5467 2 2 2 2 148 3256 2048
5468 2 2 2 2 2115 2116 2114
5469 2 2 2 2 2385 3373 3232
5470 2 2 2 2 2083 2085 2084
5471 2 2 2 2 97 3294 2230
5472 2 2 2 2 2954 2955 2950
5473 2 2 2 2 3273 3320 139
5474 2 2 2 2 2658 2659 2657
5475 2 2 2 2 2447 2448 2420
5476 2 2 2 2 2203 2223 2202
5477 2 2 2 2 2135 3312 2180
5478 2 2 2 2 3015 3187 3014
5479 2 2 2 2 132 3254 2035
5480 2 2 2 2 2946 3585 3483
5481 2 2 2 2 2922 3296 3026
5482 2 2 2 2 2447 3101 2448
5483 2 2 2 2 2477 2478 2418
5484 2 2 2 2 2036 3256 149
5485 2 2 2 2 2165 3268 2109
5486 2 2 2 2 2151 2152 2150
5487 2 2 2 2 2201 2202 2200
5488 2 2 2 2 2734 2735 2555
5489 2 2 2 2 2674 2891 2890
5490 2 2 2 2 2413 2706 2511
5491 2 2 2 2 2399 2400 2398
5492 2 2 2 2 2782 2783 2781
5493 2 2 2 2 3035 3719 2457
5494 2 2 2 2 2286 3132 2369
5495 2 2 2 2 2117 2118 2116
5496 2 2 2 2 2994 3480 3002
5497 2 2 2 2 3147 3241 3148
5498 2 2 2 2 3069 3248 3065
5499 2 2 2 2 3130 3247 2839
5500 2 2 2 2 3414 3645 3399
5501 2 2 2 2 2322 2323 2318
5502 2 2 2 2 2404 2725 2520
5503 2 2 2 2 2357 2361 2356
5504 2 2 2 2 2995 2996 2993
5505 2 2 2 2 2859 3637 3094
5506 2 2 2 2 2057 2391 2059
5507 2 2 2 2 2416 3194 2727
5508 2 2 2 2 2935 3544 3385
5509 2 2 2 2 2155 2159 2156
5510 2 2 2 2 2640 2642 2641
5511 2 2 2 2 2703 2704 2539
5512 2 2 2 2 2121 2123 2122
5513 2 2 2 2 3297 3515 2784
5514 2 2 2 2 2765 2767 2766
5515 2 2 2 2 2915 3688 3656
5516 2 2 2 2 2846 3441 3393
5517 2 2 2 2 2395 3149 2396
5518 2 2 2 2 3171 3172 3170
5519 2 2 2 2 2745 3485 3244
5520 2 2 2 2 3224 3377 2043
5521 2 2 2 2 2517 3154 2403
5522 2 2 2 2 2549 3510 2551
5523 2 2 2 2 2924 3682 2675
5524 2 2 2 2 2170 3288 2121
5525 2 2 2 2 2483 2484 2426
5526 2 2 2 2 2829 3588 87
5527 2 2 2 2 2884 2885 2570
5528 2 2 2 2 3271 3375 2665
5529 2 2 2 2 3084 3141 2706
5530 2 2 2 2 2943 3285 3226
5531 2 2 2 2 2512 3301 2193
5532 2 2 2 2 3302 3376 2435
5533 2 2 2 2 2456 2505 2390
5534 2 2 2 2 2642 2645 2644
5535 2 2 2 2 2805 3563 3123
5536 2 2 2 2 2889 3298 2668
5537 2 2 2 2 2100 2101 2099
5538 2 2 2 2 3162 3164 3163
5539 2 2 2 2 2401 2405 2400
5540 2 2 2 2 2268 2269 2267
5541 2 2 2 2 2085 2087 2086
5542 2 2 2 2 3166 3169 3168
5543 2 2 2 2 2976 3656 2914
5544 2 2 2 2 2352 2526 2055
5545 2 2 2 2 3160 3162 3161
5546 2 2 2 2 2076 2206 2074
5547 2 2 2 2 2141 2143 2142
5548 2 2 2 2 2438 2440 2439
5549 2 2 2 2 2028 3662 3306
5550 2 2 2 2 3046 3183 3117
5551 2 2 2 2 2547 2548 2545
5552 2 2 2 2 2497 3259 2556
5553 2 2 2 2 2215 2216 2188
5554 2 2 2 2 2104 2106 2105
5555 2 2 2 2 56 2292 57
5556 2 2 2 2 3243 3268 2540
5557 2 2 2 2 2119 2120 2118
5558 2 2 2 2 2863 3642 2196
5559 2 2 2 2 2746 2773 2747
5560 2 2 2 2 2139 2140 2138
5561 2 2 2 2 2032 3264 117
5562 2 2 2 2 2158 2712 2174
5563 2 2 2 2 2496 3144 2541
5564 2 2 2 2 2386 2389 2387
5565 2 2 2 2 2324 2325 2323
5566 2 2 2 2 3163 3177 3166
5567 2 2 2 2 2186 2560 2173
5568 2 2 2 2 2978 2979 2321
5569 2 2 2 2 3213 3411 3209
5570 2 2 2 2 2153 2154 2152
5571 2 2 2 2 2326 2329 2328
5572 2 2 2 2 157 3214 156
5573 2 2 2 2 2905 3157 3055
5574 2 2 2 2 3033 3536 3035
5575 2 2 2 2 2283 2284 2216
5576 2 2 2 2 2162 2169 2167
5577 2 2 2 2 3164 3177 3163
5578 2 2 2 2 3369 3701 2516
5579 2 2 2 2 2322 3418 2324
5580 2 2 2 2 2812 2813 2783
5581 2 2 2 2 2369 2434 2433
5582 2 2 2 2 2523 2739 2454
5583 2 2 2 2 2362 2425 2361
5584 2 2 2 2 3361 3362 2338
5585 2 2 2 2 2459 2758 2558
5586 2 2 2 2 2187 2214 2213
5587 2 2 2 2 2773 3013 3012
5588 2 2 2 2 2289 2291 2290
5589 2 2 2 2 2470 2522 2521
5590 2 2 2 2 2121 2122 2120
5591 2 2 2 2 2583 3426 2701
5592 2 2 2 2 2127 3158 2528
5593 2 2 2 2 2127 2528 2171
5594 2 2 2 2 2391 2504 2503
5595 2 2 2 2 2379 2380 2378
5596 2 2 2 2 2496 2541 2533
5597 2 2 2 2 2169 2182 2181
5598 2 2 2 2 2406 2412 2405
5599 2 2 2 2 2799 3503 39
5600 2 2 2 2 96 3409 3294
5601 2 2 2 2 3243 3405 3268
5602 2 2 2 2 2451 3234 2724
5603 2 2 2 2 2366 2367 2284
5604 2 2 2 2 2427 2428 2350
5605 2 2 2 2 2415 2746 2536
5606 2 2 2 2 3603 3604 2047
5607 2 2 2 2 2569 2816 2815
5608 2 2 2 2 3019 3666 2111
5609 2 2 2 2 2182 2191 2190
5610 2 2 2 2 2286 2369 2368
5611 2 2 2 2 3187 3260 2039
5612 2 2 2 2 2185 2339 2166
5613 2 2 2 2 2751 2752 2588
5614 2 2 2 2 2229 3093 3032
5615 2 2 2 2 2349 2350 2222
5616 2 2 2 2 2050 3279 2707
5617 2 2 2 2 2532 2588 2524
5618 2 2 2 2 2045 3650 3275
5619 2 2 2 2 2673 2835 2529
5620 2 2 2 2 2191 2209 2208
5621 2 2 2 2 3119 3304 2388
5622 2 2 2 2 3166 3177 3169
5623 2 2 2 2 2748 3713 3184
5624 2 2 2 2 2519 3663 3068
5625 2 2 2 2 2753 2754 2543
5626 2 2 2 2 3558 3677 2723
5627 2 2 2 2 2214 2234 2233
5628 2 2 2 2 2510 2695 2694
5629 2 2 2 2 2389 2441 2408
5630 2 2 2 2 2209 2225 2224
5631 2 2 2 2 2240 2282 2238
5632 2 2 2 2 2434 2496 2495
5633 2 2 2 2 3035 3536 3134
5634 2 2 2 2 2221 2222 2204
5635 2 2 2 2 126 3387 2037
5636 2 2 2 2 2212 2286 2285
5637 2 2 2 2 2441 2514 2513
5638 2 2 2 2 168 2049 167
5639 2 2 2 2 3361 3363 3362
5640 2 2 2 2 137 3205 136
5641 2 2 2 2 145 3204 144
5642 2 2 2 2 160 3207 159
5643 2 2 2 2 3142 3228 3141
5644 2 2 2 2 2482 3369 2516
5645 2 2 2 2 2198 3563 3139
5646 2 2 2 2 2354 2411 2410
5647 2 2 2 2 2189 2212 2211
5648 2 2 2 2 2854 2855 2853
5649 2 2 2 2 2514 2677 2676
5650 2 2 2 2 114 3200 113
5651 2 2 2 2 122 3206 121
5652 2 2 2 2 2476 2586 2585
5653 2 2 2 2 2066 2168 2069
5654 2 2 2 2 62 2842 2184
5655 2 2 2 2 142 3274 141
5656 2 2 2 2 140 3273 139
5657 2 2 2 2 3106 3340 2729
5658 2 2 2 2 2064 2700 2061
5659 2 2 2 2 135 3224 134
5660 2 2 2 2 163 3215 162
5661 2 2 2 2 2930 3022 3021
5662 2 2 2 2 2234 2343 2342
5663 2 2 2 2 2485 2486 2484
5664 2 2 2 2 2714 2954 2950
5665 2 2 2 2 2541 3265 2533
5666 2 2 2 2 119 3270 118
5667 2 2 2 2 2682 2716 2681
5668 2 2 2 2 3196 3199 2541
5669 2 2 2 2 103 2228 104
5670 2 2 2 2 2636 2637 2635
5671 2 2 2 2 3106 3107 2720
5672 2 2 2 2 2225 2348 2347
5673 2 2 2 2 3288 3310 2885
5674 2 2 2 2 2737 2931 2902
5675 2 2 2 2 2331 3262 36
5676 2 2 2 2 2276 2280 2279
5677 2 2 2 2 2943 3502 3285
5678 2 2 2 2 2131 3530 2133
5679 2 2 2 2 170 3223 169
5680 2 2 2 2 3261 3439 2744
5681 2 2 2 2 2586 2789 2788
5682 2 2 2 2 2934 2936 2912
5683 2 2 2 2 2559 3142 3141
5684 2 2 2 2 147 3225 146
5685 2 2 2 2 40 2307 41
5686 2 2 2 2 2078 3134 2076
5687 2 2 2 2 2608 2609 2606
5688 2 2 2 2 2852 2853 2463
5689 2 2 2 2 2413 2511 2412
5690 2 2 2 2 2051 3145 2040
5691 2 2 2 2 2257 2258 2256
5692 2 2 2 2 2758 2760 2759
5693 2 2 2 2 42 2827 43
5694 2 2 2 2 2158 3222 2712
5695 2 2 2 2 2874 3500 3496
5696 2 2 2 2 2375 2446 2445
5697 2 2 2 2 2679 3402 3110
5698 2 2 2 2 3169 3171 3170
5699 2 2 2 2 2141 2142 2140
5700 2 2 2 2 143 3275 142
5701 2 2 2 2 120 3272 119
5702 2 2 2 2 2471 2472 2469
5703 2 2 2 2 3012 3092 2747
5704 2 2 2 2 2392 3457 2326
5705 2 2 2 2 3065 3083 2462
5706 2 2 2 2 2554 3147 2730
5707 2 2 2 2 2529 3331 2471
5708 2 2 2 2 2106 2110 2109
5709 2 2 2 2 3091 3446 2892
5710 2 2 2 2 2375 3236 2446
5711 2 2 2 2 3146 3561 2033
5712 2 2 2 2 3217 3218 2128
5713 2 2 2 2 2765 3473 2767
5714 2 2 2 2 37 3262 2306
5715 2 2 2 2 3179 3699 3681
5716 2 2 2 2 2139 3299 2141
5717 2 2 2 2 3210 3411 3214
5718 2 2 2 2 2596 2598 2597
5719 2 2 2 2 2901 3633 2898
5720 2 2 2 2 3185 3668 2963
5721 2 2 2 2 2340 2449 2339
5722 2 2 2 2 2504 2774 2763
5723 2 2 2 2 2773 3012 2747
5724 2 2 2 2 2765 2766 2705
5725 2 2 2 2 2558 2559 2460
5726 2 2 2 2 2818 3562 2972
5727 2 2 2 2 2509 2911 2397
5728 2 2 2 2 2559 3143 3142
5729 2 2 2 2 2102 2103 2101
5730 2 2 2 2 2396 2398 2397
5731 2 2 2 2 2305 2310 2309
5732 2 2 2 2 3144 3196 2541
5733 2 2 2 2 3153 3466 2820
5734 2 2 2 2 2867 3543 2941
5735 2 2 2 2 2347 2414 2224
5736 2 2 2 2 2487 3498 3247
5737 2 2 2 2 2540 3268 2165
5738 2 2 2 2 2852 2909 2854
5739 2 2 2 2 2740 3198 3197
5740 2 2 2 2 2710 3025 2583
5741 2 2 2 2 2533 2691 2495
5742 2 2 2 2 2069 3241 2071
5743 2 2 2 2 2527 3679 3211
5744 2 2 2 2 2072 3219 3060
5745 2 2 2 2 2509 2913 2912
5746 2 2 2 2 2560 3367 2173
5747 2 2 2 2 2123 2125 2124
5748 2 2 2 2 2223 2335 2226
5749 2 2 2 2 3329 3496 2331
5750 2 2 2 2 2885 3310 3135
5751 2 2 2 2 2087 3555 2089
5752 2 2 2 2 2450 2542 2449
5753 2 2 2 2 2767 2769 2768
5754 2 2 2 2 2104 2105 2103
5755 2 2 2 2 2610 2611 2609
5756 2 2 2 2 2326 2328 2325
5757 2 2 2 2 2261 2263 2262
5758 2 2 2 2 2354 2410 2348
5759 2 2 2 2 2802 3683 2492
5760 2 2 2 2 2408 3614 2387
5761 2 2 2 2 2155 2156 2154
5762 2 2 2 2 2379 2851 2463
5763 2 2 2 2 2978 2980 2979
5764 2 2 2 2 133 3254 132
5765 2 2 2 2 2612 2613 2611
5766 2 2 2 2 2764 3382 2971
5767 2 2 2 2 2913 2935 2934
5768 2 2 2 2 3008 3647 3023
5769 2 2 2 2 2125 2130 2129
5770 2 2 2 2 2208 2210 2190
5771 2 2 2 2 149 3256 148
5772 2 2 2 2 2616 3443 3421
5773 2 2 2 2 3141 3228 2706
5774 2 2 2 2 3051 3620 3010
5775 2 2 2 2 3179 3681 3168
5776 2 2 2 2 2367 2379 2378
5777 2 2 2 2 3174 3618 3173
5778 2 2 2 2 3159 3355 2518
5779 2 2 2 2 3171 3176 3175
5780 2 2 2 2 2335 2422 2336
5781 2 2 2 2 3246 3470 2824
5782 2 2 2 2 3143 3239 3142
5783 2 2 2 2 2746 2747 2536
5784 2 2 2 2 3077 3568 3074
5785 2 2 2 2 3004 3591 3227
5786 2 2 2 2 45 2951 2303
5787 2 2 2 2 3097 3587 2778
5788 2 2 2 2 2750 3146 3145
5789 2 2 2 2 3006 3193 2723
5790 2 2 2 2 2549 2550 2548
5791 2 2 2 2 2536 2537 2416
5792 2 2 2 2 3171 3175 3172
5793 2 2 2 2 2159 2160 2156
5794 2 2 2 2 2448 2561 2543
5795 2 2 2 2 2422 2506 2423
5796 2 2 2 2 2506 2552 2507
5797 2 2 2 2 2552 2554 2553
5798 2 2 2 2 2459 2460 2440
5799 2 2 2 2 3047 3599 3048
5800 2 2 2 2 2474 2775 2530
5801 2 2 2 2 33 2871 2308
5802 2 2 2 2 2511 2668 2412
5803 2 2 2 2 2726 3160 2691
5804 2 2 2 2 2087 2089 2088
5805 2 2 2 2 3649 3687 3249
5806 2 2 2 2 2563 2564 2475
5807 2 2 2 2 2415 2416 2414
5808 2 2 2 2 2053 3237 2750
5809 2 2 2 2 2628 3636 2629
5810 2 2 2 2 2669 3253 3252
5811 2 2 2 2 2405 2458 2400
5812 2 2 2 2 2814 3566 3082
5813 2 2 2 2 2178 2961 79
5814 2 2 2 2 2227 3114 2223
5815 2 2 2 2 2997 2998 2996
5816 2 2 2 2 2225 2347 2224
5817 2 2 2 2 2042 3249 3223
5818 2 2 2 2 2380 3226 2382
5819 2 2 2 2 2428 2461 2430
5820 2 2 2 2 2112 3158 2110
5821 2 2 2 2 2758 2759 2558
5822 2 2 2 2 2880 2903 2177
5823 2 2 2 2 2455 2524 2523
5824 2 2 2 2 3232 3373 2789
5825 2 2 2 2 3147 3148 2730
5826 2 2 2 2 2389 2527 2441
5827 2 2 2 2 2496 2533 2495
5828 2 2 2 2 2283 2366 2284
5829 2 2 2 2 2434 2495 2433
5830 2 2 2 2 3128 3310 2170
5831 2 2 2 2 2337 3236 2375
5832 2 2 2 2 2459 2558 2460
5833 2 2 2 2 2230 3294 2858
5834 2 2 2 2 2561 2864 2753
5835 2 2 2 2 2215 2283 2216
5836 2 2 2 2 2402 2403 2342
5837 2 2 2 2 2588 2665 2524
5838 2 2 2 2 2674 2888 2668
5839 2 2 2 2 2567 2732 2566
5840 2 2 2 2 2732 3220 2796
5841 2 2 2 2 3110 3626 2667
5842 2 2 2 2 2537 3194 2416
5843 2 2 2 2 2472 3303 2469
5844 2 2 2 2 2695 2942 2694
5845 2 2 2 2 2514 2713 2677
5846 2 2 2 2 2259 3678 2261
5847 2 2 2 2 138 3320 2044
5848 2 2 2 2 2554 2730 2728
5849 2 2 2 2 2433 2444 2368
5850 2 2 2 2 2191 2208 2190
5851 2 2 2 2 2689 3527 3009
5852 2 2 2 2 2523 2740 2739
5853 2 2 2 2 2707 3673 3440
5854 2 2 2 2 142 3275 3274
5855 2 2 2 2 2687 3596 3100
5856 2 2 2 2 2714 2959 2954
5857 2 2 2 2 2182 2190 2181
5858 2 2 2 2 2511 2674 2668
5859 2 2 2 2 2684 3261 2515
5860 2 2 2 2 2209 2224 2208
5861 2 2 2 2 3197 3199 3196
5862 2 2 2 2 2676 3620 3051
5863 2 2 2 2 2723 3677 3006
5864 2 2 2 2 2453 2455 2454
5865 2 2 2 2 3065 3248 3083
5866 2 2 2 2 2622 2624 2623
5867 2 2 2 2 2407 3438 3081
5868 2 2 2 2 2396 2397 2394
5869 2 2 2 2 2411 2480 2410
5870 2 2 2 2 2169 2181 2167
5871 2 2 2 2 2674 2890 2888
5872 2 2 2 2 119 3272 3270
5873 2 2 2 2 2369 2433 2368
5874 2 2 2 2 161 3629 2046
5875 2 2 2 2 2759 3377 3306
5876 2 2 2 2 2542 3098 2733
5877 2 2 2 2 3018 3569 2591
5878 2 2 2 2 2349 2427 2350
5879 2 2 2 2 2384 2432 2386
5880 2 2 2 2 117 3264 116
5881 2 2 2 2 2816 3521 3181
5882 2 2 2 2 2286 2368 2285
5883 2 2 2 2 2713 2714 2677
5884 2 2 2 2 2300 2301 2297
5885 2 2 2 2 2477 2479 2478
5886 2 2 2 2 2652 3476 2906
5887 2 2 2 2 3666 3671 2787
5888 2 2 2 2 2379 2463 2380
5889 2 2 2 2 2716 3520 3088
5890 2 2 2 2 2083 2084 2081
5891 2 2 2 2 2592 2593 2590
5892 2 2 2 2 2085 2086 2084
5893 2 2 2 2 3384 3385 2889
5894 2 2 2 2 3490 3524 2749
5895 2 2 2 2 2234 2342 2233
5896 2 2 2 2 2448 2543 2420
5897 2 2 2 2 2762 3363 3361
5898 2 2 2 2 2343 2402 2342
5899 2 2 2 2 2270 2271 2269
5900 2 2 2 2 2479 2667 2666
5901 2 2 2 2 2089 2091 2090
5902 2 2 2 2 2713 3255 2714
5903 2 2 2 2 3100 3580 2819
5904 2 2 2 2 3646 3708 3394
5905 2 2 2 2 2769 2771 2770
5906 2 2 2 2 21 3230 22
5907 2 2 2 2 2074 3219 2072
5908 2 2 2 2 2455 2523 2454
5909 2 2 2 2 3183 3346 2443
5910 2 2 2 2 3048 3599 3186
5911 2 2 2 2 2500 2682 2681
5912 2 2 2 2 2909 2932 2854
5913 2 2 2 2 2533 2726 2691
5914 2 2 2 2 3132 3257 2369
5915 2 2 2 2 2959 3215 2954
5916 2 2 2 2 2600 2602 2601
5917 2 2 2 2 2415 2536 2416
5918 2 2 2 2 2132 2164 2130
5919 2 2 2 2 2340 2451 2450
5920 2 2 2 2 2510 2517 2403
5921 2 2 2 2 2852 2854 2853
5922 2 2 2 2 2925 3032 2928
5923 2 2 2 2 2146 3222 2143
5924 2 2 2 2 2055 3237 2053
5925 2 2 2 2 2143 2158 2142
5926 2 2 2 2 3199 3265 2541
5927 2 2 2 2 2551 2589 2550
5928 2 2 2 2 2214 2233 2213
5929 2 2 2 2 2160 2161 2156
5930 2 2 2 2 2842 2843 2184
5931 2 2 2 2 3078 3079 2734
5932 2 2 2 2 2259 2260 2258
5933 2 2 2 2 2347 2415 2414
5934 2 2 2 2 2533 3265 2726
5935 2 2 2 2 2750 3145 2051
5936 2 2 2 2 2545 3099 2544
5937 2 2 2 2 3213 3679 3502
5938 2 2 2 2 2110 2127 2109
5939 2 2 2 2 2127 2165 2109
5940 2 2 2 2 2913 2934 2912
5941 2 2 2 2 3028 3088 3086
5942 2 2 2 2 3237 3561 2750
5943 2 2 2 2 2986 3536 3033
5944 2 2 2 2 2728 2729 2553
5945 2 2 2 2 2694 2737 2517
5946 2 2 2 2 2740 3197 3196
5947 2 2 2 2 139 3320 138
5948 2 2 2 2 2438 2459 2440
5949 2 2 2 2 2251 3321 2832
5950 2 2 2 2 2185 2340 2339
5951 2 2 2 2 2398 2509 2397
5952 2 2 2 2 2874 3280 3102
5953 2 2 2 2 2274 2275 2273
5954 2 2 2 2 2379 3295 2851
5955 2 2 2 2 2715 2734 2555
5956 2 2 2 2 2091 2093 2092
5957 2 2 2 2 2221 2349 2222
5958 2 2 2 2 2509 2912 2911
5959 2 2 2 2 2520 2555 2464
5960 2 2 2 2 2850 2965 2774
5961 2 2 2 2 2850 2966 2965
5962 2 2 2 2 2138 2144 2136
5963 2 2 2 2 2693 3626 3137
5964 2 2 2 2 2150 2157 2148
5965 2 2 2 2 2664 3704 2787
5966 2 2 2 2 2283 2404 2366
5967 2 2 2 2 3353 3523 2435
5968 2 2 2 2 2451 2453 2452
5969 2 2 2 2 2329 2332 2330
5970 2 2 2 2 2565 2566 2564
5971 2 2 2 2 2340 2450 2449
5972 2 2 2 2 2178 3027 2961
5973 2 2 2 2 85 3321 2251
5974 2 2 2 2 2775 2777 2776
5975 2 2 2 2 2967 3565 2672
5976 2 2 2 2 2453 2454 2452
5977 2 2 2 2 2507 2525 2423
5978 2 2 2 2 2212 2285 2211
5979 2 2 2 2 2125 2129 2124
5980 2 2 2 2 2123 2124 2122
5981 2 2 2 2 2715 3078 2734
5982 2 2 2 2 2735 3471 2555
5983 2 2 2 2 2561 2753 2543
5984 2 2 2 2 66 2359 67
5985 2 2 2 2 2344 3646 2257
5986 2 2 2 2 2520 2715 2555
5987 2 2 2 2 2221 2421 2349
5988 2 2 2 2 2777 3356 3355
5989 2 2 2 2 2484 3388 2426
5990 2 2 2 2 2106 2109 2105
5991 2 2 2 2 2228 2969 104
5992 2 2 2 2 2125 3655 2131
5993 2 2 2 2 3413 3574 2800
5994 2 2 2 2 2044 3239 3205
5995 2 2 2 2 2864 3124 2753
5996 2 2 2 2 2851 2852 2463
5997 2 2 2 2 2504 2850 2774
5998 2 2 2 2 2272 2273 2271
5999 2 2 2 2 2526 3237 2055
6000 2 2 2 2 3027 3550 2961
6001 2 2 2 2 3410 3618 3612
6002 2 2 2 2 2847 3605 52
6003 2 2 2 2 2028 3306 3224
6004 2 2 2 2 2404 2520 2464
6005 2 2 2 2 3023 3647 3022
6006 2 2 2 2 2980 3120 2979
6007 2 2 2 2 2354 3378 2419
6008 2 2 2 2 3175 3660 2035
6009 2 2 2 2 2162 2166 2161
6010 2 2 2 2 2640 3570 2642
6011 2 2 2 2 2402 2510 2403
6012 2 2 2 2 2510 2694 2517
6013 2 2 2 2 2160 2162 2161
6014 2 2 2 2 2537 3229 3194
6015 2 2 2 2 125 3372 124
6016 2 2 2 2 2167 2185 2166
6017 2 2 2 2 2785 2837 2717
6018 2 2 2 2 2035 3660 131
6019 2 2 2 2 2222 3283 2204
6020 2 2 2 2 2162 2167 2166
6021 2 2 2 2 3335 3469 3336
6022 2 2 2 2 2638 2639 2637
6023 2 2 2 2 2310 2312 2311
6024 2 2 2 2 2853 3226 2463
6025 2 2 2 2 2404 2464 2366
6026 2 2 2 2 2872 3516 3280
6027 2 2 2 2 2187 2188 2172
6028 2 2 2 2 2213 2215 2188
6029 2 2 2 2 41 3118 42
6030 2 2 2 2 2171 2172 2165
6031 2 2 2 2 27 2319 28
6032 2 2 2 2 2336 2435 2226
6033 2 2 2 2 2158 2173 2142
6034 2 2 2 2 2451 2452 2450
6035 2 2 2 2 2930 3021 2927
6036 2 2 2 2 2882 3635 2881
6037 2 2 2 2 2103 2107 2101
6038 2 2 2 2 2087 2088 2086
6039 2 2 2 2 2130 3216 2129
6040 2 2 2 2 3115 3707 2837
6041 2 2 2 2 2794 3102 2795
6042 2 2 2 2 2124 2128 2122
6043 2 2 2 2 3416 3508 2810
6044 2 2 2 2 2037 3372 125
6045 2 2 2 2 2116 2126 2114
6046 2 2 2 2 2189 3276 2212
6047 2 2 2 2 2448 3481 2561
6048 2 2 2 2 2187 2213 2188
6049 2 2 2 2 2586 2788 2585
6050 2 2 2 2 2171 2187 2172
6051 2 2 2 2 2812 3575 2813
6052 2 2 2 2 2712 3577 3287
6053 2 2 2 2 2289 2290 2280
6054 2 2 2 2 2682 2784 2717
6055 2 2 2 2 3051 3402 2679
6056 2 2 2 2 45 2303 46
6057 2 2 2 2 2198 3139 10
6058 2 2 2 2 2415 3290 2746
6059 2 2 2 2 2754 3291 2543
6060 2 2 2 2 2154 2534 2152
6061 2 2 2 2 2174 2189 2186
6062 2 2 2 2 2189 2211 2204
6063 2 2 2 2 2509 3277 2913
6064 2 2 2 2 3571 3683 2802
6065 2 2 2 2 2247 2442 2245
6066 2 2 2 2 2835 3331 2529
6067 2 2 2 2 2127 2171 2165
6068 2 2 2 2 2893 3693 2895
6069 2 2 2 2 3261 3641 2483
6070 2 2 2 2 2170 3310 3288
6071 2 2 2 2 3312 3499 2180
6072 2 2 2 2 2567 2907 2761
6073 2 2 2 2 2095 2108 2093
6074 2 2 2 2 3279 3673 2707
6075 2 2 2 2 2898 3579 93
6076 2 2 2 2 3525 3627 2560
6077 2 2 2 2 2076 3134 2206
6078 2 2 2 2 2211 2221 2204
6079 2 2 2 2 2189 2204 2186
6080 2 2 2 2 2335 2336 2226
6081 2 2 2 2 2351 3615 2976
6082 2 2 2 2 2248 3335 2900
6083 2 2 2 2 3050 3051 2679
6084 2 2 2 2 2678 2679 2667
6085 2 2 2 2 2043 3467 3254
6086 2 2 2 2 2913 3544 2935
6087 2 2 2 2 3334 3638 2735
6088 2 2 2 2 2788 2791 2585
6089 2 2 2 2 2079 3515 3039
6090 2 2 2 2 2552 2553 2507
6091 2 2 2 2 2506 2507 2423
6092 2 2 2 2 2554 2728 2553
6093 2 2 2 2 2614 2617 2613
6094 2 2 2 2 2174 2186 2173
6095 2 2 2 2 3254 3278 2035
6096 2 2 2 2 2544 2819 2584
6097 2 2 2 2 3255 3463 2046
6098 2 2 2 2 2158 2174 2173
6099 2 2 2 2 2 3425 171
6100 2 2 2 2 2479 2678 2667
6101 2 2 2 2 3178 3313 2285
6102 2 2 2 2 2678 3050 2679
6103 2 2 2 2 2422 2423 2336
6104 2 2 2 2 2110 3158 2127
6105 2 2 2 2 2535 3327 3318
6106 2 2 2 2 3270 3375 3271
6107 2 2 2 2 2825 3494 3399
6108 2 2 2 2 2089 2090 2088
6109 2 2 2 2 3220 3499 2796
6110 2 2 2 2 2599 3675 2600
6111 2 2 2 2 2091 2092 2090
6112 2 2 2 2 50 2877 2298
6113 2 2 2 2 2767 2768 2766
6114 2 2 2 2 2400 3277 2398
6115 2 2 2 2 3656 3688 2914
6116 2 2 2 2 2186 3283 2560
6117 2 2 2 2 3173 3618 3434
6118 2 2 2 2 2256 2281 2254
6119 2 2 2 2 154 3468 153
6120 2 2 2 2 155 3465 154
6121 2 2 2 2 2712 3276 2174
6122 2 2 2 2 3148 3259 2730
6123 2 2 2 2 2728 2865 2729
6124 2 2 2 2 2024 3526 3177
6125 2 2 2 2 2714 3255 2959
6126 2 2 2 2 2276 2279 2275
6127 2 2 2 2 2998 3128 2996
6128 2 2 2 2 2321 3289 31
6129 2 2 2 2 2261 2262 2260
6130 2 2 2 2 9 3081 2198
6131 2 2 2 2 2463 3226 2380
6132 2 2 2 2 2666 3626 2693
6133 2 2 2 2 2673 2836 2835
6134 2 2 2 2 2063 3267 2066
6135 2 2 2 2 14 2869 2199
6136 2 2 2 2 2459 3326 2758
6137 2 2 2 2 2827 2828 2656
6138 2 2 2 2 3448 3457 2392
6139 2 2 2 2 2837 3327 3115
6140 2 2 2 2 2168 3241 2069
6141 2 2 2 2 2727 3488 3300
6142 2 2 2 2 2746 3479 2773
6143 2 2 2 2 2563 3080 2565
6144 2 2 2 2 2337 3412 3236
6145 2 2 2 2 2952 3517 2571
6146 2 2 2 2 2827 2982 2828
6147 2 2 2 2 2669 3435 3251
6148 2 2 2 2 3578 3624 2233
6149 2 2 2 2 3092 3284 2747
6150 2 2 2 2 2302 2304 2301
6151 2 2 2 2 2143 3222 2158
6152 2 2 2 2 3265 3266 2726
6153 2 2 2 2 2846 3393 2843
6154 2 2 2 2 3253 3441 2846
6155 2 2 2 2 2886 3642 3572
6156 2 2 2 2 2092 2220 2090
6157 2 2 2 2 151 3512 150
6158 2 2 2 2 3477 3553 2365
6159 2 2 2 2 2567 2761 2732
6160 2 2 2 2 2871 2872 2308
6161 2 2 2 2 2976 3615 3282
6162 2 2 2 2 3258 3718 2480
6163 2 2 2 2 2367 3295 2379
6164 2 2 2 2 2742 2897 2498
6165 2 2 2 2 2629 2631 2630
6166 2 2 2 2 3203 3538 3201
6167 2 2 2 2 3129 3506 2957
6168 2 2 2 2 2911 3286 2397
6169 2 2 2 2 2099 2443 2097
6170 2 2 2 2 2813 3112 2814
6171 2 2 2 2 2120 2436 2118
6172 2 2 2 2 2476 2585 2477
6173 2 2 2 2 2366 3295 2367
6174 2 2 2 2 2195 2512 2193
6175 2 2 2 2 2993 3332 2991
6176 2 2 2 2 2476 2477 2418
6177 2 2 2 2 2734 3334 2735
6178 2 2 2 2 2660 2661 2659
6179 2 2 2 2 2682 2717 2716
6180 2 2 2 2 2624 2627 2626
6181 2 2 2 2 2578 2580 2579
6182 2 2 2 2 2382 3285 2384
6183 2 2 2 2 2864 3687 3649
6184 2 2 2 2 2293 3338 60
6185 2 2 2 2 3114 3707 3115
6186 2 2 2 2 90 3469 3335
6187 2 2 2 2 2295 2313 2291
6188 2 2 2 2 2677 3643 2676
6189 2 2 2 2 2939 3408 2218
6190 2 2 2 2 2420 3291 2411
6191 2 2 2 2 2410 3290 2348
6192 2 2 2 2 152 3617 151
6193 2 2 2 2 128 3644 127
6194 2 2 2 2 3294 3409 3040
6195 2 2 2 2 2223 2226 2202
6196 2 2 2 2 2387 3614 3519
6197 2 2 2 2 2394 3286 2343
6198 2 2 2 2 3288 3379 2123
6199 2 2 2 2 2348 3290 2347
6200 2 2 2 2 2907 3383 3245
6201 2 2 2 2 100 2229 101
6202 2 2 2 2 2772 2983 2770
6203 2 2 2 2 3112 3651 3566
6204 2 2 2 2 2425 2741 2498
6205 2 2 2 2 2649 2651 2650
6206 2 2 2 2 124 3628 123
6207 2 2 2 2 2565 2567 2566
6208 2 2 2 2 2164 3216 2130
6209 2 2 2 2 2705 3430 2704
6210 2 2 2 2 2813 2814 2783
6211 2 2 2 2 2427 3434 2428
6212 2 2 2 2 2749 3524 2648
6213 2 2 2 2 103 2925 2228
6214 2 2 2 2 95 3409 96
6215 2 2 2 2 2510 3492 2695
6216 2 2 2 2 2741 2743 2742
6217 2 2 2 2 2414 3300 2224
6218 2 2 2 2 2305 2309 2304
6219 2 2 2 2 2781 3136 2779
6220 2 2 2 2 2360 3114 2227
6221 2 2 2 2 2903 3360 2177
6222 2 2 2 2 2398 3277 2509
6223 2 2 2 2 2343 3286 2402
6224 2 2 2 2 3079 3334 2734
6225 2 2 2 2 2933 3359 3238
6226 2 2 2 2 2557 3560 3248
6227 2 2 2 2 2329 2330 2328
6228 2 2 2 2 2536 3284 2537
6229 2 2 2 2 2715 3584 3078
6230 2 2 2 2 2411 3291 2480
6231 2 2 2 2 2530 2563 2475
6232 2 2 2 2 2465 2466 2320
6233 2 2 2 2 2769 2770 2768
6234 2 2 2 2 2640 2641 2639
6235 2 2 2 2 2596 2597 2594
6236 2 2 2 2 2873 3631 3516
6237 2 2 2 2 2417 2476 2418
6238 2 2 2 2 2761 3220 2732
6239 2 2 2 2 171 3425 2042
6240 2 2 2 2 2794 3500 3102
6241 2 2 2 2 153 3468 2025
6242 2 2 2 2 3078 3512 3079
6243 2 2 2 2 2747 3284 2536
6244 2 2 2 2 3385 3518 2935
6245 2 2 2 2 2784 2785 2717
6246 2 2 2 2 2763 3456 2786
6247 2 2 2 2 2458 3277 2400
6248 2 2 2 2 2263 2370 2262
6249 2 2 2 2 2376 3297 2500
6250 2 2 2 2 3248 3560 3084
6251 2 2 2 2 2563 2565 2564
6252 2 2 2 2 2691 3311 2495
6253 2 2 2 2 2590 3282 2589
6254 2 2 2 2 2262 2374 2260
6255 2 2 2 2 2771 2772 2770
6256 2 2 2 2 2185 3395 3234
6257 2 2 2 2 76 3360 2338
6258 2 2 2 2 2469 3303 2467
6259 2 2 2 2 2474 3403 2775
6260 2 2 2 2 2775 2776 2530
6261 2 2 2 2 2925 2926 2228
6262 2 2 2 2 2580 2582 2581
6263 2 2 2 2 2337 2341 2311
6264 2 2 2 2 2829 3594 3588
6265 2 2 2 2 2088 2457 2086
6266 2 2 2 2 2159 3301 2160
6267 2 2 2 2 2206 3219 2074
6268 2 2 2 2 3271 3444 2032
6269 2 2 2 2 3110 3402 2700
6270 2 2 2 2 2312 2337 2311
6271 2 2 2 2 2709 3537 3439
6272 2 2 2 2 2238 3250 2236
6273 2 2 2 2 2723 3653 3558
6274 2 2 2 2 2325 2327 2323
6275 2 2 2 2 3214 3478 2038
6276 2 2 2 2 3259 3337 2730
6277 2 2 2 2 2542 3307 3098
6278 2 2 2 2 2066 3267 2168
6279 2 2 2 2 2857 2859 2856
6280 2 2 2 2 3213 3502 2944
6281 2 2 2 2 64 3390 2287
6282 2 2 2 2 2319 3539 2980
6283 2 2 2 2 2717 3314 2716
6284 2 2 2 2 3249 3687 2966
6285 2 2 2 2 2450 3307 2542
6286 2 2 2 2 2363 3713 3090
6287 2 2 2 2 2931 3584 2902
6288 2 2 2 2 2267 2277 2265
6289 2 2 2 2 2474 2530 2475
6290 2 2 2 2 3274 3384 2034
6291 2 2 2 2 2488 2489 2486
6292 2 2 2 2 2251 2829 86
6293 2 2 2 2 2417 2418 2220
6294 2 2 2 2 2652 2906 2905
6295 2 2 2 2 2837 3314 2717
6296 2 2 2 2 3005 3429 3003
6297 2 2 2 2 2310 2311 2309
6298 2 2 2 2 3281 3695 3061
6299 2 2 2 2 2318 2531 2316
6300 2 2 2 2 2951 3059 2303
6301 2 2 2 2 2962 3414 3315
6302 2 2 2 2 2780 3354 3116
6303 2 2 2 2 2464 3295 2366
6304 2 2 2 2 2208 3300 2210
6305 2 2 2 2 2316 3412 2312
6306 2 2 2 2 2664 2787 2673
6307 2 2 2 2 2668 3298 2412
6308 2 2 2 2 2815 2884 2570
6309 2 2 2 2 3349 3498 2489
6310 2 2 2 2 3009 3647 3008
6311 2 2 2 2 2412 3298 2405
6312 2 2 2 2 2897 3572 3356
6313 2 2 2 2 2777 3159 2776
6314 2 2 2 2 3174 3611 3278
6315 2 2 2 2 2347 3290 2415
6316 2 2 2 2 2925 2928 2926
6317 2 2 2 2 2386 3308 2389
6318 2 2 2 2 2872 2874 2308
6319 2 2 2 2 3016 3625 2721
6320 2 2 2 2 3226 3285 2382
6321 2 2 2 2 3303 3433 2467
6322 2 2 2 2 2600 2601 2598
6323 2 2 2 2 80 2372 81
6324 2 2 2 2 2474 2475 2473
6325 2 2 2 2 80 2961 2372
6326 2 2 2 2 2174 3276 2189
6327 2 2 2 2 3172 3611 3174
6328 2 2 2 2 2430 3326 2438
6329 2 2 2 2 3227 3591 2313
6330 2 2 2 2 2743 2886 2742
6331 2 2 2 2 2712 3287 3276
6332 2 2 2 2 3076 3534 3077
6333 2 2 2 2 3040 3450 2861
6334 2 2 2 2 2884 3379 2885
6335 2 2 2 2 2306 2798 38
6336 2 2 2 2 3018 3023 2930
6337 2 2 2 2 2543 3291 2420
6338 2 2 2 2 2794 2795 2686
6339 2 2 2 2 2397 3286 2394
6340 2 2 2 2 2927 2969 2228
6341 2 2 2 2 2772 3150 2983
6342 2 2 2 2 3049 3547 3046
6343 2 2 2 2 2330 2473 2328
6344 2 2 2 2 2092 2417 2220
6345 2 2 2 2 2152 3309 2150
6346 2 2 2 2 3355 3356 2863
6347 2 2 2 2 2569 2815 2570
6348 2 2 2 2 91 3335 2248
6349 2 2 2 2 2919 3545 2916
6350 2 2 2 2 2569 2570 2456
6351 2 2 2 2 2942 3293 2694
6352 2 2 2 2 2405 3298 2458
6353 2 2 2 2 3536 3672 2206
6354 2 2 2 2 2240 3564 2282
6355 2 2 2 2 2664 2673 2529
6356 2 2 2 2 2384 3285 2432
6357 2 2 2 2 2944 3502 2943
6358 2 2 2 2 2618 2625 2617
6359 2 2 2 2 2204 3283 2186
6360 2 2 2 2 2789 3373 2788
6361 2 2 2 2 3349 3532 2840
6362 2 2 2 2 3204 3549 2045
6363 2 2 2 2 3027 3714 3550
6364 2 2 2 2 2178 3363 3027
6365 2 2 2 2 3126 3422 2790
6366 2 2 2 2 2389 3308 2527
6367 2 2 2 2 2760 3377 2759
6368 2 2 2 2 2521 2664 2529
6369 2 2 2 2 2694 3293 2737
6370 2 2 2 2 2445 2569 2456
6371 2 2 2 2 2940 3408 2939
6372 2 2 2 2 2556 3456 3101
6373 2 2 2 2 2470 2521 2471
6374 2 2 2 2 2589 3282 2937
6375 2 2 2 2 2375 2390 2341
6376 2 2 2 2 2445 2456 2390
6377 2 2 2 2 2665 3427 2524
6378 2 2 2 2 2741 3535 2743
6379 2 2 2 2 2741 2742 2498
6380 2 2 2 2 2134 3368 2132
6381 2 2 2 2 2971 3473 2765
6382 2 2 2 2 2468 2470 2469
6383 2 2 2 2 2642 2644 2641
6384 2 2 2 2 2885 3379 3288
6385 2 2 2 2 2582 2710 2583
6386 2 2 2 2 2461 3326 2430
6387 2 2 2 2 2224 3300 2208
6388 2 2 2 2 2199 2867 15
6389 2 2 2 2 13 2869 14
6390 2 2 2 2 3099 3493 3100
6391 2 2 2 2 2433 3311 2444
6392 2 2 2 2 2936 3609 2912
6393 2 2 2 2 3268 3405 2105
6394 2 2 2 2 3558 3625 3059
6395 2 2 2 2 16 3437 17
6396 2 2 2 2 2966 3687 2965
6397 2 2 2 2 2729 3340 2553
6398 2 2 2 2 2521 2529 2471
6399 2 2 2 2 2452 3307 2450
6400 2 2 2 2 2279 2467 2275
6401 2 2 2 2 2775 3380 2777
6402 2 2 2 2 3162 3387 3164
6403 2 2 2 2 2470 2471 2469
6404 2 2 2 2 2280 3381 2279
6405 2 2 2 2 3070 3507 3071
6406 2 2 2 2 2219 2941 2940
6407 2 2 2 2 2531 3412 2316
6408 2 2 2 2 2375 2445 2390
6409 2 2 2 2 2279 2468 2467
6410 2 2 2 2 2248 2898 92
6411 2 2 2 2 2843 2845 2184
6412 2 2 2 2 2589 2937 2687
6413 2 2 2 2 2221 3313 2421
6414 2 2 2 2 2337 2375 2341
6415 2 2 2 2 3123 3563 2198
6416 2 2 2 2 2945 3483 2882
6417 2 2 2 2 2356 2358 2332
6418 2 2 2 2 2594 3240 2593
6419 2 2 2 2 2071 3717 3506
6420 2 2 2 2 3392 3545 2919
6421 2 2 2 2 3158 3359 2528
6422 2 2 2 2 2684 3439 3261
6423 2 2 2 2 2112 3358 3158
6424 2 2 2 2 2495 3311 2433
6425 2 2 2 2 2466 2571 2320
6426 2 2 2 2 3235 3606 3031
6427 2 2 2 2 2852 3582 2909
6428 2 2 2 2 2313 3480 3227
6429 2 2 2 2 2662 2663 2661
6430 2 2 2 2 2894 3646 3394
6431 2 2 2 2 2432 3308 2386
6432 2 2 2 2 2493 2672 2491
6433 2 2 2 2 2996 3332 2993
6434 2 2 2 2 3247 3535 2487
6435 2 2 2 2 2923 3577 3347
6436 2 2 2 2 2881 3635 2974
6437 2 2 2 2 3391 3513 2287
6438 2 2 2 2 3321 3533 3322
6439 2 2 2 2 2761 3221 3220
6440 2 2 2 2 2525 3353 2423
6441 2 2 2 2 3134 3536 2206
6442 2 2 2 2 2468 2469 2467
6443 2 2 2 2 2520 3419 2715
6444 2 2 2 2 2298 2847 51
6445 2 2 2 2 2959 3629 3215
6446 2 2 2 2 3468 3638 2025
6447 2 2 2 2 2785 3327 2837
6448 2 2 2 2 3171 3526 3176
6449 2 2 2 2 2146 3328 3222
6450 2 2 2 2 2460 3560 2440
6451 2 2 2 2 2487 3388 2484
6452 2 2 2 2 2514 3461 2713
6453 2 2 2 2 3272 3375 3270
6454 2 2 2 2 2908 3185 3184
6455 2 2 2 2 2749 3593 3062
6456 2 2 2 2 2132 3368 2164
6457 2 2 2 2 2879 2882 2881
6458 2 2 2 2 2926 2927 2228
6459 2 2 2 2 2285 3313 2211
6460 2 2 2 2 2682 3297 2784
6461 2 2 2 2 2311 3348 2309
6462 2 2 2 2 2148 3328 2146
6463 2 2 2 2 3085 3621 3087
6464 2 2 2 2 2730 3337 2728
6465 2 2 2 2 2167 3395 2185
6466 2 2 2 2 2622 2623 2620
6467 2 2 2 2 2273 2278 2271
6468 2 2 2 2 2118 3343 2116
6469 2 2 2 2 2435 3376 2226
6470 2 2 2 2 2252 3669 3323
6471 2 2 2 2 2177 3360 75
6472 2 2 2 2 2140 3324 2138
6473 2 2 2 2 2425 2498 2361
6474 2 2 2 2 3254 3467 3278
6475 2 2 2 2 2181 3395 2167
6476 2 2 2 2 3209 3411 3210
6477 2 2 2 2 2410 3479 3290
6478 2 2 2 2 2427 3699 3179
6479 2 2 2 2 3353 3552 3523
6480 2 2 2 2 3308 3679 2527
6481 2 2 2 2 127 3387 126
6482 2 2 2 2 2248 2900 2899
6483 2 2 2 2 81 3669 82
6484 2 2 2 2 2791 3316 2585
6485 2 2 2 2 2211 3313 2221
6486 2 2 2 2 2544 2584 2501
6487 2 2 2 2 2161 3339 2156
6488 2 2 2 2 89 3469 90
6489 2 2 2 2 2523 3427 2740
6490 2 2 2 2 2330 2474 2473
6491 2 2 2 2 2078 3511 3134
6492 2 2 2 2 2633 2643 2631
6493 2 2 2 2 2426 3388 2425
6494 2 2 2 2 2150 3309 2157
6495 2 2 2 2 2500 3297 2682
6496 2 2 2 2 2438 3326 2459
6497 2 2 2 2 2345 3474 2946
6498 2 2 2 2 3295 3471 2851
6499 2 2 2 2 3218 3694 3031
6500 2 2 2 2 2048 3428 3293
6501 2 2 2 2 2602 2607 2601
6502 2 2 2 2 150 3512 2036
6503 2 2 2 2 2038 3465 155
6504 2 2 2 2 2985 3589 2205
6505 2 2 2 2 2101 3342 2099
6506 2 2 2 2 3286 3492 2402
6507 2 2 2 2 2758 3410 2760
6508 2 2 2 2 3038 3686 3515
6509 2 2 2 2 2512 3607 3302
6510 2 2 2 2 2097 3346 2095
6511 2 2 2 2 2606 2615 2604
6512 2 2 2 2 2527 3461 2441
6513 2 2 2 2 2156 3339 2154
6514 2 2 2 2 2567 3383 2907
6515 2 2 2 2 3140 3440 2391
6516 2 2 2 2 2607 2975 2601
6517 2 2 2 2 2157 3328 2148
6518 2 2 2 2 3242 3659 3148
6519 2 2 2 2 2306 3152 3151
6520 2 2 2 2 2807 3470 3246
6521 2 2 2 2 2308 3329 34
6522 2 2 2 2 34 3329 35
6523 2 2 2 2 3304 3702 2670
6524 2 2 2 2 2373 3407 48
6525 2 2 2 2 2740 3427 3198
6526 2 2 2 2 2477 3316 2479
6527 2 2 2 2 2290 3381 2280
6528 2 2 2 2 2999 3670 3332
6529 2 2 2 2 2932 3453 2854
6530 2 2 2 2 2982 3504 3024
6531 2 2 2 2 2902 3584 3419
6532 2 2 2 2 2138 3324 2144
6533 2 2 2 2 61 3338 2842
6534 2 2 2 2 2652 2904 2650
6535 2 2 2 2 3439 3537 2968
6536 2 2 2 2 3219 3672 2987
6537 2 2 2 2 2598 3401 2597
6538 2 2 2 2 2346 2945 2879
6539 2 2 2 2 2304 2314 2301
6540 2 2 2 2 2624 2626 2623
6541 2 2 2 2 3574 3654 2809
6542 2 2 2 2 2558 3559 2559
6543 2 2 2 2 3128 3332 2996
6544 2 2 2 2 3610 3667 2738
6545 2 2 2 2 3332 3670 2991
6546 2 2 2 2 2827 3118 2982
6547 2 2 2 2 2611 2616 2609
6548 2 2 2 2 2987 3672 2986
6549 2 2 2 2 2958 3462 2292
6550 2 2 2 2 2251 2832 2830
6551 2 2 2 2 2122 3344 2120
6552 2 2 2 2 2282 3250 2238
6553 2 2 2 2 2346 3501 2945
6554 2 2 2 2 2093 3366 2092
6555 2 2 2 2 2108 3366 2093
6556 2 2 2 2 2522 3429 2521
6557 2 2 2 2 2649 2650 2647
6558 2 2 2 2 2589 2687 2550
6559 2 2 2 2 2585 3316 2477
6560 2 2 2 2 2534 3309 2152
6561 2 2 2 2 2199 3195 2867
6562 2 2 2 2 2283 3454 2404
6563 2 2 2 2 3177 3526 3169
6564 2 2 2 2 2210 3661 2190
6565 2 2 2 2 2403 3578 2342
6566 2 2 2 2 32 3289 2871
6567 2 2 2 2 3324 3325 2144
6568 2 2 2 2 2507 3340 2525
6569 2 2 2 2 2027 3509 3279
6570 2 2 2 2 2114 3358 2112
6571 2 2 2 2 2479 3316 2678
6572 2 2 2 2 2629 2630 2627
6573 2 2 2 2 2116 3343 2126
6574 2 2 2 2 2820 2967 2584
6575 2 2 2 2 3440 3673 2850
6576 2 2 2 2 3263 3586 2231
6577 2 2 2 2 3336 3594 3554
6578 2 2 2 2 2643 3692 3185
6579 2 2 2 2 2559 3559 3143
6580 2 2 2 2 2425 3388 2741
6581 2 2 2 2 2810 3508 3369
6582 2 2 2 2 3290 3479 2746
6583 2 2 2 2 2597 3240 2594
6584 2 2 2 2 2725 3419 2520
6585 2 2 2 2 2371 3645 3414
6586 2 2 2 2 2779 3351 2771
6587 2 2 2 2 3231 3654 2576
6588 2 2 2 2 2105 3405 2103
6589 2 2 2 2 2819 2820 2584
6590 2 2 2 2 2574 2575 2573
6591 2 2 2 2 2783 3365 2781
6592 2 2 2 2 2728 3337 2865
6593 2 2 2 2 2439 3622 2562
6594 2 2 2 2 2524 3427 2523
6595 2 2 2 2 2435 3523 3302
6596 2 2 2 2 2144 3451 2136
6597 2 2 2 2 2777 3355 3159
6598 2 2 2 2 2593 3282 2590
6599 2 2 2 2 2103 3405 2107
6600 2 2 2 2 2637 2748 2635
6601 2 2 2 2 2136 3451 2134
6602 2 2 2 2 2128 3344 2122
6603 2 2 2 2 2966 3509 3249
6604 2 2 2 2 2107 3342 2101
6605 2 2 2 2 2799 3504 3503
6606 2 2 2 2 2766 3430 2705
6607 2 2 2 2 3306 3559 2759
6608 2 2 2 2 3208 3463 3212
6609 2 2 2 2 2464 3471 3295
6610 2 2 2 2 2031 3531 3206
6611 2 2 2 2 2771 3351 2772
6612 2 2 2 2 3104 3552 3105
6613 2 2 2 2 2737 3428 2931
6614 2 2 2 2 2577 2883 2718
6615 2 2 2 2 2573 3539 2571
6616 2 2 2 2 3358 3359 3158
6617 2 2 2 2 2180 3499 3220
6618 2 2 2 2 2254 3352 2247
6619 2 2 2 2 2971 3382 3374
6620 2 2 2 2 2336 3353 2435
6621 2 2 2 2 3109 3640 3592
6622 2 2 2 2 2948 3054 2949
6623 2 2 2 2 2025 3617 152
6624 2 2 2 2 2247 3352 2442
6625 2 2 2 2 2563 3370 3080
6626 2 2 2 2 2428 3434 2461
6627 2 2 2 2 2486 2487 2484
6628 2 2 2 2 2154 3339 2534
6629 2 2 2 2 2424 3417 3416
6630 2 2 2 2 2982 3024 3006
6631 2 2 2 2 2504 3440 2850
6632 2 2 2 2 3095 3569 2929
6633 2 2 2 2 2184 3390 63
6634 2 2 2 2 2095 3346 2108
6635 2 2 2 2 2807 3020 2804
6636 2 2 2 2 3120 3631 2979
6637 2 2 2 2 2297 3357 2295
6638 2 2 2 2 2572 2573 2571
6639 2 2 2 2 3309 3333 2157
6640 2 2 2 2 25 3517 26
6641 2 2 2 2 2858 2861 2860
6642 2 2 2 2 3057 3684 2595
6643 2 2 2 2 2617 2938 2613
6644 2 2 2 2 2577 2578 2575
6645 2 2 2 2 2263 3364 2370
6646 2 2 2 2 2173 3367 2142
6647 2 2 2 2 3317 3704 2183
6648 2 2 2 2 2306 3151 2798
6649 2 2 2 2 3134 3511 3035
6650 2 2 2 2 77 3362 78
6651 2 2 2 2 2911 3492 3286
6652 2 2 2 2 3186 3599 2540
6653 2 2 2 2 2644 2699 2641
6654 2 2 2 2 2553 3340 2507
6655 2 2 2 2 123 3628 2031
6656 2 2 2 2 2126 3358 2114
6657 2 2 2 2 2346 2878 73
6658 2 2 2 2 3293 3428 2737
6659 2 2 2 2 2024 3644 128
6660 2 2 2 2 2548 3099 2545
6661 2 2 2 2 3252 3435 2669
6662 2 2 2 2 2842 2844 2843
6663 2 2 2 2 2897 3452 2498
6664 2 2 2 2 3566 3651 2175
6665 2 2 2 2 2497 3337 3259
6666 2 2 2 2 2142 3367 2140
6667 2 2 2 2 2854 3453 2855
6668 2 2 2 2 3424 3634 2895
6669 2 2 2 2 2899 2901 2898
6670 2 2 2 2 2265 3364 2263
6671 2 2 2 2 3384 3518 3385
6672 2 2 2 2 2644 2797 2699
6673 2 2 2 2 2929 2930 2927
6674 2 2 2 2 2571 3517 2320
6675 2 2 2 2 2645 3436 2644
6676 2 2 2 2 2245 3350 2243
6677 2 2 2 2 2683 3648 2809
6678 2 2 2 2 2042 3649 3249
6679 2 2 2 2 2441 3461 2514
6680 2 2 2 2 2489 3532 3349
6681 2 2 2 2 2436 3343 2118
6682 2 2 2 2 3198 3603 3197
6683 2 2 2 2 3234 3395 3191
6684 2 2 2 2 2423 3353 2336
6685 2 2 2 2 2466 2576 2572
6686 2 2 2 2 2607 3394 2975
6687 2 2 2 2 2840 3581 2838
6688 2 2 2 2 3516 3631 3072
6689 2 2 2 2 2791 3542 3316
6690 2 2 2 2 2651 2652 2650
6691 2 2 2 2 2845 3390 2184
6692 2 2 2 2 2163 3555 2087
6693 2 2 2 2 2983 3432 2770
6694 2 2 2 2 2816 3595 2815
6695 2 2 2 2 2618 3398 2625
6696 2 2 2 2 3215 3629 162
6697 2 2 2 2 3101 3481 2448
6698 2 2 2 2 3041 3710 2997
6699 2 2 2 2 2099 3342 2443
6700 2 2 2 2 2601 3401 2598
6701 2 2 2 2 2855 3478 2944
6702 2 2 2 2 2279 3381 2468
6703 2 2 2 2 2281 3352 2254
6704 2 2 2 2 3316 3542 2678
6705 2 2 2 2 2102 3632 2104
6706 2 2 2 2 78 3362 2178
6707 2 2 2 2 2906 3157 2905
6708 2 2 2 2 3211 3679 3213
6709 2 2 2 2 3241 3717 2071
6710 2 2 2 2 3256 3428 2048
6711 2 2 2 2 2797 3477 3460
6712 2 2 2 2 2292 2948 57
6713 2 2 2 2 2877 3489 2298
6714 2 2 2 2 3612 3618 3174
6715 2 2 2 2 2442 3350 2245
6716 2 2 2 2 3312 3595 2816
6717 2 2 2 2 2443 3346 2097
6718 2 2 2 2 2521 3429 2664
6719 2 2 2 2 3284 3538 2537
6720 2 2 2 2 2084 3511 2081
6721 2 2 2 2 2922 3333 3296
6722 2 2 2 2 2341 3348 2311
6723 2 2 2 2 2220 3397 2090
6724 2 2 2 2 2258 3374 2256
6725 2 2 2 2 2202 3376 2200
6726 2 2 2 2 3018 3510 3023
6727 2 2 2 2 2081 3511 2078
6728 2 2 2 2 2830 2831 2829
6729 2 2 2 2 2626 2875 2623
6730 2 2 2 2 2120 3344 2436
6731 2 2 2 2 3416 3417 3415
6732 2 2 2 2 2745 3244 2910
6733 2 2 2 2 3265 3619 3266
6734 2 2 2 2 2516 3701 2800
6735 2 2 2 2 3444 3712 3203
6736 2 2 2 2 2662 3319 2663
6737 2 2 2 2 2332 3403 2330
6738 2 2 2 2 2844 3252 2846
6739 2 2 2 2 2092 3366 2417
6740 2 2 2 2 3153 3580 2333
6741 2 2 2 2 2807 3246 3020
6742 2 2 2 2 2657 2670 2654
6743 2 2 2 2 2663 2745 2738
6744 2 2 2 2 2488 3389 2489
6745 2 2 2 2 3619 3628 3266
6746 2 2 2 2 2607 3424 3394
6747 2 2 2 2 2230 2858 2857
6748 2 2 2 2 2323 3386 2318
6749 2 2 2 2 3374 3400 2971
6750 2 2 2 2 3080 3383 2565
6751 2 2 2 2 2709 3439 2684
6752 2 2 2 2 2735 3582 3471
6753 2 2 2 2 56 2958 2292
6754 2 2 2 2 7 2407 8
6755 2 2 2 2 3223 3509 2027
6756 2 2 2 2 3088 3520 2282
6757 2 2 2 2 2299 3605 3583
6758 2 2 2 2 3453 3478 2855
6759 2 2 2 2 2555 3471 2464
6760 2 2 2 2 2627 3315 2626
6761 2 2 2 2 2134 3451 3368
6762 2 2 2 2 3201 3538 3284
6763 2 2 2 2 2219 3437 2941
6764 2 2 2 2 2226 3376 2202
6765 2 2 2 2 2256 3374 2281
6766 2 2 2 2 3168 3681 3167
6767 2 2 2 2 2862 3623 2863
6768 2 2 2 2 2525 3552 3353
6769 2 2 2 2 3184 3713 2363
6770 2 2 2 2 3423 3424 2607
6771 2 2 2 2 49 3407 2877
6772 2 2 2 2 2299 3455 54
6773 2 2 2 2 2799 3505 3504
6774 2 2 2 2 2530 3370 2563
6775 2 2 2 2 2358 3403 2332
6776 2 2 2 2 2814 3365 2783
6777 2 2 2 2 2652 2905 2904
6778 2 2 2 2 2215 3454 2283
6779 2 2 2 2 2312 3412 2337
6780 2 2 2 2 3136 3351 2779
6781 2 2 2 2 2513 3613 2408
6782 2 2 2 2 2480 3479 2410
6783 2 2 2 2 2900 3371 2899
6784 2 2 2 2 2907 3716 3299
6785 2 2 2 2 2711 3192 2710
6786 2 2 2 2 2871 2873 2872
6787 2 2 2 2 3046 3547 3183
6788 2 2 2 2 2917 3636 2920
6789 2 2 2 2 3081 3123 2198
6790 2 2 2 2 2374 3400 2260
6791 2 2 2 2 3246 3464 2821
6792 2 2 2 2 3333 3347 2157
6793 2 2 2 2 2157 3347 3328
6794 2 2 2 2 3010 3620 2984
6795 2 2 2 2 3305 3667 3610
6796 2 2 2 2 2599 3576 3091
6797 2 2 2 2 2903 3361 3360
6798 2 2 2 2 3275 3518 3274
6799 2 2 2 2 2781 3365 3136
6800 2 2 2 2 2391 3440 2504
6801 2 2 2 2 2888 3676 2889
6802 2 2 2 2 3130 3590 2743
6803 2 2 2 2 2565 3383 2567
6804 2 2 2 2 3678 3693 2893
6805 2 2 2 2 84 3533 3321
6806 2 2 2 2 2295 3357 2313
6807 2 2 2 2 3483 3585 2920
6808 2 2 2 2 2915 3700 3401
6809 2 2 2 2 3479 3718 2773
6810 2 2 2 2 2233 3624 2213
6811 2 2 2 2 2820 3580 3153
6812 2 2 2 2 3155 3624 3578
6813 2 2 2 2 2926 2929 2927
6814 2 2 2 2 2346 2879 2878
6815 2 2 2 2 2927 3021 2969
6816 2 2 2 2 2090 3397 2088
6817 2 2 2 2 2328 3396 2325
6818 2 2 2 2 2869 2870 2199
6819 2 2 2 2 3007 3506 3037
6820 2 2 2 2 2047 3604 3272
6821 2 2 2 2 2349 3699 2427
6822 2 2 2 2 3321 3322 2832
6823 2 2 2 2 3300 3488 2210
6824 2 2 2 2 2826 3490 3489
6825 2 2 2 2 2491 3389 2488
6826 2 2 2 2 3344 3606 3235
6827 2 2 2 2 3019 3671 3666
6828 2 2 2 2 2776 3370 2530
6829 2 2 2 2 2980 3345 3120
6830 2 2 2 2 130 3660 3176
6831 2 2 2 2 2402 3492 2510
6832 2 2 2 2 26 3517 2952
6833 2 2 2 2 2820 3466 2967
6834 2 2 2 2 2796 3499 3181
6835 2 2 2 2 2582 2711 2710
6836 2 2 2 2 3424 3693 3394
6837 2 2 2 2 2556 3659 3456
6838 2 2 2 2 3133 3640 3109
6839 2 2 2 2 2768 3431 2766
6840 2 2 2 2 3374 3382 2281
6841 2 2 2 2 2831 3594 2829
6842 2 2 2 2 2260 3400 2258
6843 2 2 2 2 2277 3364 2265
6844 2 2 2 2 2577 3413 2883
6845 2 2 2 2 2269 3404 2267
6846 2 2 2 2 2743 3590 2886
6847 2 2 2 2 3391 3514 3513
6848 2 2 2 2 2832 2833 2830
6849 2 2 2 2 2645 3472 3436
6850 2 2 2 2 3148 3659 3259
6851 2 2 2 2 2318 3386 2531
6852 2 2 2 2 2306 3262 3152
6853 2 2 2 2 2745 2910 2738
6854 2 2 2 2 2950 3643 2677
6855 2 2 2 2 3549 3650 2045
6856 2 2 2 2 3362 3363 2178
6857 2 2 2 2 3160 3715 2037
6858 2 2 2 2 2327 3386 2323
6859 2 2 2 2 3341 3705 2833
6860 2 2 2 2 2980 3539 3345
6861 2 2 2 2 2140 3367 3324
6862 2 2 2 2 3335 3336 2900
6863 2 2 2 2 3094 3095 2928
6864 2 2 2 2 2822 2824 2823
6865 2 2 2 2 3492 3609 2695
6866 2 2 2 2 2575 3345 2573
6867 2 2 2 2 2711 3448 3192
6868 2 2 2 2 3152 3500 2794
6869 2 2 2 2 2620 3398 2618
6870 2 2 2 2 55 3455 2958
6871 2 2 2 2 3244 3418 2910
6872 2 2 2 2 2445 3521 2569
6873 2 2 2 2 2861 2953 2860
6874 2 2 2 2 3040 3633 3450
6875 2 2 2 2 2824 3464 3246
6876 2 2 2 2 3392 3393 2680
6877 2 2 2 2 3373 3519 2788
6878 2 2 2 2 19 2939 20
6879 2 2 2 2 2663 2738 2661
6880 2 2 2 2 2313 3591 2291
6881 2 2 2 2 3176 3660 3175
6882 2 2 2 2 3266 3715 2726
6883 2 2 2 2 2711 3556 3417
6884 2 2 2 2 2848 3616 3551
6885 2 2 2 2 2710 3485 3025
6886 2 2 2 2 2946 3483 2945
6887 2 2 2 2 2964 3652 3548
6888 2 2 2 2 3252 3253 2846
6889 2 2 2 2 2970 3470 2807
6890 2 2 2 2 2930 3023 3022
6891 2 2 2 2 5 2205 6
6892 2 2 2 2 3341 3602 2608
6893 2 2 2 2 2473 3396 2328
6894 2 2 2 2 2577 2718 2578
6895 2 2 2 2 3079 3617 3334
6896 2 2 2 2 2750 3561 3146
6897 2 2 2 2 2975 3401 2601
6898 2 2 2 2 3328 3577 3222
6899 2 2 2 2 2249 3633 3409
6900 2 2 2 2 2602 3423 2607
6901 2 2 2 2 2574 2577 2575
6902 2 2 2 2 2961 3550 2372
6903 2 2 2 2 3410 3612 2760
6904 2 2 2 2 27 2952 2319
6905 2 2 2 2 2828 2876 2656
6906 2 2 2 2 2770 3432 2768
6907 2 2 2 2 3302 3607 3376
6908 2 2 2 2 2440 3560 2557
6909 2 2 2 2 3001 3458 3348
6910 2 2 2 2 2144 3568 3451
6911 2 2 2 2 2972 3575 2812
6912 2 2 2 2 2604 3423 2602
6913 2 2 2 2 2889 3639 3298
6914 2 2 2 2 2307 3118 41
6915 2 2 2 2 2035 3611 3175
6916 2 2 2 2 3331 3697 2472
6917 2 2 2 2 2330 3403 2474
6918 2 2 2 2 3169 3526 3171
6919 2 2 2 2 2325 3396 2327
6920 2 2 2 2 2088 3397 2457
6921 2 2 2 2 3206 3603 2047
6922 2 2 2 2 2842 3338 2844
6923 2 2 2 2 3355 3623 2518
6924 2 2 2 2 3579 3633 2249
6925 2 2 2 2 2218 3231 3230
6926 2 2 2 2 162 3629 161
6927 2 2 2 2 2457 3719 2086
6928 2 2 2 2 2230 2857 2856
6929 2 2 2 2 3203 3712 3538
6930 2 2 2 2 3072 3631 3120
6931 2 2 2 2 2817 3527 3182
6932 2 2 2 2 3218 3606 2128
6933 2 2 2 2 2929 3018 2930
6934 2 2 2 2 2835 3651 3112
6935 2 2 2 2 42 3118 2827
6936 2 2 2 2 2844 2846 2843
6937 2 2 2 2 2858 2860 2857
6938 2 2 2 2 2446 3640 3133
6939 2 2 2 2 2466 2572 2571
6940 2 2 2 2 69 3474 70
6941 2 2 2 2 2933 3695 3359
6942 2 2 2 2 2630 3315 2627
6943 2 2 2 2 2833 3602 3341
6944 2 2 2 2 2574 3413 2577
6945 2 2 2 2 3278 3612 3174
6946 2 2 2 2 3125 3263 2231
6947 2 2 2 2 2468 3598 2470
6948 2 2 2 2 2845 3393 3392
6949 2 2 2 2 2788 3519 2791
6950 2 2 2 2 2031 3619 3531
6951 2 2 2 2 2889 3676 3384
6952 2 2 2 2 2760 3467 3377
6953 2 2 2 2 2845 3392 3391
6954 2 2 2 2 2176 3474 69
6955 2 2 2 2 2572 2574 2573
6956 2 2 2 2 99 3180 100
6957 2 2 2 2 2824 3470 2823
6958 2 2 2 2 2267 3404 2277
6959 2 2 2 2 2865 3497 2729
6960 2 2 2 2 2766 3431 3430
6961 2 2 2 2 3249 3509 3223
6962 2 2 2 2 3197 3531 3199
6963 2 2 2 2 2275 3433 2273
6964 2 2 2 2 2904 3472 2650
6965 2 2 2 2 2957 3717 3147
6966 2 2 2 2 2672 3389 2491
6967 2 2 2 2 3544 3639 3385
6968 2 2 2 2 2631 3522 2630
6969 2 2 2 2 3147 3717 3241
6970 2 2 2 2 2886 3572 2742
6971 2 2 2 2 131 3660 130
6972 2 2 2 2 2934 3549 2936
6973 2 2 2 2 2195 3607 2512
6974 2 2 2 2 2487 3535 3388
6975 2 2 2 2 2466 3630 2576
6976 2 2 2 2 2467 3433 2275
6977 2 2 2 2 3347 3577 3328
6978 2 2 2 2 3584 3600 3078
6979 2 2 2 2 3531 3619 3199
6980 2 2 2 2 2643 3522 2631
6981 2 2 2 2 2537 3538 3229
6982 2 2 2 2 3240 3656 2976
6983 2 2 2 2 2872 3280 2874
6984 2 2 2 2 3205 3662 2028
6985 2 2 2 2 2446 3521 2445
6986 2 2 2 2 2641 3482 2639
6987 2 2 2 2 2932 3465 3453
6988 2 2 2 2 3334 3617 2025
6989 2 2 2 2 2920 3636 3484
6990 2 2 2 2 2982 3006 2828
6991 2 2 2 2 3143 3662 3239
6992 2 2 2 2 40 3503 2307
6993 2 2 2 2 2361 3452 2356
6994 2 2 2 2 2869 3269 2870
6995 2 2 2 2 2613 3443 2611
6996 2 2 2 2 2815 3530 2884
6997 2 2 2 2 2986 3672 3536
6998 2 2 2 2 3377 3467 2043
6999 2 2 2 2 3575 3697 2813
7000 2 2 2 2 83 3533 84
7001 2 2 2 2 2243 3564 2240
7002 2 2 2 2 2635 3459 2633
7003 2 2 2 2 2759 3559 2558
7004 2 2 2 2 2967 3445 2584
7005 2 2 2 2 2678 3542 3050
7006 2 2 2 2 3385 3639 2889
7007 2 2 2 2 2251 2830 2829
7008 2 2 2 2 3283 3525 2560
7009 2 2 2 2 3382 3540 2281
7010 2 2 2 2 2370 3541 2262
7011 2 2 2 2 3450 3576 2861
7012 2 2 2 2 20 2939 2218
7013 2 2 2 2 2301 3449 2297
7014 2 2 2 2 2609 3475 2606
7015 2 2 2 2 3159 3548 2776
7016 2 2 2 2 3274 3518 3384
7017 2 2 2 2 2262 3541 2374
7018 2 2 2 2 3528 3706 2373
7019 2 2 2 2 2881 3657 2880
7020 2 2 2 2 2501 3445 2493
7021 2 2 2 2 2258 3400 3374
7022 2 2 2 2 2647 3472 2645
7023 2 2 2 2 3185 3692 3184
7024 2 2 2 2 2768 3432 3431
7025 2 2 2 2 2273 3433 2278
7026 2 2 2 2 3421 3495 2887
7027 2 2 2 2 2921 3674 2923
7028 2 2 2 2 2528 3695 3281
7029 2 2 2 2 72 3501 2346
7030 2 2 2 2 2787 3671 2673
7031 2 2 2 2 6 3330 7
7032 2 2 2 2 2870 3195 2199
7033 2 2 2 2 3222 3577 2712
7034 2 2 2 2 2871 3289 2873
7035 2 2 2 2 2038 3478 3453
7036 2 2 2 2 3372 3715 3266
7037 2 2 2 2 2181 3661 3395
7038 2 2 2 2 2991 3670 2989
7039 2 2 2 2 3317 3666 2787
7040 2 2 2 2 2356 3452 2358
7041 2 2 2 2 2359 2947 67
7042 2 2 2 2 2615 3423 2604
7043 2 2 2 2 2498 3452 2361
7044 2 2 2 2 2084 3719 3511
7045 2 2 2 2 71 3501 72
7046 2 2 2 2 2215 3624 3454
7047 2 2 2 2 2941 3292 2940
7048 2 2 2 2 3054 3435 2949
7049 2 2 2 2 2644 3436 2797
7050 2 2 2 2 3336 3554 3442
7051 2 2 2 2 2836 3651 2835
7052 2 2 2 2 2947 3546 3420
7053 2 2 2 2 3608 3706 3528
7054 2 2 2 2 2560 3627 3367
7055 2 2 2 2 2278 3491 2271
7056 2 2 2 2 2217 3664 3130
7057 2 2 2 2 3471 3582 2851
7058 2 2 2 2 2651 3476 2652
7059 2 2 2 2 2493 3445 2672
7060 2 2 2 2 2623 3398 2620
7061 2 2 2 2 2817 3586 3527
7062 2 2 2 2 2248 2899 2898
7063 2 2 2 2 2851 3582 2852
7064 2 2 2 2 2798 3685 2799
7065 2 2 2 2 2633 3459 2643
7066 2 2 2 2 3352 3621 2442
7067 2 2 2 2 2863 3623 3355
7068 2 2 2 2 3597 3615 2351
7069 2 2 2 2 2654 3476 2651
7070 2 2 2 2 3455 3583 2924
7071 2 2 2 2 3393 3441 2680
7072 2 2 2 2 2298 3062 2847
7073 2 2 2 2 2218 3230 21
7074 2 2 2 2 3409 3633 3040
7075 2 2 2 2 2291 3591 2290
7076 2 2 2 2 2342 3578 2233
7077 2 2 2 2 3336 3442 2900
7078 2 2 2 2 3348 3689 2309
7079 2 2 2 2 3009 3586 3263
7080 2 2 2 2 2550 3493 2548
7081 2 2 2 2 2271 3491 2269
7082 2 2 2 2 3558 3653 2722
7083 2 2 2 2 3360 3361 2338
7084 2 2 2 2 3530 3595 2133
7085 2 2 2 2 2845 3391 3390
7086 2 2 2 2 2578 3415 2580
7087 2 2 2 2 2800 3701 3413
7088 2 2 2 2 2314 3449 2301
7089 2 2 2 2 2899 3446 2901
7090 2 2 2 2 2616 3475 2609
7091 2 2 2 2 2540 3599 3243
7092 2 2 2 2 3350 3564 2243
7093 2 2 2 2 3175 3611 3172
7094 2 2 2 2 3031 3663 3030
7095 2 2 2 2 2919 3546 3514
7096 2 2 2 2 3388 3535 2741
7097 2 2 2 2 2892 3675 3091
7098 2 2 2 2 3354 3587 2370
7099 2 2 2 2 2611 3443 2616
7100 2 2 2 2 2699 3482 2641
7101 2 2 2 2 3192 3485 2710
7102 2 2 2 2 3239 3662 3205
7103 2 2 2 2 2911 3609 3492
7104 2 2 2 2 2938 3443 2613
7105 2 2 2 2 3368 3534 2164
7106 2 2 2 2 3368 3451 3077
7107 2 2 2 2 3538 3712 3229
7108 2 2 2 2 2574 3573 3413
7109 2 2 2 2 2718 3416 3415
7110 2 2 2 2 2584 3445 2501
7111 2 2 2 2 2639 3487 2637
7112 2 2 2 2 2606 3475 2615
7113 2 2 2 2 3112 3566 2814
7114 2 2 2 2 2037 3715 3372
7115 2 2 2 2 2297 3449 3357
7116 2 2 2 2 3077 3534 3368
7117 2 2 2 2 3277 3544 2913
7118 2 2 2 2 2667 3626 2666
7119 2 2 2 2 2894 3693 3678
7120 2 2 2 2 2792 3524 3490
7121 2 2 2 2 2687 3493 2550
7122 2 2 2 2 2461 3618 3410
7123 2 2 2 2 3505 3685 2793
7124 2 2 2 2 2809 3648 3574
7125 2 2 2 2 2218 3408 3231
7126 2 2 2 2 2937 3615 3597
7127 2 2 2 2 2031 3628 3619
7128 2 2 2 2 2875 3398 2623
7129 2 2 2 2 3359 3695 2528
7130 2 2 2 2 3390 3391 2287
7131 2 2 2 2 3376 3607 2200
7132 2 2 2 2 106 2232 107
7133 2 2 2 2 2742 3572 2897
7134 2 2 2 2 3450 3633 2901
7135 2 2 2 2 2912 3609 2911
7136 2 2 2 2 3551 3698 3323
7137 2 2 2 2 3325 3568 2144
7138 2 2 2 2 2748 3459 2635
7139 2 2 2 2 2576 3574 3573
7140 2 2 2 2 2319 2978 28
7141 2 2 2 2 3476 3702 2906
7142 2 2 2 2 3236 3640 2446
7143 2 2 2 2 3503 3504 2307
7144 2 2 2 2 2757 3570 3251
7145 2 2 2 2 2799 3685 3505
7146 2 2 2 2 2920 3484 3483
7147 2 2 2 2 3417 3556 3415
7148 2 2 2 2 3486 3698 2688
7149 2 2 2 2 3554 3594 2831
7150 2 2 2 2 2281 3540 3352
7151 2 2 2 2 3278 3611 2035
7152 2 2 2 2 3483 3484 2882
7153 2 2 2 2 2857 3529 2859
7154 2 2 2 2 2458 3544 3277
7155 2 2 2 2 2934 3650 3549
7156 2 2 2 2 2489 3498 2486
7157 2 2 2 2 2900 3442 3371
7158 2 2 2 2 3419 3584 2715
7159 2 2 2 2 3540 3621 3352
7160 2 2 2 2 3451 3568 3077
7161 2 2 2 2 3431 3432 2163
7162 2 2 2 2 3124 3649 3425
7163 2 2 2 2 3243 3599 3047
7164 2 2 2 2 3395 3661 3191
7165 2 2 2 2 2650 3472 2647
7166 2 2 2 2 2811 3537 2973
7167 2 2 2 2 3434 3618 2461
7168 2 2 2 2 3458 3710 3041
7169 2 2 2 2 2819 3580 2820
7170 2 2 2 2 2370 3587 3541
7171 2 2 2 2 3322 3486 2832
7172 2 2 2 2 2722 3625 3558
7173 2 2 2 2 2213 3624 2215
7174 2 2 2 2 3453 3465 2038
7175 2 2 2 2 12 3447 13
7176 2 2 2 2 3269 3447 2207
7177 2 2 2 2 2282 3520 3250
7178 2 2 2 2 3231 3630 3230
7179 2 2 2 2 2200 3607 2195
7180 2 2 2 2 2850 3673 2966
7181 2 2 2 2 2738 3667 2661
7182 2 2 2 2 100 3180 2229
7183 2 2 2 2 3314 3707 2360
7184 2 2 2 2 2548 3493 3099
7185 2 2 2 2 3371 3446 2899
7186 2 2 2 2 2637 3487 2748
7187 2 2 2 2 2776 3548 3370
7188 2 2 2 2 11 2207 12
7189 2 2 2 2 2891 3690 2890
7190 2 2 2 2 3681 3699 2421
7191 2 2 2 2 2718 3415 2578
7192 2 2 2 2 65 3513 66
7193 2 2 2 2 3199 3619 3265
7194 2 2 2 2 3412 3592 3236
7195 2 2 2 2 3394 3693 2894
7196 2 2 2 2 2935 3650 2934
7197 2 2 2 2 3324 3627 3325
7198 2 2 2 2 2864 3649 3124
7199 2 2 2 2 3062 3593 2847
7200 2 2 2 2 2458 3639 3544
7201 2 2 2 2 2883 3508 2718
7202 2 2 2 2 2486 3498 2487
7203 2 2 2 2 2688 3698 3551
7204 2 2 2 2 2869 3447 3269
7205 2 2 2 2 3506 3717 2957
7206 2 2 2 2 3527 3586 3009
7207 2 2 2 2 2304 3689 2314
7208 2 2 2 2 2190 3661 2181
7209 2 2 2 2 2670 3476 2654
7210 2 2 2 2 3091 3675 2599
7211 2 2 2 2 3592 3640 3236
7212 2 2 2 2 3420 3546 2918
7213 2 2 2 2 3363 3601 3027
7214 2 2 2 2 35 2331 36
7215 2 2 2 2 3345 3539 2573
7216 2 2 2 2 2787 3704 3317
7217 2 2 2 2 2331 3496 3262
7218 2 2 2 2 3530 3655 2884
7219 2 2 2 2 3059 3608 2303
7220 2 2 2 2 3454 3624 3155
7221 2 2 2 2 2269 3491 3404
7222 2 2 2 2 2890 3690 3320
7223 2 2 2 2 2314 3689 3458
7224 2 2 2 2 3425 3649 2042
7225 2 2 2 2 3059 3625 3608
7226 2 2 2 2 2837 3707 3314
7227 2 2 2 2 2832 3486 2833
7228 2 2 2 2 3086 3564 3350
7229 2 2 2 2 2752 3712 3444
7230 2 2 2 2 3320 3690 2044
7231 2 2 2 2 22 2465 23
7232 2 2 2 2 3482 3487 2639
7233 2 2 2 2 3422 3547 2790
7234 2 2 2 2 2531 3592 3412
7235 2 2 2 2 3401 3700 2597
7236 2 2 2 2 46 3528 47
7237 2 2 2 2 2680 3545 3392
7238 2 2 2 2 3507 3534 3076
7239 2 2 2 2 105 3406 106
7240 2 2 2 2 3489 3490 3062
7241 2 2 2 2 3245 3716 2907
7242 2 2 2 2 2793 3685 3151
7243 2 2 2 2 2278 3562 3491
7244 2 2 2 2 3513 3514 2359
7245 2 2 2 2 3550 3714 2849
7246 2 2 2 2 3487 3713 2748
7247 2 2 2 2 2726 3715 3160
7248 2 2 2 2 2628 3635 3484
7249 2 2 2 2 2861 3576 2953
7250 2 2 2 2 3413 3701 2883
7251 2 2 2 2 3287 3674 2508
7252 2 2 2 2 2360 3707 3114
7253 2 2 2 2 3432 3555 2163
7254 2 2 2 2 2760 3612 3467
7255 2 2 2 2 2673 3671 2836
7256 2 2 2 2 3151 3685 2798
7257 2 2 2 2 2582 3556 2711
7258 2 2 2 2 2421 3699 2349
7259 2 2 2 2 3259 3659 2556
7260 2 2 2 2 76 2338 77
7261 2 2 2 2 3195 3703 2841
7262 2 2 2 2 2319 2980 2978
7263 2 2 2 2 3458 3689 3348
7264 2 2 2 2 3543 3696 2941
7265 2 2 2 2 2580 3556 2582
7266 2 2 2 2 2718 3508 3416
7267 2 2 2 2 3298 3639 2458
7268 2 2 2 2 2983 3555 3432
7269 2 2 2 2 3195 3543 2867
7270 2 2 2 2 3404 3567 2277
7271 2 2 2 2 2576 3573 2572
7272 2 2 2 2 66 3513 2359
7273 2 2 2 2 2298 3489 3062
7274 2 2 2 2 3280 3516 2701
7275 2 2 2 2 3091 3576 3450
7276 2 2 2 2 2918 3585 3420
7277 2 2 2 2 3229 3712 2752
7278 2 2 2 2 3272 3604 3375
7279 2 2 2 2 2941 3696 3292
7280 2 2 2 2 2833 3705 2830
7281 2 2 2 2 2923 3674 3287
7282 2 2 2 2 2472 3697 3575
7283 2 2 2 2 2206 3672 3219
7284 2 2 2 2 3601 3714 3027
7285 2 2 2 2 2815 3595 3530
7286 2 2 2 2 87 3588 88
7287 2 2 2 2 3495 3691 2887
7288 2 2 2 2 2086 3719 2084
7289 2 2 2 2 2791 3614 3542
7290 2 2 2 2 3511 3719 3035
7291 2 2 2 2 3282 3615 2937
7292 2 2 2 2 2860 3529 2857
7293 2 2 2 2 3130 3664 3590
7294 2 2 2 2 2808 3457 3448
7295 2 2 2 2 22 3230 2465
7296 2 2 2 2 3523 3552 3104
7297 2 2 2 2 3197 3603 3531
7298 2 2 2 2 2929 3569 3018
7299 2 2 2 2 2784 3686 2785
7300 2 2 2 2 2303 3528 46
7301 2 2 2 2 2025 3638 3334
7302 2 2 2 2 2599 3709 3576
7303 2 2 2 2 2128 3606 3344
7304 2 2 2 2 3537 3711 2973
7305 2 2 2 2 2576 3654 3574
7306 2 2 2 2 2744 3641 3261
7307 2 2 2 2 3323 3698 3322
7308 2 2 2 2 3292 3696 2708
7309 2 2 2 2 2910 3610 2738
7310 2 2 2 2 3576 3709 2953
7311 2 2 2 2 2880 3657 2903
7312 2 2 2 2 2630 3680 3315
7313 2 2 2 2 2884 3655 3379
7314 2 2 2 2 3367 3627 3324
7315 2 2 2 2 3467 3612 3278
7316 2 2 2 2 3496 3500 3152
7317 2 2 2 2 3371 3442 2697
7318 2 2 2 2 2309 3689 2304
7319 2 2 2 2 3519 3614 2791
7320 2 2 2 2 3381 3598 2468
7321 2 2 2 2 2299 3583 3455
7322 2 2 2 2 3541 3587 3097
7323 2 2 2 2 3384 3676 2034
7324 2 2 2 2 2344 3708 3646
7325 2 2 2 2 2762 3601 3363
7326 2 2 2 2 3531 3603 3206
7327 2 2 2 2 52 3605 53
7328 2 2 2 2 93 3579 94
7329 2 2 2 2 2131 3655 3530
7330 2 2 2 2 2597 3700 3240
7331 2 2 2 2 2572 3573 2574
7332 2 2 2 2 3504 3505 3024
7333 2 2 2 2 3608 3625 3016
7334 2 2 2 2 35 3329 2331
7335 2 2 2 2 2465 3630 2466
7336 2 2 2 2 3090 3713 3487
7337 2 2 2 2 3551 3616 2688
7338 2 2 2 2 3399 3645 2825
7339 2 2 2 2 3394 3708 2975
7340 2 2 2 2 3370 3652 3080
7341 2 2 2 2 3415 3556 2580
7342 2 2 2 2 3022 3647 3263
7343 2 2 2 2 3657 3658 2903
7344 2 2 2 2 3542 3613 3050
7345 2 2 2 2 2303 3608 3528
7346 2 2 2 2 3703 3711 2841
7347 2 2 2 2 2860 3684 3529
7348 2 2 2 2 3542 3614 3613
7349 2 2 2 2 2830 3705 2831
7350 2 2 2 2 3484 3635 2882
7351 2 2 2 2 30 2321 31
7352 2 2 2 2 3322 3698 3486
7353 2 2 2 2 64 2287 65
7354 2 2 2 2 2953 3684 2860
7355 2 2 2 2 3090 3487 3482
7356 2 2 2 2 2931 3600 3584
7357 2 2 2 2 13 3447 2869
7358 2 2 2 2 94 2249 95
7359 2 2 2 2 3522 3680 2630
7360 2 2 2 2 3263 3647 3009
7361 2 2 2 2 59 2293 60
7362 2 2 2 2 47 2373 48
7363 2 2 2 2 2338 3362 77
7364 2 2 2 2 2364 3691 3495
7365 2 2 2 2 70 2345 71
7366 2 2 2 2 3529 3637 2859
7367 2 2 2 2 2895 3693 3424
7368 2 2 2 2 3315 3680 2962
7369 2 2 2 2 3529 3684 3057
7370 2 2 2 2 3548 3652 3370
7371 2 2 2 2 17 2219 18
7372 2 2 2 2 2249 3409 95
7373 2 2 2 2 2661 3667 2659
7374 2 2 2 2 2731 3714 3601
7375 2 2 2 2 3459 3692 2643
7376 2 2 2 2 3515 3686 2784
7377 2 2 2 2 7 3330 2407
7378 2 2 2 2 3588 3594 2253
7379 2 2 2 2 3087 3621 3540
7380 2 2 2 2 3262 3496 3152
7381 2 2 2 2 88 2253 89
7382 2 2 2 2 3484 3636 2628
7383 2 2 2 2 2372 3669 81
7384 2 2 2 2 2828 3677 2876
7385 2 2 2 2 2870 3703 3195
7386 2 2 2 2 3230 3630 2465
7387 2 2 2 2 2205 3330 6
7388 2 2 2 2 2373 3706 3407
7389 2 2 2 2 3006 3677 2828
7390 2 2 2 2 53 2299 54
7391 2 2 2 2 17 3437 2219
7392 2 2 2 2 3031 3694 3663
7393 2 2 2 2 3613 3614 2408
7394 2 2 2 2 2670 3702 3476
7395 2 2 2 2 2709 3711 3537
7396 2 2 2 2 2963 3680 3522
7397 2 2 2 2 3001 3710 3458
7398 2 2 2 2 2253 3469 89
7399 2 2 2 2 82 3669 2252
7400 2 2 2 2 3593 3682 3583
7401 2 2 2 2 3590 3664 2868
7402 2 2 2 2 2841 3543 3195
7403 2 2 2 2 106 3406 2232
7404 2 2 2 2 82 2252 83
7405 2 2 2 2 3240 3700 3656
7406 2 2 2 2 2480 3718 3479
7407 2 2 2 2 2849 3714 3665
7408 2 2 2 2 24 2320 25
7409 2 2 2 2 3663 3694 3068
7410 2 2 2 2 3574 3648 2800
7411 2 2 2 2 2207 3447 12
7412 2 2 2 2 70 3474 2345
7413 2 2 2 2 3016 3706 3608
7414 2 2 2 2 3665 3714 2731
7415 2 2 2 2 2719 3658 3657
7416 2 2 2 2 2494 3683 3571
7417 2 2 2 2 2973 3711 3703
7418 2 2 2 2 2749 3682 3593
7419 2 2 2 2 2320 3517 25
7420 2 2 2 2 2345 3501 71
7421 2 2 2 2 3583 3682 2924
7422 2 2 2 2 2841 3696 3543
7423 2 2 2 2 3057 3637 3529
7424 2 2 2 2 3656 3700 2915
7425 2 2 2 2 2287 3513 65
7426 2 2 2 2 2252 3533 83
7427 2 2 2 2 47 3528 2373
7428 2 2 2 2 94 3579 2249
7429 2 2 2 2 88 3588 2253
7430 2 2 2 2 53 3605 2299
7431 2 2 2 2 23 2320 24
7432 2 2 2 2 29 2321 30
7433 2 2 2 2 58 2293 59
7434 2 2 2 2 18 2219 19
7435 2 2 2 2 3139 3269 2207
7436 2 2 2 2 3269 3703 2870
$EndElements
