$MeshFormat
2.2 0 8
$EndMeshFormat
$PhysicalNames
3
1 3 "outer"
2 1 "copper"
2 2 "air"
$EndPhysicalNames
$Nodes
1762
1 0.001 0 0
2 0.03 0 0
3 0.0009849407842298578 0.0001728920228370083 0
4 0.0009560132493844592 0.0002933234852536836 0
5 0.000921037777577328 0.0003894732497558933 0
6 0.000860335767073969 0.0005097277389874377 0
7 0.0007960327907037381 0.0006052534974078373 0
8 0.000727012309579698 0.0006866244255192162 0
9 0.0006264315252114249 0.0007794764552064981 0
10 0.0005392634383434977 0.0008421371290151913 0
11 0.0004396516435157018 0.0008981683763938376 0
12 0.0003145597308729666 0.0009492376813596935 0
13 0.0002156351946435839 0.0009764739949589153 0
14 9.419690871304e-05 0.0009955535858952582 0
15 -3.512416152237335e-05 0.0009993829562671909 0
16 -0.0001360813626692141 0.0009906976646455214 0
17 -0.0002646891802647733 0.0009643337792749783 0
18 -0.0003788344939394537 0.000925464438107504 0
19 -0.0004724826053009787 0.0008813399955113802 0
20 -0.0005876719895991238 0.0008090992724262007 0
21 -0.000674541891356423 0.0007382365723840156 0
22 -0.0007510094524906298 0.0006602914525190558 0
23 -0.0008340402490611409 0.0005517036006281181 0
24 -0.0008873849419302304 0.0004610292450978373 0
25 -0.0009352988550828929 0.0003538588018979175 0
26 -0.0009740916541820109 0.0002261535965952202 0
27 -0.0009920284624590607 0.0001260140058529689 0
28 -0.001 -2.986159789035703e-18 0
29 -0.00099202846245906 -0.0001260140058529739 0
30 -0.0009740916541820098 -0.0002261535965952251 0
31 -0.0009352988550828907 -0.0003538588018979235 0
32 -0.0008873849419302287 -0.0004610292450978406 0
33 -0.0008340402490611384 -0.000551703600628122 0
34 -0.0007510094524906267 -0.0006602914525190592 0
35 -0.0006745418913564162 -0.0007382365723840217 0
36 -0.0005876719895991085 -0.0008090992724262119 0
37 -0.0004724826053009625 -0.0008813399955113889 0
38 -0.0003788344939394556 -0.0009254644381075033 0
39 -0.0002646891802647755 -0.0009643337792749777 0
40 -0.0001360813626692122 -0.0009906976646455216 0
41 -3.512416152236694e-05 -0.0009993829562671911 0
42 9.419690871303579e-05 -0.0009955535858952587 0
43 0.0002156351946435717 -0.0009764739949589179 0
44 0.000314559730872964 -0.0009492376813596943 0
45 0.0004396516435157025 -0.0008981683763938372 0
46 0.000539263438343498 -0.000842137129015191 0
47 0.0006264315252114268 -0.0007794764552064967 0
48 0.0007270123095796975 -0.0006866244255192166 0
49 0.000796032790703741 -0.0006052534974078333 0
50 0.0008603357670739716 -0.0005097277389874333 0
51 0.0009210377775773278 -0.000389473249755894 0
52 0.0009560132493844592 -0.0002933234852536832 0
53 0.0009849407842298576 -0.0001728920228370096 0
54 0.02985092326096204 0.002987035397874492 0
55 0.02940517463545632 0.005944384295981913 0
56 0.02866718417358423 0.008842655232327103 0
57 0.02764428635611224 0.01165304388824081 0
58 0.02634664720110687 0.01434761935863951 0
59 0.02478716322947987 0.01689960174190862 0
60 0.02298133329356937 0.01928362829059614 0
61 0.02094710454258222 0.02147600547779151 0
62 0.01870469405576206 0.02345494447404085 0
63 0.01627638791597284 0.0252007776945231 0
64 0.01368631972059496 0.02669615426434402 0
65 0.01096023073099193 0.0279262124593261 0
66 0.008125214044290239 0.02887872740850034 0
67 0.005209445330008004 0.02954423259036622 0
68 0.002241902807592825 0.0299161139154354 0
69 -0.0007479207521420808 0.02999067546002449 0
70 -0.003730311139424436 0.02976717619800518 0
71 -0.0066756280186893 0.02924783736545474 0
72 -0.009554599507550403 0.028437820385014 0
73 -0.01233861309391821 0.02734517556935026 0
74 -0.01499999999999987 0.02598076211353323 0
75 -0.01751231016704356 0.02435814017147579 0
76 -0.01985057512790565 0.02249343608903213 0
77 -0.02199155615489466 0.02040518213312772 0
78 -0.02391397521668757 0.01811413230976446 0
79 -0.02559872644896457 0.0156430561013851 0
80 -0.02702906603707249 0.01301651217352691 0
81 -0.02819077862357718 0.01026060429977026 0
82 -0.02907231858687229 0.007402721930709009 0
83 -0.02966492478675382 0.004471267985285438 0
84 -0.02996270763656766 0.001495376569821124 0
85 -0.02996270763656768 -0.001495376569820691 0
86 -0.02966492478675389 -0.004471267985284997 0
87 -0.0290723185868724 -0.007402721930708575 0
88 -0.02819077862357733 -0.01026060429976985 0
89 -0.02702906603707267 -0.01301651217352653 0
90 -0.02559872644896478 -0.01564305610138476 0
91 -0.02391397521668779 -0.01811413230976416 0
92 -0.02199155615489492 -0.02040518213312744 0
93 -0.01985057512790593 -0.0224934360890319 0
94 -0.01751231016704384 -0.02435814017147558 0
95 -0.01500000000000015 -0.02598076211353307 0
96 -0.01233861309391849 -0.02734517556935013 0
97 -0.009554599507550674 -0.0284378203850139 0
98 -0.006675628018689568 -0.02924783736545468 0
99 -0.003730311139424707 -0.02976717619800514 0
100 -0.0007479207521423279 -0.02999067546002448 0
101 0.002241902807592598 -0.02991611391543541 0
102 0.005209445330007794 -0.02954423259036626 0
103 0.008125214044290025 -0.0288787274085004 0
104 0.01096023073099174 -0.02792621245932617 0
105 0.01368631972059479 -0.02669615426434411 0
106 0.0162763879159727 -0.02520077769452319 0
107 0.01870469405576194 -0.02345494447404095 0
108 0.02094710454258213 -0.0214760054777916 0
109 0.02298133329356928 -0.01928362829059625 0
110 0.0247871632294798 -0.01689960174190873 0
111 0.02634664720110682 -0.0143476193586396 0
112 0.02764428635611222 -0.01165304388824087 0
113 0.02866718417358421 -0.008842655232327142 0
114 0.02940517463545632 -0.005944384295981931 0
115 0.02985092326096204 -0.002987035397874518 0
116 -9.332813381250593e-05 -0.0009106681257817716 0
117 -8.285703793124351e-05 0.0009094235389876367 0
118 -0.0008908940352588247 0.0001558541669656636 0
119 0.0008436008337229016 0.0002932784331326541 0
120 0.0006920033165211337 -0.0005879389602428054 0
121 -0.0007277669971666621 -0.0005413782456640227 0
122 -0.000567254704004442 0.0007134284416929655 0
123 0.0004428986120343238 0.0007909849612505303 0
124 0.000343622426751865 -0.0008368960745455184 0
125 0.0008714362509351389 -0.0002035594447213751 0
126 -0.0003874456614041458 -0.0008223005733539469 0
127 -0.0009031248795420953 -0.0001490724503306267 0
128 -0.0007855011486166902 0.0004715523086283475 0
129 0.0006906501205365302 0.0005944815687126941 0
130 0.0002408034327838467 0.0008814608266401018 0
131 -0.0002980731266122696 0.0008471689054572713 0
132 0.0005309785034784656 -0.0007367617295013357 0
133 -0.0005592831948919091 -0.0006867333114479027 0
134 -0.0008104337878223336 -0.0003629725424846024 0
135 0.0001422796379900304 -0.0008965027013821785 0
136 0.0008066239562255968 -0.0004071673014118385 0
137 0.0008770501007818995 8.867036415459263e-05 0
138 0.0008800900030845051 -7.171356039012025e-05 0
139 0.0007695869196818803 -2.822955434591519e-06 0
140 0.0007564730251328097 0.0001147409971394793 0
141 0.0006657754817044251 4.215050027084081e-05 0
142 0.0006503549135984841 0.0001532271580506738 0
143 0.0005624148179241256 8.405937132942947e-05 0
144 0.0005472438173000328 0.0001940758284004979 0
145 0.0004597952852270219 0.0001257276256401844 0
146 0.0004747387474587253 1.616185616489883e-05 0
147 0.0003725916284154865 5.762697878865755e-05 0
148 0.0003875366601290877 -5.127634589466719e-05 0
149 0.0002855882737254993 -9.861213791014493e-06 0
150 0.0002705579562407361 9.867208483201447e-05 0
151 0.0001840889349785979 3.133634759788574e-05 0
152 0.0001694565450104355 0.0001396030211414659 0
153 8.354979786975271e-05 7.258538258669241e-05 0
154 9.776248910827851e-05 -3.549573137162284e-05 0
155 -2.682954445150707e-06 5.735179847904754e-06 0
156 1.185978339474903e-05 -0.0001017640474255972 0
157 -8.827980455026296e-05 -6.082257261622825e-05 0
158 -1.555039435301061e-05 0.0001147093894493317 0
159 -7.345675369686205e-05 -0.0001678589519400006 0
160 2.607514925649528e-05 -0.0002088193821437225 0
161 -0.0001734824874664474 -0.000127115949747331 0
162 -5.87604461661319e-05 -0.0002744409523345602 0
163 4.013955185142175e-05 -0.0003151836568756069 0
164 -4.437184740436974e-05 -0.0003804215829447145 0
165 5.417351933476666e-05 -0.0004208066694316456 0
166 0.0002550434851979556 0.0002066124990847997 0
167 0.0001385837413624097 -0.0003559969617641127 0
168 -0.0001430257745597324 -0.0003401690111621251 0
169 -0.0001289789971960082 -0.0004456923206729419 0
170 -0.0002272592704912348 -0.0004053284989893672 0
171 0.0001540474087377407 0.0002473195340498055 0
172 0.0002391090162354388 0.0003140018194957502 0
173 0.0001393727997918413 0.0003544384553605472 0
174 -0.0001884441478371256 -2.008334086874271e-05 0
175 -0.0002736750355263608 -8.646874233443534e-05 0
176 -0.0002886084874932603 2.06533790582123e-05 0
177 -0.0003737907432379766 -4.574024040547862e-05 0
178 -0.0003886683505770982 6.12423501540684e-05 0
179 -0.0003023751659984617 0.0001276416326408653 0
180 -0.0004032811164517174 0.000168093671624493 0
181 -0.0003172394188354573 0.0002344031903501844 0
182 -0.0004738060447685631 -5.074041644570612e-06 0
183 -0.0004590583567944875 -0.0001118341529379493 0
184 0.0004875460387952782 -9.277927779893797e-05 0
185 0.0001524759970051331 -0.00046128694155619 0
186 0.000236826999043824 -0.0003967005874045978 0
187 -0.0004179196914705345 0.0002746669066038352 0
188 -0.0003332980431508392 0.0003407502016963202 0
189 0.0002235999385774698 0.0004205448670921066 0
190 0.0001242408532770448 0.0004605197797007612 0
191 6.781900701283318e-05 -0.0005260530132420338 0
192 -0.0005026824788968161 0.0002087235101218475 0
193 4.03487774617697e-05 0.0003947484899086113 0
194 2.527998793482841e-05 0.0004999307901412881 0
195 0.0002481057675774384 -0.0004988356221668101 0
196 0.0003349221133146798 -0.0004370646312664884 0
197 0.0002083764229790615 0.0005263141639044657 0
198 0.0003075533256894775 0.0004867849402834526 0
199 -0.0002132552294869718 -0.0005108570135034757 0
200 -0.0003113829395366167 -0.0004705703214311743 0
201 -0.0004328431328831513 0.0003808360182184596 0
202 -0.0003465744541208742 0.0004470531319894746 0
203 -0.0005590217225898714 -7.128141137870416e-05 0
204 -0.0005440662433140588 -0.0001779438439003009 0
205 -5.818065499656303e-05 0.0004345564402427559 0
206 -7.273385803244746e-05 0.0005394577758846006 0
207 1.000842440034004e-05 0.0006043925122076587 0
208 -8.753236884456976e-05 0.0006436712139252237 0
209 0.0003223709248650983 -0.0003318310644359613 0
210 0.0004207780335451313 -0.0003726906548838518 0
211 -0.0003262377421321257 -0.0003650183304308682 0
212 -0.0004106786179841473 -0.0004303458144931847 0
213 0.0004343477907225127 -0.0004788026315761661 0
214 0.0005199529496727857 -0.0004134003762715692 0
215 0.0006340095802764971 0.0002624082938765517 0
216 0.0005316669261395069 0.0003034277676281275 0
217 -0.0002967642275978852 -0.0005759084241622357 0
218 -0.0001991471956882699 -0.0006158674677857141 0
219 -0.0006441632719193124 -0.0001376118407918533 0
220 -0.0006588225016815124 -3.058727858973707e-05 0
221 0.0002915606899597214 0.0005885046875041276 0
222 0.0003930126401687245 0.0005503292634576658 0
223 -0.0004472766627423001 0.0004887537778262559 0
224 -0.0003611878379702159 0.0005553410821381674 0
225 -0.0005322099535707339 0.0004213481321147229 0
226 -5.135656366303697e-06 0.0007081488239369176 0
227 -0.0006289780613791123 -0.000244243263876938 0
228 -0.0002301874151536861 0.0003016218425474961 0
229 9.244010523494579e-05 0.0006690798958081134 0
230 -4.363728102434229e-05 0.000329161204288947 0
231 0.000616792286074789 0.0003704651892396078 0
232 0.0006755980661545636 -7.354555842202578e-05 0
233 0.000300245376255262 -0.0001182056653294853 0
234 0.0005060171142079082 -0.0003064066428495703 0
235 7.666254735566086e-05 0.0007712416711947207 0
236 0.0006057032133848275 -0.0003474938602784307 0
237 -0.0001702497784800118 0.0005791162312485996 0
238 -0.0001848521925244511 0.0006830849228041469 0
239 0.0003403291619701299 0.0002740228846926305 0
240 0.0004076915285193472 0.0004467582711376152 0
241 0.0004930108023223315 0.0005135462342744422 0
242 -0.0004269004952068436 -0.0003246023497107009 0
243 -0.0005117481558385329 -0.000390435659900335 0
244 -0.0004958244110459776 -0.0004966963844092159 0
245 0.0001747209872247932 0.0007287168932012863 0
246 0.0005942351043965073 -0.0002422094521934095 0
247 0.0006897477634264969 -0.0002860183789179096 0
248 -0.0002578120369945884 -0.0001934143059143576 0
249 -0.0002813871813489847 -0.000678242596065274 0
250 -0.0001849251575191202 -0.0007193275816368475 0
251 -0.0001025497908485396 -0.0006557406757185586 0
252 -0.0003798715461248209 -0.000641106541236478 0
253 -0.000547020886249602 0.0005271874567614415 0
254 0.0004727829061529634 0.0006074707464490539 0
255 0.0005245380611328967 -0.0005259143432248736 0
256 0.0004462895505991508 -0.000585743519952949 0
257 -0.0007271971319387223 -0.0002036879646019594 0
258 -8.659440591052135e-05 -0.0007539937383932234 0
259 -5.631589473278223e-06 -0.0006944498016271182 0
260 9.406704637232061e-06 -0.0007902926320772453 0
261 8.980514166716082e-05 -0.0007351382626419431 0
262 -0.000590727761354812 -0.0004561732076559621 0
263 -0.0006266897579568715 0.0004562655456334165 0
264 -0.0006170388901870638 0.0003548567235463316 0
265 -0.0001705769316309658 -0.0008225805274793579 0
266 -0.0006494365929909534 0.0005648701845498108 0
267 -0.0005706987672419039 -0.0005663276409991887 0
268 0.0007250558721507974 0.0003331187906251148 0
269 0.000698573003243905 0.000437193797466849 0
270 -0.0007145544061038754 -0.0003112020560269044 0
271 0.0008259310011742076 0.0001877334717496023 0
272 -0.0002675141495476372 0.0006186857895791951 0
273 -0.000283850320055801 0.0007322319705459872 0
274 -0.0001980644554687226 0.0007878974533211648 0
275 -0.0003846790589569744 0.0007619062107994954 0
276 -0.0003746367336687758 0.000670099684020166 0
277 -0.0004580368752798904 0.0005947445092927324 0
278 -0.0002583367102917057 0.0005136211780709971 0
279 -2.494906142828065e-05 0.0008244260409609777 0
280 0.0007768100541426484 -0.0001356384916979489 0
281 0.0006162283525510499 -0.000671203840340301 0
282 0.0005935828507298419 0.0004694597520583186 0
283 -0.0001440550945600281 0.0003684127528618085 0
284 -0.0001284006063351339 0.0002627392868327664 0
285 -0.0002144895526983108 0.0001951860465033212 0
286 0.0006176803016822791 0.0006690943584246133 0
287 7.445897807568633e-05 0.0008780019094124236 0
288 -1.813571872060793e-05 -0.0005906930298165236 0
289 -0.0004744804626734451 -0.0007695934362211814 0
290 -0.0004793641317589002 0.0007848475249312409 0
291 0.0003432939821162649 0.0008395192308720515 0
292 0.0003591640178155754 0.0007417269962078767 0
293 -0.0002446975092237382 0.0004076458109838486 0
294 0.0002428673973358031 -0.0008728999196509192 0
295 0.0002631302609305912 -0.0007654256168669593 0
296 0.0003581567639613479 -0.0007339242480774865 0
297 0.0002819193469922287 -0.0006763424718888933 0
298 -0.0001026618000432605 0.0007475522719368882 0
299 -2.859532424597778e-05 0.0002232090226956137 0
300 -3.050733193944767e-05 -0.0004857947316615164 0
301 0.0001616189894667962 -0.0005628556686431571 0
302 0.0003471414276209451 -0.0005379899819666353 0
303 0.00044333761427179 0.0002340361879446878 0
304 0.0001085407281925921 0.0005650508204762437 0
305 -0.000480874671914448 -0.0006035180452038853 0
306 0.0001121532229970041 -0.0001432923021575636 0
307 0.0001990368449096945 -7.687416109813163e-05 0
308 0.0002122118945342747 -0.0001841701330346564 0
309 0.0003988626412826985 -0.0001599124789543491 0
310 7.830382729725052e-05 -0.0006303303641176047 0
311 -0.0003582790942727398 -0.0001525896743730252 0
312 -0.0001580052487091757 -0.0002338419779531481 0
313 0.0001861590001400833 -0.000680830361267481 0
314 -0.0007401297854475843 -9.633399081577936e-05 0
315 -0.0007590316417231876 1.051997284882638e-05 0
316 -0.0006735106372451682 7.68678848524014e-05 0
317 -0.0007774825742229939 0.0001180728731407831 0
318 -0.0006875947265538208 0.0001851832224081076 0
319 -0.0007889795788715317 0.0002264522653720382 0
320 -0.0008346383861107806 -6.675398134522758e-05 0
321 -0.000856846754762253 3.640911536526233e-05 0
322 0.0001253383124656569 -0.0002498278783186779 0
323 0.0003569780907474762 0.0001660836942609696 0
324 -0.0003958994023673159 -0.0005363575884893623 0
325 -0.0002033689372097584 8.685892041219672e-05 0
326 -0.0001017791059386147 4.765867208528788e-05 0
327 0.0005760695316150625 -2.602675806781241e-05 0
328 -0.0004883596938731876 0.0001018404426282419 0
329 0.0001902014210399168 0.0006277059944446544 0
330 -0.0001158213196752682 -0.0005511279318889015 0
331 -0.0005735983673424729 3.573815432265995e-05 0
332 2.069360821001655e-05 -0.0008921129201058749 0
333 -0.0001580422675974157 0.0004738016982154351 0
334 -0.0005172269886243163 0.0003151536016505077 0
335 -0.0004437445066119133 -0.0002182987951234759 0
336 -0.0002818735001471048 -0.0007737757627816755 0
337 0.0003237010755146185 0.0003805123026951813 0
338 5.524279996521946e-05 0.0002882736510683832 0
339 -0.0008685888303091508 -0.0002570535632782196 0
340 6.975712366105289e-05 0.0001808972001485181 0
341 0.0006047511272774704 -0.0004616209021486377 0
342 -0.0002422533946886618 -0.0002996132967023213 0
343 -0.0005877828083476185 0.0001430568993103041 0
344 0.0007392375376759496 0.0002240845240956793 0
345 -0.0005284990611988034 -0.0002842572377522528 0
346 0.0002243152665681618 -0.0002908278881714301 0
347 0.0003110529621810543 -0.0002256543571926797 0
348 0.000425207240747238 0.0003410489303550417 0
349 -0.000611927780951531 -0.000350789045006875 0
350 -0.0006983429153776886 -0.0004290389759074057 0
351 0.0008010426201859519 0.0004134838283467774 0
352 0.0005113252724221757 0.0004074510241155255 0
353 -0.0001836676914308838 0.0008938938202331737 0
354 0.0005324479677950253 0.0007313896310081461 0
355 -0.0003425378783178121 -0.0002589227920424582 0
356 -0.0006026362000511198 0.0002497123290326266 0
357 -0.0007017664096422018 0.0002904047126025934 0
358 -0.0008088425775350063 0.0003224333400313829 0
359 -0.000115363986796801 0.0001550602229964196 0
360 0.0005875177426049125 -0.0001333663726147442 0
361 0.0008547740546782804 -0.0003109329076950605 0
362 0.0004090967612696557 -0.0002666523059257644 0
363 0.0007555951604270742 -0.000501591052229172 0
364 0.000700994609964548 -0.0004058399421335221 0
365 0.0005834546176622643 0.0005743310995843559 0
366 -0.000654879916670374 -0.0006184530464662896 0
367 -0.0007902842637282589 -0.0004674479953202647 0
368 0.0004972125670928267 -0.0002002210883894626 0
369 0.0001560387046164016 0.0008299210230150118 0
370 0.0004426239009124168 -0.0007907472709024206 0
371 0.0002640826139864794 0.0007838286729787178 0
372 -0.0007214980308452564 0.000394975116904289 0
373 -0.0008796213401860534 0.0002569504341724445 0
374 0.000366195401196769 -0.0006390314438435289 0
375 0.0005260625118220182 -0.0006399456099625532 0
376 0.0006816515137387615 -0.0001841078568698162 0
377 0.0002775603156898486 0.0006861411045953706 0
378 -0.000371863278751006 -0.0007298136616376986 0
379 -0.0007413683897424756 0.0005449569875081387 0
380 -0.0002784506590079933 -0.0008703435555953954 0
381 0.0004450511053283613 -0.0006876923037067123 0
382 0.000755495525125244 0.0005148770470405014 0
383 0.0003741589879341119 0.0006459460353347524 0
384 0.0001690007799991129 -0.0007952049163145034 0
385 0.0006046358141234057 -0.0005709470196386709 0
386 0.0007786656941632828 -0.0002387273358932352 0
387 -0.0001872841866615128 -0.0009136062525749115 0
388 -0.0001184400092604782 0.0008326386250879684 0
389 -0.0008096743629038137 -0.0001732031837415763 0
390 0.0001528884084134936 0.0009144844687846742 0
391 -0.0004532746308711258 -0.0006861529991494292 0
392 -0.0005530633951934084 0.0006215545392306664 0
393 8.623717450071056e-05 -0.0008218502865043492 0
394 0.0002530944724227412 -0.0005905896390611014 0
395 -0.0004695058164770652 0.0006910968183278777 0
396 -0.0006390612072071714 0.0006596762380753027 0
397 0.0004540021620221275 0.0006955481492327116 0
398 -0.0009305116941904407 -5.433646998335204e-05 0
399 0.0007685533575254782 -0.0003279560336033956 0
400 5.145125181365764e-06 0.0009213576063046973 0
401 -0.0007843671640745496 -0.0002663171520776454 0
402 -6.233894046631855e-05 -0.0008319578032599401 0
403 0.0009028605339361975 0.0002108656829329732 0
404 -0.0006459791968747261 -0.0005177510557835435 0
405 -0.0004023629767473529 0.000846561485165617 0
406 0.0006737470354531755 -0.0005072746729438889 0
407 -0.0009373364518153028 5.479550647477146e-05 0
408 0.0006714253682793864 0.0005124661230591648 0
409 -0.0007071304918104483 0.0004754358915537333 0
410 0.0005425604804007654 0.0006557705251459109 0
411 -0.0008324937330685545 0.0004035360582112219 0
412 0.000608571961201368 0.0276072980495213 0
413 0.0007616418527686555 -0.02763427928743263 0
414 -0.02687170582085427 -0.005520058079943386 0
415 0.02563303506421429 0.00967897703545666 0
416 0.02545743222000915 -0.00924404730421563 0
417 -0.0122024387720427 0.02426471885909964 0
418 -0.01215858127572147 -0.02458428884362744 0
419 -0.0242841726652353 0.01308175171834691 0
420 0.01580559962351367 0.02230553965791082 0
421 0.01633403920738189 -0.02224330215381548 0
422 -0.02285946924074689 -0.01558393112348678 0
423 0.008788056299917163 -0.02593190281440148 0
424 -0.02742164069245434 0.002665813686629702 0
425 0.02755774885027157 -0.001285895357721879 0
426 0.02144739289027788 -0.0166726016814956 0
427 -0.01936701312298884 0.0195089296311519 0
428 0.008490211947108358 0.02594800367661271 0
429 0.0219436142369072 0.01625550800534654 0
430 -0.004870193381834879 -0.02693771460089595 0
431 -0.004712784299232131 0.02728987800621054 0
432 0.02711928569495452 0.004135717922674458 0
433 -0.01706438458971897 -0.02148183875518475 0
434 -0.02615654987259005 0.008068227112574872 0
435 -0.02533197239422506 -0.01072559070192251 0
436 -0.02621309832214491 -0.008208942471456765 0
437 -0.02425882028259512 -0.006429929737544774 0
438 -0.02471748591094934 -0.003847231370887066 0
439 -0.022377497746707 -0.004717919962062958 0
440 -0.02273009587730465 -0.002442057692451643 0
441 -0.02054242343609163 -0.003256382437345496 0
442 -0.02012906163272844 -0.005402983833975971 0
443 -0.01850578417618908 -0.003924826274078051 0
444 -0.01871182192670836 -0.002047121952730893 0
445 -0.01692337923918939 -0.002704343316899905 0
446 -0.01647472652732551 -0.004525497168848647 0
447 -0.01517356920310133 -0.003247226487065641 0
448 -0.01549043074319335 -0.001547516804305481 0
449 -0.01389456258658477 -0.002164102456670226 0
450 -0.01358625355121004 -0.00374110214650936 0
451 -0.01416130316119983 -0.0004831704039600739 0
452 -0.01243401834343697 -0.002820387017898669 0
453 -0.01213080172216618 -0.004202430829750332 0
454 -0.0110687881267958 -0.003377180602483004 0
455 -0.01078131737587319 -0.004652676720726341 0
456 -0.009803541840999132 -0.003809016042374074 0
457 -0.01000510067385437 -0.002488353421906308 0
458 -0.009525638021742824 -0.005086666457668662 0
459 -0.008533032626505609 -0.004140601115303148 0
460 -0.008328014750918369 -0.005483645119462212 0
461 -0.007398318655697018 -0.004717673692661473 0
462 -0.007205843063833247 -0.005868850421440837 0
463 -0.006334729752360863 -0.005146445373153683 0
464 -0.006138526147522839 -0.006238427380717785 0
465 -0.006502602169031251 -0.004134427698047477 0
466 -0.00531488017424899 -0.005537002148422217 0
467 -0.005114399678420594 -0.006592960208102244 0
468 -0.004319540008001341 -0.005911670864263029 0
469 -0.004112691459564849 -0.006933950840441247 0
470 -0.003316819625078962 -0.006270607750134114 0
471 -0.003139016824883728 -0.007295615829641285 0
472 -0.002334350241595306 -0.00663867593816125 0
473 -0.002160336413104016 -0.007657646032715945 0
474 -0.001372088141844932 -0.006988199284355427 0
475 -0.001173142406914113 -0.008008689880868412 0
476 -0.0003718360250961548 -0.007334527795263111 0
477 -0.0001643603408554281 -0.008394613848772095 0
478 0.0006366217480345275 -0.007698027713054368 0
479 0.0008754480123020372 -0.008774083143554788 0
480 0.001623413093989496 -0.008061765125764203 0
481 -0.002916821810065887 -0.008346006967841289 0
482 -0.006972712420247028 -0.006937869673565059 0
483 0.001974028587257765 -0.009197839043481423 0
484 0.00282253118419708 -0.008223170434471447 0
485 0.003155975230347098 -0.009655515599478652 0
486 0.004142318678593796 -0.008784077375149807 0
487 0.003920657327538996 -0.007491260584180981 0
488 0.005123999095863182 -0.007926694748312479 0
489 0.00486031968758866 -0.006693714617220362 0
490 0.006065061432695303 -0.007077058645572865 0
491 0.005800547673397011 -0.00586764199327729 0
492 0.006990865287768344 -0.006238164471802397 0
493 0.006731355424017194 -0.005045133387564141 0
494 0.007928144886291831 -0.005435738184875933 0
495 0.007633403221429003 -0.00423650494079166 0
496 0.008905360140340188 -0.004609818589955186 0
497 0.008440867847148981 -0.003184176631210891 0
498 0.001039024536973021 -0.009985918020102656 0
499 0.007186664641085188 -0.007562993732450772 0
500 0.004441536523324133 -0.01014890529600117 0
501 -0.01062984414877501 -0.005974911344239324 0
502 0.009904460034153791 -0.003662923932455764 0
503 0.009582064981662976 -0.002306834235102847 0
504 0.008334524881204843 -0.001848324281318486 0
505 0.009274196007976444 -0.000997634861940835 0
506 0.008057123307797938 -0.0006356968952804212 0
507 0.008959069371417919 0.0002421185969731843 0
508 0.007767234370571668 0.000603323723591438 0
509 0.008652755377315748 0.001444052440294143 0
510 0.007320895202071838 0.00176847691944301 0
511 0.008336439364896401 0.002614094697563766 0
512 0.007205977933095902 0.002953273197803757 0
513 0.00808033866409558 0.003788977644916588 0
514 0.006944095885079225 0.004109337096796276 0
515 0.007794599673665736 0.004971334003201513 0
516 0.006484460130181716 0.005256098209208218 0
517 0.007512569388322603 0.006195906375421576 0
518 0.006289374181275956 0.006555424236250107 0
519 0.009241387328139977 0.00338056083033778 0
520 0.007229491479687124 0.007475378439472929 0
521 0.005929576306673601 0.007843632959592039 0
522 0.004962264332112935 0.006883320578248616 0
523 0.004632942295352526 0.008173441851093496 0
524 0.00369494613314978 0.007285667791262693 0
525 0.003383100974776646 0.008504666967834033 0
526 0.00254170833593209 0.007622892176262136 0
527 0.002155101335448875 0.008810891291821745 0
528 0.00130438122243312 0.007837918366764231 0
529 0.0009304715308959145 0.009127059827061806 0
530 6.976637602620582e-06 0.008259604955006238 0
531 -0.0002759830395704576 0.00953134087901129 0
532 -0.00138806074789703 0.008362511323189862 0
533 -0.001658843521395904 0.009922347615575264 0
534 -0.002838866480496492 0.008784379109003242 0
535 0.001847289502202401 0.01020179234804087 0
536 0.01063033745541577 -0.001350788594142996 0
537 0.006738571145344836 0.00907191740096243 0
538 -0.003222595548301442 0.01030421057662384 0
539 -0.004309153251471311 0.009185512186530234 0
540 -0.002009792914739887 0.01146309095507687 0
541 0.008525855341251115 0.007211800668724318 0
542 -0.003916343479619908 0.007701750531182812 0
543 -0.005383765709329824 0.007947023906178156 0
544 -0.004890246834836715 0.006595851394283932 0
545 0.0003622059388379933 -0.006574783121584725 0
546 -9.312444527943152e-05 -0.0010824718113445 0
547 0.01021808927296811 -0.005093608026320973 0
548 -0.003485962467958924 -0.005240630131356944 0
549 -0.0004738683264397154 -0.0009831592274912118 0
550 -0.005877110173203444 0.009508174060535333 0
551 0.005538100823970094 -0.004752916549769401 0
552 0.006130798919372546 0.003279070200930703 0
553 -0.006944215807315589 0.00815632682293436 0
554 0.006988643011084576 -0.0001955686113516041 0
555 0.002878228350415742 0.006495241212312708 0
556 -0.007527817609812385 0.009870647852035308 0
557 -0.008651512364102059 0.008604043063701439 0
558 -0.003378679103329924 0.00631488288440462 0
559 -8.871141825295613e-05 0.001089498757412726 0
560 -0.004379891860491758 0.005407965711655886 0
561 -0.003291474811839008 0.005115403288374148 0
562 -0.0004666144388560976 0.0009870569258088062 0
563 -0.00405092992454445 0.004379497310970728 0
564 -0.005152412292826705 0.004522026915541691 0
565 -0.004612548686451966 0.003444535521323009 0
566 -0.0009487665490093052 0.0005604302971459924 0
567 -0.0007864415689163916 0.0007656506027080099 0
568 -0.005877731917910719 0.003662324905697261 0
569 -0.0054625912881646 0.002633192420626223 0
570 -0.001078448729583492 -0.0001848679511403329 0
571 -0.001077963747258867 0.0001929670722713311 0
572 -0.006640869818068744 0.002787408484096165 0
573 -0.00925106368887987 0.01028645630490358 0
574 -0.008098923804931366 0.01154335388351666 0
575 -0.01048320398383055 0.008893803257895587 0
576 -0.003047401972026202 0.004202462725308827 0
577 -0.00441120665486318 0.002352881807044767 0
578 -0.005083085091686972 0.001675302229191441 0
579 -0.004163146952374596 0.001477525487530765 0
580 -0.004703663821553509 0.0008425060479096531 0
581 -0.0009580550077101612 -0.0005574761924238366 0
582 -0.0007918604386050914 -0.0007622157564565988 0
583 -0.003802192068216267 0.0006490764040147252 0
584 -0.004362290480332686 9.873425126475483e-05 0
585 -0.003652887989305911 -7.146253690527342e-05 0
586 -0.004082550560522876 -0.0005556968074930007 0
587 -0.003371825516439805 -0.0006777928314648776 0
588 -0.003824510105578955 -0.001148646318539504 0
589 -0.003207403862180368 -0.001285781623793095 0
590 -0.004758145352514622 -0.0005423704836550104 0
591 -0.003279098081914469 0.001208750734609799 0
592 -0.01111601913968096 0.0107004711403854 0
593 -0.01242499209984019 0.009176623817410112 0
594 -0.003595185027864378 -0.001732092302975177 0
595 -0.002984076828162767 -0.001805573335270805 0
596 -0.003049985915852474 -0.0001641656753333411 0
597 -0.002648516683409301 -0.001412738333519103 0
598 -0.002438768222765916 -0.001876549274744083 0
599 -0.001468404181096442 -0.005937509348994096 0
600 -0.002745203242034272 -0.002288757618546483 0
601 -0.002218476964123564 -0.002329781784053432 0
602 -0.001938602493394126 -0.001926236368563942 0
603 -0.001712089090199008 -0.002337813966004823 0
604 -0.001988051207148314 -0.002778553120365168 0
605 -0.001484334415030571 -0.002778251133262641 0
606 -0.001230808650464145 -0.002382717574463462 0
607 -0.00101538364688597 -0.002773418601405222 0
608 -0.0007812240144710349 -0.002350254528284175 0
609 -0.0005826562531829834 -0.002749847225358368 0
610 0.0002865375983911734 -0.001054895203867834 0
611 -0.0003671965074280397 -0.002397387713410143 0
612 -0.0001740816142292898 -0.002746963931655742 0
613 1.737499158151822e-05 -0.002400989705134995 0
614 0.0002292777874301533 -0.002745335800479511 0
615 0.0004162688836106085 -0.002407668768576639 0
616 0.0006373563749278244 -0.0008921987638349 0
617 0.0006431596101019192 -0.002741185334876448 0
618 0.0008455200449483585 -0.002329544915288167 0
619 0.0009819821168172511 -0.0004887879908536106 0
620 0.0008389803214452251 -0.0007122395809259066 0
621 0.001085322676011583 -0.002747687530421445 0
622 0.00129711113313312 -0.002371416921727134 0
623 0.001559403651303561 -0.002768837646422978 0
624 0.00176026181200334 -0.002275937642694899 0
625 0.001126034318658085 -0.0001046642800853962 0
626 3.117446651180404e-05 -0.003130394959304256 0
627 0.002074837487883418 -0.002771216729821134 0
628 0.002326775513488481 -0.002290035356433404 0
629 0.001727750057197957 -0.003312277635946797 0
630 0.002056709390836644 -0.001825600284247858 0
631 0.002580181936995733 -0.001813164639999486 0
632 0.002302351745911137 -0.001398105072972979 0
633 0.002824239206373686 -0.001351251340723852 0
634 0.001021793652107698 0.0003716880145991105 0
635 0.002491256060571856 -0.0009226837348014996 0
636 0.00305320370080505 -0.0008868966466602445 0
637 0.002773836918897348 -0.000492052629178207 0
638 0.003382113851709077 -0.001346231155591333 0
639 0.003291508415393098 -0.0004274606595155221 0
640 0.002993447161695811 -7.036856842803351e-07 0
641 0.000760883917621654 0.0008128735835289957 0
642 0.0005341930461479124 0.0009594888745961524 0
643 0.0002974819022079553 0.00105552200153197 0
644 0.0009187875111738256 0.0006080473733707328 0
645 0.003532449302056002 4.557145274684795e-05 0
646 0.003161575416147762 0.0004838895363453664 0
647 0.003799282611011008 0.0005367369287678199 0
648 0.003475559523033876 0.001017454976385369 0
649 0.002895455841437718 0.000990890076135261 0
650 0.00315626631818033 0.001496297499905967 0
651 0.002609745590103043 0.001439403260980498 0
652 0.002831591832540472 0.001957425363675888 0
653 0.002237007095989073 0.001855192241840681 0
654 0.002495986543440153 0.002413924905950408 0
655 0.001932702818671737 0.002364221982088278 0
656 0.002173272350160744 0.002900941557929111 0
657 0.001592507922209555 0.002824459576297376 0
658 0.002791085198619355 0.002952080702380872 0
659 -0.002386394335616695 0.004801126850529135 0
660 -0.002159790864367922 0.003952780826427516 0
661 -0.001560389052206847 0.004531603137762636 0
662 -0.001388898048557401 0.003745988495761794 0
663 -0.0008335299981414872 0.004277447251074312 0
664 0.002755464493879223 -0.002813013493485781 0
665 -0.01308346662930071 0.01112225054228867 0
666 -0.01447136321369068 0.009503147096666111 0
667 -0.01173298549736818 0.007005645143026581 0
668 -0.001047674152983446 -0.001991821721356549 0
669 -0.001186712345076008 -0.00323830485753839 0
670 0.001787368024853294 0.003499468387136865 0
671 -0.00560805895283772 0.0008811738578345643 0
672 0.011340600044139 -0.004099636283468802 0
673 0.0116483303037582 -0.005624472900946755 0
674 0.01289462645169197 -0.004549307237730321 0
675 0.01321326294764377 -0.006221556248632943 0
676 0.01456950339500616 -0.005054209894556752 0
677 0.01488389516064922 -0.006833591776528061 0
678 0.01322481688799302 -0.0078277036891142 0
679 0.01634028577985201 -0.005621843950561074 0
680 0.01603053186284175 -0.003820636689037013 0
681 0.01659801072535795 -0.007426551863718983 0
682 0.01785489589194426 -0.004330297722885 0
683 0.01748481209063317 -0.002408295306283887 0
684 0.002353914599226199 0.0009470454093768487 0
685 0.001371519016028477 0.002256064637147363 0
686 -0.01575891072296052 0.0001701604954894418 0
687 -0.01173694286723893 0.01248282801837704 0
688 -0.01324384479463477 -0.005142759483152715 0
689 0.003359279472698594 -0.01104480642196476 0
690 0.004713936723009041 -0.01157802007418493 0
691 0.003488919563746527 -0.01257769438385418 0
692 0.005017678991782276 -0.01313859444370837 0
693 0.00368466514748612 -0.01421177740902329 0
694 0.00534307851000184 -0.01481333634704713 0
695 0.003970362952968649 -0.01594558676770991 0
696 0.002284724194187212 -0.01525708120990093 0
697 0.006680488054182753 -0.01367308116916465 0
698 0.007044809215855214 -0.01543407292552692 0
699 0.008519447638788789 -0.01418057662881289 0
700 0.00253825340227754 -0.01707471092666903 0
701 0.0007649122754156711 -0.01637158078123067 0
702 0.001028250301823682 -0.0181404700035889 0
703 -0.0007764689371849538 -0.01745894199256205 0
704 -0.0009683805082792247 -0.01533503857637507 0
705 -0.002570947275594821 -0.01668873837067184 0
706 -0.002808564087963507 -0.01482462645950918 0
707 -0.004321915405419876 -0.01595830540746375 0
708 -0.004536121460036716 -0.01409865020653961 0
709 -0.006053594906801682 -0.01515805522371466 0
710 -0.005865833662119588 -0.01713071089223577 0
711 -0.007663095421440069 -0.01631398855232462 0
712 -0.007819700713095533 -0.014329780038119 0
713 -0.009468796858410344 -0.01547415677520709 0
714 -0.009584657549220044 -0.01359479906401039 0
715 -0.01127135994268691 -0.01460709956870396 0
716 -0.01116658324724902 -0.01246764775610764 0
717 0.008853069487414706 -0.01617116843792182 0
718 0.01043805720182144 -0.01478198215800724 0
719 -0.01311337107766329 -0.01374689122891885 0
720 0.004023997394329897 -0.01790479668970176 0
721 -0.002129498423866846 -0.01866783257325354 0
722 0.001079192999232791 -0.001983959779978846 0
723 0.004076309139878311 0.001058619601916769 0
724 -0.01517099682941107 0.01157474608286996 0
725 -0.01660130848471907 0.009907856879731156 0
726 -0.001231171935717202 -0.00922903119209954 0
727 -0.01328163728662281 -0.01169703952309878 0
728 0.004092251597797172 6.421573445968505e-05 0
729 0.003730786186897744 -0.006309077779120893 0
730 -0.0001722077852290726 -0.002078235662143782 0
731 -0.007072490625430776 0.003920235151937148 0
732 -0.007867664208573424 0.002948575113804066 0
733 -0.01585969495966982 0.007815061690998302 0
734 0.009790768763272499 0.001259697469595867 0
735 0.004437056577951285 0.009624684888718787 0
736 0.001043097475734379 0.002740323267671655 0
737 0.0008640959336477976 0.002261421214339423 0
738 0.001085961158884614 0.001887026150139805 0
739 -0.01440511414020131 0.001243867308525531 0
740 -0.004978066410567705 -0.007772643885890468 0
741 -0.001914328521013978 0.003230334862437343 0
742 -0.001270932217790279 0.003041768632911009 0
743 -0.001680838987550781 0.002613169930735721 0
744 -0.001168332652349467 0.002454114690104378 0
745 -0.001499634281057467 0.002096738970650748 0
746 -0.001039852649174542 0.001961428218001402 0
747 -0.001328685139658008 0.001664271782816023 0
748 -0.0007366474143194043 0.002278219867802397 0
749 -0.01283498924508468 0.0005880938652150285 0
750 0.00183045169014323 -0.001395364600420467 0
751 -0.01609024525617255 0.001985316178813745 0
752 0.003413967790578051 0.002025690890364005 0
753 -0.01501042981878243 -0.01286298430182605 0
754 0.002277098575686778 -0.0004627327747298684 0
755 0.000818918973022486 -0.003242945302954106 0
756 -0.007500828910825119 -0.018367669320214 0
757 -0.01800989688173949 0.008198478234716804 0
758 -0.0006365000881998681 0.001874520550544422 0
759 -0.008000786801456841 -0.0123940952068578 0
760 -0.01101562530388372 -0.0165761699750887 0
761 0.01942533367403763 -0.002939133906950194 0
762 0.01893190019832917 -0.0008695269672039836 0
763 0.01667747826268784 -0.0004404853926513633 0
764 0.01835795527475593 0.001158193325888005 0
765 0.01634508190106579 0.001778740142777756 0
766 0.0178650499254149 0.003190388349724477 0
767 0.01591335802095502 0.003781262830395117 0
768 0.01738176197863227 0.005175689456825117 0
769 0.01543250182445131 0.005758577974457028 0
770 0.01689615128584046 0.007156600251397575 0
771 0.01494521809062647 0.007715470321908677 0
772 0.01642968549825996 0.009164734358528277 0
773 0.01443857190670167 0.009695616094468631 0
774 0.01593077789791374 0.01120634179324454 0
775 0.01388607427662033 0.01176703604972115 0
776 0.01541733118738229 0.01330083648339062 0
777 0.01333134244043015 0.01389002594879363 0
778 0.01784069006001273 0.01058451071320939 0
779 -0.004260546487292248 -0.001660985464370989 0
780 -0.003998143698870152 -0.002300652578850827 0
781 0.01900241324372006 0.004460517915691301 0
782 0.01182153919565398 0.01236839616738394 0
783 0.01126748467860056 0.01444531952665082 0
784 0.0007143329947384616 0.001862180031776025 0
785 -0.01520577928013701 -0.01071649176055936 0
786 -0.001755306214379938 0.001756243034341089 0
787 -0.00160122652779444 0.001375068459188501 0
788 0.0005255649205196515 0.002677355063137796 0
789 0.0007149348927895393 0.003205628091380957 0
790 -0.004721361040923736 -0.002212422333960048 0
791 -0.00443967511763902 -0.002914796969088401 0
792 0.01082367165928613 -0.01686546263436878 0
793 0.01243423618438564 -0.01545747175050142 0
794 0.00915587188180883 -0.01828185783483748 0
795 0.008067339833422848 -0.01233094066519364 0
796 0.009819034436347997 0.0129640934952167 0
797 0.009244852868020698 0.01497471438023613 0
798 0.01071042984834756 0.01650320600252633 0
799 0.008629964341891129 0.01704841788568554 0
800 0.007182061162828855 0.01549939438357886 0
801 0.006548414228111502 0.01754056636408073 0
802 0.005117381023264182 0.01602143184070797 0
803 0.004500336749694038 0.01804422611438841 0
804 0.003065972922819106 0.0165196601966825 0
805 0.002445999179261961 0.01854343805483533 0
806 0.001051481508347857 0.01702854581577857 0
807 0.0003733106648144996 0.01903647279084491 0
808 -0.001040495427175761 0.01752214066720795 0
809 -0.001742003082490495 0.01956914376462663 0
810 -0.003240738739512476 0.01811387103605459 0
811 0.003943826551326953 0.02009835615739768 0
812 0.01015727146279275 0.0186800468013823 0
813 -0.003925838059007129 0.02016089037697196 0
814 -0.005481671321295806 0.01862603400572349 0
815 0.02018115160076364 0.0005347743568262015 0
816 -0.002378398142159285 0.002684740315048889 0
817 0.01986686391689892 -0.005038541534951724 0
818 0.0008853222250337878 0.001540245882014891 0
819 0.001245802201615762 0.001563962359768084 0
820 -0.0009543879322468969 0.005122117127280653 0
821 -0.0001043998307211262 0.004798946931190332 0
822 -0.01738035365216414 0.01205372362922487 0
823 -0.01598573020517403 0.0137420391255222 0
824 0.01356220708064455 0.00629316307506263 0
825 -0.0130524259590408 0.002278656806734939 0
826 -0.003684001985095154 0.01187700898837985 0
827 -0.006194018705999443 0.02074978698948418 0
828 -0.00778832267250879 0.01902308172578087 0
829 -0.008336559766618252 0.004177323905565838 0
830 -0.01694366142313869 -0.01190471695485435 0
831 -0.01701710963797211 -0.01431335562572542 0
832 -0.003101100094807215 -0.01304751112685378 0
833 0.001739233084253801 0.01501981142910807 0
834 0.001091488916229417 0.001278284759984207 0
835 0.01445343996955186 0.002490438367251792 0
836 0.001412957689884641 0.001291097058044828 0
837 -0.001270453223583658 0.001293406975467112 0
838 -0.001454693518096092 0.001012996081884791 0
839 -0.00181837473597737 0.001084014234120171 0
840 -0.001684886491801296 0.0007767742895440801 0
841 -0.002020004720757795 0.0008107133171050125 0
842 -0.001876109211912251 0.0005084673662551378 0
843 0.01494916714284887 0.01545750181904976 0
844 -0.01168378293465964 -0.01029797890047575 0
845 0.005728064566531528 0.01406015773672775 0
846 0.01197086319955821 -0.01334811294673204 0
847 0.01407557432100087 -0.01395615231004047 0
848 0.01454432020644866 -0.0161946715931458 0
849 0.001267495076240023 0.001037884673707819 0
850 0.01044084657780329 -0.006568704049993226 0
851 0.0005642915034585584 0.00155484805998338 0
852 0.0003961146057666445 0.001784592163095789 0
853 -0.01155474270514583 0.001593678002008706 0
854 -0.01174917090027424 0.003245852627938469 0
855 -0.002194991852256258 0.001144500358880047 0
856 -0.002399638418753395 0.000838705853829641 0
857 -0.001568627795982339 0.0005002369775059952 0
858 -0.001699941763442247 0.0002249942016363174 0
859 -0.002047937982854292 0.0002311669176244245 0
860 -0.001882384559759207 -3.509829204459916e-05 0
861 -0.0003605935989760407 0.002096152234804971 0
862 -0.0003222270057216433 0.00174718156608536 0
863 -0.0003810664213865656 0.002521970378670707 0
864 -0.0005374089276410063 0.00155802318786971 0
865 -0.0002063161079232693 0.02120113518845812 0
866 -0.001615366877953018 -3.635869267632592e-05 0
867 -0.001692082487566661 -0.0002847990619178615 0
868 -0.002032337708590379 -0.0003060484633583468 0
869 -0.001846796872845329 -0.0005597228278362838 0
870 -0.001551335934678075 -0.0005460577454766885 0
871 -0.001672340972071284 -0.0008016440745010851 0
872 -0.001402326183645723 -0.0007687347423001996 0
873 -0.001508111974051725 -0.001019245672729955 0
874 -0.00122496031964453 -0.000986990564754428 0
875 -0.001346450955977362 -0.001232293350185358 0
876 -0.001096125890382783 -0.001219206891934634 0
877 0.01625250233913773 -0.01465088843437353 0
878 0.02155234492815835 -0.003552073694341188 0
879 0.01033167425435228 0.01100375135326404 0
880 -0.002494782728562216 0.01303208197526386 0
881 -0.004216882893895197 0.01350561643036492 0
882 -0.01322614371785777 0.003911169867190455 0
883 -0.01708002212526747 -0.009875373557090193 0
884 -0.01843797987066647 -0.01101847041368874 0
885 -0.006811755349191999 0.01680250891811748 0
886 -0.009341619818900995 0.01726343932077792 0
887 -0.001813178339387257 -0.001048932675543045 0
888 0.001590885124598977 0.001031035924802998 0
889 0.001414682540034697 0.0007622910722823648 0
890 0.01121277169222477 -0.01904002377688366 0
891 -0.004666160868142558 -0.01232035891608162 0
892 0.016798030398843 -0.01697842191864901 0
893 0.0003025920726919432 0.001491934851115479 0
894 -0.01819452157073163 0.01430659446468871 0
895 -0.002179512151179469 -0.0005995569548683895 0
896 0.00171493530658782 0.0007765090069794495 0
897 0.001585581764742868 0.0005221474348211083 0
898 0.001867439967146536 0.0005187467383517802 0
899 0.00171335159771451 0.0002651777220233574 0
900 0.002018951749448575 0.0002589409890285127 0
901 0.0157198372126729 -0.01238680165917261 0
902 0.01796424802176263 -0.01306349133351901 0
903 -0.007391214529288557 0.00176936025563092 0
904 -0.01010093230430931 0.01949052550630609 0
905 -0.01170571334674835 0.01770984189018439 0
906 -0.003325633595238743 -0.01142055339288839 0
907 -0.001876746247311327 -0.01203720201467548 0
908 -0.0047246282101674 -0.01074310879891659 0
909 -0.0002917951965981609 0.005770948341623169 0
910 0.0006055204164866542 0.005471383134296464 0
911 -0.001183022053256548 0.006076286305747982 0
912 -0.003600285637144982 -0.002937158180346138 0
913 -0.004125406624885383 -0.003612919093051216 0
914 -0.003364795868651083 -0.003674998002338439 0
915 -0.001162707022126022 0.001025224487564344 0
916 -0.0009881799189542749 0.001209852274940769 0
917 0.009493142627217763 -0.02051114935091857 0
918 -0.0002599737800207537 0.001448225173965848 0
919 -0.01724397776412541 0.006125013980305744 0
920 -0.01946159472734966 0.006479716866218794 0
921 -0.02021542321044251 0.00856906828010197 0
922 -0.01133837276875316 3.67930184815138e-05 0
923 -0.01016408903859886 0.000992108105914741 0
924 -0.015378378274462 -0.008602829217714133 0
925 -0.005228368934724561 -0.002831121403775112 0
926 -0.005517435297441932 -0.00207076261698905 0
927 -0.001195013643866681 -0.001449197185869194 0
928 -0.0009389709965389592 -0.001411419043017756 0
929 -0.0008354012575968397 -0.001182618787107117 0
930 -0.0006963137081422176 -0.001377565349793067 0
931 0.00146996012742316 0.0003265928986172635 0
932 0.00153727034700255 4.156929695155712e-05 0
933 0.02201990960125682 -0.005815352209184181 0
934 -0.007462379573691128 0.005219766360803091 0
935 -0.008980880004995686 0.005539820552030231 0
936 -0.0006584675587570366 0.01250070917309271 0
937 0.008233522489577988 0.01139395769241877 0
938 -0.001291448156598614 -0.0005218723908934452 0
939 0.00177727387589011 0.001301180220655452 0
940 0.005849045605962088 -0.01060214174303342 0
941 -0.01866151046359715 0.004447640564960064 0
942 -0.02090425977030821 0.004726824055915324 0
943 -0.02015966806029999 0.002675729049279324 0
944 0.0171514492472741 0.01484833997511137 0
945 0.01672362327641895 0.01722673564879223 0
946 0.02015462024297222 -0.00746377176981518 0
947 0.002106846733644501 -0.01197999843390512 0
948 -0.0007763845510927985 -0.00159304663317653 0
949 -0.0005474127199299976 -0.001539972228186392 0
950 -0.0005810864544401721 -0.00179966644363068 0
951 -0.0004748737142864458 -0.001322463562600365 0
952 -0.0003339323650593314 -0.001484911975617529 0
953 -0.02240843393113109 0.002948392409952924 0
954 -0.01245626010715018 0.01999832699859027 0
955 -0.01436336079710507 0.01774544502236755 0
956 -0.0004409704478241 0.001329389831824129 0
957 0.0007917338878261481 0.004595297983642129 0
958 0.001467703640896974 0.005157149293257627 0
959 0.01251524389164521 -0.002977978454845785 0
960 0.01235085941433006 0.01809381468629166 0
961 0.01178411127884195 0.02037806146514053 0
962 0.009468118557002083 0.02093015967453284 0
963 0.01163520819920324 -0.02131666980080728 0
964 -0.0002721807664447664 -0.001288635001095886 0
965 -0.0001364493263634027 -0.001434624034637097 0
966 -0.001173521758550073 -0.0007401687981572586 0
967 -0.001016956037282974 -0.0008823882745484003 0
968 -0.009229017197569156 0.003132917878454254 0
969 -0.0008393672352815079 0.001616811412269611 0
970 0.02379199007089423 -0.004231721311775395 0
971 0.02325661607757479 -0.00177791176552321 0
972 0.0009955665117751364 0.001033653469766573 0
973 0.001302076828841296 0.006074595311719028 0
974 0.001126519746738261 0.0007994279549604406 0
975 0.001231656030176561 0.0005975310728208616 0
976 -0.004573012757013364 0.02236976557596195 0
977 -0.006858207422403605 0.02318764298804591 0
978 0.0004724177725192799 0.001301860007037707 0
979 0.0001714319991233898 0.003121684279519905 0
980 -0.01739695177430148 -0.007981440466665117 0
981 -0.02500432395743395 -0.001062629262867263 0
982 -0.001470171093988033 -0.001500072029447329 0
983 -0.005584829788104059 -0.0191985050433955 0
984 -0.007291884549124071 -0.02053201420741414 0
985 -0.005263063311761614 -0.02145125966395389 0
986 -0.00709306047125116 -0.0228858567309724 0
987 -0.009257093853556369 -0.01959549222292609 0
988 -0.01971845579499634 0.01247574653966485 0
989 -0.006053996887431474 -0.002719016487071947 0
990 -0.006380245350045244 -0.001860560775017712 0
991 -0.006976776649325844 -0.00261452768914858 0
992 -0.007345907519169372 -0.001693702413933725 0
993 -0.006680327291637376 -0.0009163572492942077 0
994 -0.007693457817534921 -0.0007160878913214327 0
995 -0.007993477125453069 -0.002490367693598612 0
996 -0.009959386443597597 -0.000277780711131247 0
997 -0.00880863015308548 0.01522297419268723 0
998 0.007387887718469557 -0.0197315889810589 0
999 -0.007070036753846655 5.492681598707359e-05 0
1000 -0.008060099048176075 0.0002231734844993828 0
1001 -0.01749881703610098 0.00071834548333307 0
1002 0.01118618935468936 0.02275197781228929 0
1003 -0.0205272134065721 0.01485345038718077 0
1004 0.007634489940909854 -0.02195114075004169 0
1005 0.005504676919424044 -0.02120026764557777 0
1006 0.005752647957861852 -0.02347393197991331 0
1007 0.003503947180332458 -0.02259827614869776 0
1008 -0.0001873895055057191 -0.001635048093270105 0
1009 1.555457379235473e-05 -0.001577590454180475 0
1010 3.756421529793877e-05 -0.001377361107018553 0
1011 0.0002201764786896149 -0.001473306996720812 0
1012 0.0001904873153922127 -0.001746629895804067 0
1013 0.0004094984544704807 -0.00165125080181136 0
1014 0.0004494629777313836 -0.001409054999721601 0
1015 0.000634699247311432 -0.001560653684979331 0
1016 0.0006628821631483329 -0.00132639293629276 0
1017 0.0008588777200229752 -0.001471943992943578 0
1018 0.000875524649035913 -0.001207410176138666 0
1019 0.001089674211451135 -0.001375016856405621 0
1020 0.001113459661744204 -0.001123556354410372 0
1021 0.0006081851024371866 -0.001815178908841861 0
1022 -0.0148959932633138 0.02057029168856666 0
1023 -0.001279493219304438 0.01423180037556027 0
1024 0.0009369713582706 -0.0009893800967801613 0
1025 0.0011307444424935 -0.0008892237939145665 0
1026 0.001336540013194488 -0.001017297055174337 0
1027 0.001346261692974512 -0.0007626300566137117 0
1028 0.001567777338623391 -0.0008944776610259503 0
1029 0.001581028842061997 -0.0006238871706455724 0
1030 0.001319983121793939 -0.0004558386238408476 0
1031 0.001162225741711615 7.717804668281264e-05 0
1032 0.003859102828955767 -0.02506364248029072 0
1033 -6.45871094417515e-05 0.001586037394530716 0
1034 -3.384057398154692e-05 0.001369199765545356 0
1035 0.001831802362489712 -0.0007995074681378597 0
1036 -0.02313100788834337 0.005192887458810784 0
1037 -0.0002553660003759555 0.001237210335933738 0
1038 0.01735666641925247 -0.01091790325072076 0
1039 0.0196503411434053 -0.01149868479144081 0
1040 -0.002328284055694728 -0.00033087309013695 0
1041 -0.002555912604351553 -0.0006447099230671874 0
1042 0.01496651014727065 -0.01840823661584407 0
1043 -0.003186830760224403 0.0006500773020926446 0
1044 -0.00143778900556113 -0.0003485651438580902 0
1045 0.0004801012356067384 -0.001186878079144039 0
1046 0.0003235074772050143 -0.001278299260992582 0
1047 0.0006659988318289925 -0.001126230779935543 0
1048 0.00107539550635919 -0.000254494906141272 0
1049 -0.001399751093127973 0.0007141377306042081 0
1050 -0.001294104347677262 0.000479623393720089 0
1051 -0.001177182123116098 0.0006846687795400677 0
1052 -0.001452101392281752 0.0002777767474134036 0
1053 -0.000579685504353955 -0.000924320985192264 0
1054 -0.0005786361623137642 -0.001075609573132697 0
1055 -0.0007175311800976112 -0.0009826644972382016 0
1056 0.001238648314883821 -0.0002273606729076633 0
1057 -0.0008662714022170223 0.0006623872129322022 0
1058 -0.0009192248528172623 0.0008012611689650307 0
1059 -0.0008159218409064077 0.0009099491368082147 0
1060 0.001575152143551074 -0.02401501843039118 0
1061 0.001324606553951341 -0.02178661772866361 0
1062 -0.0007052089582980062 -0.02321019022048825 0
1063 -0.0005763796990529999 0.0009325848163067012 0
1064 -0.0005568474414940376 0.001061319655948408 0
1065 0.001562491415277029 -0.0003816063649032528 0
1066 0.0008070481116468041 0.001281386649675919 0
1067 -0.0006745858462301856 0.001357309047420569 0
1068 -0.0008782493925012916 -0.0006681750792693085 0
1069 0.002618214493473157 0.0005843001328793684 0
1070 -0.002644147065287981 0.001209140525599082 0
1071 -0.002359241247946502 0.00155811241893497 0
1072 -0.005455597540895091 0.01222663738204623 0
1073 -0.005668783634986329 0.01381082978494884 0
1074 0.001597661455271753 -0.001764752814585884 0
1075 -0.001395577509231189 -0.002014848286610833 0
1076 -0.003545913233503989 0.001981772403728941 0
1077 -0.003710014145295698 0.002780099432163571 0
1078 0.001163219722469885 0.000239537408035388 0
1079 0.009064400805674501 0.009689046392707819 0
1080 0.01048551818771472 0.009422502211227106 0
1081 -0.004804864653483081 0.0152956517959565 0
1082 -0.01331118219281487 0.01582134908416248 0
1083 0.0002700332766438455 0.001276643360462879 0
1084 0.0001220258388567776 -0.001173398886173544 0
1085 0.02256785936663388 -0.008171309749710301 0
1086 0.0007395933107109951 -0.0008011550803506951 0
1087 -0.02163809282038406 0.0009514023691366371 0
1088 0.0009825279395823578 0.0004863104063625157 0
1089 -0.002507759261229014 0.007445863976650455 0
1090 -0.0003957093863926105 -0.001183109503631691 0
1091 0.0004013576060837342 -0.001037691861908556 0
1092 0.000520283335467642 -0.0009952218106116788 0
1093 -0.001052908450761697 0.0003139321604507261 0
1094 -0.001152713489974805 0.0002567374062919771 0
1095 -0.001196489081436753 0.0001434691419144681 0
1096 -0.01078458709193512 -0.001263755410450283 0
1097 -0.0002178641591278251 -0.001068829865450527 0
1098 0.01512611344140611 -0.01039965761171294 0
1099 -0.001057218420000777 -0.0003042988753746268 0
1100 -0.001010442006365951 -0.0004352967500681989 0
1101 -0.001176942487332719 -0.0002580412207999445 0
1102 -0.001207369214118367 -0.0001312674514923522 0
1103 -0.002907519122508317 -0.003165899124255403 0
1104 -0.002642687260755056 -0.003761209442716926 0
1105 -0.003047087503850432 -0.004341228772347205 0
1106 -0.002292368515274202 -0.004412392029127648 0
1107 -0.001962595533204691 -0.003801808653259614 0
1108 -0.001566321431760818 -0.004427835345652751 0
1109 0.0002785484986607464 0.003628479126994542 0
1110 0.002503502355033578 6.724085802462379e-05 0
1111 0.001740675927212178 0.001908405102583281 0
1112 0.001153204821711235 -0.0006508171555840131 0
1113 -0.01522969055760536 0.005913216609883304 0
1114 -0.0002006520599135941 0.001076861946948722 0
1115 -0.000325102095109329 0.001080264256625194 0
1116 -0.0007264646558014659 0.003460501360304171 0
1117 0.0004138204769128368 0.001012284542669287 0
1118 0.000518463487122277 0.0011084248509734 0
1119 0.0006560367466587014 0.00103525832623358 0
1120 -0.001976032554933621 -0.01046381728639591 0
1121 -0.000706082494629943 -0.011182254866392 0
1122 -0.00049964626081641 -0.01251954374961638 0
1123 -0.003469095085384768 -0.009972454005596786 0
1124 -0.004728714995398178 -0.009185709687040361 0
1125 -0.006016141573452113 -0.01004373728774972 0
1126 -6.880518481097339e-05 0.00188907130028625 0
1127 1.015380705717177e-05 0.002253389732747637 0
1128 0.004543061252017949 -0.005415944652845057 0
1129 0.003460200945072997 -0.005250661779958965 0
1130 0.002756208806469692 -0.005915577674465248 0
1131 0.002588357579974869 -0.004915311072921008 0
1132 0.003159373336749587 -0.004360059909125659 0
1133 0.001888577171648846 -0.005522366572142849 0
1134 0.001801255315340831 -0.004532175582227135 0
1135 0.001095338410707087 -0.005187357537627789 0
1136 0.001012321013501459 -0.004296124025650327 0
1137 0.0003955884566359007 -0.004870011184341731 0
1138 0.0002943882494651688 -0.004181584283112653 0
1139 -0.0002848613457749588 -0.004625136598448457 0
1140 -0.0001946317142196836 -0.005341080206479184 0
1141 -0.0002710072436921747 -0.003988266435181366 0
1142 0.001987699087340283 -0.006447986091446711 0
1143 0.004528027346854541 -0.004304190498537811 0
1144 0.00525582083074666 -0.003722515700504264 0
1145 0.0043373678630368 -0.003419518347612235 0
1146 0.004951069961644496 -0.002810089670624168 0
1147 0.005822006602509447 -0.003023452502160147 0
1148 0.005549437200989388 -0.002130975707419918 0
1149 0.004105859629008322 -0.002625661827323547 0
1150 0.00657865395914951 -0.00228141367283535 0
1151 0.003517677559801554 -0.003100590591987442 0
1152 0.006107024095373782 -0.001426830520163315 0
1153 0.005223209467475464 -0.001281312629765066 0
1154 -0.0009921602646026165 -0.005082041464587359 0
1155 -0.01180916335023636 0.004970428554127293 0
1156 0.01735176292922261 -0.01942954461929277 0
1157 0.002469901762594977 -0.004054095990094538 0
1158 -0.01652276422419875 0.0161346756324482 0
1159 -0.002520954797344388 -0.005713025364224952 0
1160 3.742392667561225e-05 0.0010954567248697 0
1161 -0.005415100256677486 -0.004412949265610509 0
1162 -0.004487155510560421 -0.004929688822448165 0
1163 -0.0006084238183342798 -0.006421656320549474 0
1164 0.006651187673257463 0.0008532544564636995 0
1165 0.005900869726136367 0.0002142556641460304 0
1166 0.005665208283769645 0.001011871082758547 0
1167 0.005103147821645902 0.000493449124657877 0
1168 0.006283637333663526 0.002319498075743573 0
1169 0.005355717625260446 0.002606759234696707 0
1170 0.005153290913730056 0.003503926526315246 0
1171 0.004393106683307496 0.00278557819215554 0
1172 0.004222771225843973 0.003673878886145908 0
1173 0.004840344449117467 0.004350633383213834 0
1174 0.003972036796558159 0.004519990869377205 0
1175 0.004602229905049534 0.005290610630315708 0
1176 0.004714556153429829 0.002021627750895497 0
1177 0.003382885243277306 0.003903747629768584 0
1178 0.003139977322118523 0.004690836816699858 0
1179 -0.0001028661568105337 -0.001286483078921067 0
1180 0.001620689829812782 0.004294880006545503 0
1181 -0.002560453633249868 0.005590538593192799 0
1182 -0.01240637162136309 -0.001200065133809975 0
1183 -0.01549606007774023 -0.006546817441817659 0
1184 -0.01394411236484549 -0.007564963519702322 0
1185 -0.01355452764522227 -0.009399531460208851 0
1186 -0.01212987799500966 -0.008165136963633126 0
1187 -0.01028054206640427 -0.009136455267977968 0
1188 -0.009971932282043091 -0.01082146043067598 0
1189 -0.008589245837298552 -0.009665894366101661 0
1190 -0.008882375896163704 -0.007909283252969124 0
1191 0.00016858345145099 -0.002076122350167958 0
1192 0.01407533384076153 0.01998205092779497 0
1193 -0.004885466913519427 -0.02392847149495084 0
1194 -0.0004779649196098443 0.006738493330877922 0
1195 -0.00746733849245534 -0.003558064864729677 0
1196 -0.006140421575677379 -0.01153734103045622 0
1197 -0.002867038020449587 0.001702994874530911 0
1198 -0.001006792920101605 0.0004419354029843665 0
1199 0.003713377421112917 0.01457739109744428 0
1200 0.004290339322134137 0.01274104857726624 0
1201 0.006235589354117724 0.01194039770964609 0
1202 0.002443915593372112 0.0131589151093748 0
1203 0.003056682396554449 0.01136180843159732 0
1204 0.001122983867222135 0.01170743475060319 0
1205 -0.001007522394264936 0.0006836921853913746 0
1206 0.01404535669852191 0.004387791046116371 0
1207 0.01270152163101199 0.003131899787820251 0
1208 0.01304688658372781 0.00133358113785958 0
1209 0.01479880468407547 0.0005921109900616212 0
1210 0.01332530326781157 -0.0004409248593221501 0
1211 0.01225723893757959 0.004941438364963135 0
1212 0.01179550236482629 0.0066490083214201 0
1213 0.01050800800019761 0.005392496738164242 0
1214 0.01118470355913648 0.003714977120811714 0
1215 0.01171526548918714 0.000200128736076457 0
1216 0.01168848386575023 0.002011495517315916 0
1217 0.01489219216173922 -0.000969057694138426 0
1218 -0.0006924342265347844 0.0009967316076784818 0
1219 0.02053989407813994 -0.01384585303591143 0
1220 0.02217287648953022 -0.01200375452514694 0
1221 0.003482987140322966 0.003108590102670843 0
1222 0.001059004993681156 0.0006114973441986776 0
1223 -0.01090971024360891 0.02177664070799892 0
1224 -0.00620279772086845 -0.01330638010362815 0
1225 -0.007507190638046153 -0.00852336269083096 0
1226 -0.005962782628080716 -0.0001672823844793964 0
1227 -0.009821316088765047 0.007173939093826807 0
1228 -0.002161405923393424 -0.001530853735013141 0
1229 -0.002253857793794389 -0.001046523773495523 0
1230 -0.008040971497566898 0.006833556629035667 0
1231 0.0006492734093004079 0.0008936948288188665 0
1232 0.0004428252590668357 0.002161542942072435 0
1233 0.004566391195188475 -0.001882163744060656 0
1234 0.004419344284907994 -0.00104179981169285 0
1235 0.004939008997840389 -0.0005484106832487705 0
1236 0.0003840225170478594 0.001152564237734227 0
1237 -0.003015657689217649 0.00235175658094874 0
1238 -0.02185454874873729 -0.007099537290041544 0
1239 0.0009154369020184488 -0.0006064792465195734 0
1240 0.0009937450664408429 -0.0007351730244275789 0
1241 0.0009245800982475322 0.0008415204680603228 0
1242 0.007740520812904131 0.01347211923297071 0
1243 0.003346800109683887 -0.002444421279942791 0
1244 0.003788060313607752 -0.001909444207252824 0
1245 -0.006126893334686573 -0.008606450245758237 0
1246 0.01306337091915163 0.008071987596693215 0
1247 -0.01632907474492967 0.00406314295453405 0
1248 0.0008518519420206258 0.0007123641104017434 0
1249 0.0008080162430665416 0.0009506904261274406 0
1250 -0.001099950446072186 -0.0005537756523733866 0
1251 -0.01957014596881652 -0.00750934609609389 0
1252 -0.02122682536415208 -0.00917060097459935 0
1253 0.001031597043568813 -0.0003756496291242263 0
1254 0.00111385578445087 -0.0004845446317098372 0
1255 0.0001707926335745823 0.001081428975431672 0
1256 0.01217555015093615 0.01004385524547542 0
1257 0.006893316348426241 0.01063206635802562 0
1258 -0.001067858120747928 -0.02077414875236461 0
1259 -0.0006960982607231679 -0.0008503320135309317 0
1260 -0.0008252985603268262 -0.0008854549974882931 0
1261 0.001548907067349252 -0.003934440653493129 0
1262 0.003421494338909582 -0.02019631144416369 0
1263 0.01351029392224648 -0.01179956017239897 0
1264 0.01134368409699451 -0.011322133593577 0
1265 0.00111745235171462 0.0004728458360947618 0
1266 -0.0006888985360610217 0.0008587086680519372 0
1267 0.002486846457334659 0.004021232176640426 0
1268 -0.002708295626566884 0.003437215749055809 0
1269 0.006365712315044405 -0.003989499736372069 0
1270 -0.02396187967476959 0.001120763476225798 0
1271 -0.01052743226622397 -0.007434072520281782 0
1272 0.009946853640550136 -0.01281403134896499 0
1273 0.009423526960029759 -0.01092404353925115 0
1274 0.01074119011296422 -0.009613572440078691 0
1275 0.008973593305205073 -0.009111234493697797 0
1276 0.007471762089678064 -0.01052854809858718 0
1277 -0.001359773512899523 -0.003783627633756366 0
1278 -0.005773475971735935 -0.001145434817155168 0
1279 0.0007552776581312736 -0.01453215403715982 0
1280 -0.01385671631183003 0.00750416781759073 0
1281 0.004852150608665902 0.01106586415970206 0
1282 -0.0004829148403318162 -0.002084286926231056 0
1283 -0.001022406337737745 -0.001658247855591957 0
1284 0.01002712111612451 0.006900449224944299 0
1285 0.01907863762371764 0.01665447095524876 0
1286 0.01967883936866807 0.01395731332120225 0
1287 0.02254794074532692 0.0133424986460179 0
1288 0.01869127607678309 0.01919989362022314 0
1289 0.02101307669453817 0.01159715712234823 0
1290 0.02332345590151603 0.01122146735909038 0
1291 0.02171062561740596 0.009168550886140717 0
1292 -0.006385525146531885 0.006307443880918077 0
1293 0.002188712785679575 0.0005581356838266183 0
1294 0.000965950210699554 0.003810314265158138 0
1295 0.001837156756441054 -4.093360867617747e-06 0
1296 0.003890146634086815 0.006155440997967101 0
1297 0.01905087954679698 -0.01758326424276966 0
1298 -0.007407126094168688 -0.01071860553409151 0
1299 -0.01098640779419812 0.01547057730831367 0
1300 -0.01010742597815373 0.004168572761333536 0
1301 -0.002981690643310623 -0.02230146208442345 0
1302 -0.005782056303292427 -0.003486047588915075 0
1303 -0.003846315694224909 -0.004325372560543068 0
1304 -0.003326327772980013 -0.002285976881934934 0
1305 0.01283992448240801 -0.009707098371731887 0
1306 0.001316510605564313 -0.001272393385830943 0
1307 0.0007221657100762827 -0.003784978658647935 0
1308 -0.001976837345704233 0.002186379820431216 0
1309 -0.006750638961907728 -0.02507911250476752 0
1310 -0.009125917558606108 -0.02443526190871692 0
1311 -0.002511451808032371 -0.02532081559230456 0
1312 -0.002582539003523398 0.01604086877980787 0
1313 0.007144219098488419 -0.001355860069455071 0
1314 0.002895587211725433 -0.007050449110601579 0
1315 0.0005514155502931378 0.01370064041634637 0
1316 -0.0002381844649520145 0.0110491775294898 0
1317 0.001184229553114297 -0.006060646790212313 0
1318 0.005886699098000512 0.004325454535567184 0
1319 -0.00881003262992712 0.001877722378331297 0
1320 0.002162865849408108 0.001334781369285942 0
1321 -0.001095841984154175 0.0005411667630472913 0
1322 3.514803348255305e-05 -0.001091525525751633 0
1323 -0.001573954246202538 -0.01372781293699133 0
1324 0.001070013915660164 -0.001645142833307669 0
1325 -0.01795330455167529 -0.005947626261716836 0
1326 -4.503201742810417e-05 0.001207811394303731 0
1327 0.002952658504174389 -0.003536380675024925 0
1328 0.007064201173149071 -0.003180709619076483 0
1329 -0.001890008252126672 -0.005124625599326817 0
1330 -0.0008829745303512116 -0.004259768719376215 0
1331 0.0007283912481554577 -0.01134816765181439 0
1332 -0.0272386087184309 -0.002782367975689884 0
1333 -0.0275396734799056 -0.0001034810321559312 0
1334 -0.01690880849280384 0.01869260205965931 0
1335 0.005418497602338504 -0.009241758886802934 0
1336 -0.00106334235538858 0.000829259510321103 0
1337 0.008014324714794898 0.01916285334181292 0
1338 0.007244648262772126 0.021304996031606 0
1339 0.00870592966784111 0.02328327204457256 0
1340 0.006121119313327109 0.02368295514383662 0
1341 0.00584000089977477 0.02675888844204656 0
1342 0.003778021810505487 0.02491767516077023 0
1343 -0.002066093674315043 0.02757010407027471 0
1344 -0.0007135731851520936 0.02528788609383197 0
1345 -0.0003587195373496511 -0.001048574584242707 0
1346 -0.01477336100424312 -0.02313882304209622 0
1347 -0.01448114642610178 -0.02045258655123842 0
1348 -0.01651148841241924 -0.01879154955869525 0
1349 -0.01401655396937735 -0.01797370308416426 0
1350 -0.01247141396206779 -0.01956972622511009 0
1351 -0.01917702462753254 -0.01964760386553024 0
1352 -0.0185386882715276 -0.0168848484944187 0
1353 -0.02110951895077743 -0.01778196194794042 0
1354 0.00726645612696154 -0.01756325760976173 0
1355 0.002192338381007276 -0.01357566247600968 0
1356 -0.001710699089361803 -0.00326769973908093 0
1357 -0.002286044829731706 -0.003256548818356192 0
1358 0.0007620363149959332 -0.0009324140312982832 0
1359 -0.02418791313450287 -0.01314147007310802 0
1360 -0.02133098466630809 -0.01343993783827438 0
1361 0.02656363331273087 0.006901246461964316 0
1362 0.02451289535773438 0.005138712992661575 0
1363 0.02484874582706019 0.002527708931175179 0
1364 0.0224051367099771 0.003575619449408806 0
1365 0.02225562143128412 0.006208963911435163 0
1366 0.02735982489441721 0.001377095143453788 0
1367 0.02235801976425315 0.0008597342209931668 0
1368 0.0250015272451699 -2.410337605015271e-05 0
1369 -0.02545085253876818 0.01073813847700987 0
1370 -0.02310971123262787 0.01091316929992477 0
1371 -0.0156279223645359 -0.0164212850581386 0
1372 -0.01923522401095269 -0.0146679014662316 0
1373 -0.004986442774264894 -0.001319314998786381 0
1374 -0.0146963450241957 -0.004897911522975881 0
1375 -0.01496753125578041 0.0232748141036366 0
1376 -0.00850607246843392 0.02126987708412707 0
1377 -0.01161588811376705 -0.006696152937054813 0
1378 -0.006195376549460748 0.001809533069256114 0
1379 0.002239440644095332 0.004806263625872322 0
1380 0.002170795208466018 0.005785327338793674 0
1381 0.003986225444433778 0.02253387810914561 0
1382 0.001348536524079981 0.02329945344797348 0
1383 -0.001095406830870228 6.749636677880803e-05 0
1384 -0.0008279021020369526 0.001079974610771703 0
1385 0.01281870233288861 0.01598360445768596 0
1386 -0.000912965451532885 -0.0007841247734796034 0
1387 0.007393847943976357 -0.008950881909822787 0
1388 -0.02703228822878298 0.005302314874472746 0
1389 -0.004926348904443681 -0.003568434143692792 0
1390 -0.008357244858950747 -0.001479196087583128 0
1391 -0.0006142955576165749 -0.001216874341631901 0
1392 0.005636166187689046 -0.0006333357465933898 0
1393 -0.009330594768836454 -0.006418584030419007 0
1394 0.001255004709873237 0.0003869323088352574 0
1395 0.02448981653373056 -0.006614235272139376 0
1396 0.02628827285916486 -0.005020347337517219 0
1397 0.0001137394059470239 0.001210479242542571 0
1398 0.01425573915580019 -0.003435899708727742 0
1399 0.01190656282021404 -0.007182739095915484 0
1400 0.01336692701312617 0.02203291289204158 0
1401 -0.01877856350688918 0.01029053163040229 0
1402 0.001845122963003244 -0.0004791107877302353 0
1403 0.00978778179344336 -0.02332209151574578 0
1404 0.01220280487152026 -0.02380894564691469 0
1405 0.02480594022667999 -0.01198519191707846 0
1406 0.0233499856858691 -0.01429243704336346 0
1407 -0.01014945183701458 0.02602521349010012 0
1408 -0.007476786073170311 0.02604500221192654 0
1409 0.01820170251173405 -0.006245339108091599 0
1410 -0.01459749394541609 0.002936980345055279 0
1411 0.005944228918549271 0.01956011908797999 0
1412 0.01848724520745505 -0.01534515319300681 0
1413 0.01839870484845887 0.008477302614622623 0
1414 -0.01882663310094732 0.01679848252281117 0
1415 0.02018262640508937 0.00264279978633937 0
1416 -0.002363289054154847 0.02169229586532145 0
1417 -0.009281076020271173 -0.01744896890917261 0
1418 -0.0007774809135959611 -0.003154532413201981 0
1419 -0.01380267256982335 0.0134830354857726 0
1420 -0.02167208817915509 0.006849309087802834 0
1421 -0.009861039430552481 0.01199904820283216 0
1422 -0.008971330215849133 -0.002984211420773749 0
1423 -0.004049805256252395 -0.01795125227272069 0
1424 0.001981930375998983 0.02078545562477585 0
1425 0.01885850922801124 -0.009466916936071398 0
1426 0.006170227214002036 -0.0261129176827757 0
1427 0.02097383364168375 -0.00141445322731385 0
1428 0.01887930975901747 0.006340102015614476 0
1429 -0.009043572799619953 -0.02189082327071633 0
1430 0.006300041883006178 -0.01197522103231203 0
1431 0.012864982861026 -0.01762983787521284 0
1432 -0.02358255153036419 -0.008843281382928564 0
1433 0.01745690668489841 0.01267598403795959 0
1434 0.003223960192896141 0.02737838286924955 0
1435 -0.01714483371317129 -0.0009781110448584623 0
1436 0.001926435563095024 0.001024506411891792 0
1437 -0.0206678903270796 -0.001023594197056224 0
1438 -0.02127582120016792 0.01750864681518496 0
1439 0.0006475391036954239 0.001201490510885133 0
1440 0.00129689602187167 -3.868466447891641e-05 0
1441 -0.004825357801407086 0.01068365046191669 0
1442 -0.01316390799806076 -0.01599236693987093 0
1443 0.005526248023424405 -0.01681544635693691 0
1444 0.01097047399804552 -0.002723582813260913 0
1445 -0.0006860527514059118 0.001152999642538445 0
1446 0.009168475053206731 -0.005983179027609153 0
1447 0.009187768748477555 -0.007480387363293927 0
1448 -0.01256299717221936 -0.0219402898693901 0
1449 -0.008090263529194862 -0.006622925487892944 0
1450 -0.02501044413392718 0.003463497237358128 0
1451 0.008886949827515617 0.005881640940714191 0
1452 0.009483420884676521 0.008302540890303224 0
1453 -0.005139395085606535 9.608499398964722e-05 0
1454 0.02404814588870102 0.007597032033623314 0
1455 0.008953545445532132 0.0046178586338292 0
1456 -0.01728778921174531 0.02151047953890647 0
1457 -0.000794101140730571 0.002783368626371624 0
1458 0.0008761567610345727 -0.0008386586897658176 0
1459 -0.001490137034734756 0.007109605040679152 0
1460 -0.01937968382780846 0.0009188177637479959 0
1461 -0.001217625131498612 7.321628260912877e-06 0
1462 -0.001340445450015111 9.61030912457409e-05 0
1463 -0.001373361306792226 -6.571307611424959e-05 0
1464 0.01022325057837826 6.075268757511924e-05 0
1465 0.0002612003862282283 -0.003560646125937387 0
1466 0.005498361908375051 0.009000475280951522 0
1467 -3.805588448128762e-05 -0.00182506566567067 0
1468 0.0004930425714445582 -0.005619181330705383 0
1469 0.002060590968179406 -0.0105353741951245 0
1470 0.002205611204585901 -5.016544272781718e-05 0
1471 -0.001987371024570929 -0.008613099464812247 0
1472 0.0004346710272152731 0.006424234512990418 0
1473 0.003042422247023972 0.009706095507198286 0
1474 0.0003918040721063696 -0.00188009984726234 0
1475 0.003240715017991977 -0.02755327087880069 0
1476 -0.005953352067556656 -0.007310393477207262 0
1477 -0.0180198332314848 0.002468165332444708 0
1478 0.002025388992968064 -0.001101449330077443 0
1479 0.009306802076412565 0.002275159396046002 0
1480 0.01117649073691753 0.02528276061307892 0
1481 -0.01033049580497566 0.002345521166699109 0
1482 0.005491388359427306 0.005772583593489362 0
1483 -0.0008735943059544138 -0.001022711345830744 0
1484 -0.006270907881596121 0.004729864918625347 0
1485 -0.002214168952626288 0.0005193346415050861 0
1486 -0.002412057258490737 0.0002374863317305806 0
1487 -0.008766774024227118 -0.000516889863200492 0
1488 1.048370302001949e-05 -0.009465734971590896 0
1489 -0.001056686159627909 0.001478129159071088 0
1490 0.003742935393761085 -0.0008327818388526441 0
1491 -0.02290996849224777 0.01537597845412191 0
1492 -0.0003233467826028402 0.003006725131006579 0
1493 0.003130011958775927 -0.001853226998988663 0
1494 -0.00393694892454377 -0.008015914786412419 0
1495 -0.0003786368803447424 -0.001659273255832468 0
1496 -0.002530061261558283 -0.002745194623532809 0
1497 0.0005716101510630928 -0.002102635326205234 0
1498 -0.002723286654444641 -0.004988355827378198 0
1499 -0.006577374257392568 0.0009319816097754256 0
1500 -0.01044073722347607 0.005770670770483367 0
1501 0.006279553118228736 -0.008405189326111182 0
1502 0.01208234452495079 -0.001288574111907606 0
1503 -0.002813405595278543 0.02382758173929415 0
1504 -0.00220878126304155 -3.978745067519351e-05 0
1505 0.0001680422324920105 -0.001074739634533301 0
1506 -0.001794521839158172 -0.02771799420937358 0
1507 -0.009350444469445669 0.02376151589021636 0
1508 -5.96784650277469e-05 0.01558517166033919 0
1509 0.004024775986071968 0.002080945266784445 0
1510 -0.005415796803256636 0.005512630564204987 0
1511 0.003802945125939685 -0.0003219049537647934 0
1512 0.001278514138707015 -0.007012206087766424 0
1513 0.004385061556426756 0.0005639265053164315 0
1514 0.002432134858711717 0.003399371649231685 0
1515 -0.0018023068354014 -0.001590921657204883 0
1516 -0.001953137225855545 -0.0008112760612488652 0
1517 0.004790221257276258 0.001189118301766661 0
1518 -0.0003401650948850372 -0.003058926906653144 0
1519 -0.004921261593716085 0.02476626871764057 0
1520 -0.0009713374214555609 0.0009713041880008125 0
1521 -0.001093348163900272 -6.615151597807157e-05 0
1522 -0.001017674302394016 -0.0006943960550996076 0
1523 0.003055749094252074 0.002464483198026768 0
1524 -0.001748093860218009 0.005318201205276376 0
1525 0.003025917278228541 0.005534424698479598 0
1526 0.01455091115450771 0.01779028153669532 0
1527 -0.02373690678664677 0.007338547217224503 0
1528 -0.00285077175479081 -0.0009747785333151899 0
1529 -0.0004390482786151233 0.00108621310788166 0
1530 -0.01341788542506297 0.005614874490451067 0
1531 -0.001329212878640807 -0.0002219326773519854 0
1532 0.02114926526427225 -0.009864672394662448 0
1533 0.02337467357973944 -0.01022098338708695 0
1534 0.003740984927450716 0.001543549856809812 0
1535 0.001573209261752501 0.001555541955708283 0
1536 0.001898206402050394 0.001591020178014728 0
1537 -0.00438243905603472 -0.001045402814568977 0
1538 0.008114966535821506 -0.006812526692903791 0
1539 0.010506118161052 -0.008082857921417635 0
1540 -0.02274141476727164 -0.01108625379132664 0
1541 -0.001140683570755846 0.0003966505195018583 0
1542 -0.0002564571566397552 0.003919810605076662 0
1543 -0.00128469569302901 -0.001732654453434414 0
1544 0.001941821009607919 0.00681378533088981 0
1545 -0.003602682420106843 0.003583989750657811 0
1546 0.01367507144537756 -0.001935301004375081 0
1547 0.02555250277401517 -0.002625522643034167 0
1548 -0.001973680136078293 0.001461370792640915 0
1549 0.001300389119201916 -0.003137515024536579 0
1550 0.0008345785475120777 -0.001722566455574016 0
1551 -0.006437584622927522 0.01107014076329776 0
1552 0.001220771705257264 0.003216038717528998 0
1553 0.0003967462446589182 -0.003084101504710342 0
1554 -0.01477821634800504 -0.01470973441881925 0
1555 -0.001610131676328266 -0.0012669769338184 0
1556 -0.008647842749097323 0.0133208010308059 0
1557 0.0008103123204702619 0.00111551279137072 0
1558 -0.003825806982409186 -0.02006342134930374 0
1559 -0.00900878488436881 0.0005738435177367329 0
1560 0.01327075135371182 -0.01980064733565991 0
1561 0.002143729649073879 -0.0007824884674269077 0
1562 -0.00947892293909617 -0.001356462844986785 0
1563 -0.00263160221579647 -0.0001397371097133712 0
1564 -0.002837335131761754 0.0003076890480706808 0
1565 -0.0001600865413754002 -0.001184586735545219 0
1566 -0.0008359924839776498 -0.001817238465043128 0
1567 -0.0002295958041411401 -0.003489776108234686 0
1568 -0.0001571411611380494 -0.02554938377148216 0
1569 -0.01190402141239109 -0.005519889632263432 0
1570 0.002342600187005736 -0.003278516960046541 0
1571 -0.002962194716906514 -0.000578504307526227 0
1572 0.0001258024720388394 0.001437314703797389 0
1573 -0.0008237233833771797 -0.003651704838631 0
1574 0.0008335969888480293 -0.01289526938221474 0
1575 0.01637082692083562 0.01980673318661828 0
1576 0.002847441082200595 -0.002250448125286247 0
1577 0.0001668777603735226 0.001689593608587332 0
1578 0.02687036850689811 -0.007263937660115217 0
1579 -0.002451685447265418 0.002055711710045907 0
1580 -0.0002809120781380506 -0.001154747137993206 0
1581 1.358932343658108e-05 0.002687089831146675 0
1582 0.0003543197033497118 -0.001142550722373448 0
1583 -0.0003067152250554683 -0.001846929341129793 0
1584 0.01382804706772845 -0.02195146488735609 0
1585 -0.0001473923381289118 0.001183789204812583 0
1586 -0.01304298903008872 0.02212446608492127 0
1587 0.0009818194587766329 0.000718487278203861 0
1588 0.008123587837536065 0.008584295608329271 0
1589 0.001315187404742014 -0.001551462000818339 0
1590 -0.001251535222370953 0.0008532573179829029 0
1591 0.02054921132221822 0.007479906701045499 0
1592 0.005513525004505045 -0.01911148093088013 0
1593 0.01486862728366678 -0.008566021500375305 0
1594 0.0002422998426261647 -0.001166894765834423 0
1595 0.02072839315471191 0.01857390126984122 0
1596 -0.0218825774348255 0.01287306876970222 0
1597 -0.00115286819670807 -0.0004033108376251978 0
1598 -0.001277652144968268 -0.0003507444541057326 0
1599 -0.003723506069370987 -0.008973433217954492 0
1600 0.01007830271191653 0.004211129820357058 0
1601 -0.01035775115474903 0.0137327296336399 0
1602 -0.003223290630821842 0.0002104191126056994 0
1603 0.00156036019043525 -0.001179158798798322 0
1604 0.001148204354339694 -0.0003534743545486031 0
1605 0.01120210231635847 0.00797769724556989 0
1606 0.01341281739350027 0.02431461169008699 0
1607 0.0001909728787222951 0.001953410516608374 0
1608 -0.004560065398158376 -0.00416987277706915 0
1609 0.001314096111725353 0.000172187549107227 0
1610 0.003979769007834877 -0.001402484151490061 0
1611 -0.001583266302729298 -0.001789578515336903 0
1612 0.005510611040372519 0.001783227977302159 0
1613 -0.0009139235783993914 0.02307546150087113 0
1614 0.01810390024389533 0.02124862328331692 0
1615 -0.006922051959599228 0.01275585578592786 0
1616 0.003727003384146735 -0.003895934882035112 0
1617 0.0197829479172714 0.009898108675128157 0
1618 0.001435381635822947 -0.0001987379513504722 0
1619 0.004300445789648282 -0.0004394905419891821 0
1620 0.02524064455664522 0.012334257381235 0
1621 0.007810166954460345 -0.02405766047910363 0
1622 -0.001504924030169926 0.0001138947704233281 0
1623 0.0008073487106814489 -0.001068304963957972 0
1624 -0.00029206572300803 -0.01900014735971488 0
1625 0.0006773154791595958 0.01032336106684139 0
1626 0.0006443464567440313 0.001368596594561942 0
1627 0.001298631368070887 -0.001804011054852035 0
1628 0.0002683622832697718 0.004239003757080627 0
1629 -0.006556554100307267 -0.003302416865582551 0
1630 -0.02087196020353134 0.01059209164546329 0
1631 0.001649103460706177 0.0256981391242693 0
1632 -0.002816482820130677 0.0008184711619363323 0
1633 0.01676222542877627 -0.0091328162544777 0
1634 0.01446551975663962 -0.02398012892939071 0
1635 -0.01017394025639072 -0.02642830075668816 0
1636 0.01095060366087491 -0.02567717176803314 0
1637 -0.003075712499753666 0.01442120387139068 0
1638 -0.02227113469273647 0.008876804530506146 0
1639 -0.0005371489087463787 0.0011924025435199 0
1640 0.002020227324531426 -0.003760434981519353 0
1641 -0.001928176113660947 -0.001296841755014999 0
1642 0.01882284654542841 -0.02117633879491549 0
1643 -0.01223623359030832 0.0142736003694112 0
1644 1.177600265873819e-06 -0.001214006000642383 0
1645 -0.0003995271461341773 0.001185096015156924 0
1646 -0.01073552821778494 -0.02282225650613017 0
1647 0.001259312014968923 -0.01982063931555405 0
1648 -0.01078595459614845 -0.02075177602415852 0
1649 -0.01138193189133562 -0.002277273217018761 0
1650 -0.007116450855658572 -0.009560007083509936 0
1651 -0.0007476733990674704 -0.002018583918209348 0
1652 0.004676794680596336 3.901149760547513e-05 0
1653 -0.001070731925446426 0.001703637368914269 0
1654 0.0006786047135803682 -0.001002874069927676 0
1655 -7.366095426654134e-05 -0.005988562759931004 0
1656 0.008227880598099381 -0.008174697377390563 0
1657 0.002454261490461925 -0.01862738567593549 0
1658 -0.002523897635345911 -0.009402942595603887 0
1659 -0.01908336110288026 -0.009458645547544052 0
1660 0.002121548943191861 -0.007359115370010073 0
1661 -0.0008160480447734085 0.001237048236351155 0
1662 0.0009261039650304049 0.001177209417699355 0
1663 -0.001262756222023588 0.0002750600500145895 0
1664 0.0007963326243674681 -0.001981747435990017 0
1665 0.0004144827943130051 0.007364574266616978 0
1666 0.001973702437822179 -0.0002383328066686072 0
1667 0.00103164493828773 -0.0005931604098189226 0
1668 8.574370118308715e-05 -0.01042638148280528 0
1669 -0.001498607594162225 -0.0001814290356056914 0
1670 -0.0004683685093939125 -0.001092276619201808 0
1671 -0.01458650208883316 0.004458374595555746 0
1672 -0.0189588668538526 -0.01275683734598358 0
1673 0.01184372249292626 -0.00848279430365158 0
1674 0.02053012614882106 -0.01927510325115763 0
1675 -0.01082099924745927 -0.01849813120759656 0
1676 -0.02300621700727962 -0.0004625538682253469 0
1677 -0.0007078599211667526 -0.005720376404833826 0
1678 0.005251197482781608 -8.700602868655557e-05 0
1679 0.001079486576482123 0.006903021557796093 0
1680 0.001188408656724892 -0.003618046883538146 0
1681 -0.0007238916927158407 -0.001096095708988132 0
1682 0.001536735368583253 -0.001446784796233574 0
1683 0.004277844154004373 0.001579777512739689 0
1684 0.005303080205329064 0.02122623865904866 0
1685 -0.0007634119162155316 -0.01015344395985673 0
1686 0.003847077957548902 0.01043961324680411 0
1687 0.001405202448887775 0.001831449638421328 0
1688 -0.004645790709058595 0.01705700541453161 0
1689 0.02776330112897988 -0.003463087222371582 0
1690 0.006487502178811338 -0.009638937735695642 0
1691 -0.001997626055245702 0.006403078737379716 0
1692 -0.00863647091175428 -0.01119612921572584 0
1693 -0.0007136467503891235 0.007627533797403075 0
1694 -0.01415877011832962 -0.006160926934805236 0
1695 -0.0001480007284690244 0.001294480436212751 0
1696 -0.007752666389405061 -0.02712833420629648 0
1697 0.01575751200096053 -0.002229224312478265 0
1698 -0.008990232812687996 -0.002125014382323674 0
1699 0.02421978360636633 0.01476498954773076 0
1700 0.005764978407332173 0.0102549586557226 0
1701 -0.007013955811772062 0.01484089506344795 0
1702 -0.003075799502326068 0.00290782178112034 0
1703 0.0002525330556703141 0.0011563883097851 0
1704 0.00024803332752006 0.002444844392276136 0
1705 -0.00253593651635257 0.0005443374074144642 0
1706 0.001698520925894834 -0.000210051995761438 0
1707 -0.007478210542077991 0.0008248339755799035 0
1708 -0.02501343938205807 0.005873094780088206 0
1709 0.01037711851257704 0.002587827678793985 0
1710 0.001055036142020152 0.0002645918350989201 0
1711 -0.008211852836923808 -0.003273003497267545 0
1712 -0.02029657210418852 -0.01115512431856946 0
1713 -0.02592507780183959 0.00117435839114997 0
1714 0.001431101065447711 -0.002074737845569437 0
1715 0.004731076522905098 0.006044013304409631 0
1716 -0.001666972437740503 -0.002044964971434195 0
1717 0.0001652854833212649 -0.001294317499375872 0
1718 0.007740200035028954 0.00979851800382673 0
1719 0.001120530782657879 0.0003502653093669343 0
1720 0.001774146126502827 -0.001048635294104661 0
1721 0.01514358942552142 -0.02040455759589268 0
1722 0.002513849275745097 -0.0002554752969549039 0
1723 0.002010287644347031 0.0007649886500852977 0
1724 0.00754456309361309 -0.00236921023108878 0
1725 -0.02414503102467386 0.009186977327448033 0
1726 0.003645818951392392 0.002501563778454148 0
1727 0.005420332564139116 0.004968886335851791 0
1728 0.00637674781188869 -0.0007061658570740361 0
1729 -0.009513141690378653 -0.01216272583192583 0
1730 -0.003025648777690418 -0.002675177282836589 0
1731 -0.003068909259249689 0.02581172236657067 0
1732 0.003875394040541511 -0.00465001675695215 0
1733 0.01823332195192036 -0.007888520785245582 0
1734 0.00231501728192405 0.0002832942930731405 0
1735 0.000984404407059879 -0.000863108901222031 0
1736 0.01086226998444532 0.001119660921227013 0
1737 -0.0008749734409734571 0.001379830026010638 0
1738 0.002001045873254006 -0.02596222670097893 0
1739 0.003780357386219174 0.005255490547872731 0
1740 -0.0001842124122250182 0.003442252460421245 0
1741 -0.006803518377284264 -0.007810870489447294 0
1742 -0.0005063766660006615 -0.001178066720039692 0
1743 -0.0003240346755152215 -0.01376198496928624 0
1744 0.0208214447938549 0.004923235211053908 0
1745 -0.001022121158674259 -0.001057785476138438 0
1746 -0.002110443840822358 0.001838123949489968 0
1747 -0.01848564261087513 -0.0004581901740370064 0
1748 -0.02069711488665622 -0.01582256343859719 0
1749 0.002928059715281848 0.003471441097421634 0
1750 0.002762720705078678 0.0002606885217714909 0
1751 -0.01231125337119777 -0.01774595414039142 0
1752 -0.00772617817321332 -0.00755190691380303 0
1753 0.001391377034450105 0.0005190989574753712 0
1754 0.01909579425379427 0.01186623391154037 0
1755 -0.0003748576973569554 0.001008666501539629 0
1756 0.02367881561795933 0.009416506828577769 0
1757 -0.008190428268172963 0.001079769862255953 0
1758 -0.005381541055932503 -0.0005767677601818759 0
1759 -0.01295330700840367 -0.006483654206953305 0
1760 -0.01488722332461818 0.01535388211962657 0
1761 0.006286307906626997 0.001547265702342198 0
1762 0.001083718661271133 0.0001598447705013963 0
$EndNodes
$Elements
3522
1 1 2 3 2 2 54
2 1 2 3 2 54 55
3 1 2 3 2 55 56
4 1 2 3 2 56 57
5 1 2 3 2 57 58
6 1 2 3 2 58 59
7 1 2 3 2 59 60
8 1 2 3 2 60 61
9 1 2 3 2 61 62
10 1 2 3 2 62 63
11 1 2 3 2 63 64
12 1 2 3 2 64 65
13 1 2 3 2 65 66
14 1 2 3 2 66 67
15 1 2 3 2 67 68
16 1 2 3 2 68 69
17 1 2 3 2 69 70
18 1 2 3 2 70 71
19 1 2 3 2 71 72
20 1 2 3 2 72 73
21 1 2 3 2 73 74
22 1 2 3 2 74 75
23 1 2 3 2 75 76
24 1 2 3 2 76 77
25 1 2 3 2 77 78
26 1 2 3 2 78 79
27 1 2 3 2 79 80
28 1 2 3 2 80 81
29 1 2 3 2 81 82
30 1 2 3 2 82 83
31 1 2 3 2 83 84
32 1 2 3 2 84 85
33 1 2 3 2 85 86
34 1 2 3 2 86 87
35 1 2 3 2 87 88
36 1 2 3 2 88 89
37 1 2 3 2 89 90
38 1 2 3 2 90 91
39 1 2 3 2 91 92
40 1 2 3 2 92 93
41 1 2 3 2 93 94
42 1 2 3 2 94 95
43 1 2 3 2 95 96
44 1 2 3 2 96 97
45 1 2 3 2 97 98
46 1 2 3 2 98 99
47 1 2 3 2 99 100
48 1 2 3 2 100 101
49 1 2 3 2 101 102
50 1 2 3 2 102 103
51 1 2 3 2 103 104
52 1 2 3 2 104 105
53 1 2 3 2 105 106
54 1 2 3 2 106 107
55 1 2 3 2 107 108
56 1 2 3 2 108 109
57 1 2 3 2 109 110
58 1 2 3 2 110 111
59 1 2 3 2 111 112
60 1 2 3 2 112 113
61 1 2 3 2 113 114
62 1 2 3 2 114 115
63 1 2 3 2 115 2
64 2 2 1 1 268 344 119
65 2 2 1 1 137 403 271
66 2 2 1 1 3 403 137
67 2 2 1 1 3 137 1
68 2 2 1 1 119 344 271
69 2 2 1 1 133 305 267
70 2 2 1 1 380 387 265
71 2 2 1 1 53 138 125
72 2 2 1 1 313 384 295
73 2 2 1 1 336 380 265
74 2 2 1 1 45 124 44
75 2 2 1 1 261 384 313
76 2 2 1 1 272 276 224
77 2 2 1 1 34 121 33
78 2 2 1 1 1 138 53
79 2 2 1 1 137 139 138
80 2 2 1 1 131 275 273
81 2 2 1 1 48 281 47
82 2 2 1 1 9 286 8
83 2 2 1 1 134 350 270
84 2 2 1 1 37 289 36
85 2 2 1 1 273 274 131
86 2 2 1 1 12 291 11
87 2 2 1 1 22 379 266
88 2 2 1 1 119 351 268
89 2 2 1 1 23 379 22
90 2 2 1 1 20 290 19
91 2 2 1 1 51 136 50
92 2 2 1 1 138 280 125
93 2 2 1 1 266 396 22
94 2 2 1 1 139 280 138
95 2 2 1 1 297 313 295
96 2 2 1 1 31 339 30
97 2 2 1 1 302 394 374
98 2 2 1 1 317 319 118
99 2 2 1 1 232 280 139
100 2 2 1 1 267 366 133
101 2 2 1 1 126 378 289
102 2 2 1 1 137 138 1
103 2 2 1 1 374 394 297
104 2 2 1 1 276 277 224
105 2 2 1 1 134 367 350
106 2 2 1 1 6 351 5
107 2 2 1 1 350 367 121
108 2 2 1 1 42 332 41
109 2 2 1 1 133 391 305
110 2 2 1 1 273 276 272
111 2 2 1 1 202 278 224
112 2 2 1 1 224 278 272
113 2 2 1 1 221 383 377
114 2 2 1 1 118 321 317
115 2 2 1 1 378 391 289
116 2 2 1 1 43 135 42
117 2 2 1 1 274 353 131
118 2 2 1 1 18 131 17
119 2 2 1 1 336 378 126
120 2 2 1 1 255 385 341
121 2 2 1 1 41 332 116
122 2 2 1 1 223 277 253
123 2 2 1 1 121 404 350
124 2 2 1 1 241 352 282
125 2 2 1 1 265 387 116
126 2 2 1 1 282 352 231
127 2 2 1 1 26 373 25
128 2 2 1 1 17 353 16
129 2 2 1 1 116 402 265
130 2 2 1 1 268 351 269
131 2 2 1 1 224 277 223
132 2 2 1 1 124 294 44
133 2 2 1 1 120 281 48
134 2 2 1 1 43 294 135
135 2 2 1 1 283 293 228
136 2 2 1 1 130 291 12
137 2 2 1 1 137 140 139
138 2 2 1 1 385 406 341
139 2 2 1 1 283 333 293
140 2 2 1 1 126 289 37
141 2 2 1 1 275 395 276
142 2 2 1 1 202 293 278
143 2 2 1 1 326 359 325
144 2 2 1 1 228 284 283
145 2 2 1 1 290 395 275
146 2 2 1 1 377 383 292
147 2 2 1 1 179 285 181
148 2 2 1 1 245 371 369
149 2 2 1 1 53 125 52
150 2 2 1 1 286 365 129
151 2 2 1 1 126 380 336
152 2 2 1 1 321 398 320
153 2 2 1 1 124 370 296
154 2 2 1 1 321 407 398
155 2 2 1 1 15 400 14
156 2 2 1 1 32 134 31
157 2 2 1 1 30 339 127
158 2 2 1 1 293 333 278
159 2 2 1 1 275 276 273
160 2 2 1 1 40 387 39
161 2 2 1 1 191 300 288
162 2 2 1 1 279 400 117
163 2 2 1 1 332 402 116
164 2 2 1 1 11 123 10
165 2 2 1 1 25 373 358
166 2 2 1 1 181 285 228
167 2 2 1 1 228 285 284
168 2 2 1 1 365 408 129
169 2 2 1 1 358 411 25
170 2 2 1 1 369 371 130
171 2 2 1 1 123 354 10
172 2 2 1 1 256 375 255
173 2 2 1 1 339 389 127
174 2 2 1 1 231 352 216
175 2 2 1 1 325 359 285
176 2 2 1 1 260 402 332
177 2 2 1 1 288 310 191
178 2 2 1 1 291 292 123
179 2 2 1 1 179 325 285
180 2 2 1 1 319 373 118
181 2 2 1 1 121 367 33
182 2 2 1 1 8 286 129
183 2 2 1 1 310 313 301
184 2 2 1 1 306 322 308
185 2 2 1 1 45 370 124
186 2 2 1 1 11 291 123
187 2 2 1 1 239 323 303
188 2 2 1 1 232 376 280
189 2 2 1 1 122 290 20
190 2 2 1 1 44 294 43
191 2 2 1 1 140 141 139
192 2 2 1 1 351 382 269
193 2 2 1 1 36 289 133
194 2 2 1 1 36 133 35
195 2 2 1 1 300 330 288
196 2 2 1 1 21 122 20
197 2 2 1 1 317 321 315
198 2 2 1 1 137 271 140
199 2 2 1 1 191 310 301
200 2 2 1 1 49 363 120
201 2 2 1 1 279 298 226
202 2 2 1 1 169 330 300
203 2 2 1 1 364 406 363
204 2 2 1 1 216 348 303
205 2 2 1 1 184 368 360
206 2 2 1 1 315 321 320
207 2 2 1 1 50 363 49
208 2 2 1 1 306 308 307
209 2 2 1 1 149 307 233
210 2 2 1 1 209 347 346
211 2 2 1 1 307 308 233
212 2 2 1 1 226 298 208
213 2 2 1 1 303 323 145
214 2 2 1 1 197 304 190
215 2 2 1 1 335 355 311
216 2 2 1 1 305 324 244
217 2 2 1 1 128 411 372
218 2 2 1 1 140 142 141
219 2 2 1 1 188 293 202
220 2 2 1 1 165 300 191
221 2 2 1 1 158 340 299
222 2 2 1 1 346 347 308
223 2 2 1 1 158 359 326
224 2 2 1 1 151 307 149
225 2 2 1 1 195 302 196
226 2 2 1 1 252 324 305
227 2 2 1 1 34 366 121
228 2 2 1 1 131 353 17
229 2 2 1 1 10 354 9
230 2 2 1 1 259 310 288
231 2 2 1 1 228 293 188
232 2 2 1 1 249 250 218
233 2 2 1 1 213 256 255
234 2 2 1 1 372 411 358
235 2 2 1 1 136 364 363
236 2 2 1 1 217 218 199
237 2 2 1 1 47 132 46
238 2 2 1 1 216 352 348
239 2 2 1 1 16 353 117
240 2 2 1 1 261 310 259
241 2 2 1 1 153 340 158
242 2 2 1 1 207 226 208
243 2 2 1 1 196 302 213
244 2 2 1 1 304 329 229
245 2 2 1 1 47 281 132
246 2 2 1 1 164 300 165
247 2 2 1 1 221 329 197
248 2 2 1 1 189 190 173
249 2 2 1 1 217 249 218
250 2 2 1 1 229 329 245
251 2 2 1 1 194 207 206
252 2 2 1 1 250 258 251
253 2 2 1 1 269 282 231
254 2 2 1 1 238 274 273
255 2 2 1 1 150 152 151
256 2 2 1 1 215 216 144
257 2 2 1 1 172 173 171
258 2 2 1 1 165 191 185
259 2 2 1 1 213 302 256
260 2 2 1 1 162 164 163
261 2 2 1 1 117 388 279
262 2 2 1 1 235 279 226
263 2 2 1 1 142 143 141
264 2 2 1 1 190 194 193
265 2 2 1 1 215 231 216
266 2 2 1 1 142 144 143
267 2 2 1 1 242 345 243
268 2 2 1 1 238 298 274
269 2 2 1 1 207 208 206
270 2 2 1 1 208 298 238
271 2 2 1 1 164 165 163
272 2 2 1 1 169 300 164
273 2 2 1 1 197 329 304
274 2 2 1 1 185 301 195
275 2 2 1 1 147 148 146
276 2 2 1 1 135 332 42
277 2 2 1 1 150 323 166
278 2 2 1 1 338 340 171
279 2 2 1 1 189 197 190
280 2 2 1 1 335 345 242
281 2 2 1 1 166 171 152
282 2 2 1 1 191 301 185
283 2 2 1 1 141 232 139
284 2 2 1 1 159 162 160
285 2 2 1 1 166 323 239
286 2 2 1 1 172 189 173
287 2 2 1 1 250 251 218
288 2 2 1 1 124 295 294
289 2 2 1 1 162 163 160
290 2 2 1 1 142 215 144
291 2 2 1 1 150 166 152
292 2 2 1 1 181 188 187
293 2 2 1 1 155 156 154
294 2 2 1 1 150 151 149
295 2 2 1 1 149 233 148
296 2 2 1 1 202 224 223
297 2 2 1 1 219 314 257
298 2 2 1 1 216 303 144
299 2 2 1 1 159 160 156
300 2 2 1 1 154 307 151
301 2 2 1 1 190 193 173
302 2 2 1 1 157 159 156
303 2 2 1 1 339 401 389
304 2 2 1 1 188 202 201
305 2 2 1 1 248 312 161
306 2 2 1 1 145 147 146
307 2 2 1 1 190 304 194
308 2 2 1 1 242 355 335
309 2 2 1 1 168 169 164
310 2 2 1 1 194 206 205
311 2 2 1 1 199 330 169
312 2 2 1 1 166 172 171
313 2 2 1 1 147 150 149
314 2 2 1 1 39 387 380
315 2 2 1 1 179 181 180
316 2 2 1 1 268 269 231
317 2 2 1 1 144 303 145
318 2 2 1 1 244 324 212
319 2 2 1 1 181 228 188
320 2 2 1 1 153 155 154
321 2 2 1 1 267 305 244
322 2 2 1 1 155 157 156
323 2 2 1 1 181 187 180
324 2 2 1 1 194 304 207
325 2 2 1 1 282 365 241
326 2 2 1 1 233 309 148
327 2 2 1 1 207 229 226
328 2 2 1 1 145 146 143
329 2 2 1 1 165 185 167
330 2 2 1 1 170 199 169
331 2 2 1 1 147 149 148
332 2 2 1 1 200 217 199
333 2 2 1 1 208 238 237
334 2 2 1 1 177 311 175
335 2 2 1 1 251 330 218
336 2 2 1 1 213 255 214
337 2 2 1 1 18 405 131
338 2 2 1 1 183 311 177
339 2 2 1 1 144 145 143
340 2 2 1 1 238 273 272
341 2 2 1 1 194 205 193
342 2 2 1 1 175 248 161
343 2 2 1 1 49 120 48
344 2 2 1 1 141 327 232
345 2 2 1 1 185 195 186
346 2 2 1 1 178 182 177
347 2 2 1 1 176 177 175
348 2 2 1 1 152 153 151
349 2 2 1 1 207 304 229
350 2 2 1 1 198 221 197
351 2 2 1 1 153 154 151
352 2 2 1 1 303 348 239
353 2 2 1 1 158 326 155
354 2 2 1 1 162 168 164
355 2 2 1 1 288 330 251
356 2 2 1 1 9 354 286
357 2 2 1 1 143 327 141
358 2 2 1 1 179 180 178
359 2 2 1 1 261 313 310
360 2 2 1 1 148 184 146
361 2 2 1 1 188 201 187
362 2 2 1 1 140 344 142
363 2 2 1 1 258 259 251
364 2 2 1 1 175 311 248
365 2 2 1 1 156 306 154
366 2 2 1 1 182 203 183
367 2 2 1 1 176 325 179
368 2 2 1 1 176 179 178
369 2 2 1 1 203 219 204
370 2 2 1 1 157 161 159
371 2 2 1 1 176 178 177
372 2 2 1 1 219 257 227
373 2 2 1 1 148 309 184
374 2 2 1 1 174 176 175
375 2 2 1 1 249 336 250
376 2 2 1 1 241 254 222
377 2 2 1 1 153 158 155
378 2 2 1 1 174 175 161
379 2 2 1 1 159 312 162
380 2 2 1 1 299 340 338
381 2 2 1 1 160 322 306
382 2 2 1 1 202 223 201
383 2 2 1 1 16 117 15
384 2 2 1 1 165 167 163
385 2 2 1 1 41 116 40
386 2 2 1 1 178 328 182
387 2 2 1 1 215 268 231
388 2 2 1 1 160 306 156
389 2 2 1 1 322 346 308
390 2 2 1 1 155 326 157
391 2 2 1 1 229 235 226
392 2 2 1 1 161 312 159
393 2 2 1 1 180 328 178
394 2 2 1 1 182 183 177
395 2 2 1 1 271 344 140
396 2 2 1 1 208 237 206
397 2 2 1 1 147 323 150
398 2 2 1 1 248 342 312
399 2 2 1 1 162 312 168
400 2 2 1 1 189 198 197
401 2 2 1 1 262 267 244
402 2 2 1 1 289 391 133
403 2 2 1 1 238 272 237
404 2 2 1 1 124 296 295
405 2 2 1 1 243 349 262
406 2 2 1 1 220 314 219
407 2 2 1 1 243 244 212
408 2 2 1 1 316 318 317
409 2 2 1 1 166 239 172
410 2 2 1 1 145 323 147
411 2 2 1 1 182 331 203
412 2 2 1 1 157 326 174
413 2 2 1 1 306 307 154
414 2 2 1 1 198 222 221
415 2 2 1 1 203 220 219
416 2 2 1 1 173 338 171
417 2 2 1 1 195 196 186
418 2 2 1 1 185 186 167
419 2 2 1 1 218 330 199
420 2 2 1 1 38 126 37
421 2 2 1 1 174 325 176
422 2 2 1 1 146 327 143
423 2 2 1 1 205 283 230
424 2 2 1 1 258 260 259
425 2 2 1 1 239 348 337
426 2 2 1 1 239 337 172
427 2 2 1 1 157 174 161
428 2 2 1 1 253 263 225
429 2 2 1 1 51 361 136
430 2 2 1 1 168 170 169
431 2 2 1 1 223 253 225
432 2 2 1 1 174 326 325
433 2 2 1 1 255 341 214
434 2 2 1 1 217 252 249
435 2 2 1 1 152 340 153
436 2 2 1 1 203 204 183
437 2 2 1 1 6 382 351
438 2 2 1 1 196 213 210
439 2 2 1 1 163 322 160
440 2 2 1 1 263 264 225
441 2 2 1 1 328 331 182
442 2 2 1 1 237 333 206
443 2 2 1 1 243 262 244
444 2 2 1 1 270 350 349
445 2 2 1 1 229 245 235
446 2 2 1 1 187 192 180
447 2 2 1 1 223 225 201
448 2 2 1 1 170 200 199
449 2 2 1 1 192 328 180
450 2 2 1 1 345 349 243
451 2 2 1 1 211 242 212
452 2 2 1 1 219 227 204
453 2 2 1 1 278 333 237
454 2 2 1 1 242 243 212
455 2 2 1 1 212 324 200
456 2 2 1 1 253 266 263
457 2 2 1 1 233 347 309
458 2 2 1 1 211 212 200
459 2 2 1 1 240 241 222
460 2 2 1 1 257 270 227
461 2 2 1 1 283 284 230
462 2 2 1 1 272 278 237
463 2 2 1 1 205 333 283
464 2 2 1 1 183 335 311
465 2 2 1 1 356 357 318
466 2 2 1 1 203 331 220
467 2 2 1 1 206 333 205
468 2 2 1 1 205 230 193
469 2 2 1 1 200 324 217
470 2 2 1 1 259 288 251
471 2 2 1 1 8 129 7
472 2 2 1 1 167 322 163
473 2 2 1 1 270 401 134
474 2 2 1 1 220 316 315
475 2 2 1 1 198 240 222
476 2 2 1 1 142 344 215
477 2 2 1 1 296 297 295
478 2 2 1 1 196 209 186
479 2 2 1 1 170 211 200
480 2 2 1 1 220 315 314
481 2 2 1 1 328 343 331
482 2 2 1 1 171 340 152
483 2 2 1 1 316 343 318
484 2 2 1 1 220 331 316
485 2 2 1 1 337 348 240
486 2 2 1 1 184 327 146
487 2 2 1 1 13 130 12
488 2 2 1 1 284 299 230
489 2 2 1 1 240 352 241
490 2 2 1 1 264 334 225
491 2 2 1 1 343 356 318
492 2 2 1 1 311 355 248
493 2 2 1 1 172 337 189
494 2 2 1 1 316 317 315
495 2 2 1 1 204 335 183
496 2 2 1 1 260 261 259
497 2 2 1 1 201 334 187
498 2 2 1 1 225 334 201
499 2 2 1 1 187 334 192
500 2 2 1 1 196 210 209
501 2 2 1 1 134 339 31
502 2 2 1 1 213 214 210
503 2 2 1 1 193 338 173
504 2 2 1 1 189 337 198
505 2 2 1 1 312 342 168
506 2 2 1 1 248 355 342
507 2 2 1 1 217 324 252
508 2 2 1 1 215 344 268
509 2 2 1 1 308 347 233
510 2 2 1 1 270 349 227
511 2 2 1 1 227 345 204
512 2 2 1 1 264 357 356
513 2 2 1 1 192 343 328
514 2 2 1 1 250 265 258
515 2 2 1 1 236 246 234
516 2 2 1 1 214 234 210
517 2 2 1 1 348 352 240
518 2 2 1 1 186 346 167
519 2 2 1 1 170 342 211
520 2 2 1 1 168 342 170
521 2 2 1 1 318 319 317
522 2 2 1 1 198 337 240
523 2 2 1 1 230 338 193
524 2 2 1 1 349 350 262
525 2 2 1 1 331 343 316
526 2 2 1 1 214 236 234
527 2 2 1 1 167 346 322
528 2 2 1 1 204 345 335
529 2 2 1 1 271 403 119
530 2 2 1 1 209 346 186
531 2 2 1 1 24 128 23
532 2 2 1 1 299 338 230
533 2 2 1 1 315 320 314
534 2 2 1 1 360 368 246
535 2 2 1 1 236 247 246
536 2 2 1 1 127 389 320
537 2 2 1 1 214 341 236
538 2 2 1 1 342 355 211
539 2 2 1 1 227 349 345
540 2 2 1 1 250 336 265
541 2 2 1 1 347 362 309
542 2 2 1 1 192 356 343
543 2 2 1 1 211 355 242
544 2 2 1 1 299 359 158
545 2 2 1 1 131 405 275
546 2 2 1 1 285 359 284
547 2 2 1 1 28 407 27
548 2 2 1 1 313 394 301
549 2 2 1 1 375 385 255
550 2 2 1 1 264 356 334
551 2 2 1 1 290 405 19
552 2 2 1 1 30 127 29
553 2 2 1 1 357 358 319
554 2 2 1 1 334 356 192
555 2 2 1 1 32 367 134
556 2 2 1 1 282 408 365
557 2 2 1 1 309 368 184
558 2 2 1 1 275 405 290
559 2 2 1 1 209 362 347
560 2 2 1 1 210 362 209
561 2 2 1 1 297 394 313
562 2 2 1 1 284 359 299
563 2 2 1 1 366 404 121
564 2 2 1 1 318 357 319
565 2 2 1 1 327 360 232
566 2 2 1 1 392 395 122
567 2 2 1 1 5 351 119
568 2 2 1 1 362 368 309
569 2 2 1 1 116 387 40
570 2 2 1 1 39 380 38
571 2 2 1 1 14 400 287
572 2 2 1 1 136 363 50
573 2 2 1 1 241 365 254
574 2 2 1 1 133 366 35
575 2 2 1 1 235 287 279
576 2 2 1 1 236 364 247
577 2 2 1 1 341 406 364
578 2 2 1 1 125 361 52
579 2 2 1 1 130 371 291
580 2 2 1 1 184 360 327
581 2 2 1 1 256 381 375
582 2 2 1 1 357 372 358
583 2 2 1 1 5 119 4
584 2 2 1 1 287 400 279
585 2 2 1 1 122 395 290
586 2 2 1 1 376 386 280
587 2 2 1 1 234 362 210
588 2 2 1 1 249 378 336
589 2 2 1 1 27 118 26
590 2 2 1 1 52 361 51
591 2 2 1 1 222 383 221
592 2 2 1 1 263 372 264
593 2 2 1 1 320 398 127
594 2 2 1 1 267 404 366
595 2 2 1 1 132 370 46
596 2 2 1 1 341 364 236
597 2 2 1 1 195 394 302
598 2 2 1 1 279 388 298
599 2 2 1 1 360 376 232
600 2 2 1 1 35 366 34
601 2 2 1 1 46 370 45
602 2 2 1 1 33 367 32
603 2 2 1 1 234 368 362
604 2 2 1 1 332 393 260
605 2 2 1 1 261 393 384
606 2 2 1 1 29 398 28
607 2 2 1 1 118 373 26
608 2 2 1 1 120 385 281
609 2 2 1 1 245 377 371
610 2 2 1 1 329 377 245
611 2 2 1 1 25 411 24
612 2 2 1 1 246 368 234
613 2 2 1 1 7 382 6
614 2 2 1 1 370 381 296
615 2 2 1 1 135 393 332
616 2 2 1 1 4 403 3
617 2 2 1 1 221 377 329
618 2 2 1 1 374 381 256
619 2 2 1 1 320 389 314
620 2 2 1 1 245 369 235
621 2 2 1 1 291 371 292
622 2 2 1 1 235 369 287
623 2 2 1 1 14 390 13
624 2 2 1 1 247 386 376
625 2 2 1 1 253 392 266
626 2 2 1 1 265 402 258
627 2 2 1 1 302 374 256
628 2 2 1 1 13 390 130
629 2 2 1 1 292 397 123
630 2 2 1 1 392 396 266
631 2 2 1 1 264 372 357
632 2 2 1 1 358 373 319
633 2 2 1 1 134 401 339
634 2 2 1 1 281 375 132
635 2 2 1 1 350 404 262
636 2 2 1 1 287 390 14
637 2 2 1 1 277 392 253
638 2 2 1 1 127 398 29
639 2 2 1 1 296 374 297
640 2 2 1 1 266 409 263
641 2 2 1 1 277 395 392
642 2 2 1 1 280 386 125
643 2 2 1 1 22 396 21
644 2 2 1 1 252 378 249
645 2 2 1 1 247 376 246
646 2 2 1 1 118 407 321
647 2 2 1 1 128 379 23
648 2 2 1 1 130 390 369
649 2 2 1 1 132 381 370
650 2 2 1 1 27 407 118
651 2 2 1 1 254 383 222
652 2 2 1 1 129 382 7
653 2 2 1 1 119 403 4
654 2 2 1 1 274 388 353
655 2 2 1 1 246 376 360
656 2 2 1 1 38 380 126
657 2 2 1 1 295 384 294
658 2 2 1 1 276 395 277
659 2 2 1 1 294 384 135
660 2 2 1 1 375 381 132
661 2 2 1 1 252 391 378
662 2 2 1 1 298 388 274
663 2 2 1 1 353 388 117
664 2 2 1 1 379 409 266
665 2 2 1 1 371 377 292
666 2 2 1 1 21 396 122
667 2 2 1 1 383 397 292
668 2 2 1 1 305 391 252
669 2 2 1 1 314 389 257
670 2 2 1 1 301 394 195
671 2 2 1 1 296 381 374
672 2 2 1 1 389 401 257
673 2 2 1 1 260 393 261
674 2 2 1 1 369 390 287
675 2 2 1 1 125 386 361
676 2 2 1 1 120 406 385
677 2 2 1 1 123 397 354
678 2 2 1 1 122 396 392
679 2 2 1 1 398 407 28
680 2 2 1 1 281 385 375
681 2 2 1 1 364 399 247
682 2 2 1 1 257 401 270
683 2 2 1 1 258 402 260
684 2 2 1 1 117 400 15
685 2 2 1 1 269 408 282
686 2 2 1 1 19 405 18
687 2 2 1 1 262 404 267
688 2 2 1 1 363 406 120
689 2 2 1 1 365 410 254
690 2 2 1 1 263 409 372
691 2 2 1 1 136 399 364
692 2 2 1 1 361 399 136
693 2 2 1 1 354 410 286
694 2 2 1 1 24 411 128
695 2 2 1 1 397 410 354
696 2 2 1 1 254 410 397
697 2 2 1 1 384 393 135
698 2 2 1 1 386 399 361
699 2 2 1 1 286 410 365
700 2 2 1 1 254 397 383
701 2 2 1 1 372 409 128
702 2 2 1 1 247 399 386
703 2 2 1 1 129 408 382
704 2 2 1 1 382 408 269
705 2 2 1 1 128 409 379
706 2 2 2 2 1408 1507 977
707 2 2 2 2 1098 1593 1305
708 2 2 2 2 553 1292 543
709 2 2 2 2 1151 1243 664
710 2 2 2 2 1034 1572 1033
711 2 2 2 2 844 1187 1186
712 2 2 2 2 1040 1563 1041
713 2 2 2 2 1367 1415 815
714 2 2 2 2 935 1300 829
715 2 2 2 2 1276 1430 795
716 2 2 2 2 1282 1583 950
717 2 2 2 2 1283 1543 668
718 2 2 2 2 457 1562 1096
719 2 2 2 2 551 1143 1128
720 2 2 2 2 844 1186 1185
721 2 2 2 2 1364 1415 1367
722 2 2 2 2 940 1430 1276
723 2 2 2 2 874 967 966
724 2 2 2 2 1233 1610 1244
725 2 2 2 2 974 975 889
726 2 2 2 2 577 1077 565
727 2 2 2 2 667 1530 1155
728 2 2 2 2 974 1222 975
729 2 2 2 2 1050 1663 1541
730 2 2 2 2 1180 1294 670
731 2 2 2 2 591 1632 1070
732 2 2 2 2 956 1037 918
733 2 2 2 2 1047 1092 1045
734 2 2 2 2 864 956 918
735 2 2 2 2 1234 1619 1490
736 2 2 2 2 1077 1545 565
737 2 2 2 2 1367 1427 971
738 2 2 2 2 548 1303 1162
739 2 2 2 2 1201 1257 937
740 2 2 2 2 543 1292 544
741 2 2 2 2 936 1316 1204
742 2 2 2 2 829 1300 968
743 2 2 2 2 1490 1610 1234
744 2 2 2 2 755 1553 1465
745 2 2 2 2 1250 1597 938
746 2 2 2 2 937 1242 1201
747 2 2 2 2 1155 1500 667
748 2 2 2 2 1229 1641 887
749 2 2 2 2 1105 1303 548
750 2 2 2 2 446 1325 1183
751 2 2 2 2 554 1728 1313
752 2 2 2 2 1234 1610 1233
753 2 2 2 2 554 1313 506
754 2 2 2 2 1098 1305 1263
755 2 2 2 2 670 1267 1180
756 2 2 2 2 864 918 862
757 2 2 2 2 1181 1691 558
758 2 2 2 2 533 1316 540
759 2 2 2 2 1050 1541 1321
760 2 2 2 2 32 1100 581
761 2 2 2 2 416 1395 1085
762 2 2 2 2 784 818 738
763 2 2 2 2 103 1426 102
764 2 2 2 2 1331 1469 498
765 2 2 2 2 1394 1719 1078
766 2 2 2 2 548 1162 468
767 2 2 2 2 1134 1640 1261
768 2 2 2 2 1154 1329 599
769 2 2 2 2 1124 1494 740
770 2 2 2 2 818 1626 1066
771 2 2 2 2 1426 1475 102
772 2 2 2 2 1572 1577 1033
773 2 2 2 2 977 1519 1408
774 2 2 2 2 784 851 818
775 2 2 2 2 1230 1292 553
776 2 2 2 2 551 1128 491
777 2 2 2 2 1219 1412 426
778 2 2 2 2 893 978 851
779 2 2 2 2 815 1427 1367
780 2 2 2 2 1563 1571 1041
781 2 2 2 2 758 864 862
782 2 2 2 2 1418 1567 1518
783 2 2 2 2 664 1327 1151
784 2 2 2 2 1089 1459 532
785 2 2 2 2 1045 1092 1091
786 2 2 2 2 749 1182 922
787 2 2 2 2 857 1050 1049
788 2 2 2 2 1284 1451 1213
789 2 2 2 2 745 746 744
790 2 2 2 2 879 1256 782
791 2 2 2 2 1108 1329 1154
792 2 2 2 2 893 1577 1572
793 2 2 2 2 1080 1605 1256
794 2 2 2 2 838 915 837
795 2 2 2 2 1050 1321 1051
796 2 2 2 2 1227 1230 557
797 2 2 2 2 1157 1640 1134
798 2 2 2 2 669 1356 1277
799 2 2 2 2 1256 1605 1246
800 2 2 2 2 874 966 872
801 2 2 2 2 1294 1552 670
802 2 2 2 2 844 1185 727
803 2 2 2 2 470 1159 548
804 2 2 2 2 531 1316 533
805 2 2 2 2 1260 1483 1055
806 2 2 2 2 737 784 738
807 2 2 2 2 743 744 742
808 2 2 2 2 1049 1590 838
809 2 2 2 2 851 1626 818
810 2 2 2 2 726 1658 1120
811 2 2 2 2 1164 1165 554
812 2 2 2 2 1352 1371 831
813 2 2 2 2 831 1372 1352
814 2 2 2 2 1451 1455 1213
815 2 2 2 2 834 972 849
816 2 2 2 2 922 1182 1096
817 2 2 2 2 1204 1315 936
818 2 2 2 2 534 1089 532
819 2 2 2 2 737 738 685
820 2 2 2 2 740 1245 1124
821 2 2 2 2 887 1516 1229
822 2 2 2 2 818 1066 834
823 2 2 2 2 599 1677 1154
824 2 2 2 2 1286 1287 429
825 2 2 2 2 1066 1662 834
826 2 2 2 2 1050 1051 1049
827 2 2 2 2 46 1092 616
828 2 2 2 2 893 1083 978
829 2 2 2 2 966 1250 938
830 2 2 2 2 1465 1567 1141
831 2 2 2 2 956 1645 1037
832 2 2 2 2 641 1248 1241
833 2 2 2 2 668 1543 1075
834 2 2 2 2 872 938 870
835 2 2 2 2 1154 1330 1108
836 2 2 2 2 849 974 889
837 2 2 2 2 932 1609 1440
838 2 2 2 2 872 966 938
839 2 2 2 2 1085 1533 416
840 2 2 2 2 1483 1681 1055
841 2 2 2 2 1070 1197 591
842 2 2 2 2 1442 1554 1371
843 2 2 2 2 428 1341 1340
844 2 2 2 2 781 1744 1428
845 2 2 2 2 1382 1424 1381
846 2 2 2 2 972 974 849
847 2 2 2 2 31 1100 32
848 2 2 2 2 1190 1393 1271
849 2 2 2 2 1147 1328 1150
850 2 2 2 2 426 1412 1297
851 2 2 2 2 1565 1644 546
852 2 2 2 2 1269 1328 1147
853 2 2 2 2 947 1469 1331
854 2 2 2 2 1041 1528 1229
855 2 2 2 2 896 1436 888
856 2 2 2 2 1223 1507 417
857 2 2 2 2 1201 1242 845
858 2 2 2 2 583 1043 591
859 2 2 2 2 964 1090 951
860 2 2 2 2 1014 1046 1011
861 2 2 2 2 426 1406 1219
862 2 2 2 2 590 1758 1373
863 2 2 2 2 1030 1618 1056
864 2 2 2 2 1216 1736 1215
865 2 2 2 2 1030 1254 1112
866 2 2 2 2 1391 1681 929
867 2 2 2 2 870 1044 867
868 2 2 2 2 1428 1744 1591
869 2 2 2 2 1120 1685 726
870 2 2 2 2 1023 1508 1312
871 2 2 2 2 759 1224 1196
872 2 2 2 2 1100 1597 1250
873 2 2 2 2 885 1701 1081
874 2 2 2 2 583 1602 1043
875 2 2 2 2 787 837 747
876 2 2 2 2 1078 1609 1394
877 2 2 2 2 1211 1214 1207
878 2 2 2 2 1178 1525 1379
879 2 2 2 2 967 1522 966
880 2 2 2 2 716 1188 844
881 2 2 2 2 583 591 579
882 2 2 2 2 858 1052 857
883 2 2 2 2 1379 1525 1380
884 2 2 2 2 1443 1592 1354
885 2 2 2 2 557 1230 553
886 2 2 2 2 1183 1325 980
887 2 2 2 2 1203 1204 535
888 2 2 2 2 755 1465 1307
889 2 2 2 2 548 1498 1105
890 2 2 2 2 1131 1157 1134
891 2 2 2 2 1349 1442 1371
892 2 2 2 2 1285 1286 429
893 2 2 2 2 1030 1112 1027
894 2 2 2 2 1016 1045 1014
895 2 2 2 2 1106 1329 1108
896 2 2 2 2 845 1242 800
897 2 2 2 2 508 1164 554
898 2 2 2 2 1373 1537 590
899 2 2 2 2 745 747 746
900 2 2 2 2 1106 1498 1329
901 2 2 2 2 743 745 744
902 2 2 2 2 1213 1214 1211
903 2 2 2 2 1483 1745 929
904 2 2 2 2 545 1163 476
905 2 2 2 2 840 1049 838
906 2 2 2 2 857 1049 840
907 2 2 2 2 1081 1688 885
908 2 2 2 2 1047 1654 1092
909 2 2 2 2 1280 1530 667
910 2 2 2 2 1080 1256 879
911 2 2 2 2 1112 1240 1025
912 2 2 2 2 45 1092 46
913 2 2 2 2 1037 1115 1114
914 2 2 2 2 1046 1717 1011
915 2 2 2 2 1418 1573 1567
916 2 2 2 2 641 1249 1231
917 2 2 2 2 746 969 758
918 2 2 2 2 585 1602 583
919 2 2 2 2 1407 1507 1408
920 2 2 2 2 1312 1508 808
921 2 2 2 2 1315 1508 1023
922 2 2 2 2 1319 1481 923
923 2 2 2 2 1132 1327 1157
924 2 2 2 2 1159 1498 548
925 2 2 2 2 838 1590 915
926 2 2 2 2 1001 1477 1460
927 2 2 2 2 1190 1449 1393
928 2 2 2 2 935 1230 1227
929 2 2 2 2 587 596 585
930 2 2 2 2 33 1068 34
931 2 2 2 2 428 1340 1339
932 2 2 2 2 865 1424 1382
933 2 2 2 2 721 1558 1258
934 2 2 2 2 560 561 558
935 2 2 2 2 608 668 606
936 2 2 2 2 833 1202 1199
937 2 2 2 2 632 750 630
938 2 2 2 2 720 1592 1443
939 2 2 2 2 671 1499 1226
940 2 2 2 2 558 1691 1089
941 2 2 2 2 931 1609 932
942 2 2 2 2 591 1197 1076
943 2 2 2 2 563 576 561
944 2 2 2 2 651 684 649
945 2 2 2 2 1208 1216 1215
946 2 2 2 2 1196 1298 759
947 2 2 2 2 918 1034 1033
948 2 2 2 2 1300 1481 968
949 2 2 2 2 915 916 837
950 2 2 2 2 1056 1604 1030
951 2 2 2 2 1045 1046 1014
952 2 2 2 2 19 1063 20
953 2 2 2 2 1206 1207 835
954 2 2 2 2 1301 1311 1062
955 2 2 2 2 782 1256 775
956 2 2 2 2 1202 1203 1200
957 2 2 2 2 1191 1467 730
958 2 2 2 2 630 1074 624
959 2 2 2 2 842 857 840
960 2 2 2 2 928 929 876
961 2 2 2 2 974 1587 1222
962 2 2 2 2 765 1209 763
963 2 2 2 2 451 1182 749
964 2 2 2 2 685 1111 655
965 2 2 2 2 1146 1233 1149
966 2 2 2 2 63 1606 420
967 2 2 2 2 463 1161 465
968 2 2 2 2 888 1436 939
969 2 2 2 2 1012 1467 1191
970 2 2 2 2 1345 1580 1097
971 2 2 2 2 1326 1397 1034
972 2 2 2 2 1063 1266 20
973 2 2 2 2 741 742 662
974 2 2 2 2 741 743 742
975 2 2 2 2 1219 1406 1220
976 2 2 2 2 1241 1249 641
977 2 2 2 2 712 1224 759
978 2 2 2 2 1132 1616 1327
979 2 2 2 2 1193 1311 1301
980 2 2 2 2 578 579 577
981 2 2 2 2 551 1269 1144
982 2 2 2 2 580 583 579
983 2 2 2 2 854 1481 1300
984 2 2 2 2 1460 1477 943
985 2 2 2 2 952 964 951
986 2 2 2 2 1206 1211 1207
987 2 2 2 2 1016 1047 1045
988 2 2 2 2 746 758 748
989 2 2 2 2 972 1241 974
990 2 2 2 2 649 1069 646
991 2 2 2 2 535 1473 1203
992 2 2 2 2 1386 1522 967
993 2 2 2 2 595 597 589
994 2 2 2 2 1161 1302 465
995 2 2 2 2 787 838 837
996 2 2 2 2 1199 1202 1200
997 2 2 2 2 1365 1454 1291
998 2 2 2 2 1615 1701 1556
999 2 2 2 2 34 1068 582
1000 2 2 2 2 1183 1374 446
1001 2 2 2 2 1161 1389 1302
1002 2 2 2 2 1258 1558 1301
1003 2 2 2 2 1124 1599 1494
1004 2 2 2 2 584 585 583
1005 2 2 2 2 635 1561 1478
1006 2 2 2 2 1158 1760 955
1007 2 2 2 2 897 931 899
1008 2 2 2 2 613 730 611
1009 2 2 2 2 1020 1024 1018
1010 2 2 2 2 417 1507 1407
1011 2 2 2 2 1277 1356 1107
1012 2 2 2 2 1244 1493 1243
1013 2 2 2 2 1025 1735 1024
1014 2 2 2 2 1215 1464 536
1015 2 2 2 2 545 1655 1163
1016 2 2 2 2 1209 1217 763
1017 2 2 2 2 1041 1229 895
1018 2 2 2 2 544 558 542
1019 2 2 2 2 1144 1269 1147
1020 2 2 2 2 1228 1641 1229
1021 2 2 2 2 716 1729 1188
1022 2 2 2 2 606 1075 603
1023 2 2 2 2 923 1559 1319
1024 2 2 2 2 758 862 861
1025 2 2 2 2 1264 1274 1273
1026 2 2 2 2 1136 1680 1307
1027 2 2 2 2 1043 1632 591
1028 2 2 2 2 1398 1697 1546
1029 2 2 2 2 918 1695 1034
1030 2 2 2 2 833 1508 1315
1031 2 2 2 2 579 1076 577
1032 2 2 2 2 1138 1465 1141
1033 2 2 2 2 1166 1167 1165
1034 2 2 2 2 1018 1047 1016
1035 2 2 2 2 1035 1561 1402
1036 2 2 2 2 727 1185 785
1037 2 2 2 2 995 1195 991
1038 2 2 2 2 1262 1592 720
1039 2 2 2 2 709 1224 712
1040 2 2 2 2 1197 1237 1076
1041 2 2 2 2 1096 1562 996
1042 2 2 2 2 833 1199 804
1043 2 2 2 2 767 1206 835
1044 2 2 2 2 858 1622 1052
1045 2 2 2 2 551 1144 1143
1046 2 2 2 2 598 1228 597
1047 2 2 2 2 852 893 851
1048 2 2 2 2 1402 1561 754
1049 2 2 2 2 857 1052 1050
1050 2 2 2 2 818 834 819
1051 2 2 2 2 77 1438 427
1052 2 2 2 2 1044 1669 867
1053 2 2 2 2 1229 1528 597
1054 2 2 2 2 638 1493 1244
1055 2 2 2 2 430 1311 1193
1056 2 2 2 2 1322 1505 42
1057 2 2 2 2 44 1091 45
1058 2 2 2 2 1191 1497 1474
1059 2 2 2 2 1203 1281 1200
1060 2 2 2 2 637 754 635
1061 2 2 2 2 602 1228 598
1062 2 2 2 2 1213 1600 1214
1063 2 2 2 2 541 1451 1284
1064 2 2 2 2 576 660 659
1065 2 2 2 2 1233 1244 1149
1066 2 2 2 2 468 1162 466
1067 2 2 2 2 660 1268 741
1068 2 2 2 2 660 741 662
1069 2 2 2 2 586 587 585
1070 2 2 2 2 860 866 858
1071 2 2 2 2 1228 1229 597
1072 2 2 2 2 1156 1674 1297
1073 2 2 2 2 1153 1234 1233
1074 2 2 2 2 959 1502 1444
1075 2 2 2 2 1096 1649 457
1076 2 2 2 2 1275 1539 1447
1077 2 2 2 2 1291 1591 1365
1078 2 2 2 2 5 1088 6
1079 2 2 2 2 736 737 685
1080 2 2 2 2 1164 1166 1165
1081 2 2 2 2 741 1268 816
1082 2 2 2 2 1161 1608 1389
1083 2 2 2 2 601 602 598
1084 2 2 2 2 1128 1129 729
1085 2 2 2 2 508 554 506
1086 2 2 2 2 36 1053 37
1087 2 2 2 2 750 1074 630
1088 2 2 2 2 1132 1157 1131
1089 2 2 2 2 1288 1595 61
1090 2 2 2 2 39 1345 1097
1091 2 2 2 2 653 1320 651
1092 2 2 2 2 1546 1697 1217
1093 2 2 2 2 552 1169 1168
1094 2 2 2 2 1002 1480 1339
1095 2 2 2 2 1310 1646 418
1096 2 2 2 2 540 1316 936
1097 2 2 2 2 1123 1124 908
1098 2 2 2 2 22 1057 23
1099 2 2 2 2 837 1489 747
1100 2 2 2 2 607 608 606
1101 2 2 2 2 1271 1393 501
1102 2 2 2 2 1144 1145 1143
1103 2 2 2 2 566 1198 24
1104 2 2 2 2 61 1614 1288
1105 2 2 2 2 945 1575 1526
1106 2 2 2 2 938 1044 870
1107 2 2 2 2 544 560 558
1108 2 2 2 2 569 577 565
1109 2 2 2 2 1083 1236 978
1110 2 2 2 2 595 598 597
1111 2 2 2 2 423 1426 103
1112 2 2 2 2 949 951 930
1113 2 2 2 2 1231 1249 1119
1114 2 2 2 2 1314 1660 484
1115 2 2 2 2 655 1111 653
1116 2 2 2 2 423 1636 1403
1117 2 2 2 2 955 1334 1158
1118 2 2 2 2 1381 1424 811
1119 2 2 2 2 658 1523 1221
1120 2 2 2 2 560 563 561
1121 2 2 2 2 635 1478 632
1122 2 2 2 2 1471 1658 726
1123 2 2 2 2 611 1282 608
1124 2 2 2 2 463 465 461
1125 2 2 2 2 1110 1722 640
1126 2 2 2 2 542 1089 534
1127 2 2 2 2 1403 1621 423
1128 2 2 2 2 684 1069 649
1129 2 2 2 2 427 1438 1414
1130 2 2 2 2 420 1606 1400
1131 2 2 2 2 747 1653 746
1132 2 2 2 2 1274 1275 1273
1133 2 2 2 2 8 641 9
1134 2 2 2 2 912 1304 780
1135 2 2 2 2 1131 1134 1133
1136 2 2 2 2 684 1293 1069
1137 2 2 2 2 1129 1131 1130
1138 2 2 2 2 906 1123 908
1139 2 2 2 2 470 548 468
1140 2 2 2 2 491 1128 489
1141 2 2 2 2 699 1272 795
1142 2 2 2 2 691 1355 693
1143 2 2 2 2 6 1088 644
1144 2 2 2 2 871 872 870
1145 2 2 2 2 660 662 661
1146 2 2 2 2 1240 1735 1025
1147 2 2 2 2 510 1164 508
1148 2 2 2 2 971 1368 1367
1149 2 2 2 2 1264 1273 1272
1150 2 2 2 2 1010 1179 965
1151 2 2 2 2 1263 1264 846
1152 2 2 2 2 427 1414 1334
1153 2 2 2 2 1273 1276 795
1154 2 2 2 2 1294 1628 1109
1155 2 2 2 2 30 1099 31
1156 2 2 2 2 1642 1674 1156
1157 2 2 2 2 489 729 487
1158 2 2 2 2 1074 1714 624
1159 2 2 2 2 1528 1571 587
1160 2 2 2 2 1076 1237 1077
1161 2 2 2 2 1134 1136 1135
1162 2 2 2 2 1218 1266 1063
1163 2 2 2 2 834 849 836
1164 2 2 2 2 1075 1716 603
1165 2 2 2 2 653 1536 1320
1166 2 2 2 2 1153 1233 1148
1167 2 2 2 2 1203 1686 1281
1168 2 2 2 2 593 1280 667
1169 2 2 2 2 50 619 51
1170 2 2 2 2 657 685 655
1171 2 2 2 2 1032 1475 1426
1172 2 2 2 2 1339 1480 428
1173 2 2 2 2 493 551 491
1174 2 2 2 2 1076 1077 577
1175 2 2 2 2 526 555 524
1176 2 2 2 2 915 1520 916
1177 2 2 2 2 506 1313 504
1178 2 2 2 2 746 748 744
1179 2 2 2 2 589 1528 587
1180 2 2 2 2 928 930 929
1181 2 2 2 2 978 1236 1118
1182 2 2 2 2 1129 1132 1131
1183 2 2 2 2 466 1161 463
1184 2 2 2 2 1146 1149 1145
1185 2 2 2 2 922 996 923
1186 2 2 2 2 1052 1663 1050
1187 2 2 2 2 1327 1616 1151
1188 2 2 2 2 1310 1696 1309
1189 2 2 2 2 472 1159 470
1190 2 2 2 2 1149 1243 1151
1191 2 2 2 2 1171 1176 1169
1192 2 2 2 2 1261 1680 1136
1193 2 2 2 2 947 1355 691
1194 2 2 2 2 720 1657 1262
1195 2 2 2 2 489 1128 729
1196 2 2 2 2 24 1198 25
1197 2 2 2 2 613 1191 730
1198 2 2 2 2 930 1391 929
1199 2 2 2 2 514 552 512
1200 2 2 2 2 552 1168 512
1201 2 2 2 2 546 1644 1322
1202 2 2 2 2 1455 1600 1213
1203 2 2 2 2 1207 1216 1208
1204 2 2 2 2 1149 1151 1145
1205 2 2 2 2 450 452 449
1206 2 2 2 2 1545 1702 1268
1207 2 2 2 2 466 1162 1161
1208 2 2 2 2 1377 1759 1186
1209 2 2 2 2 605 606 603
1210 2 2 2 2 666 1280 593
1211 2 2 2 2 969 1067 864
1212 2 2 2 2 615 1497 1191
1213 2 2 2 2 576 659 561
1214 2 2 2 2 800 1242 797
1215 2 2 2 2 1229 1516 895
1216 2 2 2 2 708 1224 709
1217 2 2 2 2 456 457 454
1218 2 2 2 2 622 722 618
1219 2 2 2 2 914 1103 912
1220 2 2 2 2 47 1086 48
1221 2 2 2 2 751 1410 1247
1222 2 2 2 2 459 1422 456
1223 2 2 2 2 1136 1138 1137
1224 2 2 2 2 1148 1233 1146
1225 2 2 2 2 1286 1289 1287
1226 2 2 2 2 1226 1499 999
1227 2 2 2 2 1251 1325 442
1228 2 2 2 2 1189 1190 1187
1229 2 2 2 2 615 1191 613
1230 2 2 2 2 980 1325 1251
1231 2 2 2 2 1170 1171 1169
1232 2 2 2 2 1177 1221 1172
1233 2 2 2 2 832 906 891
1234 2 2 2 2 66 1341 428
1235 2 2 2 2 1263 1305 1264
1236 2 2 2 2 596 1571 1563
1237 2 2 2 2 935 1500 1300
1238 2 2 2 2 1222 1265 975
1239 2 2 2 2 524 1296 522
1240 2 2 2 2 1290 1620 1287
1241 2 2 2 2 734 1736 1709
1242 2 2 2 2 1045 1582 1046
1243 2 2 2 2 1168 1761 510
1244 2 2 2 2 1214 1216 1207
1245 2 2 2 2 512 1168 510
1246 2 2 2 2 1059 1266 1218
1247 2 2 2 2 869 870 867
1248 2 2 2 2 670 1514 1267
1249 2 2 2 2 749 922 853
1250 2 2 2 2 667 1500 1227
1251 2 2 2 2 842 858 857
1252 2 2 2 2 1 1762 3
1253 2 2 2 2 922 923 853
1254 2 2 2 2 957 1294 1180
1255 2 2 2 2 453 454 452
1256 2 2 2 2 439 441 440
1257 2 2 2 2 718 1272 699
1258 2 2 2 2 1635 1696 1310
1259 2 2 2 2 873 874 872
1260 2 2 2 2 1020 1025 1024
1261 2 2 2 2 937 1079 879
1262 2 2 2 2 1182 1649 1096
1263 2 2 2 2 1373 1758 1278
1264 2 2 2 2 742 1457 1116
1265 2 2 2 2 599 1159 472
1266 2 2 2 2 1517 1612 1176
1267 2 2 2 2 844 1188 1187
1268 2 2 2 2 746 1653 969
1269 2 2 2 2 730 1583 1282
1270 2 2 2 2 1226 1453 671
1271 2 2 2 2 11 1117 12
1272 2 2 2 2 907 1120 906
1273 2 2 2 2 957 1180 958
1274 2 2 2 2 1272 1273 795
1275 2 2 2 2 418 1635 1310
1276 2 2 2 2 847 1263 846
1277 2 2 2 2 926 1278 990
1278 2 2 2 2 684 1723 1293
1279 2 2 2 2 455 456 454
1280 2 2 2 2 1138 1141 1139
1281 2 2 2 2 824 1211 1206
1282 2 2 2 2 1444 1502 536
1283 2 2 2 2 536 1502 1215
1284 2 2 2 2 1120 1123 906
1285 2 2 2 2 1189 1225 1190
1286 2 2 2 2 754 1666 1402
1287 2 2 2 2 601 603 602
1288 2 2 2 2 1187 1271 1186
1289 2 2 2 2 510 1761 1164
1290 2 2 2 2 1143 1732 1128
1291 2 2 2 2 39 1097 40
1292 2 2 2 2 1274 1539 1275
1293 2 2 2 2 924 1184 1183
1294 2 2 2 2 1027 1112 1025
1295 2 2 2 2 558 1089 542
1296 2 2 2 2 1207 1208 835
1297 2 2 2 2 1419 1643 1082
1298 2 2 2 2 576 1268 660
1299 2 2 2 2 443 445 444
1300 2 2 2 2 609 611 608
1301 2 2 2 2 474 599 472
1302 2 2 2 2 436 1432 437
1303 2 2 2 2 487 1314 484
1304 2 2 2 2 458 459 456
1305 2 2 2 2 1190 1752 1449
1306 2 2 2 2 1007 1262 1061
1307 2 2 2 2 931 1753 1394
1308 2 2 2 2 578 580 579
1309 2 2 2 2 437 439 438
1310 2 2 2 2 1172 1221 1171
1311 2 2 2 2 67 1341 66
1312 2 2 2 2 569 578 577
1313 2 2 2 2 1134 1261 1136
1314 2 2 2 2 505 506 504
1315 2 2 2 2 16 1114 17
1316 2 2 2 2 1069 1750 646
1317 2 2 2 2 965 1179 964
1318 2 2 2 2 1166 1612 1517
1319 2 2 2 2 442 443 441
1320 2 2 2 2 446 447 445
1321 2 2 2 2 447 450 449
1322 2 2 2 2 1199 1200 845
1323 2 2 2 2 818 819 738
1324 2 2 2 2 1212 1213 1211
1325 2 2 2 2 478 545 476
1326 2 2 2 2 964 1580 1090
1327 2 2 2 2 86 1332 85
1328 2 2 2 2 796 879 782
1329 2 2 2 2 796 937 879
1330 2 2 2 2 1129 1130 729
1331 2 2 2 2 1188 1189 1187
1332 2 2 2 2 706 832 708
1333 2 2 2 2 758 969 864
1334 2 2 2 2 1152 1153 1148
1335 2 2 2 2 580 584 583
1336 2 2 2 2 1118 1439 978
1337 2 2 2 2 447 449 448
1338 2 2 2 2 1029 1030 1027
1339 2 2 2 2 449 1182 451
1340 2 2 2 2 1238 1251 442
1341 2 2 2 2 1402 1706 1065
1342 2 2 2 2 1100 1250 581
1343 2 2 2 2 1221 1726 1171
1344 2 2 2 2 1166 1517 1167
1345 2 2 2 2 912 1730 1304
1346 2 2 2 2 460 461 459
1347 2 2 2 2 931 932 899
1348 2 2 2 2 906 908 891
1349 2 2 2 2 1341 1342 1340
1350 2 2 2 2 1275 1276 1273
1351 2 2 2 2 584 586 585
1352 2 2 2 2 1073 1701 1615
1353 2 2 2 2 462 463 461
1354 2 2 2 2 918 1033 862
1355 2 2 2 2 1202 1204 1203
1356 2 2 2 2 1672 1712 1360
1357 2 2 2 2 552 1170 1169
1358 2 2 2 2 25 1093 26
1359 2 2 2 2 1131 1133 1130
1360 2 2 2 2 1144 1146 1145
1361 2 2 2 2 1193 1309 430
1362 2 2 2 2 461 1195 459
1363 2 2 2 2 767 835 765
1364 2 2 2 2 712 759 714
1365 2 2 2 2 464 466 463
1366 2 2 2 2 849 889 888
1367 2 2 2 2 821 957 910
1368 2 2 2 2 523 524 522
1369 2 2 2 2 949 952 951
1370 2 2 2 2 552 1318 1170
1371 2 2 2 2 864 1067 956
1372 2 2 2 2 802 845 800
1373 2 2 2 2 41 1322 42
1374 2 2 2 2 1257 1700 537
1375 2 2 2 2 1347 1349 1348
1376 2 2 2 2 1018 1623 1047
1377 2 2 2 2 824 1246 1212
1378 2 2 2 2 668 1075 606
1379 2 2 2 2 537 1700 1466
1380 2 2 2 2 936 1315 1023
1381 2 2 2 2 955 1760 1082
1382 2 2 2 2 507 508 506
1383 2 2 2 2 1258 1647 1624
1384 2 2 2 2 1024 1623 1018
1385 2 2 2 2 701 1279 704
1386 2 2 2 2 439 1238 442
1387 2 2 2 2 1174 1177 1172
1388 2 2 2 2 832 891 708
1389 2 2 2 2 1171 1726 1509
1390 2 2 2 2 640 1722 637
1391 2 2 2 2 1334 1414 1158
1392 2 2 2 2 742 1116 662
1393 2 2 2 2 631 632 630
1394 2 2 2 2 49 1239 50
1395 2 2 2 2 1362 1364 1363
1396 2 2 2 2 1208 1215 1210
1397 2 2 2 2 1130 1314 729
1398 2 2 2 2 1185 1186 1184
1399 2 2 2 2 561 1181 558
1400 2 2 2 2 1134 1135 1133
1401 2 2 2 2 1382 1613 865
1402 2 2 2 2 1142 1314 1130
1403 2 2 2 2 795 1430 697
1404 2 2 2 2 860 867 866
1405 2 2 2 2 685 1687 1111
1406 2 2 2 2 1127 1607 1232
1407 2 2 2 2 1178 1267 1177
1408 2 2 2 2 769 1206 767
1409 2 2 2 2 467 468 466
1410 2 2 2 2 775 1256 773
1411 2 2 2 2 824 1206 769
1412 2 2 2 2 785 1185 924
1413 2 2 2 2 1153 1235 1234
1414 2 2 2 2 832 907 906
1415 2 2 2 2 786 787 747
1416 2 2 2 2 886 1299 997
1417 2 2 2 2 901 1263 847
1418 2 2 2 2 968 1481 1319
1419 2 2 2 2 771 824 769
1420 2 2 2 2 1082 1760 1419
1421 2 2 2 2 919 1113 733
1422 2 2 2 2 450 453 452
1423 2 2 2 2 443 444 441
1424 2 2 2 2 716 844 727
1425 2 2 2 2 588 589 587
1426 2 2 2 2 806 833 804
1427 2 2 2 2 1009 1010 965
1428 2 2 2 2 1526 1575 1192
1429 2 2 2 2 1038 1098 901
1430 2 2 2 2 924 1183 980
1431 2 2 2 2 834 1662 972
1432 2 2 2 2 1149 1244 1243
1433 2 2 2 2 788 1232 737
1434 2 2 2 2 993 1278 1226
1435 2 2 2 2 1098 1263 901
1436 2 2 2 2 1061 1647 1258
1437 2 2 2 2 839 840 838
1438 2 2 2 2 730 1282 611
1439 2 2 2 2 474 1163 599
1440 2 2 2 2 1620 1699 1287
1441 2 2 2 2 539 542 534
1442 2 2 2 2 1259 1260 1055
1443 2 2 2 2 990 1278 993
1444 2 2 2 2 648 649 646
1445 2 2 2 2 497 1724 1328
1446 2 2 2 2 1204 1625 535
1447 2 2 2 2 802 1199 845
1448 2 2 2 2 929 1745 876
1449 2 2 2 2 424 1450 1388
1450 2 2 2 2 650 651 649
1451 2 2 2 2 439 442 441
1452 2 2 2 2 897 1753 931
1453 2 2 2 2 555 1296 524
1454 2 2 2 2 804 1199 802
1455 2 2 2 2 439 440 438
1456 2 2 2 2 662 1116 663
1457 2 2 2 2 1360 1748 1372
1458 2 2 2 2 1200 1201 845
1459 2 2 2 2 509 510 508
1460 2 2 2 2 519 1709 1600
1461 2 2 2 2 476 1163 474
1462 2 2 2 2 1457 1492 1116
1463 2 2 2 2 1111 1536 653
1464 2 2 2 2 922 1096 996
1465 2 2 2 2 1091 1582 1045
1466 2 2 2 2 437 1238 439
1467 2 2 2 2 1015 1016 1014
1468 2 2 2 2 1128 1732 1129
1469 2 2 2 2 784 852 851
1470 2 2 2 2 1106 1107 1104
1471 2 2 2 2 36 1259 1053
1472 2 2 2 2 452 1182 449
1473 2 2 2 2 833 1315 1202
1474 2 2 2 2 443 446 445
1475 2 2 2 2 1317 1468 545
1476 2 2 2 2 934 1484 1292
1477 2 2 2 2 1170 1318 1173
1478 2 2 2 2 503 504 497
1479 2 2 2 2 1347 1350 1349
1480 2 2 2 2 1264 1272 846
1481 2 2 2 2 824 1212 1211
1482 2 2 2 2 488 489 487
1483 2 2 2 2 420 1400 1192
1484 2 2 2 2 1321 1541 1198
1485 2 2 2 2 633 635 632
1486 2 2 2 2 447 448 445
1487 2 2 2 2 1186 1759 1184
1488 2 2 2 2 749 853 825
1489 2 2 2 2 866 1622 858
1490 2 2 2 2 784 1232 852
1491 2 2 2 2 835 1209 765
1492 2 2 2 2 437 438 414
1493 2 2 2 2 704 1323 706
1494 2 2 2 2 704 706 705
1495 2 2 2 2 914 1104 1103
1496 2 2 2 2 543 544 542
1497 2 2 2 2 1107 1357 1104
1498 2 2 2 2 1005 1262 1007
1499 2 2 2 2 733 1280 666
1500 2 2 2 2 783 796 782
1501 2 2 2 2 907 1121 1120
1502 2 2 2 2 99 1506 430
1503 2 2 2 2 1362 1365 1364
1504 2 2 2 2 652 653 651
1505 2 2 2 2 493 1269 551
1506 2 2 2 2 846 1272 718
1507 2 2 2 2 620 1239 49
1508 2 2 2 2 1396 1578 114
1509 2 2 2 2 628 630 624
1510 2 2 2 2 785 924 883
1511 2 2 2 2 605 607 606
1512 2 2 2 2 951 1391 930
1513 2 2 2 2 993 1226 999
1514 2 2 2 2 101 413 100
1515 2 2 2 2 69 412 68
1516 2 2 2 2 87 414 86
1517 2 2 2 2 113 416 112
1518 2 2 2 2 57 415 56
1519 2 2 2 2 74 417 73
1520 2 2 2 2 96 418 95
1521 2 2 2 2 594 595 589
1522 2 2 2 2 80 419 79
1523 2 2 2 2 107 421 106
1524 2 2 2 2 63 420 62
1525 2 2 2 2 1170 1172 1171
1526 2 2 2 2 416 1578 1395
1527 2 2 2 2 484 1660 480
1528 2 2 2 2 1201 1700 1257
1529 2 2 2 2 919 1247 1113
1530 2 2 2 2 1065 1618 1030
1531 2 2 2 2 957 1628 1294
1532 2 2 2 2 722 1664 618
1533 2 2 2 2 612 613 611
1534 2 2 2 2 941 1247 919
1535 2 2 2 2 1104 1357 1103
1536 2 2 2 2 1281 1700 1201
1537 2 2 2 2 1260 1386 967
1538 2 2 2 2 451 749 739
1539 2 2 2 2 1372 1672 1360
1540 2 2 2 2 1332 1333 85
1541 2 2 2 2 521 522 518
1542 2 2 2 2 1344 1613 1382
1543 2 2 2 2 565 1545 563
1544 2 2 2 2 1007 1061 1060
1545 2 2 2 2 657 736 685
1546 2 2 2 2 449 451 448
1547 2 2 2 2 436 437 414
1548 2 2 2 2 576 1545 1268
1549 2 2 2 2 591 1076 579
1550 2 2 2 2 1136 1307 1138
1551 2 2 2 2 995 1711 1195
1552 2 2 2 2 667 1227 575
1553 2 2 2 2 875 876 874
1554 2 2 2 2 93 1351 92
1555 2 2 2 2 7 1248 8
1556 2 2 2 2 1013 1014 1011
1557 2 2 2 2 91 422 90
1558 2 2 2 2 453 455 454
1559 2 2 2 2 490 491 489
1560 2 2 2 2 832 1323 907
1561 2 2 2 2 1462 1622 1463
1562 2 2 2 2 651 1320 684
1563 2 2 2 2 1347 1348 433
1564 2 2 2 2 522 1482 518
1565 2 2 2 2 764 765 763
1566 2 2 2 2 748 1457 744
1567 2 2 2 2 738 1687 685
1568 2 2 2 2 773 1256 1246
1569 2 2 2 2 1136 1137 1135
1570 2 2 2 2 1221 1749 658
1571 2 2 2 2 1282 1651 608
1572 2 2 2 2 497 1328 495
1573 2 2 2 2 771 1246 824
1574 2 2 2 2 1061 1258 1062
1575 2 2 2 2 663 1542 821
1576 2 2 2 2 636 637 635
1577 2 2 2 2 816 1579 1308
1578 2 2 2 2 578 1378 671
1579 2 2 2 2 37 1053 549
1580 2 2 2 2 1081 1701 1073
1581 2 2 2 2 777 782 775
1582 2 2 2 2 1559 1757 1319
1583 2 2 2 2 421 1642 1156
1584 2 2 2 2 706 708 707
1585 2 2 2 2 886 997 885
1586 2 2 2 2 40 1097 546
1587 2 2 2 2 1190 1271 1187
1588 2 2 2 2 1362 1363 432
1589 2 2 2 2 89 435 88
1590 2 2 2 2 952 965 964
1591 2 2 2 2 1030 1604 1254
1592 2 2 2 2 660 661 659
1593 2 2 2 2 1217 1697 763
1594 2 2 2 2 758 861 748
1595 2 2 2 2 1113 1280 733
1596 2 2 2 2 469 470 468
1597 2 2 2 2 668 1566 1283
1598 2 2 2 2 696 1279 701
1599 2 2 2 2 1124 1245 1125
1600 2 2 2 2 734 1709 1479
1601 2 2 2 2 828 885 814
1602 2 2 2 2 71 431 70
1603 2 2 2 2 99 430 98
1604 2 2 2 2 114 1689 1396
1605 2 2 2 2 581 1522 1068
1606 2 2 2 2 495 1269 493
1607 2 2 2 2 927 928 876
1608 2 2 2 2 94 433 93
1609 2 2 2 2 1079 1080 879
1610 2 2 2 2 54 1366 2
1611 2 2 2 2 1200 1281 1201
1612 2 2 2 2 525 526 524
1613 2 2 2 2 701 704 703
1614 2 2 2 2 957 958 910
1615 2 2 2 2 773 1246 771
1616 2 2 2 2 1179 1644 1565
1617 2 2 2 2 907 1323 1122
1618 2 2 2 2 459 1711 1422
1619 2 2 2 2 1277 1573 669
1620 2 2 2 2 1289 1291 1290
1621 2 2 2 2 455 458 456
1622 2 2 2 2 486 487 484
1623 2 2 2 2 766 767 765
1624 2 2 2 2 104 423 103
1625 2 2 2 2 77 427 76
1626 2 2 2 2 110 426 109
1627 2 2 2 2 66 428 65
1628 2 2 2 2 60 429 59
1629 2 2 2 2 55 432 54
1630 2 2 2 2 82 434 81
1631 2 2 2 2 924 1185 1184
1632 2 2 2 2 492 493 491
1633 2 2 2 2 1057 1205 566
1634 2 2 2 2 414 1332 86
1635 2 2 2 2 1084 1505 1322
1636 2 2 2 2 762 763 683
1637 2 2 2 2 644 1248 7
1638 2 2 2 2 422 1748 1360
1639 2 2 2 2 1169 1612 1168
1640 2 2 2 2 14 1160 15
1641 2 2 2 2 740 1476 1245
1642 2 2 2 2 1666 1706 1402
1643 2 2 2 2 2 425 115
1644 2 2 2 2 84 424 83
1645 2 2 2 2 629 1680 1261
1646 2 2 2 2 430 1506 1311
1647 2 2 2 2 607 609 608
1648 2 2 2 2 452 1649 1182
1649 2 2 2 2 801 802 800
1650 2 2 2 2 1244 1610 638
1651 2 2 2 2 1068 1386 582
1652 2 2 2 2 1599 1658 481
1653 2 2 2 2 1247 1477 751
1654 2 2 2 2 1145 1616 1143
1655 2 2 2 2 433 1351 93
1656 2 2 2 2 465 1195 461
1657 2 2 2 2 471 472 470
1658 2 2 2 2 422 1360 1359
1659 2 2 2 2 937 1718 1079
1660 2 2 2 2 600 601 598
1661 2 2 2 2 1243 1576 664
1662 2 2 2 2 693 1355 696
1663 2 2 2 2 737 1232 784
1664 2 2 2 2 608 1651 668
1665 2 2 2 2 1348 1371 1352
1666 2 2 2 2 1369 1370 419
1667 2 2 2 2 698 1354 717
1668 2 2 2 2 1343 1344 412
1669 2 2 2 2 799 800 797
1670 2 2 2 2 564 565 563
1671 2 2 2 2 1346 1347 433
1672 2 2 2 2 869 871 870
1673 2 2 2 2 1364 1744 1415
1674 2 2 2 2 1138 1139 1137
1675 2 2 2 2 516 1727 1318
1676 2 2 2 2 905 1299 886
1677 2 2 2 2 575 1227 557
1678 2 2 2 2 415 1620 1290
1679 2 2 2 2 891 1224 708
1680 2 2 2 2 1382 1631 1344
1681 2 2 2 2 1212 1284 1213
1682 2 2 2 2 511 512 510
1683 2 2 2 2 1709 1736 1216
1684 2 2 2 2 1108 1277 1107
1685 2 2 2 2 924 980 883
1686 2 2 2 2 503 505 504
1687 2 2 2 2 504 1724 497
1688 2 2 2 2 458 460 459
1689 2 2 2 2 1570 1640 1157
1690 2 2 2 2 1088 1222 644
1691 2 2 2 2 797 1242 796
1692 2 2 2 2 1053 1259 1055
1693 2 2 2 2 432 1366 54
1694 2 2 2 2 1361 1362 432
1695 2 2 2 2 457 1649 454
1696 2 2 2 2 587 1571 596
1697 2 2 2 2 1106 1108 1107
1698 2 2 2 2 1192 1575 420
1699 2 2 2 2 791 912 780
1700 2 2 2 2 1542 1628 821
1701 2 2 2 2 84 1333 424
1702 2 2 2 2 699 795 697
1703 2 2 2 2 14 1255 1160
1704 2 2 2 2 768 769 767
1705 2 2 2 2 939 1436 1320
1706 2 2 2 2 1348 1352 1351
1707 2 2 2 2 1346 1448 1347
1708 2 2 2 2 704 1743 1323
1709 2 2 2 2 516 1318 514
1710 2 2 2 2 2 1366 425
1711 2 2 2 2 1404 1636 105
1712 2 2 2 2 569 1378 578
1713 2 2 2 2 1179 1565 964
1714 2 2 2 2 913 914 912
1715 2 2 2 2 803 804 802
1716 2 2 2 2 1165 1728 554
1717 2 2 2 2 1597 1598 938
1718 2 2 2 2 38 1345 39
1719 2 2 2 2 632 1478 750
1720 2 2 2 2 1436 1723 684
1721 2 2 2 2 1361 1454 1362
1722 2 2 2 2 639 640 637
1723 2 2 2 2 1591 1744 1365
1724 2 2 2 2 1659 1712 884
1725 2 2 2 2 1289 1290 1287
1726 2 2 2 2 955 1082 905
1727 2 2 2 2 505 507 506
1728 2 2 2 2 938 1598 1044
1729 2 2 2 2 442 1325 443
1730 2 2 2 2 1329 1498 1159
1731 2 2 2 2 586 588 587
1732 2 2 2 2 796 1242 937
1733 2 2 2 2 460 462 461
1734 2 2 2 2 1082 1299 905
1735 2 2 2 2 462 464 463
1736 2 2 2 2 712 714 713
1737 2 2 2 2 1005 1592 1262
1738 2 2 2 2 91 1353 422
1739 2 2 2 2 603 1716 602
1740 2 2 2 2 1257 1718 937
1741 2 2 2 2 834 836 819
1742 2 2 2 2 1220 1406 1405
1743 2 2 2 2 1017 1018 1016
1744 2 2 2 2 926 1373 1278
1745 2 2 2 2 1090 1580 1345
1746 2 2 2 2 473 474 472
1747 2 2 2 2 1156 1721 421
1748 2 2 2 2 871 873 872
1749 2 2 2 2 732 903 572
1750 2 2 2 2 602 1515 1228
1751 2 2 2 2 750 1682 1074
1752 2 2 2 2 521 523 522
1753 2 2 2 2 599 1329 1159
1754 2 2 2 2 464 467 466
1755 2 2 2 2 1208 1210 1209
1756 2 2 2 2 1473 1686 1203
1757 2 2 2 2 1037 1645 1115
1758 2 2 2 2 777 783 782
1759 2 2 2 2 810 1312 808
1760 2 2 2 2 1276 1690 940
1761 2 2 2 2 689 1469 947
1762 2 2 2 2 1450 1708 1388
1763 2 2 2 2 1191 1474 1012
1764 2 2 2 2 1174 1178 1177
1765 2 2 2 2 1061 1062 1060
1766 2 2 2 2 903 1378 572
1767 2 2 2 2 1022 1456 1334
1768 2 2 2 2 1267 1379 1180
1769 2 2 2 2 513 514 512
1770 2 2 2 2 709 712 711
1771 2 2 2 2 523 525 524
1772 2 2 2 2 828 886 885
1773 2 2 2 2 1162 1608 1161
1774 2 2 2 2 441 1437 440
1775 2 2 2 2 783 797 796
1776 2 2 2 2 757 919 733
1777 2 2 2 2 1067 1639 956
1778 2 2 2 2 1264 1305 1274
1779 2 2 2 2 704 705 703
1780 2 2 2 2 593 667 575
1781 2 2 2 2 662 663 661
1782 2 2 2 2 732 1319 903
1783 2 2 2 2 1397 1572 1034
1784 2 2 2 2 1250 1522 581
1785 2 2 2 2 853 854 825
1786 2 2 2 2 1334 1456 427
1787 2 2 2 2 1327 1570 1157
1788 2 2 2 2 959 1546 1502
1789 2 2 2 2 507 509 508
1790 2 2 2 2 1152 1392 1153
1791 2 2 2 2 1227 1500 935
1792 2 2 2 2 1124 1125 908
1793 2 2 2 2 902 1038 901
1794 2 2 2 2 725 733 666
1795 2 2 2 2 1470 1666 754
1796 2 2 2 2 706 707 705
1797 2 2 2 2 435 1432 436
1798 2 2 2 2 920 941 919
1799 2 2 2 2 1037 1695 918
1800 2 2 2 2 749 825 739
1801 2 2 2 2 446 1374 447
1802 2 2 2 2 1108 1330 1277
1803 2 2 2 2 736 788 737
1804 2 2 2 2 805 806 804
1805 2 2 2 2 729 1314 487
1806 2 2 2 2 744 1457 742
1807 2 2 2 2 674 1398 959
1808 2 2 2 2 514 1318 552
1809 2 2 2 2 78 1438 77
1810 2 2 2 2 568 569 565
1811 2 2 2 2 614 615 613
1812 2 2 2 2 793 846 718
1813 2 2 2 2 475 476 474
1814 2 2 2 2 714 716 715
1815 2 2 2 2 849 888 836
1816 2 2 2 2 762 764 763
1817 2 2 2 2 889 897 896
1818 2 2 2 2 1258 1301 1062
1819 2 2 2 2 735 1700 1281
1820 2 2 2 2 23 1057 566
1821 2 2 2 2 841 842 840
1822 2 2 2 2 1644 1717 1084
1823 2 2 2 2 770 771 769
1824 2 2 2 2 87 436 414
1825 2 2 2 2 1279 1743 704
1826 2 2 2 2 418 1346 95
1827 2 2 2 2 445 1435 444
1828 2 2 2 2 764 766 765
1829 2 2 2 2 69 1343 412
1830 2 2 2 2 539 543 542
1831 2 2 2 2 416 1405 112
1832 2 2 2 2 1252 1712 1659
1833 2 2 2 2 877 901 847
1834 2 2 2 2 415 1361 56
1835 2 2 2 2 80 1369 419
1836 2 2 2 2 501 1377 1271
1837 2 2 2 2 486 488 487
1838 2 2 2 2 967 1483 1260
1839 2 2 2 2 417 1407 73
1840 2 2 2 2 972 1249 1241
1841 2 2 2 2 654 655 653
1842 2 2 2 2 853 1481 854
1843 2 2 2 2 527 528 526
1844 2 2 2 2 13 1255 14
1845 2 2 2 2 1484 1510 1292
1846 2 2 2 2 772 773 771
1847 2 2 2 2 1425 1532 946
1848 2 2 2 2 908 1196 891
1849 2 2 2 2 799 801 800
1850 2 2 2 2 981 1333 1332
1851 2 2 2 2 942 943 941
1852 2 2 2 2 628 631 630
1853 2 2 2 2 774 775 773
1854 2 2 2 2 488 490 489
1855 2 2 2 2 706 1323 832
1856 2 2 2 2 1103 1730 912
1857 2 2 2 2 716 727 719
1858 2 2 2 2 422 1359 90
1859 2 2 2 2 515 516 514
1860 2 2 2 2 105 1634 1404
1861 2 2 2 2 982 1555 1515
1862 2 2 2 2 978 1626 851
1863 2 2 2 2 498 1668 1331
1864 2 2 2 2 494 495 493
1865 2 2 2 2 863 1457 748
1866 2 2 2 2 717 1354 794
1867 2 2 2 2 763 1697 683
1868 2 2 2 2 494 1446 496
1869 2 2 2 2 1591 1617 1413
1870 2 2 2 2 617 618 615
1871 2 2 2 2 998 1005 1004
1872 2 2 2 2 1208 1209 835
1873 2 2 2 2 1392 1728 1165
1874 2 2 2 2 555 1544 1380
1875 2 2 2 2 435 436 88
1876 2 2 2 2 885 1688 814
1877 2 2 2 2 807 808 806
1878 2 2 2 2 745 786 747
1879 2 2 2 2 934 1292 1230
1880 2 2 2 2 1349 1371 1348
1881 2 2 2 2 1265 1394 975
1882 2 2 2 2 1141 1573 1330
1883 2 2 2 2 1330 1573 1277
1884 2 2 2 2 794 998 917
1885 2 2 2 2 1275 1387 1276
1886 2 2 2 2 1005 1007 1006
1887 2 2 2 2 862 1126 861
1888 2 2 2 2 648 650 649
1889 2 2 2 2 1523 1726 1221
1890 2 2 2 2 801 803 802
1891 2 2 2 2 1312 1688 1081
1892 2 2 2 2 566 1321 1198
1893 2 2 2 2 467 469 468
1894 2 2 2 2 431 1343 70
1895 2 2 2 2 953 1087 943
1896 2 2 2 2 89 1359 435
1897 2 2 2 2 1375 1456 1022
1898 2 2 2 2 35 1259 36
1899 2 2 2 2 94 1346 433
1900 2 2 2 2 1351 1353 92
1901 2 2 2 2 727 785 753
1902 2 2 2 2 766 768 767
1903 2 2 2 2 708 709 707
1904 2 2 2 2 528 1544 526
1905 2 2 2 2 741 816 743
1906 2 2 2 2 415 1454 1361
1907 2 2 2 2 696 1355 1279
1908 2 2 2 2 1114 1115 17
1909 2 2 2 2 1348 1351 433
1910 2 2 2 2 884 1712 1672
1911 2 2 2 2 418 1448 1346
1912 2 2 2 2 490 492 491
1913 2 2 2 2 943 1477 941
1914 2 2 2 2 509 511 510
1915 2 2 2 2 1147 1148 1146
1916 2 2 2 2 1408 1519 431
1917 2 2 2 2 946 1532 1085
1918 2 2 2 2 477 478 476
1919 2 2 2 2 609 612 611
1920 2 2 2 2 1029 1065 1030
1921 2 2 2 2 1091 1092 45
1922 2 2 2 2 1461 1463 1102
1923 2 2 2 2 71 1408 431
1924 2 2 2 2 1296 1715 522
1925 2 2 2 2 1019 1020 1018
1926 2 2 2 2 1007 1060 1032
1927 2 2 2 2 1246 1605 1212
1928 2 2 2 2 456 1422 457
1929 2 2 2 2 42 1505 43
1930 2 2 2 2 1342 1381 1340
1931 2 2 2 2 1380 1544 973
1932 2 2 2 2 17 1755 18
1933 2 2 2 2 55 1361 432
1934 2 2 2 2 434 1369 81
1935 2 2 2 2 809 810 808
1936 2 2 2 2 854 1300 1155
1937 2 2 2 2 1290 1756 415
1938 2 2 2 2 1268 1702 816
1939 2 2 2 2 1240 1667 1239
1940 2 2 2 2 1313 1728 1152
1941 2 2 2 2 495 1328 1269
1942 2 2 2 2 1238 1252 1251
1943 2 2 2 2 26 1093 571
1944 2 2 2 2 437 1432 1238
1945 2 2 2 2 827 828 814
1946 2 2 2 2 1556 1701 997
1947 2 2 2 2 1352 1353 1351
1948 2 2 2 2 1363 1366 432
1949 2 2 2 2 85 1333 84
1950 2 2 2 2 1099 1100 31
1951 2 2 2 2 1237 1702 1077
1952 2 2 2 2 803 805 804
1953 2 2 2 2 876 1745 874
1954 2 2 2 2 689 947 691
1955 2 2 2 2 785 883 830
1956 2 2 2 2 817 946 933
1957 2 2 2 2 1425 1633 1038
1958 2 2 2 2 1117 1236 643
1959 2 2 2 2 1195 1629 991
1960 2 2 2 2 1225 1650 1245
1961 2 2 2 2 1193 1301 985
1962 2 2 2 2 110 1406 426
1963 2 2 2 2 1122 1331 1121
1964 2 2 2 2 813 814 810
1965 2 2 2 2 595 600 598
1966 2 2 2 2 1364 1367 1363
1967 2 2 2 2 776 777 775
1968 2 2 2 2 631 633 632
1969 2 2 2 2 15 1160 559
1970 2 2 2 2 808 1508 806
1971 2 2 2 2 1237 1579 816
1972 2 2 2 2 712 713 711
1973 2 2 2 2 693 696 695
1974 2 2 2 2 1299 1601 997
1975 2 2 2 2 27 1383 28
1976 2 2 2 2 567 1057 22
1977 2 2 2 2 540 936 880
1978 2 2 2 2 725 757 733
1979 2 2 2 2 816 1702 1237
1980 2 2 2 2 1403 1636 1404
1981 2 2 2 2 1009 1011 1010
1982 2 2 2 2 948 949 930
1983 2 2 2 2 859 860 858
1984 2 2 2 2 816 1308 743
1985 2 2 2 2 929 1681 1483
1986 2 2 2 2 1150 1152 1148
1987 2 2 2 2 82 1388 434
1988 2 2 2 2 793 847 846
1989 2 2 2 2 74 1375 417
1990 2 2 2 2 904 905 886
1991 2 2 2 2 787 839 838
1992 2 2 2 2 679 680 676
1993 2 2 2 2 768 770 769
1994 2 2 2 2 1284 1452 541
1995 2 2 2 2 757 920 919
1996 2 2 2 2 903 1499 1378
1997 2 2 2 2 1053 1054 549
1998 2 2 2 2 597 1528 589
1999 2 2 2 2 1196 1224 891
2000 2 2 2 2 451 739 686
2001 2 2 2 2 633 636 635
2002 2 2 2 2 412 1434 68
2003 2 2 2 2 618 1664 1497
2004 2 2 2 2 440 981 438
2005 2 2 2 2 424 1388 83
2006 2 2 2 2 1202 1315 1204
2007 2 2 2 2 714 715 713
2008 2 2 2 2 1173 1174 1172
2009 2 2 2 2 1083 1703 1236
2010 2 2 2 2 1059 1520 1058
2011 2 2 2 2 469 471 470
2012 2 2 2 2 867 1669 866
2013 2 2 2 2 944 1286 1285
2014 2 2 2 2 877 902 901
2015 2 2 2 2 1255 1397 1160
2016 2 2 2 2 669 1573 1418
2017 2 2 2 2 990 993 992
2018 2 2 2 2 791 913 912
2019 2 2 2 2 794 1354 998
2020 2 2 2 2 1077 1702 1545
2021 2 2 2 2 525 527 526
2022 2 2 2 2 1324 1550 722
2023 2 2 2 2 1114 1585 1037
2024 2 2 2 2 1549 1680 629
2025 2 2 2 2 902 1039 1038
2026 2 2 2 2 604 605 603
2027 2 2 2 2 696 701 700
2028 2 2 2 2 817 1409 946
2029 2 2 2 2 954 955 905
2030 2 2 2 2 972 1557 1249
2031 2 2 2 2 780 1304 594
2032 2 2 2 2 545 1512 1317
2033 2 2 2 2 1425 1733 1633
2034 2 2 2 2 1563 1564 596
2035 2 2 2 2 1180 1379 958
2036 2 2 2 2 805 807 806
2037 2 2 2 2 1013 1015 1014
2038 2 2 2 2 897 899 898
2039 2 2 2 2 75 1456 1375
2040 2 2 2 2 969 1737 1067
2041 2 2 2 2 1210 1217 1209
2042 2 2 2 2 1504 1563 1040
2043 2 2 2 2 873 875 874
2044 2 2 2 2 674 959 672
2045 2 2 2 2 676 1398 674
2046 2 2 2 2 471 473 472
2047 2 2 2 2 547 850 673
2048 2 2 2 2 560 564 563
2049 2 2 2 2 529 530 528
2050 2 2 2 2 492 494 493
2051 2 2 2 2 941 1477 1247
2052 2 2 2 2 675 678 677
2053 2 2 2 2 798 799 797
2054 2 2 2 2 588 594 589
2055 2 2 2 2 1245 1741 1225
2056 2 2 2 2 1288 1575 945
2057 2 2 2 2 682 683 680
2058 2 2 2 2 1218 1384 1059
2059 2 2 2 2 1600 1709 1214
2060 2 2 2 2 1363 1368 1366
2061 2 2 2 2 652 654 653
2062 2 2 2 2 443 1325 446
2063 2 2 2 2 754 1561 635
2064 2 2 2 2 92 1353 91
2065 2 2 2 2 1139 1154 1140
2066 2 2 2 2 618 1497 615
2067 2 2 2 2 636 639 637
2068 2 2 2 2 1342 1382 1381
2069 2 2 2 2 1105 1106 1104
2070 2 2 2 2 920 942 941
2071 2 2 2 2 1468 1655 545
2072 2 2 2 2 1171 1509 1176
2073 2 2 2 2 650 652 651
2074 2 2 2 2 854 1155 882
2075 2 2 2 2 770 772 771
2076 2 2 2 2 656 657 655
2077 2 2 2 2 511 513 512
2078 2 2 2 2 517 518 516
2079 2 2 2 2 881 1072 826
2080 2 2 2 2 1366 1368 425
2081 2 2 2 2 772 774 773
2082 2 2 2 2 496 497 495
2083 2 2 2 2 761 762 683
2084 2 2 2 2 53 625 1
2085 2 2 2 2 716 719 715
2086 2 2 2 2 513 515 514
2087 2 2 2 2 701 703 702
2088 2 2 2 2 563 1545 576
2089 2 2 2 2 961 962 812
2090 2 2 2 2 907 1122 1121
2091 2 2 2 2 1112 1667 1240
2092 2 2 2 2 970 971 878
2093 2 2 2 2 894 988 822
2094 2 2 2 2 828 904 886
2095 2 2 2 2 807 809 808
2096 2 2 2 2 993 999 994
2097 2 2 2 2 1251 1659 980
2098 2 2 2 2 774 776 775
2099 2 2 2 2 1092 1654 616
2100 2 2 2 2 1258 1624 721
2101 2 2 2 2 1339 1340 1338
2102 2 2 2 2 727 753 719
2103 2 2 2 2 998 1004 917
2104 2 2 2 2 904 1223 954
2105 2 2 2 2 1133 1142 1130
2106 2 2 2 2 417 1586 1223
2107 2 2 2 2 642 1117 11
2108 2 2 2 2 813 827 814
2109 2 2 2 2 724 823 822
2110 2 2 2 2 1394 1609 931
2111 2 2 2 2 848 1042 892
2112 2 2 2 2 1465 1553 626
2113 2 2 2 2 914 1303 1105
2114 2 2 2 2 1010 1644 1179
2115 2 2 2 2 641 1231 9
2116 2 2 2 2 821 910 909
2117 2 2 2 2 621 622 618
2118 2 2 2 2 942 953 943
2119 2 2 2 2 645 646 640
2120 2 2 2 2 809 813 810
2121 2 2 2 2 473 475 474
2122 2 2 2 2 1356 1357 1107
2123 2 2 2 2 827 1376 828
2124 2 2 2 2 986 1310 1309
2125 2 2 2 2 522 1715 1482
2126 2 2 2 2 944 1433 1286
2127 2 2 2 2 1007 1032 1006
2128 2 2 2 2 913 1303 914
2129 2 2 2 2 479 480 478
2130 2 2 2 2 573 575 557
2131 2 2 2 2 1284 1605 1452
2132 2 2 2 2 67 1434 1341
2133 2 2 2 2 1144 1147 1146
2134 2 2 2 2 527 529 528
2135 2 2 2 2 556 557 553
2136 2 2 2 2 1005 1006 1004
2137 2 2 2 2 1141 1330 1139
2138 2 2 2 2 496 1446 547
2139 2 2 2 2 904 954 905
2140 2 2 2 2 889 896 888
2141 2 2 2 2 1135 1317 1133
2142 2 2 2 2 475 477 476
2143 2 2 2 2 531 532 530
2144 2 2 2 2 1287 1699 429
2145 2 2 2 2 946 1085 933
2146 2 2 2 2 823 1158 894
2147 2 2 2 2 785 830 753
2148 2 2 2 2 568 572 569
2149 2 2 2 2 1410 1671 1247
2150 2 2 2 2 783 798 797
2151 2 2 2 2 1461 1521 1383
2152 2 2 2 2 914 1105 1104
2153 2 2 2 2 1354 1592 998
2154 2 2 2 2 538 539 534
2155 2 2 2 2 533 534 532
2156 2 2 2 2 88 436 87
2157 2 2 2 2 592 687 665
2158 2 2 2 2 564 568 565
2159 2 2 2 2 95 1346 94
2160 2 2 2 2 450 688 453
2161 2 2 2 2 1341 1434 1342
2162 2 2 2 2 444 1747 1437
2163 2 2 2 2 550 553 543
2164 2 2 2 2 70 1343 69
2165 2 2 2 2 690 940 500
2166 2 2 2 2 1440 1609 1031
2167 2 2 2 2 663 821 820
2168 2 2 2 2 112 1405 111
2169 2 2 2 2 56 1361 55
2170 2 2 2 2 81 1369 80
2171 2 2 2 2 578 671 580
2172 2 2 2 2 989 1302 925
2173 2 2 2 2 592 593 575
2174 2 2 2 2 73 1407 72
2175 2 2 2 2 724 725 666
2176 2 2 2 2 451 686 448
2177 2 2 2 2 968 1319 732
2178 2 2 2 2 90 1359 89
2179 2 2 2 2 556 574 573
2180 2 2 2 2 57 1620 415
2181 2 2 2 2 953 1270 1087
2182 2 2 2 2 515 517 516
2183 2 2 2 2 776 843 777
2184 2 2 2 2 813 976 827
2185 2 2 2 2 1463 1622 866
2186 2 2 2 2 988 1401 822
2187 2 2 2 2 810 1688 1312
2188 2 2 2 2 717 718 699
2189 2 2 2 2 502 503 497
2190 2 2 2 2 756 987 984
2191 2 2 2 2 96 1635 418
2192 2 2 2 2 698 699 697
2193 2 2 2 2 637 1722 754
2194 2 2 2 2 72 1408 71
2195 2 2 2 2 916 1520 1384
2196 2 2 2 2 642 1231 1119
2197 2 2 2 2 954 1022 955
2198 2 2 2 2 696 700 695
2199 2 2 2 2 848 877 847
2200 2 2 2 2 709 711 710
2201 2 2 2 2 848 1431 1042
2202 2 2 2 2 665 666 593
2203 2 2 2 2 757 921 920
2204 2 2 2 2 429 1595 1285
2205 2 2 2 2 107 1642 421
2206 2 2 2 2 799 1337 801
2207 2 2 2 2 976 977 827
2208 2 2 2 2 883 884 830
2209 2 2 2 2 28 1521 29
2210 2 2 2 2 111 1406 110
2211 2 2 2 2 792 793 718
2212 2 2 2 2 960 1192 961
2213 2 2 2 2 438 1332 414
2214 2 2 2 2 807 865 809
2215 2 2 2 2 828 1376 904
2216 2 2 2 2 520 521 518
2217 2 2 2 2 694 697 692
2218 2 2 2 2 480 1512 478
2219 2 2 2 2 1347 1448 1350
2220 2 2 2 2 1156 1297 892
2221 2 2 2 2 79 1491 78
2222 2 2 2 2 1219 1220 1039
2223 2 2 2 2 537 1718 1257
2224 2 2 2 2 928 1283 948
2225 2 2 2 2 616 1086 47
2226 2 2 2 2 762 815 764
2227 2 2 2 2 1139 1330 1154
2228 2 2 2 2 1177 1749 1221
2229 2 2 2 2 675 1399 678
2230 2 2 2 2 1360 1540 1359
2231 2 2 2 2 717 794 792
2232 2 2 2 2 1486 1563 1504
2233 2 2 2 2 1466 1700 735
2234 2 2 2 2 679 682 680
2235 2 2 2 2 724 822 725
2236 2 2 2 2 893 1572 1083
2237 2 2 2 2 1489 1653 747
2238 2 2 2 2 823 894 822
2239 2 2 2 2 705 721 703
2240 2 2 2 2 936 1023 880
2241 2 2 2 2 756 983 710
2242 2 2 2 2 83 1388 82
2243 2 2 2 2 894 1003 988
2244 2 2 2 2 444 1437 441
2245 2 2 2 2 1493 1576 1243
2246 2 2 2 2 494 496 495
2247 2 2 2 2 455 501 458
2248 2 2 2 2 1002 1339 962
2249 2 2 2 2 1170 1173 1172
2250 2 2 2 2 477 479 478
2251 2 2 2 2 485 486 484
2252 2 2 2 2 486 1335 488
2253 2 2 2 2 868 869 867
2254 2 2 2 2 612 614 613
2255 2 2 2 2 962 1338 1337
2256 2 2 2 2 854 882 825
2257 2 2 2 2 1297 1674 426
2258 2 2 2 2 483 484 480
2259 2 2 2 2 485 689 500
2260 2 2 2 2 680 1398 676
2261 2 2 2 2 790 926 925
2262 2 2 2 2 875 927 876
2263 2 2 2 2 798 960 812
2264 2 2 2 2 682 817 761
2265 2 2 2 2 793 848 847
2266 2 2 2 2 803 811 805
2267 2 2 2 2 573 592 575
2268 2 2 2 2 798 812 799
2269 2 2 2 2 1011 1717 1010
2270 2 2 2 2 503 536 505
2271 2 2 2 2 556 573 557
2272 2 2 2 2 1359 1540 435
2273 2 2 2 2 986 1193 985
2274 2 2 2 2 701 702 700
2275 2 2 2 2 571 1383 27
2276 2 2 2 2 1362 1454 1365
2277 2 2 2 2 1482 1727 516
2278 2 2 2 2 1125 1298 1196
2279 2 2 2 2 776 944 843
2280 2 2 2 2 594 1304 595
2281 2 2 2 2 639 645 640
2282 2 2 2 2 1054 1681 1391
2283 2 2 2 2 447 1374 450
2284 2 2 2 2 961 1002 962
2285 2 2 2 2 817 933 878
2286 2 2 2 2 533 540 538
2287 2 2 2 2 984 985 983
2288 2 2 2 2 766 781 768
2289 2 2 2 2 682 761 683
2290 2 2 2 2 752 1534 1509
2291 2 2 2 2 533 538 534
2292 2 2 2 2 1042 1156 892
2293 2 2 2 2 709 710 707
2294 2 2 2 2 529 531 530
2295 2 2 2 2 550 556 553
2296 2 2 2 2 996 1559 923
2297 2 2 2 2 1015 1017 1016
2298 2 2 2 2 743 1308 745
2299 2 2 2 2 1197 1579 1237
2300 2 2 2 2 531 533 532
2301 2 2 2 2 881 1073 1072
2302 2 2 2 2 772 778 774
2303 2 2 2 2 745 1308 786
2304 2 2 2 2 75 1375 74
2305 2 2 2 2 959 1444 672
2306 2 2 2 2 902 1219 1039
2307 2 2 2 2 821 1628 957
2308 2 2 2 2 64 1606 63
2309 2 2 2 2 942 1036 953
2310 2 2 2 2 794 917 890
2311 2 2 2 2 790 791 780
2312 2 2 2 2 592 665 593
2313 2 2 2 2 458 1393 460
2314 2 2 2 2 1267 1749 1177
2315 2 2 2 2 698 717 699
2316 2 2 2 2 715 760 713
2317 2 2 2 2 992 995 991
2318 2 2 2 2 904 1376 1223
2319 2 2 2 2 944 945 843
2320 2 2 2 2 717 792 718
2321 2 2 2 2 1039 1425 1038
2322 2 2 2 2 665 724 666
2323 2 2 2 2 427 1456 76
2324 2 2 2 2 928 948 930
2325 2 2 2 2 962 1339 1338
2326 2 2 2 2 1380 1525 555
2327 2 2 2 2 1121 1685 1120
2328 2 2 2 2 37 549 38
2329 2 2 2 2 1022 1334 955
2330 2 2 2 2 1300 1500 1155
2331 2 2 2 2 1285 1288 945
2332 2 2 2 2 977 1376 827
2333 2 2 2 2 927 1283 928
2334 2 2 2 2 940 1335 500
2335 2 2 2 2 101 1475 413
2336 2 2 2 2 960 961 812
2337 2 2 2 2 659 1181 561
2338 2 2 2 2 1407 1408 72
2339 2 2 2 2 1026 1027 1025
2340 2 2 2 2 993 994 992
2341 2 2 2 2 1090 1742 951
2342 2 2 2 2 485 500 486
2343 2 2 2 2 848 892 877
2344 2 2 2 2 962 1337 812
2345 2 2 2 2 1391 1742 1054
2346 2 2 2 2 1087 1460 943
2347 2 2 2 2 490 499 492
2348 2 2 2 2 430 1696 98
2349 2 2 2 2 881 1081 1073
2350 2 2 2 2 711 756 710
2351 2 2 2 2 944 1285 945
2352 2 2 2 2 1405 1406 111
2353 2 2 2 2 830 831 753
2354 2 2 2 2 1292 1510 544
2355 2 2 2 2 1123 1599 1124
2356 2 2 2 2 1312 1637 1023
2357 2 2 2 2 1261 1640 629
2358 2 2 2 2 10 642 11
2359 2 2 2 2 1265 1719 1394
2360 2 2 2 2 1316 1625 1204
2361 2 2 2 2 40 546 41
2362 2 2 2 2 839 841 840
2363 2 2 2 2 1281 1686 735
2364 2 2 2 2 981 1332 438
2365 2 2 2 2 975 1753 889
2366 2 2 2 2 12 1117 643
2367 2 2 2 2 1153 1392 1235
2368 2 2 2 2 817 878 761
2369 2 2 2 2 677 679 676
2370 2 2 2 2 829 968 732
2371 2 2 2 2 761 1427 762
2372 2 2 2 2 790 925 791
2373 2 2 2 2 601 604 603
2374 2 2 2 2 933 970 878
2375 2 2 2 2 517 520 518
2376 2 2 2 2 689 691 690
2377 2 2 2 2 850 1399 673
2378 2 2 2 2 739 751 686
2379 2 2 2 2 794 890 792
2380 2 2 2 2 496 502 497
2381 2 2 2 2 756 1417 987
2382 2 2 2 2 1125 1196 908
2383 2 2 2 2 572 1378 569
2384 2 2 2 2 691 693 692
2385 2 2 2 2 986 1309 1193
2386 2 2 2 2 693 695 694
2387 2 2 2 2 984 986 985
2388 2 2 2 2 694 698 697
2389 2 2 2 2 419 1491 79
2390 2 2 2 2 76 1456 75
2391 2 2 2 2 917 963 890
2392 2 2 2 2 677 681 679
2393 2 2 2 2 426 1674 109
2394 2 2 2 2 1370 1630 1596
2395 2 2 2 2 1238 1432 1252
2396 2 2 2 2 958 973 910
2397 2 2 2 2 947 1574 1355
2398 2 2 2 2 429 1699 59
2399 2 2 2 2 971 1427 878
2400 2 2 2 2 527 535 529
2401 2 2 2 2 462 482 464
2402 2 2 2 2 43 1505 610
2403 2 2 2 2 1357 1496 1103
2404 2 2 2 2 520 537 521
2405 2 2 2 2 640 1750 1110
2406 2 2 2 2 623 624 622
2407 2 2 2 2 1147 1150 1148
2408 2 2 2 2 584 590 586
2409 2 2 2 2 700 720 695
2410 2 2 2 2 65 1480 64
2411 2 2 2 2 483 485 484
2412 2 2 2 2 647 648 646
2413 2 2 2 2 1163 1677 599
2414 2 2 2 2 1133 1317 1142
2415 2 2 2 2 1367 1368 1363
2416 2 2 2 2 756 984 983
2417 2 2 2 2 102 1475 101
2418 2 2 2 2 731 934 829
2419 2 2 2 2 1331 1574 947
2420 2 2 2 2 428 1480 65
2421 2 2 2 2 1428 1591 1413
2422 2 2 2 2 1139 1140 1137
2423 2 2 2 2 731 732 572
2424 2 2 2 2 1079 1452 1080
2425 2 2 2 2 511 519 513
2426 2 2 2 2 754 1722 1470
2427 2 2 2 2 1031 1762 1
2428 2 2 2 2 1178 1379 1267
2429 2 2 2 2 1072 1441 826
2430 2 2 2 2 479 498 483
2431 2 2 2 2 1302 1389 925
2432 2 2 2 2 1419 1760 823
2433 2 2 2 2 923 1481 853
2434 2 2 2 2 1301 1558 985
2435 2 2 2 2 689 690 500
2436 2 2 2 2 1307 1680 755
2437 2 2 2 2 1150 1313 1152
2438 2 2 2 2 1454 1756 1291
2439 2 2 2 2 547 1446 850
2440 2 2 2 2 1423 1558 721
2441 2 2 2 2 517 541 520
2442 2 2 2 2 693 694 692
2443 2 2 2 2 540 880 826
2444 2 2 2 2 479 483 480
2445 2 2 2 2 986 1429 1310
2446 2 2 2 2 779 1373 790
2447 2 2 2 2 691 692 690
2448 2 2 2 2 675 676 674
2449 2 2 2 2 725 1401 757
2450 2 2 2 2 822 1401 725
2451 2 2 2 2 1054 1742 1670
2452 2 2 2 2 620 1240 1239
2453 2 2 2 2 675 677 676
2454 2 2 2 2 999 1000 994
2455 2 2 2 2 673 675 674
2456 2 2 2 2 751 1001 686
2457 2 2 2 2 1293 1734 1069
2458 2 2 2 2 654 656 655
2459 2 2 2 2 673 674 672
2460 2 2 2 2 1262 1647 1061
2461 2 2 2 2 788 1704 1232
2462 2 2 2 2 934 1230 935
2463 2 2 2 2 539 550 543
2464 2 2 2 2 812 1337 799
2465 2 2 2 2 526 1544 555
2466 2 2 2 2 496 547 502
2467 2 2 2 2 1088 1265 1222
2468 2 2 2 2 1173 1175 1174
2469 2 2 2 2 779 780 594
2470 2 2 2 2 724 1419 823
2471 2 2 2 2 880 881 826
2472 2 2 2 2 644 1587 1248
2473 2 2 2 2 1270 1713 981
2474 2 2 2 2 502 1444 503
2475 2 2 2 2 540 826 538
2476 2 2 2 2 843 1526 1385
2477 2 2 2 2 926 989 925
2478 2 2 2 2 843 1385 777
2479 2 2 2 2 500 1335 486
2480 2 2 2 2 18 562 19
2481 2 2 2 2 714 1729 716
2482 2 2 2 2 471 481 473
2483 2 2 2 2 950 1651 1282
2484 2 2 2 2 642 1118 1117
2485 2 2 2 2 605 669 607
2486 2 2 2 2 547 673 672
2487 2 2 2 2 777 1385 783
2488 2 2 2 2 614 617 615
2489 2 2 2 2 100 1506 99
2490 2 2 2 2 1074 1682 1589
2491 2 2 2 2 1167 1678 1165
2492 2 2 2 2 1116 1542 663
2493 2 2 2 2 567 1058 1057
2494 2 2 2 2 507 734 509
2495 2 2 2 2 48 1086 620
2496 2 2 2 2 596 1602 585
2497 2 2 2 2 877 1412 902
2498 2 2 2 2 1437 1747 1460
2499 2 2 2 2 478 1512 545
2500 2 2 2 2 1205 1321 566
2501 2 2 2 2 1235 1619 1234
2502 2 2 2 2 1446 1447 850
2503 2 2 2 2 1358 1654 1623
2504 2 2 2 2 1616 1732 1143
2505 2 2 2 2 1596 1630 988
2506 2 2 2 2 656 670 657
2507 2 2 2 2 770 1413 772
2508 2 2 2 2 1309 1696 430
2509 2 2 2 2 627 628 624
2510 2 2 2 2 617 621 618
2511 2 2 2 2 990 992 991
2512 2 2 2 2 1370 1596 419
2513 2 2 2 2 698 1443 1354
2514 2 2 2 2 1379 1380 958
2515 2 2 2 2 801 1411 803
2516 2 2 2 2 779 790 780
2517 2 2 2 2 567 1266 1059
2518 2 2 2 2 1447 1656 1275
2519 2 2 2 2 547 672 502
2520 2 2 2 2 413 1506 100
2521 2 2 2 2 958 1380 973
2522 2 2 2 2 1215 1502 1210
2523 2 2 2 2 592 1421 687
2524 2 2 2 2 1297 1412 892
2525 2 2 2 2 528 1679 1544
2526 2 2 2 2 1192 1400 961
2527 2 2 2 2 457 1698 1562
2528 2 2 2 2 523 735 525
2529 2 2 2 2 842 859 858
2530 2 2 2 2 1113 1530 1280
2531 2 2 2 2 15 559 16
2532 2 2 2 2 789 979 788
2533 2 2 2 2 889 1753 897
2534 2 2 2 2 1189 1650 1225
2535 2 2 2 2 1058 1520 1336
2536 2 2 2 2 619 1253 51
2537 2 2 2 2 983 1558 1423
2538 2 2 2 2 1320 1436 684
2539 2 2 2 2 806 1508 833
2540 2 2 2 2 971 1547 1368
2541 2 2 2 2 1214 1709 1216
2542 2 2 2 2 465 1629 1195
2543 2 2 2 2 555 1525 1296
2544 2 2 2 2 114 1578 113
2545 2 2 2 2 1085 1395 933
2546 2 2 2 2 1245 1650 1125
2547 2 2 2 2 23 566 24
2548 2 2 2 2 29 1521 570
2549 2 2 2 2 1311 1568 1062
2550 2 2 2 2 499 1656 1538
2551 2 2 2 2 1008 1009 965
2552 2 2 2 2 1445 1639 1067
2553 2 2 2 2 992 1390 995
2554 2 2 2 2 1612 1761 1168
2555 2 2 2 2 1158 1414 894
2556 2 2 2 2 1340 1684 1338
2557 2 2 2 2 68 1434 67
2558 2 2 2 2 1010 1717 1644
2559 2 2 2 2 1252 1659 1251
2560 2 2 2 2 544 1510 560
2561 2 2 2 2 713 1417 711
2562 2 2 2 2 783 1385 798
2563 2 2 2 2 1225 1752 1190
2564 2 2 2 2 757 1401 921
2565 2 2 2 2 1032 1426 1006
2566 2 2 2 2 762 1427 815
2567 2 2 2 2 1195 1711 459
2568 2 2 2 2 568 731 572
2569 2 2 2 2 1271 1377 1186
2570 2 2 2 2 1567 1573 1141
2571 2 2 2 2 1241 1587 974
2572 2 2 2 2 6 644 7
2573 2 2 2 2 831 1672 1372
2574 2 2 2 2 646 1750 640
2575 2 2 2 2 1344 1631 412
2576 2 2 2 2 731 829 732
2577 2 2 2 2 790 1373 926
2578 2 2 2 2 475 726 477
2579 2 2 2 2 687 1419 665
2580 2 2 2 2 1440 1618 932
2581 2 2 2 2 764 1415 766
2582 2 2 2 2 934 935 829
2583 2 2 2 2 697 1430 692
2584 2 2 2 2 1095 1383 571
2585 2 2 2 2 926 990 989
2586 2 2 2 2 61 1595 60
2587 2 2 2 2 791 1389 913
2588 2 2 2 2 897 898 896
2589 2 2 2 2 878 1427 761
2590 2 2 2 2 607 1418 609
2591 2 2 2 2 26 571 27
2592 2 2 2 2 1395 1396 970
2593 2 2 2 2 821 909 820
2594 2 2 2 2 448 1435 445
2595 2 2 2 2 1120 1658 1123
2596 2 2 2 2 1123 1658 1599
2597 2 2 2 2 813 1416 976
2598 2 2 2 2 980 1659 883
2599 2 2 2 2 910 1472 909
2600 2 2 2 2 450 1374 688
2601 2 2 2 2 1452 1605 1080
2602 2 2 2 2 1020 1026 1025
2603 2 2 2 2 925 1389 791
2604 2 2 2 2 805 1424 807
2605 2 2 2 2 861 1127 863
2606 2 2 2 2 825 1410 739
2607 2 2 2 2 1160 1397 1326
2608 2 2 2 2 467 740 469
2609 2 2 2 2 916 1489 837
2610 2 2 2 2 892 1412 877
2611 2 2 2 2 53 1048 625
2612 2 2 2 2 1317 1512 1142
2613 2 2 2 2 961 1400 1002
2614 2 2 2 2 1004 1403 917
2615 2 2 2 2 503 1444 536
2616 2 2 2 2 966 1522 1250
2617 2 2 2 2 501 1393 458
2618 2 2 2 2 105 1636 104
2619 2 2 2 2 798 1385 960
2620 2 2 2 2 671 1453 580
2621 2 2 2 2 574 1421 573
2622 2 2 2 2 979 1581 788
2623 2 2 2 2 538 1441 539
2624 2 2 2 2 1285 1595 1288
2625 2 2 2 2 1017 1019 1018
2626 2 2 2 2 531 1625 1316
2627 2 2 2 2 809 1416 813
2628 2 2 2 2 1506 1568 1311
2629 2 2 2 2 672 1444 502
2630 2 2 2 2 711 1417 756
2631 2 2 2 2 707 1423 705
2632 2 2 2 2 874 1745 967
2633 2 2 2 2 1403 1404 963
2634 2 2 2 2 933 1395 970
2635 2 2 2 2 413 1568 1506
2636 2 2 2 2 860 868 867
2637 2 2 2 2 987 1429 984
2638 2 2 2 2 793 1431 848
2639 2 2 2 2 539 1441 550
2640 2 2 2 2 115 1689 114
2641 2 2 2 2 1337 1411 801
2642 2 2 2 2 1232 1607 852
2643 2 2 2 2 34 582 35
2644 2 2 2 2 990 991 989
2645 2 2 2 2 518 1482 516
2646 2 2 2 2 865 1416 809
2647 2 2 2 2 645 647 646
2648 2 2 2 2 621 623 622
2649 2 2 2 2 515 1451 517
2650 2 2 2 2 1126 1127 861
2651 2 2 2 2 1184 1694 1183
2652 2 2 2 2 633 638 636
2653 2 2 2 2 1437 1676 440
2654 2 2 2 2 645 728 647
2655 2 2 2 2 1232 1704 1127
2656 2 2 2 2 1734 1750 1069
2657 2 2 2 2 673 1399 675
2658 2 2 2 2 25 1198 1093
2659 2 2 2 2 981 1713 1333
2660 2 2 2 2 1254 1667 1112
2661 2 2 2 2 1378 1499 671
2662 2 2 2 2 921 1420 920
2663 2 2 2 2 894 1414 1003
2664 2 2 2 2 768 1428 770
2665 2 2 2 2 772 1413 778
2666 2 2 2 2 807 1424 865
2667 2 2 2 2 1529 1645 1639
2668 2 2 2 2 739 1410 751
2669 2 2 2 2 792 1431 793
2670 2 2 2 2 920 1420 942
2671 2 2 2 2 20 1266 21
2672 2 2 2 2 1081 1637 1312
2673 2 2 2 2 1218 1445 1384
2674 2 2 2 2 29 570 30
2675 2 2 2 2 1467 1583 730
2676 2 2 2 2 902 1412 1219
2677 2 2 2 2 680 1697 1398
2678 2 2 2 2 647 723 648
2679 2 2 2 2 789 1294 1109
2680 2 2 2 2 1307 1465 1138
2681 2 2 2 2 679 1409 682
2682 2 2 2 2 899 900 898
2683 2 2 2 2 21 567 22
2684 2 2 2 2 983 1423 710
2685 2 2 2 2 1385 1526 960
2686 2 2 2 2 690 1430 940
2687 2 2 2 2 499 1501 1387
2688 2 2 2 2 682 1409 817
2689 2 2 2 2 1414 1438 1003
2690 2 2 2 2 815 1415 764
2691 2 2 2 2 803 1411 811
2692 2 2 2 2 627 664 628
2693 2 2 2 2 665 1419 724
2694 2 2 2 2 1555 1641 1515
2695 2 2 2 2 4 634 5
2696 2 2 2 2 681 1409 679
2697 2 2 2 2 994 1390 992
2698 2 2 2 2 416 1533 1405
2699 2 2 2 2 588 779 594
2700 2 2 2 2 604 1356 605
2701 2 2 2 2 760 1417 713
2702 2 2 2 2 623 627 624
2703 2 2 2 2 1381 1684 1340
2704 2 2 2 2 616 1358 1086
2705 2 2 2 2 705 1423 721
2706 2 2 2 2 1368 1547 425
2707 2 2 2 2 917 1403 963
2708 2 2 2 2 948 950 949
2709 2 2 2 2 573 1421 592
2710 2 2 2 2 556 1551 574
2711 2 2 2 2 1028 1029 1027
2712 2 2 2 2 1220 1532 1039
2713 2 2 2 2 1029 1402 1065
2714 2 2 2 2 1395 1578 1396
2715 2 2 2 2 52 1048 53
2716 2 2 2 2 1338 1411 1337
2717 2 2 2 2 1550 1664 722
2718 2 2 2 2 663 820 661
2719 2 2 2 2 774 1433 776
2720 2 2 2 2 1415 1744 781
2721 2 2 2 2 623 629 627
2722 2 2 2 2 811 1424 805
2723 2 2 2 2 1176 1683 1517
2724 2 2 2 2 32 581 33
2725 2 2 2 2 942 1420 1036
2726 2 2 2 2 1051 1590 1049
2727 2 2 2 2 1135 1468 1317
2728 2 2 2 2 909 911 820
2729 2 2 2 2 882 1410 825
2730 2 2 2 2 850 1539 1399
2731 2 2 2 2 1405 1533 1220
2732 2 2 2 2 1093 1094 571
2733 2 2 2 2 786 1548 787
2734 2 2 2 2 1538 1656 1447
2735 2 2 2 2 1286 1754 1289
2736 2 2 2 2 412 1631 1434
2737 2 2 2 2 766 1415 781
2738 2 2 2 2 751 1477 1001
2739 2 2 2 2 454 1649 452
2740 2 2 2 2 719 1442 715
2741 2 2 2 2 1160 1326 559
2742 2 2 2 2 485 1469 689
2743 2 2 2 2 776 1433 944
2744 2 2 2 2 600 1496 601
2745 2 2 2 2 1012 1013 1011
2746 2 2 2 2 46 616 47
2747 2 2 2 2 890 1431 792
2748 2 2 2 2 113 1578 416
2749 2 2 2 2 1019 1306 1020
2750 2 2 2 2 1400 1606 1002
2751 2 2 2 2 1097 1565 546
2752 2 2 2 2 654 658 656
2753 2 2 2 2 710 1423 707
2754 2 2 2 2 595 1304 600
2755 2 2 2 2 984 1429 986
2756 2 2 2 2 601 1496 604
2757 2 2 2 2 50 1239 619
2758 2 2 2 2 1249 1557 1119
2759 2 2 2 2 605 1356 669
2760 2 2 2 2 1055 1681 1054
2761 2 2 2 2 778 1433 774
2762 2 2 2 2 1188 1692 1189
2763 2 2 2 2 871 887 873
2764 2 2 2 2 78 1491 1438
2765 2 2 2 2 1205 1336 1051
2766 2 2 2 2 781 1428 768
2767 2 2 2 2 1094 1095 571
2768 2 2 2 2 1303 1608 1162
2769 2 2 2 2 537 1466 521
2770 2 2 2 2 1459 1693 532
2771 2 2 2 2 855 1071 1070
2772 2 2 2 2 43 610 44
2773 2 2 2 2 932 1295 899
2774 2 2 2 2 1002 1606 1480
2775 2 2 2 2 1335 1501 488
2776 2 2 2 2 9 1231 10
2777 2 2 2 2 536 1464 505
2778 2 2 2 2 1020 1306 1026
2779 2 2 2 2 8 1248 641
2780 2 2 2 2 420 1614 62
2781 2 2 2 2 1247 1671 1113
2782 2 2 2 2 1295 1470 900
2783 2 2 2 2 1110 1750 1734
2784 2 2 2 2 973 1472 910
2785 2 2 2 2 604 1357 1356
2786 2 2 2 2 1278 1758 1226
2787 2 2 2 2 720 1443 695
2788 2 2 2 2 1105 1498 1106
2789 2 2 2 2 909 1194 911
2790 2 2 2 2 952 1008 965
2791 2 2 2 2 1446 1538 1447
2792 2 2 2 2 488 1501 490
2793 2 2 2 2 1036 1450 953
2794 2 2 2 2 612 626 614
2795 2 2 2 2 460 1449 462
2796 2 2 2 2 715 1442 760
2797 2 2 2 2 953 1450 1270
2798 2 2 2 2 1115 1755 17
2799 2 2 2 2 826 1441 538
2800 2 2 2 2 695 1443 694
2801 2 2 2 2 1383 1521 28
2802 2 2 2 2 525 1473 527
2803 2 2 2 2 481 1658 1471
2804 2 2 2 2 521 1466 523
2805 2 2 2 2 1291 1617 1591
2806 2 2 2 2 1441 1551 550
2807 2 2 2 2 694 1443 698
2808 2 2 2 2 1434 1631 1342
2809 2 2 2 2 549 1345 38
2810 2 2 2 2 1298 1650 1189
2811 2 2 2 2 1068 1522 1386
2812 2 2 2 2 692 1430 690
2813 2 2 2 2 650 752 652
2814 2 2 2 2 868 895 869
2815 2 2 2 2 1189 1692 1298
2816 2 2 2 2 626 1567 1465
2817 2 2 2 2 899 1295 900
2818 2 2 2 2 1564 1602 596
2819 2 2 2 2 505 1464 507
2820 2 2 2 2 789 1109 979
2821 2 2 2 2 686 1435 448
2822 2 2 2 2 1502 1546 1210
2823 2 2 2 2 1058 1205 1057
2824 2 2 2 2 1033 1577 1126
2825 2 2 2 2 981 1676 1270
2826 2 2 2 2 582 1259 35
2827 2 2 2 2 1393 1449 460
2828 2 2 2 2 513 1455 515
2829 2 2 2 2 770 1428 1413
2830 2 2 2 2 841 1485 842
2831 2 2 2 2 517 1451 541
2832 2 2 2 2 1086 1458 620
2833 2 2 2 2 868 1040 895
2834 2 2 2 2 731 1484 934
2835 2 2 2 2 648 1534 650
2836 2 2 2 2 10 1231 642
2837 2 2 2 2 490 1501 499
2838 2 2 2 2 1194 1459 911
2839 2 2 2 2 1355 1574 1279
2840 2 2 2 2 1320 1536 939
2841 2 2 2 2 1302 1629 465
2842 2 2 2 2 688 1569 453
2843 2 2 2 2 1463 1531 1102
2844 2 2 2 2 900 1293 898
2845 2 2 2 2 1126 1607 1127
2846 2 2 2 2 1001 1435 686
2847 2 2 2 2 1174 1739 1178
2848 2 2 2 2 1503 1519 976
2849 2 2 2 2 625 1031 1
2850 2 2 2 2 1589 1627 1074
2851 2 2 2 2 888 939 836
2852 2 2 2 2 1137 1468 1135
2853 2 2 2 2 1350 1751 1349
2854 2 2 2 2 464 1476 467
2855 2 2 2 2 1215 1736 1464
2856 2 2 2 2 750 1720 1603
2857 2 2 2 2 1053 1055 1054
2858 2 2 2 2 987 1675 1648
2859 2 2 2 2 494 1538 1446
2860 2 2 2 2 1118 1236 1117
2861 2 2 2 2 976 1519 977
2862 2 2 2 2 580 1453 584
2863 2 2 2 2 1336 1520 915
2864 2 2 2 2 1431 1560 1042
2865 2 2 2 2 1487 1559 996
2866 2 2 2 2 106 1634 105
2867 2 2 2 2 421 1634 106
2868 2 2 2 2 1534 1683 1509
2869 2 2 2 2 1371 1554 831
2870 2 2 2 2 1072 1551 1441
2871 2 2 2 2 1581 1704 788
2872 2 2 2 2 1289 1617 1291
2873 2 2 2 2 831 1554 753
2874 2 2 2 2 1564 1705 1632
2875 2 2 2 2 617 755 621
2876 2 2 2 2 852 1577 893
2877 2 2 2 2 1479 1709 519
2878 2 2 2 2 1255 1703 1397
2879 2 2 2 2 859 1504 860
2880 2 2 2 2 786 1746 1548
2881 2 2 2 2 492 1538 494
2882 2 2 2 2 562 1063 19
2883 2 2 2 2 509 1479 511
2884 2 2 2 2 669 1418 607
2885 2 2 2 2 954 1586 1022
2886 2 2 2 2 519 1455 513
2887 2 2 2 2 483 1469 485
2888 2 2 2 2 462 1449 482
2889 2 2 2 2 1396 1547 970
2890 2 2 2 2 473 1471 475
2891 2 2 2 2 1365 1744 1364
2892 2 2 2 2 875 982 927
2893 2 2 2 2 1565 1580 964
2894 2 2 2 2 855 856 841
2895 2 2 2 2 860 1504 868
2896 2 2 2 2 1398 1546 959
2897 2 2 2 2 498 1469 483
2898 2 2 2 2 642 1119 1118
2899 2 2 2 2 945 1526 843
2900 2 2 2 2 527 1473 535
2901 2 2 2 2 960 1526 1192
2902 2 2 2 2 62 1614 61
2903 2 2 2 2 546 1322 41
2904 2 2 2 2 479 1488 498
2905 2 2 2 2 60 1595 429
2906 2 2 2 2 469 1494 471
2907 2 2 2 2 1155 1530 882
2908 2 2 2 2 482 1476 464
2909 2 2 2 2 881 1637 1081
2910 2 2 2 2 997 1701 885
2911 2 2 2 2 4 1710 634
2912 2 2 2 2 721 1624 703
2913 2 2 2 2 664 1570 1327
2914 2 2 2 2 567 1059 1058
2915 2 2 2 2 1009 1012 1011
2916 2 2 2 2 48 620 49
2917 2 2 2 2 1210 1546 1217
2918 2 2 2 2 1298 1692 759
2919 2 2 2 2 501 1569 1377
2920 2 2 2 2 861 863 748
2921 2 2 2 2 736 789 788
2922 2 2 2 2 998 1592 1005
2923 2 2 2 2 759 1729 714
2924 2 2 2 2 1438 1491 1003
2925 2 2 2 2 1524 1691 1181
2926 2 2 2 2 564 1484 568
2927 2 2 2 2 21 1266 567
2928 2 2 2 2 622 1714 722
2929 2 2 2 2 677 1593 681
2930 2 2 2 2 1295 1706 1666
2931 2 2 2 2 1028 1035 1029
2932 2 2 2 2 1040 1041 895
2933 2 2 2 2 1084 1717 1594
2934 2 2 2 2 12 643 13
2935 2 2 2 2 455 1569 501
2936 2 2 2 2 581 1068 33
2937 2 2 2 2 604 1496 1357
2938 2 2 2 2 911 1691 1524
2939 2 2 2 2 584 1453 590
2940 2 2 2 2 1404 1584 963
2941 2 2 2 2 1022 1586 1375
2942 2 2 2 2 1038 1633 1098
2943 2 2 2 2 625 1440 1031
2944 2 2 2 2 1485 1486 859
2945 2 2 2 2 523 1466 735
2946 2 2 2 2 1140 1468 1137
2947 2 2 2 2 507 1464 734
2948 2 2 2 2 477 1488 479
2949 2 2 2 2 481 1471 473
2950 2 2 2 2 1127 1581 863
2951 2 2 2 2 511 1479 519
2952 2 2 2 2 1013 1021 1015
2953 2 2 2 2 909 1472 1194
2954 2 2 2 2 1665 1693 1194
2955 2 2 2 2 670 1552 657
2956 2 2 2 2 1328 1724 1150
2957 2 2 2 2 1551 1615 574
2958 2 2 2 2 734 1479 509
2959 2 2 2 2 1372 1748 1352
2960 2 2 2 2 471 1494 481
2961 2 2 2 2 989 1629 1302
2962 2 2 2 2 1296 1739 1175
2963 2 2 2 2 863 1492 1457
2964 2 2 2 2 1176 1612 1169
2965 2 2 2 2 570 1102 1101
2966 2 2 2 2 896 1723 1436
2967 2 2 2 2 735 1473 525
2968 2 2 2 2 515 1455 1451
2969 2 2 2 2 855 1070 856
2970 2 2 2 2 624 1714 622
2971 2 2 2 2 839 855 841
2972 2 2 2 2 1416 1503 976
2973 2 2 2 2 499 1538 492
2974 2 2 2 2 970 1547 971
2975 2 2 2 2 1087 1676 1437
2976 2 2 2 2 1033 1126 862
2977 2 2 2 2 1178 1739 1525
2978 2 2 2 2 3 1710 4
2979 2 2 2 2 997 1601 1556
2980 2 2 2 2 1000 1487 994
2981 2 2 2 2 1349 1751 1442
2982 2 2 2 2 636 1490 639
2983 2 2 2 2 842 1485 859
2984 2 2 2 2 950 1495 949
2985 2 2 2 2 779 1537 1373
2986 2 2 2 2 475 1471 726
2987 2 2 2 2 1035 1402 1029
2988 2 2 2 2 1026 1028 1027
2989 2 2 2 2 631 1493 633
2990 2 2 2 2 1437 1460 1087
2991 2 2 2 2 753 1554 719
2992 2 2 2 2 890 1560 1431
2993 2 2 2 2 994 1487 1390
2994 2 2 2 2 995 1698 1422
2995 2 2 2 2 650 1534 752
2996 2 2 2 2 590 1537 586
2997 2 2 2 2 104 1636 423
2998 2 2 2 2 1319 1757 903
2999 2 2 2 2 1008 1467 1009
3000 2 2 2 2 1447 1539 850
3001 2 2 2 2 1331 1668 1121
3002 2 2 2 2 453 1569 455
3003 2 2 2 2 559 1114 16
3004 2 2 2 2 467 1476 740
3005 2 2 2 2 1079 1588 1452
3006 2 2 2 2 1017 1324 1019
3007 2 2 2 2 634 1088 5
3008 2 2 2 2 985 1558 983
3009 2 2 2 2 1399 1673 678
3010 2 2 2 2 570 1099 30
3011 2 2 2 2 1648 1675 1350
3012 2 2 2 2 1023 1637 880
3013 2 2 2 2 1151 1616 1145
3014 2 2 2 2 1343 1731 1344
3015 2 2 2 2 1012 1474 1013
3016 2 2 2 2 856 1485 841
3017 2 2 2 2 1491 1596 1003
3018 2 2 2 2 568 1484 731
3019 2 2 2 2 570 1521 1102
3020 2 2 2 2 610 1091 44
3021 2 2 2 2 664 1576 628
3022 2 2 2 2 719 1554 1442
3023 2 2 2 2 726 1488 477
3024 2 2 2 2 550 1551 556
3025 2 2 2 2 1358 1458 1086
3026 2 2 2 2 1376 1507 1223
3027 2 2 2 2 1071 1197 1070
3028 2 2 2 2 1420 1527 1036
3029 2 2 2 2 977 1507 1376
3030 2 2 2 2 1426 1621 1006
3031 2 2 2 2 1183 1694 1374
3032 2 2 2 2 678 1673 1305
3033 2 2 2 2 529 1625 531
3034 2 2 2 2 855 1548 1071
3035 2 2 2 2 1048 1056 625
3036 2 2 2 2 1462 1463 1461
3037 2 2 2 2 541 1588 520
3038 2 2 2 2 949 1495 952
3039 2 2 2 2 440 1676 981
3040 2 2 2 2 868 1504 1040
3041 2 2 2 2 740 1494 469
3042 2 2 2 2 1623 1654 1047
3043 2 2 2 2 560 1510 564
3044 2 2 2 2 619 1254 1253
3045 2 2 2 2 1486 1564 1563
3046 2 2 2 2 1062 1568 1060
3047 2 2 2 2 425 1689 115
3048 2 2 2 2 723 1534 648
3049 2 2 2 2 1352 1748 1353
3050 2 2 2 2 1432 1540 1252
3051 2 2 2 2 913 1608 1303
3052 2 2 2 2 963 1560 890
3053 2 2 2 2 830 1672 831
3054 2 2 2 2 582 1386 1260
3055 2 2 2 2 633 1493 638
3056 2 2 2 2 1452 1588 541
3057 2 2 2 2 911 1524 820
3058 2 2 2 2 1164 1761 1166
3059 2 2 2 2 419 1596 1491
3060 2 2 2 2 1478 1561 1035
3061 2 2 2 2 1039 1532 1425
3062 2 2 2 2 1409 1733 946
3063 2 2 2 2 1095 1461 1383
3064 2 2 2 2 638 1490 636
3065 2 2 2 2 659 1524 1181
3066 2 2 2 2 789 1552 1294
3067 2 2 2 2 1042 1721 1156
3068 2 2 2 2 1102 1521 1461
3069 2 2 2 2 895 1516 869
3070 2 2 2 2 1515 1611 982
3071 2 2 2 2 700 1657 720
3072 2 2 2 2 1122 1574 1331
3073 2 2 2 2 609 1518 612
3074 2 2 2 2 574 1556 1421
3075 2 2 2 2 1150 1724 1313
3076 2 2 2 2 58 1620 57
3077 2 2 2 2 616 1654 1358
3078 2 2 2 2 652 1523 654
3079 2 2 2 2 643 1255 13
3080 2 2 2 2 1387 1656 499
3081 2 2 2 2 645 1511 728
3082 2 2 2 2 582 1260 1259
3083 2 2 2 2 1004 1621 1403
3084 2 2 2 2 688 1759 1569
3085 2 2 2 2 996 1562 1487
3086 2 2 2 2 639 1511 645
3087 2 2 2 2 1223 1586 954
3088 2 2 2 2 661 1524 659
3089 2 2 2 2 1603 1682 750
3090 2 2 2 2 1024 1458 1358
3091 2 2 2 2 1220 1533 1532
3092 2 2 2 2 435 1540 1432
3093 2 2 2 2 1305 1673 1274
3094 2 2 2 2 627 1570 664
3095 2 2 2 2 434 1725 1369
3096 2 2 2 2 1390 1698 995
3097 2 2 2 2 97 1635 96
3098 2 2 2 2 1071 1579 1197
3099 2 2 2 2 628 1576 631
3100 2 2 2 2 869 1516 871
3101 2 2 2 2 656 1514 670
3102 2 2 2 2 1129 1732 1132
3103 2 2 2 2 1248 1587 1241
3104 2 2 2 2 728 1513 647
3105 2 2 2 2 1072 1615 1551
3106 2 2 2 2 1142 1660 1314
3107 2 2 2 2 1078 1762 1031
3108 2 2 2 2 51 1253 52
3109 2 2 2 2 108 1642 107
3110 2 2 2 2 1369 1725 1370
3111 2 2 2 2 1503 1731 1519
3112 2 2 2 2 647 1513 723
3113 2 2 2 2 530 1665 528
3114 2 2 2 2 1064 1218 1063
3115 2 2 2 2 1486 1504 859
3116 2 2 2 2 1639 1645 956
3117 2 2 2 2 1058 1336 1205
3118 2 2 2 2 1082 1643 1299
3119 2 2 2 2 1333 1713 424
3120 2 2 2 2 1003 1596 988
3121 2 2 2 2 1564 1632 1043
3122 2 2 2 2 623 1549 629
3123 2 2 2 2 586 1537 588
3124 2 2 2 2 1353 1748 422
3125 2 2 2 2 520 1588 537
3126 2 2 2 2 1633 1733 681
3127 2 2 2 2 1418 1518 609
3128 2 2 2 2 480 1660 1512
3129 2 2 2 2 814 1688 810
3130 2 2 2 2 1375 1586 417
3131 2 2 2 2 629 1570 627
3132 2 2 2 2 988 1630 1401
3133 2 2 2 2 1009 1467 1012
3134 2 2 2 2 1119 1557 1439
3135 2 2 2 2 678 1593 677
3136 2 2 2 2 1226 1758 1453
3137 2 2 2 2 1472 1665 1194
3138 2 2 2 2 952 1495 1008
3139 2 2 2 2 1487 1562 1390
3140 2 2 2 2 1236 1703 643
3141 2 2 2 2 1119 1439 1118
3142 2 2 2 2 1036 1708 1450
3143 2 2 2 2 532 1693 530
3144 2 2 2 2 109 1674 108
3145 2 2 2 2 424 1713 1450
3146 2 2 2 2 1388 1708 434
3147 2 2 2 2 1299 1643 1601
3148 2 2 2 2 1450 1713 1270
3149 2 2 2 2 612 1518 626
3150 2 2 2 2 683 1697 680
3151 2 2 2 2 1566 1651 950
3152 2 2 2 2 755 1680 1549
3153 2 2 2 2 98 1696 97
3154 2 2 2 2 654 1523 658
3155 2 2 2 2 1474 1497 1021
3156 2 2 2 2 657 1552 736
3157 2 2 2 2 658 1514 656
3158 2 2 2 2 59 1699 58
3159 2 2 2 2 1548 1746 1071
3160 2 2 2 2 1439 1626 978
3161 2 2 2 2 811 1684 1381
3162 2 2 2 2 820 1524 661
3163 2 2 2 2 620 1458 1240
3164 2 2 2 2 1283 1566 948
3165 2 2 2 2 1384 1520 1059
3166 2 2 2 2 1335 1690 1501
3167 2 2 2 2 1175 1715 1296
3168 2 2 2 2 1462 1663 1052
3169 2 2 2 2 1470 1734 900
3170 2 2 2 2 1013 1474 1021
3171 2 2 2 2 1079 1718 1588
3172 2 2 2 2 1433 1754 1286
3173 2 2 2 2 903 1707 1499
3174 2 2 2 2 752 1523 652
3175 2 2 2 2 1095 1462 1461
3176 2 2 2 2 1000 1559 1487
3177 2 2 2 2 871 1516 887
3178 2 2 2 2 634 1265 1088
3179 2 2 2 2 562 1064 1063
3180 2 2 2 2 1212 1605 1284
3181 2 2 2 2 1125 1650 1298
3182 2 2 2 2 549 1670 1345
3183 2 2 2 2 1387 1690 1276
3184 2 2 2 2 836 1535 819
3185 2 2 2 2 564 1510 1484
3186 2 2 2 2 1568 1738 1060
3187 2 2 2 2 1601 1643 687
3188 2 2 2 2 887 1555 873
3189 2 2 2 2 423 1621 1426
3190 2 2 2 2 873 1555 875
3191 2 2 2 2 1342 1631 1382
3192 2 2 2 2 570 1101 1099
3193 2 2 2 2 1513 1517 723
3194 2 2 2 2 588 1537 779
3195 2 2 2 2 1480 1606 64
3196 2 2 2 2 1041 1571 1528
3197 2 2 2 2 574 1615 1556
3198 2 2 2 2 1064 1445 1218
3199 2 2 2 2 602 1611 1515
3200 2 2 2 2 631 1576 1493
3201 2 2 2 2 1035 1720 1478
3202 2 2 2 2 787 1548 839
3203 2 2 2 2 1102 1531 1101
3204 2 2 2 2 1532 1533 1085
3205 2 2 2 2 927 1543 1283
3206 2 2 2 2 1073 1615 1072
3207 2 2 2 2 413 1738 1568
3208 2 2 2 2 1482 1715 1175
3209 2 2 2 2 1569 1759 1377
3210 2 2 2 2 1051 1321 1205
3211 2 2 2 2 1435 1747 444
3212 2 2 2 2 1490 1511 639
3213 2 2 2 2 703 1624 702
3214 2 2 2 2 1291 1756 1290
3215 2 2 2 2 1478 1720 750
3216 2 2 2 2 1336 1590 1051
3217 2 2 2 2 621 1549 623
3218 2 2 2 2 617 1553 755
3219 2 2 2 2 1396 1689 1547
3220 2 2 2 2 1152 1728 1392
3221 2 2 2 2 1031 1609 1078
3222 2 2 2 2 1222 1587 644
3223 2 2 2 2 1006 1621 1004
3224 2 2 2 2 1198 1541 1093
3225 2 2 2 2 1175 1727 1482
3226 2 2 2 2 1422 1698 457
3227 2 2 2 2 1392 1678 1235
3228 2 2 2 2 52 1253 1048
3229 2 2 2 2 1442 1751 760
3230 2 2 2 2 863 1581 1492
3231 2 2 2 2 1476 1741 1245
3232 2 2 2 2 1464 1736 734
3233 2 2 2 2 614 1553 617
3234 2 2 2 2 1518 1567 626
3235 2 2 2 2 1514 1749 1267
3236 2 2 2 2 1389 1608 913
3237 2 2 2 2 431 1731 1343
3238 2 2 2 2 1034 1695 1326
3239 2 2 2 2 1323 1743 1122
3240 2 2 2 2 1015 1550 1017
3241 2 2 2 2 1574 1743 1279
3242 2 2 2 2 1579 1746 1308
3243 2 2 2 2 626 1553 614
3244 2 2 2 2 1530 1671 882
3245 2 2 2 2 1594 1717 1046
3246 2 2 2 2 1624 1647 702
3247 2 2 2 2 58 1699 1620
3248 2 2 2 2 1322 1644 1084
3249 2 2 2 2 1318 1727 1173
3250 2 2 2 2 1505 1594 610
3251 2 2 2 2 991 1629 989
3252 2 2 2 2 948 1566 950
3253 2 2 2 2 535 1625 529
3254 2 2 2 2 1132 1732 1616
3255 2 2 2 2 982 1543 927
3256 2 2 2 2 610 1582 1091
3257 2 2 2 2 1448 1648 1350
3258 2 2 2 2 823 1760 1158
3259 2 2 2 2 946 1733 1425
3260 2 2 2 2 883 1659 884
3261 2 2 2 2 1453 1758 590
3262 2 2 2 2 1293 1723 898
3263 2 2 2 2 97 1696 1635
3264 2 2 2 2 108 1674 1642
3265 2 2 2 2 1052 1622 1462
3266 2 2 2 2 687 1643 1419
3267 2 2 2 2 1056 1440 625
3268 2 2 2 2 1270 1676 1087
3269 2 2 2 2 755 1549 621
3270 2 2 2 2 939 1535 836
3271 2 2 2 2 1575 1614 420
3272 2 2 2 2 1470 1722 1110
3273 2 2 2 2 982 1611 1543
3274 2 2 2 2 1710 1719 634
3275 2 2 2 2 1109 1740 979
3276 2 2 2 2 875 1555 982
3277 2 2 2 2 865 1613 1416
3278 2 2 2 2 1167 1517 1513
3279 2 2 2 2 1422 1711 995
3280 2 2 2 2 880 1637 881
3281 2 2 2 2 736 1552 789
3282 2 2 2 2 1417 1675 987
3283 2 2 2 2 1313 1724 504
3284 2 2 2 2 1501 1690 1387
3285 2 2 2 2 999 1707 1000
3286 2 2 2 2 915 1590 1336
3287 2 2 2 2 1543 1611 1075
3288 2 2 2 2 972 1662 1557
3289 2 2 2 2 1421 1601 687
3290 2 2 2 2 1492 1740 1116
3291 2 2 2 2 1345 1670 1090
3292 2 2 2 2 702 1657 700
3293 2 2 2 2 1166 1761 1612
3294 2 2 2 2 951 1742 1391
3295 2 2 2 2 1374 1694 688
3296 2 2 2 2 839 1548 855
3297 2 2 2 2 1416 1613 1503
3298 2 2 2 2 1460 1747 1001
3299 2 2 2 2 1165 1678 1392
3300 2 2 2 2 1630 1638 921
3301 2 2 2 2 562 1529 1064
3302 2 2 2 2 1445 1661 1384
3303 2 2 2 2 1517 1683 723
3304 2 2 2 2 916 1737 1489
3305 2 2 2 2 1429 1646 1310
3306 2 2 2 2 600 1730 1496
3307 2 2 2 2 939 1536 1535
3308 2 2 2 2 1509 1726 752
3309 2 2 2 2 1154 1677 1140
3310 2 2 2 2 1413 1617 778
3311 2 2 2 2 1275 1656 1387
3312 2 2 2 2 1021 1550 1015
3313 2 2 2 2 884 1672 830
3314 2 2 2 2 1397 1703 1083
3315 2 2 2 2 722 1627 1324
3316 2 2 2 2 530 1693 1665
3317 2 2 2 2 1060 1738 1032
3318 2 2 2 2 519 1600 1455
3319 2 2 2 2 1404 1634 1584
3320 2 2 2 2 1084 1594 1505
3321 2 2 2 2 866 1669 1463
3322 2 2 2 2 1173 1727 1175
3323 2 2 2 2 1494 1599 481
3324 2 2 2 2 1401 1630 921
3325 2 2 2 2 1539 1673 1399
3326 2 2 2 2 1295 1666 1470
3327 2 2 2 2 1017 1550 1324
3328 2 2 2 2 1344 1731 1503
3329 2 2 2 2 1066 1626 1439
3330 2 2 2 2 1577 1607 1126
3331 2 2 2 2 963 1584 1560
3332 2 2 2 2 932 1706 1295
3333 2 2 2 2 418 1646 1448
3334 2 2 2 2 1509 1683 1176
3335 2 2 2 2 1097 1580 1565
3336 2 2 2 2 1099 1597 1100
3337 2 2 2 2 1420 1638 1527
3338 2 2 2 2 1054 1670 549
3339 2 2 2 2 629 1640 1570
3340 2 2 2 2 1519 1731 431
3341 2 2 2 2 1439 1557 1066
3342 2 2 2 2 1535 1536 1111
3343 2 2 2 2 1070 1632 856
3344 2 2 2 2 1619 1652 728
3345 2 2 2 2 1308 1746 786
3346 2 2 2 2 1632 1705 856
3347 2 2 2 2 921 1638 1420
3348 2 2 2 2 1593 1633 681
3349 2 2 2 2 987 1648 1429
3350 2 2 2 2 1008 1583 1467
3351 2 2 2 2 819 1687 738
3352 2 2 2 2 1547 1689 425
3353 2 2 2 2 1175 1739 1174
3354 2 2 2 2 1093 1541 1094
3355 2 2 2 2 1110 1734 1470
3356 2 2 2 2 1326 1585 559
3357 2 2 2 2 1588 1718 537
3358 2 2 2 2 1071 1746 1579
3359 2 2 2 2 1617 1754 778
3360 2 2 2 2 1048 1604 1056
3361 2 2 2 2 434 1708 1527
3362 2 2 2 2 1306 1603 1026
3363 2 2 2 2 940 1690 1335
3364 2 2 2 2 1113 1671 1530
3365 2 2 2 2 1326 1695 1585
3366 2 2 2 2 1019 1589 1306
3367 2 2 2 2 638 1610 1490
3368 2 2 2 2 559 1585 1114
3369 2 2 2 2 1083 1572 1397
3370 2 2 2 2 1503 1613 1344
3371 2 2 2 2 1056 1618 1440
3372 2 2 2 2 1584 1634 421
3373 2 2 2 2 1459 1691 911
3374 2 2 2 2 1463 1669 1531
3375 2 2 2 2 1556 1601 1421
3376 2 2 2 2 1499 1707 999
3377 2 2 2 2 1527 1725 434
3378 2 2 2 2 1370 1638 1630
3379 2 2 2 2 1239 1667 619
3380 2 2 2 2 1496 1730 1103
3381 2 2 2 2 722 1714 1627
3382 2 2 2 2 1511 1619 728
3383 2 2 2 2 1089 1691 1459
3384 2 2 2 2 1495 1583 1008
3385 2 2 2 2 1324 1589 1019
3386 2 2 2 2 1032 1738 1475
3387 2 2 2 2 1094 1663 1095
3388 2 2 2 2 562 1755 1529
3389 2 2 2 2 1122 1743 1574
3390 2 2 2 2 1358 1623 1024
3391 2 2 2 2 415 1756 1454
3392 2 2 2 2 1288 1614 1575
3393 2 2 2 2 1028 1720 1035
3394 2 2 2 2 1109 1628 1542
3395 2 2 2 2 1497 1664 1021
3396 2 2 2 2 882 1671 1410
3397 2 2 2 2 1306 1682 1603
3398 2 2 2 2 1095 1663 1462
3399 2 2 2 2 1235 1652 1619
3400 2 2 2 2 1000 1757 1559
3401 2 2 2 2 1475 1738 413
3402 2 2 2 2 760 1675 1417
3403 2 2 2 2 1140 1677 1655
3404 2 2 2 2 1067 1661 1445
3405 2 2 2 2 1026 1603 1028
3406 2 2 2 2 1661 1737 916
3407 2 2 2 2 1542 1740 1109
3408 2 2 2 2 619 1667 1254
3409 2 2 2 2 1525 1739 1296
3410 2 2 2 2 1515 1641 1228
3411 2 2 2 2 1512 1660 1142
3412 2 2 2 2 1411 1684 811
3413 2 2 2 2 1140 1655 1468
3414 2 2 2 2 1618 1706 932
3415 2 2 2 2 1304 1730 600
3416 2 2 2 2 1116 1740 1542
3417 2 2 2 2 1531 1669 1044
3418 2 2 2 2 1043 1602 1564
3419 2 2 2 2 1127 1704 1581
3420 2 2 2 2 1289 1754 1617
3421 2 2 2 2 1274 1673 1539
3422 2 2 2 2 1540 1712 1252
3423 2 2 2 2 1488 1668 498
3424 2 2 2 2 681 1733 1409
3425 2 2 2 2 610 1594 1582
3426 2 2 2 2 1486 1705 1564
3427 2 2 2 2 973 1679 1472
3428 2 2 2 2 728 1652 1513
3429 2 2 2 2 482 1752 1741
3430 2 2 2 2 602 1716 1611
3431 2 2 2 2 18 1755 562
3432 2 2 2 2 969 1653 1489
3433 2 2 2 2 1535 1687 819
3434 2 2 2 2 1194 1693 1459
3435 2 2 2 2 1384 1661 916
3436 2 2 2 2 1741 1752 1225
3437 2 2 2 2 1531 1598 1101
3438 2 2 2 2 1527 1708 1036
3439 2 2 2 2 1001 1747 1435
3440 2 2 2 2 900 1734 1293
3441 2 2 2 2 1101 1597 1099
3442 2 2 2 2 1562 1698 1390
3443 2 2 2 2 1646 1648 1448
3444 2 2 2 2 1064 1639 1445
3445 2 2 2 2 1485 1705 1486
3446 2 2 2 2 1492 1581 979
3447 2 2 2 2 903 1757 1707
3448 2 2 2 2 1582 1594 1046
3449 2 2 2 2 1560 1721 1042
3450 2 2 2 2 898 1723 896
3451 2 2 2 2 1338 1684 1411
3452 2 2 2 2 778 1754 1433
3453 2 2 2 2 723 1683 1534
3454 2 2 2 2 1544 1679 973
3455 2 2 2 2 735 1686 1473
3456 2 2 2 2 1429 1648 1646
3457 2 2 2 2 1529 1755 1115
3458 2 2 2 2 887 1641 1555
3459 2 2 2 2 1360 1712 1540
3460 2 2 2 2 1101 1598 1597
3461 2 2 2 2 1394 1753 975
3462 2 2 2 2 726 1685 1488
3463 2 2 2 2 643 1703 1255
3464 2 2 2 2 1584 1721 1560
3465 2 2 2 2 1115 1645 1529
3466 2 2 2 2 1513 1652 1167
3467 2 2 2 2 1665 1679 528
3468 2 2 2 2 1647 1657 702
3469 2 2 2 2 1449 1752 482
3470 2 2 2 2 1529 1639 1064
3471 2 2 2 2 482 1741 1476
3472 2 2 2 2 1655 1677 1163
3473 2 2 2 2 1692 1729 759
3474 2 2 2 2 967 1745 1483
3475 2 2 2 2 1253 1604 1048
3476 2 2 2 2 1098 1633 1593
3477 2 2 2 2 668 1651 1566
3478 2 2 2 2 1111 1687 1535
3479 2 2 2 2 852 1607 1577
3480 2 2 2 2 856 1705 1485
3481 2 2 2 2 1254 1604 1253
3482 2 2 2 2 1324 1627 1589
3483 2 2 2 2 1021 1664 1550
3484 2 2 2 2 1489 1737 969
3485 2 2 2 2 634 1719 1265
3486 2 2 2 2 1589 1682 1306
3487 2 2 2 2 658 1749 1514
3488 2 2 2 2 1235 1678 1652
3489 2 2 2 2 979 1740 1492
3490 2 2 2 2 1458 1735 1240
3491 2 2 2 2 752 1726 1523
3492 2 2 2 2 1262 1657 1647
3493 2 2 2 2 1024 1735 1458
3494 2 2 2 2 421 1721 1584
3495 2 2 2 2 1472 1679 1665
3496 2 2 2 2 1603 1720 1028
3497 2 2 2 2 1638 1725 1527
3498 2 2 2 2 1585 1695 1037
3499 2 2 2 2 1067 1737 1661
3500 2 2 2 2 1488 1685 1668
3501 2 2 2 2 1611 1716 1075
3502 2 2 2 2 1627 1714 1074
3503 2 2 2 2 1078 1719 1710
3504 2 2 2 2 1557 1662 1066
3505 2 2 2 2 1044 1598 1531
3506 2 2 2 2 1370 1725 1638
3507 2 2 2 2 1188 1729 1692
3508 2 2 2 2 760 1751 1675
3509 2 2 2 2 1694 1759 688
3510 2 2 2 2 1652 1678 1167
3511 2 2 2 2 1670 1742 1090
3512 2 2 2 2 1675 1751 1350
3513 2 2 2 2 1707 1757 1000
3514 2 2 2 2 1668 1685 1121
3515 2 2 2 2 3 1762 1710
3516 2 2 2 2 1065 1706 1618
3517 2 2 2 2 1184 1759 1694
3518 2 2 2 2 1710 1762 1078
3519 2 2 2 2 1305 1593 678
3520 2 2 2 2 950 1583 1495
3521 2 2 2 2 1541 1663 1094
3522 2 2 2 2 1490 1619 1511
$EndElements
