$MeshFormat
2.2 0 8
$EndMeshFormat
$PhysicalNames
3
1 3 "outer"
2 1 "copper"
2 2 "air"
$EndPhysicalNames
$Nodes
8999
1 0.0006829693208627121 -0.000381249411082297 0
2 0.000873603751817785 -0.0002538715566662157 0
3 0.0006679740785363663 -0.0001524662238311726 0
4 0.0004773396475812934 -0.0002798440782472538 0
5 0.0004923348899076392 -0.0005086272654983783 0
6 0.0006979645631890578 -0.0006100325983334214 0
7 0.0008885989941441308 -0.0004826547439173401 0
8 0.0007278509632185431 0.0003035121261948625 0
9 0.000918485394173616 0.0004308899806109438 0
10 0.0007128557208921974 0.0005322953134459868 0
11 0.0005222212899371243 0.0004049174590299056 0
12 0.00053721653226347 0.0001761342717787812 0
13 0.0007428462055448887 7.472893894373813e-05 0
14 0.0009334806364999618 0.0002021067933598194 0
15 0.0001572708975799536 0.0006847615372771595 0
16 0.0003479053285350265 0.0008121393916932408 0
17 0.0001422756552536078 0.0009135447245282839 0
18 -4.835877570146508e-05 0.0007861668701122026 0
19 -3.336353337511931e-05 0.0005573836828610783 0
20 0.0001722661399062993 0.0004559783500260351 0
21 0.0003629005708613724 0.0005833562044421164 0
22 -0.0004581908104144669 0.000381249411082297 0
23 -0.000267556379459394 0.0005086272654983784 0
24 -0.0004731860527408127 0.0006100325983334214 0
25 -0.0006638204836958856 0.0004826547439173402 0
26 -0.0006488252413695398 0.0002538715566662158 0
27 -0.0004431955680881212 0.0001524662238311727 0
28 -0.0002525611371330482 0.000279844078247254 0
29 -0.0005030724527702981 -0.0003035121261948622 0
30 -0.0003124380218152251 -0.0001761342717787809 0
31 -0.0005180676950966437 -7.472893894373786e-05 0
32 -0.0007087021260517167 -0.0002021067933598191 0
33 -0.000693706883725371 -0.0004308899806109435 0
34 -0.0004880772104439524 -0.0005322953134459866 0
35 -0.0002974427794888793 -0.0004049174590299053 0
36 6.750761286829172e-05 -0.0006847615372771595 0
37 0.0002581420438233646 -0.0005573836828610782 0
38 5.251237054194599e-05 -0.0004559783500260351 0
39 -0.000138122060413127 -0.0005833562044421164 0
40 -0.0001231268180867813 -0.0008121393916932408 0
41 8.250285519463741e-05 -0.0009135447245282839 0
42 0.0002731372861497104 -0.0007861668701122026 0
43 0.00141201451500061 -0.0004411633293575501 0
44 0.001602648945955683 -0.0003137854749414688 0
45 0.001397019272674264 -0.0002123801421064257 0
46 0.001206384841719192 -0.0003397579965225069 0
47 0.001221380084045537 -0.0005685411837736313 0
48 0.001427009757326956 -0.0006699465166086744 0
49 0.001617644188282029 -0.0005425686621925931 0
50 0.001458479410269286 0.0002677539794464843 0
51 0.001649113841224359 0.0003951318338625656 0
52 0.001443484167942941 0.0004965371666976086 0
53 0.001252849736987868 0.0003691593122815273 0
54 0.001267844979314213 0.0001403761250304028 0
55 0.001473474652595632 3.897079219535982e-05 0
56 0.001664109083550705 0.0001663486466114412 0
57 0.001144260535554126 0.0009049268256876135 0
58 0.001334894966509199 0.001032304680103695 0
59 0.00112926529322778 0.001133710012938738 0
60 0.0009386308622727075 0.001006332158522657 0
61 0.0009536261045990532 0.0007775489712715323 0
62 0.001159255777880472 0.0006761436384364893 0
63 0.001349890208835545 0.0008035214928525704 0
64 0.0005535525845816727 0.001299625259776488 0
65 0.0007441870155367456 0.001427003114192569 0
66 0.000538557342255327 0.001528408447027612 0
67 0.000347922911300254 0.001401030592611531 0
68 0.0003629181536265998 0.001172247405360406 0
69 0.0005685478269080184 0.001070842072525363 0
70 0.0007591822578630914 0.001198219926941445 0
71 -0.0001553647242223616 0.001346090155045164 0
72 3.526970673271135e-05 0.001473468009461245 0
73 -0.0001703599665487073 0.001574873342296288 0
74 -0.0003609943975037803 0.001447495487880207 0
75 -0.0003459991551774345 0.001218712300629082 0
76 -0.000140369481896016 0.00111730696779404 0
77 5.026494905905707e-05 0.001244684822210121 0
78 -0.0007925375704634914 0.001031871280330003 0
79 -0.0006019031395084183 0.001159249134746085 0
80 -0.0008075328127898372 0.001260654467581128 0
81 -0.0009981672437449102 0.001133276613165046 0
82 -0.0009831720014185645 0.000904493425913922 0
83 -0.0007775423281371458 0.0008030880930788789 0
84 -0.0005869078971820726 0.0009304659474949602 0
85 -0.001187236004552365 0.00044116332935755 0
86 -0.0009966015735972922 0.0005685411837736313 0
87 -0.001202231246878711 0.0006699465166086744 0
88 -0.001392865677833784 0.0005425686621925931 0
89 -0.001377870435507438 0.0003137854749414687 0
90 -0.00117224076222602 0.0002123801421064256 0
91 -0.0009816063312709465 0.0003397579965225069 0
92 -0.001233700899821042 -0.0002677539794464842 0
93 -0.001043066468865968 -0.0001403761250304028 0
94 -0.001248696142147387 -3.897079219535971e-05 0
95 -0.00143933057310246 -0.000166348646611441 0
96 -0.001424335330776114 -0.0003951318338625655 0
97 -0.001218705657494696 -0.0004965371666976085 0
98 -0.001028071226539623 -0.0003691593122815273 0
99 -0.0009194820251058816 -0.000904926825687613 0
100 -0.0007288475941508088 -0.0007775489712715318 0
101 -0.0009344772674322273 -0.0006761436384364888 0
102 -0.0011251116983873 -0.00080352149285257 0
103 -0.001110116456060955 -0.001032304680103694 0
104 -0.0009044867827795359 -0.001133710012938737 0
105 -0.000713852351824463 -0.001006332158522656 0
106 -0.0003287740741334281 -0.001299625259776488 0
107 -0.0001381396431783552 -0.001172247405360406 0
108 -0.0003437693164597739 -0.001070842072525363 0
109 -0.0005344037474148467 -0.001198219926941445 0
110 -0.000519408505088501 -0.001427003114192569 0
111 -0.0003137788318070823 -0.001528408447027612 0
112 -0.0001231444008520094 -0.001401030592611531 0
113 0.0003801432346706066 -0.001346090155045164 0
114 0.0005707776656256796 -0.001218712300629083 0
115 0.0003651479923442608 -0.00111730696779404 0
116 0.000174513561389188 -0.001244684822210121 0
117 0.0001895088037155337 -0.001473468009461245 0
118 0.0003951384769969524 -0.001574873342296288 0
119 0.0005857729079520252 -0.001447495487880207 0
120 0.001017316080911736 -0.001031871280330004 0
121 0.001207950511866808 -0.000904493425913923 0
122 0.00100232083858539 -0.0008030880930788799 0
123 0.000811686407630317 -0.0009304659474949613 0
124 0.0008266816499566628 -0.001159249134746086 0
125 0.001032311323238081 -0.001260654467581129 0
126 0.001222945754193154 -0.001133276613165047 0
127 0.01712443368899227 0 0
128 0.0006747207711315322 -0.0003389876298933179 0
129 0.0006526287024064519 -0.0003044420813906045 0
130 0.0006194947435009785 -0.0002800629545801955 0
131 0.0005796709836088458 -0.0002692284313495208 0
132 0.0005386327591050168 -0.0002734963865535956 0
133 0.000502008580896989 -0.0002922028155821577 0
134 0.0004746347761595312 -0.0003227186831130272 0
135 0.0004600492613839737 -0.0003608953942634777 0
136 0.0004600619664815606 -0.0004016723013907253 0
137 0.0004746724619607846 -0.0004398418700391803 0
138 0.0005020677926648899 -0.000470341572027075 0
139 0.0005387067351919279 -0.0004890243408947115 0
140 0.0005796835896308958 -0.0004932693670756577 0
141 0.0006194947403213676 -0.0004824358691214583 0
142 0.0006526287213249818 -0.0004580567205644602 0
143 0.0006747207710059537 -0.0004235111925807243 0
144 0.000865355202464618 -0.0002116097764087293 0
145 0.0008432631474548099 -0.0001770642420295322 0
146 0.000810129166047759 -0.000152685096099451 0
147 0.0007703054066322051 -0.0001418505762897519 0
148 0.0007292671801930764 -0.0001461185350629501 0
149 0.0006926430072112948 -0.0001648249647397596 0
150 0.0006652692048831152 -0.0001953408323548683 0
151 0.0006506836918310722 -0.0002335175426059097 0
152 0.0006506963977022379 -0.0002742944484119572 0
153 0.0006653068929788049 -0.000312464015726135 0
154 0.0006927022225819259 -0.0003429637168127387 0
155 0.0007293411634297321 -0.0003616464856750258 0
156 0.0007703180162216968 -0.0003658915130142475 0
157 0.0008101291660477595 -0.0003550580172329802 0
158 0.0008432631474548109 -0.0003306788713028982 0
159 0.0008653552024646183 -0.0002961333369237017 0
160 0.0006597255297450295 -0.0001102044449581379 0
161 0.0006376334760088904 -7.565891115524305e-05 0
162 0.0006044994963266083 -5.127976498548138e-05 0
163 0.0005646757386227402 -4.044524388254716e-05 0
164 0.0005236375129509462 -4.47132004373397e-05 0
165 0.0004870133396654733 -6.341962748794528e-05 0
166 0.0004596395222063848 -9.393551492090029e-05 0
167 0.0004450540151241767 -0.0001321122283726468 0
168 0.0004450667276653357 -0.0001728891331345472 0
169 0.0004596772287361343 -0.0002110586976862472 0
170 0.0004870725625862537 -0.0002415583941944932 0
171 0.0005237115056172675 -0.0002602411574147666 0
172 0.0005646883580646677 -0.0002644861789500905 0
173 0.0006044995051926942 -0.0002536526783908976 0
174 0.0006376334825255324 -0.0002292735295457632 0
175 0.0006597255296194511 -0.0001947280030136556 0
176 0.0004690910985791918 -0.0002375822988548562 0
177 0.0004469990318614622 -0.0002030367514787235 0
178 0.0004138650758031159 -0.0001786576244443067 0
179 0.0003740413189493223 -0.0001678230992141769 0
180 0.0003330030919321384 -0.0001720910519074536 0
181 0.0002963789162035191 -0.000190797476133854 0
182 0.0002690050957304502 -0.0002213133619946438 0
183 0.0002544195855792984 -0.0002594900751307763 0
184 0.0002544322953929293 -0.0003002669804219074 0
185 0.0002690427941688451 -0.0003384365461896406 0
186 0.0002964381288845668 -0.0003689362464984163 0
187 0.0003330770718025613 -0.0003876190109851409 0
188 0.0003740539246965811 -0.0003918640335622703 0
189 0.000413865072623505 -0.000381030533587261 0
190 0.0004469990507795342 -0.0003566513848067427 0
191 0.0004690910984536134 -0.0003221058579490997 0
192 0.0004840879453733216 -0.0004663694400216562 0
193 0.0004620002962206639 -0.0004318263722102324 0
194 0.0004288726059616331 -0.0004074467526938697 0
195 0.000389055243193164 -0.0003966078041417286 0
196 0.0003480200939028402 -0.0004008677901113185 0
197 0.0003113950517237484 -0.0004195645782174023 0
198 0.0002840158541259967 -0.0004500711224216775 0
199 0.0002694208031241478 -0.0004882408411280742 0
200 0.0002694208023501002 -0.0005290136856721892 0
201 0.0002840158518298793 -0.0005671834048134575 0
202 0.0003113950481179298 -0.0005976899500039946 0
203 0.0003480200832124274 -0.0006163867377182244 0
204 0.0003890552405741517 -0.0006206467270680103 0
205 0.0004288726027822087 -0.0006098077798403331 0
206 0.0004620003141310511 -0.000585428139650925 0
207 0.0004840879452477548 -0.0005508850912845535 0
208 0.0006897176180929625 -0.0005677747714722263 0
209 0.0006676299676664299 -0.0005332317030840503 0
210 0.000634502275682993 -0.0005088520838074065 0
211 0.0005946849112022851 -0.0004980131365480199 0
212 0.0005536497611436268 -0.0005022731247359998 0
213 0.0005170247192666061 -0.0005209699154693538 0
214 0.0004896455368100703 -0.0005514764398527953 0
215 0.0004750504798377301 -0.000589646155355679 0
216 0.000475050472393379 -0.0006304190009516725 0
217 0.0004896455160812862 -0.0006685887228550524 0
218 0.0005170247081224581 -0.000699095272619957 0
219 0.0005536497410371671 -0.0007177920659739658 0
220 0.0005946848984737837 -0.0007220520611539244 0
221 0.0006345022636380035 -0.0007112131186839245 0
222 0.000667629979061029 -0.0006868334814087144 0
223 0.0006897176180929627 -0.000652290425194616 0
224 0.0008803520492587807 -0.0004403969175755159 0
225 0.0008582644108069601 -0.0004058538616870061 0
226 0.0008251366962070978 -0.0003814742243473147 0
227 0.0007853193308749673 -0.0003706352812144369 0
228 0.0007442841821602248 -0.0003748952732643584 0
229 0.0007076591427246892 -0.0003935920668236255 0
230 0.0006802799632825035 -0.0004240985927804103 0
231 0.000665684909379855 -0.0004622683085998789 0
232 0.000665684904663196 -0.0005030411536634709 0
233 0.0006802799506450837 -0.0005412108743509771 0
234 0.0007076591418223141 -0.0005717174203165062 0
235 0.0007442841748496042 -0.000590414212404427 0
236 0.0007853193318829366 -0.0005946742065382736 0
237 0.000825136696207098 -0.0005838352634873653 0
238 0.0008582644108069611 -0.000559455626147673 0
239 0.0008803520492587809 -0.0005249125702591639 0
240 0.0007196024134873631 0.0003457739073838415 0
241 0.0006975103447622829 0.0003803194558865549 0
242 0.0006643763858568093 0.000404698582696964 0
243 0.0006245526259646766 0.0004155331059276386 0
244 0.0005835144014608478 0.0004112651507235638 0
245 0.0005468902232528199 0.0003925587216950017 0
246 0.000519516418515362 0.0003620428541641322 0
247 0.0005049309037398047 0.0003238661430136816 0
248 0.0005049436088373915 0.0002830892358864341 0
249 0.0005195541043166154 0.0002449196672379792 0
250 0.0005469494350207208 0.0002144199652500845 0
251 0.0005835883775477588 0.0001957371963824479 0
252 0.0006245652319867267 0.0001914921702015018 0
253 0.0006643763826771986 0.0002023256681557012 0
254 0.0006975103636808127 0.0002267048167126992 0
255 0.0007196024133617846 0.0002612503446964351 0
256 0.000910236844820449 0.0004731517608684303 0
257 0.0008881447898106408 0.0005076972952476273 0
258 0.00085501080840359 0.0005320764411777085 0
259 0.0008151870489880361 0.0005429109609874077 0
260 0.0007741488225489074 0.0005386430022142094 0
261 0.0007375246495671257 0.0005199365725374 0
262 0.0007101508472389461 0.0004894207049222913 0
263 0.0006955653341869032 0.0004512439946712498 0
264 0.0006955780400580689 0.0004104670888652022 0
265 0.0007101885353346358 0.0003722975215510244 0
266 0.0007375838649377569 0.0003417978204644208 0
267 0.000774222805785563 0.0003231150516021337 0
268 0.0008151996585775278 0.000318870024262912 0
269 0.0008550108084035904 0.0003297035200441793 0
270 0.0008881447898106418 0.0003540826659742614 0
271 0.0009102368448204492 0.0003886282003534579 0
272 0.0007046071721008606 0.0005745570923190216 0
273 0.0006825151183647214 0.0006091026261219165 0
274 0.0006493811386824392 0.0006334817722916781 0
275 0.0006095573809785711 0.0006443162933946123 0
276 0.0005685191553067772 0.0006400483368398198 0
277 0.0005318949820213043 0.0006213419097892141 0
278 0.0005045211645622158 0.000590826022356259 0
279 0.0004899356574800077 0.0005526493089045124 0
280 0.0004899483700211668 0.0005118724041426119 0
281 0.0005045588710919655 0.0004737028395909121 0
282 0.0005319542049420849 0.0004432031430826662 0
283 0.0005685931479730986 0.0004245203798623929 0
284 0.0006095700004204987 0.000420275358327069 0
285 0.0006493811475485254 0.0004311088588862618 0
286 0.0006825151248813634 0.0004554880077313961 0
287 0.000704607171975282 0.0004900335342635037 0
288 0.0005139727408567725 0.0004471792386151259 0
289 0.0004918806739235988 0.000481724786112172 0
290 0.0004587467175596771 0.0005061039131225465 0
291 0.0004189229603940196 0.0005169384381369245 0
292 0.000377884733227185 0.0005126704850551977 0
293 0.0003412605580853017 0.0004939640607782585 0
294 0.0003138867391669567 0.0004634481770539912 0
295 0.0002993012282626237 0.0004252714639248158 0
296 0.0002993139374565117 0.0003844945584367488 0
297 0.0003139244357668797 0.0003463249923279246 0
298 0.0003413197702206679 0.0003158252915629197 0
299 0.0003779587130967021 0.0002971425266060025 0
300 0.0004189355661565373 0.0002928975036420841 0
301 0.0004587467143800663 0.0003037310034002047 0
302 0.0004918806928417201 0.0003281101521567331 0
303 0.0005139727407311941 0.000362655679135237 0
304 0.0005289695877291525 0.0002183920972555033 0
305 0.0005068819385764948 0.0002529351650669271 0
306 0.000473754248317464 0.0002773147845832898 0
307 0.0004339368855489949 0.0002881537331354309 0
308 0.000392901736258671 0.0002838937471658409 0
309 0.0003562766940795793 0.0002651969590597571 0
310 0.0003288974964818275 0.0002346904148554818 0
311 0.0003143024454799787 0.0001965206961490853 0
312 0.0003143024447059311 0.0001557478516049702 0
313 0.0003288974941857102 0.000117578132463702 0
314 0.0003562766904737608 8.707158727316478e-05 0
315 0.0003929017255682583 6.837479955893503e-05 0
316 0.0004339368829299827 6.411481020914918e-05 0
317 0.0004737542451380396 7.495375743682641e-05 0
318 0.000506881956486882 9.933339762623449e-05 0
319 0.0005289695876035857 0.0001338764459926061 0
320 0.0007345992604487935 0.0001169867658049331 0
321 0.0007125116100222609 0.0001515298341931092 0
322 0.000679383918038824 0.0001759094534697529 0
323 0.0006395665535581161 0.0001867484007291396 0
324 0.0005985314034994577 0.0001824884125411597 0
325 0.0005619063616224369 0.0001637916218078056 0
326 0.0005345271791659011 0.0001332850974243642 0
327 0.000519932122193561 9.51153819214805e-05 0
328 0.00051993211474921 5.434253632548709e-05 0
329 0.0005345271584371171 1.617281442210718e-05 0
330 0.0005619063504782889 -1.433373534279742e-05 0
331 0.0005985313833929979 -3.303052869680636e-05 0
332 0.0006395665408296145 -3.729052387676492e-05 0
333 0.0006793839059938343 -2.645158140676504e-05 0
334 0.0007125116214168598 -2.071944131555055e-06 0
335 0.0007345992604487937 3.247111208254348e-05 0
336 0.0009252336916146116 0.0002443646197016436 0
337 0.0009031460531627911 0.0002789076755901534 0
338 0.0008700183385629287 0.0003032873129298448 0
339 0.0008302009732307984 0.0003141262560627225 0
340 0.0007891658245160559 0.0003098662640128011 0
341 0.0007525407850805202 0.0002911694704535341 0
342 0.0007251616056383344 0.0002606629444967493 0
343 0.0007105665517356859 0.0002224932286772807 0
344 0.0007105665470190268 0.0001817203836136888 0
345 0.0007251615930009145 0.0001435506629261825 0
346 0.0007525407841781451 0.0001130441169606533 0
347 0.000789165817205435 9.434732487273247e-05 0
348 0.0008302009742387676 9.008733073888587e-05 0
349 0.000870018338562929 0.0001009262737897942 0
350 0.0009031460531627921 0.0001253059111294865 0
351 0.0009252336916146118 0.0001598489670179957 0
352 0.0001490223478487737 0.0007270233184661385 0
353 0.0001269302791236935 0.0007615688669688519 0
354 9.379632021822002e-05 0.000785947993779261 0
355 5.397256032608721e-05 0.0007967825170099356 0
356 1.293433582225838e-05 0.0007925145618058609 0
357 -2.368984238576944e-05 0.0007738081327772988 0
358 -5.106364712322737e-05 0.0007432922652464292 0
359 -6.564916189878476e-05 0.0007051155540959786 0
360 -6.563645680119787e-05 0.0006643386469687312 0
361 -5.102596132197396e-05 0.0006261690783202763 0
362 -2.36306306178687e-05 0.0005956693763323815 0
363 1.30083119091692e-05 0.000576986607464745 0
364 5.398516634813711e-05 0.0005727415812837987 0
365 9.379631703860901e-05 0.0005835750792379981 0
366 0.0001269302980422233 0.0006079542277949962 0
367 0.0001490223477231952 0.0006424997557787321 0
368 0.0003396567791818596 0.0008544011719507272 0
369 0.0003175647241720514 0.0008889467063299243 0
370 0.0002844307427650006 0.0009133258522600055 0
371 0.0002446069833494467 0.0009241603720697046 0
372 0.000203568756910318 0.0009198924132965063 0
373 0.0001669445839285363 0.000901185983619697 0
374 0.0001395707816003567 0.0008706701160045882 0
375 0.0001249852685483137 0.0008324934057535468 0
376 0.0001249979744194795 0.0007917164999474991 0
377 0.0001396084696960464 0.0007535469326333214 0
378 0.0001670037992991674 0.0007230472315467179 0
379 0.0002036427401469735 0.0007043644626844307 0
380 0.0002446195929389382 0.000700119435345209 0
381 0.0002844307427650008 0.0007109529311264762 0
382 0.0003175647241720523 0.0007353320770565583 0
383 0.0003396567791818597 0.0007698776114357548 0
384 0.000134027106462271 0.0009558065034013187 0
385 0.0001119350527261319 0.0009903520372042136 0
386 7.880107304384973e-05 0.001014731183373975 0
387 3.897731533998172e-05 0.001025565704476909 0
388 -2.060910331812174e-06 0.001021297747922117 0
389 -3.868508361728515e-05 0.001002591320871511 0
390 -6.60589010763738e-05 0.0009720754334385561 0
391 -8.064440815858192e-05 0.0009338987199868094 0
392 -8.063169561742267e-05 0.0008931218152249088 0
393 -6.602119454662405e-05 0.0008549522506732092 0
394 -3.862586069650473e-05 0.0008244525541649633 0
395 -1.986917665490957e-06 0.00080576979094469 0
396 3.898993478190918e-05 0.000801524769409366 0
397 7.880108190993567e-05 0.0008123582699685589 0
398 0.0001119350592427737 0.0008367374188136931 0
399 0.0001340271063366925 0.0008712829453458008 0
400 -5.660732470356667e-05 0.0008284286495046001 0
401 -7.869939142129628e-05 0.0008629741968807329 0
402 -0.0001118333474796426 0.0008873533239151497 0
403 -0.0001516571043334362 0.0008981878491452796 0
404 -0.0001926953313506201 0.0008939198964520029 0
405 -0.0002293195070792393 0.0008752134722256025 0
406 -0.0002566933275523083 0.0008446975863648128 0
407 -0.0002712788377034602 0.0008065208732286804 0
408 -0.0002712661278898292 0.0007657439679375492 0
409 -0.0002566556291139134 0.0007275744021698158 0
410 -0.0002292602943981919 0.0006970747018610402 0
411 -0.0001926213514801974 0.0006783919373743156 0
412 -0.0001516444985861775 0.0006741469147971862 0
413 -0.0001118333506592536 0.0006849804147721954 0
414 -7.869937250322435e-05 0.0007093595635527136 0
415 -5.660732482914521e-05 0.0007439050904103566 0
416 -4.161047790943694e-05 0.0005996415083378004 0
417 -6.36981270620946e-05 0.0006341845761492241 0
418 -9.682581732112546e-05 0.0006585641956655869 0
419 -0.0001366431800895946 0.000669403144217728 0
420 -0.0001776783293799184 0.000665143158248138 0
421 -0.0002143033715590102 0.0006464463701420541 0
422 -0.0002416825691567619 0.0006159398259377788 0
423 -0.0002562776201586107 0.0005777701072313822 0
424 -0.0002562776209326582 0.0005369972626872671 0
425 -0.0002416825714528792 0.0004988275435459991 0
426 -0.0002143033751648287 0.0004683209983554619 0
427 -0.000177678340070331 0.0004496242106412321 0
428 -0.0001366431827086067 0.0004453642212914462 0
429 -9.682582050054984e-05 0.0004562031685191234 0
430 -6.369810915170743e-05 0.0004805828087085315 0
431 -4.161047803500377e-05 0.000515125857074903 0
432 0.0001640191948102041 0.0004982361768872301 0
433 0.0001419315443836714 0.0005327792452754061 0
434 0.0001088038524002344 0.0005571588645520499 0
435 6.898648791952659e-05 0.0005679978118114366 0
436 2.795133786086823e-05 0.0005637378236234567 0
437 -8.673704016152541e-06 0.0005450410328901025 0
438 -3.605288647268835e-05 0.0005145345085066611 0
439 -5.064794344502842e-05 0.0004763647930037773 0
440 -5.064795088937945e-05 0.0004355919474077839 0
441 -3.605290720147229e-05 0.0003974222255044041 0
442 -8.673715160300388e-06 0.0003669156757394995 0
443 2.795131775440855e-05 0.0003482188823854906 0
444 6.898647519102521e-05 0.0003439588872055321 0
445 0.000108803840355245 0.000354797829675532 0
446 0.0001419315557782705 0.0003791774669507421 0
447 0.0001640191948102042 0.0004137205231648406 0
448 0.0003546536259309098 0.000625614030895118 0
449 0.000332565987354909 0.000660157086853324 0
450 0.0002994382725788391 0.0006845367241792122 0
451 0.0002596209070668429 0.000695375667187743 0
452 0.0002185857582657147 0.0006911156749138563 0
453 0.0001819607188543777 0.0006724188810835976 0
454 0.0001545815395632449 0.0006419123548639487 0
455 0.0001399864859289259 0.0006037426388478426 0
456 0.0001399864815696292 0.0005629697936702837 0
457 0.0001545815279858966 0.0005248000729869114 0
458 0.0001819607196167364 0.0004942935272138557 0
459 0.0002185857530348114 0.0004755967355201197 0
460 0.0002596209103074833 0.0004713367419600235 0
461 0.0002994382745366744 0.0004821756856517535 0
462 0.0003325659873549098 0.0005065553220309095 0
463 0.0003546536259309099 0.000541098377989115 0
464 -0.0004664393601456468 0.0004235111922712761 0
465 -0.0004885314288707271 0.0004580567407739894 0
466 -0.0005216653877762005 0.0004824358675843985 0
467 -0.0005614891476683333 0.0004932703908150731 0
468 -0.0006025273721721622 0.0004890024356109983 0
469 -0.00063915155038019 0.0004702960065824362 0
470 -0.0006665253551176479 0.0004397801390515667 0
471 -0.0006811108698932053 0.0004016034279011162 0
472 -0.0006810981647956184 0.0003608265207738687 0
473 -0.0006664876693163945 0.0003226569521254137 0
474 -0.0006390923386122891 0.000292157250137519 0
475 -0.0006024533960852512 0.0002734744812698825 0
476 -0.0005614765416462833 0.0002692294550889363 0
477 -0.0005216653909558114 0.0002800629530431357 0
478 -0.0004885314099521972 0.0003044421016001337 0
479 -0.0004664393602712254 0.0003389876295838696 0
480 -0.0002758049286626058 0.0005508890453863482 0
481 -0.0002978969835585476 0.0005854345798532372 0
482 -0.00033103096489435 0.0006098137259031665 0
483 -0.0003708547242901078 0.0006206482458460435 0
484 -0.0004118929507789299 0.0006163802871921235 0
485 -0.0004485171238419877 0.0005976738575972489 0
486 -0.0004758909262644404 0.0005671579900222083 0
487 -0.0004904764394068079 0.0005289812797720932 0
488 -0.0004904637336100293 0.0004882043739425158 0
489 -0.0004758532383894203 0.0004500348065874889 0
490 -0.0004484579088178825 0.000419535105446158 0
491 -0.0004118189679752869 0.0004008523365273756 0
492 -0.0003708421151635645 0.000396607309141563 0
493 -0.0003310309653019505 0.0004074408048965516 0
494 -0.0002978969838581364 0.0004318199508234868 0
495 -0.0002758049288222742 0.0004663654852169565 0
496 -0.0004814346015321495 0.0006522943772064562 0
497 -0.0005035266552682886 0.0006868399110093509 0
498 -0.0005366606349505707 0.0007112190571791126 0
499 -0.000576484392654439 0.0007220535782820469 0
500 -0.0006175226183262328 0.0007177856217272543 0
501 -0.0006541467916117057 0.0006990791946766487 0
502 -0.0006815206090707943 0.0006685633072436937 0
503 -0.0006961061161530024 0.0006303865937919471 0
504 -0.0006960934036118432 0.0005896096890300465 0
505 -0.0006814829025410447 0.0005514401244783468 0
506 -0.0006540875686909253 0.0005209404279701009 0
507 -0.0006174486256599117 0.0005022576647498275 0
508 -0.0005764717732125117 0.0004980126432145035 0
509 -0.000536660626084485 0.0005088461437736963 0
510 -0.0005035266487516468 0.0005332252926188306 0
511 -0.0004814346016577281 0.0005677708191509382 0
512 -0.0006720690326979873 0.0005249165233097378 0
513 -0.0006941610994157169 0.0005594620706858706 0
514 -0.0007272950554740633 0.0005838411977202873 0
515 -0.0007671188123278568 0.0005946757229504172 0
516 -0.0008081570393450408 0.0005904077702571404 0
517 -0.0008447812150736599 0.00057170134603074 0
518 -0.0008721550355467289 0.0005411854601699502 0
519 -0.0008867405456978808 0.0005030087470338178 0
520 -0.0008867278358842498 0.0004622318417426866 0
521 -0.000872117337108334 0.0004240622759749535 0
522 -0.0008447220023926125 0.0003935625756661778 0
523 -0.000808083059474618 0.0003748798111794532 0
524 -0.000767106206580598 0.0003706347886023237 0
525 -0.0007272950586536742 0.000381468288577333 0
526 -0.0006941610804976449 0.0004058474373578512 0
527 -0.0006720690328235658 0.0004403929642154942 0
528 -0.0006570721859038575 0.0002961293821429378 0
529 -0.0006791598350565152 0.0003306724499543616 0
530 -0.000712287525315546 0.0003550520694707244 0
531 -0.0007521048880840151 0.0003658910180228654 0
532 -0.000793140037374339 0.0003616310320532755 0
533 -0.0008297650795534307 0.0003429342439471916 0
534 -0.0008571442771511824 0.0003124276997429164 0
535 -0.0008717393281530312 0.0002742579810365197 0
536 -0.0008717393289270788 0.0002334851364924047 0
537 -0.0008571442794472996 0.0001953154173511364 0
538 -0.0008297650831592491 0.0001648088721605993 0
539 -0.0007931400480647515 0.0001461120844463695 0
540 -0.000752104890703027 0.0001418520950965837 0
541 -0.0007122875284949702 0.000152691042324261 0
542 -0.0006791598171461279 0.000177070682513669 0
543 -0.0006570721860294243 0.0002116137308800407 0
544 -0.0004514425131842165 0.0001947240506923677 0
545 -0.0004735301636107491 0.0002292671190805437 0
546 -0.000506657855594186 0.0002536467383571875 0
547 -0.0005464752200748939 0.0002644856856165742 0
548 -0.0005875103701335522 0.0002602256974285943 0
549 -0.0006241354120105731 0.0002415289066952402 0
550 -0.0006515145944671088 0.0002110223823117988 0
551 -0.0006661096514394489 0.0001728526668089151 0
552 -0.0006661096588838 0.0001320798212129216 0
553 -0.0006515146151958929 9.391009930954175e-05 0
554 -0.0006241354231547211 6.340354954463715e-05 0
555 -0.000587510390240012 4.470675619062821e-05 0
556 -0.0005464752328033954 4.044676101066965e-05 0
557 -0.0005066578676391757 5.128570348066953e-05 0
558 -0.0004735301522161502 7.566534075587952e-05 0
559 -0.0004514425131842163 0.000110208396969978 0
560 -0.0002608080820183982 0.0003221019045890782 0
561 -0.0002828957204702188 0.0003566449604775879 0
562 -0.0003160234350700811 0.0003810245978172793 0
563 -0.0003558408004022114 0.0003918635409501572 0
564 -0.000396875949116954 0.0003876035489002357 0
565 -0.0004335009885524897 0.0003689067553409687 0
566 -0.0004608801679946755 0.0003384002293841838 0
567 -0.000475475221897324 0.0003002305135647152 0
568 -0.0004754752266139831 0.0002594576685011233 0
569 -0.0004608801806320953 0.0002212879478136169 0
570 -0.0004335009894548647 0.0001907814018480878 0
571 -0.0003968759564275748 0.000172084609760167 0
572 -0.0003558407993942424 0.0001678246156263204 0
573 -0.0003160234350700809 0.0001786635586772288 0
574 -0.0002828957204702179 0.000203043196016921 0
575 -0.0002608080820183981 0.0002375862519054303 0
576 -0.000511321002501478 -0.0002612503450058832 0
577 -0.0005334130712265582 -0.0002267047965031698 0
578 -0.0005665470301320318 -0.0002023256696927607 0
579 -0.0006063707900241645 -0.0001914911464620861 0
580 -0.0006474090145279934 -0.0001957591016661609 0
581 -0.0006840331927360212 -0.000214465530694723 0
582 -0.0007114069974734791 -0.0002449813982255925 0
583 -0.0007259925122490364 -0.0002831581093760431 0
584 -0.0007259798071514495 -0.0003239350165032907 0
585 -0.0007113693116722257 -0.0003621045851517456 0
586 -0.0006839739809681203 -0.0003926042871396403 0
587 -0.0006473350384410824 -0.0004112870560072767 0
588 -0.0006063581840021144 -0.0004155320821882229 0
589 -0.0005665470333116425 -0.0004046985842340235 0
590 -0.0005334130523080284 -0.0003803194356770255 0
591 -0.0005113210026270565 -0.0003457739076932896 0
592 -0.000320686571168392 -0.0001338724915212946 0
593 -0.0003427786261782002 -9.93269571420975e-05 0
594 -0.000375912607585251 -7.494781121201626e-05 0
595 -0.0004157363670008048 -6.411329140231715e-05 0
596 -0.0004567745934399335 -6.838125017551535e-05 0
597 -0.0004933987664217153 -8.708767985232476e-05 0
598 -0.0005207725687498949 -0.0001176035474674335 0
599 -0.0005353580818019378 -0.0001557802577184748 0
600 -0.0005353453759307722 -0.0001965571635245224 0
601 -0.0005207348806542053 -0.0002347267308387003 0
602 -0.0004933395510510843 -0.0002652264319253039 0
603 -0.0004567006102032781 -0.0002839092007875911 0
604 -0.0004157237574113133 -0.0002881542281268128 0
605 -0.0003759126075852508 -0.0002773207323455455 0
606 -0.0003427786261781993 -0.0002529415864154634 0
607 -0.0003206865711683919 -0.0002183960520362669 0
608 -0.0005263162438879805 -3.246716007070309e-05 0
609 -0.0005484082976241197 2.078373732191736e-06 0
610 -0.0005815422773064019 2.645751990195341e-05 0
611 -0.00062136603501027 3.72920410048876e-05 0
612 -0.0006624042606820638 3.302408445009503e-05 0
613 -0.0006990284339675368 1.431765739948941e-05 0
614 -0.0007264022514266253 -1.619823003346561e-05 0
615 -0.0007409877585088335 -5.437494348521214e-05 0
616 -0.0007409750459676743 -9.51518482471126e-05 0
617 -0.0007263645448968757 -0.0001333214127988125 0
618 -0.0006989692110467563 -0.0001638211093070584 0
619 -0.0006623302680157426 -0.0001825038725273318 0
620 -0.0006213534155683425 -0.0001867488940626557 0
621 -0.0005815422684403159 -0.0001759153935034629 0
622 -0.0005484082911074779 -0.0001515362446583287 0
623 -0.0005263162440135591 -0.000116990718126221 0
624 -0.0007169506750538182 -0.0001598450139674215 0
625 -0.0007390427417715479 -0.0001252994665912887 0
626 -0.0007721766978298943 -0.0001009203395568719 0
627 -0.0008120004546836879 -9.008581432674212e-05 0
628 -0.0008530386817008718 -9.435376702001892e-05 0
629 -0.000889662857429491 -0.0001130601912464193 0
630 -0.0009170366779025599 -0.0001435760771072091 0
631 -0.0009316221880537117 -0.0001817527902433414 0
632 -0.0009316094782400808 -0.0002225296955344726 0
633 -0.000916998979464165 -0.0002606992613022059 0
634 -0.0008896036447484435 -0.0002911989616109815 0
635 -0.0008529647018304489 -0.0003098817260977061 0
636 -0.000811987848936429 -0.0003141267486748355 0
637 -0.0007721767010095052 -0.0003032932486998263 0
638 -0.0007390427228534761 -0.0002789140999193081 0
639 -0.0007169506751793968 -0.0002443685730616651 0
640 -0.0007019538282596887 -0.0003886321551342214 0
641 -0.0007240414774123463 -0.0003540890873227976 0
642 -0.0007571691676713772 -0.0003297094678064348 0
643 -0.0007969865304398463 -0.0003188705192542938 0
644 -0.0008380216797301701 -0.0003231305052238838 0
645 -0.0008746467219092618 -0.0003418272933299676 0
646 -0.0009020259195070136 -0.0003723338375342429 0
647 -0.0009166209705088623 -0.0004105035562406395 0
648 -0.0009166209712829099 -0.0004512764007847546 0
649 -0.0009020259218031309 -0.0004894461199260227 0
650 -0.0008746467255150803 -0.0005199526651165599 0
651 -0.0008380216904205826 -0.0005386494528307898 0
652 -0.0007969865330588581 -0.0005429094421805755 0
653 -0.0007571691708508012 -0.0005320704949528982 0
654 -0.000724041459501959 -0.00050769085476349 0
655 -0.0007019538283852553 -0.0004731478063971184 0
656 -0.0004963241555400477 -0.0004900374865847916 0
657 -0.0005184118059665802 -0.0004554944181966156 0
658 -0.0005515394979500171 -0.0004311147989199718 0
659 -0.0005913568624307251 -0.0004202758516605851 0
660 -0.0006323920124893834 -0.000424535839848565 0
661 -0.0006690170543664042 -0.0004432326305819191 0
662 -0.00069639623682294 -0.0004737391549653606 0
663 -0.0007109912937952801 -0.0005119088704682444 0
664 -0.0007109913012396311 -0.0005526817160642378 0
665 -0.000696396257551724 -0.0005908514379676176 0
666 -0.0006690170655105523 -0.0006213579877325221 0
667 -0.0006323920325958432 -0.0006400547810865311 0
668 -0.0005913568751592266 -0.0006443147762664897 0
669 -0.0005515395099950068 -0.0006334758337964898 0
670 -0.0005184117945719813 -0.0006090961965212798 0
671 -0.0004963241555400474 -0.0005745531403071813 0
672 -0.0003056897244193419 -0.0003626596325769037 0
673 -0.0003277773629953427 -0.0003281165766186977 0
674 -0.0003609050777714126 -0.0003037369392928095 0
675 -0.0004007224432834088 -0.0002928979962842786 0
676 -0.0004417575920845371 -0.0002971579885581654 0
677 -0.0004783826314958741 -0.0003158547823884241 0
678 -0.0005057618107870068 -0.0003463613086080731 0
679 -0.0005203568644213258 -0.0003845310246241792 0
680 -0.0005203568687806226 -0.0004253038698017382 0
681 -0.0005057618223643552 -0.0004634735904851104 0
682 -0.0004783826307335152 -0.0004939801362581661 0
683 -0.0004417575973154401 -0.0005126769279519019 0
684 -0.0004007224400427681 -0.0005169369215119982 0
685 -0.0003609050758135771 -0.0005060979778202681 0
686 -0.0003277773629953417 -0.0004817183414411118 0
687 -0.0003056897244193418 -0.0004471752854829065 0
688 5.925906313711183e-05 -0.0006424997560881805 0
689 3.716699441203162e-05 -0.0006079542075854671 0
690 4.033035506558184e-06 -0.000583575080775058 0
691 -3.579072438557459e-05 -0.0005727405575443834 0
692 -7.682894888940343e-05 -0.0005770085127484581 0
693 -0.0001134531270974313 -0.0005957149417770202 0
694 -0.0001408269318348892 -0.0006262308093078897 0
695 -0.0001554124466104466 -0.0006644075204583403 0
696 -0.0001553997415128597 -0.0007051844275855878 0
697 -0.0001407892460336359 -0.0007433539962340427 0
698 -0.0001133939153295306 -0.0007738536982219374 0
699 -7.675497280249267e-05 -0.000792536467089574 0
700 -3.577811836352477e-05 -0.0007967814932705202 0
701 4.033032326947048e-06 -0.0007859479953163208 0
702 3.716701333056145e-05 -0.0007615688467593228 0
703 5.925906301153329e-05 -0.0007270233187755869 0
704 0.0002498934946201528 -0.0005151219029731084 0
705 0.000227801439724211 -0.0004805763685062194 0
706 0.0001946674583884085 -0.00045619722245629 0
707 0.0001548436989926508 -0.000445362702513413 0
708 0.0001138054725038285 -0.0004496306611673331 0
709 7.718129944077089e-05 -0.0004683370907622076 0
710 4.980749701831816e-05 -0.0004988529583372482 0
711 3.522198387595065e-05 -0.0005370296685873634 0
712 3.523468967272939e-05 -0.0005778065744169408 0
713 4.984518489333835e-05 -0.0006159761417719678 0
714 7.724051446487609e-05 -0.0006464758429132986 0
715 0.0001138794553074715 -0.0006651586118320809 0
716 0.000154856308119194 -0.0006694036392178935 0
717 0.000194667457980808 -0.000658570143462905 0
718 0.0002278014394246222 -0.0006341909975359698 0
719 0.0002498934944604843 -0.0005996454631425 0
720 4.426382175060924e-05 -0.0004137165711530004 0
721 2.217176801447018e-05 -0.0003791710373501056 0
722 -1.096221166781205e-05 -0.0003547918911803439 0
723 -5.07859693716801e-05 -0.0003439573700774097 0
724 -9.182419504347395e-05 -0.0003482253266322022 0
725 -0.0001284483683289469 -0.0003669317536828078 0
726 -0.0001558221857880355 -0.0003974476411157627 0
727 -0.0001704076928702437 -0.0004356243545675093 0
728 -0.0001703949803290845 -0.0004764012593294098 0
729 -0.0001557844792582859 -0.0005145708238811098 0
730 -0.0001283891454081665 -0.0005450705203893558 0
731 -9.175020237715268e-05 -0.0005637532836096291 0
732 -5.077334992975264e-05 -0.000567998305144953 0
733 -1.096220280172614e-05 -0.0005571648045857602 0
734 2.217177453111199e-05 -0.0005327856557406259 0
735 4.42638216250307e-05 -0.0004982401292085182 0
736 -0.0001463706094934788 -0.000541094424856896 0
737 -0.0001684626764266525 -0.00050654887735985 0
738 -0.0002015966327905741 -0.0004821697503494755 0
739 -0.0002414203899562316 -0.0004713352253350975 0
740 -0.0002824586171230662 -0.0004756031784168242 0
741 -0.0003190827922649494 -0.0004943096026937635 0
742 -0.0003464566111832945 -0.0005248254864180306 0
743 -0.0003610421220876276 -0.0005630021995472059 0
744 -0.0003610294128937397 -0.000603779105035273 0
745 -0.0003464189145833717 -0.0006419486711440974 0
746 -0.0003190235801295835 -0.0006724483719091021 0
747 -0.0002823846372535495 -0.0006911311368660195 0
748 -0.0002414077841937141 -0.000695376159829938 0
749 -0.0002015966359701852 -0.0006845426600718173 0
750 -0.0001684626575085315 -0.000660163511315289 0
751 -0.0001463706096190573 -0.0006256179843367851 0
752 -0.0001313737626210989 -0.0007698815662165188 0
753 -0.0001534614117737566 -0.000735338498405095 0
754 -0.0001865891020327874 -0.0007109588788887322 0
755 -0.0002264064648012565 -0.0007001199303365911 0
756 -0.0002674416140915803 -0.0007043799163061811 0
757 -0.000304066656270672 -0.0007230767044122649 0
758 -0.0003314458538684238 -0.0007535832486165402 0
759 -0.0003460409048702726 -0.0007917529673229368 0
760 -0.0003460409056443202 -0.0008325258118670519 0
761 -0.0003314458561645411 -0.0008706955310083201 0
762 -0.0003040666598764906 -0.0009012020761988573 0
763 -0.0002674416247819929 -0.0009198988639130871 0
764 -0.0002264064674202684 -0.0009241588532628728 0
765 -0.0001865891052122115 -0.0009133199060351955 0
766 -0.0001534613938633692 -0.0008889402658457875 0
767 -0.0001313737627466657 -0.000854397217479416 0
768 7.42559100985422e-05 -0.0008712868976670889 0
769 5.216825967200961e-05 -0.0008367438292789129 0
770 1.904056768857267e-05 -0.0008123642100022691 0
771 -2.077679679213516e-05 -0.0008015252627428824 0
772 -6.181194685079354e-05 -0.0008057852509308623 0
773 -9.843698872781435e-05 -0.0008244820416642164 0
774 -0.0001258161711843501 -0.0008549885660476579 0
775 -0.0001404112281566903 -0.0008931582815505416 0
776 -0.0001404112356010413 -0.000933931127146535 0
777 -0.0001258161919131343 -0.0009721008490499147 0
778 -9.843699987196242e-05 -0.001002607398814819 0
779 -6.181196695725341e-05 -0.001021304192168828 0
780 -2.077680952063687e-05 -0.001025564187348787 0
781 1.904055564358294e-05 -0.001014725244878787 0
782 5.216827106660858e-05 -0.0009903456076035769 0
783 7.425591009854235e-05 -0.0009558025513894785 0
784 0.0002648903412643602 -0.0007439090437703784 0
785 0.0002428027028125397 -0.0007093659878818686 0
786 0.0002096749882126774 -0.0006849863505421773 0
787 0.000169857622880547 -0.0006741474074092995 0
788 0.0001288224741658046 -0.0006784073994592209 0
789 9.21974347302688e-05 -0.000697104193018488 0
790 6.481825528808305e-05 -0.0007276107189752727 0
791 5.022320138543452e-05 -0.0007657804347947414 0
792 5.022319666877547e-05 -0.0008065532798583333 0
793 6.481824265066313e-05 -0.0008447230005458394 0
794 9.219743382789361e-05 -0.0008752295465113686 0
795 0.0001288224668551835 -0.0008939263385992895 0
796 0.0001698576238885161 -0.0008981863327331362 0
797 0.0002096749882126774 -0.0008873473896822278 0
798 0.0002428027028125406 -0.0008629677523425357 0
799 0.0002648903412643604 -0.0008284246964540265 0
800 0.001403765965269431 -0.000398901548168571 0
801 0.00138167389654435 -0.0003643559996658577 0
802 0.001348539937638877 -0.0003399768728554486 0
803 0.001308716177746744 -0.0003291423496247739 0
804 0.001267677953242915 -0.0003334103048288487 0
805 0.001231053775034887 -0.0003521167338574108 0
806 0.001203679970297429 -0.0003826326013882804 0
807 0.001189094455521872 -0.000420809312538731 0
808 0.001189107160619459 -0.0004615862196659784 0
809 0.001203717656098683 -0.0004997557883144332 0
810 0.001231112986802788 -0.000530255490302328 0
811 0.001267751929329826 -0.0005489382591699646 0
812 0.001308728783768794 -0.0005531832853509108 0
813 0.001348539934459266 -0.0005423497873967114 0
814 0.00138167391546288 -0.0005179706388397133 0
815 0.001403765965143852 -0.0004834251108559773 0
816 0.001594400396602516 -0.0002715236946839825 0
817 0.001572308341592708 -0.0002369781603047853 0
818 0.001539174360185657 -0.000212599014374704 0
819 0.001499350600770104 -0.000201764494565005 0
820 0.001458312374330975 -0.0002060324533382032 0
821 0.001421688201349193 -0.0002247388830150127 0
822 0.001394314399021014 -0.0002552547506301214 0
823 0.00137972888596897 -0.0002934314608811628 0
824 0.001379741591840136 -0.0003342083666872103 0
825 0.001394352087116703 -0.000372377934001388 0
826 0.001421747416719824 -0.0004028776350879917 0
827 0.00145838635756763 -0.0004215604039502789 0
828 0.001499363210359595 -0.0004258054312895007 0
829 0.001539174360185658 -0.0004149719355082335 0
830 0.001572308341592709 -0.0003905927895781513 0
831 0.001594400396602517 -0.0003560472551989548 0
832 0.001388770723882928 -0.0001701183632333909 0
833 0.001366678670146789 -0.0001355728294304961 0
834 0.001333544690464506 -0.0001111936832607344 0
835 0.001293720932760638 -0.0001003591621578002 0
836 0.001252682707088844 -0.0001046271187125928 0
837 0.001216058533803371 -0.0001233335457631984 0
838 0.001188684716344283 -0.0001538494331961535 0
839 0.001174099209262075 -0.0001920261466479 0
840 0.001174111921803234 -0.0002328030514098004 0
841 0.001188722422874032 -0.0002709726159615001 0
842 0.001216117756724152 -0.0003014723124697462 0
843 0.001252756699755166 -0.0003201550756900195 0
844 0.001293733552202566 -0.0003244000972253436 0
845 0.001333544699330592 -0.0003135665966661508 0
846 0.00136667867666343 -0.0002891874478210164 0
847 0.001388770723757349 -0.0002546419212889088 0
848 0.00119813629271709 -0.0002974962171301093 0
849 0.00117604422599936 -0.0002629506697539764 0
850 0.001142910269941014 -0.0002385715427195597 0
851 0.00110308651308722 -0.0002277370174894299 0
852 0.001062048286070036 -0.0002320049701827067 0
853 0.001025424110341417 -0.0002507113944091071 0
854 0.0009980502898683484 -0.000281227280269897 0
855 0.0009834647797171965 -0.0003194039934060293 0
856 0.0009834774895308275 -0.0003601808986971603 0
857 0.0009980879883067432 -0.0003983504644648935 0
858 0.001025483323022465 -0.0004288501647736693 0
859 0.001062122265940459 -0.0004475329292603938 0
860 0.001103099118834479 -0.0004517779518375233 0
861 0.001142910266761403 -0.0004409444518625142 0
862 0.001176044244917432 -0.0004165653030819959 0
863 0.001198136292591512 -0.0003820197762243528 0
864 0.00121313313951122 -0.0005262833582969093 0
865 0.001191045490358562 -0.0004917402904854854 0
866 0.001157917800099531 -0.0004673606709691227 0
867 0.001118100437331062 -0.0004565217224169816 0
868 0.001077065288040738 -0.0004607817083865716 0
869 0.001040440245861646 -0.0004794784964926555 0
870 0.001013061048263895 -0.0005099850406969308 0
871 0.000998465997262046 -0.0005481547594033274 0
872 0.0009984659964879985 -0.0005889276039474422 0
873 0.001013061045967777 -0.0006270973230887104 0
874 0.001040440242255828 -0.0006576038682792476 0
875 0.001077065277350326 -0.0006763006559934774 0
876 0.00111810043471205 -0.0006805606453432633 0
877 0.001157917796920107 -0.0006697216981155861 0
878 0.001191045508268949 -0.000645342057926178 0
879 0.001213133139385653 -0.0006107990095598065 0
880 0.001418762812230861 -0.0006276886897474795 0
881 0.001396675161804328 -0.0005931456213593034 0
882 0.001363547469820891 -0.0005687660020826596 0
883 0.001323730105340183 -0.0005579270548232729 0
884 0.001282694955281525 -0.0005621870430112527 0
885 0.001246069913404504 -0.0005808838337446068 0
886 0.001218690730947968 -0.0006113903581280482 0
887 0.001204095673975628 -0.000649560073630932 0
888 0.001204095666531277 -0.0006903329192269251 0
889 0.001218690710219184 -0.000728502641130305 0
890 0.001246069902260356 -0.0007590091908952097 0
891 0.001282694935175065 -0.0007777059842492188 0
892 0.001323730092611681 -0.0007819659794291774 0
893 0.001363547457775901 -0.0007711270369591777 0
894 0.001396675173198927 -0.0007467473996839678 0
895 0.001418762812230861 -0.0007122043434698694 0
896 0.001609397243396679 -0.0005003108358507689 0
897 0.001587309604944859 -0.0004657677799622592 0
898 0.001554181890344996 -0.0004413881426225678 0
899 0.001514364525012866 -0.00043054919948969 0
900 0.001473329376298124 -0.0004348091915396114 0
901 0.001436704336862588 -0.0004535059850988783 0
902 0.001409325157420402 -0.0004840125110556631 0
903 0.001394730103517753 -0.0005221822268751317 0
904 0.001394730098801094 -0.0005629550719387234 0
905 0.001409325144782982 -0.0006011247926262296 0
906 0.001436704335960212 -0.0006316313385917589 0
907 0.001473329368987502 -0.0006503281306796799 0
908 0.001514364526020835 -0.0006545881248135267 0
909 0.001554181890344996 -0.0006437491817626185 0
910 0.001587309604944859 -0.0006193695444229263 0
911 0.001609397243396679 -0.0005848264885344172 0
912 0.001450230860538107 0.0003100157606354633 0
913 0.001428138791813026 0.0003445613091381767 0
914 0.001395004832907553 0.0003689404359485858 0
915 0.00135518107301542 0.0003797749591792604 0
916 0.001314142848511591 0.0003755070039751857 0
917 0.001277518670303563 0.0003568005749466235 0
918 0.001250144865566105 0.000326284707415754 0
919 0.001235559350790548 0.0002881079962653036 0
920 0.001235572055888135 0.0002473310891380561 0
921 0.001250182551367359 0.0002091615204896012 0
922 0.001277577882071464 0.0001786618185017064 0
923 0.001314216824598502 0.0001599790496340698 0
924 0.00135519367903747 0.0001557340234531235 0
925 0.001395004829727942 0.0001665675214073229 0
926 0.001428138810731556 0.000190946669964321 0
927 0.001450230860412528 0.0002254921979480569 0
928 0.001640865291871192 0.000437393614120052 0
929 0.001618773236861384 0.0004719391484992491 0
930 0.001585639255454333 0.0004963182944293304 0
931 0.00154581549603878 0.0005071528142390294 0
932 0.001504777269599651 0.0005028848554658312 0
933 0.001468153096617869 0.0004841784257890218 0
934 0.00144077929428969 0.000453662558173913 0
935 0.001426193781237646 0.0004154858479228716 0
936 0.001426206487108812 0.0003747089421168241 0
937 0.001440816982385379 0.0003365393748026464 0
938 0.0014682123119885 0.0003060396737160427 0
939 0.001504851252836306 0.0002873569048537555 0
940 0.001545828105628271 0.0002831118775145338 0
941 0.001585639255454334 0.0002939453732958009 0
942 0.001618773236861385 0.0003183245192258831 0
943 0.001640865291871193 0.0003528700536050796 0
944 0.001435235619151604 0.0005387989455706434 0
945 0.001413143565415465 0.0005733444793735382 0
946 0.001380009585733183 0.0005977236255432999 0
947 0.001340185828029315 0.0006085581466462341 0
948 0.001299147602357521 0.0006042901900914416 0
949 0.001262523429072048 0.000585583763040836 0
950 0.001235149611612959 0.0005550678756078809 0
951 0.001220564104530751 0.0005168911621561343 0
952 0.00122057681707191 0.0004761142573942339 0
953 0.001235187318142709 0.0004379446928425342 0
954 0.001262582651992828 0.0004074449963342881 0
955 0.001299221595023842 0.0003887622331140148 0
956 0.001340198447471242 0.0003845172115786907 0
957 0.001380009594599268 0.0003953507121378835 0
958 0.001413143571932107 0.0004197298609830179 0
959 0.001435235619026026 0.0004542753875151255 0
960 0.001244601187985766 0.0004114210916739249 0
961 0.001222509121268037 0.0004459666390500577 0
962 0.00118937516520969 0.0004703457660844744 0
963 0.001149551408355897 0.0004811802913146043 0
964 0.001108513181338713 0.0004769123386213275 0
965 0.001071889005610093 0.0004582059143949271 0
966 0.001044515185137025 0.0004276900285341372 0
967 0.001029929674985873 0.0003895133153980049 0
968 0.001029942384799504 0.0003487364101068739 0
969 0.001044552883575419 0.0003105668443391407 0
970 0.001071948218291141 0.0002800671440303649 0
971 0.001108587161209136 0.0002613843795436404 0
972 0.001149564014103155 0.0002571393569665109 0
973 0.001189375162030079 0.00026797285694152 0
974 0.001222509140186109 0.0002923520057220384 0
975 0.001244601187860188 0.0003268975325796815 0
976 0.001259598034779896 0.0001826339505071249 0
977 0.001237510385627238 0.0002171770183185487 0
978 0.001204382695368207 0.0002415566378349115 0
979 0.001164565332599738 0.0002523955863870525 0
980 0.001123530183309414 0.0002481356004174626 0
981 0.001086905141130323 0.0002294388123113787 0
982 0.001059525943532571 0.0001989322681071034 0
983 0.001044930892530722 0.0001607625494007069 0
984 0.001044930891756674 0.000119989704856592 0
985 0.001059525941236454 8.18199857153238e-05 0
986 0.001086905137524504 5.13134405247865e-05 0
987 0.001123530172619002 3.26166528105567e-05 0
988 0.001164565329980726 2.835666346077079e-05 0
989 0.001204382692188783 3.919561068844796e-05 0
990 0.001237510403537625 6.357525087785617e-05 0
991 0.001259598034654329 9.811829924422774e-05 0
992 0.001465227707499537 8.12286190565548e-05 0
993 0.001443140057073004 0.0001157716874447309 0
994 0.001410012365089567 0.0001401513067213746 0
995 0.00137019500060886 0.0001509902539807613 0
996 0.001329159850550201 0.0001467302657927815 0
997 0.00129253480867318 0.0001280334750594274 0
998 0.001265155626216645 9.752695067598592e-05 0
999 0.001250560569244304 5.935723517310223e-05 0
1000 0.001250560561799953 1.858438957710892e-05 0
1001 0.00126515560548786 -1.958533232627101e-05 0
1002 0.001292534797529032 -5.009188209117568e-05 0
1003 0.001329159830443741 -6.878867544518461e-05 0
1004 0.001370194987880358 -7.304867062514324e-05 0
1005 0.001410012353044578 -6.220972815514339e-05 0
1006 0.001443140068467603 -3.783009087993329e-05 0
1007 0.001465227707499537 -3.287034665834748e-06 0
1008 0.001655862138665355 0.0002086064729532654 0
1009 0.001633774500213535 0.0002431495288417752 0
1010 0.001600646785613672 0.0002675291661814666 0
1011 0.001560829420281542 0.0002783681093143443 0
1012 0.0015197942715668 0.0002741081172644229 0
1013 0.001483169232131264 0.0002554113237051559 0
1014 0.001455790052689078 0.000224904797748371 0
1015 0.001441194998786429 0.0001867350819289024 0
1016 0.00144119499406977 0.0001459622368653106 0
1017 0.001455790040051658 0.0001077925161778044 0
1018 0.001483169231228889 7.728597021227517e-05 0
1019 0.001519794264256178 5.858917812435433e-05 0
1020 0.001560829421289511 5.432918399050766e-05 0
1021 0.001600646785613672 6.516812704141604e-05 0
1022 0.001633774500213535 8.954776438110827e-05 0
1023 0.001655862138665355 0.0001240908202696175 0
1024 0.001136011985822946 0.0009471886068765924 0
1025 0.001113919917097866 0.0009817341553793059 0
1026 0.001080785958192393 0.001006113282189715 0
1027 0.00104096219830026 0.001016947805420389 0
1028 0.0009999239737964309 0.001012679850216315 0
1029 0.000963299795588403 0.0009939734211877526 0
1030 0.0009359259908509451 0.0009634575536568833 0
1031 0.0009213404760753878 0.0009252808425064327 0
1032 0.0009213531811729746 0.0008845039353791852 0
1033 0.0009359636766521984 0.0008463343667307304 0
1034 0.0009633590073563036 0.0008158346647428357 0
1035 0.0009999979498833416 0.0007971518958751991 0
1036 0.001040974804322309 0.0007929068696942527 0
1037 0.001080785955012781 0.000803740367648452 0
1038 0.001113919936016396 0.0008281195162054501 0
1039 0.001136011985697368 0.000862665044189186 0
1040 0.001326646417156032 0.001074566460361181 0
1041 0.001304554362146224 0.001109111994740378 0
1042 0.001271420380739173 0.00113349114067046 0
1043 0.001231596621323619 0.001144325660480159 0
1044 0.001190558394884491 0.00114005770170696 0
1045 0.001153934221902709 0.001121351272030151 0
1046 0.001126560419574529 0.001090835404415043 0
1047 0.001111974906522486 0.001052658694164001 0
1048 0.001111987612393652 0.001011881788357954 0
1049 0.001126598107670219 0.0009737122210437759 0
1050 0.00115399343727334 0.0009432125199571722 0
1051 0.001190632378121146 0.000924529751094885 0
1052 0.00123160923091311 0.000920284723755663 0
1053 0.001271420380739173 0.0009311182195369301 0
1054 0.001304554362146225 0.0009554973654670122 0
1055 0.001326646417156032 0.0009900428998462084 0
1056 0.001121016744436444 0.001175971791811772 0
1057 0.001098924690700304 0.001210517325614668 0
1058 0.001065790711018022 0.001234896471784429 0
1059 0.001025966953314154 0.001245730992887363 0
1060 0.0009849287276423604 0.001241463036332571 0
1061 0.0009483045543568873 0.001222756609281965 0
1062 0.0009209307368977988 0.00119224072184901 0
1063 0.0009063452298155907 0.001154064008397264 0
1064 0.0009063579423567498 0.001113287103635363 0
1065 0.0009209684434275482 0.001075117539083664 0
1066 0.0009483637772776676 0.001044617842575417 0
1067 0.0009850027203086814 0.001025935079355144 0
1068 0.001025979572756081 0.00102169005781982 0
1069 0.001065790719884108 0.001032523558379013 0
1070 0.001098924697216946 0.001056902707224147 0
1071 0.001121016744310865 0.001091448233756255 0
1072 0.0009303823132706059 0.001048593937915054 0
1073 0.0009082902465528762 0.001083139485291187 0
1074 0.0008751562904945298 0.001107518612325604 0
1075 0.0008353325336407361 0.001118353137555734 0
1076 0.0007942943066235521 0.001114085184862457 0
1077 0.000757670130894933 0.001095378760636056 0
1078 0.0007302963104218642 0.001064862874775267 0
1079 0.0007157108002707124 0.001026686161639134 0
1080 0.0007157235100843434 0.0009859092563480032 0
1081 0.0007303340088602591 0.0009477396905802699 0
1082 0.0007577293435759807 0.0009172399902714942 0
1083 0.0007943682864939751 0.0008985572257847696 0
1084 0.000835345139387995 0.0008943122032076401 0
1085 0.0008751562873149189 0.0009051457031826493 0
1086 0.0009082902654709482 0.0009295248519631676 0
1087 0.0009303823131450274 0.0009640703788208106 0
1088 0.0009453791600647355 0.0008198067967482544 0
1089 0.0009232915109120779 0.0008543498645596781 0
1090 0.0008901638206530471 0.0008787294840760408 0
1091 0.0008503464578845779 0.000889568432628182 0
1092 0.000809311308594254 0.000885308446658592 0
1093 0.0007726862664151624 0.0008666116585525081 0
1094 0.0007453070688174107 0.0008361051143482329 0
1095 0.0007307120178155619 0.0007979353956418363 0
1096 0.0007307120170415143 0.0007571625510977212 0
1097 0.0007453070665212933 0.0007189928319564531 0
1098 0.0007726862628093438 0.0006884862867659159 0
1099 0.0008093112979038415 0.0006697894990516861 0
1100 0.0008503464552655658 0.0006655295097019003 0
1101 0.0008901638174736227 0.0006763684569295774 0
1102 0.0009232915288224651 0.0007007480971189855 0
1103 0.0009453791599391688 0.0007352911454853572 0
1104 0.001151008832784377 0.0007184014652976842 0
1105 0.001128921182357844 0.0007529445336858602 0
1106 0.001095793490374407 0.000777324152962504 0
1107 0.001055976125893699 0.0007881631002218907 0
1108 0.001014940975835041 0.0007839031120339109 0
1109 0.0009783159339580203 0.0007652063213005568 0
1110 0.0009509367515014845 0.0007346997969171154 0
1111 0.0009363416945291444 0.0006965300814142317 0
1112 0.0009363416870847932 0.0006557572358182384 0
1113 0.0009509367307727003 0.0006175875139148585 0
1114 0.0009783159228138718 0.0005870809641499539 0
1115 0.001014940955728581 0.0005683841707959449 0
1116 0.001055976113165197 0.0005641241756159862 0
1117 0.001095793478329417 0.0005749631180859859 0
1118 0.001128921193752443 0.0005993427553611959 0
1119 0.001151008832784377 0.0006338858115752942 0
1120 0.001341643263950195 0.0008457793191943945 0
1121 0.001319555625498374 0.0008803223750829043 0
1122 0.001286427910898512 0.0009047020124225956 0
1123 0.001246610545566382 0.0009155409555554735 0
1124 0.001205575396851639 0.0009112809635055521 0
1125 0.001168950357416104 0.0008925841699462851 0
1126 0.001141571177973918 0.0008620776439895003 0
1127 0.001126976124071269 0.0008239079281700317 0
1128 0.00112697611935461 0.00078313508310644 0
1129 0.001141571165336498 0.0007449653624189338 0
1130 0.001168950356513728 0.0007144588164534045 0
1131 0.001205575389541018 0.0006957620243654835 0
1132 0.00124661054657435 0.0006915020302316367 0
1133 0.001286427910898512 0.0007023409732825449 0
1134 0.001319555625498375 0.0007267206106222372 0
1135 0.001341643263950195 0.0007612636665107462 0
1136 0.0005453040348504929 0.001341887040965467 0
1137 0.0005232119661254126 0.00137643258946818 0
1138 0.0004900780072199392 0.001400811716278589 0
1139 0.0004502542473278063 0.001411646239509264 0
1140 0.0004092160228239776 0.001407378284305189 0
1141 0.0003725918446159497 0.001388671855276627 0
1142 0.0003452180398784917 0.001358155987745757 0
1143 0.0003306325251029344 0.001319979276595307 0
1144 0.0003306452302005212 0.00127920236946806 0
1145 0.0003452557256797449 0.001241032800819605 0
1146 0.0003726510563838502 0.00121053309883171 0
1147 0.0004092899989108882 0.001191850329964073 0
1148 0.000450266853349856 0.001187605303783127 0
1149 0.000490078004040328 0.001198438801737326 0
1150 0.0005232119850439425 0.001222817950294324 0
1151 0.0005453040347249143 0.00125736347827806 0
1152 0.0007359384661835786 0.001469264894450056 0
1153 0.0007138464111737705 0.001503810428829252 0
1154 0.0006807124297667196 0.001528189574759334 0
1155 0.0006408886703511657 0.001539024094569033 0
1156 0.000599850443912037 0.001534756135795835 0
1157 0.0005632262709302552 0.001516049706119025 0
1158 0.0005358524686020757 0.001485533838503917 0
1159 0.0005212669555500328 0.001447357128252875 0
1160 0.0005212796614211984 0.001406580222446828 0
1161 0.0005358901566977652 0.00136841065513265 0
1162 0.0005632854863008862 0.001337910954046046 0
1163 0.0005999244271486926 0.001319228185183759 0
1164 0.0006409012799406572 0.001314983157844537 0
1165 0.0006807124297667199 0.001325816653625805 0
1166 0.0007138464111737713 0.001350195799555887 0
1167 0.0007359384661835788 0.001384741333935083 0
1168 0.0005303087934639902 0.001570670225900647 0
1169 0.0005082167397278511 0.001605215759703542 0
1170 0.0004750827600455688 0.001629594905873304 0
1171 0.0004352590023417007 0.001640429426976238 0
1172 0.0003942207766699069 0.001636161470421445 0
1173 0.0003575966033844339 0.001617455043370839 0
1174 0.0003302227859253453 0.001586939155937884 0
1175 0.0003156372788431373 0.001548762442486138 0
1176 0.0003156499913842964 0.001507985537724238 0
1177 0.0003302604924550948 0.001469815973172538 0
1178 0.0003576558263052142 0.001439316276664292 0
1179 0.000394294769336228 0.001420633513444018 0
1180 0.000435271621783628 0.001416388491908694 0
1181 0.0004750827689116547 0.001427221992467887 0
1182 0.0005082167462444929 0.001451601141313021 0
1183 0.0005303087933384116 0.001486146667845129 0
1184 0.0003396743622981524 0.001443292372003928 0
1185 0.0003175822955804227 0.001477837919380061 0
1186 0.0002844483395220763 0.001502217046414478 0
1187 0.0002446245826682827 0.001513051571644608 0
1188 0.0002035863556510989 0.001508783618951331 0
1189 0.0001669621799224797 0.001490077194724931 0
1190 0.0001395883594494107 0.001459561308864141 0
1191 0.0001250028492982589 0.001421384595728009 0
1192 0.0001250155591118898 0.001380607690436878 0
1193 0.0001396260578878054 0.001342438124669144 0
1194 0.000167021392603527 0.001311938424360369 0
1195 0.0002036603355215216 0.001293255659873644 0
1196 0.0002446371884155414 0.001289010637296514 0
1197 0.0002844483363424654 0.001299844137271523 0
1198 0.0003175823144984946 0.001324223286052042 0
1199 0.0003396743621725738 0.001358768812909685 0
1200 0.0003546712090922822 0.001214505230837129 0
1201 0.0003325835599396245 0.001249048298648552 0
1202 0.0002994558696805937 0.001273427918164915 0
1203 0.0002596385069121246 0.001284266866717056 0
1204 0.0002186033576218007 0.001280006880747466 0
1205 0.000181978315442709 0.001261310092641382 0
1206 0.0001545991178449573 0.001230803548437107 0
1207 0.0001400040668431085 0.001192633829730711 0
1208 0.0001400040660690608 0.001151860985186596 0
1209 0.0001545991155488398 0.001113691266045327 0
1210 0.0001819783118368904 0.00108318472085479 0
1211 0.0002186033469313881 0.00106448793314056 0
1212 0.0002596385042931123 0.001060227943790774 0
1213 0.0002994558665011694 0.001071066891018452 0
1214 0.0003325835778500118 0.00109544653120786 0
1215 0.0003546712089667154 0.001129989579574231 0
1216 0.0005603008818119231 0.001113099899386558 0
1217 0.0005382132313853905 0.001147642967774734 0
1218 0.0005050855394019535 0.001172022587051378 0
1219 0.0004652681749212456 0.001182861534310765 0
1220 0.0004242330248625873 0.001178601546122785 0
1221 0.0003876079829855665 0.001159904755389431 0
1222 0.0003602288005290307 0.001129398231005989 0
1223 0.0003456337435566907 0.001091228515503106 0
1224 0.0003456337361123396 0.001050455669907112 0
1225 0.0003602287798002468 0.001012285948003732 0
1226 0.0003876079718414186 0.0009817793982388277 0
1227 0.0004242330047561276 0.0009630826048848189 0
1228 0.0004652681621927443 0.0009588226097048603 0
1229 0.000505085527356964 0.0009696615521748602 0
1230 0.0005382132427799895 0.0009940411894500704 0
1231 0.0005603008818119233 0.001028584245664169 0
1232 0.0007509353129777413 0.001240477753283269 0
1233 0.0007288476745259207 0.001275020809171779 0
1234 0.0006957199599260584 0.00129940044651147 0
1235 0.0006559025945939279 0.001310239389644348 0
1236 0.0006148674458791854 0.001305979397594426 0
1237 0.0005782424064436496 0.001287282604035159 0
1238 0.000550863227001464 0.001256776078078374 0
1239 0.0005362681730988156 0.001218606362258906 0
1240 0.0005362681683821564 0.001177833517195314 0
1241 0.0005508632143640441 0.001139663796507808 0
1242 0.0005782424055412745 0.001109157250542279 0
1243 0.0006148674385685644 0.001090460458454358 0
1244 0.0006559025956018971 0.001086200464320511 0
1245 0.0006957199599260585 0.001097039407371419 0
1246 0.0007288476745259216 0.001121419044711112 0
1247 0.0007509353129777415 0.001155962100599621 0
1248 -0.0001636132739535415 0.001388351936234143 0
1249 -0.0001857053426786217 0.001422897484736856 0
1250 -0.0002188393015840952 0.001447276611547265 0
1251 -0.0002586630614762279 0.00145811113477794 0
1252 -0.0002997012859800567 0.001453843179573865 0
1253 -0.0003363254641880846 0.001435136750545303 0
1254 -0.0003636992689255425 0.001404620883014434 0
1255 -0.0003782847837010999 0.001366444171863983 0
1256 -0.0003782720786035131 0.001325667264736736 0
1257 -0.0003636615831242893 0.001287497696088281 0
1258 -0.0003362662524201839 0.001256997994100386 0
1259 -0.0002996273098931459 0.001238315225232749 0
1260 -0.000258650455454178 0.001234070199051803 0
1261 -0.0002188393047637062 0.001244903697006003 0
1262 -0.0001857053237600918 0.001269282845563001 0
1263 -0.00016361327407912 0.001303828373546736 0
1264 2.702115737954444e-05 0.001515729789718732 0
1265 4.929102369736257e-06 0.001550275324097929 0
1266 -2.820487903731459e-05 0.00157465447002801 0
1267 -6.802863845286842e-05 0.001585488989837709 0
1268 -0.0001090668648919971 0.001581221031064511 0
1269 -0.0001456910378737788 0.001562514601387701 0
1270 -0.0001730648402019584 0.001531998733772593 0
1271 -0.0001876503532540014 0.001493822023521552 0
1272 -0.0001876376473828358 0.001453045117715504 0
1273 -0.0001730271521062689 0.001414875550401326 0
1274 -0.0001456318225031479 0.001384375849314722 0
1275 -0.0001089928816553416 0.001365693080452435 0
1276 -6.801602886337693e-05 0.001361448053113213 0
1277 -2.820487903731432e-05 0.001372281548894481 0
1278 4.929102369737124e-06 0.001396660694824563 0
1279 2.702115737954459e-05 0.001431206229203759 0
1280 -0.000178608515340044 0.001617135121169323 0
1281 -0.0002007005690761831 0.001651680654972218 0
1282 -0.0002338345487584654 0.00167605980114198 0
1283 -0.0002736583064623335 0.001686894322244914 0
1284 -0.0003146965321341273 0.001682626365690121 0
1285 -0.0003513207054196003 0.001663919938639516 0
1286 -0.0003786945228786889 0.001633404051206561 0
1287 -0.0003932800299608969 0.001595227337754814 0
1288 -0.0003932673174197379 0.001554450432992914 0
1289 -0.0003786568163489393 0.001516280868441214 0
1290 -0.0003512614824988199 0.001485781171932968 0
1291 -0.0003146225394678061 0.001467098408712694 0
1292 -0.000273645687020406 0.001462853387177371 0
1293 -0.0002338345398923794 0.001473686887736563 0
1294 -0.0002007005625595412 0.001498066036581698 0
1295 -0.0001786085154656226 0.001532611563113805 0
1296 -0.000369242946505882 0.001489757267272605 0
1297 -0.0003913350132236116 0.001524302814648737 0
1298 -0.000424468969281958 0.001548681941683154 0
1299 -0.0004642927261357516 0.001559516466913284 0
1300 -0.0005053309531529355 0.001555248514220007 0
1301 -0.0005419551288815546 0.001536542089993607 0
1302 -0.0005693289493546236 0.001506026204132817 0
1303 -0.0005839144595057754 0.001467849490996685 0
1304 -0.0005839017496921446 0.001427072585705554 0
1305 -0.0005692912509162289 0.00138890301993782 0
1306 -0.0005418959162005072 0.001358403319629045 0
1307 -0.0005052569732825126 0.00133972055514232 0
1308 -0.0004642801203884927 0.001335475532565191 0
1309 -0.0004244689724615688 0.0013463090325402 0
1310 -0.0003913349943055396 0.001370688181320718 0
1311 -0.0003692429466314605 0.001405233708178361 0
1312 -0.0003542460997117522 0.001260970126105805 0
1313 -0.0003763337488644098 0.001295513193917228 0
1314 -0.0004094614391234408 0.001319892813433591 0
1315 -0.0004492788018919099 0.001330731761985732 0
1316 -0.0004903139511822337 0.001326471776016142 0
1317 -0.0005269389933613254 0.001307774987910058 0
1318 -0.0005543181909590772 0.001277268443705783 0
1319 -0.0005689132419609259 0.001239098724999387 0
1320 -0.0005689132427349736 0.001198325880455272 0
1321 -0.0005543181932551945 0.001160156161314003 0
1322 -0.0005269389969671439 0.001129649616123466 0
1323 -0.0004903139618726462 0.001110952828409236 0
1324 -0.0004492788045109219 0.00110669283905945 0
1325 -0.000409461442302865 0.001117531786287128 0
1326 -0.0003763337309540226 0.001141911426476536 0
1327 -0.000354246099837319 0.001176454474842907 0
1328 -0.0001486164269921112 0.001159564794655234 0
1329 -0.0001707040774186438 0.001194107863043411 0
1330 -0.0002038317694020808 0.001218487482320054 0
1331 -0.0002436491338827886 0.001229326429579441 0
1332 -0.000284684283941447 0.001225066441391461 0
1333 -0.0003213093258184678 0.001206369650658107 0
1334 -0.0003486885082750037 0.001175863126274666 0
1335 -0.0003632835652473437 0.001137693410771782 0
1336 -0.0003632835726916948 0.001096920565175789 0
1337 -0.0003486885290037878 0.001058750843272409 0
1338 -0.000321309336962616 0.001028244293507504 0
1339 -0.000284684304047907 0.001009547500153495 0
1340 -0.0002436491466112905 0.001005287504973536 0
1341 -0.0002038317814470706 0.001016126447443536 0
1342 -0.0001707040660240449 0.001040506084718746 0
1343 -0.0001486164269921111 0.001075049140932845 0
1344 4.201800417370697e-05 0.001286942648551945 0
1345 1.993036572188643e-05 0.001321485704440455 0
1346 -1.319734887797593e-05 0.001345865341780146 0
1347 -5.301471421010634e-05 0.001356704284913024 0
1348 -9.404986292484881e-05 0.001352444292863103 0
1349 -0.0001306749023603846 0.001333747499303836 0
1350 -0.0001580540818025703 0.001303240973347051 0
1351 -0.0001726491357052188 0.001265071257527582 0
1352 -0.0001726491404218779 0.00122429841246399 0
1353 -0.0001580540944399903 0.001186128691776484 0
1354 -0.0001306749032627598 0.001155622145810955 0
1355 -9.404987023546982e-05 0.001136925353723034 0
1356 -5.301471320213722e-05 0.001132665359589187 0
1357 -1.319734887797585e-05 0.001143504302640096 0
1358 1.993036572188727e-05 0.001167883939979788 0
1359 4.201800417370712e-05 0.001202426995868297 0
1360 -0.0008007861201946713 0.001074133061518982 0
1361 -0.0008228781889197516 0.001108678610021696 0
1362 -0.0008560121478252251 0.001133057736832105 0
1363 -0.000895835907717358 0.00114389226006278 0
1364 -0.0009368741322211869 0.001139624304858705 0
1365 -0.0009734983104292146 0.001120917875830142 0
1366 -0.001000872115166673 0.001090402008299273 0
1367 -0.00101545762994223 0.001052225297148822 0
1368 -0.001015444924844643 0.001011448390021575 0
1369 -0.001000834429365419 0.0009732788213731201 0
1370 -0.0009734390986613137 0.0009427791193852254 0
1371 -0.0009368001561342759 0.0009240963505175888 0
1372 -0.000895823301695308 0.0009198513243366426 0
1373 -0.000856012151004836 0.000930684822290842 0
1374 -0.0008228781700012217 0.00095506397084784 0
1375 -0.0008007861203202498 0.0009896094988315759 0
1376 -0.0006101516888615853 0.001201510915003571 0
1377 -0.0006322437438713934 0.001236056449382768 0
1378 -0.0006653777252784443 0.001260435595312849 0
1379 -0.0007052014846939982 0.001271270115122548 0
1380 -0.0007462397111331269 0.00126700215634935 0
1381 -0.0007828638841149085 0.001248295726672541 0
1382 -0.0008102376864430881 0.001217779859057432 0
1383 -0.0008248231994951311 0.001179603148806391 0
1384 -0.0008248104936239654 0.001138826243000343 0
1385 -0.0008101999983473985 0.001100656675686165 0
1386 -0.0007828046687442775 0.001070156974599562 0
1387 -0.0007461657278964712 0.001051474205737274 0
1388 -0.0007051888751045065 0.001047229178398053 0
1389 -0.0006653777252784438 0.00105806267417932 0
1390 -0.0006322437438713924 0.001082441820109402 0
1391 -0.000610151688861585 0.001116987354488598 0
1392 -0.000815781361581174 0.001302916246454162 0
1393 -0.0008378734153173131 0.001337461780257057 0
1394 -0.0008710073949995953 0.001361840926426819 0
1395 -0.0009108311527034634 0.001372675447529753 0
1396 -0.0009518693783752573 0.00136840749097496 0
1397 -0.0009884935516607303 0.001349701063924355 0
1398 -0.001015867369119819 0.0013191851764914 0
1399 -0.001030452876202027 0.001281008463039653 0
1400 -0.001030440163660868 0.001240231558277753 0
1401 -0.001015829662590069 0.001202061993726053 0
1402 -0.0009884343287399498 0.001171562297217807 0
1403 -0.0009517953857089359 0.001152879533997534 0
1404 -0.0009108185332615357 0.00114863451246221 0
1405 -0.0008710073861335093 0.001159468013021403 0
1406 -0.0008378734088006711 0.001183847161866537 0
1407 -0.0008157813617067525 0.001218392688398645 0
1408 -0.001006415792747012 0.001175538392557444 0
1409 -0.001028507859464741 0.001210083939933577 0
1410 -0.001061641815523088 0.001234463066967994 0
1411 -0.001101465572376881 0.001245297592198123 0
1412 -0.001142503799394065 0.001241029639504847 0
1413 -0.001179127975122685 0.001222323215278446 0
1414 -0.001206501795595754 0.001191807329417656 0
1415 -0.001221087305746905 0.001153630616281524 0
1416 -0.001221074595933274 0.001112853710990393 0
1417 -0.001206464097157359 0.00107468414522266 0
1418 -0.001179068762441637 0.001044184444913884 0
1419 -0.001142429819523643 0.00102550168042716 0
1420 -0.001101452966629623 0.00102125665785003 0
1421 -0.001061641818702699 0.001032090157825039 0
1422 -0.001028507840546669 0.001056469306605557 0
1423 -0.00100641579287259 0.0010910148334632 0
1424 -0.000991418945952882 0.000946751251390644 0
1425 -0.00101350659510554 0.0009812943192020677 0
1426 -0.001046634285364571 0.001005673938718431 0
1427 -0.00108645164813304 0.001016512887270572 0
1428 -0.001127486797423363 0.001012252901300982 0
1429 -0.001164111839602455 0.0009935561131948979 0
1430 -0.001191491037200207 0.0009630495689906225 0
1431 -0.001206086088202056 0.0009248798502842259 0
1432 -0.001206086088976103 0.000884107005740111 0
1433 -0.001191491039496324 0.0008459372865988429 0
1434 -0.001164111843208274 0.0008154307414083056 0
1435 -0.001127486808113776 0.0007967339536940758 0
1436 -0.001086451650752052 0.00079247396434429 0
1437 -0.001046634288543995 0.0008033129115719671 0
1438 -0.001013506577195153 0.0008276925517613753 0
1439 -0.0009914189460784489 0.0008622356001277468 0
1440 -0.000785789273233241 0.0008453459199400739 0
1441 -0.0008078769236597737 0.00087988898832825 0
1442 -0.0008410046156432107 0.0009042686076048938 0
1443 -0.0008808219801239185 0.0009151075548642805 0
1444 -0.0009218571301825768 0.0009108475666763005 0
1445 -0.0009584821720595977 0.0008921507759429464 0
1446 -0.0009858613545161334 0.0008616442515595048 0
1447 -0.001000456411488474 0.0008234745360566211 0
1448 -0.001000456418932825 0.0007827016904606278 0
1449 -0.0009858613752449176 0.0007445319685572481 0
1450 -0.0009584821832037458 0.0007140254187923434 0
1451 -0.0009218571502890366 0.0006953286254383344 0
1452 -0.0008808219928524201 0.0006910686302583758 0
1453 -0.0008410046276882003 0.0007019075727283757 0
1454 -0.0008078769122651748 0.0007262872100035857 0
1455 -0.0007857892732332409 0.0007608302662176843 0
1456 -0.0005951548420674227 0.0009727237738367844 0
1457 -0.0006172424805192433 0.001007266829725294 0
1458 -0.0006503701951191057 0.001031646467064986 0
1459 -0.0006901875604512362 0.001042485410197863 0
1460 -0.0007312227091659787 0.001038225418147942 0
1461 -0.0007678477486015144 0.001019528624588675 0
1462 -0.0007952269280437001 0.0009890220986318898 0
1463 -0.0008098219819463485 0.0009508523828124213 0
1464 -0.0008098219866630074 0.0009100795377488292 0
1465 -0.0007952269406811197 0.0008719098170613231 0
1466 -0.0007678477495038892 0.000841403271095794 0
1467 -0.0007312227164765992 0.0008227064790078732 0
1468 -0.0006901875594432668 0.0008184464848740267 0
1469 -0.0006503701951191053 0.000829285427924935 0
1470 -0.0006172424805192423 0.0008536650652646272 0
1471 -0.0005951548420674226 0.0008882081211531364 0
1472 -0.001195484554283545 0.000483425110546529 0
1473 -0.001217576623008625 0.0005179706590492423 0
1474 -0.001250710581914099 0.0005423497858596515 0
1475 -0.001290534341806232 0.0005531843090903261 0
1476 -0.00133157256631006 0.0005489163538862513 0
1477 -0.001368196744518088 0.0005302099248576893 0
1478 -0.001395570549255546 0.0004996940573268197 0
1479 -0.001410156064031104 0.0004615173461763692 0
1480 -0.001410143358933517 0.0004207404390491217 0
1481 -0.001395532863454293 0.000382570870400667 0
1482 -0.001368137532750188 0.0003520711684127721 0
1483 -0.00133149859022315 0.0003333883995451355 0
1484 -0.001290521735784182 0.0003291433733641892 0
1485 -0.00125071058509371 0.0003399768713183886 0
1486 -0.001217576604090096 0.0003643560198753867 0
1487 -0.001195484554409124 0.0003989015478591226 0
1488 -0.001004850122950459 0.0006108029640311177 0
1489 -0.001026942177960267 0.0006453484984103147 0
1490 -0.001060076159367318 0.000669727644340396 0
1491 -0.001099899918782872 0.0006805621641500951 0
1492 -0.001140938145222 0.0006762942053768969 0
1493 -0.001177562318203782 0.0006575877757000876 0
1494 -0.001204936120531962 0.0006270719080849788 0
1495 -0.001219521633584005 0.0005888951978339375 0
1496 -0.001219508927712839 0.00054811829202789 0
1497 -0.001204898432436273 0.0005099487247137123 0
1498 -0.001177503102833152 0.0004794490236271086 0
1499 -0.001140864161985346 0.0004607662547648213 0
1500 -0.001099887309193381 0.0004565212274255994 0
1501 -0.001060076159367318 0.0004673547232068665 0
1502 -0.001026942177960267 0.0004917338691369486 0
1503 -0.001004850122950459 0.0005262794035161449 0
1504 -0.001210479795670048 0.0007122082954817092 0
1505 -0.001232571849406187 0.0007467538292846039 0
1506 -0.001265705829088469 0.0007711329754543656 0
1507 -0.001305529586792337 0.0007819674965572999 0
1508 -0.001346567812464131 0.0007776995400025073 0
1509 -0.001383191985749604 0.0007589931129519016 0
1510 -0.001410565803208693 0.0007284772255189467 0
1511 -0.001425151310290901 0.0006903005120672001 0
1512 -0.001425138597749742 0.0006495236073052996 0
1513 -0.001410528096678943 0.0006113540427535999 0
1514 -0.001383132762828824 0.0005808543462453539 0
1515 -0.00134649381979781 0.0005621715830250805 0
1516 -0.00130551696735041 0.0005579265614897565 0
1517 -0.001265705820222384 0.0005687600620489493 0
1518 -0.001232571842889545 0.0005931392108940836 0
1519 -0.001210479795795626 0.0006276847374261913 0
1520 -0.001401114226835886 0.0005848304415849906 0
1521 -0.001423206293553615 0.0006193759889611235 0
1522 -0.001456340249611962 0.0006437551159955402 0
1523 -0.001496164006465755 0.0006545896412256701 0
1524 -0.001537202233482939 0.0006503216885323934 0
1525 -0.001573826409211558 0.000631615264305993 0
1526 -0.001601200229684627 0.0006010993784452032 0
1527 -0.001615785739835779 0.0005629226653090708 0
1528 -0.001615773030022148 0.0005221457600179398 0
1529 -0.001601162531246232 0.0004839761942502066 0
1530 -0.001573767196530511 0.0004534764939414308 0
1531 -0.001537128253612517 0.0004347937294547062 0
1532 -0.001496151400718497 0.0004305487068775767 0
1533 -0.001456340252791573 0.0004413822068525858 0
1534 -0.001423206274635543 0.000465761355633104 0
1535 -0.001401114226961464 0.000500306882490747 0
1536 -0.001386117380041756 0.0003560433004181908 0
1537 -0.001408205029194414 0.0003905863682296147 0
1538 -0.001441332719453445 0.0004149659877459774 0
1539 -0.001481150082221913 0.0004258049362981184 0
1540 -0.001522185231512237 0.0004215449503285284 0
1541 -0.001558810273691329 0.0004028481622224446 0
1542 -0.001586189471289081 0.0003723416180181692 0
1543 -0.00160078452229093 0.0003341718993117726 0
1544 -0.001600784523064977 0.0002933990547676578 0
1545 -0.001586189473585198 0.0002552293356263897 0
1546 -0.001558810277297148 0.0002247227904358524 0
1547 -0.00152218524220265 0.0002060260027216226 0
1548 -0.001481150084840926 0.0002017660133718367 0
1549 -0.001441332722632869 0.0002126049605995139 0
1550 -0.001408205011284026 0.0002369846007889221 0
1551 -0.001386117380167323 0.0002715276491552936 0
1552 -0.001180487707322115 0.0002546379689676206 0
1553 -0.001202575357748648 0.0002891810373557966 0
1554 -0.001235703049732085 0.0003135606566324404 0
1555 -0.001275520414212792 0.0003243996038918271 0
1556 -0.001316555564271451 0.0003201396157038473 0
1557 -0.001353180606148472 0.0003014428249704931 0
1558 -0.001380559788605007 0.0002709363005870517 0
1559 -0.001395154845577348 0.000232766585084168 0
1560 -0.001395154853021699 0.0001919937394881747 0
1561 -0.001380559809333792 0.0001538240175847949 0
1562 -0.00135318061729262 0.0001233174678198901 0
1563 -0.001316555584377911 0.0001046206744658812 0
1564 -0.001275520426941294 0.0001003606792859225 0
1565 -0.001235703061777074 0.0001111996217559224 0
1566 -0.001202575346354049 0.0001355792590311324 0
1567 -0.001180487707322115 0.0001701223152452309 0
1568 -0.0009898532761562966 0.000382015822864331 0
1569 -0.001011940914608117 0.0004165588787528408 0
1570 -0.001045068629207979 0.0004409385160925322 0
1571 -0.00108488599454011 0.00045177745922541 0
1572 -0.001125921143254852 0.0004475174671754885 0
1573 -0.001162546182690388 0.0004288206736162215 0
1574 -0.001189925362132574 0.0003983141476594367 0
1575 -0.001204520416035222 0.000360144431839968 0
1576 -0.001204520420751881 0.0003193715867763762 0
1577 -0.001189925374769994 0.0002812018660888701 0
1578 -0.001162546183592763 0.0002506953201233409 0
1579 -0.001125921150565473 0.00023199852803542 0
1580 -0.001084885993532141 0.0002277385339015733 0
1581 -0.001045068629207979 0.0002385774769524816 0
1582 -0.001011940914608116 0.0002629571142921739 0
1583 -0.0009898532761562964 0.000297500170180683 0
1584 -0.001241949449552221 -0.0002254921982575052 0
1585 -0.001264041518277302 -0.0001909466497547917 0
1586 -0.001297175477182775 -0.0001665675229443827 0
1587 -0.001336999237074908 -0.0001557329997137081 0
1588 -0.001378037461578737 -0.0001600009549177828 0
1589 -0.001414661639786765 -0.0001787073839463449 0
1590 -0.001442035444524222 -0.0002092232514772144 0
1591 -0.00145662095929978 -0.0002473999626276649 0
1592 -0.001456608254202193 -0.0002881768697549123 0
1593 -0.001441997758722969 -0.0003263464384033671 0
1594 -0.001414602428018864 -0.0003568461403912621 0
1595 -0.001377963485491826 -0.0003755289092588986 0
1596 -0.001336986631052858 -0.0003797739354398449 0
1597 -0.001297175480362386 -0.0003689404374856456 0
1598 -0.001264041499358772 -0.0003445612889286475 0
1599 -0.0012419494496778 -0.0003100157609449115 0
1600 -0.001051315018219135 -9.811434477291646e-05 0
1601 -0.001073407073228943 -6.356881039371933e-05 0
1602 -0.001106541054635994 -3.91896644636381e-05 0
1603 -0.001146364814051548 -2.835514465393904e-05 0
1604 -0.001187403040490677 -3.262310342713725e-05 0
1605 -0.001224027213472459 -5.132953310394664e-05 0
1606 -0.001251401015800638 -8.184540071905536e-05 0
1607 -0.001265986528852681 -0.0001200221109700967 0
1608 -0.001265973822981515 -0.0001607990167761443 0
1609 -0.001251363327704949 -0.0001989685840903221 0
1610 -0.001223967998101828 -0.0002294682851769257 0
1611 -0.001187329057254022 -0.0002481510540392129 0
1612 -0.001146352204462057 -0.0002523960813784347 0
1613 -0.001106541054635994 -0.0002415625855971675 0
1614 -0.001073407073228943 -0.0002171834396670854 0
1615 -0.001051315018219135 -0.0001826379052878888 0
1616 -0.001256944690938724 3.290986677675033e-06 0
1617 -0.001279036744674863 3.783652048056983e-05 0
1618 -0.001312170724357145 6.221566665033155e-05 0
1619 -0.001351994482061013 7.305018775326575e-05 0
1620 -0.001393032707732807 6.878223119847321e-05 0
1621 -0.00142965688101828 5.007580414786763e-05 0
1622 -0.001457030698477369 1.955991671491257e-05 0
1623 -0.001471616205559577 -1.861679673683394e-05 0
1624 -0.001471603493018418 -5.93937014987344e-05 0
1625 -0.001456992991947619 -9.756326605043426e-05 0
1626 -0.0014295976580975 -0.0001280629625586803 0
1627 -0.001392958715066486 -0.0001467457257789536 0
1628 -0.001351981862619086 -0.0001509907473142776 0
1629 -0.00131217071549106 -0.0001401572467550848 0
1630 -0.001279036738158221 -0.0001157780979099504 0
1631 -0.001256944691064302 -8.123257137784281e-05 0
1632 -0.001447579122104562 -0.0001240868672190435 0
1633 -0.001469671188822291 -8.954131984291066e-05 0
1634 -0.001502805144880638 -6.516219280849386e-05 0
1635 -0.001542628901734431 -5.432766757836403e-05 0
1636 -0.001583667128751615 -5.859562027164079e-05 0
1637 -0.001620291304480234 -7.730204449804122e-05 0
1638 -0.001647665124953303 -0.000107817930358831 0
1639 -0.001662250635104455 -0.0001459946434949633 0
1640 -0.001662237925290824 -0.0001867715487860943 0
1641 -0.001647627426514908 -0.0002249411145538276 0
1642 -0.001620232091799187 -0.0002554408148626034 0
1643 -0.001583593148881192 -0.000274123579349328 0
1644 -0.001542616295987173 -0.0002783686019264575 0
1645 -0.001502805148060249 -0.0002675351019514484 0
1646 -0.001469671169904219 -0.00024315595317093 0
1647 -0.00144757912223014 -0.000208610426313287 0
1648 -0.001432582275310432 -0.0003528740083858434 0
1649 -0.00145466992446309 -0.0003183309405744196 0
1650 -0.001487797614722121 -0.0002939513210580568 0
1651 -0.00152761497749059 -0.0002831123725059158 0
1652 -0.001568650126780913 -0.0002873723584755058 0
1653 -0.001605275168960005 -0.0003060691465815897 0
1654 -0.001632654366557757 -0.000336575690785865 0
1655 -0.001647249417559606 -0.0003747454094922616 0
1656 -0.001647249418333653 -0.0004155182540363764 0
1657 -0.001632654368853874 -0.0004536879731776445 0
1658 -0.001605275172565824 -0.0004841945183681819 0
1659 -0.001568650137471326 -0.0005028913060824117 0
1660 -0.001527614980109602 -0.0005071512954321975 0
1661 -0.001487797617901545 -0.0004963123482045203 0
1662 -0.001454669906552702 -0.0004719327080151121 0
1663 -0.001432582275435999 -0.0004373896596487405 0
1664 -0.001226952602590791 -0.0004542793398364135 0
1665 -0.001249040253017324 -0.0004197362714482376 0
1666 -0.001282167945000761 -0.0003953566521715937 0
1667 -0.001321985309481468 -0.000384517704912207 0
1668 -0.001363020459540127 -0.0003887776931001869 0
1669 -0.001399645501417148 -0.0004074744838335409 0
1670 -0.001427024683873683 -0.0004379810082169824 0
1671 -0.001441619740846024 -0.0004761507237198661 0
1672 -0.001441619748290375 -0.0005169235693158593 0
1673 -0.001427024704602468 -0.0005550932912192391 0
1674 -0.001399645512561296 -0.0005855998409841439 0
1675 -0.001363020479646587 -0.0006042966343381529 0
1676 -0.00132198532220997 -0.0006085566295181116 0
1677 -0.00128216795704575 -0.0005977176870481119 0
1678 -0.001249040241622725 -0.0005733380497729019 0
1679 -0.001226952602590791 -0.0005387949935588036 0
1680 -0.001036318171424973 -0.0003269014859397031 0
1681 -0.001058405809876793 -0.0002923584300511934 0
1682 -0.001091533524476656 -0.000267978792711502 0
1683 -0.001131350889808786 -0.0002571398495786241 0
1684 -0.001172386038523528 -0.0002613998416285456 0
1685 -0.001209011077959064 -0.0002800966351878126 0
1686 -0.00123639025740125 -0.0003106031611445975 0
1687 -0.001250985311303898 -0.0003487728769640661 0
1688 -0.001250985316020558 -0.0003895457220276579 0
1689 -0.00123639027003867 -0.000427715442715164 0
1690 -0.00120901107886144 -0.0004582219886806933 0
1691 -0.00117238604583415 -0.0004769187807686142 0
1692 -0.001131350888800817 -0.0004811787749024608 0
1693 -0.001091533524476655 -0.0004703398318515525 0
1694 -0.001058405809876792 -0.0004459601945118603 0
1695 -0.001036318171424973 -0.0004114171386233511 0
1696 -0.0009277305748370615 -0.000862665044498634 0
1697 -0.0009498226435621417 -0.0008281194959959206 0
1698 -0.0009829566024676152 -0.0008037403691855115 0
1699 -0.001022780362359748 -0.0007929058459548369 0
1700 -0.001063818586863577 -0.0007971738011589117 0
1701 -0.001100442765071604 -0.0008158802301874736 0
1702 -0.001127816569809063 -0.0008463960977183432 0
1703 -0.00114240208458462 -0.0008845728088687938 0
1704 -0.001142389379487033 -0.0009253497159960412 0
1705 -0.001127778884007809 -0.000963519284644496 0
1706 -0.001100383553303704 -0.000994018986632391 0
1707 -0.001063744610776666 -0.001012701755500028 0
1708 -0.001022767756337698 -0.001016946781680974 0
1709 -0.0009829566056472263 -0.001006113283726774 0
1710 -0.0009498226246436118 -0.0009817341351697761 0
1711 -0.00092773057496264 -0.0009471886071860403 0
1712 -0.0007370961435039758 -0.0007352871910140455 0
1713 -0.0007591881985137839 -0.0007007416566348483 0
1714 -0.0007923221799208348 -0.0006763625107047671 0
1715 -0.0008321459393363886 -0.000665527990895068 0
1716 -0.0008731841657755173 -0.0006697959496682663 0
1717 -0.000909808338757299 -0.0006885023793450757 0
1718 -0.0009371821410854786 -0.0007190182469601844 0
1719 -0.0009517676541375216 -0.0007571949572112259 0
1720 -0.0009517549482663558 -0.0007979718630172734 0
1721 -0.0009371444529897889 -0.0008361414303314511 0
1722 -0.000909749123386668 -0.0008666411314180547 0
1723 -0.0008731101825388617 -0.000885323900280342 0
1724 -0.0008321333297468971 -0.0008895689276195637 0
1725 -0.0007923221799208345 -0.0008787354318382964 0
1726 -0.000759188198513783 -0.0008543562859082143 0
1727 -0.0007370961435039755 -0.0008198107515290179 0
1728 -0.000942725816223564 -0.000633881859563454 0
1729 -0.0009648178699597031 -0.0005993363257605593 0
1730 -0.0009979518496419854 -0.0005749571795907976 0
1731 -0.001037775607345853 -0.0005641226584878633 0
1732 -0.001078813833017647 -0.0005683906150426559 0
1733 -0.00111543800630312 -0.0005870970420932616 0
1734 -0.001142811823762209 -0.0006176129295262167 0
1735 -0.001157397330844417 -0.0006557896429779632 0
1736 -0.001157384618303258 -0.0006965665477398637 0
1737 -0.001142774117232459 -0.0007347361122915634 0
1738 -0.00111537878338234 -0.0007652358087998094 0
1739 -0.001078739840351326 -0.0007839185720200828 0
1740 -0.001037762987903926 -0.0007881635935554067 0
1741 -0.0009979518407758994 -0.0007773300929962138 0
1742 -0.0009648178634430612 -0.0007529509441510794 0
1743 -0.0009427258163491425 -0.0007184054176189719 0
1744 -0.001133360247389402 -0.0007612597134601725 0
1745 -0.001155452314107132 -0.0007267141660840396 0
1746 -0.001188586270165478 -0.0007023350390496229 0
1747 -0.001228410027019271 -0.000691500513819493 0
1748 -0.001269448254036455 -0.0006957684665127697 0
1749 -0.001306072429765074 -0.0007144748907391701 0
1750 -0.001333446250238143 -0.00074499077659996 0
1751 -0.001348031760389295 -0.0007831674897360923 0
1752 -0.001348019050575664 -0.0008239443950272235 0
1753 -0.001333408551799749 -0.0008621139607949566 0
1754 -0.001306013217084027 -0.0008926136611037324 0
1755 -0.001269374274166033 -0.000911296425590457 0
1756 -0.001228397421272013 -0.0009155414481675865 0
1757 -0.001188586273345089 -0.0009047079481925773 0
1758 -0.00115545229518906 -0.000880328799412059 0
1759 -0.00113336024751498 -0.000845783272554416 0
1760 -0.001118363400595272 -0.0009900468546269721 0
1761 -0.00114045104974793 -0.0009555037868155484 0
1762 -0.001173578740006961 -0.0009311241672991855 0
1763 -0.00121339610277543 -0.0009202852187470445 0
1764 -0.001254431252065754 -0.0009245452047166345 0
1765 -0.001291056294244845 -0.0009432419928227184 0
1766 -0.001318435491842597 -0.0009737485370269937 0
1767 -0.001333030542844446 -0.00101191825573339 0
1768 -0.001333030543618494 -0.001052691100277505 0
1769 -0.001318435494138715 -0.001090860819418773 0
1770 -0.001291056297850664 -0.00112136736460931 0
1771 -0.001254431262756167 -0.00114006415232354 0
1772 -0.001213396105394442 -0.001144324141673326 0
1773 -0.001173578743186385 -0.001133485194445649 0
1774 -0.001140451031837543 -0.001109105554256241 0
1775 -0.001118363400720839 -0.00107456250588987 0
1776 -0.0009127337278756311 -0.001091452186077542 0
1777 -0.0009348213783021638 -0.001056909117689366 0
1778 -0.0009679490702856006 -0.001032529498412722 0
1779 -0.001007766434766308 -0.001021690551153336 0
1780 -0.001048801584824967 -0.001025950539341316 0
1781 -0.001085426626701988 -0.00104464733007467 0
1782 -0.001112805809158524 -0.001075153854458111 0
1783 -0.001127400866130864 -0.001113323569960995 0
1784 -0.001127400873575215 -0.001154096415556988 0
1785 -0.001112805829887308 -0.001192266137460368 0
1786 -0.001085426637846136 -0.001222772687225273 0
1787 -0.001048801604931427 -0.001241469480579282 0
1788 -0.00100776644749481 -0.00124572947575924 0
1789 -0.0009679490823305904 -0.001234890533289241 0
1790 -0.0009348213669075648 -0.00121051089601403 0
1791 -0.000912733727875631 -0.001175967839799932 0
1792 -0.0007220992967098131 -0.0009640743321808322 0
1793 -0.0007441869351616337 -0.0009295312762923224 0
1794 -0.000777314649761496 -0.000905151638952631 0
1795 -0.0008171320150936264 -0.0008943126958197532 0
1796 -0.0008581671638083688 -0.0008985726878696747 0
1797 -0.0008947922032439045 -0.0009172694814289417 0
1798 -0.0009221713826860903 -0.0009477760073857265 0
1799 -0.0009367664365887388 -0.0009859457232051952 0
1800 -0.0009367664413053979 -0.001026718568268787 0
1801 -0.0009221713953235103 -0.001064888288956293 0
1802 -0.0008947922041462799 -0.001095394834921822 0
1803 -0.0008581671711189899 -0.001114091627009743 0
1804 -0.0008171320140856573 -0.00111835162114359 0
1805 -0.0007773146497614959 -0.001107512678092682 0
1806 -0.0007441869351616328 -0.00108313304075299 0
1807 -0.0007220992967098129 -0.00104858998486448 0
1808 -0.000337022623864608 -0.001257363478587509 0
1809 -0.0003591146925896882 -0.001222817930084795 0
1810 -0.0003922486514951617 -0.001198438803274386 0
1811 -0.0004320724113872945 -0.001187604280043712 0
1812 -0.0004731106358911232 -0.001191872235247786 0
1813 -0.0005097348140991511 -0.001210578664276348 0
1814 -0.000537108618836609 -0.001241094531807218 0
1815 -0.0005516941336121664 -0.001279271242957668 0
1816 -0.0005516814285145797 -0.001320048150084916 0
1817 -0.000537070933035356 -0.00135821771873337 0
1818 -0.0005096756023312506 -0.001388717420721265 0
1819 -0.0004730366598042126 -0.001407400189588902 0
1820 -0.0004320598053652448 -0.001411645215769848 0
1821 -0.0003922486546747728 -0.001400811717815649 0
1822 -0.0003591146736711584 -0.001376432569258651 0
1823 -0.0003370226239901865 -0.001341887041274915 0
1824 -0.0001463881925315221 -0.00112998562510292 0
1825 -0.0001684802475413303 -0.001095440090723723 0
1826 -0.0002016142289483812 -0.001071060944793642 0
1827 -0.000241437988363935 -0.001060226424983943 0
1828 -0.0002824762148030637 -0.001064494383757141 0
1829 -0.0003191003877848454 -0.00108320081343395 0
1830 -0.000346474190113025 -0.001113716681049059 0
1831 -0.000361059703165068 -0.0011518933913001 0
1832 -0.0003610469972939024 -0.001192670297106148 0
1833 -0.0003464365020173355 -0.001230839864420326 0
1834 -0.0003190411724142145 -0.001261339565506929 0
1835 -0.0002824022315664082 -0.001280022334369217 0
1836 -0.0002414253787744435 -0.001284267361708438 0
1837 -0.0002016142289483809 -0.001273433865927171 0
1838 -0.0001684802475413295 -0.001249054719997089 0
1839 -0.000146388192531522 -0.001214509185617892 0
1840 -0.0003520178652511107 -0.001028580293652329 0
1841 -0.0003741099189872498 -0.0009940347598494338 0
1842 -0.000407243898669532 -0.0009696556136796721 0
1843 -0.0004470676563734001 -0.0009588210925767378 0
1844 -0.0004881058820451939 -0.0009630890491315304 0
1845 -0.0005247300553306669 -0.000981795476182136 0
1846 -0.0005521038727897555 -0.001012311363615091 0
1847 -0.0005666893798719635 -0.001050488077066838 0
1848 -0.0005666766673308044 -0.001091264981828738 0
1849 -0.0005520661662600059 -0.001129434546380438 0
1850 -0.0005246708324098865 -0.001159934242888684 0
1851 -0.0004880318893788727 -0.001178617006108957 0
1852 -0.0004470550369314727 -0.001182862027644281 0
1853 -0.0004072438898034461 -0.001172028527085088 0
1854 -0.0003741099124706079 -0.001147649378239954 0
1855 -0.0003520178653766892 -0.001113103851707846 0
1856 -0.0005426522964169483 -0.001155958147549047 0
1857 -0.000564744363134678 -0.001121412600172914 0
1858 -0.0005978783191930244 -0.001097033473138497 0
1859 -0.000637702076046818 -0.001086198947908367 0
1860 -0.000678740303064002 -0.001090466900601644 0
1861 -0.0007153644787926211 -0.001109173324828045 0
1862 -0.0007427382992656901 -0.001139689210688835 0
1863 -0.0007573238094168418 -0.001177865923824967 0
1864 -0.000757311099603211 -0.001218642829116098 0
1865 -0.0007427006008272953 -0.001256812394883831 0
1866 -0.0007153052661115738 -0.001287312095192607 0
1867 -0.0006786663231935792 -0.001305994859679331 0
1868 -0.0006376894702995592 -0.001310239882256461 0
1869 -0.0005978783223726354 -0.001299406382281452 0
1870 -0.0005647443442166061 -0.001275027233500934 0
1871 -0.0005426522965425269 -0.00124048170664329 0
1872 -0.0005276554496228187 -0.001384745288715847 0
1873 -0.0005497430987754764 -0.001350202220904423 0
1874 -0.0005828707890345073 -0.00132582260138806 0
1875 -0.0006226881518029764 -0.001314983652835919 0
1876 -0.0006637233010933003 -0.001319243638805509 0
1877 -0.0007003483432723919 -0.001337940426911593 0
1878 -0.0007277275408701437 -0.001368446971115868 0
1879 -0.0007423225918719924 -0.001406616689822265 0
1880 -0.00074232259264604 -0.00144738953436638 0
1881 -0.0007277275431662609 -0.001485559253507648 0
1882 -0.0007003483468782105 -0.001516065798698185 0
1883 -0.0006637233117837127 -0.001534762586412415 0
1884 -0.0006226881544219884 -0.001539022575762201 0
1885 -0.0005828707922139314 -0.001528183628534524 0
1886 -0.0005497430808650891 -0.001503803988345116 0
1887 -0.0005276554497483855 -0.001469260939978744 0
1888 -0.0003220257769031776 -0.001486150620166417 0
1889 -0.0003441134273297102 -0.001451607551778241 0
1890 -0.0003772411193131471 -0.001427227932501597 0
1891 -0.000417058483793855 -0.00141638898524221 0
1892 -0.0004580936338525134 -0.00142064897343019 0
1893 -0.0004947186757295342 -0.001439345764163544 0
1894 -0.00052209785818607 -0.001469852288546986 0
1895 -0.0005366929151584101 -0.00150802200404987 0
1896 -0.0005366929226027612 -0.001548794849645863 0
1897 -0.000522097878914854 -0.001586964571549243 0
1898 -0.0004947186868736823 -0.001617471121314147 0
1899 -0.0004580936539589732 -0.001636167914668157 0
1900 -0.0004170584965223566 -0.001640427909848115 0
1901 -0.0003772411313581367 -0.001629588967378115 0
1902 -0.0003441134159351112 -0.001605209330102905 0
1903 -0.0003220257769031775 -0.001570666273888807 0
1904 -0.0001313913457373595 -0.001358772766269707 0
1905 -0.0001534789841891801 -0.001324229710381197 0
1906 -0.0001866066987890424 -0.001299850073041506 0
1907 -0.0002264240641211729 -0.001289011129908628 0
1908 -0.0002674592128359154 -0.001293271121958549 0
1909 -0.0003040842522714511 -0.001311967915517816 0
1910 -0.0003314634317136368 -0.001342474441474601 0
1911 -0.0003460584856162852 -0.00138064415729407 0
1912 -0.0003460584903329444 -0.001421417002357661 0
1913 -0.0003314634443510568 -0.001459586723045167 0
1914 -0.0003040842531738263 -0.001490093269010697 0
1915 -0.0002674592201465363 -0.001508790061098618 0
1916 -0.0002264240631132037 -0.001513050055232464 0
1917 -0.0001866066987890424 -0.001502211112181556 0
1918 -0.0001534789841891793 -0.001477831474841864 0
1919 -0.0001313913457373594 -0.001443288418953355 0
1920 0.0003718946849394267 -0.001303828373856185 0
1921 0.0003498026162143464 -0.001269282825353471 0
1922 0.000316668657308873 -0.001244903698543062 0
1923 0.0002768448974167402 -0.001234069175312388 0
1924 0.0002358066729129114 -0.001238337130516463 0
1925 0.0001991824947048836 -0.001257043559545025 0
1926 0.0001718086899674257 -0.001287559427075894 0
1927 0.0001572231751918683 -0.001325736138226345 0
1928 0.0001572358802894551 -0.001366513045353592 0
1929 0.0001718463757686789 -0.001404682614002047 0
1930 0.0001992417064727843 -0.001435182315989942 0
1931 0.0002358806489998223 -0.001453865084857578 0
1932 0.0002768575034387902 -0.001458110111038525 0
1933 0.000316668654129262 -0.001447276613084325 0
1934 0.0003498026351328764 -0.001422897464527327 0
1935 0.0003718946848138482 -0.001388351936543591 0
1936 0.0005625291162725126 -0.001176450520371596 0
1937 0.0005404370612627045 -0.001141904985992399 0
1938 0.0005073030798556536 -0.001117525840062318 0
1939 0.0004674793204400997 -0.001106691320252619 0
1940 0.0004264410940009711 -0.001110959279025817 0
1941 0.0003898169210191894 -0.001129665708702626 0
1942 0.0003624431186910098 -0.001160181576317735 0
1943 0.0003478576056389668 -0.001198358286568777 0
1944 0.0003478703115101325 -0.001239135192374824 0
1945 0.0003624808067866992 -0.001277304759689002 0
1946 0.0003898761363898202 -0.001307804460775605 0
1947 0.0004265150772376264 -0.001326487229637893 0
1948 0.0004674919300295912 -0.001330732256977115 0
1949 0.0005073030798556537 -0.001319898761195847 0
1950 0.0005404370612627054 -0.001295519615265765 0
1951 0.0005625291162725129 -0.001260974080886569 0
1952 0.0003568994435529241 -0.001075045188921005 0
1953 0.000334807389816785 -0.00104049965511811 0
1954 0.0003016734101345027 -0.001016120508948348 0
1955 0.0002618496524306346 -0.001005285987845414 0
1956 0.0002208114267588408 -0.001009553944400207 0
1957 0.0001841872534733678 -0.001028260371450812 0
1958 0.0001568134360142793 -0.001058776258883767 0
1959 0.0001422279289320712 -0.001096952972335514 0
1960 0.0001422406414732302 -0.001137729877097414 0
1961 0.0001568511425440287 -0.001175899441649114 0
1962 0.0001842464763941481 -0.00120639913815736 0
1963 0.0002208854194251618 -0.001225081901377633 0
1964 0.0002618622718725618 -0.001229326922912957 0
1965 0.0003016734190005884 -0.001218493422353765 0
1966 0.0003348073963334267 -0.00119411427350863 0
1967 0.0003568994434273456 -0.001159568746976523 0
1968 0.0001662650123870864 -0.001202423042817723 0
1969 0.0001441729456693567 -0.00116787749544159 0
1970 0.0001110389896110103 -0.001143498368407174 0
1971 7.121523275721671e-05 -0.001132663843177044 0
1972 3.017700574003285e-05 -0.00113693179587032 0
1973 -6.447169988586332e-06 -0.001155638220096721 0
1974 -3.382099046165529e-05 -0.001186154105957511 0
1975 -4.840650061280709e-05 -0.001224330819093643 0
1976 -4.839379079917625e-05 -0.001265107724384774 0
1977 -3.378329202326051e-05 -0.001303277290152507 0
1978 -6.387957307538882e-06 -0.001333776990461283 0
1979 3.025098561045576e-05 -0.001352459754948008 0
1980 7.122783850447552e-05 -0.001356704777525137 0
1981 0.0001110389864313994 -0.001345871277550128 0
1982 0.0001441729645874288 -0.00132149212876961 0
1983 0.0001662650122615078 -0.001286946601911967 0
1984 0.0001812618591812161 -0.001431210183984523 0
1985 0.0001591742100285584 -0.001396667116173099 0
1986 0.0001260465197695275 -0.001372287496656736 0
1987 8.622915700105836e-05 -0.001361448548104595 0
1988 4.519400771073453e-05 -0.001365708534074185 0
1989 8.568965531642841e-06 -0.001384405322180269 0
1990 -1.88102320661089e-05 -0.001414911866384545 0
1991 -3.340528306795763e-05 -0.001453081585090941 0
1992 -3.340528384200528e-05 -0.001493854429635056 0
1993 -1.881023436222634e-05 -0.001532024148776324 0
1994 8.568961925824127e-06 -0.001562530693966861 0
1995 4.519399702032179e-05 -0.001581227481681091 0
1996 8.622915438204624e-05 -0.001585487471030877 0
1997 0.0001260465165901031 -0.0015746485238032 0
1998 0.0001591742279389455 -0.001550268883613792 0
1999 0.0001812618590556493 -0.00151572583524742 0
2000 0.0003868915319008572 -0.001532615515435093 0
2001 0.0003648038814743247 -0.001498072447046917 0
2002 0.0003316761894908877 -0.001473692827770274 0
2003 0.0002918588250101798 -0.001462853880510887 0
2004 0.0002508236749515215 -0.001467113868698867 0
2005 0.0002141986330745007 -0.001485810659432221 0
2006 0.0001868194506179649 -0.001516317183815662 0
2007 0.0001722243936456248 -0.001554486899318546 0
2008 0.0001722243862012736 -0.001595259744914539 0
2009 0.0001868194298891807 -0.001633429466817919 0
2010 0.0002141986219303525 -0.001663936016582824 0
2011 0.0002508236548450615 -0.001682632809936833 0
2012 0.000291858812281678 -0.001686892805116792 0
2013 0.000331676177445898 -0.001676053862646792 0
2014 0.0003648038928689236 -0.001651674225371582 0
2015 0.0003868915319008573 -0.001617131169157483 0
2016 0.0005775259630666751 -0.001405237661538383 0
2017 0.0005554383246148545 -0.001370694605649873 0
2018 0.0005223106100149922 -0.001346314968310182 0
2019 0.0004824932446828617 -0.001335476025177304 0
2020 0.0004414580959681192 -0.001339736017227225 0
2021 0.0004048330565325836 -0.001358432810786492 0
2022 0.0003774538770903978 -0.001388939336743277 0
2023 0.0003628588231877494 -0.001427109052562746 0
2024 0.0003628588184710902 -0.001467881897626337 0
2025 0.000377453864452978 -0.001506051618313844 0
2026 0.0004048330556302086 -0.001536558164279373 0
2027 0.0004414580886574986 -0.001555254956367294 0
2028 0.0004824932456908312 -0.001559514950501141 0
2029 0.0005223106100149925 -0.001548676007450232 0
2030 0.0005554383246148555 -0.00152429637011054 0
2031 0.0005775259630666753 -0.001489753314222031 0
2032 0.001009067531180556 -0.0009896094991410252 0
2033 0.0009869754624554756 -0.0009550639506383117 0
2034 0.000953841503550002 -0.0009306848238279027 0
2035 0.0009140177436578693 -0.000919850300597228 0
2036 0.0008729795191540404 -0.0009241182558013028 0
2037 0.0008363553409460126 -0.0009428246848298649 0
2038 0.0008089815362085547 -0.0009733405523607344 0
2039 0.0007943960214329973 -0.001011517263511185 0
2040 0.0007944087265305841 -0.001052294170638432 0
2041 0.0008090192220098078 -0.001090463739286887 0
2042 0.0008364145527139131 -0.001120963441274782 0
2043 0.000873053495240951 -0.001139646210142419 0
2044 0.0009140303496799189 -0.001143891236323365 0
2045 0.0009538415003703907 -0.001133057738369166 0
2046 0.0009869754813740053 -0.001108678589812168 0
2047 0.001009067531054977 -0.001074133061828432 0
2048 0.001199701962513642 -0.0008622316456564366 0
2049 0.001177609907503833 -0.0008276861112772396 0
2050 0.001144475926096783 -0.0008033069653471583 0
2051 0.001104652166681229 -0.0007924724455374592 0
2052 0.0010636139402421 -0.0007967404043106573 0
2053 0.001026989767260319 -0.0008154468339874666 0
2054 0.0009996159649321389 -0.0008459627016025752 0
2055 0.0009850304518800959 -0.0008841394118536167 0
2056 0.0009850431577512614 -0.0009249163176596641 0
2057 0.0009996536530278281 -0.0009630858849738418 0
2058 0.001027048982630949 -0.0009935855860604456 0
2059 0.001063687923478755 -0.001012268354922733 0
2060 0.00110466477627072 -0.001016513382261955 0
2061 0.001144475926096782 -0.001005679886480688 0
2062 0.001177609907503834 -0.0009813007405506059 0
2063 0.001199701962513642 -0.0009467552061714095 0
2064 0.000994072289794053 -0.0007608263142058451 0
2065 0.0009719802360579139 -0.0007262807804029503 0
2066 0.0009388462563756317 -0.0007019016342331886 0
2067 0.0008990224986717636 -0.0006910671131302544 0
2068 0.0008579842729999696 -0.0006953350696850471 0
2069 0.0008213600997144968 -0.0007140414967356526 0
2070 0.0007939862822554083 -0.0007445573841686077 0
2071 0.0007794007751732001 -0.0007827340976203543 0
2072 0.0007794134877143593 -0.0008235110023822548 0
2073 0.000794023988785158 -0.0008616805669339546 0
2074 0.0008214193226352773 -0.0008921802634422006 0
2075 0.000858058265666291 -0.0009108630266624738 0
2076 0.0008990351181136912 -0.0009151080481977977 0
2077 0.0009388462652417178 -0.0009042745476386049 0
2078 0.0009719802425745558 -0.0008798953987934705 0
2079 0.0009940722896684745 -0.0008453498722613629 0
2080 0.0008034378586282155 -0.0008882041681025637 0
2081 0.0007813457919104858 -0.000853658620726431 0
2082 0.0007482118358521395 -0.0008292794936920142 0
2083 0.000708388078998346 -0.0008184449684618842 0
2084 0.0006673498519811621 -0.000822712921155161 0
2085 0.0006307256762525428 -0.0008414193453815614 0
2086 0.0006033518557794739 -0.000871935231242351 0
2087 0.000588766345628322 -0.0009101119443784833 0
2088 0.0005887790554419528 -0.0009508888496696145 0
2089 0.0006033895542178686 -0.0009890584154373481 0
2090 0.0006307848889335903 -0.001019558115746124 0
2091 0.0006674238318515849 -0.001038240880232848 0
2092 0.0007084006847456047 -0.001042485902809978 0
2093 0.0007482118326725285 -0.001031652402834968 0
2094 0.0007813458108285579 -0.00100727325405445 0
2095 0.0008034378585026369 -0.0009727277271968073 0
2096 0.0008184347054223451 -0.001116991309269363 0
2097 0.0007963470562696875 -0.00108244824145794 0
2098 0.0007632193660106566 -0.001058068621941577 0
2099 0.0007234020032421874 -0.001047229673389436 0
2100 0.0006823668539518635 -0.001051489659359026 0
2101 0.0006457418117727719 -0.00107018644746511 0
2102 0.0006183626141750202 -0.001100692991669385 0
2103 0.0006037675631731715 -0.001138862710375782 0
2104 0.0006037675623991239 -0.001179635554919896 0
2105 0.0006183626118789028 -0.001217805274061165 0
2106 0.0006457418081669533 -0.001248311819251702 0
2107 0.0006823668432614511 -0.001267008606965932 0
2108 0.0007234020006231754 -0.001271268596315718 0
2109 0.0007632193628312323 -0.00126042964908804 0
2110 0.0007963470741800747 -0.001236050008898632 0
2111 0.0008184347052967784 -0.001201506960532261 0
2112 0.001024064378141986 -0.001218396640719934 0
2113 0.001001976727715454 -0.001183853572331758 0
2114 0.0009688490357320166 -0.001159473953055114 0
2115 0.0009290316712513086 -0.001148635005795727 0
2116 0.0008879965211926503 -0.001152894993983707 0
2117 0.0008513714793156295 -0.001171591784717061 0
2118 0.0008239922968590937 -0.001202098309100503 0
2119 0.0008093972398867537 -0.001240268024603386 0
2120 0.0008093972324424027 -0.00128104087019938 0
2121 0.0008239922761303097 -0.00131921059210276 0
2122 0.0008513714681714815 -0.001349717141867664 0
2123 0.0008879965010861906 -0.001368413935221673 0
2124 0.0009290316585228072 -0.001372673930401632 0
2125 0.000968849023687027 -0.001361834987931632 0
2126 0.001001976739110053 -0.001337455350656422 0
2127 0.001024064378141986 -0.001302912294442323 0
2128 0.001214698809307804 -0.001091018786823223 0
2129 0.001192611170855984 -0.001056475730934713 0
2130 0.001159483456256121 -0.001032096093595022 0
2131 0.001119666090923991 -0.001021257150462144 0
2132 0.001078630942209248 -0.001025517142512066 0
2133 0.001042005902773713 -0.001044213936071333 0
2134 0.001014626723331527 -0.001074720462028118 0
2135 0.001000031669428878 -0.001112890177847586 0
2136 0.001000031664712219 -0.001153663022911178 0
2137 0.001014626710694107 -0.001191832743598684 0
2138 0.001042005901871337 -0.001222339289564213 0
2139 0.001078630934898627 -0.001241036081652134 0
2140 0.00111966609193196 -0.001245296075785981 0
2141 0.001159483456256121 -0.001234457132735073 0
2142 0.001192611170855984 -0.001210077495395381 0
2143 0.001214698809307804 -0.001175534439506871 0
2144 0.01686427506286303 0.002973626703671703 0
2145 0.01609170397268364 0.005856901264680056 0
2146 0.01483019460008937 0.008562216844496148 0
2147 0.01311807726901193 0.011007373798183 0
2148 0.01100737379818297 0.01311807726901196 0
2149 0.008562216844496109 0.01483019460008939 0
2150 0.005856901264680011 0.01609170397268366 0
2151 0.002973626703671657 0.01686427506286304 0
2152 -4.838247632426163e-17 0.01712443368899227 0
2153 -0.002973626703671748 0.01686427506286302 0
2154 -0.005856901264680102 0.01609170397268362 0
2155 -0.008562216844496182 0.01483019460008934 0
2156 -0.01100737379818304 0.0131180772690119 0
2157 -0.013118077269012 0.01100737379818293 0
2158 -0.01483019460008941 0.008562216844496068 0
2159 -0.01609170397268367 0.005856901264679969 0
2160 -0.01686427506286305 0.002973626703671621 0
2161 -0.01712443368899227 -8.155540019637451e-17 0
2162 -0.01686427506286302 -0.002973626703671781 0
2163 -0.01609170397268362 -0.005856901264680123 0
2164 -0.01483019460008933 -0.008562216844496208 0
2165 -0.01311807726901189 -0.01100737379818306 0
2166 -0.01100737379818291 -0.01311807726901201 0
2167 -0.008562216844496061 -0.01483019460008941 0
2168 -0.005856901264679984 -0.01609170397268367 0
2169 -0.002973626703671637 -0.01686427506286304 0
2170 5.769250237292963e-17 -0.01712443368899227 0
2171 0.00297362670367175 -0.01686427506286302 0
2172 0.005856901264680092 -0.01609170397268363 0
2173 0.008562216844496175 -0.01483019460008935 0
2174 0.01100737379818301 -0.01311807726901193 0
2175 0.01311807726901197 -0.01100737379818296 0
2176 0.01483019460008938 -0.008562216844496116 0
2177 0.01609170397268366 -0.005856901264680014 0
2178 0.01686427506286303 -0.002973626703671697 0
2179 0.0004997984842152516 -0.0003802584674275884 0
2180 0.0006337574141779748 -0.0003408471483800324 0
2181 0.0005887850489618205 -0.000451733035823672 0
2182 0.0005387815083954267 -0.0003190840579074374 0
2183 0.0006431180829672568 -0.0003954072016730269 0
2184 0.0005149448900524407 -0.0004367428560140651 0
2185 0.0005924989407551759 -0.0003008465711901342 0
2186 0.0006428855470212276 -0.0004274891526680638 0
2187 0.0006082867471186749 -0.00041389425587335 0
2188 0.000611750341586551 -0.0003727058358335454 0
2189 0.0005763027948442094 -0.000386289214489795 0
2190 0.00058481066772214 -0.0003362337723156908 0
2191 0.0005413439373227046 -0.0003615640171671566 0
2192 0.0005071527998240968 -0.0003415055675835153 0
2193 0.0005362298347282513 -0.0004047742279206725 0
2194 0.0005517049710764537 -0.0004397736699594945 0
2195 0.0006548656198846184 -0.0003653087052307102 0
2196 0.0005630370484359227 -0.0002964704236912984 0
2197 0.0006181252041994453 -0.0003122267550478495 0
2198 0.0004971415274876577 -0.0004126579445584463 0
2199 0.0006218959584641635 -0.0004498331278304799 0
2200 0.0005309806594464622 -0.0004589081552361944 0
2201 0.0005606542166168864 -0.0004675848414743229 0
2202 0.0005738131528610182 -0.000419075432473183 0
2203 0.0006904357586639457 -0.0002528845167952211 0
2204 0.0008243918646000206 -0.0002134692900794279 0
2205 0.0007794192126382806 -0.0003243582765668202 0
2206 0.0007294173460376807 -0.0001917090494730656 0
2207 0.0008337525110419336 -0.0002680293462461117 0
2208 0.0007055796893896529 -0.0003093685530298998 0
2209 0.0007831331393697724 -0.0001734688114589362 0
2210 0.0008335199762886177 -0.0003001112997657873 0
2211 0.0007989221939837225 -0.0002865176015560296 0
2212 0.0008023849701662766 -0.0002453279353148645 0
2213 0.0007669398113071841 -0.0002589151496108003 0
2214 0.000775446649496912 -0.0002088577116747394 0
2215 0.0007319828023351036 -0.0002341916971770869 0
2216 0.0006977884798986781 -0.0002141348437611291 0
2217 0.0007268652542593337 -0.0002774011204564128 0
2218 0.0007423390266520757 -0.0003124004544002718 0
2219 0.0008455000527186605 -0.000237930856344605 0
2220 0.0007536716170162866 -0.0001690928172304878 0
2221 0.0008087598290871097 -0.0001848491708219127 0
2222 0.000687776798598795 -0.0002852825308839252 0
2223 0.0008125304261470999 -0.0003224554990018873 0
2224 0.0007216127240281574 -0.0003315349379985577 0
2225 0.0007512880902688359 -0.0003402114748818376 0
2226 0.0007644480235956471 -0.0002917019612733726 0
2227 0.0004847981162682427 -0.0001514682695826011 0
2228 0.000618762193016359 -0.0001120639578139578 0
2229 0.000573790287632068 -0.0002229442825518457 0
2230 0.0005237837137149309 -9.0295755398313e-05 0
2231 0.0006281228431879403 -0.0001666240140817274 0
2232 0.0004999489890675629 -0.0002079532909573811 0
2233 0.0005775041044737455 -7.206321435996823e-05 0
2234 0.0006278903072203021 -0.0001987059635601577 0
2235 0.0005932896720267319 -0.0001851089076945315 0
2236 0.0005967547251704127 -0.00014392270361374 0
2237 0.0005613028818927628 -0.0001574992121162709 0
2238 0.0005698126291950263 -0.0001074473559637356 0
2239 0.0005263406958316786 -0.0001327708791848288 0
2240 0.0004921552996372924 -0.0001127095426892595 0
2241 0.0005212328075237995 -0.000175982508600346 0
2242 0.000536710404845776 -0.0002109821425261467 0
2243 0.0006398703805058478 -0.000136525523439791 0
2244 0.0005480415474502549 -6.768679408639119e-05 0
2245 0.0006031296276936766 -8.344308359672964e-05 0
2246 0.000482144773852215 -0.0001838703799922245 0
2247 0.0006069006500212648 -0.0002210495363506368 0
2248 0.0005159896801231838 -0.0002301166323122139 0
2249 0.0005456599807215355 -0.0002387935841637042 0
2250 0.0005588171142635034 -0.0001902843618221063 0
2251 0.0002947555855128081 -0.0003067131588576019 0
2252 0.000429497188285601 -0.0002353796427425245 0
2253 0.000409352688251088 -0.000340191743191252 0
2254 0.0003280202821758678 -0.0002113675885521242 0
2255 0.000292358354920091 -0.0002494191838028585 0
2256 0.0003309116683586776 -0.0003465977359550493 0
2257 0.0003863056196080815 -0.0002053263317380274 0
2258 0.0004374884116616825 -0.0002940018685740947 0
2259 0.0004419923349464571 -0.0002621641749900321 0
2260 0.0002849793489941772 -0.0002775081145355849 0
2261 0.0004352858375293043 -0.0003248493834955317 0
2262 0.0003561258196525627 -0.0002007668974696807 0
2263 0.0004162133108540991 -0.000210172047476754 0
2264 0.0003005486310757213 -0.0003376908042388422 0
2265 0.0003876493124469576 -0.0003632584934926053 0
2266 0.0003688681075151357 -0.0003309178968797725 0
2267 0.0004016015358418021 -0.0003045668941974683 0
2268 0.0003645741226568527 -0.0002879064235493275 0
2269 0.0004006994797136332 -0.0002652762632502781 0
2270 0.0003607464425689726 -0.0002398278559398752 0
2271 0.0003263305936690294 -0.0002722254255528649 0
2272 0.0003313529571785502 -0.0003123575072523331 0
2273 0.000357118504016389 -0.0003651582135291273 0
2274 0.0003005101283475669 -0.0002220389001087873 0
2275 0.0003222407971615568 -0.0002405307632276864 0
2276 0.0003985491263048948 -0.0002326566147191432 0
2277 0.00030917883040335 -0.0005096172300679615 0
2278 0.0004431289722799707 -0.0005490281658112543 0
2279 0.000398145617972476 -0.0004381225938741419 0
2280 0.0003481669151927458 -0.0005707855767140775 0
2281 0.0004524879913421312 -0.0004944700582828335 0
2282 0.0003242900486730948 -0.0004531300584168488 0
2283 0.0004018755230900856 -0.0005890285513994486 0
2284 0.0004522554215682181 -0.0004623906888361127 0
2285 0.0004176605039478894 -0.0004759758992829392 0
2286 0.0004211230389738464 -0.0005171714318541323 0
2287 0.000385684176572728 -0.0005035662456904795 0
2288 0.000394192301758226 -0.0005536345495905233 0
2289 0.0003507371343177549 -0.0005282898811241445 0
2290 0.0003165341636541585 -0.0005483496916677486 0
2291 0.0003455922113862939 -0.0004850826521747017 0
2292 0.0003610519263820501 -0.0004500776952168518 0
2293 0.0004642333696493171 -0.0005245666738235791 0
2294 0.0003724184611358961 -0.0005934083381613805 0
2295 0.0003064995495425767 -0.0004772283808418527 0
2296 0.0004275004590154997 -0.0005776455513246042 0
2297 0.0004312637163443026 -0.0004400476757636433 0
2298 0.0003402946374820209 -0.0004309551307601508 0
2299 0.0003699961298149374 -0.0004222568308450418 0
2300 0.000383176021807517 -0.0004707736502178389 0
2301 0.0005153666968745221 -0.0006368784252096483 0
2302 0.000650516447618978 -0.0005662282537098294 0
2303 0.0006299862528788245 -0.0006703794003865831 0
2304 0.0005515034902936687 -0.0005432894996469609 0
2305 0.0005133672952441448 -0.0005789336589444382 0
2306 0.000551503483246413 -0.0006767756851372612 0
2307 0.0006078968654007137 -0.0005357021635499013 0
2308 0.0006581176702353762 -0.0006241898071447135 0
2309 0.0006653493162849804 -0.000593119645803682 0
2310 0.0005061945206479266 -0.0006069746359938767 0
2311 0.0006584217511072829 -0.0006566123199109162 0
2312 0.0005788499287253435 -0.0005312605671288369 0
2313 0.0006368464083489886 -0.0005403640279631701 0
2314 0.0005211483560606308 -0.0006678548660893308 0
2315 0.0005211483684311003 -0.0005522103138135067 0
2316 0.000576648227166689 -0.0006960242838942014 0
2317 0.0005897281944253916 -0.0006610630541266046 0
2318 0.0005530506361047445 -0.000640108225007719 0
2319 0.0005871668793557451 -0.0006179776849979757 0
2320 0.0005477591182610721 -0.0006016319808616656 0
2321 0.0005818685864669811 -0.0005704519452253351 0
2322 0.0006204055690689992 -0.0005966403364978148 0
2323 0.0006231692097634942 -0.0006367313509413487 0
2324 0.0006066350496181224 -0.0006927636293407179 0
2325 0.0006186364750568995 -0.0005644167346715984 0
2326 0.0005432033551573552 -0.0005707362944480882 0
2327 0.0007054360226915232 -0.0004836541797065392 0
2328 0.0008393930661090765 -0.0005230556421945365 0
2329 0.000794410353842323 -0.0004121575861925581 0
2330 0.0007444275816907988 -0.0005448199558989815 0
2331 0.0008487521017616307 -0.0004684975351823556 0
2332 0.0007205532510240701 -0.0004271661611829013 0
2333 0.0007981401744084305 -0.0005630562610952521 0
2334 0.0008485195301157762 -0.0004364181709397296 0
2335 0.0008139221325446508 -0.0004500062921657683 0
2336 0.0008173866532465472 -0.0004911988166502342 0
2337 0.0007819419890156363 -0.0004776029244344349 0
2338 0.0007904526306631654 -0.0005276663842405135 0
2339 0.0007469904537473291 -0.0005023307931236721 0
2340 0.0007127952262219461 -0.000522394480608252 0
2341 0.0007418539037086667 -0.0004591216533683886 0
2342 0.0007573169286224251 -0.0004241164367834178 0
2343 0.0008604974733143322 -0.0004985941557505291 0
2344 0.0007686822098846677 -0.0005674364135939127 0
2345 0.0007027616100173236 -0.0004512617791276237 0
2346 0.0008237640952191154 -0.000551673687264764 0
2347 0.0008275277210546456 -0.0004140756981362443 0
2348 0.0007365644740959771 -0.000404993866772301 0
2349 0.0007662615705987409 -0.0003962952145771621 0
2350 0.0007794390445843374 -0.0004448117682623573 0
2351 0.0005452668999327895 0.0002766430532091251 0
2352 0.0006800078812701087 0.0003479768463827308 0
2353 0.0006598639999537566 0.0002431644608587298 0
2354 0.0005785320524567836 0.0003719782565576085 0
2355 0.0005428686092089137 0.0003339257185947181 0
2356 0.0005814229774838076 0.0002367584720814157 0
2357 0.0006368163170131005 0.0003780232678145179 0
2358 0.0006879997253230877 0.0002893543356041326 0
2359 0.0006925027726177717 0.0003211923241275661 0
2360 0.0005354878824409021 0.0003058366664308088 0
2361 0.0005510599413123132 0.0002456654070077304 0
2362 0.0006066363550212492 0.0003825778844224247 0
2363 0.000685797235077463 0.0002585067684964419 0
2364 0.0005510214436380224 0.0003613173061373232 0
2365 0.000666724622772529 0.000373184158538015 0
2366 0.0006381606224183359 0.0002200977104206546 0
2367 0.0006193773518446496 0.0002524319112865344 0
2368 0.000652113646444008 0.0002787877872539493 0
2369 0.0006150776082527958 0.0002954304943009826 0
2370 0.0006512080605714248 0.0003180761594067461 0
2371 0.000611255527021718 0.0003435134996814022 0
2372 0.0005768320353126807 0.0003110963367501044 0
2373 0.000581854669133289 0.0002709849725959689 0
2374 0.0006076296621316425 0.0002181975260956298 0
2375 0.0005727539851738168 0.0003428074253750058 0
2376 0.0006490598262217281 0.0003506972956800006 0
2377 0.0007502589761333183 0.0003807361290991291 0
2378 0.000873867395337279 0.0004702408281006838 0
2379 0.0008505855547762689 0.0003672507535962855 0
2380 0.0007720112738049367 0.0004976226505368631 0
2381 0.0007308855234382484 0.0004308665453754327 0
2382 0.0008003465637779774 0.0003526244844108668 0
2383 0.0008257326237867593 0.0005030665663444805 0
2384 0.0008820885978747173 0.000417193456177218 0
2385 0.0008904828911620109 0.000447199035276701 0
2386 0.0007417297903634123 0.0004886288502706656 0
2387 0.0007621715560315566 0.000457663313051012 0
2388 0.0008015235497052846 0.0004741782264645497 0
2389 0.000798627029658538 0.000434303267870756 0
2390 0.0008358715286026692 0.0004620354791982718 0
2391 0.0008381504735472795 0.0004100980632184011 0
2392 0.0007938232995797501 0.0003922318110320966 0
2393 0.0007616656785361202 0.0004161017898409042 0
2394 0.0008287687964791034 0.0003474934980390151 0
2395 0.0008776113254772675 0.0003851254414744787 0
2396 0.0007972010889999179 0.000516832895004935 0
2397 0.0007712471020428731 0.0003581010593217294 0
2398 0.0007252130100390859 0.00039992964608128 0
2399 0.0007266766142677791 0.0004626999215363026 0
2400 0.0008557254291881877 0.0004950233220137545 0
2401 0.0008215589040679689 0.0003755097210363504 0
2402 0.0008635203299266906 0.0004412881015732992 0
2403 0.0005296832238793685 0.0005332885198354963 0
2404 0.00066364383537219 0.0005726975794632016 0
2405 0.0006186716092193537 0.0004618134909312887 0
2406 0.000568667079632588 0.0005944623216804824 0
2407 0.0006730044855437714 0.0005181375231954321 0
2408 0.0005448310817803229 0.0004768039274123071 0
2409 0.0006223854718534832 0.0006126982078385291 0
2410 0.0006727719495761331 0.0004860555737170017 0
2411 0.0006381725560404964 0.0004996511694073799 0
2412 0.0006416366203497899 0.0005408388770393419 0
2413 0.0006061876821249637 0.0005272577158384642 0
2414 0.0006146961634948109 0.000577311998010861 0
2415 0.0005712277449662696 0.0005519839267694081 0
2416 0.0005370384668252988 0.0005720433129507185 0
2417 0.0005661156583879423 0.0005087732549752561 0
2418 0.0005815915943880312 0.0004737737522824169 0
2419 0.000684752022861679 0.0005482360138373684 0
2420 0.0005929233637195431 0.0006170744433896651 0
2421 0.0006480115010449163 0.0006013181253402549 0
2422 0.0005270274410321532 0.0005008881891913167 0
2423 0.0006517823403201086 0.0004637117289581098 0
2424 0.0005608684461602972 0.0004546392641891998 0
2425 0.00059054094872931 0.000445962494558388 0
2426 0.0006036992975739427 0.0004944718434783782 0
2427 0.0003390503420337412 0.0004059085518711468 0
2428 0.0004730093856701018 0.0004453197211774143 0
2429 0.0004280370332949453 0.0003344339574751363 0
2430 0.0003780334255803274 0.0004670829260930011 0
2431 0.0004823700538054508 0.0003907596686747422 0
2432 0.0003541968494950128 0.0003494241501541566 0
2433 0.0004317509234798819 0.0004853203018942943 0
2434 0.0004821375178444577 0.0003586777187299339 0
2435 0.0004475386787907943 0.0003722726624143388 0
2436 0.0004510023049629284 0.0004134610330363096 0
2437 0.0004155546640782316 0.0003998778053628085 0
2438 0.0004240625787038758 0.0004499331686725545 0
2439 0.0003805957332574478 0.0004246030710563147 0
2440 0.0003464047208156344 0.0004446615842475258 0
2441 0.0003754817677249753 0.0003813928274510882 0
2442 0.0003909569599249022 0.0003463933822578466 0
2443 0.0004941175898426075 0.0004208581643587169 0
2444 0.000402289016682531 0.0004896964568890358 0
2445 0.0004573771692798188 0.0004739401244167672 0
2446 0.0003363934664954241 0.000373509016048213 0
2447 0.0004611479293348755 0.0003363337525542273 0
2448 0.0003702327292600355 0.0003272588954410791 0
2449 0.0003999062141694185 0.000318582205867023 0
2450 0.0004130651080537286 0.0003670916108542646 0
2451 0.0003540457504112402 0.0001751241302748195 0
2452 0.0004880106146358014 0.0001357333714659053 0
2453 0.0004430286221336826 0.0002466229425733891 0
2454 0.0003930412352682014 0.0001139612603249293 0
2455 0.0004973696336979619 0.000190291478994326 0
2456 0.000369169782600126 0.0002316131170985703 0
2457 0.0004467583371947015 9.5732495917048e-05 0
2458 0.0004971370639240489 0.0002223708484410467 0
2459 0.0004625368664695581 0.0002087794330250273 0
2460 0.0004660036079694065 0.0001675902895496344 0
2461 0.0004305524011666231 0.0001811757022488771 0
2462 0.0004390659032367994 0.0001311177121801493 0
2463 0.0003955958008563093 0.0001564430542813804 0
2464 0.0003614093354678375 0.0001363749600036153 0
2465 0.0003904687178636422 0.000199654345886654 0
2466 0.0004059354947944553 0.0002346598591256758 0
2467 0.000509115012005148 0.0001601948634535803 0
2468 0.0004172993646636945 9.135192539101315e-05 0
2469 0.0004723811200672631 0.0001071145908858196 0
2470 0.0003513768385673629 0.0002075205408529222 0
2471 0.0004761451547211254 0.0002447127054431901 0
2472 0.000385188512624571 0.0002537824437739418 0
2473 0.0004148806447919678 0.0002624814896971013 0
2474 0.0004280553619057218 0.0002139652283730653 0
2475 0.0005596763391860986 7.372006264198976e-05 0
2476 0.0006936402767270635 3.432804048676964e-05 0
2477 0.000648658206503106 0.0001452186064731228 0
2478 0.0005986713579645922 1.255684633933605e-05 0
2479 0.0007029993056234411 8.888614639521648e-05 0
2480 0.0005747995731401624 0.0001302089313076208 0
2481 0.0006523879285284659 -5.672807815234297e-06 0
2482 0.0007027667358185328 0.000120965516613802 0
2483 0.0006681668657427171 0.0001073744873490572 0
2484 0.0006716333481923954 6.618495014733122e-05 0
2485 0.0006361829084059341 7.977158938534087e-05 0
2486 0.0006446960711221152 2.971295732355794e-05 0
2487 0.0006012269017249688 5.503950353833153e-05 0
2488 0.000567039405726698 3.497193282088678e-05 0
2489 0.0005960987093530112 9.825054480819261e-05 0
2490 0.0006115650445523916 0.0001332560205898353 0
2491 0.0007147446837123075 5.878952781413364e-05 0
2492 0.0006229290725233505 -1.005332650127967e-05 0
2493 0.0006780108446827213 5.709342225919121e-06 0
2494 0.0005570067846077469 0.0001061160036207296 0
2495 0.0006817748382055798 0.0001433074456891638 0
2496 0.0005908174191372687 0.0001523786014064583 0
2497 0.0006205101346258829 0.0001610776022267539 0
2498 0.0006336851752511919 0.0001125613072172169 0
2499 0.0007503084827335743 0.0002010947720821705 0
2500 0.0008842747084649073 0.000161705895082623 0
2501 0.0008392928460509504 0.0002725939708926414 0
2502 0.0007893046570573732 0.0001399324115498908 0
2503 0.0008936337441174618 0.0002162640020948039 0
2504 0.0007654337026288006 0.0002575839240712009 0
2505 0.0008430225468495284 0.000121704970824105 0
2506 0.0008934011724716072 0.0002483433663374299 0
2507 0.0008588004825634661 0.0002347513747326611 0
2508 0.0008622676258521861 0.0001935628355175671 0
2509 0.000826815262641717 0.0002071463940248181 0
2510 0.0008353292582186192 0.0001570893668923101 0
2511 0.0007918577667052361 0.000182412902812113 0
2512 0.0007576728326521315 0.0001623440488673979 0
2513 0.0007867323431941578 0.0002256245777584251 0
2514 0.0008021997727549761 0.0002606301416102069 0
2515 0.0009053791156701631 0.0001861673815266304 0
2516 0.0008135633914062438 0.0001173243291533413 0
2517 0.0008686451254727877 0.0001330869797978044 0
2518 0.0007476405371861106 0.0002334918894171653 0
2519 0.00087240923625074 0.0002706851180574764 0
2520 0.0007814537461880963 0.0002797527246591148 0
2521 0.0008111450046899235 0.0002884518421481116 0
2522 0.000824319251988302 0.0002399356355718713 0
2523 -2.533127399469787e-05 0.0007115865700786959 0
2524 0.0001098174067170398 0.0006409497756451309 0
2525 8.928393032985493e-05 0.0007451092107800571 0
2526 1.084291184521804e-05 0.0006180078831637127 0
2527 -2.731333960613123e-05 0.0006536379976885413 0
2528 1.079678335325648e-05 0.0007514942070133111 0
2529 6.72003597084337e-05 0.0006104221778542051 0
2530 0.0001174196480298047 0.0006989193254812784 0
2531 0.0001246525417090049 0.0006678448792443045 0
2532 -3.449624704216619e-05 0.0006816788810465108 0
2533 0.0001177235738336902 0.000731344354051658 0
2534 3.817272333489872e-05 0.0006059789236110261 0
2535 9.614456996430246e-05 0.0006150895031781188 0
2536 -1.955862200056698e-05 0.0007425667172196202 0
2537 -1.952012432627629e-05 0.0006269148180900274 0
2538 3.593889132793006e-05 0.0007707499337848036 0
2539 4.902850843966204e-05 0.0007357857954266507 0
2540 1.235336851904584e-05 0.0007148252916105024 0
2541 4.647363785392289e-05 0.0006926957057373611 0
2542 7.070229822402894e-06 0.0006763473131786184 0
2543 4.118182778397792e-05 0.0006451686037912336 0
2544 7.970600193152284e-05 0.0006713565883632749 0
2545 8.247413127261363e-05 0.0007114549893146417 0
2546 6.592905542599443e-05 0.0007674930845845164 0
2547 7.793640898070963e-05 0.0006391317627510122 0
2548 2.526994457406541e-06 0.0006454502679874928 0
2549 0.0001647331694528718 0.0008131321389145411 0
2550 0.0002986934413172621 0.0008525416582800285 0
2551 0.0002537211747557687 0.0007416571963963008 0
2552 0.0002037168507302088 0.0008743060581426469 0
2553 0.000308054087759175 0.0007979816021133449 0
2554 0.0001798807248989205 0.0007566475876016035 0
2555 0.0002574350469960265 0.0008925422753526425 0
2556 0.0003078215530058591 0.0007658996485936692 0
2557 0.0002732222776650328 0.0007794951020670247 0
2558 0.0002766862430733523 0.0008206829609211202 0
2559 0.0002412375916631984 0.0008071013396339054 0
2560 0.0002497459515889826 0.0008571558609868986 0
2561 0.0002062778787536186 0.0008318273424945173 0
2562 0.0001720882235796633 0.0008518865406174667 0
2563 0.0002011653779367306 0.0007886167685564175 0
2564 0.0002166411475132565 0.0007536172769847445 0
2565 0.0003198016294359019 0.0008280800920148515 0
2566 0.0002279729846674686 0.0008969184915001973 0
2567 0.0002830611281306143 0.00088116217221673 0
2568 0.0001620771432808097 0.0007807319855306765 0
2569 0.00028683194519901 0.000743555776297764 0
2570 0.000195917758581267 0.0007344827915529568 0
2571 0.0002255904776493047 0.0007258060356068177 0
2572 0.0002387489495351987 0.0007743153966158768 0
2573 -4.032652282572419e-05 0.0009403697440486673 0
2574 9.482226781508639e-05 0.0008697353634010433 0
2575 7.428868927098515e-05 0.0009738923896733205 0
2576 -4.152322837798582e-06 0.0008467910643079608 0
2577 -4.230839552496321e-05 0.0008824210404939166 0
2578 -4.198456421247516e-06 0.0009802773873550793 0
2579 5.220493518367745e-05 0.0008392074520412341 0
2580 0.0001024244158335166 0.0009277025138722644 0
2581 0.0001096580063129155 0.0008966296401849911 0
2582 -4.949122639801174e-05 0.0009104618972708001 0
2583 0.0001027283310382158 0.0009601275292193541 0
2584 2.317807011029923e-05 0.0008347638731654016 0
2585 8.114933243139215e-05 0.0008438726924565571 0
2586 -3.455386888677906e-05 0.0009713498977254895 0
2587 -3.45153588376626e-05 0.0008556979953248178 0
2588 2.094364642597121e-05 0.0009995331210353087 0
2589 3.403240150494274e-05 0.0009645703707715393 0
2590 -2.642035863060713e-06 0.0009436088231724883 0
2591 3.147887752272727e-05 0.0009214824762882097 0
2592 -7.924177795158571e-06 0.0009051309207755722 0
2593 2.618687350004529e-05 0.000873954552426162 0
2594 6.471559096125197e-05 0.0009001483860428848 0
2595 6.7477949960642e-05 0.0009402412427039178 0
2596 5.093372466479179e-05 0.0009962764116719942 0
2597 6.293885140688544e-05 0.0008679197820545353 0
2598 -1.246820617724472e-05 0.0008742335016406884 0
2599 -0.0002315334054115293 0.0007871630067359421 0
2600 -9.757067967780132e-05 0.0008265691321930121 0
2601 -0.0001425426910151132 0.0007156873677250659 0
2602 -0.0001925484709557671 0.0008483360136922591 0
2603 -8.821001162107595e-05 0.0007720090797853617 0
2604 -0.0002163836939677274 0.0007306781495953972 0
2605 -0.0001388288493552359 0.000866569835213795 0
2606 -8.84425475838683e-05 0.0007399271299668242 0
2607 -0.0001230427058961842 0.0007535236250142311 0
2608 -0.0001195780289663761 0.0007947103980571206 0
2609 -0.0001550287565916077 0.000781132113859774 0
2610 -0.0001465194968555742 0.0008311848994320897 0
2611 -0.0001899900770876522 0.0008058596339244211 0
2612 -0.0002241769649412217 0.0008259202192931646 0
2613 -0.0001950995816672139 0.0007626483727378961 0
2614 -0.0001796226240529814 0.0007276487883272709 0
2615 -7.646247568974791e-05 0.0008021075753781597 0
2616 -0.0001682912332325267 0.0008709461865949931 0
2617 -0.0001132031413781241 0.0008551898842000264 0
2618 -0.0002341876876100426 0.0007547615798353201 0
2619 -0.0001094321868508349 0.0007175834527767526 0
2620 -0.0002003442793662242 0.000708514299615257 0
2621 -0.0001706731341800034 0.000699837416742373 0
2622 -0.0001575155320737083 0.0007483466871174948 0
2623 -0.0002165352456944018 0.0005563722659345403 0
2624 -8.256945100278788e-05 0.0005169827825482023 0
2625 -0.0001275513573420933 0.0006278713422929889 0
2626 -0.0001775392931630029 0.0004952097420884213 0
2627 -7.321043194062738e-05 0.000571540890076623 0
2628 -0.0002014104037418305 0.000612861367735222 0
2629 -0.0001238216545283591 0.0004769818760773818 0
2630 -7.34430017145404e-05 0.0006036202595233438 0
2631 -0.0001080435327274931 0.0005900284518808516 0
2632 -0.0001045765255631907 0.0005488397122786205 0
2633 -0.0001400285125038228 0.0005624238750806753 0
2634 -0.0001315146705384064 0.00051236653684633 0
2635 -0.0001749857167628073 0.0005376906572420649 0
2636 -0.0002091711391637474 0.0005176220394422199 0
2637 -0.0001801116722958601 0.0005809022058619548 0
2638 -0.000164644449019878 0.0006159077543181667 0
2639 -6.146505363344138e-05 0.0005414442745358773 0
2640 -0.0001532807476749002 0.0004726012559518148 0
2641 -9.819900760291024e-05 0.0004883639137769624 0
2642 -0.000219203502209493 0.0005887691545401756 0
2643 -9.443492379728743e-05 0.0006259620434523318 0
2644 -0.0001853907798590032 0.000635030340326851 0
2645 -0.0001556992392782142 0.000643729433401174 0
2646 -0.0001425248490527053 0.0005952132071654096 0
2647 -1.033172640823646e-05 0.0004291325231498081 0
2648 0.0001248174521361354 0.0004997965631843305 0
2649 0.0001042878295960659 0.0003956315479728734 0
2650 2.580506701091022e-05 0.0005227214487124954 0
2651 -1.233216274972886e-05 0.0004870765562843199 0
2652 2.580505996365459e-05 0.0003892352632221954 0
2653 8.219955810877388e-05 0.0005303208612906058 0
2654 0.0001324192469526176 0.000441821141214743 0
2655 0.0001396468357741201 0.0004729003965020974 0
2656 -1.950539675126641e-05 0.0004590354408778425 0
2657 0.0001327233278245243 0.0004093986284485403 0
2658 0.00011114798506623 0.0005256469203962865 0
2659 5.314818879050643e-05 0.0005347606038803578 0
2660 -4.550054851658191e-06 0.0005138006345459497 0
2661 5.094980388393048e-05 0.0003699866644652552 0
2662 6.403480985082772e-05 0.0004049559675339803 0
2663 2.735318878475884e-05 0.0004259048171592365 0
2664 6.146577186319599e-05 0.0004480540624028655 0
2665 2.205596044661403e-05 0.0004643815327435788 0
2666 5.616856005936157e-05 0.0004955750156528688 0
2667 9.46793173896125e-05 0.0004694204009511991 0
2668 9.747628061357167e-05 0.0004292973691858695 0
2669 8.093714048926131e-05 0.0003732481428249763 0
2670 -2.422492111000907e-06 0.0003999754795583414 0
2671 9.295145107293416e-05 0.0005016221428058461 0
2672 1.750471641411978e-05 0.0004952750100585964 0
2673 0.0001803027062569726 0.0005565103723432424 0
2674 0.0003154525162440699 0.000627159256736169 0
2675 0.0002949222626956307 0.0005230094020019552 0
2676 0.0002164394913337874 0.0006500993005718336 0
2677 0.0001783033960737188 0.0006144552056597692 0
2678 0.0002164394929781211 0.0005166131148283301 0
2679 0.0002728327659019035 0.0006576855155456835 0
2680 0.0003230536783566044 0.0005691989956907973 0
2681 0.0003302857057941003 0.0006002683106255338 0
2682 0.0001711306663777746 0.0005864142411495816 0
2683 0.00032335775984778 0.0005367764827980405 0
2684 0.0002437862367363528 0.0006621272823234181 0
2685 0.0003017824206566751 0.0006530247774661235 0
2686 0.0001860843668525161 0.0005255339327863884 0
2687 0.0001860843708188261 0.0006411784835394786 0
2688 0.0002415842381289445 0.0004973645182175108 0
2689 0.0002546637341513431 0.000532324996009832 0
2690 0.0002179865529856822 0.0005532803787225109 0
2691 0.0002521031363826447 0.0005754091795060153 0
2692 0.0002126955637327752 0.0005917565780236358 0
2693 0.0002468047430853251 0.000622935365226046 0
2694 0.0002853441749468186 0.0005967438323226101 0
2695 0.0002881047078183498 0.0005566557975695951 0
2696 0.0002715710120578883 0.0005006250968794938 0
2697 0.000283571246181866 0.0006289694687242001 0
2698 0.0002081393794997856 0.0006226524707568423 0
2699 -0.0006407748737002204 0.0003543803380965597 0
2700 -0.0005060334952813558 0.0004257139498807715 0
2701 -0.0005261777736792533 0.0003209017457461644 0
2702 -0.000607510014857676 0.0004497221693402016 0
2703 -0.0006431724840768198 0.0004116702397447915 0
2704 -0.0006046187961492024 0.0003144957569688502 0
2705 -0.0005492250645045921 0.0004557647792501668 0
2706 -0.0004980420483099222 0.0003670916204915671 0
2707 -0.0004935384398984228 0.0003989294207663877 0
2708 -0.0006505521105471487 0.0003835812661661429 0
2709 -0.0006349818323206968 0.0003234026918951649 0
2710 -0.0005794049231839546 0.0004603224777529293 0
2711 -0.0005002445924111823 0.0003362440861890609 0
2712 -0.0005193171508604809 0.0004509214434254495 0
2713 -0.0006350203299949875 0.0004390545910247578 0
2714 -0.0005478811512146741 0.0002978349953080891 0
2715 -0.0005666630991509417 0.0003301732896561156 0
2716 -0.0005339286376567424 0.0003565260468587407 0
2717 -0.0005709591564907794 0.0003731801204979248 0
2718 -0.000534831964195042 0.0003958158640800023 0
2719 -0.0005747848206502854 0.000421260286203201 0
2720 -0.000609203419545897 0.0003888556616957051 0
2721 -0.0006041809610595542 0.0003487310417547755 0
2722 -0.0005784120150992231 0.0002959351093418214 0
2723 -0.0006132889868683021 0.0004205562396425835 0
2724 -0.0005369815556601828 0.0004284360489207093 0
2725 -0.0004501404437628068 0.0004817581916882071 0
2726 -0.0003153988851780943 0.0005530917266832035 0
2727 -0.0003355433479653265 0.0004482795999733962 0
2728 -0.0004168757180333028 0.0005771029164897644 0
2729 -0.0004525377588226075 0.0005390512515139274 0
2730 -0.0004139843671358639 0.0004418736108286628 0
2731 -0.0003585904645753182 0.0005831444818971813 0
2732 -0.000307407620084035 0.0004944694758803158 0
2733 -0.0003029037646441918 0.0005263071964200439 0
2734 -0.0004599169046941187 0.0005109623127159403 0
2735 -0.0003096101876800313 0.0004636219540948738 0
2736 -0.0003887702835122449 0.0005877035240757502 0
2737 -0.000328682712725358 0.000578299299781353 0
2738 -0.0004443474022036058 0.0004507805463444143 0
2739 -0.0003572467241145892 0.0004252128486940128 0
2740 -0.0003760280953090924 0.0004575529313029189 0
2741 -0.0003432944353831695 0.0004839043293871376 0
2742 -0.0003803225454121466 0.0005005633667283635 0
2743 -0.0003441967739043972 0.0005231947845761437 0
2744 -0.0003841497702382638 0.0005486422916985337 0
2745 -0.0004185662363400286 0.0005162431381166857 0
2746 -0.0004135438509790544 0.000476112731190117 0
2747 -0.0003877775452473761 0.0004233130936595702 0
2748 -0.0004443859019957085 0.0005664324431200286 0
2749 -0.000422655082098919 0.0005479391268716721 0
2750 -0.0003463469474248633 0.0005558145499379481 0
2751 -0.0006563519392581295 0.0006110167484743575 0
2752 -0.0005223979382608199 0.0006504348643506362 0
2753 -0.0005673707758892138 0.0005395435962546188 0
2754 -0.0006173714061251307 0.0006721930068580568 0
2755 -0.0005130372880892387 0.0005958748080828666 0
2756 -0.0006412098331333648 0.0005545329731745295 0
2757 -0.0005636568269778873 0.0006904352729949203 0
2758 -0.0005132698240568771 0.0005637928586044362 0
2759 -0.0005478668483370189 0.0005773856690958979 0
2760 -0.0005444046712425123 0.0006185762446285687 0
2761 -0.0005798480674541243 0.0006049862085971563 0
2762 -0.0005713420007192249 0.0006550451188109248 0
2763 -0.0006148037139013716 0.0006297083727247541 0
2764 -0.0006490003981825263 0.0006497640383086602 0
2765 -0.0006199238095026414 0.0005864995265979516 0
2766 -0.0006044510426142642 0.0005515002739822079 0
2767 -0.0005012897507713312 0.0006259732987248029 0
2768 -0.0005931180781716975 0.0006948111564565939 0
2769 -0.0006590123776094047 0.0005786198123510464 0
2770 -0.0005380298319851489 0.0006790547839679159 0
2771 -0.0005342593417999936 0.0005414484950636293 0
2772 -0.0006251788143397843 0.0005323657887299088 0
2773 -0.0005955021112495991 0.0005236893667079723 0
2774 -0.0005823414432553884 0.0005721989579162189 0
2775 -0.0008469929017976957 0.0004836478503912184 0
2776 -0.0007130323876722219 0.0005230570059981496 0
2777 -0.0007580046037111137 0.0004121728394078311 0
2778 -0.0008080090789358655 0.0005448216791694373 0
2779 -0.0007036717196154965 0.0004684969535904993 0
2780 -0.0008318451145525786 0.0004271632669636208 0
2781 -0.0007542907328759288 0.000563057635563598 0
2782 -0.0007039042555782889 0.0004364150037719619 0
2783 -0.0007385036214064203 0.0004500105669149131 0
2784 -0.0007350395756146482 0.0004911982995438252 0
2785 -0.0007704884491574507 0.000477617045925026 0
2786 -0.0007619799973546447 0.0005276713798430565 0
2787 -0.0008054483343230177 0.0005023432117358087 0
2788 -0.0008396376997622039 0.0005224025523636864 0
2789 -0.0008105605183474499 0.000459132561673077 0
2790 -0.0007950846210231902 0.0004241330610059608 0
2791 -0.0006919241836841685 0.0004985954491832973 0
2792 -0.0007837528302323929 0.0005674338690643609 0
2793 -0.0007286647019483908 0.0005516775484552347 0
2794 -0.0008496487415380616 0.0004512475593491113 0
2795 -0.0007248938642443286 0.0004140711530069824 0
2796 -0.0008158078230890531 0.0004049985733563671 0
2797 -0.0007861352725559798 0.0003963218067808654 0
2798 -0.0007729768947781204 0.0004448311579793544 0
2799 -0.0008319966485970967 0.0002528605579420832 0
2800 -0.0006980311589972084 0.0002134706563533398 0
2801 -0.0007430130935897711 0.0003243595477160405 0
2802 -0.0007930008494116893 0.0001916979206120494 0
2803 -0.0006886721399350479 0.0002680287638817605 0
2804 -0.0008168720721575473 0.0003093496220395142 0
2805 -0.0007392833867571778 0.0001734697600209747 0
2806 -0.0006889047097089609 0.0003001081333284813 0
2807 -0.0007235051313528465 0.0002865164542943686 0
2808 -0.0007200382112950399 0.000245327582264787 0
2809 -0.0007554899424360667 0.0002589121548993666 0
2810 -0.0007469762119201485 0.0002088546029345573 0
2811 -0.0007904469486674482 0.0002341791239198734 0
2812 -0.0008246327130524325 0.0002141106777779518 0
2813 -0.000795573273883752 0.0002773905882637151 0
2814 -0.0007801061969606238 0.0003123961251717488 0
2815 -0.0006769267616278619 0.0002379321483410148 0
2816 -0.0007687424403567418 0.0001690891561594947 0
2817 -0.0007136606952575764 0.0001848518164994635 0
2818 -0.0008346651199885219 0.0002852572898049497 0
2819 -0.0007098966275686858 0.0003224499412176053 0
2820 -0.0008008527413643603 0.00033151871073326 0
2821 -0.000771161006807481 0.0003402177883471077 0
2822 -0.000757986509400495 0.0002917015506085872 0
2823 -0.0006263632752990245 0.0001514603069854753 0
2824 -0.0004924014969059464 0.0001120653253742041 0
2825 -0.0005373837670006849 0.000222958238157337 0
2826 -0.0005873693417710722 9.029628752834455e-05 0
2827 -0.0004830424680095689 0.0001666234312826511 0
2828 -0.0006112419204651791 0.0002079489090337085 0
2829 -0.000533654016727603 7.206454885870349e-05 0
2830 -0.0004832750378144772 0.0001987028015012366 0
2831 -0.0005178741337715614 0.0001851126823491187 0
2832 -0.000514408267933766 0.0001439222080156615 0
2833 -0.0005498568973814704 0.0001575117474966665 0
2834 -0.0005413445233404307 0.0001074516028468319 0
2835 -0.0005848115025056146 0.0001327809838382723 0
2836 -0.0006190014188730012 0.0001127146279661719 0
2837 -0.000589942311176764 0.0001759914288883555 0
2838 -0.0005744770117035489 0.0002109968229917925 0
2839 -0.0004712970899207025 0.0001365268127015682 0
2840 -0.0005631125927462302 6.768414522101101e-05 0
2841 -0.0005080307850149451 8.34468317451169e-05 0
2842 -0.0006290343505695051 0.0001838551388056506 0
2843 -0.0005042669055311395 0.0002210449001366466 0
2844 -0.0005952261485783186 0.0002301194007125151 0
2845 -0.0005655320603248867 0.0002388182921213952 0
2846 -0.0005523562610317176 0.0001903019155573237 0
2847 -0.0004351590021253002 0.0002529982468019726 0
2848 -0.0003000084985561707 0.0003236303813337123 0
2849 -0.0003205394463058247 0.0002194972763076039 0
2850 -0.0003990222162939948 0.0003465871746702394 0
2851 -0.0004371570596046771 0.0003109439680005178 0
2852 -0.0003990222159463538 0.0002131009889308771 0
2853 -0.0003426302997780504 0.0003541588077976759 0
2854 -0.0002924080295155478 0.0002656868695122696 0
2855 -0.0002851710976171153 0.0002967452050699761 0
2856 -0.0004443292335682714 0.0002829031712124039 0
2857 -0.0004293773418497652 0.0002220218072790263 0
2858 -0.000371671476035838 0.000358602819814975 0
2859 -0.0002921039486218773 0.0002332643570749523 0
2860 -0.0003136792871076417 0.0003495126511739177 0
2861 -0.0004293773368008185 0.0003376663578255045 0
2862 -0.0003738774711144661 0.0001938523920747269 0
2863 -0.0003608040447435452 0.0002288031342133363 0
2864 -0.000397476329571726 0.0002497657296705217 0
2865 -0.0003633553092708582 0.0002718719620355267 0
2866 -0.000402760419605502 0.0002882413666203229 0
2867 -0.000368655026386265 0.0003194039076944455 0
2868 -0.0003300838944544944 0.0002931715999743444 0
2869 -0.0003273635985849693 0.0002531222348677757 0
2870 -0.0003438913164102462 0.0001971119771537038 0
2871 -0.0003319066536632024 0.00032542359926874 0
2872 -0.0004073220679929498 0.0003191399177867369 0
2873 -0.0006862441615968403 -0.0003025199876168969 0
2874 -0.0005522843594550354 -0.0002631098634925977 0
2875 -0.0005972566439700386 -0.0003739948036509973 0
2876 -0.0006472606990392238 -0.0002413459022017282 0
2877 -0.0005429236906657534 -0.0003176699167855921 0
2878 -0.0006710969969006828 -0.0003590044840770906 0
2879 -0.0005935427636187966 -0.0002231092573226747 0
2880 -0.0005431562266117825 -0.0003497518677806291 0
2881 -0.0005777553390775063 -0.0003361566034941225 0
2882 -0.0005742914956603823 -0.0002949685618601188 0
2883 -0.000609739773597552 -0.0003085507695353333 0
2884 -0.0006012315821186521 -0.0002584959379759945 0
2885 -0.0006446991971969147 -0.000283825038216169 0
2886 -0.0006788893575804167 -0.0002637660977468577 0
2887 -0.0006498122431029344 -0.0003270354899077722 0
2888 -0.0006343366886207549 -0.0003620349649561264 0
2889 -0.0005311761537483919 -0.0002875714203432755 0
2890 -0.0006230047689679322 -0.0002187330633535013 0
2891 -0.0005679166275690998 -0.000234489387527231 0
2892 -0.0006889005040848265 -0.0003349199126513592 0
2893 -0.000564145827239964 -0.0003720957744935953 0
2894 -0.0006550603902492556 -0.0003811694506289614 0
2895 -0.0006253873872933088 -0.0003898461827302536 0
2896 -0.000612228756992202 -0.0003413368056514082 0
2897 -0.0004956024062360993 -0.0001751521754727402 0
2898 -0.0003616499090329895 -0.0001357320051919932 0
2899 -0.0004066228946628099 -0.0002466249109300655 0
2900 -0.0004566226327381345 -0.0001139753670593868 0
2901 -0.0003522892625910766 -0.0001902920613586769 0
2902 -0.0004804616155926148 -0.000231635766012546 0
2903 -0.0004029089211827605 -9.573164659036569e-05 0
2904 -0.0003525217973443925 -0.0002223740148783525 0
2905 -0.0003871182860524332 -0.0002087818370363217 0
2906 -0.0003836565404001865 -0.0001675906052941746 0
2907 -0.0004190986737599351 -0.0001811826641552955 0
2908 -0.0004105931536375711 -0.0001311226997123789 0
2909 -0.0004540533401981783 -0.0001564614205085159 0
2910 -0.0004882517059609299 -0.0001364065982280789 0
2911 -0.0004591752605394875 -0.0001996698475105748 0
2912 -0.0004437032181598942 -0.0002346690450230808 0
2913 -0.0003405417209143497 -0.0001601935714571703 0
2914 -0.0004323699755236268 -9.135584447433662e-05 0
2915 -0.0004982639077906358 -0.0002075483366718167 0
2916 -0.0003772817040346141 -0.0001071122277836121 0
2917 -0.000373511297510443 -0.0002447184973099131 0
2918 -0.0004644320448929571 -0.0002538035271967302 0
2919 -0.0004347543855694375 -0.0002624798743188146 0
2920 -0.000421593185943251 -0.0002139702281753859 0
2921 -0.0007006517558387306 -0.0001015980241227314 0
2922 -0.0005659103531179047 -3.026440929788057e-05 0
2923 -0.000586054653289425 -0.0001350766037743763 0
2924 -0.0006673869147062988 -6.255884356537924e-06 0
2925 -0.0007030493420490852 -4.430779616287305e-05 0
2926 -0.0006644956731880502 -0.000141482599164061 0
2927 -0.0006091019291531475 -2.133794691973632e-07 0
2928 -0.0005579189304450699 -8.888672919429261e-05 0
2929 -0.0005534152956024807 -5.704893667302392e-05 0
2930 -0.0007104289152970177 -7.239676790280366e-05 0
2931 -0.0006392817866665103 4.344456408951957e-06 0
2932 -0.0006948587091879143 -0.0001325756681472039 0
2933 -0.0005601214765759317 -0.0001197342608577757 0
2934 -0.0005791940262154567 -5.056905561925943e-06 0
2935 -0.0006948972192370307 -1.692376574653222e-05 0
2936 -0.0006077580285930672 -0.0001581433540362054 0
2937 -0.0006265399184951138 -0.0001258048780329852 0
2938 -0.0005938055412307488 -9.945225962880406e-05 0
2939 -0.0006308358119956144 -8.279767401384147e-05 0
2940 -0.0005947087644581554 -6.016237268739429e-05 0
2941 -0.0006346616387505658 -3.471763613942675e-05 0
2942 -0.0006690800190500318 -6.712170011910937e-05 0
2943 -0.000664057564413216 -0.0001072469180901379 0
2944 -0.0006382888865357178 -0.0001600432293289495 0
2945 -0.0006731659279874765 -3.542159599233122e-05 0
2946 -0.0005968584132602391 -2.754223275119649e-05 0
2947 -0.000891877545223584 -0.0002011095750495938 0
2948 -0.000757914030028053 -0.0001617045312790097 0
2949 -0.0008028859682789092 -0.0002725854382630723 0
2950 -0.0008528922139729432 -0.0001399368614483834 0
2951 -0.0007485533619713276 -0.00021626458368666 0
2952 -0.0008767271469268686 -0.0002575945299369505 0
2953 -0.0007991721370719032 -0.0001217038020445606 0
2954 -0.0007487858979341199 -0.0002483465335051975 0
2955 -0.0007833863391122146 -0.0002347497057917433 0
2956 -0.0007799214369203765 -0.000193563275297765 0
2957 -0.000815372826377295 -0.0002071404994905107 0
2958 -0.000806863278227758 -0.0001570882666184165 0
2959 -0.0008503346592118348 -0.0001824124959638482 0
2960 -0.0008845206626860424 -0.0001623514662717337 0
2961 -0.0008554432073361194 -0.0002256239753393241 0
2962 -0.000839965871233944 -0.0002606235896528425 0
2963 -0.0007368058260399995 -0.000186166088093862 0
2964 -0.0008286346232045647 -0.0001173274085738965 0
2965 -0.0007735465443552826 -0.0001330837044669694 0
2966 -0.0008945312714381636 -0.0002335114074325094 0
2967 -0.0007697755481225424 -0.0002706901487341108 0
2968 -0.0008606869744246691 -0.0002797580787579178 0
2969 -0.0008310163308974123 -0.0002884350031447966 0
2970 -0.0008178590056493277 -0.0002399257615914064 0
2971 -0.0008763047465142786 -0.0004577358187351897 0
2972 -0.00074115449656833 -0.0003870977649566994 0
2973 -0.0007616851837731252 -0.0004912367819738402 0
2974 -0.0008401679479259127 -0.0003641468890275688 0
2975 -0.0008783032481977103 -0.0003997904090621708 0
2976 -0.0008401679541672331 -0.0004976330729087295 0
2977 -0.0007837755611520491 -0.0003565701060366986 0
2978 -0.0007335537712516013 -0.0004450471900927721 0
2979 -0.0007263185787889885 -0.0004139849793672896 0
2980 -0.0008854756177773859 -0.0004278312670390032 0
2981 -0.0008705230822870205 -0.0004887122583175788 0
2982 -0.0008128186201632473 -0.0003521268859641201 0
2983 -0.0007332496914658233 -0.0004774696988545722 0
2984 -0.0007548250361865252 -0.0003612214113196718 0
2985 -0.0008705230799420263 -0.000373067700373576 0
2986 -0.0008150232077060071 -0.0005168816677077407 0
2987 -0.0008019476434539453 -0.0004819274902610139 0
2988 -0.0008386216578310673 -0.0004609674407947058 0
2989 -0.0008045022071982809 -0.0004388532434217908 0
2990 -0.0008439081851058213 -0.0004224916057374416 0
2991 -0.0008098014552839628 -0.0003913233296956969 0
2992 -0.0007712415249678847 -0.0004175412458351159 0
2993 -0.0007685070168185152 -0.0004576042601921294 0
2994 -0.0007850368351048036 -0.0005136217296724215 0
2995 -0.0007730466932986143 -0.0003852985490655601 0
2996 -0.0008484679038691037 -0.0003915939915822449 0
2997 -0.0006712503920277988 -0.000533308734066138 0
2998 -0.0005372831392617776 -0.0005726962119029552 0
2999 -0.0005822649024787871 -0.0004618092493815791 0
3000 -0.0006322537069420824 -0.0005944707172156731 0
3001 -0.0005279241103654 -0.0005181381059945083 0
3002 -0.0006561242729227158 -0.000476819455708386 0
3003 -0.0005785352241193544 -0.0006126971703734229 0
3004 -0.0005281566801703083 -0.0004860587357759227 0
3005 -0.0005627577386879939 -0.0004996511625394715 0
3006 -0.0005592903097079669 -0.0005408392607443086 0
3007 -0.0005947435290959263 -0.0005272570748750515 0
3008 -0.0005862291553345436 -0.0005773133844729699 0
3009 -0.0006297016876105066 -0.0005519911911893584 0
3010 -0.0006638854674986447 -0.0005720606271974592 0
3011 -0.0006348258628852046 -0.0005087792341522814 0
3012 -0.0006193579373688553 -0.0004737736328850444 0
3013 -0.0005161787322765336 -0.0005482347245755911 0
3014 -0.0006079945098568187 -0.0006170778657892006 0
3015 -0.0005529127923242337 -0.0006013152243888437 0
3016 -0.0006739176116907879 -0.000500911089872082 0
3017 -0.0005491486236722098 -0.0004637170670589419 0
3018 -0.0006401032421210951 -0.0004546510472098449 0
3019 -0.0006104126344382822 -0.0004459518783923652 0
3020 -0.0005972387584848689 -0.0004944680484059422 0
3021 -0.0004806135585051267 -0.0004059275964668421 0
3022 -0.0003466487076914949 -0.0004453183573455841 0
3023 -0.0003916306975788939 -0.0003344287871430577 0
3024 -0.0004416180745764315 -0.0004670904682290956 0
3025 -0.0003372896719936476 -0.0003907602502785862 0
3026 -0.000465489535378505 -0.0003494386141188711 0
3027 -0.0003879009774274204 -0.0004853192357631974 0
3028 -0.0003375222436384648 -0.0003586808859631531 0
3029 -0.0003721224407948591 -0.00037227229808669 0
3030 -0.0003686556899935994 -0.0004134614340693287 0
3031 -0.0004041069006024253 -0.0003998760289134232 0
3032 -0.00039559340671267 -0.0004499340191004565 0
3033 -0.0004390635039464513 -0.0004246086783229346 0
3034 -0.0004732499786064637 -0.0004446767593685007 0
3035 -0.0004441905935078605 -0.0003813973831317042 0
3036 -0.0004287238235777273 -0.0003463918711597601 0
3037 -0.0003255443003799281 -0.0004208568708993249 0
3038 -0.0004173599544994878 -0.0004896998044322291 0
3039 -0.0003622781983604853 -0.0004739371421140813 0
3040 -0.000483282472519965 -0.000373531185389934 0
3041 -0.0003585141609418856 -0.0003363390262672303 0
3042 -0.0004494708126402042 -0.0003272692902058214 0
3043 -0.0004197786800244106 -0.0003185702422018095 0
3044 -0.0004066039495467815 -0.0003670865006277462 0
3045 -0.0001150945587063597 -0.0006579365044756231 0
3046 2.005424583805838e-05 -0.0007285702769100111 0
3047 -4.793543818068993e-07 -0.0006244138637742618 0
3048 -7.892037286644381e-05 -0.0007515151913906063 0
3049 -0.000117076398756596 -0.0007158852366182689 0
3050 -7.89665013584054e-05 -0.0006180288675410078 0
3051 -2.256316994697328e-05 -0.000759098265283119 0
3052 2.76563633181428e-05 -0.0006706037490730406 0
3053 3.489014114460099e-05 -0.0007016762140376057 0
3054 -0.0001242592060589967 -0.0006878443833817695 0
3055 2.796028912202834e-05 -0.0006381787205026609 0
3056 -5.158983985759773e-05 -0.0007635419239769754 0
3057 6.381285252640531e-06 -0.0007544335713762001 0
3058 -0.0001093219067122288 -0.0006269563573346987 0
3059 -0.0001092834090379382 -0.0007426082564642916 0
3060 -5.382439338373175e-05 -0.0005987731407695154 0
3061 -4.073587374847208e-05 -0.0006337355210697806 0
3062 -7.741012872479119e-05 -0.0006546973270687124 0
3063 -4.328906155101088e-05 -0.0006768228385440098 0
3064 -8.2692023212913e-05 -0.000693175202716065 0
3065 -4.858110855158394e-05 -0.0007243509819614196 0
3066 -1.005121758201373e-05 -0.0006981556392833598 0
3067 -7.290349164709908e-06 -0.0006580642147589767 0
3068 -2.383434127306255e-05 -0.0006020298105761405 0
3069 -1.18297997206499e-05 -0.0007303852246978075 0
3070 -8.723624331197897e-05 -0.0007240727290985184 0
3071 8.991562572309913e-05 -0.0006075375342789425 0
3072 0.0002101805052034267 -0.0005141652609247165 0
3073 0.0001946837859397644 -0.0006187502039936394 0
3074 0.0001116679236480053 -0.0004906510128732639 0
3075 7.553987023446908e-05 -0.0005305586516610604 0
3076 0.0001380411128920716 -0.0006318237680865741 0
3077 0.0001685974681005874 -0.0004823361918095927 0
3078 0.0002182908031987235 -0.0005715414724791407 0
3079 0.0002276854234195803 -0.000540996261187475 0
3080 0.0001693774347773247 -0.0006331115743286119 0
3081 6.494381995295009e-05 -0.00058831563027372 0
3082 9.510852451872228e-05 -0.0005667534449076063 0
3083 0.0001247863699605555 -0.0005966073087766972 0
3084 0.0001373314947974224 -0.0005581111335195771 0
3085 0.0001633835000158175 -0.0005917830961609073 0
3086 0.0001826450591782956 -0.0005492879895761566 0
3087 0.0001481751677112442 -0.0005169893394083615 0
3088 0.0001095579983308805 -0.0005277619955564636 0
3089 0.0002185947182419725 -0.000603966488622792 0
3090 0.0001394179461912632 -0.0004769939815543929 0
3091 6.020708989653519e-05 -0.0005587790975338657 0
3092 8.131252128705006e-05 -0.000499578505239428 0
3093 0.0001970157105574006 -0.0004877116485781036 0
3094 0.0001072988846229687 -0.0006326555866108361 0
3095 0.0001797066707362561 -0.0005116736815994018 0
3096 0.0001943771723471996 -0.0005877444891698004 0
3097 -0.0001306548195072812 -0.0004549924141765939 0
3098 3.300485021938803e-06 -0.0004155760840088203 0
3099 -4.167223207435542e-05 -0.0005264659364030997 0
3100 -9.167363117449558e-05 -0.000393816640214568 0
3101 1.266113519351996e-05 -0.0004701361402765899 0
3102 -0.0001155115791405473 -0.0005114763504848516 0
3103 -3.795830006408888e-05 -0.0003755756320145898 0
3104 1.242859922588177e-05 -0.0005022180897550202 0
3105 -2.216889231368824e-05 -0.0004886247300783334 0
3106 -1.870634298713376e-05 -0.0004474347200343545 0
3107 -5.415083205478235e-05 -0.0004610230061193384 0
3108 -4.564428920841606e-05 -0.0004109650085194139 0
3109 -8.91073246543354e-05 -0.0004363000441254425 0
3110 -0.0001233025484322416 -0.0004162436448637888 0
3111 -9.422584092647228e-05 -0.0004795092501394828 0
3112 -7.875244912835332e-05 -0.0005145085520402245 0
3113 2.440867251142754e-05 -0.0004400376496346536 0
3114 -6.741972030298676e-05 -0.0003711996791547422 0
3115 -0.0001333143398323343 -0.0004873900196022896 0
3116 -1.233149557966312e-05 -0.0003869560409088172 0
3117 -8.560936568428449e-06 -0.0005245623510005873 0
3118 -9.947930910966468e-05 -0.0005336430378123817 0
3119 -6.980343431839211e-05 -0.0005423195283792855 0
3120 -5.664322372084161e-05 -0.0004938099850334308 0
3121 -0.0003212970934294984 -0.0005823595146065255 0
3122 -0.0001873339646801494 -0.0005429539422946077 0
3123 -0.0002323059389749367 -0.000653835269009513 0
3124 -0.0002823119566268309 -0.0005211866583996933 0
3125 -0.0001779732965448005 -0.0005975139947972799 0
3126 -0.0003061470317096238 -0.00063884442182867 0
3127 -0.0002285921026098235 -0.0005029532258835044 0
3128 -0.0001782058325057937 -0.0006295959447420882 0
3129 -0.000212806135415099 -0.000615999279735247 0
3130 -0.0002093413433966496 -0.0005748126815640797 0
3131 -0.0002447924090124095 -0.000588390424408472 0
3132 -0.0002362830020555665 -0.0005383379210869854 0
3133 -0.0002797539911042127 -0.0005636626573218379 0
3134 -0.0003139404270912937 -0.0005436018449358534 0
3135 -0.0002848630073592678 -0.0006068740296734192 0
3136 -0.0002693858566802446 -0.0006418736295335924 0
3137 -0.0001662257605076439 -0.0005674154991133051 0
3138 -0.0002580545386867514 -0.0004985768531684697 0
3139 -0.0002029664533773818 -0.000514333151997154 0
3140 -0.0003239510919951003 -0.000614761148457597 0
3141 -0.0001991954775426183 -0.0006519395903060804 0
3142 -0.000290107230282888 -0.0006610081182873807 0
3143 -0.0002604363412178637 -0.0006696850226767105 0
3144 -0.0002472788801454267 -0.0006211757670339265 0
3145 -0.0003062994933058977 -0.0008131521285266358 0
3146 -0.0001723327357144497 -0.0008525402920061168 0
3147 -0.0002173145528756611 -0.0007416527788883842 0
3148 -0.0002673030568007284 -0.0008743142942086609 0
3149 -0.0001629737166522893 -0.0007979821844776961 0
3150 -0.0002911738133752546 -0.0007566629077092727 0
3151 -0.0002135848627655878 -0.0008925412304712227 0
3152 -0.0001632062864262024 -0.0007659028150309753 0
3153 -0.000197807162607715 -0.0007794950285798675 0
3154 -0.0001943398805424795 -0.0008206833502218337 0
3155 -0.000229792674808688 -0.000807100480908306 0
3156 -0.0002212784810916499 -0.0008571571445888817 0
3157 -0.0002647505040516068 -0.0008318342885155079 0
3158 -0.0002989348471305061 -0.0008519034480833786 0
3159 -0.0002698752928310828 -0.0007886224738910287 0
3160 -0.0002544076076489351 -0.0007536168889826251 0
3161 -0.0001512283383451033 -0.0008280788000184417 0
3162 -0.00024304408071503 -0.0008969219019333009 0
3163 -0.000187962356509879 -0.0008811592520452392 0
3164 -0.0003089670716501863 -0.0007807547452132828 0
3165 -0.0001841982218362331 -0.0007435611067232625 0
3166 -0.0002751532644623419 -0.0007344943015555524 0
3167 -0.0002454623360906422 -0.0007257951596862039 0
3168 -0.0002322882841263277 -0.0007743113496332955 0
3169 -0.0001000950111198984 -0.0009403905514045107 0
3170 3.505505707837901e-05 -0.0008697480594331361 0
3171 1.452454488440395e-05 -0.0009738915265814456 0
3172 -6.395821770075159e-05 -0.0008468016258418236 0
3173 -0.0001020938390433067 -0.000882445378410532 0
3174 -6.395822474800734e-05 -0.0009802878113321237 0
3175 -7.56546358554896e-06 -0.0008392209759581228 0
3176 4.265596224095573e-05 -0.000927701933339576 0
3177 4.988985629575449e-05 -0.0008966368066162141 0
3178 -0.0001092663589055989 -0.0009104862786912691 0
3179 -3.660994588573376e-05 -0.0008347783511473176 0
3180 4.296004311286246e-05 -0.0009601244461057789 0
3181 -9.431335193378973e-05 -0.0009713669922841934 0
3182 2.138470035456821e-05 -0.0008438761541580326 0
3183 -9.431333956332002e-05 -0.0008557224400083693 0
3184 -3.88134808277315e-05 -0.0009995364100890639 0
3185 -2.573629918507362e-05 -0.0009645796465292679 0
3186 -6.241161094661541e-05 -0.0009436215089558524 0
3187 -2.829333605707781e-05 -0.0009215013201568378 0
3188 -6.769996599948364e-05 -0.0009051455237827717 0
3189 -3.35922331306644e-05 -0.0008739729360806794 0
3190 4.959279657118908e-06 -0.0009001800254879198 0
3191 7.704470574503744e-06 -0.0009402533101936782 0
3192 -8.826942622833264e-06 -0.0009962762112710702 0
3193 3.167344510400407e-06 -0.0008679443301486191 0
3194 -7.225823351195441e-05 -0.0008742486169518742 0
3195 9.053942115745808e-05 -0.000813012701557484 0
3196 0.0002256897747956544 -0.0007423769479552042 0
3197 0.0002051589769769338 -0.0008465136720518528 0
3198 0.0001266762069887636 -0.0007194237736892171 0
3199 8.85410929066532e-05 -0.0007550671724496361 0
3200 0.0001266762073364045 -0.0008529099594285796 0
3201 0.000183068417792691 -0.000711848990140004 0
3202 0.0002332903937672107 -0.0008003240788471871 0
3203 0.0002405262655275647 -0.0007692633712301557 0
3204 8.136879871054647e-05 -0.0007831080055000909 0
3205 9.632108143299315e-05 -0.0008439891410804303 0
3206 0.0001540260849600936 -0.0007074054637696955 0
3207 0.0002335944746608812 -0.0008327465912845044 0
3208 0.0002120191361751168 -0.0007164982971855389 0
3209 9.632108648193995e-05 -0.0007283445905339522 0
3210 0.0001518209521682923 -0.0008721585562847298 0
3211 0.0001648956888526189 -0.0008372057117148862 0
3212 0.0001282223470056063 -0.0008162446739870498 0
3213 0.0001623424072386256 -0.000794133567059312 0
3214 0.0001229367661040141 -0.000777768916120137 0
3215 0.0001570429778575864 -0.0007466028642107952 0
3216 0.0001956072577926484 -0.0007728263630403787 0
3217 0.0001983362471650065 -0.0008128840837966987 0
3218 0.0001818072405779618 -0.0008688987566719534 0
3219 0.0001937952691331607 -0.0007405800569000577 0
3220 0.0001183762990472639 -0.0007468709385480446 0
3221 0.001228855823392983 -0.0004401890225468255 0
3222 0.001362802608315873 -0.0004007610666552856 0
3223 0.001317829120381452 -0.0005116601439477558 0
3224 0.001267832743008179 -0.0003790100995715293 0
3225 0.001372163277105155 -0.0004553211199482799 0
3226 0.001243991661205899 -0.0004966719117673832 0
3227 0.001321543168944789 -0.0003607608934883304 0
3228 0.001371930741159126 -0.0004874030709433168 0
3229 0.001337336295118221 -0.000473813290726154 0
3230 0.001340796420931042 -0.000432619602237141 0
3231 0.001305359056476415 -0.0004462192846170192 0
3232 0.001313862493619985 -0.0003961553395657656 0
3233 0.001270408082960708 -0.0004215015202391464 0
3234 0.001236203337431603 -0.0004014499064039887 0
3235 0.001265279265591359 -0.0004647083786511627 0
3236 0.001280748579709677 -0.0004997073616749058 0
3237 0.001383910814022517 -0.0004252226235059633 0
3238 0.001226190313381677 -0.0004725822641891566 0
3239 0.001292082852022307 -0.0003563853923823473 0
3240 0.001347171207739009 -0.0003721418237513548 0
3241 0.001350941320820688 -0.0005097479991683309 0
3242 0.00126001577314109 -0.0005188418423575034 0
3243 0.001289697047551227 -0.0005275178899644886 0
3244 0.00130286024587537 -0.00047900803449873 0
3245 0.001419477258313344 -0.0003127933736222602 0
3246 0.001553437058737919 -0.0002733832083546811 0
3247 0.001508464748550902 -0.0003842681822794112 0
3248 0.001458460702634847 -0.000251619279206607 0
3249 0.001562797705179832 -0.0003279432645213647 0
3250 0.001434624403576279 -0.000369277866615553 0
3251 0.001512178626985904 -0.000233382606944824 0
3252 0.001562565170426516 -0.0003600252180410404 0
3253 0.001527966064030156 -0.000346429963211131 0
3254 0.001531429894881625 -0.0003052418998138464 0
3255 0.001495981638703222 -0.0003188241540606022 0
3256 0.001504489826412409 -0.0002687693026518539 0
3257 0.001461022231770893 -0.0002940984398528122 0
3258 0.001426832048442774 -0.0002740395070679591 0
3259 0.001455909159782871 -0.0003373088835461118 0
3260 0.001471384703344012 -0.0003723083572726875 0
3261 0.001574545246856559 -0.0002978447746198581 0
3262 0.001482716625747849 -0.0002290064159186306 0
3263 0.001537804776975841 -0.0002447627390846653 0
3264 0.001416820900125867 -0.0003451932848945046 0
3265 0.001541575569143977 -0.0003823691273363441 0
3266 0.001450660984690076 -0.0003914428424868279 0
3267 0.001480334003328819 -0.0004001195736424685 0
3268 0.00149349264057925 -0.0003516101953858723 0
3269 0.001214435211932178 -0.0002392492272854191 0
3270 0.001349177192699456 -0.0001679158762683135 0
3271 0.001329032314481483 -0.0002727278069370639 0
3272 0.001247699627605338 -0.0001438974157975544 0
3273 0.001212038616339532 -0.0001819484415611006 0
3274 0.001250591294582858 -0.0002791338023267486 0
3275 0.001305985613626502 -0.0001378584137949153 0
3276 0.001357168037325838 -0.0002265379323569804 0
3277 0.001361672489000953 -0.0001947004136074551 0
3278 0.001204660647467789 -0.0002100372980977891 0
3279 0.001354965412528772 -0.0002573854161023743 0
3280 0.001335892941555452 -0.0001427081087246139 0
3281 0.001275805908592274 -0.000133296080478544 0
3282 0.001307328939177841 -0.0002957945571988931 0
3283 0.001288548978392977 -0.0002634501080299658 0
3284 0.001321280680735875 -0.0002371020397425087 0
3285 0.001284258462350248 -0.0002204308682787946 0
3286 0.001320380751913538 -0.000197810042216954 0
3287 0.001280427408780577 -0.0001723549745326197 0
3288 0.001246016159156466 -0.0002047407449621677 0
3289 0.001251038364404983 -0.0002448853052077973 0
3290 0.001276798221841399 -0.0002976939971297051 0
3291 0.001220189748533878 -0.0001545749689092202 0
3292 0.001220228258582994 -0.0002702268713098916 0
3293 0.001241919290829932 -0.0001730559785186655 0
3294 0.001318229125918467 -0.0001651912920349603 0
3295 0.001023211148561823 -0.0003387631430984144 0
3296 0.001157172937742855 -0.0002993557344416976 0
3297 0.001112200839712424 -0.0004102385161474838 0
3298 0.001062195612290817 -0.0002775897881264565 0
3299 0.001166533605799581 -0.0003539157868493477 0
3300 0.001038360045169888 -0.0003952478843084646 0
3301 0.001115914693746549 -0.0002593550625235371 0
3302 0.001166301069836788 -0.0003859977366678852 0
3303 0.001131701247107935 -0.0003724016362607701 0
3304 0.001135165656784377 -0.0003312144568544449 0
3305 0.001099715714306523 -0.0003447939985326299 0
3306 0.001108224631900238 -0.0002947405572810723 0
3307 0.001064755001621181 -0.0003200670519777527 0
3308 0.001030567064594462 -0.0003000069937196783 0
3309 0.001059644362376947 -0.0003632780543504498 0
3310 0.001075120870986806 -0.0003982776032932711 0
3311 0.001178281141730909 -0.0003238172912565498 0
3312 0.001086452431191577 -0.0002549787610666366 0
3313 0.00114154053847343 -0.0002707350711748367 0
3314 0.001020556206789246 -0.0003711640889838765 0
3315 0.001145311443527461 -0.0004083414873626494 0
3316 0.001054398560673501 -0.0004174120915484161 0
3317 0.001084070300985066 -0.0004260889251726125 0
3318 0.001097228231552094 -0.0003775796205858299 0
3319 0.001038209261409029 -0.00056955138118143 0
3320 0.001172174166417869 -0.0006089420840865072 0
3321 0.001127192177692205 -0.000498052557308888 0
3322 0.001077204766765162 -0.0006307142359608102 0
3323 0.001181533185480029 -0.0005543839765580865 0
3324 0.001053333329091738 -0.0005130623893186429 0
3325 0.001130921892216987 -0.0006489429609908471 0
3326 0.001181300615706116 -0.0005223046071113658 0
3327 0.001146700403630745 -0.0005358960397193102 0
3328 0.001150167156775681 -0.0005770851654923041 0
3329 0.001114715915777755 -0.0005634998075781323 0
3330 0.00112322943274606 -0.0006135577690755982 0
3331 0.00107975928899481 -0.0005882324805235753 0
3332 0.001045572869323024 -0.0006083005977484297 0
3333 0.001074632255421114 -0.0005450211776534485 0
3334 0.001090099051916091 -0.0005100156628709334 0
3335 0.001193278563787215 -0.0005844805920988322 0
3336 0.001101462914398818 -0.0006533235336907696 0
3337 0.001156544669130389 -0.0006375608685321383 0
3338 0.001035540378289564 -0.0005371549496507559 0
3339 0.001160308705938614 -0.0004999627533121477 0
3340 0.00106935209829553 -0.0004908930781632475 0
3341 0.001099044204532511 -0.0004821940301733627 0
3342 0.001112218907317661 -0.0005307102899589569 0
3343 0.001243838043013376 -0.0006709579259387587 0
3344 0.001377803828509131 -0.0007103474150656431 0
3345 0.00133282192939755 -0.0005994588576856068 0
3346 0.001282833990618996 -0.0007321204548584877 0
3347 0.001387162857405508 -0.0006557893091571961 0
3348 0.001258962885209204 -0.0006144688289524508 0
3349 0.001336551627126728 -0.0007503483247853465 0
3350 0.0013869302876006 -0.0006237099389386106 0
3351 0.001352329755045316 -0.0006373017471772186 0
3352 0.001355796765139975 -0.0006784904822752487 0
3353 0.001320344775955505 -0.0006649063253736984 0
3354 0.001328858613712795 -0.0007149636628584002 0
3355 0.001285387569786943 -0.0006896395429825309 0
3356 0.001251202145232896 -0.0007097081534434292 0
3357 0.001280261616611431 -0.0006464279912973033 0
3358 0.001295728838272238 -0.0006114224455792491 0
3359 0.001398908235494375 -0.000685885927738279 0
3360 0.001307092531557455 -0.0007547289419710525 0
3361 0.001362174273268332 -0.0007389662884761 0
3362 0.001241169789951522 -0.0006385610355894986 0
3363 0.00136593836440627 -0.0006013681549892474 0
3364 0.001274982506440525 -0.0005922998620700765 0
3365 0.001304674047010231 -0.0005836007676062057 0
3366 0.001317848438398889 -0.0006321169929074832 0
3367 0.001449393529793147 -0.0005927034772300737 0
3368 0.001573030508567646 -0.0005032207255560164 0
3369 0.001549746029005678 -0.0006062000666569085 0
3370 0.001471183109121083 -0.0004758255657696076 0
3371 0.001430040420769061 -0.0005425686534916742 0
3372 0.001499493701542425 -0.0006208181947611189 0
3373 0.001524902924444813 -0.0004703908454530682 0
3374 0.001581248391692198 -0.0005562650174985702 0
3375 0.001589643899444386 -0.0005262609332983402 0
3376 0.001440901803801191 -0.0004848126307099613 0
3377 0.001461334596266016 -0.0005157803326987584 0
3378 0.001500690218772858 -0.0004992746306966959 0
3379 0.001497786005809016 -0.0005391466281479823 0
3380 0.001535034561855578 -0.0005114225072137069 0
3381 0.001537309159234003 -0.0005633562953242324 0
3382 0.001492976727400205 -0.000581209195832631 0
3383 0.001460817711718539 -0.0005573387893486932 0
3384 0.001527914826927907 -0.0006259505296211577 0
3385 0.001576773989470596 -0.0005883297398628427 0
3386 0.001496375150379885 -0.0004566220812224711 0
3387 0.001470379532736698 -0.0006153380674190524 0
3388 0.00142435901700048 -0.0005735010241103347 0
3389 0.001425842387356355 -0.0005107357662393961 0
3390 0.001554891898031578 -0.0004784380001615238 0
3391 0.001520717631041508 -0.0005979328100250772 0
3392 0.001562681740947006 -0.0005321707966844358 0
3393 0.001275895346983533 0.0002408849064607471 0
3394 0.001410637164424501 0.0003122183178523766 0
3395 0.0013904924470045 0.0002074063141103518 0
3396 0.001309159882420683 0.0003362340802502029 0
3397 0.001273498488947784 0.0002981828235429741 0
3398 0.001312051424534551 0.0002010003253330377 0
3399 0.001367445592342339 0.0003422740306851597 0
3400 0.001418628172373831 0.0002535961888557544 0
3401 0.001423132401164573 0.0002854337811676546 0
3402 0.00126612008064438 0.0002700939373546083 0
3403 0.001416425568561231 0.0002227486909253294 0
3404 0.001397353069823272 0.0003374260117896367 0
3405 0.001337265849195467 0.0003468351435121019 0
3406 0.001368789069469079 0.0001843395636722764 0
3407 0.001350008586196877 0.0002166823927379236 0
3408 0.001382741016948959 0.000243031695476852 0
3409 0.001345716611520312 0.000259698360810023 0
3410 0.001381840191776154 0.0002823231147587082 0
3411 0.001341886979079948 0.0003077753804354549 0
3412 0.001307473794831751 0.0002753846443694917 0
3413 0.001312496063134921 0.0002352453400709274 0
3414 0.001338258312338471 0.0001824400082247858 0
3415 0.001281649890688766 0.000325559159388945 0
3416 0.001281688388363057 0.0002099072602593523 0
3417 0.001303379906074817 0.0003070735783085101 0
3418 0.001379689098856228 0.0003149422447114412 0
3419 0.00146594215358202 0.0003961239351817742 0
3420 0.001599901954006595 0.0004355341004493533 0
3421 0.001554929643819578 0.0003246491265246232 0
3422 0.001504925597903523 0.0004572980295974275 0
3423 0.001609262600448508 0.0003809740442826697 0
3424 0.001481089298844955 0.0003396394421884814 0
3425 0.00155864352225458 0.0004755347018592104 0
3426 0.001609030065695192 0.000348892090762994 0
3427 0.001574430959298832 0.0003624873455929035 0
3428 0.001577894790150301 0.0004036754089901881 0
3429 0.001542446533971898 0.0003900931547434322 0
3430 0.001550954721681085 0.0004401480061521805 0
3431 0.001507487127039569 0.0004148188689512221 0
3432 0.00147329694371145 0.0004348778017360753 0
3433 0.001502374055051547 0.0003716084252579226 0
3434 0.001517849598612688 0.0003366089515313468 0
3435 0.001621010142125235 0.0004110725341841763 0
3436 0.001529181521016525 0.0004799108928854038 0
3437 0.001584269672244517 0.0004641545697193692 0
3438 0.001463285795394543 0.0003637240239095298 0
3439 0.001588040464412653 0.0003265481814676903 0
3440 0.001497125879958752 0.0003174744663172065 0
3441 0.001526798898597495 0.0003087977351615659 0
3442 0.001539957535847926 0.000357307113418162 0
3443 0.001260900107200854 0.0004696680815186152 0
3444 0.001395641715095756 0.0005410016026739625 0
3445 0.001375497209750159 0.0004361895018669704 0
3446 0.001294164797048048 0.0005650136511504281 0
3447 0.001258502872576379 0.0005269620537842512 0
3448 0.001297056189851534 0.0004297835064772857 0
3449 0.001352450137431685 0.0005710549136498538 0
3450 0.001403632932594515 0.0004823793764470539 0
3451 0.001408136857367656 0.0005142170717593756 0
3452 0.001251123868446227 0.0004988731228294917 0
3453 0.001401430358576566 0.0004515318617704834 0
3454 0.00132227033376622 0.0005756143444205667 0
3455 0.001382357836824128 0.0005662092000794205 0
3456 0.00126669315385167 0.0004386904374941427 0
3457 0.001353793834446517 0.0004131227516051412 0
3458 0.001335012628786015 0.0004454633458911949 0
3459 0.001367746057444351 0.000471814350574489 0
3460 0.001330718642504443 0.0004884748181032904 0
3461 0.00136684400283572 0.0005111049857428703 0
3462 0.00132689096197014 0.0005365533863983165 0
3463 0.001292475111605854 0.0005041558102311799 0
3464 0.001297497476955393 0.0004640237327911126 0
3465 0.001323263026375699 0.0004112230307061897 0
3466 0.001266654643802554 0.0005543423398948142 0
3467 0.001288385314847596 0.0005358504751865763 0
3468 0.001364693652449798 0.0005437246330139183 0
3469 0.001069676043830499 0.0003701541657056197 0
3470 0.001203637833011532 0.0004095615743623367 0
3471 0.0011586657349811 0.0002986787926565503 0
3472 0.001108660507559493 0.0004313275206775777 0
3473 0.001212998501068257 0.0003550015219546865 0
3474 0.001084824940438564 0.0003136694244955695 0
3475 0.001162379589015225 0.0004495622462804971 0
3476 0.001212765965105465 0.0003229195721361491 0
3477 0.001178166142376611 0.0003365156725432641 0
3478 0.001181630552053053 0.0003777028519495893 0
3479 0.0011461806095752 0.0003641233102714042 0
3480 0.001154689527168914 0.0004141767515229618 0
3481 0.001111219896889857 0.0003888502568262815 0
3482 0.001077031959863138 0.0004089103150843558 0
3483 0.001106109257645623 0.0003456392544535842 0
3484 0.001121585766255482 0.000310639705510763 0
3485 0.001224746036999585 0.0003851000175474844 0
3486 0.001132917326460253 0.0004539385477373976 0
3487 0.001188005433742106 0.0004381822376291974 0
3488 0.001067021102057922 0.0003377532198201576 0
3489 0.001191776338796138 0.0003005758214413849 0
3490 0.001100863455942177 0.0002915052172556179 0
3491 0.001130535196253742 0.0002828283836314215 0
3492 0.001143693126820771 0.0003313376882182042 0
3493 0.001085247116525306 0.0001135302869061568 0
3494 0.001220396872954046 0.0001841802744755438 0
3495 0.001199866679266459 8.002932366750618e-05 0
3496 0.001121383915113672 0.0002071192166137774 0
3497 0.00108324772306538 0.0001714750642761855 0
3498 0.001121383908872351 7.363303273261683e-05 0
3499 0.001177777267905037 0.0002147063894777228 0
3500 0.001227998091787983 0.0001262189155485742 0
3501 0.001235229790451137 0.000157288949592436 0
3502 0.001076074957520592 0.0001434340869507565 0
3503 0.001228302171573761 9.37964067867741e-05 0
3504 0.00114873039490569 0.0002191480108380066 0
3505 0.001206726826853059 0.0002100446943216744 0
3506 0.001091028780752564 8.255384732376776e-05 0
3507 0.001091028783097558 0.0001981984052677703 0
3508 0.001146528655333577 5.43844379336056e-05 0
3509 0.001159608546852652 8.93455543194984e-05 0
3510 0.001122931042430115 0.0001103004634076706 0
3511 0.001157047334319742 0.0001324307440938018 0
3512 0.001117639600033168 0.0001487767002050206 0
3513 0.001151749026979874 0.0001799565507070998 0
3514 0.001190286374992697 0.0001537676892439886 0
3515 0.001193049552899446 0.000113677123145301 0
3516 0.001176515469492639 5.764508402394182e-05 0
3517 0.001188516705154534 0.000185991596743837 0
3518 0.001113083773736695 0.0001796724188155633 0
3519 0.001290314696762784 3.797549868621226e-05 0
3520 0.001424268723777807 -1.430106261608533e-06 0
3521 0.001379285736646455 0.0001094712310648785 0
3522 0.001329304734131855 -2.319140426162963e-05 0
3523 0.001433627752674185 5.312799964683813e-05 0
3524 0.001305429305054503 9.446314492481823e-05 0
3525 0.001383015587087094 -4.143062483003233e-05 0
3526 0.001433395182869276 8.520736986542366e-05 0
3527 0.001398798866709644 7.162051768393939e-05 0
3528 0.001402262517903889 3.042667943198735e-05 0
3529 0.001366820387817708 4.402662980912041e-05 0
3530 0.00137532993087477 -6.038945110754156e-06 0
3531 0.001331870814992118 1.930061140646798e-05 0
3532 0.001297672208602002 -7.613830538609034e-07 0
3533 0.001326730613538799 6.250891733980386e-05 0
3534 0.001342192194863002 9.751401853182103e-05 0
3535 0.001445373130763051 2.303138106575536e-05 0
3536 0.001353558016935939 -4.581061578427582e-05 0
3537 0.001287638162163407 7.036634935998449e-05 0
3538 0.001408639952334864 -3.004786537279533e-05 0
3539 0.001412403422543328 0.0001075500771802374 0
3540 0.001321437631480052 0.0001166365855828027 0
3541 0.001351136647904639 0.000125335084217124 0
3542 0.001364315171721113 7.681841391636135e-05 0
3543 0.001481511218558453 0.0001395028151661599 0
3544 0.001616661797781071 0.0002101331244243904 0
3545 0.001596130774377929 0.0001060018446717912 0
3546 0.001517648004389759 0.0002330917430344265 0
3547 0.001479513297687143 0.0001974486332913145 0
3548 0.001517648004737399 9.96055572950644e-05 0
3549 0.001574039772300387 0.0002406617873103325 0
3550 0.001624262191168206 0.0001521914378764568 0
3551 0.001631499657827622 0.0001832485771517579 0
3552 0.001472341184383255 0.0001694078548013954 0
3553 0.001487292878833988 0.0001085263756432136 0
3554 0.001544999179350967 0.0002451060443745645 0
3555 0.001624566272061876 0.0001197689254391395 0
3556 0.001602990933576112 0.0002360172195381049 0
3557 0.001487292883882935 0.0002241709261896916 0
3558 0.001542792749569287 8.035696043891416e-05 0
3559 0.001555865515355767 0.0001153066424765639 0
3560 0.001519193763445491 0.0001362700234151115 0
3561 0.001553315268246907 0.0001583737976965181 0
3562 0.001513910425369248 0.0001747455995053568 0
3563 0.001548015405680148 0.0002059063697939718 0
3564 0.001586589993902662 0.0001796696196352027 0
3565 0.001589305905345882 0.0001396244687226213 0
3566 0.001572778836866932 8.361643734432382e-05 0
3567 0.001584761801873515 0.0002119244895928398 0
3568 0.001509348181057682 0.0002056444397924052 0
3569 0.0009616764722683725 0.0008780577527018762 0
3570 0.001096418259048377 0.0009493911780834414 0
3571 0.001076273572289339 0.0008445791603514809 0
3572 0.0009949410302475409 0.0009734064131939031 0
3573 0.0009592795616851622 0.0009353551094836263 0
3574 0.0009978325498193905 0.0008381731715741668 0
3575 0.001053226687075762 0.0009794465495183381 0
3576 0.001104409297658671 0.0008907690350968835 0
3577 0.00110891348312274 0.0009226066419269704 0
3578 0.0009519010682493274 0.0009072662171747206 0
3579 0.001102206698021993 0.0008599215346227708 0
3580 0.001023046935815403 0.0009840074236548912 0
3581 0.001083134195108112 0.0009745988580307659 0
3582 0.001054570194753919 0.0008215124099134057 0
3583 0.001035789609111026 0.0008538549219741105 0
3584 0.001068522181826225 0.0008802044661853974 0
3585 0.001031497349062675 0.0008968702512844003 0
3586 0.00106762118184374 0.0009194957734313088 0
3587 0.001027667994000765 0.0009449474908511783 0
3588 0.0009932544314251656 0.0009125557839480007 0
3589 0.0009982767128848137 0.0008724175061680507 0
3590 0.00102403943016189 0.0008196128313605985 0
3591 0.0009674310159736056 0.0009627320056300742 0
3592 0.0009674695136478961 0.0008470801065004816 0
3593 0.0009891611241822922 0.0009442455318886646 0
3594 0.001065470193818427 0.00095211497715802 0
3595 0.001151720882656217 0.001033300064451351 0
3596 0.001285683079291434 0.001072706946690483 0
3597 0.001240710990872421 0.0009618245753724845 0
3598 0.001190705531359548 0.001094473268441695 0
3599 0.001295043725733347 0.001018146890523799 0
3600 0.001166870112749316 0.0009768152749531384 0
3601 0.001244424837746388 0.001112707627696286 0
3602 0.001294811190980031 0.0009860649370041232 0
3603 0.001260211225923197 0.0009996612015100961 0
3604 0.001263675740633615 0.001040848225241332 0
3605 0.001228225475604135 0.001027269188231289 0
3606 0.001236734538669453 0.001077322362052225 0
3607 0.001193264513506968 0.001051996369674447 0
3608 0.00115907701460285 0.001072056651100999 0
3609 0.001188154344625727 0.001008785263900529 0
3610 0.001203631036974116 0.0009737856994531333 0
3611 0.001306791267410074 0.001048245380425306 0
3612 0.001214962526043227 0.001117083946428595 0
3613 0.001270050637802285 0.001101327642996907 0
3614 0.001149066212019026 0.00100089892254135 0
3615 0.001273821556539825 0.0009637212157701894 0
3616 0.001182908994193761 0.0009546512131058483 0
3617 0.001212580490184769 0.0009459743559459952 0
3618 0.001225738286982448 0.000994483646594521 0
3619 0.0009466812324856935 0.001106840927759744 0
3620 0.00108142297905929 0.001178174385623435 0
3621 0.001061278335034999 0.001073362348108099 0
3622 0.0009799458202468102 0.001202188817564557 0
3623 0.0009442842355181205 0.001164137432765263 0
3624 0.0009828373151363739 0.001066956352718415 0
3625 0.001038231400637095 0.001208229239739563 0
3626 0.001089414057879354 0.001119552222688183 0
3627 0.001093918178618223 0.001151389852318247 0
3628 0.0009369056162742616 0.001136048529443216 0
3629 0.001087211464990518 0.00108870471950647 0
3630 0.001008051633538197 0.00121278974941037 0
3631 0.001068138962108967 0.00120338204632055 0
3632 0.001039574959731357 0.00105029559784627 0
3633 0.001020794216857963 0.001082637625051211 0
3634 0.001053527003822698 0.001108987538189452 0
3635 0.001016501520599626 0.001125651984543598 0
3636 0.001052625739534503 0.001148278679657954 0
3637 0.001012672586181174 0.001173729558695993 0
3638 0.0009782584464758349 0.001141336371034794 0
3639 0.0009832807519537512 0.001101199653521004 0
3640 0.001009044185391378 0.001048395981387471 0
3641 0.0009524357690873934 0.001191515186135943 0
3642 0.0009524742791365097 0.001075863283735272 0
3643 0.0009741660205729846 0.001173027356596043 0
3644 0.00105047491481281 0.001180897993547084 0
3645 0.000756046800204222 0.0009794630779123084 0
3646 0.0008907881797401807 0.001050796695944794 0
3647 0.0008706439029425021 0.0009459844935786584 0
3648 0.0007893116614850075 0.001074804916553864 0
3649 0.0007536491870740123 0.001036752979183286 0
3650 0.0007922028830500915 0.0009395785008148611 0
3651 0.0008475966128629833 0.001080847525083826 0
3652 0.0008987796263530966 0.0009921743681958156 0
3653 0.000903283234182861 0.001024012167548461 0
3654 0.0007462695619445739 0.001008664004080304 0
3655 0.0007618398457671353 0.0009484854325310682 0
3656 0.0008174167543329626 0.001085405224124376 0
3657 0.0008965770825610982 0.0009613268347930872 0
3658 0.000877504525545513 0.001076004189293156 0
3659 0.0007618013430389808 0.001064137336661123 0
3660 0.0008489405271383715 0.000922917743277305 0
3661 0.0008301585777512695 0.0009552560352154551 0
3662 0.0008628930381533446 0.0009816087936181806 0
3663 0.0008258625178437953 0.0009982628647899059 0
3664 0.0008619897105616014 0.001020898610513226 0
3665 0.0008220368546622038 0.001046343031286465 0
3666 0.0007876182531520876 0.001013938402969203 0
3667 0.0007926407138500708 0.0009738137843201983 0
3668 0.000818409664447214 0.0009210178552615788 0
3669 0.0007835326866283136 0.00104563898306497 0
3670 0.0008598401204909658 0.001053518795050595 0
3671 0.0007710282429135869 0.0008043948120793746 0
3672 0.0009061783207730582 0.0007337522871764944 0
3673 0.0008856478008818434 0.0008378957804021016 0
3674 0.000807165034157191 0.0007108058789737462 0
3675 0.0007690294057058531 0.0007464496376673436 0
3676 0.0008071650403985115 0.000844292062854907 0
3677 0.0008635577961048864 0.0007032252040625874 0
3678 0.0009137792060335451 0.000791706178487077 0
3679 0.0009210131062844833 0.0007606410386587789 0
3680 0.0007618568892811012 0.0007744905405579612 0
3681 0.0008345133009075663 0.0006987825838724559 0
3682 0.0009140832970184474 0.0008241287014319012 0
3683 0.000776809908382398 0.0008353712515088998 0
3684 0.0008925079642248919 0.0007078804002800379 0
3685 0.0007768099060374036 0.000719726693564897 0
3686 0.0008323097860608664 0.0008635406572610659 0
3687 0.0008453869690285208 0.0008285838832577091 0
3688 0.0008087116482357928 0.0008076257551322472 0
3689 0.0008428299183017644 0.0007855055353047092 0
3690 0.0008034232795994132 0.0007691497694489738 0
3691 0.0008375310224315008 0.000737977159244247 0
3692 0.0008760825027519004 0.0007641841920924199 0
3693 0.000878827736647346 0.0008042575315361777 0
3694 0.000862296320048079 0.0008602804580470948 0
3695 0.0008742906377225113 0.0007319485323573254 0
3696 0.0007988650138780602 0.0007382528668794573 0
3697 0.000976657920613638 0.0007029894907898901 0
3698 0.001111808400833871 0.0006323570157219286 0
3699 0.001091277471690812 0.000736490447942053 0
3700 0.001012794697937827 0.0006094005516326497 0
3701 0.0009746598232468607 0.0006450437889152892 0
3702 0.001012794704985083 0.0007428867371229496 0
3703 0.001069186634688716 0.0006018286336012934 0
3704 0.001119408877959024 0.0006903008458879676 0
3705 0.001126645720477728 0.0006592423019395545 0
3706 0.0009674876433100936 0.0006730845930649097 0
3707 0.0009824395831225146 0.000733965922956404 0
3708 0.00104014535271079 0.0005973846679376251 0
3709 0.001119712968960582 0.000722723369649187 0
3710 0.001098137626830938 0.0006064750650550813 0
3711 0.0009824395707520447 0.00061832137068058 0
3712 0.001037939454790214 0.0007621353251046175 0
3713 0.001051012985493706 0.0007271844046508656 0
3714 0.001014340605732318 0.0007062219567988629 0
3715 0.00104846153099993 0.0006841152887015718 0
3716 0.001009056373656271 0.0006677463143089645 0
3717 0.001043161844541453 0.0006365834491703043 0
3718 0.001081732366098323 0.0006628149707433515 0
3719 0.001084453436019018 0.0007028650790695568 0
3720 0.001067925616714842 0.0007588757230287951 0
3721 0.00107991056852197 0.0006305634749949755 0
3722 0.001004494838331706 0.0006368478063186267 0
3723 0.001181639550346663 0.0007533866778150897 0
3724 0.001305276529121161 0.0008428694294891469 0
3725 0.001281992049559194 0.0007398900883882549 0
3726 0.001203429129674598 0.0008702645892755558 0
3727 0.001162286441322577 0.0008035215015534892 0
3728 0.00123173972209594 0.0007252719602840445 0
3729 0.001257148944998329 0.0008756993095920952 0
3730 0.001313494412245713 0.0007898251375465932 0
3731 0.001321889919997902 0.0008198292217468233 0
3732 0.001173147824354707 0.0008612775243352021 0
3733 0.001193580616819532 0.0008303098223464051 0
3734 0.001232936239326374 0.0008468155243484675 0
3735 0.001230032026362531 0.000806943526897181 0
3736 0.001267280582409093 0.0008346676478314564 0
3737 0.001269555179787519 0.000782733859720931 0
3738 0.001225222747953721 0.0007648809592125324 0
3739 0.001193063732272055 0.0007887513656964703 0
3740 0.001260160847481423 0.0007201396254240057 0
3741 0.001309020010024111 0.0007577604151823207 0
3742 0.001228621170933401 0.0008894680738226923 0
3743 0.001202625553290214 0.000730752087626111 0
3744 0.001156605037553996 0.0007725891309348287 0
3745 0.001158088407909871 0.0008353543888057674 0
3746 0.001287137918585094 0.0008676521548836397 0
3747 0.001252963651595024 0.0007481573450200862 0
3748 0.001294927761500522 0.0008139193583607277 0
3749 0.0003703921264476974 0.001300601986180728 0
3750 0.0005043406778969353 0.001340027522478752 0
3751 0.000459367353144144 0.001229130363562364 0
3752 0.0004093699340087868 0.001361780252626458 0
3753 0.0005137013466862174 0.001285467469185758 0
3754 0.0003855295015174969 0.001244118879194825 0
3755 0.0004630813792018734 0.001380027754467306 0
3756 0.0005134688107401882 0.001253385518190721 0
3757 0.0004788737312524162 0.001266976042543095 0
3758 0.000482334361827771 0.001308168964818996 0
3759 0.0004468955162825615 0.001294571653611161 0
3760 0.0004553995985259721 0.001344634361885575 0
3761 0.0004119433958552742 0.001319290498790283 0
3762 0.0003777406298524661 0.00133934310692549 0
3763 0.0004068167188393527 0.001276083153085898 0
3764 0.0004222868797854128 0.001241084103371648 0
3765 0.000525448883603579 0.001315565965628074 0
3766 0.000433620832964286 0.001384403349511106 0
3767 0.0003677278605369626 0.001268207837749823 0
3768 0.0004887091596059214 0.00136864693268824 0
3769 0.0004924793659189707 0.001231040728580414 0
3770 0.0004015553089086368 0.001221949622127759 0
3771 0.0004312354608457619 0.001213273481631505 0
3772 0.0004443980390262871 0.001261783271931885 0
3773 0.0005615848418673428 0.001453828145256573 0
3774 0.0006967338325359161 0.001383198977534395 0
3775 0.0006762000470818318 0.001487350779712146 0
3776 0.0005977590279369263 0.001360249459461823 0
3777 0.0005596033466714209 0.001395879171587429 0
3778 0.0005977128951680663 0.001493735784118488 0
3779 0.0006541158535444938 0.001352670394166979 0
3780 0.0007043357747608937 0.001441160903772465 0
3781 0.0007115708896282818 0.001410091455964306 0
3782 0.0005524206913707535 0.001423919978258133 0
3783 0.0006250906570331688 0.001348226119533166 0
3784 0.0007046396899820762 0.001473585919935681 0
3785 0.0005673574928533212 0.001484808291671206 0
3786 0.0006830606820392082 0.001357331079732005 0
3787 0.0005673959928707902 0.001369156394938409 0
3788 0.0006228550021575417 0.001512991511377479 0
3789 0.0006359418533805756 0.001478031806240859 0
3790 0.0005992689462822696 0.00145706802003559 0
3791 0.000633391228261378 0.001434948712668925 0
3792 0.0005939889475852951 0.00141859030100434 0
3793 0.000628098820378548 0.001387418984011859 0
3794 0.0006666374184934845 0.001413625534098905 0
3795 0.0006693872309875785 0.001453706327922261 0
3796 0.0006528448867426283 0.001509735112578744 0
3797 0.0006648451413528241 0.001381388700180173 0
3798 0.0005894432300744343 0.001387692041078946 0
3799 0.0003559732815132399 0.001501539361848619 0
3800 0.0004907147248969796 0.001572872958106517 0
3801 0.0004705703840625456 0.001468060782196974 0
3802 0.00038923809263921 0.001596882181104561 0
3803 0.0003535757649803326 0.001558830331611482 0
3804 0.0003921293641639205 0.001461654786807289 0
3805 0.0004475231484909018 0.001602924439848262 0
3806 0.0004987061069069009 0.001514250656777057 0
3807 0.0005032097992101387 0.001546088430029658 0
3808 0.0003461963044941971 0.001530741367945451 0
3809 0.0004173433016256476 0.00160748259168787 0
3810 0.0004965035552522236 0.001483403128478306 0
3811 0.0003617663281640563 0.001470561717824146 0
3812 0.000477431011136514 0.001598080480409424 0
3813 0.0003617278181149399 0.001586213620224818 0
3814 0.0004488670087589034 0.001444994031935145 0
3815 0.0004300852544224385 0.0014773329275934 0
3816 0.0004628194437584161 0.001503685226293197 0
3817 0.0004257897387798271 0.001520340977181569 0
3818 0.0004619164520745524 0.001542975261444189 0
3819 0.0004219635447553857 0.001568420723921977 0
3820 0.0003875456657651241 0.001536017945276296 0
3821 0.000392568102639343 0.001495891368364417 0
3822 0.0004183361606971261 0.001443094187229502 0
3823 0.0003834589864980162 0.001567716971850664 0
3824 0.0004597666642456133 0.001575595303794429 0
3825 0.0001647568919259758 0.00140201493294788 0
3826 0.0002987110073239177 0.00144143285469234 0
3827 0.0002537381993957571 0.001330541738533208 0
3828 0.0002037374986081174 0.001463191139568751 0
3829 0.0003080716753806429 0.00138687280228469 0
3830 0.0001798991116558565 0.00134553114047451 0
3831 0.0002574521537499307 0.001481433271566975 0
3832 0.0003078391394178508 0.001354790852466152 0
3833 0.0002732420669432067 0.001368383719632129 0
3834 0.0002767042859820373 0.00140957422829096 0
3835 0.000241260776912051 0.001395984384141483 0
3836 0.0002497668914309589 0.001446043197841289 0
3837 0.0002063050450008994 0.001420706632781032 0
3838 0.0001721085106812802 0.001440762372000772 0
3839 0.0002011851085244851 0.001377497749907435 0
3840 0.0002166579382592816 0.001342498491307956 0
3841 0.0003198192113119711 0.001416971297877488 0
3842 0.0002279908858782316 0.001485809164255759 0
3843 0.0001620965458212025 0.001369617927687169 0
3844 0.0002830791195362037 0.001470052790951315 0
3845 0.0002868496193328303 0.001332446499538231 0
3846 0.000195930260811092 0.001323364006410886 0
3847 0.0002256068773018283 0.001314687576308668 0
3848 0.000238767499931282 0.00136319716202814 0
3849 0.0001803202908376922 0.00114540156723616 0
3850 0.000315470239562363 0.001216046901892576 0
3851 0.0002949398535788455 0.00111190060399751 0
3852 0.0002164570894260581 0.001238990496943781 0
3853 0.0001783212449229248 0.001203346590980506 0
3854 0.0002164570831847376 0.001105504313062621 0
3855 0.0002728500661922842 0.001246573618656413 0
3856 0.0003230712661003694 0.001158090195878578 0
3857 0.0003303043266956324 0.001189157179444495 0
3858 0.0001711486336922086 0.001175305660156585 0
3859 0.0003233753458861473 0.001125667687116778 0
3860 0.0002438046802735301 0.001251015862965208 0
3861 0.0003018000011654456 0.001241915974651678 0
3862 0.0001861019550649503 0.001114425127653771 0
3863 0.0001861019574099445 0.001230069685597774 0
3864 0.0002416018296459635 0.001086255718263609 0
3865 0.0002546800330675502 0.001121214128321922 0
3866 0.0002180038900343783 0.001142171042148402 0
3867 0.0002521214125038653 0.001164295050700002 0
3868 0.0002127143638759508 0.001180647121883987 0
3869 0.0002468227395082592 0.001211822459916392 0
3870 0.0002853688905339151 0.001185622269141349 0
3871 0.0002881208898323327 0.001145542445188511 0
3872 0.0002715884715501798 0.00108951608819807 0
3873 0.0002835853824642458 0.001217853504752293 0
3874 0.0002081570203451641 0.001211543580138279 0
3875 0.0003853851355356035 0.001069843030140956 0
3876 0.0005193418980901933 0.001030441174068395 0
3877 0.0004743591639185169 0.001141339538377232 0
3878 0.0004243765479147331 0.001008677144833265 0
3879 0.0005287009269865707 0.001084999279976842 0
3880 0.0004005021248338003 0.001126331013453019 0
3881 0.0004780889792309015 0.0009904405644263366 0
3882 0.0005284683571816624 0.001117078650195427 0
3883 0.0004938710598788089 0.001103490645129386 0
3884 0.0004973354928210759 0.001062297993966723 0
3885 0.0004618910690064149 0.001075894270416777 0
3886 0.000470401611079552 0.001025830611903495 0
3887 0.0004269397201093638 0.001051166577619856 0
3888 0.0003927441806688123 0.001031103043955805 0
3889 0.0004218028335035756 0.001094375638232773 0
3890 0.0004372657269776508 0.001129380842739927 0
3891 0.0005404463050754371 0.001054902661395759 0
3892 0.0004486310539718938 0.0009860604278930569 0
3893 0.0003827105275917401 0.001102235285667169 0
3894 0.0005037129443220814 0.001001823155758724 0
3895 0.0005074765589452839 0.001139421142709002 0
3896 0.0004165130787253028 0.001148503413476956 0
3897 0.0004462103559624496 0.00115720205072283 0
3898 0.000459387918107805 0.001108685484255202 0
3899 0.000576584392870839 0.001171374095496163 0
3900 0.0007117348964399688 0.001242006230027903 0
3901 0.0006912039486903147 0.001137873125001794 0
3902 0.0006127211787021445 0.00126496302336443 0
3903 0.0005745863353914623 0.001229319816694708 0
3904 0.0006127211790497855 0.001131476837625068 0
3905 0.000669113095218089 0.001272534656491867 0
3906 0.0007193353654805917 0.00118406271820646 0
3907 0.0007265722973790243 0.001215121053764167 0
3908 0.000567414161427868 0.001201279019906595 0
3909 0.0005823660531463741 0.001140397655973217 0
3910 0.0006400719189603014 0.001276978668509166 0
3911 0.0007196394463742623 0.001151640205769143 0
3912 0.0006980641078884978 0.001267888499868108 0
3913 0.0005823660581953208 0.001256042206519695 0
3914 0.0006378659238816733 0.001112228240768917 0
3915 0.0006509393502525942 0.001147178982907527 0
3916 0.0006142670654244133 0.001168141578364712 0
3917 0.0006483880857252812 0.001190247810729717 0
3918 0.0006089829753906374 0.001206617215314514 0
3919 0.0006430883686098744 0.001237779756388636 0
3920 0.0006816595005416451 0.001211547448668535 0
3921 0.0006843797964111701 0.001171498083561966 0
3922 0.0006678520785858932 0.001115487825847894 0
3923 0.0006798367413329369 0.00124379944796293 0
3924 0.0006044213270031896 0.001237515766480928 0
3925 -0.0003379668957970133 0.0013729151878467 0
3926 -0.0002028181165150209 0.001302280799042755 0
3927 -0.0002233516914724603 0.001406437828548062 0
3928 -0.0003017927099570971 0.001279336500931717 0
3929 -0.0003399487818596091 0.001314966488294175 0
3930 -0.0003018388384490587 0.001412822824781316 0
3931 -0.0002454354570515674 0.001271752890341984 0
3932 -0.0001952159737725106 0.001360247943249283 0
3933 -0.0001879823762897184 0.001329175074192029 0
3934 -0.0003471316095884318 0.001343007347675663 0
3935 -0.000194912047968625 0.001392672971819662 0
3936 -0.0002744623240815042 0.001267309314156855 0
3937 -0.0002164910518380127 0.001276418120946123 0
3938 -0.0003321942438028822 0.001403895334987625 0
3939 -0.0003321557461285915 0.001288243435858032 0
3940 -0.0002766967304743851 0.001432078551552808 0
3941 -0.0002636079870372742 0.001397115812715921 0
3942 -0.0003002824224794801 0.001376154272287863 0
3943 -0.0002661615180772012 0.001354027929853845 0
3944 -0.0003055645707434831 0.001337676375695116 0
3945 -0.000271453516703464 0.001306499998800482 0
3946 -0.0002329247918159035 0.001332693840759702 0
3947 -0.0002301624424737379 0.001372786688207011 0
3948 -0.0002467066555267923 0.001428821845160813 0
3949 -0.0002347015404061967 0.001300465226058443 0
3950 -0.0003101085899771691 0.001306778947431394 0
3951 -0.0001473143575451551 0.001446598935529189 0
3952 -1.257256757527354e-05 0.00151793236512405 0
3953 -3.27172617222021e-05 0.001413120343941669 0
3954 -0.0001140498024411346 0.001541947534047352 0
3955 -0.000149711275906853 0.001503896223928816 0
3956 -0.0001111582808671078 0.001406714354730499 0
3957 -5.576414832579025e-05 0.001547987696614915 0
3958 -4.58153404314013e-06 0.001459310219881349 0
3959 -7.735133440179025e-08 0.001491147830812646 0
3960 -0.0001570897791163846 0.001475807331263512 0
3961 -6.78413298594289e-06 0.001428462717256993 0
3962 -8.594390619212989e-05 0.001552548540005739 0
3963 -2.585662676482666e-05 0.00154314004392181 0
3964 -5.442063784905229e-05 0.001390053592663858 0
3965 -7.320123640142703e-05 0.001422396067581575 0
3966 -4.04686478763101e-05 0.001448745643202156 0
3967 -7.749353271262122e-05 0.001465411323500917 0
3968 -4.136966688010287e-05 0.001488036943742495 0
3969 -8.132285113690196e-05 0.001513488588711126 0
3970 -0.0001157364610504 0.001481096762036799 0
3971 -0.0001107141756293382 0.001440958608167067 0
3972 -8.495140264975453e-05 0.001388154011970161 0
3973 -0.000141559815950713 0.001531273186939882 0
3974 -0.0001415213159332439 0.001415621290207086 0
3975 -0.0001198296964857422 0.001512786607756359 0
3976 -4.352063251534169e-05 0.001520656152582703 0
3977 -0.0003529440272907942 0.001548004257117295 0
3978 -0.0002182028245044407 0.001619337963253898 0
3979 -0.0002383469247414885 0.00151452567746565 0
3980 -0.0003196790384507169 0.001643343057829113 0
3981 -0.0003553419560789065 0.001605290839670784 0
3982 -0.0003167879446401136 0.001508119682075965 0
3983 -0.0002613943983716795 0.001649386772385609 0
3984 -0.0002102112018971332 0.001560715552045734 0
3985 -0.0002057078495818901 0.001592553439330759 0
3986 -0.0003627220835459631 0.001577201828298597 0
3987 -0.0003471509806399778 0.001517026613092822 0
3988 -0.000291574308069185 0.0016539430556261 0
3989 -0.0002124137208900027 0.001529868003851636 0
3990 -0.0002314862976675202 0.0016445453756781 0
3991 -0.0003471894906890942 0.001632678515493494 0
3992 -0.0002600503000451307 0.001491458927203821 0
3993 -0.0002788328562014979 0.00152379534097769 0
3994 -0.0002460975554432404 0.001550149530504874 0
3995 -0.0002831306066572591 0.001566798389829622 0
3996 -0.000247001916696648 0.001589438689289406 0
3997 -0.0002869546284997004 0.001614879858325975 0
3998 -0.0003213754730131944 0.001582469477883018 0
3999 -0.000316352930559331 0.001542350937926345 0
4000 -0.0002905812065485918 0.001489558901602815 0
4001 -0.0003254575956809458 0.001614174877166038 0
4002 -0.0002491508820517326 0.001622059308655503 0
4003 -0.0005441562975126305 0.001448474185417256 0
4004 -0.0004102063014801166 0.001487897749961016 0
4005 -0.0004551794901689842 0.00137700216010137 0
4006 -0.0005051777613899826 0.001509651922928772 0
4007 -0.0004008456334233913 0.001433337697553366 0
4008 -0.0005290176622943998 0.001391990901384614 0
4009 -0.0004514654827488586 0.001527898029778827 0
4010 -0.0004010781693861835 0.001401255747734829 0
4011 -0.0004356737650540488 0.001414846879485981 0
4012 -0.0004322127226025422 0.001456039175067187 0
4013 -0.0004676527780165081 0.001442443801095404 0
4014 -0.0004591481679819973 0.001492505498812538 0
4015 -0.0005026058357648008 0.001467163528744307 0
4016 -0.0005368069857411425 0.001487216949399872 0
4017 -0.000507730763230176 0.001423955782807908 0
4018 -0.0004922599082733555 0.001388956679870867 0
4019 -0.0003890980974920632 0.001463436193146164 0
4020 -0.0004809262162149397 0.001532273703252938 0
4021 -0.0005468195447291159 0.001416079295050631 0
4022 -0.0004258379147397845 0.001516517296026527 0
4023 -0.0004220676324092469 0.001378911071550174 0
4024 -0.0005129904670713684 0.001369822196493111 0
4025 -0.0004833112330476554 0.001361145983002378 0
4026 -0.000470149164725367 0.001409655720235549 0
4027 -0.0005285970179663422 0.001191866462504836 0
4028 -0.0003934476987914183 0.001262527044433617 0
4029 -0.0004139774552251888 0.001158365499266186 0
4030 -0.0004924602193779763 0.001285455392212457 0
4031 -0.0005305972020317302 0.00124981067964614 0
4032 -0.0004924602256192968 0.001151969208331297 0
4033 -0.0004360660133571771 0.00129305179023054 0
4034 -0.0003858460427036649 0.001204555091147254 0
4035 -0.0003786174437322215 0.001235632071934425 0
4036 -0.000385541962917887 0.001172132582385453 0
4037 -0.0005377703186031928 0.001221769596591526 0
4038 -0.0004071173076385887 0.001288380869920354 0
4039 -0.0004651162724778037 0.001297491994989961 0
4040 -0.0005228153513940899 0.00127653458086645 0
4041 -0.0004673154791580709 0.001132720613532285 0
4042 -0.0004542317395599004 0.001167687896218166 0
4043 -0.0004909123468322199 0.001188638238103203 0
4044 -0.0004567988521398722 0.001210782806426672 0
4045 -0.0004962081517116545 0.00122711483454979 0
4046 -0.000462096332322274 0.001258304957997346 0
4047 -0.0004235790200871097 0.001232141897686438 0
4048 -0.0004207903871587522 0.001192026872999867 0
4049 -0.0004373282723378767 0.001135981888836906 0
4050 -0.0005206878039375307 0.001162709366980056 0
4051 -0.0004253171927637876 0.001264349108678864 0
4052 -0.0005007605253519408 0.001258008866267157 0
4053 -0.0003235402660918639 0.001116296833407717 0
4054 -0.0001895754107138412 0.001076906069337071 0
4055 -0.0002345573959557731 0.001187795637699954 0
4056 -0.000284544785985087 0.001055133958514204 0
4057 -0.0001802163818174637 0.001131464175245518 0
4058 -0.0003084162333555427 0.001172785815460014 0
4059 -0.000230827685983969 0.001036905190527715 0
4060 -0.0001804489516223719 0.001163543545464104 0
4061 -0.0002150491507444089 0.001149952129304669 0
4062 -0.0002115824062144153 0.001108762990485125 0
4063 -0.0002470336155539713 0.001122348396814555 0
4064 -0.0002385201175643858 0.001072290407740309 0
4065 -0.0002819902180007166 0.001097615748863047 0
4066 -0.000316176685150297 0.001077547661727682 0
4067 -0.0002871172982123228 0.001140827043629912 0
4068 -0.0002716505227291392 0.001175832554143885 0
4069 -0.0001684710037285973 0.001101367556664435 0
4070 -0.0002602866609830427 0.001032524622922932 0
4071 -0.0002052049039463444 0.001048287284084663 0
4072 -0.0003262091742364153 0.001148693245908818 0
4073 -0.0002014408619417074 0.001185885402459178 0
4074 -0.000292397505647041 0.001194955136292896 0
4075 -0.0002627053737130157 0.001203654183623663 0
4076 -0.0002495306555586969 0.001155137923247238 0
4077 -0.0001323329159331953 0.00121783899076484 0
4078 2.817768534666649e-06 0.001288466761763744 0
4079 -1.771336011371958e-05 0.001184338020270471 0
4080 -9.619613010188966e-05 0.001311427918633106 0
4081 -0.0001343306467848116 0.001275784943729099 0
4082 -9.619612975424881e-05 0.001177941732893744 0
4083 -3.980456904691189e-05 0.001318995753488944 0
4084 1.041805667655746e-05 0.001230527613475136 0
4085 1.765626707560173e-05 0.001261583089247656 0
4086 -0.0001415026757112363 0.001247744190695391 0
4087 -0.0001265512556576602 0.001186862551241893 0
4088 -6.884435084645448e-05 0.001323440351444311 0
4089 1.072213757022794e-05 0.001198105101037819 0
4090 -0.0001265512506087134 0.001302507101788371 0
4091 -1.085320091553651e-05 0.001314353395136785 0
4092 -7.105138492236102e-05 0.001158693136037594 0
4093 -5.797953745553785e-05 0.001193641344166151 0
4094 -9.465054848995064e-05 0.00121460581723422 0
4095 -6.052836960814482e-05 0.001236706173700001 0
4096 -9.993284083518263e-05 0.001253081308831153 0
4097 -6.582843481325994e-05 0.001284239616520666 0
4098 -2.72490396568385e-05 0.001257996688973737 0
4099 -2.453922513287278e-05 0.001217957398434513 0
4100 -4.106539133080411e-05 0.001161952462544116 0
4101 -2.908478745612081e-05 0.001290255550180513 0
4102 -0.0001044959139853105 0.001283980550984223 0
4103 -0.0009757085122457382 0.001032862368022721 0
4104 -0.0008417494771482287 0.001072273543032268 0
4105 -0.0008867218326369828 0.0009613877697763793 0
4106 -0.0009367254352222859 0.001094036738474235 0
4107 -0.0008323888083589467 0.001017713489739273 0
4108 -0.0009605620149331813 0.0009763779664342715 0
4109 -0.000883007942221584 0.001112274123715739 0
4110 -0.0008326213443049759 0.0009856315387442366 0
4111 -0.0008672201818854587 0.0009992264798370193 0
4112 -0.0008637565574075313 0.001040414854263205 0
4113 -0.0008992041922902699 0.001026831616759045 0
4114 -0.0008906962810077204 0.001076886985327968 0
4115 -0.0009341631180490222 0.001051556878449553 0
4116 -0.0009683541377626764 0.001071615387205956 0
4117 -0.0009392770932672102 0.001008346638654099 0
4118 -0.0009238019065161588 0.0009733471926365469 0
4119 -0.0008206412714415851 0.00104781198618159 0
4120 -0.0009124698481665056 0.001116650276815874 0
4121 -0.000857381694134503 0.001100893946325155 0
4122 -0.0009783653949312385 0.001000462836901157 0
4123 -0.0008536109343171905 0.0009632875718328523 0
4124 -0.0009445261446145882 0.0009542127073125661 0
4125 -0.0009148526542505677 0.0009455360155459753 0
4126 -0.0009016937548865626 0.0009940454206981229 0
4127 -0.0007844872037862848 0.001132380060814028 0
4128 -0.0006497454611960518 0.001203713512028944 0
4129 -0.0006698901079633317 0.001098901469226508 0
4130 -0.0007512226138341875 0.001227727866308755 0
4131 -0.0007868842033466867 0.001189676483560609 0
4132 -0.0007483311271082374 0.001092495480015338 0
4133 -0.0006929370417479735 0.001233768316076717 0
4134 -0.0006417543802842697 0.001145091345166189 0
4135 -0.0006372502645272348 0.001176928978533993 0
4136 -0.0007942628380908515 0.001161587581442995 0
4137 -0.0006439569727759831 0.001114243838612267 0
4138 -0.0007231168121373145 0.001238328790702068 0
4139 -0.0006630294730059563 0.001228921169206649 0
4140 -0.0006915934840901818 0.001075834717948698 0
4141 -0.0007103742408074996 0.001108176703105244 0
4142 -0.0006776414329550717 0.001134526651797109 0
4143 -0.0007146669780180177 0.001151190972164853 0
4144 -0.0006785427220502096 0.001173817779259653 0
4145 -0.000718495867893222 0.001199268577172967 0
4146 -0.0007529100623703378 0.001166875250573803 0
4147 -0.0007478877565782444 0.001126738682641098 0
4148 -0.0007221242604189412 0.001073935101558122 0
4149 -0.0007787326621918426 0.001217054312224722 0
4150 -0.0007786941621743736 0.001101402415491925 0
4151 -0.0007570023993208499 0.001198566353892107 0
4152 -0.0006806935256054694 0.001206437102067953 0
4153 -0.0009907004452020716 0.001261641009435368 0
4154 -0.0008567446983098445 0.001301056733598342 0
4155 -0.0009017173744976148 0.001190167361637793 0
4156 -0.0009517190345233963 0.001322816619006917 0
4157 -0.0008473840481382631 0.001246496677330573 0
4158 -0.0009755568199267898 0.001205157018474206 0
4159 -0.0008980034482353552 0.001341057200301357 0
4160 -0.0008476165841059013 0.001214414727852143 0
4161 -0.0008822142342063179 0.00122800827390235 0
4162 -0.0008787515585701436 0.001269198092039595 0
4163 -0.0009141964185042405 0.001255610399821954 0
4164 -0.0009056897140822607 0.001305668087720261 0
4165 -0.0009491531982448432 0.001280333632591848 0
4166 -0.0009833479263989932 0.001300390280831407 0
4167 -0.0009542711785624025 0.001237124304434241 0
4168 -0.0009387975746953612 0.001202124985805148 0
4169 -0.0008356365108203556 0.001276595167972509 0
4170 -0.0009274649258337841 0.001345433176715416 0
4171 -0.0009933596539884401 0.001229243176869524 0
4172 -0.0008723767083945241 0.001329676818604245 0
4173 -0.0008686061260253845 0.001192070501321655 0
4174 -0.00095952412527311 0.001182990499852069 0
4175 -0.0009298485315718745 0.001174313986023882 0
4176 -0.000916688476186198 0.001222823513136806 0
4177 -0.001180751305813396 0.001106407532554698 0
4178 -0.001046009442492645 0.001177740929771792 0
4179 -0.001066154203075116 0.001072928948221048 0
4180 -0.001147486800835466 0.001201757463250731 0
4181 -0.001183148089886558 0.001163706267391791 0
4182 -0.001144595222967526 0.001066522955457251 0
4183 -0.001089201012364752 0.001207797140879879 0
4184 -0.001038018479664521 0.001119118822838205 0
4185 -0.001033514188201883 0.001150956393034023 0
4186 -0.001190526372547726 0.001135617388618997 0
4187 -0.001040221089265918 0.001088271329522077 0
4188 -0.001059293580472105 0.001202948643935546 0
4189 -0.001119380743505225 0.00121235860277751 0
4190 -0.001087857578879246 0.001049862197919695 0
4191 -0.001106637914128122 0.001082205487459771 0
4192 -0.001073905691759763 0.001108554438809898 0
4193 -0.001110929474687638 0.001125222386974823 0
4194 -0.00107480626274622 0.001147846021369291 0
4195 -0.001114759511163677 0.001173299086234876 0
4196 -0.001149172145653684 0.001140909763942244 0
4197 -0.001144149894311289 0.00110076896203677 0
4198 -0.001118388323921845 0.001047962674160669 0
4199 -0.001174996762978637 0.001191081791303513 0
4200 -0.001174958260250482 0.001075429887173458 0
4201 -0.001153266882668188 0.001172597511438731 0
4202 -0.001076957507418872 0.001180465043287339 0
4203 -0.001165769864207472 0.0008776475877896758 0
4204 -0.001030620454870206 0.0009483059835151286 0
4205 -0.001051150301466319 0.0008441466245510253 0
4206 -0.001129633065619106 0.0009712365174972965 0
4207 -0.001167769885210343 0.0009355919204519793 0
4208 -0.001129633071860427 0.0008377503336161361 0
4209 -0.001073239035330636 0.0009788310117453483 0
4210 -0.001023018888944795 0.0008903362164320933 0
4211 -0.001015789650487021 0.000921411763605516 0
4212 -0.001174942929383783 0.0009075508591979162 0
4213 -0.001022714809159017 0.0008579137076702932 0
4214 -0.001044290153879719 0.0009741619952051935 0
4215 -0.001102288595690611 0.0009832715086221678 0
4216 -0.00115998819763522 0.0009623157061512894 0
4217 -0.001159988199980214 0.0008466711482072868 0
4218 -0.001104488325399201 0.0008185017388171248 0
4219 -0.001091405380373548 0.0008534677485781222 0
4220 -0.001128085347007678 0.0008744190332206383 0
4221 -0.001093971275638998 0.0008965606524822664 0
4222 -0.001133380251740423 0.0009128955552205639 0
4223 -0.001099268925893487 0.0009440835589763479 0
4224 -0.001060747480086269 0.0009179151738783679 0
4225 -0.001057964100178677 0.0008778051962932315 0
4226 -0.001074501199657835 0.0008217628842314513 0
4227 -0.0010624921510599 0.0009501258315263806 0
4228 -0.00113793333762942 0.0009437899353532616 0
4229 -0.0009601401944516817 0.0007762422662026519 0
4230 -0.0008249910036877905 0.0008469060097122403 0
4231 -0.0008455206384473793 0.0007427412910257172 0
4232 -0.0009240034010325349 0.0008698311917653392 0
4233 -0.0009621406086881022 0.0008341863149936592 0
4234 -0.0009240034080797906 0.0007363450062750392 0
4235 -0.0008676089337222053 0.0008774303461106664 0
4236 -0.0008173892210908276 0.0007889308842675867 0
4237 -0.0008101615455544603 0.000820009945090768 0
4238 -0.0009693138328754087 0.0008061452025416381 0
4239 -0.0008170851402189207 0.0007565083715013839 0
4240 -0.0008386604829772152 0.0008727566634491302 0
4241 -0.0008966602082620027 0.0008818701282923703 0
4242 -0.0009543585228951034 0.0008609103775987935 0
4243 -0.0008988586641595147 0.000717096407518099 0
4244 -0.0008857737660354973 0.0007520655378664355 0
4245 -0.0009224553001592036 0.0007730145154035818 0
4246 -0.0008883426389404962 0.0007951633605482627 0
4247 -0.0009277524064169984 0.0008114912208574407 0
4248 -0.0008936398737241971 0.0008426844162895953 0
4249 -0.0008551285558692988 0.0008165290792797644 0
4250 -0.0008523323051710228 0.0007764067320677271 0
4251 -0.0008688713385585593 0.0007203578682532905 0
4252 -0.000952230962287152 0.0007470852180388895 0
4253 -0.0008568573033932138 0.0008487312887969587 0
4254 -0.0009323037470229353 0.0008423847454746114 0
4255 -0.0007700639547250017 0.0009294759863852571 0
4256 -0.0006361138252171269 0.0008900650492177637 0
4257 -0.0006810971766602967 0.001000970619179421 0
4258 -0.000731075871009627 0.0008683076381189118 0
4259 -0.0006267547895645727 0.0009446231562299447 0
4260 -0.0007549527443933511 0.0009859631534134316 0
4261 -0.0006773672677137664 0.0008500646605757204 0
4262 -0.0006269873612104271 0.0009767025204725707 0
4263 -0.0006615822787744549 0.0009631173129788376 0
4264 -0.0006581197342173681 0.0009219217883282549 0
4265 -0.0006935586011192794 0.0009355269658396993 0
4266 -0.0006850504843031404 0.0008854586624146112 0
4267 -0.0007285056472528194 0.0009108033286192417 0
4268 -0.000762708626584666 0.0008907435314109669 0
4269 -0.0007336505754386997 0.0009540105613951413 0
4270 -0.0007181908668633615 0.0009890155169585684 0
4271 -0.0006150094180118712 0.0009145265356617712 0
4272 -0.000706824334492885 0.0008456848759080945 0
4273 -0.0007727432369094202 0.0009618648365276282 0
4274 -0.0006517423353122446 0.0008614476592191787 0
4275 -0.0006479790744348919 0.0009990455361588123 0
4276 -0.0007389481618779766 0.001008138077796843 0
4277 -0.0007092466697102749 0.00101683637966531 0
4278 -0.000696066764867677 0.0009683195632383507 0
4279 -0.001369820067838119 0.0004142942563718127 0
4280 -0.0012350785954008 0.000485627825227321 0
4281 -0.001255222967817152 0.0003808156640214174 0
4282 -0.001336555278368964 0.0005096376587601052 0
4283 -0.001372217517109539 0.0004715858732431631 0
4284 -0.001333663990287101 0.0003744096752441033 0
4285 -0.001278270165469401 0.0005156796995300604 0
4286 -0.001227087242447821 0.0004270055387668201 0
4287 -0.00122258350117912 0.0004588432944905366 0
4288 -0.001379596882850657 0.0004434969183348309 0
4289 -0.001229289799321697 0.0003961580122445219 0
4290 -0.001308449999522841 0.0005202381286126903 0
4291 -0.001364027026458595 0.000383316610170418 0
4292 -0.001248362344998379 0.0005108353617007024 0
4293 -0.001276926345352573 0.0003577489135833421 0
4294 -0.001295707979830914 0.0003900881782746037 0
4295 -0.001262973952872683 0.0004164401962460551 0
4296 -0.001300003163476415 0.0004330969642769933 0
4297 -0.001263876744033643 0.0004557303561692281 0
4298 -0.001303829676847619 0.0004811764568090659 0
4299 -0.00133824711662008 0.0004487748042959364 0
4300 -0.00133322469918751 0.0004086470421582533 0
4301 -0.001307457186390334 0.0003558490983418001 0
4302 -0.001364065524132886 0.0004989685093000107 0
4303 -0.001342334465103679 0.0004804728906808677 0
4304 -0.001266026656953323 0.0004883503153635727 0
4305 -0.001179765190782176 0.0005695222291019597 0
4306 -0.001045813460815057 0.000608943450360419 0
4307 -0.001090786517362418 0.0004980497113906827 0
4308 -0.001140785802927894 0.0006306993226451438 0
4309 -0.001036452814373144 0.0005543833941937353 0
4310 -0.001164625067757412 0.0005130387332604672 0
4311 -0.001087072533997757 0.0006489437834352403 0
4312 -0.00103668534912646 0.0005223014406740595 0
4313 -0.001071281562778316 0.0005358932952931007 0
4314 -0.001067820036265924 0.0005770848598515746 0
4315 -0.001103261526378845 0.0005634917710548139 0
4316 -0.001094756286468428 0.0006135522726488624 0
4317 -0.001138215694751942 0.0005882125451637367 0
4318 -0.001172414920184992 0.0006082669356096482 0
4319 -0.001143338544670007 0.0005450043299180764 0
4320 -0.001127866870094973 0.0005100051613979958 0
4321 -0.001024705272696417 0.0005844818840952419 0
4322 -0.001116533488805559 0.0006533195447220854 0
4323 -0.001182427232671741 0.0005371264618044212 0
4324 -0.001061445204685498 0.0006375631550948034 0
4325 -0.001057674838664718 0.000499956898035572 0
4326 -0.001148596233482164 0.0004908706795076501 0
4327 -0.001118918086640375 0.0004821943727295895 0
4328 -0.00110575661775304 0.0005307040470920458 0
4329 -0.001384815307620798 0.000643077431429681 0
4330 -0.001250074016833879 0.0007144110973715198 0
4331 -0.001270218205071493 0.0006095988517780361 0
4332 -0.001351550383828509 0.0007384177014251348 0
4333 -0.001387213085627922 0.0007003656180996703 0
4334 -0.001348659224970118 0.0006031928563883513 0
4335 -0.001293265591725883 0.0007444608836697444 0
4336 -0.001242082482227137 0.0006557887263581196 0
4337 -0.001237579005558217 0.0006876265719286327 0
4338 -0.001394592969201391 0.000672276624157976 0
4339 -0.001379022260969982 0.0006120997874052084 0
4340 -0.001323445478489739 0.0007490178501138186 0
4341 -0.001244285013160228 0.0006249411854371907 0
4342 -0.001263357577997524 0.0007396185499904863 0
4343 -0.001379060771019098 0.00072775168980588 0
4344 -0.001291921580375135 0.000586532101516207 0
4345 -0.001310703843343991 0.0006188694227364111 0
4346 -0.001277968948951089 0.0006452229209069886 0
4347 -0.001315000776655649 0.0006618742999837608 0
4348 -0.001278872809396727 0.0006845124000707345 0
4349 -0.001318825592739641 0.0007099551389695647 0
4350 -0.001353245352771865 0.0006775475380108836 0
4351 -0.001348222849068737 0.0006374260595089177 0
4352 -0.001322452465509244 0.0005846321420556046 0
4353 -0.001357329141679727 0.0007092506072675441 0
4354 -0.001281022075542237 0.0007171328084965983 0
4355 -0.001576036768738062 0.0005435599503288696 0
4356 -0.00144207758181012 0.0005829709242734024 0
4357 -0.001487049920660546 0.0004720853161880157 0
4358 -0.001537053612954985 0.0006047342722959922 0
4359 -0.001432716913753395 0.0005284108718657522 0
4360 -0.001560890136243011 0.0004870755310755894 0
4361 -0.001483336032393178 0.0006229715097437413 0
4362 -0.001432949449716187 0.0004963289220472147 0
4363 -0.001467548339927713 0.0005099239259709992 0
4364 -0.001464084672946094 0.0005511122344278058 0
4365 -0.001499532433831176 0.000537529198906703 0
4366 -0.001491024466850614 0.0005875844619980688 0
4367 -0.001534491457605781 0.000562254552109597 0
4368 -0.00156868230990932 0.0005823131457564909 0
4369 -0.001539605249592362 0.0005190442687050825 0
4370 -0.001524129988545861 0.0004840448182738819 0
4371 -0.001420969377822067 0.0005585093674585501 0
4372 -0.001512797957763598 0.0006273476725247425 0
4373 -0.001457709807620207 0.0006115913409854375 0
4374 -0.001578693543168363 0.0005111603408755376 0
4375 -0.001453939040014616 0.0004739849671217691 0
4376 -0.001544854118846925 0.0004649103312344609 0
4377 -0.001515180724962821 0.0004562336344493034 0
4378 -0.001502021881645642 0.0005047430342082004 0
4379 -0.001560468298296346 0.0002869396368172226 0
4380 -0.001425317859480528 0.0003575731301299301 0
4381 -0.001445848735555193 0.0002534386735785721 0
4382 -0.00152433149970798 0.0003805285665248433 0
4383 -0.001562466458850006 0.000344885288471071 0
4384 -0.001524331505949301 0.0002470423826436827 0
4385 -0.001467939483469834 0.0003881013795041477 0
4386 -0.001417717323033669 0.0002996282654596401 0
4387 -0.001410480794805595 0.0003306874869991121 0
4388 -0.001569638676956611 0.0003168444761735792 0
4389 -0.001554686634069088 0.0002559631972348336 0
4390 -0.00149698108504149 0.0003925452113637807 0
4391 -0.001417413243247891 0.00026720575669784 0
4392 -0.001438988587968593 0.0003834540442327403 0
4393 -0.001554686631724093 0.0003716077551788361 0
4394 -0.001499186759488075 0.0002277937878446715 0
4395 -0.001486112846841901 0.0002627453155427252 0
4396 -0.001522785528932371 0.0002837073282000927 0
4397 -0.001488664868985872 0.0003058153823723543 0
4398 -0.001528070177600694 0.0003221830106786461 0
4399 -0.001493964479095632 0.0003533468628116643 0
4400 -0.001455395915261593 0.0003271178458810054 0
4401 -0.001452672362196847 0.0002870653605957871 0
4402 -0.001469200555418084 0.0002310534554974731 0
4403 -0.001457214654607942 0.0003593677178369995 0
4404 -0.001532631384780491 0.0003530813479178116 0
4405 -0.001340491421598204 0.0001622453309381441 0
4406 -0.001220190335435208 0.000255592442065551 0
4407 -0.001235704502362605 0.0001510129788167611 0
4408 -0.001318701835121409 0.0002791232407928858 0
4409 -0.001354838619492854 0.0002392259944598264 0
4410 -0.001292354749367015 0.000137970294917912 0
4411 -0.001261761959511212 0.0002874279783809185 0
4412 -0.001212087655179702 0.0001982229332951334 0
4413 -0.001202692726419307 0.0002287624639784209 0
4414 -0.001365452345051714 0.0001814759242216518 0
4415 -0.001335279344152373 0.0002030296254557786 0
4416 -0.001305627003499434 0.0001731638124393617 0
4417 -0.00129304398340448 0.0002116457153929162 0
4418 -0.001267611102533161 0.000175278522104136 0
4419 -0.001247775912824212 0.0002202197445451029 0
4420 -0.001282173778947824 0.0002527518138234058 0
4421 -0.001320809893701707 0.0002420165121475225 0
4422 -0.001211783574307795 0.0001658004205289308 0
4423 -0.00126137876859623 0.0001351644193761308 0
4424 -0.001290942710412938 0.0002927684505185769 0
4425 -0.001370178345245247 0.0002110119006846047 0
4426 -0.001349056956983977 0.0002702024266263403 0
4427 -0.001233358917066089 0.0002820487124766769 0
4428 -0.001323118626188876 0.0001371255959197733 0
4429 -0.001250655784221883 0.0002580870091255738 0
4430 -0.001235900637257227 0.0001819004319043332 0
4431 -0.001164764806734539 0.0003387647221084341 0
4432 -0.001030812259306001 0.0002993570982453105 0
4433 -0.001075795387288557 0.0004102600405080065 0
4434 -0.001125775507635882 0.0002775972733648467 0
4435 -0.001021453223653447 0.0003539152052574913 0
4436 -0.001149651491731598 0.0003952521867288381 0
4437 -0.001072065509074471 0.0002593566290446898 0
4438 -0.001021685795299301 0.0003859945695001173 0
4439 -0.001056281580265897 0.0003724083430702606 0
4440 -0.001052818344473826 0.0003312138675760345 0
4441 -0.001088259238837858 0.0003448157979949509 0
4442 -0.001079750239094984 0.0002947491884795584 0
4443 -0.001123207855001081 0.0003200906811540434 0
4444 -0.001157408123263459 0.0003000295234306984 0
4445 -0.001128349853163996 0.0003632985806481462 0
4446 -0.001112888984822232 0.0003983036274509452 0
4447 -0.001009707852100745 0.0003238185846893178 0
4448 -0.001101522889912047 0.0002549767157882657 0
4449 -0.001167442385959586 0.0003711548137969646 0
4450 -0.001046440930540376 0.0002707394791722716 0
4451 -0.001042677542048441 0.0004083373953365524 0
4452 -0.001133644586981226 0.0004174261914342115 0
4453 -0.001103944632046993 0.0004261246158162989 0
4454 -0.001090765577445653 0.0003776078914100231 0
4455 -0.001416284963106795 -0.0002946230524322214 0
4456 -0.001281543490669476 -0.0002232894835767132 0
4457 -0.001301687863085828 -0.0003281016447826167 0
4458 -0.00138302017363764 -0.0001992796500439289 0
4459 -0.001418682412378216 -0.000237331435560871 0
4460 -0.001380128885555777 -0.0003345076335599309 0
4461 -0.001324735060738078 -0.0001932376092739737 0
4462 -0.001273552137716497 -0.0002819117700372141 0
4463 -0.001269048396447796 -0.0002500740143134975 0
4464 -0.001426061778119333 -0.0002654203904692032 0
4465 -0.001275754694590374 -0.0003127592965595123 0
4466 -0.001354914894791517 -0.0001886791801913439 0
4467 -0.001410491921727272 -0.0003256006986336161 0
4468 -0.001294827240267056 -0.0001980819471033317 0
4469 -0.001323391240621249 -0.000351168395220692 0
4470 -0.00134217287509959 -0.0003188291305294305 0
4471 -0.001309438848141359 -0.0002924771125579791 0
4472 -0.001346468058745092 -0.0002758203445270408 0
4473 -0.001310341639302319 -0.0002531869526348061 0
4474 -0.001350294572116296 -0.0002277408519949683 0
4475 -0.001384712011888756 -0.0002601425045080976 0
4476 -0.001379689594456186 -0.0003002702666457808 0
4477 -0.00135392208165901 -0.000353068210462234 0
4478 -0.001410530419401562 -0.0002099487995040234 0
4479 -0.001388799360372355 -0.0002284444181231664 0
4480 -0.001312491552221999 -0.0002205669934404615 0
4481 -0.001226242925451216 -0.0001393774896508242 0
4482 -0.001092278356083733 -9.997385844361513e-05 0
4483 -0.001137250224833088 -0.0002108536525808899 0
4484 -0.001187257084179964 -7.820516733877676e-05 0
4485 -0.00108291770964182 -0.0001545339146102988 0
4486 -0.001211091631024035 -0.0001958625729468753 0
4487 -0.001133536409394185 -5.997309865592256e-05 0
4488 -0.001083150244395136 -0.0001866158681299744 0
4489 -0.001117751059596168 -0.0001730186037890358 0
4490 -0.0011142858678742 -0.0001318326095964282 0
4491 -0.001149738122039744 -0.0001454084607412481 0
4492 -0.001141228192140589 -9.535694806350277e-05 0
4493 -0.001184700623963536 -0.0001206798262296528 0
4494 -0.001218885464872335 -0.0001006182093888199 0
4495 -0.001189807918215385 -0.0001638915877905198 0
4496 -0.001174330088317085 -0.0001988912421155882 0
4497 -0.001071170167965093 -0.0001244354247087921 0
4498 -0.001162999028415897 -5.55966534184411e-05 0
4499 -0.001107910955744351 -7.135293730858209e-05 0
4500 -0.00122889592507542 -0.0001717798502509371 0
4501 -0.001104139911658881 -0.0002089594031386015 0
4502 -0.001195050471694803 -0.0002180257296509059 0
4503 -0.001165380483444191 -0.0002267027115811266 0
4504 -0.001152223518732312 -0.0001781935075428114 0
4505 -0.001431863415275523 -3.798474253437269e-05 0
4506 -0.001297908027667394 1.43147382185505e-06 0
4507 -0.001342880737080974 -0.0001094582883437608 0
4508 -0.001392882185184568 2.319100055389707e-05 0
4509 -0.001288547377495813 -5.312858244591444e-05 0
4510 -0.001416720102620054 -9.446868910631051e-05 0
4511 -0.001339166806149741 4.14319285785897e-05 0
4512 -0.001288779913463451 -8.521053192434477e-05 0
4513 -0.001323377434782144 -7.161713724552631e-05 0
4514 -0.00131991486173336 -3.042716324283597e-05 0
4515 -0.00135535942045244 -4.401533779572281e-05 0
4516 -0.001346852847261173 6.042601640023114e-06 0
4517 -0.001390315966979383 -1.929232494872725e-05 0
4518 -0.001424511097675302 7.641210727787843e-07 0
4519 -0.001395434382595366 -6.250155390168406e-05 0
4520 -0.001379960950969249 -9.750085894400767e-05 0
4521 -0.001276799840177906 -2.303009180397817e-05 0
4522 -0.001368628237161441 4.580788586195225e-05 0
4523 -0.001434522877091396 -7.038239061830717e-05 0
4524 -0.001313540013806103 3.005152479203905e-05 0
4525 -0.001309769450408137 -0.0001075547866501912 0
4526 -0.001400687752842246 -0.0001166353447499691 0
4527 -0.001371011930841644 -0.000125311839685505 0
4528 -0.001357851749394331 -7.680229938867757e-05 0
4529 -0.001622501336123892 -0.000165357807685481 0
4530 -0.001488542477078796 -0.0001259463845306316 0
4531 -0.001533514846266116 -0.0002368323487323818 0
4532 -0.001583518345142601 -0.0001041833638754467 0
4533 -0.001479181809022071 -0.0001805064369382819 0
4534 -0.001607354988912003 -0.00022184218638916 0
4535 -0.001529800953700934 -8.59458099555856e-05 0
4536 -0.001479414344984863 -0.0002125883867568193 0
4537 -0.001514013117690834 -0.0001989935209850959 0
4538 -0.001510549544300935 -0.0001578050702734193 0
4539 -0.001545997030303488 -0.000171388546004474 0
4540 -0.001537489183095166 -0.000121333053361393 0
4541 -0.001580955841267479 -0.0001466633935455248 0
4542 -0.001615147060905452 -0.000126604984440198 0
4543 -0.001586070030501083 -0.0001898735863767706 0
4544 -0.001570594926645483 -0.0002248730243994335 0
4545 -0.001467434273090743 -0.000150407941345484 0
4546 -0.001559262836577354 -8.156966464341727e-05 0
4547 -0.001504174681033876 -9.73259988829853e-05 0
4548 -0.001625158341468542 -0.0001977572487582667 0
4549 -0.001500403930745148 -0.0002349323674146903 0
4550 -0.001591319286268564 -0.0002440075112912769 0
4551 -0.001561645684035978 -0.0002526841908348347 0
4552 -0.001548486725701438 -0.0002041747790724481 0
4553 -0.001606933193565022 -0.0004219776719868116 0
4554 -0.001471782754707278 -0.0003513441796860349 0
4555 -0.001492313630823869 -0.0004554786352254621 0
4556 -0.001570796394976656 -0.0003283887422791909 0
4557 -0.001608931354042968 -0.0003640320202792482 0
4558 -0.001570796401217977 -0.0004618749261603514 0
4559 -0.001514404378820813 -0.0003208159301807726 0
4560 -0.001464182218302345 -0.0004092890433443941 0
4561 -0.001456945689777837 -0.0003782298224681695 0
4562 -0.001616103572115953 -0.0003920728325665997 0
4563 -0.001601151529337764 -0.0004529541115692006 0
4564 -0.001543445980069079 -0.0003163720981853371 0
4565 -0.001463878138516567 -0.0004417115521061942 0
4566 -0.001485453483237269 -0.0003254632645712939 0
4567 -0.00160115152699277 -0.0003373095536251981 0
4568 -0.001545651654756751 -0.0004811235209593627 0
4569 -0.001532577742476929 -0.0004461719938491473 0
4570 -0.001569250424271864 -0.0004252099807562364 0
4571 -0.001535129764056892 -0.0004031019279469181 0
4572 -0.00157453507252332 -0.000386734298311481 0
4573 -0.001540429374247137 -0.0003555704471601395 0
4574 -0.001501860808497159 -0.0003817994665538295 0
4575 -0.001499137257863198 -0.0004218519495027157 0
4576 -0.001515665450724143 -0.0004778638533665446 0
4577 -0.001503679550855136 -0.0003495495930060309 0
4578 -0.001579096280033441 -0.0003558359609119485 0
4579 -0.001401877371808276 -0.0004975485760276929 0
4580 -0.001267911586312521 -0.0005369380651545772 0
4581 -0.001312893485424102 -0.000426049507774541 0
4582 -0.001362881424202655 -0.0005587111049474219 0
4583 -0.001258552557416144 -0.0004823799592461302 0
4584 -0.001386752529612447 -0.0004410594790413849 0
4585 -0.001309163787694923 -0.0005769389748742806 0
4586 -0.001258785127221052 -0.0004503005890275447 0
4587 -0.001293385659776335 -0.0004638923972661527 0
4588 -0.001289918649681677 -0.0005050811323641829 0
4589 -0.001325370638866146 -0.0004914969754626326 0
4590 -0.001316856801108856 -0.0005415543129473344 0
4591 -0.001360327845034709 -0.0005162301930714651 0
4592 -0.001394513269588756 -0.0005362988035323633 0
4593 -0.00136545379821022 -0.0004730186413862374 0
4594 -0.001349986576549413 -0.0004380130956681832 0
4595 -0.001246807179327277 -0.0005124765778272132 0
4596 -0.001338622883264196 -0.0005813195920599866 0
4597 -0.001283541141553319 -0.0005655569385650341 0
4598 -0.00140454562487013 -0.0004651516856784327 0
4599 -0.001279777050415382 -0.0004279588050781815 0
4600 -0.001370732908381127 -0.0004188905121590106 0
4601 -0.001341041367811421 -0.0004101914176951399 0
4602 -0.001327866976422763 -0.0004587076429964174 0
4603 -0.001210669091531875 -0.0003960051437268086 0
4604 -0.001075518893397502 -0.0003253656341072863 0
4605 -0.001096049535712399 -0.0004295061142211773 0
4606 -0.001174532305700569 -0.000302416215858542 0
4607 -0.001212667700675112 -0.0003380598138503755 0
4608 -0.001174532305352929 -0.0004359024015979041 0
4609 -0.001118139789978876 -0.0002948381625086792 0
4610 -0.001067918118922122 -0.0003833165210165117 0
4611 -0.001060683347187846 -0.0003522533514061871 0
4612 -0.001219840119595928 -0.000366100684509344 0
4613 -0.00120488743125634 -0.0004269815832497548 0
4614 -0.001147183323175523 -0.00029039513985164 0
4615 -0.001067614038028452 -0.000415739033453829 0
4616 -0.001089189376514216 -0.0002994907393548636 0
4617 -0.001204887426207393 -0.0003113370327032769 0
4618 -0.001149387560521041 -0.0004551509984540543 0
4619 -0.001136311463186787 -0.0004201959711787311 0
4620 -0.001172985902575113 -0.000399236550563812 0
4621 -0.00113886683792619 -0.0003771203835155177 0
4622 -0.001178273030646963 -0.0003607606668562372 0
4623 -0.001144165969612984 -0.0003295909715404238 0
4624 -0.001105608799575403 -0.0003558053272738928 0
4625 -0.001102870787372052 -0.000395871719768545 0
4626 -0.001119401133269542 -0.0004518909761162291 0
4627 -0.001107409612099 -0.0003235649315901354 0
4628 -0.001182832272010006 -0.0003298632850598077 0
4629 -0.001102066088391635 -0.0009317958986733503 0
4630 -0.0009673246811716985 -0.0008604623000404666 0
4631 -0.0009874689883706681 -0.0009652744910237455 0
4632 -0.001068801250807166 -0.000836453586209032 0
4633 -0.001104463649416887 -0.0008745054716696241 0
4634 -0.001065910010840617 -0.0009716804798010597 0
4635 -0.001010516250667372 -0.0008304111506231419 0
4636 -0.0009593332630013368 -0.0009190846162783429 0
4637 -0.0009548296138911076 -0.0008872468296519156 0
4638 -0.001111843196025394 -0.0009025944395314987 0
4639 -0.001040696101809666 -0.0008258532283541374 0
4640 -0.001096273047012112 -0.000962773544874745 0
4641 -0.00096153581101443 -0.0009499321481980268 0
4642 -0.0009806083655518956 -0.0008352547933444606 0
4643 -0.001096311544686402 -0.0008471216457451522 0
4644 -0.001009172365906089 -0.0009883412414618208 0
4645 -0.001027954217831372 -0.0009560026499098578 0
4646 -0.0009952198894298378 -0.0009296501191268631 0
4647 -0.001032250007564866 -0.0009129952202288362 0
4648 -0.0009961230519811082 -0.0008903601969465948 0
4649 -0.00103607593183159 -0.0008649152607064315 0
4650 -0.001070494175673914 -0.0008973189749217584 0
4651 -0.001065471729782537 -0.0009374445572794273 0
4652 -0.001039703222792753 -0.000990241105765994 0
4653 -0.001074580288574409 -0.0008656191601070132 0
4654 -0.0009982727419136726 -0.0008577400812139271 0
4655 -0.0009120111973512098 -0.0007765679450993077 0
4656 -0.0007780594813685731 -0.0007371467046847441 0
4657 -0.0008230325392084827 -0.0008480404588418003 0
4658 -0.0008730318165261046 -0.0007153908463590138 0
4659 -0.0007686988349266603 -0.0007917067608514277 0
4660 -0.0008968710864952613 -0.0008330514392149166 0
4661 -0.0008193185556638311 -0.0006971463720752353 0
4662 -0.0007689313696799761 -0.0008237887143711035 0
4663 -0.0008035275783182578 -0.0008101968656434281 0
4664 -0.0008000660558002905 -0.0007690052950187372 0
4665 -0.0008355075341886606 -0.0007825984025880851 0
4666 -0.0008270022993856406 -0.0007325378912033252 0
4667 -0.0008704616934833802 -0.0007578776370372706 0
4668 -0.0009046609345858437 -0.0007378232544624615 0
4669 -0.0008755845603449592 -0.0008010858484234145 0
4670 -0.0008601128924739158 -0.0008360850164150918 0
4671 -0.0007569512932499333 -0.0007616082709499211 0
4672 -0.0008487795086573343 -0.0006927706115325389 0
4673 -0.000914673249089515 -0.0008089637052172727 0
4674 -0.000793691224307051 -0.0007085270012749792 0
4675 -0.0007899208590245112 -0.000846133258106982 0
4676 -0.0008808422656428007 -0.0008552194983003375 0
4677 -0.000851164109914981 -0.0008638958043430444 0
4678 -0.0008380026361196707 -0.0008153861294661025 0
4679 -0.001117079445511559 -0.0006493186189161053 0
4680 -0.0009819297382620735 -0.000719930678357449 0
4681 -0.00100246423341485 -0.0006157959732914522 0
4682 -0.001080905245523634 -0.0007428972986568119 0
4683 -0.001119059649731751 -0.0007072685049279996 0
4684 -0.001080951379107083 -0.0006094109756096934 0
4685 -0.001024549806556829 -0.0007504614778677328 0
4686 -0.0009743285068523185 -0.0006619858490925084 0
4687 -0.0009670883814215576 -0.0006930440920204223 0
4688 -0.001126241739877971 -0.0006792278711399394 0
4689 -0.001111306791572614 -0.0006183384652392833 0
4690 -0.001053569533572314 -0.0007549080501469324 0
4691 -0.0009740245916476193 -0.0006295608337454187 0
4692 -0.001111268281523498 -0.0007339903676399549 0
4693 -0.0009956035902544428 -0.0007458156705082156 0
4694 -0.001055809276259864 -0.000590155241929464 0
4695 -0.001042728612756834 -0.0006251050206914331 0
4696 -0.001079396523908018 -0.0006460761780074256 0
4697 -0.001045269701698365 -0.0006681724518305558 0
4698 -0.001084669473635256 -0.0006845533279697039 0
4699 -0.001050563473781411 -0.000715708048158453 0
4700 -0.001011992503673725 -0.0006894598828126524 0
4701 -0.001009283768527173 -0.0006494185574693637 0
4702 -0.001025820023692058 -0.0005934106276701458 0
4703 -0.001013835677884515 -0.0007217236074677055 0
4704 -0.001089220782080705 -0.000715454292052618 0
4705 -0.001308283369652708 -0.0008025294095944317 0
4706 -0.001174323602363637 -0.0007631192307717607 0
4707 -0.001219295887513502 -0.0008740042085184862 0
4708 -0.001269299922166818 -0.0007413553032913725 0
4709 -0.001164962934306911 -0.0008176792831794109 0
4710 -0.001293136232202269 -0.0008590139006307865 0
4711 -0.001215582006861913 -0.0007231186260180638 0
4712 -0.001165195470269704 -0.0008497612329979483 0
4713 -0.001199794568464307 -0.0008361659845390241 0
4714 -0.001196330735829761 -0.000794977927879786 0
4715 -0.001231778983262551 -0.0008085601842108186 0
4716 -0.001223270804279479 -0.000758505327431589 0
4717 -0.00126673838371277 -0.0007838344756761947 0
4718 -0.001300928585830729 -0.0007637755553865787 0
4719 -0.001271851472563341 -0.0008270449194067586 0
4720 -0.001256375933284004 -0.0008620443918035253 0
4721 -0.001153215398375583 -0.000787580787586613 0
4722 -0.001245044007442942 -0.0007187424323144302 0
4723 -0.00118995586685809 -0.0007344987590741737 0
4724 -0.001310939735358746 -0.0008349293170908313 0
4725 -0.001186185068600333 -0.0008721051423760283 0
4726 -0.001277099657681512 -0.0008811788791072368 0
4727 -0.001247426632580162 -0.0008898556064105075 0
4728 -0.001234267992840544 -0.0008413462278916013 0
4729 -0.001293287863288511 -0.001033315678827827 0
4730 -0.001159322373688623 -0.00107270558041657 0
4731 -0.001204304308281186 -0.0009618166890538695 0
4732 -0.001254292064103104 -0.00109447831615786 0
4733 -0.001149963354626463 -0.001018147472888149 0
4734 -0.001278163286848962 -0.0009768266147303958 0
4735 -0.001200574601448593 -0.001112706476748935 0
4736 -0.001150195924400376 -0.0009860681034414287 0
4737 -0.001184796346044261 -0.0009996597824755414 0
4738 -0.001181329425986455 -0.001040848654505123 0
4739 -0.001216781157127481 -0.001027264081870543 0
4740 -0.001208267426611563 -0.001077321633835353 0
4741 -0.001251738163358863 -0.001051997112850036 0
4742 -0.001285923927743847 -0.001072065558991958 0
4743 -0.001256864488575167 -0.001008785648506195 0
4744 -0.001241397411652039 -0.0009737801115981612 0
4745 -0.001138217976319277 -0.001048244088428895 0
4746 -0.001230033655048157 -0.001117087080610415 0
4747 -0.001174951909948991 -0.001101324420270446 0
4748 -0.001295956334679937 -0.00100091894696496 0
4749 -0.0011711878422601 -0.0009637262955523047 0
4750 -0.001262143956055775 -0.00095465752603665 0
4751 -0.001232452221498896 -0.0009459584484228024 0
4752 -0.00121927772409191 -0.0009944746861613228 0
4753 -0.001087641914750034 -0.001134698696216215 0
4754 -0.000953692711597361 -0.001174110911395706 0
4755 -0.0009986761445605046 -0.001063204331672347 0
4756 -0.001048654302123083 -0.001195867393747151 0
4757 -0.0009443336827009836 -0.001119552805487259 0
4758 -0.001072531505357919 -0.001078211643732691 0
4759 -0.000994946232764274 -0.001214111269254101 0
4760 -0.0009445662525058918 -0.001087473435268673 0
4761 -0.0009791608381821281 -0.00110105825461408 0
4762 -0.0009756985659987186 -0.00114225418599456 0
4763 -0.001011136651213023 -0.001128647757485452 0
4764 -0.001002628869647539 -0.00117871671183033 0
4765 -0.001046083091780603 -0.00115337082393013 0
4766 -0.001080287106848703 -0.001173430104104005 0
4767 -0.001051229138756628 -0.00111016384817356 0
4768 -0.001035769871223593 -0.001075158929018182 0
4769 -0.0009325883046121171 -0.001149649424068342 0
4770 -0.001090321846830794 -0.001102310322508315 0
4771 -0.001024403176378792 -0.001218491003656132 0
4772 -0.0009693211615579241 -0.0012027282134891 0
4773 -0.0009655579459507693 -0.001065130349193294 0
4774 -0.001056527811918452 -0.001056036368256138 0
4775 -0.001026825728639926 -0.001047338114043242 0
4776 -0.001013645508585403 -0.001095854967896926 0
4777 -0.0008964502116574668 -0.0009794863110570142 0
4778 -0.0007613004536578731 -0.001050136310385789 0
4779 -0.0007818306609972399 -0.0009459853565830057 0
4780 -0.0008603134306377689 -0.001073075247839033 0
4781 -0.0008984496154968509 -0.001037431083057479 0
4782 -0.0008603134309854097 -0.0009395890620996709 0
4783 -0.000803920073070085 -0.001080662424228704 0
4784 -0.000753699244206963 -0.0009921749497876719 0
4785 -0.0007464675408325769 -0.001023244985681804 0
4786 -0.0009056223790123249 -0.00100939010429316 0
4787 -0.0007533951633132923 -0.0009597524373503539 0
4788 -0.0008329669571776875 -0.001085104041204445 0
4789 -0.000774970501799056 -0.00107600073144932 0
4790 -0.0008906685514922333 -0.0009485098789444059 0
4791 -0.0008906685565411803 -0.001064154429490884 0
4792 -0.0008351686832525827 -0.0009203404723115017 0
4793 -0.0008220887948565592 -0.0009553015848302621 0
4794 -0.0008587662981362141 -0.0009762564831389181 0
4795 -0.0008246500147768681 -0.0009983867715035802 0
4796 -0.0008640577480977849 -0.00101473271451836 0
4797 -0.000829948313435236 -0.00104591258132438 0
4798 -0.0007914109684039485 -0.001019723733828052 0
4799 -0.0007886477884780695 -0.0009796331579991389 0
4800 -0.0008051818700834892 -0.0009236011146369187 0
4801 -0.0007931806144306133 -0.001051947636734955 0
4802 -0.0008686135622684406 -0.001045628440073229 0
4803 -0.0005119345322674035 -0.001298648533372247 0
4804 -0.0003779859808181655 -0.001259222997074223 0
4805 -0.0004229593055709568 -0.001370120155990612 0
4806 -0.000472956724706314 -0.001237470266926517 0
4807 -0.0003686253120288834 -0.001313783050367218 0
4808 -0.0004967971571976039 -0.00135513164035815 0
4809 -0.0004192452795132275 -0.001219222765085669 0
4810 -0.0003688578479749126 -0.001345865001362254 0
4811 -0.0004034529274626846 -0.00133227447700988 0
4812 -0.0003999922968873298 -0.001291081554733979 0
4813 -0.0004354311424325394 -0.001304678865941814 0
4814 -0.0004269270601891288 -0.001254616157667401 0
4815 -0.0004703832628598266 -0.001279960020762692 0
4816 -0.0005045860288626347 -0.001259907412627486 0
4817 -0.0004755099398757481 -0.001323167366467077 0
4818 -0.000460039778929688 -0.001358166416181327 0
4819 -0.0003568777751115219 -0.001283684553924901 0
4820 -0.0004487058257508148 -0.001214847170041869 0
4821 -0.0005145987981781382 -0.001331042681803152 0
4822 -0.0003936174991091794 -0.001230603586864735 0
4823 -0.0003898472927961301 -0.001368209790972562 0
4824 -0.000480771349806464 -0.001377300897425216 0
4825 -0.000451091197869339 -0.00138597703792147 0
4826 -0.0004379286196888137 -0.001337467247621091 0
4827 -0.0003207237074562217 -0.001199116479292463 0
4828 -0.000185981733660692 -0.001127783133561916 0
4829 -0.0002061266116332687 -0.001232595070879983 0
4830 -0.0002874592874063273 -0.001103764802267017 0
4831 -0.0003231203107641526 -0.001141815830563106 0
4832 -0.0002845676307781744 -0.001239001060091153 0
4833 -0.0002291733148750834 -0.001097725754515474 0
4834 -0.0001779908839542067 -0.001186405194940302 0
4835 -0.0001734864414837516 -0.00115456767103948 0
4836 -0.0003304983034472885 -0.001169904686496177 0
4837 -0.000180193507945721 -0.001217252682306689 0
4838 -0.0001992659766758933 -0.001102575370899842 0
4839 -0.0002593530240017295 -0.001093163479567125 0
4840 -0.0002278299877601188 -0.001255661822157793 0
4841 -0.0002466099723860126 -0.0012233174460096 0
4842 -0.0002138782352850516 -0.001196969318579897 0
4843 -0.0002509005572541366 -0.001180298359103081 0
4844 -0.0002147782059810229 -0.001157677346016891 0
4845 -0.0002547315391876725 -0.001132222413009549 0
4846 -0.0002891428804983831 -0.00116460841721822 0
4847 -0.0002841206736856059 -0.001204752727591371 0
4848 -0.000258360707813993 -0.001257561264277841 0
4849 -0.0003149691658617795 -0.001114442227881769 0
4850 -0.0003149306658443105 -0.001230094124614566 0
4851 -0.000293239603110514 -0.00113292345348402 0
4852 -0.0002169298005775879 -0.001125058579700108 0
4853 -0.0005263533772018608 -0.001097711157704357 0
4854 -0.0003916122702157788 -0.001026377407802991 0
4855 -0.0004117562746525551 -0.001131189737356002 0
4856 -0.0004930883174867043 -0.001002373955803899 0
4857 -0.000528751470128618 -0.001040426320733078 0
4858 -0.0004901972945511803 -0.001137595732745686 0
4859 -0.0004348038428415362 -0.0009963296619703605 0
4860 -0.0003836205518081999 -0.001084999862775918 0
4861 -0.0003791173348685906 -0.001053161930071041 0
4862 -0.0005361318630270297 -0.001068515351056514 0
4863 -0.0005205603305510444 -0.001128688801728829 0
4864 -0.0004649837774427958 -0.0009917741221566855 0
4865 -0.0003858230578105637 -0.001115847418882947 0
4866 -0.0005205988406001608 -0.001013036899328158 0
4867 -0.0004048956475785868 -0.001001170039143551 0
4868 -0.0004334596499561973 -0.001154256487617831 0
4869 -0.0004522425251747044 -0.001121921061294971 0
4870 -0.0004195067822262664 -0.001095566119435397 0
4871 -0.0004565411648622009 -0.00107892000202043 0
4872 -0.0004204116885128134 -0.001056277309217414 0
4873 -0.0004603643223983708 -0.001030837848528122 0
4874 -0.0004947863472719156 -0.001063251253579076 0
4875 -0.0004897637624572789 -0.001103366595902013 0
4876 -0.0004639905797149165 -0.001156156585190485 0
4877 -0.0004988666565080629 -0.001031543318862318 0
4878 -0.000422560326465419 -0.001023656460356719 0
4879 -0.0007175641840845135 -0.001197243233795876 0
4880 -0.0005836156513911831 -0.001157817664860635 0
4881 -0.0006285889752855415 -0.001268714843877771 0
4882 -0.0006785863835049292 -0.001136064952443608 0
4883 -0.0005742549833344578 -0.001212377717268285 0
4884 -0.0007024268222567858 -0.001253726337356132 0
4885 -0.0006248749491469092 -0.001117817433754798 0
4886 -0.00057448751929725 -0.001244459667086823 0
4887 -0.0006090825902786137 -0.001230869151776924 0
4888 -0.0006056219658971298 -0.001189676221462667 0
4889 -0.0006410607944317084 -0.001203273559706776 0
4890 -0.0006325567188018267 -0.00115321083748285 0
4891 -0.0006760129021533331 -0.001178554727448677 0
4892 -0.0007102156918594901 -0.001158502130436693 0
4893 -0.0006811396026118056 -0.001221762069646141 0
4894 -0.0006656694491500955 -0.001256761117319722 0
4895 -0.0005625074474031296 -0.001182279221675487 0
4896 -0.0006543354926982482 -0.001113441838116841 0
4897 -0.0007202284618767223 -0.001229637372959615 0
4898 -0.0005992471671359577 -0.001129198257393083 0
4899 -0.0005954769620432927 -0.001266804458098568 0
4900 -0.0006864010315383447 -0.001275895600205413 0
4901 -0.0006567208676859416 -0.0012845717367489 0
4902 -0.0006435582857091243 -0.001236061945592195 0
4903 -0.0007020063667739676 -0.001400157273384726 0
4904 -0.0005668569914824809 -0.001470816808087765 0
4905 -0.0005873868088057108 -0.001366656305061999 0
4906 -0.0006658695755303633 -0.001493746206490355 0
4907 -0.0007040064739951643 -0.001458101547649269 0
4908 -0.0006658695692890428 -0.001360260022609194 0
4909 -0.0006094754410362426 -0.001501341692005601 0
4910 -0.0005592554036540091 -0.001412845906977024 0
4911 -0.0005520264813147943 -0.001443922199254018 0
4912 -0.0007111795543125502 -0.001430060474868904 0
4913 -0.0005589513126691069 -0.0013804233840322 0
4914 -0.0005805266454626622 -0.001496671685184063 0
4915 -0.0006385253726962267 -0.00150578203614532 0
4916 -0.0006962247036501506 -0.001484825391899204 0
4917 -0.0006962247013051564 -0.001369180833955201 0
4918 -0.000640724823626688 -0.001341011428203035 0
4919 -0.0006276414663097027 -0.001375978098774279 0
4920 -0.0006643217661462554 -0.001396928896307198 0
4921 -0.0006302079913811549 -0.001419072049923028 0
4922 -0.0006696171395673819 -0.001435405457604944 0
4923 -0.0006355055543580641 -0.001466594563028095 0
4924 -0.0005969862497497328 -0.001440428950712393 0
4925 -0.0005942001483811664 -0.001400316341242888 0
4926 -0.0006107376596038293 -0.001344272637270872 0
4927 -0.0005987275341338363 -0.001472637813113079 0
4928 -0.0006741698600933635 -0.001466299654269111 0
4929 -0.0004969515077206772 -0.001529421174482796 0
4930 -0.0003629847606249074 -0.001568809345484581 0
4931 -0.0004079665706789049 -0.001457921833318579 0
4932 -0.0004579550767946186 -0.001590583345721968 0
4933 -0.00035362573172853 -0.001514251239576134 0
4934 -0.0004818258286781335 -0.001472931958640242 0
4935 -0.0004042368856361494 -0.001608810287155378 0
4936 -0.0003538583015334383 -0.001482171869357548 0
4937 -0.0003884591787913637 -0.001495764082954566 0
4938 -0.0003849918941668947 -0.00153695240065657 0
4939 -0.0004204446895870811 -0.001523369535497375 0
4940 -0.0004119305005529355 -0.001573426199339016 0
4941 -0.0004554025198958048 -0.001548103342078801 0
4942 -0.0004895868665852226 -0.001568172493576389 0
4943 -0.0004605273078929895 -0.001504891524747846 0
4944 -0.0004450596249495231 -0.001469885942626698 0
4945 -0.0003418803536396636 -0.001544347858157216 0
4946 -0.000433696105839812 -0.001613190955608301 0
4947 -0.0003786143799743532 -0.001597428310039719 0
4948 -0.000499619083527256 -0.001497023790093548 0
4949 -0.0003748502380370696 -0.001459830160927367 0
4950 -0.0004658052836654256 -0.001450763357700797 0
4951 -0.0004361143544781882 -0.001442064214508141 0
4952 -0.0004229403008942646 -0.001490580403569661 0
4953 -0.0002913950593408914 -0.001451165407649011 0
4954 -0.0001677580810078282 -0.001361682716263233 0
4955 -0.0001910431440914036 -0.001464661391501558 0
4956 -0.0002696054800129562 -0.001334287496188545 0
4957 -0.0003107481683649775 -0.001401030583910612 0
4958 -0.0002412955891351776 -0.001479279600644597 0
4959 -0.000215885664689226 -0.001328852775872006 0
4960 -0.0001595406622547578 -0.001414726761513065 0
4961 -0.0001511447117822092 -0.001384722858000598 0
4962 -0.0002998867853328474 -0.001343274561128899 0
4963 -0.0002794541956348503 -0.001374241649968754 0
4964 -0.0002400983779383338 -0.001357736486218812 0
4965 -0.0002430037394442458 -0.001397607726903981 0
4966 -0.0002057545919949345 -0.001369884156961482 0
4967 -0.0002034808578698744 -0.001421817451959843 0
4968 -0.0002478139050553221 -0.001439670262494481 0
4969 -0.0002799713732353625 -0.001415799626620651 0
4970 -0.0002128737622061315 -0.001484412460040095 0
4971 -0.0001640147286068934 -0.001446791588765638 0
4972 -0.0002444134387541536 -0.001315084011641409 0
4973 -0.0002704096053703507 -0.001473799720179481 0
4974 -0.0003164295721335583 -0.001431962954529273 0
4975 -0.0003149462224681766 -0.001369197634092115 0
4976 -0.0001858968041340422 -0.001336899886503885 0
4977 -0.0002200717736026391 -0.001456393234173311 0
4978 -0.0001781071907916287 -0.001390632562293803 0
4979 0.0001975410630959549 -0.001319265122243627 0
4980 0.0003326902465102322 -0.001389889658836963 0
4981 0.0003121562674205079 -0.001285742481542266 0
4982 0.0002337152489358711 -0.001412843809158611 0
4983 0.0001955599129180165 -0.001377214343146053 0
4984 0.0002336691204439094 -0.001279357485309012 0
4985 0.0002900717011871787 -0.001420418841585108 0
4986 0.0003402919851204576 -0.001331932366841045 0
4987 0.0003475284660130463 -0.001362998777349402 0
4988 0.0001883774118792868 -0.001349173582072875 0
4989 0.0002610479848840692 -0.001424863737631341 0
4990 0.0002033137150900859 -0.001288284975102703 0
4991 0.0003405959109243432 -0.001299507338270665 0
4992 0.0003190169070549555 -0.001415762189144205 0
4993 0.0002033522127643766 -0.001403936874232296 0
4994 0.0002588112284185831 -0.00126010175853752 0
4995 0.0002718963970276329 -0.001295058768788147 0
4996 0.0002352248444738 -0.001316024552730173 0
4997 0.0002693483533320585 -0.00133813761652529 0
4998 0.0002299467529992537 -0.001354502115669265 0
4999 0.0002640555784266296 -0.001385668938663855 0
5000 0.0003026029468133549 -0.001359451111698961 0
5001 0.0003053416258620155 -0.001319381008919181 0
5002 0.0002888009385878023 -0.001263357880379896 0
5003 0.0003007968838185627 -0.001391695236383016 0
5004 0.0002253995219669116 -0.001385401110725067 0
5005 0.0004025512475853817 -0.001268866152140897 0
5006 0.0005228218866605194 -0.001175492508077377 0
5007 0.0005073190317665388 -0.001280079843057947 0
5008 0.0004243035452570004 -0.001151979630703163 0
5009 0.0003881754919562769 -0.001191887269565079 0
5010 0.0004506767347721838 -0.001293152385884726 0
5011 0.0004812405900901691 -0.001143663060833108 0
5012 0.0005309264248498282 -0.001232870090208979 0
5013 0.0005403230090788692 -0.001202325515337806 0
5014 0.0004820126751673718 -0.001294441620549087 0
5015 0.0003775794417976409 -0.001249644248177076 0
5016 0.0004077480576475836 -0.001228078700755293 0
5017 0.0004374231524244641 -0.001257935041417174 0
5018 0.000449978543873373 -0.001219439952198933 0
5019 0.0004760207253493842 -0.001253115577552444 0
5020 0.0004952925402932416 -0.001210618855214911 0
5021 0.000460830389705108 -0.001178319153450953 0
5022 0.0004222012677413159 -0.001189085063466294 0
5023 0.0005312303400710104 -0.001265295106372194 0
5024 0.0004520589878986697 -0.001138322488853132 0
5025 0.0003728431108051085 -0.001220107372394996 0
5026 0.0003939481429422553 -0.001160907123150446 0
5027 0.0005096513321281416 -0.001149040266168518 0
5028 0.0004199345911100788 -0.001293984139920929 0
5029 0.0004923540516917948 -0.00117299067547976 0
5030 0.0005070129394003 -0.001249073483381897 0
5031 0.0001819720300761371 -0.001116309013545468 0
5032 0.0003159361068242535 -0.001076904701776825 0
5033 0.0002709642014399623 -0.001187785026514713 0
5034 0.0002209576275228255 -0.00105513649936118 0
5035 0.0003252967569958347 -0.001131464758044594 0
5036 0.0001971229028754573 -0.001172794034920248 0
5037 0.00027467801828164 -0.001036903958322835 0
5038 0.0003250642210281965 -0.001163546707523025 0
5039 0.0002904635858346262 -0.001149949651657398 0
5040 0.000293928638978307 -0.001108763447576607 0
5041 0.0002584767957006572 -0.001122339956079138 0
5042 0.0002669865430029208 -0.001072288099926602 0
5043 0.000223514609639573 -0.001097611623147695 0
5044 0.0001893292134451869 -0.001077550286652126 0
5045 0.0002184067213316939 -0.001140823252563213 0
5046 0.0002338843186536704 -0.001175822886489013 0
5047 0.0003370442943137424 -0.001101366267402658 0
5048 0.0002452154612581495 -0.001032527538049258 0
5049 0.0003003035415015712 -0.001048283827559596 0
5050 0.0001793186876601094 -0.001148711123955091 0
5051 0.0003040745638291592 -0.001185890280313504 0
5052 0.0002131635939310782 -0.001194957376275081 0
5053 0.0002428338945294299 -0.001203634328126571 0
5054 0.0002559910280713976 -0.001155125105784973 0
5055 -8.088614127833502e-06 -0.001217859797802641 0
5056 0.0001270601816677164 -0.00128849398321332 0
5057 0.0001065265980738138 -0.001184337149099539 0
5058 2.808558216657205e-05 -0.001311438479917916 0
5059 -1.007047575533193e-05 -0.001275808512591705 0
5060 2.803945597800424e-05 -0.001177952157119974 0
5061 8.444282389791084e-05 -0.001319021920336419 0
5062 0.0001346623138151629 -0.001230527034269836 0
5063 0.000141895969787253 -0.001261599775502651 0
5064 -1.725329824041897e-05 -0.001247767657026533 0
5065 0.0001349662396940635 -0.001198102006837427 0
5066 5.541602280921244e-05 -0.00132346552530092 0
5067 0.0001133872374920189 -0.001314356854736483 0
5068 -2.31595784453861e-06 -0.001186879644071654 0
5069 -2.277455116384228e-06 -0.001302531548201709 0
5070 5.318156089823666e-05 -0.001158696425245206 0
5071 6.627023906500985e-05 -0.001193659056771604 0
5072 2.959585931624055e-05 -0.001214620691259061 0
5073 6.371682482573974e-05 -0.001236746768399282 0
5074 2.431379762196089e-05 -0.001253098586849523 0
5075 5.842480240217354e-05 -0.001284274761808898 0
5076 9.695389971262139e-05 -0.00125808044121872 0
5077 9.971577854148646e-05 -0.001217988043721272 0
5078 8.317162864622331e-05 -0.001161953122132403 0
5079 9.517656280922939e-05 -0.001290309360898951 0
5080 1.976970157378153e-05 -0.00128399603765188 0
5081 6.910940926626056e-06 -0.001500313847585491 0
5082 0.0001420604016734052 -0.001429656698027235 0
5083 0.0001215305036677792 -0.001533814810824142 0
5084 4.304773951499202e-05 -0.001406724917877871 0
5085 4.91101289108831e-06 -0.001442369449054726 0
5086 4.304773327367136e-05 -0.001540211101759031 0
5087 9.944166955528498e-05 -0.001399131508780502 0
5088 0.0001496619161893032 -0.001487625218943074 0
5089 0.0001568915191987802 -0.001456550488923089 0
5090 -2.261990005544528e-06 -0.001470410497878152 0
5091 0.0001499659959750812 -0.001520047727704874 0
5092 7.039250749510533e-05 -0.001394690845344694 0
5093 0.0001283906512543795 -0.001403799440169973 0
5094 1.269260749887834e-05 -0.001415645729223878 0
5095 1.269260515388403e-05 -0.00153129028716788 0
5096 6.819247973489729e-05 -0.001559459696558042 0
5097 8.127497195933258e-05 -0.001524494412271814 0
5098 4.459537041707354e-05 -0.0015035425903116 0
5099 7.870977062530145e-05 -0.001481402651887461 0
5100 3.930097879833095e-05 -0.001465066110693558 0
5101 7.34120232838618e-05 -0.001433879315235735 0
5102 0.0001119358255002375 -0.001460050735403668 0
5103 0.0001147162111664611 -0.00150015783605469 0
5104 9.817955927205729e-05 -0.001556198625171754 0
5105 0.0001101874500988149 -0.001427838113401372 0
5106 3.474748686486932e-05 -0.001434171532032611 0
5107 0.0002125406197301182 -0.001548027489942887 0
5108 0.0003476903671770836 -0.001618677675698121 0
5109 0.0003271601708072926 -0.001514526532790724 0
5110 0.0002486773970543076 -0.001641616429100128 0
5111 0.0002105411984646754 -0.001605972252986922 0
5112 0.0002486774041015635 -0.001508130243609828 0
5113 0.0003050707691925954 -0.001649203765947633 0
5114 0.0003552915770755048 -0.00156071613484481 0
5115 0.000362523233731048 -0.001591786288612227 0
5116 0.000203368430685788 -0.001577931271625136 0
5117 0.0003555956680770629 -0.001528293611083591 0
5118 0.0002760238270437811 -0.001653645357922185 0
5119 0.0003340203259474186 -0.001644541915677696 0
5120 0.000218322282238995 -0.001517051057776374 0
5121 0.0002183222698685253 -0.001632695610052198 0
5122 0.0002738221539066945 -0.00148888165562816 0
5123 0.0002869021040040594 -0.00152384287153386 0
5124 0.0002502245465586158 -0.001544797692176069 0
5125 0.0002843407811843864 -0.001566928225365685 0
5126 0.0002449330196645433 -0.001583273929676557 0
5127 0.0002790424940751006 -0.00161445397319419 0
5128 0.0003175794969459499 -0.001588265568035184 0
5129 0.0003203431137822256 -0.001548174570428317 0
5130 0.0003038089708715134 -0.001492142308260304 0
5131 0.0003158103887295184 -0.001620489185488529 0
5132 0.0002403772622404619 -0.001614169626173667 0
5133 0.0004026117548833546 -0.00144849243165342 0
5134 0.0005365669799169707 -0.001487896386157403 0
5135 0.0004915840994838587 -0.00137699635389628 0
5136 0.0004416023998810713 -0.001509658884292545 0
5137 0.0005459260155695252 -0.001433338279145222 0
5138 0.0004177274005158182 -0.001392004637239302 0
5139 0.0004953139434441896 -0.001527896944527277 0
5140 0.0005456934439236706 -0.001401258914902596 0
5141 0.0005110966985194741 -0.001414846269764137 0
5142 0.0005145606996081212 -0.001456039583351694 0
5143 0.000479117560070569 -0.001442441248944894 0
5144 0.0004876275376329218 -0.001492505982634348 0
5145 0.0004441672053785982 -0.001467168004570317 0
5146 0.0004099699392024381 -0.001487230668909878 0
5147 0.0004390284518830547 -0.001423959366517369 0
5148 0.0004544906045723349 -0.001388954218620068 0
5149 0.0005576713871222267 -0.001463434899713396 0
5150 0.0004658562149447542 -0.001532277000243724 0
5151 0.0003999360615120749 -0.001416100964943223 0
5152 0.0005209381302255421 -0.001516514258927649 0
5153 0.0005247016600604038 -0.001378916299313624 0
5154 0.0004337368770207513 -0.00136983165107507 0
5155 0.0004634351296090752 -0.001361133091018872 0
5156 0.0004766132428115874 -0.001409649713690994 0
5157 0.0008347139093370841 -0.001005046247528468 0
5158 0.0009698624100583649 -0.001075687437333122 0
5159 0.0009493291136616369 -0.0009715236068271065 0
5160 0.000870888095177 -0.001098624934443451 0
5161 0.0008327315158037811 -0.001062994587716295 0
5162 0.0008708419666850385 -0.0009651386105938525 0
5163 0.0009272458987042257 -0.001106214467233301 0
5164 0.0009774648313615865 -0.001017713492125885 0
5165 0.0009846964393546713 -0.001048790820245843 0
5166 0.0008255484627953093 -0.001034953660578431 0
5167 0.0009777687571654722 -0.0009852884635555056 0
5168 0.0008982168566223726 -0.001110657133585269 0
5169 0.0009561897532960842 -0.001101543314429045 0
5170 0.0008405250590055055 -0.001089717999517136 0
5171 0.0008404865613312151 -0.0009740661003875433 0
5172 0.0008959840746597121 -0.0009458828838223601 0
5173 0.0009090752888932283 -0.0009808495800457488 0
5174 0.0008723988612400094 -0.001001808189376179 0
5175 0.0009065179711102992 -0.001023943702586638 0
5176 0.0008671139130271264 -0.001040286317713452 0
5177 0.0009012265045523776 -0.001071469288540001 0
5178 0.0009397423654509531 -0.001045292007053684 0
5179 0.0009425210559277316 -0.001005183459288677 0
5180 0.000925974401729387 -0.000949139994029304 0
5181 0.0009379858445691116 -0.001077509907531024 0
5182 0.0008625721095168934 -0.00107118266247208 0
5183 0.001025366447588942 -0.000931362499845979 0
5184 0.00116010827165952 -0.0008600290858106019 0
5185 0.001139963543411895 -0.0009648410914334997 0
5186 0.001058630977621514 -0.0008360133304516095 0
5187 0.001022969587669642 -0.0008740645882942018 0
5188 0.001061522524266989 -0.000971247080644669 0
5189 0.001116916690786101 -0.0008299733746258373 0
5190 0.001168099271090957 -0.000918651215493819 0
5191 0.001172603501987016 -0.0008868136207095314 0
5192 0.001015591179142506 -0.0009021534741525275 0
5193 0.001165896667503819 -0.000949498715289163 0
5194 0.001146824178369271 -0.0008348213914533585 0
5195 0.001086736941942935 -0.0008254122657697393 0
5196 0.001118260167285044 -0.0009879078427113099 0
5197 0.001099479682586914 -0.0009555650152287945 0
5198 0.001132212113224326 -0.0009292157081677825 0
5199 0.001095187703659247 -0.0009125490488950798 0
5200 0.001131311288640029 -0.000889924283024465 0
5201 0.001091358076741418 -0.000864472028297884 0
5202 0.001056944887596009 -0.0008968627752313824 0
5203 0.001061967158383333 -0.0009370020707689176 0
5204 0.001087729410782757 -0.0009898073977078644 0
5205 0.001031120989183384 -0.0008466882484352859 0
5206 0.001031159489200853 -0.0009623401451680825 0
5207 0.001052851005413356 -0.0008651738348234325 0
5208 0.001129160206342883 -0.0008573051562333945 0
5209 0.0008191572832945354 -0.0008021071363573151 0
5210 0.0009531089530653825 -0.0007626858270616651 0
5211 0.0009081358999340456 -0.0008735796269321247 0
5212 0.0008581366446632681 -0.0007409300116208369 0
5213 0.0009624696032369638 -0.0008172458833294346 0
5214 0.0008342973608982052 -0.0008585906238593222 0
5215 0.000911849878933846 -0.0007226854959697124 0
5216 0.0009622370672693256 -0.000849327832807865 0
5217 0.0009276408787094684 -0.000835736004436311 0
5218 0.0009311023899970447 -0.0007945444176323793 0
5219 0.0008956609482645934 -0.0008081375831412017 0
5220 0.0009041661635663989 -0.0007580770408102418 0
5221 0.0008607068151450515 -0.000783416845754848 0
5222 0.0008265075188166339 -0.0007633624922852158 0
5223 0.0008555838950593492 -0.000826625048407175 0
5224 0.0008710555443778683 -0.0008616242129163595 0
5225 0.0009742171405548713 -0.0007871473926874983 0
5226 0.0008823889301373843 -0.0007183097365814773 0
5227 0.0008164952031503214 -0.0008345028755880043 0
5228 0.0009374772147046182 -0.0007340661282674134 0
5229 0.0009412475818157417 -0.0008716723792877778 0
5230 0.0008503261420581944 -0.0008807586972883687 0
5231 0.0008800043264630986 -0.000889434996725578 0
5232 0.0008931658125606886 -0.0008409253198161544 0
5233 0.0006285232374264116 -0.0009294855100708616 0
5234 0.0007624745036539808 -0.0008900636854141518 0
5235 0.0007175014323478387 -0.001000957895844248 0
5236 0.0006675024120046912 -0.0008683082446124439 0
5237 0.0007718351717107062 -0.0009446237378218021 0
5238 0.0006436629779409845 -0.0009859689508164148 0
5239 0.0007212154234638445 -0.0008500633633242993 0
5240 0.0007716026357479139 -0.0009767056876403397 0
5241 0.0007370065846777893 -0.0009631140207953112 0
5242 0.0007404679899737567 -0.0009219222761877837 0
5243 0.0007050268696242545 -0.0009355159451024021 0
5244 0.0007135319435448876 -0.0008854551366665137 0
5245 0.0006700729872729386 -0.0009107954401798714 0
5246 0.0006358732605620461 -0.0008907413045967873 0
5247 0.0006649495987757511 -0.0009540035366257528 0
5248 0.0006804210626440092 -0.0009890026875462 0
5249 0.0007835827076420342 -0.0009145252422290041 0
5250 0.0006917545251817551 -0.0008456876222720577 0
5251 0.0006258608847605938 -0.0009618810525239983 0
5252 0.0007468428057473691 -0.0008614440190389046 0
5253 0.0007506131551269989 -0.0009990502641517632 0
5254 0.0006596913923184749 -0.001008137171371324 0
5255 0.0006893698192367636 -0.001016813451653374 0
5256 0.0007025314417414864 -0.0009683037611836454 0
5257 0.0006435253916987077 -0.001160239371663342 0
5258 0.0007774757323289942 -0.001199650035058962 0
5259 0.0007324923963871752 -0.001088744679116541 0
5260 0.0006825135763934348 -0.001221407644367618 0
5261 0.0007868347513911547 -0.001145091927530541 0
5262 0.0006586367829756787 -0.001103752175557949 0
5263 0.0007362222989856774 -0.001239650427270426 0
5264 0.0007866021816172417 -0.00111301255808382 0
5265 0.0007520071926922274 -0.001126597852285449 0
5266 0.0007554697845435843 -0.001167793298618031 0
5267 0.000720030755483376 -0.001154188379360239 0
5268 0.0007285389532434794 -0.001204256544020183 0
5269 0.0006850835841675916 -0.001178912136410795 0
5270 0.000650880836359551 -0.001198972058789662 0
5271 0.0006799389020860886 -0.001135704852664691 0
5272 0.0006953987124141915 -0.001100699888208816 0
5273 0.0007985801296983407 -0.001175188543071286 0
5274 0.0007067652112117034 -0.001244030224600417 0
5275 0.0006408462508217333 -0.00112785042038623 0
5276 0.0007618472058192087 -0.001228267439401629 0
5277 0.0007656104736372344 -0.001090669560616801 0
5278 0.000674641562669246 -0.001081577323496233 0
5279 0.0007043429286415927 -0.001072879013510453 0
5280 0.0007175227507391148 -0.001121395825313649 0
5281 0.0008491409959874437 -0.001261663975626819 0
5282 0.0009831053944202562 -0.001301055366038097 0
5283 0.0009381233668686399 -0.001190165301006969 0
5284 0.0008881362464221668 -0.001322827020490465 0
5285 0.0009924644233166339 -0.00124649726012965 0
5286 0.000864264631051274 -0.001205175050027781 0
5287 0.0009418530828447127 -0.001341056229660003 0
5288 0.0009922318535117256 -0.001214417889911065 0
5289 0.0009576318182034472 -0.001228009113454006 0
5290 0.0009610984322594783 -0.001269198450609232 0
5291 0.0009256476060413667 -0.001255612430473411 0
5292 0.0009341609371140548 -0.001305670739658879 0
5293 0.0008906913001947579 -0.001280344798577271 0
5294 0.0008565043208351708 -0.001300412628614211 0
5295 0.0008855636662946935 -0.001237133630017521 0
5296 0.0009010302225822258 -0.001202128136795901 0
5297 0.0010042098014055 -0.001276593878710733 0
5298 0.0009123941670848367 -0.001345436772909654 0
5299 0.000967475931650457 -0.001329674107981444 0
5300 0.0008464717660158517 -0.001229267797875202 0
5301 0.0009712399495180915 -0.001192075997030696 0
5302 0.0008802829197979989 -0.001183005555311439 0
5303 0.0009099753422549115 -0.001174306531135951 0
5304 0.0009231502209489738 -0.001222822808751855 0
5305 0.001039778349525015 -0.001134282124902076 0
5306 0.001173739826158099 -0.001173677511442244 0
5307 0.001128757524061878 -0.001062784273734451 0
5308 0.001078772136825004 -0.001195446251974075 0
5309 0.001183098861810654 -0.001119119404430063 0
5310 0.001054899436307479 -0.001077793559512379 0
5311 0.001132487287144746 -0.001213678277833168 0
5312 0.0011828662901648 -0.001087040040187437 0
5313 0.001148267302864075 -0.001100630029934196 0
5314 0.00115173309002234 -0.001141820630442834 0
5315 0.001116284708669959 -0.001128230692652815 0
5316 0.001124796969490307 -0.001178291046753514 0
5317 0.001081330295406881 -0.001152961275502692 0
5318 0.001047140037798346 -0.001173027457377091 0
5319 0.00107619911731009 -0.001109750912121067 0
5320 0.001091664268750311 -0.001074745527962104 0
5321 0.001194844233363355 -0.001149216024998237 0
5322 0.001103028747450902 -0.001218058666410075 0
5323 0.001158110559763197 -0.0012022959766204 0
5324 0.001037107059180598 -0.001101887447282245 0
5325 0.001161874419693888 -0.001064697915510509 0
5326 0.001070914917732603 -0.001055622951778196 0
5327 0.001100609195673522 -0.001046924074943386 0
5328 0.001113785111571741 -0.001095440460782994 0
5329 -3.899579848592494e-05 0.001614671325707827 0
5330 0.00138303257996953 0.0008297618919311544 0
5331 0.001402336253378238 -0.0007875654162045031 0
5332 4.383606017909751e-06 -0.001605881924899068 0
5333 -0.001422023799518657 0.0007715653953561208 0
5334 0.000285776386400305 0.0001302239567811005 0
5335 -0.001382019718212716 -0.0008023678415214015 0
5336 0.0005998321009642337 -0.001524926337548597 0
5337 0.0002731482660612713 -0.001721693566198489 0
5338 0.001649666742885352 -0.0005749060144115621 0
5339 -0.00132986270988225 -0.001133827180954589 0
5340 -0.00164166433211189 0.0005942103842773209 0
5341 -0.00163609484183771 0.0003137854777100601 0
5342 -0.0002371621715720073 0.000202873906945713 0
5343 0.001630837162615782 -0.000340964952524541 0
5344 0.00125490665031519 -0.001105674417655915 0
5345 4.451112206963822e-05 0.0003108322257256683 0
5346 0.001613152642113231 -0.0002375378218025811 0
5347 -2.479434540540077e-05 -0.0003106187194958849 0
5348 0.0002560046750595969 -0.0001817689344705554 0
5349 -0.00124598080103452 0.001083475453448672 0
5350 -0.0003079802285690417 -9.374474854516471e-05 0
5351 -0.001237527282801319 -0.001178433445135704 0
5352 -0.001084715511258907 -0.001261668539679156 0
5353 -0.001598878663218359 0.0002163014711072734 0
5354 -0.00155353895465276 -0.0005386358866466038 0
5355 -0.0007784324875258034 -0.001428143575486684 0
5356 0.001640221488992024 5.017280158550931e-05 0
5357 0.0008460206307141135 -0.001388056577482657 0
5358 -0.0001958753353307847 -0.001541712909564521 0
5359 0.001538727102509987 -0.0006815560563575478 0
5360 -0.0008303167414760835 0.001376230159197036 0
5361 0.0001741302341947644 -0.001672357329936173 0
5362 0.001239553203289493 -0.0009325974165915128 0
5363 -0.0008687646231910809 0.0001556860956278557 0
5364 -0.0002970112140372822 0.0008382265650738112 0
5365 -0.0009705624022269415 -0.001273667187755686 0
5366 -0.0005619823640932576 -0.0006744245724618674 0
5367 0.0005024791048932674 0.0009309621697265592 0
5368 0.001046836751603293 4.289212119620725e-05 0
5369 0.0003441070678520984 -0.001002944106520559 0
5370 0.0003053062999084869 -0.0008132340771633063 0
5371 -0.001613928502745709 -3.341235242526018e-05 0
5372 -0.006530164773180195 0.01293083167224063 0
5373 0.008142424568086466 0.01176523089753951 0
5374 -0.0005225925092412318 -0.0009407751156150985 0
5375 0.0009500506677356098 0.001263825298167212 0
5376 0.01203726680992175 -0.008476812842216496 0
5377 0.01311807726901194 0.006117059890809289 0
5378 0.00135659316963261 0.01470783875189402 0
5379 -0.006054481667994361 -0.01304331394811656 0
5380 -0.01464388022284071 -0.001271763918254236 0
5381 0.006227457783779543 -0.01335120623867037 0
5382 -0.0119540353553222 0.008363141714722177 0
5383 0.01448239861258384 -0.001299691935802041 0
5384 -0.01182366219979528 -0.008734841066407801 0
5385 -0.001360768170273501 -0.0009805986257253113 0
5386 0.000583152255143109 0.0006786534757734881 0
5387 0.001416717489339681 0.0006164139984019342 0
5388 -0.001068006708610448 -2.302348136405722e-05 0
5389 0.0005626129707533867 -0.0008758386746019011 0
5390 0.0008485816087273302 -0.0001380386432030747 0
5391 -0.0005544882827034507 0.0009032672262830584 0
5392 -0.0001250973859826521 -0.0003260125041765945 0
5393 -0.0004985795141163775 0.0007265425908370077 0
5394 -0.0008899535737393042 -6.777039699634534e-05 0
5395 0.0002187304874731512 -0.0002765120330740406 0
5396 -0.000325661392002352 0.0001394855223349501 0
5397 0.0001756965693149272 0.001535648976584607 0
5398 -0.0006954447712267631 -0.0008038837741369901 0
5399 0.0007769400835900558 0.001390793084279895 0
5400 -0.0003803724659315402 -0.0008121397494417826 0
5401 0.000381233839811725 0.0007858386059117643 0
5402 0.001029236487118584 -0.0002095333617309013 0
5403 0.0007058796140359128 0.0008294008273424735 0
5404 -0.000624501656893805 0.001451925604176056 0
5405 -0.001329738828406635 0.0008153156830165446 0
5406 -0.001060200092792394 0.0001968888950545628 0
5407 0.0003584229542204112 4.605520735110476e-05 0
5408 -0.0003649095275235039 0.001016862097698146 0
5409 0.0002881159197850091 0.0002284996014875794 0
5410 -4.389947506359547e-05 0.0003560813838573617 0
5411 0.0006176764929186658 -0.001419439973651563 0
5412 0.001483000345642199 -3.707951268725097e-05 0
5413 -0.0002805486875017985 -0.0002049890385849251 0
5414 0.0004788971682016306 -0.0007092412210342641 0
5415 0.0008548852300788349 5.923878254803929e-05 0
5416 -0.001439037187350229 -0.0005979697789287331 0
5417 -0.0004744332996393583 0.001074110174171832 0
5418 -0.001168387241564548 0.0001347019584468939 0
5419 -0.0003013403242073971 -0.001598079421085416 0
5420 -0.001229439518279207 0.0009543920457797379 0
5421 0.0001475591307176287 0.0003384775615417086 0
5422 6.313510474314065e-05 -0.0003773115244942857 0
5423 -0.0003864581823839741 -3.510341656908915e-05 0
5424 0.0003621104342630787 -0.0001339772854991456 0
5425 -0.000782685686365434 -0.001248289587984435 0
5426 0.0006900004491027508 0.0009541787403000521 0
5427 -0.0002209611896358982 0.0003079446958540937 0
5428 0.0005628507795336072 -0.0009837677233227806 0
5429 -0.001511235802257032 0.0006828804047572021 0
5430 0.0007519092006357899 -3.025337376511351e-06 0
5431 -0.001466655641783194 5.866302320687092e-05 0
5432 0.001177156890409574 -0.0001145887290324812 0
5433 0.0004918212796992083 0.0006297538420584867 0
5434 -0.0001597372323475122 0.001653540167828037 0
5435 -0.0007042048759479928 -0.0009274305337481435 0
5436 -0.0002894292166908056 -0.0003224771767719862 0
5437 0.0007688266336501538 0.001277107549658292 0
5438 0.0004460158745388729 -0.001071777546258852 0
5439 -0.0007371384899021576 0.001303888374636829 0
5440 -0.0003943467252575017 0.0006516073006591379 0
5441 0.001520554704514115 0.0005393827892387634 0
5442 0.0003668215484545005 -0.0006554113464870779 0
5443 0.001527779171476251 -0.0001719154662110245 0
5444 0.001624746285003841 -0.0004619643830630022 0
5445 0.0003725294179694138 0.0006622023614022895 0
5446 0.0006988649894976994 -0.00130431571104838 0
5447 -0.000392922856192598 -0.0006377822366269295 0
5448 5.037830379695066e-05 0.001546908101782935 0
5449 -0.000774324456677547 0.0001071217787792103 0
5450 0.001298574883807196 -0.0008145426741965884 0
5451 0.0004468213828091482 -4.89157051284599e-05 0
5452 0.0013621543795435 0.0007320872823799421 0
5453 -0.0008840325308161072 0.0005785434940224956 0
5454 0.0002724614302580816 0.0003531604399506269 0
5455 -0.0004312157575314554 7.398291707415954e-05 0
5456 -0.0002969789192337922 0.0007340205806055102 0
5457 0.0002880468928797845 0.001584490885006467 0
5458 -0.0007717110731452554 -2.574369201985184e-05 0
5459 -0.001178317934368598 4.248126250449633e-06 0
5460 0.0001142800388747284 0.001120253270015868 0
5461 -5.912645913085781e-05 -0.001525564730825888 0
5462 0.0001841218837168811 -0.000416352827755922 0
5463 -0.00015891133909311 0.0004105226101047879 0
5464 -0.0005926217911428232 -0.001016621121766031 0
5465 0.0008797545542899493 0.001187611259692552 0
5466 0.0009053484322226255 -0.0002249853456835651 0
5467 -0.0005738919398673824 0.00101040173182966 0
5468 -0.001504384490830151 0.0001677634151147475 0
5469 0.001140511140236718 -4.196661059044859e-06 0
5470 0.000704990841752662 0.000725452249906888 0
5471 -0.0009458387224401227 -0.000476482744239387 0
5472 0.001342828054080277 0.0009525341186694008 0
5473 0.0005705044574831475 -0.0007552867516245168 0
5474 0.0005827582367162811 0.0009884223945114251 0
5475 -0.0008903746795295617 -0.001216053990875036 0
5476 -0.0004202784409695836 -0.0009262502120735236 0
5477 0.00103297995968936 0.0004669573913921095 0
5478 -0.001346146132222084 -0.0007060629550889922 0
5479 0.0005798276548368105 -0.001297257841671713 0
5480 -0.0140862907576032 0.003627420525682889 0
5481 -0.001325900076246447 -0.01415443144479314 0
5482 0.0002762139644947535 0.0009537724187806341 0
5483 -0.0002203108628456543 -0.001027041891633488 0
5484 -0.0002713301499471642 0.0009767520285490704 0
5485 -4.828722934058285e-05 -0.001060060261488729 0
5486 -0.0007249665327652469 0.0006625414484307799 0
5487 0.0007505403585609558 -0.0007505792429815211 0
5488 0.001001799942514515 0.0003256093447067806 0
5489 -0.00095975192052507 -0.0002456567609345661 0
5490 0.0009423818343606006 0.0001225666658701033 0
5491 0.000248798485041707 -0.0009028145287632919 0
5492 5.668428182578721e-05 -0.001031179325900919 0
5493 -0.0001661880552648659 0.0009996723664214048 0
5494 -0.001611473710675226 0.000446200294861748 0
5495 -0.0008855507422080904 0.0003877225377624666 0
5496 0.0009846545832069881 -0.0004346902026773796 0
5497 -0.0005853115143733854 0.001349955058078236 0
5498 0.0009265785071786176 -0.0006603587062856302 0
5499 2.444637695763111e-05 0.001127050222349413 0
5500 -0.0009862697681232173 0.0004900817971827735 0
5501 0.0008839355572918601 -0.0003323309432570725 0
5502 0.0008977033767758986 -0.0005528986880995005 0
5503 -0.0009723579691302009 0.0002619794441698722 0
5504 0.0007500255427731685 -0.000112251620440192 0
5505 0.000964570367145896 0.0002306023355689213 0
5506 -0.0009980818058531078 -0.0003392490029943929 0
5507 -0.001010967322764779 -0.0001107052426715858 0
5508 -4.514500620446908e-05 -0.001150547278755818 0
5509 -0.0008684921760706514 -0.0005579776621387368 0
5510 0.0007788407793760979 0.0006504612357076426 0
5511 -0.0006668708077197983 -0.000662374368569227 0
5512 0.0009804621806046255 0.0005460645833132496 0
5513 -0.0001961400711208932 -0.0004039186651776206 0
5514 -0.001235662843633542 0.0008594332836963472 0
5515 -0.0003369158918454163 -0.0009935602908321621 0
5516 0.000152826871288539 0.000994067097986225 0
5517 0.0003605187428421145 0.0008901731589597197 0
5518 -0.0006120096457613643 0.0008171627937527047 0
5519 -0.0004234365458317371 -0.000555992230768472 0
5520 0.0002348170101932365 0.0004414107889021885 0
5521 -0.0007085696888554473 0.0007811598799962222 0
5522 0.0007658249098447559 -0.0006306787227309948 0
5523 0.0001461791191268898 -0.0009281629665194882 0
5524 -7.669321796376286e-05 0.001102688725802834 0
5525 0.0002810613213259568 -0.000710397976164519 0
5526 -0.000474833922901421 -0.0006092683429911063 0
5527 0.0008995300528136599 -0.0004073995984108675 0
5528 -0.0009706752726014176 0.0004150131420289794 0
5529 0.0001396976325130802 -0.001024123689028034 0
5530 -8.317470457757337e-05 0.001006728003294289 0
5531 0.0008448322409553424 0.0005733353302188877 0
5532 -0.0008116980581542325 -0.0006351337685617936 0
5533 0.0006772286016381519 -0.0007855350564127208 0
5534 -0.0007982781316848365 0.0006275855608932957 0
5535 -9.154445335485905e-05 -0.001372929975004693 0
5536 8.186489655620707e-05 0.00127278543981696 0
5537 -0.001008272886202523 -0.0005349124279685894 0
5538 0.001248949834150636 -0.00089086453242913 0
5539 0.001277687700300251 -0.0009204991250584176 0
5540 0.001270459884270566 -0.000959781616749809 0
5541 0.00130832114823584 -0.0009479213075929581 0
5542 0.001301421655510501 -0.0009869852858896844 0
5543 0.001340599288524949 -0.0009744278804073503 0
5544 0.001346807629810479 -0.0009299073872259451 0
5545 -0.0006897203198513433 -0.0007636795599584142 0
5546 -0.0006568977134273503 -0.0007923773882812003 0
5547 -0.0006650773671796311 -0.0008298442523070775 0
5548 -0.0006256800342539674 -0.0008199277874916711 0
5549 -0.0006398297748396334 -0.0008655631285234172 0
5550 -0.0005946986728592804 -0.0008483864995084592 0
5551 -0.0005861377477612224 -0.0008075635570407478 0
5552 -0.0005554838028200912 -0.0008346607486732342 0
5553 -0.0005467818655747288 -0.0007946922559263665 0
5554 -0.0005160615030572163 -0.0008221361406496742 0
5555 -0.0005075087850437439 -0.0007819524457400419 0
5556 -0.0006481974397351323 -0.0007511143295223349 0
5557 -0.0006031607989823777 -0.0008891342396632365 0
5558 -0.0004786496905938031 -0.000809069630430478 0
5559 -0.0004705901822090201 -0.0007684373418792012 0
5560 -0.0004882142447803147 -0.0008427749551133884 0
5561 -0.0004993514846433367 -0.0007415930009754879 0
5562 -0.0004604346287945264 -0.0007285049515597273 0
5563 0.001262572173750294 -0.0009999528238326437 0
5564 0.001296195010466697 -0.00103072470991103 0
5565 -0.001059473492380858 0.0007578224197950843 0
5566 0.001145078593083244 -0.0007152121898924696 0
5567 0.0004631116202180733 3.440356754816299e-05 0
5568 0.0003167098127964063 -0.0007757414926579715 0
5569 0.000344595104879952 -0.0008013723500387745 0
5570 0.0003375055876247816 -0.0008393160395420527 0
5571 0.0003750622712396889 -0.0008274852594594461 0
5572 0.0003685642449864129 -0.0008659619539505644 0
5573 0.000405914751597421 -0.0008541937864078425 0
5574 0.0003980969726381574 -0.0008943622071632475 0
5575 0.000436580301874848 -0.0008812840965522863 0
5576 0.0004287316739423708 -0.000921518922009235 0
5577 0.0004442662657595394 -0.0008412173212780698 0
5578 0.0003816255939428935 -0.0007894599274360372 0
5579 0.0004660903537516168 -0.0009097468195568839 0
5580 0.000458687645084816 -0.0009483178312355046 0
5581 0.0003534455563866433 -0.000907702829742275 0
5582 0.0004206939626453213 -0.0009617827144426542 0
5583 -0.0001301583179902718 -0.001092115825225269 0
5584 0.001392432167773915 0.0007905680629174802 0
5585 0.001421735862397772 0.0008179473813260539 0
5586 0.001429684202110355 0.0007775001710231216 0
5587 0.001414564818402045 0.0008584503107163928 0
5588 -0.0002101064716757669 0.000267202038357857 0
5589 -0.0001809140069992504 0.0002946570198197336 0
5590 -0.0001721998449762176 0.0002540217623984099 0
5591 -0.0001417440218912528 0.0002816863135784972 0
5592 -0.0001331857953963677 0.0002412519109643594 0
5593 -0.0001025938922458351 0.000268859328673262 0
5594 -9.427000245403808e-05 0.0002284878445162559 0
5595 -0.0001246496792261743 0.0002009338895542489 0
5596 -8.575442727461896e-05 0.0001882124678762025 0
5597 -0.0001160598149955687 0.0001607096760534754 0
5598 -7.696307778654156e-05 0.0001480348003742258 0
5599 -0.0001074421287801843 0.0001205235020345654 0
5600 -6.835488694999564e-05 0.0001078524952860903 0
5601 -9.885325375080915e-05 8.034909422234125e-05 0
5602 -5.977950802794806e-05 6.769375744229091e-05 0
5603 -2.928296882074028e-05 9.518296836763276e-05 0
5604 -2.068756060956234e-05 5.502229715159928e-05 0
5605 -5.120294188490716e-05 2.752296917570439e-05 0
5606 -1.209579149331948e-05 1.481918311778215e-05 0
5607 -4.26501489558901e-05 -1.271482272193156e-05 0
5608 -3.520872400293318e-06 -2.542095613156165e-05 0
5609 2.703626737176945e-05 2.123721576651775e-06 0
5610 -3.410095703995602e-05 -5.298374340310868e-05 0
5611 5.067205641465129e-06 -6.56695280231187e-05 0
5612 -7.320697592296317e-05 -4.025469233424248e-05 0
5613 -6.467352845617671e-05 -8.05519296375059e-05 0
5614 -0.0001379312167888686 9.300629175674822e-05 0
5615 -0.0001038094239071166 -6.783480047393338e-05 0
5616 -9.526290193992853e-05 -0.0001081250764072004 0
5617 -5.608921367174727e-05 -0.0001208211644751964 0
5618 -8.669567112362082e-05 -0.0001484030216925349 0
5619 -4.631858450447934e-05 0.0001752903499626303 0
5620 9.970902347724704e-06 8.246389527886783e-05 0
5621 -4.751522725478863e-05 -0.0001611022725639962 0
5622 -0.0001344187858180991 -9.542126848479457e-05 0
5623 -0.0001429072590041534 -5.5142337187641e-05 0
5624 -7.778595552721301e-05 -0.0001876596023566934 0
5625 -0.0001167846102080547 -0.0001743552175807981 0
5626 -0.0001735392920313971 -8.272255872465908e-05 0
5627 -0.0001820582112205171 -4.250280356046662e-05 0
5628 -3.881384418588994e-05 -0.0002009991287280782 0
5629 -8.327080599567312e-06 -0.0001737527359319864 0
5630 3.220220103914793e-07 -0.000213785122249461 0
5631 3.081304232617629e-05 -0.0001864899282768418 0
5632 3.938306885275622e-05 -0.0002266882907629251 0
5633 6.989847388543618e-05 -0.0001992346992632859 0
5634 7.845767464502222e-05 -0.0002393850617486467 0
5635 0.0001096901312444834 -0.0002117579305111414 0
5636 0.0001005312097257894 -0.0001717584105165701 0
5637 -6.171850104428261e-05 0.0002551524914943859 0
5638 0.000140392798115638 -0.0001850971874200521 0
5639 0.0001321406522236244 -0.0001458575674290708 0
5640 0.0001183583818840148 -0.0002518570836430377 0
5641 -6.954203604128755e-05 -0.0002289732539772051 0
5642 9.212030814976408e-05 -0.0001318309616904161 0
5643 0.0001226491519443471 -0.00010449497501671 0
5644 0.0001626977969703313 -0.0001186237009281439 0
5645 0.0001531449072427632 -7.712329118768001e-05 0
5646 0.0001920222735531174 -8.96980576725571e-05 0
5647 0.0001834481034530355 -4.946336807650511e-05 0
5648 0.0002222862024871709 -6.199039426044205e-05 0
5649 0.000213863537369862 -2.196128779258561e-05 0
5650 0.0001748952627772899 -9.262335612240968e-06 0
5651 0.0002528436187787779 -3.463431752220282e-05 0
5652 0.0002053650694378219 1.814108463071628e-05 0
5653 0.0001664304331245356 3.083359604618013e-05 0
5654 0.0001959238410054445 5.802646901050916e-05 0
5655 0.0001577866420695792 7.088268662153392e-05 0
5656 0.0001867193473129318 9.795223532163331e-05 0
5657 0.0001491230138670626 0.0001109193441255394 0
5658 0.0001790236648112233 0.0001381927733642725 0
5659 0.0001407311437305434 0.0001510124306008278 0
5660 0.0001712055443560116 0.0001784075725274067 0
5661 0.0001323587241967345 0.0001911247069949539 0
5662 0.000101906298761884 0.0001637202074995472 0
5663 0.0001626376824108849 0.000217866321478362 0
5664 9.342380915706888e-05 0.0002038341553162044 0
5665 6.295575737881458e-05 0.0001764112574317153 0
5666 0.0001189622683506154 8.367140934858714e-05 0
5667 0.0001139929226810712 -6.408972362492047e-05 0
5668 -0.0001293500448706407 5.283264186434211e-05 0
5669 -0.0001684356850926818 6.547825647477481e-05 0
5670 -0.0001770139603134235 0.0001056664512564358 0
5671 -0.0002075222832141643 7.813080104617928e-05 0
5672 0.0002404850803589914 4.397837267327711e-05 0
5673 0.0002613607426198202 -7.477247593049671e-05 0
5674 0.0002918707620512172 -4.733814929875034e-05 0
5675 5.389891153253974e-05 0.0002148881855960818 0
5676 8.717694357067141e-05 -0.0002794733673198149 0
5677 0.0001232623551833895 -0.000292343834719097 0
5678 0.0002097678959300964 0.0001612102251497264 0
5679 -0.0002131608046739975 -7.143973567472676e-05 0
5680 -0.0002212679132426038 -3.01348764578253e-05 0
5681 -0.000206339933715532 -0.0001142939898152538 0
5682 -0.0001506191599960022 0.0003212709907060401 0
5683 -0.0002161007502641703 0.0001183211304055271 0
5684 -0.0002450965301628376 9.04389435722149e-05 0
5685 8.154779698859865e-05 0.000240397248871787 0
5686 -0.0005466369587456555 0.0009439339377609606 0
5687 -0.0005147022595538076 0.0009138919777716263 0
5688 -0.0005233918393037911 0.0008757765973076303 0
5689 -0.0004841274615864266 0.0008880493000542535 0
5690 -0.0004758965785853355 0.0009288450618102419 0
5691 -0.0004447836291967956 0.000901153133115526 0
5692 -0.0004529108393561448 0.0008607446978632129 0
5693 -0.0004137842690510136 0.0008736944780122977 0
5694 -0.0004220683423436168 0.0008331570985170326 0
5695 -0.0004054556254369214 0.0009141771498266372 0
5696 -0.0004626291960528319 0.0008231112278698131 0
5697 -0.0004312915092235377 0.0007915528372156737 0
5698 -0.0003920331983392842 0.0008048122598414062 0
5699 -0.0003924182385054306 0.0007642386503228292 0
5700 -0.0003765361779712501 0.0008891864983585372 0
5701 -0.000368982713071184 0.0009298496046343636 0
5702 0.001224368634966216 0.0006580331119437496 0
5703 -0.001156535617419174 -0.000514269401239933 0
5704 0.0003911374149862174 0.0008243502585124423 0
5705 0.0004203380527798232 0.0007973528811310924 0
5706 0.0004117182913016733 0.0007599779705104843 0
5707 0.0004508439157153227 0.000769744608444424 0
5708 0.0004594981563761082 0.0008102664669499278 0
5709 0.0004882316572324154 0.0007829025863067736 0
5710 0.0004989783107049779 0.0008218118698807987 0
5711 0.0005282721126205763 0.0007895048363258892 0
5712 0.000538602984663451 0.0008328397576922332 0
5713 0.0005683225876989971 0.0008081195769151751 0
5714 0.0005775946314001027 0.0008475594705355153 0
5715 0.0004818234898305445 0.0007412184939536279 0
5716 0.000606713869202352 0.0008220194512147697 0
5717 0.0006160833460035145 0.0008622672756138353 0
5718 0.0005954604323868813 0.0007845931711966698 0
5719 0.0005889668083539938 0.0008870383357121162 0
5720 0.0004726471195922422 0.0008578226342505228 0
5721 -0.0004907862385371859 -0.0007033698351695842 0
5722 -0.0008997462611885274 0.0003077229463666138 0
5723 0.0009704590642265507 -0.0005146897940732323 0
5724 -0.0002295741981400816 0.0003545246285942778 0
5725 0.0002397221697879916 0.001028215992704312 0
5726 -0.000251060741254261 -0.0009586123608988187 0
5727 0.0006285602476045098 -0.001460317892695608 0
5728 0.0006579707479224878 -0.001432710880490853 0
5729 0.0006666606424994705 -0.001473575457725748 0
5730 0.0006972942202989536 -0.001445798307180276 0
5731 0.0006898058525067148 -0.001406164592810733 0
5732 0.0007283444651738228 -0.001418395520717603 0
5733 0.0007363262512340231 -0.001459612472514788 0
5734 0.0007691162713193027 -0.001430548584171657 0
5735 0.000759706203674158 -0.001390960490769677 0
5736 0.0004513736239436826 -0.0009950429420478805 0
5737 0.0006118218134069903 -0.001375966251212854 0
5738 -0.001345378238143204 -0.0009007921688413024 0
5739 -0.001017233884757952 -7.097651711704647e-05 0
5740 -0.0009800179119497658 -8.431636806496494e-05 0
5741 -0.0009885994599580198 -4.61891013922018e-05 0
5742 -0.0002816297696724577 -0.000130009327157748 0
5743 -0.0005749611024842513 -0.0007751320396229622 0
5744 -0.0009629278685633962 0.0005254097114478995 0
5745 0.0009104409828598367 -0.0002978282417665172 0
5746 0.0008995950512747587 -0.0001843421838139254 0
5747 0.0009357642379340881 -0.0001969773736816867 0
5748 0.0009288655328333941 -0.0001575474114888261 0
5749 6.664991096732849e-05 0.001500032262613309 0
5750 0.0003913120589476693 0.0006135061301167275 0
5751 2.223785707041333e-05 -0.0001462380874460463 0
5752 1.545568405124344e-06 0.0001223768875748034 0
5753 0.0002826842012103982 -9.242898299969123e-06 0
5754 0.0001359231922116301 3.5807286339603e-06 0
5755 -0.0001856008492091239 0.00014582144098572 0
5756 -0.0006834150049758152 -0.0009760653755531213 0
5757 -0.0002380257746975761 5.060197204841199e-05 0
5758 -0.000280441135812586 6.718447327027449e-05 0
5759 0.0007896142069314934 0.001228489191417437 0
5760 0.0008148179900318036 0.001265958231407488 0
5761 0.0008022215363550994 0.00130627415886303 0
5762 0.0008415656950029709 0.001296578291515019 0
5763 0.0008301561911871043 0.001336791198762651 0
5764 0.0008699893462388215 0.001327255893642326 0
5765 0.000857587613386959 0.001367303885347618 0
5766 0.0008985866951195408 0.001358020067104763 0
5767 7.153927860526393e-05 0.0001364477147814271 0
5768 8.946641497583279e-05 0.00154058090878386 0
5769 7.679870837468209e-05 0.001580749923845277 0
5770 0.0003222072775386841 -2.041485480843552e-05 0
5771 -0.0002691896839933532 2.36496167126219e-05 0
5772 -0.0003076682704838134 3.573541780225984e-05 0
5773 -0.0002982079317512556 -5.941364919461059e-06 0
5774 -0.0006298058612110563 0.001273344378274588 0
5775 0.0005449958793733887 -0.001101307372469438 0
5776 0.0006339600247136591 0.001047095806426574 0
5777 -0.0008390890018515813 -0.001157448183761639 0
5778 0.001540957064291803 2.243930821354131e-05 0
5779 0.001634528954606185 -0.0002847545029395999 0
5780 0.0004216011073381592 0.0006474992841148362 0
5781 0.000411849915195731 -0.0009991931013894272 0
5782 -0.00150531290734351 -0.0005387503417853389 0
5783 0.001194831726280102 0.0005485968515460235 0
5784 -0.001183129709095067 -0.000624083953588075 0
5785 -0.0007303284549229271 0.0001105559596137943 0
5786 -0.0007595516718149979 7.272315707823286e-05 0
5787 -0.0007975508678343032 7.351269420720502e-05 0
5788 0.001492267336417798 -0.0006877279881399393 0
5789 0.001520346576284963 -0.0007212677216702405 0
5790 0.001188257646831872 -2.647899661108518e-06 0
5791 -0.001458487158498096 0.0001698207927507055 0
5792 -7.907519744741524e-05 0.001622771090935995 0
5793 -4.99914016211485e-05 0.00165448039685754 0
5794 -1.022074632197025e-05 0.001643089617088984 0
5795 0.0008851353352270322 -0.0006588284751659383 0
5796 0.0007803356155627115 -9.884967773386156e-05 0
5797 0.0008091027293433672 5.489633067981279e-05 0
5798 0.0008363900337178192 2.269666238268536e-05 0
5799 0.0008771428777166348 2.265807764973563e-05 0
5800 0.000856512304760992 -1.25956617276527e-05 0
5801 0.0008975609682184996 -1.292837842206114e-05 0
5802 0.0009187495062655174 2.245965323637381e-05 0
5803 0.0009386816346734308 -1.350989939302306e-05 0
5804 0.0009215066851778306 -4.964397129373037e-05 0
5805 0.0009604810033595604 -4.864159517382782e-05 0
5806 0.000956971483695306 2.084009012321288e-05 0
5807 0.001567500535772186 0.0005390546586905799 0
5808 0.001550134973212605 0.0005753506884908228 0
5809 0.001513585902688725 0.0005799780622990112 0
5810 0.001489387818043918 -0.0001594545177981325 0
5811 0.001519361170430163 -0.0001336684638648305 0
5812 0.001557162266924231 -0.0001429189557713463 0
5813 0.001548171622977832 -0.0001045997931833389 0
5814 0.001587319440667816 -0.0001147176054285182 0
5815 0.001578569450966325 -7.638518782307812e-05 0
5816 0.001617192608433235 -8.583979858243215e-05 0
5817 0.00162701789381707 -0.0001253315214953202 0
5818 0.001606398262001473 -4.660457568410729e-05 0
5819 0.001647216477020537 -5.706756135197847e-05 0
5820 0.001479020195890774 -0.0001171730860610607 0
5821 0.000145041368515561 -0.0004031995613964642 0
5822 0.000173510597216623 -0.0003770543374025665 0
5823 -0.00110598383063484 0.0001925462434573117 0
5824 -0.001078692958916259 0.0001603443532015458 0
5825 -0.001037944000627025 0.0001603056010298356 0
5826 -0.001058567591756179 0.0001250512537861024 0
5827 -0.001017534190031158 0.0001247356675590508 0
5828 -0.0009963606479389201 0.0001600913244160406 0
5829 -0.0009765365590634832 0.0001242197887730023 0
5830 -0.0009975279826130255 8.899642735937926e-05 0
5831 -0.0009566087570938478 8.837922663813655e-05 0
5832 -0.0009776090268985129 5.366802634564253e-05 0
5833 -0.0009365832542085281 5.309668876658861e-05 0
5834 -0.001018945061161223 5.363578494058644e-05 0
5835 -0.0009552870447173224 0.0001592700960923326 0
5836 -0.0009157544016819165 8.79872165502467e-05 0
5837 -0.000896460065992459 5.151368569636603e-05 0
5838 -0.0009211357485449831 1.01470989192539e-05 0
5839 -0.0008776642197789775 1.441656872032172e-05 0
5840 0.0004234779192727856 2.427593433561187e-05 0
5841 -0.0003749423031171624 0.0001336668598207106 0
5842 0.0008020966031130264 -0.0006323047015678447 0
5843 -3.02406320970884e-06 -0.001064557108863243 0
5844 -0.0002259222224495024 0.0009672911440426959 0
5845 0.000485413372971321 -0.001076088174961784 0
5846 -0.000429434271458463 -3.085202358865211e-05 0
5847 -0.00040027167325013 1.431482007515069e-06 0
5848 -0.001129293890236033 1.257928608197382e-05 0
5849 -0.001153890904461142 4.247807582495637e-05 0
5850 -0.001107599973059762 5.585920707142577e-05 0
5851 -0.0002454812844170641 -0.001547248331358335 0
5852 -0.0002197313940787038 -0.001580540294908754 0
5853 -0.0001789568619362766 -0.001579955667047356 0
5854 -0.0001991804979550669 -0.001615288305420803 0
5855 -0.0001583013049366425 -0.001615867087671818 0
5856 -0.0001816282673288551 -0.001655038677739749 0
5857 -0.0001381169867252845 -0.001653185430861918 0
5858 -0.0002236495567552471 -0.001650119895202969 0
5859 -0.0001163286779059074 -0.001616218012863468 0
5860 -9.537330013006681e-05 -0.001653140806636095 0
5861 -7.444851884329419e-05 -0.001617709737901993 0
5862 -5.365151493923313e-05 -0.001652258501430616 0
5863 0.0004094660354598473 -0.0006569394869783063 0
5864 0.0003816405704655551 -0.0006915823780396552 0
5865 -0.0003386396389873449 0.0006528624122283286 0
5866 -0.0003629969970017579 0.0006884201448271851 0
5867 -0.0006899966411873916 0.001311194708143086 0
5868 -0.0007141617658977063 0.001342464660277051 0
5869 -0.0006717238309884925 0.001346515482652002 0
5870 -0.000697231936055714 0.001378992563500974 0
5871 -0.0007351818624955333 0.0013744739968347 0
5872 -0.0007210494066823621 0.001411871046294431 0
5873 -0.0007652301555970709 0.001405193914930433 0
5874 -0.0007444992985228578 0.001446036843276275 0
5875 -0.0007056630510721169 0.001452303112754706 0
5876 0.0006427152798244993 0.0006753763673565212 0
5877 0.0001866373512319198 -0.000935818610091537 0
5878 -0.0007514301146426783 -0.0006607773188004586 0
5879 0.0008933927612045615 0.0005474166640921146 0
5880 -3.604980822765921e-05 0.001094936316913035 0
5881 -0.0006758225318372993 0.0007767795733982957 0
5882 0.0003057128234103813 -0.0009757423801238658 0
5883 -0.0004278175355721911 0.00107096578474317 0
5884 -0.0004602595904707121 0.0010354867048152 0
5885 0.0005293729328837712 -0.0007535106195462576 0
5886 0.0005466263656688954 -0.0007867594666762735 0
5887 0.0005055529567517442 -0.0007843763254811639 0
5888 -0.00156034419357459 -2.174260726318982e-05 0
5889 -0.001602045263407009 5.804295922627555e-06 0
5890 -0.001643379501933743 -2.536679974712445e-06 0
5891 -0.001630320427201718 3.64713696528513e-05 0
5892 -0.001591096925152591 4.704619601199353e-05 0
5893 -0.001617695514214084 7.601249996818684e-05 0
5894 -0.001578435033090183 8.627614006674691e-05 0
5895 -0.001604926330863887 0.0001149582298488554 0
5896 -0.001645826813586579 0.0001062310955315173 0
5897 -0.0005179558608235142 0.001083872320475788 0
5898 -0.001370865799423367 0.0008134321885600609 0
5899 -0.001352444011787819 0.0008481947679099886 0
5900 -0.001394868990368588 0.0008445710301146664 0
5901 -0.001377868400968257 0.0008821464448135138 0
5902 -0.001419995848939678 0.000878975563422298 0
5903 -0.001336780588295814 0.0008862830219910231 0
5904 -0.001361031292293798 0.0009200798132638061 0
5905 -0.001320520991404034 0.0009247251803927211 0
5906 -0.001344121320223137 0.0009583375723325173 0
5907 -0.001436498961215706 0.0008401483430481153 0
5908 -0.0005321051122003497 0.0007520817471409556 0
5909 0.001384564641095606 0.0006385873845104685 0
5910 0.001419757812360142 0.0006554936422680815 0
5911 0.001099548722413841 -3.158819922115875e-06 0
5912 0.00111723314014935 -3.661548211731765e-05 0
5913 0.001075814749661573 -3.43070039909983e-05 0
5914 0.00109207876309164 -6.92588829359069e-05 0
5915 0.001052803509914638 -6.626917710523204e-05 0
5916 0.001072249112523709 -0.0001094793522500159 0
5917 0.001023756101320466 -9.963991884817384e-05 0
5918 0.001038207685194817 -2.80026518510909e-05 0
5919 0.001085049804906433 -0.0001954805357403089 0
5920 -0.0008337393454410125 -5.745100606617912e-05 0
5921 4.73017801926178e-05 -0.0016222743207321 0
5922 9.821119379826178e-05 -0.001632893773922743 0
5923 6.226633607311113e-05 -0.001661714268387709 0
5924 0.0002228611683802988 0.001546659078734579 0
5925 0.0001852629593653931 0.001574921375388364 0
5926 -0.0001137982034422833 0.0004131934373486101 0
5927 -0.0008316508370047891 0.000626744496815987 0
5928 -0.0003780732699539251 -0.000940617315164465 0
5929 1.664071537329863e-05 -0.000330925166264518 0
5930 -0.0001726125893295484 -0.001038105620419867 0
5931 0.0003151790592992442 0.0009456858883880937 0
5932 0.001339056205023319 -0.0008148427510250992 0
5933 -7.41097677169502e-05 -0.001296833960825016 0
5934 9.929958219411545e-05 0.001348881453996637 0
5935 0.0001822333060473743 0.0003634005108361693 0
5936 0.0001836605016912461 0.0003197405003715052 0
5937 0.0001515708356822188 0.0002971851791914919 0
5938 0.0005437728376382474 0.0006759978298953531 0
5939 0.0005605282145694923 0.0007114968711942775 0
5940 -0.0004516214381691308 -0.0006854322825617749 0
5941 -0.0004221954868159202 -0.0007153897955801387 0
5942 0.0007443180671217658 -0.001306827935649205 0
5943 -0.0004644726506503942 0.0006932385385122593 0
5944 -0.001238073407946193 3.969603333638941e-05 0
5945 -0.00140699343464981 -0.0006286379448605262 0
5946 -0.001451804772064127 -0.000634409488760878 0
5947 -0.0014320679068218 -0.0006610338820008417 0
5948 -0.001465632658781188 -0.0006717916495002143 0
5949 -0.001492098732437683 -0.0006435269702675069 0
5950 -0.001504484650340521 -0.0006799104712282517 0
5951 -0.001533089090310027 -0.0006493974317425281 0
5952 -0.001477643398281644 -0.0007102011440610145 0
5953 3.413479075950842e-06 0.000312460365625759 0
5954 -0.0009280769041545715 -0.001252629546154425 0
5955 -0.0009387639812363421 -0.001295243715044282 0
5956 -0.0009719033642906115 -0.001315918686636939 0
5957 -0.0009377771078650746 -0.001337292885102675 0
5958 -0.000902814624418871 -0.001317305025406357 0
5959 -0.000901515858918298 -0.001358197122808947 0
5960 -0.0008663218356611031 -0.00133808019926479 0
5961 -0.0008648435506689132 -0.00137864586357305 0
5962 -0.0008289772359521053 -0.001356075218414491 0
5963 -0.0008722202733388412 -0.001298890676591403 0
5964 0.0003218819005530175 6.470746768450094e-05 0
5965 0.001145940685284525 -0.0001509203228633286 0
5966 -0.001499503483922559 2.246383530787116e-05 0
5967 0.001010217857943096 0.0004323350447327239 0
5968 0.0001299632055010709 0.001025411840129825 0
5969 0.0004165436866631056 -8.534741977053036e-05 0
5970 0.0004068743527426376 -4.653966229271973e-05 0
5971 -0.0009080828063874587 -0.0005415017520046604 0
5972 0.0007382731665803232 0.0006656437372393911 0
5973 0.0006248798569898972 0.0009001166795500302 0
5974 0.001024978055786187 8.29638336419607e-05 0
5975 -0.001454369415337445 0.0007314946435300238 0
5976 -0.001467292846241573 0.000778432134583482 0
5977 -0.00123701027652827 0.00103977917776359 0
5978 -0.001272780508183836 0.001049445261530114 0
5979 -0.001376664090416227 -0.0008713655798201348 0
5980 -0.001386046840138564 -0.0009094582374604062 0
5981 -0.001418720406899523 -0.0008821109509371312 0
5982 0.0007786527895235464 -0.0007033920125392661 0
5983 -0.0006937746675554421 0.0007089262329833946 0
5984 0.001436115265630637 -0.0007651665564064388 0
5985 0.001438989381235449 -0.0008043284371534269 0
5986 0.00140439837721278 -0.0008295059952231382 0
5987 0.0005734075269079215 -0.001020380683311111 0
5988 0.0002796096907149896 0.0003143039976264645 0
5989 0.0007030129141193562 0.000915809178823623 0
5990 0.0002271648503488203 -0.0002110891080245596 0
5991 -0.00077784282794926 -0.001284767626112363 0
5992 0.0002852121507170528 -0.0001542867514460752 0
5993 -0.001375251750339861 -0.0007348682379177271 0
5994 0.0003111952466765979 0.001621384979338604 0
5995 0.0002721279053519074 0.001623789874025128 0
5996 -0.001372771182964407 -0.001022478416774075 0
5997 0.0005438197509367314 -0.0009160344718929124 0
5998 -0.001570947368071511 0.0001860157755617982 0
5999 -0.0009648672172784648 -0.0002046132858147161 0
6000 0.0009964834831909831 0.0003624490810656999 0
6001 -0.0002754177650834496 0.000883416182655837 0
6002 -0.0009500497694207556 -0.0004336995663909239 0
6003 0.000694826629193844 0.0007775138019554453 0
6004 -0.0003477755482249438 0.0001016589070451584 0
6005 -0.0006143041465777284 0.001493383036675811 0
6006 -0.00038146216560625 -0.0008556642869384045 0
6007 -0.000558540296210723 -0.0009574142760392368 0
6008 -0.0003184748905703063 0.0008017116755933457 0
6009 0.0009209934353176234 0.001248476407284026 0
6010 -0.0009652838838066833 0.0005977529549369652 0
6011 -0.0001594766199645057 -0.0003474893333439771 0
6012 -0.0001578680449987051 -0.0003037307798832822 0
6013 -0.0001992032749963281 -0.0003300808022660575 0
6014 -0.0001951304629741024 -0.0002822632846153472 0
6015 -0.0001557238928601046 -0.0002620771419677722 0
6016 -0.0001908599108780541 -0.0002402878692008192 0
6017 0.0009653319297186314 0.0003361265881282402 0
6018 -0.0009966183100127129 -0.000233875851634352 0
6019 -0.0003984882157436925 0.0009545152886255325 0
6020 -0.000147392420840208 -0.001516808461423939 0
6021 -0.0009819417168424069 -0.0004633446952105905 0
6022 -0.000269330736106997 0.0006886360903777107 0
6023 0.0002551979909261801 -0.0003771287727525269 0
6024 0.0006660944385270621 0.000743907954887172 0
6025 0.00108044292276813 -0.0007591242595521081 0
6026 -0.001124109162695972 0.000713910350135446 0
6027 -0.001557648842049205 0.0006850828602844554 0
6028 0.001472848182249563 -0.0007800841037915959 0
6029 -0.001632920433636421 0.0001457723861437697 0
6030 -0.0001971274982611092 -0.000953161556051208 0
6031 0.0002889174734522718 0.001031225241002439 0
6032 -0.0009038898238657642 0.000656308552984652 0
6033 -7.518109219597221e-05 -0.0003095745392660375 0
6034 0.0009711607375115777 0.0001464765083399341 0
6035 -0.001427519334928845 9.109616471490485e-05 0
6036 0.001213147598770811 -8.628960207399056e-05 0
6037 6.343187379403821e-05 0.001055464279160078 0
6038 0.000432969380068784 0.0009254338711400291 0
6039 -0.001130112590938481 -0.001229684155015798 0
6040 -0.001046244678369212 -0.00128244417215855 0
6041 -0.0002911551391393945 -0.0002455700349593251 0
6042 -0.001241311165149157 0.0009033966692857455 0
6043 -0.0006024329815362891 -0.0006856053824701613 0
6044 -0.0008778130067163155 8.461653627045441e-05 0
6045 -0.0007698655098279122 -0.0005709726512931908 0
6046 0.0008754534484774993 0.0006380477622515377 0
6047 -0.001149971005534387 -0.00118857762335693 0
6048 -0.0002167777775108612 0.0004361505584630731 0
6049 -0.0006166062007685102 0.001408298529780637 0
6050 0.0001940871817933812 -0.001702939993740297 0
6051 -0.001626505696387106 0.0003658822015806302 0
6052 -0.001638357977100764 0.0002706076882332175 0
6053 -0.0002660360936092259 -0.0003601716206629292 0
6054 0.0001882334270339344 0.000281274721327745 0
6055 0.0006438555542201092 -0.0007863758868779725 0
6056 0.0001353406572079291 -0.000366737025743116 0
6057 0.0003384996799550462 -6.228739398248469e-05 0
6058 0.000216295248047525 -0.0001739671594099711 0
6059 0.001043009412522585 -0.0006967679216500643 0
6060 -0.001161542672941516 0.0007762666880374898 0
6061 0.001252566652744533 -0.0008016794346225674 0
6062 0.0006584094351575841 -0.001303042672863286 0
6063 -0.0009295727811401255 -0.0003046069220442261 0
6064 0.001035070618691406 0.0002689787778507936 0
6065 0.0005369721948740173 -0.001014290092795104 0
6066 -0.0009730103644204088 0.0006372598966426972 0
6067 -0.0006587679546643948 -0.0009380887132400279 0
6068 0.001453589354787788 0.0006340268251255359 0
6069 0.001461020440257933 0.0006729092575541276 0
6070 0.001497613179882259 0.000649192867126141 0
6071 0.001425054393484403 0.000695060634560641 0
6072 0.001468011383725626 0.0007184562578787093 0
6073 0.001314628563402488 -0.0008513486197565037 0
6074 0.00161417195628466 -0.0003896109850450886 0
6075 0.0009659246566448009 -0.0001691416065043099 0
6076 0.0009590978063272324 -0.0001315731233816449 0
6077 0.001342565501009671 0.0006543721068149454 0
6078 0.0005453751045008852 0.0009514090474147719 0
6079 -0.0002546074433360852 0.0001335280641520719 0
6080 0.0009921434130706476 0.0004742467387153063 0
6081 -0.0004716361474258005 -0.0009239654664936449 0
6082 -0.0007421135807090421 0.0007072827322060864 0
6083 0.0007329533914389878 -0.0007057233240791224 0
6084 -0.0003191630791718628 0.0009872279126707996 0
6085 -0.0002972942332726133 0.0009476157141800612 0
6086 -0.001486180351328993 0.0001328735426739453 0
6087 0.0005255947455384498 -0.0008206382136592828 0
6088 0.0006728850879315122 0.0009895953087696743 0
6089 -0.00130340613068978 0.0009597949528894366 0
6090 -0.001324596390631431 0.0009921972452158593 0
6091 -0.0008001129940835191 -0.001214597725853567 0
6092 0.0003068847782482431 -0.0006296675266586501 0
6093 -0.0006712898870694161 -0.001016179218919118 0
6094 0.0008096507935659501 0.001191936695336563 0
6095 -0.001169094075622922 -0.0005829069866396165 0
6096 0.00121047928669393 0.0005846279512107365 0
6097 0.0004688460596381921 0.000588949131212483 0
6098 -0.0005057363687380411 0.001045098526923428 0
6099 -0.0004904238241342825 0.001006262519092619 0
6100 0.001407642006875459 -0.0001337133165746769 0
6101 2.183615609570903e-05 0.0002801782250112934 0
6102 0.0009207819126728213 -0.0001174069822309381 0
6103 0.000791209541033318 0.0005746297795940086 0
6104 -0.0008574373534164847 -0.0006338134634198541 0
6105 1.542686722573116e-05 -0.001652895039310185 0
6106 -9.181375908925083e-05 -0.001260052860600042 0
6107 7.970675623411896e-05 0.001385273292958464 0
6108 -0.0004613457301950953 4.075904145492876e-05 0
6109 -6.934577164311707e-05 -0.001479768393585355 0
6110 0.0001040627009342137 0.001165961616418429 0
6111 -0.0008942700560891826 0.0001936214657175382 0
6112 0.0002271330658253523 -0.0003198038120434152 0
6113 0.0007293136813873131 -3.670593915130433e-05 0
6114 0.001041440396142717 -0.0001689738936709281 0
6115 0.001580398639728528 2.447500214231933e-05 0
6116 -0.000265647232277036 -0.001026878238998592 0
6117 0.0002092940256975466 0.0009577683266369155 0
6118 -0.0003581661485109826 -0.0006825927025260373 0
6119 -0.001509985465013726 6.728488478946144e-05 0
6120 -0.0005879303942991013 0.00107758971319841 0
6121 2.393271452510886e-05 0.0001890988623430934 0
6122 -0.001534603948001025 -0.0005768380892260941 0
6123 -0.0001905166968142791 -2.355373021065156e-06 0
6124 0.0007673986388621629 -3.81606472076262e-05 0
6125 -0.001529397603475507 0.0001351355946714059 0
6126 -0.001271350597993662 0.0008770617018354544 0
6127 -0.0007957852669963797 0.00134524984182443 0
6128 0.0006016756781398114 0.0007159201986010575 0
6129 0.0002774831933828378 0.0001770561284421044 0
6130 0.000276743791450292 -0.0008767487499559759 0
6131 0.0006504303326496491 0.0009617653934082856 0
6132 0.0005214576018147312 -0.0009775775115337113 0
6133 3.791190503862465e-05 0.001589184968954288 0
6134 6.702410443134564e-05 0.001618746095141651 0
6135 0.0001046242079397522 0.001607511176099739 0
6136 0.0001176105678899174 -0.001065394055027391 0
6137 -0.0001052617692007358 0.0009654576372949322 0
6138 -0.001053797020746532 -0.0005248254845880806 0
6139 0.001178998278401389 -0.0007848351800202413 0
6140 -0.001022429795275379 0.0006861872934575019 0
6141 0.0009756790656103236 -0.0006924830013668958 0
6142 -0.001232302341044576 0.0007854840701457597 0
6143 0.0006569476685866546 0.0008752515115477003 0
6144 -0.0005831699331875693 0.0008436062144397664 0
6145 0.0001006519748948334 -0.001673317700166752 0
6146 -0.000440195326054483 -0.0008960646791473466 0
6147 -0.001193792109835546 0.0001011008546309714 0
6148 -0.0001694103360466045 0.000928364549468375 0
6149 5.346044323615941e-05 -0.001102486445910328 0
6150 0.0002390162701790261 -0.0009717158820077543 0
6151 2.019164719863052e-05 0.001057033609563924 0
6152 0.001171198605460975 -7.67257793528384e-05 0
6153 -0.001372024005797985 -0.0006422007430927363 0
6154 0.0006738714635232719 -0.001335363946139975 0
6155 0.001128004518139662 0.0005135408884659093 0
6156 -0.001249956917235505 -0.0006591399166681886 0
6157 -0.0003735903752362069 -0.0007701958500682786 0
6158 0.0009444937520672712 -0.0002392647911599136 0
6159 8.613166224838495e-05 0.0003101473366773679 0
6160 -0.0008211395936240661 -0.001242311843081368 0
6161 8.011160737756418e-06 -0.0002516180794240679 0
6162 0.001074560322992598 0.0004989625252455096 0
6163 -0.001303561380807765 -0.0006739142696912473 0
6164 -0.0006478729180245309 0.001485317882131488 0
6165 -0.0004600083123219513 0.0007333537744637875 0
6166 0.0002187016828535807 0.0003021107747546985 0
6167 0.0002288519331224735 0.0002656589297734153 0
6168 0.0009101747788596809 0.001318528055588978 0
6169 0.000957341208541112 0.00027137510651487 0
6170 -0.001004367841635533 -0.000299688889543901 0
6171 -9.534808907067828e-05 -0.001579848451585902 0
6172 0.0009204027395703358 -0.0004566588530875174 0
6173 -0.0009498025858447426 0.0003657538873523282 0
6174 -0.0009694710827936672 -0.0001627088500989732 0
6175 -0.0009496483015580369 -0.0003856683369269614 0
6176 0.0002481295979117387 0.0002099770833865807 0
6177 -0.0004544968810818745 0.001001238263360551 0
6178 0.001019612943965727 0.0001943277752907123 0
6179 9.051779695398638e-05 -0.0003184148997585811 0
6180 -0.0003398501504320569 -5.916684738352685e-05 0
6181 -0.0009953135185086905 0.0002292612265606026 0
6182 0.0009197149070345848 9.131340386337937e-05 0
6183 0.001587815897901492 -0.0002022100978216616 0
6184 0.001633114015572376 -0.0001980973326476059 0
6185 0.0001564647984670982 -0.0002647066591547829 0
6186 0.0009127541860623481 -0.000629683940755695 0
6187 0.0004076667396452306 0.000690726414758936 0
6188 0.0004446845265179698 0.0006834414191896999 0
6189 -0.0004551160563127011 -0.0008375965723726417 0
6190 -0.0006924900361867061 -0.0007208066610949235 0
6191 -7.198948975413269e-05 0.0002963784136003029 0
6192 -0.0002512260507358716 -6.059720241952396e-05 0
6193 -0.001095893485878616 0.0001273943582809478 0
6194 -0.001492526648308041 0.0007521702576950903 0
6195 -7.56875622808946e-05 -0.001189510234782777 0
6196 -0.0003187572026173416 0.0008756798349375693 0
6197 -0.0009504609979867378 -5.830726860419442e-05 0
6198 0.001256110090307512 -0.001039076536442844 0
6199 -0.0009033109850207418 0.0002558000094104278 0
6200 0.0009689013157274524 -0.000575183183289309 0
6201 0.0008207417734902724 0.0006025789744110189 0
6202 -0.0008282322007014224 -0.0006068792307156181 0
6203 0.0005214212879262217 -0.0008829185473428385 0
6204 0.000163152944059664 -0.0003368680674881634 0
6205 0.001364223914481585 -0.00085194347182772 0
6206 -0.0003370357453365195 0.0008414684153595585 0
6207 -0.00078293342327977 3.94295357907654e-05 0
6208 0.001635759148884976 -1.817219833673758e-05 0
6209 0.0005886082641992728 0.0009475224154150548 0
6210 -0.0009918713812659401 1.901155322966838e-05 0
6211 0.0009198481241409586 -0.0003346610449765868 0
6212 -0.0009515514136745861 0.0004900682639328837 0
6213 0.001028626556566138 0.000505521283207857 0
6214 0.0008322599648417369 0.001229304977787525 0
6215 -0.0005746408289573537 0.0007688327761555111 0
6216 -0.0005397744417016099 0.0007916618887033487 0
6217 -0.000640197866034216 -0.0009823261693875085 0
6218 -0.001259813423578725 0.001010321198410363 0
6219 0.001560965199446025 -3.994775161035302e-05 0
6220 -0.0007641259802698381 -0.001366387973035914 0
6221 0.0004891508857549085 -2.239926692090798e-05 0
6222 8.27907198635634e-05 0.00122760991022839 0
6223 -9.061841792959349e-05 -0.001418105487428326 0
6224 -0.0003009863354423645 0.0006367268485025992 0
6225 0.001357264462248562 0.0008851722202370561 0
6226 0.0009268703172358349 0.0005068791149804057 0
6227 0.000220223156649185 -0.0004312686865499791 0
6228 6.511679628226466e-05 0.001448517021618936 0
6229 0.0005890777213792778 -0.0008346482226678918 0
6230 0.0003561953004892791 0.000730111089150134 0
6231 0.00126691072337829 0.0006612450911064281 0
6232 -0.0007206021594571038 -0.0008595595450425228 0
6233 -0.0006961899390684479 5.274667100984147e-05 0
6234 -0.001091949903545662 -0.0005275444852585812 0
6235 -0.0001067080635848345 -0.001129583769268984 0
6236 0.0007527092051656491 0.001349896249705928 0
6237 -0.0009024597745003677 -0.0005819054395933293 0
6238 0.0007447566785795527 0.0006263799409816275 0
6239 0.0008159350093154149 -0.001358803835441177 0
6240 0.0006693231328771141 0.0008101847058236661 0
6241 0.0007036143001130421 -6.390705869275833e-05 0
6242 -0.00126737233050618 0.0008347418815870106 0
6243 -0.0002326073214214306 -0.0002996162691861143 0
6244 0.0002225267134286742 0.001589048251578052 0
6245 0.0001909338250990697 0.001614123662739818 0
6246 -0.0004242886699288731 0.0007051114705485038 0
6247 -0.0004699971150169948 -2.224479779618373e-05 0
6248 0.0005323460346472711 0.0009124930977345818 0
6249 -3.105338721009598e-05 -0.001570101193748724 0
6250 -0.000494671501130333 0.0007683962665913802 0
6251 0.0004252874025728278 -0.00159529756025151 0
6252 -0.0008295015487675994 0.0001252508464165006 0
6253 0.0003407148350863399 -0.0006873186557750471 0
6254 0.000357681575426453 -0.0007277144298100408 0
6255 0.0004018187609069451 -0.0007308078554276027 0
6256 0.0001520359667091599 0.001562381405747325 0
6257 0.0009614760058981694 -0.0003933501755186006 0
6258 -0.0009087293195169081 0.0004290625649212466 0
6259 0.0006772445631925277 0.0006608552425849889 0
6260 -0.0009706923556310805 -0.0005483334100967827 0
6261 -0.0002519692233994807 0.0003869334436451268 0
6262 -0.0009559164985233085 0.0002274110008864079 0
6263 0.0006667460646609424 -0.0007245976978391786 0
6264 -0.0008087606370614043 0.0006885229046455801 0
6265 -0.001140416903992001 7.379001608525742e-05 0
6266 -0.0002553906951583004 -0.0003992668400765111 0
6267 0.0002850552716076063 -0.0009159766682955058 0
6268 0.0001672907007352338 0.001021731102823592 0
6269 -9.538487073151611e-05 -0.001041648601378839 0
6270 -0.0003019203961298404 -0.0009422184561209173 0
6271 0.0003897542296321724 0.000940763017402123 0
6272 -0.000829145168058378 -0.001392809502289607 0
6273 -0.0003319684667451811 6.904694486962781e-06 0
6274 -0.000508544235180756 -0.0009035918799793387 0
6275 -2.502274470011193e-05 -0.001379195673753144 0
6276 0.000148386605210955 0.001266519741068508 0
6277 -0.0001515716878552771 -0.0002241101520479044 0
6278 -0.0001875118282020522 -0.0001973646509403617 0
6279 -0.0005457745317115995 -0.0009091480103740569 0
6280 0.000958668068500494 8.701569681595885e-05 0
6281 -0.0001297450823023149 0.00103864915631452 0
6282 9.3127254788339e-05 -0.0009922025360078026 0
6283 -4.536674936662084e-05 -0.0002772120397834036 0
6284 -0.0004437396969648768 0.0006335257537715321 0
6285 8.270815997805035e-05 -0.0004313879886434351 0
6286 0.00102781066438414 -0.0007786620383613647 0
6287 -0.00117674142107996 0.0006943725713261897 0
6288 0.001156930866171916 0.001158119410842994 0
6289 0.0003906378203641476 -0.00109288090678511 0
6290 0.000742302076363894 0.0005557884686555157 0
6291 -0.001218752017048299 -1.655641962534634e-05 0
6292 0.0001717668915078231 0.0009361630782779584 0
6293 -0.0009050309119605303 -0.0006526504832269598 0
6294 -0.0007775782610828715 0.001283073979169479 0
6295 0.0005663496852637702 0.001553434651505311 0
6296 0.001472930523414636 0.000520030321907137 0
6297 -0.0003178151540807612 -0.001051173581561162 0
6298 0.0006911004113711537 -0.0001275056767529396 0
6299 -0.0001421728726647888 0.001598672005706645 0
6300 0.001427208135432353 -0.0001877915491800131 0
6301 -0.0008231911874478013 4.218344413328444e-05 0
6302 -0.0001138454514125414 -0.0002843256960427674 0
6303 0.000630756075658199 0.001000354797780392 0
6304 -0.0004069727556436089 -0.0007844379753710979 0
6305 -0.0009121787551165855 0.0005496635772875321 0
6306 0.0008559553999666758 -0.0005978962150950574 0
6307 -0.0008420952399001953 -0.001204068417299531 0
6308 -0.0005010876086109368 -0.0006420972704987427 0
6309 0.00122851352363155 -0.001011493186119566 0
6310 0.001454106902144135 0.0005752039922293595 0
6311 -0.0004169584620045381 0.001020503234041606 0
6312 0.000950207475172988 0.0004038745033413909 0
6313 -0.001079140865902915 8.9743250391438e-05 0
6314 -0.0006175075662071386 -0.0009412671071620766 0
6315 -0.001494882096318391 -0.0005778744720148102 0
6316 0.00012784683127009 0.001491848695678914 0
6317 0.0009574444713759015 -0.0006330827921425686 0
6318 0.001140491892207723 -0.0001086472511128963 0
6319 0.001107929556630289 -0.0001340593197554237 0
6320 -2.324335697990113e-05 -0.001120060515205244 0
6321 0.0001673008608274723 -0.0009934764850027206 0
6322 -5.557147626318145e-05 0.001037375207319603 0
6323 0.0001881306434312697 -0.0002033605231355578 0
6324 -0.0002484401028903341 0.0009093870964615182 0
6325 -0.0003162960257994141 0.0006930027705869958 0
6326 0.0008023640174118695 -0.001400753390027231 0
6327 0.0001331823414018454 0.001087194005574208 0
6328 0.001137406013385165 -0.0007586361640071625 0
6329 -0.001066699784680745 0.0007141109976504182 0
6330 0.000390546286722413 -0.0010532691437625 0
6331 -6.303019250597623e-05 -0.001108086356645684 0
6332 0.001467733956229468 -0.000738527100847103 0
6333 0.001264072355368421 -0.0008434430166183108 0
6334 -0.0006505635748334712 0.00142243240137436 0
6335 0.0004060109447563485 0.000565565648943359 0
6336 -0.0007110386999436706 -0.0006296464345538669 0
6337 0.000946199632263122 0.0005822411024922051 0
6338 -0.0003598200073071059 0.0007793779562101687 0
6339 -0.0009624155188696331 -1.459825572768022e-05 0
6340 -0.0003469552134911902 4.348173833735338e-05 0
6341 -0.0002548480513806761 -0.0002337046885741452 0
6342 0.0001465032054080383 -0.001626970042559945 0
6343 -0.000671269198667874 -0.00089902627087757 0
6344 -0.0005725399498880641 -0.0007132321262649284 0
6345 -0.001533577375761296 3.528845267679781e-05 0
6346 -0.001515404924534243 -1.222733912434232e-05 0
6347 0.001130299436182677 -0.0001856427151615292 0
6348 0.0004042455799936864 -0.0001252174547002741 0
6349 0.0003728197413082191 -9.402742686492934e-05 0
6350 -0.0008897108593818651 -2.419463388276985e-05 0
6351 0.000200978205159156 0.0003959383368924702 0
6352 0.0002304341346980927 0.0003666973591259459 0
6353 -0.0003425753505286638 0.0007250547050748973 0
6354 0.000347583135655825 -0.0009559553265393959 0
6355 -0.001469197541081585 0.0006965229598827146 0
6356 0.001005423562978657 4.775833453915442e-05 0
6357 0.0002671046611646243 0.0003944502678056952 0
6358 -0.0004001219474347171 -0.0005913929081646446 0
6359 -0.000432281594525882 -0.0006240536380941488 0
6360 -0.0003638164964572898 -0.0007256337957201219 0
6361 -0.0009384840834259068 -0.0003464863074069652 0
6362 0.001447656079226781 -7.866380917727595e-05 0
6363 0.0009549703668709577 -0.0002837834847607114 0
6364 0.0002630436401664961 -0.0006757387183629486 0
6365 -0.0008072267576938814 4.184402790169974e-06 0
6366 0.0009250494541944591 -0.0005255736211323926 0
6367 -0.0009436365117024147 0.0002965534536330691 0
6368 0.0004052343124075874 0.0008989659411179945 0
6369 5.70572051118236e-05 0.001354141014007279 0
6370 -0.0001167895017924083 -0.001291963892256694 0
6371 -0.0003402285285899729 0.001461590585124618 0
6372 0.0009593967311865174 0.001020427255767069 0
6373 -0.0001173561914993166 -0.000569261107197705 0
6374 0.0008324522765441279 -0.0009163708502505501 0
6375 0.000542987158850935 0.0004190125562743169 0
6376 -0.0006879362571379062 -0.0001880116961154073 0
6377 0.0003686887802140652 0.001415125689855942 0
6378 -0.00141856470418865 -0.0001522535493670293 0
6379 -0.0006430546147820755 0.000496749841161751 0
6380 -2.759290678765473e-05 0.0008002619673566149 0
6381 0.001273615605901679 0.000383254409525938 0
6382 -0.00110434582947349 -0.0007894263956081578 0
6383 -0.001372099808919975 0.0005566637594370052 0
6384 0.0001952794303029982 -0.001230589724965709 0
6385 -0.000977401374831099 0.001147371710409459 0
6386 -0.0005136378785010373 -0.001184124829697032 0
6387 0.0004981055164951037 -0.0002657489810028424 0
6388 0.001227150710633002 -0.0003256628992780941 0
6389 0.0001780381137600034 0.0006988576920580049 0
6390 -0.0004823052365902486 -0.000289415971414017 0
6391 -0.0001345975080040756 0.001360186309855437 0
6392 -0.0003080068579151429 -0.001285529104966212 0
6393 -0.0008987148088875967 -0.0008908306708773378 0
6394 0.0007037365370809982 -0.0003671532562720226 0
6395 0.001038083297130022 -0.001017775125519726 0
6396 0.0007486181794368282 0.0003176082810051381 0
6397 0.001165027751772411 0.0009190229804978889 0
6398 -0.001166468788334081 0.0004552594841678247 0
6399 -0.001212933683602755 -0.0002536578246362101 0
6400 0.001479246626487574 0.0002818501342567599 0
6401 0.0005743198007999578 0.001313721414586764 0
6402 0.0004009104508888926 -0.001331994000234889 0
6403 0.001432781731218897 -0.000427067174547275 0
6404 -0.0007717703542452052 0.001045967435140277 0
6405 -0.0004374235943001054 0.000395345565992397 0
6406 8.827482898265334e-05 -0.0006706653823670596 0
6407 -0.000325231936782115 0.001232808454759679 0
6408 0.0008474488683519837 -0.001145152980615489 0
6409 -0.001357103217112118 0.0003278816290720671 0
6410 0.001288612197709533 0.0001544722791610008 0
6411 0.001242147302440858 -0.0005544450296430352 0
6412 -0.001403568112380796 -0.0003810356797319658 0
6413 -0.00062805802297422 0.0002679677107968126 0
6414 -0.001089349237665634 -0.001018208525973099 0
6415 0.00055798375065879 0.000190230425909378 0
6416 0.0005131021083029595 -0.0004945311113677821 0
6417 -0.0009624047830232444 0.0009185895800445182 0
6418 0.0003836853720219188 0.001186343559491004 0
6419 -0.0001023595996914616 -0.0007980432375626449 0
6420 -0.0004986412866931825 -0.001412906960061974 0
6421 -0.0006729396653300509 -0.0004167938264803464 0
6422 -1.259631497979958e-05 0.0005714798369916747 0
6423 0.0002102760221108552 -0.001459371855330645 0
6424 0.0009743933229943726 0.0007916451254021292 0
6425 -0.0001410044322258735 0.0003773059332925931 0
6426 -0.0001029557884307259 0.000369876756405423 0
6427 -0.000184113164264155 0.0003754834109556224 0
6428 -0.001385513762350529 -0.0007011996206403937 0
6429 -0.001416091849820728 -0.0007321116726256292 0
6430 -0.0002361990025294591 -0.0001891480786555379 0
6431 -0.001192626532557861 0.0009992717312191858 0
6432 -0.0001829455710002445 -0.001002232489853033 0
6433 0.0003030996065785831 0.000982155064366022 0
6434 0.000516565075855117 0.0007145011571234919 0
6435 0.0003183458144473622 0.0002674654021848023 0
6436 0.0007349127724858059 0.000870122090280943 0
6437 -0.000284432614105575 -0.0009843241207444654 0
6438 0.0006120414139606865 -0.001064754523470736 0
6439 -0.0009394637944755036 -0.0001049504517993013 0
6440 -0.0007370209977827075 -0.00133646969747268 0
6441 -0.0007863525136443345 -0.001328732310941691 0
6442 -0.0008089899971693482 -0.001298085952579374 0
6443 0.0002755308233805677 0.0002719806497418725 0
6444 0.001003831003751743 -0.0001418800817618622 0
6445 -0.0005104779993353904 -3.259453869467143e-07 0
6446 0.0008205213442762068 -1.017959384488461e-05 0
6447 0.0008373069367928085 -4.634400312099891e-05 0
6448 -0.00103569266356963 1.059983735120133e-05 0
6449 0.0005414465641560962 0.0007494485553727093 0
6450 -0.0007074944817049749 -0.000669219182240438 0
6451 -0.0006501236732812467 -0.0007043595386783054 0
6452 0.0004961963024068448 -0.001007467453416303 0
6453 -6.542402256655209e-05 -0.001335888544387615 0
6454 0.0001079853273445134 0.001309826870434038 0
6455 -0.0003116219404458038 -0.0002850815193479353 0
6456 0.0006338228901552111 -0.001334002687538518 0
6457 -0.0005508222517368612 0.001051034601629025 0
6458 0.0008439979739611402 -0.0006529929177316424 0
6459 -0.0007514526118693796 -0.0006152199632432361 0
6460 -0.0003682753955543451 -0.000895183225369412 0
6461 1.482492016469866e-05 0.0002275792202224305 0
6462 -2.314868555584553e-05 0.0002802813503402865 0
6463 -0.0003083837875597964 0.0001009235587776969 0
6464 0.00100348258268678 0.0001200283830227514 0
6465 -0.0001012019572397322 -0.001515999743385126 0
6466 -0.001016155396958475 -0.0004936258548979417 0
6467 7.264030431189243e-05 0.001126400636986714 0
6468 0.0005017625213944005 -0.0009386189400975343 0
6469 0.001382950484009862 0.000676397534840673 0
6470 -0.0009904174803133726 -0.0004157547535083331 0
6471 -0.001006033443915231 -0.0001876704023906542 0
6472 0.0007365970464695732 -0.0007933651627073271 0
6473 -0.0007389098448566311 0.0006197555287049749 0
6474 0.001177856388129579 0.0005088508037466484 0
6475 -0.001200105047245589 -0.0006638300013874492 0
6476 0.0005498859656413483 -0.001057350919940444 0
6477 9.945355716128006e-05 -0.001105016637212714 0
6478 -0.0001234185573853882 0.0009258349555462349 0
6479 -0.0007852475303214108 -6.278449929291448e-05 0
6480 0.0002724146190730287 0.001541563031268133 0
6481 0.0004477900138719928 0.0005451533886327313 0
6482 0.000862159283410787 0.001146362121799717 0
6483 -0.0006107814080463209 -0.001058144116976847 0
6484 0.0002489937018901853 0.0001436817664549371 0
6485 0.0002536073521811661 0.0001045964427215568 0
6486 -0.0002132114224609192 -0.0004462554191111578 0
6487 0.000668738317002114 0.001047765008380501 0
6488 -0.0008043036751894057 -0.001156782914810363 0
6489 0.0008826293049224341 0.0005942669531178737 0
6490 0.0005058122895503862 0.0008894843298263226 0
6491 -0.0004123108336574687 -0.0006769367598685282 0
6492 0.0003649635808501066 -3.121361315285298e-05 0
6493 -0.0007365555856949668 3.503153161744848e-05 0
6494 0.0004668175157799979 -0.001037828977362971 0
6495 0.0009909589948470211 -0.0002271470819319041 0
6496 0.0004496164517458167 -0.0006770726325765276 0
6497 0.0002031942159431718 -0.00013150411032644 0
6498 0.0007857334543116622 -0.001325090950999552 0
6499 0.001107631471629819 -0.0007204096158917461 0
6500 -0.001096920613834282 0.0007526249937958058 0
6501 0.0005587515477417656 -0.001332371196657418 0
6502 -0.001056648863075578 -0.0002552738042500443 0
6503 0.0008621688717583047 -0.000368761985163238 0
6504 0.001323759763899726 0.0009179563349546212 0
6505 0.000904902999964006 0.0003159923013913028 0
6506 -0.0007405473847847081 -0.0008924770302927156 0
6507 -0.0006154855337180301 0.001044351455526445 0
6508 0.0007325150662977324 0.001312574060051119 0
6509 0.001591100689643105 -0.0004281285699225393 0
6510 -0.001008036453656773 0.000453650755276609 0
6511 0.0003362081921166008 0.000697203856529365 0
6512 -0.0002032191671966538 0.0002259296538927857 0
6513 -0.0008819790501541468 -0.001260291226411975 0
6514 -0.0002608739791123056 -0.001586888110930928 0
6515 0.0006369649844015511 -0.001500934240588527 0
6516 -0.0003918482600736641 9.414943981021546e-05 0
6517 0.0002302922068546187 0.001625436862365786 0
6518 -0.0002937675603033893 -5.241838706149689e-05 0
6519 -0.0001385053876075507 -0.001011028712168168 0
6520 0.0003475395841058308 0.0009733580848854783 0
6521 -0.0006520092455222704 0.0007400995552436862 0
6522 0.001398798042130209 0.0007494917473637339 0
6523 0.0004472615568249969 -1.17992060458087e-05 0
6524 0.001178381734941241 -0.0007439172003021252 0
6525 -0.001025575300658607 0.0007287341453454648 0
6526 0.0007538592884774245 -0.000669539749734094 0
6527 -0.0007216401007092727 0.0007447334459163252 0
6528 0.0008181367526387329 0.001376663608704611 0
6529 -0.0003861277572270106 0.001058609240360037 0
6530 0.001128660771374997 0.000557229571180311 0
6531 -0.001249300664000171 -0.0006154512339537875 0
6532 -0.0009141818772341507 0.0001578958514491115 0
6533 0.00133281422052145 -0.0008869690728671116 0
6534 0.001373472415447052 -0.0008953214605794204 0
6535 0.0001915993652603054 0.0009945738665024749 0
6536 0.0003130686264757983 2.243616448857774e-05 0
6537 0.0002830197562209469 4.984923331417771e-05 0
6538 -0.0009340572450133953 0.0006238461023511479 0
6539 -0.0005320749840103165 0.001011345518618909 0
6540 0.001251362349626495 0.00062999935275281 0
6541 0.0001047553590689017 -0.0003946228612099798 0
6542 0.0006053742915092531 -0.001259675267372734 0
6543 -0.0007610610957346264 0.000671124377079846 0
6544 0.0007144009058795182 -0.0007419846168705063 0
6545 -0.0005729154083758159 0.001121666300565579 0
6546 0.001447754426202378 -0.0001502952158159076 0
6547 -0.000361600235943697 0.0009756448079406584 0
6548 0.001365881829498697 -0.0003138242304343028 0
6549 -0.0009656147106077881 -0.0007775877267643643 0
6550 0.0006368366353608038 -0.0002539103121590481 0
6551 0.0001111382120780464 0.000812100636200409 0
6552 0.0006817182777166348 0.0004308512251181112 0
6553 -0.000838670255965397 0.001159210379253254 0
6554 -0.001279833585322947 -0.0001404148805232347 0
6555 0.001412346724767382 0.000395093078369735 0
6556 -0.0005492051382722052 -0.0001761730272716136 0
6557 -0.000201497409724255 0.001473429253968417 0
6558 0.0009711833954098278 -0.0009045321814067563 0
6559 0.0003340105491686962 -0.001218751056121915 0
6560 -0.000374906759635343 -0.00117228616085324 0
6561 0.0005074198990797643 0.001426964358699735 0
6562 -0.001233368690054267 0.0005685024282807997 0
6563 0.001098127850052217 0.001032265924610862 0
6564 2.1374927815405e-05 -0.0005574224381268525 0
6565 -0.0005043234954673531 0.0005085885102326039 0
6566 -0.0007398395619659025 -0.0003035508793246026 0
6567 0.001175247405805006 -0.0004412020824872918 0
6568 -0.001029304679659104 0.001031832527200261 0
6569 -0.0006949579196100712 0.0003812106579525554 0
6570 -7.949621161564777e-05 0.0006847227841474186 0
6571 0.0004462022116671075 -0.0003812881642120381 0
6572 0.0009074934263585203 0.000904888072557872 0
6573 -0.001424003113747982 0.0004411245762278084 0
6574 -0.001156249134301482 -0.0009049655788173536 0
6575 -0.00147046800901665 -0.0002677927325762266 0
6576 0.001221712301073687 0.0002677152263167447 0
6577 0.0001433761254750019 -0.001346128908174905 0
6578 -0.0005655411833290398 -0.001299664012906231 0
6579 -0.0003921318334179673 0.001346051401915424 0
6580 0.0003167854753860713 0.001299586506646747 0
6581 0.0007805489717161317 -0.001031910033459744 0
6582 0.0004910838546331161 0.000303473373065311 0
6583 -0.0001692594957171363 -0.0006848002904067112 0
6584 -0.0003855868842095549 0.0007235453196665325 0
6585 0.0009488596076583709 0.000462514802360504 0
6586 0.000480107316499336 -0.0008211111109230542 0
6587 0.0004651335180446791 -0.0007786619077603455 0
6588 -0.0005341403660987174 -0.000404917445739273 0
6589 0.000126202984251537 0.0005833562177327489 0
6590 -0.0008236054818393036 0.0009304659618751189 0
6591 -0.0009505499364816886 -0.001006332144142498 0
6592 0.0006519014094869018 -0.0004826547295371812 0
6593 -0.0004892587217902758 0.0002798440926274132 0
6594 0.0003490753232947942 -0.001447495473500052 0
6595 -0.001264768811196853 -0.0003691592979013672 0
6596 3.643970149248428e-05 -0.0007861668557320436 0
6597 0.0006967830518427376 0.0002021068077399794 0
6598 -0.0003598419855092352 -0.001401030578231373 0
6599 0.001427411498893469 0.0001663486609915975 0
6600 0.000522484673205866 0.001198219941321604 0
6601 -0.001218303915928172 0.0003397580109026676 0
6602 -0.0001864326355981731 0.001244684836590279 0
6603 0.001380946603624807 -0.0005425686478124317 0
6604 0.00111319262417832 0.0008035215072327309 0
6605 0.0009862481695359308 -0.001133276598784889 0
6606 -3.484195176201436e-05 -0.001613750392306247 0
6607 -0.0006887861180101742 9.332318488894643e-05 0
6608 0.001228760982873464 -1.48224474242625e-05 0
6609 -0.001420876033814935 0.0001602834418427718 0
6610 -0.0006134999661275397 -0.0007263302098625672 0
6611 -0.0002213783550699473 -0.0009873002650544584 0
6612 0.0002641210041671647 0.0009926371221510878 0
6613 -0.0005020689212474463 0.0008101592471349407 0
6614 4.627480378405489e-05 0.001091620648662757 0
6615 -0.001279079412164397 0.0009218274805039772 0
6616 -0.001194699023195856 3.830363871275861e-05 0
6617 0.0006114372111593085 -0.0007596644458860732 0
6618 -0.0008640682842416254 0.0006534552325444718 0
6619 0.00148944102964047 -7.793266847896881e-05 0
6620 0.001518722236932146 -5.743412901225577e-05 0
6621 -7.636913168261528e-05 0.0004038816497623799 0
6622 -0.001467561588888363 -0.0005478352963676206 0
6623 0.000456452595940435 0.0006236246600124614 0
6624 0.001166502536456297 0.0005828324856209362 0
6625 -0.00121244087439825 -0.0005986433244845763 0
6626 -0.001142389756298214 -0.000549785826776448 0
6627 -0.0009778787936489492 -0.0005048922414948464 0
6628 0.000669376871582064 0.0007024832015810512 0
6629 0.0003119978825633355 -0.000892384901329421 0
6630 -0.0005295611436726209 -0.0007142378388024424 0
6631 4.985388031307584e-05 -0.0003049472091402386 0
6632 -0.001027324866327066 -3.143995365872753e-05 0
6633 -0.001082164669630881 1.758407118908319e-05 0
6634 -0.000112870808662471 -0.0002456495849093877 0
6635 -0.001181981491857442 -0.0005443915811547089 0
6636 -0.0006512525614691262 0.001384910868643973 0
6637 -0.0006294663625646075 0.001348852038357896 0
6638 0.001025063497715277 1.110936850822897e-05 0
6639 -0.0005173220600297725 0.0009763287134906833 0
6640 -0.0002563918968356523 0.0004280178394129442 0
6641 0.0001837442033525936 -0.0003002890049275017 0
6642 -0.0007942649581210909 0.001381494046307571 0
6643 -0.0008125122542816621 0.001412358098705265 0
6644 0.001029468557916979 -0.0007384344429218801 0
6645 -0.001175083527547121 0.0007346001667656746 0
6646 -2.488371031889954e-05 0.0002400999408608092 0
6647 -0.0005396763601094335 0.0008340148799093667 0
6648 -0.0006327069826140473 -0.001023122089378065 0
6649 0.0008429468306659471 0.001175763847735405 0
6650 -0.0008954903973462468 0.0001229726898769332 0
6651 -0.0006154265133690349 0.0007588320437628538 0
6652 -0.0004262043550753791 3.299853194475066e-05 0
6653 0.0008116296408156342 -0.0006754864965306142 0
6654 0.001250070194956183 -5.760769438517218e-05 0
6655 -0.001393249005028208 0.0001148961544665415 0
6656 0.0001756221034858499 -0.0001640097743872443 0
6657 0.0002431837881902851 -0.0001420124781464555 0
6658 0.0001524547992876037 -0.0002236272899259786 0
6659 -0.0003902740499501506 4.845854140840143e-05 0
6660 -0.0002235752513694177 -0.0003738380921610258 0
6661 0.0008800814336241566 0.001290258081506843 0
6662 0.0003816532457763968 -0.0009780774011501527 0
6663 -0.000845966124255565 -1.912873018095496e-05 0
6664 0.0009501544922300456 -8.883205663329882e-05 0
6665 0.0009888559422822894 -7.513923593590922e-05 0
6666 0.0002858278356562988 0.0004556947480419022 0
6667 -0.0003745155146939526 -0.0005325789154301199 0
6668 -0.0001598510029358761 2.530669162582435e-05 0
6669 -0.0001207774181702667 1.267275456204299e-05 0
6670 0.0004311079561134081 0.000839309050535431 0
6671 -0.001351841763894809 -0.0009395080773120719 0
6672 -0.0003384614223093571 -0.0009221454961853581 0
6673 -0.0001386668635785246 -0.001581561795019935 0
6674 -0.0003780793688324139 0.0008470372715025122 0
6675 -0.000163759441275559 0.0002135650738827624 0
6676 0.0002162667516111386 -0.0003871301659376835 0
6677 -0.0004380641225164303 0.0009404474850034314 0
6678 -0.0006475580659154729 0.00131328796929472 0
6679 -0.0006080756494396178 0.001311590150035039 0
6680 0.001028181771625442 0.0002317454089603465 0
6681 -0.0006131752796453187 -0.0007730731127630119 0
6682 3.561670482689758e-05 -3.811193460001174e-05 0
6683 4.422867066770612e-05 -7.84255856364403e-05 0
6684 6.619351397796908e-05 -1.068360342849563e-05 0
6685 5.764788079519841e-05 2.957309450521853e-05 0
6686 9.693015054591659e-05 1.646426204684408e-05 0
6687 1.365893577913608e-05 -0.0001059390933519781 0
6688 5.285247945522412e-05 -0.0001188373830260213 0
6689 7.479142628823076e-05 -5.09684817824177e-05 0
6690 -1.690315579770127e-05 -0.000133495432988791 0
6691 1.847553123093585e-05 4.234122003527189e-05 0
6692 4.9346837092309e-05 6.949566297889239e-05 0
6693 0.000244346203969632 2.83060269336698e-06 0
6694 0.0007214381229425347 -0.001379526362732398 0
6695 0.00047590253165581 -0.0008684190341549556 0
6696 -0.0007534860215242585 0.001337968412835546 0
6697 0.0002071312434195441 0.0002025362655923786 0
6698 -0.0001513907152403213 -1.491247480972125e-05 0
6699 -3.779032085316586e-05 0.0001352396559867733 0
6700 0.000412377165708124 -0.0008157309248832455 0
6701 0.0004198522749620486 -0.0007737494174456705 0
6702 -0.0002230876020670803 0.0001598652619812548 0
6703 -0.0001257959525977607 -0.0001354222276572096 0
6704 -0.0001564057806437993 -0.0001627556833052379 0
6705 -0.0001992651452591841 -0.0001547511846508293 0
6706 -0.000240652453379314 -0.0001468682992190332 0
6707 -0.0002462893459655031 -0.0001059224486389161 0
6708 -0.0001465252841338961 0.0001331798958931078 0
6709 -2.550678559083001e-05 -9.324348197994981e-05 0
6710 0.0001444920975254043 -3.671601259035114e-05 0
6711 0.0009745162274553517 -1.393029157413805e-05 0
6712 -0.0001989540423632925 3.790595473239172e-05 0
6713 6.140889510213391e-05 -0.0001590649117031969 0
6714 0.0003022238092274749 -8.727405295285656e-05 0
6715 0.0006525727136910852 -0.001394200938334181 0
6716 0.0008896516841553622 -0.0001444070692509199 0
6717 0.0008763812249988104 -0.0001083090398802203 0
6718 0.0008371624709725074 -9.878810556426947e-05 0
6719 -0.0001551111572608422 0.0001733519746573298 0
6720 0.0001232540580942724 0.0002303710783914176 0
6721 0.0001109349091274433 0.000274966046377998 0
6722 -0.0001116861033970252 0.00030749072299648 0
6723 0.0001104468752098758 0.0001236695429757034 0
6724 4.4871333472464e-05 -0.0002655144147342358 0
6725 -0.001307889197026687 0.0008526600045673134 0
6726 0.0003883674245074524 -0.0009365665668411601 0
6727 0.0004888303491469928 -0.0007469826078761305 0
6728 0.000445700241727161 -0.0007349412140853541 0
6729 -0.0005453653264335019 -0.000751415169264547 0
6730 -0.0004417746342810445 -0.0005909017714462094 0
6731 0.0004375998277033437 0.0008824138476953179 0
6732 0.001234531063381954 -0.0009732527384071139 0
6733 -9.027612840730501e-05 4.01861029073104e-05 0
6734 0.0004388920103374047 0.000724528443895472 0
6735 0.000503471248442156 0.0006692022278833775 0
6736 -0.00144780514044431 0.0001266905542928142 0
6737 -3.756409586476987e-05 0.0003189026706149001 0
6738 0.001526944550682467 -1.675696282137993e-05 0
6739 3.242844977644251e-05 0.0001492195865940655 0
6740 -8.171571019195086e-05 8.03461154756756e-09 0
6741 -0.0001054563458928849 -0.00133010314152082 0
6742 6.802589685037549e-05 0.001315677188541219 0
6743 -6.648586560390951e-06 0.0001621961527143245 0
6744 -0.0001946567314302111 0.0001869012187242609 0
6745 -0.0001649947153149225 -0.0001229553780472622 0
6746 8.343915986439055e-05 -9.144118512948766e-05 0
6747 -0.0001122819512320448 -2.754197508295244e-05 0
6748 -0.001401598899719697 -0.0007656340635971815 0
6749 -0.001424444785109572 -0.0007987374168121535 0
6750 -0.00144059145415936 -0.0007622221870547048 0
6751 -0.001466091139539186 -0.0007932541154623112 0
6752 -0.001451340834563649 -0.0008322548186323634 0
6753 -0.001484017352835062 -0.0007492030153260093 0
6754 -0.001406545511163151 -0.0008373729603461739 0
6755 0.000661568880614025 0.0009198557907270155 0
6756 -0.0002605604780036699 -1.92108072896586e-05 0
6757 0.0001054332113712081 -2.37933614719893e-05 0
6758 -0.0005981808911727704 -0.0009778293560583913 0
6759 8.002692793850994e-05 9.659510004529877e-05 0
6760 -0.0002297524315191291 1.007608112081276e-05 0
6761 -0.0001897010082832629 0.0003352020741194661 0
6762 0.0001943726351151951 -0.0002415836641099056 0
6763 -0.0001516038434405139 -0.001286984479428133 0
6764 2.180550647055331e-05 0.001358730935393519 0
6765 0.0001274465134105253 4.368830596776331e-05 0
6766 -0.0008868019271378966 0.0003451990053243728 0
6767 0.0009834033982771828 -0.0004772137351154728 0
6768 -0.001038913603795124 8.917243315453408e-05 0
6769 0.0008798258433375326 -4.692170942181304e-05 0
6770 -0.001060409472853255 5.276576401637813e-05 0
6771 0.001598480212835375 -0.0001604914408370655 0
6772 -0.0008954912573930213 0.0006166985798282384 0
6773 0.0005857905996911953 -0.000792769745125362 0
6774 0.0007766325002136278 2.850024939126954e-05 0
6775 0.0006014409890912453 0.001024772766457479 0
6776 -0.0008715795064576715 -0.001179736785859081 0
6777 -0.0001080857438202527 0.00107297016278348 0
6778 0.0001147865932703986 -0.0009578815295388389 0
6779 -0.0009356431728561612 0.0001234541448966271 0
6780 -0.001139321698256834 0.0001661635311634579 0
6781 8.839342968884576e-05 5.658130581543404e-05 0
6782 -0.0005227906324661025 -0.0008655748554451115 0
6783 -0.0002697523110486222 -0.0002819728982866103 0
6784 0.000750577362636014 -0.001350977441182229 0
6785 7.786534486811796e-05 -0.001068803328289873 0
6786 -0.0001450067802758828 0.0009620482692101887 0
6787 -0.0001299175736854466 -0.001255167702432459 0
6788 -0.0001063125164088759 -0.001221940026057294 0
6789 4.188085621678776e-05 0.001390264432576932 0
6790 -0.0001132031210289111 -0.001479251599996096 0
6791 6.020578241832866e-05 0.00116646410030497 0
6792 4.080966069422907e-05 0.0001094331412088925 0
6793 -0.0009575841604351464 0.0006752948722065752 0
6794 0.001224182931190443 -0.0008315618885258904 0
6795 0.0001009726403097366 0.00146636672848109 0
6796 8.890508543523625e-05 0.001089661001350622 0
6797 -0.0009235946888168551 0.0003345909558379767 0
6798 0.0009463574100118561 -0.0004877741736561378 0
6799 -0.001615012768409348 0.0004055748946602059 0
6800 -0.001189968454676526 -0.001176658338359404 0
6801 0.0002322971093885079 -0.0001023988970886518 0
6802 0.0001540865185322704 0.000257621271884929 0
6803 0.0003535700579115797 6.566626406188665e-06 0
6804 0.0003916110361888302 -5.160184403873747e-06 0
6805 -0.0009659360956092474 -0.0003208441622655036 0
6806 0.0009982326875499329 0.0002517967784761712 0
6807 0.0009276657385892843 0.0003442154265071112 0
6808 -0.001034803403719429 -0.0002246464797884513 0
6809 -0.0002866483460620043 0.0001596129942007091 0
6810 -0.001023301615030891 -0.0004527867630761267 0
6811 -0.001411020956531808 0.0008078164785455799 0
6812 2.86387032784313e-05 0.001631626616147676 0
6813 -0.0005626812955422247 0.00131549040314356 0
6814 -0.001391052546302803 -0.0009505279083430202 0
6815 -0.0002555740790746046 0.0006550336536124723 0
6816 0.0002781245390391464 -0.0004094239913394164 0
6817 0.0005811955137499876 0.0007493867617443461 0
6818 0.00128897956661208 -0.0008821545000461125 0
6819 -0.001287533227355372 -0.0006341369539261197 0
6820 0.001090479793459791 0.0005386068985011162 0
6821 -2.992394480798715e-05 -0.0002403407875414389 0
6822 -5.443909538461579e-05 0.0002148657780891441 0
6823 -1.558872367976302e-05 0.0002015217173654053 0
6824 0.0006973510475442262 0.0008736464503686981 0
6825 -0.0004941341029426789 0.000848642658356536 0
6826 -0.01462788487911891 0.001149886854994198 0
6827 -0.01224857739678831 0.001908123267803956 0
6828 -0.01157276337546464 0.004025912909232516 0
6829 -0.01010679198416231 0.002521922337265291 0
6830 -0.00949940764446592 0.004182913749121642 0
6831 -0.008335062660632719 0.002781123023990807 0
6832 -0.008800033943391983 0.001261343610165222 0
6833 -0.007106478054774379 0.001554821142657455 0
6834 -0.001671133201263294 -0.0004503640539492821 0
6835 -0.001700686680258453 -0.0001707369475531116 0
6836 -0.001676330398865748 0.0002959063450626677 0
6837 -0.007453585256440921 3.962031704245165e-05 0
6838 -0.006806390346336986 0.002937357550013119 0
6839 -0.0003491831593301649 0.001704940299206553 0
6840 -0.0005371643848909674 0.001577540393427045 0
6841 -0.0009837409696267963 0.001393640293842799 0
6842 -0.001218802090828715 0.00123121649957696 0
6843 -0.0006452427204044171 0.001521558953730405 0
6844 -0.001674603772780354 0.0001378385029709734 0
6845 -0.005897445387629922 0.002082248979602614 0
6846 -0.005569516480741611 0.003152877674548051 0
6847 -0.004769377050131714 0.002302338863421881 0
6848 -0.004571143636632749 0.003291516220324985 0
6849 -0.005107582312771882 0.001424489356846438 0
6850 -0.005189850074303753 0.004133939129257204 0
6851 -0.004029290283576387 0.004168043198275235 0
6852 -0.003994715087467195 0.002708656263215856 0
6853 -0.004786715215796665 0.005174534314173262 0
6854 -0.003640225560939577 0.005301616298736283 0
6855 -0.002945185415073309 0.004441130251935227 0
6856 -0.002550995165117453 0.005391581977301471 0
6857 -0.0019383935692535 0.004542448411644291 0
6858 -0.001554739841219499 0.005457369644063862 0
6859 0.0007228142954963155 0.001545028683026766 0
6860 0.0004636708504694196 0.001670117583419889 0
6861 0.0008862963353869646 0.001398324079077127 0
6862 0.001060025402039523 0.001273886417871369 0
6863 -0.001061008437591637 0.004730074355778205 0
6864 0.00131326833942705 0.001148994893513806 0
6865 -0.0006222615495206008 0.005542636497621083 0
6866 -0.0001700174762802206 0.004714683012232677 0
6867 0.0003110619308769138 0.005625050294153632 0
6868 0.0008275158839672374 0.00487121587894792 0
6869 0.001287312033249738 0.005737772572257108 0
6870 0.001872859434417071 0.004924048207960162 0
6871 0.0009320370989412499 0.001389462046059762 0
6872 0.0009167405921721738 0.001438832059668681 0
6873 0.0009755037270834695 0.001426860631044573 0
6874 0.0009525337269321904 0.001492609321485326 0
6875 0.001028650467104661 0.001474127110376451 0
6876 0.0009985205620196716 0.001558445589847832 0
6877 -0.001104074909850994 0.006202266033976521 0
6878 0.002332966616458398 0.005881137967344591 0
6879 0.002915838518039887 0.004992939081879615 0
6880 -0.001364836164415634 0.004000948463557746 0
6881 0.002456979593062228 0.004059933056700242 0
6882 0.003451569402997149 0.00414157430681207 0
6883 0.001684564398880312 0.0004197955353901111 0
6884 0.001699589803094031 0.0001911453661765765 0
6885 0.003078107689866321 0.003290944819091078 0
6886 0.003950103680102108 0.003352989606117835 0
6887 0.003518514360352677 0.002487601934140457 0
6888 0.004443266711226069 0.00259579498531463 0
6889 0.00406946714780199 0.001775003364590789 0
6890 0.004957415471728914 0.001852513044879875 0
6891 0.0045617692367663 0.001047340106403781 0
6892 0.001673428402441283 -0.0003207025546676547 0
6893 0.005487363772062383 0.001074949219946056 0
6894 0.004951084687191062 0.0001712379671750702 0
6895 0.004434245294503931 0.004199390322905993 0
6896 0.006081044724394568 0.001977706274455027 0
6897 0.006011786326201802 0.000241080596399387 0
6898 0.005577595540840738 -0.0006539362784906183 0
6899 0.001231876955249888 -0.001216853439175289 0
6900 0.001002999457797805 -0.001387645860559054 0
6901 0.004600761453768296 -0.0008000905656120743 0
6902 0.005139123313890273 -0.001577457860234264 0
6903 0.006201369408031556 -0.001560208183165809 0
6904 0.005595637085442967 -0.002508298726062049 0
6905 0.004453597126912207 -0.002389915660055413 0
6906 0.004978021786747986 -0.003437692537663045 0
6907 0.003865276630492853 -0.003399173537834993 0
6908 0.004367062201899013 -0.00438066730018342 0
6909 0.003158244118857663 -0.004285655001586852 0
6910 0.003736459092349681 -0.005328823386377141 0
6911 0.002614712521747753 -0.00529568832572927 0
6912 0.003177661993476365 -0.006468141830999172 0
6913 0.001910516387311985 -0.00624362467064737 0
6914 -0.0006966198062624046 -0.001560963574062022 0
6915 -0.0009366529447633048 -0.001381722763983573 0
6916 -0.0004369741931145916 -0.001681334484043199 0
6917 -0.0001597246445565596 -0.001689345331542886 0
6918 -0.0005347870746092698 -0.001625892434667497 0
6919 0.001507490552429588 -0.005100753596579678 0
6920 0.000752665754218203 -0.006079707836075836 0
6921 0.0002634600347438382 -0.004945389569529108 0
6922 -0.0003764956387963844 -0.005950232295178445 0
6923 -0.0008099290261066042 -0.004976019731332053 0
6924 -0.001443179875934138 -0.005860709073907701 0
6925 -0.001862436320732517 -0.004907583421958159 0
6926 -0.002539069890110588 -0.005760516691904168 0
6927 -0.002931516448519096 -0.004562634909000425 0
6928 -0.003736497622782606 -0.005653377327909666 0
6929 0.006800312442384842 -0.002563719667951324 0
6930 0.001643041793765563 0.006804950625133732 0
6931 0.004571548124662559 -0.006436796616303601 0
6932 0.003454093254904382 0.005945596124985041 0
6933 0.00240313486512569 -0.007501179591661081 0
6934 -0.004216117765309974 -0.004501026239913337 0
6935 -0.003530565377730279 -0.003507087416999482 0
6936 0.0008654030007138358 -0.004299644558919461 0
6937 0.0004023350189271087 0.004169174118320336 0
6938 -0.001897742506305776 -0.007026778443265267 0
6939 0.002895841419213287 -0.003302033993642505 0
6940 -0.001247850593896982 -0.004043751326068686 0
6941 -0.0008637838006385955 -0.001420137593048065 0
6942 0.002741278060978563 0.002567801792411869 0
6943 0.003689361535372258 0.001023787879624907 0
6944 -0.005093605027225938 -0.005567367719234224 0
6945 -0.004352485136979088 0.006360603906265526 0
6946 -0.001689059134588692 9.672915029564858e-05 0
6947 -0.00172409151258518 0.0001319606601969006 0
6948 -0.001730773534173111 7.764969927821647e-05 0
6949 -0.001779283079803065 0.0001190830126299278 0
6950 0.007438927095877393 -0.001449736595198415 0
6951 0.008183075887945914 -0.002721339617151239 0
6952 -0.004636915704930351 -0.003410586555860677 0
6953 -0.00377228436046689 -0.002535237860452714 0
6954 -0.002927412208769966 -0.002825257931294085 0
6955 -0.00346751271747455 -0.001819968127303311 0
6956 -0.004172098803086624 -0.00171515897928635 0
6957 -0.003532091611765898 -0.001147234899906942 0
6958 -0.002489885994825308 -0.001993485007648529 0
6959 -0.004490392266653785 -0.006875630286415188 0
6960 0.005531606711632758 -0.004481611681052673 0
6961 5.278935857987827e-05 -0.007081792285229893 0
6962 -0.005697735811982012 0.006166744811543183 0
6963 0.0008860359816661008 0.00149662693655216 0
6964 0.008931942174762236 -0.0012566696217324 0
6965 -0.005997688171220599 -0.006772950271544935 0
6966 -0.006621787076805954 -0.005332028873678893 0
6967 -0.009174974488003456 -0.0003010850940109522 0
6968 -0.004369549138106703 -0.0008902121249628153 0
6969 -0.004904013847387327 -0.001541273050432347 0
6970 -0.003798107572216913 -0.0003577552591957013 0
6971 -0.003049744450392017 -0.0005451448823898755 0
6972 -0.003326281964365697 5.880519790730594e-05 0
6973 -0.002857703288316847 -4.289795498413336e-05 0
6974 -0.002900331007310534 0.000374958127663499 0
6975 -0.002629039702683932 -0.0005775048627436947 0
6976 -0.002399467192165593 -0.0002264703046279533 0
6977 -0.003397703126579824 0.0005707124241076984 0
6978 -0.003008022344512397 0.0008283396981592815 0
6979 -0.002607905201325646 0.0007008237753943723 0
6980 -0.002677892401544207 0.00106404946602838 0
6981 -0.002312857628572494 0.0009110133307649318 0
6982 -0.002389365869289536 0.001268943959758544 0
6983 -0.002115389003228071 0.001135547931652427 0
6984 -0.002137279852913404 0.001465269402881508 0
6985 -0.001457042488409239 0.000876521619315039 0
6986 -0.001372952371979083 0.0009924998324294329 0
6987 -0.002341114606268356 0.000639596299279028 0
6988 -0.002457042035310289 0.00161691554043231 0
6989 -0.002161045058250992 0.001830791662052443 0
6990 -0.001846500558505041 0.001659808569940433 0
6991 -0.001862383939286057 0.002020714031673506 0
6992 -0.002183805535445234 0.002216055076909013 0
6993 -0.001560869685539906 0.001811573302346934 0
6994 -0.001549626984085473 0.00214961457978815 0
6995 -0.001244455467418351 0.002080730523367213 0
6996 -0.001296854726408633 0.002371402402795414 0
6997 -0.001018463132886279 0.002232217750759689 0
6998 -0.001044031134634301 0.002548795519138133 0
6999 -0.0007596732175417533 0.002443774417956224 0
7000 -0.0002431615929298699 0.001717150307087734 0
7001 -0.0007802899570660716 0.002718244731156259 0
7002 -0.00048122549705943 0.002604407247695411 0
7003 -0.001018697133476772 0.001946176224383348 0
7004 -0.003028257469096927 0.001251493911450155 0
7005 -0.001505854722285455 0.0007850533948352725 0
7006 -0.001599723372336267 0.002537280106809699 0
7007 -0.0004966966288264825 0.002931684106153621 0
7008 -0.0001888719474184303 0.0027625606761108 0
7009 -1.72184486128508e-05 0.001685805624514018 0
7010 6.207317689035797e-05 0.001664910329129969 0
7011 0.0001994957467963611 0.001656228468705638 0
7012 0.0002920083660187571 0.001665657611019608 0
7013 -0.0002100662790984647 0.002430313856524775 0
7014 7.950689211311166e-05 0.002586163688447175 0
7015 7.702461982243218e-05 0.002243115755110981 0
7016 0.0003317223315203158 0.002428276007267611 0
7017 -0.001351646904857401 0.001035071608730192 0
7018 -0.00140975183531857 0.001031187455094711 0
7019 0.00166078139414363 -0.0003745963495356983 0
7020 0.001723988342256053 -0.000370777565139202 0
7021 0.0003200414299862673 0.002217097163992297 0
7022 0.000544970858116686 0.002271828036640142 0
7023 0.000580525139671981 0.002582904292108552 0
7024 0.0008568583658674497 0.002369248635134264 0
7025 0.0008714554121208741 0.002766682978916914 0
7026 0.00117656707122817 0.002551136420544769 0
7027 0.0001448798217726244 0.002904935377038073 0
7028 0.009812016387285022 -0.002697264189822115 0
7029 -0.001287439600606107 0.001091993280384833 0
7030 -0.005199904039089473 0.007529896107141395 0
7031 -0.0001666704055202179 0.002187145146911299 0
7032 0.001155649762136371 0.002223466036504705 0
7033 0.001468881133051625 0.002342902099826126 0
7034 0.001428477158081679 0.001989510535645907 0
7035 0.001089637235411193 0.001535966088233684 0
7036 0.001112831892427029 0.001433867029640405 0
7037 0.001187512388399804 0.001510661732689604 0
7038 0.001211026868914667 0.001394222101589948 0
7039 0.001290708010501607 0.001481153900273432 0
7040 0.001062237900643056 0.001637497519315537 0
7041 0.000951915955858165 0.001659058381367097 0
7042 0.001310394019298324 0.001370604426902874 0
7043 0.001410888958872554 0.001453244725131943 0
7044 0.001213326537143017 0.00296152484253826 0
7045 0.008926325755978079 -0.004232175756508708 0
7046 -0.001592999582317536 0.001552278600879125 0
7047 -0.001759029966207717 0.0001770977913315722 0
7048 0.0005651285845810298 0.00203977352836687 0
7049 -0.003708012576159751 0.007695132807851441 0
7050 -0.006786332376476914 0.007318822628215404 0
7051 -0.008044054586157843 -0.001365909634856763 0
7052 -0.009736866463792146 -0.001847218875154385 0
7053 0.001738286802562687 0.002131413101066619 0
7054 -0.005331441984664984 -0.008238211595666343 0
7055 0.001803082929421067 0.002492301925584572 0
7056 0.0003628962485965648 0.00194044742551121 0
7057 -0.005368615390857489 -0.0007751746397062785 0
7058 -0.00718001317533811 -0.007912112565369273 0
7059 0.0009850732927027116 0.001375335912679184 0
7060 0.0107764183376543 -0.004242549185347265 0
7061 0.001683818298995652 -0.0002684320117950712 0
7062 -0.004620904307543647 0.009031368308390367 0
7063 -0.0028971355256404 0.009193005933800791 0
7064 -0.001657834008837525 0.0001777658393928241 0
7065 0.001700538898670177 0.001799983512986078 0
7066 0.002004063983287548 0.0019306672501268 0
7067 0.001970302866020091 0.001622956825517744 0
7068 0.001368220720744985 0.001065345680019267 0
7069 0.002294806140899773 0.00177716266637521 0
7070 0.002179448218174832 0.001412061613483203 0
7071 0.001971977023553336 0.001270770350803421 0
7072 0.001595033660397122 0.0005754356702124227 0
7073 0.00145734837313328 0.0008440145698161243 0
7074 0.002117697703266761 0.001103933540313801 0
7075 0.001951572521275821 0.0009905073440343059 0
7076 0.002079191478022521 0.0008514206201037672 0
7077 0.002358829305461282 0.0009151731815927186 0
7078 0.002276218089250741 0.0006329856635530497 0
7079 0.001728902501398403 0.001130361242921635 0
7080 0.002589605779674902 0.0007161468783895398 0
7081 0.002498445839272974 0.0004294993626785878 0
7082 0.00265347842885963 0.0010521328971087 0
7083 0.002208093445950984 0.0003830123131389987 0
7084 0.002385692851535557 0.0001750707087327245 0
7085 0.00269643721320888 0.0002018682282956024 0
7086 0.002545305690456912 -8.736022802226623e-05 0
7087 0.002165996931929178 8.49419820852e-05 0
7088 0.002928372500805946 -4.683356597194583e-05 0
7089 0.002791874351332861 -0.0003814535408267257 0
7090 0.002431030042058486 -0.0004224098452062636 0
7091 0.002652390978195534 -0.0007124390589901582 0
7092 0.002272925284603529 -0.0006954095525777028 0
7093 0.001569038980256884 -0.000716154124073208 0
7094 0.0024565655778431 -0.001007666788632996 0
7095 0.002129801299607693 -0.001119620212216106 0
7096 0.00235667089035034 -0.001365217753185292 0
7097 0.001943975564455119 -0.001404498866782293 0
7098 0.002908055344438608 -0.001005324967605253 0
7099 0.002211400064060932 -0.001693685229462942 0
7100 0.001849672203714483 -0.001758594917417979 0
7101 0.0025599964411509 -0.001693241319289432 0
7102 0.002060100912120298 -0.002041558328667898 0
7103 0.00169495936638711 -0.002064375780526055 0
7104 0.001515351724657151 -0.00176718202246655 0
7105 0.00131796526880837 -0.002034422902975851 0
7106 0.0003660712706992865 -0.001696813474371254 0
7107 0.001513181955437296 -0.002373597927877017 0
7108 0.00115932704577402 -0.002345078653390314 0
7109 0.00101569662218869 -0.002055084800232251 0
7110 0.0008297681024790846 -0.002289050731941503 0
7111 0.0009621858179807893 -0.002630638273374142 0
7112 0.000603347191591589 -0.002552055430664555 0
7113 0.0007091495008670986 -0.002027208580327809 0
7114 0.0009018429734767804 -0.00185037774993759 0
7115 0.0007790748506261896 -0.001473005779044574 0
7116 0.0006749495117166082 -0.001514226442074088 0
7117 0.001878134031266342 -0.001122345025728786 0
7118 0.00189818485988946 0.0007712900887228428 0
7119 0.001572390391499326 0.0006185056418424636 0
7120 0.001626807222899682 0.0006201789279843342 0
7121 0.001601538212793307 0.0006716704047293564 0
7122 0.001647931303975905 0.0005633681283933101 0
7123 0.001720380264294772 0.00090660682580212 0
7124 0.0007250818627202721 -0.002921202689953132 0
7125 0.001125661414818994 -0.002987027444202292 0
7126 0.0003394743120529035 -0.002845549963799009 0
7127 0.0002868754702991991 -0.00250298957209661 0
7128 -4.686921235008663e-06 -0.002703615069044646 0
7129 -0.0001845681862322779 -0.002403342520444536 0
7130 7.22424699696157e-05 -0.001704375066233979 0
7131 -0.0003662288193042531 -0.002657715984560665 0
7132 -0.0004572803650023674 -0.002346656181800672 0
7133 -0.000681039505741958 -0.00258915763477326 0
7134 -0.0007653210915951682 -0.002265210181882704 0
7135 -0.0009941883728159483 -0.002509988790652304 0
7136 -0.001042309474874074 -0.002210311084202862 0
7137 -0.001345739494041188 -0.002420153765201503 0
7138 -0.001477341590578015 -0.002063925521188786 0
7139 3.378957123657499e-05 -0.00318217099633095 0
7140 -0.0005992461014066435 -0.002929172609586955 0
7141 -0.001153264659092616 -0.001823677250323422 0
7142 -0.001137618444499476 -0.001282236576316423 0
7143 -0.001548869437560656 -0.001757804556470852 0
7144 -0.001215917510208935 -0.001217493589130371 0
7145 -0.001270377437736104 -0.001214542270582372 0
7146 -0.00125060554490834 -0.001267725647738507 0
7147 -0.0002686008932437573 -0.0021786218123885 0
7148 -0.001235058952768072 -0.002826231900200662 0
7149 -0.00109245668421599 -0.001311812184494795 0
7150 -0.001140425625386713 -0.001335936962770711 0
7151 0.0008416011697174406 -0.00143100878908119 0
7152 0.002000191330248584 0.0003104963030589951 0
7153 0.002134434353406702 -0.0004810128214552091 0
7154 -0.001715512248595004 -0.00236970235619388 0
7155 0.003206989027650218 -0.0003506761846245564 0
7156 0.001692426722222039 0.0006234875907658248 0
7157 0.001722225234033503 0.0005529939541308018 0
7158 0.001025880570148504 0.001754396648227064 0
7159 0.0008908923090628551 0.001774915385136873 0
7160 -0.00111788031806626 0.002904929835687409 0
7161 0.001248692110101362 0.001311637811670729 0
7162 -0.001284387714221207 -0.001544995280167028 0
7163 0.001258649987138238 0.001620254922409874 0
7164 0.001100017108829862 0.001254624775455623 0
7165 0.001158891746393797 0.001193224079656099 0
7166 0.001098251192002922 0.00130723822765439 0
7167 0.001016212114007947 0.001282756418600705 0
7168 7.751326393858698e-05 0.002051518273186359 0
7169 -0.0001015606194710843 0.001963630913158468 0
7170 0.002029747938387296 -0.0007683435486360988 0
7171 0.001900116802675617 -0.0005421592433809297 0
7172 -0.0004887838508478183 0.001588536037085323 0
7173 -0.0005201868823205986 0.001625701638158462 0
7174 -0.0004172537167175472 0.001631349729802411 0
7175 -0.0003894747483364972 0.001671433712235223 0
7176 -0.0004001150125283383 0.001718654631396947 0
7177 0.001266229807433817 -0.001140546345195416 0
7178 0.001300741011980065 -0.001115543411142232 0
7179 0.001305082791664245 -0.001164036511681312 0
7180 -0.000576282790313845 0.001558515157958965 0
7181 -0.0005729176150761904 0.00161229716766758 0
7182 -0.0005558734425350312 0.001672182113462037 0
7183 -0.0006216246298614118 0.001654647963195124 0
7184 -0.0005979089303939428 0.001730981983556699 0
7185 -0.0006798797848934144 0.001711859747612065 0
7186 -0.0006533269595730409 0.001796788121482906 0
7187 -0.0005556230666939388 0.001819725743708682 0
7188 -0.0006358703080429584 0.001910739503588181 0
7189 -0.0005035214577134461 0.001928496780334718 0
7190 -0.0003454010982868653 0.002229182197502692 0
7191 -0.0005938399677574664 0.002051942465294992 0
7192 -0.0006973909529174068 0.001620467286428839 0
7193 -0.0007658807822263325 0.001688947369818048 0
7194 -0.0007847547672840404 0.001593549779835732 0
7195 -0.0008561109249623915 0.001662920843495083 0
7196 -0.0008792537739726891 0.001569227736931193 0
7197 -0.0009503778483575371 0.001637343718975834 0
7198 -0.001325128984011081 0.001755806882757279 0
7199 -0.001315173037093929 0.001489660560061346 0
7200 -0.0007317614326191822 0.001480980782225031 0
7201 -0.0007750224101998432 0.001483367242257901 0
7202 -0.0009751604782351813 0.001535967078087686 0
7203 -0.001049681295057926 0.001627450255258448 0
7204 -0.001081713730967407 0.001526040994491119 0
7205 0.01063672283444934 -0.001168313893777948 0
7206 0.009652701063138881 0.0003260386733046143 0
7207 0.01146787230420402 0.0004587267063013001 0
7208 0.01043942083470982 0.002010359017840936 0
7209 0.0125958026726029 0.002005323108283136 0
7210 0.0004240516776573153 -0.001637412310769379 0
7211 0.0005173957803641077 -0.001584371720260145 0
7212 0.003284412030533683 8.080481234890826e-05 0
7213 -0.001177708310349202 0.00126307252939948 0
7214 -0.001226430117748961 0.001276217343749284 0
7215 -0.001273880205255565 0.001246773304756422 0
7216 -0.001187626756809581 0.001323659189042147 0
7217 -0.0005950975192339122 -0.001568657927893711 0
7218 -0.000300654881598007 0.001719616801039519 0
7219 -0.0002750419782461799 0.001770381573292324 0
7220 -0.0002046498433958466 0.001764223043611741 0
7221 -0.0002338117537486271 0.001834239388859213 0
7222 -0.001689733157980208 -0.0001184475403926657 0
7223 -0.001737987194182699 -0.0001294576184096185 0
7224 0.001681969512450444 0.0003677476339476488 0
7225 0.001736827595445512 0.0003975180714066026 0
7226 0.001729809061780821 0.0003372522751706914 0
7227 0.001806918201784817 0.0003635125580275709 0
7228 0.001783814040135249 0.0002885426246750108 0
7229 0.001271585655629048 0.001174844355187786 0
7230 0.001320023090640918 0.001198971092674201 0
7231 0.00136456909462785 0.001163226750329148 0
7232 0.001381015724017087 0.001230029247632391 0
7233 0.001444091179374119 0.001178540121333238 0
7234 0.001467112950378592 0.001269881239369563 0
7235 -0.001672546670358841 -7.842407078770604e-05 0
7236 0.003365738772895437 -0.002500612387119739 0
7237 0.00377917842522633 -0.00182196989374821 0
7238 0.0009116489429579935 -0.001410080138722769 0
7239 -0.002602989245664617 -0.003543542438857914 0
7240 0.001381718963692943 0.001026798906243498 0
7241 0.001447377123794478 0.0008953202642850423 0
7242 0.001500470107561215 0.000876184124533474 0
7243 0.001493259593922758 0.0009438880494690528 0
7244 0.001427013239200876 0.001051084463602336 0
7245 0.001503722577027532 0.0008122983349140905 0
7246 0.001562052285072784 0.000853575775780394 0
7247 -0.00126596578684697 0.001316902135166653 0
7248 -0.001342302625110764 0.001277497221065248 0
7249 0.0003661632557629527 0.001669922886795631 0
7250 0.0004137913442245727 0.001676892595695821 0
7251 0.0004394192072919857 0.001727791872480013 0
7252 0.000513815777226299 0.001707596869890576 0
7253 0.0004860383602743216 0.001776237600897618 0
7254 0.0005627421456158899 0.001781188353912625 0
7255 0.0005978876272694479 0.001703688727957559 0
7256 0.0006564625478225145 0.001771313915327599 0
7257 0.0003804355863010744 0.00172501515701428 0
7258 -0.0004934653093986213 0.00167819263627746 0
7259 0.0009566442481548439 -0.001404608372282205 0
7260 0.0009351467330245067 -0.00144784550772629 0
7261 0.0009927094059851386 -0.001445496992117387 0
7262 0.001052433028553322 -0.001423890296629397 0
7263 0.001046324612767179 -0.001496822506606732 0
7264 0.001135223893127685 -0.001452069657317991 0
7265 0.00112134727707709 -0.001567295032690047 0
7266 0.001148615561325328 -0.00127277708606483 0
7267 0.001227590725102858 -0.001523193867391281 0
7268 0.001021022235336144 -0.001601936519459274 0
7269 0.001110276051605917 -0.001695478465097834 0
7270 0.001225686939703495 -0.001429587926106042 0
7271 0.001338730587569115 -0.001453831305373262 0
7272 0.001694096731042509 -0.00141471953572034 0
7273 0.001583450278217076 -0.001170275440429068 0
7274 0.001477003150853025 -0.0008210529261412606 0
7275 0.001355699230053666 -0.00113060417342042 0
7276 0.001360492317332952 -0.001212677203715244 0
7277 0.001515650958622025 -0.0007971479911905905 0
7278 0.001524326525887039 -0.0008513686361811761 0
7279 0.001570241554499438 -0.0008159239075076652 0
7280 0.001588382872862562 -0.0008890654175145573 0
7281 0.001518834472112555 -0.0009231764193838775 0
7282 0.001649362777711733 -0.0008277136157306118 0
7283 0.001382227268991814 -0.000959590637303039 0
7284 0.00137152537827569 -0.001009380004874009 0
7285 0.001100695430276382 -0.001277172309757029 0
7286 0.001131100077062781 -0.001320058520832003 0
7287 0.001696550265061275 0.0001388613763915758 0
7288 0.001676585556929463 -2.685718711866473e-05 0
7289 0.001752763028041537 0.0001675405556097479 0
7290 0.001747865037325761 0.0001039620094211943 0
7291 0.001819023169312248 0.0001401301617223135 0
7292 0.001813138742662172 5.638422224842905e-05 0
7293 -0.0009382742200450632 0.001407136773288314 0
7294 0.0001580989338631011 -0.001712527928306606 0
7295 0.0001900815950472586 -0.001746628448688771 0
7296 -0.001025731900016337 0.001368355623968557 0
7297 -0.00106214305477732 0.001336812919554137 0
7298 0.00326604357652303 0.001692611494829394 0
7299 0.0003209852783268406 -0.001714776291304647 0
7300 0.0003028257330717449 -0.001767249083047057 0
7301 0.001042300519446263 -0.001358125922961728 0
7302 -0.0004942308355930548 -0.001658091458494672 0
7303 -0.0005584088048889681 -0.001675420311500517 0
7304 -0.0003384167158035074 0.001829027511930252 0
7305 -0.0002785510218196395 0.001918263285732119 0
7306 -0.0008928899076737093 0.001411350552670519 0
7307 0.001414288661471083 -0.0009834500114024474 0
7308 0.001661753812260664 0.0004693196127762094 0
7309 -0.002467471991370588 0.0004100427774035675 0
7310 -0.00222085590521365 0.0003230526928931839 0
7311 -0.001827631125578579 0.0001746930598113191 0
7312 -0.001858139888003805 7.504199422182852e-05 0
7313 -0.001793751997397121 0.0002452725510070419 0
7314 -0.002046151171272213 0.0005217567155151894 0
7315 -0.00188887838098916 0.0002367529802673412 0
7316 -0.001849702660972081 0.000326158231957017 0
7317 -0.0004018117507914398 -0.004221900035350942 0
7318 0.001196034674472407 -0.001250478135308619 0
7319 0.001246942258189094 -0.001268793730453965 0
7320 0.008436339724450131 0.001867345077194739 0
7321 0.009303535999370838 0.003444124769826199 0
7322 -0.001739616013496234 0.001393872112352154 0
7323 -0.001671825333342824 2.805173292216703e-05 0
7324 0.001590751675512256 -0.000972506021076255 0
7325 -0.001324941899916215 0.001200524890620799 0
7326 -0.001415477031417123 0.001221271927428744 0
7327 -0.001433549307655975 0.001325458394934418 0
7328 -0.001521915370649827 0.001247388000314856 0
7329 -0.001381745215011811 0.001077380449477941 0
7330 -0.00144836100059722 0.001079908130854099 0
7331 -0.00147564574429345 0.001018678682405503 0
7332 -0.001531948709415408 0.001072497904306987 0
7333 -0.001549638150835497 0.0009790952200383147 0
7334 -0.001632104018646452 0.001060723750429316 0
7335 -0.00167332185674461 0.0009555129223420549 0
7336 -0.001537313824237044 0.0007525803054069866 0
7337 -0.001549730433861967 0.0008035025736264456 0
7338 -0.001598778700423034 0.0007601864630337682 0
7339 0.001623773601449103 -0.004079624869564078 0
7340 -0.001047187249135019 -0.001334532892614972 0
7341 0.001679249547924746 0.0002402874379811731 0
7342 -0.002043110596389962 0.0008745449542572669 0
7343 0.0006881710347524389 0.001672829033240567 0
7344 -0.0008337378992130265 0.001764962171812443 0
7345 -0.00107834174279662 0.001387118415668152 0
7346 0.001592387966384088 -0.0006635442224175908 0
7347 0.001619738162660687 -0.0007040208932165849 0
7348 0.001657513706124258 -0.0006629819729500351 0
7349 0.001685921148028302 -0.0007411269794347828 0
7350 0.001728877676410097 -0.0006411440201385042 0
7351 0.001568967379096699 0.0007833142756890207 0
7352 -0.0006297081896397242 0.001578589408763036 0
7353 -0.001771766883441892 0.001069249031096159 0
7354 0.0006798522603901311 0.001571096740194885 0
7355 0.0006313648747945256 0.001583159456624572 0
7356 0.0005491800764565212 0.001607075272559363 0
7357 0.001909296839459868 9.485929197039766e-05 0
7358 0.001890445102214286 1.166873821792793e-06 0
7359 0.00180423454038038 -4.688367404068377e-05 0
7360 0.001889877415171519 -0.0001123725710627446 0
7361 0.001690629687770538 -6.847531796609331e-05 0
7362 0.001793856795644751 -0.0001537418745814491 0
7363 0.001884319812410024 -0.0002189897333684141 0
7364 0.001999416506610736 -0.0001710223843848455 0
7365 -0.008363090105205624 -0.003039770824216987 0
7366 -0.01028509792165968 -0.00355868293267681 0
7367 0.0007550692698332184 0.001510938531938851 0
7368 0.0007720967536007724 0.001549523178580885 0
7369 0.0007859635869044949 0.001438049897675552 0
7370 0.001230617896552389 0.001190693989727484 0
7371 -0.002968575195707686 -0.001089458735093072 0
7372 0.001799264589353166 0.0004461375165677198 0
7373 -0.0007339422188788983 0.002028446801471222 0
7374 0.0007460857298327745 -0.001505011237136479 0
7375 0.0007985259299916349 -0.001524277817553326 0
7376 0.000743246094806403 -0.001566226044071311 0
7377 0.0008231373445993381 -0.001593124109720721 0
7378 0.0007611339021018634 -0.001653703918197167 0
7379 0.0006809401457080835 -0.001616338534549807 0
7380 0.0006899983404058946 -0.001694359413019351 0
7381 0.000603769355863502 -0.001667765621394168 0
7382 0.0006190103225796092 -0.001762107210604608 0
7383 0.0005316281072374456 -0.001738763768748895 0
7384 0.0005446106704798868 -0.001837690857474761 0
7385 0.0004486849230901618 -0.001783110726496519 0
7386 0.0004537211162785061 -0.001900679921798748 0
7387 -0.00361229397471502 -0.008342427001319548 0
7388 -0.004460899236715901 -0.009804976847205965 0
7389 -0.002641780430580551 -0.009963855370255017 0
7390 0.002330578653019254 0.003233789211078429 0
7391 -0.0006437472220142466 -0.001572146854264026 0
7392 -0.000676906464112562 -0.00161831984628177 0
7393 8.670144210323958e-05 -0.002186042510352372 0
7394 -0.003924312200202956 0.01061566478868538 0
7395 -0.002063136100554994 0.01081719752275212 0
7396 -0.001060111733279689 0.009032877381672199 0
7397 -0.0001903405229476551 0.01089597435604472 0
7398 0.0008310635832710577 0.009130963369062947 0
7399 0.001669798521405675 0.01094949646944384 0
7400 0.002666227902747566 0.009414600380269275 0
7401 0.003567619955575775 0.0111213529292915 0
7402 0.004563510434630495 0.009494899999011782 0
7403 -0.003182564534723947 0.01246039206419731 0
7404 0.001416680237380949 -0.001049839092388328 0
7405 0.00180352638338345 0.003722348051413653 0
7406 0.001788861907880515 -0.0007356637257064461 0
7407 0.001423947227124162 -0.0009357068229923343 0
7408 0.00762496866599569 0.003409058700323188 0
7409 0.008288951929532504 0.004829211004210084 0
7410 0.006499268848449462 0.004719092616272595 0
7411 0.0072956514959017 0.006157409294648431 0
7412 0.009072081171912952 0.006337655534330173 0
7413 0.007922838511239578 0.007850622668486197 0
7414 0.009918270195006679 0.008203058037203439 0
7415 0.000853685975412787 0.003176499758058368 0
7416 0.0004600269705341537 -0.001629172312880096 0
7417 0.001436530917568224 -0.001138947456464787 0
7418 0.001464779831797013 -0.001244001259637477 0
7419 0.001368913456418332 -0.001314096052296307 0
7420 -0.001679442293485368 0.0002482027411749659 0
7421 0.001713697657579552 0.001496480054819969 0
7422 0.009733713418994103 -0.005841808078479013 0
7423 0.007872339085071836 -0.005765910982884601 0
7424 0.008674406939972882 -0.007468343183619454 0
7425 0.006894789811918317 -0.007443331377030502 0
7426 0.007628377785103604 -0.009155444689113711 0
7427 0.005547191374005624 -0.009148907744734347 0
7428 -0.006915379605857206 -0.002434762066042216 0
7429 0.002642242858290897 0.001461229852280179 0
7430 -0.0003134713803030885 0.003964991215452126 0
7431 0.002934989451431123 0.0008094489077105316 0
7432 -0.0009006056597822948 -0.002011485814952153 0
7433 -0.0006116995190526928 -0.002094208879122445 0
7434 -0.0007078804627760821 -0.00184864458432878 0
7435 0.001795373081117682 0.0006106296717178958 0
7436 0.001723527179256308 0.0006983021540810858 0
7437 -0.001688088539764093 -1.090121784128082e-05 0
7438 -0.01084771997520572 -0.0007205188067351872 0
7439 -0.004205622681291541 0.00158179386812529 0
7440 -0.004507910177045128 0.0008156387308975962 0
7441 0.001462075579801481 -0.001365736922366867 0
7442 -0.001614349269252879 0.0008105856499874731 0
7443 -0.001666634476256066 0.0007689231665695563 0
7444 0.001895866819832802 0.0004021402340974648 0
7445 0.0008739308778774394 -0.001527971848519645 0
7446 0.005662264289490282 0.005932920323858865 0
7447 -0.001961364476571228 0.000312717962810284 0
7448 -0.001998480981543982 0.0002002314195038348 0
7449 -0.0001523703386093031 0.001818768612510084 0
7450 -5.705525344252427e-05 0.001692055505589838 0
7451 -3.300677344242542e-05 0.001731398967242133 0
7452 0.001501352574874054 -0.001078361992158861 0
7453 0.001876360452133951 0.0005193501472625073 0
7454 0.002062684434628632 0.000643532512899314 0
7455 -0.002327122750290544 0.003731442971608048 0
7456 -0.003189073582010574 0.003584202574502779 0
7457 -0.002631594133958042 0.002988528502530466 0
7458 -0.001098108587561229 -0.001375789053479433 0
7459 -0.001029419871392653 -0.001395949649205743 0
7460 -0.001093538673074221 -0.001453545098626157 0
7461 -0.001015514119281715 -0.001487550802228971 0
7462 -0.000749476635176479 -0.001598137472951152 0
7463 -0.001088998251149593 -0.001549476382399609 0
7464 -0.0009901722726798467 -0.001592073111318 0
7465 -0.0007294273820675493 -0.001677512642009852 0
7466 -0.0008120205416972742 -0.001654059832411772 0
7467 -0.0008174164195420494 -0.001569094056004146 0
7468 -0.001668305251207828 0.0003466451346625059 0
7469 -0.001717275539316666 0.0003254461594664578 0
7470 -0.001714550302294455 0.0003844922328992741 0
7471 -0.001025804712116741 0.001423675874330501 0
7472 -0.001158868335054041 0.001586538155877447 0
7473 -0.001166028605187861 -0.001399977806846063 0
7474 -0.002341652669763438 0.0001572027069182529 0
7475 -0.007061462256847601 0.005590465414151441 0
7476 -0.008480766026624226 0.006982814697596017 0
7477 -0.008080022307216396 0.008767425120508496 0
7478 -0.005799439905715857 0.01042273984190766 0
7479 -0.006315454993480565 0.0004966860828921404 0
7480 0.0001582101201353432 0.001643057856159324 0
7481 0.0001627389907353301 0.001685225815555828 0
7482 0.0002123127501466806 0.001705256645533293 0
7483 0.0001664383526697642 0.001744908754571956 0
7484 0.0002279796546143103 0.001765575352306974 0
7485 0.0001776615407532985 0.001820815195095477 0
7486 9.819628631348363e-05 0.001781569225273478 0
7487 0.004135662317348964 0.0003599051641712811 0
7488 0.0009781984841440356 0.001900194052804392 0
7489 0.0008245621557792885 0.001889160280992421 0
7490 -0.003534830931661793 0.001886837943460993 0
7491 0.0006454415496263469 -0.001558267233997452 0
7492 0.0006015821344569937 -0.001573695120768481 0
7493 -0.003788528140354183 -0.01190187439633326 0
7494 -0.0009244492918893612 0.001461461328553481 0
7495 -0.0008685119375443691 0.001459630377826181 0
7496 -0.00144531679562853 0.0009169393151410825 0
7497 0.001681753284444392 8.574692552277498e-05 0
7498 0.001723157299196811 4.252990868165573e-05 0
7499 0.0001020313833431529 0.001858160749358665 0
7500 1.60476643481068e-05 0.001838017967531696 0
7501 0.0001761415675175936 0.001930834488508037 0
7502 -0.001167587772057704 0.0017104836706124 0
7503 0.001666150631245466 0.0003226455183052126 0
7504 -0.00113079736715419 0.001280973107464114 0
7505 0.001798765891122405 -0.0002571147245517949 0
7506 0.001863183772815542 -0.0003225561440658131 0
7507 0.003720131612552567 -0.0001711684110671986 0
7508 -0.001254679588502904 0.001126774787652605 0
7509 0.001053497836558464 0.001325348178523242 0
7510 0.001543034827205581 0.001200793523805891 0
7511 0.003435533753957709 -0.0007815910439525301 0
7512 0.0004459883796509 -0.001674364322650292 0
7513 0.002322568019889361 -0.0001804185752574998 0
7514 -2.92852308131429e-05 0.007791516887215933 0
7515 0.000847639916737509 -0.003323794112533218 0
7516 -0.001235325567942118 0.001386873081867647 0
7517 -0.0001886713630637482 0.00169953015325862 0
7518 -0.0001442386378777433 0.001747912777042955 0
7519 -0.001633389509529827 0.0006997023712091774 0
7520 -0.001715931799102552 0.0007083015198362237 0
7521 -0.001761750583036385 0.0007952468798296969 0
7522 -0.0018232771211153 0.0007126001490267632 0
7523 -0.001762672216565186 0.0006122560029724428 0
7524 0.002588755267041555 -0.002693575312924012 0
7525 0.002175799627661602 -0.003143883383620814 0
7526 0.001361429352352158 -0.00342173538227489 0
7527 -0.001252492470484288 0.001184369298513166 0
7528 -0.0008259034067811774 -0.001442538872323243 0
7529 -0.0008672266668111457 -0.00146937736321419 0
7530 -0.0007680437679348928 -0.001479099835557212 0
7531 -0.0007542560829514507 -0.001529393650589405 0
7532 -0.0009121325411714642 -0.001439351887977814 0
7533 0.0008600156454699557 -0.001703197470327746 0
7534 0.001146155094196718 0.001281554331045428 0
7535 0.001902145992006567 0.0002027693936339811 0
7536 -0.002042915399627981 0.003170622144578369 0
7537 -0.001880402062499331 0.0006169971965944207 0
7538 -0.001831934151804349 0.0005036365493198362 0
7539 -0.001721868548540397 0.0005176038886276983 0
7540 0.002004608316634124 0.0004779242680049483 0
7541 0.001437532454081271 0.0009491814436665288 0
7542 0.0004842579937364489 -0.002310656286779976 0
7543 -0.008480212823238279 -0.004960692825277579 0
7544 -0.01055234675576994 -0.005450748625959089 0
7545 -0.01206183574897277 -0.004089250882596574 0
7546 0.003627639401264086 0.008116975429809986 0
7547 0.0005118135285891247 0.001645697056893513 0
7548 0.005618044027686998 0.01133649126926973 0
7549 0.004467853807346679 0.01310114476016286 0
7550 -0.001580604540092863 0.0008774427753077692 0
7551 2.156872780983001e-05 0.001705979579242863 0
7552 -0.002321607115764568 0.007658858289111851 0
7553 -0.001658738484707297 0.000545571311224739 0
7554 -0.00166522293860519 0.0004924810820550348 0
7555 0.0007288458529547082 0.002153562547245627 0
7556 0.0003662383961634472 -0.001747600267466998 0
7557 0.0003621321231183233 -0.001823787315007658 0
7558 0.0002739788224867538 -0.001837194560527147 0
7559 0.0003262804277423846 -0.001906649345881102 0
7560 0.0002091473598683046 -0.00192465370942014 0
7561 0.0003141137117800422 -0.002032141979914436 0
7562 -0.000788747512228263 -0.001751290677926039 0
7563 -0.0009255602206889822 -0.001709427685071584 0
7564 -0.001696656170453424 0.0005805141578534045 0
7565 0.001170301823982607 0.001865663558842216 0
7566 -0.00177409228244233 -0.001983683999678949 0
7567 -0.001787557414713766 -0.001676035430098009 0
7568 -0.008926019468965927 -0.006835122600976237 0
7569 0.001343210709333048 -0.001064050414021791 0
7570 0.0001157792005224455 0.001670094394559945 0
7571 -0.001601968950535444 -0.001528913000964972 0
7572 -0.001788817874168567 -0.001389885848512949 0
7573 -0.001505250726103971 -0.0007846509056823826 0
7574 -0.00154215348716581 -0.0006920129505175789 0
7575 -0.001577648612474238 -0.0006565394682501725 0
7576 -0.001592283628098312 -0.0007121338676924722 0
7577 -0.001319798140202018 -0.001263757824994365 0
7578 -0.001580881697316672 -0.00057365814171536 0
7579 -0.002038785701586251 -0.001542720400755388 0
7580 -0.002023611944264131 -0.001257327355122521 0
7581 -0.001805539440359592 -0.001163346159341932 0
7582 -0.001966494835944981 -0.001008164198827895 0
7583 -0.001832660742316421 -0.0008600537106866766 0
7584 -0.001992717271510153 -0.0007769748755438257 0
7585 -0.001632024232928945 -0.0009963005617667994 0
7586 -0.002192229530872315 -0.0008674361961249948 0
7587 -0.001289629294603838 -0.001334231723868323 0
7588 -0.00215636202319686 -0.000636721895379272 0
7589 -0.001959734763463036 -0.0005879316844366745 0
7590 -0.001641670298458116 -0.0006626992893109485 0
7591 -0.001380425577038031 -0.001326786565044224 0
7592 -0.00139903951540573 -0.001235688933923626 0
7593 -0.001664427485663008 -0.0007422054576141194 0
7594 -0.0017213531237288 -0.0006613559308892472 0
7595 -0.001670409439406779 -0.0006014541368614821 0
7596 -0.002109253481271048 -0.0004397927496099555 0
7597 -0.001925502494201351 -0.0003862776411329066 0
7598 -0.002030916219802129 -0.000234967605527343 0
7599 -0.001755397567662437 -0.0001765091262446771 0
7600 -0.001672386040259477 -0.0003422684154772998 0
7601 -0.001805757986965697 -0.0001498761971250406 0
7602 -0.001779811752619362 -8.183976066467604e-05 0
7603 -0.00186411254208003 -0.0001024751608490614 0
7604 -0.001666160450029424 -0.000260366838494022 0
7605 -0.001807603965697112 -0.0002214492403898038 0
7606 -0.002281595847168807 -0.00133571900366795 0
7607 -0.001690066449581382 -0.0003831888263733005 0
7608 -0.001719925360828242 -0.0003458042553687521 0
7609 -0.001749649580186232 -0.0003982244365126846 0
7610 -0.001501294722485109 -0.001300058308187329 0
7611 -0.001501157301212113 -0.001176475118946438 0
7612 -0.001603998839522696 -0.0007857479739609994 0
7613 -0.001686264671931193 -0.0002217337862971218 0
7614 -0.001714098819937215 -0.000264430845167542 0
7615 -0.001595979639161086 -0.0005292588376699545 0
7616 -0.001642096413816074 -0.0005045370391117467 0
7617 -0.001702326823168642 -0.000490797202295925 0
7618 -0.001742238093897329 -0.0005608701470402914 0
7619 -0.001795295205679026 -0.0003468411997595033 0
7620 -0.001431623570557139 -0.001105725678037951 0
7621 -0.001345371152490635 -0.001428920075355508 0
7622 -0.001376960524049874 -0.001071353731685216 0
7623 -0.001428817243818677 -0.001039525521772051 0
7624 -0.001500843074123334 -0.001065800904828023 0
7625 -0.001476017970771462 -0.000988694818643987 0
7626 -0.001827923926501064 -1.128803257988652e-05 0
7627 -0.001919281725076491 -2.398736825467327e-05 0
7628 0.005105450143691405 0.008174484238974128 0
7629 0.001192127003266453 -0.001302708061157103 0
7630 -0.001081006080995945 0.00128561172115455 0
7631 -0.001663200738900521 -0.01174046632332881 0
7632 -0.0006046411590552304 -0.009758684033276026 0
7633 0.0004794006956227859 -0.01168035961341997 0
7634 0.001500186883456176 -0.009832201726951265 0
7635 0.002560898138449294 -0.01181938413502867 0
7636 0.001410627978175785 -0.01423200455240337 0
7637 -0.0006432287996404648 -0.001681764481282229 0
7638 0.001638481205211152 0.0008317635818537112 0
7639 0.001620128006489575 0.0009248528922976224 0
7640 0.001638568584659951 0.0007386034714768849 0
7641 -0.0004419750281190819 0.001824957615150022 0
7642 -0.002351943224566223 -0.000461910524195167 0
7643 0.007910401286879429 0.0001253459341108672 0
7644 -0.001116678017014485 0.001337625917417351 0
7645 -0.00115042211949933 0.001392566533947825 0
7646 -0.001814848427330904 -0.0006394605556976794 0
7647 -0.001532992935183266 -0.0007468428320988256 0
7648 -0.0006020951679991448 -0.001619647413950273 0
7649 -0.000583830386750372 -0.001740770616864481 0
7650 -0.0004964649023638526 -0.001714940987092876 0
7651 -0.0004313546101419126 -0.001753715682994915 0
7652 -0.0005148759881469744 -0.001798403015147299 0
7653 -0.0004322177399987323 -0.001846489542866648 0
7654 -0.0003467888007551929 -0.001776071258622458 0
7655 -0.0003321134073146388 -0.001883954046345307 0
7656 -0.0002531760650134889 -0.001821156629061401 0
7657 -0.0002353277746784545 -0.001912800969494269 0
7658 -0.0001595324890805992 -0.001861520361780302 0
7659 -0.0001448397267915625 -0.001995982744562871 0
7660 -5.049797140988942e-05 -0.0018923836597402 0
7661 -4.565014899854065e-05 -0.001788149784862405 0
7662 5.183398608201127e-05 -0.001820714865037836 0
7663 -7.412247114423538e-05 -0.001690486804389499 0
7664 -2.319456684370364e-05 -0.001690825968561358 0
7665 -0.0002662524406263531 -0.001728769683166683 0
7666 -0.0003369868887300402 -0.001695872294432113 0
7667 -0.0004147732241739801 -0.001963598878610487 0
7668 8.216404213616731e-05 -0.001936389111049054 0
7669 0.0001290600923168339 -0.001775079234426468 0
7670 0.0001890480116415696 -0.001819266614619144 0
7671 -0.0002868489129144904 -0.001673447695562742 0
7672 -0.0001947729365954553 -0.001758277552349982 0
7673 0.001141629986839422 0.001352034574288481 0
7674 0.001521409538103119 -0.00150305220860105 0
7675 -0.00171182509848041 0.001204123060237733 0
7676 -0.001922518040236718 0.0004236423969679415 0
7677 -0.0004370189165941423 0.001587186619937729 0
7678 -0.001498104196770573 0.0009068650728544335 0
7679 0.0001090161850846095 0.003613217629952147 0
7680 -0.0009321731499454739 -0.001508937927063735 0
7681 -0.001696658998189287 0.0004436747035781201 0
7682 -0.001816361814458638 -0.0004239277438915216 0
7683 -0.001175964285390402 -0.001252577226265318 0
7684 -0.00171755180416171 2.448980809528678e-05 0
7685 -0.001062117017139141 -0.001685253674006422 0
7686 3.079723734422392e-05 -0.001690063674318709 0
7687 0.001496103461709121 0.001097290856097579 0
7688 -0.0003181930256313457 -0.001642590198960191 0
7689 1.765667269788386e-05 -0.001740087646984131 0
7690 -0.01042300668261874 0.006188871362802795 0
7691 -0.006618872931899215 -0.001159569826525632 0
7692 0.0008514142784129874 0.00166688483450772 0
7693 0.002686412496412335 0.001960153860091834 0
7694 -0.00166339285219241 0.0003982515094853362 0
7695 -0.001764418682100614 0.0004352637487045837 0
7696 0.001320110751436511 0.001275677811518993 0
7697 -7.329908228273663e-05 0.001789909161093359 0
7698 -0.002195750171667977 -0.002809488544563116 0
7699 -0.001823166815952757 -0.003424845208529352 0
7700 0.003473937956939413 -0.009904885488611782 0
7701 -0.00211369706927315 -0.002239867852579755 0
7702 -0.0003877795301083711 -0.001669430617165941 0
7703 0.00110006842619319 -0.001372938308659552 0
7704 -0.001779769112051721 0.00092001903727838 0
7705 -0.0007559209185193665 -0.003644055881210238 0
7706 -0.003831066290366831 0.0009794820084703022 0
7707 -0.00131184347499363 -0.001161563843392303 0
7708 -0.001617103506062116 0.0006380911439433359 0
7709 -0.001677902922304166 0.0006388459300153174 0
7710 0.0003279305300019385 0.001700725208148733 0
7711 0.0003189291172021966 0.001769470364262427 0
7712 0.0008098096486085991 0.001512191473392558 0
7713 0.0006173707577332663 0.001883653633353669 0
7714 0.001514248364470651 0.0007486343393506383 0
7715 0.0006499237404585963 -0.001872237145826831 0
7716 -0.0004369262335513856 0.001676710597863013 0
7717 -0.0004510671452691527 0.001736082096785352 0
7718 -0.0007235735776725309 0.00155754164229835 0
7719 -0.00195058838694203 -0.0001297212388427273 0
7720 -0.002041933936909271 -4.949919842676259e-05 0
7721 0.0007564284791373809 0.001752726937998304 0
7722 -0.0008135500734284702 -0.001495382758502317 0
7723 -0.001560754481870822 0.001375224562492436 0
7724 0.01162677286961634 -0.005999947649269477 0
7725 0.01285354843894165 -0.003859308118735741 0
7726 -0.005397619136617945 0.0003880498899140821 0
7727 0.0009799756328878915 -0.001723645608038196 0
7728 -0.001559163756115201 -0.0006145905957203541 0
7729 0.001474395534674926 0.001010884141353341 0
7730 0.001561646221626186 0.00100400381293394 0
7731 0.001562832154499965 0.001627760574687325 0
7732 0.009617866882003763 -0.009146072008335922 0
7733 0.008454314829006803 -0.0106523092362245 0
7734 -0.001973654190230039 7.335444616028072e-05 0
7735 -0.002122817494681991 7.589676709747932e-05 0
7736 0.00645962456333013 0.009448999853031419 0
7737 1.07317410933374e-05 -0.00204631397004039 0
7738 0.001283915359590023 -0.001071714618653373 0
7739 -0.002234618775852926 -8.114665459993707e-05 0
7740 -0.0004595134696615895 0.003457240665486403 0
7741 0.0009574017945305378 -0.001518457795573637 0
7742 -0.0004181186374961844 0.002066459003556723 0
7743 0.0002711304121296742 0.001712974409948488 0
7744 0.0002687290681849143 0.001845278322137526 0
7745 0.007095225761746047 -0.004161760147252686 0
7746 -0.0003832741655793757 0.001930804563796935 0
7747 0.001597078311392407 0.001334524713714243 0
7748 -0.01315966579063031 0.006104077436936068 0
7749 0.001096753154750203 -0.001857233750043151 0
7750 -0.0003455479458780199 0.001753402871782425 0
7751 0.003945924304819741 -0.01399868365976486 0
7752 -0.000694757235572606 0.001502978543800875 0
7753 -0.002033564395406984 -0.008445774676544039 0
7754 0.001632522774253986 0.0005108882989438967 0
7755 -0.007639274125690484 0.004152369441235067 0
7756 0.0005058077668967982 -0.001665434418844212 0
7757 0.01140198318191985 0.003929667390967753 0
7758 0.001397580279932803 0.0009024935769532046 0
7759 -0.001190967314921591 0.001486755557970821 0
7760 -0.001484091227716353 0.0008309809581022264 0
7761 0.001263999601440417 -0.001767071011461618 0
7762 0.001345505843141431 -0.001608690077030377 0
7763 0.001899953009552521 -0.00239491872578188 0
7764 0.001675304404941948 -0.002873431337269478 0
7765 0.0004585533204151665 -0.002089578037287569 0
7766 -0.003887388412557447 0.0003298123990088273 0
7767 -0.004554864971233604 -8.160683400738153e-05 0
7768 -0.001775650722983916 0.0003636222559218553 0
7769 0.0005568537426829634 -0.001582688623720093 0
7770 -0.005531622818914622 -0.004317481227939215 0
7771 0.001545286747409766 0.0006611144629248697 0
7772 0.001563728272959009 0.0007170969067940524 0
7773 -0.0001858326563809069 0.003132947374085067 0
7774 -0.002033449621252665 -0.001850295568056171 0
7775 -0.001625237193574254 -0.0005694771917125343 0
7776 -0.003109924082697797 0.006441203438741443 0
7777 -0.002400769731397613 -0.0007197219208837553 0
7778 -0.002439366652890959 -0.0009924351959272174 0
7779 0.001199600440681714 0.004180355186193752 0
7780 -0.01265140969455217 -0.006168963135855294 0
7781 0.001659748325353356 1.269141689493498e-05 0
7782 0.001407585899277962 0.001111076563298774 0
7783 -0.001303086648965896 0.001140732884980351 0
7784 -0.0004656058182383522 0.001631279543187399 0
7785 0.00172329137341438 -0.0002174299377784222 0
7786 0.001720081904994585 -0.0001418856987904723 0
7787 0.00161380855762512 0.001115488994639757 0
7788 0.001674080447682978 0.00101354604041954 0
7789 -0.001725442663387283 0.0002732764459371337 0
7790 0.001072536234183308 -0.001315834988913341 0
7791 -8.056962748806038e-05 0.0003378184725545009 0
7792 -0.0002599092052971834 -0.0004374212652293984 0
7793 0.0004782813435585816 0.0007001003550416434 0
7794 -0.001018162751094446 0.0001963612392485082 0
7795 0.00717422033536754 0.001356549200957882 0
7796 0.000896917709552652 5.866259861226651e-05 0
7797 0.00303308066768323 0.001191905406823863 0
7798 -9.902855264029292e-07 0.001600583720337452 0
7799 -0.0004345808443366601 -0.0007556603807035555 0
7800 0.000100222681132204 -0.001031985631181291 0
7801 -0.0001226496206340074 0.0009988660453373222 0
7802 0.0008229328288993674 0.001579447053607976 0
7803 0.00106013133011134 2.388232873350203e-06 0
7804 0.006118859428263044 0.003259445866657011 0
7805 -0.003834677512046462 -0.01433614631064177 0
7806 -0.0009776937754353537 0.001451591616241543 0
7807 0.001322936229113731 0.0006874297157614779 0
7808 0.0008474676498963353 0.001409183296890208 0
7809 0.0002727842031551912 -0.0001145962148315167 0
7810 -0.00117837750287438 -0.001495851808318077 0
7811 6.461153900861134e-05 0.0002772136466195466 0
7812 -0.001737088029277536 -2.671163566328173e-05 0
7813 -0.001412403934004453 -0.000988539057830649 0
7814 -0.001437687535582235 -0.0009323462504402025 0
7815 -0.001509662713474027 -0.0009242736533942042 0
7816 -0.001466961694254415 -0.0008760399215425848 0
7817 -0.001521633513231431 -0.0008682658251088977 0
7818 -0.001579533594806522 -0.0008894689749534988 0
7819 -0.001675000834945739 -0.000858533468275445 0
7820 -0.000895785739232115 -0.00139561104627829 0
7821 -0.0009680234252460916 -0.001428796870636149 0
7822 -0.001762787252845805 -0.0007511821519036631 0
7823 -0.001902817327300748 0.001254847835951573 0
7824 -0.01421472281320854 -0.003737160927654359 0
7825 0.0003757362507744304 -0.001013660656094877 0
7826 -0.0003290396026160444 0.0007602620131646815 0
7827 0.001346915156357866 0.001111744519339183 0
7828 -0.0002675093185660477 -0.001635271034709597 0
7829 0.01049296318024598 0.01068969572132534 0
7830 0.001345299909401418 0.001796282280523902 0
7831 0.001509873003224056 0.0006959036737444101 0
7832 -0.0008065044479232969 -3.325750177519156e-05 0
7833 -0.001169496770180997 0.01234029414108023 0
7834 -0.001593471027980787 0.0001528129587296765 0
7835 -0.001566156797319581 0.0001217188947266328 0
7836 -0.001540259771776098 9.601072339017777e-05 0
7837 -0.0005170620032389706 0.002187484756839821 0
7838 -0.0009727867082185897 -0.0001235249543071278 0
7839 -0.001954585857424076 0.0007244262826708245 0
7840 0.003229518550690533 -0.001901295917519618 0
7841 -0.0009260237160212214 0.00058665857846003 0
7842 -0.001358779505549484 -0.001171901490236412 0
7843 -0.00164202225707839 -0.0002974135781259406 0
7844 -0.001657733127830157 6.695356221084122e-05 0
7845 0.002017038132098341 0.0001586510704741626 0
7846 0.0002660600861965987 -0.0006369640670043566 0
7847 -0.0005234280995455756 -0.0006759846396867957 0
7848 -0.0001339739317924811 -0.0010524287881904 0
7849 0.0003533281340227008 0.0009299147371748089 0
7850 0.0003525199940540273 -0.0007631333507329382 0
7851 -0.001703477138731835 -0.002880591565982093 0
7852 -0.0009755128458332488 0.0001936726974431043 0
7853 0.0009372726459297258 5.620242348535135e-05 0
7854 0.001642984812627776 -0.0004219320212634419 0
7855 0.001674598204959547 -0.00045748467744682 0
7856 0.001664586504692492 -0.0005348602076493426 0
7857 0.001700331497684942 -0.0005664412676747064 0
7858 0.001708277497789832 -0.0005047081357901582 0
7859 0.001733268350829192 -0.00044143656074977 0
7860 0.001781214928253188 -0.0005489678924480853 0
7861 0.001819154570429227 -0.0006381493622878754 0
7862 0.001838688096397437 -0.0004838796149447 0
7863 0.001941537959102473 -0.0004304851926852457 0
7864 0.00207232367839191 -0.0003235263651832818 0
7865 0.0007034538357756173 -0.0006855427287862045 0
7866 -0.0007719650717149519 0.0007275550356006771 0
7867 -0.0001170674326778177 -0.00169124622033096 0
7868 -0.0001388003689790045 -0.001733932529342385 0
7869 -0.0002125560040220167 -0.001705859640692297 0
7870 0.001201567082582602 -4.600234740031815e-05 0
7871 0.0005459164462774649 0.0008777058099213207 0
7872 -0.001054419563883499 -0.0004809884880291751 0
7873 -0.001515294450807904 -0.0006122798447934255 0
7874 0.0003374486184132773 -9.799779888532384e-05 0
7875 0.001036069186506015 0.001405746142288449 0
7876 0.001730650105095978 -3.567826816331669e-05 0
7877 0.0005087836400090728 -0.00104545877268967 0
7878 0.0009068704311172234 -0.0003649268289835416 0
7879 -0.000963533929697932 0.0004578720062012425 0
7880 0.001254006859680039 0.001235823313361201 0
7881 -0.000581324384018766 -0.0009245799496709584 0
7882 0.0001928653206344277 0.0002429045116476001 0
7883 0.0004159138459112213 -0.001716417621841606 0
7884 -0.001432253750295892 -0.0006964520985671869 0
7885 0.0007057873462907871 -0.001486515249393599 0
7886 -0.001622219037138788 -0.001093586891531212 0
7887 -0.001651702894916598 -0.001237608141142239 0
7888 -0.001353031000645503 -0.0006664984565277783 0
7889 0.001185043282452482 0.0006163369295446885 0
7890 0.000542882980361728 -0.001624752703435725 0
7891 -0.001618499988939733 0.0001826556704139828 0
7892 -0.001641428130463884 0.0002202612166041169 0
7893 0.0006189212303060667 -0.001300675417045804 0
7894 0.001456931021700866 -0.0006957122070213913 0
7895 0.0008547047496225363 0.001260074289147711 0
7896 0.0008711204171263028 0.001225178917949628 0
7897 -0.0004159703992425486 0.0001291592457295046 0
7898 -0.0002862593023697388 -0.001550485577629767 0
7899 0.0002163512506084557 0.0001226329748129952 0
7900 -0.0007471230108686477 0.0007824858453505486 0
7901 0.0007282239097767691 -0.0006306163339978996 0
7902 -0.0009577245928413175 2.184800194778594e-05 0
7903 -0.001471518670964765 9.668820086182943e-05 0
7904 -0.001913407448269171 0.001011886526874211 0
7905 0.001430623505366268 0.0007358876029734377 0
7906 0.001527632019259806 0.0006157482620190139 0
7907 0.0008263141790785855 0.001454103890244977 0
7908 -0.0005660185721996109 -0.000875693855919445 0
7909 -0.0004959764194626049 -4.782765261679967e-05 0
7910 -0.0008177731490134995 0.001534842851447973 0
7911 0.004679389664452354 -0.01156626114023198 0
7912 0.003919127858038497 -0.008017996303405144 0
7913 0.0005816066921543563 -0.001091174377543683 0
7914 -0.0004048714498764305 -0.0008875765390988533 0
7915 -0.001369074945368131 0.01435761124672981 0
7916 0.0005979119426311112 -0.001333589455697348 0
7917 0.0004609645634526907 -0.008533501288523636 0
7918 -0.0009749452060761885 -0.001365346378203117 0
7919 -0.002528238288805716 0.002009410528421333 0
7920 -0.002922680109523926 0.001704281063859461 0
7921 -0.002943126843044474 0.002215709366348536 0
7922 0.000314596261047551 -0.0001267406518739673 0
7923 0.000289257969890545 8.987821537610471e-05 0
7924 -0.0004622346257406463 -0.0006474361706668113 0
7925 0.01209175594334285 0.008408638689080065 0
7926 -0.0004619083062433011 -0.0005561275703543407 0
7927 -0.001609348470459253 -0.0006164955607469603 0
7928 -0.00265346590538059 0.0001806990103431879 0
7929 0.0009409944080688426 0.001347651687871813 0
7930 0.000952927046040324 0.001307435875143063 0
7931 0.001502216449340709 -0.0007543155190675136 0
7932 0.0003173628037291724 -0.0007149923274131719 0
7933 -0.0006537023348497223 -0.001053307887753173 0
7934 0.0008183283343974132 0.001150160904714631 0
7935 9.656858495986367e-05 -0.0003569072636955339 0
7936 -0.001330945434359229 0.001388078780764932 0
7937 -0.001440031286861895 0.001454618158029713 0
7938 0.006679434158191136 -0.000522408205392086 0
7939 -0.001871207967264152 -0.0002922249210437509 0
7940 0.001443771465485269 -0.0008466355732210812 0
7941 0.001407240811159251 -0.0008698936046910962 0
7942 -0.001301005135353555 0.001021951669149742 0
7943 -0.001311860674462425 0.001056659984913264 0
7944 0.0007139700909374851 -0.001339898673550581 0
7945 -0.0008352464082315494 0.003168905540127167 0
7946 -0.001242063361311328 0.003355493337712104 0
7947 -0.001527221077564864 0.002966012980631625 0
7948 -0.002045390389074771 0.002651975591609975 0
7949 -0.01071346080596936 -0.01082055567249401 0
7950 -0.00867746511498289 -0.01194388673528572 0
7951 -0.007049489340868258 -0.01093599353355494 0
7952 0.0141376346730737 0.003712579229282414 0
7953 0.0147539658793608 0.001392897017282548 0
7954 -0.006277147729460023 0.003996372197688168 0
7955 -0.008861407444232047 0.0124078789122952 0
7956 -0.01007698020087177 0.01038358598833467 0
7957 0.0009422940201102149 -0.0004227916937730508 0
7958 -0.0009279113053048633 0.0003996210466667953 0
7959 0.006019275648734848 -0.005872971713184303 0
7960 -0.001386383853729955 0.0009537947574552823 0
7961 0.01102940452438087 0.00598896401087873 0
7962 -0.0008363996226205122 8.528943091124167e-05 0
7963 0.0002809323598031019 -0.002228080292696641 0
7964 -9.287280597570564e-05 -0.001451195910224426 0
7965 8.05361643154533e-05 0.001194522384666447 0
7966 0.0005539867340450111 -0.0008408724284548765 0
7967 0.0007504308720201426 -7.103169655914796e-05 0
7968 -0.000900399871327562 -0.0006170908495089056 0
7969 0.0007497205447632402 0.0005911940836450292 0
7970 0.0009935424852607162 0.00132607590011024 0
7971 -0.0001612581080037577 -0.000969298174169369 0
7972 0.0003247869628092553 0.001015088994491727 0
7973 -0.006945113938539703 -0.003880487180188106 0
7974 -0.0005909857956967666 0.001269413895156974 0
7975 0.001130199090705985 -7.215198343526783e-05 0
7976 -0.001402524021741285 0.0009159064886134302 0
7977 -0.0009354523622365986 0.0001911527837721221 0
7978 0.0003015400997166232 -0.0006733323334862982 0
7979 0.001729781828520688 0.003036169603904181 0
7980 2.394706837376332e-05 0.001938388649683113 0
7981 0.0002439628863127377 -0.001767409469370027 0
7982 0.002086883397792844 0.007979452787926085 0
7983 -0.001004953815461205 -0.001841634345618641 0
7984 -0.003331654610909243 0.002910399911677187 0
7985 0.001005287776958667 -0.0007092923272882471 0
7986 -0.001199264308505436 0.0007637422823993047 0
7987 0.0008306456810471438 -0.00147467060445044 0
7988 0.0008828773769535438 -0.001457831543720623 0
7989 -0.0006381070586722837 -0.0009066158918932657 0
7990 0.0004205406414079644 -0.0006987575609645933 0
7991 -0.01065822030785078 0.0007497157924821734 0
7992 0.003262590956634776 -0.001385028518720321 0
7993 0.002327134986766563 -0.003817726849304769 0
7994 0.0007927376676534083 0.001347008048678486 0
7995 -8.124108052235891e-05 -0.001075981635994292 0
7996 -0.000235559495482256 -0.0003370538551427559 0
7997 0.00140127883800995 -0.0001003241172765752 0
7998 -0.001250865711933712 7.316559860069388e-05 0
7999 -9.083946269372132e-05 0.001669636892482726 0
8000 -0.0001214997982942827 0.001635391453815618 0
8001 0.001000046484312267 -0.0001867956300996151 0
8002 0.000399321541677878 0.0008643434661949854 0
8003 0.001731207591997077 -0.0002956083985113248 0
8004 0.001783284827401491 -0.0003309256251170097 0
8005 -0.0001008212600841197 -0.001165733905004951 0
8006 0.001482250230404292 0.0006017152300941407 0
8007 1.696828260875964e-05 0.001666282353224702 0
8008 7.357343674095829e-05 0.001718458863769357 0
8009 0.0001464988440847798 0.001600741610373468 0
8010 -0.002093591884953194 -0.004096471460882907 0
8011 0.0002532518803190613 0.001571173644521174 0
8012 0.006687959983539991 -0.01104507809689058 0
8013 -0.00013574019482342 0.001690011469877912 0
8014 -0.001719800389064457 -8.038128653940412e-05 0
8015 -0.000724787247477122 -0.0005322952907473604 0
8016 -6.444389712687046e-05 0.0004559783727246602 0
8017 -0.001014252365170321 0.0008030881157775051 0
8018 -0.0001542071818385316 -0.0009135447018296584 0
8019 0.0005061361685117201 7.472896164236377e-05 0
8020 -0.001408950799259188 0.0002123801648050505 0
8021 -0.001455415694527858 -0.0004965371439989821 0
8022 0.0003318377898748522 0.001070842095223989 0
8023 0.001190299720293789 -0.0006699464939100497 0
8024 -0.0006799056051212891 0.0001524662465297985 0
8025 0.001236764615562467 3.897081489398558e-05 0
8026 0.0001584284399637759 -0.001574873319597664 0
8027 0.000922545740847303 0.0006761436611351149 0
8028 -0.0005504888688402469 -0.001528408424328985 0
8029 -0.001141196819812694 -0.00113370999024011 0
8030 0.001739272262907132 0.0002314788193361609 0
8031 0.001675989854863773 -0.0001807909116214133 0
8032 0.0005001737734346432 1.775346493771006e-05 0
8033 0.000915091932777607 0.0006190766265341382 0
8034 -0.0007324149585502164 -0.0005827487598463347 0
8035 -0.001776587789749291 3.828975558500692e-05 0
8036 0.00115816111766125 -3.972335883764922e-05 0
8037 -0.0007904194993201766 -0.0006026657887295828 0
8038 0.001269638408437309 0.003461805429851574 0
8039 -0.009866190483089376 0.008416441139741245 0
8040 0.001468567712797577 0.0007643114029434875 0
8041 -0.0004342849923739024 0.0006702843607927933 0
8042 -0.006356392947514936 0.008945835995007343 0
8043 0.002001572540913989 -7.449559706668132e-06 0
8044 -0.0009526031594210357 0.0005656052011812116 0
8045 -0.0005595465626541293 -0.001584011316233784 0
8046 0.000904480850276122 -8.306936822433122e-05 0
8047 -0.0003942556587053078 0.0009903056809381406 0
8048 0.006529488102459254 0.01342495309994903 0
8049 -0.000902213981340597 -0.0003286714392794368 0
8050 0.001971823681081289 -0.0009494825299377237 0
8051 0.001813899716942211 -0.0009599743440920931 0
8052 0.000706824632403788 0.0006390377197435093 0
8053 -0.0009372167614741788 -0.0005655337623370225 0
8054 -0.00177671902573409 -0.0002756800589749298 0
8055 -0.00055301615694411 0.0009829467351073994 0
8056 -0.0008907918454434002 -0.001592451986342976 0
8057 0.0009953849676257547 0.0005117357528458407 0
8058 0.001195276578884156 -0.001023553472141902 0
8059 0.0009177714571676951 -0.0002599466840073846 0
8060 0.0006619946702334089 0.01255080866683572 0
8061 0.001458979613271558 0.0008047023607402951 0
8062 0.000458830256774918 -0.001587683682871841 0
8063 0.001758846404122768 0.0007912404372340672 0
8064 0.0002014427392395332 -0.0003527559216822828 0
8065 1.309093611360162e-05 -0.0002891108075068368 0
8066 -0.001565818446511923 1.832620527979284e-05 0
8067 0.001077299530974363 -0.0001543532750015303 0
8068 0.001436670309241069 -0.0001160339089810993 0
8069 0.001637694295482723 0.0002830159845142294 0
8070 -8.336122753577859e-05 -0.0002691470227957603 0
8071 0.001724925867391657 0.0004761957396797247 0
8072 0.001330590408422177 -0.001013113659020773 0
8073 -0.001202012017663311 -0.001310959024633654 0
8074 0.001360445177110095 0.0009206684808504132 0
8075 5.265745581755244e-05 -0.0003435984518643551 0
8076 -0.0002764061253370781 0.0009197615979240149 0
8077 -0.0007900198616687522 0.001443564674447722 0
8078 -0.0008234226614624224 0.00147827567625809 0
8079 -0.0002280910816547749 -0.0002626510218512599 0
8080 0.00128359976400694 -0.001220577355291694 0
8081 0.0009165878353002721 0.001280869049981452 0
8082 -0.001656229445543662 -3.911900181210774e-05 0
8083 -0.0004720040378757648 0.0009672028289795162 0
8084 0.0009362641389388809 0.0005421299624236446 0
8085 0.0004864275951107859 -0.0009729976736425049 0
8086 0.00148430071924466 0.0005547073618100891 0
8087 -0.0004484644257398216 4.088384392633951e-06 0
8088 0.0002319843771548002 0.002070744818378164 0
8089 -0.0002850774152496189 0.0003981726588389926 0
8090 0.0009970641257117056 -0.0006619174313779976 0
8091 -0.00119747507166297 0.0008010828147021275 0
8092 0.001207828591438526 -0.0007621851498936346 0
8093 -0.0009902221335499123 0.0007028134907059324 0
8094 0.001672931642239843 -0.0006133399495324725 0
8095 -0.0002702935869796509 -0.000169429803079205 0
8096 -0.0004570442071416361 0.000766121759996065 0
8097 0.0003184238756715885 -0.000932361770174431 0
8098 -0.001689112055223799 -0.0003015761818955071 0
8099 -0.01254744994750802 -4.445438532963257e-05 0
8100 -0.01204822472759823 -0.002181292961200169 0
8101 0.0002599158800813687 -0.0009392433172401545 0
8102 -0.001760732178876592 -0.0004691535988663477 0
8103 0.003053062123566651 0.002177042270368388 0
8104 0.002324341162972222 0.002278935812682555 0
8105 -0.0001224660164845853 -0.001549208923432634 0
8106 0.0002463967589853058 0.0003256560088245991 0
8107 -0.0005240453602555679 0.001740180686195721 0
8108 0.001594896586282883 -1.07324656230783e-05 0
8109 5.955088957759985e-06 0.001091909425127241 0
8110 -0.0009446336410076953 -0.0005190470301777555 0
8111 0.0002466262284290462 0.001666682254738771 0
8112 0.0002246907242280888 8.358496952817171e-05 0
8113 0.0006375670260429315 0.0007198350816527871 0
8114 0.0006265637678517264 0.0007561811654500766 0
8115 0.0004223247620268907 -0.001034637948785817 0
8116 -0.0003404050588050411 -0.0009604397474726417 0
8117 0.00391415444364483 0.004999806785238974 0
8118 0.01131008347688447 -0.002615320845488333 0
8119 0.01242048944178575 -0.001190776856121713 0
8120 0.001450992328652485 -0.0008985237633443213 0
8121 -0.001879316786381102 0.0008397873049895238 0
8122 0.0006616114316508439 0.006644885041523717 0
8123 0.000916678282803488 0.001572612796581125 0
8124 0.000730424111021403 0.001601034701134976 0
8125 -0.001302549249721577 0.0008926468378516279 0
8126 -0.0009238773194318414 0.0005104410859680447 0
8127 -0.004187851220697917 0.01420005372831204 0
8128 -0.0001674258037643916 -0.003669706216235114 0
8129 -0.0008597294961486408 4.846755353447322e-05 0
8130 0.0003022171455519514 -0.0008509776152101837 0
8131 0.001391767364362632 0.0007142896114735465 0
8132 0.0006513306570176544 -0.0007536604220725458 0
8133 -0.0008241756963466521 0.000659459965665419 0
8134 0.0006328027541533845 0.0007947115317461426 0
8135 -0.0003561625020546839 0.0008142047626449881 0
8136 -0.00100333017554081 -0.0001477259569018424 0
8137 -0.00098918151403395 -0.000375418035412998 0
8138 -0.000353960437809705 -2.190193898148421e-05 0
8139 0.00104413536793608 -0.0001334438450833621 0
8140 -0.0009940377263282227 0.0006693808102846043 0
8141 0.008587224203581765 0.009591521435517182 0
8142 0.0006430466002645303 0.0008344437462213653 0
8143 0.0008045603980243892 -0.001441997429355019 0
8144 0.001698263355736391 -0.001067873806765551 0
8145 -0.004845692789626771 -0.002412567164704915 0
8146 -0.00577685673350729 -0.003119820584106641 0
8147 -0.0009012864296961396 0.001510407209450221 0
8148 0.001159844854424404 0.0005408401504151945 0
8149 -0.001218986642394916 -0.0006322296860164153 0
8150 -0.0008587827733694599 0.003692034629133524 0
8151 0.005283304081776569 0.002616403382910397 0
8152 -0.000416904760666031 -0.0008245859155706531 0
8153 -6.81577157556086e-05 0.001880488876101509 0
8154 0.0009452991900982367 -0.000599484577095768 0
8155 0.0007023379742995123 0.0006876201270760821 0
8156 0.0009630312144060486 0.0005040079368991377 0
8157 -0.001944154391897492 0.006429311332651238 0
8158 -0.0005564691968176532 -0.001934046773254837 0
8159 -0.0004570700495919383 -0.002109691701534713 0
8160 -0.002180659762228239 -0.001092216389934116 0
8161 0.001657183416013449 -9.655477153709888e-05 0
8162 -0.0008679022464066523 -0.00676955976436103 0
8163 0.0009749503644841151 0.0001878347899210222 0
8164 0.0004304699103851575 0.0005954855462144568 0
8165 0.0004016809478252607 0.003249572427787231 0
8166 0.001065627587765557 -0.0007296105221762534 0
8167 -0.001138924497698544 0.0007434240875113004 0
8168 -0.002225239778731584 -0.0002888575677120711 0
8169 0.00250438546228185 0.0128737788378103 0
8170 0.0003734842317655643 0.0007009930023670211 0
8171 0.001192392521904629 0.001177214831450497 0
8172 0.001191534708372581 0.001225395168534108 0
8173 -0.0003438244337167241 0.0009049841636634288 0
8174 -0.0003332650355248407 -0.000704179165641497 0
8175 -0.002544346249997017 0.002453260850463447 0
8176 0.0009971096269542226 0.0002192614176434347 0
8177 0.00484699660985547 -0.005331353063306962 0
8178 -0.00011056837836425 -0.0002091308691228972 0
8179 0.001264987868427945 -0.001345808303372345 0
8180 -0.0007037725445846026 -0.0008886674632951105 0
8181 -0.0005591762514743334 0.0008689746078185917 0
8182 0.000106044039769542 0.001056189941952703 0
8183 -0.001194651988490394 0.001881314494261209 0
8184 -0.001030407493528979 0.001767836783048109 0
8185 -0.0008522570833397012 0.001411115151712993 0
8186 -0.002125314749597006 0.0006818762103941328 0
8187 0.0005689657009746702 -0.00112748580019692 0
8188 0.0009187023804358877 -0.001614342511129982 0
8189 -0.00018787344314459 -0.0003697832362014753 0
8190 0.0004419177093090292 -0.0006426158219670568 0
8191 0.0006155230624208722 0.000966838668809322 0
8192 -0.0002736429487878246 0.000614020087806384 0
8193 0.0007698020218244087 0.001318572013391371 0
8194 0.0002524518659857653 -0.0004463772117551843 0
8195 -0.0008625055121465792 -0.0005955834097988005 0
8196 0.0007852548433378447 0.0006120873543432841 0
8197 -0.001598157081435676 -0.001372714999670415 0
8198 0.0001210000756261841 0.0003151147906928197 0
8199 0.00600016075759092 -0.003430616551996355 0
8200 0.0005900236899543169 0.00158656724536768 0
8201 0.002944754699019821 0.006922872401969109 0
8202 0.004523903729933658 0.006809121476615222 0
8203 0.0007768644998915451 -0.001291637462901753 0
8204 -0.0005772020882445682 0.000804292646401901 0
8205 0.001668695677655951 -0.0001376957999832584 0
8206 -0.001679404972905754 0.0008546217385524883 0
8207 -0.0008543287459870094 -0.001239858588337306 0
8208 0.0002247176341570237 -0.0009360862387121225 0
8209 -0.0001842373512484488 0.0009627597277273811 0
8210 4.016607761584827e-05 -0.001067044665290603 0
8211 0.0006911955780376885 -0.001557547620914559 0
8212 0.0007653938864745584 -0.001772291420249758 0
8213 0.0005309248176431126 -1.459972640352783e-05 0
8214 -0.0006551169559898972 6.313755848390691e-05 0
8215 0.0009729412412416853 0.0003034439324715426 0
8216 0.000938554861869585 0.0003083435051005366 0
8217 -0.0009884670445813406 -0.0002671014836644764 0
8218 -0.001023218545483564 -0.0002621574898220697 0
8219 0.001182343265709468 -0.007191223654270639 0
8220 -0.0003351059784159548 0.0009448684879432012 0
8221 -0.001263863502242522 0.0009643679227763849 0
8222 0.0001344428601097939 -0.0009874781824258465 0
8223 -8.842947698085933e-05 0.001043373509896476 0
8224 -6.704543232418006e-05 -0.001562988784994732 0
8225 -0.001538215185783178 0.0001691913285454616 0
8226 0.001500542338482275 1.670522993758636e-05 0
8227 0.001374868591424061 -0.0008111908844257419 0
8228 -0.001375067991380203 -0.001122921010810287 0
8229 0.001545954157510875 -0.0007606247491500414 0
8230 0.0016877964042302 -0.0004139554974433008 0
8231 0.0003948127194454132 0.0007261300472616314 0
8232 0.0005437339418242846 -0.0009533774993033105 0
8233 0.0005679946818557864 0.0009188750558965166 0
8234 0.001660649189927599 -0.0002311737530974489 0
8235 -0.0007466458423563705 0.001768820603814305 0
8236 -0.0007724987377468454 0.001887043472969929 0
8237 0.0001548030083338475 0.001055576532515815 0
8238 0.0001282132155341386 -0.000330804279930127 0
8239 0.0004704031889814672 0.0006575235092435673 0
8240 -0.001653189181903602 0.0004431750333516817 0
8241 0.0009875725787180209 -0.00010985096323722 0
8242 -0.000474203197189029 -0.0008782413004348487 0
8243 0.001640659530948909 -0.0001604814013169326 0
8244 0.001628268588094563 -0.0006212264724875547 0
8245 -0.00173023479941902 0.003540280209061835 0
8246 0.001298324474440164 -0.002653510205195228 0
8247 0.002813628992151161 0.0004980049584724283 0
8248 0.003181047382555357 0.0004950168983322657 0
8249 -0.001844615722854288 -0.0005185033300500779 0
8250 0.0005192763875701569 -0.001079546216024731 0
8251 -0.002887134777695304 -0.001617091129160124 0
8252 -0.001333982807538241 0.001090992620248128 0
8253 -0.001381247772497025 0.001139640273348965 0
8254 0.0003854468911922012 2.846047493936654e-05 0
8255 -0.001720262526979959 0.0002198333583525936 0
8256 0.0006688274887040072 -5.933777103095474e-05 0
8257 -0.0006825879282546492 -0.0008635913005056374 0
8258 0.0009020558284528325 0.002079049860726248 0
8259 -0.0003893256062765026 -0.0007011529410742893 0
8260 -0.001176261187422772 7.054717432925896e-05 0
8261 -0.000678134535241337 0.001556227167004301 0
8262 0.001562082381864601 -0.0001780269950031604 0
8263 0.002144399487083572 -0.0001147888892242914 0
8264 0.0006093673995048712 0.001638960695644796 0
8265 0.0002286319403207875 0.0009927927155615676 0
8266 0.0008516317089383374 0.0006105195172426154 0
8267 0.0002206271596116289 -0.004120946397426985 0
8268 0.0004736197529103026 -0.003657383927932481 0
8269 0.001174865701296925 -0.001370528462907506 0
8270 0.005338723055003288 -0.007438411982166235 0
8271 -0.007497781859425892 -0.006465259597927761 0
8272 -0.008921841512428922 -0.009211343224129189 0
8273 -0.00184818604404556 0.002315127877358069 0
8274 0.0006244436819503066 0.0009360110638098523 0
8275 -0.0006060079396798321 0.001374751974582953 0
8276 0.0007156093036030858 -0.0001002466540891931 0
8277 -0.0003049596192224994 -0.001016835934737438 0
8278 -0.000290227758325452 0.0001278987932707908 0
8279 -0.0001566714996340759 -0.001553849551297677 0
8280 0.000272004841373163 -0.0009681159713543048 0
8281 -0.003180451224135985 -0.006647624561478572 0
8282 -0.0002450825576324174 0.0004682366087948349 0
8283 0.0002793985504460833 -0.0005980890157473394 0
8284 0.0004711644711884553 0.001890015556567466 0
8285 -0.0008423416252033142 1.628393114746207e-05 0
8286 0.0001174277272219837 0.001570565831648738 0
8287 -0.0003010889273986039 0.006538490561200529 0
8288 0.0008385244849619015 -0.0006195926735198231 0
8289 -0.0008818015014642493 0.002057392993898508 0
8290 -0.001588685693262622 0.001169581343769836 0
8291 0.001618611829142573 2.060044728406063e-05 0
8292 -0.005802582217678011 0.005012411173362651 0
8293 0.004815934073270253 0.003396556743245442 0
8294 0.005518931198031848 0.004209213377452447 0
8295 0.004961756117480322 0.005114371344521369 0
8296 -0.0006842080509710412 0.001415137286053253 0
8297 -0.0002214810924267981 0.0003981371793791798 0
8298 0.001189179423086744 0.0006558207150307439 0
8299 -0.001702235040742344 0.0001741968140640081 0
8300 -0.001190967135919952 -0.0005112122647411583 0
8301 0.001243668106319647 -0.001072636931371007 0
8302 -0.000861593839728351 0.0001147631198205971 0
8303 0.001234144377641769 -0.0008596695858604966 0
8304 -0.001318164203662711 0.002678264891882233 0
8305 -0.0007132601928174728 0.002197778610407404 0
8306 0.000407458837113926 0.001788842943060473 0
8307 -0.0006426691268590989 0.00079125583930794 0
8308 -0.0006869765947387715 0.000748852610728322 0
8309 0.01385592514242568 -0.00596307022750505 0
8310 -0.001507468372511818 0.000105598589277364 0
8311 -0.000324202612885653 6.978673025087604e-05 0
8312 -0.0004251063035551639 0.0007473206353688985 0
8313 0.000941707877172451 -0.0003598593502920536 0
8314 -0.0009222228753934868 0.0004666745475227774 0
8315 0.0008959737025331743 -0.0005925269536545827 0
8316 0.001385357405690527 0.0009485455796743543 0
8317 0.0005100976934712631 0.0008556506220519591 0
8318 0.001606709463444653 -0.0007609273781854822 0
8319 -0.0006346946742625791 -0.0006742885094695909 0
8320 9.073059813186081e-05 0.001420751537048007 0
8321 1.042782885568911e-05 -0.001105281563331147 0
8322 -0.000858033880029673 0.0006035760711262752 0
8323 0.0002010862201321842 -0.0009778322510807787 0
8324 -2.220546673553608e-05 0.001053201806833795 0
8325 0.000617619497794052 -0.0008093891824935009 0
8326 -0.0002142781491876618 0.0009260350975892548 0
8327 -0.001054468686370893 0.001267809489726668 0
8328 -0.001493757286587022 -3.935350643850928e-05 0
8329 0.0004237734445929924 -0.0001527143775722735 0
8330 -0.001447318668034262 0.0006695467605495088 0
8331 0.001151957000264762 -0.0002127634712604035 0
8332 -0.002068473824794529 0.0003928275146701921 0
8333 0.001478327899872914 0.002676806978479582 0
8334 0.000234595055441974 -0.0003528525174732772 0
8335 0.0002025875877639068 0.0004373826185470192 0
8336 -0.0002341889492934742 -0.00161362152823461 0
8337 0.0001765693972039712 -0.00207386758058104 0
8338 -8.157242611966664e-05 -0.002194759006738137 0
8339 -0.001494630380253802 -0.0008276321911754738 0
8340 0.0005310318994791 0.002896749412721861 0
8341 0.0006853893812828719 -0.001370199518822626 0
8342 0.0009691162644197186 0.0004335419130550692 0
8343 0.0009877774169427791 0.0004001381121538924 0
8344 0.0009735775279747229 -0.0002575854182609083 0
8345 0.001009844735489266 0.0001549032851386198 0
8346 -0.000123198976075332 0.0003424626122022298 0
8347 0.0002651395446018292 0.000430936880509514 0
8348 -0.000392400839247449 -0.0005540321894880558 0
8349 0.001676370050915163 0.0005163623094198534 0
8350 -0.0007939904481113066 -0.001397061401908937 0
8351 0.001218825134289695 0.0006193498019040548 0
8352 0.0003335332169114266 0.002679805755516654 0
8353 -0.002542512983431475 -0.002411643219040548 0
8354 0.001162652071169887 0.00172418874740316 0
8355 0.0001324036224553402 0.001528721009183803 0
8356 -0.001934379910097226 0.0005363991908935988 0
8357 0.0004695110210342338 0.0009066847849860956 0
8358 -0.001214966332823016 7.035619915552795e-05 0
8359 -0.002695047576952977 0.00138113678830577 0
8360 0.0005591230605049682 0.0007760920873617222 0
8361 0.002734062687080967 -0.001344841320255538 0
8362 -0.003858278809247575 0.003333784619585869 0
8363 0.0009606237180473668 0.0003704341730547375 0
8364 0.001106771109801024 -0.0001001549252379618 0
8365 0.001155579193503818 0.001605272951023433 0
8366 -0.0005844077944494873 0.001040898681465969 0
8367 0.0003840745670339671 0.0005439258309133425 0
8368 -5.773860722670579e-05 -0.001397877120512902 0
8369 0.0001156706469673644 0.001247838214256177 0
8370 -0.003379466749182613 0.00101320405557874 0
8371 0.002168797576492884 0.002658094175657811 0
8372 0.0002238742325625768 0.0002311778958488132 0
8373 -0.0003166316714481749 -0.002025507978774234 0
8374 0.00013719408167455 -0.001665480798285185 0
8375 0.0001196094212596671 -0.00160501955796127 0
8376 -0.002628144906969014 -0.001279649373330068 0
8377 0.000705992829394798 0.003641770758360567 0
8378 0.002766094108938424 -0.002112866864830158 0
8379 -0.00132113300505454 -0.0006424398303233581 0
8380 -0.0009223546957754339 -3.800687426920534e-05 0
8381 -0.0007240942014683499 7.246422273654252e-05 0
8382 -0.0007242611224571304 -0.0007009131510537533 0
8383 0.001888563913507692 0.0003016876620210688 0
8384 -0.0002868191506994501 -0.00295281363626582 0
8385 -0.001317615588617906 -0.0009280862992951588 0
8386 -0.002703031570971438 -0.0008647060842852056 0
8387 0.001303242674199641 0.000660856031955504 0
8388 0.001060774134205559 0.0002492425322524918 0
8389 -2.075566514566707e-06 0.001369654959321377 0
8390 -0.0001754849164256317 -0.001276060455500277 0
8391 0.000234008385798957 -0.0006666360441317042 0
8392 0.0004443473081947455 -0.0008060941364580771 0
8393 0.002400499686609239 0.001184533450165055 0
8394 0.0001233452533963963 0.001720051410746113 0
8395 -0.0008335987273480259 -0.001319637146034409 0
8396 -0.0008387520886269936 -0.001275812501466095 0
8397 -0.000398413594127698 -0.0007420784564195803 0
8398 -0.0009074059971590644 -0.001282413941379219 0
8399 0.002998968691114986 -0.0006462969591998447 0
8400 0.001546574517860761 0.0009135638220289876 0
8401 0.001171900452609941 -0.001007945182197451 0
8402 0.0008094234851549856 0.001411454199293664 0
8403 0.0002555833572373694 0.0002411752121690715 0
8404 0.001560832408086341 -4.104573939790122e-06 0
8405 -0.0008558724083407703 0.0003627449590244756 0
8406 0.001014332917074308 -0.0004596677814153698 0
8407 0.001133236308632816 0.001226475528552095 0
8408 -0.001476774447978115 -0.0006085366539464495 0
8409 0.0002418855440384443 0.0001761344899126402 0
8410 -0.0003189242307043633 -3.130655610079964e-05 0
8411 0.0007737281051930364 6.329345432321005e-05 0
8412 -0.001141358862577874 0.0002009446574858989 0
8413 0.001658571578671994 0.0006740495360077461 0
8414 0.001052610630157826 0.0005288375653698347 0
8415 0.000599429726556164 0.001059406587904835 0
8416 -0.0008736048831313889 -0.001145145497559266 0
8417 -0.0001094875822478695 0.001105871483173509 0
8418 0.0001133847548427851 -0.0009249802091488091 0
8419 0.001764950968560573 5.605166965520818e-06 0
8420 -0.005738238549855882 -0.001907194555253004 0
8421 -0.001294776456281995 0.0008162444761979066 0
8422 0.003920118486405182 -0.001168027929096154 0
8423 -0.001022194920053089 0.001483703341865561 0
8424 -0.0003437991229952019 -0.0002894394708040903 0
8425 -0.001584917602478671 0.0004226588772997275 0
8426 -0.0003951089165663487 0.001087652917229105 0
8427 -0.0003058651077507025 0.0004046001958004051 0
8428 0.001018645582011312 -5.801841264284434e-05 0
8429 -0.0002738295398527872 -8.639505583297765e-05 0
8430 -0.0003109563321901101 0.0009130791995754498 0
8431 0.000501005996765928 -0.0008465470851427398 0
8432 0.00169119340554059 -0.001592875992889815 0
8433 -0.001230726132393129 0.0008212716881326372 0
8434 0.001705998306579356 0.000283870443330413 0
8435 -0.001444185558244819 0.0008057886619271049 0
8436 -0.001008259777402665 -0.001297448304763169 0
8437 0.001740084162869862 -8.811199355296586e-05 0
8438 0.001879436661985748 -0.0008389567622922188 0
8439 0.0002968021221909132 -0.0007464474418983475 0
8440 0.0009793112792324614 0.001284033985879446 0
8441 -0.007651754749047338 0.01060476396388075 0
8442 0.0007832114892896047 -6.757852239662735e-05 0
8443 0.0009315589866345918 -0.0005624859237330038 0
8444 -0.0009359300712809148 0.0002599140782743082 0
8445 -0.0002519363158262363 -0.0009961562659327953 0
8446 -0.0003083450474100958 0.002008487966806761 0
8447 -0.0001931735353593424 0.002023712277263632 0
8448 -0.0009183791838812941 -7.641903658309315e-05 0
8449 0.00082581142603665 0.0006387233062858154 0
8450 -0.0008215297922966662 -0.0005715973714952396 0
8451 -0.0007655842149212875 9.431106309758238e-06 0
8452 -0.001617885158478791 0.0002440290159068074 0
8453 0.002231189873681691 -0.0003187170933911277 0
8454 -0.00122565611067208 0.0009945606196772648 0
8455 0.001961506964228491 -0.0002872749971126315 0
8456 -0.000219240752576887 -0.0002224503413643966 0
8457 -0.001481272596306538 0.001155047930003915 0
8458 0.0001145808099219061 -0.001713358005075553 0
8459 -0.000426941758050902 0.0009759245971774273 0
8460 0.000660738999101434 0.0007775488404564208 0
8461 0.001181237658340099 -0.0007076541054471156 0
8462 -0.001023263827645752 0.0007653479137608502 0
8463 0.0007637077568907372 0.001128002554386268 0
8464 -0.0007093268648974488 -0.001076549459725618 0
8465 0.00175098046338315 -0.0008400606377545974 0
8466 -0.0006687913614075327 0.00145512227083358 0
8467 0.002980779623851005 0.0002457722662954518 0
8468 0.001472137539043743 -0.0009715969678991724 0
8469 0.0003493218581472955 0.0002909681991325739 0
8470 -0.0007046523586759613 -0.001311688447331862 0
8471 0.0001776743000391399 0.001287562072221114 0
8472 0.0006414377963692039 -0.00104393446788538 0
8473 -0.0005341932945966424 0.001330347316456246 0
8474 -0.0008792811036190835 -0.0003164206276457498 0
8475 -0.001168415855006025 0.001019808092774626 0
8476 -0.001612780666679694 -0.0002832617797298655 0
8477 -0.0002229397741280009 0.0006692366657474705 0
8478 4.264950128070712e-06 -0.001358153342600543 0
8479 0.0003054250802789836 -0.0003955078544394021 0
8480 0.0007683822510115929 0.0008928636381322389 0
8481 -0.001108558638430171 -0.0005547349868846413 0
8482 -0.001269483558412389 -0.003441831428201321 0
8483 -0.0009190183419421322 -0.003161806463507316 0
8484 -0.001120880527540297 -0.0005169878202319608 0
8485 0.0008605500535313268 -7.630377503909064e-05 0
8486 0.0001975184061723492 0.001034366123443302 0
8487 0.0009674376251610895 -0.0002038652966754859 0
8488 -0.0003096849772946614 -0.0006977088447072208 0
8489 0.0005687228647734746 -0.00197820566312001 0
8490 0.0008725709476400319 0.001439414052486631 0
8491 -0.001832707445139909 0.0004090106381086688 0
8492 -0.0006759431459723565 -0.001752668647806143 0
8493 -0.001693388586819299 5.877479056043202e-05 0
8494 -0.002526499318624187 -4.309736930051507e-05 0
8495 -0.0008857102549349509 -0.002803271479744099 0
8496 0.002520362170379912 -0.008848846275627167 0
8497 0.001908296751500442 -0.0006864154290291381 0
8498 0.00213790107161612 0.0005343636893990776 0
8499 0.009831772794148373 0.004924599579899586 0
8500 -0.000176385630698964 0.001903997884305854 0
8501 0.001919637276901419 0.0006312857739804298 0
8502 -0.002393166141582891 -0.001603160080436371 0
8503 -0.001428689579421868 0.0009845968113316647 0
8504 -0.0009310375383681082 -0.0006012781219827247 0
8505 0.0007176848292424327 0.0006080542925622208 0
8506 0.001395502854172354 0.00132944608741203 0
8507 0.01481456236222042 -0.003298838131159974 0
8508 0.0007819433786176881 -0.001365384200608565 0
8509 3.958345593475793e-05 0.0002492368406537517 0
8510 1.716249268982363e-05 0.001767908956665558 0
8511 -0.001001180777998058 -1.252318403954797e-05 0
8512 0.0007910450818464017 -0.001261885203138238 0
8513 0.0004565783156906797 -0.0006115833795531332 0
8514 -0.000381494245552455 0.001116342021188068 0
8515 -0.0002461637092921841 -0.001683614863858441 0
8516 0.004259590051211013 -0.0002026701905962525 0
8517 0.001771350319363031 0.001286775871873076 0
8518 0.001544675015913912 0.001475094385163379 0
8519 0.001411473913564254 0.001600258712900196 0
8520 0.0003158178461502743 0.001045139819856847 0
8521 -0.0001702271255631077 -0.0009392469771967983 0
8522 -0.003483654038520605 0.001402848808490823 0
8523 -0.0007148669168993164 0.0006063504294004223 0
8524 0.0007606399744268863 -0.0008067702620118798 0
8525 0.001201387197835868 0.0004937420671154595 0
8526 -0.0011765742375393 -0.0006789387380186362 0
8527 -9.982563810586132e-05 0.0009107481017506521 0
8528 0.000123046684502283 -0.001120103584092382 0
8529 -0.000760206700173038 -7.76550246633487e-05 0
8530 0.001222865853179334 -0.001045296937646103 0
8531 0.001593287008229802 -0.001068823024258045 0
8532 0.0002962119484082436 0.001525856720816131 0
8533 -0.0006002415192568254 0.001234256712760701 0
8534 0.003302452649496953 0.01481203144923385 0
8535 0.001310772029812432 -0.000914010333272074 0
8536 0.0007869548186930792 -5.515073468723815e-06 0
8537 0.0004707953286838298 0.000529535644838528 0
8538 -0.001130272090851388 0.0001330117168226499 0
8539 -0.0009200609763731067 0.0002245457679946127 0
8540 0.0008869198993806974 0.001131158286727258 0
8541 -0.0005861147103068578 -0.001073393798736844 0
8542 0.003987227071578954 -0.0006247096280648419 0
8543 -0.0001891684939214672 -0.0004596605186066222 0
8544 -0.0003645641127443635 7.278411413219065e-05 0
8545 0.001649232350154061 0.001216699915788978 0
8546 -0.0003664869658960544 1.7621555114211e-05 0
8547 -0.001541007705681331 0.0007132342405495277 0
8548 0.001031730727710088 0.001360206009362631 0
8549 0.00107900180367399 0.001364073360292933 0
8550 0.001688400567750392 -0.0009369283992714314 0
8551 -0.00342289307756653 0.002382171296750716 0
8552 -0.001892275497501529 -0.0001941587610916744 0
8553 -2.622537090888944e-05 -0.001088649498044413 0
8554 0.0008015030556479534 -4.054805730112635e-05 0
8555 0.0008362335807753398 -0.0003576987516986615 0
8556 -0.001033971744639739 0.0004647139887411865 0
8557 -0.00108085208892598 -0.0002445407668281548 0
8558 0.0008806997741136053 0.0003267253388131909 0
8559 0.0005334074945832355 -0.001322539495661525 0
8560 -0.0006396887595684306 0.00105508449294833 0
8561 0.0003105351572399166 0.0007083121965224824 0
8562 -0.002085722667177132 0.0002863003994257671 0
8563 0.001213743899673543 -0.001632345690734231 0
8564 -0.0002519956762172418 0.0009437903542219024 0
8565 0.0001609428512595633 -0.000960866866643694 0
8566 -6.1949398428537e-05 0.001069992104613536 0
8567 0.004378555761240457 -0.001551492381749223 0
8568 0.0007068168444943001 0.001323175919160124 0
8569 -0.0007662177651932559 -0.0008813761663039801 0
8570 0.00069665630580472 0.001989507716734738 0
8571 0.001297524795466752 0.0009284774850712508 0
8572 0.001515911359663339 -9.842322258547981e-05 0
8573 -0.001097253199662813 0.007318134899564017 0
8574 -0.001174996457745913 -0.001214426176730751 0
8575 -0.001426564465835972 -0.001573210805590109 0
8576 -0.001102228989574048 -7.421100635871899e-06 0
8577 0.0004839210831315124 -0.003186020338109758 0
8578 -0.005919159805991329 0.001188952063970252 0
8579 -0.0004438023816269707 -0.0007966313027212711 0
8580 -0.000485831602120695 -0.0006708640397167417 0
8581 0.001565278774913239 -0.000417612669973911 0
8582 -0.001475630324970144 -0.001421767292468759 0
8583 0.0006588625349187838 0.001020640483904314 0
8584 -0.000398175538857115 0.000686414197621959 0
8585 0.0002498181778113835 0.00029594207214421 0
8586 -0.0008141353782234381 -0.0011838078418982 0
8587 7.707480619765016e-05 -0.001750722963551593 0
8588 -0.0004125240421737966 0.001572078219324955 0
8589 -2.051894475826391e-05 -0.001645338406521574 0
8590 0.0008100232289860619 -0.0001176204337763843 0
8591 -0.0006069733592580676 0.001531614552252207 0
8592 -0.001580905621835998 0.0007153101993478779 0
8593 0.001881989112822227 0.001435104558431154 0
8594 -0.000754607095393617 0.00152554347364431 0
8595 -4.67023556831709e-05 -0.001730167193955853 0
8596 -0.0008556835497440727 -0.001854580683731336 0
8597 0.000174491220794659 0.0009687805181850293 0
8598 0.001060245459298157 -0.001273862426819688 0
8599 9.493608363281313e-05 0.001639111504159673 0
8600 0.0009905159591157447 -4.283679531366153e-05 0
8601 0.0009303756774223436 -0.0003896655293956228 0
8602 -0.0009401117555435001 0.0004339887645467593 0
8603 -0.001498904037621954 0.0007148426805578985 0
8604 -0.00155338343720718 -0.0009930209675196207 0
8605 -0.000276379907110188 0.0001020146347087884 0
8606 -0.0007113604680080945 -0.007930298479128775 0
8607 -0.0001149433328535215 -0.001795879793932732 0
8608 0.006921003596602927 0.002420080435025 0
8609 0.001216362071900287 -0.0007946176201982208 0
8610 0.0009734369627587839 5.155108031405264e-05 0
8611 0.001612329576996243 0.0002916375032019263 0
8612 -0.0007973725661981703 -0.001362398064469856 0
8613 -8.902990076042849e-05 0.001720154128888154 0
8614 -0.00155209468799646 6.450612773465029e-05 0
8615 -5.447858914986988e-05 -0.001366622528956161 0
8616 0.0001189307416177971 0.001279092869854977 0
8617 0.01045512345085765 -0.01106455940461388 0
8618 0.000714056456171253 0.001850346294396448 0
8619 -0.001290536916499203 0.0009897265976883572 0
8620 0.001283261557823164 0.0006308034750239273 0
8621 0.001482574832609369 -0.0008665463003198692 0
8622 -0.0007759133069760257 0.001315686903322865 0
8623 0.0009733894735211204 0.0001111220046789216 0
8624 -0.001318551068966978 -0.001206986350469939 0
8625 0.0103525828151872 -0.00740221011546278 0
8626 -0.001217123080871952 1.604579804624107e-05 0
8627 -0.001153168660712951 0.0001014659092913899 0
8628 0.001680246996135856 4.231575606920794e-05 0
8629 0.0010250755803467 0.00763959890385995 0
8630 0.001821751691126804 0.0007028076103204944 0
8631 0.0005564128818092528 0.001660603724589162 0
8632 0.0003790244076135196 -6.165654246451438e-05 0
8633 0.000354223110863172 0.0005170404548515205 0
8634 -0.0003061202394870797 -0.0004712332086205011 0
8635 -0.0005549647773356088 0.001088030933600886 0
8636 0.001364315296124208 -0.00010407895771801 0
8637 -0.00128281351930124 7.097279007508997e-05 0
8638 0.003552708389972278 0.0004459142890025775 0
8639 -6.046518631819808e-05 -0.001435823393871082 0
8640 0.0001129439027947768 0.001209894917289543 0
8641 -7.827841693205882e-05 -0.001148692308891643 0
8642 0.000679985388359735 0.0008960264344842468 0
8643 0.01314410578210746 0.000273295607988646 0
8644 0.0001017312507891634 0.001506776815282495 0
8645 -0.00118315561993536 -0.001645129436042044 0
8646 -0.0004287921592841541 -0.0008632882155937912 0
8647 0.001707164051652438 2.941643942052507e-06 0
8648 0.0009906935866840941 1.683026477124765e-05 0
8649 -0.0008642316310341079 -0.001527048818225473 0
8650 0.0006976875147671315 0.001062011971301511 0
8651 -0.000775350226662899 -0.001142536859618732 0
8652 0.00102133356730802 0.0005374445885247854 0
8653 -0.008681556019851886 0.005503781373789981 0
8654 0.0005747058100970225 -0.001551958523009571 0
8655 -0.001247845583723171 -0.001417943843734407 0
8656 0.0004749244590581555 4.489639879789091e-06 0
8657 -0.0004675314361840522 -0.0005237699870025989 0
8658 0.0001934300809489973 0.0004691530953967598 0
8659 -0.0007561297355545992 0.0008140658421202917 0
8660 0.0004165027853486741 -0.001563863802223964 0
8661 -0.0004223857283032773 0.0001611228702922331 0
8662 0.001448493620993884 -0.000661904548225376 0
8663 0.0007193485895786065 -0.0005990515435663212 0
8664 -0.001197777042389706 -0.0004830052199238432 0
8665 0.001494288739574276 4.965152078508558e-05 0
8666 0.0007645702280303763 8.635345877508348e-05 0
8667 -0.001150516739740533 0.0002240046619377714 0
8668 0.0001042268776801249 -0.0009019202046969377 0
8669 -0.0008827627602940487 -0.001122085493107392 0
8670 -0.0001186454594105288 0.001128931487625384 0
8671 0.001180465301051388 0.0006883319584281431 0
8672 -0.0002928840584800994 -0.001517694069927954 0
8673 0.0005902718493935053 0.001082466592356709 0
8674 0.001053257760362507 -0.001246988852913324 0
8675 0.002165129308799985 -0.0009003996375602295 0
8676 -0.00150825836476126 -0.000715634082646336 0
8677 0.0006745096126616876 0.0008445854482607806 0
8678 0.0006514956524118861 -0.001361946668409631 0
8679 -0.001375284784995161 -0.00083936447467849 0
8680 0.002344470875039034 -0.004520411302188732 0
8681 -0.00173309199040202 -0.0003014669535238843 0
8682 0.0002593986774977123 7.378790745663845e-05 0
8683 -0.0005665088125648334 -0.001554110699696119 0
8684 0.0009499105776759497 -0.0003238130070012373 0
8685 0.0009837813513367717 -0.0006164178399382247 0
8686 -0.001068481428435409 -0.001988488715398855 0
8687 -0.001450119561078537 -0.000730038023526909 0
8688 -0.001115501168317275 9.652493130750561e-05 0
8689 0.0001516434075151027 -0.0003056459999390572 0
8690 -0.001909356913269113 0.0001520147799929209 0
8691 0.0007830483525421484 -0.0006570988899231636 0
8692 0.001645726134328199 -0.0004966031680770551 0
8693 0.0003826996398584735 -0.0007569729961704579 0
8694 0.0004982027953674964 -0.000904009502987682 0
8695 -0.0002934879159022242 0.0006688945745724177 0
8696 -0.0006839169527749538 -0.0006901107431538768 0
8697 0.0005989786586698513 0.0009179127100767141 0
8698 -0.001411798548741671 -0.001165422250541353 0
8699 0.0007119750936737698 -0.000774153697783469 0
8700 -0.0007635242896998879 0.0006389650317007934 0
8701 -0.0008636042544302569 -5.160080427957308e-05 0
8702 0.001363569550318631 0.0009884075451263379 0
8703 0.00203117651494601 -0.0006006376312940539 0
8704 0.006349138420318685 0.001003790164669813 0
8705 0.001824677127240834 0.004259619555832653 0
8706 -0.0006039123831110167 -0.001815736777765448 0
8707 -0.0005042157668355031 0.0009453416360619578 0
8708 -0.0003647529137259816 0.000747727917695198 0
8709 0.001816310682872489 0.0002130273976454526 0
8710 0.0009160928134081291 -0.0004954531253192805 0
8711 -0.0009527257285144744 0.0003269813166588626 0
8712 -0.0009147322498624896 0.000366577486588788 0
8713 0.0009554224302353156 -0.0004558257316619117 0
8714 -0.00069099335225773 -0.001045736052734999 0
8715 0.0007820413760160034 0.001158815333477389 0
8716 -5.606698053325552e-05 -0.001590350142458487 0
8717 0.00100317283646769 0.0002874476644872719 0
8718 -0.0009588655968807424 -0.000284054123999832 0
8719 0.002311718202324586 -0.002325113981205282 0
8720 0.001807891943134531 -0.0004098964507991522 0
8721 0.0005105263488334309 0.000756022628841827 0
8722 0.0006084275673786377 -0.001486632323391913 0
8723 -0.0002267582169469112 -0.0004147141262950989 0
8724 -0.0002301157322868244 0.0002411344072538996 0
8725 0.0001878616804843329 -0.0002704886049549221 0
8726 -0.001868432903089959 -0.0007454837882588121 0
8727 0.0005870737140242983 -0.001612848844270649 0
8728 0.0008720568471187119 -0.0006252535293204564 0
8729 -0.0001444295928335823 -0.0001930124935581617 0
8730 0.0005635540038033329 -0.0008136566858327865 0
8731 0.0002297107072562916 -0.001713697524768116 0
8732 0.00025167284388 0.001600203795602539 0
8733 0.0007714342472587414 0.001473958625247914 0
8734 -0.000695483473086632 0.0001282232509139444 0
8735 0.001221745299851308 1.58560936148343e-05 0
8736 -0.001425306853465174 0.0001887109198241531 0
8737 0.001386557259432481 -0.0009250515486285968 0
8738 0.001408442008363086 -0.0009048994400471537 0
8739 -0.00147177174873384 -0.0005202063889798789 0
8740 -8.079995133285246e-05 0.0004323091277437612 0
8741 0.0003364769712662473 -0.0008715990172908111 0
8742 0.0008056528442818525 1.962695171277346e-05 0
8743 0.001372216116240247 0.0007650660385627486 0
8744 0.0002713264124619231 2.103263761229259e-05 0
8745 -0.004804104477777129 0.01205654602965359 0
8746 -0.001110032812907588 0.0001558920405851826 0
8747 -0.0004880393079546932 0.002383191086631378 0
8748 -0.0004850681589804739 -0.00328234194053337 0
8749 -0.001295144467233846 -0.0009187535272633357 0
8750 0.0003703309960145973 0.0008508485403490078 0
8751 -0.001624559331551983 0.001278037815833403 0
8752 0.00108205366370904 0.000255033217034469 0
8753 0.0006256239447416904 -0.001608514237007159 0
8754 -0.00176559322427884 0.0003049975205590754 0
8755 0.001251807290059551 -0.001176023535866514 0
8756 -0.000469541066959157 0.0007918682677615747 0
8757 0.0008882118859487409 0.001255109070506587 0
8758 -0.0007922671834918229 -0.001457434893279906 0
8759 -0.0008346106374403577 0.0003685303974543245 0
8760 0.00103559468797472 -0.0004538823429855221 0
8761 -0.001091574090059129 0.001449976786378996 0
8762 0.0009042207854614945 0.001220407689778713 0
8763 0.0008141723894333529 -7.61597514235273e-05 0
8764 0.002381861945719028 -0.001973293144691142 0
8765 0.0004696046045573055 -0.001715618171716305 0
8766 0.0007663804083384547 0.001657270406979313 0
8767 0.0007753447955332411 -0.001902070213634638 0
8768 0.0008504138763891724 -0.001988236171831201 0
8769 0.0001260169916587635 -0.001862588130591896 0
8770 0.0003990448441361942 -0.001666593790555758 0
8771 -0.001347322217998062 -0.0006319401647085735 0
8772 -0.001539673331516948 -0.0008171014504966795 0
8773 -0.001563655831578257 0.0004284443157295773 0
8774 -0.001840146820844675 0.003953780013967979 0
8775 -0.0001615775014426057 0.0003501397623230472 0
8776 -0.001374493775497829 0.001924529463976312 0
8777 0.0006166704703382306 -0.002174943424922385 0
8778 0.0003532095509460579 0.001845121602967454 0
8779 -0.002706075927603413 -0.01309306213919665 0
8780 0.0004908171282074175 5.133915446592137e-05 0
8781 0.0009068215141677253 0.00065290968175126 0
8782 -0.0007411409530353929 -0.0005556262120936372 0
8783 -0.001266068779351114 0.0008018070980124964 0
8784 -8.954768505604843e-05 -0.001738310387802306 0
8785 -0.001680240400101816 0.0002080519939177017 0
8786 -0.001988166750177971 0.0006162911192136333 0
8787 -0.001585768448894854 0.0006662699865206123 0
8788 -0.0002025180164010301 0.0009857868224758359 0
8789 2.035432068962244e-05 -0.001045064869846485 0
8790 -0.001396531364559934 -0.0006668168983627491 0
8791 -0.001735781809872904 -0.0002232353528176579 0
8792 -0.001521609754222481 -3.983314877313741e-05 0
8793 0.00112405800368271 -0.0002132903871989149 0
8794 0.0003964354952461806 -0.0001530570618429774 0
8795 0.002007714490947281 0.002298282453023671 0
8796 -0.001472831941239896 0.0006668323074121448 0
8797 -0.0007671297289283829 0.001367360958435413 0
8798 0.006906439781232737 0.000405505330855232 0
8799 -0.0008065596140872839 -0.001269498182079764 0
8800 -0.0003928746390885711 -0.0009124068229265634 0
8801 -9.363224567601268e-05 -0.001549079406354658 0
8802 6.076540973494903e-05 0.00141557442907401 0
8803 -9.781928544504895e-05 -0.001097615190897675 0
8804 -0.0006168971587489076 -0.0009999199580959732 0
8805 0.0009116112593381532 0.0005756934453488824 0
8806 0.0008734097974283278 -0.001416534930765802 0
8807 -0.001753671121107383 -0.001003775193759583 0
8808 0.0002443134772314898 -0.0004087007553207955 0
8809 -0.001418805287851279 0.001613353112084078 0
8810 -0.002179438147762275 0.0002026724072513405 0
8811 -0.001156423179357041 -0.001157305512391816 0
8812 -0.0002584796905787396 -0.0003191703020256223 0
8813 -0.0009463911142961823 -0.0001412917096842364 0
8814 0.0004486886257706432 -0.0007050031571651848 0
8815 -0.0005696615274397045 -0.0009877464986882633 0
8816 0.001586233169118806 -0.001321140913471868 0
8817 0.001732043385541317 -0.001243485397348919 0
8818 -0.006101349931408929 -0.0003462336573673351 0
8819 -7.76771680202676e-05 -0.001230829269885115 0
8820 0.000584326519339823 -0.00136126334005778 0
8821 -0.001236487537026088 -0.002046346426225522 0
8822 -0.0003879768045700217 -0.001715284867451725 0
8823 0.0006862964004004372 -0.0007510015902624002 0
8824 -0.0007892041476836742 0.0006621174194715494 0
8825 -0.001075318409087835 0.001257815589844728 0
8826 -0.001262755121831604 0.001607099656560562 0
8827 0.002309363338363693 -1.158547573209e-05 0
8828 0.0002338762384430348 0.0004095829752489551 0
8829 0.001206286561664673 0.001276242493440029 0
8830 0.0009128069443653538 -0.001489958676619649 0
8831 0.000530226229260228 -0.0008543269847368544 0
8832 0.00110684815196524 -0.0001669172690911285 0
8833 0.0006975450363879385 -0.0007161936528266497 0
8834 -0.0007779125925597099 0.000696914195879838 0
8835 0.001546585085086124 -7.363877880045467e-05 0
8836 0.0007122528521368522 -0.001525905318718007 0
8837 -0.00153887158341995 6.482347600651147e-06 0
8838 0.001531880841792925 -0.001011863719716522 0
8839 -0.003995915019823755 0.002140751703631443 0
8840 0.001600547407505271 -0.008327591604141935 0
8841 -0.0003821454541390067 -0.0006667129103280189 0
8842 -0.0003131517813890316 -0.0009725125892413055 0
8843 -0.0002707335079271301 0.002110597908220858 0
8844 -0.000115344646433296 -0.001192686295676598 0
8845 -0.0007762540090549597 -0.0006371002698019961 0
8846 0.0004181981850564864 -1.88579633700546e-05 0
8847 -0.0003544369403385682 -0.001652438722846774 0
8848 0.00291045254889912 -0.001687454788123013 0
8849 0.0003776438702703291 0.0009143716991707506 0
8850 0.0008720599925545116 -0.0001686939482615825 0
8851 0.001313680632683862 0.0006317759901064105 0
8852 0.001415469837529106 0.0009974240092817271 0
8853 0.001380769151489719 0.0008630898255474155 0
8854 -0.001696717733420683 -4.719305704010484e-05 0
8855 -1.579658854573014e-05 -0.0002737800867503264 0
8856 -0.002644297938225146 -0.0002937646067020106 0
8857 0.0003284862903828958 0.001656808094121521 0
8858 0.001787515534725203 0.0005226782246166964 0
8859 0.002130314436383788 -0.002708448464971395 0
8860 -0.01057505592630245 -0.007280203730665523 0
8861 -0.00136873726203616 9.780275002019864e-05 0
8862 0.001276978152785497 -7.56065998908665e-05 0
8863 0.001489831431594597 -0.0007180574304732469 0
8864 0.00103911154318368 -0.003793111717299947 0
8865 -0.001916472993046909 0.00144697131593972 0
8866 -0.001044645892522446 -5.570865103459774e-05 0
8867 -0.0003954243695196201 0.001772424945409 0
8868 -0.0002551590324665886 0.0001720592936662181 0
8869 -0.0001081199656391084 -0.00107096733104728 0
8870 0.001206385632836179 -0.0009889361809777429 0
8871 0.0003767233860459901 0.0007543870648539538 0
8872 0.001483494721031054 0.001377239073916414 0
8873 -0.0008011241098028581 0.004203501658158101 0
8874 -0.001632036714316222 0.000472494143875152 0
8875 -0.0009149832148414349 0.001736250645407674 0
8876 -0.001006214930585132 -0.001339141534104455 0
8877 -0.001418385961267181 0.0001306972722532874 0
8878 -0.00120534848431777 0.00103074269280097 0
8879 7.814118183901802e-07 0.0002551645176013709 0
8880 0.0006335109395363382 -0.002331676468577104 0
8881 0.0003130087321129604 0.0003011447554294263 0
8882 0.0007314554075567636 0.0009037949546588968 0
8883 0.0001445684263031433 -0.00159911392237751 0
8884 0.000604509559932477 -0.001033002360835265 0
8885 -0.00146340908496066 -0.0005779079508981683 0
8886 -5.344009499674446e-05 0.00207224390790103 0
8887 -0.0017071329762092 -0.0004269508939753947 0
8888 -0.0007001616739244245 -0.0008353379247042492 0
8889 0.001799617134663813 0.0009999624739221689 0
8890 0.00189018620058686 0.001130385137311401 0
8891 -0.003014457173777249 -0.002200447212483218 0
8892 -0.0007428030489348734 -0.001300862888518705 0
8893 -0.000157799192587327 -0.001067793936578683 0
8894 0.0003282457791260507 0.0009165928604749666 0
8895 -0.0009682663600960499 -0.0003535331690013642 0
8896 -0.0009353236595839031 0.000654554631019227 0
8897 -0.006273831333007294 -0.009407641364393017 0
8898 0.0003643873193313463 -0.001040981083590817 0
8899 -1.479831762027541e-05 0.0003379025098519495 0
8900 -0.0004793886275852956 1.471247722902035e-05 0
8901 0.0004160309949373006 0.002071651088242692 0
8902 -0.000732943246627994 -0.002001362819545375 0
8903 0.001353654930589628 0.000698549476982137 0
8904 0.0001407462320099456 0.001298494083699203 0
8905 -3.266311790112056e-05 -0.001347221331122452 0
8906 0.001191044035972666 0.001326801842588679 0
8907 0.0002882225384288216 -0.0009462880214376523 0
8908 -0.0008293447596593813 0.00144098879579005 0
8909 0.003278237485402849 0.0007932146762988288 0
8910 0.001489724406843498 0.001762759123348681 0
8911 0.0009587473865119659 -0.0006678474742780466 0
8912 0.001082106445777638 -0.0007054524872187033 0
8913 -0.001122445639686463 0.0007675821224688517 0
8914 -0.0006657267184531315 0.001289983478775843 0
8915 -0.00127294307260854 -0.001169914933858239 0
8916 0.0001189339935638479 -0.00042053851417629 0
8917 -0.0008057494684479788 0.0001054331892046747 0
8918 0.001463432340180865 -0.000176934109296137 0
8919 0.0006794184182575347 -8.947675277987109e-05 0
8920 0.0005113532627515448 -0.0007279997126746274 0
8921 7.665388909978433e-05 -0.0004034971818388741 0
8922 -6.960783157356671e-05 0.0003734120900049507 0
8923 -0.001471931977940955 0.0009602105492221704 0
8924 0.0006130917775448731 0.0006878234798713553 0
8925 0.0003327962689436268 -0.0006524233200250596 0
8926 0.0002445735836059398 0.000964226191039982 0
8927 0.0007231808973608365 -0.0006680778174740707 0
8928 -0.0007522266545604956 0.0007451852210841946 0
8929 0.0001166171284936311 -0.001009566289990368 0
8930 -0.0001062552040913539 0.001021285400316177 0
8931 0.0005260968331822083 0.0006502688863869854 0
8932 0.001419915314464825 -0.0001601230869082505 0
8933 -0.001371507217697016 -0.0007657046908100959 0
8934 0.0002309670628582817 -0.0002420120189035865 0
8935 0.0003279389708184043 -0.0007465222816956439 0
8936 -0.0005731835337660849 -0.002210015927715615 0
8937 0.0007267647698268947 0.00109131769469975 0
8938 -0.0007462700681217727 -0.001113234153552701 0
8939 0.0009588869636090201 -0.0005452174563262529 0
8940 -0.0009137708273460281 0.0002813480741184848 0
8941 -0.001676461592772615 -0.0005454271434043959 0
8942 -1.379748503574984e-05 0.001114079208082404 0
8943 -0.0002995264671223975 0.0007733969899555667 0
8944 -0.0008580495903378239 0.001510476770382732 0
8945 0.0009898964510386705 8.340655550213327e-05 0
8946 0.0004139338672331068 -0.001071693274584214 0
8947 0.001051106715978189 -0.0007574744058230198 0
8948 -0.001153445369485912 0.0007155602038645347 0
8949 0.001081511463308121 2.247662558678055e-05 0
8950 0.001438580621680312 -0.0007340496783529003 0
8951 0.00177129225313953 -0.0004892144528923258 0
8952 -0.001249039899590194 0.000932831193892944 0
8953 0.001444923534822671 0.0006031492400498348 0
8954 0.004382811498988263 0.005786059781240235 0
8955 -0.001207777588034808 -0.0005642839619156509 0
8956 -0.001047554789126455 0.001303395274442169 0
8957 0.006302866615997377 0.007104769433157094 0
8958 -0.0001917923426730511 0.000413983593908779 0
8959 -0.0005847496474334587 -0.000745330801831031 0
8960 0.008407185065083334 -0.01253558629485762 0
8961 -0.001388878166187162 0.0007879016054828647 0
8962 -0.001435892111720185 -0.0008569446628645633 0
8963 -0.001026274486091046 -0.0001648373899041417 0
8964 -0.0004302742696571452 -0.0006543282175636387 0
8965 -0.001010997098077979 -0.0003929373099565523 0
8966 0.0001240096912630268 0.00163210330827043 0
8967 0.001388030273583972 -0.001095860284073831 0
8968 0.00160649631990091 0.0005388662625407247 0
8969 0.0008505128306263614 0.001203883809836206 0
8970 -0.001422033687184244 0.0009473676243831056 0
8971 0.001083839349624662 0.002025542736986442 0
8972 -0.001561853250963643 0.000152015372917561 0
8973 -0.001331788575135227 -0.001771522221037709 0
8974 0.001107974552013449 -0.0007517455598930047 0
8975 -0.001096548490382779 0.0007212703435243761 0
8976 -0.0009086876633785511 0.001859943715253335 0
8977 -0.001088560603321597 -0.0004997628098881647 0
8978 6.394695643643122e-05 -0.002369804828562156 0
8979 0.000730332414351015 0.000694081038381982 0
8980 -0.0001505046046616569 0.001626184687129906 0
8981 0.0006682986803341941 0.001616820968151665 0
8982 0.001846465778487681 -0.003546187763294602 0
8983 -0.005359037156624632 -0.01114218481446888 0
8984 0.0006405799406376038 -0.001277065522843482 0
8985 -0.0003489353467305296 0.0008727373877837664 0
8986 -0.002681013025140941 -0.007615651170651857 0
8987 -0.002211563708086057 0.0004948587016925488 0
8988 -0.0006043896406382841 0.0007880752198761821 0
8989 0.0004945728334370894 -0.001608488298132193 0
8990 0.001306722103626077 -0.001275383091551289 0
8991 0.001868283199765436 0.0008869572604925502 0
8992 0.002145111073695343 0.0002353708140920664 0
8993 -0.002974722983095061 0.002590013985554071 0
8994 0.001008105254800849 -1.707440540315319e-05 0
8995 0.00021228527685512 0.0003355210307825837 0
8996 0.0005832330253310527 -0.001052247979421775 0
8997 0.0006879731692884348 0.00101839149816443 0
8998 -0.0007850759800924897 -0.0011861419677659 0
8999 0.001693318485138762 -0.0001089090734859981 0
$EndNodes
$Elements
17996
1 1 2 3 127 127 2144
2 1 2 3 127 2144 2145
3 1 2 3 127 2145 2146
4 1 2 3 127 2146 2147
5 1 2 3 127 2147 2148
6 1 2 3 127 2148 2149
7 1 2 3 127 2149 2150
8 1 2 3 127 2150 2151
9 1 2 3 127 2151 2152
10 1 2 3 127 2152 2153
11 1 2 3 127 2153 2154
12 1 2 3 127 2154 2155
13 1 2 3 127 2155 2156
14 1 2 3 127 2156 2157
15 1 2 3 127 2157 2158
16 1 2 3 127 2158 2159
17 1 2 3 127 2159 2160
18 1 2 3 127 2160 2161
19 1 2 3 127 2161 2162
20 1 2 3 127 2162 2163
21 1 2 3 127 2163 2164
22 1 2 3 127 2164 2165
23 1 2 3 127 2165 2166
24 1 2 3 127 2166 2167
25 1 2 3 127 2167 2168
26 1 2 3 127 2168 2169
27 1 2 3 127 2169 2170
28 1 2 3 127 2170 2171
29 1 2 3 127 2171 2172
30 1 2 3 127 2172 2173
31 1 2 3 127 2173 2174
32 1 2 3 127 2174 2175
33 1 2 3 127 2175 2176
34 1 2 3 127 2176 2177
35 1 2 3 127 2177 2178
36 1 2 3 127 2178 127
37 2 2 1 1 2190 2196 2182
38 2 2 1 1 2180 2197 2190
39 2 2 1 1 2182 2191 2190
40 2 2 1 1 2185 2196 2190
41 2 2 1 1 2190 2197 2185
42 2 2 1 1 2180 2190 2188
43 2 2 1 1 2179 2192 135
44 2 2 1 1 2179 2193 2191
45 2 2 1 1 135 2192 134
46 2 2 1 1 134 2192 133
47 2 2 1 1 2179 2198 2193
48 2 2 1 1 133 2192 2182
49 2 2 1 1 2191 2192 2179
50 2 2 1 1 2182 2192 2191
51 2 2 1 1 2193 2198 2184
52 2 2 1 1 1 2183 143
53 2 2 1 1 141 2181 140
54 2 2 1 1 131 2185 130
55 2 2 1 1 133 2182 132
56 2 2 1 1 138 2184 137
57 2 2 1 1 129 2180 128
58 2 2 1 1 136 2179 135
59 2 2 1 1 2181 2199 2187
60 2 2 1 1 2190 2191 2189
61 2 2 1 1 2188 2190 2189
62 2 2 1 1 2188 2189 2187
63 2 2 1 1 2187 2202 2181
64 2 2 1 1 2191 2193 2189
65 2 2 1 1 2184 2194 2193
66 2 2 1 1 2188 2195 2180
67 2 2 1 1 2183 2195 2188
68 2 2 1 1 2183 2188 2187
69 2 2 1 1 2194 2202 2193
70 2 2 1 1 2187 2199 2186
71 2 2 1 1 2193 2202 2189
72 2 2 1 1 2183 2187 2186
73 2 2 1 1 2183 2186 143
74 2 2 1 1 128 2195 1
75 2 2 1 1 2181 2202 2194
76 2 2 1 1 1 2195 2183
77 2 2 1 1 143 2186 142
78 2 2 1 1 2180 2195 128
79 2 2 1 1 2185 2197 130
80 2 2 1 1 132 2196 131
81 2 2 1 1 142 2199 141
82 2 2 1 1 141 2199 2181
83 2 2 1 1 130 2197 129
84 2 2 1 1 131 2196 2185
85 2 2 1 1 2181 2201 140
86 2 2 1 1 2184 2198 137
87 2 2 1 1 137 2198 136
88 2 2 1 1 2182 2196 132
89 2 2 1 1 129 2197 2180
90 2 2 1 1 138 2200 2184
91 2 2 1 1 136 2198 2179
92 2 2 1 1 139 2200 138
93 2 2 1 1 140 2201 139
94 2 2 1 1 2189 2202 2187
95 2 2 1 1 2184 2200 2194
96 2 2 1 1 2194 2201 2181
97 2 2 1 1 2186 2199 142
98 2 2 1 1 2200 2201 2194
99 2 2 1 1 139 2201 2200
100 2 2 1 2 2214 2220 2206
101 2 2 1 2 2204 2221 2214
102 2 2 1 2 2206 2215 2214
103 2 2 1 2 2209 2220 2214
104 2 2 1 2 2214 2221 2209
105 2 2 1 2 2204 2214 2212
106 2 2 1 2 2203 2216 151
107 2 2 1 2 2203 2217 2215
108 2 2 1 2 151 2216 150
109 2 2 1 2 150 2216 149
110 2 2 1 2 2203 2222 2217
111 2 2 1 2 149 2216 2206
112 2 2 1 2 2215 2216 2203
113 2 2 1 2 2206 2216 2215
114 2 2 1 2 2217 2222 2208
115 2 2 1 2 2 2207 159
116 2 2 1 2 157 2205 156
117 2 2 1 2 147 2209 146
118 2 2 1 2 149 2206 148
119 2 2 1 2 154 2208 153
120 2 2 1 2 145 2204 144
121 2 2 1 2 152 2203 151
122 2 2 1 2 2205 2223 2211
123 2 2 1 2 2214 2215 2213
124 2 2 1 2 2212 2214 2213
125 2 2 1 2 2212 2213 2211
126 2 2 1 2 2211 2226 2205
127 2 2 1 2 2215 2217 2213
128 2 2 1 2 2208 2218 2217
129 2 2 1 2 2212 2219 2204
130 2 2 1 2 2207 2219 2212
131 2 2 1 2 2207 2212 2211
132 2 2 1 2 2218 2226 2217
133 2 2 1 2 2217 2226 2213
134 2 2 1 2 2211 2223 2210
135 2 2 1 2 2207 2211 2210
136 2 2 1 2 2207 2210 159
137 2 2 1 2 144 2219 2
138 2 2 1 2 2205 2226 2218
139 2 2 1 2 2 2219 2207
140 2 2 1 2 159 2210 158
141 2 2 1 2 2204 2219 144
142 2 2 1 2 2209 2221 146
143 2 2 1 2 148 2220 147
144 2 2 1 2 158 2223 157
145 2 2 1 2 157 2223 2205
146 2 2 1 2 146 2221 145
147 2 2 1 2 147 2220 2209
148 2 2 1 2 2208 2222 153
149 2 2 1 2 2205 2225 156
150 2 2 1 2 153 2222 152
151 2 2 1 2 2206 2220 148
152 2 2 1 2 145 2221 2204
153 2 2 1 2 154 2224 2208
154 2 2 1 2 152 2222 2203
155 2 2 1 2 155 2224 154
156 2 2 1 2 156 2225 155
157 2 2 1 2 2213 2226 2211
158 2 2 1 2 2208 2224 2218
159 2 2 1 2 2218 2225 2205
160 2 2 1 2 2210 2223 158
161 2 2 1 2 2224 2225 2218
162 2 2 1 2 155 2225 2224
163 2 2 1 3 2238 2244 2230
164 2 2 1 3 2228 2245 2238
165 2 2 1 3 2230 2239 2238
166 2 2 1 3 2233 2244 2238
167 2 2 1 3 2238 2245 2233
168 2 2 1 3 2228 2238 2236
169 2 2 1 3 2227 2240 167
170 2 2 1 3 2227 2241 2239
171 2 2 1 3 167 2240 166
172 2 2 1 3 166 2240 165
173 2 2 1 3 165 2240 2230
174 2 2 1 3 2227 2246 2241
175 2 2 1 3 2239 2240 2227
176 2 2 1 3 2230 2240 2239
177 2 2 1 3 2241 2246 2232
178 2 2 1 3 3 2231 175
179 2 2 1 3 173 2229 172
180 2 2 1 3 163 2233 162
181 2 2 1 3 165 2230 164
182 2 2 1 3 170 2232 169
183 2 2 1 3 161 2228 160
184 2 2 1 3 168 2227 167
185 2 2 1 3 2229 2247 2235
186 2 2 1 3 2238 2239 2237
187 2 2 1 3 2236 2238 2237
188 2 2 1 3 2236 2237 2235
189 2 2 1 3 2235 2250 2229
190 2 2 1 3 2239 2241 2237
191 2 2 1 3 2232 2242 2241
192 2 2 1 3 2236 2243 2228
193 2 2 1 3 2231 2243 2236
194 2 2 1 3 2231 2236 2235
195 2 2 1 3 2242 2250 2241
196 2 2 1 3 2235 2247 2234
197 2 2 1 3 2241 2250 2237
198 2 2 1 3 2231 2235 2234
199 2 2 1 3 2231 2234 175
200 2 2 1 3 160 2243 3
201 2 2 1 3 2229 2250 2242
202 2 2 1 3 3 2243 2231
203 2 2 1 3 175 2234 174
204 2 2 1 3 2228 2243 160
205 2 2 1 3 2233 2245 162
206 2 2 1 3 164 2244 163
207 2 2 1 3 174 2247 173
208 2 2 1 3 173 2247 2229
209 2 2 1 3 162 2245 161
210 2 2 1 3 163 2244 2233
211 2 2 1 3 2229 2249 172
212 2 2 1 3 2232 2246 169
213 2 2 1 3 169 2246 168
214 2 2 1 3 2230 2244 164
215 2 2 1 3 161 2245 2228
216 2 2 1 3 170 2248 2232
217 2 2 1 3 168 2246 2227
218 2 2 1 3 171 2248 170
219 2 2 1 3 172 2249 171
220 2 2 1 3 2237 2250 2235
221 2 2 1 3 2232 2248 2242
222 2 2 1 3 2242 2249 2229
223 2 2 1 3 2234 2247 174
224 2 2 1 3 2248 2249 2242
225 2 2 1 3 171 2249 2248
226 2 2 1 4 2259 2269 2258
227 2 2 1 4 2262 2270 2257
228 2 2 1 4 2254 2270 2262
229 2 2 1 4 2251 2271 2260
230 2 2 1 4 2252 2269 2259
231 2 2 1 4 2260 2271 2255
232 2 2 1 4 2258 2269 2267
233 2 2 1 4 2251 2272 2271
234 2 2 1 4 2266 2272 2256
235 2 2 1 4 4 2258 191
236 2 2 1 4 2270 2276 2257
237 2 2 1 4 2268 2272 2266
238 2 2 1 4 179 2257 178
239 2 2 1 4 187 2256 186
240 2 2 1 4 181 2254 180
241 2 2 1 4 190 2253 189
242 2 2 1 4 177 2252 176
243 2 2 1 4 185 2251 184
244 2 2 1 4 183 2255 182
245 2 2 1 4 2256 2273 2266
246 2 2 1 4 2269 2270 2268
247 2 2 1 4 2267 2269 2268
248 2 2 1 4 2270 2271 2268
249 2 2 1 4 2267 2268 2266
250 2 2 1 4 2254 2275 2270
251 2 2 1 4 2271 2272 2268
252 2 2 1 4 2264 2272 2251
253 2 2 1 4 2256 2272 2264
254 2 2 1 4 2269 2276 2270
255 2 2 1 4 2261 2267 2253
256 2 2 1 4 2266 2273 2265
257 2 2 1 4 2258 2267 2261
258 2 2 1 4 2253 2267 2266
259 2 2 1 4 2253 2266 2265
260 2 2 1 4 2258 2261 191
261 2 2 1 4 176 2259 4
262 2 2 1 4 2257 2263 178
263 2 2 1 4 189 2265 188
264 2 2 1 4 4 2259 2258
265 2 2 1 4 180 2262 179
266 2 2 1 4 2256 2264 186
267 2 2 1 4 181 2274 2254
268 2 2 1 4 178 2263 177
269 2 2 1 4 188 2273 187
270 2 2 1 4 186 2264 185
271 2 2 1 4 182 2274 181
272 2 2 1 4 179 2262 2257
273 2 2 1 4 187 2273 2256
274 2 2 1 4 190 2261 2253
275 2 2 1 4 177 2263 2252
276 2 2 1 4 2254 2262 180
277 2 2 1 4 184 2260 183
278 2 2 1 4 2253 2265 189
279 2 2 1 4 2251 2260 184
280 2 2 1 4 183 2260 2255
281 2 2 1 4 191 2261 190
282 2 2 1 4 185 2264 2251
283 2 2 1 4 2255 2274 182
284 2 2 1 4 2252 2259 176
285 2 2 1 4 2270 2275 2271
286 2 2 1 4 2252 2276 2269
287 2 2 1 4 2271 2275 2255
288 2 2 1 4 2265 2273 188
289 2 2 1 4 2255 2275 2274
290 2 2 1 4 2274 2275 2254
291 2 2 1 4 2263 2276 2252
292 2 2 1 4 2257 2276 2263
293 2 2 1 5 2280 2294 2288
294 2 2 1 5 2288 2296 2278
295 2 2 1 5 2288 2289 2280
296 2 2 1 5 2288 2294 2283
297 2 2 1 5 2283 2296 2288
298 2 2 1 5 2286 2288 2278
299 2 2 1 5 200 2290 2277
300 2 2 1 5 2289 2291 2277
301 2 2 1 5 201 2290 200
302 2 2 1 5 2291 2295 2277
303 2 2 1 5 202 2290 201
304 2 2 1 5 2280 2290 202
305 2 2 1 5 2277 2290 2289
306 2 2 1 5 2289 2290 2280
307 2 2 1 5 2282 2295 2291
308 2 2 1 5 192 2281 5
309 2 2 1 5 195 2279 194
310 2 2 1 5 205 2283 204
311 2 2 1 5 203 2280 202
312 2 2 1 5 198 2282 197
313 2 2 1 5 207 2278 206
314 2 2 1 5 200 2277 199
315 2 2 1 5 2285 2297 2279
316 2 2 1 5 2287 2289 2288
317 2 2 1 5 2287 2288 2286
318 2 2 1 5 2285 2287 2286
319 2 2 1 5 2279 2300 2285
320 2 2 1 5 2287 2291 2289
321 2 2 1 5 2291 2292 2282
322 2 2 1 5 2278 2293 2286
323 2 2 1 5 2286 2293 2281
324 2 2 1 5 2285 2286 2281
325 2 2 1 5 2291 2300 2292
326 2 2 1 5 2287 2300 2291
327 2 2 1 5 2284 2297 2285
328 2 2 1 5 2284 2285 2281
329 2 2 1 5 192 2284 2281
330 2 2 1 5 5 2293 207
331 2 2 1 5 2292 2300 2279
332 2 2 1 5 2281 2293 5
333 2 2 1 5 193 2284 192
334 2 2 1 5 207 2293 2278
335 2 2 1 5 205 2296 2283
336 2 2 1 5 2279 2297 194
337 2 2 1 5 204 2294 203
338 2 2 1 5 194 2297 193
339 2 2 1 5 198 2295 2282
340 2 2 1 5 206 2296 205
341 2 2 1 5 2283 2294 204
342 2 2 1 5 195 2299 2279
343 2 2 1 5 199 2295 198
344 2 2 1 5 203 2294 2280
345 2 2 1 5 2278 2296 206
346 2 2 1 5 2277 2295 199
347 2 2 1 5 2282 2298 197
348 2 2 1 5 197 2298 196
349 2 2 1 5 196 2299 195
350 2 2 1 5 2285 2300 2287
351 2 2 1 5 2292 2298 2282
352 2 2 1 5 2279 2299 2292
353 2 2 1 5 193 2297 2284
354 2 2 1 5 2292 2299 2298
355 2 2 1 5 2298 2299 196
356 2 2 1 6 2301 2320 2310
357 2 2 1 6 2310 2320 2305
358 2 2 1 6 2304 2321 2312
359 2 2 1 6 2312 2321 2307
360 2 2 1 6 2318 2320 2301
361 2 2 1 6 2309 2322 2308
362 2 2 1 6 2302 2322 2309
363 2 2 1 6 2304 2326 2321
364 2 2 1 6 2303 2323 2317
365 2 2 1 6 6 2308 223
366 2 2 1 6 2322 2323 2308
367 2 2 1 6 211 2307 210
368 2 2 1 6 219 2306 218
369 2 2 1 6 213 2304 212
370 2 2 1 6 222 2303 221
371 2 2 1 6 209 2302 208
372 2 2 1 6 217 2301 216
373 2 2 1 6 215 2305 214
374 2 2 1 6 2317 2324 2303
375 2 2 1 6 2319 2321 2320
376 2 2 1 6 2317 2323 2319
377 2 2 1 6 2319 2320 2318
378 2 2 1 6 2319 2322 2321
379 2 2 1 6 2317 2319 2318
380 2 2 1 6 2321 2326 2320
381 2 2 1 6 2308 2323 2311
382 2 2 1 6 2311 2323 2303
383 2 2 1 6 2314 2318 2301
384 2 2 1 6 2306 2318 2314
385 2 2 1 6 2317 2318 2306
386 2 2 1 6 2316 2324 2317
387 2 2 1 6 2319 2323 2322
388 2 2 1 6 2321 2325 2307
389 2 2 1 6 2316 2317 2306
390 2 2 1 6 2308 2311 223
391 2 2 1 6 208 2309 6
392 2 2 1 6 2307 2313 210
393 2 2 1 6 221 2324 220
394 2 2 1 6 6 2309 2308
395 2 2 1 6 212 2312 211
396 2 2 1 6 2306 2314 218
397 2 2 1 6 220 2316 219
398 2 2 1 6 213 2315 2304
399 2 2 1 6 210 2313 209
400 2 2 1 6 218 2314 217
401 2 2 1 6 214 2315 213
402 2 2 1 6 211 2312 2307
403 2 2 1 6 222 2311 2303
404 2 2 1 6 209 2313 2302
405 2 2 1 6 2304 2312 212
406 2 2 1 6 2303 2324 221
407 2 2 1 6 219 2316 2306
408 2 2 1 6 216 2310 215
409 2 2 1 6 2301 2310 216
410 2 2 1 6 215 2310 2305
411 2 2 1 6 223 2311 222
412 2 2 1 6 217 2314 2301
413 2 2 1 6 2305 2315 214
414 2 2 1 6 2302 2309 208
415 2 2 1 6 2322 2325 2321
416 2 2 1 6 2320 2326 2305
417 2 2 1 6 2302 2325 2322
418 2 2 1 6 220 2324 2316
419 2 2 1 6 2307 2325 2313
420 2 2 1 6 2313 2325 2302
421 2 2 1 6 2305 2326 2315
422 2 2 1 6 2315 2326 2304
423 2 2 1 7 2330 2344 2338
424 2 2 1 7 2338 2346 2328
425 2 2 1 7 2338 2339 2330
426 2 2 1 7 2338 2344 2333
427 2 2 1 7 2333 2346 2338
428 2 2 1 7 2336 2338 2328
429 2 2 1 7 232 2340 2327
430 2 2 1 7 2339 2341 2327
431 2 2 1 7 233 2340 232
432 2 2 1 7 2341 2345 2327
433 2 2 1 7 234 2340 233
434 2 2 1 7 2330 2340 234
435 2 2 1 7 2327 2340 2339
436 2 2 1 7 2339 2340 2330
437 2 2 1 7 2332 2345 2341
438 2 2 1 7 224 2331 7
439 2 2 1 7 227 2329 226
440 2 2 1 7 237 2333 236
441 2 2 1 7 235 2330 234
442 2 2 1 7 230 2332 229
443 2 2 1 7 239 2328 238
444 2 2 1 7 232 2327 231
445 2 2 1 7 2335 2347 2329
446 2 2 1 7 2337 2339 2338
447 2 2 1 7 2337 2338 2336
448 2 2 1 7 2335 2337 2336
449 2 2 1 7 2329 2350 2335
450 2 2 1 7 2337 2341 2339
451 2 2 1 7 2341 2342 2332
452 2 2 1 7 2328 2343 2336
453 2 2 1 7 2336 2343 2331
454 2 2 1 7 2335 2336 2331
455 2 2 1 7 2341 2350 2342
456 2 2 1 7 2337 2350 2341
457 2 2 1 7 2334 2347 2335
458 2 2 1 7 2334 2335 2331
459 2 2 1 7 224 2334 2331
460 2 2 1 7 7 2343 239
461 2 2 1 7 2342 2350 2329
462 2 2 1 7 2331 2343 7
463 2 2 1 7 225 2334 224
464 2 2 1 7 239 2343 2328
465 2 2 1 7 237 2346 2333
466 2 2 1 7 2329 2347 226
467 2 2 1 7 236 2344 235
468 2 2 1 7 226 2347 225
469 2 2 1 7 238 2346 237
470 2 2 1 7 2333 2344 236
471 2 2 1 7 230 2345 2332
472 2 2 1 7 227 2349 2329
473 2 2 1 7 231 2345 230
474 2 2 1 7 235 2344 2330
475 2 2 1 7 2328 2346 238
476 2 2 1 7 2332 2348 229
477 2 2 1 7 2327 2345 231
478 2 2 1 7 229 2348 228
479 2 2 1 7 228 2349 227
480 2 2 1 7 2335 2350 2337
481 2 2 1 7 2342 2348 2332
482 2 2 1 7 2329 2349 2342
483 2 2 1 7 225 2347 2334
484 2 2 1 7 2342 2349 2348
485 2 2 1 7 2348 2349 228
486 2 2 1 8 2359 2370 2358
487 2 2 1 8 2362 2371 2357
488 2 2 1 8 2354 2371 2362
489 2 2 1 8 2351 2372 2360
490 2 2 1 8 2352 2370 2359
491 2 2 1 8 2360 2372 2355
492 2 2 1 8 2358 2370 2368
493 2 2 1 8 2351 2373 2372
494 2 2 1 8 2367 2373 2356
495 2 2 1 8 8 2358 255
496 2 2 1 8 2371 2376 2357
497 2 2 1 8 2369 2373 2367
498 2 2 1 8 243 2357 242
499 2 2 1 8 251 2356 250
500 2 2 1 8 245 2354 244
501 2 2 1 8 254 2353 253
502 2 2 1 8 249 2351 248
503 2 2 1 8 241 2352 240
504 2 2 1 8 247 2355 246
505 2 2 1 8 2356 2374 2367
506 2 2 1 8 2370 2371 2369
507 2 2 1 8 2368 2370 2369
508 2 2 1 8 2371 2372 2369
509 2 2 1 8 2368 2369 2367
510 2 2 1 8 2354 2375 2371
511 2 2 1 8 2372 2373 2369
512 2 2 1 8 2361 2373 2351
513 2 2 1 8 2356 2373 2361
514 2 2 1 8 2370 2376 2371
515 2 2 1 8 2363 2368 2353
516 2 2 1 8 2367 2374 2366
517 2 2 1 8 2358 2368 2363
518 2 2 1 8 2353 2368 2367
519 2 2 1 8 2353 2367 2366
520 2 2 1 8 2358 2363 255
521 2 2 1 8 240 2359 8
522 2 2 1 8 2357 2365 242
523 2 2 1 8 2356 2361 250
524 2 2 1 8 253 2366 252
525 2 2 1 8 8 2359 2358
526 2 2 1 8 244 2362 243
527 2 2 1 8 245 2364 2354
528 2 2 1 8 252 2374 251
529 2 2 1 8 250 2361 249
530 2 2 1 8 242 2365 241
531 2 2 1 8 246 2364 245
532 2 2 1 8 243 2362 2357
533 2 2 1 8 251 2374 2356
534 2 2 1 8 2351 2360 248
535 2 2 1 8 2354 2362 244
536 2 2 1 8 241 2365 2352
537 2 2 1 8 254 2363 2353
538 2 2 1 8 248 2360 247
539 2 2 1 8 247 2360 2355
540 2 2 1 8 2353 2366 253
541 2 2 1 8 249 2361 2351
542 2 2 1 8 255 2363 254
543 2 2 1 8 2355 2364 246
544 2 2 1 8 2352 2359 240
545 2 2 1 8 2371 2375 2372
546 2 2 1 8 2352 2376 2370
547 2 2 1 8 2372 2375 2355
548 2 2 1 8 2366 2374 252
549 2 2 1 8 2355 2375 2364
550 2 2 1 8 2364 2375 2354
551 2 2 1 8 2365 2376 2352
552 2 2 1 8 2357 2376 2365
553 2 2 1 9 2390 2400 2383
554 2 2 1 9 2378 2400 2390
555 2 2 1 9 2391 2395 2384
556 2 2 1 9 2379 2395 2391
557 2 2 1 9 2388 2390 2383
558 2 2 1 9 2377 2397 2392
559 2 2 1 9 2392 2397 2382
560 2 2 1 9 2392 2393 2377
561 2 2 1 9 2381 2393 2387
562 2 2 1 9 9 2384 271
563 2 2 1 9 2384 2402 2391
564 2 2 1 9 259 2383 258
565 2 2 1 9 270 2379 269
566 2 2 1 9 268 2382 267
567 2 2 1 9 261 2380 260
568 2 2 1 9 266 2377 265
569 2 2 1 9 257 2378 256
570 2 2 1 9 2387 2399 2381
571 2 2 1 9 264 2381 263
572 2 2 1 9 2389 2391 2390
573 2 2 1 9 2387 2393 2389
574 2 2 1 9 2389 2390 2388
575 2 2 1 9 2389 2392 2391
576 2 2 1 9 2387 2389 2388
577 2 2 1 9 2393 2398 2377
578 2 2 1 9 2381 2398 2393
579 2 2 1 9 2391 2402 2390
580 2 2 1 9 2391 2401 2379
581 2 2 1 9 2388 2396 2380
582 2 2 1 9 2383 2396 2388
583 2 2 1 9 2386 2399 2387
584 2 2 1 9 2387 2388 2380
585 2 2 1 9 2389 2393 2392
586 2 2 1 9 2386 2387 2380
587 2 2 1 9 2384 2395 271
588 2 2 1 9 256 2385 9
589 2 2 1 9 2383 2400 258
590 2 2 1 9 269 2394 268
591 2 2 1 9 261 2386 2380
592 2 2 1 9 2382 2397 267
593 2 2 1 9 9 2385 2384
594 2 2 1 9 267 2397 266
595 2 2 1 9 262 2386 261
596 2 2 1 9 260 2396 259
597 2 2 1 9 268 2394 2382
598 2 2 1 9 2377 2398 265
599 2 2 1 9 270 2395 2379
600 2 2 1 9 259 2396 2383
601 2 2 1 9 2379 2394 269
602 2 2 1 9 258 2400 257
603 2 2 1 9 2380 2396 260
604 2 2 1 9 265 2398 264
605 2 2 1 9 263 2399 262
606 2 2 1 9 266 2397 2377
607 2 2 1 9 257 2400 2378
608 2 2 1 9 271 2395 270
609 2 2 1 9 264 2398 2381
610 2 2 1 9 2381 2399 263
611 2 2 1 9 2378 2385 256
612 2 2 1 9 2392 2401 2391
613 2 2 1 9 2390 2402 2378
614 2 2 1 9 2382 2401 2392
615 2 2 1 9 262 2399 2386
616 2 2 1 9 2379 2401 2394
617 2 2 1 9 2394 2401 2382
618 2 2 1 9 2378 2402 2385
619 2 2 1 9 2385 2402 2384
620 2 2 1 10 2414 2420 2406
621 2 2 1 10 2404 2421 2414
622 2 2 1 10 2406 2415 2414
623 2 2 1 10 2409 2420 2414
624 2 2 1 10 2414 2421 2409
625 2 2 1 10 2404 2414 2412
626 2 2 1 10 2403 2416 279
627 2 2 1 10 2403 2417 2415
628 2 2 1 10 279 2416 278
629 2 2 1 10 278 2416 277
630 2 2 1 10 2403 2422 2417
631 2 2 1 10 277 2416 2406
632 2 2 1 10 2415 2416 2403
633 2 2 1 10 2406 2416 2415
634 2 2 1 10 2417 2422 2408
635 2 2 1 10 10 2407 287
636 2 2 1 10 285 2405 284
637 2 2 1 10 275 2409 274
638 2 2 1 10 277 2406 276
639 2 2 1 10 282 2408 281
640 2 2 1 10 273 2404 272
641 2 2 1 10 280 2403 279
642 2 2 1 10 2405 2423 2411
643 2 2 1 10 2414 2415 2413
644 2 2 1 10 2412 2414 2413
645 2 2 1 10 2412 2413 2411
646 2 2 1 10 2411 2426 2405
647 2 2 1 10 2415 2417 2413
648 2 2 1 10 2408 2418 2417
649 2 2 1 10 2412 2419 2404
650 2 2 1 10 2407 2419 2412
651 2 2 1 10 2407 2412 2411
652 2 2 1 10 2418 2426 2417
653 2 2 1 10 2411 2423 2410
654 2 2 1 10 2417 2426 2413
655 2 2 1 10 2407 2411 2410
656 2 2 1 10 2407 2410 287
657 2 2 1 10 272 2419 10
658 2 2 1 10 2405 2426 2418
659 2 2 1 10 10 2419 2407
660 2 2 1 10 287 2410 286
661 2 2 1 10 2404 2419 272
662 2 2 1 10 2409 2421 274
663 2 2 1 10 276 2420 275
664 2 2 1 10 286 2423 285
665 2 2 1 10 285 2423 2405
666 2 2 1 10 274 2421 273
667 2 2 1 10 275 2420 2409
668 2 2 1 10 2405 2425 284
669 2 2 1 10 2408 2422 281
670 2 2 1 10 281 2422 280
671 2 2 1 10 2406 2420 276
672 2 2 1 10 273 2421 2404
673 2 2 1 10 282 2424 2408
674 2 2 1 10 280 2422 2403
675 2 2 1 10 283 2424 282
676 2 2 1 10 284 2425 283
677 2 2 1 10 2413 2426 2411
678 2 2 1 10 2408 2424 2418
679 2 2 1 10 2418 2425 2405
680 2 2 1 10 2410 2423 286
681 2 2 1 10 2424 2425 2418
682 2 2 1 10 283 2425 2424
683 2 2 1 11 2438 2444 2430
684 2 2 1 11 2428 2445 2438
685 2 2 1 11 2430 2439 2438
686 2 2 1 11 2433 2444 2438
687 2 2 1 11 2438 2445 2433
688 2 2 1 11 2428 2438 2436
689 2 2 1 11 2427 2440 295
690 2 2 1 11 2427 2441 2439
691 2 2 1 11 295 2440 294
692 2 2 1 11 294 2440 293
693 2 2 1 11 2427 2446 2441
694 2 2 1 11 293 2440 2430
695 2 2 1 11 2439 2440 2427
696 2 2 1 11 2430 2440 2439
697 2 2 1 11 2441 2446 2432
698 2 2 1 11 11 2431 303
699 2 2 1 11 301 2429 300
700 2 2 1 11 291 2433 290
701 2 2 1 11 293 2430 292
702 2 2 1 11 298 2432 297
703 2 2 1 11 289 2428 288
704 2 2 1 11 296 2427 295
705 2 2 1 11 2429 2447 2435
706 2 2 1 11 2438 2439 2437
707 2 2 1 11 2436 2438 2437
708 2 2 1 11 2436 2437 2435
709 2 2 1 11 2435 2450 2429
710 2 2 1 11 2439 2441 2437
711 2 2 1 11 2432 2442 2441
712 2 2 1 11 2436 2443 2428
713 2 2 1 11 2431 2443 2436
714 2 2 1 11 2431 2436 2435
715 2 2 1 11 2442 2450 2441
716 2 2 1 11 2435 2447 2434
717 2 2 1 11 2441 2450 2437
718 2 2 1 11 2431 2435 2434
719 2 2 1 11 2431 2434 303
720 2 2 1 11 288 2443 11
721 2 2 1 11 2429 2450 2442
722 2 2 1 11 11 2443 2431
723 2 2 1 11 303 2434 302
724 2 2 1 11 2428 2443 288
725 2 2 1 11 2433 2445 290
726 2 2 1 11 292 2444 291
727 2 2 1 11 302 2447 301
728 2 2 1 11 301 2447 2429
729 2 2 1 11 290 2445 289
730 2 2 1 11 291 2444 2433
731 2 2 1 11 2429 2449 300
732 2 2 1 11 2432 2446 297
733 2 2 1 11 297 2446 296
734 2 2 1 11 2430 2444 292
735 2 2 1 11 289 2445 2428
736 2 2 1 11 298 2448 2432
737 2 2 1 11 296 2446 2427
738 2 2 1 11 299 2448 298
739 2 2 1 11 300 2449 299
740 2 2 1 11 2437 2450 2435
741 2 2 1 11 2432 2448 2442
742 2 2 1 11 2442 2449 2429
743 2 2 1 11 2434 2447 302
744 2 2 1 11 2448 2449 2442
745 2 2 1 11 299 2449 2448
746 2 2 1 12 2454 2468 2462
747 2 2 1 12 2462 2469 2452
748 2 2 1 12 2462 2463 2454
749 2 2 1 12 2462 2468 2457
750 2 2 1 12 2457 2469 2462
751 2 2 1 12 2460 2462 2452
752 2 2 1 12 312 2464 2451
753 2 2 1 12 2463 2465 2451
754 2 2 1 12 313 2464 312
755 2 2 1 12 314 2464 313
756 2 2 1 12 2465 2470 2451
757 2 2 1 12 2454 2464 314
758 2 2 1 12 2451 2464 2463
759 2 2 1 12 2463 2464 2454
760 2 2 1 12 2456 2470 2465
761 2 2 1 12 304 2455 12
762 2 2 1 12 307 2453 306
763 2 2 1 12 317 2457 316
764 2 2 1 12 315 2454 314
765 2 2 1 12 310 2456 309
766 2 2 1 12 319 2452 318
767 2 2 1 12 312 2451 311
768 2 2 1 12 2459 2471 2453
769 2 2 1 12 2461 2463 2462
770 2 2 1 12 2461 2462 2460
771 2 2 1 12 2459 2461 2460
772 2 2 1 12 2453 2474 2459
773 2 2 1 12 2461 2465 2463
774 2 2 1 12 2465 2466 2456
775 2 2 1 12 2452 2467 2460
776 2 2 1 12 2460 2467 2455
777 2 2 1 12 2459 2460 2455
778 2 2 1 12 2465 2474 2466
779 2 2 1 12 2458 2471 2459
780 2 2 1 12 2461 2474 2465
781 2 2 1 12 2458 2459 2455
782 2 2 1 12 304 2458 2455
783 2 2 1 12 12 2467 319
784 2 2 1 12 2466 2474 2453
785 2 2 1 12 2455 2467 12
786 2 2 1 12 305 2458 304
787 2 2 1 12 319 2467 2452
788 2 2 1 12 317 2469 2457
789 2 2 1 12 2453 2471 306
790 2 2 1 12 316 2468 315
791 2 2 1 12 306 2471 305
792 2 2 1 12 318 2469 317
793 2 2 1 12 2457 2468 316
794 2 2 1 12 307 2473 2453
795 2 2 1 12 310 2470 2456
796 2 2 1 12 311 2470 310
797 2 2 1 12 315 2468 2454
798 2 2 1 12 2452 2469 318
799 2 2 1 12 2456 2472 309
800 2 2 1 12 2451 2470 311
801 2 2 1 12 309 2472 308
802 2 2 1 12 308 2473 307
803 2 2 1 12 2459 2474 2461
804 2 2 1 12 2466 2472 2456
805 2 2 1 12 2453 2473 2466
806 2 2 1 12 305 2471 2458
807 2 2 1 12 2466 2473 2472
808 2 2 1 12 2472 2473 308
809 2 2 1 13 2478 2492 2486
810 2 2 1 13 2486 2493 2476
811 2 2 1 13 2486 2487 2478
812 2 2 1 13 2486 2492 2481
813 2 2 1 13 2481 2493 2486
814 2 2 1 13 2484 2486 2476
815 2 2 1 13 328 2488 2475
816 2 2 1 13 2487 2489 2475
817 2 2 1 13 329 2488 328
818 2 2 1 13 330 2488 329
819 2 2 1 13 2489 2494 2475
820 2 2 1 13 2478 2488 330
821 2 2 1 13 2475 2488 2487
822 2 2 1 13 2487 2488 2478
823 2 2 1 13 2480 2494 2489
824 2 2 1 13 320 2479 13
825 2 2 1 13 323 2477 322
826 2 2 1 13 333 2481 332
827 2 2 1 13 331 2478 330
828 2 2 1 13 326 2480 325
829 2 2 1 13 335 2476 334
830 2 2 1 13 328 2475 327
831 2 2 1 13 2483 2495 2477
832 2 2 1 13 2485 2487 2486
833 2 2 1 13 2485 2486 2484
834 2 2 1 13 2483 2485 2484
835 2 2 1 13 2477 2498 2483
836 2 2 1 13 2485 2489 2487
837 2 2 1 13 2489 2490 2480
838 2 2 1 13 2476 2491 2484
839 2 2 1 13 2484 2491 2479
840 2 2 1 13 2483 2484 2479
841 2 2 1 13 2489 2498 2490
842 2 2 1 13 2482 2495 2483
843 2 2 1 13 2485 2498 2489
844 2 2 1 13 2482 2483 2479
845 2 2 1 13 320 2482 2479
846 2 2 1 13 13 2491 335
847 2 2 1 13 2490 2498 2477
848 2 2 1 13 2479 2491 13
849 2 2 1 13 321 2482 320
850 2 2 1 13 335 2491 2476
851 2 2 1 13 333 2493 2481
852 2 2 1 13 2477 2495 322
853 2 2 1 13 332 2492 331
854 2 2 1 13 322 2495 321
855 2 2 1 13 334 2493 333
856 2 2 1 13 2481 2492 332
857 2 2 1 13 323 2497 2477
858 2 2 1 13 326 2494 2480
859 2 2 1 13 327 2494 326
860 2 2 1 13 331 2492 2478
861 2 2 1 13 2476 2493 334
862 2 2 1 13 2480 2496 325
863 2 2 1 13 2475 2494 327
864 2 2 1 13 325 2496 324
865 2 2 1 13 324 2497 323
866 2 2 1 13 2483 2498 2485
867 2 2 1 13 2490 2496 2480
868 2 2 1 13 2477 2497 2490
869 2 2 1 13 321 2495 2482
870 2 2 1 13 2490 2497 2496
871 2 2 1 13 2496 2497 324
872 2 2 1 14 2502 2516 2510
873 2 2 1 14 2510 2517 2500
874 2 2 1 14 2510 2511 2502
875 2 2 1 14 2510 2516 2505
876 2 2 1 14 2505 2517 2510
877 2 2 1 14 2508 2510 2500
878 2 2 1 14 344 2512 2499
879 2 2 1 14 2511 2513 2499
880 2 2 1 14 345 2512 344
881 2 2 1 14 346 2512 345
882 2 2 1 14 2513 2518 2499
883 2 2 1 14 2502 2512 346
884 2 2 1 14 2499 2512 2511
885 2 2 1 14 2511 2512 2502
886 2 2 1 14 2504 2518 2513
887 2 2 1 14 336 2503 14
888 2 2 1 14 339 2501 338
889 2 2 1 14 349 2505 348
890 2 2 1 14 347 2502 346
891 2 2 1 14 342 2504 341
892 2 2 1 14 351 2500 350
893 2 2 1 14 344 2499 343
894 2 2 1 14 2507 2519 2501
895 2 2 1 14 2509 2511 2510
896 2 2 1 14 2509 2510 2508
897 2 2 1 14 2507 2509 2508
898 2 2 1 14 2501 2522 2507
899 2 2 1 14 2509 2513 2511
900 2 2 1 14 2513 2514 2504
901 2 2 1 14 2500 2515 2508
902 2 2 1 14 2508 2515 2503
903 2 2 1 14 2507 2508 2503
904 2 2 1 14 2513 2522 2514
905 2 2 1 14 2506 2519 2507
906 2 2 1 14 2509 2522 2513
907 2 2 1 14 2506 2507 2503
908 2 2 1 14 336 2506 2503
909 2 2 1 14 14 2515 351
910 2 2 1 14 2514 2522 2501
911 2 2 1 14 2503 2515 14
912 2 2 1 14 337 2506 336
913 2 2 1 14 351 2515 2500
914 2 2 1 14 349 2517 2505
915 2 2 1 14 2501 2519 338
916 2 2 1 14 348 2516 347
917 2 2 1 14 338 2519 337
918 2 2 1 14 350 2517 349
919 2 2 1 14 2505 2516 348
920 2 2 1 14 339 2521 2501
921 2 2 1 14 342 2518 2504
922 2 2 1 14 343 2518 342
923 2 2 1 14 347 2516 2502
924 2 2 1 14 2500 2517 350
925 2 2 1 14 2504 2520 341
926 2 2 1 14 2499 2518 343
927 2 2 1 14 341 2520 340
928 2 2 1 14 340 2521 339
929 2 2 1 14 2507 2522 2509
930 2 2 1 14 2514 2520 2504
931 2 2 1 14 2501 2521 2514
932 2 2 1 14 337 2519 2506
933 2 2 1 14 2514 2521 2520
934 2 2 1 14 2520 2521 340
935 2 2 1 15 2532 2542 2523
936 2 2 1 15 2527 2542 2532
937 2 2 1 15 2534 2543 2526
938 2 2 1 15 2529 2543 2534
939 2 2 1 15 2523 2542 2540
940 2 2 1 15 2530 2544 2531
941 2 2 1 15 2531 2544 2524
942 2 2 1 15 2543 2548 2526
943 2 2 1 15 2539 2545 2525
944 2 2 1 15 352 2530 15
945 2 2 1 15 2530 2545 2544
946 2 2 1 15 365 2529 364
947 2 2 1 15 357 2528 356
948 2 2 1 15 363 2526 362
949 2 2 1 15 354 2525 353
950 2 2 1 15 367 2524 366
951 2 2 1 15 361 2527 360
952 2 2 1 15 359 2523 358
953 2 2 1 15 2525 2546 2539
954 2 2 1 15 2542 2543 2541
955 2 2 1 15 2541 2545 2539
956 2 2 1 15 2540 2542 2541
957 2 2 1 15 2543 2544 2541
958 2 2 1 15 2540 2541 2539
959 2 2 1 15 2542 2548 2543
960 2 2 1 15 2533 2545 2530
961 2 2 1 15 2525 2545 2533
962 2 2 1 15 2523 2540 2536
963 2 2 1 15 2536 2540 2528
964 2 2 1 15 2528 2540 2539
965 2 2 1 15 2539 2546 2538
966 2 2 1 15 2544 2545 2541
967 2 2 1 15 2529 2547 2543
968 2 2 1 15 2528 2539 2538
969 2 2 1 15 352 2533 2530
970 2 2 1 15 15 2531 367
971 2 2 1 15 365 2535 2529
972 2 2 1 15 355 2546 354
973 2 2 1 15 2530 2531 15
974 2 2 1 15 357 2536 2528
975 2 2 1 15 356 2538 355
976 2 2 1 15 2526 2537 362
977 2 2 1 15 366 2535 365
978 2 2 1 15 2529 2534 364
979 2 2 1 15 364 2534 363
980 2 2 1 15 358 2536 357
981 2 2 1 15 362 2537 361
982 2 2 1 15 2525 2533 353
983 2 2 1 15 2524 2535 366
984 2 2 1 15 363 2534 2526
985 2 2 1 15 354 2546 2525
986 2 2 1 15 2528 2538 356
987 2 2 1 15 360 2532 359
988 2 2 1 15 2527 2532 360
989 2 2 1 15 359 2532 2523
990 2 2 1 15 353 2533 352
991 2 2 1 15 2523 2536 358
992 2 2 1 15 361 2537 2527
993 2 2 1 15 367 2531 2524
994 2 2 1 15 2543 2547 2544
995 2 2 1 15 2527 2548 2542
996 2 2 1 15 2544 2547 2524
997 2 2 1 15 2538 2546 355
998 2 2 1 15 2535 2547 2529
999 2 2 1 15 2524 2547 2535
1000 2 2 1 15 2537 2548 2527
1001 2 2 1 15 2526 2548 2537
1002 2 2 1 16 2560 2566 2552
1003 2 2 1 16 2550 2567 2560
1004 2 2 1 16 2552 2561 2560
1005 2 2 1 16 2555 2566 2560
1006 2 2 1 16 2560 2567 2555
1007 2 2 1 16 2550 2560 2558
1008 2 2 1 16 2549 2562 375
1009 2 2 1 16 2549 2563 2561
1010 2 2 1 16 375 2562 374
1011 2 2 1 16 374 2562 373
1012 2 2 1 16 2549 2568 2563
1013 2 2 1 16 373 2562 2552
1014 2 2 1 16 2561 2562 2549
1015 2 2 1 16 2552 2562 2561
1016 2 2 1 16 2563 2568 2554
1017 2 2 1 16 16 2553 383
1018 2 2 1 16 381 2551 380
1019 2 2 1 16 371 2555 370
1020 2 2 1 16 373 2552 372
1021 2 2 1 16 378 2554 377
1022 2 2 1 16 369 2550 368
1023 2 2 1 16 376 2549 375
1024 2 2 1 16 2551 2569 2557
1025 2 2 1 16 2560 2561 2559
1026 2 2 1 16 2558 2560 2559
1027 2 2 1 16 2558 2559 2557
1028 2 2 1 16 2557 2572 2551
1029 2 2 1 16 2561 2563 2559
1030 2 2 1 16 2554 2564 2563
1031 2 2 1 16 2558 2565 2550
1032 2 2 1 16 2553 2565 2558
1033 2 2 1 16 2553 2558 2557
1034 2 2 1 16 2564 2572 2563
1035 2 2 1 16 2557 2569 2556
1036 2 2 1 16 2563 2572 2559
1037 2 2 1 16 2553 2557 2556
1038 2 2 1 16 2553 2556 383
1039 2 2 1 16 368 2565 16
1040 2 2 1 16 2551 2572 2564
1041 2 2 1 16 16 2565 2553
1042 2 2 1 16 383 2556 382
1043 2 2 1 16 2550 2565 368
1044 2 2 1 16 2555 2567 370
1045 2 2 1 16 372 2566 371
1046 2 2 1 16 382 2569 381
1047 2 2 1 16 381 2569 2551
1048 2 2 1 16 370 2567 369
1049 2 2 1 16 371 2566 2555
1050 2 2 1 16 2551 2571 380
1051 2 2 1 16 2554 2568 377
1052 2 2 1 16 377 2568 376
1053 2 2 1 16 2552 2566 372
1054 2 2 1 16 369 2567 2550
1055 2 2 1 16 378 2570 2554
1056 2 2 1 16 376 2568 2549
1057 2 2 1 16 379 2570 378
1058 2 2 1 16 380 2571 379
1059 2 2 1 16 2559 2572 2557
1060 2 2 1 16 2554 2570 2564
1061 2 2 1 16 2564 2571 2551
1062 2 2 1 16 2556 2569 382
1063 2 2 1 16 2570 2571 2564
1064 2 2 1 16 379 2571 2570
1065 2 2 1 17 2582 2592 2573
1066 2 2 1 17 2577 2592 2582
1067 2 2 1 17 2584 2593 2576
1068 2 2 1 17 2579 2593 2584
1069 2 2 1 17 2573 2592 2590
1070 2 2 1 17 2580 2594 2581
1071 2 2 1 17 2581 2594 2574
1072 2 2 1 17 2593 2598 2576
1073 2 2 1 17 2589 2595 2575
1074 2 2 1 17 384 2580 17
1075 2 2 1 17 2580 2595 2594
1076 2 2 1 17 397 2579 396
1077 2 2 1 17 389 2578 388
1078 2 2 1 17 395 2576 394
1079 2 2 1 17 386 2575 385
1080 2 2 1 17 399 2574 398
1081 2 2 1 17 391 2573 390
1082 2 2 1 17 393 2577 392
1083 2 2 1 17 2575 2596 2589
1084 2 2 1 17 2592 2593 2591
1085 2 2 1 17 2591 2595 2589
1086 2 2 1 17 2590 2592 2591
1087 2 2 1 17 2593 2594 2591
1088 2 2 1 17 2590 2591 2589
1089 2 2 1 17 2592 2598 2593
1090 2 2 1 17 2583 2595 2580
1091 2 2 1 17 2575 2595 2583
1092 2 2 1 17 2573 2590 2586
1093 2 2 1 17 2586 2590 2578
1094 2 2 1 17 2578 2590 2589
1095 2 2 1 17 2589 2596 2588
1096 2 2 1 17 2594 2595 2591
1097 2 2 1 17 2579 2597 2593
1098 2 2 1 17 2578 2589 2588
1099 2 2 1 17 384 2583 2580
1100 2 2 1 17 17 2581 399
1101 2 2 1 17 397 2585 2579
1102 2 2 1 17 387 2596 386
1103 2 2 1 17 2580 2581 17
1104 2 2 1 17 389 2586 2578
1105 2 2 1 17 388 2588 387
1106 2 2 1 17 2576 2587 394
1107 2 2 1 17 398 2585 397
1108 2 2 1 17 2579 2584 396
1109 2 2 1 17 396 2584 395
1110 2 2 1 17 390 2586 389
1111 2 2 1 17 394 2587 393
1112 2 2 1 17 2575 2583 385
1113 2 2 1 17 2574 2585 398
1114 2 2 1 17 395 2584 2576
1115 2 2 1 17 386 2596 2575
1116 2 2 1 17 2578 2588 388
1117 2 2 1 17 392 2582 391
1118 2 2 1 17 391 2582 2573
1119 2 2 1 17 2577 2582 392
1120 2 2 1 17 385 2583 384
1121 2 2 1 17 2573 2586 390
1122 2 2 1 17 393 2587 2577
1123 2 2 1 17 399 2581 2574
1124 2 2 1 17 2593 2597 2594
1125 2 2 1 17 2577 2598 2592
1126 2 2 1 17 2594 2597 2574
1127 2 2 1 17 2588 2596 387
1128 2 2 1 17 2585 2597 2579
1129 2 2 1 17 2574 2597 2585
1130 2 2 1 17 2587 2598 2577
1131 2 2 1 17 2576 2598 2587
1132 2 2 1 18 2610 2616 2602
1133 2 2 1 18 2600 2617 2610
1134 2 2 1 18 2602 2611 2610
1135 2 2 1 18 2605 2616 2610
1136 2 2 1 18 2610 2617 2605
1137 2 2 1 18 2600 2610 2608
1138 2 2 1 18 2599 2612 407
1139 2 2 1 18 2599 2613 2611
1140 2 2 1 18 407 2612 406
1141 2 2 1 18 406 2612 405
1142 2 2 1 18 2599 2618 2613
1143 2 2 1 18 405 2612 2602
1144 2 2 1 18 2611 2612 2599
1145 2 2 1 18 2602 2612 2611
1146 2 2 1 18 2613 2618 2604
1147 2 2 1 18 18 2603 415
1148 2 2 1 18 413 2601 412
1149 2 2 1 18 403 2605 402
1150 2 2 1 18 405 2602 404
1151 2 2 1 18 410 2604 409
1152 2 2 1 18 401 2600 400
1153 2 2 1 18 408 2599 407
1154 2 2 1 18 2601 2619 2607
1155 2 2 1 18 2610 2611 2609
1156 2 2 1 18 2608 2610 2609
1157 2 2 1 18 2608 2609 2607
1158 2 2 1 18 2607 2622 2601
1159 2 2 1 18 2611 2613 2609
1160 2 2 1 18 2604 2614 2613
1161 2 2 1 18 2608 2615 2600
1162 2 2 1 18 2603 2615 2608
1163 2 2 1 18 2603 2608 2607
1164 2 2 1 18 2614 2622 2613
1165 2 2 1 18 2607 2619 2606
1166 2 2 1 18 2613 2622 2609
1167 2 2 1 18 2603 2607 2606
1168 2 2 1 18 2603 2606 415
1169 2 2 1 18 400 2615 18
1170 2 2 1 18 2601 2622 2614
1171 2 2 1 18 18 2615 2603
1172 2 2 1 18 415 2606 414
1173 2 2 1 18 2600 2615 400
1174 2 2 1 18 2605 2617 402
1175 2 2 1 18 404 2616 403
1176 2 2 1 18 414 2619 413
1177 2 2 1 18 413 2619 2601
1178 2 2 1 18 402 2617 401
1179 2 2 1 18 403 2616 2605
1180 2 2 1 18 2601 2621 412
1181 2 2 1 18 2604 2618 409
1182 2 2 1 18 409 2618 408
1183 2 2 1 18 2602 2616 404
1184 2 2 1 18 401 2617 2600
1185 2 2 1 18 410 2620 2604
1186 2 2 1 18 408 2618 2599
1187 2 2 1 18 411 2620 410
1188 2 2 1 18 412 2621 411
1189 2 2 1 18 2609 2622 2607
1190 2 2 1 18 2604 2620 2614
1191 2 2 1 18 2614 2621 2601
1192 2 2 1 18 2606 2619 414
1193 2 2 1 18 2620 2621 2614
1194 2 2 1 18 411 2621 2620
1195 2 2 1 19 2626 2640 2634
1196 2 2 1 19 2634 2641 2624
1197 2 2 1 19 2634 2635 2626
1198 2 2 1 19 2634 2640 2629
1199 2 2 1 19 2629 2641 2634
1200 2 2 1 19 2632 2634 2624
1201 2 2 1 19 424 2636 2623
1202 2 2 1 19 2635 2637 2623
1203 2 2 1 19 425 2636 424
1204 2 2 1 19 426 2636 425
1205 2 2 1 19 2637 2642 2623
1206 2 2 1 19 2626 2636 426
1207 2 2 1 19 2623 2636 2635
1208 2 2 1 19 2635 2636 2626
1209 2 2 1 19 2628 2642 2637
1210 2 2 1 19 416 2627 19
1211 2 2 1 19 419 2625 418
1212 2 2 1 19 429 2629 428
1213 2 2 1 19 427 2626 426
1214 2 2 1 19 422 2628 421
1215 2 2 1 19 431 2624 430
1216 2 2 1 19 424 2623 423
1217 2 2 1 19 2631 2643 2625
1218 2 2 1 19 2633 2635 2634
1219 2 2 1 19 2633 2634 2632
1220 2 2 1 19 2631 2633 2632
1221 2 2 1 19 2625 2646 2631
1222 2 2 1 19 2633 2637 2635
1223 2 2 1 19 2637 2638 2628
1224 2 2 1 19 2624 2639 2632
1225 2 2 1 19 2632 2639 2627
1226 2 2 1 19 2631 2632 2627
1227 2 2 1 19 2637 2646 2638
1228 2 2 1 19 2630 2643 2631
1229 2 2 1 19 2633 2646 2637
1230 2 2 1 19 2630 2631 2627
1231 2 2 1 19 416 2630 2627
1232 2 2 1 19 19 2639 431
1233 2 2 1 19 2638 2646 2625
1234 2 2 1 19 2627 2639 19
1235 2 2 1 19 417 2630 416
1236 2 2 1 19 431 2639 2624
1237 2 2 1 19 429 2641 2629
1238 2 2 1 19 2625 2643 418
1239 2 2 1 19 428 2640 427
1240 2 2 1 19 418 2643 417
1241 2 2 1 19 430 2641 429
1242 2 2 1 19 2629 2640 428
1243 2 2 1 19 419 2645 2625
1244 2 2 1 19 422 2642 2628
1245 2 2 1 19 423 2642 422
1246 2 2 1 19 427 2640 2626
1247 2 2 1 19 2624 2641 430
1248 2 2 1 19 2628 2644 421
1249 2 2 1 19 2623 2642 423
1250 2 2 1 19 421 2644 420
1251 2 2 1 19 420 2645 419
1252 2 2 1 19 2631 2646 2633
1253 2 2 1 19 2638 2644 2628
1254 2 2 1 19 2625 2645 2638
1255 2 2 1 19 417 2643 2630
1256 2 2 1 19 2638 2645 2644
1257 2 2 1 19 2644 2645 420
1258 2 2 1 20 2647 2665 2656
1259 2 2 1 20 2656 2665 2651
1260 2 2 1 20 2650 2666 2659
1261 2 2 1 20 2659 2666 2653
1262 2 2 1 20 2663 2665 2647
1263 2 2 1 20 2655 2667 2654
1264 2 2 1 20 2648 2667 2655
1265 2 2 1 20 2650 2672 2666
1266 2 2 1 20 2649 2668 2662
1267 2 2 1 20 20 2654 447
1268 2 2 1 20 2667 2668 2654
1269 2 2 1 20 435 2653 434
1270 2 2 1 20 443 2652 442
1271 2 2 1 20 437 2650 436
1272 2 2 1 20 446 2649 445
1273 2 2 1 20 433 2648 432
1274 2 2 1 20 439 2651 438
1275 2 2 1 20 441 2647 440
1276 2 2 1 20 2662 2669 2649
1277 2 2 1 20 2664 2666 2665
1278 2 2 1 20 2662 2668 2664
1279 2 2 1 20 2664 2665 2663
1280 2 2 1 20 2664 2667 2666
1281 2 2 1 20 2662 2664 2663
1282 2 2 1 20 2666 2672 2665
1283 2 2 1 20 2654 2668 2657
1284 2 2 1 20 2657 2668 2649
1285 2 2 1 20 2647 2670 2663
1286 2 2 1 20 2663 2670 2652
1287 2 2 1 20 2662 2663 2652
1288 2 2 1 20 2661 2669 2662
1289 2 2 1 20 2664 2668 2667
1290 2 2 1 20 2666 2671 2653
1291 2 2 1 20 2661 2662 2652
1292 2 2 1 20 2654 2657 447
1293 2 2 1 20 432 2655 20
1294 2 2 1 20 2653 2658 434
1295 2 2 1 20 445 2669 444
1296 2 2 1 20 20 2655 2654
1297 2 2 1 20 436 2659 435
1298 2 2 1 20 444 2661 443
1299 2 2 1 20 434 2658 433
1300 2 2 1 20 2652 2670 442
1301 2 2 1 20 437 2660 2650
1302 2 2 1 20 438 2660 437
1303 2 2 1 20 442 2670 441
1304 2 2 1 20 435 2659 2653
1305 2 2 1 20 446 2657 2649
1306 2 2 1 20 433 2658 2648
1307 2 2 1 20 2649 2669 445
1308 2 2 1 20 2650 2659 436
1309 2 2 1 20 440 2656 439
1310 2 2 1 20 443 2661 2652
1311 2 2 1 20 447 2657 446
1312 2 2 1 20 439 2656 2651
1313 2 2 1 20 2647 2656 440
1314 2 2 1 20 2648 2655 432
1315 2 2 1 20 2651 2660 438
1316 2 2 1 20 441 2670 2647
1317 2 2 1 20 2667 2671 2666
1318 2 2 1 20 2665 2672 2651
1319 2 2 1 20 2648 2671 2667
1320 2 2 1 20 444 2669 2661
1321 2 2 1 20 2653 2671 2658
1322 2 2 1 20 2658 2671 2648
1323 2 2 1 20 2651 2672 2660
1324 2 2 1 20 2660 2672 2650
1325 2 2 1 21 2673 2692 2682
1326 2 2 1 21 2682 2692 2677
1327 2 2 1 21 2676 2693 2684
1328 2 2 1 21 2684 2693 2679
1329 2 2 1 21 2690 2692 2673
1330 2 2 1 21 2681 2694 2680
1331 2 2 1 21 2674 2694 2681
1332 2 2 1 21 2676 2698 2693
1333 2 2 1 21 2675 2695 2689
1334 2 2 1 21 21 2680 463
1335 2 2 1 21 2694 2695 2680
1336 2 2 1 21 451 2679 450
1337 2 2 1 21 459 2678 458
1338 2 2 1 21 453 2676 452
1339 2 2 1 21 462 2675 461
1340 2 2 1 21 449 2674 448
1341 2 2 1 21 457 2673 456
1342 2 2 1 21 455 2677 454
1343 2 2 1 21 2689 2696 2675
1344 2 2 1 21 2691 2693 2692
1345 2 2 1 21 2689 2695 2691
1346 2 2 1 21 2691 2692 2690
1347 2 2 1 21 2691 2694 2693
1348 2 2 1 21 2689 2691 2690
1349 2 2 1 21 2693 2698 2692
1350 2 2 1 21 2680 2695 2683
1351 2 2 1 21 2683 2695 2675
1352 2 2 1 21 2686 2690 2673
1353 2 2 1 21 2678 2690 2686
1354 2 2 1 21 2689 2690 2678
1355 2 2 1 21 2688 2696 2689
1356 2 2 1 21 2691 2695 2694
1357 2 2 1 21 2693 2697 2679
1358 2 2 1 21 2688 2689 2678
1359 2 2 1 21 2680 2683 463
1360 2 2 1 21 448 2681 21
1361 2 2 1 21 2679 2685 450
1362 2 2 1 21 461 2696 460
1363 2 2 1 21 21 2681 2680
1364 2 2 1 21 452 2684 451
1365 2 2 1 21 2678 2686 458
1366 2 2 1 21 460 2688 459
1367 2 2 1 21 453 2687 2676
1368 2 2 1 21 450 2685 449
1369 2 2 1 21 458 2686 457
1370 2 2 1 21 454 2687 453
1371 2 2 1 21 451 2684 2679
1372 2 2 1 21 462 2683 2675
1373 2 2 1 21 449 2685 2674
1374 2 2 1 21 2676 2684 452
1375 2 2 1 21 2675 2696 461
1376 2 2 1 21 459 2688 2678
1377 2 2 1 21 456 2682 455
1378 2 2 1 21 2673 2682 456
1379 2 2 1 21 455 2682 2677
1380 2 2 1 21 463 2683 462
1381 2 2 1 21 457 2686 2673
1382 2 2 1 21 2677 2687 454
1383 2 2 1 21 2674 2681 448
1384 2 2 1 21 2694 2697 2693
1385 2 2 1 21 2692 2698 2677
1386 2 2 1 21 2674 2697 2694
1387 2 2 1 21 460 2696 2688
1388 2 2 1 21 2679 2697 2685
1389 2 2 1 21 2685 2697 2674
1390 2 2 1 21 2677 2698 2687
1391 2 2 1 21 2687 2698 2676
1392 2 2 1 22 2707 2718 2706
1393 2 2 1 22 2710 2719 2705
1394 2 2 1 22 2702 2719 2710
1395 2 2 1 22 2699 2720 2708
1396 2 2 1 22 2700 2718 2707
1397 2 2 1 22 2708 2720 2703
1398 2 2 1 22 2706 2718 2716
1399 2 2 1 22 2699 2721 2720
1400 2 2 1 22 2715 2721 2704
1401 2 2 1 22 22 2706 479
1402 2 2 1 22 2719 2724 2705
1403 2 2 1 22 2717 2721 2715
1404 2 2 1 22 467 2705 466
1405 2 2 1 22 475 2704 474
1406 2 2 1 22 469 2702 468
1407 2 2 1 22 478 2701 477
1408 2 2 1 22 465 2700 464
1409 2 2 1 22 473 2699 472
1410 2 2 1 22 471 2703 470
1411 2 2 1 22 2704 2722 2715
1412 2 2 1 22 2718 2719 2717
1413 2 2 1 22 2716 2718 2717
1414 2 2 1 22 2719 2720 2717
1415 2 2 1 22 2716 2717 2715
1416 2 2 1 22 2702 2723 2719
1417 2 2 1 22 2720 2721 2717
1418 2 2 1 22 2709 2721 2699
1419 2 2 1 22 2704 2721 2709
1420 2 2 1 22 2718 2724 2719
1421 2 2 1 22 2711 2716 2701
1422 2 2 1 22 2715 2722 2714
1423 2 2 1 22 2706 2716 2711
1424 2 2 1 22 2701 2716 2715
1425 2 2 1 22 2701 2715 2714
1426 2 2 1 22 2706 2711 479
1427 2 2 1 22 464 2707 22
1428 2 2 1 22 2705 2712 466
1429 2 2 1 22 477 2714 476
1430 2 2 1 22 2704 2709 474
1431 2 2 1 22 22 2707 2706
1432 2 2 1 22 468 2710 467
1433 2 2 1 22 469 2713 2702
1434 2 2 1 22 466 2712 465
1435 2 2 1 22 476 2722 475
1436 2 2 1 22 474 2709 473
1437 2 2 1 22 470 2713 469
1438 2 2 1 22 467 2710 2705
1439 2 2 1 22 475 2722 2704
1440 2 2 1 22 465 2712 2700
1441 2 2 1 22 478 2711 2701
1442 2 2 1 22 2702 2710 468
1443 2 2 1 22 472 2708 471
1444 2 2 1 22 2699 2708 472
1445 2 2 1 22 2701 2714 477
1446 2 2 1 22 471 2708 2703
1447 2 2 1 22 479 2711 478
1448 2 2 1 22 473 2709 2699
1449 2 2 1 22 2703 2713 470
1450 2 2 1 22 2700 2707 464
1451 2 2 1 22 2719 2723 2720
1452 2 2 1 22 2700 2724 2718
1453 2 2 1 22 2720 2723 2703
1454 2 2 1 22 2714 2722 476
1455 2 2 1 22 2703 2723 2713
1456 2 2 1 22 2713 2723 2702
1457 2 2 1 22 2712 2724 2700
1458 2 2 1 22 2705 2724 2712
1459 2 2 1 23 2733 2743 2732
1460 2 2 1 23 2736 2744 2731
1461 2 2 1 23 2728 2744 2736
1462 2 2 1 23 2725 2745 2734
1463 2 2 1 23 2726 2743 2733
1464 2 2 1 23 2734 2745 2729
1465 2 2 1 23 2732 2743 2741
1466 2 2 1 23 2725 2746 2745
1467 2 2 1 23 2740 2746 2730
1468 2 2 1 23 23 2732 495
1469 2 2 1 23 2744 2750 2731
1470 2 2 1 23 2742 2746 2740
1471 2 2 1 23 483 2731 482
1472 2 2 1 23 491 2730 490
1473 2 2 1 23 485 2728 484
1474 2 2 1 23 494 2727 493
1475 2 2 1 23 481 2726 480
1476 2 2 1 23 489 2725 488
1477 2 2 1 23 487 2729 486
1478 2 2 1 23 2730 2747 2740
1479 2 2 1 23 2743 2744 2742
1480 2 2 1 23 2741 2743 2742
1481 2 2 1 23 2744 2745 2742
1482 2 2 1 23 2741 2742 2740
1483 2 2 1 23 2728 2749 2744
1484 2 2 1 23 2745 2746 2742
1485 2 2 1 23 2738 2746 2725
1486 2 2 1 23 2730 2746 2738
1487 2 2 1 23 2743 2750 2744
1488 2 2 1 23 2735 2741 2727
1489 2 2 1 23 2740 2747 2739
1490 2 2 1 23 2732 2741 2735
1491 2 2 1 23 2727 2741 2740
1492 2 2 1 23 2727 2740 2739
1493 2 2 1 23 2732 2735 495
1494 2 2 1 23 480 2733 23
1495 2 2 1 23 2731 2737 482
1496 2 2 1 23 493 2739 492
1497 2 2 1 23 23 2733 2732
1498 2 2 1 23 484 2736 483
1499 2 2 1 23 2730 2738 490
1500 2 2 1 23 485 2748 2728
1501 2 2 1 23 482 2737 481
1502 2 2 1 23 492 2747 491
1503 2 2 1 23 490 2738 489
1504 2 2 1 23 486 2748 485
1505 2 2 1 23 483 2736 2731
1506 2 2 1 23 491 2747 2730
1507 2 2 1 23 494 2735 2727
1508 2 2 1 23 481 2737 2726
1509 2 2 1 23 2728 2736 484
1510 2 2 1 23 488 2734 487
1511 2 2 1 23 2727 2739 493
1512 2 2 1 23 2725 2734 488
1513 2 2 1 23 487 2734 2729
1514 2 2 1 23 495 2735 494
1515 2 2 1 23 489 2738 2725
1516 2 2 1 23 2729 2748 486
1517 2 2 1 23 2726 2733 480
1518 2 2 1 23 2744 2749 2745
1519 2 2 1 23 2726 2750 2743
1520 2 2 1 23 2745 2749 2729
1521 2 2 1 23 2739 2747 492
1522 2 2 1 23 2729 2749 2748
1523 2 2 1 23 2748 2749 2728
1524 2 2 1 23 2737 2750 2726
1525 2 2 1 23 2731 2750 2737
1526 2 2 1 24 2762 2768 2754
1527 2 2 1 24 2752 2770 2762
1528 2 2 1 24 2754 2763 2762
1529 2 2 1 24 2757 2768 2762
1530 2 2 1 24 2762 2770 2757
1531 2 2 1 24 2752 2762 2760
1532 2 2 1 24 2751 2764 503
1533 2 2 1 24 2751 2765 2763
1534 2 2 1 24 503 2764 502
1535 2 2 1 24 502 2764 501
1536 2 2 1 24 2751 2769 2765
1537 2 2 1 24 501 2764 2754
1538 2 2 1 24 2763 2764 2751
1539 2 2 1 24 2754 2764 2763
1540 2 2 1 24 2765 2769 2756
1541 2 2 1 24 24 2755 511
1542 2 2 1 24 509 2753 508
1543 2 2 1 24 499 2757 498
1544 2 2 1 24 501 2754 500
1545 2 2 1 24 506 2756 505
1546 2 2 1 24 497 2752 496
1547 2 2 1 24 504 2751 503
1548 2 2 1 24 2753 2771 2759
1549 2 2 1 24 2762 2763 2761
1550 2 2 1 24 2760 2762 2761
1551 2 2 1 24 2760 2761 2759
1552 2 2 1 24 2759 2774 2753
1553 2 2 1 24 2763 2765 2761
1554 2 2 1 24 2756 2766 2765
1555 2 2 1 24 2760 2767 2752
1556 2 2 1 24 2755 2767 2760
1557 2 2 1 24 2755 2760 2759
1558 2 2 1 24 2766 2774 2765
1559 2 2 1 24 2765 2774 2761
1560 2 2 1 24 2759 2771 2758
1561 2 2 1 24 2755 2759 2758
1562 2 2 1 24 2755 2758 511
1563 2 2 1 24 496 2767 24
1564 2 2 1 24 2753 2774 2766
1565 2 2 1 24 24 2767 2755
1566 2 2 1 24 511 2758 510
1567 2 2 1 24 2752 2767 496
1568 2 2 1 24 2757 2770 498
1569 2 2 1 24 500 2768 499
1570 2 2 1 24 510 2771 509
1571 2 2 1 24 509 2771 2753
1572 2 2 1 24 498 2770 497
1573 2 2 1 24 499 2768 2757
1574 2 2 1 24 2756 2769 505
1575 2 2 1 24 2753 2773 508
1576 2 2 1 24 505 2769 504
1577 2 2 1 24 2754 2768 500
1578 2 2 1 24 497 2770 2752
1579 2 2 1 24 506 2772 2756
1580 2 2 1 24 504 2769 2751
1581 2 2 1 24 507 2772 506
1582 2 2 1 24 508 2773 507
1583 2 2 1 24 2761 2774 2759
1584 2 2 1 24 2756 2772 2766
1585 2 2 1 24 2766 2773 2753
1586 2 2 1 24 2758 2771 510
1587 2 2 1 24 2772 2773 2766
1588 2 2 1 24 507 2773 2772
1589 2 2 1 25 2786 2792 2778
1590 2 2 1 25 2776 2793 2786
1591 2 2 1 25 2778 2787 2786
1592 2 2 1 25 2781 2792 2786
1593 2 2 1 25 2786 2793 2781
1594 2 2 1 25 2776 2786 2784
1595 2 2 1 25 2775 2788 519
1596 2 2 1 25 2775 2789 2787
1597 2 2 1 25 519 2788 518
1598 2 2 1 25 518 2788 517
1599 2 2 1 25 2775 2794 2789
1600 2 2 1 25 517 2788 2778
1601 2 2 1 25 2787 2788 2775
1602 2 2 1 25 2778 2788 2787
1603 2 2 1 25 2789 2794 2780
1604 2 2 1 25 25 2779 527
1605 2 2 1 25 525 2777 524
1606 2 2 1 25 515 2781 514
1607 2 2 1 25 517 2778 516
1608 2 2 1 25 522 2780 521
1609 2 2 1 25 513 2776 512
1610 2 2 1 25 520 2775 519
1611 2 2 1 25 2777 2795 2783
1612 2 2 1 25 2786 2787 2785
1613 2 2 1 25 2784 2786 2785
1614 2 2 1 25 2784 2785 2783
1615 2 2 1 25 2783 2798 2777
1616 2 2 1 25 2787 2789 2785
1617 2 2 1 25 2780 2790 2789
1618 2 2 1 25 2784 2791 2776
1619 2 2 1 25 2779 2791 2784
1620 2 2 1 25 2779 2784 2783
1621 2 2 1 25 2790 2798 2789
1622 2 2 1 25 2783 2795 2782
1623 2 2 1 25 2789 2798 2785
1624 2 2 1 25 2779 2783 2782
1625 2 2 1 25 2779 2782 527
1626 2 2 1 25 512 2791 25
1627 2 2 1 25 2777 2798 2790
1628 2 2 1 25 25 2791 2779
1629 2 2 1 25 527 2782 526
1630 2 2 1 25 2776 2791 512
1631 2 2 1 25 2781 2793 514
1632 2 2 1 25 516 2792 515
1633 2 2 1 25 526 2795 525
1634 2 2 1 25 525 2795 2777
1635 2 2 1 25 514 2793 513
1636 2 2 1 25 515 2792 2781
1637 2 2 1 25 2777 2797 524
1638 2 2 1 25 2780 2794 521
1639 2 2 1 25 521 2794 520
1640 2 2 1 25 2778 2792 516
1641 2 2 1 25 513 2793 2776
1642 2 2 1 25 522 2796 2780
1643 2 2 1 25 520 2794 2775
1644 2 2 1 25 523 2796 522
1645 2 2 1 25 524 2797 523
1646 2 2 1 25 2785 2798 2783
1647 2 2 1 25 2780 2796 2790
1648 2 2 1 25 2790 2797 2777
1649 2 2 1 25 2782 2795 526
1650 2 2 1 25 2796 2797 2790
1651 2 2 1 25 523 2797 2796
1652 2 2 1 26 2802 2816 2810
1653 2 2 1 26 2810 2817 2800
1654 2 2 1 26 2810 2811 2802
1655 2 2 1 26 2810 2816 2805
1656 2 2 1 26 2805 2817 2810
1657 2 2 1 26 2808 2810 2800
1658 2 2 1 26 536 2812 2799
1659 2 2 1 26 2811 2813 2799
1660 2 2 1 26 537 2812 536
1661 2 2 1 26 538 2812 537
1662 2 2 1 26 2813 2818 2799
1663 2 2 1 26 2802 2812 538
1664 2 2 1 26 2799 2812 2811
1665 2 2 1 26 2811 2812 2802
1666 2 2 1 26 2804 2818 2813
1667 2 2 1 26 528 2803 26
1668 2 2 1 26 531 2801 530
1669 2 2 1 26 541 2805 540
1670 2 2 1 26 539 2802 538
1671 2 2 1 26 534 2804 533
1672 2 2 1 26 543 2800 542
1673 2 2 1 26 536 2799 535
1674 2 2 1 26 2807 2819 2801
1675 2 2 1 26 2809 2811 2810
1676 2 2 1 26 2809 2810 2808
1677 2 2 1 26 2807 2809 2808
1678 2 2 1 26 2801 2822 2807
1679 2 2 1 26 2809 2813 2811
1680 2 2 1 26 2813 2814 2804
1681 2 2 1 26 2800 2815 2808
1682 2 2 1 26 2808 2815 2803
1683 2 2 1 26 2807 2808 2803
1684 2 2 1 26 2813 2822 2814
1685 2 2 1 26 2806 2819 2807
1686 2 2 1 26 2809 2822 2813
1687 2 2 1 26 2806 2807 2803
1688 2 2 1 26 528 2806 2803
1689 2 2 1 26 26 2815 543
1690 2 2 1 26 2814 2822 2801
1691 2 2 1 26 2803 2815 26
1692 2 2 1 26 529 2806 528
1693 2 2 1 26 543 2815 2800
1694 2 2 1 26 541 2817 2805
1695 2 2 1 26 2801 2819 530
1696 2 2 1 26 540 2816 539
1697 2 2 1 26 530 2819 529
1698 2 2 1 26 542 2817 541
1699 2 2 1 26 2805 2816 540
1700 2 2 1 26 531 2821 2801
1701 2 2 1 26 534 2818 2804
1702 2 2 1 26 535 2818 534
1703 2 2 1 26 539 2816 2802
1704 2 2 1 26 2800 2817 542
1705 2 2 1 26 2804 2820 533
1706 2 2 1 26 2799 2818 535
1707 2 2 1 26 533 2820 532
1708 2 2 1 26 532 2821 531
1709 2 2 1 26 2807 2822 2809
1710 2 2 1 26 2814 2820 2804
1711 2 2 1 26 2801 2821 2814
1712 2 2 1 26 529 2819 2806
1713 2 2 1 26 2814 2821 2820
1714 2 2 1 26 2820 2821 532
1715 2 2 1 27 2826 2840 2834
1716 2 2 1 27 2834 2841 2824
1717 2 2 1 27 2834 2835 2826
1718 2 2 1 27 2834 2840 2829
1719 2 2 1 27 2829 2841 2834
1720 2 2 1 27 2832 2834 2824
1721 2 2 1 27 552 2836 2823
1722 2 2 1 27 2835 2837 2823
1723 2 2 1 27 553 2836 552
1724 2 2 1 27 554 2836 553
1725 2 2 1 27 2837 2842 2823
1726 2 2 1 27 2826 2836 554
1727 2 2 1 27 2823 2836 2835
1728 2 2 1 27 2835 2836 2826
1729 2 2 1 27 2828 2842 2837
1730 2 2 1 27 544 2827 27
1731 2 2 1 27 547 2825 546
1732 2 2 1 27 557 2829 556
1733 2 2 1 27 555 2826 554
1734 2 2 1 27 550 2828 549
1735 2 2 1 27 559 2824 558
1736 2 2 1 27 552 2823 551
1737 2 2 1 27 2831 2843 2825
1738 2 2 1 27 2833 2835 2834
1739 2 2 1 27 2833 2834 2832
1740 2 2 1 27 2831 2833 2832
1741 2 2 1 27 2825 2846 2831
1742 2 2 1 27 2833 2837 2835
1743 2 2 1 27 2837 2838 2828
1744 2 2 1 27 2824 2839 2832
1745 2 2 1 27 2832 2839 2827
1746 2 2 1 27 2831 2832 2827
1747 2 2 1 27 2837 2846 2838
1748 2 2 1 27 2833 2846 2837
1749 2 2 1 27 2830 2843 2831
1750 2 2 1 27 2830 2831 2827
1751 2 2 1 27 544 2830 2827
1752 2 2 1 27 27 2839 559
1753 2 2 1 27 2838 2846 2825
1754 2 2 1 27 2827 2839 27
1755 2 2 1 27 545 2830 544
1756 2 2 1 27 559 2839 2824
1757 2 2 1 27 557 2841 2829
1758 2 2 1 27 2825 2843 546
1759 2 2 1 27 556 2840 555
1760 2 2 1 27 546 2843 545
1761 2 2 1 27 558 2841 557
1762 2 2 1 27 2829 2840 556
1763 2 2 1 27 547 2845 2825
1764 2 2 1 27 550 2842 2828
1765 2 2 1 27 551 2842 550
1766 2 2 1 27 555 2840 2826
1767 2 2 1 27 2824 2841 558
1768 2 2 1 27 2828 2844 549
1769 2 2 1 27 2823 2842 551
1770 2 2 1 27 549 2844 548
1771 2 2 1 27 548 2845 547
1772 2 2 1 27 2831 2846 2833
1773 2 2 1 27 2838 2844 2828
1774 2 2 1 27 2825 2845 2838
1775 2 2 1 27 545 2843 2830
1776 2 2 1 27 2838 2845 2844
1777 2 2 1 27 2844 2845 548
1778 2 2 1 28 2847 2866 2856
1779 2 2 1 28 2856 2866 2851
1780 2 2 1 28 2850 2867 2858
1781 2 2 1 28 2858 2867 2853
1782 2 2 1 28 2864 2866 2847
1783 2 2 1 28 2855 2868 2854
1784 2 2 1 28 2848 2868 2855
1785 2 2 1 28 2850 2872 2867
1786 2 2 1 28 2849 2869 2863
1787 2 2 1 28 28 2854 575
1788 2 2 1 28 2868 2869 2854
1789 2 2 1 28 563 2853 562
1790 2 2 1 28 571 2852 570
1791 2 2 1 28 565 2850 564
1792 2 2 1 28 574 2849 573
1793 2 2 1 28 561 2848 560
1794 2 2 1 28 569 2847 568
1795 2 2 1 28 567 2851 566
1796 2 2 1 28 2863 2870 2849
1797 2 2 1 28 2865 2867 2866
1798 2 2 1 28 2863 2869 2865
1799 2 2 1 28 2865 2866 2864
1800 2 2 1 28 2865 2868 2867
1801 2 2 1 28 2863 2865 2864
1802 2 2 1 28 2867 2872 2866
1803 2 2 1 28 2854 2869 2859
1804 2 2 1 28 2859 2869 2849
1805 2 2 1 28 2857 2864 2847
1806 2 2 1 28 2852 2864 2857
1807 2 2 1 28 2863 2864 2852
1808 2 2 1 28 2862 2870 2863
1809 2 2 1 28 2865 2869 2868
1810 2 2 1 28 2867 2871 2853
1811 2 2 1 28 2862 2863 2852
1812 2 2 1 28 2854 2859 575
1813 2 2 1 28 560 2855 28
1814 2 2 1 28 2853 2860 562
1815 2 2 1 28 2852 2857 570
1816 2 2 1 28 28 2855 2854
1817 2 2 1 28 573 2870 572
1818 2 2 1 28 564 2858 563
1819 2 2 1 28 565 2861 2850
1820 2 2 1 28 572 2862 571
1821 2 2 1 28 562 2860 561
1822 2 2 1 28 570 2857 569
1823 2 2 1 28 566 2861 565
1824 2 2 1 28 563 2858 2853
1825 2 2 1 28 571 2862 2852
1826 2 2 1 28 561 2860 2848
1827 2 2 1 28 2850 2858 564
1828 2 2 1 28 2847 2856 568
1829 2 2 1 28 574 2859 2849
1830 2 2 1 28 2849 2870 573
1831 2 2 1 28 568 2856 567
1832 2 2 1 28 567 2856 2851
1833 2 2 1 28 575 2859 574
1834 2 2 1 28 569 2857 2847
1835 2 2 1 28 2851 2861 566
1836 2 2 1 28 2848 2855 560
1837 2 2 1 28 2868 2871 2867
1838 2 2 1 28 2866 2872 2851
1839 2 2 1 28 2848 2871 2868
1840 2 2 1 28 572 2870 2862
1841 2 2 1 28 2853 2871 2860
1842 2 2 1 28 2860 2871 2848
1843 2 2 1 28 2851 2872 2861
1844 2 2 1 28 2861 2872 2850
1845 2 2 1 29 2884 2890 2876
1846 2 2 1 29 2874 2891 2884
1847 2 2 1 29 2876 2885 2884
1848 2 2 1 29 2879 2890 2884
1849 2 2 1 29 2884 2891 2879
1850 2 2 1 29 2874 2884 2882
1851 2 2 1 29 2873 2886 583
1852 2 2 1 29 2873 2887 2885
1853 2 2 1 29 583 2886 582
1854 2 2 1 29 582 2886 581
1855 2 2 1 29 2873 2892 2887
1856 2 2 1 29 581 2886 2876
1857 2 2 1 29 2885 2886 2873
1858 2 2 1 29 2876 2886 2885
1859 2 2 1 29 2887 2892 2878
1860 2 2 1 29 29 2877 591
1861 2 2 1 29 589 2875 588
1862 2 2 1 29 579 2879 578
1863 2 2 1 29 581 2876 580
1864 2 2 1 29 586 2878 585
1865 2 2 1 29 577 2874 576
1866 2 2 1 29 584 2873 583
1867 2 2 1 29 2875 2893 2881
1868 2 2 1 29 2884 2885 2883
1869 2 2 1 29 2882 2884 2883
1870 2 2 1 29 2882 2883 2881
1871 2 2 1 29 2881 2896 2875
1872 2 2 1 29 2885 2887 2883
1873 2 2 1 29 2878 2888 2887
1874 2 2 1 29 2882 2889 2874
1875 2 2 1 29 2877 2889 2882
1876 2 2 1 29 2877 2882 2881
1877 2 2 1 29 2888 2896 2887
1878 2 2 1 29 2881 2893 2880
1879 2 2 1 29 2887 2896 2883
1880 2 2 1 29 2877 2881 2880
1881 2 2 1 29 2877 2880 591
1882 2 2 1 29 576 2889 29
1883 2 2 1 29 2875 2896 2888
1884 2 2 1 29 29 2889 2877
1885 2 2 1 29 591 2880 590
1886 2 2 1 29 2874 2889 576
1887 2 2 1 29 2879 2891 578
1888 2 2 1 29 580 2890 579
1889 2 2 1 29 590 2893 589
1890 2 2 1 29 589 2893 2875
1891 2 2 1 29 578 2891 577
1892 2 2 1 29 579 2890 2879
1893 2 2 1 29 2875 2895 588
1894 2 2 1 29 2878 2892 585
1895 2 2 1 29 585 2892 584
1896 2 2 1 29 2876 2890 580
1897 2 2 1 29 577 2891 2874
1898 2 2 1 29 586 2894 2878
1899 2 2 1 29 584 2892 2873
1900 2 2 1 29 587 2894 586
1901 2 2 1 29 588 2895 587
1902 2 2 1 29 2883 2896 2881
1903 2 2 1 29 2878 2894 2888
1904 2 2 1 29 2888 2895 2875
1905 2 2 1 29 2880 2893 590
1906 2 2 1 29 2894 2895 2888
1907 2 2 1 29 587 2895 2894
1908 2 2 1 30 2908 2914 2900
1909 2 2 1 30 2898 2916 2908
1910 2 2 1 30 2900 2909 2908
1911 2 2 1 30 2903 2914 2908
1912 2 2 1 30 2908 2916 2903
1913 2 2 1 30 2898 2908 2906
1914 2 2 1 30 2897 2910 599
1915 2 2 1 30 2897 2911 2909
1916 2 2 1 30 599 2910 598
1917 2 2 1 30 598 2910 597
1918 2 2 1 30 2897 2915 2911
1919 2 2 1 30 597 2910 2900
1920 2 2 1 30 2909 2910 2897
1921 2 2 1 30 2900 2910 2909
1922 2 2 1 30 2911 2915 2902
1923 2 2 1 30 30 2901 607
1924 2 2 1 30 605 2899 604
1925 2 2 1 30 595 2903 594
1926 2 2 1 30 597 2900 596
1927 2 2 1 30 602 2902 601
1928 2 2 1 30 593 2898 592
1929 2 2 1 30 600 2897 599
1930 2 2 1 30 2899 2917 2905
1931 2 2 1 30 2908 2909 2907
1932 2 2 1 30 2906 2908 2907
1933 2 2 1 30 2906 2907 2905
1934 2 2 1 30 2905 2920 2899
1935 2 2 1 30 2909 2911 2907
1936 2 2 1 30 2902 2912 2911
1937 2 2 1 30 2906 2913 2898
1938 2 2 1 30 2901 2913 2906
1939 2 2 1 30 2901 2906 2905
1940 2 2 1 30 2912 2920 2911
1941 2 2 1 30 2911 2920 2907
1942 2 2 1 30 2905 2917 2904
1943 2 2 1 30 2901 2905 2904
1944 2 2 1 30 2901 2904 607
1945 2 2 1 30 592 2913 30
1946 2 2 1 30 2899 2920 2912
1947 2 2 1 30 30 2913 2901
1948 2 2 1 30 607 2904 606
1949 2 2 1 30 2898 2913 592
1950 2 2 1 30 2903 2916 594
1951 2 2 1 30 596 2914 595
1952 2 2 1 30 606 2917 605
1953 2 2 1 30 605 2917 2899
1954 2 2 1 30 594 2916 593
1955 2 2 1 30 2902 2915 601
1956 2 2 1 30 595 2914 2903
1957 2 2 1 30 2899 2919 604
1958 2 2 1 30 601 2915 600
1959 2 2 1 30 2900 2914 596
1960 2 2 1 30 593 2916 2898
1961 2 2 1 30 600 2915 2897
1962 2 2 1 30 602 2918 2902
1963 2 2 1 30 603 2918 602
1964 2 2 1 30 604 2919 603
1965 2 2 1 30 2907 2920 2905
1966 2 2 1 30 2902 2918 2912
1967 2 2 1 30 2912 2919 2899
1968 2 2 1 30 2904 2917 606
1969 2 2 1 30 2918 2919 2912
1970 2 2 1 30 603 2919 2918
1971 2 2 1 31 2929 2940 2928
1972 2 2 1 31 2931 2941 2927
1973 2 2 1 31 2924 2941 2931
1974 2 2 1 31 2921 2942 2930
1975 2 2 1 31 2922 2940 2929
1976 2 2 1 31 2930 2942 2925
1977 2 2 1 31 2928 2940 2938
1978 2 2 1 31 2921 2943 2942
1979 2 2 1 31 2937 2943 2926
1980 2 2 1 31 31 2928 623
1981 2 2 1 31 2941 2946 2927
1982 2 2 1 31 2939 2943 2937
1983 2 2 1 31 611 2927 610
1984 2 2 1 31 619 2926 618
1985 2 2 1 31 613 2924 612
1986 2 2 1 31 622 2923 621
1987 2 2 1 31 609 2922 608
1988 2 2 1 31 617 2921 616
1989 2 2 1 31 615 2925 614
1990 2 2 1 31 2926 2944 2937
1991 2 2 1 31 2940 2941 2939
1992 2 2 1 31 2938 2940 2939
1993 2 2 1 31 2941 2942 2939
1994 2 2 1 31 2938 2939 2937
1995 2 2 1 31 2924 2945 2941
1996 2 2 1 31 2942 2943 2939
1997 2 2 1 31 2932 2943 2921
1998 2 2 1 31 2926 2943 2932
1999 2 2 1 31 2940 2946 2941
2000 2 2 1 31 2933 2938 2923
2001 2 2 1 31 2937 2944 2936
2002 2 2 1 31 2928 2938 2933
2003 2 2 1 31 2923 2938 2937
2004 2 2 1 31 2923 2937 2936
2005 2 2 1 31 2928 2933 623
2006 2 2 1 31 608 2929 31
2007 2 2 1 31 2927 2934 610
2008 2 2 1 31 621 2936 620
2009 2 2 1 31 31 2929 2928
2010 2 2 1 31 2926 2932 618
2011 2 2 1 31 612 2931 611
2012 2 2 1 31 613 2935 2924
2013 2 2 1 31 610 2934 609
2014 2 2 1 31 620 2944 619
2015 2 2 1 31 618 2932 617
2016 2 2 1 31 614 2935 613
2017 2 2 1 31 611 2931 2927
2018 2 2 1 31 619 2944 2926
2019 2 2 1 31 609 2934 2922
2020 2 2 1 31 622 2933 2923
2021 2 2 1 31 2924 2931 612
2022 2 2 1 31 616 2930 615
2023 2 2 1 31 2921 2930 616
2024 2 2 1 31 2923 2936 621
2025 2 2 1 31 615 2930 2925
2026 2 2 1 31 623 2933 622
2027 2 2 1 31 617 2932 2921
2028 2 2 1 31 2925 2935 614
2029 2 2 1 31 2922 2929 608
2030 2 2 1 31 2941 2945 2942
2031 2 2 1 31 2922 2946 2940
2032 2 2 1 31 2942 2945 2925
2033 2 2 1 31 2936 2944 620
2034 2 2 1 31 2925 2945 2935
2035 2 2 1 31 2935 2945 2924
2036 2 2 1 31 2934 2946 2922
2037 2 2 1 31 2927 2946 2934
2038 2 2 1 32 2958 2964 2950
2039 2 2 1 32 2948 2965 2958
2040 2 2 1 32 2950 2959 2958
2041 2 2 1 32 2953 2964 2958
2042 2 2 1 32 2958 2965 2953
2043 2 2 1 32 2948 2958 2956
2044 2 2 1 32 2947 2960 631
2045 2 2 1 32 2947 2961 2959
2046 2 2 1 32 631 2960 630
2047 2 2 1 32 630 2960 629
2048 2 2 1 32 629 2960 2950
2049 2 2 1 32 2947 2966 2961
2050 2 2 1 32 2959 2960 2947
2051 2 2 1 32 2950 2960 2959
2052 2 2 1 32 2961 2966 2952
2053 2 2 1 32 32 2951 639
2054 2 2 1 32 637 2949 636
2055 2 2 1 32 627 2953 626
2056 2 2 1 32 629 2950 628
2057 2 2 1 32 634 2952 633
2058 2 2 1 32 625 2948 624
2059 2 2 1 32 632 2947 631
2060 2 2 1 32 2949 2967 2955
2061 2 2 1 32 2958 2959 2957
2062 2 2 1 32 2956 2958 2957
2063 2 2 1 32 2956 2957 2955
2064 2 2 1 32 2955 2970 2949
2065 2 2 1 32 2959 2961 2957
2066 2 2 1 32 2952 2962 2961
2067 2 2 1 32 2956 2963 2948
2068 2 2 1 32 2951 2963 2956
2069 2 2 1 32 2951 2956 2955
2070 2 2 1 32 2962 2970 2961
2071 2 2 1 32 2955 2967 2954
2072 2 2 1 32 2961 2970 2957
2073 2 2 1 32 2951 2955 2954
2074 2 2 1 32 2951 2954 639
2075 2 2 1 32 624 2963 32
2076 2 2 1 32 2949 2970 2962
2077 2 2 1 32 32 2963 2951
2078 2 2 1 32 639 2954 638
2079 2 2 1 32 2948 2963 624
2080 2 2 1 32 2953 2965 626
2081 2 2 1 32 628 2964 627
2082 2 2 1 32 638 2967 637
2083 2 2 1 32 637 2967 2949
2084 2 2 1 32 626 2965 625
2085 2 2 1 32 627 2964 2953
2086 2 2 1 32 2949 2969 636
2087 2 2 1 32 2952 2966 633
2088 2 2 1 32 633 2966 632
2089 2 2 1 32 2950 2964 628
2090 2 2 1 32 625 2965 2948
2091 2 2 1 32 634 2968 2952
2092 2 2 1 32 632 2966 2947
2093 2 2 1 32 635 2968 634
2094 2 2 1 32 636 2969 635
2095 2 2 1 32 2957 2970 2955
2096 2 2 1 32 2952 2968 2962
2097 2 2 1 32 2962 2969 2949
2098 2 2 1 32 2954 2967 638
2099 2 2 1 32 2968 2969 2962
2100 2 2 1 32 635 2969 2968
2101 2 2 1 33 2971 2990 2980
2102 2 2 1 33 2980 2990 2975
2103 2 2 1 33 2974 2991 2982
2104 2 2 1 33 2982 2991 2977
2105 2 2 1 33 2988 2990 2971
2106 2 2 1 33 2979 2992 2978
2107 2 2 1 33 2972 2992 2979
2108 2 2 1 33 2974 2996 2991
2109 2 2 1 33 2973 2993 2987
2110 2 2 1 33 33 2978 655
2111 2 2 1 33 2992 2993 2978
2112 2 2 1 33 643 2977 642
2113 2 2 1 33 651 2976 650
2114 2 2 1 33 645 2974 644
2115 2 2 1 33 654 2973 653
2116 2 2 1 33 641 2972 640
2117 2 2 1 33 649 2971 648
2118 2 2 1 33 647 2975 646
2119 2 2 1 33 2987 2994 2973
2120 2 2 1 33 2989 2991 2990
2121 2 2 1 33 2987 2993 2989
2122 2 2 1 33 2989 2990 2988
2123 2 2 1 33 2989 2992 2991
2124 2 2 1 33 2987 2989 2988
2125 2 2 1 33 2991 2996 2990
2126 2 2 1 33 2978 2993 2983
2127 2 2 1 33 2983 2993 2973
2128 2 2 1 33 2981 2988 2971
2129 2 2 1 33 2976 2988 2981
2130 2 2 1 33 2987 2988 2976
2131 2 2 1 33 2986 2994 2987
2132 2 2 1 33 2989 2993 2992
2133 2 2 1 33 2991 2995 2977
2134 2 2 1 33 2986 2987 2976
2135 2 2 1 33 2978 2983 655
2136 2 2 1 33 640 2979 33
2137 2 2 1 33 2977 2984 642
2138 2 2 1 33 2976 2981 650
2139 2 2 1 33 653 2994 652
2140 2 2 1 33 33 2979 2978
2141 2 2 1 33 644 2982 643
2142 2 2 1 33 652 2986 651
2143 2 2 1 33 645 2985 2974
2144 2 2 1 33 642 2984 641
2145 2 2 1 33 650 2981 649
2146 2 2 1 33 646 2985 645
2147 2 2 1 33 643 2982 2977
2148 2 2 1 33 641 2984 2972
2149 2 2 1 33 654 2983 2973
2150 2 2 1 33 2974 2982 644
2151 2 2 1 33 651 2986 2976
2152 2 2 1 33 2971 2980 648
2153 2 2 1 33 648 2980 647
2154 2 2 1 33 2973 2994 653
2155 2 2 1 33 647 2980 2975
2156 2 2 1 33 655 2983 654
2157 2 2 1 33 649 2981 2971
2158 2 2 1 33 2975 2985 646
2159 2 2 1 33 2972 2979 640
2160 2 2 1 33 2992 2995 2991
2161 2 2 1 33 2990 2996 2975
2162 2 2 1 33 2972 2995 2992
2163 2 2 1 33 652 2994 2986
2164 2 2 1 33 2977 2995 2984
2165 2 2 1 33 2984 2995 2972
2166 2 2 1 33 2975 2996 2985
2167 2 2 1 33 2985 2996 2974
2168 2 2 1 34 3000 3014 3008
2169 2 2 1 34 3008 3015 2998
2170 2 2 1 34 3008 3009 3000
2171 2 2 1 34 3008 3014 3003
2172 2 2 1 34 3003 3015 3008
2173 2 2 1 34 3006 3008 2998
2174 2 2 1 34 664 3010 2997
2175 2 2 1 34 3009 3011 2997
2176 2 2 1 34 665 3010 664
2177 2 2 1 34 666 3010 665
2178 2 2 1 34 3011 3016 2997
2179 2 2 1 34 3000 3010 666
2180 2 2 1 34 2997 3010 3009
2181 2 2 1 34 3009 3010 3000
2182 2 2 1 34 3002 3016 3011
2183 2 2 1 34 656 3001 34
2184 2 2 1 34 659 2999 658
2185 2 2 1 34 669 3003 668
2186 2 2 1 34 667 3000 666
2187 2 2 1 34 662 3002 661
2188 2 2 1 34 671 2998 670
2189 2 2 1 34 664 2997 663
2190 2 2 1 34 3005 3017 2999
2191 2 2 1 34 3007 3009 3008
2192 2 2 1 34 3007 3008 3006
2193 2 2 1 34 3005 3007 3006
2194 2 2 1 34 2999 3020 3005
2195 2 2 1 34 3007 3011 3009
2196 2 2 1 34 3011 3012 3002
2197 2 2 1 34 2998 3013 3006
2198 2 2 1 34 3006 3013 3001
2199 2 2 1 34 3005 3006 3001
2200 2 2 1 34 3011 3020 3012
2201 2 2 1 34 3004 3017 3005
2202 2 2 1 34 3007 3020 3011
2203 2 2 1 34 3004 3005 3001
2204 2 2 1 34 656 3004 3001
2205 2 2 1 34 34 3013 671
2206 2 2 1 34 3012 3020 2999
2207 2 2 1 34 3001 3013 34
2208 2 2 1 34 657 3004 656
2209 2 2 1 34 671 3013 2998
2210 2 2 1 34 669 3015 3003
2211 2 2 1 34 2999 3017 658
2212 2 2 1 34 658 3017 657
2213 2 2 1 34 668 3014 667
2214 2 2 1 34 670 3015 669
2215 2 2 1 34 3003 3014 668
2216 2 2 1 34 659 3019 2999
2217 2 2 1 34 662 3016 3002
2218 2 2 1 34 663 3016 662
2219 2 2 1 34 667 3014 3000
2220 2 2 1 34 2998 3015 670
2221 2 2 1 34 3002 3018 661
2222 2 2 1 34 2997 3016 663
2223 2 2 1 34 661 3018 660
2224 2 2 1 34 660 3019 659
2225 2 2 1 34 3005 3020 3007
2226 2 2 1 34 3012 3018 3002
2227 2 2 1 34 2999 3019 3012
2228 2 2 1 34 657 3017 3004
2229 2 2 1 34 3012 3019 3018
2230 2 2 1 34 3018 3019 660
2231 2 2 1 35 3024 3038 3032
2232 2 2 1 35 3032 3039 3022
2233 2 2 1 35 3032 3033 3024
2234 2 2 1 35 3032 3038 3027
2235 2 2 1 35 3027 3039 3032
2236 2 2 1 35 3030 3032 3022
2237 2 2 1 35 680 3034 3021
2238 2 2 1 35 3033 3035 3021
2239 2 2 1 35 681 3034 680
2240 2 2 1 35 682 3034 681
2241 2 2 1 35 3035 3040 3021
2242 2 2 1 35 3024 3034 682
2243 2 2 1 35 3021 3034 3033
2244 2 2 1 35 3033 3034 3024
2245 2 2 1 35 3026 3040 3035
2246 2 2 1 35 672 3025 35
2247 2 2 1 35 675 3023 674
2248 2 2 1 35 685 3027 684
2249 2 2 1 35 683 3024 682
2250 2 2 1 35 678 3026 677
2251 2 2 1 35 687 3022 686
2252 2 2 1 35 680 3021 679
2253 2 2 1 35 3029 3041 3023
2254 2 2 1 35 3031 3033 3032
2255 2 2 1 35 3031 3032 3030
2256 2 2 1 35 3029 3031 3030
2257 2 2 1 35 3023 3044 3029
2258 2 2 1 35 3031 3035 3033
2259 2 2 1 35 3035 3036 3026
2260 2 2 1 35 3022 3037 3030
2261 2 2 1 35 3030 3037 3025
2262 2 2 1 35 3029 3030 3025
2263 2 2 1 35 3035 3044 3036
2264 2 2 1 35 3028 3041 3029
2265 2 2 1 35 3031 3044 3035
2266 2 2 1 35 3028 3029 3025
2267 2 2 1 35 672 3028 3025
2268 2 2 1 35 35 3037 687
2269 2 2 1 35 3036 3044 3023
2270 2 2 1 35 3025 3037 35
2271 2 2 1 35 673 3028 672
2272 2 2 1 35 687 3037 3022
2273 2 2 1 35 685 3039 3027
2274 2 2 1 35 3023 3041 674
2275 2 2 1 35 684 3038 683
2276 2 2 1 35 674 3041 673
2277 2 2 1 35 686 3039 685
2278 2 2 1 35 3027 3038 684
2279 2 2 1 35 675 3043 3023
2280 2 2 1 35 678 3040 3026
2281 2 2 1 35 679 3040 678
2282 2 2 1 35 683 3038 3024
2283 2 2 1 35 3022 3039 686
2284 2 2 1 35 3026 3042 677
2285 2 2 1 35 3021 3040 679
2286 2 2 1 35 677 3042 676
2287 2 2 1 35 676 3043 675
2288 2 2 1 35 3029 3044 3031
2289 2 2 1 35 3036 3042 3026
2290 2 2 1 35 3023 3043 3036
2291 2 2 1 35 673 3041 3028
2292 2 2 1 35 3036 3043 3042
2293 2 2 1 35 3042 3043 676
2294 2 2 1 36 3054 3064 3045
2295 2 2 1 36 3049 3064 3054
2296 2 2 1 36 3056 3065 3048
2297 2 2 1 36 3051 3065 3056
2298 2 2 1 36 3045 3064 3062
2299 2 2 1 36 3052 3066 3053
2300 2 2 1 36 3053 3066 3046
2301 2 2 1 36 3065 3070 3048
2302 2 2 1 36 3061 3067 3047
2303 2 2 1 36 688 3052 36
2304 2 2 1 36 3052 3067 3066
2305 2 2 1 36 701 3051 700
2306 2 2 1 36 693 3050 692
2307 2 2 1 36 699 3048 698
2308 2 2 1 36 690 3047 689
2309 2 2 1 36 703 3046 702
2310 2 2 1 36 695 3045 694
2311 2 2 1 36 697 3049 696
2312 2 2 1 36 3047 3068 3061
2313 2 2 1 36 3064 3065 3063
2314 2 2 1 36 3063 3067 3061
2315 2 2 1 36 3062 3064 3063
2316 2 2 1 36 3065 3066 3063
2317 2 2 1 36 3062 3063 3061
2318 2 2 1 36 3064 3070 3065
2319 2 2 1 36 3055 3067 3052
2320 2 2 1 36 3047 3067 3055
2321 2 2 1 36 3045 3062 3058
2322 2 2 1 36 3058 3062 3050
2323 2 2 1 36 3050 3062 3061
2324 2 2 1 36 3061 3068 3060
2325 2 2 1 36 3066 3067 3063
2326 2 2 1 36 3051 3069 3065
2327 2 2 1 36 3050 3061 3060
2328 2 2 1 36 688 3055 3052
2329 2 2 1 36 36 3053 703
2330 2 2 1 36 701 3057 3051
2331 2 2 1 36 691 3068 690
2332 2 2 1 36 3052 3053 36
2333 2 2 1 36 693 3058 3050
2334 2 2 1 36 692 3060 691
2335 2 2 1 36 3048 3059 698
2336 2 2 1 36 702 3057 701
2337 2 2 1 36 3051 3056 700
2338 2 2 1 36 700 3056 699
2339 2 2 1 36 694 3058 693
2340 2 2 1 36 698 3059 697
2341 2 2 1 36 3046 3057 702
2342 2 2 1 36 3047 3055 689
2343 2 2 1 36 699 3056 3048
2344 2 2 1 36 690 3068 3047
2345 2 2 1 36 3050 3060 692
2346 2 2 1 36 696 3054 695
2347 2 2 1 36 695 3054 3045
2348 2 2 1 36 3049 3054 696
2349 2 2 1 36 689 3055 688
2350 2 2 1 36 3045 3058 694
2351 2 2 1 36 697 3059 3049
2352 2 2 1 36 703 3053 3046
2353 2 2 1 36 3065 3069 3066
2354 2 2 1 36 3049 3070 3064
2355 2 2 1 36 3066 3069 3046
2356 2 2 1 36 3060 3068 691
2357 2 2 1 36 3057 3069 3051
2358 2 2 1 36 3046 3069 3057
2359 2 2 1 36 3059 3070 3049
2360 2 2 1 36 3048 3070 3059
2361 2 2 1 37 3080 3085 3076
2362 2 2 1 37 3073 3085 3080
2363 2 2 1 37 3079 3086 3078
2364 2 2 1 37 3072 3086 3079
2365 2 2 1 37 3087 3090 3074
2366 2 2 1 37 3076 3085 3083
2367 2 2 1 37 3077 3090 3087
2368 2 2 1 37 3074 3088 3087
2369 2 2 1 37 3082 3088 3075
2370 2 2 1 37 37 3078 719
2371 2 2 1 37 3086 3096 3078
2372 2 2 1 37 707 3077 706
2373 2 2 1 37 718 3073 717
2374 2 2 1 37 709 3074 708
2375 2 2 1 37 716 3076 715
2376 2 2 1 37 714 3071 713
2377 2 2 1 37 705 3072 704
2378 2 2 1 37 711 3075 710
2379 2 2 1 37 3075 3091 3082
2380 2 2 1 37 3085 3086 3084
2381 2 2 1 37 3084 3088 3082
2382 2 2 1 37 3083 3085 3084
2383 2 2 1 37 3086 3087 3084
2384 2 2 1 37 3083 3084 3082
2385 2 2 1 37 3074 3092 3088
2386 2 2 1 37 3085 3096 3086
2387 2 2 1 37 3072 3095 3086
2388 2 2 1 37 3088 3092 3075
2389 2 2 1 37 3071 3094 3083
2390 2 2 1 37 3083 3094 3076
2391 2 2 1 37 3082 3091 3081
2392 2 2 1 37 3071 3083 3082
2393 2 2 1 37 3087 3088 3084
2394 2 2 1 37 3071 3082 3081
2395 2 2 1 37 3078 3089 719
2396 2 2 1 37 704 3079 37
2397 2 2 1 37 3077 3093 706
2398 2 2 1 37 717 3080 716
2399 2 2 1 37 709 3092 3074
2400 2 2 1 37 37 3079 3078
2401 2 2 1 37 708 3090 707
2402 2 2 1 37 3076 3094 715
2403 2 2 1 37 716 3080 3076
2404 2 2 1 37 706 3093 705
2405 2 2 1 37 707 3090 3077
2406 2 2 1 37 715 3094 714
2407 2 2 1 37 713 3081 712
2408 2 2 1 37 710 3092 709
2409 2 2 1 37 718 3089 3073
2410 2 2 1 37 3073 3080 717
2411 2 2 1 37 3074 3090 708
2412 2 2 1 37 3071 3081 713
2413 2 2 1 37 705 3093 3072
2414 2 2 1 37 711 3091 3075
2415 2 2 1 37 712 3091 711
2416 2 2 1 37 719 3089 718
2417 2 2 1 37 714 3094 3071
2418 2 2 1 37 3075 3092 710
2419 2 2 1 37 3072 3079 704
2420 2 2 1 37 3086 3095 3087
2421 2 2 1 37 3073 3096 3085
2422 2 2 1 37 3087 3095 3077
2423 2 2 1 37 3081 3091 712
2424 2 2 1 37 3077 3095 3093
2425 2 2 1 37 3093 3095 3072
2426 2 2 1 37 3089 3096 3073
2427 2 2 1 37 3078 3096 3089
2428 2 2 1 38 3108 3114 3100
2429 2 2 1 38 3098 3116 3108
2430 2 2 1 38 3100 3109 3108
2431 2 2 1 38 3103 3114 3108
2432 2 2 1 38 3108 3116 3103
2433 2 2 1 38 3098 3108 3106
2434 2 2 1 38 3097 3110 727
2435 2 2 1 38 3097 3111 3109
2436 2 2 1 38 727 3110 726
2437 2 2 1 38 726 3110 725
2438 2 2 1 38 3097 3115 3111
2439 2 2 1 38 725 3110 3100
2440 2 2 1 38 3109 3110 3097
2441 2 2 1 38 3100 3110 3109
2442 2 2 1 38 3111 3115 3102
2443 2 2 1 38 38 3101 735
2444 2 2 1 38 733 3099 732
2445 2 2 1 38 723 3103 722
2446 2 2 1 38 725 3100 724
2447 2 2 1 38 730 3102 729
2448 2 2 1 38 721 3098 720
2449 2 2 1 38 728 3097 727
2450 2 2 1 38 3099 3117 3105
2451 2 2 1 38 3108 3109 3107
2452 2 2 1 38 3106 3108 3107
2453 2 2 1 38 3106 3107 3105
2454 2 2 1 38 3105 3120 3099
2455 2 2 1 38 3109 3111 3107
2456 2 2 1 38 3102 3112 3111
2457 2 2 1 38 3106 3113 3098
2458 2 2 1 38 3101 3113 3106
2459 2 2 1 38 3101 3106 3105
2460 2 2 1 38 3112 3120 3111
2461 2 2 1 38 3111 3120 3107
2462 2 2 1 38 3105 3117 3104
2463 2 2 1 38 3101 3105 3104
2464 2 2 1 38 3101 3104 735
2465 2 2 1 38 720 3113 38
2466 2 2 1 38 3099 3120 3112
2467 2 2 1 38 38 3113 3101
2468 2 2 1 38 735 3104 734
2469 2 2 1 38 3098 3113 720
2470 2 2 1 38 3103 3116 722
2471 2 2 1 38 724 3114 723
2472 2 2 1 38 734 3117 733
2473 2 2 1 38 733 3117 3099
2474 2 2 1 38 722 3116 721
2475 2 2 1 38 723 3114 3103
2476 2 2 1 38 3102 3115 729
2477 2 2 1 38 3099 3119 732
2478 2 2 1 38 729 3115 728
2479 2 2 1 38 3100 3114 724
2480 2 2 1 38 721 3116 3098
2481 2 2 1 38 730 3118 3102
2482 2 2 1 38 728 3115 3097
2483 2 2 1 38 731 3118 730
2484 2 2 1 38 732 3119 731
2485 2 2 1 38 3107 3120 3105
2486 2 2 1 38 3102 3118 3112
2487 2 2 1 38 3112 3119 3099
2488 2 2 1 38 3104 3117 734
2489 2 2 1 38 3118 3119 3112
2490 2 2 1 38 731 3119 3118
2491 2 2 1 39 3132 3138 3124
2492 2 2 1 39 3122 3139 3132
2493 2 2 1 39 3124 3133 3132
2494 2 2 1 39 3127 3138 3132
2495 2 2 1 39 3132 3139 3127
2496 2 2 1 39 3122 3132 3130
2497 2 2 1 39 3121 3134 743
2498 2 2 1 39 3121 3135 3133
2499 2 2 1 39 743 3134 742
2500 2 2 1 39 742 3134 741
2501 2 2 1 39 3121 3140 3135
2502 2 2 1 39 741 3134 3124
2503 2 2 1 39 3133 3134 3121
2504 2 2 1 39 3124 3134 3133
2505 2 2 1 39 3135 3140 3126
2506 2 2 1 39 39 3125 751
2507 2 2 1 39 749 3123 748
2508 2 2 1 39 739 3127 738
2509 2 2 1 39 741 3124 740
2510 2 2 1 39 746 3126 745
2511 2 2 1 39 737 3122 736
2512 2 2 1 39 744 3121 743
2513 2 2 1 39 3123 3141 3129
2514 2 2 1 39 3132 3133 3131
2515 2 2 1 39 3130 3132 3131
2516 2 2 1 39 3130 3131 3129
2517 2 2 1 39 3129 3144 3123
2518 2 2 1 39 3133 3135 3131
2519 2 2 1 39 3126 3136 3135
2520 2 2 1 39 3130 3137 3122
2521 2 2 1 39 3125 3137 3130
2522 2 2 1 39 3125 3130 3129
2523 2 2 1 39 3136 3144 3135
2524 2 2 1 39 3129 3141 3128
2525 2 2 1 39 3135 3144 3131
2526 2 2 1 39 3125 3129 3128
2527 2 2 1 39 3125 3128 751
2528 2 2 1 39 736 3137 39
2529 2 2 1 39 3123 3144 3136
2530 2 2 1 39 39 3137 3125
2531 2 2 1 39 751 3128 750
2532 2 2 1 39 3122 3137 736
2533 2 2 1 39 3127 3139 738
2534 2 2 1 39 740 3138 739
2535 2 2 1 39 750 3141 749
2536 2 2 1 39 749 3141 3123
2537 2 2 1 39 738 3139 737
2538 2 2 1 39 739 3138 3127
2539 2 2 1 39 3123 3143 748
2540 2 2 1 39 3126 3140 745
2541 2 2 1 39 745 3140 744
2542 2 2 1 39 3124 3138 740
2543 2 2 1 39 737 3139 3122
2544 2 2 1 39 746 3142 3126
2545 2 2 1 39 744 3140 3121
2546 2 2 1 39 747 3142 746
2547 2 2 1 39 748 3143 747
2548 2 2 1 39 3131 3144 3129
2549 2 2 1 39 3126 3142 3136
2550 2 2 1 39 3136 3143 3123
2551 2 2 1 39 3128 3141 750
2552 2 2 1 39 3142 3143 3136
2553 2 2 1 39 747 3143 3142
2554 2 2 1 40 3148 3162 3156
2555 2 2 1 40 3156 3163 3146
2556 2 2 1 40 3156 3157 3148
2557 2 2 1 40 3156 3162 3151
2558 2 2 1 40 3151 3163 3156
2559 2 2 1 40 3154 3156 3146
2560 2 2 1 40 760 3158 3145
2561 2 2 1 40 3157 3159 3145
2562 2 2 1 40 761 3158 760
2563 2 2 1 40 762 3158 761
2564 2 2 1 40 3159 3164 3145
2565 2 2 1 40 3148 3158 762
2566 2 2 1 40 3145 3158 3157
2567 2 2 1 40 3157 3158 3148
2568 2 2 1 40 3150 3164 3159
2569 2 2 1 40 752 3149 40
2570 2 2 1 40 755 3147 754
2571 2 2 1 40 765 3151 764
2572 2 2 1 40 763 3148 762
2573 2 2 1 40 758 3150 757
2574 2 2 1 40 767 3146 766
2575 2 2 1 40 760 3145 759
2576 2 2 1 40 3153 3165 3147
2577 2 2 1 40 3155 3157 3156
2578 2 2 1 40 3155 3156 3154
2579 2 2 1 40 3153 3155 3154
2580 2 2 1 40 3147 3168 3153
2581 2 2 1 40 3155 3159 3157
2582 2 2 1 40 3159 3160 3150
2583 2 2 1 40 3146 3161 3154
2584 2 2 1 40 3154 3161 3149
2585 2 2 1 40 3153 3154 3149
2586 2 2 1 40 3159 3168 3160
2587 2 2 1 40 3152 3165 3153
2588 2 2 1 40 3155 3168 3159
2589 2 2 1 40 3152 3153 3149
2590 2 2 1 40 752 3152 3149
2591 2 2 1 40 40 3161 767
2592 2 2 1 40 3160 3168 3147
2593 2 2 1 40 3149 3161 40
2594 2 2 1 40 753 3152 752
2595 2 2 1 40 767 3161 3146
2596 2 2 1 40 765 3163 3151
2597 2 2 1 40 3147 3165 754
2598 2 2 1 40 754 3165 753
2599 2 2 1 40 764 3162 763
2600 2 2 1 40 766 3163 765
2601 2 2 1 40 3151 3162 764
2602 2 2 1 40 755 3167 3147
2603 2 2 1 40 758 3164 3150
2604 2 2 1 40 759 3164 758
2605 2 2 1 40 763 3162 3148
2606 2 2 1 40 3146 3163 766
2607 2 2 1 40 3150 3166 757
2608 2 2 1 40 3145 3164 759
2609 2 2 1 40 757 3166 756
2610 2 2 1 40 756 3167 755
2611 2 2 1 40 3153 3168 3155
2612 2 2 1 40 3160 3166 3150
2613 2 2 1 40 3147 3167 3160
2614 2 2 1 40 753 3165 3152
2615 2 2 1 40 3160 3167 3166
2616 2 2 1 40 3166 3167 756
2617 2 2 1 41 3169 3188 3178
2618 2 2 1 41 3178 3188 3173
2619 2 2 1 41 3172 3189 3179
2620 2 2 1 41 3179 3189 3175
2621 2 2 1 41 3186 3188 3169
2622 2 2 1 41 3177 3190 3176
2623 2 2 1 41 3170 3190 3177
2624 2 2 1 41 3172 3194 3189
2625 2 2 1 41 3171 3191 3185
2626 2 2 1 41 41 3176 783
2627 2 2 1 41 3190 3191 3176
2628 2 2 1 41 771 3175 770
2629 2 2 1 41 779 3174 778
2630 2 2 1 41 773 3172 772
2631 2 2 1 41 782 3171 781
2632 2 2 1 41 769 3170 768
2633 2 2 1 41 777 3169 776
2634 2 2 1 41 775 3173 774
2635 2 2 1 41 3185 3192 3171
2636 2 2 1 41 3187 3189 3188
2637 2 2 1 41 3185 3191 3187
2638 2 2 1 41 3187 3188 3186
2639 2 2 1 41 3187 3190 3189
2640 2 2 1 41 3185 3187 3186
2641 2 2 1 41 3189 3194 3188
2642 2 2 1 41 3176 3191 3180
2643 2 2 1 41 3180 3191 3171
2644 2 2 1 41 3181 3186 3169
2645 2 2 1 41 3174 3186 3181
2646 2 2 1 41 3185 3186 3174
2647 2 2 1 41 3184 3192 3185
2648 2 2 1 41 3187 3191 3190
2649 2 2 1 41 3189 3193 3175
2650 2 2 1 41 3184 3185 3174
2651 2 2 1 41 3176 3180 783
2652 2 2 1 41 768 3177 41
2653 2 2 1 41 3175 3182 770
2654 2 2 1 41 781 3192 780
2655 2 2 1 41 41 3177 3176
2656 2 2 1 41 3174 3181 778
2657 2 2 1 41 772 3179 771
2658 2 2 1 41 780 3184 779
2659 2 2 1 41 773 3183 3172
2660 2 2 1 41 770 3182 769
2661 2 2 1 41 778 3181 777
2662 2 2 1 41 774 3183 773
2663 2 2 1 41 771 3179 3175
2664 2 2 1 41 769 3182 3170
2665 2 2 1 41 782 3180 3171
2666 2 2 1 41 3172 3179 772
2667 2 2 1 41 779 3184 3174
2668 2 2 1 41 3171 3192 781
2669 2 2 1 41 776 3178 775
2670 2 2 1 41 3169 3178 776
2671 2 2 1 41 775 3178 3173
2672 2 2 1 41 783 3180 782
2673 2 2 1 41 777 3181 3169
2674 2 2 1 41 3173 3183 774
2675 2 2 1 41 3170 3177 768
2676 2 2 1 41 3190 3193 3189
2677 2 2 1 41 3188 3194 3173
2678 2 2 1 41 3170 3193 3190
2679 2 2 1 41 780 3192 3184
2680 2 2 1 41 3175 3193 3182
2681 2 2 1 41 3182 3193 3170
2682 2 2 1 41 3173 3194 3183
2683 2 2 1 41 3183 3194 3172
2684 2 2 1 42 3195 3214 3204
2685 2 2 1 42 3204 3214 3199
2686 2 2 1 42 3198 3215 3206
2687 2 2 1 42 3206 3215 3201
2688 2 2 1 42 3212 3214 3195
2689 2 2 1 42 3203 3216 3202
2690 2 2 1 42 3196 3216 3203
2691 2 2 1 42 3198 3220 3215
2692 2 2 1 42 3197 3217 3211
2693 2 2 1 42 42 3202 799
2694 2 2 1 42 3216 3217 3202
2695 2 2 1 42 787 3201 786
2696 2 2 1 42 795 3200 794
2697 2 2 1 42 789 3198 788
2698 2 2 1 42 798 3197 797
2699 2 2 1 42 785 3196 784
2700 2 2 1 42 793 3195 792
2701 2 2 1 42 791 3199 790
2702 2 2 1 42 3211 3218 3197
2703 2 2 1 42 3213 3215 3214
2704 2 2 1 42 3211 3217 3213
2705 2 2 1 42 3213 3214 3212
2706 2 2 1 42 3213 3216 3215
2707 2 2 1 42 3211 3213 3212
2708 2 2 1 42 3215 3220 3214
2709 2 2 1 42 3202 3217 3207
2710 2 2 1 42 3207 3217 3197
2711 2 2 1 42 3205 3212 3195
2712 2 2 1 42 3200 3212 3205
2713 2 2 1 42 3211 3212 3200
2714 2 2 1 42 3210 3218 3211
2715 2 2 1 42 3213 3217 3216
2716 2 2 1 42 3215 3219 3201
2717 2 2 1 42 3210 3211 3200
2718 2 2 1 42 3202 3207 799
2719 2 2 1 42 784 3203 42
2720 2 2 1 42 3201 3208 786
2721 2 2 1 42 3200 3205 794
2722 2 2 1 42 797 3218 796
2723 2 2 1 42 42 3203 3202
2724 2 2 1 42 788 3206 787
2725 2 2 1 42 796 3210 795
2726 2 2 1 42 789 3209 3198
2727 2 2 1 42 786 3208 785
2728 2 2 1 42 794 3205 793
2729 2 2 1 42 790 3209 789
2730 2 2 1 42 787 3206 3201
2731 2 2 1 42 785 3208 3196
2732 2 2 1 42 795 3210 3200
2733 2 2 1 42 798 3207 3197
2734 2 2 1 42 3198 3206 788
2735 2 2 1 42 3195 3204 792
2736 2 2 1 42 3197 3218 797
2737 2 2 1 42 792 3204 791
2738 2 2 1 42 791 3204 3199
2739 2 2 1 42 799 3207 798
2740 2 2 1 42 793 3205 3195
2741 2 2 1 42 3199 3209 790
2742 2 2 1 42 3196 3203 784
2743 2 2 1 42 3216 3219 3215
2744 2 2 1 42 3214 3220 3199
2745 2 2 1 42 3196 3219 3216
2746 2 2 1 42 796 3218 3210
2747 2 2 1 42 3201 3219 3208
2748 2 2 1 42 3208 3219 3196
2749 2 2 1 42 3199 3220 3209
2750 2 2 1 42 3209 3220 3198
2751 2 2 1 43 3232 3239 3224
2752 2 2 1 43 3222 3240 3232
2753 2 2 1 43 3224 3233 3232
2754 2 2 1 43 3227 3239 3232
2755 2 2 1 43 3232 3240 3227
2756 2 2 1 43 3222 3232 3230
2757 2 2 1 43 3221 3234 807
2758 2 2 1 43 3221 3235 3233
2759 2 2 1 43 807 3234 806
2760 2 2 1 43 3221 3238 3235
2761 2 2 1 43 806 3234 805
2762 2 2 1 43 805 3234 3224
2763 2 2 1 43 3233 3234 3221
2764 2 2 1 43 3224 3234 3233
2765 2 2 1 43 3235 3238 3226
2766 2 2 1 43 43 3225 815
2767 2 2 1 43 813 3223 812
2768 2 2 1 43 803 3227 802
2769 2 2 1 43 805 3224 804
2770 2 2 1 43 810 3226 809
2771 2 2 1 43 801 3222 800
2772 2 2 1 43 808 3221 807
2773 2 2 1 43 3223 3241 3229
2774 2 2 1 43 3232 3233 3231
2775 2 2 1 43 3230 3232 3231
2776 2 2 1 43 3230 3231 3229
2777 2 2 1 43 3229 3244 3223
2778 2 2 1 43 3233 3235 3231
2779 2 2 1 43 3226 3236 3235
2780 2 2 1 43 3230 3237 3222
2781 2 2 1 43 3225 3237 3230
2782 2 2 1 43 3225 3230 3229
2783 2 2 1 43 3236 3244 3235
2784 2 2 1 43 3235 3244 3231
2785 2 2 1 43 3229 3241 3228
2786 2 2 1 43 3225 3229 3228
2787 2 2 1 43 3225 3228 815
2788 2 2 1 43 800 3237 43
2789 2 2 1 43 3223 3244 3236
2790 2 2 1 43 43 3237 3225
2791 2 2 1 43 815 3228 814
2792 2 2 1 43 3222 3237 800
2793 2 2 1 43 3227 3240 802
2794 2 2 1 43 804 3239 803
2795 2 2 1 43 814 3241 813
2796 2 2 1 43 813 3241 3223
2797 2 2 1 43 3226 3238 809
2798 2 2 1 43 802 3240 801
2799 2 2 1 43 803 3239 3227
2800 2 2 1 43 3223 3243 812
2801 2 2 1 43 809 3238 808
2802 2 2 1 43 3224 3239 804
2803 2 2 1 43 801 3240 3222
2804 2 2 1 43 808 3238 3221
2805 2 2 1 43 810 3242 3226
2806 2 2 1 43 811 3242 810
2807 2 2 1 43 812 3243 811
2808 2 2 1 43 3231 3244 3229
2809 2 2 1 43 3226 3242 3236
2810 2 2 1 43 3236 3243 3223
2811 2 2 1 43 3228 3241 814
2812 2 2 1 43 3242 3243 3236
2813 2 2 1 43 811 3243 3242
2814 2 2 1 44 3256 3262 3248
2815 2 2 1 44 3246 3263 3256
2816 2 2 1 44 3248 3257 3256
2817 2 2 1 44 3251 3262 3256
2818 2 2 1 44 3256 3263 3251
2819 2 2 1 44 3246 3256 3254
2820 2 2 1 44 3245 3258 823
2821 2 2 1 44 3245 3259 3257
2822 2 2 1 44 823 3258 822
2823 2 2 1 44 822 3258 821
2824 2 2 1 44 3245 3264 3259
2825 2 2 1 44 821 3258 3248
2826 2 2 1 44 3257 3258 3245
2827 2 2 1 44 3248 3258 3257
2828 2 2 1 44 3259 3264 3250
2829 2 2 1 44 44 3249 831
2830 2 2 1 44 829 3247 828
2831 2 2 1 44 819 3251 818
2832 2 2 1 44 821 3248 820
2833 2 2 1 44 826 3250 825
2834 2 2 1 44 817 3246 816
2835 2 2 1 44 824 3245 823
2836 2 2 1 44 3247 3265 3253
2837 2 2 1 44 3256 3257 3255
2838 2 2 1 44 3254 3256 3255
2839 2 2 1 44 3254 3255 3253
2840 2 2 1 44 3253 3268 3247
2841 2 2 1 44 3257 3259 3255
2842 2 2 1 44 3250 3260 3259
2843 2 2 1 44 3254 3261 3246
2844 2 2 1 44 3249 3261 3254
2845 2 2 1 44 3249 3254 3253
2846 2 2 1 44 3260 3268 3259
2847 2 2 1 44 3253 3265 3252
2848 2 2 1 44 3259 3268 3255
2849 2 2 1 44 3249 3253 3252
2850 2 2 1 44 3249 3252 831
2851 2 2 1 44 816 3261 44
2852 2 2 1 44 3247 3268 3260
2853 2 2 1 44 44 3261 3249
2854 2 2 1 44 831 3252 830
2855 2 2 1 44 3246 3261 816
2856 2 2 1 44 3251 3263 818
2857 2 2 1 44 820 3262 819
2858 2 2 1 44 830 3265 829
2859 2 2 1 44 829 3265 3247
2860 2 2 1 44 818 3263 817
2861 2 2 1 44 819 3262 3251
2862 2 2 1 44 3247 3267 828
2863 2 2 1 44 3250 3264 825
2864 2 2 1 44 825 3264 824
2865 2 2 1 44 3248 3262 820
2866 2 2 1 44 817 3263 3246
2867 2 2 1 44 826 3266 3250
2868 2 2 1 44 824 3264 3245
2869 2 2 1 44 827 3266 826
2870 2 2 1 44 828 3267 827
2871 2 2 1 44 3255 3268 3253
2872 2 2 1 44 3250 3266 3260
2873 2 2 1 44 3260 3267 3247
2874 2 2 1 44 3252 3265 830
2875 2 2 1 44 3266 3267 3260
2876 2 2 1 44 827 3267 3266
2877 2 2 1 45 3277 3286 3276
2878 2 2 1 45 3281 3287 3275
2879 2 2 1 45 3272 3287 3281
2880 2 2 1 45 3269 3288 3278
2881 2 2 1 45 3270 3286 3277
2882 2 2 1 45 3278 3288 3273
2883 2 2 1 45 3276 3286 3284
2884 2 2 1 45 3269 3289 3288
2885 2 2 1 45 3283 3289 3274
2886 2 2 1 45 45 3276 847
2887 2 2 1 45 835 3275 834
2888 2 2 1 45 3285 3289 3283
2889 2 2 1 45 3287 3294 3275
2890 2 2 1 45 843 3274 842
2891 2 2 1 45 837 3272 836
2892 2 2 1 45 846 3271 845
2893 2 2 1 45 833 3270 832
2894 2 2 1 45 839 3273 838
2895 2 2 1 45 841 3269 840
2896 2 2 1 45 3274 3290 3283
2897 2 2 1 45 3286 3287 3285
2898 2 2 1 45 3284 3286 3285
2899 2 2 1 45 3287 3288 3285
2900 2 2 1 45 3284 3285 3283
2901 2 2 1 45 3272 3293 3287
2902 2 2 1 45 3288 3289 3285
2903 2 2 1 45 3289 3292 3274
2904 2 2 1 45 3269 3292 3289
2905 2 2 1 45 3286 3294 3287
2906 2 2 1 45 3279 3284 3271
2907 2 2 1 45 3283 3290 3282
2908 2 2 1 45 3276 3284 3279
2909 2 2 1 45 3271 3284 3283
2910 2 2 1 45 3271 3283 3282
2911 2 2 1 45 3276 3279 847
2912 2 2 1 45 832 3277 45
2913 2 2 1 45 3275 3280 834
2914 2 2 1 45 845 3282 844
2915 2 2 1 45 45 3277 3276
2916 2 2 1 45 836 3281 835
2917 2 2 1 45 834 3280 833
2918 2 2 1 45 3274 3292 842
2919 2 2 1 45 844 3290 843
2920 2 2 1 45 837 3291 3272
2921 2 2 1 45 838 3291 837
2922 2 2 1 45 842 3292 841
2923 2 2 1 45 835 3281 3275
2924 2 2 1 45 843 3290 3274
2925 2 2 1 45 846 3279 3271
2926 2 2 1 45 833 3280 3270
2927 2 2 1 45 3272 3281 836
2928 2 2 1 45 840 3278 839
2929 2 2 1 45 3271 3282 845
2930 2 2 1 45 847 3279 846
2931 2 2 1 45 839 3278 3273
2932 2 2 1 45 3269 3278 840
2933 2 2 1 45 3270 3277 832
2934 2 2 1 45 3273 3291 838
2935 2 2 1 45 841 3292 3269
2936 2 2 1 45 3287 3293 3288
2937 2 2 1 45 3270 3294 3286
2938 2 2 1 45 3288 3293 3273
2939 2 2 1 45 3282 3290 844
2940 2 2 1 45 3273 3293 3291
2941 2 2 1 45 3291 3293 3272
2942 2 2 1 45 3280 3294 3270
2943 2 2 1 45 3275 3294 3280
2944 2 2 1 46 3306 3312 3298
2945 2 2 1 46 3296 3313 3306
2946 2 2 1 46 3298 3307 3306
2947 2 2 1 46 3301 3312 3306
2948 2 2 1 46 3306 3313 3301
2949 2 2 1 46 3296 3306 3304
2950 2 2 1 46 3295 3308 855
2951 2 2 1 46 3295 3309 3307
2952 2 2 1 46 855 3308 854
2953 2 2 1 46 854 3308 853
2954 2 2 1 46 3295 3314 3309
2955 2 2 1 46 853 3308 3298
2956 2 2 1 46 3307 3308 3295
2957 2 2 1 46 3298 3308 3307
2958 2 2 1 46 3309 3314 3300
2959 2 2 1 46 46 3299 863
2960 2 2 1 46 861 3297 860
2961 2 2 1 46 851 3301 850
2962 2 2 1 46 853 3298 852
2963 2 2 1 46 858 3300 857
2964 2 2 1 46 849 3296 848
2965 2 2 1 46 856 3295 855
2966 2 2 1 46 3297 3315 3303
2967 2 2 1 46 3306 3307 3305
2968 2 2 1 46 3304 3306 3305
2969 2 2 1 46 3304 3305 3303
2970 2 2 1 46 3303 3318 3297
2971 2 2 1 46 3307 3309 3305
2972 2 2 1 46 3300 3310 3309
2973 2 2 1 46 3304 3311 3296
2974 2 2 1 46 3299 3311 3304
2975 2 2 1 46 3299 3304 3303
2976 2 2 1 46 3310 3318 3309
2977 2 2 1 46 3303 3315 3302
2978 2 2 1 46 3309 3318 3305
2979 2 2 1 46 3299 3303 3302
2980 2 2 1 46 3299 3302 863
2981 2 2 1 46 848 3311 46
2982 2 2 1 46 3297 3318 3310
2983 2 2 1 46 46 3311 3299
2984 2 2 1 46 863 3302 862
2985 2 2 1 46 3296 3311 848
2986 2 2 1 46 3301 3313 850
2987 2 2 1 46 852 3312 851
2988 2 2 1 46 862 3315 861
2989 2 2 1 46 861 3315 3297
2990 2 2 1 46 850 3313 849
2991 2 2 1 46 851 3312 3301
2992 2 2 1 46 3297 3317 860
2993 2 2 1 46 3300 3314 857
2994 2 2 1 46 857 3314 856
2995 2 2 1 46 3298 3312 852
2996 2 2 1 46 849 3313 3296
2997 2 2 1 46 858 3316 3300
2998 2 2 1 46 856 3314 3295
2999 2 2 1 46 859 3316 858
3000 2 2 1 46 860 3317 859
3001 2 2 1 46 3305 3318 3303
3002 2 2 1 46 3300 3316 3310
3003 2 2 1 46 3310 3317 3297
3004 2 2 1 46 3302 3315 862
3005 2 2 1 46 3316 3317 3310
3006 2 2 1 46 859 3317 3316
3007 2 2 1 47 3322 3336 3330
3008 2 2 1 47 3330 3337 3320
3009 2 2 1 47 3330 3331 3322
3010 2 2 1 47 3330 3336 3325
3011 2 2 1 47 3325 3337 3330
3012 2 2 1 47 3328 3330 3320
3013 2 2 1 47 872 3332 3319
3014 2 2 1 47 3331 3333 3319
3015 2 2 1 47 873 3332 872
3016 2 2 1 47 874 3332 873
3017 2 2 1 47 3333 3338 3319
3018 2 2 1 47 3322 3332 874
3019 2 2 1 47 3319 3332 3331
3020 2 2 1 47 3331 3332 3322
3021 2 2 1 47 3324 3338 3333
3022 2 2 1 47 864 3323 47
3023 2 2 1 47 867 3321 866
3024 2 2 1 47 877 3325 876
3025 2 2 1 47 875 3322 874
3026 2 2 1 47 870 3324 869
3027 2 2 1 47 879 3320 878
3028 2 2 1 47 872 3319 871
3029 2 2 1 47 3327 3339 3321
3030 2 2 1 47 3329 3331 3330
3031 2 2 1 47 3329 3330 3328
3032 2 2 1 47 3327 3329 3328
3033 2 2 1 47 3321 3342 3327
3034 2 2 1 47 3329 3333 3331
3035 2 2 1 47 3333 3334 3324
3036 2 2 1 47 3320 3335 3328
3037 2 2 1 47 3328 3335 3323
3038 2 2 1 47 3327 3328 3323
3039 2 2 1 47 3333 3342 3334
3040 2 2 1 47 3326 3339 3327
3041 2 2 1 47 3329 3342 3333
3042 2 2 1 47 3326 3327 3323
3043 2 2 1 47 864 3326 3323
3044 2 2 1 47 47 3335 879
3045 2 2 1 47 3334 3342 3321
3046 2 2 1 47 3323 3335 47
3047 2 2 1 47 865 3326 864
3048 2 2 1 47 879 3335 3320
3049 2 2 1 47 877 3337 3325
3050 2 2 1 47 3321 3339 866
3051 2 2 1 47 876 3336 875
3052 2 2 1 47 866 3339 865
3053 2 2 1 47 878 3337 877
3054 2 2 1 47 3325 3336 876
3055 2 2 1 47 867 3341 3321
3056 2 2 1 47 870 3338 3324
3057 2 2 1 47 871 3338 870
3058 2 2 1 47 875 3336 3322
3059 2 2 1 47 3320 3337 878
3060 2 2 1 47 3324 3340 869
3061 2 2 1 47 3319 3338 871
3062 2 2 1 47 869 3340 868
3063 2 2 1 47 868 3341 867
3064 2 2 1 47 3327 3342 3329
3065 2 2 1 47 3334 3340 3324
3066 2 2 1 47 3321 3341 3334
3067 2 2 1 47 865 3339 3326
3068 2 2 1 47 3334 3341 3340
3069 2 2 1 47 3340 3341 868
3070 2 2 1 48 3346 3360 3354
3071 2 2 1 48 3354 3361 3344
3072 2 2 1 48 3354 3355 3346
3073 2 2 1 48 3354 3360 3349
3074 2 2 1 48 3349 3361 3354
3075 2 2 1 48 3352 3354 3344
3076 2 2 1 48 888 3356 3343
3077 2 2 1 48 3355 3357 3343
3078 2 2 1 48 889 3356 888
3079 2 2 1 48 890 3356 889
3080 2 2 1 48 3357 3362 3343
3081 2 2 1 48 3346 3356 890
3082 2 2 1 48 3343 3356 3355
3083 2 2 1 48 3355 3356 3346
3084 2 2 1 48 3348 3362 3357
3085 2 2 1 48 880 3347 48
3086 2 2 1 48 883 3345 882
3087 2 2 1 48 893 3349 892
3088 2 2 1 48 891 3346 890
3089 2 2 1 48 886 3348 885
3090 2 2 1 48 895 3344 894
3091 2 2 1 48 888 3343 887
3092 2 2 1 48 3351 3363 3345
3093 2 2 1 48 3353 3355 3354
3094 2 2 1 48 3353 3354 3352
3095 2 2 1 48 3351 3353 3352
3096 2 2 1 48 3345 3366 3351
3097 2 2 1 48 3353 3357 3355
3098 2 2 1 48 3357 3358 3348
3099 2 2 1 48 3344 3359 3352
3100 2 2 1 48 3352 3359 3347
3101 2 2 1 48 3351 3352 3347
3102 2 2 1 48 3357 3366 3358
3103 2 2 1 48 3350 3363 3351
3104 2 2 1 48 3353 3366 3357
3105 2 2 1 48 3350 3351 3347
3106 2 2 1 48 880 3350 3347
3107 2 2 1 48 48 3359 895
3108 2 2 1 48 3358 3366 3345
3109 2 2 1 48 3347 3359 48
3110 2 2 1 48 881 3350 880
3111 2 2 1 48 895 3359 3344
3112 2 2 1 48 893 3361 3349
3113 2 2 1 48 3345 3363 882
3114 2 2 1 48 892 3360 891
3115 2 2 1 48 882 3363 881
3116 2 2 1 48 894 3361 893
3117 2 2 1 48 3349 3360 892
3118 2 2 1 48 883 3365 3345
3119 2 2 1 48 886 3362 3348
3120 2 2 1 48 887 3362 886
3121 2 2 1 48 891 3360 3346
3122 2 2 1 48 3344 3361 894
3123 2 2 1 48 3348 3364 885
3124 2 2 1 48 3343 3362 887
3125 2 2 1 48 885 3364 884
3126 2 2 1 48 884 3365 883
3127 2 2 1 48 3351 3366 3353
3128 2 2 1 48 3358 3364 3348
3129 2 2 1 48 3345 3365 3358
3130 2 2 1 48 881 3363 3350
3131 2 2 1 48 3358 3365 3364
3132 2 2 1 48 3364 3365 884
3133 2 2 1 49 3380 3390 3373
3134 2 2 1 49 3368 3390 3380
3135 2 2 1 49 3381 3385 3374
3136 2 2 1 49 3369 3385 3381
3137 2 2 1 49 3378 3380 3373
3138 2 2 1 49 3367 3387 3382
3139 2 2 1 49 3382 3387 3372
3140 2 2 1 49 3382 3383 3367
3141 2 2 1 49 3371 3383 3377
3142 2 2 1 49 49 3374 911
3143 2 2 1 49 3374 3392 3381
3144 2 2 1 49 908 3372 907
3145 2 2 1 49 899 3373 898
3146 2 2 1 49 910 3369 909
3147 2 2 1 49 901 3370 900
3148 2 2 1 49 906 3367 905
3149 2 2 1 49 897 3368 896
3150 2 2 1 49 3377 3389 3371
3151 2 2 1 49 904 3371 903
3152 2 2 1 49 3379 3381 3380
3153 2 2 1 49 3377 3383 3379
3154 2 2 1 49 3379 3380 3378
3155 2 2 1 49 3379 3382 3381
3156 2 2 1 49 3377 3379 3378
3157 2 2 1 49 3383 3388 3367
3158 2 2 1 49 3371 3388 3383
3159 2 2 1 49 3381 3392 3380
3160 2 2 1 49 3381 3391 3369
3161 2 2 1 49 3378 3386 3370
3162 2 2 1 49 3373 3386 3378
3163 2 2 1 49 3376 3389 3377
3164 2 2 1 49 3377 3378 3370
3165 2 2 1 49 3379 3383 3382
3166 2 2 1 49 3376 3377 3370
3167 2 2 1 49 3374 3385 911
3168 2 2 1 49 896 3375 49
3169 2 2 1 49 3372 3387 907
3170 2 2 1 49 3373 3390 898
3171 2 2 1 49 901 3376 3370
3172 2 2 1 49 909 3384 908
3173 2 2 1 49 49 3375 3374
3174 2 2 1 49 907 3387 906
3175 2 2 1 49 902 3376 901
3176 2 2 1 49 900 3386 899
3177 2 2 1 49 908 3384 3372
3178 2 2 1 49 3367 3388 905
3179 2 2 1 49 910 3385 3369
3180 2 2 1 49 899 3386 3373
3181 2 2 1 49 898 3390 897
3182 2 2 1 49 3369 3384 909
3183 2 2 1 49 3370 3386 900
3184 2 2 1 49 905 3388 904
3185 2 2 1 49 903 3389 902
3186 2 2 1 49 906 3387 3367
3187 2 2 1 49 897 3390 3368
3188 2 2 1 49 911 3385 910
3189 2 2 1 49 904 3388 3371
3190 2 2 1 49 3371 3389 903
3191 2 2 1 49 3368 3375 896
3192 2 2 1 49 3382 3391 3381
3193 2 2 1 49 3380 3392 3368
3194 2 2 1 49 3372 3391 3382
3195 2 2 1 49 902 3389 3376
3196 2 2 1 49 3369 3391 3384
3197 2 2 1 49 3384 3391 3372
3198 2 2 1 49 3368 3392 3375
3199 2 2 1 49 3375 3392 3374
3200 2 2 1 50 3401 3410 3400
3201 2 2 1 50 3405 3411 3399
3202 2 2 1 50 3396 3411 3405
3203 2 2 1 50 3393 3412 3402
3204 2 2 1 50 3394 3410 3401
3205 2 2 1 50 3402 3412 3397
3206 2 2 1 50 3400 3410 3408
3207 2 2 1 50 3393 3413 3412
3208 2 2 1 50 3407 3413 3398
3209 2 2 1 50 50 3400 927
3210 2 2 1 50 3409 3413 3407
3211 2 2 1 50 3411 3418 3399
3212 2 2 1 50 915 3399 914
3213 2 2 1 50 923 3398 922
3214 2 2 1 50 917 3396 916
3215 2 2 1 50 926 3395 925
3216 2 2 1 50 913 3394 912
3217 2 2 1 50 919 3397 918
3218 2 2 1 50 921 3393 920
3219 2 2 1 50 3398 3414 3407
3220 2 2 1 50 3410 3411 3409
3221 2 2 1 50 3408 3410 3409
3222 2 2 1 50 3411 3412 3409
3223 2 2 1 50 3408 3409 3407
3224 2 2 1 50 3396 3417 3411
3225 2 2 1 50 3412 3413 3409
3226 2 2 1 50 3393 3416 3413
3227 2 2 1 50 3413 3416 3398
3228 2 2 1 50 3410 3418 3411
3229 2 2 1 50 3403 3408 3395
3230 2 2 1 50 3407 3414 3406
3231 2 2 1 50 3400 3408 3403
3232 2 2 1 50 3395 3408 3407
3233 2 2 1 50 3395 3407 3406
3234 2 2 1 50 3400 3403 927
3235 2 2 1 50 912 3401 50
3236 2 2 1 50 3399 3404 914
3237 2 2 1 50 925 3406 924
3238 2 2 1 50 50 3401 3400
3239 2 2 1 50 916 3405 915
3240 2 2 1 50 3398 3416 922
3241 2 2 1 50 914 3404 913
3242 2 2 1 50 917 3415 3396
3243 2 2 1 50 924 3414 923
3244 2 2 1 50 918 3415 917
3245 2 2 1 50 922 3416 921
3246 2 2 1 50 915 3405 3399
3247 2 2 1 50 923 3414 3398
3248 2 2 1 50 926 3403 3395
3249 2 2 1 50 913 3404 3394
3250 2 2 1 50 3396 3405 916
3251 2 2 1 50 920 3402 919
3252 2 2 1 50 3395 3406 925
3253 2 2 1 50 919 3402 3397
3254 2 2 1 50 927 3403 926
3255 2 2 1 50 3393 3402 920
3256 2 2 1 50 3394 3401 912
3257 2 2 1 50 3397 3415 918
3258 2 2 1 50 921 3416 3393
3259 2 2 1 50 3411 3417 3412
3260 2 2 1 50 3394 3418 3410
3261 2 2 1 50 3412 3417 3397
3262 2 2 1 50 3406 3414 924
3263 2 2 1 50 3397 3417 3415
3264 2 2 1 50 3415 3417 3396
3265 2 2 1 50 3404 3418 3394
3266 2 2 1 50 3399 3418 3404
3267 2 2 1 51 3430 3436 3422
3268 2 2 1 51 3420 3437 3430
3269 2 2 1 51 3422 3431 3430
3270 2 2 1 51 3425 3436 3430
3271 2 2 1 51 3430 3437 3425
3272 2 2 1 51 3420 3430 3428
3273 2 2 1 51 3419 3432 935
3274 2 2 1 51 3419 3433 3431
3275 2 2 1 51 935 3432 934
3276 2 2 1 51 934 3432 933
3277 2 2 1 51 3419 3438 3433
3278 2 2 1 51 933 3432 3422
3279 2 2 1 51 3431 3432 3419
3280 2 2 1 51 3422 3432 3431
3281 2 2 1 51 3433 3438 3424
3282 2 2 1 51 51 3423 943
3283 2 2 1 51 941 3421 940
3284 2 2 1 51 931 3425 930
3285 2 2 1 51 933 3422 932
3286 2 2 1 51 938 3424 937
3287 2 2 1 51 929 3420 928
3288 2 2 1 51 936 3419 935
3289 2 2 1 51 3421 3439 3427
3290 2 2 1 51 3430 3431 3429
3291 2 2 1 51 3428 3430 3429
3292 2 2 1 51 3428 3429 3427
3293 2 2 1 51 3427 3442 3421
3294 2 2 1 51 3431 3433 3429
3295 2 2 1 51 3424 3434 3433
3296 2 2 1 51 3428 3435 3420
3297 2 2 1 51 3423 3435 3428
3298 2 2 1 51 3423 3428 3427
3299 2 2 1 51 3434 3442 3433
3300 2 2 1 51 3427 3439 3426
3301 2 2 1 51 3433 3442 3429
3302 2 2 1 51 3423 3427 3426
3303 2 2 1 51 3423 3426 943
3304 2 2 1 51 928 3435 51
3305 2 2 1 51 3421 3442 3434
3306 2 2 1 51 51 3435 3423
3307 2 2 1 51 943 3426 942
3308 2 2 1 51 3420 3435 928
3309 2 2 1 51 3425 3437 930
3310 2 2 1 51 932 3436 931
3311 2 2 1 51 942 3439 941
3312 2 2 1 51 941 3439 3421
3313 2 2 1 51 930 3437 929
3314 2 2 1 51 931 3436 3425
3315 2 2 1 51 3421 3441 940
3316 2 2 1 51 3424 3438 937
3317 2 2 1 51 937 3438 936
3318 2 2 1 51 3422 3436 932
3319 2 2 1 51 929 3437 3420
3320 2 2 1 51 938 3440 3424
3321 2 2 1 51 936 3438 3419
3322 2 2 1 51 939 3440 938
3323 2 2 1 51 940 3441 939
3324 2 2 1 51 3429 3442 3427
3325 2 2 1 51 3424 3440 3434
3326 2 2 1 51 3434 3441 3421
3327 2 2 1 51 3426 3439 942
3328 2 2 1 51 3440 3441 3434
3329 2 2 1 51 939 3441 3440
3330 2 2 1 52 3451 3461 3450
3331 2 2 1 52 3454 3462 3449
3332 2 2 1 52 3446 3462 3454
3333 2 2 1 52 3443 3463 3452
3334 2 2 1 52 3444 3461 3451
3335 2 2 1 52 3452 3463 3447
3336 2 2 1 52 3450 3461 3459
3337 2 2 1 52 3443 3464 3463
3338 2 2 1 52 3458 3464 3448
3339 2 2 1 52 52 3450 959
3340 2 2 1 52 3462 3468 3449
3341 2 2 1 52 3460 3464 3458
3342 2 2 1 52 947 3449 946
3343 2 2 1 52 955 3448 954
3344 2 2 1 52 949 3446 948
3345 2 2 1 52 958 3445 957
3346 2 2 1 52 945 3444 944
3347 2 2 1 52 953 3443 952
3348 2 2 1 52 951 3447 950
3349 2 2 1 52 3448 3465 3458
3350 2 2 1 52 3461 3462 3460
3351 2 2 1 52 3459 3461 3460
3352 2 2 1 52 3462 3463 3460
3353 2 2 1 52 3459 3460 3458
3354 2 2 1 52 3446 3467 3462
3355 2 2 1 52 3463 3464 3460
3356 2 2 1 52 3456 3464 3443
3357 2 2 1 52 3448 3464 3456
3358 2 2 1 52 3461 3468 3462
3359 2 2 1 52 3453 3459 3445
3360 2 2 1 52 3458 3465 3457
3361 2 2 1 52 3450 3459 3453
3362 2 2 1 52 3445 3459 3458
3363 2 2 1 52 3445 3458 3457
3364 2 2 1 52 3450 3453 959
3365 2 2 1 52 944 3451 52
3366 2 2 1 52 3449 3455 946
3367 2 2 1 52 957 3457 956
3368 2 2 1 52 52 3451 3450
3369 2 2 1 52 948 3454 947
3370 2 2 1 52 3448 3456 954
3371 2 2 1 52 949 3466 3446
3372 2 2 1 52 946 3455 945
3373 2 2 1 52 956 3465 955
3374 2 2 1 52 954 3456 953
3375 2 2 1 52 950 3466 949
3376 2 2 1 52 947 3454 3449
3377 2 2 1 52 955 3465 3448
3378 2 2 1 52 958 3453 3445
3379 2 2 1 52 945 3455 3444
3380 2 2 1 52 3446 3454 948
3381 2 2 1 52 952 3452 951
3382 2 2 1 52 3445 3457 957
3383 2 2 1 52 3443 3452 952
3384 2 2 1 52 951 3452 3447
3385 2 2 1 52 959 3453 958
3386 2 2 1 52 953 3456 3443
3387 2 2 1 52 3447 3466 950
3388 2 2 1 52 3444 3451 944
3389 2 2 1 52 3462 3467 3463
3390 2 2 1 52 3444 3468 3461
3391 2 2 1 52 3463 3467 3447
3392 2 2 1 52 3457 3465 956
3393 2 2 1 52 3447 3467 3466
3394 2 2 1 52 3466 3467 3446
3395 2 2 1 52 3455 3468 3444
3396 2 2 1 52 3449 3468 3455
3397 2 2 1 53 3480 3486 3472
3398 2 2 1 53 3470 3487 3480
3399 2 2 1 53 3472 3481 3480
3400 2 2 1 53 3475 3486 3480
3401 2 2 1 53 3480 3487 3475
3402 2 2 1 53 3470 3480 3478
3403 2 2 1 53 3469 3482 967
3404 2 2 1 53 3469 3483 3481
3405 2 2 1 53 967 3482 966
3406 2 2 1 53 966 3482 965
3407 2 2 1 53 3469 3488 3483
3408 2 2 1 53 965 3482 3472
3409 2 2 1 53 3481 3482 3469
3410 2 2 1 53 3472 3482 3481
3411 2 2 1 53 3483 3488 3474
3412 2 2 1 53 53 3473 975
3413 2 2 1 53 973 3471 972
3414 2 2 1 53 963 3475 962
3415 2 2 1 53 965 3472 964
3416 2 2 1 53 970 3474 969
3417 2 2 1 53 961 3470 960
3418 2 2 1 53 968 3469 967
3419 2 2 1 53 3471 3489 3477
3420 2 2 1 53 3480 3481 3479
3421 2 2 1 53 3478 3480 3479
3422 2 2 1 53 3478 3479 3477
3423 2 2 1 53 3477 3492 3471
3424 2 2 1 53 3481 3483 3479
3425 2 2 1 53 3474 3484 3483
3426 2 2 1 53 3478 3485 3470
3427 2 2 1 53 3473 3485 3478
3428 2 2 1 53 3473 3478 3477
3429 2 2 1 53 3484 3492 3483
3430 2 2 1 53 3477 3489 3476
3431 2 2 1 53 3483 3492 3479
3432 2 2 1 53 3473 3477 3476
3433 2 2 1 53 3473 3476 975
3434 2 2 1 53 960 3485 53
3435 2 2 1 53 3471 3492 3484
3436 2 2 1 53 53 3485 3473
3437 2 2 1 53 975 3476 974
3438 2 2 1 53 3470 3485 960
3439 2 2 1 53 3475 3487 962
3440 2 2 1 53 964 3486 963
3441 2 2 1 53 974 3489 973
3442 2 2 1 53 973 3489 3471
3443 2 2 1 53 962 3487 961
3444 2 2 1 53 963 3486 3475
3445 2 2 1 53 3471 3491 972
3446 2 2 1 53 3474 3488 969
3447 2 2 1 53 969 3488 968
3448 2 2 1 53 3472 3486 964
3449 2 2 1 53 961 3487 3470
3450 2 2 1 53 970 3490 3474
3451 2 2 1 53 968 3488 3469
3452 2 2 1 53 971 3490 970
3453 2 2 1 53 972 3491 971
3454 2 2 1 53 3479 3492 3477
3455 2 2 1 53 3474 3490 3484
3456 2 2 1 53 3484 3491 3471
3457 2 2 1 53 3476 3489 974
3458 2 2 1 53 3490 3491 3484
3459 2 2 1 53 971 3491 3490
3460 2 2 1 54 3493 3512 3502
3461 2 2 1 54 3502 3512 3497
3462 2 2 1 54 3496 3513 3504
3463 2 2 1 54 3504 3513 3499
3464 2 2 1 54 3510 3512 3493
3465 2 2 1 54 3501 3514 3500
3466 2 2 1 54 3494 3514 3501
3467 2 2 1 54 3496 3518 3513
3468 2 2 1 54 3495 3515 3509
3469 2 2 1 54 54 3500 991
3470 2 2 1 54 3514 3515 3500
3471 2 2 1 54 979 3499 978
3472 2 2 1 54 987 3498 986
3473 2 2 1 54 981 3496 980
3474 2 2 1 54 990 3495 989
3475 2 2 1 54 977 3494 976
3476 2 2 1 54 985 3493 984
3477 2 2 1 54 983 3497 982
3478 2 2 1 54 3509 3516 3495
3479 2 2 1 54 3511 3513 3512
3480 2 2 1 54 3509 3515 3511
3481 2 2 1 54 3511 3512 3510
3482 2 2 1 54 3511 3514 3513
3483 2 2 1 54 3509 3511 3510
3484 2 2 1 54 3513 3518 3512
3485 2 2 1 54 3500 3515 3503
3486 2 2 1 54 3503 3515 3495
3487 2 2 1 54 3506 3510 3493
3488 2 2 1 54 3498 3510 3506
3489 2 2 1 54 3509 3510 3498
3490 2 2 1 54 3508 3516 3509
3491 2 2 1 54 3511 3515 3514
3492 2 2 1 54 3513 3517 3499
3493 2 2 1 54 3508 3509 3498
3494 2 2 1 54 3500 3503 991
3495 2 2 1 54 976 3501 54
3496 2 2 1 54 3499 3505 978
3497 2 2 1 54 989 3516 988
3498 2 2 1 54 54 3501 3500
3499 2 2 1 54 980 3504 979
3500 2 2 1 54 3498 3506 986
3501 2 2 1 54 988 3508 987
3502 2 2 1 54 981 3507 3496
3503 2 2 1 54 978 3505 977
3504 2 2 1 54 986 3506 985
3505 2 2 1 54 982 3507 981
3506 2 2 1 54 979 3504 3499
3507 2 2 1 54 990 3503 3495
3508 2 2 1 54 977 3505 3494
3509 2 2 1 54 3496 3504 980
3510 2 2 1 54 3495 3516 989
3511 2 2 1 54 987 3508 3498
3512 2 2 1 54 984 3502 983
3513 2 2 1 54 3493 3502 984
3514 2 2 1 54 983 3502 3497
3515 2 2 1 54 991 3503 990
3516 2 2 1 54 985 3506 3493
3517 2 2 1 54 3497 3507 982
3518 2 2 1 54 3494 3501 976
3519 2 2 1 54 3514 3517 3513
3520 2 2 1 54 3512 3518 3497
3521 2 2 1 54 3494 3517 3514
3522 2 2 1 54 988 3516 3508
3523 2 2 1 54 3499 3517 3505
3524 2 2 1 54 3505 3517 3494
3525 2 2 1 54 3497 3518 3507
3526 2 2 1 54 3507 3518 3496
3527 2 2 1 55 3522 3536 3530
3528 2 2 1 55 3530 3538 3520
3529 2 2 1 55 3530 3531 3522
3530 2 2 1 55 3530 3536 3525
3531 2 2 1 55 3525 3538 3530
3532 2 2 1 55 3528 3530 3520
3533 2 2 1 55 1000 3532 3519
3534 2 2 1 55 3531 3533 3519
3535 2 2 1 55 1001 3532 1000
3536 2 2 1 55 3533 3537 3519
3537 2 2 1 55 1002 3532 1001
3538 2 2 1 55 3522 3532 1002
3539 2 2 1 55 3519 3532 3531
3540 2 2 1 55 3531 3532 3522
3541 2 2 1 55 3524 3537 3533
3542 2 2 1 55 992 3523 55
3543 2 2 1 55 995 3521 994
3544 2 2 1 55 1005 3525 1004
3545 2 2 1 55 1003 3522 1002
3546 2 2 1 55 998 3524 997
3547 2 2 1 55 1007 3520 1006
3548 2 2 1 55 1000 3519 999
3549 2 2 1 55 3527 3539 3521
3550 2 2 1 55 3529 3531 3530
3551 2 2 1 55 3529 3530 3528
3552 2 2 1 55 3527 3529 3528
3553 2 2 1 55 3521 3542 3527
3554 2 2 1 55 3529 3533 3531
3555 2 2 1 55 3533 3534 3524
3556 2 2 1 55 3520 3535 3528
3557 2 2 1 55 3528 3535 3523
3558 2 2 1 55 3527 3528 3523
3559 2 2 1 55 3533 3542 3534
3560 2 2 1 55 3529 3542 3533
3561 2 2 1 55 3526 3539 3527
3562 2 2 1 55 3526 3527 3523
3563 2 2 1 55 992 3526 3523
3564 2 2 1 55 55 3535 1007
3565 2 2 1 55 3534 3542 3521
3566 2 2 1 55 3523 3535 55
3567 2 2 1 55 993 3526 992
3568 2 2 1 55 1007 3535 3520
3569 2 2 1 55 1005 3538 3525
3570 2 2 1 55 3521 3539 994
3571 2 2 1 55 1004 3536 1003
3572 2 2 1 55 994 3539 993
3573 2 2 1 55 1006 3538 1005
3574 2 2 1 55 998 3537 3524
3575 2 2 1 55 3525 3536 1004
3576 2 2 1 55 995 3541 3521
3577 2 2 1 55 999 3537 998
3578 2 2 1 55 1003 3536 3522
3579 2 2 1 55 3520 3538 1006
3580 2 2 1 55 3519 3537 999
3581 2 2 1 55 3524 3540 997
3582 2 2 1 55 997 3540 996
3583 2 2 1 55 996 3541 995
3584 2 2 1 55 3527 3542 3529
3585 2 2 1 55 3534 3540 3524
3586 2 2 1 55 3521 3541 3534
3587 2 2 1 55 993 3539 3526
3588 2 2 1 55 3534 3541 3540
3589 2 2 1 55 3540 3541 996
3590 2 2 1 56 3543 3562 3552
3591 2 2 1 56 3552 3562 3547
3592 2 2 1 56 3546 3563 3554
3593 2 2 1 56 3554 3563 3549
3594 2 2 1 56 3560 3562 3543
3595 2 2 1 56 3551 3564 3550
3596 2 2 1 56 3544 3564 3551
3597 2 2 1 56 3546 3568 3563
3598 2 2 1 56 3545 3565 3559
3599 2 2 1 56 56 3550 1023
3600 2 2 1 56 3564 3565 3550
3601 2 2 1 56 1011 3549 1010
3602 2 2 1 56 1019 3548 1018
3603 2 2 1 56 1013 3546 1012
3604 2 2 1 56 1022 3545 1021
3605 2 2 1 56 1009 3544 1008
3606 2 2 1 56 1017 3543 1016
3607 2 2 1 56 1015 3547 1014
3608 2 2 1 56 3559 3566 3545
3609 2 2 1 56 3561 3563 3562
3610 2 2 1 56 3559 3565 3561
3611 2 2 1 56 3561 3562 3560
3612 2 2 1 56 3561 3564 3563
3613 2 2 1 56 3559 3561 3560
3614 2 2 1 56 3563 3568 3562
3615 2 2 1 56 3550 3565 3555
3616 2 2 1 56 3555 3565 3545
3617 2 2 1 56 3553 3560 3543
3618 2 2 1 56 3548 3560 3553
3619 2 2 1 56 3559 3560 3548
3620 2 2 1 56 3558 3566 3559
3621 2 2 1 56 3561 3565 3564
3622 2 2 1 56 3563 3567 3549
3623 2 2 1 56 3558 3559 3548
3624 2 2 1 56 3550 3555 1023
3625 2 2 1 56 1008 3551 56
3626 2 2 1 56 3549 3556 1010
3627 2 2 1 56 3548 3553 1018
3628 2 2 1 56 56 3551 3550
3629 2 2 1 56 1021 3566 1020
3630 2 2 1 56 1012 3554 1011
3631 2 2 1 56 1013 3557 3546
3632 2 2 1 56 1020 3558 1019
3633 2 2 1 56 1010 3556 1009
3634 2 2 1 56 1018 3553 1017
3635 2 2 1 56 1014 3557 1013
3636 2 2 1 56 1011 3554 3549
3637 2 2 1 56 1019 3558 3548
3638 2 2 1 56 3543 3552 1016
3639 2 2 1 56 1009 3556 3544
3640 2 2 1 56 3546 3554 1012
3641 2 2 1 56 1022 3555 3545
3642 2 2 1 56 3545 3566 1021
3643 2 2 1 56 1016 3552 1015
3644 2 2 1 56 1015 3552 3547
3645 2 2 1 56 1017 3553 3543
3646 2 2 1 56 1023 3555 1022
3647 2 2 1 56 3547 3557 1014
3648 2 2 1 56 3544 3551 1008
3649 2 2 1 56 3564 3567 3563
3650 2 2 1 56 3562 3568 3547
3651 2 2 1 56 3544 3567 3564
3652 2 2 1 56 1020 3566 3558
3653 2 2 1 56 3549 3567 3556
3654 2 2 1 56 3556 3567 3544
3655 2 2 1 56 3547 3568 3557
3656 2 2 1 56 3557 3568 3546
3657 2 2 1 57 3577 3586 3576
3658 2 2 1 57 3580 3587 3575
3659 2 2 1 57 3572 3587 3580
3660 2 2 1 57 3569 3588 3578
3661 2 2 1 57 3570 3586 3577
3662 2 2 1 57 3578 3588 3573
3663 2 2 1 57 3576 3586 3584
3664 2 2 1 57 3569 3589 3588
3665 2 2 1 57 3583 3589 3574
3666 2 2 1 57 57 3576 1039
3667 2 2 1 57 3585 3589 3583
3668 2 2 1 57 3587 3594 3575
3669 2 2 1 57 1027 3575 1026
3670 2 2 1 57 1035 3574 1034
3671 2 2 1 57 1029 3572 1028
3672 2 2 1 57 1038 3571 1037
3673 2 2 1 57 1025 3570 1024
3674 2 2 1 57 1031 3573 1030
3675 2 2 1 57 1033 3569 1032
3676 2 2 1 57 3574 3590 3583
3677 2 2 1 57 3586 3587 3585
3678 2 2 1 57 3584 3586 3585
3679 2 2 1 57 3587 3588 3585
3680 2 2 1 57 3584 3585 3583
3681 2 2 1 57 3572 3593 3587
3682 2 2 1 57 3588 3589 3585
3683 2 2 1 57 3569 3592 3589
3684 2 2 1 57 3589 3592 3574
3685 2 2 1 57 3586 3594 3587
3686 2 2 1 57 3579 3584 3571
3687 2 2 1 57 3583 3590 3582
3688 2 2 1 57 3576 3584 3579
3689 2 2 1 57 3571 3584 3583
3690 2 2 1 57 3571 3583 3582
3691 2 2 1 57 3576 3579 1039
3692 2 2 1 57 1024 3577 57
3693 2 2 1 57 3575 3581 1026
3694 2 2 1 57 1037 3582 1036
3695 2 2 1 57 57 3577 3576
3696 2 2 1 57 1028 3580 1027
3697 2 2 1 57 3574 3592 1034
3698 2 2 1 57 1026 3581 1025
3699 2 2 1 57 1029 3591 3572
3700 2 2 1 57 1036 3590 1035
3701 2 2 1 57 1034 3592 1033
3702 2 2 1 57 1030 3591 1029
3703 2 2 1 57 1027 3580 3575
3704 2 2 1 57 1035 3590 3574
3705 2 2 1 57 1038 3579 3571
3706 2 2 1 57 1025 3581 3570
3707 2 2 1 57 3572 3580 1028
3708 2 2 1 57 1032 3578 1031
3709 2 2 1 57 3571 3582 1037
3710 2 2 1 57 1031 3578 3573
3711 2 2 1 57 3569 3578 1032
3712 2 2 1 57 1039 3579 1038
3713 2 2 1 57 3573 3591 1030
3714 2 2 1 57 3570 3577 1024
3715 2 2 1 57 1033 3592 3569
3716 2 2 1 57 3587 3593 3588
3717 2 2 1 57 3570 3594 3586
3718 2 2 1 57 3588 3593 3573
3719 2 2 1 57 3582 3590 1036
3720 2 2 1 57 3573 3593 3591
3721 2 2 1 57 3591 3593 3572
3722 2 2 1 57 3581 3594 3570
3723 2 2 1 57 3575 3594 3581
3724 2 2 1 58 3606 3612 3598
3725 2 2 1 58 3596 3613 3606
3726 2 2 1 58 3598 3607 3606
3727 2 2 1 58 3601 3612 3606
3728 2 2 1 58 3606 3613 3601
3729 2 2 1 58 3596 3606 3604
3730 2 2 1 58 3595 3608 1047
3731 2 2 1 58 3595 3609 3607
3732 2 2 1 58 1047 3608 1046
3733 2 2 1 58 1046 3608 1045
3734 2 2 1 58 3595 3614 3609
3735 2 2 1 58 1045 3608 3598
3736 2 2 1 58 3607 3608 3595
3737 2 2 1 58 3598 3608 3607
3738 2 2 1 58 3609 3614 3600
3739 2 2 1 58 58 3599 1055
3740 2 2 1 58 1053 3597 1052
3741 2 2 1 58 1043 3601 1042
3742 2 2 1 58 1045 3598 1044
3743 2 2 1 58 1050 3600 1049
3744 2 2 1 58 1041 3596 1040
3745 2 2 1 58 1048 3595 1047
3746 2 2 1 58 3597 3615 3603
3747 2 2 1 58 3606 3607 3605
3748 2 2 1 58 3604 3606 3605
3749 2 2 1 58 3604 3605 3603
3750 2 2 1 58 3603 3618 3597
3751 2 2 1 58 3607 3609 3605
3752 2 2 1 58 3600 3610 3609
3753 2 2 1 58 3604 3611 3596
3754 2 2 1 58 3599 3611 3604
3755 2 2 1 58 3599 3604 3603
3756 2 2 1 58 3610 3618 3609
3757 2 2 1 58 3603 3615 3602
3758 2 2 1 58 3609 3618 3605
3759 2 2 1 58 3599 3603 3602
3760 2 2 1 58 3599 3602 1055
3761 2 2 1 58 1040 3611 58
3762 2 2 1 58 3597 3618 3610
3763 2 2 1 58 58 3611 3599
3764 2 2 1 58 1055 3602 1054
3765 2 2 1 58 3596 3611 1040
3766 2 2 1 58 3601 3613 1042
3767 2 2 1 58 1044 3612 1043
3768 2 2 1 58 1054 3615 1053
3769 2 2 1 58 1053 3615 3597
3770 2 2 1 58 1042 3613 1041
3771 2 2 1 58 1043 3612 3601
3772 2 2 1 58 3597 3617 1052
3773 2 2 1 58 3600 3614 1049
3774 2 2 1 58 1049 3614 1048
3775 2 2 1 58 3598 3612 1044
3776 2 2 1 58 1041 3613 3596
3777 2 2 1 58 1050 3616 3600
3778 2 2 1 58 1048 3614 3595
3779 2 2 1 58 1051 3616 1050
3780 2 2 1 58 1052 3617 1051
3781 2 2 1 58 3605 3618 3603
3782 2 2 1 58 3600 3616 3610
3783 2 2 1 58 3610 3617 3597
3784 2 2 1 58 3602 3615 1054
3785 2 2 1 58 3616 3617 3610
3786 2 2 1 58 1051 3617 3616
3787 2 2 1 59 3627 3636 3626
3788 2 2 1 59 3630 3637 3625
3789 2 2 1 59 3622 3637 3630
3790 2 2 1 59 3619 3638 3628
3791 2 2 1 59 3620 3636 3627
3792 2 2 1 59 3628 3638 3623
3793 2 2 1 59 3626 3636 3634
3794 2 2 1 59 3619 3639 3638
3795 2 2 1 59 3633 3639 3624
3796 2 2 1 59 59 3626 1071
3797 2 2 1 59 3637 3644 3625
3798 2 2 1 59 3635 3639 3633
3799 2 2 1 59 1059 3625 1058
3800 2 2 1 59 1067 3624 1066
3801 2 2 1 59 1061 3622 1060
3802 2 2 1 59 1070 3621 1069
3803 2 2 1 59 1057 3620 1056
3804 2 2 1 59 1065 3619 1064
3805 2 2 1 59 1063 3623 1062
3806 2 2 1 59 3624 3640 3633
3807 2 2 1 59 3636 3637 3635
3808 2 2 1 59 3634 3636 3635
3809 2 2 1 59 3637 3638 3635
3810 2 2 1 59 3634 3635 3633
3811 2 2 1 59 3622 3643 3637
3812 2 2 1 59 3638 3639 3635
3813 2 2 1 59 3619 3642 3639
3814 2 2 1 59 3639 3642 3624
3815 2 2 1 59 3636 3644 3637
3816 2 2 1 59 3629 3634 3621
3817 2 2 1 59 3633 3640 3632
3818 2 2 1 59 3626 3634 3629
3819 2 2 1 59 3621 3634 3633
3820 2 2 1 59 3621 3633 3632
3821 2 2 1 59 3626 3629 1071
3822 2 2 1 59 1056 3627 59
3823 2 2 1 59 3625 3631 1058
3824 2 2 1 59 1069 3632 1068
3825 2 2 1 59 59 3627 3626
3826 2 2 1 59 1060 3630 1059
3827 2 2 1 59 3624 3642 1066
3828 2 2 1 59 1061 3641 3622
3829 2 2 1 59 1058 3631 1057
3830 2 2 1 59 1068 3640 1067
3831 2 2 1 59 1066 3642 1065
3832 2 2 1 59 1062 3641 1061
3833 2 2 1 59 1059 3630 3625
3834 2 2 1 59 1067 3640 3624
3835 2 2 1 59 1070 3629 3621
3836 2 2 1 59 1057 3631 3620
3837 2 2 1 59 3622 3630 1060
3838 2 2 1 59 1064 3628 1063
3839 2 2 1 59 3621 3632 1069
3840 2 2 1 59 3619 3628 1064
3841 2 2 1 59 1063 3628 3623
3842 2 2 1 59 1071 3629 1070
3843 2 2 1 59 3623 3641 1062
3844 2 2 1 59 1065 3642 3619
3845 2 2 1 59 3620 3627 1056
3846 2 2 1 59 3637 3643 3638
3847 2 2 1 59 3620 3644 3636
3848 2 2 1 59 3638 3643 3623
3849 2 2 1 59 3632 3640 1068
3850 2 2 1 59 3623 3643 3641
3851 2 2 1 59 3641 3643 3622
3852 2 2 1 59 3631 3644 3620
3853 2 2 1 59 3625 3644 3631
3854 2 2 1 60 3653 3664 3652
3855 2 2 1 60 3656 3665 3651
3856 2 2 1 60 3648 3665 3656
3857 2 2 1 60 3645 3666 3654
3858 2 2 1 60 3646 3664 3653
3859 2 2 1 60 3654 3666 3649
3860 2 2 1 60 3652 3664 3662
3861 2 2 1 60 3645 3667 3666
3862 2 2 1 60 3661 3667 3650
3863 2 2 1 60 60 3652 1087
3864 2 2 1 60 3665 3670 3651
3865 2 2 1 60 3663 3667 3661
3866 2 2 1 60 1075 3651 1074
3867 2 2 1 60 1083 3650 1082
3868 2 2 1 60 1077 3648 1076
3869 2 2 1 60 1086 3647 1085
3870 2 2 1 60 1073 3646 1072
3871 2 2 1 60 1081 3645 1080
3872 2 2 1 60 1079 3649 1078
3873 2 2 1 60 3650 3668 3661
3874 2 2 1 60 3664 3665 3663
3875 2 2 1 60 3662 3664 3663
3876 2 2 1 60 3665 3666 3663
3877 2 2 1 60 3662 3663 3661
3878 2 2 1 60 3648 3669 3665
3879 2 2 1 60 3666 3667 3663
3880 2 2 1 60 3655 3667 3645
3881 2 2 1 60 3650 3667 3655
3882 2 2 1 60 3664 3670 3665
3883 2 2 1 60 3657 3662 3647
3884 2 2 1 60 3661 3668 3660
3885 2 2 1 60 3652 3662 3657
3886 2 2 1 60 3647 3662 3661
3887 2 2 1 60 3647 3661 3660
3888 2 2 1 60 3652 3657 1087
3889 2 2 1 60 1072 3653 60
3890 2 2 1 60 3651 3658 1074
3891 2 2 1 60 1085 3660 1084
3892 2 2 1 60 3650 3655 1082
3893 2 2 1 60 60 3653 3652
3894 2 2 1 60 1076 3656 1075
3895 2 2 1 60 1077 3659 3648
3896 2 2 1 60 1074 3658 1073
3897 2 2 1 60 1084 3668 1083
3898 2 2 1 60 1082 3655 1081
3899 2 2 1 60 1078 3659 1077
3900 2 2 1 60 1075 3656 3651
3901 2 2 1 60 1083 3668 3650
3902 2 2 1 60 1073 3658 3646
3903 2 2 1 60 1086 3657 3647
3904 2 2 1 60 3648 3656 1076
3905 2 2 1 60 1080 3654 1079
3906 2 2 1 60 3645 3654 1080
3907 2 2 1 60 3647 3660 1085
3908 2 2 1 60 1079 3654 3649
3909 2 2 1 60 1087 3657 1086
3910 2 2 1 60 1081 3655 3645
3911 2 2 1 60 3649 3659 1078
3912 2 2 1 60 3646 3653 1072
3913 2 2 1 60 3665 3669 3666
3914 2 2 1 60 3646 3670 3664
3915 2 2 1 60 3666 3669 3649
3916 2 2 1 60 3660 3668 1084
3917 2 2 1 60 3649 3669 3659
3918 2 2 1 60 3659 3669 3648
3919 2 2 1 60 3658 3670 3646
3920 2 2 1 60 3651 3670 3658
3921 2 2 1 61 3680 3690 3671
3922 2 2 1 61 3675 3690 3680
3923 2 2 1 61 3681 3691 3674
3924 2 2 1 61 3677 3691 3681
3925 2 2 1 61 3671 3690 3688
3926 2 2 1 61 3678 3692 3679
3927 2 2 1 61 3679 3692 3672
3928 2 2 1 61 3691 3696 3674
3929 2 2 1 61 3687 3693 3673
3930 2 2 1 61 1088 3678 61
3931 2 2 1 61 3678 3693 3692
3932 2 2 1 61 1101 3677 1100
3933 2 2 1 61 1093 3676 1092
3934 2 2 1 61 1099 3674 1098
3935 2 2 1 61 1090 3673 1089
3936 2 2 1 61 1103 3672 1102
3937 2 2 1 61 1095 3671 1094
3938 2 2 1 61 1097 3675 1096
3939 2 2 1 61 3673 3694 3687
3940 2 2 1 61 3690 3691 3689
3941 2 2 1 61 3689 3693 3687
3942 2 2 1 61 3688 3690 3689
3943 2 2 1 61 3691 3692 3689
3944 2 2 1 61 3688 3689 3687
3945 2 2 1 61 3690 3696 3691
3946 2 2 1 61 3682 3693 3678
3947 2 2 1 61 3673 3693 3682
3948 2 2 1 61 3671 3688 3683
3949 2 2 1 61 3683 3688 3676
3950 2 2 1 61 3676 3688 3687
3951 2 2 1 61 3687 3694 3686
3952 2 2 1 61 3692 3693 3689
3953 2 2 1 61 3677 3695 3691
3954 2 2 1 61 3676 3687 3686
3955 2 2 1 61 1088 3682 3678
3956 2 2 1 61 61 3679 1103
3957 2 2 1 61 1101 3684 3677
3958 2 2 1 61 1091 3694 1090
3959 2 2 1 61 3678 3679 61
3960 2 2 1 61 1093 3683 3676
3961 2 2 1 61 1100 3681 1099
3962 2 2 1 61 1092 3686 1091
3963 2 2 1 61 3674 3685 1098
3964 2 2 1 61 1102 3684 1101
3965 2 2 1 61 1094 3683 1093
3966 2 2 1 61 1098 3685 1097
3967 2 2 1 61 3677 3681 1100
3968 2 2 1 61 3672 3684 1102
3969 2 2 1 61 3673 3682 1089
3970 2 2 1 61 1099 3681 3674
3971 2 2 1 61 3676 3686 1092
3972 2 2 1 61 1090 3694 3673
3973 2 2 1 61 1096 3680 1095
3974 2 2 1 61 1095 3680 3671
3975 2 2 1 61 3675 3680 1096
3976 2 2 1 61 1089 3682 1088
3977 2 2 1 61 3671 3683 1094
3978 2 2 1 61 1097 3685 3675
3979 2 2 1 61 1103 3679 3672
3980 2 2 1 61 3691 3695 3692
3981 2 2 1 61 3675 3696 3690
3982 2 2 1 61 3692 3695 3672
3983 2 2 1 61 3686 3694 1091
3984 2 2 1 61 3684 3695 3677
3985 2 2 1 61 3672 3695 3684
3986 2 2 1 61 3685 3696 3675
3987 2 2 1 61 3674 3696 3685
3988 2 2 1 62 3706 3716 3697
3989 2 2 1 62 3701 3716 3706
3990 2 2 1 62 3708 3717 3700
3991 2 2 1 62 3703 3717 3708
3992 2 2 1 62 3697 3716 3714
3993 2 2 1 62 3704 3718 3705
3994 2 2 1 62 3705 3718 3698
3995 2 2 1 62 3717 3722 3700
3996 2 2 1 62 3713 3719 3699
3997 2 2 1 62 1104 3704 62
3998 2 2 1 62 3704 3719 3718
3999 2 2 1 62 1117 3703 1116
4000 2 2 1 62 1109 3702 1108
4001 2 2 1 62 1115 3700 1114
4002 2 2 1 62 1106 3699 1105
4003 2 2 1 62 1119 3698 1118
4004 2 2 1 62 1111 3697 1110
4005 2 2 1 62 1113 3701 1112
4006 2 2 1 62 3699 3720 3713
4007 2 2 1 62 3716 3717 3715
4008 2 2 1 62 3715 3719 3713
4009 2 2 1 62 3714 3716 3715
4010 2 2 1 62 3717 3718 3715
4011 2 2 1 62 3714 3715 3713
4012 2 2 1 62 3716 3722 3717
4013 2 2 1 62 3709 3719 3704
4014 2 2 1 62 3699 3719 3709
4015 2 2 1 62 3697 3714 3707
4016 2 2 1 62 3707 3714 3702
4017 2 2 1 62 3702 3714 3713
4018 2 2 1 62 3713 3720 3712
4019 2 2 1 62 3718 3719 3715
4020 2 2 1 62 3703 3721 3717
4021 2 2 1 62 3702 3713 3712
4022 2 2 1 62 1104 3709 3704
4023 2 2 1 62 62 3705 1119
4024 2 2 1 62 1117 3710 3703
4025 2 2 1 62 1109 3707 3702
4026 2 2 1 62 3704 3705 62
4027 2 2 1 62 1107 3720 1106
4028 2 2 1 62 1116 3708 1115
4029 2 2 1 62 3700 3711 1114
4030 2 2 1 62 1108 3712 1107
4031 2 2 1 62 1118 3710 1117
4032 2 2 1 62 1110 3707 1109
4033 2 2 1 62 1114 3711 1113
4034 2 2 1 62 3703 3708 1116
4035 2 2 1 62 1111 3706 3697
4036 2 2 1 62 3702 3712 1108
4037 2 2 1 62 3698 3710 1118
4038 2 2 1 62 1115 3708 3700
4039 2 2 1 62 3699 3709 1105
4040 2 2 1 62 1112 3706 1111
4041 2 2 1 62 1106 3720 3699
4042 2 2 1 62 3701 3706 1112
4043 2 2 1 62 1105 3709 1104
4044 2 2 1 62 3697 3707 1110
4045 2 2 1 62 1113 3711 3701
4046 2 2 1 62 1119 3705 3698
4047 2 2 1 62 3717 3721 3718
4048 2 2 1 62 3701 3722 3716
4049 2 2 1 62 3718 3721 3698
4050 2 2 1 62 3712 3720 1107
4051 2 2 1 62 3710 3721 3703
4052 2 2 1 62 3698 3721 3710
4053 2 2 1 62 3711 3722 3701
4054 2 2 1 62 3700 3722 3711
4055 2 2 1 63 3736 3746 3729
4056 2 2 1 63 3724 3746 3736
4057 2 2 1 63 3737 3741 3730
4058 2 2 1 63 3725 3741 3737
4059 2 2 1 63 3734 3736 3729
4060 2 2 1 63 3723 3743 3738
4061 2 2 1 63 3738 3743 3728
4062 2 2 1 63 3738 3739 3723
4063 2 2 1 63 3727 3739 3733
4064 2 2 1 63 63 3730 1135
4065 2 2 1 63 3730 3748 3737
4066 2 2 1 63 1132 3728 1131
4067 2 2 1 63 1123 3729 1122
4068 2 2 1 63 1134 3725 1133
4069 2 2 1 63 1125 3726 1124
4070 2 2 1 63 1130 3723 1129
4071 2 2 1 63 1121 3724 1120
4072 2 2 1 63 3733 3745 3727
4073 2 2 1 63 1128 3727 1127
4074 2 2 1 63 3735 3737 3736
4075 2 2 1 63 3733 3739 3735
4076 2 2 1 63 3735 3736 3734
4077 2 2 1 63 3735 3738 3737
4078 2 2 1 63 3733 3735 3734
4079 2 2 1 63 3739 3744 3723
4080 2 2 1 63 3727 3744 3739
4081 2 2 1 63 3737 3748 3736
4082 2 2 1 63 3737 3747 3725
4083 2 2 1 63 3734 3742 3726
4084 2 2 1 63 3729 3742 3734
4085 2 2 1 63 3732 3745 3733
4086 2 2 1 63 3733 3734 3726
4087 2 2 1 63 3735 3739 3738
4088 2 2 1 63 3732 3733 3726
4089 2 2 1 63 3730 3741 1135
4090 2 2 1 63 1120 3731 63
4091 2 2 1 63 3728 3743 1131
4092 2 2 1 63 3729 3746 1122
4093 2 2 1 63 1125 3732 3726
4094 2 2 1 63 1133 3740 1132
4095 2 2 1 63 63 3731 3730
4096 2 2 1 63 1131 3743 1130
4097 2 2 1 63 1126 3732 1125
4098 2 2 1 63 1124 3742 1123
4099 2 2 1 63 1132 3740 3728
4100 2 2 1 63 3723 3744 1129
4101 2 2 1 63 1134 3741 3725
4102 2 2 1 63 1123 3742 3729
4103 2 2 1 63 1122 3746 1121
4104 2 2 1 63 3725 3740 1133
4105 2 2 1 63 3726 3742 1124
4106 2 2 1 63 1129 3744 1128
4107 2 2 1 63 1127 3745 1126
4108 2 2 1 63 1130 3743 3723
4109 2 2 1 63 1121 3746 3724
4110 2 2 1 63 1135 3741 1134
4111 2 2 1 63 1128 3744 3727
4112 2 2 1 63 3727 3745 1127
4113 2 2 1 63 3724 3731 1120
4114 2 2 1 63 3738 3747 3737
4115 2 2 1 63 3736 3748 3724
4116 2 2 1 63 3728 3747 3738
4117 2 2 1 63 1126 3745 3732
4118 2 2 1 63 3725 3747 3740
4119 2 2 1 63 3740 3747 3728
4120 2 2 1 63 3724 3748 3731
4121 2 2 1 63 3731 3748 3730
4122 2 2 1 64 3760 3766 3752
4123 2 2 1 64 3750 3768 3760
4124 2 2 1 64 3752 3761 3760
4125 2 2 1 64 3755 3766 3760
4126 2 2 1 64 3760 3768 3755
4127 2 2 1 64 3750 3760 3758
4128 2 2 1 64 3749 3762 1143
4129 2 2 1 64 3749 3763 3761
4130 2 2 1 64 1143 3762 1142
4131 2 2 1 64 3749 3767 3763
4132 2 2 1 64 1142 3762 1141
4133 2 2 1 64 1141 3762 3752
4134 2 2 1 64 3761 3762 3749
4135 2 2 1 64 3752 3762 3761
4136 2 2 1 64 3763 3767 3754
4137 2 2 1 64 64 3753 1151
4138 2 2 1 64 1149 3751 1148
4139 2 2 1 64 1139 3755 1138
4140 2 2 1 64 1141 3752 1140
4141 2 2 1 64 1146 3754 1145
4142 2 2 1 64 1137 3750 1136
4143 2 2 1 64 1144 3749 1143
4144 2 2 1 64 3751 3769 3757
4145 2 2 1 64 3760 3761 3759
4146 2 2 1 64 3758 3760 3759
4147 2 2 1 64 3758 3759 3757
4148 2 2 1 64 3757 3772 3751
4149 2 2 1 64 3761 3763 3759
4150 2 2 1 64 3754 3764 3763
4151 2 2 1 64 3758 3765 3750
4152 2 2 1 64 3753 3765 3758
4153 2 2 1 64 3753 3758 3757
4154 2 2 1 64 3764 3772 3763
4155 2 2 1 64 3763 3772 3759
4156 2 2 1 64 3757 3769 3756
4157 2 2 1 64 3753 3757 3756
4158 2 2 1 64 3753 3756 1151
4159 2 2 1 64 1136 3765 64
4160 2 2 1 64 3751 3772 3764
4161 2 2 1 64 64 3765 3753
4162 2 2 1 64 1151 3756 1150
4163 2 2 1 64 3750 3765 1136
4164 2 2 1 64 3755 3768 1138
4165 2 2 1 64 1140 3766 1139
4166 2 2 1 64 1150 3769 1149
4167 2 2 1 64 1149 3769 3751
4168 2 2 1 64 3754 3767 1145
4169 2 2 1 64 1138 3768 1137
4170 2 2 1 64 1139 3766 3755
4171 2 2 1 64 3751 3771 1148
4172 2 2 1 64 1145 3767 1144
4173 2 2 1 64 3752 3766 1140
4174 2 2 1 64 1137 3768 3750
4175 2 2 1 64 1144 3767 3749
4176 2 2 1 64 1146 3770 3754
4177 2 2 1 64 1147 3770 1146
4178 2 2 1 64 1148 3771 1147
4179 2 2 1 64 3759 3772 3757
4180 2 2 1 64 3754 3770 3764
4181 2 2 1 64 3764 3771 3751
4182 2 2 1 64 3756 3769 1150
4183 2 2 1 64 3770 3771 3764
4184 2 2 1 64 1147 3771 3770
4185 2 2 1 65 3782 3792 3773
4186 2 2 1 65 3777 3792 3782
4187 2 2 1 65 3783 3793 3776
4188 2 2 1 65 3779 3793 3783
4189 2 2 1 65 3773 3792 3790
4190 2 2 1 65 3780 3794 3781
4191 2 2 1 65 3781 3794 3774
4192 2 2 1 65 3793 3798 3776
4193 2 2 1 65 3789 3795 3775
4194 2 2 1 65 1152 3780 65
4195 2 2 1 65 3780 3795 3794
4196 2 2 1 65 1165 3779 1164
4197 2 2 1 65 1157 3778 1156
4198 2 2 1 65 1163 3776 1162
4199 2 2 1 65 1154 3775 1153
4200 2 2 1 65 1167 3774 1166
4201 2 2 1 65 1159 3773 1158
4202 2 2 1 65 1161 3777 1160
4203 2 2 1 65 3775 3796 3789
4204 2 2 1 65 3792 3793 3791
4205 2 2 1 65 3791 3795 3789
4206 2 2 1 65 3790 3792 3791
4207 2 2 1 65 3793 3794 3791
4208 2 2 1 65 3790 3791 3789
4209 2 2 1 65 3792 3798 3793
4210 2 2 1 65 3784 3795 3780
4211 2 2 1 65 3775 3795 3784
4212 2 2 1 65 3773 3790 3785
4213 2 2 1 65 3785 3790 3778
4214 2 2 1 65 3778 3790 3789
4215 2 2 1 65 3789 3796 3788
4216 2 2 1 65 3794 3795 3791
4217 2 2 1 65 3779 3797 3793
4218 2 2 1 65 3778 3789 3788
4219 2 2 1 65 1152 3784 3780
4220 2 2 1 65 65 3781 1167
4221 2 2 1 65 1165 3786 3779
4222 2 2 1 65 1155 3796 1154
4223 2 2 1 65 3780 3781 65
4224 2 2 1 65 1157 3785 3778
4225 2 2 1 65 1156 3788 1155
4226 2 2 1 65 3776 3787 1162
4227 2 2 1 65 1166 3786 1165
4228 2 2 1 65 3779 3783 1164
4229 2 2 1 65 1164 3783 1163
4230 2 2 1 65 1158 3785 1157
4231 2 2 1 65 1162 3787 1161
4232 2 2 1 65 3774 3786 1166
4233 2 2 1 65 3775 3784 1153
4234 2 2 1 65 1163 3783 3776
4235 2 2 1 65 3778 3788 1156
4236 2 2 1 65 1154 3796 3775
4237 2 2 1 65 1160 3782 1159
4238 2 2 1 65 1159 3782 3773
4239 2 2 1 65 3777 3782 1160
4240 2 2 1 65 1153 3784 1152
4241 2 2 1 65 3773 3785 1158
4242 2 2 1 65 1161 3787 3777
4243 2 2 1 65 1167 3781 3774
4244 2 2 1 65 3793 3797 3794
4245 2 2 1 65 3777 3798 3792
4246 2 2 1 65 3794 3797 3774
4247 2 2 1 65 3788 3796 1155
4248 2 2 1 65 3786 3797 3779
4249 2 2 1 65 3774 3797 3786
4250 2 2 1 65 3787 3798 3777
4251 2 2 1 65 3776 3798 3787
4252 2 2 1 66 3807 3818 3806
4253 2 2 1 66 3809 3819 3805
4254 2 2 1 66 3802 3819 3809
4255 2 2 1 66 3799 3820 3808
4256 2 2 1 66 3800 3818 3807
4257 2 2 1 66 3808 3820 3803
4258 2 2 1 66 3806 3818 3816
4259 2 2 1 66 3799 3821 3820
4260 2 2 1 66 3815 3821 3804
4261 2 2 1 66 66 3806 1183
4262 2 2 1 66 3819 3824 3805
4263 2 2 1 66 3817 3821 3815
4264 2 2 1 66 1171 3805 1170
4265 2 2 1 66 1179 3804 1178
4266 2 2 1 66 1173 3802 1172
4267 2 2 1 66 1182 3801 1181
4268 2 2 1 66 1169 3800 1168
4269 2 2 1 66 1177 3799 1176
4270 2 2 1 66 1175 3803 1174
4271 2 2 1 66 3804 3822 3815
4272 2 2 1 66 3818 3819 3817
4273 2 2 1 66 3816 3818 3817
4274 2 2 1 66 3819 3820 3817
4275 2 2 1 66 3816 3817 3815
4276 2 2 1 66 3802 3823 3819
4277 2 2 1 66 3820 3821 3817
4278 2 2 1 66 3811 3821 3799
4279 2 2 1 66 3804 3821 3811
4280 2 2 1 66 3818 3824 3819
4281 2 2 1 66 3810 3816 3801
4282 2 2 1 66 3815 3822 3814
4283 2 2 1 66 3806 3816 3810
4284 2 2 1 66 3801 3816 3815
4285 2 2 1 66 3801 3815 3814
4286 2 2 1 66 3806 3810 1183
4287 2 2 1 66 1168 3807 66
4288 2 2 1 66 3805 3812 1170
4289 2 2 1 66 1181 3814 1180
4290 2 2 1 66 66 3807 3806
4291 2 2 1 66 3804 3811 1178
4292 2 2 1 66 1172 3809 1171
4293 2 2 1 66 1173 3813 3802
4294 2 2 1 66 1170 3812 1169
4295 2 2 1 66 1180 3822 1179
4296 2 2 1 66 1178 3811 1177
4297 2 2 1 66 1174 3813 1173
4298 2 2 1 66 1171 3809 3805
4299 2 2 1 66 1179 3822 3804
4300 2 2 1 66 1169 3812 3800
4301 2 2 1 66 1182 3810 3801
4302 2 2 1 66 3802 3809 1172
4303 2 2 1 66 1176 3808 1175
4304 2 2 1 66 3799 3808 1176
4305 2 2 1 66 3801 3814 1181
4306 2 2 1 66 1175 3808 3803
4307 2 2 1 66 1183 3810 1182
4308 2 2 1 66 1177 3811 3799
4309 2 2 1 66 3803 3813 1174
4310 2 2 1 66 3800 3807 1168
4311 2 2 1 66 3819 3823 3820
4312 2 2 1 66 3800 3824 3818
4313 2 2 1 66 3820 3823 3803
4314 2 2 1 66 3814 3822 1180
4315 2 2 1 66 3803 3823 3813
4316 2 2 1 66 3813 3823 3802
4317 2 2 1 66 3812 3824 3800
4318 2 2 1 66 3805 3824 3812
4319 2 2 1 67 3836 3842 3828
4320 2 2 1 67 3826 3844 3836
4321 2 2 1 67 3828 3837 3836
4322 2 2 1 67 3831 3842 3836
4323 2 2 1 67 3836 3844 3831
4324 2 2 1 67 3826 3836 3834
4325 2 2 1 67 3825 3838 1191
4326 2 2 1 67 3825 3839 3837
4327 2 2 1 67 1191 3838 1190
4328 2 2 1 67 1190 3838 1189
4329 2 2 1 67 3825 3843 3839
4330 2 2 1 67 1189 3838 3828
4331 2 2 1 67 3837 3838 3825
4332 2 2 1 67 3828 3838 3837
4333 2 2 1 67 3839 3843 3830
4334 2 2 1 67 67 3829 1199
4335 2 2 1 67 1197 3827 1196
4336 2 2 1 67 1187 3831 1186
4337 2 2 1 67 1189 3828 1188
4338 2 2 1 67 1194 3830 1193
4339 2 2 1 67 1185 3826 1184
4340 2 2 1 67 1192 3825 1191
4341 2 2 1 67 3827 3845 3833
4342 2 2 1 67 3836 3837 3835
4343 2 2 1 67 3834 3836 3835
4344 2 2 1 67 3834 3835 3833
4345 2 2 1 67 3833 3848 3827
4346 2 2 1 67 3837 3839 3835
4347 2 2 1 67 3830 3840 3839
4348 2 2 1 67 3834 3841 3826
4349 2 2 1 67 3829 3841 3834
4350 2 2 1 67 3829 3834 3833
4351 2 2 1 67 3840 3848 3839
4352 2 2 1 67 3839 3848 3835
4353 2 2 1 67 3833 3845 3832
4354 2 2 1 67 3829 3833 3832
4355 2 2 1 67 3829 3832 1199
4356 2 2 1 67 1184 3841 67
4357 2 2 1 67 3827 3848 3840
4358 2 2 1 67 67 3841 3829
4359 2 2 1 67 1199 3832 1198
4360 2 2 1 67 3826 3841 1184
4361 2 2 1 67 3831 3844 1186
4362 2 2 1 67 1188 3842 1187
4363 2 2 1 67 1198 3845 1197
4364 2 2 1 67 1197 3845 3827
4365 2 2 1 67 1186 3844 1185
4366 2 2 1 67 1187 3842 3831
4367 2 2 1 67 3830 3843 1193
4368 2 2 1 67 3827 3847 1196
4369 2 2 1 67 1193 3843 1192
4370 2 2 1 67 3828 3842 1188
4371 2 2 1 67 1185 3844 3826
4372 2 2 1 67 1194 3846 3830
4373 2 2 1 67 1192 3843 3825
4374 2 2 1 67 1195 3846 1194
4375 2 2 1 67 1196 3847 1195
4376 2 2 1 67 3835 3848 3833
4377 2 2 1 67 3830 3846 3840
4378 2 2 1 67 3840 3847 3827
4379 2 2 1 67 3832 3845 1198
4380 2 2 1 67 3846 3847 3840
4381 2 2 1 67 1195 3847 3846
4382 2 2 1 68 3849 3868 3858
4383 2 2 1 68 3858 3868 3853
4384 2 2 1 68 3852 3869 3860
4385 2 2 1 68 3860 3869 3855
4386 2 2 1 68 3866 3868 3849
4387 2 2 1 68 3857 3870 3856
4388 2 2 1 68 3850 3870 3857
4389 2 2 1 68 3852 3874 3869
4390 2 2 1 68 3851 3871 3865
4391 2 2 1 68 68 3856 1215
4392 2 2 1 68 3870 3871 3856
4393 2 2 1 68 1203 3855 1202
4394 2 2 1 68 1211 3854 1210
4395 2 2 1 68 1205 3852 1204
4396 2 2 1 68 1214 3851 1213
4397 2 2 1 68 1201 3850 1200
4398 2 2 1 68 1209 3849 1208
4399 2 2 1 68 1207 3853 1206
4400 2 2 1 68 3865 3872 3851
4401 2 2 1 68 3867 3869 3868
4402 2 2 1 68 3865 3871 3867
4403 2 2 1 68 3867 3868 3866
4404 2 2 1 68 3867 3870 3869
4405 2 2 1 68 3865 3867 3866
4406 2 2 1 68 3869 3874 3868
4407 2 2 1 68 3856 3871 3859
4408 2 2 1 68 3859 3871 3851
4409 2 2 1 68 3862 3866 3849
4410 2 2 1 68 3854 3866 3862
4411 2 2 1 68 3865 3866 3854
4412 2 2 1 68 3864 3872 3865
4413 2 2 1 68 3867 3871 3870
4414 2 2 1 68 3869 3873 3855
4415 2 2 1 68 3864 3865 3854
4416 2 2 1 68 3856 3859 1215
4417 2 2 1 68 1200 3857 68
4418 2 2 1 68 3855 3861 1202
4419 2 2 1 68 1213 3872 1212
4420 2 2 1 68 68 3857 3856
4421 2 2 1 68 1204 3860 1203
4422 2 2 1 68 3854 3862 1210
4423 2 2 1 68 1212 3864 1211
4424 2 2 1 68 1205 3863 3852
4425 2 2 1 68 1202 3861 1201
4426 2 2 1 68 1210 3862 1209
4427 2 2 1 68 1206 3863 1205
4428 2 2 1 68 1203 3860 3855
4429 2 2 1 68 1214 3859 3851
4430 2 2 1 68 1201 3861 3850
4431 2 2 1 68 3852 3860 1204
4432 2 2 1 68 1211 3864 3854
4433 2 2 1 68 3851 3872 1213
4434 2 2 1 68 1208 3858 1207
4435 2 2 1 68 3849 3858 1208
4436 2 2 1 68 1207 3858 3853
4437 2 2 1 68 1215 3859 1214
4438 2 2 1 68 1209 3862 3849
4439 2 2 1 68 3853 3863 1206
4440 2 2 1 68 3850 3857 1200
4441 2 2 1 68 3870 3873 3869
4442 2 2 1 68 3868 3874 3853
4443 2 2 1 68 3850 3873 3870
4444 2 2 1 68 1212 3872 3864
4445 2 2 1 68 3855 3873 3861
4446 2 2 1 68 3861 3873 3850
4447 2 2 1 68 3853 3874 3863
4448 2 2 1 68 3863 3874 3852
4449 2 2 1 69 3878 3892 3886
4450 2 2 1 69 3886 3894 3876
4451 2 2 1 69 3886 3887 3878
4452 2 2 1 69 3886 3892 3881
4453 2 2 1 69 3881 3894 3886
4454 2 2 1 69 3884 3886 3876
4455 2 2 1 69 1224 3888 3875
4456 2 2 1 69 3887 3889 3875
4457 2 2 1 69 1225 3888 1224
4458 2 2 1 69 3889 3893 3875
4459 2 2 1 69 1226 3888 1225
4460 2 2 1 69 3878 3888 1226
4461 2 2 1 69 3875 3888 3887
4462 2 2 1 69 3887 3888 3878
4463 2 2 1 69 3880 3893 3889
4464 2 2 1 69 1216 3879 69
4465 2 2 1 69 1219 3877 1218
4466 2 2 1 69 1229 3881 1228
4467 2 2 1 69 1227 3878 1226
4468 2 2 1 69 1222 3880 1221
4469 2 2 1 69 1231 3876 1230
4470 2 2 1 69 1224 3875 1223
4471 2 2 1 69 3883 3895 3877
4472 2 2 1 69 3885 3887 3886
4473 2 2 1 69 3885 3886 3884
4474 2 2 1 69 3883 3885 3884
4475 2 2 1 69 3877 3898 3883
4476 2 2 1 69 3885 3889 3887
4477 2 2 1 69 3889 3890 3880
4478 2 2 1 69 3876 3891 3884
4479 2 2 1 69 3884 3891 3879
4480 2 2 1 69 3883 3884 3879
4481 2 2 1 69 3889 3898 3890
4482 2 2 1 69 3885 3898 3889
4483 2 2 1 69 3882 3895 3883
4484 2 2 1 69 3882 3883 3879
4485 2 2 1 69 1216 3882 3879
4486 2 2 1 69 69 3891 1231
4487 2 2 1 69 3890 3898 3877
4488 2 2 1 69 3879 3891 69
4489 2 2 1 69 1217 3882 1216
4490 2 2 1 69 1231 3891 3876
4491 2 2 1 69 1229 3894 3881
4492 2 2 1 69 3877 3895 1218
4493 2 2 1 69 1228 3892 1227
4494 2 2 1 69 1218 3895 1217
4495 2 2 1 69 1230 3894 1229
4496 2 2 1 69 3881 3892 1228
4497 2 2 1 69 1222 3893 3880
4498 2 2 1 69 1219 3897 3877
4499 2 2 1 69 1223 3893 1222
4500 2 2 1 69 1227 3892 3878
4501 2 2 1 69 3876 3894 1230
4502 2 2 1 69 3880 3896 1221
4503 2 2 1 69 3875 3893 1223
4504 2 2 1 69 1221 3896 1220
4505 2 2 1 69 1220 3897 1219
4506 2 2 1 69 3883 3898 3885
4507 2 2 1 69 3890 3896 3880
4508 2 2 1 69 3877 3897 3890
4509 2 2 1 69 1217 3895 3882
4510 2 2 1 69 3890 3897 3896
4511 2 2 1 69 3896 3897 1220
4512 2 2 1 70 3899 3918 3908
4513 2 2 1 70 3908 3918 3903
4514 2 2 1 70 3902 3919 3910
4515 2 2 1 70 3910 3919 3905
4516 2 2 1 70 3916 3918 3899
4517 2 2 1 70 3907 3920 3906
4518 2 2 1 70 3900 3920 3907
4519 2 2 1 70 3902 3924 3919
4520 2 2 1 70 3901 3921 3915
4521 2 2 1 70 70 3906 1247
4522 2 2 1 70 3920 3921 3906
4523 2 2 1 70 1235 3905 1234
4524 2 2 1 70 1243 3904 1242
4525 2 2 1 70 1237 3902 1236
4526 2 2 1 70 1246 3901 1245
4527 2 2 1 70 1233 3900 1232
4528 2 2 1 70 1241 3899 1240
4529 2 2 1 70 1239 3903 1238
4530 2 2 1 70 3915 3922 3901
4531 2 2 1 70 3917 3919 3918
4532 2 2 1 70 3915 3921 3917
4533 2 2 1 70 3917 3918 3916
4534 2 2 1 70 3917 3920 3919
4535 2 2 1 70 3915 3917 3916
4536 2 2 1 70 3919 3924 3918
4537 2 2 1 70 3906 3921 3911
4538 2 2 1 70 3911 3921 3901
4539 2 2 1 70 3909 3916 3899
4540 2 2 1 70 3904 3916 3909
4541 2 2 1 70 3915 3916 3904
4542 2 2 1 70 3914 3922 3915
4543 2 2 1 70 3917 3921 3920
4544 2 2 1 70 3919 3923 3905
4545 2 2 1 70 3914 3915 3904
4546 2 2 1 70 3906 3911 1247
4547 2 2 1 70 1232 3907 70
4548 2 2 1 70 3905 3912 1234
4549 2 2 1 70 3904 3909 1242
4550 2 2 1 70 70 3907 3906
4551 2 2 1 70 1245 3922 1244
4552 2 2 1 70 1236 3910 1235
4553 2 2 1 70 1237 3913 3902
4554 2 2 1 70 1244 3914 1243
4555 2 2 1 70 1234 3912 1233
4556 2 2 1 70 1242 3909 1241
4557 2 2 1 70 1238 3913 1237
4558 2 2 1 70 1235 3910 3905
4559 2 2 1 70 1243 3914 3904
4560 2 2 1 70 1233 3912 3900
4561 2 2 1 70 3902 3910 1236
4562 2 2 1 70 3899 3908 1240
4563 2 2 1 70 1246 3911 3901
4564 2 2 1 70 3901 3922 1245
4565 2 2 1 70 1240 3908 1239
4566 2 2 1 70 1239 3908 3903
4567 2 2 1 70 1247 3911 1246
4568 2 2 1 70 1241 3909 3899
4569 2 2 1 70 3903 3913 1238
4570 2 2 1 70 3900 3907 1232
4571 2 2 1 70 3920 3923 3919
4572 2 2 1 70 3918 3924 3903
4573 2 2 1 70 3900 3923 3920
4574 2 2 1 70 1244 3922 3914
4575 2 2 1 70 3905 3923 3912
4576 2 2 1 70 3912 3923 3900
4577 2 2 1 70 3903 3924 3913
4578 2 2 1 70 3913 3924 3902
4579 2 2 1 71 3934 3944 3925
4580 2 2 1 71 3929 3944 3934
4581 2 2 1 71 3936 3945 3928
4582 2 2 1 71 3931 3945 3936
4583 2 2 1 71 3925 3944 3942
4584 2 2 1 71 3932 3946 3933
4585 2 2 1 71 3933 3946 3926
4586 2 2 1 71 3945 3950 3928
4587 2 2 1 71 3941 3947 3927
4588 2 2 1 71 1248 3932 71
4589 2 2 1 71 3932 3947 3946
4590 2 2 1 71 1261 3931 1260
4591 2 2 1 71 1253 3930 1252
4592 2 2 1 71 1259 3928 1258
4593 2 2 1 71 1250 3927 1249
4594 2 2 1 71 1263 3926 1262
4595 2 2 1 71 1255 3925 1254
4596 2 2 1 71 1257 3929 1256
4597 2 2 1 71 3927 3948 3941
4598 2 2 1 71 3944 3945 3943
4599 2 2 1 71 3943 3947 3941
4600 2 2 1 71 3942 3944 3943
4601 2 2 1 71 3945 3946 3943
4602 2 2 1 71 3942 3943 3941
4603 2 2 1 71 3944 3950 3945
4604 2 2 1 71 3935 3947 3932
4605 2 2 1 71 3927 3947 3935
4606 2 2 1 71 3925 3942 3938
4607 2 2 1 71 3938 3942 3930
4608 2 2 1 71 3930 3942 3941
4609 2 2 1 71 3941 3948 3940
4610 2 2 1 71 3946 3947 3943
4611 2 2 1 71 3931 3949 3945
4612 2 2 1 71 3930 3941 3940
4613 2 2 1 71 1248 3935 3932
4614 2 2 1 71 71 3933 1263
4615 2 2 1 71 1261 3937 3931
4616 2 2 1 71 1251 3948 1250
4617 2 2 1 71 3932 3933 71
4618 2 2 1 71 1253 3938 3930
4619 2 2 1 71 1252 3940 1251
4620 2 2 1 71 3928 3939 1258
4621 2 2 1 71 1262 3937 1261
4622 2 2 1 71 3931 3936 1260
4623 2 2 1 71 1260 3936 1259
4624 2 2 1 71 1254 3938 1253
4625 2 2 1 71 1258 3939 1257
4626 2 2 1 71 3927 3935 1249
4627 2 2 1 71 3926 3937 1262
4628 2 2 1 71 1259 3936 3928
4629 2 2 1 71 1250 3948 3927
4630 2 2 1 71 3930 3940 1252
4631 2 2 1 71 1256 3934 1255
4632 2 2 1 71 1255 3934 3925
4633 2 2 1 71 3929 3934 1256
4634 2 2 1 71 1249 3935 1248
4635 2 2 1 71 3925 3938 1254
4636 2 2 1 71 1257 3939 3929
4637 2 2 1 71 1263 3933 3926
4638 2 2 1 71 3945 3949 3946
4639 2 2 1 71 3929 3950 3944
4640 2 2 1 71 3946 3949 3926
4641 2 2 1 71 3940 3948 1251
4642 2 2 1 71 3937 3949 3931
4643 2 2 1 71 3926 3949 3937
4644 2 2 1 71 3939 3950 3929
4645 2 2 1 71 3928 3950 3939
4646 2 2 1 72 3959 3968 3958
4647 2 2 1 72 3962 3969 3957
4648 2 2 1 72 3954 3969 3962
4649 2 2 1 72 3951 3970 3960
4650 2 2 1 72 3952 3968 3959
4651 2 2 1 72 3960 3970 3955
4652 2 2 1 72 3958 3968 3966
4653 2 2 1 72 3951 3971 3970
4654 2 2 1 72 3965 3971 3956
4655 2 2 1 72 72 3958 1279
4656 2 2 1 72 3967 3971 3965
4657 2 2 1 72 3969 3976 3957
4658 2 2 1 72 1267 3957 1266
4659 2 2 1 72 1275 3956 1274
4660 2 2 1 72 1269 3954 1268
4661 2 2 1 72 1278 3953 1277
4662 2 2 1 72 1265 3952 1264
4663 2 2 1 72 1271 3955 1270
4664 2 2 1 72 1273 3951 1272
4665 2 2 1 72 3956 3972 3965
4666 2 2 1 72 3968 3969 3967
4667 2 2 1 72 3966 3968 3967
4668 2 2 1 72 3969 3970 3967
4669 2 2 1 72 3966 3967 3965
4670 2 2 1 72 3954 3975 3969
4671 2 2 1 72 3970 3971 3967
4672 2 2 1 72 3951 3974 3971
4673 2 2 1 72 3971 3974 3956
4674 2 2 1 72 3968 3976 3969
4675 2 2 1 72 3961 3966 3953
4676 2 2 1 72 3965 3972 3964
4677 2 2 1 72 3958 3966 3961
4678 2 2 1 72 3953 3966 3965
4679 2 2 1 72 3953 3965 3964
4680 2 2 1 72 3958 3961 1279
4681 2 2 1 72 1264 3959 72
4682 2 2 1 72 3957 3963 1266
4683 2 2 1 72 1277 3964 1276
4684 2 2 1 72 72 3959 3958
4685 2 2 1 72 1268 3962 1267
4686 2 2 1 72 3956 3974 1274
4687 2 2 1 72 1266 3963 1265
4688 2 2 1 72 1269 3973 3954
4689 2 2 1 72 1276 3972 1275
4690 2 2 1 72 1274 3974 1273
4691 2 2 1 72 1270 3973 1269
4692 2 2 1 72 1267 3962 3957
4693 2 2 1 72 1275 3972 3956
4694 2 2 1 72 1278 3961 3953
4695 2 2 1 72 1265 3963 3952
4696 2 2 1 72 3954 3962 1268
4697 2 2 1 72 1272 3960 1271
4698 2 2 1 72 3953 3964 1277
4699 2 2 1 72 1271 3960 3955
4700 2 2 1 72 3951 3960 1272
4701 2 2 1 72 1279 3961 1278
4702 2 2 1 72 3955 3973 1270
4703 2 2 1 72 3952 3959 1264
4704 2 2 1 72 1273 3974 3951
4705 2 2 1 72 3969 3975 3970
4706 2 2 1 72 3952 3976 3968
4707 2 2 1 72 3970 3975 3955
4708 2 2 1 72 3964 3972 1276
4709 2 2 1 72 3955 3975 3973
4710 2 2 1 72 3973 3975 3954
4711 2 2 1 72 3963 3976 3952
4712 2 2 1 72 3957 3976 3963
4713 2 2 1 73 3985 3996 3984
4714 2 2 1 73 3988 3997 3983
4715 2 2 1 73 3980 3997 3988
4716 2 2 1 73 3977 3998 3986
4717 2 2 1 73 3978 3996 3985
4718 2 2 1 73 3986 3998 3981
4719 2 2 1 73 3984 3996 3994
4720 2 2 1 73 3977 3999 3998
4721 2 2 1 73 3993 3999 3982
4722 2 2 1 73 73 3984 1295
4723 2 2 1 73 3997 4002 3983
4724 2 2 1 73 3995 3999 3993
4725 2 2 1 73 1283 3983 1282
4726 2 2 1 73 1291 3982 1290
4727 2 2 1 73 1285 3980 1284
4728 2 2 1 73 1294 3979 1293
4729 2 2 1 73 1281 3978 1280
4730 2 2 1 73 1289 3977 1288
4731 2 2 1 73 1287 3981 1286
4732 2 2 1 73 3982 4000 3993
4733 2 2 1 73 3996 3997 3995
4734 2 2 1 73 3994 3996 3995
4735 2 2 1 73 3997 3998 3995
4736 2 2 1 73 3994 3995 3993
4737 2 2 1 73 3980 4001 3997
4738 2 2 1 73 3998 3999 3995
4739 2 2 1 73 3987 3999 3977
4740 2 2 1 73 3982 3999 3987
4741 2 2 1 73 3996 4002 3997
4742 2 2 1 73 3989 3994 3979
4743 2 2 1 73 3993 4000 3992
4744 2 2 1 73 3984 3994 3989
4745 2 2 1 73 3979 3994 3993
4746 2 2 1 73 3979 3993 3992
4747 2 2 1 73 3984 3989 1295
4748 2 2 1 73 1280 3985 73
4749 2 2 1 73 3983 3990 1282
4750 2 2 1 73 1293 3992 1292
4751 2 2 1 73 3982 3987 1290
4752 2 2 1 73 73 3985 3984
4753 2 2 1 73 1284 3988 1283
4754 2 2 1 73 1285 3991 3980
4755 2 2 1 73 1282 3990 1281
4756 2 2 1 73 1292 4000 1291
4757 2 2 1 73 1290 3987 1289
4758 2 2 1 73 1286 3991 1285
4759 2 2 1 73 1283 3988 3983
4760 2 2 1 73 1291 4000 3982
4761 2 2 1 73 1281 3990 3978
4762 2 2 1 73 3980 3988 1284
4763 2 2 1 73 3977 3986 1288
4764 2 2 1 73 1294 3989 3979
4765 2 2 1 73 1288 3986 1287
4766 2 2 1 73 3979 3992 1293
4767 2 2 1 73 1287 3986 3981
4768 2 2 1 73 1295 3989 1294
4769 2 2 1 73 1289 3987 3977
4770 2 2 1 73 3981 3991 1286
4771 2 2 1 73 3978 3985 1280
4772 2 2 1 73 3997 4001 3998
4773 2 2 1 73 3978 4002 3996
4774 2 2 1 73 3998 4001 3981
4775 2 2 1 73 3992 4000 1292
4776 2 2 1 73 3981 4001 3991
4777 2 2 1 73 3991 4001 3980
4778 2 2 1 73 3990 4002 3978
4779 2 2 1 73 3983 4002 3990
4780 2 2 1 74 4014 4020 4006
4781 2 2 1 74 4004 4022 4014
4782 2 2 1 74 4006 4015 4014
4783 2 2 1 74 4009 4020 4014
4784 2 2 1 74 4014 4022 4009
4785 2 2 1 74 4004 4014 4012
4786 2 2 1 74 4003 4016 1303
4787 2 2 1 74 4003 4017 4015
4788 2 2 1 74 1303 4016 1302
4789 2 2 1 74 4003 4021 4017
4790 2 2 1 74 1302 4016 1301
4791 2 2 1 74 1301 4016 4006
4792 2 2 1 74 4015 4016 4003
4793 2 2 1 74 4006 4016 4015
4794 2 2 1 74 4017 4021 4008
4795 2 2 1 74 74 4007 1311
4796 2 2 1 74 1309 4005 1308
4797 2 2 1 74 1299 4009 1298
4798 2 2 1 74 1301 4006 1300
4799 2 2 1 74 1306 4008 1305
4800 2 2 1 74 1297 4004 1296
4801 2 2 1 74 1304 4003 1303
4802 2 2 1 74 4005 4023 4011
4803 2 2 1 74 4014 4015 4013
4804 2 2 1 74 4012 4014 4013
4805 2 2 1 74 4012 4013 4011
4806 2 2 1 74 4011 4026 4005
4807 2 2 1 74 4015 4017 4013
4808 2 2 1 74 4008 4018 4017
4809 2 2 1 74 4012 4019 4004
4810 2 2 1 74 4007 4019 4012
4811 2 2 1 74 4007 4012 4011
4812 2 2 1 74 4018 4026 4017
4813 2 2 1 74 4017 4026 4013
4814 2 2 1 74 4011 4023 4010
4815 2 2 1 74 4007 4011 4010
4816 2 2 1 74 4007 4010 1311
4817 2 2 1 74 1296 4019 74
4818 2 2 1 74 4005 4026 4018
4819 2 2 1 74 74 4019 4007
4820 2 2 1 74 1311 4010 1310
4821 2 2 1 74 4004 4019 1296
4822 2 2 1 74 4009 4022 1298
4823 2 2 1 74 1300 4020 1299
4824 2 2 1 74 1310 4023 1309
4825 2 2 1 74 1309 4023 4005
4826 2 2 1 74 1298 4022 1297
4827 2 2 1 74 4008 4021 1305
4828 2 2 1 74 1299 4020 4009
4829 2 2 1 74 4005 4025 1308
4830 2 2 1 74 1305 4021 1304
4831 2 2 1 74 4006 4020 1300
4832 2 2 1 74 1297 4022 4004
4833 2 2 1 74 1304 4021 4003
4834 2 2 1 74 1306 4024 4008
4835 2 2 1 74 1307 4024 1306
4836 2 2 1 74 1308 4025 1307
4837 2 2 1 74 4013 4026 4011
4838 2 2 1 74 4008 4024 4018
4839 2 2 1 74 4018 4025 4005
4840 2 2 1 74 4010 4023 1310
4841 2 2 1 74 4024 4025 4018
4842 2 2 1 74 1307 4025 4024
4843 2 2 1 75 4027 4045 4037
4844 2 2 1 75 4037 4045 4031
4845 2 2 1 75 4030 4046 4039
4846 2 2 1 75 4039 4046 4033
4847 2 2 1 75 4043 4045 4027
4848 2 2 1 75 4035 4047 4034
4849 2 2 1 75 4028 4047 4035
4850 2 2 1 75 4030 4052 4046
4851 2 2 1 75 4029 4048 4042
4852 2 2 1 75 75 4034 1327
4853 2 2 1 75 4047 4048 4034
4854 2 2 1 75 1315 4033 1314
4855 2 2 1 75 1323 4032 1322
4856 2 2 1 75 1317 4030 1316
4857 2 2 1 75 1326 4029 1325
4858 2 2 1 75 1313 4028 1312
4859 2 2 1 75 1319 4031 1318
4860 2 2 1 75 1321 4027 1320
4861 2 2 1 75 4042 4049 4029
4862 2 2 1 75 4044 4046 4045
4863 2 2 1 75 4042 4048 4044
4864 2 2 1 75 4044 4045 4043
4865 2 2 1 75 4044 4047 4046
4866 2 2 1 75 4042 4044 4043
4867 2 2 1 75 4046 4052 4045
4868 2 2 1 75 4034 4048 4036
4869 2 2 1 75 4036 4048 4029
4870 2 2 1 75 4027 4050 4043
4871 2 2 1 75 4043 4050 4032
4872 2 2 1 75 4042 4043 4032
4873 2 2 1 75 4041 4049 4042
4874 2 2 1 75 4044 4048 4047
4875 2 2 1 75 4046 4051 4033
4876 2 2 1 75 4041 4042 4032
4877 2 2 1 75 4034 4036 1327
4878 2 2 1 75 1312 4035 75
4879 2 2 1 75 4033 4038 1314
4880 2 2 1 75 1325 4049 1324
4881 2 2 1 75 75 4035 4034
4882 2 2 1 75 1316 4039 1315
4883 2 2 1 75 1324 4041 1323
4884 2 2 1 75 4032 4050 1322
4885 2 2 1 75 1314 4038 1313
4886 2 2 1 75 1317 4040 4030
4887 2 2 1 75 1318 4040 1317
4888 2 2 1 75 1322 4050 1321
4889 2 2 1 75 1315 4039 4033
4890 2 2 1 75 1326 4036 4029
4891 2 2 1 75 1313 4038 4028
4892 2 2 1 75 4029 4049 1325
4893 2 2 1 75 4030 4039 1316
4894 2 2 1 75 1323 4041 4032
4895 2 2 1 75 1320 4037 1319
4896 2 2 1 75 1327 4036 1326
4897 2 2 1 75 1319 4037 4031
4898 2 2 1 75 4027 4037 1320
4899 2 2 1 75 4028 4035 1312
4900 2 2 1 75 4031 4040 1318
4901 2 2 1 75 1321 4050 4027
4902 2 2 1 75 4047 4051 4046
4903 2 2 1 75 4045 4052 4031
4904 2 2 1 75 4028 4051 4047
4905 2 2 1 75 1324 4049 4041
4906 2 2 1 75 4033 4051 4038
4907 2 2 1 75 4038 4051 4028
4908 2 2 1 75 4031 4052 4040
4909 2 2 1 75 4040 4052 4030
4910 2 2 1 76 4056 4070 4064
4911 2 2 1 76 4064 4071 4054
4912 2 2 1 76 4064 4065 4056
4913 2 2 1 76 4064 4070 4059
4914 2 2 1 76 4059 4071 4064
4915 2 2 1 76 4062 4064 4054
4916 2 2 1 76 1336 4066 4053
4917 2 2 1 76 4065 4067 4053
4918 2 2 1 76 1337 4066 1336
4919 2 2 1 76 1338 4066 1337
4920 2 2 1 76 4067 4072 4053
4921 2 2 1 76 4056 4066 1338
4922 2 2 1 76 4053 4066 4065
4923 2 2 1 76 4065 4066 4056
4924 2 2 1 76 4058 4072 4067
4925 2 2 1 76 1328 4057 76
4926 2 2 1 76 1331 4055 1330
4927 2 2 1 76 1341 4059 1340
4928 2 2 1 76 1339 4056 1338
4929 2 2 1 76 1334 4058 1333
4930 2 2 1 76 1343 4054 1342
4931 2 2 1 76 1336 4053 1335
4932 2 2 1 76 4061 4073 4055
4933 2 2 1 76 4063 4065 4064
4934 2 2 1 76 4063 4064 4062
4935 2 2 1 76 4061 4063 4062
4936 2 2 1 76 4055 4076 4061
4937 2 2 1 76 4063 4067 4065
4938 2 2 1 76 4067 4068 4058
4939 2 2 1 76 4054 4069 4062
4940 2 2 1 76 4062 4069 4057
4941 2 2 1 76 4061 4062 4057
4942 2 2 1 76 4067 4076 4068
4943 2 2 1 76 4060 4073 4061
4944 2 2 1 76 4063 4076 4067
4945 2 2 1 76 4060 4061 4057
4946 2 2 1 76 1328 4060 4057
4947 2 2 1 76 76 4069 1343
4948 2 2 1 76 4068 4076 4055
4949 2 2 1 76 4057 4069 76
4950 2 2 1 76 1329 4060 1328
4951 2 2 1 76 1343 4069 4054
4952 2 2 1 76 1341 4071 4059
4953 2 2 1 76 4055 4073 1330
4954 2 2 1 76 1340 4070 1339
4955 2 2 1 76 1330 4073 1329
4956 2 2 1 76 1342 4071 1341
4957 2 2 1 76 4059 4070 1340
4958 2 2 1 76 1331 4075 4055
4959 2 2 1 76 1334 4072 4058
4960 2 2 1 76 1335 4072 1334
4961 2 2 1 76 1339 4070 4056
4962 2 2 1 76 4054 4071 1342
4963 2 2 1 76 4058 4074 1333
4964 2 2 1 76 4053 4072 1335
4965 2 2 1 76 1333 4074 1332
4966 2 2 1 76 1332 4075 1331
4967 2 2 1 76 4061 4076 4063
4968 2 2 1 76 4068 4074 4058
4969 2 2 1 76 4055 4075 4068
4970 2 2 1 76 1329 4073 4060
4971 2 2 1 76 4068 4075 4074
4972 2 2 1 76 4074 4075 1332
4973 2 2 1 77 4077 4096 4086
4974 2 2 1 77 4086 4096 4081
4975 2 2 1 77 4080 4097 4088
4976 2 2 1 77 4088 4097 4083
4977 2 2 1 77 4094 4096 4077
4978 2 2 1 77 4085 4098 4084
4979 2 2 1 77 4078 4098 4085
4980 2 2 1 77 4080 4102 4097
4981 2 2 1 77 4079 4099 4093
4982 2 2 1 77 77 4084 1359
4983 2 2 1 77 4098 4099 4084
4984 2 2 1 77 1347 4083 1346
4985 2 2 1 77 1355 4082 1354
4986 2 2 1 77 1349 4080 1348
4987 2 2 1 77 1358 4079 1357
4988 2 2 1 77 1345 4078 1344
4989 2 2 1 77 1353 4077 1352
4990 2 2 1 77 1351 4081 1350
4991 2 2 1 77 4093 4100 4079
4992 2 2 1 77 4095 4097 4096
4993 2 2 1 77 4093 4099 4095
4994 2 2 1 77 4095 4096 4094
4995 2 2 1 77 4095 4098 4097
4996 2 2 1 77 4093 4095 4094
4997 2 2 1 77 4097 4102 4096
4998 2 2 1 77 4084 4099 4089
4999 2 2 1 77 4089 4099 4079
5000 2 2 1 77 4087 4094 4077
5001 2 2 1 77 4082 4094 4087
5002 2 2 1 77 4093 4094 4082
5003 2 2 1 77 4092 4100 4093
5004 2 2 1 77 4095 4099 4098
5005 2 2 1 77 4097 4101 4083
5006 2 2 1 77 4092 4093 4082
5007 2 2 1 77 4084 4089 1359
5008 2 2 1 77 1344 4085 77
5009 2 2 1 77 4083 4091 1346
5010 2 2 1 77 4082 4087 1354
5011 2 2 1 77 77 4085 4084
5012 2 2 1 77 1357 4100 1356
5013 2 2 1 77 1348 4088 1347
5014 2 2 1 77 1349 4090 4080
5015 2 2 1 77 1356 4092 1355
5016 2 2 1 77 1346 4091 1345
5017 2 2 1 77 1354 4087 1353
5018 2 2 1 77 1350 4090 1349
5019 2 2 1 77 1347 4088 4083
5020 2 2 1 77 4077 4086 1352
5021 2 2 1 77 1355 4092 4082
5022 2 2 1 77 4080 4088 1348
5023 2 2 1 77 1345 4091 4078
5024 2 2 1 77 1358 4089 4079
5025 2 2 1 77 4079 4100 1357
5026 2 2 1 77 1352 4086 1351
5027 2 2 1 77 1351 4086 4081
5028 2 2 1 77 1353 4087 4077
5029 2 2 1 77 1359 4089 1358
5030 2 2 1 77 4081 4090 1350
5031 2 2 1 77 4078 4085 1344
5032 2 2 1 77 4098 4101 4097
5033 2 2 1 77 4096 4102 4081
5034 2 2 1 77 4078 4101 4098
5035 2 2 1 77 1356 4100 4092
5036 2 2 1 77 4083 4101 4091
5037 2 2 1 77 4091 4101 4078
5038 2 2 1 77 4081 4102 4090
5039 2 2 1 77 4090 4102 4080
5040 2 2 1 78 4114 4120 4106
5041 2 2 1 78 4104 4121 4114
5042 2 2 1 78 4106 4115 4114
5043 2 2 1 78 4109 4120 4114
5044 2 2 1 78 4114 4121 4109
5045 2 2 1 78 4104 4114 4112
5046 2 2 1 78 4103 4116 1367
5047 2 2 1 78 4103 4117 4115
5048 2 2 1 78 1367 4116 1366
5049 2 2 1 78 1366 4116 1365
5050 2 2 1 78 4103 4122 4117
5051 2 2 1 78 1365 4116 4106
5052 2 2 1 78 4115 4116 4103
5053 2 2 1 78 4106 4116 4115
5054 2 2 1 78 4117 4122 4108
5055 2 2 1 78 78 4107 1375
5056 2 2 1 78 1373 4105 1372
5057 2 2 1 78 1363 4109 1362
5058 2 2 1 78 1365 4106 1364
5059 2 2 1 78 1370 4108 1369
5060 2 2 1 78 1361 4104 1360
5061 2 2 1 78 1368 4103 1367
5062 2 2 1 78 4105 4123 4111
5063 2 2 1 78 4114 4115 4113
5064 2 2 1 78 4112 4114 4113
5065 2 2 1 78 4112 4113 4111
5066 2 2 1 78 4111 4126 4105
5067 2 2 1 78 4115 4117 4113
5068 2 2 1 78 4108 4118 4117
5069 2 2 1 78 4112 4119 4104
5070 2 2 1 78 4107 4119 4112
5071 2 2 1 78 4107 4112 4111
5072 2 2 1 78 4118 4126 4117
5073 2 2 1 78 4111 4123 4110
5074 2 2 1 78 4117 4126 4113
5075 2 2 1 78 4107 4111 4110
5076 2 2 1 78 4107 4110 1375
5077 2 2 1 78 1360 4119 78
5078 2 2 1 78 4105 4126 4118
5079 2 2 1 78 78 4119 4107
5080 2 2 1 78 1375 4110 1374
5081 2 2 1 78 4104 4119 1360
5082 2 2 1 78 4109 4121 1362
5083 2 2 1 78 1364 4120 1363
5084 2 2 1 78 1374 4123 1373
5085 2 2 1 78 1373 4123 4105
5086 2 2 1 78 1362 4121 1361
5087 2 2 1 78 1363 4120 4109
5088 2 2 1 78 4105 4125 1372
5089 2 2 1 78 4108 4122 1369
5090 2 2 1 78 1369 4122 1368
5091 2 2 1 78 4106 4120 1364
5092 2 2 1 78 1361 4121 4104
5093 2 2 1 78 1370 4124 4108
5094 2 2 1 78 1368 4122 4103
5095 2 2 1 78 1371 4124 1370
5096 2 2 1 78 1372 4125 1371
5097 2 2 1 78 4113 4126 4111
5098 2 2 1 78 4108 4124 4118
5099 2 2 1 78 4118 4125 4105
5100 2 2 1 78 4110 4123 1374
5101 2 2 1 78 4124 4125 4118
5102 2 2 1 78 1371 4125 4124
5103 2 2 1 79 4135 4144 4134
5104 2 2 1 79 4138 4145 4133
5105 2 2 1 79 4130 4145 4138
5106 2 2 1 79 4127 4146 4136
5107 2 2 1 79 4128 4144 4135
5108 2 2 1 79 4136 4146 4131
5109 2 2 1 79 4134 4144 4142
5110 2 2 1 79 4127 4147 4146
5111 2 2 1 79 4141 4147 4132
5112 2 2 1 79 79 4134 1391
5113 2 2 1 79 4145 4152 4133
5114 2 2 1 79 4143 4147 4141
5115 2 2 1 79 1379 4133 1378
5116 2 2 1 79 1387 4132 1386
5117 2 2 1 79 1381 4130 1380
5118 2 2 1 79 1390 4129 1389
5119 2 2 1 79 1377 4128 1376
5120 2 2 1 79 1385 4127 1384
5121 2 2 1 79 1383 4131 1382
5122 2 2 1 79 4132 4148 4141
5123 2 2 1 79 4144 4145 4143
5124 2 2 1 79 4142 4144 4143
5125 2 2 1 79 4145 4146 4143
5126 2 2 1 79 4142 4143 4141
5127 2 2 1 79 4130 4151 4145
5128 2 2 1 79 4146 4147 4143
5129 2 2 1 79 4127 4150 4147
5130 2 2 1 79 4147 4150 4132
5131 2 2 1 79 4144 4152 4145
5132 2 2 1 79 4137 4142 4129
5133 2 2 1 79 4141 4148 4140
5134 2 2 1 79 4134 4142 4137
5135 2 2 1 79 4129 4142 4141
5136 2 2 1 79 4129 4141 4140
5137 2 2 1 79 4134 4137 1391
5138 2 2 1 79 1376 4135 79
5139 2 2 1 79 4133 4139 1378
5140 2 2 1 79 1389 4140 1388
5141 2 2 1 79 79 4135 4134
5142 2 2 1 79 1380 4138 1379
5143 2 2 1 79 4132 4150 1386
5144 2 2 1 79 1381 4149 4130
5145 2 2 1 79 1378 4139 1377
5146 2 2 1 79 1388 4148 1387
5147 2 2 1 79 1386 4150 1385
5148 2 2 1 79 1382 4149 1381
5149 2 2 1 79 1379 4138 4133
5150 2 2 1 79 1387 4148 4132
5151 2 2 1 79 1390 4137 4129
5152 2 2 1 79 1377 4139 4128
5153 2 2 1 79 4130 4138 1380
5154 2 2 1 79 1384 4136 1383
5155 2 2 1 79 4129 4140 1389
5156 2 2 1 79 4127 4136 1384
5157 2 2 1 79 1383 4136 4131
5158 2 2 1 79 1391 4137 1390
5159 2 2 1 79 1385 4150 4127
5160 2 2 1 79 4131 4149 1382
5161 2 2 1 79 4128 4135 1376
5162 2 2 1 79 4145 4151 4146
5163 2 2 1 79 4128 4152 4144
5164 2 2 1 79 4146 4151 4131
5165 2 2 1 79 4140 4148 1388
5166 2 2 1 79 4131 4151 4149
5167 2 2 1 79 4149 4151 4130
5168 2 2 1 79 4139 4152 4128
5169 2 2 1 79 4133 4152 4139
5170 2 2 1 80 4164 4170 4156
5171 2 2 1 80 4154 4172 4164
5172 2 2 1 80 4156 4165 4164
5173 2 2 1 80 4159 4170 4164
5174 2 2 1 80 4164 4172 4159
5175 2 2 1 80 4154 4164 4162
5176 2 2 1 80 4153 4166 1399
5177 2 2 1 80 4153 4167 4165
5178 2 2 1 80 1399 4166 1398
5179 2 2 1 80 1398 4166 1397
5180 2 2 1 80 4153 4171 4167
5181 2 2 1 80 1397 4166 4156
5182 2 2 1 80 4165 4166 4153
5183 2 2 1 80 4156 4166 4165
5184 2 2 1 80 4167 4171 4158
5185 2 2 1 80 80 4157 1407
5186 2 2 1 80 1405 4155 1404
5187 2 2 1 80 1395 4159 1394
5188 2 2 1 80 1397 4156 1396
5189 2 2 1 80 1402 4158 1401
5190 2 2 1 80 1393 4154 1392
5191 2 2 1 80 1400 4153 1399
5192 2 2 1 80 4155 4173 4161
5193 2 2 1 80 4164 4165 4163
5194 2 2 1 80 4162 4164 4163
5195 2 2 1 80 4162 4163 4161
5196 2 2 1 80 4161 4176 4155
5197 2 2 1 80 4165 4167 4163
5198 2 2 1 80 4158 4168 4167
5199 2 2 1 80 4162 4169 4154
5200 2 2 1 80 4157 4169 4162
5201 2 2 1 80 4157 4162 4161
5202 2 2 1 80 4168 4176 4167
5203 2 2 1 80 4167 4176 4163
5204 2 2 1 80 4161 4173 4160
5205 2 2 1 80 4157 4161 4160
5206 2 2 1 80 4157 4160 1407
5207 2 2 1 80 1392 4169 80
5208 2 2 1 80 4155 4176 4168
5209 2 2 1 80 80 4169 4157
5210 2 2 1 80 1407 4160 1406
5211 2 2 1 80 4154 4169 1392
5212 2 2 1 80 4159 4172 1394
5213 2 2 1 80 1396 4170 1395
5214 2 2 1 80 1406 4173 1405
5215 2 2 1 80 1405 4173 4155
5216 2 2 1 80 1394 4172 1393
5217 2 2 1 80 1395 4170 4159
5218 2 2 1 80 4158 4171 1401
5219 2 2 1 80 4155 4175 1404
5220 2 2 1 80 1401 4171 1400
5221 2 2 1 80 4156 4170 1396
5222 2 2 1 80 1393 4172 4154
5223 2 2 1 80 1402 4174 4158
5224 2 2 1 80 1400 4171 4153
5225 2 2 1 80 1403 4174 1402
5226 2 2 1 80 1404 4175 1403
5227 2 2 1 80 4163 4176 4161
5228 2 2 1 80 4158 4174 4168
5229 2 2 1 80 4168 4175 4155
5230 2 2 1 80 4160 4173 1406
5231 2 2 1 80 4174 4175 4168
5232 2 2 1 80 1403 4175 4174
5233 2 2 1 81 4185 4194 4184
5234 2 2 1 81 4189 4195 4183
5235 2 2 1 81 4180 4195 4189
5236 2 2 1 81 4177 4196 4186
5237 2 2 1 81 4178 4194 4185
5238 2 2 1 81 4186 4196 4181
5239 2 2 1 81 4184 4194 4192
5240 2 2 1 81 4177 4197 4196
5241 2 2 1 81 4191 4197 4182
5242 2 2 1 81 81 4184 1423
5243 2 2 1 81 4193 4197 4191
5244 2 2 1 81 4195 4202 4183
5245 2 2 1 81 1411 4183 1410
5246 2 2 1 81 1419 4182 1418
5247 2 2 1 81 1413 4180 1412
5248 2 2 1 81 1422 4179 1421
5249 2 2 1 81 1409 4178 1408
5250 2 2 1 81 1415 4181 1414
5251 2 2 1 81 1417 4177 1416
5252 2 2 1 81 4182 4198 4191
5253 2 2 1 81 4194 4195 4193
5254 2 2 1 81 4192 4194 4193
5255 2 2 1 81 4195 4196 4193
5256 2 2 1 81 4192 4193 4191
5257 2 2 1 81 4180 4201 4195
5258 2 2 1 81 4196 4197 4193
5259 2 2 1 81 4177 4200 4197
5260 2 2 1 81 4197 4200 4182
5261 2 2 1 81 4194 4202 4195
5262 2 2 1 81 4187 4192 4179
5263 2 2 1 81 4191 4198 4190
5264 2 2 1 81 4184 4192 4187
5265 2 2 1 81 4179 4192 4191
5266 2 2 1 81 4179 4191 4190
5267 2 2 1 81 4184 4187 1423
5268 2 2 1 81 1408 4185 81
5269 2 2 1 81 4183 4188 1410
5270 2 2 1 81 1421 4190 1420
5271 2 2 1 81 81 4185 4184
5272 2 2 1 81 1412 4189 1411
5273 2 2 1 81 4182 4200 1418
5274 2 2 1 81 1410 4188 1409
5275 2 2 1 81 1413 4199 4180
5276 2 2 1 81 1420 4198 1419
5277 2 2 1 81 1414 4199 1413
5278 2 2 1 81 1418 4200 1417
5279 2 2 1 81 1411 4189 4183
5280 2 2 1 81 1419 4198 4182
5281 2 2 1 81 1422 4187 4179
5282 2 2 1 81 1409 4188 4178
5283 2 2 1 81 4180 4189 1412
5284 2 2 1 81 1416 4186 1415
5285 2 2 1 81 4179 4190 1421
5286 2 2 1 81 1423 4187 1422
5287 2 2 1 81 1415 4186 4181
5288 2 2 1 81 4177 4186 1416
5289 2 2 1 81 4178 4185 1408
5290 2 2 1 81 4181 4199 1414
5291 2 2 1 81 1417 4200 4177
5292 2 2 1 81 4195 4201 4196
5293 2 2 1 81 4178 4202 4194
5294 2 2 1 81 4196 4201 4181
5295 2 2 1 81 4190 4198 1420
5296 2 2 1 81 4181 4201 4199
5297 2 2 1 81 4199 4201 4180
5298 2 2 1 81 4188 4202 4178
5299 2 2 1 81 4183 4202 4188
5300 2 2 1 82 4203 4222 4212
5301 2 2 1 82 4212 4222 4207
5302 2 2 1 82 4206 4223 4215
5303 2 2 1 82 4215 4223 4209
5304 2 2 1 82 4220 4222 4203
5305 2 2 1 82 4211 4224 4210
5306 2 2 1 82 4204 4224 4211
5307 2 2 1 82 4206 4228 4223
5308 2 2 1 82 4205 4225 4219
5309 2 2 1 82 82 4210 1439
5310 2 2 1 82 4224 4225 4210
5311 2 2 1 82 1427 4209 1426
5312 2 2 1 82 1435 4208 1434
5313 2 2 1 82 1429 4206 1428
5314 2 2 1 82 1438 4205 1437
5315 2 2 1 82 1425 4204 1424
5316 2 2 1 82 1431 4207 1430
5317 2 2 1 82 1433 4203 1432
5318 2 2 1 82 4219 4226 4205
5319 2 2 1 82 4221 4223 4222
5320 2 2 1 82 4219 4225 4221
5321 2 2 1 82 4221 4222 4220
5322 2 2 1 82 4221 4224 4223
5323 2 2 1 82 4219 4221 4220
5324 2 2 1 82 4223 4228 4222
5325 2 2 1 82 4210 4225 4213
5326 2 2 1 82 4213 4225 4205
5327 2 2 1 82 4217 4220 4203
5328 2 2 1 82 4208 4220 4217
5329 2 2 1 82 4219 4220 4208
5330 2 2 1 82 4218 4226 4219
5331 2 2 1 82 4221 4225 4224
5332 2 2 1 82 4223 4227 4209
5333 2 2 1 82 4218 4219 4208
5334 2 2 1 82 4210 4213 1439
5335 2 2 1 82 1424 4211 82
5336 2 2 1 82 4209 4214 1426
5337 2 2 1 82 1437 4226 1436
5338 2 2 1 82 82 4211 4210
5339 2 2 1 82 1428 4215 1427
5340 2 2 1 82 1436 4218 1435
5341 2 2 1 82 4208 4217 1434
5342 2 2 1 82 1426 4214 1425
5343 2 2 1 82 1429 4216 4206
5344 2 2 1 82 1430 4216 1429
5345 2 2 1 82 1434 4217 1433
5346 2 2 1 82 1427 4215 4209
5347 2 2 1 82 1438 4213 4205
5348 2 2 1 82 1425 4214 4204
5349 2 2 1 82 4206 4215 1428
5350 2 2 1 82 4205 4226 1437
5351 2 2 1 82 1435 4218 4208
5352 2 2 1 82 1432 4212 1431
5353 2 2 1 82 1439 4213 1438
5354 2 2 1 82 1431 4212 4207
5355 2 2 1 82 4203 4212 1432
5356 2 2 1 82 4204 4211 1424
5357 2 2 1 82 4207 4216 1430
5358 2 2 1 82 1433 4217 4203
5359 2 2 1 82 4224 4227 4223
5360 2 2 1 82 4222 4228 4207
5361 2 2 1 82 4204 4227 4224
5362 2 2 1 82 1436 4226 4218
5363 2 2 1 82 4209 4227 4214
5364 2 2 1 82 4214 4227 4204
5365 2 2 1 82 4207 4228 4216
5366 2 2 1 82 4216 4228 4206
5367 2 2 1 83 4229 4247 4238
5368 2 2 1 83 4238 4247 4233
5369 2 2 1 83 4232 4248 4241
5370 2 2 1 83 4241 4248 4235
5371 2 2 1 83 4245 4247 4229
5372 2 2 1 83 4237 4249 4236
5373 2 2 1 83 4230 4249 4237
5374 2 2 1 83 4232 4254 4248
5375 2 2 1 83 4231 4250 4244
5376 2 2 1 83 83 4236 1455
5377 2 2 1 83 4249 4250 4236
5378 2 2 1 83 1443 4235 1442
5379 2 2 1 83 1451 4234 1450
5380 2 2 1 83 1445 4232 1444
5381 2 2 1 83 1454 4231 1453
5382 2 2 1 83 1441 4230 1440
5383 2 2 1 83 1447 4233 1446
5384 2 2 1 83 1449 4229 1448
5385 2 2 1 83 4244 4251 4231
5386 2 2 1 83 4246 4248 4247
5387 2 2 1 83 4244 4250 4246
5388 2 2 1 83 4246 4247 4245
5389 2 2 1 83 4246 4249 4248
5390 2 2 1 83 4244 4246 4245
5391 2 2 1 83 4248 4254 4247
5392 2 2 1 83 4236 4250 4239
5393 2 2 1 83 4239 4250 4231
5394 2 2 1 83 4229 4252 4245
5395 2 2 1 83 4245 4252 4234
5396 2 2 1 83 4244 4245 4234
5397 2 2 1 83 4243 4251 4244
5398 2 2 1 83 4246 4250 4249
5399 2 2 1 83 4248 4253 4235
5400 2 2 1 83 4243 4244 4234
5401 2 2 1 83 4236 4239 1455
5402 2 2 1 83 1440 4237 83
5403 2 2 1 83 4235 4240 1442
5404 2 2 1 83 1453 4251 1452
5405 2 2 1 83 83 4237 4236
5406 2 2 1 83 1444 4241 1443
5407 2 2 1 83 1452 4243 1451
5408 2 2 1 83 1442 4240 1441
5409 2 2 1 83 4234 4252 1450
5410 2 2 1 83 1445 4242 4232
5411 2 2 1 83 1446 4242 1445
5412 2 2 1 83 1450 4252 1449
5413 2 2 1 83 1443 4241 4235
5414 2 2 1 83 1454 4239 4231
5415 2 2 1 83 1441 4240 4230
5416 2 2 1 83 4231 4251 1453
5417 2 2 1 83 4232 4241 1444
5418 2 2 1 83 1448 4238 1447
5419 2 2 1 83 1451 4243 4234
5420 2 2 1 83 1455 4239 1454
5421 2 2 1 83 1447 4238 4233
5422 2 2 1 83 4229 4238 1448
5423 2 2 1 83 4230 4237 1440
5424 2 2 1 83 4233 4242 1446
5425 2 2 1 83 1449 4252 4229
5426 2 2 1 83 4249 4253 4248
5427 2 2 1 83 4247 4254 4233
5428 2 2 1 83 4230 4253 4249
5429 2 2 1 83 1452 4251 4243
5430 2 2 1 83 4235 4253 4240
5431 2 2 1 83 4240 4253 4230
5432 2 2 1 83 4233 4254 4242
5433 2 2 1 83 4242 4254 4232
5434 2 2 1 84 4258 4272 4266
5435 2 2 1 84 4266 4274 4256
5436 2 2 1 84 4266 4267 4258
5437 2 2 1 84 4266 4272 4261
5438 2 2 1 84 4261 4274 4266
5439 2 2 1 84 4264 4266 4256
5440 2 2 1 84 1464 4268 4255
5441 2 2 1 84 4267 4269 4255
5442 2 2 1 84 1465 4268 1464
5443 2 2 1 84 4269 4273 4255
5444 2 2 1 84 1466 4268 1465
5445 2 2 1 84 4258 4268 1466
5446 2 2 1 84 4255 4268 4267
5447 2 2 1 84 4267 4268 4258
5448 2 2 1 84 4260 4273 4269
5449 2 2 1 84 1456 4259 84
5450 2 2 1 84 1459 4257 1458
5451 2 2 1 84 1469 4261 1468
5452 2 2 1 84 1467 4258 1466
5453 2 2 1 84 1462 4260 1461
5454 2 2 1 84 1471 4256 1470
5455 2 2 1 84 1464 4255 1463
5456 2 2 1 84 4263 4275 4257
5457 2 2 1 84 4265 4267 4266
5458 2 2 1 84 4265 4266 4264
5459 2 2 1 84 4263 4265 4264
5460 2 2 1 84 4257 4278 4263
5461 2 2 1 84 4265 4269 4267
5462 2 2 1 84 4269 4270 4260
5463 2 2 1 84 4256 4271 4264
5464 2 2 1 84 4264 4271 4259
5465 2 2 1 84 4263 4264 4259
5466 2 2 1 84 4269 4278 4270
5467 2 2 1 84 4265 4278 4269
5468 2 2 1 84 4262 4275 4263
5469 2 2 1 84 4262 4263 4259
5470 2 2 1 84 1456 4262 4259
5471 2 2 1 84 84 4271 1471
5472 2 2 1 84 4270 4278 4257
5473 2 2 1 84 4259 4271 84
5474 2 2 1 84 1457 4262 1456
5475 2 2 1 84 1471 4271 4256
5476 2 2 1 84 1469 4274 4261
5477 2 2 1 84 4257 4275 1458
5478 2 2 1 84 1468 4272 1467
5479 2 2 1 84 1458 4275 1457
5480 2 2 1 84 1462 4273 4260
5481 2 2 1 84 1470 4274 1469
5482 2 2 1 84 4261 4272 1468
5483 2 2 1 84 1459 4277 4257
5484 2 2 1 84 1463 4273 1462
5485 2 2 1 84 1467 4272 4258
5486 2 2 1 84 4256 4274 1470
5487 2 2 1 84 4255 4273 1463
5488 2 2 1 84 4260 4276 1461
5489 2 2 1 84 1461 4276 1460
5490 2 2 1 84 1460 4277 1459
5491 2 2 1 84 4263 4278 4265
5492 2 2 1 84 4270 4276 4260
5493 2 2 1 84 4257 4277 4270
5494 2 2 1 84 1457 4275 4262
5495 2 2 1 84 4270 4277 4276
5496 2 2 1 84 4276 4277 1460
5497 2 2 1 85 4287 4297 4286
5498 2 2 1 85 4290 4298 4285
5499 2 2 1 85 4282 4298 4290
5500 2 2 1 85 4279 4299 4288
5501 2 2 1 85 4280 4297 4287
5502 2 2 1 85 4288 4299 4283
5503 2 2 1 85 4286 4297 4295
5504 2 2 1 85 4279 4300 4299
5505 2 2 1 85 4294 4300 4284
5506 2 2 1 85 85 4286 1487
5507 2 2 1 85 4298 4304 4285
5508 2 2 1 85 4296 4300 4294
5509 2 2 1 85 1475 4285 1474
5510 2 2 1 85 1483 4284 1482
5511 2 2 1 85 1477 4282 1476
5512 2 2 1 85 1486 4281 1485
5513 2 2 1 85 1473 4280 1472
5514 2 2 1 85 1481 4279 1480
5515 2 2 1 85 1479 4283 1478
5516 2 2 1 85 4284 4301 4294
5517 2 2 1 85 4297 4298 4296
5518 2 2 1 85 4295 4297 4296
5519 2 2 1 85 4298 4299 4296
5520 2 2 1 85 4295 4296 4294
5521 2 2 1 85 4282 4303 4298
5522 2 2 1 85 4299 4300 4296
5523 2 2 1 85 4291 4300 4279
5524 2 2 1 85 4284 4300 4291
5525 2 2 1 85 4297 4304 4298
5526 2 2 1 85 4289 4295 4281
5527 2 2 1 85 4294 4301 4293
5528 2 2 1 85 4286 4295 4289
5529 2 2 1 85 4281 4295 4294
5530 2 2 1 85 4281 4294 4293
5531 2 2 1 85 4286 4289 1487
5532 2 2 1 85 1472 4287 85
5533 2 2 1 85 4285 4292 1474
5534 2 2 1 85 1485 4293 1484
5535 2 2 1 85 85 4287 4286
5536 2 2 1 85 4284 4291 1482
5537 2 2 1 85 1476 4290 1475
5538 2 2 1 85 1477 4302 4282
5539 2 2 1 85 1474 4292 1473
5540 2 2 1 85 1484 4301 1483
5541 2 2 1 85 1482 4291 1481
5542 2 2 1 85 1478 4302 1477
5543 2 2 1 85 1475 4290 4285
5544 2 2 1 85 1483 4301 4284
5545 2 2 1 85 1486 4289 4281
5546 2 2 1 85 1473 4292 4280
5547 2 2 1 85 4282 4290 1476
5548 2 2 1 85 1480 4288 1479
5549 2 2 1 85 4281 4293 1485
5550 2 2 1 85 4279 4288 1480
5551 2 2 1 85 1479 4288 4283
5552 2 2 1 85 1487 4289 1486
5553 2 2 1 85 1481 4291 4279
5554 2 2 1 85 4283 4302 1478
5555 2 2 1 85 4280 4287 1472
5556 2 2 1 85 4298 4303 4299
5557 2 2 1 85 4280 4304 4297
5558 2 2 1 85 4299 4303 4283
5559 2 2 1 85 4293 4301 1484
5560 2 2 1 85 4283 4303 4302
5561 2 2 1 85 4302 4303 4282
5562 2 2 1 85 4292 4304 4280
5563 2 2 1 85 4285 4304 4292
5564 2 2 1 86 4316 4322 4308
5565 2 2 1 86 4306 4324 4316
5566 2 2 1 86 4308 4317 4316
5567 2 2 1 86 4311 4322 4316
5568 2 2 1 86 4316 4324 4311
5569 2 2 1 86 4306 4316 4314
5570 2 2 1 86 4305 4318 1495
5571 2 2 1 86 4305 4319 4317
5572 2 2 1 86 1495 4318 1494
5573 2 2 1 86 4305 4323 4319
5574 2 2 1 86 1494 4318 1493
5575 2 2 1 86 1493 4318 4308
5576 2 2 1 86 4317 4318 4305
5577 2 2 1 86 4308 4318 4317
5578 2 2 1 86 4319 4323 4310
5579 2 2 1 86 86 4309 1503
5580 2 2 1 86 1501 4307 1500
5581 2 2 1 86 1491 4311 1490
5582 2 2 1 86 1493 4308 1492
5583 2 2 1 86 1498 4310 1497
5584 2 2 1 86 1489 4306 1488
5585 2 2 1 86 1496 4305 1495
5586 2 2 1 86 4307 4325 4313
5587 2 2 1 86 4316 4317 4315
5588 2 2 1 86 4314 4316 4315
5589 2 2 1 86 4314 4315 4313
5590 2 2 1 86 4313 4328 4307
5591 2 2 1 86 4317 4319 4315
5592 2 2 1 86 4310 4320 4319
5593 2 2 1 86 4314 4321 4306
5594 2 2 1 86 4309 4321 4314
5595 2 2 1 86 4309 4314 4313
5596 2 2 1 86 4320 4328 4319
5597 2 2 1 86 4319 4328 4315
5598 2 2 1 86 4313 4325 4312
5599 2 2 1 86 4309 4313 4312
5600 2 2 1 86 4309 4312 1503
5601 2 2 1 86 1488 4321 86
5602 2 2 1 86 4307 4328 4320
5603 2 2 1 86 86 4321 4309
5604 2 2 1 86 1503 4312 1502
5605 2 2 1 86 4306 4321 1488
5606 2 2 1 86 4311 4324 1490
5607 2 2 1 86 1492 4322 1491
5608 2 2 1 86 1502 4325 1501
5609 2 2 1 86 1501 4325 4307
5610 2 2 1 86 1490 4324 1489
5611 2 2 1 86 4310 4323 1497
5612 2 2 1 86 1491 4322 4311
5613 2 2 1 86 4307 4327 1500
5614 2 2 1 86 1497 4323 1496
5615 2 2 1 86 4308 4322 1492
5616 2 2 1 86 1489 4324 4306
5617 2 2 1 86 1496 4323 4305
5618 2 2 1 86 1498 4326 4310
5619 2 2 1 86 1499 4326 1498
5620 2 2 1 86 1500 4327 1499
5621 2 2 1 86 4315 4328 4313
5622 2 2 1 86 4310 4326 4320
5623 2 2 1 86 4320 4327 4307
5624 2 2 1 86 4312 4325 1502
5625 2 2 1 86 4326 4327 4320
5626 2 2 1 86 1499 4327 4326
5627 2 2 1 87 4337 4348 4336
5628 2 2 1 87 4340 4349 4335
5629 2 2 1 87 4332 4349 4340
5630 2 2 1 87 4329 4350 4338
5631 2 2 1 87 4330 4348 4337
5632 2 2 1 87 4338 4350 4333
5633 2 2 1 87 4336 4348 4346
5634 2 2 1 87 4329 4351 4350
5635 2 2 1 87 4345 4351 4334
5636 2 2 1 87 87 4336 1519
5637 2 2 1 87 4349 4354 4335
5638 2 2 1 87 4347 4351 4345
5639 2 2 1 87 1507 4335 1506
5640 2 2 1 87 1515 4334 1514
5641 2 2 1 87 1509 4332 1508
5642 2 2 1 87 1518 4331 1517
5643 2 2 1 87 1505 4330 1504
5644 2 2 1 87 1513 4329 1512
5645 2 2 1 87 1511 4333 1510
5646 2 2 1 87 4334 4352 4345
5647 2 2 1 87 4348 4349 4347
5648 2 2 1 87 4346 4348 4347
5649 2 2 1 87 4349 4350 4347
5650 2 2 1 87 4346 4347 4345
5651 2 2 1 87 4332 4353 4349
5652 2 2 1 87 4350 4351 4347
5653 2 2 1 87 4339 4351 4329
5654 2 2 1 87 4334 4351 4339
5655 2 2 1 87 4348 4354 4349
5656 2 2 1 87 4341 4346 4331
5657 2 2 1 87 4345 4352 4344
5658 2 2 1 87 4336 4346 4341
5659 2 2 1 87 4331 4346 4345
5660 2 2 1 87 4331 4345 4344
5661 2 2 1 87 4336 4341 1519
5662 2 2 1 87 1504 4337 87
5663 2 2 1 87 4335 4342 1506
5664 2 2 1 87 1517 4344 1516
5665 2 2 1 87 4334 4339 1514
5666 2 2 1 87 87 4337 4336
5667 2 2 1 87 1508 4340 1507
5668 2 2 1 87 1509 4343 4332
5669 2 2 1 87 1506 4342 1505
5670 2 2 1 87 1516 4352 1515
5671 2 2 1 87 1514 4339 1513
5672 2 2 1 87 1510 4343 1509
5673 2 2 1 87 1507 4340 4335
5674 2 2 1 87 1515 4352 4334
5675 2 2 1 87 1505 4342 4330
5676 2 2 1 87 1518 4341 4331
5677 2 2 1 87 4332 4340 1508
5678 2 2 1 87 4329 4338 1512
5679 2 2 1 87 1512 4338 1511
5680 2 2 1 87 4331 4344 1517
5681 2 2 1 87 1511 4338 4333
5682 2 2 1 87 1519 4341 1518
5683 2 2 1 87 1513 4339 4329
5684 2 2 1 87 4333 4343 1510
5685 2 2 1 87 4330 4337 1504
5686 2 2 1 87 4349 4353 4350
5687 2 2 1 87 4330 4354 4348
5688 2 2 1 87 4350 4353 4333
5689 2 2 1 87 4344 4352 1516
5690 2 2 1 87 4333 4353 4343
5691 2 2 1 87 4343 4353 4332
5692 2 2 1 87 4342 4354 4330
5693 2 2 1 87 4335 4354 4342
5694 2 2 1 88 4366 4372 4358
5695 2 2 1 88 4356 4373 4366
5696 2 2 1 88 4358 4367 4366
5697 2 2 1 88 4361 4372 4366
5698 2 2 1 88 4366 4373 4361
5699 2 2 1 88 4356 4366 4364
5700 2 2 1 88 4355 4368 1527
5701 2 2 1 88 4355 4369 4367
5702 2 2 1 88 1527 4368 1526
5703 2 2 1 88 1526 4368 1525
5704 2 2 1 88 4355 4374 4369
5705 2 2 1 88 1525 4368 4358
5706 2 2 1 88 4367 4368 4355
5707 2 2 1 88 4358 4368 4367
5708 2 2 1 88 4369 4374 4360
5709 2 2 1 88 88 4359 1535
5710 2 2 1 88 1533 4357 1532
5711 2 2 1 88 1523 4361 1522
5712 2 2 1 88 1525 4358 1524
5713 2 2 1 88 1530 4360 1529
5714 2 2 1 88 1521 4356 1520
5715 2 2 1 88 1528 4355 1527
5716 2 2 1 88 4357 4375 4363
5717 2 2 1 88 4366 4367 4365
5718 2 2 1 88 4364 4366 4365
5719 2 2 1 88 4364 4365 4363
5720 2 2 1 88 4363 4378 4357
5721 2 2 1 88 4367 4369 4365
5722 2 2 1 88 4360 4370 4369
5723 2 2 1 88 4364 4371 4356
5724 2 2 1 88 4359 4371 4364
5725 2 2 1 88 4359 4364 4363
5726 2 2 1 88 4370 4378 4369
5727 2 2 1 88 4363 4375 4362
5728 2 2 1 88 4369 4378 4365
5729 2 2 1 88 4359 4363 4362
5730 2 2 1 88 4359 4362 1535
5731 2 2 1 88 1520 4371 88
5732 2 2 1 88 4357 4378 4370
5733 2 2 1 88 88 4371 4359
5734 2 2 1 88 1535 4362 1534
5735 2 2 1 88 4356 4371 1520
5736 2 2 1 88 4361 4373 1522
5737 2 2 1 88 1524 4372 1523
5738 2 2 1 88 1534 4375 1533
5739 2 2 1 88 1533 4375 4357
5740 2 2 1 88 1522 4373 1521
5741 2 2 1 88 1523 4372 4361
5742 2 2 1 88 4357 4377 1532
5743 2 2 1 88 4360 4374 1529
5744 2 2 1 88 1529 4374 1528
5745 2 2 1 88 4358 4372 1524
5746 2 2 1 88 1521 4373 4356
5747 2 2 1 88 1530 4376 4360
5748 2 2 1 88 1528 4374 4355
5749 2 2 1 88 1531 4376 1530
5750 2 2 1 88 1532 4377 1531
5751 2 2 1 88 4365 4378 4363
5752 2 2 1 88 4360 4376 4370
5753 2 2 1 88 4370 4377 4357
5754 2 2 1 88 4362 4375 1534
5755 2 2 1 88 4376 4377 4370
5756 2 2 1 88 1531 4377 4376
5757 2 2 1 89 4379 4398 4388
5758 2 2 1 89 4388 4398 4383
5759 2 2 1 89 4382 4399 4390
5760 2 2 1 89 4390 4399 4385
5761 2 2 1 89 4396 4398 4379
5762 2 2 1 89 4387 4400 4386
5763 2 2 1 89 4380 4400 4387
5764 2 2 1 89 4382 4404 4399
5765 2 2 1 89 4381 4401 4395
5766 2 2 1 89 89 4386 1551
5767 2 2 1 89 4400 4401 4386
5768 2 2 1 89 1539 4385 1538
5769 2 2 1 89 1547 4384 1546
5770 2 2 1 89 1541 4382 1540
5771 2 2 1 89 1550 4381 1549
5772 2 2 1 89 1537 4380 1536
5773 2 2 1 89 1545 4379 1544
5774 2 2 1 89 1543 4383 1542
5775 2 2 1 89 4395 4402 4381
5776 2 2 1 89 4397 4399 4398
5777 2 2 1 89 4395 4401 4397
5778 2 2 1 89 4397 4398 4396
5779 2 2 1 89 4397 4400 4399
5780 2 2 1 89 4395 4397 4396
5781 2 2 1 89 4399 4404 4398
5782 2 2 1 89 4386 4401 4391
5783 2 2 1 89 4391 4401 4381
5784 2 2 1 89 4389 4396 4379
5785 2 2 1 89 4384 4396 4389
5786 2 2 1 89 4395 4396 4384
5787 2 2 1 89 4394 4402 4395
5788 2 2 1 89 4397 4401 4400
5789 2 2 1 89 4399 4403 4385
5790 2 2 1 89 4394 4395 4384
5791 2 2 1 89 4386 4391 1551
5792 2 2 1 89 1536 4387 89
5793 2 2 1 89 4385 4392 1538
5794 2 2 1 89 4384 4389 1546
5795 2 2 1 89 89 4387 4386
5796 2 2 1 89 1549 4402 1548
5797 2 2 1 89 1540 4390 1539
5798 2 2 1 89 1541 4393 4382
5799 2 2 1 89 1548 4394 1547
5800 2 2 1 89 1538 4392 1537
5801 2 2 1 89 1546 4389 1545
5802 2 2 1 89 1542 4393 1541
5803 2 2 1 89 1539 4390 4385
5804 2 2 1 89 4379 4388 1544
5805 2 2 1 89 1537 4392 4380
5806 2 2 1 89 1547 4394 4384
5807 2 2 1 89 4382 4390 1540
5808 2 2 1 89 1550 4391 4381
5809 2 2 1 89 1544 4388 1543
5810 2 2 1 89 4381 4402 1549
5811 2 2 1 89 1543 4388 4383
5812 2 2 1 89 1551 4391 1550
5813 2 2 1 89 1545 4389 4379
5814 2 2 1 89 4383 4393 1542
5815 2 2 1 89 4380 4387 1536
5816 2 2 1 89 4400 4403 4399
5817 2 2 1 89 4398 4404 4383
5818 2 2 1 89 4380 4403 4400
5819 2 2 1 89 1548 4402 4394
5820 2 2 1 89 4385 4403 4392
5821 2 2 1 89 4392 4403 4380
5822 2 2 1 89 4383 4404 4393
5823 2 2 1 89 4393 4404 4382
5824 2 2 1 90 4410 4423 4418
5825 2 2 1 90 4418 4423 4407
5826 2 2 1 90 4413 4419 4412
5827 2 2 1 90 4406 4419 4413
5828 2 2 1 90 4420 4424 4408
5829 2 2 1 90 4410 4418 4416
5830 2 2 1 90 4411 4424 4420
5831 2 2 1 90 4408 4421 4420
5832 2 2 1 90 4415 4421 4409
5833 2 2 1 90 90 4412 1567
5834 2 2 1 90 4419 4430 4412
5835 2 2 1 90 1555 4411 1554
5836 2 2 1 90 1564 4410 1563
5837 2 2 1 90 1566 4407 1565
5838 2 2 1 90 1557 4408 1556
5839 2 2 1 90 1562 4405 1561
5840 2 2 1 90 1553 4406 1552
5841 2 2 1 90 1559 4409 1558
5842 2 2 1 90 4409 4425 4415
5843 2 2 1 90 4418 4419 4417
5844 2 2 1 90 4417 4421 4415
5845 2 2 1 90 4416 4418 4417
5846 2 2 1 90 4419 4420 4417
5847 2 2 1 90 4416 4417 4415
5848 2 2 1 90 4408 4426 4421
5849 2 2 1 90 4418 4430 4419
5850 2 2 1 90 4406 4429 4419
5851 2 2 1 90 4421 4426 4409
5852 2 2 1 90 4416 4428 4410
5853 2 2 1 90 4405 4428 4416
5854 2 2 1 90 4415 4425 4414
5855 2 2 1 90 4405 4416 4415
5856 2 2 1 90 4420 4421 4417
5857 2 2 1 90 4405 4415 4414
5858 2 2 1 90 4412 4422 1567
5859 2 2 1 90 1552 4413 90
5860 2 2 1 90 4411 4427 1554
5861 2 2 1 90 4410 4428 1563
5862 2 2 1 90 1557 4426 4408
5863 2 2 1 90 1565 4423 1564
5864 2 2 1 90 90 4413 4412
5865 2 2 1 90 1556 4424 1555
5866 2 2 1 90 1554 4427 1553
5867 2 2 1 90 1555 4424 4411
5868 2 2 1 90 1558 4426 1557
5869 2 2 1 90 1561 4414 1560
5870 2 2 1 90 1563 4428 1562
5871 2 2 1 90 1566 4422 4407
5872 2 2 1 90 1564 4423 4410
5873 2 2 1 90 4408 4424 1556
5874 2 2 1 90 4407 4423 1565
5875 2 2 1 90 4405 4414 1561
5876 2 2 1 90 1553 4427 4406
5877 2 2 1 90 1560 4425 1559
5878 2 2 1 90 1559 4425 4409
5879 2 2 1 90 1567 4422 1566
5880 2 2 1 90 4409 4426 1558
5881 2 2 1 90 1562 4428 4405
5882 2 2 1 90 4406 4413 1552
5883 2 2 1 90 4419 4429 4420
5884 2 2 1 90 4407 4430 4418
5885 2 2 1 90 4420 4429 4411
5886 2 2 1 90 4414 4425 1560
5887 2 2 1 90 4411 4429 4427
5888 2 2 1 90 4427 4429 4406
5889 2 2 1 90 4422 4430 4407
5890 2 2 1 90 4412 4430 4422
5891 2 2 1 91 4434 4448 4442
5892 2 2 1 91 4442 4450 4432
5893 2 2 1 91 4442 4443 4434
5894 2 2 1 91 4442 4448 4437
5895 2 2 1 91 4437 4450 4442
5896 2 2 1 91 4440 4442 4432
5897 2 2 1 91 1576 4444 4431
5898 2 2 1 91 4443 4445 4431
5899 2 2 1 91 1577 4444 1576
5900 2 2 1 91 4445 4449 4431
5901 2 2 1 91 1578 4444 1577
5902 2 2 1 91 4434 4444 1578
5903 2 2 1 91 4431 4444 4443
5904 2 2 1 91 4443 4444 4434
5905 2 2 1 91 4436 4449 4445
5906 2 2 1 91 1568 4435 91
5907 2 2 1 91 1571 4433 1570
5908 2 2 1 91 1581 4437 1580
5909 2 2 1 91 1579 4434 1578
5910 2 2 1 91 1574 4436 1573
5911 2 2 1 91 1583 4432 1582
5912 2 2 1 91 1576 4431 1575
5913 2 2 1 91 4439 4451 4433
5914 2 2 1 91 4441 4443 4442
5915 2 2 1 91 4441 4442 4440
5916 2 2 1 91 4439 4441 4440
5917 2 2 1 91 4433 4454 4439
5918 2 2 1 91 4441 4445 4443
5919 2 2 1 91 4445 4446 4436
5920 2 2 1 91 4432 4447 4440
5921 2 2 1 91 4440 4447 4435
5922 2 2 1 91 4439 4440 4435
5923 2 2 1 91 4445 4454 4446
5924 2 2 1 91 4441 4454 4445
5925 2 2 1 91 4438 4451 4439
5926 2 2 1 91 4438 4439 4435
5927 2 2 1 91 1568 4438 4435
5928 2 2 1 91 91 4447 1583
5929 2 2 1 91 4446 4454 4433
5930 2 2 1 91 4435 4447 91
5931 2 2 1 91 1569 4438 1568
5932 2 2 1 91 1583 4447 4432
5933 2 2 1 91 1581 4450 4437
5934 2 2 1 91 4433 4451 1570
5935 2 2 1 91 1580 4448 1579
5936 2 2 1 91 1570 4451 1569
5937 2 2 1 91 1582 4450 1581
5938 2 2 1 91 1574 4449 4436
5939 2 2 1 91 4437 4448 1580
5940 2 2 1 91 1571 4453 4433
5941 2 2 1 91 1575 4449 1574
5942 2 2 1 91 1579 4448 4434
5943 2 2 1 91 4432 4450 1582
5944 2 2 1 91 4431 4449 1575
5945 2 2 1 91 4436 4452 1573
5946 2 2 1 91 1573 4452 1572
5947 2 2 1 91 1572 4453 1571
5948 2 2 1 91 4439 4454 4441
5949 2 2 1 91 4446 4452 4436
5950 2 2 1 91 4433 4453 4446
5951 2 2 1 91 1569 4451 4438
5952 2 2 1 91 4446 4453 4452
5953 2 2 1 91 4452 4453 1572
5954 2 2 1 92 4463 4473 4462
5955 2 2 1 92 4466 4474 4461
5956 2 2 1 92 4458 4474 4466
5957 2 2 1 92 4455 4475 4464
5958 2 2 1 92 4456 4473 4463
5959 2 2 1 92 4464 4475 4459
5960 2 2 1 92 4462 4473 4471
5961 2 2 1 92 4455 4476 4475
5962 2 2 1 92 4470 4476 4460
5963 2 2 1 92 92 4462 1599
5964 2 2 1 92 4474 4480 4461
5965 2 2 1 92 4472 4476 4470
5966 2 2 1 92 1587 4461 1586
5967 2 2 1 92 1595 4460 1594
5968 2 2 1 92 1589 4458 1588
5969 2 2 1 92 1598 4457 1597
5970 2 2 1 92 1585 4456 1584
5971 2 2 1 92 1593 4455 1592
5972 2 2 1 92 1591 4459 1590
5973 2 2 1 92 4460 4477 4470
5974 2 2 1 92 4473 4474 4472
5975 2 2 1 92 4471 4473 4472
5976 2 2 1 92 4474 4475 4472
5977 2 2 1 92 4471 4472 4470
5978 2 2 1 92 4458 4479 4474
5979 2 2 1 92 4475 4476 4472
5980 2 2 1 92 4467 4476 4455
5981 2 2 1 92 4460 4476 4467
5982 2 2 1 92 4473 4480 4474
5983 2 2 1 92 4465 4471 4457
5984 2 2 1 92 4470 4477 4469
5985 2 2 1 92 4462 4471 4465
5986 2 2 1 92 4457 4471 4470
5987 2 2 1 92 4457 4470 4469
5988 2 2 1 92 4462 4465 1599
5989 2 2 1 92 1584 4463 92
5990 2 2 1 92 4461 4468 1586
5991 2 2 1 92 1597 4469 1596
5992 2 2 1 92 92 4463 4462
5993 2 2 1 92 4460 4467 1594
5994 2 2 1 92 1588 4466 1587
5995 2 2 1 92 1589 4478 4458
5996 2 2 1 92 1586 4468 1585
5997 2 2 1 92 1596 4477 1595
5998 2 2 1 92 1594 4467 1593
5999 2 2 1 92 1590 4478 1589
6000 2 2 1 92 1587 4466 4461
6001 2 2 1 92 1595 4477 4460
6002 2 2 1 92 1598 4465 4457
6003 2 2 1 92 1585 4468 4456
6004 2 2 1 92 4458 4466 1588
6005 2 2 1 92 1592 4464 1591
6006 2 2 1 92 4457 4469 1597
6007 2 2 1 92 4455 4464 1592
6008 2 2 1 92 1591 4464 4459
6009 2 2 1 92 1599 4465 1598
6010 2 2 1 92 1593 4467 4455
6011 2 2 1 92 4459 4478 1590
6012 2 2 1 92 4456 4463 1584
6013 2 2 1 92 4474 4479 4475
6014 2 2 1 92 4456 4480 4473
6015 2 2 1 92 4475 4479 4459
6016 2 2 1 92 4469 4477 1596
6017 2 2 1 92 4459 4479 4478
6018 2 2 1 92 4478 4479 4458
6019 2 2 1 92 4468 4480 4456
6020 2 2 1 92 4461 4480 4468
6021 2 2 1 93 4492 4498 4484
6022 2 2 1 93 4482 4499 4492
6023 2 2 1 93 4484 4493 4492
6024 2 2 1 93 4487 4498 4492
6025 2 2 1 93 4492 4499 4487
6026 2 2 1 93 4482 4492 4490
6027 2 2 1 93 4481 4494 1607
6028 2 2 1 93 4481 4495 4493
6029 2 2 1 93 1607 4494 1606
6030 2 2 1 93 1606 4494 1605
6031 2 2 1 93 1605 4494 4484
6032 2 2 1 93 4481 4500 4495
6033 2 2 1 93 4493 4494 4481
6034 2 2 1 93 4484 4494 4493
6035 2 2 1 93 4495 4500 4486
6036 2 2 1 93 93 4485 1615
6037 2 2 1 93 1613 4483 1612
6038 2 2 1 93 1603 4487 1602
6039 2 2 1 93 1605 4484 1604
6040 2 2 1 93 1610 4486 1609
6041 2 2 1 93 1601 4482 1600
6042 2 2 1 93 1608 4481 1607
6043 2 2 1 93 4483 4501 4489
6044 2 2 1 93 4492 4493 4491
6045 2 2 1 93 4490 4492 4491
6046 2 2 1 93 4490 4491 4489
6047 2 2 1 93 4489 4504 4483
6048 2 2 1 93 4493 4495 4491
6049 2 2 1 93 4486 4496 4495
6050 2 2 1 93 4490 4497 4482
6051 2 2 1 93 4485 4497 4490
6052 2 2 1 93 4485 4490 4489
6053 2 2 1 93 4496 4504 4495
6054 2 2 1 93 4489 4501 4488
6055 2 2 1 93 4495 4504 4491
6056 2 2 1 93 4485 4489 4488
6057 2 2 1 93 4485 4488 1615
6058 2 2 1 93 1600 4497 93
6059 2 2 1 93 4483 4504 4496
6060 2 2 1 93 93 4497 4485
6061 2 2 1 93 1615 4488 1614
6062 2 2 1 93 4482 4497 1600
6063 2 2 1 93 4487 4499 1602
6064 2 2 1 93 1604 4498 1603
6065 2 2 1 93 1614 4501 1613
6066 2 2 1 93 1613 4501 4483
6067 2 2 1 93 1602 4499 1601
6068 2 2 1 93 1603 4498 4487
6069 2 2 1 93 4483 4503 1612
6070 2 2 1 93 4486 4500 1609
6071 2 2 1 93 1609 4500 1608
6072 2 2 1 93 4484 4498 1604
6073 2 2 1 93 1601 4499 4482
6074 2 2 1 93 1610 4502 4486
6075 2 2 1 93 1608 4500 4481
6076 2 2 1 93 1611 4502 1610
6077 2 2 1 93 1612 4503 1611
6078 2 2 1 93 4491 4504 4489
6079 2 2 1 93 4486 4502 4496
6080 2 2 1 93 4496 4503 4483
6081 2 2 1 93 4488 4501 1614
6082 2 2 1 93 4502 4503 4496
6083 2 2 1 93 1611 4503 4502
6084 2 2 1 94 4516 4522 4508
6085 2 2 1 94 4506 4524 4516
6086 2 2 1 94 4508 4517 4516
6087 2 2 1 94 4511 4522 4516
6088 2 2 1 94 4516 4524 4511
6089 2 2 1 94 4506 4516 4514
6090 2 2 1 94 4505 4518 1623
6091 2 2 1 94 4505 4519 4517
6092 2 2 1 94 1623 4518 1622
6093 2 2 1 94 1622 4518 1621
6094 2 2 1 94 4505 4523 4519
6095 2 2 1 94 1621 4518 4508
6096 2 2 1 94 4517 4518 4505
6097 2 2 1 94 4508 4518 4517
6098 2 2 1 94 4519 4523 4510
6099 2 2 1 94 94 4509 1631
6100 2 2 1 94 1629 4507 1628
6101 2 2 1 94 1619 4511 1618
6102 2 2 1 94 1621 4508 1620
6103 2 2 1 94 1626 4510 1625
6104 2 2 1 94 1617 4506 1616
6105 2 2 1 94 1624 4505 1623
6106 2 2 1 94 4507 4525 4513
6107 2 2 1 94 4516 4517 4515
6108 2 2 1 94 4514 4516 4515
6109 2 2 1 94 4514 4515 4513
6110 2 2 1 94 4513 4528 4507
6111 2 2 1 94 4517 4519 4515
6112 2 2 1 94 4510 4520 4519
6113 2 2 1 94 4514 4521 4506
6114 2 2 1 94 4509 4521 4514
6115 2 2 1 94 4509 4514 4513
6116 2 2 1 94 4520 4528 4519
6117 2 2 1 94 4519 4528 4515
6118 2 2 1 94 4513 4525 4512
6119 2 2 1 94 4509 4513 4512
6120 2 2 1 94 4509 4512 1631
6121 2 2 1 94 1616 4521 94
6122 2 2 1 94 4507 4528 4520
6123 2 2 1 94 94 4521 4509
6124 2 2 1 94 1631 4512 1630
6125 2 2 1 94 4506 4521 1616
6126 2 2 1 94 4511 4524 1618
6127 2 2 1 94 1620 4522 1619
6128 2 2 1 94 1630 4525 1629
6129 2 2 1 94 1629 4525 4507
6130 2 2 1 94 1618 4524 1617
6131 2 2 1 94 1619 4522 4511
6132 2 2 1 94 4510 4523 1625
6133 2 2 1 94 4507 4527 1628
6134 2 2 1 94 1625 4523 1624
6135 2 2 1 94 4508 4522 1620
6136 2 2 1 94 1617 4524 4506
6137 2 2 1 94 1626 4526 4510
6138 2 2 1 94 1624 4523 4505
6139 2 2 1 94 1627 4526 1626
6140 2 2 1 94 1628 4527 1627
6141 2 2 1 94 4515 4528 4513
6142 2 2 1 94 4510 4526 4520
6143 2 2 1 94 4520 4527 4507
6144 2 2 1 94 4512 4525 1630
6145 2 2 1 94 4526 4527 4520
6146 2 2 1 94 1627 4527 4526
6147 2 2 1 95 4540 4546 4532
6148 2 2 1 95 4530 4547 4540
6149 2 2 1 95 4532 4541 4540
6150 2 2 1 95 4535 4546 4540
6151 2 2 1 95 4540 4547 4535
6152 2 2 1 95 4530 4540 4538
6153 2 2 1 95 4529 4542 1639
6154 2 2 1 95 4529 4543 4541
6155 2 2 1 95 1639 4542 1638
6156 2 2 1 95 1638 4542 1637
6157 2 2 1 95 4529 4548 4543
6158 2 2 1 95 1637 4542 4532
6159 2 2 1 95 4541 4542 4529
6160 2 2 1 95 4532 4542 4541
6161 2 2 1 95 4543 4548 4534
6162 2 2 1 95 95 4533 1647
6163 2 2 1 95 1645 4531 1644
6164 2 2 1 95 1635 4535 1634
6165 2 2 1 95 1637 4532 1636
6166 2 2 1 95 1642 4534 1641
6167 2 2 1 95 1633 4530 1632
6168 2 2 1 95 1640 4529 1639
6169 2 2 1 95 4531 4549 4537
6170 2 2 1 95 4540 4541 4539
6171 2 2 1 95 4538 4540 4539
6172 2 2 1 95 4538 4539 4537
6173 2 2 1 95 4537 4552 4531
6174 2 2 1 95 4541 4543 4539
6175 2 2 1 95 4534 4544 4543
6176 2 2 1 95 4538 4545 4530
6177 2 2 1 95 4533 4545 4538
6178 2 2 1 95 4533 4538 4537
6179 2 2 1 95 4544 4552 4543
6180 2 2 1 95 4537 4549 4536
6181 2 2 1 95 4543 4552 4539
6182 2 2 1 95 4533 4537 4536
6183 2 2 1 95 4533 4536 1647
6184 2 2 1 95 1632 4545 95
6185 2 2 1 95 4531 4552 4544
6186 2 2 1 95 95 4545 4533
6187 2 2 1 95 1647 4536 1646
6188 2 2 1 95 4530 4545 1632
6189 2 2 1 95 4535 4547 1634
6190 2 2 1 95 1636 4546 1635
6191 2 2 1 95 1646 4549 1645
6192 2 2 1 95 1645 4549 4531
6193 2 2 1 95 1634 4547 1633
6194 2 2 1 95 1635 4546 4535
6195 2 2 1 95 4531 4551 1644
6196 2 2 1 95 4534 4548 1641
6197 2 2 1 95 1641 4548 1640
6198 2 2 1 95 4532 4546 1636
6199 2 2 1 95 1633 4547 4530
6200 2 2 1 95 1642 4550 4534
6201 2 2 1 95 1640 4548 4529
6202 2 2 1 95 1643 4550 1642
6203 2 2 1 95 1644 4551 1643
6204 2 2 1 95 4539 4552 4537
6205 2 2 1 95 4534 4550 4544
6206 2 2 1 95 4544 4551 4531
6207 2 2 1 95 4536 4549 1646
6208 2 2 1 95 4550 4551 4544
6209 2 2 1 95 1643 4551 4550
6210 2 2 1 96 4553 4572 4562
6211 2 2 1 96 4562 4572 4557
6212 2 2 1 96 4556 4573 4564
6213 2 2 1 96 4564 4573 4559
6214 2 2 1 96 4570 4572 4553
6215 2 2 1 96 4561 4574 4560
6216 2 2 1 96 4554 4574 4561
6217 2 2 1 96 4556 4578 4573
6218 2 2 1 96 4555 4575 4569
6219 2 2 1 96 96 4560 1663
6220 2 2 1 96 4574 4575 4560
6221 2 2 1 96 1651 4559 1650
6222 2 2 1 96 1659 4558 1658
6223 2 2 1 96 1653 4556 1652
6224 2 2 1 96 1662 4555 1661
6225 2 2 1 96 1649 4554 1648
6226 2 2 1 96 1657 4553 1656
6227 2 2 1 96 1655 4557 1654
6228 2 2 1 96 4569 4576 4555
6229 2 2 1 96 4571 4573 4572
6230 2 2 1 96 4569 4575 4571
6231 2 2 1 96 4571 4572 4570
6232 2 2 1 96 4571 4574 4573
6233 2 2 1 96 4569 4571 4570
6234 2 2 1 96 4573 4578 4572
6235 2 2 1 96 4560 4575 4565
6236 2 2 1 96 4565 4575 4555
6237 2 2 1 96 4563 4570 4553
6238 2 2 1 96 4558 4570 4563
6239 2 2 1 96 4569 4570 4558
6240 2 2 1 96 4568 4576 4569
6241 2 2 1 96 4571 4575 4574
6242 2 2 1 96 4573 4577 4559
6243 2 2 1 96 4568 4569 4558
6244 2 2 1 96 4560 4565 1663
6245 2 2 1 96 1648 4561 96
6246 2 2 1 96 4559 4566 1650
6247 2 2 1 96 4558 4563 1658
6248 2 2 1 96 96 4561 4560
6249 2 2 1 96 1661 4576 1660
6250 2 2 1 96 1652 4564 1651
6251 2 2 1 96 1653 4567 4556
6252 2 2 1 96 1660 4568 1659
6253 2 2 1 96 1650 4566 1649
6254 2 2 1 96 1658 4563 1657
6255 2 2 1 96 1654 4567 1653
6256 2 2 1 96 1651 4564 4559
6257 2 2 1 96 4553 4562 1656
6258 2 2 1 96 1649 4566 4554
6259 2 2 1 96 1659 4568 4558
6260 2 2 1 96 4556 4564 1652
6261 2 2 1 96 1662 4565 4555
6262 2 2 1 96 1656 4562 1655
6263 2 2 1 96 4555 4576 1661
6264 2 2 1 96 1655 4562 4557
6265 2 2 1 96 1663 4565 1662
6266 2 2 1 96 1657 4563 4553
6267 2 2 1 96 4557 4567 1654
6268 2 2 1 96 4554 4561 1648
6269 2 2 1 96 4574 4577 4573
6270 2 2 1 96 4572 4578 4557
6271 2 2 1 96 4554 4577 4574
6272 2 2 1 96 1660 4576 4568
6273 2 2 1 96 4559 4577 4566
6274 2 2 1 96 4566 4577 4554
6275 2 2 1 96 4557 4578 4567
6276 2 2 1 96 4567 4578 4556
6277 2 2 1 97 4582 4596 4590
6278 2 2 1 97 4590 4597 4580
6279 2 2 1 97 4590 4591 4582
6280 2 2 1 97 4590 4596 4585
6281 2 2 1 97 4585 4597 4590
6282 2 2 1 97 4588 4590 4580
6283 2 2 1 97 1672 4592 4579
6284 2 2 1 97 4591 4593 4579
6285 2 2 1 97 1673 4592 1672
6286 2 2 1 97 1674 4592 1673
6287 2 2 1 97 4593 4598 4579
6288 2 2 1 97 4582 4592 1674
6289 2 2 1 97 4579 4592 4591
6290 2 2 1 97 4591 4592 4582
6291 2 2 1 97 4584 4598 4593
6292 2 2 1 97 1664 4583 97
6293 2 2 1 97 1667 4581 1666
6294 2 2 1 97 1677 4585 1676
6295 2 2 1 97 1675 4582 1674
6296 2 2 1 97 1670 4584 1669
6297 2 2 1 97 1679 4580 1678
6298 2 2 1 97 1672 4579 1671
6299 2 2 1 97 4587 4599 4581
6300 2 2 1 97 4589 4591 4590
6301 2 2 1 97 4589 4590 4588
6302 2 2 1 97 4587 4589 4588
6303 2 2 1 97 4581 4602 4587
6304 2 2 1 97 4589 4593 4591
6305 2 2 1 97 4593 4594 4584
6306 2 2 1 97 4580 4595 4588
6307 2 2 1 97 4588 4595 4583
6308 2 2 1 97 4587 4588 4583
6309 2 2 1 97 4593 4602 4594
6310 2 2 1 97 4586 4599 4587
6311 2 2 1 97 4589 4602 4593
6312 2 2 1 97 4586 4587 4583
6313 2 2 1 97 1664 4586 4583
6314 2 2 1 97 97 4595 1679
6315 2 2 1 97 4594 4602 4581
6316 2 2 1 97 4583 4595 97
6317 2 2 1 97 1665 4586 1664
6318 2 2 1 97 1679 4595 4580
6319 2 2 1 97 1677 4597 4585
6320 2 2 1 97 4581 4599 1666
6321 2 2 1 97 1676 4596 1675
6322 2 2 1 97 1666 4599 1665
6323 2 2 1 97 1678 4597 1677
6324 2 2 1 97 4585 4596 1676
6325 2 2 1 97 1667 4601 4581
6326 2 2 1 97 1670 4598 4584
6327 2 2 1 97 1671 4598 1670
6328 2 2 1 97 1675 4596 4582
6329 2 2 1 97 4580 4597 1678
6330 2 2 1 97 4584 4600 1669
6331 2 2 1 97 4579 4598 1671
6332 2 2 1 97 1669 4600 1668
6333 2 2 1 97 1668 4601 1667
6334 2 2 1 97 4587 4602 4589
6335 2 2 1 97 4594 4600 4584
6336 2 2 1 97 4581 4601 4594
6337 2 2 1 97 1665 4599 4586
6338 2 2 1 97 4594 4601 4600
6339 2 2 1 97 4600 4601 1668
6340 2 2 1 98 4603 4622 4612
6341 2 2 1 98 4612 4622 4607
6342 2 2 1 98 4606 4623 4614
6343 2 2 1 98 4614 4623 4609
6344 2 2 1 98 4620 4622 4603
6345 2 2 1 98 4611 4624 4610
6346 2 2 1 98 4604 4624 4611
6347 2 2 1 98 4606 4628 4623
6348 2 2 1 98 4605 4625 4619
6349 2 2 1 98 98 4610 1695
6350 2 2 1 98 4624 4625 4610
6351 2 2 1 98 1683 4609 1682
6352 2 2 1 98 1691 4608 1690
6353 2 2 1 98 1685 4606 1684
6354 2 2 1 98 1694 4605 1693
6355 2 2 1 98 1681 4604 1680
6356 2 2 1 98 1689 4603 1688
6357 2 2 1 98 1687 4607 1686
6358 2 2 1 98 4619 4626 4605
6359 2 2 1 98 4621 4623 4622
6360 2 2 1 98 4619 4625 4621
6361 2 2 1 98 4621 4622 4620
6362 2 2 1 98 4621 4624 4623
6363 2 2 1 98 4619 4621 4620
6364 2 2 1 98 4623 4628 4622
6365 2 2 1 98 4610 4625 4615
6366 2 2 1 98 4615 4625 4605
6367 2 2 1 98 4613 4620 4603
6368 2 2 1 98 4608 4620 4613
6369 2 2 1 98 4619 4620 4608
6370 2 2 1 98 4618 4626 4619
6371 2 2 1 98 4621 4625 4624
6372 2 2 1 98 4623 4627 4609
6373 2 2 1 98 4618 4619 4608
6374 2 2 1 98 4610 4615 1695
6375 2 2 1 98 1680 4611 98
6376 2 2 1 98 4609 4616 1682
6377 2 2 1 98 1693 4626 1692
6378 2 2 1 98 98 4611 4610
6379 2 2 1 98 4608 4613 1690
6380 2 2 1 98 1684 4614 1683
6381 2 2 1 98 1692 4618 1691
6382 2 2 1 98 1685 4617 4606
6383 2 2 1 98 1682 4616 1681
6384 2 2 1 98 1690 4613 1689
6385 2 2 1 98 1686 4617 1685
6386 2 2 1 98 1683 4614 4609
6387 2 2 1 98 1681 4616 4604
6388 2 2 1 98 1694 4615 4605
6389 2 2 1 98 4606 4614 1684
6390 2 2 1 98 1691 4618 4608
6391 2 2 1 98 4605 4626 1693
6392 2 2 1 98 1688 4612 1687
6393 2 2 1 98 4603 4612 1688
6394 2 2 1 98 1687 4612 4607
6395 2 2 1 98 1695 4615 1694
6396 2 2 1 98 1689 4613 4603
6397 2 2 1 98 4607 4617 1686
6398 2 2 1 98 4604 4611 1680
6399 2 2 1 98 4624 4627 4623
6400 2 2 1 98 4622 4628 4607
6401 2 2 1 98 4604 4627 4624
6402 2 2 1 98 1692 4626 4618
6403 2 2 1 98 4609 4627 4616
6404 2 2 1 98 4616 4627 4604
6405 2 2 1 98 4607 4628 4617
6406 2 2 1 98 4617 4628 4606
6407 2 2 1 99 4637 4648 4636
6408 2 2 1 99 4639 4649 4635
6409 2 2 1 99 4632 4649 4639
6410 2 2 1 99 4629 4650 4638
6411 2 2 1 99 4630 4648 4637
6412 2 2 1 99 4638 4650 4633
6413 2 2 1 99 4636 4648 4646
6414 2 2 1 99 4629 4651 4650
6415 2 2 1 99 4645 4651 4634
6416 2 2 1 99 99 4636 1711
6417 2 2 1 99 4649 4654 4635
6418 2 2 1 99 4647 4651 4645
6419 2 2 1 99 1699 4635 1698
6420 2 2 1 99 1707 4634 1706
6421 2 2 1 99 1701 4632 1700
6422 2 2 1 99 1710 4631 1709
6423 2 2 1 99 1697 4630 1696
6424 2 2 1 99 1705 4629 1704
6425 2 2 1 99 1703 4633 1702
6426 2 2 1 99 4634 4652 4645
6427 2 2 1 99 4648 4649 4647
6428 2 2 1 99 4646 4648 4647
6429 2 2 1 99 4649 4650 4647
6430 2 2 1 99 4646 4647 4645
6431 2 2 1 99 4632 4653 4649
6432 2 2 1 99 4650 4651 4647
6433 2 2 1 99 4640 4651 4629
6434 2 2 1 99 4634 4651 4640
6435 2 2 1 99 4648 4654 4649
6436 2 2 1 99 4641 4646 4631
6437 2 2 1 99 4645 4652 4644
6438 2 2 1 99 4636 4646 4641
6439 2 2 1 99 4631 4646 4645
6440 2 2 1 99 4631 4645 4644
6441 2 2 1 99 4636 4641 1711
6442 2 2 1 99 1696 4637 99
6443 2 2 1 99 4635 4642 1698
6444 2 2 1 99 1709 4644 1708
6445 2 2 1 99 99 4637 4636
6446 2 2 1 99 4634 4640 1706
6447 2 2 1 99 1700 4639 1699
6448 2 2 1 99 1701 4643 4632
6449 2 2 1 99 1698 4642 1697
6450 2 2 1 99 1708 4652 1707
6451 2 2 1 99 1706 4640 1705
6452 2 2 1 99 1702 4643 1701
6453 2 2 1 99 1699 4639 4635
6454 2 2 1 99 1707 4652 4634
6455 2 2 1 99 1697 4642 4630
6456 2 2 1 99 1710 4641 4631
6457 2 2 1 99 4632 4639 1700
6458 2 2 1 99 1704 4638 1703
6459 2 2 1 99 4629 4638 1704
6460 2 2 1 99 4631 4644 1709
6461 2 2 1 99 1703 4638 4633
6462 2 2 1 99 1711 4641 1710
6463 2 2 1 99 1705 4640 4629
6464 2 2 1 99 4633 4643 1702
6465 2 2 1 99 4630 4637 1696
6466 2 2 1 99 4649 4653 4650
6467 2 2 1 99 4630 4654 4648
6468 2 2 1 99 4650 4653 4633
6469 2 2 1 99 4644 4652 1708
6470 2 2 1 99 4633 4653 4643
6471 2 2 1 99 4643 4653 4632
6472 2 2 1 99 4642 4654 4630
6473 2 2 1 99 4635 4654 4642
6474 2 2 1 100 4666 4672 4658
6475 2 2 1 100 4656 4674 4666
6476 2 2 1 100 4658 4667 4666
6477 2 2 1 100 4661 4672 4666
6478 2 2 1 100 4666 4674 4661
6479 2 2 1 100 4656 4666 4664
6480 2 2 1 100 4655 4668 1719
6481 2 2 1 100 4655 4669 4667
6482 2 2 1 100 1719 4668 1718
6483 2 2 1 100 4655 4673 4669
6484 2 2 1 100 1718 4668 1717
6485 2 2 1 100 1717 4668 4658
6486 2 2 1 100 4667 4668 4655
6487 2 2 1 100 4658 4668 4667
6488 2 2 1 100 4669 4673 4660
6489 2 2 1 100 100 4659 1727
6490 2 2 1 100 1725 4657 1724
6491 2 2 1 100 1715 4661 1714
6492 2 2 1 100 1717 4658 1716
6493 2 2 1 100 1722 4660 1721
6494 2 2 1 100 1713 4656 1712
6495 2 2 1 100 1720 4655 1719
6496 2 2 1 100 4657 4675 4663
6497 2 2 1 100 4666 4667 4665
6498 2 2 1 100 4664 4666 4665
6499 2 2 1 100 4664 4665 4663
6500 2 2 1 100 4663 4678 4657
6501 2 2 1 100 4667 4669 4665
6502 2 2 1 100 4660 4670 4669
6503 2 2 1 100 4664 4671 4656
6504 2 2 1 100 4659 4671 4664
6505 2 2 1 100 4659 4664 4663
6506 2 2 1 100 4670 4678 4669
6507 2 2 1 100 4669 4678 4665
6508 2 2 1 100 4663 4675 4662
6509 2 2 1 100 4659 4663 4662
6510 2 2 1 100 4659 4662 1727
6511 2 2 1 100 1712 4671 100
6512 2 2 1 100 4657 4678 4670
6513 2 2 1 100 100 4671 4659
6514 2 2 1 100 1727 4662 1726
6515 2 2 1 100 4656 4671 1712
6516 2 2 1 100 4661 4674 1714
6517 2 2 1 100 1716 4672 1715
6518 2 2 1 100 1726 4675 1725
6519 2 2 1 100 1725 4675 4657
6520 2 2 1 100 1714 4674 1713
6521 2 2 1 100 4660 4673 1721
6522 2 2 1 100 1715 4672 4661
6523 2 2 1 100 4657 4677 1724
6524 2 2 1 100 1721 4673 1720
6525 2 2 1 100 4658 4672 1716
6526 2 2 1 100 1713 4674 4656
6527 2 2 1 100 1720 4673 4655
6528 2 2 1 100 1722 4676 4660
6529 2 2 1 100 1723 4676 1722
6530 2 2 1 100 1724 4677 1723
6531 2 2 1 100 4665 4678 4663
6532 2 2 1 100 4660 4676 4670
6533 2 2 1 100 4670 4677 4657
6534 2 2 1 100 4662 4675 1726
6535 2 2 1 100 4676 4677 4670
6536 2 2 1 100 1723 4677 4676
6537 2 2 1 101 4688 4698 4679
6538 2 2 1 101 4683 4698 4688
6539 2 2 1 101 4690 4699 4682
6540 2 2 1 101 4685 4699 4690
6541 2 2 1 101 4679 4698 4696
6542 2 2 1 101 4686 4700 4687
6543 2 2 1 101 4687 4700 4680
6544 2 2 1 101 4699 4704 4682
6545 2 2 1 101 4695 4701 4681
6546 2 2 1 101 1728 4686 101
6547 2 2 1 101 4686 4701 4700
6548 2 2 1 101 1741 4685 1740
6549 2 2 1 101 1733 4684 1732
6550 2 2 1 101 1739 4682 1738
6551 2 2 1 101 1730 4681 1729
6552 2 2 1 101 1743 4680 1742
6553 2 2 1 101 1735 4679 1734
6554 2 2 1 101 1737 4683 1736
6555 2 2 1 101 4681 4702 4695
6556 2 2 1 101 4698 4699 4697
6557 2 2 1 101 4697 4701 4695
6558 2 2 1 101 4696 4698 4697
6559 2 2 1 101 4699 4700 4697
6560 2 2 1 101 4696 4697 4695
6561 2 2 1 101 4698 4704 4699
6562 2 2 1 101 4691 4701 4686
6563 2 2 1 101 4681 4701 4691
6564 2 2 1 101 4679 4696 4689
6565 2 2 1 101 4689 4696 4684
6566 2 2 1 101 4684 4696 4695
6567 2 2 1 101 4695 4702 4694
6568 2 2 1 101 4700 4701 4697
6569 2 2 1 101 4685 4703 4699
6570 2 2 1 101 4684 4695 4694
6571 2 2 1 101 1728 4691 4686
6572 2 2 1 101 101 4687 1743
6573 2 2 1 101 1741 4693 4685
6574 2 2 1 101 1733 4689 4684
6575 2 2 1 101 1731 4702 1730
6576 2 2 1 101 4686 4687 101
6577 2 2 1 101 4682 4692 1738
6578 2 2 1 101 1732 4694 1731
6579 2 2 1 101 1742 4693 1741
6580 2 2 1 101 4685 4690 1740
6581 2 2 1 101 1734 4689 1733
6582 2 2 1 101 1740 4690 1739
6583 2 2 1 101 1738 4692 1737
6584 2 2 1 101 1735 4688 4679
6585 2 2 1 101 4684 4694 1732
6586 2 2 1 101 1739 4690 4682
6587 2 2 1 101 4680 4693 1742
6588 2 2 1 101 4681 4691 1729
6589 2 2 1 101 1736 4688 1735
6590 2 2 1 101 4683 4688 1736
6591 2 2 1 101 1730 4702 4681
6592 2 2 1 101 4679 4689 1734
6593 2 2 1 101 1729 4691 1728
6594 2 2 1 101 1737 4692 4683
6595 2 2 1 101 1743 4687 4680
6596 2 2 1 101 4699 4703 4700
6597 2 2 1 101 4683 4704 4698
6598 2 2 1 101 4700 4703 4680
6599 2 2 1 101 4694 4702 1731
6600 2 2 1 101 4693 4703 4685
6601 2 2 1 101 4680 4703 4693
6602 2 2 1 101 4692 4704 4683
6603 2 2 1 101 4682 4704 4692
6604 2 2 1 102 4716 4722 4708
6605 2 2 1 102 4706 4723 4716
6606 2 2 1 102 4708 4717 4716
6607 2 2 1 102 4711 4722 4716
6608 2 2 1 102 4716 4723 4711
6609 2 2 1 102 4706 4716 4714
6610 2 2 1 102 4705 4718 1751
6611 2 2 1 102 4705 4719 4717
6612 2 2 1 102 1751 4718 1750
6613 2 2 1 102 1750 4718 1749
6614 2 2 1 102 4705 4724 4719
6615 2 2 1 102 1749 4718 4708
6616 2 2 1 102 4717 4718 4705
6617 2 2 1 102 4708 4718 4717
6618 2 2 1 102 4719 4724 4710
6619 2 2 1 102 102 4709 1759
6620 2 2 1 102 1757 4707 1756
6621 2 2 1 102 1747 4711 1746
6622 2 2 1 102 1749 4708 1748
6623 2 2 1 102 1754 4710 1753
6624 2 2 1 102 1745 4706 1744
6625 2 2 1 102 1752 4705 1751
6626 2 2 1 102 4707 4725 4713
6627 2 2 1 102 4716 4717 4715
6628 2 2 1 102 4714 4716 4715
6629 2 2 1 102 4714 4715 4713
6630 2 2 1 102 4713 4728 4707
6631 2 2 1 102 4717 4719 4715
6632 2 2 1 102 4710 4720 4719
6633 2 2 1 102 4714 4721 4706
6634 2 2 1 102 4709 4721 4714
6635 2 2 1 102 4709 4714 4713
6636 2 2 1 102 4720 4728 4719
6637 2 2 1 102 4713 4725 4712
6638 2 2 1 102 4719 4728 4715
6639 2 2 1 102 4709 4713 4712
6640 2 2 1 102 4709 4712 1759
6641 2 2 1 102 1744 4721 102
6642 2 2 1 102 4707 4728 4720
6643 2 2 1 102 102 4721 4709
6644 2 2 1 102 1759 4712 1758
6645 2 2 1 102 4706 4721 1744
6646 2 2 1 102 4711 4723 1746
6647 2 2 1 102 1748 4722 1747
6648 2 2 1 102 1758 4725 1757
6649 2 2 1 102 1757 4725 4707
6650 2 2 1 102 1746 4723 1745
6651 2 2 1 102 1747 4722 4711
6652 2 2 1 102 4707 4727 1756
6653 2 2 1 102 4710 4724 1753
6654 2 2 1 102 1753 4724 1752
6655 2 2 1 102 4708 4722 1748
6656 2 2 1 102 1745 4723 4706
6657 2 2 1 102 1754 4726 4710
6658 2 2 1 102 1752 4724 4705
6659 2 2 1 102 1755 4726 1754
6660 2 2 1 102 1756 4727 1755
6661 2 2 1 102 4715 4728 4713
6662 2 2 1 102 4710 4726 4720
6663 2 2 1 102 4720 4727 4707
6664 2 2 1 102 4712 4725 1758
6665 2 2 1 102 4726 4727 4720
6666 2 2 1 102 1755 4727 4726
6667 2 2 1 103 4732 4746 4740
6668 2 2 1 103 4740 4747 4730
6669 2 2 1 103 4740 4741 4732
6670 2 2 1 103 4740 4746 4735
6671 2 2 1 103 4735 4747 4740
6672 2 2 1 103 4738 4740 4730
6673 2 2 1 103 1768 4742 4729
6674 2 2 1 103 4741 4743 4729
6675 2 2 1 103 1769 4742 1768
6676 2 2 1 103 1770 4742 1769
6677 2 2 1 103 4743 4748 4729
6678 2 2 1 103 4732 4742 1770
6679 2 2 1 103 4729 4742 4741
6680 2 2 1 103 4741 4742 4732
6681 2 2 1 103 4734 4748 4743
6682 2 2 1 103 1760 4733 103
6683 2 2 1 103 1763 4731 1762
6684 2 2 1 103 1773 4735 1772
6685 2 2 1 103 1771 4732 1770
6686 2 2 1 103 1766 4734 1765
6687 2 2 1 103 1775 4730 1774
6688 2 2 1 103 1768 4729 1767
6689 2 2 1 103 4737 4749 4731
6690 2 2 1 103 4739 4741 4740
6691 2 2 1 103 4739 4740 4738
6692 2 2 1 103 4737 4739 4738
6693 2 2 1 103 4731 4752 4737
6694 2 2 1 103 4739 4743 4741
6695 2 2 1 103 4743 4744 4734
6696 2 2 1 103 4730 4745 4738
6697 2 2 1 103 4738 4745 4733
6698 2 2 1 103 4737 4738 4733
6699 2 2 1 103 4743 4752 4744
6700 2 2 1 103 4736 4749 4737
6701 2 2 1 103 4739 4752 4743
6702 2 2 1 103 4736 4737 4733
6703 2 2 1 103 1760 4736 4733
6704 2 2 1 103 103 4745 1775
6705 2 2 1 103 4744 4752 4731
6706 2 2 1 103 4733 4745 103
6707 2 2 1 103 1761 4736 1760
6708 2 2 1 103 1775 4745 4730
6709 2 2 1 103 1773 4747 4735
6710 2 2 1 103 4731 4749 1762
6711 2 2 1 103 1772 4746 1771
6712 2 2 1 103 1762 4749 1761
6713 2 2 1 103 1774 4747 1773
6714 2 2 1 103 4735 4746 1772
6715 2 2 1 103 1763 4751 4731
6716 2 2 1 103 1766 4748 4734
6717 2 2 1 103 1767 4748 1766
6718 2 2 1 103 1771 4746 4732
6719 2 2 1 103 4730 4747 1774
6720 2 2 1 103 4734 4750 1765
6721 2 2 1 103 4729 4748 1767
6722 2 2 1 103 1765 4750 1764
6723 2 2 1 103 1764 4751 1763
6724 2 2 1 103 4737 4752 4739
6725 2 2 1 103 4744 4750 4734
6726 2 2 1 103 4731 4751 4744
6727 2 2 1 103 1761 4749 4736
6728 2 2 1 103 4744 4751 4750
6729 2 2 1 103 4750 4751 1764
6730 2 2 1 104 4756 4771 4764
6731 2 2 1 104 4764 4772 4754
6732 2 2 1 104 4764 4765 4756
6733 2 2 1 104 4764 4771 4759
6734 2 2 1 104 4759 4772 4764
6735 2 2 1 104 4762 4764 4754
6736 2 2 1 104 1784 4766 4753
6737 2 2 1 104 4765 4767 4753
6738 2 2 1 104 1785 4766 1784
6739 2 2 1 104 4767 4770 4753
6740 2 2 1 104 1786 4766 1785
6741 2 2 1 104 4756 4766 1786
6742 2 2 1 104 4753 4766 4765
6743 2 2 1 104 4765 4766 4756
6744 2 2 1 104 4758 4770 4767
6745 2 2 1 104 1776 4757 104
6746 2 2 1 104 1779 4755 1778
6747 2 2 1 104 1789 4759 1788
6748 2 2 1 104 1787 4756 1786
6749 2 2 1 104 1782 4758 1781
6750 2 2 1 104 1791 4754 1790
6751 2 2 1 104 1784 4753 1783
6752 2 2 1 104 4761 4773 4755
6753 2 2 1 104 4763 4765 4764
6754 2 2 1 104 4763 4764 4762
6755 2 2 1 104 4761 4763 4762
6756 2 2 1 104 4755 4776 4761
6757 2 2 1 104 4763 4767 4765
6758 2 2 1 104 4767 4768 4758
6759 2 2 1 104 4754 4769 4762
6760 2 2 1 104 4762 4769 4757
6761 2 2 1 104 4761 4762 4757
6762 2 2 1 104 4767 4776 4768
6763 2 2 1 104 4763 4776 4767
6764 2 2 1 104 4760 4773 4761
6765 2 2 1 104 4760 4761 4757
6766 2 2 1 104 1776 4760 4757
6767 2 2 1 104 104 4769 1791
6768 2 2 1 104 4768 4776 4755
6769 2 2 1 104 4757 4769 104
6770 2 2 1 104 1777 4760 1776
6771 2 2 1 104 1791 4769 4754
6772 2 2 1 104 1789 4772 4759
6773 2 2 1 104 4755 4773 1778
6774 2 2 1 104 1788 4771 1787
6775 2 2 1 104 1778 4773 1777
6776 2 2 1 104 1782 4770 4758
6777 2 2 1 104 1790 4772 1789
6778 2 2 1 104 4759 4771 1788
6779 2 2 1 104 1779 4775 4755
6780 2 2 1 104 1783 4770 1782
6781 2 2 1 104 1787 4771 4756
6782 2 2 1 104 4754 4772 1790
6783 2 2 1 104 4753 4770 1783
6784 2 2 1 104 4758 4774 1781
6785 2 2 1 104 1781 4774 1780
6786 2 2 1 104 1780 4775 1779
6787 2 2 1 104 4761 4776 4763
6788 2 2 1 104 4768 4774 4758
6789 2 2 1 104 4755 4775 4768
6790 2 2 1 104 1777 4773 4760
6791 2 2 1 104 4768 4775 4774
6792 2 2 1 104 4774 4775 1780
6793 2 2 1 105 4786 4796 4777
6794 2 2 1 105 4781 4796 4786
6795 2 2 1 105 4788 4797 4780
6796 2 2 1 105 4783 4797 4788
6797 2 2 1 105 4777 4796 4794
6798 2 2 1 105 4784 4798 4785
6799 2 2 1 105 4785 4798 4778
6800 2 2 1 105 4797 4802 4780
6801 2 2 1 105 4793 4799 4779
6802 2 2 1 105 1792 4784 105
6803 2 2 1 105 4784 4799 4798
6804 2 2 1 105 1805 4783 1804
6805 2 2 1 105 1797 4782 1796
6806 2 2 1 105 1803 4780 1802
6807 2 2 1 105 1794 4779 1793
6808 2 2 1 105 1807 4778 1806
6809 2 2 1 105 1799 4777 1798
6810 2 2 1 105 1801 4781 1800
6811 2 2 1 105 4779 4800 4793
6812 2 2 1 105 4796 4797 4795
6813 2 2 1 105 4795 4799 4793
6814 2 2 1 105 4794 4796 4795
6815 2 2 1 105 4797 4798 4795
6816 2 2 1 105 4794 4795 4793
6817 2 2 1 105 4796 4802 4797
6818 2 2 1 105 4787 4799 4784
6819 2 2 1 105 4779 4799 4787
6820 2 2 1 105 4777 4794 4790
6821 2 2 1 105 4790 4794 4782
6822 2 2 1 105 4782 4794 4793
6823 2 2 1 105 4793 4800 4792
6824 2 2 1 105 4798 4799 4795
6825 2 2 1 105 4783 4801 4797
6826 2 2 1 105 4782 4793 4792
6827 2 2 1 105 1792 4787 4784
6828 2 2 1 105 105 4785 1807
6829 2 2 1 105 1805 4789 4783
6830 2 2 1 105 1795 4800 1794
6831 2 2 1 105 4784 4785 105
6832 2 2 1 105 1804 4788 1803
6833 2 2 1 105 1797 4790 4782
6834 2 2 1 105 1796 4792 1795
6835 2 2 1 105 4780 4791 1802
6836 2 2 1 105 1806 4789 1805
6837 2 2 1 105 1798 4790 1797
6838 2 2 1 105 1802 4791 1801
6839 2 2 1 105 4783 4788 1804
6840 2 2 1 105 4779 4787 1793
6841 2 2 1 105 4778 4789 1806
6842 2 2 1 105 1803 4788 4780
6843 2 2 1 105 1794 4800 4779
6844 2 2 1 105 4782 4792 1796
6845 2 2 1 105 1800 4786 1799
6846 2 2 1 105 1799 4786 4777
6847 2 2 1 105 4781 4786 1800
6848 2 2 1 105 1793 4787 1792
6849 2 2 1 105 4777 4790 1798
6850 2 2 1 105 1801 4791 4781
6851 2 2 1 105 1807 4785 4778
6852 2 2 1 105 4797 4801 4798
6853 2 2 1 105 4781 4802 4796
6854 2 2 1 105 4798 4801 4778
6855 2 2 1 105 4792 4800 1795
6856 2 2 1 105 4789 4801 4783
6857 2 2 1 105 4778 4801 4789
6858 2 2 1 105 4791 4802 4781
6859 2 2 1 105 4780 4802 4791
6860 2 2 1 106 4814 4820 4806
6861 2 2 1 106 4804 4822 4814
6862 2 2 1 106 4806 4815 4814
6863 2 2 1 106 4809 4820 4814
6864 2 2 1 106 4814 4822 4809
6865 2 2 1 106 4804 4814 4812
6866 2 2 1 106 4803 4816 1815
6867 2 2 1 106 4803 4817 4815
6868 2 2 1 106 1815 4816 1814
6869 2 2 1 106 4803 4821 4817
6870 2 2 1 106 1814 4816 1813
6871 2 2 1 106 1813 4816 4806
6872 2 2 1 106 4815 4816 4803
6873 2 2 1 106 4806 4816 4815
6874 2 2 1 106 4817 4821 4808
6875 2 2 1 106 106 4807 1823
6876 2 2 1 106 1821 4805 1820
6877 2 2 1 106 1811 4809 1810
6878 2 2 1 106 1813 4806 1812
6879 2 2 1 106 1818 4808 1817
6880 2 2 1 106 1809 4804 1808
6881 2 2 1 106 1816 4803 1815
6882 2 2 1 106 4805 4823 4811
6883 2 2 1 106 4814 4815 4813
6884 2 2 1 106 4812 4814 4813
6885 2 2 1 106 4812 4813 4811
6886 2 2 1 106 4811 4826 4805
6887 2 2 1 106 4815 4817 4813
6888 2 2 1 106 4808 4818 4817
6889 2 2 1 106 4812 4819 4804
6890 2 2 1 106 4807 4819 4812
6891 2 2 1 106 4807 4812 4811
6892 2 2 1 106 4818 4826 4817
6893 2 2 1 106 4817 4826 4813
6894 2 2 1 106 4811 4823 4810
6895 2 2 1 106 4807 4811 4810
6896 2 2 1 106 4807 4810 1823
6897 2 2 1 106 1808 4819 106
6898 2 2 1 106 4805 4826 4818
6899 2 2 1 106 106 4819 4807
6900 2 2 1 106 1823 4810 1822
6901 2 2 1 106 4804 4819 1808
6902 2 2 1 106 4809 4822 1810
6903 2 2 1 106 1812 4820 1811
6904 2 2 1 106 1822 4823 1821
6905 2 2 1 106 1821 4823 4805
6906 2 2 1 106 4808 4821 1817
6907 2 2 1 106 1810 4822 1809
6908 2 2 1 106 1811 4820 4809
6909 2 2 1 106 4805 4825 1820
6910 2 2 1 106 1817 4821 1816
6911 2 2 1 106 4806 4820 1812
6912 2 2 1 106 1809 4822 4804
6913 2 2 1 106 1816 4821 4803
6914 2 2 1 106 1818 4824 4808
6915 2 2 1 106 1819 4824 1818
6916 2 2 1 106 1820 4825 1819
6917 2 2 1 106 4813 4826 4811
6918 2 2 1 106 4808 4824 4818
6919 2 2 1 106 4818 4825 4805
6920 2 2 1 106 4810 4823 1822
6921 2 2 1 106 4824 4825 4818
6922 2 2 1 106 1819 4825 4824
6923 2 2 1 107 4835 4844 4834
6924 2 2 1 107 4839 4845 4833
6925 2 2 1 107 4830 4845 4839
6926 2 2 1 107 4827 4846 4836
6927 2 2 1 107 4828 4844 4835
6928 2 2 1 107 4836 4846 4831
6929 2 2 1 107 4834 4844 4842
6930 2 2 1 107 4827 4847 4846
6931 2 2 1 107 4841 4847 4832
6932 2 2 1 107 107 4834 1839
6933 2 2 1 107 1827 4833 1826
6934 2 2 1 107 4843 4847 4841
6935 2 2 1 107 4845 4852 4833
6936 2 2 1 107 1835 4832 1834
6937 2 2 1 107 1829 4830 1828
6938 2 2 1 107 1838 4829 1837
6939 2 2 1 107 1825 4828 1824
6940 2 2 1 107 1831 4831 1830
6941 2 2 1 107 1833 4827 1832
6942 2 2 1 107 4832 4848 4841
6943 2 2 1 107 4844 4845 4843
6944 2 2 1 107 4842 4844 4843
6945 2 2 1 107 4845 4846 4843
6946 2 2 1 107 4842 4843 4841
6947 2 2 1 107 4830 4851 4845
6948 2 2 1 107 4846 4847 4843
6949 2 2 1 107 4847 4850 4832
6950 2 2 1 107 4827 4850 4847
6951 2 2 1 107 4844 4852 4845
6952 2 2 1 107 4837 4842 4829
6953 2 2 1 107 4841 4848 4840
6954 2 2 1 107 4834 4842 4837
6955 2 2 1 107 4829 4842 4841
6956 2 2 1 107 4829 4841 4840
6957 2 2 1 107 4834 4837 1839
6958 2 2 1 107 1824 4835 107
6959 2 2 1 107 4833 4838 1826
6960 2 2 1 107 1837 4840 1836
6961 2 2 1 107 107 4835 4834
6962 2 2 1 107 1828 4839 1827
6963 2 2 1 107 1826 4838 1825
6964 2 2 1 107 4832 4850 1834
6965 2 2 1 107 1829 4849 4830
6966 2 2 1 107 1836 4848 1835
6967 2 2 1 107 1830 4849 1829
6968 2 2 1 107 1834 4850 1833
6969 2 2 1 107 1827 4839 4833
6970 2 2 1 107 1835 4848 4832
6971 2 2 1 107 1838 4837 4829
6972 2 2 1 107 1825 4838 4828
6973 2 2 1 107 4830 4839 1828
6974 2 2 1 107 1832 4836 1831
6975 2 2 1 107 4829 4840 1837
6976 2 2 1 107 1839 4837 1838
6977 2 2 1 107 1831 4836 4831
6978 2 2 1 107 4827 4836 1832
6979 2 2 1 107 4828 4835 1824
6980 2 2 1 107 4831 4849 1830
6981 2 2 1 107 1833 4850 4827
6982 2 2 1 107 4845 4851 4846
6983 2 2 1 107 4828 4852 4844
6984 2 2 1 107 4846 4851 4831
6985 2 2 1 107 4840 4848 1836
6986 2 2 1 107 4831 4851 4849
6987 2 2 1 107 4849 4851 4830
6988 2 2 1 107 4838 4852 4828
6989 2 2 1 107 4833 4852 4838
6990 2 2 1 108 4861 4872 4860
6991 2 2 1 108 4864 4873 4859
6992 2 2 1 108 4856 4873 4864
6993 2 2 1 108 4853 4874 4862
6994 2 2 1 108 4854 4872 4861
6995 2 2 1 108 4862 4874 4857
6996 2 2 1 108 4860 4872 4870
6997 2 2 1 108 4853 4875 4874
6998 2 2 1 108 4869 4875 4858
6999 2 2 1 108 108 4860 1855
7000 2 2 1 108 4873 4878 4859
7001 2 2 1 108 4871 4875 4869
7002 2 2 1 108 1843 4859 1842
7003 2 2 1 108 1851 4858 1850
7004 2 2 1 108 1845 4856 1844
7005 2 2 1 108 1854 4855 1853
7006 2 2 1 108 1841 4854 1840
7007 2 2 1 108 1849 4853 1848
7008 2 2 1 108 1847 4857 1846
7009 2 2 1 108 4858 4876 4869
7010 2 2 1 108 4872 4873 4871
7011 2 2 1 108 4870 4872 4871
7012 2 2 1 108 4873 4874 4871
7013 2 2 1 108 4870 4871 4869
7014 2 2 1 108 4856 4877 4873
7015 2 2 1 108 4874 4875 4871
7016 2 2 1 108 4863 4875 4853
7017 2 2 1 108 4858 4875 4863
7018 2 2 1 108 4872 4878 4873
7019 2 2 1 108 4865 4870 4855
7020 2 2 1 108 4869 4876 4868
7021 2 2 1 108 4860 4870 4865
7022 2 2 1 108 4855 4870 4869
7023 2 2 1 108 4855 4869 4868
7024 2 2 1 108 4860 4865 1855
7025 2 2 1 108 1840 4861 108
7026 2 2 1 108 4859 4867 1842
7027 2 2 1 108 4858 4863 1850
7028 2 2 1 108 1853 4868 1852
7029 2 2 1 108 108 4861 4860
7030 2 2 1 108 1844 4864 1843
7031 2 2 1 108 1845 4866 4856
7032 2 2 1 108 1852 4876 1851
7033 2 2 1 108 1842 4867 1841
7034 2 2 1 108 1850 4863 1849
7035 2 2 1 108 1846 4866 1845
7036 2 2 1 108 1843 4864 4859
7037 2 2 1 108 1851 4876 4858
7038 2 2 1 108 4853 4862 1848
7039 2 2 1 108 4856 4864 1844
7040 2 2 1 108 1841 4867 4854
7041 2 2 1 108 1854 4865 4855
7042 2 2 1 108 1848 4862 1847
7043 2 2 1 108 1847 4862 4857
7044 2 2 1 108 4855 4868 1853
7045 2 2 1 108 1849 4863 4853
7046 2 2 1 108 1855 4865 1854
7047 2 2 1 108 4857 4866 1846
7048 2 2 1 108 4854 4861 1840
7049 2 2 1 108 4873 4877 4874
7050 2 2 1 108 4854 4878 4872
7051 2 2 1 108 4874 4877 4857
7052 2 2 1 108 4868 4876 1852
7053 2 2 1 108 4857 4877 4866
7054 2 2 1 108 4866 4877 4856
7055 2 2 1 108 4867 4878 4854
7056 2 2 1 108 4859 4878 4867
7057 2 2 1 109 4890 4896 4882
7058 2 2 1 109 4880 4898 4890
7059 2 2 1 109 4882 4891 4890
7060 2 2 1 109 4885 4896 4890
7061 2 2 1 109 4890 4898 4885
7062 2 2 1 109 4880 4890 4888
7063 2 2 1 109 4879 4892 1863
7064 2 2 1 109 4879 4893 4891
7065 2 2 1 109 1863 4892 1862
7066 2 2 1 109 4879 4897 4893
7067 2 2 1 109 1862 4892 1861
7068 2 2 1 109 1861 4892 4882
7069 2 2 1 109 4891 4892 4879
7070 2 2 1 109 4882 4892 4891
7071 2 2 1 109 4893 4897 4884
7072 2 2 1 109 109 4883 1871
7073 2 2 1 109 1869 4881 1868
7074 2 2 1 109 1859 4885 1858
7075 2 2 1 109 1861 4882 1860
7076 2 2 1 109 1866 4884 1865
7077 2 2 1 109 1857 4880 1856
7078 2 2 1 109 1864 4879 1863
7079 2 2 1 109 4881 4899 4887
7080 2 2 1 109 4890 4891 4889
7081 2 2 1 109 4888 4890 4889
7082 2 2 1 109 4888 4889 4887
7083 2 2 1 109 4887 4902 4881
7084 2 2 1 109 4891 4893 4889
7085 2 2 1 109 4884 4894 4893
7086 2 2 1 109 4888 4895 4880
7087 2 2 1 109 4883 4895 4888
7088 2 2 1 109 4883 4888 4887
7089 2 2 1 109 4894 4902 4893
7090 2 2 1 109 4893 4902 4889
7091 2 2 1 109 4887 4899 4886
7092 2 2 1 109 4883 4887 4886
7093 2 2 1 109 4883 4886 1871
7094 2 2 1 109 1856 4895 109
7095 2 2 1 109 4881 4902 4894
7096 2 2 1 109 109 4895 4883
7097 2 2 1 109 1871 4886 1870
7098 2 2 1 109 4880 4895 1856
7099 2 2 1 109 4885 4898 1858
7100 2 2 1 109 1860 4896 1859
7101 2 2 1 109 1870 4899 1869
7102 2 2 1 109 1869 4899 4881
7103 2 2 1 109 4884 4897 1865
7104 2 2 1 109 1858 4898 1857
7105 2 2 1 109 1859 4896 4885
7106 2 2 1 109 4881 4901 1868
7107 2 2 1 109 1865 4897 1864
7108 2 2 1 109 4882 4896 1860
7109 2 2 1 109 1857 4898 4880
7110 2 2 1 109 1864 4897 4879
7111 2 2 1 109 1866 4900 4884
7112 2 2 1 109 1867 4900 1866
7113 2 2 1 109 1868 4901 1867
7114 2 2 1 109 4889 4902 4887
7115 2 2 1 109 4884 4900 4894
7116 2 2 1 109 4894 4901 4881
7117 2 2 1 109 4886 4899 1870
7118 2 2 1 109 4900 4901 4894
7119 2 2 1 109 1867 4901 4900
7120 2 2 1 110 4912 4922 4903
7121 2 2 1 110 4907 4922 4912
7122 2 2 1 110 4915 4923 4906
7123 2 2 1 110 4909 4923 4915
7124 2 2 1 110 4903 4922 4920
7125 2 2 1 110 4910 4924 4911
7126 2 2 1 110 4911 4924 4904
7127 2 2 1 110 4923 4928 4906
7128 2 2 1 110 4919 4925 4905
7129 2 2 1 110 1872 4910 110
7130 2 2 1 110 4910 4925 4924
7131 2 2 1 110 1885 4909 1884
7132 2 2 1 110 1877 4908 1876
7133 2 2 1 110 1883 4906 1882
7134 2 2 1 110 1874 4905 1873
7135 2 2 1 110 1887 4904 1886
7136 2 2 1 110 1881 4907 1880
7137 2 2 1 110 1879 4903 1878
7138 2 2 1 110 4905 4926 4919
7139 2 2 1 110 4922 4923 4921
7140 2 2 1 110 4921 4925 4919
7141 2 2 1 110 4920 4922 4921
7142 2 2 1 110 4923 4924 4921
7143 2 2 1 110 4920 4921 4919
7144 2 2 1 110 4922 4928 4923
7145 2 2 1 110 4913 4925 4910
7146 2 2 1 110 4905 4925 4913
7147 2 2 1 110 4903 4920 4917
7148 2 2 1 110 4917 4920 4908
7149 2 2 1 110 4908 4920 4919
7150 2 2 1 110 4919 4926 4918
7151 2 2 1 110 4924 4925 4921
7152 2 2 1 110 4909 4927 4923
7153 2 2 1 110 4908 4919 4918
7154 2 2 1 110 1872 4913 4910
7155 2 2 1 110 110 4911 1887
7156 2 2 1 110 1885 4914 4909
7157 2 2 1 110 1875 4926 1874
7158 2 2 1 110 4910 4911 110
7159 2 2 1 110 1884 4915 1883
7160 2 2 1 110 1876 4918 1875
7161 2 2 1 110 1877 4917 4908
7162 2 2 1 110 1886 4914 1885
7163 2 2 1 110 4906 4916 1882
7164 2 2 1 110 1882 4916 1881
7165 2 2 1 110 1878 4917 1877
7166 2 2 1 110 4909 4915 1884
7167 2 2 1 110 4905 4913 1873
7168 2 2 1 110 4904 4914 1886
7169 2 2 1 110 1874 4926 4905
7170 2 2 1 110 1883 4915 4906
7171 2 2 1 110 1880 4912 1879
7172 2 2 1 110 4908 4918 1876
7173 2 2 1 110 1873 4913 1872
7174 2 2 1 110 4907 4912 1880
7175 2 2 1 110 1879 4912 4903
7176 2 2 1 110 1887 4911 4904
7177 2 2 1 110 1881 4916 4907
7178 2 2 1 110 4903 4917 1878
7179 2 2 1 110 4923 4927 4924
7180 2 2 1 110 4907 4928 4922
7181 2 2 1 110 4924 4927 4904
7182 2 2 1 110 4918 4926 1875
7183 2 2 1 110 4914 4927 4909
7184 2 2 1 110 4904 4927 4914
7185 2 2 1 110 4916 4928 4907
7186 2 2 1 110 4906 4928 4916
7187 2 2 1 111 4932 4946 4940
7188 2 2 1 111 4940 4947 4930
7189 2 2 1 111 4940 4941 4932
7190 2 2 1 111 4940 4946 4935
7191 2 2 1 111 4935 4947 4940
7192 2 2 1 111 4938 4940 4930
7193 2 2 1 111 1896 4942 4929
7194 2 2 1 111 4941 4943 4929
7195 2 2 1 111 1897 4942 1896
7196 2 2 1 111 1898 4942 1897
7197 2 2 1 111 4943 4948 4929
7198 2 2 1 111 4932 4942 1898
7199 2 2 1 111 4929 4942 4941
7200 2 2 1 111 4941 4942 4932
7201 2 2 1 111 4934 4948 4943
7202 2 2 1 111 1888 4933 111
7203 2 2 1 111 1891 4931 1890
7204 2 2 1 111 1901 4935 1900
7205 2 2 1 111 1899 4932 1898
7206 2 2 1 111 1894 4934 1893
7207 2 2 1 111 1903 4930 1902
7208 2 2 1 111 1896 4929 1895
7209 2 2 1 111 4937 4949 4931
7210 2 2 1 111 4939 4941 4940
7211 2 2 1 111 4939 4940 4938
7212 2 2 1 111 4937 4939 4938
7213 2 2 1 111 4931 4952 4937
7214 2 2 1 111 4939 4943 4941
7215 2 2 1 111 4943 4944 4934
7216 2 2 1 111 4930 4945 4938
7217 2 2 1 111 4938 4945 4933
7218 2 2 1 111 4937 4938 4933
7219 2 2 1 111 4943 4952 4944
7220 2 2 1 111 4936 4949 4937
7221 2 2 1 111 4939 4952 4943
7222 2 2 1 111 4936 4937 4933
7223 2 2 1 111 1888 4936 4933
7224 2 2 1 111 111 4945 1903
7225 2 2 1 111 4944 4952 4931
7226 2 2 1 111 4933 4945 111
7227 2 2 1 111 1889 4936 1888
7228 2 2 1 111 1903 4945 4930
7229 2 2 1 111 1901 4947 4935
7230 2 2 1 111 4931 4949 1890
7231 2 2 1 111 1890 4949 1889
7232 2 2 1 111 1900 4946 1899
7233 2 2 1 111 1902 4947 1901
7234 2 2 1 111 4935 4946 1900
7235 2 2 1 111 1891 4951 4931
7236 2 2 1 111 1894 4948 4934
7237 2 2 1 111 1895 4948 1894
7238 2 2 1 111 1899 4946 4932
7239 2 2 1 111 4930 4947 1902
7240 2 2 1 111 4934 4950 1893
7241 2 2 1 111 4929 4948 1895
7242 2 2 1 111 1893 4950 1892
7243 2 2 1 111 1892 4951 1891
7244 2 2 1 111 4937 4952 4939
7245 2 2 1 111 4944 4950 4934
7246 2 2 1 111 4931 4951 4944
7247 2 2 1 111 1889 4949 4936
7248 2 2 1 111 4944 4951 4950
7249 2 2 1 111 4950 4951 1892
7250 2 2 1 112 4966 4976 4959
7251 2 2 1 112 4954 4976 4966
7252 2 2 1 112 4967 4971 4960
7253 2 2 1 112 4955 4971 4967
7254 2 2 1 112 4964 4966 4959
7255 2 2 1 112 4953 4973 4968
7256 2 2 1 112 4968 4973 4958
7257 2 2 1 112 4968 4969 4953
7258 2 2 1 112 4957 4969 4963
7259 2 2 1 112 112 4960 1919
7260 2 2 1 112 4960 4978 4967
7261 2 2 1 112 1916 4958 1915
7262 2 2 1 112 1907 4959 1906
7263 2 2 1 112 1918 4955 1917
7264 2 2 1 112 1909 4956 1908
7265 2 2 1 112 1914 4953 1913
7266 2 2 1 112 4963 4975 4957
7267 2 2 1 112 1905 4954 1904
7268 2 2 1 112 1912 4957 1911
7269 2 2 1 112 4965 4967 4966
7270 2 2 1 112 4963 4969 4965
7271 2 2 1 112 4965 4966 4964
7272 2 2 1 112 4965 4968 4967
7273 2 2 1 112 4963 4965 4964
7274 2 2 1 112 4969 4974 4953
7275 2 2 1 112 4957 4974 4969
7276 2 2 1 112 4967 4978 4966
7277 2 2 1 112 4967 4977 4955
7278 2 2 1 112 4964 4972 4956
7279 2 2 1 112 4959 4972 4964
7280 2 2 1 112 4962 4975 4963
7281 2 2 1 112 4963 4964 4956
7282 2 2 1 112 4965 4969 4968
7283 2 2 1 112 4962 4963 4956
7284 2 2 1 112 4960 4971 1919
7285 2 2 1 112 1904 4961 112
7286 2 2 1 112 4958 4973 1915
7287 2 2 1 112 4959 4976 1906
7288 2 2 1 112 1909 4962 4956
7289 2 2 1 112 112 4961 4960
7290 2 2 1 112 1917 4970 1916
7291 2 2 1 112 1915 4973 1914
7292 2 2 1 112 1910 4962 1909
7293 2 2 1 112 1908 4972 1907
7294 2 2 1 112 1916 4970 4958
7295 2 2 1 112 4953 4974 1913
7296 2 2 1 112 1918 4971 4955
7297 2 2 1 112 1907 4972 4959
7298 2 2 1 112 1906 4976 1905
7299 2 2 1 112 4955 4970 1917
7300 2 2 1 112 4956 4972 1908
7301 2 2 1 112 1913 4974 1912
7302 2 2 1 112 1911 4975 1910
7303 2 2 1 112 1914 4973 4953
7304 2 2 1 112 1905 4976 4954
7305 2 2 1 112 1919 4971 1918
7306 2 2 1 112 1912 4974 4957
7307 2 2 1 112 4957 4975 1911
7308 2 2 1 112 4954 4961 1904
7309 2 2 1 112 4968 4977 4967
7310 2 2 1 112 4966 4978 4954
7311 2 2 1 112 4958 4977 4968
7312 2 2 1 112 1910 4975 4962
7313 2 2 1 112 4955 4977 4970
7314 2 2 1 112 4970 4977 4958
7315 2 2 1 112 4954 4978 4961
7316 2 2 1 112 4961 4978 4960
7317 2 2 1 113 4988 4998 4979
7318 2 2 1 113 4983 4998 4988
7319 2 2 1 113 4989 4999 4982
7320 2 2 1 113 4985 4999 4989
7321 2 2 1 113 4979 4998 4996
7322 2 2 1 113 4986 5000 4987
7323 2 2 1 113 4987 5000 4980
7324 2 2 1 113 4999 5004 4982
7325 2 2 1 113 4995 5001 4981
7326 2 2 1 113 1920 4986 113
7327 2 2 1 113 4986 5001 5000
7328 2 2 1 113 1933 4985 1932
7329 2 2 1 113 1925 4984 1924
7330 2 2 1 113 1931 4982 1930
7331 2 2 1 113 1922 4981 1921
7332 2 2 1 113 1935 4980 1934
7333 2 2 1 113 1927 4979 1926
7334 2 2 1 113 1929 4983 1928
7335 2 2 1 113 4981 5002 4995
7336 2 2 1 113 4998 4999 4997
7337 2 2 1 113 4997 5001 4995
7338 2 2 1 113 4996 4998 4997
7339 2 2 1 113 4999 5000 4997
7340 2 2 1 113 4996 4997 4995
7341 2 2 1 113 4998 5004 4999
7342 2 2 1 113 4991 5001 4986
7343 2 2 1 113 4981 5001 4991
7344 2 2 1 113 4979 4996 4990
7345 2 2 1 113 4990 4996 4984
7346 2 2 1 113 4984 4996 4995
7347 2 2 1 113 4995 5002 4994
7348 2 2 1 113 5000 5001 4997
7349 2 2 1 113 4985 5003 4999
7350 2 2 1 113 4984 4995 4994
7351 2 2 1 113 1920 4991 4986
7352 2 2 1 113 113 4987 1935
7353 2 2 1 113 1933 4992 4985
7354 2 2 1 113 1923 5002 1922
7355 2 2 1 113 4986 4987 113
7356 2 2 1 113 1925 4990 4984
7357 2 2 1 113 1924 4994 1923
7358 2 2 1 113 4982 4993 1930
7359 2 2 1 113 1934 4992 1933
7360 2 2 1 113 4985 4989 1932
7361 2 2 1 113 1932 4989 1931
7362 2 2 1 113 1926 4990 1925
7363 2 2 1 113 1930 4993 1929
7364 2 2 1 113 4980 4992 1934
7365 2 2 1 113 4981 4991 1921
7366 2 2 1 113 1931 4989 4982
7367 2 2 1 113 4984 4994 1924
7368 2 2 1 113 1922 5002 4981
7369 2 2 1 113 1928 4988 1927
7370 2 2 1 113 1927 4988 4979
7371 2 2 1 113 4983 4988 1928
7372 2 2 1 113 1921 4991 1920
7373 2 2 1 113 4979 4990 1926
7374 2 2 1 113 1929 4993 4983
7375 2 2 1 113 1935 4987 4980
7376 2 2 1 113 4999 5003 5000
7377 2 2 1 113 4983 5004 4998
7378 2 2 1 113 5000 5003 4980
7379 2 2 1 113 4994 5002 1923
7380 2 2 1 113 4992 5003 4985
7381 2 2 1 113 4980 5003 4992
7382 2 2 1 113 4993 5004 4983
7383 2 2 1 113 4982 5004 4993
7384 2 2 1 114 5014 5019 5010
7385 2 2 1 114 5007 5019 5014
7386 2 2 1 114 5013 5020 5012
7387 2 2 1 114 5006 5020 5013
7388 2 2 1 114 5021 5024 5008
7389 2 2 1 114 5010 5019 5017
7390 2 2 1 114 5011 5024 5021
7391 2 2 1 114 5008 5022 5021
7392 2 2 1 114 5016 5022 5009
7393 2 2 1 114 114 5012 1951
7394 2 2 1 114 5020 5030 5012
7395 2 2 1 114 1939 5011 1938
7396 2 2 1 114 1950 5007 1949
7397 2 2 1 114 1941 5008 1940
7398 2 2 1 114 1948 5010 1947
7399 2 2 1 114 1946 5005 1945
7400 2 2 1 114 1937 5006 1936
7401 2 2 1 114 1943 5009 1942
7402 2 2 1 114 5009 5025 5016
7403 2 2 1 114 5019 5020 5018
7404 2 2 1 114 5018 5022 5016
7405 2 2 1 114 5017 5019 5018
7406 2 2 1 114 5020 5021 5018
7407 2 2 1 114 5017 5018 5016
7408 2 2 1 114 5008 5026 5022
7409 2 2 1 114 5019 5030 5020
7410 2 2 1 114 5006 5029 5020
7411 2 2 1 114 5022 5026 5009
7412 2 2 1 114 5017 5028 5010
7413 2 2 1 114 5005 5028 5017
7414 2 2 1 114 5016 5025 5015
7415 2 2 1 114 5005 5017 5016
7416 2 2 1 114 5021 5022 5018
7417 2 2 1 114 5005 5016 5015
7418 2 2 1 114 5012 5023 1951
7419 2 2 1 114 1936 5013 114
7420 2 2 1 114 5011 5027 1938
7421 2 2 1 114 1949 5014 1948
7422 2 2 1 114 1941 5026 5008
7423 2 2 1 114 114 5013 5012
7424 2 2 1 114 1940 5024 1939
7425 2 2 1 114 5010 5028 1947
7426 2 2 1 114 1938 5027 1937
7427 2 2 1 114 1948 5014 5010
7428 2 2 1 114 1939 5024 5011
7429 2 2 1 114 1942 5026 1941
7430 2 2 1 114 1947 5028 1946
7431 2 2 1 114 1945 5015 1944
7432 2 2 1 114 1950 5023 5007
7433 2 2 1 114 5007 5014 1949
7434 2 2 1 114 5008 5024 1940
7435 2 2 1 114 5005 5015 1945
7436 2 2 1 114 1937 5027 5006
7437 2 2 1 114 1944 5025 1943
7438 2 2 1 114 1943 5025 5009
7439 2 2 1 114 1951 5023 1950
7440 2 2 1 114 5009 5026 1942
7441 2 2 1 114 1946 5028 5005
7442 2 2 1 114 5006 5013 1936
7443 2 2 1 114 5020 5029 5021
7444 2 2 1 114 5007 5030 5019
7445 2 2 1 114 5021 5029 5011
7446 2 2 1 114 5015 5025 1944
7447 2 2 1 114 5011 5029 5027
7448 2 2 1 114 5027 5029 5006
7449 2 2 1 114 5023 5030 5007
7450 2 2 1 114 5012 5030 5023
7451 2 2 1 115 5042 5048 5034
7452 2 2 1 115 5032 5049 5042
7453 2 2 1 115 5034 5043 5042
7454 2 2 1 115 5037 5048 5042
7455 2 2 1 115 5042 5049 5037
7456 2 2 1 115 5032 5042 5040
7457 2 2 1 115 5031 5044 1959
7458 2 2 1 115 5031 5045 5043
7459 2 2 1 115 1959 5044 1958
7460 2 2 1 115 1958 5044 1957
7461 2 2 1 115 1957 5044 5034
7462 2 2 1 115 5031 5050 5045
7463 2 2 1 115 5043 5044 5031
7464 2 2 1 115 5034 5044 5043
7465 2 2 1 115 5045 5050 5036
7466 2 2 1 115 115 5035 1967
7467 2 2 1 115 1965 5033 1964
7468 2 2 1 115 1955 5037 1954
7469 2 2 1 115 1957 5034 1956
7470 2 2 1 115 1962 5036 1961
7471 2 2 1 115 1953 5032 1952
7472 2 2 1 115 1960 5031 1959
7473 2 2 1 115 5033 5051 5039
7474 2 2 1 115 5042 5043 5041
7475 2 2 1 115 5040 5042 5041
7476 2 2 1 115 5040 5041 5039
7477 2 2 1 115 5039 5054 5033
7478 2 2 1 115 5043 5045 5041
7479 2 2 1 115 5036 5046 5045
7480 2 2 1 115 5040 5047 5032
7481 2 2 1 115 5035 5047 5040
7482 2 2 1 115 5035 5040 5039
7483 2 2 1 115 5046 5054 5045
7484 2 2 1 115 5039 5051 5038
7485 2 2 1 115 5045 5054 5041
7486 2 2 1 115 5035 5039 5038
7487 2 2 1 115 5035 5038 1967
7488 2 2 1 115 1952 5047 115
7489 2 2 1 115 5033 5054 5046
7490 2 2 1 115 115 5047 5035
7491 2 2 1 115 1967 5038 1966
7492 2 2 1 115 5032 5047 1952
7493 2 2 1 115 5037 5049 1954
7494 2 2 1 115 1956 5048 1955
7495 2 2 1 115 1966 5051 1965
7496 2 2 1 115 1965 5051 5033
7497 2 2 1 115 1954 5049 1953
7498 2 2 1 115 1955 5048 5037
7499 2 2 1 115 5033 5053 1964
7500 2 2 1 115 5036 5050 1961
7501 2 2 1 115 1961 5050 1960
7502 2 2 1 115 5034 5048 1956
7503 2 2 1 115 1953 5049 5032
7504 2 2 1 115 1962 5052 5036
7505 2 2 1 115 1960 5050 5031
7506 2 2 1 115 1963 5052 1962
7507 2 2 1 115 1964 5053 1963
7508 2 2 1 115 5041 5054 5039
7509 2 2 1 115 5036 5052 5046
7510 2 2 1 115 5046 5053 5033
7511 2 2 1 115 5038 5051 1966
7512 2 2 1 115 5052 5053 5046
7513 2 2 1 115 1963 5053 5052
7514 2 2 1 116 5064 5074 5055
7515 2 2 1 116 5059 5074 5064
7516 2 2 1 116 5066 5075 5058
7517 2 2 1 116 5061 5075 5066
7518 2 2 1 116 5055 5074 5072
7519 2 2 1 116 5062 5076 5063
7520 2 2 1 116 5063 5076 5056
7521 2 2 1 116 5075 5080 5058
7522 2 2 1 116 5071 5077 5057
7523 2 2 1 116 1968 5062 116
7524 2 2 1 116 5062 5077 5076
7525 2 2 1 116 1981 5061 1980
7526 2 2 1 116 1973 5060 1972
7527 2 2 1 116 1979 5058 1978
7528 2 2 1 116 1970 5057 1969
7529 2 2 1 116 1983 5056 1982
7530 2 2 1 116 1975 5055 1974
7531 2 2 1 116 1977 5059 1976
7532 2 2 1 116 5057 5078 5071
7533 2 2 1 116 5074 5075 5073
7534 2 2 1 116 5073 5077 5071
7535 2 2 1 116 5072 5074 5073
7536 2 2 1 116 5075 5076 5073
7537 2 2 1 116 5072 5073 5071
7538 2 2 1 116 5074 5080 5075
7539 2 2 1 116 5065 5077 5062
7540 2 2 1 116 5057 5077 5065
7541 2 2 1 116 5055 5072 5068
7542 2 2 1 116 5068 5072 5060
7543 2 2 1 116 5060 5072 5071
7544 2 2 1 116 5071 5078 5070
7545 2 2 1 116 5076 5077 5073
7546 2 2 1 116 5061 5079 5075
7547 2 2 1 116 5060 5071 5070
7548 2 2 1 116 1968 5065 5062
7549 2 2 1 116 116 5063 1983
7550 2 2 1 116 1981 5067 5061
7551 2 2 1 116 1971 5078 1970
7552 2 2 1 116 5062 5063 116
7553 2 2 1 116 1973 5068 5060
7554 2 2 1 116 1972 5070 1971
7555 2 2 1 116 5058 5069 1978
7556 2 2 1 116 1982 5067 1981
7557 2 2 1 116 5061 5066 1980
7558 2 2 1 116 1980 5066 1979
7559 2 2 1 116 1974 5068 1973
7560 2 2 1 116 1978 5069 1977
7561 2 2 1 116 5056 5067 1982
7562 2 2 1 116 5057 5065 1969
7563 2 2 1 116 1979 5066 5058
7564 2 2 1 116 1970 5078 5057
7565 2 2 1 116 5060 5070 1972
7566 2 2 1 116 1976 5064 1975
7567 2 2 1 116 1975 5064 5055
7568 2 2 1 116 5059 5064 1976
7569 2 2 1 116 1969 5065 1968
7570 2 2 1 116 5055 5068 1974
7571 2 2 1 116 1977 5069 5059
7572 2 2 1 116 1983 5063 5056
7573 2 2 1 116 5075 5079 5076
7574 2 2 1 116 5059 5080 5074
7575 2 2 1 116 5076 5079 5056
7576 2 2 1 116 5070 5078 1971
7577 2 2 1 116 5067 5079 5061
7578 2 2 1 116 5056 5079 5067
7579 2 2 1 116 5069 5080 5059
7580 2 2 1 116 5058 5080 5069
7581 2 2 1 117 5081 5100 5090
7582 2 2 1 117 5090 5100 5085
7583 2 2 1 117 5084 5101 5092
7584 2 2 1 117 5092 5101 5087
7585 2 2 1 117 5098 5100 5081
7586 2 2 1 117 5089 5102 5088
7587 2 2 1 117 5082 5102 5089
7588 2 2 1 117 5084 5106 5101
7589 2 2 1 117 5083 5103 5097
7590 2 2 1 117 117 5088 1999
7591 2 2 1 117 5102 5103 5088
7592 2 2 1 117 1987 5087 1986
7593 2 2 1 117 1995 5086 1994
7594 2 2 1 117 1989 5084 1988
7595 2 2 1 117 1998 5083 1997
7596 2 2 1 117 1985 5082 1984
7597 2 2 1 117 1991 5085 1990
7598 2 2 1 117 1993 5081 1992
7599 2 2 1 117 5097 5104 5083
7600 2 2 1 117 5099 5101 5100
7601 2 2 1 117 5097 5103 5099
7602 2 2 1 117 5099 5100 5098
7603 2 2 1 117 5099 5102 5101
7604 2 2 1 117 5097 5099 5098
7605 2 2 1 117 5101 5106 5100
7606 2 2 1 117 5088 5103 5091
7607 2 2 1 117 5091 5103 5083
7608 2 2 1 117 5095 5098 5081
7609 2 2 1 117 5086 5098 5095
7610 2 2 1 117 5097 5098 5086
7611 2 2 1 117 5096 5104 5097
7612 2 2 1 117 5099 5103 5102
7613 2 2 1 117 5101 5105 5087
7614 2 2 1 117 5096 5097 5086
7615 2 2 1 117 5088 5091 1999
7616 2 2 1 117 1984 5089 117
7617 2 2 1 117 5087 5093 1986
7618 2 2 1 117 1997 5104 1996
7619 2 2 1 117 117 5089 5088
7620 2 2 1 117 1988 5092 1987
7621 2 2 1 117 1996 5096 1995
7622 2 2 1 117 5086 5095 1994
7623 2 2 1 117 1986 5093 1985
7624 2 2 1 117 1989 5094 5084
7625 2 2 1 117 1990 5094 1989
7626 2 2 1 117 1994 5095 1993
7627 2 2 1 117 1987 5092 5087
7628 2 2 1 117 1998 5091 5083
7629 2 2 1 117 1985 5093 5082
7630 2 2 1 117 5084 5092 1988
7631 2 2 1 117 5083 5104 1997
7632 2 2 1 117 1995 5096 5086
7633 2 2 1 117 1992 5090 1991
7634 2 2 1 117 1991 5090 5085
7635 2 2 1 117 1999 5091 1998
7636 2 2 1 117 5081 5090 1992
7637 2 2 1 117 5085 5094 1990
7638 2 2 1 117 5082 5089 1984
7639 2 2 1 117 1993 5095 5081
7640 2 2 1 117 5102 5105 5101
7641 2 2 1 117 5100 5106 5085
7642 2 2 1 117 5082 5105 5102
7643 2 2 1 117 1996 5104 5096
7644 2 2 1 117 5087 5105 5093
7645 2 2 1 117 5093 5105 5082
7646 2 2 1 117 5085 5106 5094
7647 2 2 1 117 5094 5106 5084
7648 2 2 1 118 5116 5126 5107
7649 2 2 1 118 5111 5126 5116
7650 2 2 1 118 5118 5127 5110
7651 2 2 1 118 5113 5127 5118
7652 2 2 1 118 5107 5126 5124
7653 2 2 1 118 5114 5128 5115
7654 2 2 1 118 5115 5128 5108
7655 2 2 1 118 5127 5132 5110
7656 2 2 1 118 5123 5129 5109
7657 2 2 1 118 2000 5114 118
7658 2 2 1 118 5114 5129 5128
7659 2 2 1 118 2013 5113 2012
7660 2 2 1 118 2005 5112 2004
7661 2 2 1 118 2011 5110 2010
7662 2 2 1 118 2002 5109 2001
7663 2 2 1 118 2015 5108 2014
7664 2 2 1 118 2007 5107 2006
7665 2 2 1 118 2009 5111 2008
7666 2 2 1 118 5109 5130 5123
7667 2 2 1 118 5126 5127 5125
7668 2 2 1 118 5125 5129 5123
7669 2 2 1 118 5124 5126 5125
7670 2 2 1 118 5127 5128 5125
7671 2 2 1 118 5124 5125 5123
7672 2 2 1 118 5126 5132 5127
7673 2 2 1 118 5117 5129 5114
7674 2 2 1 118 5109 5129 5117
7675 2 2 1 118 5107 5124 5120
7676 2 2 1 118 5120 5124 5112
7677 2 2 1 118 5112 5124 5123
7678 2 2 1 118 5123 5130 5122
7679 2 2 1 118 5128 5129 5125
7680 2 2 1 118 5113 5131 5127
7681 2 2 1 118 5112 5123 5122
7682 2 2 1 118 2000 5117 5114
7683 2 2 1 118 118 5115 2015
7684 2 2 1 118 2013 5119 5113
7685 2 2 1 118 2003 5130 2002
7686 2 2 1 118 5114 5115 118
7687 2 2 1 118 2012 5118 2011
7688 2 2 1 118 2005 5120 5112
7689 2 2 1 118 2004 5122 2003
7690 2 2 1 118 5110 5121 2010
7691 2 2 1 118 2014 5119 2013
7692 2 2 1 118 2006 5120 2005
7693 2 2 1 118 2010 5121 2009
7694 2 2 1 118 5113 5118 2012
7695 2 2 1 118 5109 5117 2001
7696 2 2 1 118 5108 5119 2014
7697 2 2 1 118 2011 5118 5110
7698 2 2 1 118 2002 5130 5109
7699 2 2 1 118 5112 5122 2004
7700 2 2 1 118 2008 5116 2007
7701 2 2 1 118 2007 5116 5107
7702 2 2 1 118 5111 5116 2008
7703 2 2 1 118 2001 5117 2000
7704 2 2 1 118 5107 5120 2006
7705 2 2 1 118 2009 5121 5111
7706 2 2 1 118 2015 5115 5108
7707 2 2 1 118 5127 5131 5128
7708 2 2 1 118 5111 5132 5126
7709 2 2 1 118 5128 5131 5108
7710 2 2 1 118 5122 5130 2003
7711 2 2 1 118 5119 5131 5113
7712 2 2 1 118 5108 5131 5119
7713 2 2 1 118 5121 5132 5111
7714 2 2 1 118 5110 5132 5121
7715 2 2 1 119 5136 5150 5144
7716 2 2 1 119 5144 5152 5134
7717 2 2 1 119 5144 5145 5136
7718 2 2 1 119 5144 5150 5139
7719 2 2 1 119 5139 5152 5144
7720 2 2 1 119 5142 5144 5134
7721 2 2 1 119 2024 5146 5133
7722 2 2 1 119 5145 5147 5133
7723 2 2 1 119 2025 5146 2024
7724 2 2 1 119 5147 5151 5133
7725 2 2 1 119 2026 5146 2025
7726 2 2 1 119 5136 5146 2026
7727 2 2 1 119 5133 5146 5145
7728 2 2 1 119 5145 5146 5136
7729 2 2 1 119 5138 5151 5147
7730 2 2 1 119 2016 5137 119
7731 2 2 1 119 2019 5135 2018
7732 2 2 1 119 2029 5139 2028
7733 2 2 1 119 2027 5136 2026
7734 2 2 1 119 2022 5138 2021
7735 2 2 1 119 2031 5134 2030
7736 2 2 1 119 2024 5133 2023
7737 2 2 1 119 5141 5153 5135
7738 2 2 1 119 5143 5145 5144
7739 2 2 1 119 5143 5144 5142
7740 2 2 1 119 5141 5143 5142
7741 2 2 1 119 5135 5156 5141
7742 2 2 1 119 5143 5147 5145
7743 2 2 1 119 5147 5148 5138
7744 2 2 1 119 5134 5149 5142
7745 2 2 1 119 5142 5149 5137
7746 2 2 1 119 5141 5142 5137
7747 2 2 1 119 5147 5156 5148
7748 2 2 1 119 5143 5156 5147
7749 2 2 1 119 5140 5153 5141
7750 2 2 1 119 5140 5141 5137
7751 2 2 1 119 2016 5140 5137
7752 2 2 1 119 119 5149 2031
7753 2 2 1 119 5148 5156 5135
7754 2 2 1 119 5137 5149 119
7755 2 2 1 119 2017 5140 2016
7756 2 2 1 119 2031 5149 5134
7757 2 2 1 119 2029 5152 5139
7758 2 2 1 119 5135 5153 2018
7759 2 2 1 119 2028 5150 2027
7760 2 2 1 119 2018 5153 2017
7761 2 2 1 119 2030 5152 2029
7762 2 2 1 119 2022 5151 5138
7763 2 2 1 119 5139 5150 2028
7764 2 2 1 119 2019 5155 5135
7765 2 2 1 119 2023 5151 2022
7766 2 2 1 119 2027 5150 5136
7767 2 2 1 119 5134 5152 2030
7768 2 2 1 119 5133 5151 2023
7769 2 2 1 119 5138 5154 2021
7770 2 2 1 119 2021 5154 2020
7771 2 2 1 119 2020 5155 2019
7772 2 2 1 119 5141 5156 5143
7773 2 2 1 119 5148 5154 5138
7774 2 2 1 119 5135 5155 5148
7775 2 2 1 119 2017 5153 5140
7776 2 2 1 119 5148 5155 5154
7777 2 2 1 119 5154 5155 2020
7778 2 2 1 120 5166 5176 5157
7779 2 2 1 120 5161 5176 5166
7780 2 2 1 120 5168 5177 5160
7781 2 2 1 120 5163 5177 5168
7782 2 2 1 120 5157 5176 5174
7783 2 2 1 120 5164 5178 5165
7784 2 2 1 120 5165 5178 5158
7785 2 2 1 120 5177 5182 5160
7786 2 2 1 120 5173 5179 5159
7787 2 2 1 120 2032 5164 120
7788 2 2 1 120 5164 5179 5178
7789 2 2 1 120 2045 5163 2044
7790 2 2 1 120 2037 5162 2036
7791 2 2 1 120 2043 5160 2042
7792 2 2 1 120 2034 5159 2033
7793 2 2 1 120 2047 5158 2046
7794 2 2 1 120 2041 5161 2040
7795 2 2 1 120 2039 5157 2038
7796 2 2 1 120 5159 5180 5173
7797 2 2 1 120 5176 5177 5175
7798 2 2 1 120 5175 5179 5173
7799 2 2 1 120 5174 5176 5175
7800 2 2 1 120 5177 5178 5175
7801 2 2 1 120 5174 5175 5173
7802 2 2 1 120 5176 5182 5177
7803 2 2 1 120 5167 5179 5164
7804 2 2 1 120 5159 5179 5167
7805 2 2 1 120 5157 5174 5171
7806 2 2 1 120 5171 5174 5162
7807 2 2 1 120 5162 5174 5173
7808 2 2 1 120 5173 5180 5172
7809 2 2 1 120 5178 5179 5175
7810 2 2 1 120 5163 5181 5177
7811 2 2 1 120 5162 5173 5172
7812 2 2 1 120 2032 5167 5164
7813 2 2 1 120 120 5165 2047
7814 2 2 1 120 2045 5169 5163
7815 2 2 1 120 2035 5180 2034
7816 2 2 1 120 5164 5165 120
7817 2 2 1 120 2036 5172 2035
7818 2 2 1 120 2037 5171 5162
7819 2 2 1 120 2046 5169 2045
7820 2 2 1 120 5160 5170 2042
7821 2 2 1 120 5163 5168 2044
7822 2 2 1 120 2044 5168 2043
7823 2 2 1 120 2042 5170 2041
7824 2 2 1 120 2038 5171 2037
7825 2 2 1 120 5159 5167 2033
7826 2 2 1 120 5158 5169 2046
7827 2 2 1 120 2043 5168 5160
7828 2 2 1 120 2034 5180 5159
7829 2 2 1 120 5162 5172 2036
7830 2 2 1 120 2040 5166 2039
7831 2 2 1 120 5161 5166 2040
7832 2 2 1 120 2033 5167 2032
7833 2 2 1 120 2039 5166 5157
7834 2 2 1 120 2041 5170 5161
7835 2 2 1 120 2047 5165 5158
7836 2 2 1 120 5157 5171 2038
7837 2 2 1 120 5177 5181 5178
7838 2 2 1 120 5161 5182 5176
7839 2 2 1 120 5178 5181 5158
7840 2 2 1 120 5172 5180 2035
7841 2 2 1 120 5169 5181 5163
7842 2 2 1 120 5158 5181 5169
7843 2 2 1 120 5170 5182 5161
7844 2 2 1 120 5160 5182 5170
7845 2 2 1 121 5191 5200 5190
7846 2 2 1 121 5195 5201 5189
7847 2 2 1 121 5186 5201 5195
7848 2 2 1 121 5183 5202 5192
7849 2 2 1 121 5184 5200 5191
7850 2 2 1 121 5192 5202 5187
7851 2 2 1 121 5190 5200 5198
7852 2 2 1 121 5183 5203 5202
7853 2 2 1 121 5197 5203 5188
7854 2 2 1 121 121 5190 2063
7855 2 2 1 121 5199 5203 5197
7856 2 2 1 121 5201 5208 5189
7857 2 2 1 121 2051 5189 2050
7858 2 2 1 121 2059 5188 2058
7859 2 2 1 121 2053 5186 2052
7860 2 2 1 121 2062 5185 2061
7861 2 2 1 121 2049 5184 2048
7862 2 2 1 121 2055 5187 2054
7863 2 2 1 121 2057 5183 2056
7864 2 2 1 121 5188 5204 5197
7865 2 2 1 121 5200 5201 5199
7866 2 2 1 121 5198 5200 5199
7867 2 2 1 121 5201 5202 5199
7868 2 2 1 121 5198 5199 5197
7869 2 2 1 121 5186 5207 5201
7870 2 2 1 121 5202 5203 5199
7871 2 2 1 121 5183 5206 5203
7872 2 2 1 121 5203 5206 5188
7873 2 2 1 121 5200 5208 5201
7874 2 2 1 121 5193 5198 5185
7875 2 2 1 121 5197 5204 5196
7876 2 2 1 121 5190 5198 5193
7877 2 2 1 121 5185 5198 5197
7878 2 2 1 121 5185 5197 5196
7879 2 2 1 121 5190 5193 2063
7880 2 2 1 121 2048 5191 121
7881 2 2 1 121 5189 5194 2050
7882 2 2 1 121 2061 5196 2060
7883 2 2 1 121 121 5191 5190
7884 2 2 1 121 2052 5195 2051
7885 2 2 1 121 5188 5206 2058
7886 2 2 1 121 2050 5194 2049
7887 2 2 1 121 2053 5205 5186
7888 2 2 1 121 2060 5204 2059
7889 2 2 1 121 2054 5205 2053
7890 2 2 1 121 2058 5206 2057
7891 2 2 1 121 2051 5195 5189
7892 2 2 1 121 2059 5204 5188
7893 2 2 1 121 2062 5193 5185
7894 2 2 1 121 2049 5194 5184
7895 2 2 1 121 5186 5195 2052
7896 2 2 1 121 2056 5192 2055
7897 2 2 1 121 5185 5196 2061
7898 2 2 1 121 2055 5192 5187
7899 2 2 1 121 2063 5193 2062
7900 2 2 1 121 5183 5192 2056
7901 2 2 1 121 5184 5191 2048
7902 2 2 1 121 5187 5205 2054
7903 2 2 1 121 2057 5206 5183
7904 2 2 1 121 5201 5207 5202
7905 2 2 1 121 5184 5208 5200
7906 2 2 1 121 5202 5207 5187
7907 2 2 1 121 5196 5204 2060
7908 2 2 1 121 5187 5207 5205
7909 2 2 1 121 5205 5207 5186
7910 2 2 1 121 5194 5208 5184
7911 2 2 1 121 5189 5208 5194
7912 2 2 1 122 5220 5226 5212
7913 2 2 1 122 5210 5228 5220
7914 2 2 1 122 5212 5221 5220
7915 2 2 1 122 5215 5226 5220
7916 2 2 1 122 5220 5228 5215
7917 2 2 1 122 5210 5220 5218
7918 2 2 1 122 5209 5222 2071
7919 2 2 1 122 5209 5223 5221
7920 2 2 1 122 2071 5222 2070
7921 2 2 1 122 5209 5227 5223
7922 2 2 1 122 2070 5222 2069
7923 2 2 1 122 2069 5222 5212
7924 2 2 1 122 5221 5222 5209
7925 2 2 1 122 5212 5222 5221
7926 2 2 1 122 5223 5227 5214
7927 2 2 1 122 122 5213 2079
7928 2 2 1 122 2077 5211 2076
7929 2 2 1 122 2067 5215 2066
7930 2 2 1 122 2069 5212 2068
7931 2 2 1 122 2074 5214 2073
7932 2 2 1 122 2065 5210 2064
7933 2 2 1 122 2072 5209 2071
7934 2 2 1 122 5211 5229 5217
7935 2 2 1 122 5220 5221 5219
7936 2 2 1 122 5218 5220 5219
7937 2 2 1 122 5218 5219 5217
7938 2 2 1 122 5217 5232 5211
7939 2 2 1 122 5221 5223 5219
7940 2 2 1 122 5214 5224 5223
7941 2 2 1 122 5218 5225 5210
7942 2 2 1 122 5213 5225 5218
7943 2 2 1 122 5213 5218 5217
7944 2 2 1 122 5224 5232 5223
7945 2 2 1 122 5223 5232 5219
7946 2 2 1 122 5217 5229 5216
7947 2 2 1 122 5213 5217 5216
7948 2 2 1 122 5213 5216 2079
7949 2 2 1 122 2064 5225 122
7950 2 2 1 122 5211 5232 5224
7951 2 2 1 122 122 5225 5213
7952 2 2 1 122 2079 5216 2078
7953 2 2 1 122 5210 5225 2064
7954 2 2 1 122 5215 5228 2066
7955 2 2 1 122 2068 5226 2067
7956 2 2 1 122 2078 5229 2077
7957 2 2 1 122 2077 5229 5211
7958 2 2 1 122 2066 5228 2065
7959 2 2 1 122 5214 5227 2073
7960 2 2 1 122 2067 5226 5215
7961 2 2 1 122 5211 5231 2076
7962 2 2 1 122 2073 5227 2072
7963 2 2 1 122 5212 5226 2068
7964 2 2 1 122 2065 5228 5210
7965 2 2 1 122 2072 5227 5209
7966 2 2 1 122 2074 5230 5214
7967 2 2 1 122 2075 5230 2074
7968 2 2 1 122 2076 5231 2075
7969 2 2 1 122 5219 5232 5217
7970 2 2 1 122 5214 5230 5224
7971 2 2 1 122 5224 5231 5211
7972 2 2 1 122 5216 5229 2078
7973 2 2 1 122 5230 5231 5224
7974 2 2 1 122 2075 5231 5230
7975 2 2 1 123 5244 5250 5236
7976 2 2 1 123 5234 5252 5244
7977 2 2 1 123 5236 5245 5244
7978 2 2 1 123 5239 5250 5244
7979 2 2 1 123 5244 5252 5239
7980 2 2 1 123 5234 5244 5242
7981 2 2 1 123 5233 5246 2087
7982 2 2 1 123 5233 5247 5245
7983 2 2 1 123 2087 5246 2086
7984 2 2 1 123 5233 5251 5247
7985 2 2 1 123 2086 5246 2085
7986 2 2 1 123 2085 5246 5236
7987 2 2 1 123 5245 5246 5233
7988 2 2 1 123 5236 5246 5245
7989 2 2 1 123 5247 5251 5238
7990 2 2 1 123 123 5237 2095
7991 2 2 1 123 2093 5235 2092
7992 2 2 1 123 2083 5239 2082
7993 2 2 1 123 2085 5236 2084
7994 2 2 1 123 2090 5238 2089
7995 2 2 1 123 2081 5234 2080
7996 2 2 1 123 2088 5233 2087
7997 2 2 1 123 5235 5253 5241
7998 2 2 1 123 5244 5245 5243
7999 2 2 1 123 5242 5244 5243
8000 2 2 1 123 5242 5243 5241
8001 2 2 1 123 5241 5256 5235
8002 2 2 1 123 5245 5247 5243
8003 2 2 1 123 5238 5248 5247
8004 2 2 1 123 5242 5249 5234
8005 2 2 1 123 5237 5249 5242
8006 2 2 1 123 5237 5242 5241
8007 2 2 1 123 5248 5256 5247
8008 2 2 1 123 5247 5256 5243
8009 2 2 1 123 5241 5253 5240
8010 2 2 1 123 5237 5241 5240
8011 2 2 1 123 5237 5240 2095
8012 2 2 1 123 2080 5249 123
8013 2 2 1 123 5235 5256 5248
8014 2 2 1 123 123 5249 5237
8015 2 2 1 123 2095 5240 2094
8016 2 2 1 123 5234 5249 2080
8017 2 2 1 123 5239 5252 2082
8018 2 2 1 123 2084 5250 2083
8019 2 2 1 123 2094 5253 2093
8020 2 2 1 123 2093 5253 5235
8021 2 2 1 123 2082 5252 2081
8022 2 2 1 123 5238 5251 2089
8023 2 2 1 123 2083 5250 5239
8024 2 2 1 123 5235 5255 2092
8025 2 2 1 123 2089 5251 2088
8026 2 2 1 123 5236 5250 2084
8027 2 2 1 123 2081 5252 5234
8028 2 2 1 123 2088 5251 5233
8029 2 2 1 123 2090 5254 5238
8030 2 2 1 123 2091 5254 2090
8031 2 2 1 123 2092 5255 2091
8032 2 2 1 123 5243 5256 5241
8033 2 2 1 123 5238 5254 5248
8034 2 2 1 123 5248 5255 5235
8035 2 2 1 123 5240 5253 2094
8036 2 2 1 123 5254 5255 5248
8037 2 2 1 123 2091 5255 5254
8038 2 2 1 124 5260 5274 5268
8039 2 2 1 124 5268 5276 5258
8040 2 2 1 124 5268 5269 5260
8041 2 2 1 124 5268 5274 5263
8042 2 2 1 124 5263 5276 5268
8043 2 2 1 124 5266 5268 5258
8044 2 2 1 124 2104 5270 5257
8045 2 2 1 124 5269 5271 5257
8046 2 2 1 124 2105 5270 2104
8047 2 2 1 124 5271 5275 5257
8048 2 2 1 124 2106 5270 2105
8049 2 2 1 124 5260 5270 2106
8050 2 2 1 124 5257 5270 5269
8051 2 2 1 124 5269 5270 5260
8052 2 2 1 124 5262 5275 5271
8053 2 2 1 124 2096 5261 124
8054 2 2 1 124 2099 5259 2098
8055 2 2 1 124 2109 5263 2108
8056 2 2 1 124 2107 5260 2106
8057 2 2 1 124 2102 5262 2101
8058 2 2 1 124 2111 5258 2110
8059 2 2 1 124 2104 5257 2103
8060 2 2 1 124 5265 5277 5259
8061 2 2 1 124 5267 5269 5268
8062 2 2 1 124 5267 5268 5266
8063 2 2 1 124 5265 5267 5266
8064 2 2 1 124 5259 5280 5265
8065 2 2 1 124 5267 5271 5269
8066 2 2 1 124 5271 5272 5262
8067 2 2 1 124 5258 5273 5266
8068 2 2 1 124 5266 5273 5261
8069 2 2 1 124 5265 5266 5261
8070 2 2 1 124 5271 5280 5272
8071 2 2 1 124 5267 5280 5271
8072 2 2 1 124 5264 5277 5265
8073 2 2 1 124 5264 5265 5261
8074 2 2 1 124 2096 5264 5261
8075 2 2 1 124 124 5273 2111
8076 2 2 1 124 5272 5280 5259
8077 2 2 1 124 5261 5273 124
8078 2 2 1 124 2097 5264 2096
8079 2 2 1 124 2111 5273 5258
8080 2 2 1 124 2109 5276 5263
8081 2 2 1 124 5259 5277 2098
8082 2 2 1 124 2108 5274 2107
8083 2 2 1 124 2098 5277 2097
8084 2 2 1 124 2102 5275 5262
8085 2 2 1 124 2110 5276 2109
8086 2 2 1 124 5263 5274 2108
8087 2 2 1 124 2099 5279 5259
8088 2 2 1 124 2103 5275 2102
8089 2 2 1 124 2107 5274 5260
8090 2 2 1 124 5258 5276 2110
8091 2 2 1 124 5257 5275 2103
8092 2 2 1 124 5262 5278 2101
8093 2 2 1 124 2101 5278 2100
8094 2 2 1 124 2100 5279 2099
8095 2 2 1 124 5265 5280 5267
8096 2 2 1 124 5272 5278 5262
8097 2 2 1 124 5259 5279 5272
8098 2 2 1 124 2097 5277 5264
8099 2 2 1 124 5272 5279 5278
8100 2 2 1 124 5278 5279 2100
8101 2 2 1 125 5284 5298 5292
8102 2 2 1 125 5292 5299 5282
8103 2 2 1 125 5292 5293 5284
8104 2 2 1 125 5292 5298 5287
8105 2 2 1 125 5287 5299 5292
8106 2 2 1 125 5290 5292 5282
8107 2 2 1 125 2120 5294 5281
8108 2 2 1 125 5293 5295 5281
8109 2 2 1 125 2121 5294 2120
8110 2 2 1 125 2122 5294 2121
8111 2 2 1 125 5295 5300 5281
8112 2 2 1 125 5284 5294 2122
8113 2 2 1 125 5281 5294 5293
8114 2 2 1 125 5293 5294 5284
8115 2 2 1 125 5286 5300 5295
8116 2 2 1 125 2112 5285 125
8117 2 2 1 125 2115 5283 2114
8118 2 2 1 125 2125 5287 2124
8119 2 2 1 125 2123 5284 2122
8120 2 2 1 125 2118 5286 2117
8121 2 2 1 125 2127 5282 2126
8122 2 2 1 125 2120 5281 2119
8123 2 2 1 125 5289 5301 5283
8124 2 2 1 125 5291 5293 5292
8125 2 2 1 125 5291 5292 5290
8126 2 2 1 125 5289 5291 5290
8127 2 2 1 125 5283 5304 5289
8128 2 2 1 125 5291 5295 5293
8129 2 2 1 125 5295 5296 5286
8130 2 2 1 125 5282 5297 5290
8131 2 2 1 125 5290 5297 5285
8132 2 2 1 125 5289 5290 5285
8133 2 2 1 125 5295 5304 5296
8134 2 2 1 125 5288 5301 5289
8135 2 2 1 125 5291 5304 5295
8136 2 2 1 125 5288 5289 5285
8137 2 2 1 125 2112 5288 5285
8138 2 2 1 125 125 5297 2127
8139 2 2 1 125 5296 5304 5283
8140 2 2 1 125 5285 5297 125
8141 2 2 1 125 2113 5288 2112
8142 2 2 1 125 2127 5297 5282
8143 2 2 1 125 2125 5299 5287
8144 2 2 1 125 5283 5301 2114
8145 2 2 1 125 2124 5298 2123
8146 2 2 1 125 2114 5301 2113
8147 2 2 1 125 2126 5299 2125
8148 2 2 1 125 5287 5298 2124
8149 2 2 1 125 2115 5303 5283
8150 2 2 1 125 2118 5300 5286
8151 2 2 1 125 2119 5300 2118
8152 2 2 1 125 2123 5298 5284
8153 2 2 1 125 5282 5299 2126
8154 2 2 1 125 5286 5302 2117
8155 2 2 1 125 5281 5300 2119
8156 2 2 1 125 2117 5302 2116
8157 2 2 1 125 2116 5303 2115
8158 2 2 1 125 5289 5304 5291
8159 2 2 1 125 5296 5302 5286
8160 2 2 1 125 5283 5303 5296
8161 2 2 1 125 2113 5301 5288
8162 2 2 1 125 5296 5303 5302
8163 2 2 1 125 5302 5303 2116
8164 2 2 1 126 5308 5322 5316
8165 2 2 1 126 5316 5323 5306
8166 2 2 1 126 5316 5317 5308
8167 2 2 1 126 5316 5322 5311
8168 2 2 1 126 5311 5323 5316
8169 2 2 1 126 5314 5316 5306
8170 2 2 1 126 2136 5318 5305
8171 2 2 1 126 5317 5319 5305
8172 2 2 1 126 2137 5318 2136
8173 2 2 1 126 2138 5318 2137
8174 2 2 1 126 5319 5324 5305
8175 2 2 1 126 5308 5318 2138
8176 2 2 1 126 5305 5318 5317
8177 2 2 1 126 5317 5318 5308
8178 2 2 1 126 5310 5324 5319
8179 2 2 1 126 2128 5309 126
8180 2 2 1 126 2131 5307 2130
8181 2 2 1 126 2141 5311 2140
8182 2 2 1 126 2139 5308 2138
8183 2 2 1 126 2134 5310 2133
8184 2 2 1 126 2143 5306 2142
8185 2 2 1 126 2136 5305 2135
8186 2 2 1 126 5313 5325 5307
8187 2 2 1 126 5315 5317 5316
8188 2 2 1 126 5315 5316 5314
8189 2 2 1 126 5313 5315 5314
8190 2 2 1 126 5307 5328 5313
8191 2 2 1 126 5315 5319 5317
8192 2 2 1 126 5319 5320 5310
8193 2 2 1 126 5306 5321 5314
8194 2 2 1 126 5314 5321 5309
8195 2 2 1 126 5313 5314 5309
8196 2 2 1 126 5319 5328 5320
8197 2 2 1 126 5315 5328 5319
8198 2 2 1 126 5312 5325 5313
8199 2 2 1 126 5312 5313 5309
8200 2 2 1 126 2128 5312 5309
8201 2 2 1 126 126 5321 2143
8202 2 2 1 126 5320 5328 5307
8203 2 2 1 126 5309 5321 126
8204 2 2 1 126 2129 5312 2128
8205 2 2 1 126 2143 5321 5306
8206 2 2 1 126 2141 5323 5311
8207 2 2 1 126 5307 5325 2130
8208 2 2 1 126 2140 5322 2139
8209 2 2 1 126 2130 5325 2129
8210 2 2 1 126 2142 5323 2141
8211 2 2 1 126 5311 5322 2140
8212 2 2 1 126 2131 5327 5307
8213 2 2 1 126 2134 5324 5310
8214 2 2 1 126 2135 5324 2134
8215 2 2 1 126 2139 5322 5308
8216 2 2 1 126 5306 5323 2142
8217 2 2 1 126 5310 5326 2133
8218 2 2 1 126 5305 5324 2135
8219 2 2 1 126 2133 5326 2132
8220 2 2 1 126 2132 5327 2131
8221 2 2 1 126 5313 5328 5315
8222 2 2 1 126 5320 5326 5310
8223 2 2 1 126 5307 5327 5320
8224 2 2 1 126 2129 5325 5312
8225 2 2 1 126 5320 5327 5326
8226 2 2 1 126 5326 5327 2132
8227 2 2 2 127 6172 7957 5527
8228 2 2 2 127 6173 7958 5528
8229 2 2 2 127 7312 7627 7626
8230 2 2 2 127 6133 7798 1265
8231 2 2 2 127 7550 7760 7678
8232 2 2 2 127 5352 7149 6040
8233 2 2 2 127 5792 8000 1268
8234 2 2 2 127 7419 8179 7271
8235 2 2 2 127 7559 7561 7386
8236 2 2 2 127 6071 6469 5910
8237 2 2 2 127 291 6481 6335
8238 2 2 2 127 7741 8830 7445
8239 2 2 2 127 1768 7622 1769
8240 2 2 2 127 7818 8772 7612
8241 2 2 2 127 7192 8261 7352
8242 2 2 2 127 6428 8790 7884
8243 2 2 2 127 7090 7153 7092
8244 2 2 2 127 7105 7749 7109
8245 2 2 2 127 7013 7031 7015
8246 2 2 2 127 5408 6529 6311
8247 2 2 2 127 649 8110 5971
8248 2 2 2 127 6128 8114 6817
8249 2 2 2 127 5566 6499 6328
8250 2 2 2 127 5565 6500 6329
8251 2 2 2 127 6971 6973 6972
8252 2 2 2 127 7810 8655 7162
8253 2 2 2 127 5556 6451 6190
8254 2 2 2 127 2103 8187 1936
8255 2 2 2 127 6990 7046 6993
8256 2 2 2 127 8008 8510 7551
8257 2 2 2 127 6350 8380 5394
8258 2 2 2 127 6979 6987 6981
8259 2 2 2 127 609 556 610
8260 2 2 2 127 162 161 332
8261 2 2 2 127 5483 8445 6116
8262 2 2 2 127 6499 8974 6328
8263 2 2 2 127 6500 8975 6329
8264 2 2 2 127 629 6439 630
8265 2 2 2 127 7649 7650 7303
8266 2 2 2 127 6481 8164 6335
8267 2 2 2 127 7757 7952 5377
8268 2 2 2 127 556 6445 557
8269 2 2 2 127 5850 6770 6313
8270 2 2 2 127 7202 7806 7494
8271 2 2 2 127 5865 6325 5866
8272 2 2 2 127 5545 6190 1712
8273 2 2 2 127 6840 7181 7180
8274 2 2 2 127 5922 8374 6342
8275 2 2 2 127 7951 8272 7950
8276 2 2 2 127 7444 8383 7152
8277 2 2 2 127 6042 6615 6126
8278 2 2 2 127 5981 7814 5980
8279 2 2 2 127 6887 8103 7298
8280 2 2 2 127 7884 8790 5947
8281 2 2 2 127 114 6542 2105
8282 2 2 2 127 7661 8607 7660
8283 2 2 2 127 79 6545 1321
8284 2 2 2 127 5780 8164 6623
8285 2 2 2 127 7337 7760 7550
8286 2 2 2 127 1905 6741 6370
8287 2 2 2 127 1345 6742 6369
8288 2 2 2 127 7129 7147 7132
8289 2 2 2 127 6279 7908 7881
8290 2 2 2 127 7597 8249 7682
8291 2 2 2 127 6445 7909 6247
8292 2 2 2 127 7785 8234 7061
8293 2 2 2 127 7881 7908 5557
8294 2 2 2 127 1581 7794 6181
8295 2 2 2 127 349 7796 6182
8296 2 2 2 127 949 8351 6096
8297 2 2 2 127 6651 8307 6521
8298 2 2 2 127 7335 7550 7333
8299 2 2 2 127 6070 7831 6069
8300 2 2 2 127 7273 7452 7417
8301 2 2 2 127 5744 8126 6305
8302 2 2 2 127 7083 7540 7152
8303 2 2 2 127 6236 7994 5399
8304 2 2 2 127 7335 8206 7550
8305 2 2 2 127 6663 7832 6365
8306 2 2 2 127 6012 6302 6015
8307 2 2 2 127 1783 8029 1784
8308 2 2 2 127 1671 8021 1672
8309 2 2 2 127 1895 8028 1896
8310 2 2 2 127 999 8025 1000
8311 2 2 2 127 1223 8022 1224
8312 2 2 2 127 887 8023 888
8313 2 2 2 127 551 8024 552
8314 2 2 2 127 327 8019 328
8315 2 2 2 127 1559 8020 1560
8316 2 2 2 127 775 8018 776
8317 2 2 2 127 1111 8027 1112
8318 2 2 2 127 663 8015 664
8319 2 2 2 127 439 8016 440
8320 2 2 2 127 1447 8017 1448
8321 2 2 2 127 2007 8026 2008
8322 2 2 2 127 6701 6728 6255
8323 2 2 2 127 6205 7941 5986
8324 2 2 2 127 6935 6954 6953
8325 2 2 2 127 6354 6726 5581
8326 2 2 2 127 5878 6450 6336
8327 2 2 2 127 5455 6659 6516
8328 2 2 2 127 7105 7761 7749
8329 2 2 2 127 6660 8189 6013
8330 2 2 2 127 7694 8240 7681
8331 2 2 2 127 7664 8595 7689
8332 2 2 2 127 480 423 481
8333 2 2 2 127 704 199 705
8334 2 2 2 127 6305 8044 5744
8335 2 2 2 127 5843 8321 8210
8336 2 2 2 127 6013 7996 6660
8337 2 2 2 127 5844 8326 8209
8338 2 2 2 127 596 7909 597
8339 2 2 2 127 7052 8100 7366
8340 2 2 2 127 7216 7247 7214
8341 2 2 2 127 7168 7980 7501
8342 2 2 2 127 6843 8591 7352
8343 2 2 2 127 7065 7731 7421
8344 2 2 2 127 1282 7517 7000
8345 2 2 2 127 5750 8164 5780
8346 2 2 2 127 7095 7117 7097
8347 2 2 2 127 6957 6971 6970
8348 2 2 2 127 6981 7342 6983
8349 2 2 2 127 6977 7766 6972
8350 2 2 2 127 8253 8457 7330
8351 2 2 2 127 5734 6326 5735
8352 2 2 2 127 7691 8420 7057
8353 2 2 2 127 6348 6349 5424
8354 2 2 2 127 6278 6705 6430
8355 2 2 2 127 7162 8655 7621
8356 2 2 2 127 7074 8890 7075
8357 2 2 2 127 7093 7346 5359
8358 2 2 2 127 554 8214 611
8359 2 2 2 127 330 8213 163
8360 2 2 2 127 7364 8043 7360
8361 2 2 2 127 6649 8969 6094
8362 2 2 2 127 6455 8424 673
8363 2 2 2 127 6093 6648 6217
8364 2 2 2 127 6159 7811 6721
8365 2 2 2 127 5980 7814 6814
8366 2 2 2 127 6094 8969 6214
8367 2 2 2 127 6912 7912 6931
8368 2 2 2 127 6303 6775 5474
8369 2 2 2 127 7452 8468 7404
8370 2 2 2 127 7341 8069 1009
8371 2 2 2 127 5637 6462 6191
8372 2 2 2 127 6336 6459 5878
8373 2 2 2 127 6972 7766 6970
8374 2 2 2 127 6185 6762 6658
8375 2 2 2 127 6465 6790 6020
8376 2 2 2 127 7034 8971 7565
8377 2 2 2 127 5481 7633 7631
8378 2 2 2 127 6615 8125 6126
8379 2 2 2 127 6611 8445 5483
8380 2 2 2 127 7298 7693 7429
8381 2 2 2 127 5556 6190 5545
8382 2 2 2 127 6467 6791 5499
8383 2 2 2 127 6311 8047 5408
8384 2 2 2 127 6521 8307 5881
8385 2 2 2 127 6135 8286 8009
8386 2 2 2 127 6307 6776 5475
8387 2 2 2 127 7939 8552 7598
8388 2 2 2 127 5383 8119 7725
8389 2 2 2 127 6927 7239 6935
8390 2 2 2 127 5916 8067 6319
8391 2 2 2 127 5749 5768 5448
8392 2 2 2 127 7455 8774 6857
8393 2 2 2 127 8237 8486 1210
8394 2 2 2 127 6228 6795 5749
8395 2 2 2 127 8380 8448 5394
8396 2 2 2 127 608 7909 6445
8397 2 2 2 127 6834 7616 1657
8398 2 2 2 127 7622 8228 1769
8399 2 2 2 127 5724 6261 561
8400 2 2 2 127 7090 8453 7153
8401 2 2 2 127 609 6445 556
8402 2 2 2 127 6349 8632 6057
8403 2 2 2 127 6933 7912 6912
8404 2 2 2 127 5986 8227 6205
8405 2 2 2 127 6328 6524 5566
8406 2 2 2 127 6329 6525 5565
8407 2 2 2 127 7833 7915 7403
8408 2 2 2 127 7284 8072 7569
8409 2 2 2 127 7641 8867 7304
8410 2 2 2 127 6057 7874 6349
8411 2 2 2 127 6905 7237 7236
8412 2 2 2 127 7915 8127 7403
8413 2 2 2 127 7000 7517 7220
8414 2 2 2 127 5750 5780 5445
8415 2 2 2 127 7857 8094 7350
8416 2 2 2 127 5474 8191 6303
8417 2 2 2 127 2103 1936 2104
8418 2 2 2 127 7272 8432 7097
8419 2 2 2 127 7956 8039 7477
8420 2 2 2 127 6494 7877 6452
8421 2 2 2 127 669 7847 6308
8422 2 2 2 127 6974 7309 6979
8423 2 2 2 127 6310 8086 8006
8424 2 2 2 127 6097 8164 6481
8425 2 2 2 127 7548 7736 5373
8426 2 2 2 127 6810 7872 6466
8427 2 2 2 127 6226 8084 5879
8428 2 2 2 127 1919 7964 6223
8429 2 2 2 127 7005 7760 7337
8430 2 2 2 127 1359 7965 6222
8431 2 2 2 127 6342 8375 5922
8432 2 2 2 127 606 6455 6041
8433 2 2 2 127 5388 6632 6448
8434 2 2 2 127 7197 8184 7203
8435 2 2 2 127 7564 7709 7523
8436 2 2 2 127 7662 7689 7661
8437 2 2 2 127 746 8488 747
8438 2 2 2 127 8090 8685 6317
8439 2 2 2 127 5759 5760 5437
8440 2 2 2 127 5467 6539 6457
8441 2 2 2 127 8031 8234 7785
8442 2 2 2 127 6468 8232 5997
8443 2 2 2 127 5475 8207 6307
8444 2 2 2 127 5888 8792 6346
8445 2 2 2 127 8006 8086 5809
8446 2 2 2 127 8195 8450 5509
8447 2 2 2 127 8196 8449 5510
8448 2 2 2 127 8163 8345 6178
8449 2 2 2 127 5756 6067 5435
8450 2 2 2 127 1991 8639 6109
8451 2 2 2 127 1207 8640 6110
8452 2 2 2 127 5968 8182 386
8453 2 2 2 127 5686 8055 1456
8454 2 2 2 127 5424 8794 6348
8455 2 2 2 127 7477 8441 7956
8456 2 2 2 127 5736 8115 6494
8457 2 2 2 127 5919 8793 6347
8458 2 2 2 127 6335 8367 291
8459 2 2 2 127 5726 6611 6030
8460 2 2 2 127 5725 6612 6031
8461 2 2 2 127 7904 8121 7704
8462 2 2 2 127 7523 7709 7520
8463 2 2 2 127 8154 8443 8315
8464 2 2 2 127 6204 8064 6641
8465 2 2 2 127 1155 7355 1156
8466 2 2 2 127 8242 8646 6189
8467 2 2 2 127 7664 7689 7686
8468 2 2 2 127 5529 7800 6136
8469 2 2 2 127 5530 7801 6137
8470 2 2 2 127 6069 7831 6072
8471 2 2 2 127 5454 6357 6352
8472 2 2 2 127 7292 8419 7359
8473 2 2 2 127 7888 8790 6428
8474 2 2 2 127 313 7923 5964
8475 2 2 2 127 7700 7911 7427
8476 2 2 2 127 7589 7597 7596
8477 2 2 2 127 6268 8486 8237
8478 2 2 2 127 7776 8157 7552
8479 2 2 2 127 5846 6247 596
8480 2 2 2 127 6984 8865 6990
8481 2 2 2 127 8009 8286 6256
8482 2 2 2 127 5797 5798 5415
8483 2 2 2 127 5795 6458 2068
8484 2 2 2 127 6721 7811 5685
8485 2 2 2 127 5823 5824 5406
8486 2 2 2 127 7325 7783 7527
8487 2 2 2 127 6490 8357 5720
8488 2 2 2 127 5851 5852 5358
8489 2 2 2 127 5841 6004 5396
8490 2 2 2 127 5865 5866 5440
8491 2 2 2 127 84 5686 1456
8492 2 2 2 127 5476 6146 6081
8493 2 2 2 127 6138 6234 1732
8494 2 2 2 127 5888 5889 5371
8495 2 2 2 127 5924 5925 5397
8496 2 2 2 127 5343 7019 6892
8497 2 2 2 127 5531 6201 6103
8498 2 2 2 127 5532 6202 6104
8499 2 2 2 127 7462 7531 7467
8500 2 2 2 127 5879 6489 5531
8501 2 2 2 127 6270 6437 5726
8502 2 2 2 127 6098 6099 5884
8503 2 2 2 127 7484 7743 7711
8504 2 2 2 127 6084 6085 5484
8505 2 2 2 127 5347 6283 6033
8506 2 2 2 127 7036 8549 7673
8507 2 2 2 127 7589 8726 7646
8508 2 2 2 127 180 7922 5992
8509 2 2 2 127 6034 8163 351
8510 2 2 2 127 5807 5808 5441
8511 2 2 2 127 5367 6248 6078
8512 2 2 2 127 5919 6114 5402
8513 2 2 2 127 5720 8357 6731
8514 2 2 2 127 7038 8906 7161
8515 2 2 2 127 6036 6152 5432
8516 2 2 2 127 6435 6443 5409
8517 2 2 2 127 5908 6215 499
8518 2 2 2 127 7725 8119 8118
8519 2 2 2 127 5909 6077 947
8520 2 2 2 127 6081 6274 5374
8521 2 2 2 127 8071 8349 7308
8522 2 2 2 127 7550 7678 7333
8523 2 2 2 127 6078 6209 5474
8524 2 2 2 127 35 6266 6053
8525 2 2 2 127 7134 7432 7136
8526 2 2 2 127 5945 6153 1675
8527 2 2 2 127 100 5545 1712
8528 2 2 2 127 7209 7952 7757
8529 2 2 2 127 5935 6351 447
8530 2 2 2 127 6219 6738 6620
8531 2 2 2 127 6162 6213 5477
8532 2 2 2 127 1359 6222 77
8533 2 2 2 127 1919 6223 112
8534 2 2 2 127 7720 7739 7598
8535 2 2 2 127 5897 6098 5417
8536 2 2 2 127 7429 7797 7298
8537 2 2 2 127 6677 8459 8083
8538 2 2 2 127 333 6241 6113
8539 2 2 2 127 6641 8064 6112
8540 2 2 2 127 7951 8897 8272
8541 2 2 2 127 1754 8749 1755
8542 2 2 2 127 6271 6368 6038
8543 2 2 2 127 970 8752 971
8544 2 2 2 127 6470 6810 6021
8545 2 2 2 127 6061 6333 5450
8546 2 2 2 127 6471 6808 6018
8547 2 2 2 127 5982 6083 5487
8548 2 2 2 127 5983 6082 5486
8549 2 2 2 127 858 8760 859
8550 2 2 2 127 522 8759 523
8551 2 2 2 127 6336 6450 5511
8552 2 2 2 127 7641 8107 7717
8553 2 2 2 127 5943 6165 5393
8554 2 2 2 127 6033 6302 5392
8555 2 2 2 127 5966 6346 1623
8556 2 2 2 127 5456 6325 6022
8557 2 2 2 127 6955 8251 6957
8558 2 2 2 127 6239 6326 5357
8559 2 2 2 127 7539 7695 7681
8560 2 2 2 127 5965 6347 839
8561 2 2 2 127 5969 6348 167
8562 2 2 2 127 5974 6356 5368
8563 2 2 2 127 6317 8911 8090
8564 2 2 2 127 5409 6176 6129
8565 2 2 2 127 8084 8156 5512
8566 2 2 2 127 6129 6484 5334
8567 2 2 2 127 8096 8312 5697
8568 2 2 2 127 646 6361 6175
8569 2 2 2 127 6608 7870 6654
8570 2 2 2 127 758 6360 6157
8571 2 2 2 127 7652 8158 7653
8572 2 2 2 127 5999 6018 5489
8573 2 2 2 127 6000 6017 5488
8574 2 2 2 127 6002 6021 5471
8575 2 2 2 127 5365 5955 5954
8576 2 2 2 127 1530 8773 1531
8577 2 2 2 127 5788 5789 5359
8578 2 2 2 127 6188 6734 6187
8579 2 2 2 127 5994 5995 5457
8580 2 2 2 127 7046 8809 6993
8581 2 2 2 127 5403 6240 6003
8582 2 2 2 127 6006 6460 761
8583 2 2 2 127 7132 8936 7134
8584 2 2 2 127 6003 6024 5470
8585 2 2 2 127 5997 8694 6468
8586 2 2 2 127 6724 8065 6631
8587 2 2 2 127 629 8448 6439
8588 2 2 2 127 7329 8253 7330
8589 2 2 2 127 6995 7003 6997
8590 2 2 2 127 6001 6196 5364
8591 2 2 2 127 7675 7823 7353
8592 2 2 2 127 6005 6164 5404
8593 2 2 2 127 7031 8886 7015
8594 2 2 2 127 5781 8115 5736
8595 2 2 2 127 6518 6756 5773
8596 2 2 2 127 6957 7371 6971
8597 2 2 2 127 6927 8010 7239
8598 2 2 2 127 5877 8323 8208
8599 2 2 2 127 6042 6126 5514
8600 2 2 2 127 6971 8856 6973
8601 2 2 2 127 5481 7636 7633
8602 2 2 2 127 6440 6441 6220
8603 2 2 2 127 7381 7756 7383
8604 2 2 2 127 7677 7784 7172
8605 2 2 2 127 5639 6656 5644
8606 2 2 2 127 7065 7421 7067
8607 2 2 2 127 613 6493 614
8608 2 2 2 127 6540 8351 949
8609 2 2 2 127 7153 8703 7092
8610 2 2 2 127 8126 8314 519
8611 2 2 2 127 8208 8323 6150
8612 2 2 2 127 7325 7527 7215
8613 2 2 2 127 6919 6936 6921
8614 2 2 2 127 6987 8186 6981
8615 2 2 2 127 6514 7898 5419
8616 2 2 2 127 1840 8277 5515
8617 2 2 2 127 7669 8587 7662
8618 2 2 2 127 7685 8645 7141
8619 2 2 2 127 5975 6355 1511
8620 2 2 2 127 6979 6981 6980
8621 2 2 2 127 6516 7897 5455
8622 2 2 2 127 6808 8218 6018
8623 2 2 2 127 6807 8216 6017
8624 2 2 2 127 6365 8285 6663
8625 2 2 2 127 6339 8380 5838
8626 2 2 2 127 6233 8214 6607
8627 2 2 2 127 5723 6798 6366
8628 2 2 2 127 5722 6797 6367
8629 2 2 2 127 1635 8792 5888
8630 2 2 2 127 6428 7884 6429
8631 2 2 2 127 5954 6513 5475
8632 2 2 2 127 7056 8778 8284
8633 2 2 2 127 7534 8407 8172
8634 2 2 2 127 72 6228 5749
8635 2 2 2 127 8627 8688 8538
8636 2 2 2 127 7538 7695 7539
8637 2 2 2 127 179 8794 5424
8638 2 2 2 127 6034 8345 8163
8639 2 2 2 127 1265 7798 1266
8640 2 2 2 127 6140 6525 6329
8641 2 2 2 127 6139 6524 6328
8642 2 2 2 127 5880 8324 8109
8643 2 2 2 127 851 8793 5919
8644 2 2 2 127 8083 8459 6177
8645 2 2 2 127 5736 6494 6452
8646 2 2 2 127 459 8658 8335
8647 2 2 2 127 5560 8242 6189
8648 2 2 2 127 7304 8867 7750
8649 2 2 2 127 1694 7872 6810
8650 2 2 2 127 7719 7720 7598
8651 2 2 2 127 7957 8601 5527
8652 2 2 2 127 7958 8602 5528
8653 2 2 2 127 5350 6518 6180
8654 2 2 2 127 7595 7618 7594
8655 2 2 2 127 336 6169 337
8656 2 2 2 127 1680 6170 1681
8657 2 2 2 127 5776 6775 6303
8658 2 2 2 127 1264 5749 5448
8659 2 2 2 127 1488 6066 1489
8660 2 2 2 127 224 6172 5527
8661 2 2 2 127 1568 6173 5528
8662 2 2 2 127 6221 8213 8032
8663 2 2 2 127 5845 7877 6494
8664 2 2 2 127 7526 7764 7125
8665 2 2 2 127 7117 8817 7097
8666 2 2 2 127 8063 8630 7118
8667 2 2 2 127 6221 6523 5451
8668 2 2 2 127 1904 6741 1905
8669 2 2 2 127 1344 6742 1345
8670 2 2 2 127 6313 8688 5850
8671 2 2 2 127 6513 8396 8207
8672 2 2 2 127 7589 8249 7597
8673 2 2 2 127 7918 8876 7459
8674 2 2 2 127 8454 8878 5977
8675 2 2 2 127 256 6585 6226
8676 2 2 2 127 6215 6651 499
8677 2 2 2 127 7715 8212 7382
8678 2 2 2 127 5777 6776 6307
8679 2 2 2 127 6885 6942 6887
8680 2 2 2 127 7352 8261 6843
8681 2 2 2 127 5526 7926 671
8682 2 2 2 127 1131 8671 8298
8683 2 2 2 127 560 5724 561
8684 2 2 2 127 7134 8902 7432
8685 2 2 2 127 7154 7701 7698
8686 2 2 2 127 5702 6540 6231
8687 2 2 2 127 5494 8240 6799
8688 2 2 2 127 7736 8141 5373
8689 2 2 2 127 6092 8283 7846
8690 2 2 2 127 5804 8046 6664
8691 2 2 2 127 6458 6653 2068
8692 2 2 2 127 6730 7926 5526
8693 2 2 2 127 6111 6532 5363
8694 2 2 2 127 6152 6318 5432
8695 2 2 2 127 7056 8088 7501
8696 2 2 2 127 5450 6333 6073
8697 2 2 2 127 6460 6672 761
8698 2 2 2 127 6184 6771 6183
8699 2 2 2 127 7417 7418 7273
8700 2 2 2 127 5417 6098 5884
8701 2 2 2 127 6153 8790 7888
8702 2 2 2 127 6855 7455 6857
8703 2 2 2 127 6971 6972 6970
8704 2 2 2 127 6325 6353 5866
8705 2 2 2 127 6165 6250 5393
8706 2 2 2 127 606 6041 607
8707 2 2 2 127 7036 7673 7038
8708 2 2 2 127 448 5750 5445
8709 2 2 2 127 7149 7340 6040
8710 2 2 2 127 5429 8796 6355
8711 2 2 2 127 5921 5922 1996
8712 2 2 2 127 5477 6213 6080
8713 2 2 2 127 6857 6880 6863
8714 2 2 2 127 7015 8088 7021
8715 2 2 2 127 7192 7352 7183
8716 2 2 2 127 1792 5756 5435
8717 2 2 2 127 7626 8035 7312
8718 2 2 2 127 1232 5759 5437
8719 2 2 2 127 5873 6643 6642
8720 2 2 2 127 8284 8901 7056
8721 2 2 2 127 8056 8649 7680
8722 2 2 2 127 6297 8277 1840
8723 2 2 2 127 107 6235 1824
8724 2 2 2 127 351 8163 14
8725 2 2 2 127 8272 8897 7058
8726 2 2 2 127 5999 6471 6018
8727 2 2 2 127 1391 6545 79
8728 2 2 2 127 1951 6542 114
8729 2 2 2 127 6002 6470 6021
8730 2 2 2 127 6145 8374 5922
8731 2 2 2 127 6169 8216 337
8732 2 2 2 127 6170 8218 1681
8733 2 2 2 127 5697 8312 5699
8734 2 2 2 127 7464 7685 7563
8735 2 2 2 127 6640 8297 6048
8736 2 2 2 127 6954 8891 6953
8737 2 2 2 127 7071 8890 7074
8738 2 2 2 127 6889 7298 6943
8739 2 2 2 127 6037 6614 6151
8740 2 2 2 127 6914 7391 1883
8741 2 2 2 127 7959 8177 6931
8742 2 2 2 127 6352 8106 5454
8743 2 2 2 127 5899 6725 5903
8744 2 2 2 127 6339 7902 6210
8745 2 2 2 127 7688 7828 5419
8746 2 2 2 127 6486 8723 7792
8747 2 2 2 127 5408 6547 6084
8748 2 2 2 127 35 6053 672
8749 2 2 2 127 5858 7869 5856
8750 2 2 2 127 6728 7990 6255
8751 2 2 2 127 7597 7939 7598
8752 2 2 2 127 6066 8140 1489
8753 2 2 2 127 6295 7356 1168
8754 2 2 2 127 7494 8147 7202
8755 2 2 2 127 6210 8511 6339
8756 2 2 2 127 6475 8149 6156
8757 2 2 2 127 6474 8148 6155
8758 2 2 2 127 8033 8805 6337
8759 2 2 2 127 7349 8318 7282
8760 2 2 2 127 5392 6302 6012
8761 2 2 2 127 6261 8297 6640
8762 2 2 2 127 6480 8011 5924
8763 2 2 2 127 7110 8768 7113
8764 2 2 2 127 7851 8482 7148
8765 2 2 2 127 6363 8059 5745
8766 2 2 2 127 6881 7390 6885
8767 2 2 2 127 6990 7322 7046
8768 2 2 2 127 7112 7542 7127
8769 2 2 2 127 6060 8091 7986
8770 2 2 2 127 6059 8090 7985
8771 2 2 2 127 6071 8131 6469
8772 2 2 2 127 6094 6214 5759
8773 2 2 2 127 6344 8959 6729
8774 2 2 2 127 6585 8156 6226
8775 2 2 2 127 6109 8639 7964
8776 2 2 2 127 6093 6217 5756
8777 2 2 2 127 6110 8640 7965
8778 2 2 2 127 7538 7539 7523
8779 2 2 2 127 5804 6664 5805
8780 2 2 2 127 5972 8155 8052
8781 2 2 2 127 7563 8056 7464
8782 2 2 2 127 7015 8886 7168
8783 2 2 2 127 30 5742 592
8784 2 2 2 127 2158 7748 5382
8785 2 2 2 127 6728 8814 7990
8786 2 2 2 127 1167 6236 5399
8787 2 2 2 127 7371 8386 6971
8788 2 2 2 127 6679 7974 6813
8789 2 2 2 127 2164 7780 2163
8790 2 2 2 127 6333 6818 6073
8791 2 2 2 127 6817 8114 5718
8792 2 2 2 127 6344 6729 6630
8793 2 2 2 127 7181 7352 7180
8794 2 2 2 127 6632 8511 6448
8795 2 2 2 127 5875 8466 7752
8796 2 2 2 127 8138 8546 5847
8797 2 2 2 127 7188 8236 7186
8798 2 2 2 127 6362 6619 5412
8799 2 2 2 127 5963 8396 6513
8800 2 2 2 127 6705 6706 6430
8801 2 2 2 127 1019 8665 8226
8802 2 2 2 127 7322 7723 7046
8803 2 2 2 127 5529 8929 7800
8804 2 2 2 127 5530 8930 7801
8805 2 2 2 127 5785 8734 541
8806 2 2 2 127 6479 7832 5920
8807 2 2 2 127 721 8075 5929
8808 2 2 2 127 5790 8735 989
8809 2 2 2 127 5791 8736 1549
8810 2 2 2 127 6233 6493 613
8811 2 2 2 127 6833 6845 6838
8812 2 2 2 127 7665 7671 7666
8813 2 2 2 127 6451 6610 6043
8814 2 2 2 127 496 8041 5943
8815 2 2 2 127 6538 7841 6772
8816 2 2 2 127 1503 5744 86
8817 2 2 2 127 159 5745 2
8818 2 2 2 127 5782 8739 1661
8819 2 2 2 127 6249 6606 5332
8820 2 2 2 127 7780 7824 2163
8821 2 2 2 127 7297 7644 7630
8822 2 2 2 127 6457 8366 5467
8823 2 2 2 127 1733 6626 6095
8824 2 2 2 127 7802 8766 8124
8825 2 2 2 127 6881 7405 7390
8826 2 2 2 127 7645 8761 7759
8827 2 2 2 127 6478 6786 6148
8828 2 2 2 127 6477 6785 6149
8829 2 2 2 127 6284 8041 496
8830 2 2 2 127 6293 7968 1728
8831 2 2 2 127 6290 7969 272
8832 2 2 2 127 5820 6619 6362
8833 2 2 2 127 5444 7854 6509
8834 2 2 2 127 7997 8068 6362
8835 2 2 2 127 7802 8123 7692
8836 2 2 2 127 6851 7456 6855
8837 2 2 2 127 5638 6658 6323
8838 2 2 2 127 7501 7744 7056
8839 2 2 2 127 6127 6642 5360
8840 2 2 2 127 8289 8976 8236
8841 2 2 2 127 1268 8000 6299
8842 2 2 2 127 6035 7903 5431
8843 2 2 2 127 6008 8135 6338
8844 2 2 2 127 705 8194 6227
8845 2 2 2 127 5865 8695 6325
8846 2 2 2 127 5926 8740 429
8847 2 2 2 127 481 8192 6224
8848 2 2 2 127 7236 7524 6939
8849 2 2 2 127 6048 8282 6640
8850 2 2 2 127 6314 7881 5557
8851 2 2 2 127 6734 8231 6187
8852 2 2 2 127 6250 6613 6216
8853 2 2 2 127 6323 6656 5638
8854 2 2 2 127 7298 7797 6943
8855 2 2 2 127 597 7909 31
8856 2 2 2 127 6918 8045 7648
8857 2 2 2 127 6462 6737 6191
8858 2 2 2 127 6795 8320 1191
8859 2 2 2 127 540 5785 541
8860 2 2 2 127 988 5790 989
8861 2 2 2 127 1548 5791 1549
8862 2 2 2 127 1187 6480 5924
8863 2 2 2 127 5581 8097 6354
8864 2 2 2 127 315 5840 316
8865 2 2 2 127 705 6227 706
8866 2 2 2 127 908 5788 5359
8867 2 2 2 127 1660 5782 1661
8868 2 2 2 127 481 6224 482
8869 2 2 2 127 273 6259 274
8870 2 2 2 127 1729 6260 1730
8871 2 2 2 127 1938 5845 1939
8872 2 2 2 127 444 6159 445
8873 2 2 2 127 1755 8749 1765
8874 2 2 2 127 7086 7513 7090
8875 2 2 2 127 1841 5928 1842
8876 2 2 2 127 1747 6475 6156
8877 2 2 2 127 963 6474 6155
8878 2 2 2 127 721 5929 722
8879 2 2 2 127 971 8752 981
8880 2 2 2 127 1971 6477 6149
8881 2 2 2 127 403 6478 6148
8882 2 2 2 127 204 5863 205
8883 2 2 2 127 5433 6623 6097
8884 2 2 2 127 627 6479 5920
8885 2 2 2 127 595 5846 596
8886 2 2 2 127 6359 6730 5526
8887 2 2 2 127 7100 7104 7103
8888 2 2 2 127 1267 5792 1268
8889 2 2 2 127 2067 5795 2068
8890 2 2 2 127 796 5877 797
8891 2 2 2 127 1636 5888 5371
8892 2 2 2 127 236 5842 237
8893 2 2 2 127 859 8760 869
8894 2 2 2 127 523 8759 533
8895 2 2 2 127 348 5797 5415
8896 2 2 2 127 1523 8796 5429
8897 2 2 2 127 5419 7898 1903
8898 2 2 2 127 6140 6329 1490
8899 2 2 2 127 6139 6328 2050
8900 2 2 2 127 5399 7994 6528
8901 2 2 2 127 7968 8504 1728
8902 2 2 2 127 7969 8505 272
8903 2 2 2 127 5519 6730 6358
8904 2 2 2 127 6283 6821 5641
8905 2 2 2 127 5702 6231 1132
8906 2 2 2 127 1899 7302 6916
8907 2 2 2 127 1580 5823 5406
8908 2 2 2 127 6887 7298 6889
8909 2 2 2 127 779 6269 5485
8910 2 2 2 127 6303 8583 5776
8911 2 2 2 127 1324 5883 1325
8912 2 2 2 127 6108 6652 5455
8913 2 2 2 127 1731 6138 1732
8914 2 2 2 127 572 5841 5396
8915 2 2 2 127 5455 7897 559
8916 2 2 2 127 1452 6618 1453
8917 2 2 2 127 220 6617 221
8918 2 2 2 127 313 5964 314
8919 2 2 2 127 483 5865 5440
8920 2 2 2 127 7526 8982 7764
8921 2 2 2 127 649 5971 650
8922 2 2 2 127 5725 6031 1212
8923 2 2 2 127 5726 6030 764
8924 2 2 2 127 258 5879 5531
8925 2 2 2 127 1188 5924 5397
8926 2 2 2 127 5358 6020 1917
8927 2 2 2 127 763 6270 5726
8928 2 2 2 127 931 5807 5441
8929 2 2 2 127 2108 5942 2109
8930 2 2 2 127 1916 5851 5358
8931 2 2 2 127 5483 6116 1827
8932 2 2 2 127 1339 6084 5484
8933 2 2 2 127 892 5932 893
8934 2 2 2 127 6037 6151 387
8935 2 2 2 127 6637 6679 5497
8936 2 2 2 127 761 6672 762
8937 2 2 2 127 6772 7841 5453
8938 2 2 2 127 5476 6081 1843
8939 2 2 2 127 428 5926 429
8940 2 2 2 127 5531 6103 259
8941 2 2 2 127 5532 6104 1715
8942 2 2 2 127 5367 6078 1229
8943 2 2 2 127 7303 7648 7637
8944 2 2 2 127 1954 5882 1955
8945 2 2 2 127 594 6180 5423
8946 2 2 2 127 6845 6847 6846
8947 2 2 2 127 891 6061 5450
8948 2 2 2 127 5556 6681 6610
8949 2 2 2 127 6218 8454 5977
8950 2 2 2 127 6783 8079 6341
8951 2 2 2 127 498 5908 499
8952 2 2 2 127 852 5919 5402
8953 2 2 2 127 5347 6033 723
8954 2 2 2 127 1118 6624 1119
8955 2 2 2 127 1621 6035 5431
8956 2 2 2 127 837 6036 5432
8957 2 2 2 127 6648 8804 6217
8958 2 2 2 127 946 5909 947
8959 2 2 2 127 1227 6271 6038
8960 2 2 2 127 1531 8773 1541
8961 2 2 2 127 1844 6081 5374
8962 2 2 2 127 257 6226 5879
8963 2 2 2 127 6156 6163 1748
8964 2 2 2 127 6155 6162 964
8965 2 2 2 127 446 5935 447
8966 2 2 2 127 499 6651 500
8967 2 2 2 127 1230 6078 5474
8968 2 2 2 127 5363 6252 538
8969 2 2 2 127 6923 7317 6940
8970 2 2 2 127 7078 8498 7083
8971 2 2 2 127 5492 6282 782
8972 2 2 2 127 5493 6281 1342
8973 2 2 2 127 798 6130 799
8974 2 2 2 127 165 6221 5451
8975 2 2 2 127 6960 7959 7745
8976 2 2 2 127 5980 6671 5738
8977 2 2 2 127 1841 8116 5928
8978 2 2 2 127 5350 6180 593
8979 2 2 2 127 5778 6115 1020
8980 2 2 2 127 1622 5966 1623
8981 2 2 2 127 1749 6163 5478
8982 2 2 2 127 1674 5945 1675
8983 2 2 2 127 6907 7236 6939
8984 2 2 2 127 1581 6181 1582
8985 2 2 2 127 666 6336 5511
8986 2 2 2 127 1114 6337 5512
8987 2 2 2 127 7657 8373 7659
8988 2 2 2 127 965 6162 5477
8989 2 2 2 127 1393 6127 5360
8990 2 2 2 127 6681 8959 6610
8991 2 2 2 127 349 6182 350
8992 2 2 2 127 166 5969 167
8993 2 2 2 127 2086 6229 5389
8994 2 2 2 127 5916 8139 8067
8995 2 2 2 127 838 5965 839
8996 2 2 2 127 1566 6147 5418
8997 2 2 2 127 778 6519 6269
8998 2 2 2 127 501 6521 5983
8999 2 2 2 127 1226 6520 6271
9000 2 2 2 127 1323 5897 5417
9001 2 2 2 127 1006 6362 5412
9002 2 2 2 127 669 6308 670
9003 2 2 2 127 724 6033 5392
9004 2 2 2 127 216 6496 217
9005 2 2 2 127 333 6113 334
9006 2 2 2 127 558 6108 5455
9007 2 2 2 127 385 5968 386
9008 2 2 2 127 6304 8579 8152
9009 2 2 2 127 180 5992 181
9010 2 2 2 127 6307 8586 5777
9011 2 2 2 127 537 6111 5363
9012 2 2 2 127 725 6011 726
9013 2 2 2 127 6837 8818 7479
9014 2 2 2 127 5412 8226 1007
9015 2 2 2 127 7584 7589 7588
9016 2 2 2 127 2068 6653 2069
9017 2 2 2 127 2070 5982 5487
9018 2 2 2 127 502 5983 5486
9019 2 2 2 127 7954 8292 7475
9020 2 2 2 127 7572 7887 7581
9021 2 2 2 127 6241 7967 6113
9022 2 2 2 127 6849 7439 6847
9023 2 2 2 127 5529 6136 1958
9024 2 2 2 127 5530 6137 390
9025 2 2 2 127 1790 5954 5475
9026 2 2 2 127 8165 8377 7679
9027 2 2 2 127 6367 8940 5722
9028 2 2 2 127 6366 8939 5723
9029 2 2 2 127 497 5943 5393
9030 2 2 2 127 1733 6095 1734
9031 2 2 2 127 949 6096 950
9032 2 2 2 127 2120 6498 2121
9033 2 2 2 127 6443 8881 5988
9034 2 2 2 127 7105 7109 7108
9035 2 2 2 127 5456 6022 409
9036 2 2 2 127 7470 7694 7681
9037 2 2 2 127 6045 8450 8037
9038 2 2 2 127 2122 6239 5357
9039 2 2 2 127 6041 6783 6341
9040 2 2 2 127 1209 6327 1210
9041 2 2 2 127 2087 5997 2088
9042 2 2 2 127 8315 8728 6186
9043 2 2 2 127 5408 6084 1338
9044 2 2 2 127 6179 8075 7935
9045 2 2 2 127 8152 8579 6189
9046 2 2 2 127 5423 8138 5847
9047 2 2 2 127 6434 8721 5715
9048 2 2 2 127 5842 8288 237
9049 2 2 2 127 1991 6109 1992
9050 2 2 2 127 1207 6110 1208
9051 2 2 2 127 6608 6654 1001
9052 2 2 2 127 1546 5998 1547
9053 2 2 2 127 5681 6706 6705
9054 2 2 2 127 5409 6129 311
9055 2 2 2 127 985 5974 5368
9056 2 2 2 127 646 6175 647
9057 2 2 2 127 758 6157 759
9058 2 2 2 127 1304 6049 1305
9059 2 2 2 127 6738 8226 5412
9060 2 2 2 127 184 6112 185
9061 2 2 2 127 312 6129 5334
9062 2 2 2 127 632 5999 5489
9063 2 2 2 127 968 6000 5488
9064 2 2 2 127 1470 6144 1471
9065 2 2 2 127 6623 8239 5780
9066 2 2 2 127 310 6435 5409
9067 2 2 2 127 648 6002 5471
9068 2 2 2 127 5448 6133 1265
9069 2 2 2 127 5499 6614 6467
9070 2 2 2 127 7024 8258 7032
9071 2 2 2 127 7057 8818 7691
9072 2 2 2 127 760 6006 761
9073 2 2 2 127 518 6305 519
9074 2 2 2 127 1094 6436 5403
9075 2 2 2 127 7243 7730 7729
9076 2 2 2 127 295 6357 296
9077 2 2 2 127 743 6358 744
9078 2 2 2 127 5403 6003 1095
9079 2 2 2 127 6905 7236 6907
9080 2 2 2 127 6866 7430 6937
9081 2 2 2 127 5365 5954 1789
9082 2 2 2 127 1096 6003 5470
9083 2 2 2 127 1174 5994 5457
9084 2 2 2 127 5910 6469 5909
9085 2 2 2 127 6502 8218 6808
9086 2 2 2 127 6505 8216 6807
9087 2 2 2 127 6617 8132 221
9088 2 2 2 127 6618 8133 1453
9089 2 2 2 127 6658 6762 6323
9090 2 2 2 127 521 6258 5495
9091 2 2 2 127 857 6257 5496
9092 2 2 2 127 7219 7750 7218
9093 2 2 2 127 5908 6250 6216
9094 2 2 2 127 1303 6005 5404
9095 2 2 2 127 6648 7933 6483
9096 2 2 2 127 5641 8070 6283
9097 2 2 2 127 6649 7934 6482
9098 2 2 2 127 6327 8237 1210
9099 2 2 2 127 6435 8881 6443
9100 2 2 2 127 406 6001 5364
9101 2 2 2 127 7049 7776 7552
9102 2 2 2 127 6020 6790 1918
9103 2 2 2 127 6486 7792 739
9104 2 2 2 127 5964 6536 5407
9105 2 2 2 127 1994 6249 5332
9106 2 2 2 127 6877 8573 8157
9107 2 2 2 127 6975 8856 6971
9108 2 2 2 127 5971 8110 8053
9109 2 2 2 127 5508 8641 6195
9110 2 2 2 127 7168 8088 7015
9111 2 2 2 127 966 5967 967
9112 2 2 2 127 1432 6042 5514
9113 2 2 2 127 6241 8276 7967
9114 2 2 2 127 107 8005 6235
9115 2 2 2 127 6206 8135 6008
9116 2 2 2 127 6343 7989 5549
9117 2 2 2 127 5499 6791 1358
9118 2 2 2 127 6192 6707 5679
9119 2 2 2 127 6105 8589 7664
9120 2 2 2 127 6338 7826 6008
9121 2 2 2 127 8251 8502 8376
9122 2 2 2 127 7582 8807 7583
9123 2 2 2 127 6112 8334 185
9124 2 2 2 127 7752 8594 7200
9125 2 2 2 127 494 8089 6640
9126 2 2 2 127 7687 7782 7244
9127 2 2 2 127 719 8283 37
9128 2 2 2 127 495 8282 23
9129 2 2 2 127 5461 6249 1993
9130 2 2 2 127 6147 8627 5418
9131 2 2 2 127 6634 8070 5641
9132 2 2 2 127 5374 6279 6007
9133 2 2 2 127 5433 6097 278
9134 2 2 2 127 7438 8100 7052
9135 2 2 2 127 5396 6809 573
9136 2 2 2 127 7650 7652 7651
9137 2 2 2 127 817 6183 818
9138 2 2 2 127 1878 6440 6220
9139 2 2 2 127 6184 8243 6771
9140 2 2 2 127 1510 5975 1511
9141 2 2 2 127 459 8335 5520
9142 2 2 2 127 6180 8138 5423
9143 2 2 2 127 216 8190 6496
9144 2 2 2 127 5779 8234 5346
9145 2 2 2 127 6085 8564 5484
9146 2 2 2 127 6043 8319 6451
9147 2 2 2 127 6030 6611 6432
9148 2 2 2 127 6031 6612 6433
9149 2 2 2 127 5745 8684 6363
9150 2 2 2 127 7622 7623 7620
9151 2 2 2 127 5838 7902 6339
9152 2 2 2 127 6444 8139 5917
9153 2 2 2 127 7982 8201 7546
9154 2 2 2 127 7689 8595 7661
9155 2 2 2 127 315 8254 5840
9156 2 2 2 127 5549 8257 6343
9157 2 2 2 127 5882 8280 1955
9158 2 2 2 127 8076 8564 6085
9159 2 2 2 127 6326 8508 5735
9160 2 2 2 127 6156 6819 6163
9161 2 2 2 127 6155 6820 6162
9162 2 2 2 127 1320 79 1321
9163 2 2 2 127 2104 114 2105
9164 2 2 2 127 1190 6795 1191
9165 2 2 2 127 6827 6829 6828
9166 2 2 2 127 2120 8203 6498
9167 2 2 2 127 1938 8250 5845
9168 2 2 2 127 5508 6195 1974
9169 2 2 2 127 6652 6659 5455
9170 2 2 2 127 5478 7888 6428
9171 2 2 2 127 2159 7748 2158
9172 2 2 2 127 6889 6943 6891
9173 2 2 2 127 5364 6206 6008
9174 2 2 2 127 7070 8593 7071
9175 2 2 2 127 5724 6761 6427
9176 2 2 2 127 7392 7648 7391
9177 2 2 2 127 1995 5921 1996
9178 2 2 2 127 6436 6824 5403
9179 2 2 2 127 273 8052 6259
9180 2 2 2 127 5778 8404 6115
9181 2 2 2 127 1729 8053 6260
9182 2 2 2 127 6159 8198 445
9183 2 2 2 127 7435 8858 7453
9184 2 2 2 127 7061 8003 7785
9185 2 2 2 127 1131 8298 5702
9186 2 2 2 127 6441 8892 5991
9187 2 2 2 127 5354 7615 7578
9188 2 2 2 127 5863 8190 205
9189 2 2 2 127 7880 8829 8172
9190 2 2 2 127 7864 8453 8263
9191 2 2 2 127 7069 8104 7066
9192 2 2 2 127 5744 8044 86
9193 2 2 2 127 6158 8059 6363
9194 2 2 2 127 6336 8034 6459
9195 2 2 2 127 6440 8892 6441
9196 2 2 2 127 5528 7879 6510
9197 2 2 2 127 5527 7878 6503
9198 2 2 2 127 6441 8395 5962
9199 2 2 2 127 5492 7800 6282
9200 2 2 2 127 5493 7801 6281
9201 2 2 2 127 758 8174 6360
9202 2 2 2 127 7326 8457 8253
9203 2 2 2 127 5877 8208 797
9204 2 2 2 127 7186 8236 8235
9205 2 2 2 127 7271 8179 7270
9206 2 2 2 127 7146 7683 7144
9207 2 2 2 127 5526 7924 6359
9208 2 2 2 127 6165 8096 6250
9209 2 2 2 127 5883 8426 1325
9210 2 2 2 127 7312 8035 6949
9211 2 2 2 127 6185 8725 6762
9212 2 2 2 127 6269 7995 5485
9213 2 2 2 127 7601 8552 7605
9214 2 2 2 127 5942 8203 2109
9215 2 2 2 127 6369 6764 1345
9216 2 2 2 127 6370 6763 1905
9217 2 2 2 127 5745 8059 2
9218 2 2 2 127 6130 8130 799
9219 2 2 2 127 6132 8232 6468
9220 2 2 2 127 5681 6707 6706
9221 2 2 2 127 5363 8302 6252
9222 2 2 2 127 5557 7989 6314
9223 2 2 2 127 5394 8701 6350
9224 2 2 2 127 1637 8082 7235
9225 2 2 2 127 5358 8279 6020
9226 2 2 2 127 6337 8084 5512
9227 2 2 2 127 6330 8115 7825
9228 2 2 2 127 7539 7564 7523
9229 2 2 2 127 6011 8189 726
9230 2 2 2 127 6344 6630 5366
9231 2 2 2 127 6807 8363 271
9232 2 2 2 127 7038 7161 7042
9233 2 2 2 127 7612 7647 7576
9234 2 2 2 127 6493 8451 614
9235 2 2 2 127 6647 8204 6216
9236 2 2 2 127 5459 8626 6291
9237 2 2 2 127 6981 8186 7342
9238 2 2 2 127 7628 8957 7736
9239 2 2 2 127 5932 8227 893
9240 2 2 2 127 6974 6979 6978
9241 2 2 2 127 30 8095 5742
9242 2 2 2 127 5396 8278 6809
9243 2 2 2 127 7572 7581 7580
9244 2 2 2 127 6152 7975 6318
9245 2 2 2 127 5512 8156 8057
9246 2 2 2 127 7823 7904 7353
9247 2 2 2 127 6907 6939 6909
9248 2 2 2 127 7991 8099 7438
9249 2 2 2 127 6624 7889 1119
9250 2 2 2 127 6219 8404 6738
9251 2 2 2 127 5439 8622 6294
9252 2 2 2 127 1130 8671 1131
9253 2 2 2 127 906 8662 907
9254 2 2 2 127 1690 8664 1691
9255 2 2 2 127 1466 8659 1467
9256 2 2 2 127 1802 8669 1803
9257 2 2 2 127 234 8663 235
9258 2 2 2 127 346 8666 347
9259 2 2 2 127 1354 8670 1355
9260 2 2 2 127 570 8661 571
9261 2 2 2 127 1914 8672 1915
9262 2 2 2 127 2138 8674 2139
9263 2 2 2 127 2026 8660 2027
9264 2 2 2 127 794 8668 795
9265 2 2 2 127 1018 8665 1019
9266 2 2 2 127 1578 8667 1579
9267 2 2 2 127 1242 8673 1243
9268 2 2 2 127 458 8658 459
9269 2 2 2 127 682 8657 683
9270 2 2 2 127 6302 6634 6015
9271 2 2 2 127 7603 8552 7601
9272 2 2 2 127 7660 8607 7658
9273 2 2 2 127 5780 8239 6188
9274 2 2 2 127 7517 7518 7220
9275 2 2 2 127 7555 8258 7024
9276 2 2 2 127 6519 7848 6269
9277 2 2 2 127 6163 7888 5478
9278 2 2 2 127 6520 7849 6271
9279 2 2 2 127 7665 7666 7654
9280 2 2 2 127 1695 6810 6470
9281 2 2 2 127 5878 8382 6450
9282 2 2 2 127 6305 8126 519
9283 2 2 2 127 6431 8878 8454
9284 2 2 2 127 5447 8964 6491
9285 2 2 2 127 6117 8597 6292
9286 2 2 2 127 7308 7754 929
9287 2 2 2 127 6521 8308 5983
9288 2 2 2 127 1615 6808 6471
9289 2 2 2 127 7630 7644 7504
9290 2 2 2 127 6021 6810 6466
9291 2 2 2 127 295 8347 6357
9292 2 2 2 127 743 8348 6358
9293 2 2 2 127 7825 8115 5781
9294 2 2 2 127 6229 7966 5389
9295 2 2 2 127 7034 8910 7065
9296 2 2 2 127 7947 7948 7006
9297 2 2 2 127 7244 7729 7687
9298 2 2 2 127 7197 8875 8184
9299 2 2 2 127 5968 8237 8182
9300 2 2 2 127 785 8391 786
9301 2 2 2 127 6213 8057 6080
9302 2 2 2 127 38 6285 720
9303 2 2 2 127 3 6298 160
9304 2 2 2 127 6144 8204 6647
9305 2 2 2 127 52 6296 944
9306 2 2 2 127 94 6291 1616
9307 2 2 2 127 108 6297 1840
9308 2 2 2 127 17 6292 384
9309 2 2 2 127 101 6293 1728
9310 2 2 2 127 10 6290 272
9311 2 2 2 127 87 6287 1504
9312 2 2 2 127 122 6286 2064
9313 2 2 2 127 45 6300 832
9314 2 2 2 127 115 6289 1952
9315 2 2 2 127 24 6284 496
9316 2 2 2 127 80 6294 1392
9317 2 2 2 127 73 6299 1280
9318 2 2 2 127 66 6295 1168
9319 2 2 2 127 59 6288 1056
9320 2 2 2 127 5461 8224 6249
9321 2 2 2 127 6702 6744 5342
9322 2 2 2 127 7764 8982 7525
9323 2 2 2 127 6949 8035 6948
9324 2 2 2 127 5406 7794 1581
9325 2 2 2 127 7013 7015 7014
9326 2 2 2 127 5415 7796 349
9327 2 2 2 127 5997 8232 2088
9328 2 2 2 127 6973 6974 6972
9329 2 2 2 127 5577 6695 6586
9330 2 2 2 127 6007 7881 6758
9331 2 2 2 127 5342 6744 6512
9332 2 2 2 127 6845 6849 6847
9333 2 2 2 127 6963 7802 7712
9334 2 2 2 127 6362 8068 5820
9335 2 2 2 127 7432 8686 7136
9336 2 2 2 127 6824 8882 5989
9337 2 2 2 127 5998 8225 1547
9338 2 2 2 127 7243 8400 7730
9339 2 2 2 127 6974 7928 7309
9340 2 2 2 127 6359 8964 5447
9341 2 2 2 127 7379 8753 7381
9342 2 2 2 127 6274 8242 6782
9343 2 2 2 127 6782 8242 5560
9344 2 2 2 127 747 8488 757
9345 2 2 2 127 6049 8275 1305
9346 2 2 2 127 6829 6831 6830
9347 2 2 2 127 1773 8029 1774
9348 2 2 2 127 1661 8021 1662
9349 2 2 2 127 1885 8028 1886
9350 2 2 2 127 989 8025 990
9351 2 2 2 127 1213 8022 1214
9352 2 2 2 127 317 8019 318
9353 2 2 2 127 541 8024 542
9354 2 2 2 127 1101 8027 1102
9355 2 2 2 127 653 8015 654
9356 2 2 2 127 1549 8020 1550
9357 2 2 2 127 765 8018 766
9358 2 2 2 127 429 8016 430
9359 2 2 2 127 877 8023 878
9360 2 2 2 127 1437 8017 1438
9361 2 2 2 127 1997 8026 1998
9362 2 2 2 127 2102 7913 2103
9363 2 2 2 127 7637 7648 7392
9364 2 2 2 127 1021 8291 5356
9365 2 2 2 127 1019 8226 5778
9366 2 2 2 127 7913 8187 2103
9367 2 2 2 127 7846 7978 6092
9368 2 2 2 127 5349 7508 7029
9369 2 2 2 127 6662 6726 6354
9370 2 2 2 127 7439 8522 7490
9371 2 2 2 127 6115 8291 1021
9372 2 2 2 127 6311 6529 5883
9373 2 2 2 127 6144 8181 1471
9374 2 2 2 127 6847 6852 6848
9375 2 2 2 127 7027 8165 7773
9376 2 2 2 127 816 5779 5346
9377 2 2 2 127 7272 8816 7674
9378 2 2 2 127 7531 7722 7467
9379 2 2 2 127 8063 8991 7123
9380 2 2 2 127 7271 7441 7419
9381 2 2 2 127 6186 8728 5795
9382 2 2 2 127 6866 6937 6868
9383 2 2 2 127 5775 7913 6476
9384 2 2 2 127 7674 8816 7441
9385 2 2 2 127 7456 7457 7455
9386 2 2 2 127 8158 8159 7667
9387 2 2 2 127 7303 7650 7302
9388 2 2 2 127 1772 6800 1773
9389 2 2 2 127 6631 8065 5929
9390 2 2 2 127 5564 7738 7569
9391 2 2 2 127 7228 8434 8030
9392 2 2 2 127 7907 8733 7369
9393 2 2 2 127 7095 8050 7117
9394 2 2 2 127 6445 8900 557
9395 2 2 2 127 6885 7390 6942
9396 2 2 2 127 7174 7784 7677
9397 2 2 2 127 5379 7805 7493
9398 2 2 2 127 7385 7557 7386
9399 2 2 2 127 7284 7569 7404
9400 2 2 2 127 6644 7985 2064
9401 2 2 2 127 6645 7986 1504
9402 2 2 2 127 5538 6818 6333
9403 2 2 2 127 6258 7958 5495
9404 2 2 2 127 6257 7957 5496
9405 2 2 2 127 6072 7831 7714
9406 2 2 2 127 2064 7985 2065
9407 2 2 2 127 1504 7986 1505
9408 2 2 2 127 6921 7317 6923
9409 2 2 2 127 6652 8087 5847
9410 2 2 2 127 1005 7997 6362
9411 2 2 2 127 5967 8343 967
9412 2 2 2 127 5528 6510 1569
9413 2 2 2 127 5527 6503 225
9414 2 2 2 127 1336 6529 1337
9415 2 2 2 127 271 8363 6312
9416 2 2 2 127 5847 8087 5846
9417 2 2 2 127 7703 7790 7301
9418 2 2 2 127 8000 8013 5434
9419 2 2 2 127 6921 8267 7317
9420 2 2 2 127 7109 8768 7110
9421 2 2 2 127 6677 8083 5690
9422 2 2 2 127 7584 8726 7589
9423 2 2 2 127 7474 7739 7735
9424 2 2 2 127 5372 8441 7478
9425 2 2 2 127 7002 7013 7008
9426 2 2 2 127 1191 8320 1192
9427 2 2 2 127 6427 8297 5724
9428 2 2 2 127 6192 6756 6518
9429 2 2 2 127 6483 7933 1859
9430 2 2 2 127 6482 7934 1075
9431 2 2 2 127 6923 6940 6925
9432 2 2 2 127 6837 7479 6833
9433 2 2 2 127 1563 8861 1619
9434 2 2 2 127 1003 8862 835
9435 2 2 2 127 5445 6511 449
9436 2 2 2 127 7076 8991 7118
9437 2 2 2 127 1192 8320 6107
9438 2 2 2 127 5644 6656 6497
9439 2 2 2 127 5377 7961 7757
9440 2 2 2 127 6833 6838 6831
9441 2 2 2 127 7152 7540 7444
9442 2 2 2 127 6633 6770 5850
9443 2 2 2 127 6224 8192 6815
9444 2 2 2 127 8210 8321 6149
9445 2 2 2 127 7656 7665 7654
9446 2 2 2 127 687 7792 35
9447 2 2 2 127 8209 8326 6148
9448 2 2 2 127 7950 8272 7949
9449 2 2 2 127 6931 8270 7959
9450 2 2 2 127 5441 6296 932
9451 2 2 2 127 5459 6291 1604
9452 2 2 2 127 1113 8033 6337
9453 2 2 2 127 665 8034 6336
9454 2 2 2 127 6117 6292 372
9455 2 2 2 127 7451 8510 7697
9456 2 2 2 127 7911 8012 7427
9457 2 2 2 127 6104 6293 1716
9458 2 2 2 127 6103 6290 260
9459 2 2 2 127 6607 8214 553
9460 2 2 2 127 7861 8497 7171
9461 2 2 2 127 6453 6741 5535
9462 2 2 2 127 6454 6742 5536
9463 2 2 2 127 6183 8262 818
9464 2 2 2 127 7100 8432 7104
9465 2 2 2 127 6758 7881 6314
9466 2 2 2 127 7706 8522 7439
9467 2 2 2 127 6919 8680 7339
9468 2 2 2 127 1434 8091 6060
9469 2 2 2 127 874 8090 6059
9470 2 2 2 127 5440 6284 484
9471 2 2 2 127 5439 6294 1380
9472 2 2 2 127 6279 7881 6007
9473 2 2 2 127 7457 7536 7455
9474 2 2 2 127 5641 8178 6634
9475 2 2 2 127 6358 8348 5519
9476 2 2 2 127 6448 6633 5388
9477 2 2 2 127 202 8283 6092
9478 2 2 2 127 5435 6506 1793
9479 2 2 2 127 5437 6508 1233
9480 2 2 2 127 1059 7167 1060
9481 2 2 2 127 7725 8507 5383
9482 2 2 2 127 5980 6814 6671
9483 2 2 2 127 5441 8086 6296
9484 2 2 2 127 6225 6504 1121
9485 2 2 2 127 7759 8761 7204
9486 2 2 2 127 5873 8077 6643
9487 2 2 2 127 2109 8512 2110
9488 2 2 2 127 205 8513 206
9489 2 2 2 127 1325 8514 1326
9490 2 2 2 127 7569 8072 5564
9491 2 2 2 127 1882 7531 6914
9492 2 2 2 127 7547 8631 7252
9493 2 2 2 127 877 8461 8023
9494 2 2 2 127 1437 8462 8017
9495 2 2 2 127 6104 7968 6293
9496 2 2 2 127 6103 7969 6290
9497 2 2 2 127 426 8282 6048
9498 2 2 2 127 1562 8861 1563
9499 2 2 2 127 1002 8862 1003
9500 2 2 2 127 8182 8237 6327
9501 2 2 2 127 6935 7239 6954
9502 2 2 2 127 6731 8002 6670
9503 2 2 2 127 7526 8864 7339
9504 2 2 2 127 5920 7832 6663
9505 2 2 2 127 6800 8811 1773
9506 2 2 2 127 1637 7235 1638
9507 2 2 2 127 6164 8466 5404
9508 2 2 2 127 5440 8041 6284
9509 2 2 2 127 907 8662 7894
9510 2 2 2 127 8084 8805 5879
9511 2 2 2 127 7237 7840 7236
9512 2 2 2 127 1973 8321 6320
9513 2 2 2 127 571 8661 7897
9514 2 2 2 127 1915 8672 7898
9515 2 2 2 127 238 8315 5502
9516 2 2 2 127 1467 8659 7900
9517 2 2 2 127 235 8663 7901
9518 2 2 2 127 6832 6833 6831
9519 2 2 2 127 1957 8323 6321
9520 2 2 2 127 389 8324 6322
9521 2 2 2 127 6046 8449 8266
9522 2 2 2 127 405 8326 6324
9523 2 2 2 127 7015 7021 7016
9524 2 2 2 127 5445 8170 6511
9525 2 2 2 127 5774 8533 7974
9526 2 2 2 127 1972 8321 1973
9527 2 2 2 127 7837 8747 8305
9528 2 2 2 127 7999 8013 8000
9529 2 2 2 127 1956 8323 1957
9530 2 2 2 127 8154 8685 6200
9531 2 2 2 127 388 8324 389
9532 2 2 2 127 404 8326 405
9533 2 2 2 127 831 6074 5343
9534 2 2 2 127 6306 8315 238
9535 2 2 2 127 7104 7761 7105
9536 2 2 2 127 7561 7963 7765
9537 2 2 2 127 6827 8099 7991
9538 2 2 2 127 6981 6983 6982
9539 2 2 2 127 1210 8486 1211
9540 2 2 2 127 8093 8140 6793
9541 2 2 2 127 7658 7672 7656
9542 2 2 2 127 7451 8613 7450
9543 2 2 2 127 1468 8307 1469
9544 2 2 2 127 7576 7647 7574
9545 2 2 2 127 5881 8307 1468
9546 2 2 2 127 6114 8139 6444
9547 2 2 2 127 1879 8350 5355
9548 2 2 2 127 1377 8533 5774
9549 2 2 2 127 5517 8002 6368
9550 2 2 2 127 6220 8350 1879
9551 2 2 2 127 652 8450 6045
9552 2 2 2 127 1100 8449 6046
9553 2 2 2 127 7549 8048 2150
9554 2 2 2 127 1450 8093 6793
9555 2 2 2 127 6953 8891 6955
9556 2 2 2 127 6202 8450 8195
9557 2 2 2 127 6201 8449 8196
9558 2 2 2 127 6938 8606 8162
9559 2 2 2 127 667 8319 668
9560 2 2 2 127 6545 8635 1322
9561 2 2 2 127 6993 8809 7198
9562 2 2 2 127 6536 6803 5407
9563 2 2 2 127 516 8322 517
9564 2 2 2 127 2084 8325 2085
9565 2 2 2 127 5510 8449 1099
9566 2 2 2 127 5509 8450 651
9567 2 2 2 127 6346 8837 5888
9568 2 2 2 127 6349 7874 5424
9569 2 2 2 127 7350 7860 7857
9570 2 2 2 127 1713 8382 5878
9571 2 2 2 127 7355 8200 1156
9572 2 2 2 127 1936 8187 1937
9573 2 2 2 127 5404 8466 6334
9574 2 2 2 127 7474 8494 7739
9575 2 2 2 127 7581 8807 7582
9576 2 2 2 127 1299 7677 7172
9577 2 2 2 127 6964 7643 6950
9578 2 2 2 127 7691 8818 6837
9579 2 2 2 127 5355 8350 7528
9580 2 2 2 127 6319 8364 5916
9581 2 2 2 127 6509 7854 6074
9582 2 2 2 127 5435 8180 6506
9583 2 2 2 127 5927 8322 516
9584 2 2 2 127 6055 8325 2084
9585 2 2 2 127 8315 8443 5502
9586 2 2 2 127 6813 7974 1318
9587 2 2 2 127 6347 8832 5919
9588 2 2 2 127 6534 7941 6205
9589 2 2 2 127 6490 7871 6248
9590 2 2 2 127 6200 8685 872
9591 2 2 2 127 983 8345 984
9592 2 2 2 127 6914 7531 7462
9593 2 2 2 127 519 8314 520
9594 2 2 2 127 683 8657 7926
9595 2 2 2 127 7032 8971 7034
9596 2 2 2 127 668 8319 6043
9597 2 2 2 127 6274 6782 6279
9598 2 2 2 127 6436 8882 6824
9599 2 2 2 127 5437 8193 6508
9600 2 2 2 127 855 8684 856
9601 2 2 2 127 5343 5779 44
9602 2 2 2 127 6143 6755 5973
9603 2 2 2 127 8052 8155 6259
9604 2 2 2 127 6976 8856 7642
9605 2 2 2 127 7644 7645 7216
9606 2 2 2 127 5975 8603 6355
9607 2 2 2 127 6936 8267 6921
9608 2 2 2 127 984 8345 6464
9609 2 2 2 127 7726 7767 7440
9610 2 2 2 127 7593 7819 7612
9611 2 2 2 127 853 8344 854
9612 2 2 2 127 1394 7306 1395
9613 2 2 2 127 6456 7916 5737
9614 2 2 2 127 6881 6885 6882
9615 2 2 2 127 6966 7973 7543
9616 2 2 2 127 1376 79 1320
9617 2 2 2 127 1936 114 2104
9618 2 2 2 127 856 8684 8313
9619 2 2 2 127 7317 7705 6940
9620 2 2 2 127 7078 7083 7081
9621 2 2 2 127 6470 8965 1695
9622 2 2 2 127 6630 7847 5366
9623 2 2 2 127 7286 7790 7703
9624 2 2 2 127 6157 8397 6304
9625 2 2 2 127 7532 7821 7680
9626 2 2 2 127 5471 8110 649
9627 2 2 2 127 7383 8765 7385
9628 2 2 2 127 7092 8703 7170
9629 2 2 2 127 5456 6353 6325
9630 2 2 2 127 7341 8434 8069
9631 2 2 2 127 7539 7554 7553
9632 2 2 2 127 6471 8963 1615
9633 2 2 2 127 1322 8635 5897
9634 2 2 2 127 8316 8852 8702
9635 2 2 2 127 5436 6783 6455
9636 2 2 2 127 7143 7571 7567
9637 2 2 2 127 6304 8397 7799
9638 2 2 2 127 1394 8185 7306
9639 2 2 2 127 7059 7875 6873
9640 2 2 2 127 1189 8355 6316
9641 2 2 2 127 7118 8991 8063
9642 2 2 2 127 6587 6728 6701
9643 2 2 2 127 31 7909 608
9644 2 2 2 127 6495 8344 853
9645 2 2 2 127 7342 7904 6983
9646 2 2 2 127 8284 8306 7253
9647 2 2 2 127 7459 8876 7340
9648 2 2 2 127 5397 8355 1189
9649 2 2 2 127 7430 7679 6937
9650 2 2 2 127 7445 8188 7741
9651 2 2 2 127 7486 8510 8008
9652 2 2 2 127 5701 6547 6019
9653 2 2 2 127 7282 8465 7349
9654 2 2 2 127 7755 7954 7475
9655 2 2 2 127 5917 8241 6444
9656 2 2 2 127 2009 6342 5361
9657 2 2 2 127 7147 8159 7132
9658 2 2 2 127 5715 7793 6434
9659 2 2 2 127 5962 8612 6441
9660 2 2 2 127 6845 6846 6838
9661 2 2 2 127 5436 6455 673
9662 2 2 2 127 7396 7514 7398
9663 2 2 2 127 6265 8688 8627
9664 2 2 2 127 557 8900 6108
9665 2 2 2 127 5995 8111 6517
9666 2 2 2 127 6489 8805 8033
9667 2 2 2 127 5840 6523 5567
9668 2 2 2 127 1228 8357 5367
9669 2 2 2 127 5352 6040 1787
9670 2 2 2 127 6855 6857 6856
9671 2 2 2 127 7312 7734 7627
9672 2 2 2 127 7620 8228 7622
9673 2 2 2 127 6296 8086 944
9674 2 2 2 127 6038 8357 1228
9675 2 2 2 127 7157 8349 8071
9676 2 2 2 127 6090 7942 7017
9677 2 2 2 127 5637 6646 6462
9678 2 2 2 127 6814 7814 7813
9679 2 2 2 127 6357 8828 6352
9680 2 2 2 127 5884 6311 5883
9681 2 2 2 127 7660 7662 7661
9682 2 2 2 127 2176 8309 5376
9683 2 2 2 127 7797 8909 6943
9684 2 2 2 127 5856 7869 6917
9685 2 2 2 127 7020 8230 7859
9686 2 2 2 127 6785 7800 5492
9687 2 2 2 127 6786 7801 5493
9688 2 2 2 127 6203 8694 5997
9689 2 2 2 127 5921 6105 5923
9690 2 2 2 127 7774 8502 6958
9691 2 2 2 127 5514 8433 1433
9692 2 2 2 127 1306 8473 1307
9693 2 2 2 127 2090 8472 2091
9694 2 2 2 127 1194 8471 1195
9695 2 2 2 127 1866 8470 1867
9696 2 2 2 127 1082 8480 1083
9697 2 2 2 127 634 8474 635
9698 2 2 2 127 410 8477 411
9699 2 2 2 127 186 8479 187
9700 2 2 2 127 1418 8475 1419
9701 2 2 2 127 1642 8476 1643
9702 2 2 2 127 1978 8478 1979
9703 2 2 2 127 298 8469 299
9704 2 2 2 127 6695 8431 6586
9705 2 2 2 127 6188 7793 6734
9706 2 2 2 127 7714 8040 6072
9707 2 2 2 127 7414 7961 7925
9708 2 2 2 127 1433 8433 8091
9709 2 2 2 127 7057 7767 7726
9710 2 2 2 127 6697 8409 6176
9711 2 2 2 127 5976 8435 7760
9712 2 2 2 127 5638 6656 5639
9713 2 2 2 127 6333 8303 5538
9714 2 2 2 127 7659 8338 7737
9715 2 2 2 127 7476 8039 7690
9716 2 2 2 127 6253 7978 7932
9717 2 2 2 127 2172 7751 2171
9718 2 2 2 127 6184 8234 8031
9719 2 2 2 127 1335 8514 1336
9720 2 2 2 127 2119 8512 2120
9721 2 2 2 127 215 8513 216
9722 2 2 2 127 7920 7921 7490
9723 2 2 2 127 2027 8660 6251
9724 2 2 2 127 944 8086 6310
9725 2 2 2 127 6851 8362 7456
9726 2 2 2 127 6063 6805 6361
9727 2 2 2 127 1765 8385 1766
9728 2 2 2 127 981 8388 982
9729 2 2 2 127 7071 7074 7070
9730 2 2 2 127 6225 8074 6504
9731 2 2 2 127 7056 8901 8088
9732 2 2 2 127 1544 8452 1545
9733 2 2 2 127 882 6603 813
9734 2 2 2 127 1106 6604 1037
9735 2 2 2 127 322 6597 253
9736 2 2 2 127 2114 6605 2045
9737 2 2 2 127 1554 6601 1485
9738 2 2 2 127 1218 6600 1149
9739 2 2 2 127 770 6596 701
9740 2 2 2 127 1778 6591 1709
9741 2 2 2 127 1890 6598 1821
9742 2 2 2 127 546 6593 477
9743 2 2 2 127 210 6592 141
9744 2 2 2 127 1666 6595 1597
9745 2 2 2 127 1330 6602 1261
9746 2 2 2 127 1442 6590 1373
9747 2 2 2 127 2002 6594 1933
9748 2 2 2 127 994 6599 925
9749 2 2 2 127 434 6589 365
9750 2 2 2 127 658 6588 589
9751 2 2 2 127 1767 5996 1768
9752 2 2 2 127 1336 8426 6529
9753 2 2 2 127 5384 7780 2164
9754 2 2 2 127 6916 8822 7702
9755 2 2 2 127 6448 8511 6210
9756 2 2 2 127 7905 8131 6071
9757 2 2 2 127 7129 8338 7147
9758 2 2 2 127 1785 6047 6039
9759 2 2 2 127 869 8406 870
9760 2 2 2 127 533 8405 534
9761 2 2 2 127 7082 7797 7429
9762 2 2 2 127 6203 8431 6695
9763 2 2 2 127 6704 6705 6278
9764 2 2 2 127 8053 8110 6260
9765 2 2 2 127 2171 7636 2170
9766 2 2 2 127 2171 7751 7636
9767 2 2 2 127 7739 8168 7598
9768 2 2 2 127 8113 8114 6128
9769 2 2 2 127 6919 7339 6936
9770 2 2 2 127 306 6582 301
9771 2 2 2 127 754 6583 749
9772 2 2 2 127 978 6576 973
9773 2 2 2 127 1762 6574 1757
9774 2 2 2 127 1202 6580 1197
9775 2 2 2 127 418 6570 413
9776 2 2 2 127 642 6566 637
9777 2 2 2 127 2098 6581 2093
9778 2 2 2 127 866 6567 861
9779 2 2 2 127 530 6569 525
9780 2 2 2 127 194 6571 189
9781 2 2 2 127 1986 6577 1981
9782 2 2 2 127 1314 6579 1309
9783 2 2 2 127 1090 6572 1085
9784 2 2 2 127 1650 6575 1645
9785 2 2 2 127 1874 6578 1869
9786 2 2 2 127 1426 6568 1421
9787 2 2 2 127 1538 6573 1533
9788 2 2 2 127 2049 8609 6139
9789 2 2 2 127 466 6565 509
9790 2 2 2 127 690 6564 733
9791 2 2 2 127 1250 6557 1293
9792 2 2 2 127 1474 6562 1517
9793 2 2 2 127 914 6555 957
9794 2 2 2 127 1362 6553 1405
9795 2 2 2 127 1586 6554 1629
9796 2 2 2 127 1698 6549 1741
9797 2 2 2 127 354 6551 397
9798 2 2 2 127 578 6556 621
9799 2 2 2 127 130 6550 173
9800 2 2 2 127 242 6552 285
9801 2 2 2 127 1026 6563 1069
9802 2 2 2 127 2034 6558 2077
9803 2 2 2 127 1138 6561 1181
9804 2 2 2 127 1922 6559 1965
9805 2 2 2 127 802 6548 845
9806 2 2 2 127 1810 6560 1853
9807 2 2 2 127 6224 8695 5865
9808 2 2 2 127 8066 8614 5892
9809 2 2 2 127 5366 7847 669
9810 2 2 2 127 7565 7830 7034
9811 2 2 2 127 5376 8309 7724
9812 2 2 2 127 7287 7497 7290
9813 2 2 2 127 6917 7869 7672
9814 2 2 2 127 6782 7908 6279
9815 2 2 2 127 1543 6051 5341
9816 2 2 2 127 6466 6627 6021
9817 2 2 2 127 6725 8125 5903
9818 2 2 2 127 5371 8082 1637
9819 2 2 2 127 7859 8720 7020
9820 2 2 2 127 2170 7636 5481
9821 2 2 2 127 6490 8317 7871
9822 2 2 2 127 1541 8425 1542
9823 2 2 2 127 7109 7749 7114
9824 2 2 2 127 6439 8813 630
9825 2 2 2 127 7359 8437 7362
9826 2 2 2 127 6943 7487 6891
9827 2 2 2 127 7433 8902 7134
9828 2 2 2 127 757 8174 758
9829 2 2 2 127 163 8213 164
9830 2 2 2 127 611 8214 612
9831 2 2 2 127 6001 8430 6196
9832 2 2 2 127 7013 7190 7031
9833 2 2 2 127 7310 8987 7309
9834 2 2 2 127 6935 6953 6952
9835 2 2 2 127 6815 8695 6224
9836 2 2 2 127 6939 7993 6909
9837 2 2 2 127 6973 7928 6974
9838 2 2 2 127 2105 6542 2106
9839 2 2 2 127 1659 7615 5354
9840 2 2 2 127 907 7894 5788
9841 2 2 2 127 6061 6794 6333
9842 2 2 2 127 7493 8983 5379
9843 2 2 2 127 1321 6545 1322
9844 2 2 2 127 161 8919 8256
9845 2 2 2 127 494 8427 8089
9846 2 2 2 127 6146 8646 8242
9847 2 2 2 127 6617 8325 6055
9848 2 2 2 127 6618 8322 5927
9849 2 2 2 127 571 7897 5841
9850 2 2 2 127 6990 6993 6991
9851 2 2 2 127 1915 7898 5851
9852 2 2 2 127 1467 7900 5521
9853 2 2 2 127 235 7901 5522
9854 2 2 2 127 5486 6473 503
9855 2 2 2 127 5487 6472 2071
9856 2 2 2 127 5783 6474 951
9857 2 2 2 127 5784 6475 1735
9858 2 2 2 127 7190 8843 7031
9859 2 2 2 127 7558 7670 7560
9860 2 2 2 127 6136 6477 1959
9861 2 2 2 127 6137 6478 391
9862 2 2 2 127 7172 7784 7173
9863 2 2 2 127 1786 6039 5352
9864 2 2 2 127 6849 7440 7439
9865 2 2 2 127 7739 8494 6976
9866 2 2 2 127 5458 6479 615
9867 2 2 2 127 7597 7682 7619
9868 2 2 2 127 5369 6662 6354
9869 2 2 2 127 7075 8991 7076
9870 2 2 2 127 7204 8423 7202
9871 2 2 2 127 6449 8721 6434
9872 2 2 2 127 7633 7636 7635
9873 2 2 2 127 6918 7648 7303
9874 2 2 2 127 7571 8197 7572
9875 2 2 2 127 5457 6480 1175
9876 2 2 2 127 5485 7995 6331
9877 2 2 2 127 7930 7970 7929
9878 2 2 2 127 6531 6819 6156
9879 2 2 2 127 6530 6820 6155
9880 2 2 2 127 7320 7643 7206
9881 2 2 2 127 6794 8609 2049
9882 2 2 2 127 6813 8473 1306
9883 2 2 2 127 1788 8436 5365
9884 2 2 2 127 8073 8655 7473
9885 2 2 2 127 7216 7645 7516
9886 2 2 2 127 2127 8598 125
9887 2 2 2 127 7226 8434 7228
9888 2 2 2 127 6355 8603 5429
9889 2 2 2 127 7828 8515 5858
9890 2 2 2 127 7497 7498 7290
9891 2 2 2 127 6631 8075 6179
9892 2 2 2 127 683 7926 5519
9893 2 2 2 127 6815 8477 410
9894 2 2 2 127 335 8411 13
9895 2 2 2 127 6816 8479 186
9896 2 2 2 127 7764 8246 7125
9897 2 2 2 127 6331 8553 5485
9898 2 2 2 127 1567 8412 90
9899 2 2 2 127 5914 8364 7975
9900 2 2 2 127 1231 8415 69
9901 2 2 2 127 1791 8416 104
9902 2 2 2 127 783 8418 41
9903 2 2 2 127 1343 8417 76
9904 2 2 2 127 7643 7938 6950
9905 2 2 2 127 1116 8652 8414
9906 2 2 2 127 7010 8599 7570
9907 2 2 2 127 7342 8121 7904
9908 2 2 2 127 7084 8992 7087
9909 2 2 2 127 6442 8395 6441
9910 2 2 2 127 8032 8213 329
9911 2 2 2 127 7697 8613 7451
9912 2 2 2 127 121 8303 2048
9913 2 2 2 127 7528 8350 6272
9914 2 2 2 127 7032 7034 7033
9915 2 2 2 127 7833 8060 7915
9916 2 2 2 127 1416 7508 5349
9917 2 2 2 127 6345 8614 8066
9918 2 2 2 127 7339 8982 7526
9919 2 2 2 127 7530 7722 7531
9920 2 2 2 127 7671 7828 7688
9921 2 2 2 127 5679 6707 5681
9922 2 2 2 127 7224 7503 7226
9923 2 2 2 127 6522 8131 7905
9924 2 2 2 127 7104 7105 7103
9925 2 2 2 127 5444 6509 897
9926 2 2 2 127 6194 8603 5975
9927 2 2 2 127 5405 6725 5899
9928 2 2 2 127 7771 7831 6070
9929 2 2 2 127 7585 8807 7886
9930 2 2 2 127 5360 8185 1394
9931 2 2 2 127 5970 6804 6492
9932 2 2 2 127 6097 6481 279
9933 2 2 2 127 5991 6442 6441
9934 2 2 2 127 1156 8200 6295
9935 2 2 2 127 7680 7821 7461
9936 2 2 2 127 7821 7918 7459
9937 2 2 2 127 1896 8045 1897
9938 2 2 2 127 2150 8534 7549
9939 2 2 2 127 7464 7680 7461
9940 2 2 2 127 7732 8617 5376
9941 2 2 2 127 7129 7132 7131
9942 2 2 2 127 6464 8345 6034
9943 2 2 2 127 7561 7765 7386
9944 2 2 2 127 6827 6828 5480
9945 2 2 2 127 7736 8957 7413
9946 2 2 2 127 6212 8314 8126
9947 2 2 2 127 6829 6830 6828
9948 2 2 2 127 5465 6482 1063
9949 2 2 2 127 5464 6483 1847
9950 2 2 2 127 5711 8721 6449
9951 2 2 2 127 6829 6832 6831
9952 2 2 2 127 6606 8589 5332
9953 2 2 2 127 6614 6796 6467
9954 2 2 2 127 5376 8617 2175
9955 2 2 2 127 6058 6657 6497
9956 2 2 2 127 6047 8574 6039
9957 2 2 2 127 7675 8751 7322
9958 2 2 2 127 6866 8873 7430
9959 2 2 2 127 7532 7820 6915
9960 2 2 2 127 6640 8089 6261
9961 2 2 2 127 5535 8615 6453
9962 2 2 2 127 5536 8616 6454
9963 2 2 2 127 5497 6813 1306
9964 2 2 2 127 7501 8088 7168
9965 2 2 2 127 1300 7172 6840
9966 2 2 2 127 8369 8616 5536
9967 2 2 2 127 8368 8615 5535
9968 2 2 2 127 5513 6486 727
9969 2 2 2 127 6932 8202 8201
9970 2 2 2 127 6252 8302 7962
9971 2 2 2 127 7097 8817 7272
9972 2 2 2 127 6432 7971 6030
9973 2 2 2 127 6433 7972 6031
9974 2 2 2 127 7313 8255 7789
9975 2 2 2 127 6772 8322 6618
9976 2 2 2 127 6773 8325 6617
9977 2 2 2 127 7478 8745 5372
9978 2 2 2 127 6449 8360 5711
9979 2 2 2 127 7445 7988 7987
9980 2 2 2 127 5808 7906 5809
9981 2 2 2 127 5981 7816 7814
9982 2 2 2 127 6022 6815 410
9983 2 2 2 127 6979 6980 6978
9984 2 2 2 127 8298 8351 5702
9985 2 2 2 127 7250 7257 7249
9986 2 2 2 127 5989 8642 6824
9987 2 2 2 127 6023 6816 186
9988 2 2 2 127 6233 8381 6493
9989 2 2 2 127 6444 8001 6114
9990 2 2 2 127 6927 6935 6934
9991 2 2 2 127 5381 7751 2172
9992 2 2 2 127 5476 7914 6146
9993 2 2 2 127 7019 7020 6892
9994 2 2 2 127 5930 6519 6432
9995 2 2 2 127 6799 8240 7694
9996 2 2 2 127 5931 6520 6433
9997 2 2 2 127 6222 8369 5536
9998 2 2 2 127 6223 8368 5535
9999 2 2 2 127 6519 7971 6432
10000 2 2 2 127 6520 7972 6433
10001 2 2 2 127 6919 6921 6920
10002 2 2 2 127 7545 7824 7780
10003 2 2 2 127 6178 8176 8163
10004 2 2 2 127 7304 7746 7641
10005 2 2 2 127 7167 8440 1060
10006 2 2 2 127 7147 8338 7659
10007 2 2 2 127 7602 7812 7626
10008 2 2 2 127 7589 7596 7588
10009 2 2 2 127 5848 6633 5850
10010 2 2 2 127 7543 7973 7365
10011 2 2 2 127 7213 7504 7216
10012 2 2 2 127 6364 7978 7846
10013 2 2 2 127 6834 8887 7617
10014 2 2 2 127 48 8662 906
10015 2 2 2 127 62 8671 1130
10016 2 2 2 127 83 8659 1466
10017 2 2 2 127 97 8664 1690
10018 2 2 2 127 6 8663 234
10019 2 2 2 127 41 8668 794
10020 2 2 2 127 27 8661 570
10021 2 2 2 127 55 8665 1018
10022 2 2 2 127 125 8674 2138
10023 2 2 2 127 13 8666 346
10024 2 2 2 127 111 8672 1914
10025 2 2 2 127 76 8670 1354
10026 2 2 2 127 104 8669 1802
10027 2 2 2 127 69 8673 1242
10028 2 2 2 127 90 8667 1578
10029 2 2 2 127 118 8660 2026
10030 2 2 2 127 20 8658 458
10031 2 2 2 127 34 8657 682
10032 2 2 2 127 7206 7643 6964
10033 2 2 2 127 6929 7745 6951
10034 2 2 2 127 8484 8977 1692
10035 2 2 2 127 6870 6881 6879
10036 2 2 2 127 7649 7652 7650
10037 2 2 2 127 7453 8501 7435
10038 2 2 2 127 5875 7752 7200
10039 2 2 2 127 7590 7927 7595
10040 2 2 2 127 6752 8339 7816
10041 2 2 2 127 5334 7923 313
10042 2 2 2 127 6977 8370 7706
10043 2 2 2 127 6857 6863 6858
10044 2 2 2 127 8076 8430 6001
10045 2 2 2 127 6116 8277 1828
10046 2 2 2 127 5504 8276 148
10047 2 2 2 127 7400 7982 7546
10048 2 2 2 127 709 6285 38
10049 2 2 2 127 149 6298 3
10050 2 2 2 127 933 6296 52
10051 2 2 2 127 1605 6291 94
10052 2 2 2 127 1829 6297 108
10053 2 2 2 127 373 6292 17
10054 2 2 2 127 1717 6293 101
10055 2 2 2 127 261 6290 10
10056 2 2 2 127 1493 6287 87
10057 2 2 2 127 2053 6286 122
10058 2 2 2 127 821 6300 45
10059 2 2 2 127 1941 6289 115
10060 2 2 2 127 485 6284 24
10061 2 2 2 127 1381 6294 80
10062 2 2 2 127 1269 6299 73
10063 2 2 2 127 1157 6295 66
10064 2 2 2 127 1045 6288 59
10065 2 2 2 127 7112 7127 7126
10066 2 2 2 127 5538 8303 121
10067 2 2 2 127 7239 7698 6954
10068 2 2 2 127 7737 8337 7668
10069 2 2 2 127 6840 7180 1301
10070 2 2 2 127 1043 8171 1044
10071 2 2 2 127 7362 7785 7505
10072 2 2 2 127 5544 6534 6533
10073 2 2 2 127 6497 6656 6058
10074 2 2 2 127 7658 8607 7672
10075 2 2 2 127 7581 7582 7580
10076 2 2 2 127 1766 8385 6671
10077 2 2 2 127 8109 8324 6151
10078 2 2 2 127 7457 7948 7536
10079 2 2 2 127 7452 8838 8468
10080 2 2 2 127 982 8388 6680
10081 2 2 2 127 7920 8522 7004
10082 2 2 2 127 6360 8174 6118
10083 2 2 2 127 5480 7748 2159
10084 2 2 2 127 6040 8436 1788
10085 2 2 2 127 7892 8452 6052
10086 2 2 2 127 6457 6539 6098
10087 2 2 2 127 1692 8977 1693
10088 2 2 2 127 7670 8769 7560
10089 2 2 2 127 873 8685 8090
10090 2 2 2 127 1905 6763 1906
10091 2 2 2 127 1345 6764 1346
10092 2 2 2 127 7143 8575 7571
10093 2 2 2 127 5424 7922 180
10094 2 2 2 127 6833 8578 6845
10095 2 2 2 127 7419 8990 8179
10096 2 2 2 127 6523 8656 5567
10097 2 2 2 127 6231 8387 1133
10098 2 2 2 127 6636 8275 6049
10099 2 2 2 127 7706 7766 6977
10100 2 2 2 127 35 7792 6266
10101 2 2 2 127 6695 8694 6203
10102 2 2 2 127 5838 8380 6350
10103 2 2 2 127 7075 7076 7074
10104 2 2 2 127 6052 8452 1544
10105 2 2 2 127 7864 8263 7364
10106 2 2 2 127 5842 6653 6458
10107 2 2 2 127 7671 7688 7666
10108 2 2 2 127 7490 8522 7920
10109 2 2 2 127 6729 8959 5743
10110 2 2 2 127 7640 7772 7121
10111 2 2 2 127 6634 8178 6277
10112 2 2 2 127 7141 8973 8821
10113 2 2 2 127 949 8620 6540
10114 2 2 2 127 7583 7584 7582
10115 2 2 2 127 6365 7832 5458
10116 2 2 2 127 7654 8822 7651
10117 2 2 2 127 7664 7686 6105
10118 2 2 2 127 7063 7552 7396
10119 2 2 2 127 6870 8705 6881
10120 2 2 2 127 7712 8733 7907
10121 2 2 2 127 7683 8073 7142
10122 2 2 2 127 7369 8402 7907
10123 2 2 2 127 6255 8693 6701
10124 2 2 2 127 870 8406 6767
10125 2 2 2 127 534 8405 6766
10126 2 2 2 127 835 834 1003
10127 2 2 2 127 1619 1618 1563
10128 2 2 2 127 6705 6745 5681
10129 2 2 2 127 160 8919 161
10130 2 2 2 127 1828 8277 6297
10131 2 2 2 127 7843 8476 1642
10132 2 2 2 127 5773 8410 6518
10133 2 2 2 127 294 6666 295
10134 2 2 2 127 742 6667 743
10135 2 2 2 127 148 8276 6298
10136 2 2 2 127 1133 8387 7807
10137 2 2 2 127 7698 7851 7154
10138 2 2 2 127 5640 6658 5635
10139 2 2 2 127 7309 8987 6987
10140 2 2 2 127 6654 7870 6036
10141 2 2 2 127 6538 6772 6032
10142 2 2 2 127 7097 8432 7100
10143 2 2 2 127 7347 8318 7349
10144 2 2 2 127 7509 7970 7167
10145 2 2 2 127 7429 8393 7082
10146 2 2 2 127 6955 6957 6956
10147 2 2 2 127 6857 8774 6880
10148 2 2 2 127 7152 8992 7083
10149 2 2 2 127 5535 6741 1904
10150 2 2 2 127 5536 6742 1344
10151 2 2 2 127 7203 8184 7502
10152 2 2 2 127 7735 8810 7474
10153 2 2 2 127 2029 8654 2030
10154 2 2 2 127 8575 8973 7162
10155 2 2 2 127 9 8342 6585
10156 2 2 2 127 5942 6784 6498
10157 2 2 2 127 6855 7456 7455
10158 2 2 2 127 6342 8374 5361
10159 2 2 2 127 1055 8702 58
10160 2 2 2 127 1896 8683 8045
10161 2 2 2 127 7932 7978 5525
10162 2 2 2 127 6074 7019 5343
10163 2 2 2 127 5332 8589 6105
10164 2 2 2 127 5796 7967 5504
10165 2 2 2 127 7128 8978 7129
10166 2 2 2 127 7595 7927 7775
10167 2 2 2 127 7396 8573 7514
10168 2 2 2 127 6894 6901 6898
10169 2 2 2 127 5720 6731 6670
10170 2 2 2 127 6851 6855 6854
10171 2 2 2 127 6984 6990 6989
10172 2 2 2 127 7662 8769 7669
10173 2 2 2 127 6368 8002 6731
10174 2 2 2 127 5522 7901 6526
10175 2 2 2 127 5521 7900 6527
10176 2 2 2 127 6312 8342 9
10177 2 2 2 127 7109 7110 7108
10178 2 2 2 127 6847 6848 6846
10179 2 2 2 127 7479 8578 6833
10180 2 2 2 127 5928 6672 6460
10181 2 2 2 127 1008 7341 1009
10182 2 2 2 127 948 8620 949
10183 2 2 2 127 7083 8992 7084
10184 2 2 2 127 6247 7909 596
10185 2 2 2 127 7524 7525 6939
10186 2 2 2 127 7612 7819 7818
10187 2 2 2 127 7502 8184 8183
10188 2 2 2 127 6637 8275 6636
10189 2 2 2 127 1302 8591 6005
10190 2 2 2 127 7790 8598 2127
10191 2 2 2 127 6476 8250 5775
10192 2 2 2 127 6835 8791 7613
10193 2 2 2 127 7400 7546 7402
10194 2 2 2 127 6958 8502 8251
10195 2 2 2 127 7176 7716 7175
10196 2 2 2 127 5394 8448 629
10197 2 2 2 127 2126 7301 2127
10198 2 2 2 127 8221 8454 6218
10199 2 2 2 127 7321 7408 7320
10200 2 2 2 127 7587 8655 8073
10201 2 2 2 127 6100 7997 833
10202 2 2 2 127 5976 7760 7005
10203 2 2 2 127 1565 8358 6147
10204 2 2 2 127 5944 7998 1617
10205 2 2 2 127 5737 8678 6456
10206 2 2 2 127 5487 8699 6472
10207 2 2 2 127 5486 8700 6473
10208 2 2 2 127 6024 6628 5470
10209 2 2 2 127 1115 8652 1116
10210 2 2 2 127 8069 8434 7503
10211 2 2 2 127 7410 8295 8294
10212 2 2 2 127 1337 6529 5408
10213 2 2 2 127 7516 7759 7199
10214 2 2 2 127 5790 8036 7870
10215 2 2 2 127 7233 7782 7687
10216 2 2 2 127 8157 8573 7552
10217 2 2 2 127 6995 8183 7003
10218 2 2 2 127 5340 7564 7553
10219 2 2 2 127 6911 6919 6913
10220 2 2 2 127 5719 8233 7871
10221 2 2 2 127 6891 7487 6894
10222 2 2 2 127 6295 8200 7356
10223 2 2 2 127 6124 8554 8536
10224 2 2 2 127 6832 6837 6833
10225 2 2 2 127 5467 8366 1457
10226 2 2 2 127 7002 8747 7013
10227 2 2 2 127 5369 7825 6662
10228 2 2 2 127 6911 8680 6919
10229 2 2 2 127 7187 8107 7641
10230 2 2 2 127 5355 8758 1880
10231 2 2 2 127 6774 8411 335
10232 2 2 2 127 6647 6825 5688
10233 2 2 2 127 6780 8412 1567
10234 2 2 2 127 6775 8415 1231
10235 2 2 2 127 6776 8416 1791
10236 2 2 2 127 1677 6819 6531
10237 2 2 2 127 1117 6820 6530
10238 2 2 2 127 6778 8418 783
10239 2 2 2 127 6777 8417 1343
10240 2 2 2 127 1542 8425 6799
10241 2 2 2 127 7405 7979 7390
10242 2 2 2 127 8272 8860 5384
10243 2 2 2 127 7248 7936 7327
10244 2 2 2 127 8702 8852 7240
10245 2 2 2 127 6957 6970 6968
10246 2 2 2 127 7013 8747 7190
10247 2 2 2 127 5678 8409 6697
10248 2 2 2 127 6034 8623 6464
10249 2 2 2 127 6169 8717 8215
10250 2 2 2 127 6170 8718 8217
10251 2 2 2 127 6994 8776 6995
10252 2 2 2 127 7114 7749 7727
10253 2 2 2 127 7718 8594 7752
10254 2 2 2 127 8173 8430 8220
10255 2 2 2 127 6491 8841 5447
10256 2 2 2 127 7090 7092 7091
10257 2 2 2 127 49 8692 896
10258 2 2 2 127 6806 8717 6169
10259 2 2 2 127 6805 8718 6170
10260 2 2 2 127 6431 8454 1430
10261 2 2 2 127 6704 6745 6705
10262 2 2 2 127 6278 8729 6704
10263 2 2 2 127 7697 8510 7500
10264 2 2 2 127 7216 7516 7247
10265 2 2 2 127 7711 7743 7710
10266 2 2 2 127 6331 8803 6235
10267 2 2 2 127 7524 8859 7525
10268 2 2 2 127 6235 8641 6331
10269 2 2 2 127 6226 8156 8084
10270 2 2 2 127 7118 7454 7076
10271 2 2 2 127 7404 8967 7417
10272 2 2 2 127 6004 8544 8311
10273 2 2 2 127 1430 8454 5420
10274 2 2 2 127 6979 7309 6987
10275 2 2 2 127 5464 6648 6483
10276 2 2 2 127 5465 6649 6482
10277 2 2 2 127 7270 8269 7264
10278 2 2 2 127 7818 7819 7585
10279 2 2 2 127 7173 7784 7258
10280 2 2 2 127 7519 8592 7338
10281 2 2 2 127 1042 7229 1043
10282 2 2 2 127 6352 8828 6351
10283 2 2 2 127 7024 7032 7026
10284 2 2 2 127 2153 8127 7915
10285 2 2 2 127 7366 8100 7545
10286 2 2 2 127 7003 8289 6997
10287 2 2 2 127 7358 8043 7357
10288 2 2 2 127 7067 8593 7070
10289 2 2 2 127 2165 5384 2164
10290 2 2 2 127 7907 8402 7808
10291 2 2 2 127 7733 8960 8617
10292 2 2 2 127 2162 5380 2161
10293 2 2 2 127 2168 5379 2167
10294 2 2 2 127 2146 5377 2145
10295 2 2 2 127 2176 5376 2175
10296 2 2 2 127 2152 5378 2151
10297 2 2 2 127 5743 8959 6681
10298 2 2 2 127 2149 5373 2148
10299 2 2 2 127 2155 5372 2154
10300 2 2 2 127 127 5383 2178
10301 2 2 2 127 2158 5382 2157
10302 2 2 2 127 7620 7624 7611
10303 2 2 2 127 7552 8573 7396
10304 2 2 2 127 2173 5381 2172
10305 2 2 2 127 6363 8344 6158
10306 2 2 2 127 8265 8486 6535
10307 2 2 2 127 5431 7903 6119
10308 2 2 2 127 6073 6818 6533
10309 2 2 2 127 7034 7065 7053
10310 2 2 2 127 460 6666 461
10311 2 2 2 127 684 6667 685
10312 2 2 2 127 1397 7296 1398
10313 2 2 2 127 7504 7644 7216
10314 2 2 2 127 6499 8166 6025
10315 2 2 2 127 6500 8167 6026
10316 2 2 2 127 8178 8729 6277
10317 2 2 2 127 6847 8839 6852
10318 2 2 2 127 7701 7774 6958
10319 2 2 2 127 8536 8554 6446
10320 2 2 2 127 7998 8358 1565
10321 2 2 2 127 6211 8684 5745
10322 2 2 2 127 834 8636 1003
10323 2 2 2 127 1618 8637 1563
10324 2 2 2 127 7653 8158 7667
10325 2 2 2 127 7464 8056 7680
10326 2 2 2 127 7678 8923 7333
10327 2 2 2 127 7440 7706 7439
10328 2 2 2 127 6143 8642 6755
10329 2 2 2 127 5992 6657 5348
10330 2 2 2 127 6585 8342 6080
10331 2 2 2 127 6218 8619 8221
10332 2 2 2 127 5701 8220 6547
10333 2 2 2 127 7619 7939 7597
10334 2 2 2 127 6524 8092 889
10335 2 2 2 127 6525 8093 1449
10336 2 2 2 127 7127 8978 7128
10337 2 2 2 127 1457 8366 6507
10338 2 2 2 127 7208 7320 7206
10339 2 2 2 127 6930 8201 7982
10340 2 2 2 127 7699 8010 6940
10341 2 2 2 127 2010 8731 2011
10342 2 2 2 127 6102 6717 6716
10343 2 2 2 127 7533 8212 7114
10344 2 2 2 127 5402 8001 6495
10345 2 2 2 127 7659 8373 7147
10346 2 2 2 127 5359 7346 909
10347 2 2 2 127 5556 6610 6451
10348 2 2 2 127 6064 6806 6680
10349 2 2 2 127 6993 8776 6994
10350 2 2 2 127 7150 8073 7473
10351 2 2 2 127 6995 6997 6996
10352 2 2 2 127 7359 7362 7360
10353 2 2 2 127 5964 6537 6536
10354 2 2 2 127 7606 8160 7778
10355 2 2 2 127 7652 7653 7651
10356 2 2 2 127 6629 8130 6130
10357 2 2 2 127 7871 8233 6248
10358 2 2 2 127 7880 8172 7370
10359 2 2 2 127 7215 7527 6842
10360 2 2 2 127 7543 8271 6966
10361 2 2 2 127 7542 7963 7127
10362 2 2 2 127 6827 7991 6829
10363 2 2 2 127 7915 8060 5378
10364 2 2 2 127 7098 7992 7511
10365 2 2 2 127 1281 7517 1282
10366 2 2 2 127 7975 8364 6318
10367 2 2 2 127 5979 6754 5981
10368 2 2 2 127 5343 6892 5779
10369 2 2 2 127 6826 6827 5480
10370 2 2 2 127 386 8182 6037
10371 2 2 2 127 1528 8874 1529
10372 2 2 2 127 7339 8864 6936
10373 2 2 2 127 5458 8451 6365
10374 2 2 2 127 5780 6187 5445
10375 2 2 2 127 6798 8710 6366
10376 2 2 2 127 6797 8711 6367
10377 2 2 2 127 836 6654 6036
10378 2 2 2 127 1620 6655 6035
10379 2 2 2 127 6915 7918 7821
10380 2 2 2 127 1563 8637 1564
10381 2 2 2 127 1003 8636 1004
10382 2 2 2 127 7514 8629 7398
10383 2 2 2 127 7730 8400 7639
10384 2 2 2 127 6205 8227 5932
10385 2 2 2 127 7086 7090 7089
10386 2 2 2 127 5768 5769 5448
10387 2 2 2 127 7174 7677 1287
10388 2 2 2 127 6816 8808 8194
10389 2 2 2 127 7003 8976 8289
10390 2 2 2 127 7264 8269 7703
10391 2 2 2 127 1654 7843 7600
10392 2 2 2 127 5796 8442 7967
10393 2 2 2 127 463 8367 21
10394 2 2 2 127 7428 7691 7051
10395 2 2 2 127 7194 7718 7192
10396 2 2 2 127 5533 8132 6055
10397 2 2 2 127 5534 8133 5927
10398 2 2 2 127 777 7971 6519
10399 2 2 2 127 1225 7972 6520
10400 2 2 2 127 6361 8049 6063
10401 2 2 2 127 5517 8750 8002
10402 2 2 2 127 7247 7936 7248
10403 2 2 2 127 6613 6825 6647
10404 2 2 2 127 7340 8436 6040
10405 2 2 2 127 7051 7691 6837
10406 2 2 2 127 6894 8516 6901
10407 2 2 2 127 7123 7639 7638
10408 2 2 2 127 7365 7428 7051
10409 2 2 2 127 7457 8175 7948
10410 2 2 2 127 6239 8508 6326
10411 2 2 2 127 6863 8873 6866
10412 2 2 2 127 6463 8311 5758
10413 2 2 2 127 5348 6657 6058
10414 2 2 2 127 6628 8113 5876
10415 2 2 2 127 7949 8272 5384
10416 2 2 2 127 6199 8539 536
10417 2 2 2 127 536 8539 6111
10418 2 2 2 127 1009 8069 1010
10419 2 2 2 127 6283 8070 6033
10420 2 2 2 127 6067 6343 5435
10421 2 2 2 127 1656 8887 6834
10422 2 2 2 127 7812 8035 7626
10423 2 2 2 127 2082 6472 2083
10424 2 2 2 127 514 6473 515
10425 2 2 2 127 1746 6475 1747
10426 2 2 2 127 962 6474 963
10427 2 2 2 127 5768 8355 8286
10428 2 2 2 127 1058 7164 6862
10429 2 2 2 127 1286 7175 7174
10430 2 2 2 127 7997 8636 833
10431 2 2 2 127 7998 8637 1617
10432 2 2 2 127 1970 6477 1971
10433 2 2 2 127 402 6478 403
10434 2 2 2 127 1399 8956 8327
10435 2 2 2 127 1657 7616 1658
10436 2 2 2 127 7408 8608 7320
10437 2 2 2 127 7672 7868 6917
10438 2 2 2 127 626 6479 627
10439 2 2 2 127 7304 7750 7219
10440 2 2 2 127 7942 7943 7017
10441 2 2 2 127 1056 8407 1057
10442 2 2 2 127 7668 8337 7560
10443 2 2 2 127 7653 7654 7651
10444 2 2 2 127 7336 8603 6194
10445 2 2 2 127 1186 6480 1187
10446 2 2 2 127 7259 7261 6900
10447 2 2 2 127 6096 6624 5783
10448 2 2 2 127 6095 6625 5784
10449 2 2 2 127 6198 7738 5564
10450 2 2 2 127 7098 8361 7992
10451 2 2 2 127 5843 8553 8321
10452 2 2 2 127 6033 8070 6302
10453 2 2 2 127 5844 8564 8326
10454 2 2 2 127 5340 7709 7564
10455 2 2 2 127 5759 6214 5760
10456 2 2 2 127 7114 7727 7533
10457 2 2 2 127 6678 6679 6637
10458 2 2 2 127 5458 7832 6479
10459 2 2 2 127 6831 7755 6830
10460 2 2 2 127 7623 7813 7625
10461 2 2 2 127 290 6481 291
10462 2 2 2 127 7154 7851 7137
10463 2 2 2 127 786 8391 717
10464 2 2 2 127 5760 5761 5437
10465 2 2 2 127 6020 8105 6465
10466 2 2 2 127 1074 6482 1075
10467 2 2 2 127 1858 6483 1859
10468 2 2 2 127 5877 8565 8323
10469 2 2 2 127 5880 8566 8324
10470 2 2 2 127 7199 7936 7516
10471 2 2 2 127 6025 8974 6499
10472 2 2 2 127 6026 8975 6500
10473 2 2 2 127 6971 8386 6975
10474 2 2 2 127 738 6486 739
10475 2 2 2 127 5988 8585 6443
10476 2 2 2 127 7407 8468 8120
10477 2 2 2 127 7693 8104 7069
10478 2 2 2 127 5336 7491 6515
10479 2 2 2 127 7901 8927 6526
10480 2 2 2 127 7900 8928 6527
10481 2 2 2 127 7616 7775 7615
10482 2 2 2 127 5851 6514 5852
10483 2 2 2 127 8209 8788 5844
10484 2 2 2 127 8210 8789 5843
10485 2 2 2 127 5756 6217 6067
10486 2 2 2 127 6105 7686 5923
10487 2 2 2 127 7935 8075 5422
10488 2 2 2 127 7562 8596 7434
10489 2 2 2 127 5969 8632 6349
10490 2 2 2 127 7440 7767 7766
10491 2 2 2 127 5909 6469 6077
10492 2 2 2 127 5852 5853 5358
10493 2 2 2 127 5824 5825 5406
10494 2 2 2 127 5841 6516 6004
10495 2 2 2 127 6098 6539 6099
10496 2 2 2 127 7138 8973 7143
10497 2 2 2 127 5897 6457 6098
10498 2 2 2 127 5924 6244 5925
10499 2 2 2 127 5798 5799 5415
10500 2 2 2 127 7013 7014 7008
10501 2 2 2 127 6136 6785 6477
10502 2 2 2 127 6137 6786 6478
10503 2 2 2 127 5863 7990 6496
10504 2 2 2 127 6004 6463 5396
10505 2 2 2 127 6452 8085 5736
10506 2 2 2 127 6936 8864 8268
10507 2 2 2 127 5925 6256 5397
10508 2 2 2 127 6161 8065 6724
10509 2 2 2 127 7711 7744 7484
10510 2 2 2 127 1524 8787 1525
10511 2 2 2 127 5935 6352 6351
10512 2 2 2 127 7373 8289 8236
10513 2 2 2 127 6885 6887 6886
10514 2 2 2 127 127 7953 5383
10515 2 2 2 127 7568 8272 7058
10516 2 2 2 127 7511 8399 7098
10517 2 2 2 127 7083 8498 7540
10518 2 2 2 127 423 8192 481
10519 2 2 2 127 2160 5480 2159
10520 2 2 2 127 8263 8453 7513
10521 2 2 2 127 8645 8973 7141
10522 2 2 2 127 5908 6216 6215
10523 2 2 2 127 5808 5809 5441
10524 2 2 2 127 199 8194 705
10525 2 2 2 127 6099 6177 5884
10526 2 2 2 127 6251 8062 2027
10527 2 2 2 127 6051 7468 5341
10528 2 2 2 127 7819 8807 7585
10529 2 2 2 127 5835 6779 6532
10530 2 2 2 127 6274 6279 5374
10531 2 2 2 127 7362 7505 7363
10532 2 2 2 127 5943 6246 6165
10533 2 2 2 127 7539 7681 7554
10534 2 2 2 127 7252 8631 7255
10535 2 2 2 127 6083 6544 5487
10536 2 2 2 127 6082 6543 5486
10537 2 2 2 127 7692 8123 7041
10538 2 2 2 127 7979 8333 7055
10539 2 2 2 127 7583 8726 7584
10540 2 2 2 127 7047 8255 7313
10541 2 2 2 127 7093 7347 7346
10542 2 2 2 127 6625 8149 5784
10543 2 2 2 127 6624 8148 5783
10544 2 2 2 127 7255 8264 7343
10545 2 2 2 127 5382 7748 7690
10546 2 2 2 127 6727 6728 6587
10547 2 2 2 127 889 8461 6524
10548 2 2 2 127 1449 8462 6525
10549 2 2 2 127 6527 8308 5521
10550 2 2 2 127 5367 6490 6248
10551 2 2 2 127 6484 6485 5334
10552 2 2 2 127 5970 8632 5969
10553 2 2 2 127 7055 8371 7979
10554 2 2 2 127 7132 7134 7133
10555 2 2 2 127 7048 8901 8284
10556 2 2 2 127 5983 6527 6082
10557 2 2 2 127 5982 6526 6083
10558 2 2 2 127 7611 7887 7610
10559 2 2 2 127 7679 8377 6937
10560 2 2 2 127 5356 7497 1022
10561 2 2 2 127 6734 7793 5715
10562 2 2 2 127 7083 7084 7081
10563 2 2 2 127 6080 8342 5967
10564 2 2 2 127 6196 6206 5364
10565 2 2 2 127 7022 8901 7048
10566 2 2 2 127 6021 6627 5471
10567 2 2 2 127 6880 8873 6863
10568 2 2 2 127 6489 8033 6046
10569 2 2 2 127 7557 7559 7386
10570 2 2 2 127 6126 6242 5514
10571 2 2 2 127 6921 6923 6922
10572 2 2 2 127 6430 8456 6278
10573 2 2 2 127 5969 6349 6348
10574 2 2 2 127 7690 8653 7476
10575 2 2 2 127 717 8391 718
10576 2 2 2 127 6620 8835 6219
10577 2 2 2 127 6942 8103 6887
10578 2 2 2 127 708 6285 709
10579 2 2 2 127 148 6298 149
10580 2 2 2 127 932 6296 933
10581 2 2 2 127 1604 6291 1605
10582 2 2 2 127 372 6292 373
10583 2 2 2 127 1828 6297 1829
10584 2 2 2 127 1716 6293 1717
10585 2 2 2 127 260 6290 261
10586 2 2 2 127 2052 6286 2053
10587 2 2 2 127 1492 6287 1493
10588 2 2 2 127 820 6300 821
10589 2 2 2 127 1940 6289 1941
10590 2 2 2 127 484 6284 485
10591 2 2 2 127 1380 6294 1381
10592 2 2 2 127 1268 6299 1269
10593 2 2 2 127 1044 6288 1045
10594 2 2 2 127 1156 6295 1157
10595 2 2 2 127 7118 8501 7454
10596 2 2 2 127 1770 8915 1771
10597 2 2 2 127 7745 7959 7423
10598 2 2 2 127 65 8733 1152
10599 2 2 2 127 7180 8591 1302
10600 2 2 2 127 7636 7751 7635
10601 2 2 2 127 1506 8783 1507
10602 2 2 2 127 7753 8606 6938
10603 2 2 2 127 7556 7557 7385
10604 2 2 2 127 1883 7391 1884
10605 2 2 2 127 6185 6658 5640
10606 2 2 2 127 6266 6660 6053
10607 2 2 2 127 7863 8720 7862
10608 2 2 2 127 6356 6638 5368
10609 2 2 2 127 5791 6736 6609
10610 2 2 2 127 5734 8143 6326
10611 2 2 2 127 6635 8300 1679
10612 2 2 2 127 8031 8243 6184
10613 2 2 2 127 8001 8487 6495
10614 2 2 2 127 6659 8544 6516
10615 2 2 2 127 5619 6823 6822
10616 2 2 2 127 1507 8783 8421
10617 2 2 2 127 6315 6622 5782
10618 2 2 2 127 6868 7779 6870
10619 2 2 2 127 7662 8587 7689
10620 2 2 2 127 7290 7498 7292
10621 2 2 2 127 6768 6770 5834
10622 2 2 2 127 5889 5890 5371
10623 2 2 2 127 5635 6658 5638
10624 2 2 2 127 7114 8768 7109
10625 2 2 2 127 6535 8597 6117
10626 2 2 2 127 42 8439 784
10627 2 2 2 127 6629 8741 8130
10628 2 2 2 127 2170 5481 2169
10629 2 2 2 127 5725 8486 8265
10630 2 2 2 127 6672 8116 6270
10631 2 2 2 127 7489 7721 7159
10632 2 2 2 127 6118 8259 6360
10633 2 2 2 127 7420 7892 6052
10634 2 2 2 127 7690 8039 5382
10635 2 2 2 127 928 7308 929
10636 2 2 2 127 6905 6907 6906
10637 2 2 2 127 6981 6982 6980
10638 2 2 2 127 8030 8434 7341
10639 2 2 2 127 6353 6584 5866
10640 2 2 2 127 6707 8429 5742
10641 2 2 2 127 7487 8516 6894
10642 2 2 2 127 8650 8997 1079
10643 2 2 2 127 7506 8720 7863
10644 2 2 2 127 7570 8008 7010
10645 2 2 2 127 7236 8378 7524
10646 2 2 2 127 8222 8565 6778
10647 2 2 2 127 8223 8566 6777
10648 2 2 2 127 7955 8441 5372
10649 2 2 2 127 8651 8998 1863
10650 2 2 2 127 1655 7607 1656
10651 2 2 2 127 6737 7791 6191
10652 2 2 2 127 7351 7772 7640
10653 2 2 2 127 6814 7813 5385
10654 2 2 2 127 7560 8769 7668
10655 2 2 2 127 6629 8097 5581
10656 2 2 2 127 7390 8371 6942
10657 2 2 2 127 2091 8472 2101
10658 2 2 2 127 1307 8473 1317
10659 2 2 2 127 1867 8470 1877
10660 2 2 2 127 1195 8471 1205
10661 2 2 2 127 635 8474 645
10662 2 2 2 127 1419 8475 1429
10663 2 2 2 127 187 8479 197
10664 2 2 2 127 1083 8480 1093
10665 2 2 2 127 411 8477 421
10666 2 2 2 127 1643 8476 1653
10667 2 2 2 127 1979 8478 1989
10668 2 2 2 127 299 8469 309
10669 2 2 2 127 7095 7097 7096
10670 2 2 2 127 7889 8351 8298
10671 2 2 2 127 5410 7791 6737
10672 2 2 2 127 8623 8945 6464
10673 2 2 2 127 5497 8275 6637
10674 2 2 2 127 7597 7598 7596
10675 2 2 2 127 1602 8576 1603
10676 2 2 2 127 5850 8688 6265
10677 2 2 2 127 7514 8287 8122
10678 2 2 2 127 1298 7677 1299
10679 2 2 2 127 1603 8576 5848
10680 2 2 2 127 6426 6621 5926
10681 2 2 2 127 7607 8887 1656
10682 2 2 2 127 7913 8996 6476
10683 2 2 2 127 5357 8806 2123
10684 2 2 2 127 2061 8401 2062
10685 2 2 2 127 7058 8271 7568
10686 2 2 2 127 7604 7843 1642
10687 2 2 2 127 6901 8542 8422
10688 2 2 2 127 8172 8829 7534
10689 2 2 2 127 7414 7925 7829
10690 2 2 2 127 1277 8389 1278
10691 2 2 2 127 1837 8390 1838
10692 2 2 2 127 8153 8500 7449
10693 2 2 2 127 7296 7297 1398
10694 2 2 2 127 6750 6751 6749
10695 2 2 2 127 6487 8997 8650
10696 2 2 2 127 5476 8800 7914
10697 2 2 2 127 7229 7370 1043
10698 2 2 2 127 6951 7745 7045
10699 2 2 2 127 5982 8691 6526
10700 2 2 2 127 7021 8901 7022
10701 2 2 2 127 6881 6882 6879
10702 2 2 2 127 6778 8565 5523
10703 2 2 2 127 6777 8566 5524
10704 2 2 2 127 6488 8998 8651
10705 2 2 2 127 6963 8123 7802
10706 2 2 2 127 1901 8847 1902
10707 2 2 2 127 6834 7617 7616
10708 2 2 2 127 7910 8594 7194
10709 2 2 2 127 6238 8196 5510
10710 2 2 2 127 6237 8195 5509
10711 2 2 2 127 6352 8995 8106
10712 2 2 2 127 7049 7552 7063
10713 2 2 2 127 7172 7173 6840
10714 2 2 2 127 6464 8945 5974
10715 2 2 2 127 5568 8439 42
10716 2 2 2 127 7598 8552 7719
10717 2 2 2 127 5742 8429 5350
10718 2 2 2 127 6037 6796 6614
10719 2 2 2 127 7412 7961 7414
10720 2 2 2 127 6136 7800 6785
10721 2 2 2 127 6137 7801 6786
10722 2 2 2 127 7446 8295 7410
10723 2 2 2 127 6468 8085 6132
10724 2 2 2 127 5456 7826 6353
10725 2 2 2 127 7503 8434 7226
10726 2 2 2 127 493 8427 494
10727 2 2 2 127 1365 6385 81
10728 2 2 2 127 1813 6386 109
10729 2 2 2 127 805 6388 46
10730 2 2 2 127 357 6380 18
10731 2 2 2 127 1029 6372 60
10732 2 2 2 127 581 6376 32
10733 2 2 2 127 1701 6382 102
10734 2 2 2 127 1589 6378 95
10735 2 2 2 127 1925 6384 116
10736 2 2 2 127 693 6373 39
10737 2 2 2 127 1477 6383 88
10738 2 2 2 127 133 6387 4
10739 2 2 2 127 245 6375 11
10740 2 2 2 127 2037 6374 123
10741 2 2 2 127 917 6381 53
10742 2 2 2 127 469 6379 25
10743 2 2 2 127 1141 6377 67
10744 2 2 2 127 1253 6371 74
10745 2 2 2 127 8172 8407 7165
10746 2 2 2 127 7092 8675 7094
10747 2 2 2 127 646 8049 6361
10748 2 2 2 127 6902 6905 6904
10749 2 2 2 127 453 6389 15
10750 2 2 2 127 677 6390 29
10751 2 2 2 127 789 6406 36
10752 2 2 2 127 565 6405 22
10753 2 2 2 127 2133 6395 120
10754 2 2 2 127 1237 6401 64
10755 2 2 2 127 1013 6400 50
10756 2 2 2 127 341 6396 8
10757 2 2 2 127 1797 6393 99
10758 2 2 2 127 2021 6402 113
10759 2 2 2 127 1125 6397 57
10760 2 2 2 127 1909 6392 106
10761 2 2 2 127 901 6403 43
10762 2 2 2 127 229 6394 1
10763 2 2 2 127 1573 6398 85
10764 2 2 2 127 1685 6399 92
10765 2 2 2 127 1461 6404 78
10766 2 2 2 127 1349 6391 71
10767 2 2 2 127 2005 6423 117
10768 2 2 2 127 1669 6412 96
10769 2 2 2 127 1557 6409 89
10770 2 2 2 127 1221 6418 68
10771 2 2 2 127 997 6410 54
10772 2 2 2 127 661 6421 33
10773 2 2 2 127 2117 6408 124
10774 2 2 2 127 325 6415 12
10775 2 2 2 127 549 6413 26
10776 2 2 2 127 1109 6424 61
10777 2 2 2 127 1333 6407 75
10778 2 2 2 127 885 6411 47
10779 2 2 2 127 1445 6417 82
10780 2 2 2 127 437 6422 19
10781 2 2 2 127 213 6416 5
10782 2 2 2 127 773 6419 40
10783 2 2 2 127 1781 6414 103
10784 2 2 2 127 1893 6420 110
10785 2 2 2 127 6769 8485 8046
10786 2 2 2 127 6043 6610 6344
10787 2 2 2 127 5945 8790 6153
10788 2 2 2 127 147 8590 5796
10789 2 2 2 127 6368 8849 5517
10790 2 2 2 127 7817 8772 7818
10791 2 2 2 127 8154 8315 6186
10792 2 2 2 127 146 8590 147
10793 2 2 2 127 7824 8100 5380
10794 2 2 2 127 6653 8691 5982
10795 2 2 2 127 1676 6819 1677
10796 2 2 2 127 1116 6820 1117
10797 2 2 2 127 7870 8036 6152
10798 2 2 2 127 7309 7474 7310
10799 2 2 2 127 6748 6750 6749
10800 2 2 2 127 225 6503 226
10801 2 2 2 127 1569 6510 1570
10802 2 2 2 127 337 6505 338
10803 2 2 2 127 1681 6502 1682
10804 2 2 2 127 7618 7646 7594
10805 2 2 2 127 6192 8429 6707
10806 2 2 2 127 2017 6501 2018
10807 2 2 2 127 8277 8842 5515
10808 2 2 2 127 7396 7398 7397
10809 2 2 2 127 7624 8604 7886
10810 2 2 2 127 1457 6507 1458
10811 2 2 2 127 5566 8461 877
10812 2 2 2 127 5565 8462 1437
10813 2 2 2 127 5353 7891 5998
10814 2 2 2 127 7571 7572 7567
10815 2 2 2 127 7753 8986 7387
10816 2 2 2 127 449 6511 450
10817 2 2 2 127 6532 6779 6650
10818 2 2 2 127 8152 8646 6006
10819 2 2 2 127 5758 8605 6463
10820 2 2 2 127 740 7792 687
10821 2 2 2 127 5790 7870 6608
10822 2 2 2 127 1233 6508 1234
10823 2 2 2 127 1793 6506 1794
10824 2 2 2 127 7320 8608 7795
10825 2 2 2 127 1173 8857 5994
10826 2 2 2 127 422 8192 423
10827 2 2 2 127 6100 8068 7997
10828 2 2 2 127 7929 7970 7059
10829 2 2 2 127 198 8194 199
10830 2 2 2 127 7685 7983 7563
10831 2 2 2 127 7943 8252 7017
10832 2 2 2 127 8113 8924 5876
10833 2 2 2 127 7409 7410 7408
10834 2 2 2 127 5724 8297 6261
10835 2 2 2 127 6437 8842 8277
10836 2 2 2 127 2129 8058 2130
10837 2 2 2 127 5365 5956 5955
10838 2 2 2 127 1121 6504 1122
10839 2 2 2 127 6721 8198 6159
10840 2 2 2 127 2014 8770 2015
10841 2 2 2 127 1898 7302 1899
10842 2 2 2 127 7161 7696 7042
10843 2 2 2 127 7779 8705 6870
10844 2 2 2 127 6334 6636 6049
10845 2 2 2 127 5720 8317 6490
10846 2 2 2 127 7545 8100 7824
10847 2 2 2 127 7257 7710 7249
10848 2 2 2 127 1154 7354 1155
10849 2 2 2 127 6177 8459 6311
10850 2 2 2 127 6664 8046 6102
10851 2 2 2 127 6368 6731 6038
10852 2 2 2 127 6495 8487 6158
10853 2 2 2 127 2015 6251 118
10854 2 2 2 127 7858 8692 7856
10855 2 2 2 127 7536 7948 7947
10856 2 2 2 127 7376 8211 7379
10857 2 2 2 127 7830 8354 7163
10858 2 2 2 127 8497 8703 7171
10859 2 2 2 127 6679 6813 5497
10860 2 2 2 127 6013 8189 6011
10861 2 2 2 127 5533 8823 8132
10862 2 2 2 127 7745 8199 6960
10863 2 2 2 127 5534 8824 8133
10864 2 2 2 127 6006 8646 7914
10865 2 2 2 127 5862 6606 5861
10866 2 2 2 127 7925 7961 5377
10867 2 2 2 127 7194 8594 7718
10868 2 2 2 127 7211 8989 7890
10869 2 2 2 127 6983 7823 6984
10870 2 2 2 127 7137 7851 7148
10871 2 2 2 127 158 6503 5501
10872 2 2 2 127 1502 6510 5500
10873 2 2 2 127 7202 8147 7196
10874 2 2 2 127 5547 8257 5549
10875 2 2 2 127 6940 8482 7699
10876 2 2 2 127 8186 8987 7314
10877 2 2 2 127 7094 8675 7095
10878 2 2 2 127 1679 8300 97
10879 2 2 2 127 1950 6501 5479
10880 2 2 2 127 7553 7564 7539
10881 2 2 2 127 8134 8142 5716
10882 2 2 2 127 6855 6856 6854
10883 2 2 2 127 7726 8818 7057
10884 2 2 2 127 897 6509 898
10885 2 2 2 127 6818 8535 6533
10886 2 2 2 127 5537 6627 6466
10887 2 2 2 127 1390 6507 6120
10888 2 2 2 127 7202 8423 7806
10889 2 2 2 127 7633 7634 7632
10890 2 2 2 127 7119 7906 5808
10891 2 2 2 127 7540 8501 7453
10892 2 2 2 127 7489 8618 7721
10893 2 2 2 127 7196 7910 7194
10894 2 2 2 127 7439 8839 6847
10895 2 2 2 127 6874 8123 6963
10896 2 2 2 127 6863 6866 6865
10897 2 2 2 127 7292 7359 7358
10898 2 2 2 127 382 6511 6230
10899 2 2 2 127 6228 8320 6795
10900 2 2 2 127 7012 8111 5995
10901 2 2 2 127 7642 8856 6975
10902 2 2 2 127 7520 7709 7519
10903 2 2 2 127 8311 8544 6340
10904 2 2 2 127 6943 8638 7487
10905 2 2 2 127 5549 7989 5557
10906 2 2 2 127 1953 8898 5369
10907 2 2 2 127 7593 7822 7819
10908 2 2 2 127 7541 7758 7241
10909 2 2 2 127 7063 7396 7395
10910 2 2 2 127 7656 7672 7665
10911 2 2 2 127 7805 8779 7493
10912 2 2 2 127 6260 6627 5537
10913 2 2 2 127 7389 7753 7387
10914 2 2 2 127 6072 8040 7905
10915 2 2 2 127 6997 8305 6999
10916 2 2 2 127 5706 8231 6734
10917 2 2 2 127 6862 7509 7167
10918 2 2 2 127 645 8049 646
10919 2 2 2 127 6826 8099 6827
10920 2 2 2 127 6364 8391 785
10921 2 2 2 127 1166 6508 6236
10922 2 2 2 127 8395 8396 5963
10923 2 2 2 127 8080 8990 7276
10924 2 2 2 127 7432 8596 7983
10925 2 2 2 127 6532 6650 5363
10926 2 2 2 127 7322 7823 7675
10927 2 2 2 127 1726 6506 6232
10928 2 2 2 127 6503 7878 5501
10929 2 2 2 127 6510 7879 5500
10930 2 2 2 127 7228 8709 8383
10931 2 2 2 127 5966 8837 6346
10932 2 2 2 127 7262 7301 6900
10933 2 2 2 127 7497 8628 7498
10934 2 2 2 127 5965 8832 6347
10935 2 2 2 127 6496 8190 5863
10936 2 2 2 127 6473 8523 503
10937 2 2 2 127 6472 8524 2071
10938 2 2 2 127 6474 8525 951
10939 2 2 2 127 6475 8526 1735
10940 2 2 2 127 5848 8576 6633
10941 2 2 2 127 6478 8527 391
10942 2 2 2 127 6477 8528 1959
10943 2 2 2 127 7086 8827 7513
10944 2 2 2 127 7903 8310 6119
10945 2 2 2 127 6479 8529 615
10946 2 2 2 127 6480 8532 1175
10947 2 2 2 127 712 6564 690
10948 2 2 2 127 488 6565 466
10949 2 2 2 127 1272 6557 1250
10950 2 2 2 127 1384 6553 1362
10951 2 2 2 127 936 6555 914
10952 2 2 2 127 1496 6562 1474
10953 2 2 2 127 1608 6554 1586
10954 2 2 2 127 376 6551 354
10955 2 2 2 127 1720 6549 1698
10956 2 2 2 127 264 6552 242
10957 2 2 2 127 152 6550 130
10958 2 2 2 127 600 6556 578
10959 2 2 2 127 1944 6559 1922
10960 2 2 2 127 1048 6563 1026
10961 2 2 2 127 2056 6558 2034
10962 2 2 2 127 1832 6560 1810
10963 2 2 2 127 1160 6561 1138
10964 2 2 2 127 824 6548 802
10965 2 2 2 127 6120 8366 6457
10966 2 2 2 127 7007 7945 7001
10967 2 2 2 127 904 6603 882
10968 2 2 2 127 1576 6601 1554
10969 2 2 2 127 344 6597 322
10970 2 2 2 127 1128 6604 1106
10971 2 2 2 127 1240 6600 1218
10972 2 2 2 127 568 6593 546
10973 2 2 2 127 2136 6605 2114
10974 2 2 2 127 792 6596 770
10975 2 2 2 127 1688 6595 1666
10976 2 2 2 127 232 6592 210
10977 2 2 2 127 1464 6590 1442
10978 2 2 2 127 1800 6591 1778
10979 2 2 2 127 1352 6602 1330
10980 2 2 2 127 1912 6598 1890
10981 2 2 2 127 1016 6599 994
10982 2 2 2 127 2024 6594 2002
10983 2 2 2 127 456 6589 434
10984 2 2 2 127 680 6588 658
10985 2 2 2 127 5914 7975 5912
10986 2 2 2 127 6794 8303 6333
10987 2 2 2 127 7191 8305 7373
10988 2 2 2 127 248 6582 306
10989 2 2 2 127 696 6583 754
10990 2 2 2 127 920 6576 978
10991 2 2 2 127 1704 6574 1762
10992 2 2 2 127 1144 6580 1202
10993 2 2 2 127 584 6566 642
10994 2 2 2 127 360 6570 418
10995 2 2 2 127 2040 6581 2098
10996 2 2 2 127 1256 6579 1314
10997 2 2 2 127 1928 6577 1986
10998 2 2 2 127 136 6571 194
10999 2 2 2 127 808 6567 866
11000 2 2 2 127 472 6569 530
11001 2 2 2 127 1032 6572 1090
11002 2 2 2 127 1592 6575 1650
11003 2 2 2 127 1480 6573 1538
11004 2 2 2 127 1368 6568 1426
11005 2 2 2 127 1816 6578 1874
11006 2 2 2 127 7427 7912 7700
11007 2 2 2 127 6455 6783 6041
11008 2 2 2 127 7301 7790 2127
11009 2 2 2 127 7618 8941 7617
11010 2 2 2 127 7773 8165 7679
11011 2 2 2 127 7551 8007 7010
11012 2 2 2 127 6935 6952 6934
11013 2 2 2 127 6607 8381 6233
11014 2 2 2 127 6857 6858 6856
11015 2 2 2 127 6302 8070 6634
11016 2 2 2 127 6801 7809 5673
11017 2 2 2 127 7631 7632 7389
11018 2 2 2 127 1641 7613 7604
11019 2 2 2 127 6195 8641 8005
11020 2 2 2 127 1881 7531 1882
11021 2 2 2 127 614 8451 5458
11022 2 2 2 127 5369 8898 7825
11023 2 2 2 127 77 5536 1344
11024 2 2 2 127 112 5535 1904
11025 2 2 2 127 6481 8537 279
11026 2 2 2 127 6247 8900 6445
11027 2 2 2 127 6937 7779 6868
11028 2 2 2 127 799 5370 42
11029 2 2 2 127 93 5507 1600
11030 2 2 2 127 98 5506 1680
11031 2 2 2 127 14 5505 336
11032 2 2 2 127 5672 8744 6537
11033 2 2 2 127 6787 6788 1839
11034 2 2 2 127 6997 6999 6998
11035 2 2 2 127 1752 8679 1753
11036 2 2 2 127 6482 8540 1063
11037 2 2 2 127 6483 8541 1847
11038 2 2 2 127 7766 7767 6970
11039 2 2 2 127 7639 7788 7730
11040 2 2 2 127 8173 8220 5701
11041 2 2 2 127 126 5344 2128
11042 2 2 2 127 6616 8626 5459
11043 2 2 2 127 8006 8953 6310
11044 2 2 2 127 7487 8638 7507
11045 2 2 2 127 1753 8679 5979
11046 2 2 2 127 7208 7321 7320
11047 2 2 2 127 5385 7813 5996
11048 2 2 2 127 7962 8917 6252
11049 2 2 2 127 2063 5362 121
11050 2 2 2 127 5419 7828 6514
11051 2 2 2 127 6721 6802 5937
11052 2 2 2 127 7752 8466 6164
11053 2 2 2 127 7569 7738 7178
11054 2 2 2 127 6706 6707 5742
11055 2 2 2 127 6486 8543 727
11056 2 2 2 127 6887 6889 6888
11057 2 2 2 127 5998 7891 7834
11058 2 2 2 127 6502 6808 1614
11059 2 2 2 127 6505 6807 270
11060 2 2 2 127 1054 6504 5472
11061 2 2 2 127 7146 8073 7683
11062 2 2 2 127 6940 8010 6925
11063 2 2 2 127 6311 8459 8047
11064 2 2 2 127 8200 8264 7356
11065 2 2 2 127 7162 8973 8645
11066 2 2 2 127 6716 6717 5390
11067 2 2 2 127 6696 8622 5439
11068 2 2 2 127 86 6010 1488
11069 2 2 2 127 5921 5923 5922
11070 2 2 2 127 6045 8037 6459
11071 2 2 2 127 561 8089 562
11072 2 2 2 127 930 8968 5807
11073 2 2 2 127 6919 6920 6913
11074 2 2 2 127 5774 7974 6679
11075 2 2 2 127 8305 8747 6999
11076 2 2 2 127 6313 6770 6768
11077 2 2 2 127 5377 7952 2145
11078 2 2 2 127 7370 8171 1043
11079 2 2 2 127 7987 7988 7151
11080 2 2 2 127 7546 7628 7402
11081 2 2 2 127 6607 8734 5785
11082 2 2 2 127 5382 7956 2157
11083 2 2 2 127 2155 7955 5372
11084 2 2 2 127 6543 8700 5486
11085 2 2 2 127 6544 8699 5487
11086 2 2 2 127 1501 8556 1502
11087 2 2 2 127 157 8555 158
11088 2 2 2 127 1613 8557 1614
11089 2 2 2 127 269 8558 270
11090 2 2 2 127 1949 8559 1950
11091 2 2 2 127 6608 8735 5790
11092 2 2 2 127 6609 8736 5791
11093 2 2 2 127 1389 8560 1390
11094 2 2 2 127 2165 7949 5384
11095 2 2 2 127 381 8561 382
11096 2 2 2 127 5422 8075 721
11097 2 2 2 127 7020 8720 8004
11098 2 2 2 127 1165 8568 1166
11099 2 2 2 127 1725 8569 1726
11100 2 2 2 127 8547 8603 7336
11101 2 2 2 127 6622 8739 5782
11102 2 2 2 127 7352 8591 7180
11103 2 2 2 127 7045 7745 7423
11104 2 2 2 127 8258 8570 7489
11105 2 2 2 127 6752 6754 6749
11106 2 2 2 127 1053 8571 1054
11107 2 2 2 127 8201 8202 7546
11108 2 2 2 127 5379 7950 2167
11109 2 2 2 127 7127 7128 7126
11110 2 2 2 127 7218 7750 6839
11111 2 2 2 127 6860 7547 7252
11112 2 2 2 127 6487 8650 1244
11113 2 2 2 127 6488 8651 1804
11114 2 2 2 127 6907 6909 6908
11115 2 2 2 127 7646 7822 7594
11116 2 2 2 127 8032 8656 6221
11117 2 2 2 127 7410 7804 7408
11118 2 2 2 127 6914 7392 7391
11119 2 2 2 127 63 5330 1120
11120 2 2 2 127 7001 7945 7160
11121 2 2 2 127 605 8424 606
11122 2 2 2 127 7443 7519 7338
11123 2 2 2 127 6769 8046 5804
11124 2 2 2 127 5505 6169 336
11125 2 2 2 127 5506 6170 1680
11126 2 2 2 127 6498 8203 5942
11127 2 2 2 127 7436 8630 8063
11128 2 2 2 127 7045 7423 7422
11129 2 2 2 127 7175 7716 7174
11130 2 2 2 127 7411 7446 7410
11131 2 2 2 127 1244 8650 1245
11132 2 2 2 127 1804 8651 1805
11133 2 2 2 127 829 8581 830
11134 2 2 2 127 7962 8302 6044
11135 2 2 2 127 7195 7196 7194
11136 2 2 2 127 5768 8644 8355
11137 2 2 2 127 7468 7694 7470
11138 2 2 2 127 5507 5739 1600
11139 2 2 2 127 7065 7067 7066
11140 2 2 2 127 7669 8769 7670
11141 2 2 2 127 5834 6770 6448
11142 2 2 2 127 72 5749 1264
11143 2 2 2 127 5521 8308 5881
11144 2 2 2 127 7699 8482 7851
11145 2 2 2 127 6044 6650 5836
11146 2 2 2 127 5703 6635 6626
11147 2 2 2 127 6010 6066 1488
11148 2 2 2 127 7320 7795 7643
11149 2 2 2 127 5678 7899 6484
11150 2 2 2 127 6155 8148 6530
11151 2 2 2 127 6156 8149 6531
11152 2 2 2 127 2 5466 144
11153 2 2 2 127 5996 7622 1768
11154 2 2 2 127 2150 8048 2149
11155 2 2 2 127 2168 7805 5379
11156 2 2 2 127 7209 7953 7952
11157 2 2 2 127 5492 8210 6785
11158 2 2 2 127 5493 8209 6786
11159 2 2 2 127 7718 8261 7192
11160 2 2 2 127 1279 6228 72
11161 2 2 2 127 7007 7773 7740
11162 2 2 2 127 6217 6314 6067
11163 2 2 2 127 7 6172 224
11164 2 2 2 127 91 6173 1568
11165 2 2 2 127 7517 8013 7518
11166 2 2 2 127 7349 8465 7406
11167 2 2 2 127 7632 7753 7389
11168 2 2 2 127 7381 7383 7382
11169 2 2 2 127 6822 6823 6646
11170 2 2 2 127 6531 8149 6625
11171 2 2 2 127 6530 8148 6624
11172 2 2 2 127 6974 6978 6977
11173 2 2 2 127 6613 6647 6216
11174 2 2 2 127 7513 8453 7090
11175 2 2 2 127 7379 8211 7491
11176 2 2 2 127 5380 6826 2161
11177 2 2 2 127 9 6585 256
11178 2 2 2 127 6738 8404 5778
11179 2 2 2 127 5930 7848 6519
11180 2 2 2 127 5931 7849 6520
11181 2 2 2 127 5370 5569 5568
11182 2 2 2 127 6492 8632 5970
11183 2 2 2 127 7729 7730 7687
11184 2 2 2 127 6289 6330 1952
11185 2 2 2 127 5361 8374 7294
11186 2 2 2 127 6287 6645 1504
11187 2 2 2 127 6286 6644 2064
11188 2 2 2 127 7592 8624 7842
11189 2 2 2 127 6484 7899 6485
11190 2 2 2 127 6039 7142 5352
11191 2 2 2 127 5769 6133 5448
11192 2 2 2 127 5947 8790 5945
11193 2 2 2 127 1471 5391 84
11194 2 2 2 127 8481 8484 6626
11195 2 2 2 127 7171 7862 7860
11196 2 2 2 127 105 5756 1792
11197 2 2 2 127 8821 8973 7138
11198 2 2 2 127 7113 8777 7110
11199 2 2 2 127 70 5759 1232
11200 2 2 2 127 6015 6634 6277
11201 2 2 2 127 271 6312 9
11202 2 2 2 127 5620 6792 5752
11203 2 2 2 127 6619 6620 5412
11204 2 2 2 127 28 5427 560
11205 2 2 2 127 5855 6673 5853
11206 2 2 2 127 6626 6635 6095
11207 2 2 2 127 6050 8731 2010
11208 2 2 2 127 6621 8740 5926
11209 2 2 2 127 5780 6188 6187
11210 2 2 2 127 5937 8198 6721
11211 2 2 2 127 6457 8635 6120
11212 2 2 2 127 8009 8966 6135
11213 2 2 2 127 6177 6311 5884
11214 2 2 2 127 6684 6757 6686
11215 2 2 2 127 7379 7381 7380
11216 2 2 2 127 5466 5746 144
11217 2 2 2 127 5373 8048 7548
11218 2 2 2 127 1278 6789 1279
11219 2 2 2 127 1838 6787 1839
11220 2 2 2 127 5824 5826 5825
11221 2 2 2 127 5798 5800 5799
11222 2 2 2 127 5727 5729 5728
11223 2 2 2 127 21 5750 448
11224 2 2 2 127 7123 7788 7639
11225 2 2 2 127 6790 7964 1919
11226 2 2 2 127 7171 8703 7863
11227 2 2 2 127 6791 7965 1359
11228 2 2 2 127 5362 5539 5538
11229 2 2 2 127 5952 8676 6753
11230 2 2 2 127 5370 5568 42
11231 2 2 2 127 6244 6245 5925
11232 2 2 2 127 7423 7425 7424
11233 2 2 2 127 6057 8632 6492
11234 2 2 2 127 6936 8268 8267
11235 2 2 2 127 7161 8829 7880
11236 2 2 2 127 7792 8723 6266
11237 2 2 2 127 1639 7222 6835
11238 2 2 2 127 608 6445 609
11239 2 2 2 127 5457 8011 6480
11240 2 2 2 127 8116 8842 6270
11241 2 2 2 127 2140 7285 7266
11242 2 2 2 127 8101 8208 6150
11243 2 2 2 127 5588 5589 5427
11244 2 2 2 127 7472 7759 7204
11245 2 2 2 127 7197 7202 7196
11246 2 2 2 127 6736 7903 6035
11247 2 2 2 127 6685 6781 6692
11248 2 2 2 127 7492 8753 7491
11249 2 2 2 127 6889 6891 6890
11250 2 2 2 127 1429 6431 1430
11251 2 2 2 127 7986 8091 6142
11252 2 2 2 127 7985 8090 6141
11253 2 2 2 127 6686 6757 5754
11254 2 2 2 127 383 5401 16
11255 2 2 2 127 7635 7700 7634
11256 2 2 2 127 309 6435 310
11257 2 2 2 127 1093 6436 1094
11258 2 2 2 127 2063 6732 5362
11259 2 2 2 127 2101 6438 2102
11260 2 2 2 127 739 7792 740
11261 2 2 2 127 5546 6681 5556
11262 2 2 2 127 6272 8612 5962
11263 2 2 2 127 5760 5762 5761
11264 2 2 2 127 5861 6171 5859
11265 2 2 2 127 5427 5724 560
11266 2 2 2 127 7163 8519 7830
11267 2 2 2 127 7855 8692 7858
11268 2 2 2 127 6517 8111 7011
11269 2 2 2 127 1877 6440 1878
11270 2 2 2 127 1880 8758 7530
11271 2 2 2 127 5727 5728 5411
11272 2 2 2 127 7110 8880 7112
11273 2 2 2 127 5859 6673 5855
11274 2 2 2 127 6167 8403 6443
11275 2 2 2 127 7076 7454 7078
11276 2 2 2 127 7467 8649 8056
11277 2 2 2 127 6165 8312 8096
11278 2 2 2 127 6337 8805 8084
11279 2 2 2 127 6121 6743 6739
11280 2 2 2 127 6539 6639 6099
11281 2 2 2 127 7097 7100 7099
11282 2 2 2 127 7956 8441 7955
11283 2 2 2 127 8596 8902 7434
11284 2 2 2 127 7302 7650 6916
11285 2 2 2 127 5727 6515 5729
11286 2 2 2 127 6114 8001 5402
11287 2 2 2 127 6815 8192 422
11288 2 2 2 127 7245 8040 7714
11289 2 2 2 127 6816 8194 198
11290 2 2 2 127 5391 5687 5686
11291 2 2 2 127 5852 5854 5853
11292 2 2 2 127 6990 6991 6989
11293 2 2 2 127 6209 8191 5474
11294 2 2 2 127 7220 7518 7449
11295 2 2 2 127 6739 6743 5752
11296 2 2 2 127 7752 8261 7718
11297 2 2 2 127 5546 5556 5545
11298 2 2 2 127 5401 5705 5704
11299 2 2 2 127 7015 7016 7014
11300 2 2 2 127 7364 8263 8043
11301 2 2 2 127 6005 6843 6164
11302 2 2 2 127 6915 7821 7532
11303 2 2 2 127 5764 5766 5765
11304 2 2 2 127 1727 5398 100
11305 2 2 2 127 607 5413 30
11306 2 2 2 127 5920 8701 628
11307 2 2 2 127 1167 5399 65
11308 2 2 2 127 628 8701 5394
11309 2 2 2 127 6683 6746 6689
11310 2 2 2 127 5588 5590 5589
11311 2 2 2 127 6027 8787 1524
11312 2 2 2 127 7677 8588 1287
11313 2 2 2 127 7671 8515 7828
11314 2 2 2 127 6638 7803 5368
11315 2 2 2 127 6004 8311 6463
11316 2 2 2 127 5408 8047 6547
11317 2 2 2 127 5398 5546 5545
11318 2 2 2 127 830 6509 6074
11319 2 2 2 127 8194 8808 6227
11320 2 2 2 127 119 5411 2016
11321 2 2 2 127 5540 6732 5563
11322 2 2 2 127 6642 6643 5360
11323 2 2 2 127 6657 6801 6497
11324 2 2 2 127 8335 8828 5520
11325 2 2 2 127 63 5584 5330
11326 2 2 2 127 5729 5730 5728
11327 2 2 2 127 6448 6770 6633
11328 2 2 2 127 5547 5548 5546
11329 2 2 2 127 5785 8381 6607
11330 2 2 2 127 8289 8305 6997
11331 2 2 2 127 7387 8281 6959
11332 2 2 2 127 8043 8263 7087
11333 2 2 2 127 6126 8125 6725
11334 2 2 2 127 7674 8432 7272
11335 2 2 2 127 7193 7194 7192
11336 2 2 2 127 5398 5547 5546
11337 2 2 2 127 5889 5891 5890
11338 2 2 2 127 6806 8176 6680
11339 2 2 2 127 6095 8955 6625
11340 2 2 2 127 7916 8820 5737
11341 2 2 2 127 5584 5585 5330
11342 2 2 2 127 5960 5963 5958
11343 2 2 2 127 5362 5538 121
11344 2 2 2 127 1989 6275 1990
11345 2 2 2 127 1205 6276 1206
11346 2 2 2 127 6689 6746 5667
11347 2 2 2 127 6839 7175 1285
11348 2 2 2 127 6523 8846 5451
11349 2 2 2 127 6437 8277 6116
11350 2 2 2 127 7398 7400 7399
11351 2 2 2 127 6123 6698 6668
11352 2 2 2 127 5401 5706 5705
11353 2 2 2 127 6102 8046 6717
11354 2 2 2 127 5362 5540 5539
11355 2 2 2 127 6354 8097 5882
11356 2 2 2 127 5774 6679 6678
11357 2 2 2 127 6126 6725 6242
11358 2 2 2 127 5705 6670 5704
11359 2 2 2 127 6366 8710 239
11360 2 2 2 127 6367 8711 1583
11361 2 2 2 127 7968 8195 6237
11362 2 2 2 127 7969 8196 6238
11363 2 2 2 127 5627 6698 6123
11364 2 2 2 127 8268 8864 7515
11365 2 2 2 127 5588 6512 5590
11366 2 2 2 127 6109 6790 6465
11367 2 2 2 127 6664 6665 5805
11368 2 2 2 127 6273 8546 8138
11369 2 2 2 127 77 6222 5536
11370 2 2 2 127 112 6223 5535
11371 2 2 2 127 6923 6925 6924
11372 2 2 2 127 28 5588 5427
11373 2 2 2 127 7267 7270 7264
11374 2 2 2 127 5706 5707 5705
11375 2 2 2 127 6717 6718 5390
11376 2 2 2 127 8384 8748 7139
11377 2 2 2 127 6795 8644 5749
11378 2 2 2 127 6447 8763 8485
11379 2 2 2 127 6110 6791 6467
11380 2 2 2 127 5905 6615 6089
11381 2 2 2 127 8617 8960 2174
11382 2 2 2 127 7717 8867 7641
11383 2 2 2 127 6243 8079 6783
11384 2 2 2 127 941 8611 942
11385 2 2 2 127 6277 8729 6278
11386 2 2 2 127 6084 8220 6085
11387 2 2 2 127 6116 8445 6437
11388 2 2 2 127 5751 6713 6688
11389 2 2 2 127 7365 7973 7428
11390 2 2 2 127 8071 8858 7157
11391 2 2 2 127 5961 5962 5960
11392 2 2 2 127 1320 8533 1376
11393 2 2 2 127 5764 6661 6168
11394 2 2 2 127 7712 7907 6963
11395 2 2 2 127 5836 6779 5831
11396 2 2 2 127 607 6041 5413
11397 2 2 2 127 7433 8159 8158
11398 2 2 2 127 6248 8233 6078
11399 2 2 2 127 5362 6732 5540
11400 2 2 2 127 5847 6659 6652
11401 2 2 2 127 5590 5591 5589
11402 2 2 2 127 5547 5549 5548
11403 2 2 2 127 6319 8832 5965
11404 2 2 2 127 6902 8567 6905
11405 2 2 2 127 6078 8233 6209
11406 2 2 2 127 7577 8624 7592
11407 2 2 2 127 2128 8530 2129
11408 2 2 2 127 6689 6757 6684
11409 2 2 2 127 6650 6779 5836
11410 2 2 2 127 7612 8772 7647
11411 2 2 2 127 6764 6789 1278
11412 2 2 2 127 6763 6787 1838
11413 2 2 2 127 5757 6760 6712
11414 2 2 2 127 6688 6713 5642
11415 2 2 2 127 5961 6272 5962
11416 2 2 2 127 6541 7935 5422
11417 2 2 2 127 5764 6168 5766
11418 2 2 2 127 5370 5570 5569
11419 2 2 2 127 6345 8837 5966
11420 2 2 2 127 5489 8718 633
11421 2 2 2 127 5488 8717 969
11422 2 2 2 127 6866 6868 6867
11423 2 2 2 127 5507 5740 5739
11424 2 2 2 127 5615 6747 5623
11425 2 2 2 127 5747 5748 5746
11426 2 2 2 127 5860 5861 5859
11427 2 2 2 127 7129 7131 7128
11428 2 2 2 127 5959 5960 5958
11429 2 2 2 127 7059 8548 7875
11430 2 2 2 127 6512 6675 5590
11431 2 2 2 127 5730 5733 5732
11432 2 2 2 127 633 8718 6063
11433 2 2 2 127 969 8717 6064
11434 2 2 2 127 8501 8630 7435
11435 2 2 2 127 21 8367 6335
11436 2 2 2 127 6158 8344 6495
11437 2 2 2 127 5764 5765 5763
11438 2 2 2 127 6171 6673 5859
11439 2 2 2 127 5953 6737 6462
11440 2 2 2 127 5391 5686 84
11441 2 2 2 127 7692 8766 7802
11442 2 2 2 127 6010 6538 6066
11443 2 2 2 127 5391 5688 5687
11444 2 2 2 127 5550 5552 5551
11445 2 2 2 127 5826 5827 5825
11446 2 2 2 127 5959 5961 5960
11447 2 2 2 127 5623 6698 5627
11448 2 2 2 127 5688 5689 5687
11449 2 2 2 127 5798 6446 5800
11450 2 2 2 127 5590 5592 5591
11451 2 2 2 127 5824 6193 5826
11452 2 2 2 127 5762 6661 5764
11453 2 2 2 127 5414 6728 6727
11454 2 2 2 127 6657 7809 6801
11455 2 2 2 127 5707 5709 5708
11456 2 2 2 127 5552 5553 5551
11457 2 2 2 127 5769 6134 6133
11458 2 2 2 127 5698 6674 5694
11459 2 2 2 127 1319 8533 1320
11460 2 2 2 127 6668 6712 6123
11461 2 2 2 127 5709 5710 5708
11462 2 2 2 127 7615 7775 7578
11463 2 2 2 127 5411 5737 2016
11464 2 2 2 127 7421 8593 7067
11465 2 2 2 127 5800 5801 5799
11466 2 2 2 127 5858 8336 7828
11467 2 2 2 127 6244 6517 6245
11468 2 2 2 127 685 6667 742
11469 2 2 2 127 461 6666 294
11470 2 2 2 127 5563 6732 6309
11471 2 2 2 127 5733 5734 5732
11472 2 2 2 127 5549 5557 5550
11473 2 2 2 127 5709 5711 5710
11474 2 2 2 127 5590 6675 5592
11475 2 2 2 127 5751 6688 6687
11476 2 2 2 127 5549 5550 5548
11477 2 2 2 127 7740 7945 7007
11478 2 2 2 127 6459 8034 6045
11479 2 2 2 127 5752 6792 6739
11480 2 2 2 127 5552 5554 5553
11481 2 2 2 127 5466 5747 5746
11482 2 2 2 127 5592 6675 5595
11483 2 2 2 127 7623 7625 7624
11484 2 2 2 127 21 6335 5750
11485 2 2 2 127 5584 6522 5586
11486 2 2 2 127 5754 6765 6686
11487 2 2 2 127 5730 5732 5731
11488 2 2 2 127 5707 5715 5709
11489 2 2 2 127 5707 5708 5705
11490 2 2 2 127 5711 5712 5710
11491 2 2 2 127 7491 8753 7379
11492 2 2 2 127 5747 6075 5748
11493 2 2 2 127 5692 5693 5691
11494 2 2 2 127 5689 5692 5691
11495 2 2 2 127 5689 5691 5690
11496 2 2 2 127 5889 5892 5891
11497 2 2 2 127 7537 7538 7523
11498 2 2 2 127 7149 7458 7340
11499 2 2 2 127 1659 5354 1660
11500 2 2 2 127 5692 5694 5693
11501 2 2 2 127 5694 6674 5693
11502 2 2 2 127 6692 6781 6759
11503 2 2 2 127 5550 5551 5548
11504 2 2 2 127 5693 5700 5695
11505 2 2 2 127 6443 8585 6167
11506 2 2 2 127 5818 6219 5815
11507 2 2 2 127 219 5885 5473
11508 2 2 2 127 5405 5898 1508
11509 2 2 2 127 5449 5786 5785
11510 2 2 2 127 5689 5690 5687
11511 2 2 2 127 5449 5785 540
11512 2 2 2 127 5468 6086 5791
11513 2 2 2 127 5711 5713 5712
11514 2 2 2 127 539 5449 540
11515 2 2 2 127 907 5788 908
11516 2 2 2 127 1635 5888 1636
11517 2 2 2 127 5466 6158 5747
11518 2 2 2 127 1507 5405 1508
11519 2 2 2 127 5783 8148 6474
11520 2 2 2 127 5784 8149 6475
11521 2 2 2 127 6685 6692 6691
11522 2 2 2 127 219 5473 220
11523 2 2 2 127 1451 6032 1452
11524 2 2 2 127 1691 5703 1692
11525 2 2 2 127 1131 5702 1132
11526 2 2 2 127 5623 6747 6698
11527 2 2 2 127 6688 6746 6683
11528 2 2 2 127 5606 6691 5604
11529 2 2 2 127 6687 6690 5751
11530 2 2 2 127 5469 5790 988
11531 2 2 2 127 5468 5791 1548
11532 2 2 2 127 5462 5822 5821
11533 2 2 2 127 1187 5924 1188
11534 2 2 2 127 482 5865 483
11535 2 2 2 127 7201 8594 7910
11536 2 2 2 127 5691 6677 5690
11537 2 2 2 127 239 8710 7
11538 2 2 2 127 1583 8711 91
11539 2 2 2 127 443 5345 444
11540 2 2 2 127 908 5359 909
11541 2 2 2 127 987 5469 988
11542 2 2 2 127 1547 5468 1548
11543 2 2 2 127 274 5876 275
11544 2 2 2 127 5700 5701 5695
11545 2 2 2 127 5604 6691 5620
11546 2 2 2 127 5554 5555 5553
11547 2 2 2 127 5554 5558 5555
11548 2 2 2 127 5462 6676 5822
11549 2 2 2 127 1339 5484 1340
11550 2 2 2 127 779 5485 780
11551 2 2 2 127 482 6224 5865
11552 2 2 2 127 105 6093 5756
11553 2 2 2 127 316 5567 317
11554 2 2 2 127 274 6259 5876
11555 2 2 2 127 5776 6487 1244
11556 2 2 2 127 70 6094 5759
11557 2 2 2 127 5777 6488 1804
11558 2 2 2 127 1266 5329 1267
11559 2 2 2 127 347 5797 348
11560 2 2 2 127 1753 5979 5738
11561 2 2 2 127 5885 5886 5473
11562 2 2 2 127 2066 5498 2067
11563 2 2 2 127 1753 5738 1754
11564 2 2 2 127 5498 6186 5795
11565 2 2 2 127 987 5911 5469
11566 2 2 2 127 6075 6076 5748
11567 2 2 2 127 5354 5782 1660
11568 2 2 2 127 5693 5695 5691
11569 2 2 2 127 1579 5823 1580
11570 2 2 2 127 5713 5714 5712
11571 2 2 2 127 1953 5369 1954
11572 2 2 2 127 706 6227 5462
11573 2 2 2 127 5498 6317 6186
11574 2 2 2 127 1730 5537 1731
11575 2 2 2 127 1730 6260 5537
11576 2 2 2 127 2049 6139 2050
11577 2 2 2 127 1489 6140 1490
11578 2 2 2 127 2065 6141 2066
11579 2 2 2 127 1505 6142 1506
11580 2 2 2 127 6188 8239 7793
11581 2 2 2 127 5693 6674 5700
11582 2 2 2 127 316 5840 5567
11583 2 2 2 127 5713 5716 5714
11584 2 2 2 127 571 5841 572
11585 2 2 2 127 386 6037 387
11586 2 2 2 127 5405 5899 5898
11587 2 2 2 127 652 6045 653
11588 2 2 2 127 1100 6046 1101
11589 2 2 2 127 5558 5559 5555
11590 2 2 2 127 5401 5704 16
11591 2 2 2 127 5827 5828 5825
11592 2 2 2 127 348 5415 349
11593 2 2 2 127 1915 5851 1916
11594 2 2 2 127 5867 5869 5868
11595 2 2 2 127 5537 6466 6138
11596 2 2 2 127 5869 6636 5870
11597 2 2 2 127 147 5504 148
11598 2 2 2 127 5629 6690 5621
11599 2 2 2 127 1436 5565 1437
11600 2 2 2 127 876 5566 877
11601 2 2 2 127 1842 5476 1843
11602 2 2 2 127 7879 8314 6212
11603 2 2 2 127 7878 8313 6211
11604 2 2 2 127 1842 5928 5476
11605 2 2 2 127 5845 6494 5438
11606 2 2 2 127 5716 5717 5714
11607 2 2 2 127 931 5441 932
11608 2 2 2 127 5696 6825 6613
11609 2 2 2 127 459 5520 460
11610 2 2 2 127 1580 5406 1581
11611 2 2 2 127 5345 6159 444
11612 2 2 2 127 683 5519 684
11613 2 2 2 127 818 5443 819
11614 2 2 2 127 5717 6143 5973
11615 2 2 2 127 5591 5682 5589
11616 2 2 2 127 1713 5878 1714
11617 2 2 2 127 257 5879 258
11618 2 2 2 127 706 5462 707
11619 2 2 2 127 1603 5459 1604
11620 2 2 2 127 5710 5720 5708
11621 2 2 2 127 1211 5725 1212
11622 2 2 2 127 763 5726 764
11623 2 2 2 127 6712 6760 6123
11624 2 2 2 127 764 6030 765
11625 2 2 2 127 1212 6031 1213
11626 2 2 2 127 572 5396 573
11627 2 2 2 127 6682 6689 6684
11628 2 2 2 127 5867 5868 5439
11629 2 2 2 127 6227 6676 5462
11630 2 2 2 127 147 5796 5504
11631 2 2 2 127 5570 5571 5569
11632 2 2 2 127 5442 5864 5863
11633 2 2 2 127 145 5390 146
11634 2 2 2 127 5706 6734 5707
11635 2 2 2 127 235 5522 236
11636 2 2 2 127 1467 5521 1468
11637 2 2 2 127 5869 5870 5868
11638 2 2 2 127 371 6117 372
11639 2 2 2 127 1827 6116 1828
11640 2 2 2 127 1917 6020 1918
11641 2 2 2 127 6674 8135 6206
11642 2 2 2 127 179 5424 180
11643 2 2 2 127 6259 6628 5876
11644 2 2 2 127 5696 5697 5694
11645 2 2 2 127 1243 5776 1244
11646 2 2 2 127 5822 6056 5821
11647 2 2 2 127 1803 5777 1804
11648 2 2 2 127 181 5348 182
11649 2 2 2 127 1355 5524 1356
11650 2 2 2 127 795 5523 796
11651 2 2 2 127 5697 5698 5694
11652 2 2 2 127 5848 5849 5459
11653 2 2 2 127 1937 5775 1938
11654 2 2 2 127 7519 8787 8592
11655 2 2 2 127 1490 6329 1491
11656 2 2 2 127 2050 6328 2051
11657 2 2 2 127 1826 5930 5483
11658 2 2 2 127 5692 5696 5694
11659 2 2 2 127 6537 8682 5672
11660 2 2 2 127 1715 6104 1716
11661 2 2 2 127 259 6103 260
11662 2 2 2 127 370 5931 5482
11663 2 2 2 127 5730 5731 5728
11664 2 2 2 127 5870 5872 5871
11665 2 2 2 127 5485 5843 780
11666 2 2 2 127 5484 5844 1340
11667 2 2 2 127 5592 5593 5591
11668 2 2 2 127 5560 6189 5558
11669 2 2 2 127 1377 5774 1378
11670 2 2 2 127 370 5482 371
11671 2 2 2 127 1826 5483 1827
11672 2 2 2 127 2051 6025 2052
11673 2 2 2 127 1491 6026 1492
11674 2 2 2 127 5553 6729 5743
11675 2 2 2 127 1132 6231 1133
11676 2 2 2 127 5822 6204 6056
11677 2 2 2 127 5699 6338 5698
11678 2 2 2 127 314 5964 5407
11679 2 2 2 127 314 5407 315
11680 2 2 2 127 5957 5958 5955
11681 2 2 2 127 1939 5438 1940
11682 2 2 2 127 5462 5821 707
11683 2 2 2 127 6446 6447 5800
11684 2 2 2 127 5911 5912 5469
11685 2 2 2 127 5717 5973 5719
11686 2 2 2 127 6682 6684 5609
11687 2 2 2 127 930 5807 931
11688 2 2 2 127 5707 6734 5715
11689 2 2 2 127 1228 5367 1229
11690 2 2 2 127 668 5366 669
11691 2 2 2 127 1305 5497 1306
11692 2 2 2 127 5941 6491 5940
11693 2 2 2 127 5869 6678 6637
11694 2 2 2 127 6530 6624 1118
11695 2 2 2 127 6531 6625 1678
11696 2 2 2 127 1636 5371 1637
11697 2 2 2 127 6072 7905 6071
11698 2 2 2 127 5885 5887 5886
11699 2 2 2 127 851 5919 852
11700 2 2 2 127 627 5920 628
11701 2 2 2 127 7804 8293 8151
11702 2 2 2 127 5443 5811 5810
11703 2 2 2 127 443 5953 5345
11704 2 2 2 127 1620 6035 1621
11705 2 2 2 127 836 6036 837
11706 2 2 2 127 722 5929 5347
11707 2 2 2 127 723 6033 724
11708 2 2 2 127 5621 6690 5617
11709 2 2 2 127 594 5423 595
11710 2 2 2 127 1019 5778 1020
11711 2 2 2 127 5329 5792 1267
11712 2 2 2 127 5887 6087 5886
11713 2 2 2 127 5562 5941 5940
11714 2 2 2 127 5559 5562 5561
11715 2 2 2 127 5634 5640 5635
11716 2 2 2 127 1939 5845 5438
11717 2 2 2 127 5553 5743 5551
11718 2 2 2 127 1714 5532 1715
11719 2 2 2 127 258 5531 259
11720 2 2 2 127 1916 5358 1917
11721 2 2 2 127 445 5421 446
11722 2 2 2 127 6075 6444 6076
11723 2 2 2 127 203 5442 204
11724 2 2 2 127 5950 5952 5948
11725 2 2 2 127 5423 5847 5846
11726 2 2 2 127 1526 7708 5340
11727 2 2 2 127 5498 5795 2067
11728 2 2 2 127 5548 6681 5546
11729 2 2 2 127 5369 6354 5882
11730 2 2 2 127 5421 5935 446
11731 2 2 2 127 403 6148 404
11732 2 2 2 127 1971 6149 1972
11733 2 2 2 127 202 6092 203
11734 2 2 2 127 5801 5802 5799
11735 2 2 2 127 612 6233 613
11736 2 2 2 127 5348 5990 182
11737 2 2 2 127 5329 5793 5792
11738 2 2 2 127 5751 6690 5629
11739 2 2 2 127 1621 5431 1622
11740 2 2 2 127 837 5432 838
11741 2 2 2 127 6193 6313 5826
11742 2 2 2 127 5632 5634 5633
11743 2 2 2 127 778 6269 779
11744 2 2 2 127 6620 6738 5412
11745 2 2 2 127 6254 6255 5864
11746 2 2 2 127 762 6270 763
11747 2 2 2 127 1226 6271 1227
11748 2 2 2 127 874 6059 875
11749 2 2 2 127 1434 6060 1435
11750 2 2 2 127 890 6061 891
11751 2 2 2 127 6341 6430 5413
11752 2 2 2 127 650 5971 5509
11753 2 2 2 127 1749 5478 1750
11754 2 2 2 127 5592 5594 5593
11755 2 2 2 127 6253 6254 5864
11756 2 2 2 127 1098 5972 5510
11757 2 2 2 127 5490 6034 351
11758 2 2 2 127 1955 6150 1956
11759 2 2 2 127 537 5363 538
11760 2 2 2 127 1603 5848 5459
11761 2 2 2 127 5892 5894 5893
11762 2 2 2 127 5667 6757 6689
11763 2 2 2 127 963 6155 964
11764 2 2 2 127 1747 6156 1748
11765 2 2 2 127 5697 5699 5698
11766 2 2 2 127 483 5440 484
11767 2 2 2 127 5979 5980 5738
11768 2 2 2 127 5608 6682 5609
11769 2 2 2 127 1601 5388 1602
11770 2 2 2 127 517 5453 518
11771 2 2 2 127 5595 5596 5594
11772 2 2 2 127 1843 6081 1844
11773 2 2 2 127 5734 5735 5732
11774 2 2 2 127 387 6151 388
11775 2 2 2 127 5598 6699 5619
11776 2 2 2 127 5769 6135 6134
11777 2 2 2 127 5631 6713 5751
11778 2 2 2 127 1379 5439 1380
11779 2 2 2 127 5949 5950 5948
11780 2 2 2 127 891 5450 892
11781 2 2 2 127 1117 6530 1118
11782 2 2 2 127 1677 6531 1678
11783 2 2 2 127 5562 5940 5721
11784 2 2 2 127 5827 5829 5828
11785 2 2 2 127 5540 5541 5539
11786 2 2 2 127 1229 6078 1230
11787 2 2 2 127 5787 6207 5786
11788 2 2 2 127 5867 6678 5869
11789 2 2 2 127 5478 5993 1750
11790 2 2 2 127 5533 6055 2084
11791 2 2 2 127 5534 5927 516
11792 2 2 2 127 593 6180 594
11793 2 2 2 127 5869 6637 6636
11794 2 2 2 127 538 6252 539
11795 2 2 2 127 5677 6185 5640
11796 2 2 2 127 5630 5632 5631
11797 2 2 2 127 5634 5635 5633
11798 2 2 2 127 237 6306 238
11799 2 2 2 127 1973 5508 1974
11800 2 2 2 127 797 5491 798
11801 2 2 2 127 781 5492 782
11802 2 2 2 127 1341 5493 1342
11803 2 2 2 127 1416 5349 1417
11804 2 2 2 127 5592 5595 5594
11805 2 2 2 127 650 5509 651
11806 2 2 2 127 1098 5510 1099
11807 2 2 2 127 1114 5512 1115
11808 2 2 2 127 666 5511 667
11809 2 2 2 127 1766 5385 1767
11810 2 2 2 127 965 5477 966
11811 2 2 2 127 5713 5718 5716
11812 2 2 2 127 5682 6761 5589
11813 2 2 2 127 5740 5741 5739
11814 2 2 2 127 5585 5587 5330
11815 2 2 2 127 5632 5633 5631
11816 2 2 2 127 5449 5787 5786
11817 2 2 2 127 165 5451 166
11818 2 2 2 127 5442 5863 204
11819 2 2 2 127 164 6221 165
11820 2 2 2 127 2085 6229 2086
11821 2 2 2 127 6683 6689 6682
11822 2 2 2 127 6217 6758 6314
11823 2 2 2 127 722 5347 723
11824 2 2 2 127 553 8214 554
11825 2 2 2 127 329 8213 330
11826 2 2 2 127 5523 5877 796
11827 2 2 2 127 6691 6692 5620
11828 2 2 2 127 1565 6147 1566
11829 2 2 2 127 5443 5810 819
11830 2 2 2 127 6076 6664 6102
11831 2 2 2 127 6054 6166 5936
11832 2 2 2 127 5386 6128 5939
11833 2 2 2 127 5748 6716 5746
11834 2 2 2 127 5617 6709 5613
11835 2 2 2 127 5521 5881 1468
11836 2 2 2 127 6684 6686 6685
11837 2 2 2 127 515 5534 516
11838 2 2 2 127 2083 5533 2084
11839 2 2 2 127 5524 5880 1356
11840 2 2 2 127 389 5530 390
11841 2 2 2 127 1957 5529 1958
11842 2 2 2 127 5849 6616 5459
11843 2 2 2 127 275 5386 276
11844 2 2 2 127 5829 5835 5828
11845 2 2 2 127 557 6108 558
11846 2 2 2 127 5630 5631 5629
11847 2 2 2 127 5423 5846 595
11848 2 2 2 127 6054 6167 6166
11849 2 2 2 127 2086 5389 2087
11850 2 2 2 127 1357 5499 1358
11851 2 2 2 127 6901 6902 6898
11852 2 2 2 127 1379 5867 5439
11853 2 2 2 127 1005 6362 1006
11854 2 2 2 127 5595 5597 5596
11855 2 2 2 127 5522 5842 236
11856 2 2 2 127 5442 6253 5864
11857 2 2 2 127 1393 5360 1394
11858 2 2 2 127 5542 5543 5541
11859 2 2 2 127 5611 6682 5608
11860 2 2 2 127 6684 6685 5609
11861 2 2 2 127 1430 5420 1431
11862 2 2 2 127 7910 8078 7201
11863 2 2 2 127 5717 5719 5714
11864 2 2 2 127 5563 6198 5564
11865 2 2 2 127 5701 6019 5695
11866 2 2 2 127 221 6263 222
11867 2 2 2 127 1453 6264 1454
11868 2 2 2 127 6675 6719 5595
11869 2 2 2 127 5594 5637 5593
11870 2 2 2 127 217 5414 218
11871 2 2 2 127 5540 5563 5542
11872 2 2 2 127 500 6521 501
11873 2 2 2 127 5671 6712 5669
11874 2 2 2 127 5635 5638 5636
11875 2 2 2 127 1469 5518 1470
11876 2 2 2 127 1322 5897 1323
11877 2 2 2 127 6690 6709 5617
11878 2 2 2 127 5554 5560 5558
11879 2 2 2 127 5611 6683 6682
11880 2 2 2 127 350 5490 351
11881 2 2 2 127 762 6672 6270
11882 2 2 2 127 5491 6130 798
11883 2 2 2 127 5563 6309 6198
11884 2 2 2 127 5609 6691 5606
11885 2 2 2 127 5473 6617 220
11886 2 2 2 127 633 6063 634
11887 2 2 2 127 969 6064 970
11888 2 2 2 127 5740 6439 6197
11889 2 2 2 127 119 5727 5411
11890 2 2 2 127 224 5527 225
11891 2 2 2 127 1568 5528 1569
11892 2 2 2 127 5623 5627 5626
11893 2 2 2 127 158 5501 159
11894 2 2 2 127 1502 5500 1503
11895 2 2 2 127 238 5502 239
11896 2 2 2 127 1582 5503 1583
11897 2 2 2 127 5421 5936 5935
11898 2 2 2 127 6032 6618 1452
11899 2 2 2 127 745 6118 746
11900 2 2 2 127 5937 6054 5936
11901 2 2 2 127 5627 5679 5626
11902 2 2 2 127 5848 5850 5849
11903 2 2 2 127 5608 5609 5606
11904 2 2 2 127 5623 5626 5622
11905 2 2 2 127 5930 6432 5483
11906 2 2 2 127 6076 6102 5748
11907 2 2 2 127 5887 6586 6087
11908 2 2 2 127 5559 5561 5555
11909 2 2 2 127 5931 6433 5482
11910 2 2 2 127 6181 6262 5503
11911 2 2 2 127 5615 5623 5622
11912 2 2 2 127 5946 5948 5947
11913 2 2 2 127 5634 5676 5640
11914 2 2 2 127 5870 5871 5868
11915 2 2 2 127 497 5393 498
11916 2 2 2 127 1994 5332 1995
11917 2 2 2 127 6267 6629 6130
11918 2 2 2 127 5369 5882 1954
11919 2 2 2 127 6875 7875 7036
11920 2 2 2 127 5570 5572 5571
11921 2 2 2 127 5572 5573 5571
11922 2 2 2 127 5597 5598 5596
11923 2 2 2 127 945 5387 946
11924 2 2 2 127 5628 5630 5629
11925 2 2 2 127 5571 5578 5569
11926 2 2 2 127 852 5402 853
11927 2 2 2 127 5563 5564 5542
11928 2 2 2 127 5911 5913 5912
11929 2 2 2 127 5946 5947 5945
11930 2 2 2 127 5579 6695 5575
11931 2 2 2 127 5676 5677 5640
11932 2 2 2 127 5905 6089 5906
11933 2 2 2 127 665 6336 666
11934 2 2 2 127 1113 6337 1114
11935 2 2 2 127 6425 6426 5926
11936 2 2 2 127 628 5394 629
11937 2 2 2 127 6056 6541 5821
11938 2 2 2 127 5803 5806 5802
11939 2 2 2 127 5575 6695 5577
11940 2 2 2 127 7809 7922 6714
11941 2 2 2 127 5562 5721 5561
11942 2 2 2 127 1188 5397 1189
11943 2 2 2 127 1844 5374 1845
11944 2 2 2 127 5850 6265 5849
11945 2 2 2 127 1227 6038 1228
11946 2 2 2 127 2069 5982 2070
11947 2 2 2 127 501 5983 502
11948 2 2 2 127 5537 6138 1731
11949 2 2 2 127 5591 6722 5682
11950 2 2 2 127 5820 6546 5810
11951 2 2 2 127 964 6162 965
11952 2 2 2 127 1748 6163 1749
11953 2 2 2 127 5811 5820 5810
11954 2 2 2 127 6073 6533 6205
11955 2 2 2 127 6428 6429 5993
11956 2 2 2 127 310 5409 311
11957 2 2 2 127 7623 7624 7620
11958 2 2 2 127 6687 6688 6683
11959 2 2 2 127 5680 6192 5679
11960 2 2 2 127 5631 5751 5629
11961 2 2 2 127 502 5486 503
11962 2 2 2 127 2070 5487 2071
11963 2 2 2 127 5627 5680 5679
11964 2 2 2 127 5615 5622 5616
11965 2 2 2 127 1338 6084 1339
11966 2 2 2 127 5597 5599 5598
11967 2 2 2 127 5658 5678 5660
11968 2 2 2 127 5599 5600 5598
11969 2 2 2 127 5602 5604 5603
11970 2 2 2 127 5598 5619 5596
11971 2 2 2 127 5913 5914 5912
11972 2 2 2 127 6028 6332 5984
11973 2 2 2 127 6207 6493 5786
11974 2 2 2 127 5601 5602 5600
11975 2 2 2 127 5593 6722 5591
11976 2 2 2 127 5652 5672 5654
11977 2 2 2 127 5635 5636 5633
11978 2 2 2 127 1673 5416 1674
11979 2 2 2 127 5599 5601 5600
11980 2 2 2 127 7769 8654 2029
11981 2 2 2 127 5648 5649 5647
11982 2 2 2 127 5638 5639 5636
11983 2 2 2 127 1561 6655 1562
11984 2 2 2 127 1001 6654 1002
11985 2 2 2 127 5669 6712 6668
11986 2 2 2 127 5612 5615 5613
11987 2 2 2 127 5574 5575 5573
11988 2 2 2 127 5652 5654 5653
11989 2 2 2 127 5753 6693 5651
11990 2 2 2 127 5837 6044 5836
11991 2 2 2 127 6685 6691 5609
11992 2 2 2 127 5453 7841 6305
11993 2 2 2 127 720 5422 721
11994 2 2 2 127 5602 5603 5600
11995 2 2 2 127 5770 6536 5753
11996 2 2 2 127 1734 5784 1735
11997 2 2 2 127 950 5783 951
11998 2 2 2 127 5575 5577 5573
11999 2 2 2 127 5580 6468 5579
12000 2 2 2 127 1582 6181 5503
12001 2 2 2 127 6102 6716 5748
12002 2 2 2 127 5801 5803 5802
12003 2 2 2 127 1189 6316 1190
12004 2 2 2 127 670 5526 671
12005 2 2 2 127 5329 5794 5793
12006 2 2 2 127 6176 8372 6697
12007 2 2 2 127 536 6111 537
12008 2 2 2 127 1094 5403 1095
12009 2 2 2 127 5654 5656 5655
12010 2 2 2 127 968 5488 969
12011 2 2 2 127 632 5489 633
12012 2 2 2 127 5765 6528 5763
12013 2 2 2 127 409 6022 410
12014 2 2 2 127 5652 6693 5672
12015 2 2 2 127 5953 6101 5345
12016 2 2 2 127 5683 6702 6079
12017 2 2 2 127 5757 6712 5671
12018 2 2 2 127 1436 6500 5565
12019 2 2 2 127 876 6499 5566
12020 2 2 2 127 5386 5938 276
12021 2 2 2 127 718 8391 7846
12022 2 2 2 127 1230 5474 1231
12023 2 2 2 127 5787 6301 6207
12024 2 2 2 127 5628 5629 5621
12025 2 2 2 127 5833 5836 5831
12026 2 2 2 127 5803 6711 5806
12027 2 2 2 127 5431 5966 1622
12028 2 2 2 127 5543 5544 5541
12029 2 2 2 127 5872 5873 5871
12030 2 2 2 127 5946 5949 5948
12031 2 2 2 127 5644 6497 5646
12032 2 2 2 127 5540 5542 5541
12033 2 2 2 127 5771 6760 5757
12034 2 2 2 127 1020 6115 1021
12035 2 2 2 127 1790 5475 1791
12036 2 2 2 127 5649 5652 5650
12037 2 2 2 127 1342 6281 1343
12038 2 2 2 127 782 6282 783
12039 2 2 2 127 5416 5946 5945
12040 2 2 2 127 5649 5650 5647
12041 2 2 2 127 5646 5647 5645
12042 2 2 2 127 982 6178 983
12043 2 2 2 127 5604 5620 5603
12044 2 2 2 127 5610 5611 5608
12045 2 2 2 127 856 6257 857
12046 2 2 2 127 520 6258 521
12047 2 2 2 127 2088 5428 2089
12048 2 2 2 127 5678 6697 5660
12049 2 2 2 127 5656 5658 5657
12050 2 2 2 127 5639 5644 5643
12051 2 2 2 127 5450 6073 5932
12052 2 2 2 127 5644 5645 5643
12053 2 2 2 127 2122 5357 2123
12054 2 2 2 127 5613 6709 5610
12055 2 2 2 127 5571 6700 5578
12056 2 2 2 127 5971 6237 5509
12057 2 2 2 127 5894 5895 5893
12058 2 2 2 127 1976 5933 1977
12059 2 2 2 127 1192 5934 1193
12060 2 2 2 127 5972 6238 5510
12061 2 2 2 127 777 6519 778
12062 2 2 2 127 5515 8116 1841
12063 2 2 2 127 5827 5830 5829
12064 2 2 2 127 5830 5831 5829
12065 2 2 2 127 5600 6699 5598
12066 2 2 2 127 5614 6708 5670
12067 2 2 2 127 985 5368 986
12068 2 2 2 127 5614 5670 5669
12069 2 2 2 127 350 6182 5490
12070 2 2 2 127 1225 6520 1226
12071 2 2 2 127 648 5471 649
12072 2 2 2 127 5676 6179 5677
12073 2 2 2 127 6191 6722 5593
12074 2 2 2 127 312 5334 313
12075 2 2 2 127 1824 6235 5583
12076 2 2 2 127 5773 6756 5771
12077 2 2 2 127 6182 6280 5490
12078 2 2 2 127 5615 5616 5613
12079 2 2 2 127 1096 5470 1097
12080 2 2 2 127 5572 5574 5573
12081 2 2 2 127 6057 6492 5770
12082 2 2 2 127 5772 5773 5771
12083 2 2 2 127 5741 6632 5739
12084 2 2 2 127 5649 6693 5652
12085 2 2 2 127 5573 6700 5571
12086 2 2 2 127 5479 6542 1951
12087 2 2 2 127 5674 5753 5651
12088 2 2 2 127 5576 5579 5575
12089 2 2 2 127 5647 6710 5645
12090 2 2 2 127 1509 5333 1510
12091 2 2 2 127 185 6023 186
12092 2 2 2 127 5582 6662 5781
12093 2 2 2 127 5805 6711 5803
12094 2 2 2 127 5816 5818 5815
12095 2 2 2 127 5670 5683 5671
12096 2 2 2 127 5838 5839 5837
12097 2 2 2 127 5650 6710 5647
12098 2 2 2 127 5652 5653 5650
12099 2 2 2 127 5758 5771 5757
12100 2 2 2 127 5654 5655 5653
12101 2 2 2 127 5612 5613 5610
12102 2 2 2 127 5421 5937 5936
12103 2 2 2 127 1950 5479 1951
12104 2 2 2 127 408 5456 409
12105 2 2 2 127 5833 5837 5836
12106 2 2 2 127 574 5342 575
12107 2 2 2 127 5599 5614 5601
12108 2 2 2 127 1432 5514 1433
12109 2 2 2 127 6023 8334 6676
12110 2 2 2 127 5620 5752 5603
12111 2 2 2 127 5611 6687 6683
12112 2 2 2 127 5627 6123 5680
12113 2 2 2 127 6433 6612 5482
12114 2 2 2 127 5755 6702 5683
12115 2 2 2 127 296 5454 297
12116 2 2 2 127 6432 6611 5483
12117 2 2 2 127 5660 6697 5663
12118 2 2 2 127 5630 6161 5632
12119 2 2 2 127 5670 5755 5683
12120 2 2 2 127 5634 6724 5676
12121 2 2 2 127 5389 5997 2087
12122 2 2 2 127 5616 5618 5617
12123 2 2 2 127 5740 6197 5741
12124 2 2 2 127 7846 8391 6364
12125 2 2 2 127 6015 6277 6016
12126 2 2 2 127 5804 5805 5803
12127 2 2 2 127 6533 6534 6205
12128 2 2 2 127 5658 5660 5659
12129 2 2 2 127 5913 5915 5914
12130 2 2 2 127 5491 6267 6130
12131 2 2 2 127 1080 5426 1081
12132 2 2 2 127 5616 5617 5613
12133 2 2 2 127 5656 5657 5655
12134 2 2 2 127 5639 5643 5642
12135 2 2 2 127 5607 5608 5606
12136 2 2 2 127 334 5430 335
12137 2 2 2 127 5651 6693 5649
12138 2 2 2 127 5674 5770 5753
12139 2 2 2 127 5830 5832 5831
12140 2 2 2 127 6687 6709 6690
12141 2 2 2 127 1766 6671 5385
12142 2 2 2 127 5478 6428 5993
12143 2 2 2 127 592 5350 593
12144 2 2 2 127 5432 5965 838
12145 2 2 2 127 6197 6339 5741
12146 2 2 2 127 5646 5648 5647
12147 2 2 2 127 5349 5977 1417
12148 2 2 2 127 5597 6708 5599
12149 2 2 2 127 5772 6273 5773
12150 2 2 2 127 5599 6708 5614
12151 2 2 2 127 5669 6668 5668
12152 2 2 2 127 5915 5916 5914
12153 2 2 2 127 5644 5646 5645
12154 2 2 2 127 6120 6545 1391
12155 2 2 2 127 5614 5668 5601
12156 2 2 2 127 5834 6210 5832
12157 2 2 2 127 5618 5621 5617
12158 2 2 2 127 744 5447 745
12159 2 2 2 127 1958 6136 1959
12160 2 2 2 127 390 6137 391
12161 2 2 2 127 5832 5833 5831
12162 2 2 2 127 5648 5651 5649
12163 2 2 2 127 5645 5667 5643
12164 2 2 2 127 5624 5628 5621
12165 2 2 2 127 6301 6365 6207
12166 2 2 2 127 8023 8461 888
12167 2 2 2 127 8017 8462 1448
12168 2 2 2 127 5772 6340 6273
12169 2 2 2 127 5451 5969 166
12170 2 2 2 127 1392 6127 1393
12171 2 2 2 127 5577 6700 5573
12172 2 2 2 127 5607 5612 5610
12173 2 2 2 127 5913 5918 5915
12174 2 2 2 127 5665 5767 5662
12175 2 2 2 127 5645 6710 5667
12176 2 2 2 127 5624 5641 5628
12177 2 2 2 127 5868 6696 5439
12178 2 2 2 127 5754 6710 5650
12179 2 2 2 127 5618 5624 5621
12180 2 2 2 127 5637 6191 5593
12181 2 2 2 127 5830 5834 5832
12182 2 2 2 127 5683 6079 5684
12183 2 2 2 127 5663 6720 5661
12184 2 2 2 127 5612 6747 5615
12185 2 2 2 127 5670 5671 5669
12186 2 2 2 127 5603 6699 5600
12187 2 2 2 127 1173 5994 1174
12188 2 2 2 127 1323 5417 1324
12189 2 2 2 127 5660 5663 5661
12190 2 2 2 127 5642 6746 6688
12191 2 2 2 127 5670 6708 5755
12192 2 2 2 127 7383 7385 7384
12193 2 2 2 127 5834 6448 6210
12194 2 2 2 127 5614 5669 5668
12195 2 2 2 127 5658 5659 5657
12196 2 2 2 127 5348 6058 5990
12197 2 2 2 127 405 6001 406
12198 2 2 2 127 670 6308 5526
12199 2 2 2 127 1864 5425 1865
12200 2 2 2 127 256 6226 257
12201 2 2 2 127 5386 5939 5938
12202 2 2 2 127 5752 6699 5603
12203 2 2 2 127 1902 5419 1903
12204 2 2 2 127 6700 6701 5578
12205 2 2 2 127 5684 5758 5757
12206 2 2 2 127 5572 5581 5574
12207 2 2 2 127 6668 6698 6669
12208 2 2 2 127 5887 6587 6586
12209 2 2 2 127 1824 5583 1825
12210 2 2 2 127 5838 6350 5839
12211 2 2 2 127 5582 6726 6662
12212 2 2 2 127 5664 5685 5675
12213 2 2 2 127 5574 5576 5575
12214 2 2 2 127 6277 6278 6016
12215 2 2 2 127 984 5974 985
12216 2 2 2 127 7458 7459 7340
12217 2 2 2 127 6668 6669 5668
12218 2 2 2 127 5953 6462 6101
12219 2 2 2 127 1134 5452 1135
12220 2 2 2 127 5871 6696 5868
12221 2 2 2 127 5684 5757 5671
12222 2 2 2 127 1751 5335 1752
12223 2 2 2 127 5653 5754 5650
12224 2 2 2 127 2121 6239 2122
12225 2 2 2 127 5758 5772 5771
12226 2 2 2 127 368 5517 369
12227 2 2 2 127 384 5516 385
12228 2 2 2 127 1840 5515 1841
12229 2 2 2 127 426 6048 427
12230 2 2 2 127 1390 6120 1391
12231 2 2 2 127 5610 6709 5611
12232 2 2 2 127 5639 5642 5636
12233 2 2 2 127 277 5433 278
12234 2 2 2 127 5661 6720 5664
12235 2 2 2 127 5657 5666 5655
12236 2 2 2 127 5595 6719 5597
12237 2 2 2 127 183 5395 184
12238 2 2 2 127 1566 5418 1567
12239 2 2 2 127 5633 6713 5631
12240 2 2 2 127 1992 5461 1993
12241 2 2 2 127 6750 6753 6751
12242 2 2 2 127 5660 5661 5659
12243 2 2 2 127 5673 6714 5674
12244 2 2 2 127 6929 8199 7745
12245 2 2 2 127 5683 5684 5671
12246 2 2 2 127 1208 5460 1209
12247 2 2 2 127 5428 6132 6065
12248 2 2 2 127 552 6607 553
12249 2 2 2 127 5516 6268 5968
12250 2 2 2 127 1006 5412 1007
12251 2 2 2 127 5833 5838 5837
12252 2 2 2 127 217 6496 5414
12253 2 2 2 127 5675 6121 5665
12254 2 2 2 127 1264 5448 1265
12255 2 2 2 127 5525 6364 785
12256 2 2 2 127 5393 5908 498
12257 2 2 2 127 5607 5610 5608
12258 2 2 2 127 8374 8458 7294
12259 2 2 2 127 6113 6124 5430
12260 2 2 2 127 5664 5665 5662
12261 2 2 2 127 1560 6609 1561
12262 2 2 2 127 1000 6608 1001
12263 2 2 2 127 6086 6736 5791
12264 2 2 2 127 614 5458 615
12265 2 2 2 127 832 6100 833
12266 2 2 2 127 6161 6724 5632
12267 2 2 2 127 5676 6724 6631
12268 2 2 2 127 1976 6106 5933
12269 2 2 2 127 1192 6107 5934
12270 2 2 2 127 334 6113 5430
12271 2 2 2 127 6073 6205 5932
12272 2 2 2 127 5576 5580 5579
12273 2 2 2 127 1303 5404 1304
12274 2 2 2 127 5516 6535 6268
12275 2 2 2 127 6756 6760 5771
12276 2 2 2 127 5801 5804 5803
12277 2 2 2 127 5664 5675 5665
12278 2 2 2 127 5661 5662 5659
12279 2 2 2 127 5674 6057 5770
12280 2 2 2 127 5661 5664 5662
12281 2 2 2 127 6058 6323 5990
12282 2 2 2 127 5674 6714 6057
12283 2 2 2 127 784 5525 785
12284 2 2 2 127 5915 5917 5916
12285 2 2 2 127 1616 5944 1617
12286 2 2 2 127 5673 5674 5651
12287 2 2 2 127 5611 6709 6687
12288 2 2 2 127 5450 5932 892
12289 2 2 2 127 5417 5883 1324
12290 2 2 2 127 5576 5582 5580
12291 2 2 2 127 6146 8242 6081
12292 2 2 2 127 5903 5905 5904
12293 2 2 2 127 558 5455 559
12294 2 2 2 127 5632 6724 5634
12295 2 2 2 127 5767 6723 5662
12296 2 2 2 127 984 6464 5974
12297 2 2 2 127 311 6129 312
12298 2 2 2 127 500 6651 6521
12299 2 2 2 127 5416 5945 1674
12300 2 2 2 127 5885 6727 5887
12301 2 2 2 127 1021 5356 1022
12302 2 2 2 127 5354 6122 5782
12303 2 2 2 127 5582 5781 5736
12304 2 2 2 127 5675 6461 6121
12305 2 2 2 127 6350 6663 5839
12306 2 2 2 127 1060 5375 1061
12307 2 2 2 127 494 6640 495
12308 2 2 2 127 6699 6743 5619
12309 2 2 2 127 871 6200 872
12310 2 2 2 127 535 6199 536
12311 2 2 2 127 181 5992 5348
12312 2 2 2 127 5664 6720 5685
12313 2 2 2 127 5735 6694 5732
12314 2 2 2 127 5393 6250 5908
12315 2 2 2 127 5648 5673 5651
12316 2 2 2 127 5732 6694 5731
12317 2 2 2 127 6720 6721 5685
12318 2 2 2 127 5468 6125 6086
12319 2 2 2 127 6708 6719 5755
12320 2 2 2 127 5636 6713 5633
12321 2 2 2 127 5387 5909 946
12322 2 2 2 127 6320 6331 5508
12323 2 2 2 127 1672 6622 1673
12324 2 2 2 127 5708 6670 5705
12325 2 2 2 127 5887 6727 6587
12326 2 2 2 127 5516 5968 385
12327 2 2 2 127 759 5400 760
12328 2 2 2 127 5872 5875 5874
12329 2 2 2 127 1789 5954 1790
12330 2 2 2 127 1337 5408 1338
12331 2 2 2 127 724 5392 725
12332 2 2 2 127 5601 6733 5602
12333 2 2 2 127 5597 6719 6708
12334 2 2 2 127 5676 6631 6179
12335 2 2 2 127 1456 5467 1457
12336 2 2 2 127 5417 5884 5883
12337 2 2 2 127 7245 7714 7351
12338 2 2 2 127 1992 6109 5461
12339 2 2 2 127 5657 6723 5666
12340 2 2 2 127 5581 6726 5574
12341 2 2 2 127 1208 6110 5460
12342 2 2 2 127 1973 6320 5508
12343 2 2 2 127 5582 5736 5580
12344 2 2 2 127 5642 6713 5636
12345 2 2 2 127 5659 6723 5657
12346 2 2 2 127 5389 6203 5997
12347 2 2 2 127 631 5999 632
12348 2 2 2 127 967 6000 968
12349 2 2 2 127 7357 8043 7845
12350 2 2 2 127 7061 8234 5779
12351 2 2 2 127 7837 8305 7191
12352 2 2 2 127 5899 5903 5901
12353 2 2 2 127 647 6002 648
12354 2 2 2 127 7507 8638 7212
12355 2 2 2 127 5454 5988 297
12356 2 2 2 127 5721 6630 5561
12357 2 2 2 127 5331 5986 5985
12358 2 2 2 127 5662 6723 5659
12359 2 2 2 127 5463 6425 5926
12360 2 2 2 127 944 6310 945
12361 2 2 2 127 6058 6656 6323
12362 2 2 2 127 5939 6434 5938
12363 2 2 2 127 5589 6761 5427
12364 2 2 2 127 5576 6726 5582
12365 2 2 2 127 5668 6733 5601
12366 2 2 2 127 5426 5989 1081
12367 2 2 2 127 5555 6729 5553
12368 2 2 2 127 5432 6318 5965
12369 2 2 2 127 7672 8607 7868
12370 2 2 2 127 1957 6321 5529
12371 2 2 2 127 5934 6454 1193
12372 2 2 2 127 5933 6453 1977
12373 2 2 2 127 5695 6677 5691
12374 2 2 2 127 5939 6449 6434
12375 2 2 2 127 389 6322 5530
12376 2 2 2 127 5574 6726 5576
12377 2 2 2 127 1174 5457 1175
12378 2 2 2 127 6043 6344 5366
12379 2 2 2 127 5607 6740 5612
12380 2 2 2 127 6512 6744 6675
12381 2 2 2 127 6106 6788 6787
12382 2 2 2 127 2030 5336 2031
12383 2 2 2 127 982 6680 6178
12384 2 2 2 127 382 6230 383
12385 2 2 2 127 5404 6049 1304
12386 2 2 2 127 5395 6112 184
12387 2 2 2 127 5402 6495 853
12388 2 2 2 127 6171 8105 6673
12389 2 2 2 127 7518 7697 7449
12390 2 2 2 127 6132 6452 6065
12391 2 2 2 127 5463 6427 6425
12392 2 2 2 127 759 6157 5400
12393 2 2 2 127 6669 6733 5668
12394 2 2 2 127 6122 6315 5782
12395 2 2 2 127 448 5445 449
12396 2 2 2 127 496 5943 497
12397 2 2 2 127 6065 6476 5987
12398 2 2 2 127 631 6174 5999
12399 2 2 2 127 6318 6319 5965
12400 2 2 2 127 5428 6065 5987
12401 2 2 2 127 647 6175 6002
12402 2 2 2 127 5814 5815 5813
12403 2 2 2 127 1734 6095 5784
12404 2 2 2 127 950 6096 5783
12405 2 2 2 127 5451 5970 5969
12406 2 2 2 127 5872 5874 5873
12407 2 2 2 127 6081 8242 6274
12408 2 2 2 127 1302 6005 1303
12409 2 2 2 127 5622 6703 5616
12410 2 2 2 127 5605 5606 5604
12411 2 2 2 127 1095 6003 1096
12412 2 2 2 127 1280 5434 1281
12413 2 2 2 127 7134 7136 7135
12414 2 2 2 127 1080 6088 5426
12415 2 2 2 127 5584 5586 5585
12416 2 2 2 127 7385 7883 7556
12417 2 2 2 127 6121 6739 5665
12418 2 2 2 127 5605 5607 5606
12419 2 2 2 127 6107 6369 5934
12420 2 2 2 127 6106 6370 5933
12421 2 2 2 127 5428 5987 2089
12422 2 2 2 127 2069 6653 5982
12423 2 2 2 127 5892 5893 5891
12424 2 2 2 127 1788 5365 1789
12425 2 2 2 127 1864 6091 5425
12426 2 2 2 127 5728 6715 5411
12427 2 2 2 127 5561 6729 5555
12428 2 2 2 127 5395 6641 6112
12429 2 2 2 127 405 6324 6001
12430 2 2 2 127 7474 8810 7310
12431 2 2 2 127 5398 5545 100
12432 2 2 2 127 6069 6071 5910
12433 2 2 2 127 6921 6922 6920
12434 2 2 2 127 427 5463 428
12435 2 2 2 127 6174 6471 5999
12436 2 2 2 127 6175 6470 6002
12437 2 2 2 127 5616 6703 5618
12438 2 2 2 127 5643 6746 5642
12439 2 2 2 127 5886 6773 5473
12440 2 2 2 127 5762 5763 5761
12441 2 2 2 127 296 6357 5454
12442 2 2 2 127 5602 5605 5604
12443 2 2 2 127 6019 6677 5695
12444 2 2 2 127 6109 6465 5461
12445 2 2 2 127 5551 6681 5548
12446 2 2 2 127 6358 6359 5447
12447 2 2 2 127 440 6621 441
12448 2 2 2 127 6513 8207 5475
12449 2 2 2 127 5374 6007 1845
12450 2 2 2 127 5937 6802 6054
12451 2 2 2 127 5502 6366 239
12452 2 2 2 127 5503 6367 1583
12453 2 2 2 127 744 6358 5447
12454 2 2 2 127 668 6043 5366
12455 2 2 2 127 857 5496 858
12456 2 2 2 127 521 5495 522
12457 2 2 2 127 6710 6757 5667
12458 2 2 2 127 5400 6006 760
12459 2 2 2 127 406 5364 407
12460 2 2 2 127 5460 6327 1209
12461 2 2 2 127 5431 6119 5966
12462 2 2 2 127 6630 6729 5561
12463 2 2 2 127 5404 6334 6049
12464 2 2 2 127 2071 8524 2072
12465 2 2 2 127 503 8523 504
12466 2 2 2 127 6088 6303 6131
12467 2 2 2 127 1735 8526 1736
12468 2 2 2 127 951 8525 952
12469 2 2 2 127 6157 6304 5400
12470 2 2 2 127 5762 5764 5763
12471 2 2 2 127 6740 6747 5612
12472 2 2 2 127 6885 6886 6882
12473 2 2 2 127 6358 6730 6359
12474 2 2 2 127 5387 5910 5909
12475 2 2 2 127 6306 8728 8315
12476 2 2 2 127 6110 6467 5460
12477 2 2 2 127 6719 6744 5755
12478 2 2 2 127 391 8527 392
12479 2 2 2 127 1959 8528 1960
12480 2 2 2 127 5720 6670 5708
12481 2 2 2 127 7655 7656 7654
12482 2 2 2 127 291 8367 292
12483 2 2 2 127 2160 6826 5480
12484 2 2 2 127 893 5331 894
12485 2 2 2 127 615 8529 616
12486 2 2 2 127 6675 6744 6719
12487 2 2 2 127 6088 6131 5426
12488 2 2 2 127 6692 6792 5620
12489 2 2 2 127 5463 5926 428
12490 2 2 2 127 2121 6498 6239
12491 2 2 2 127 5387 6068 5910
12492 2 2 2 127 5956 5957 5955
12493 2 2 2 127 5665 6739 5767
12494 2 2 2 127 7203 7204 7202
12495 2 2 2 127 1175 8532 1176
12496 2 2 2 127 8327 8956 7630
12497 2 2 2 127 1878 6220 1879
12498 2 2 2 127 7176 7717 7716
12499 2 2 2 127 5755 6744 6702
12500 2 2 2 127 5518 6144 1470
12501 2 2 2 127 5854 5855 5853
12502 2 2 2 127 6434 6735 5938
12503 2 2 2 127 5653 6765 5754
12504 2 2 2 127 6062 6154 5446
12505 2 2 2 127 5666 6765 5655
12506 2 2 2 127 6240 8142 8134
12507 2 2 2 127 2107 6062 5446
12508 2 2 2 127 6068 6070 6069
12509 2 2 2 127 5626 6745 5622
12510 2 2 2 127 5752 6743 6699
12511 2 2 2 127 5364 6008 407
12512 2 2 2 127 6429 6748 5993
12513 2 2 2 127 6119 6345 5966
12514 2 2 2 127 6012 6015 6014
12515 2 2 2 127 854 6363 855
12516 2 2 2 127 5392 6011 725
12517 2 2 2 127 5602 6733 5605
12518 2 2 2 127 6669 6740 6733
12519 2 2 2 127 5814 5816 5815
12520 2 2 2 127 6062 6456 6154
12521 2 2 2 127 5446 5942 2108
12522 2 2 2 127 5731 6715 5728
12523 2 2 2 127 5680 6756 6192
12524 2 2 2 127 6014 6243 6013
12525 2 2 2 127 6698 6747 6669
12526 2 2 2 127 5667 6746 5643
12527 2 2 2 127 5453 6305 518
12528 2 2 2 127 1431 6042 1432
12529 2 2 2 127 441 5410 442
12530 2 2 2 127 5375 6009 1061
12531 2 2 2 127 5501 6211 5745
12532 2 2 2 127 5500 6212 5744
12533 2 2 2 127 279 8537 280
12534 2 2 2 127 5618 5625 5624
12535 2 2 2 127 6669 6747 6740
12536 2 2 2 127 5933 6741 6453
12537 2 2 2 127 5934 6742 6454
12538 2 2 2 127 6012 6013 6011
12539 2 2 2 127 5992 7809 6657
12540 2 2 2 127 5767 6759 6723
12541 2 2 2 127 5743 6681 5551
12542 2 2 2 127 1063 8540 1064
12543 2 2 2 127 1847 8541 1848
12544 2 2 2 127 5830 6768 5834
12545 2 2 2 127 6015 6016 6014
12546 2 2 2 127 6370 6741 5933
12547 2 2 2 127 6369 6742 5934
12548 2 2 2 127 2107 5446 2108
12549 2 2 2 127 1166 6236 1167
12550 2 2 2 127 1879 5355 1880
12551 2 2 2 127 5425 5991 1865
12552 2 2 2 127 5426 6755 5989
12553 2 2 2 127 5826 6768 5827
12554 2 2 2 127 5754 6757 6710
12555 2 2 2 127 6091 6307 6160
12556 2 2 2 127 727 8543 728
12557 2 2 2 127 5605 6740 5607
12558 2 2 2 127 6123 6760 5680
12559 2 2 2 127 6069 6072 6071
12560 2 2 2 127 5680 6760 6756
12561 2 2 2 127 5443 5812 5811
12562 2 2 2 127 6743 6823 5619
12563 2 2 2 127 1993 6249 1994
12564 2 2 2 127 7228 8383 7227
12565 2 2 2 127 6068 6069 5910
12566 2 2 2 127 5812 5813 5811
12567 2 2 2 127 1726 6232 1727
12568 2 2 2 127 7673 8906 7038
12569 2 2 2 127 7418 8816 7273
12570 2 2 2 127 6723 6759 5666
12571 2 2 2 127 1120 6225 1121
12572 2 2 2 127 5978 6218 5977
12573 2 2 2 127 1545 5353 1546
12574 2 2 2 127 8482 8483 7148
12575 2 2 2 127 5427 6761 5724
12576 2 2 2 127 6686 6781 6685
12577 2 2 2 127 6089 6090 5906
12578 2 2 2 127 6733 6740 5605
12579 2 2 2 127 6041 6341 5413
12580 2 2 2 127 6131 6755 5426
12581 2 2 2 127 5985 6028 5984
12582 2 2 2 127 5349 5978 5977
12583 2 2 2 127 6323 6762 5990
12584 2 2 2 127 5622 6745 6703
12585 2 2 2 127 7164 7166 6862
12586 2 2 2 127 5679 5681 5626
12587 2 2 2 127 5957 5959 5958
12588 2 2 2 127 672 5436 673
12589 2 2 2 127 1792 5435 1793
12590 2 2 2 127 278 6097 279
12591 2 2 2 127 5655 6765 5653
12592 2 2 2 127 672 6053 5436
12593 2 2 2 127 6955 6956 6953
12594 2 2 2 127 5800 6769 5801
12595 2 2 2 127 1232 5437 1233
12596 2 2 2 127 7638 8063 7123
12597 2 2 2 127 6460 8800 5928
12598 2 2 2 127 6091 6160 5425
12599 2 2 2 127 5618 6703 5625
12600 2 2 2 127 6313 6768 5826
12601 2 2 2 127 8296 8466 5875
12602 2 2 2 127 6447 6769 5800
12603 2 2 2 127 6703 6704 5625
12604 2 2 2 127 5812 5814 5813
12605 2 2 2 127 5979 8679 6754
12606 2 2 2 127 5666 6781 6765
12607 2 2 2 127 7829 7925 2147
12608 2 2 2 127 5331 5984 894
12609 2 2 2 127 5860 5862 5861
12610 2 2 2 127 5477 5967 966
12611 2 2 2 127 7285 7790 7286
12612 2 2 2 127 6429 6750 6748
12613 2 2 2 127 7255 7343 7256
12614 2 2 2 127 7538 8491 7695
12615 2 2 2 127 5353 5998 1546
12616 2 2 2 127 8183 8184 7003
12617 2 2 2 127 6546 8068 6100
12618 2 2 2 127 5331 5985 5984
12619 2 2 2 127 6873 7875 6875
12620 2 2 2 127 592 5742 5350
12621 2 2 2 127 5857 5859 5855
12622 2 2 2 127 7843 8098 7600
12623 2 2 2 127 5831 6779 5829
12624 2 2 2 127 1062 5465 1063
12625 2 2 2 127 1846 5464 1847
12626 2 2 2 127 7376 7379 7378
12627 2 2 2 127 6012 6014 6013
12628 2 2 2 127 7417 7452 7404
12629 2 2 2 127 6703 6745 6704
12630 2 2 2 127 5477 6080 5967
12631 2 2 2 127 5637 6822 6646
12632 2 2 2 127 5554 6782 5560
12633 2 2 2 127 7143 7567 7566
12634 2 2 2 127 5392 6012 6011
12635 2 2 2 127 7917 8219 6961
12636 2 2 2 127 7183 7352 7181
12637 2 2 2 127 7048 7555 7022
12638 2 2 2 127 890 8609 6061
12639 2 2 2 127 5827 6768 5830
12640 2 2 2 127 6016 8456 8079
12641 2 2 2 127 5819 6208 5818
12642 2 2 2 127 7032 7033 7026
12643 2 2 2 127 6312 8363 8343
12644 2 2 2 127 534 5722 535
12645 2 2 2 127 870 5723 871
12646 2 2 2 127 726 5513 727
12647 2 2 2 127 6533 8535 5544
12648 2 2 2 127 7243 7541 7241
12649 2 2 2 127 7373 8236 7188
12650 2 2 2 127 5681 6745 5626
12651 2 2 2 127 6635 8955 6095
12652 2 2 2 127 5905 5906 5904
12653 2 2 2 127 7084 8827 7086
12654 2 2 2 127 6765 6781 6686
12655 2 2 2 127 6036 7870 6152
12656 2 2 2 127 7681 8240 7554
12657 2 2 2 127 5481 7805 2169
12658 2 2 2 127 5411 6715 5737
12659 2 2 2 127 5801 6769 5804
12660 2 2 2 127 7979 8038 7044
12661 2 2 2 127 6140 8093 6525
12662 2 2 2 127 6139 8092 6524
12663 2 2 2 127 8350 8612 6272
12664 2 2 2 127 206 8513 215
12665 2 2 2 127 2110 8512 2119
12666 2 2 2 127 1326 8514 1335
12667 2 2 2 127 1529 5494 1530
12668 2 2 2 127 5333 5975 1510
12669 2 2 2 127 6748 6749 5335
12670 2 2 2 127 7021 7022 7016
12671 2 2 2 127 2008 6342 2009
12672 2 2 2 127 1206 8640 1207
12673 2 2 2 127 1990 8639 1991
12674 2 2 2 127 7165 8407 1056
12675 2 2 2 127 7298 8103 7693
12676 2 2 2 127 7617 8887 8102
12677 2 2 2 127 8485 8763 6718
12678 2 2 2 127 5452 8131 6522
12679 2 2 2 127 5473 6773 6617
12680 2 2 2 127 6032 6772 6618
12681 2 2 2 127 1974 6195 1975
12682 2 2 2 127 5500 5744 1503
12683 2 2 2 127 5501 5745 159
12684 2 2 2 127 6626 8484 5703
12685 2 2 2 127 1054 5472 1055
12686 2 2 2 127 7502 8183 7198
12687 2 2 2 127 7425 7427 7426
12688 2 2 2 127 6755 8274 5973
12689 2 2 2 127 5767 6792 6759
12690 2 2 2 127 5903 5904 5901
12691 2 2 2 127 7899 8112 6485
12692 2 2 2 127 6512 8724 5342
12693 2 2 2 127 6983 6984 6982
12694 2 2 2 127 7500 8153 7697
12695 2 2 2 127 5899 5900 5898
12696 2 2 2 127 7708 8787 7519
12697 2 2 2 127 5812 6771 5814
12698 2 2 2 127 5949 5951 5950
12699 2 2 2 127 5918 7803 6638
12700 2 2 2 127 606 8424 6455
12701 2 2 2 127 6759 6792 6692
12702 2 2 2 127 870 6767 5723
12703 2 2 2 127 534 6766 5722
12704 2 2 2 127 6891 6894 6893
12705 2 2 2 127 1287 8588 1288
12706 2 2 2 127 7010 8008 7551
12707 2 2 2 127 1061 8762 1062
12708 2 2 2 127 6749 6754 5335
12709 2 2 2 127 5672 8682 8112
12710 2 2 2 127 776 7971 777
12711 2 2 2 127 1224 7972 1225
12712 2 2 2 127 6497 6801 5646
12713 2 2 2 127 8260 8358 6616
12714 2 2 2 127 6933 8496 7912
12715 2 2 2 127 5474 6775 1231
12716 2 2 2 127 5475 6776 1791
12717 2 2 2 127 6281 6777 1343
12718 2 2 2 127 6282 6778 783
12719 2 2 2 127 5430 6774 335
12720 2 2 2 127 6185 8689 6641
12721 2 2 2 127 7611 8698 7620
12722 2 2 2 127 7522 7523 7520
12723 2 2 2 127 7793 8239 6735
12724 2 2 2 127 5829 6779 5835
12725 2 2 2 127 5648 6801 5673
12726 2 2 2 127 5418 6780 1567
12727 2 2 2 127 7067 7070 7069
12728 2 2 2 127 5770 6803 6536
12729 2 2 2 127 7456 7984 7457
12730 2 2 2 127 7647 8676 7574
12731 2 2 2 127 5347 8855 6283
12732 2 2 2 127 6720 6802 6721
12733 2 2 2 127 5332 5921 1995
12734 2 2 2 127 7816 8962 6752
12735 2 2 2 127 7508 7783 7029
12736 2 2 2 127 7590 7595 7594
12737 2 2 2 127 1453 8133 6264
12738 2 2 2 127 221 8132 6263
12739 2 2 2 127 7785 8003 7505
12740 2 2 2 127 6128 6817 5939
12741 2 2 2 127 5552 6782 5554
12742 2 2 2 127 44 5779 816
12743 2 2 2 127 1679 8955 6635
12744 2 2 2 127 6909 6911 6910
12745 2 2 2 127 5451 8846 5970
12746 2 2 2 127 6257 8601 7957
12747 2 2 2 127 6258 8602 7958
12748 2 2 2 127 5816 5819 5818
12749 2 2 2 127 5460 6796 6327
12750 2 2 2 127 5895 6029 5896
12751 2 2 2 127 5895 5896 5893
12752 2 2 2 127 7400 7402 7401
12753 2 2 2 127 5857 5860 5859
12754 2 2 2 127 1317 6813 1318
12755 2 2 2 127 5594 6822 5637
12756 2 2 2 127 6515 8722 5336
12757 2 2 2 127 7387 8986 8281
12758 2 2 2 127 5619 6822 5596
12759 2 2 2 127 5899 5901 5900
12760 2 2 2 127 8361 8848 7992
12761 2 2 2 127 7936 7937 7327
12762 2 2 2 127 5531 8266 6201
12763 2 2 2 127 5814 5817 5816
12764 2 2 2 127 7462 7467 7466
12765 2 2 2 127 8008 8394 7486
12766 2 2 2 127 421 6815 422
12767 2 2 2 127 5981 8962 7816
12768 2 2 2 127 6251 8660 118
12769 2 2 2 127 6759 6781 5666
12770 2 2 2 127 6198 8301 7738
12771 2 2 2 127 6771 8262 6183
12772 2 2 2 127 197 6816 198
12773 2 2 2 127 5340 7553 1527
12774 2 2 2 127 5630 6821 6161
12775 2 2 2 127 5641 6821 5628
12776 2 2 2 127 7672 7869 7665
12777 2 2 2 127 5692 6825 5696
12778 2 2 2 127 5735 6784 6694
12779 2 2 2 127 6751 6752 6749
12780 2 2 2 127 5436 8812 6783
12781 2 2 2 127 6489 8266 5531
12782 2 2 2 127 6619 8572 6620
12783 2 2 2 127 7448 7735 7734
12784 2 2 2 127 5979 5981 5980
12785 2 2 2 127 7143 8973 8575
12786 2 2 2 127 5373 7829 2148
12787 2 2 2 127 5342 8868 6702
12788 2 2 2 127 6009 8762 1061
12789 2 2 2 127 6212 8126 5744
12790 2 2 2 127 7879 8602 8314
12791 2 2 2 127 7878 8601 8313
12792 2 2 2 127 7738 8301 5344
12793 2 2 2 127 7472 8826 7759
12794 2 2 2 127 5688 6825 5689
12795 2 2 2 127 7048 8284 7713
12796 2 2 2 127 7967 8276 5504
12797 2 2 2 127 6993 6994 6991
12798 2 2 2 127 5972 8052 6238
12799 2 2 2 127 5971 8053 6237
12800 2 2 2 127 7036 7038 7037
12801 2 2 2 127 671 7926 34
12802 2 2 2 127 5346 6183 817
12803 2 2 2 127 7333 8923 7331
12804 2 2 2 127 6006 7914 6460
12805 2 2 2 127 2162 7824 5380
12806 2 2 2 127 6942 8104 7693
12807 2 2 2 127 816 5346 817
12808 2 2 2 127 6871 7929 7059
12809 2 2 2 127 5828 7852 7794
12810 2 2 2 127 7263 7741 7268
12811 2 2 2 127 1918 6790 1919
12812 2 2 2 127 1358 6791 1359
12813 2 2 2 127 911 8244 5338
12814 2 2 2 127 7034 7053 7033
12815 2 2 2 127 6261 8089 561
12816 2 2 2 127 7445 8830 7988
12817 2 2 2 127 6214 7895 5760
12818 2 2 2 127 5559 7799 5562
12819 2 2 2 127 7634 7917 7632
12820 2 2 2 127 7518 8613 7697
12821 2 2 2 127 7321 7409 7408
12822 2 2 2 127 1450 6793 1451
12823 2 2 2 127 5345 7811 6159
12824 2 2 2 127 8037 8450 6202
12825 2 2 2 127 7271 7674 7441
12826 2 2 2 127 7396 7397 7395
12827 2 2 2 127 5917 8428 6665
12828 2 2 2 127 5337 7299 2012
12829 2 2 2 127 8422 8567 6901
12830 2 2 2 127 6999 7002 7001
12831 2 2 2 127 7100 7103 7102
12832 2 2 2 127 7185 7192 7183
12833 2 2 2 127 5696 8756 5697
12834 2 2 2 127 6739 6792 5767
12835 2 2 2 127 7136 8821 7137
12836 2 2 2 127 5802 7853 7796
12837 2 2 2 127 6492 6804 6803
12838 2 2 2 127 8207 8396 6160
12839 2 2 2 127 7490 8839 7439
12840 2 2 2 127 7714 7831 7772
12841 2 2 2 127 6316 6795 1190
12842 2 2 2 127 6868 6870 6869
12843 2 2 2 127 5854 5858 5856
12844 2 2 2 127 5913 7803 5918
12845 2 2 2 127 6458 8288 5842
12846 2 2 2 127 7621 8575 7162
12847 2 2 2 127 5942 7944 6784
12848 2 2 2 127 1787 6040 1788
12849 2 2 2 127 1266 7798 5329
12850 2 2 2 127 5923 6145 5922
12851 2 2 2 127 6835 7613 1640
12852 2 2 2 127 7159 7692 7041
12853 2 2 2 127 7514 8573 8287
12854 2 2 2 127 6203 8831 8431
12855 2 2 2 127 7568 8860 8272
12856 2 2 2 127 5924 8011 6244
12857 2 2 2 127 98 8137 5506
12858 2 2 2 127 2149 8048 5373
12859 2 2 2 127 1456 8055 5467
12860 2 2 2 127 1854 6560 1831
12861 2 2 2 127 846 6548 823
12862 2 2 2 127 1182 6561 1159
12863 2 2 2 127 2078 6558 2055
12864 2 2 2 127 1070 6563 1047
12865 2 2 2 127 286 6552 263
12866 2 2 2 127 174 6550 151
12867 2 2 2 127 1966 6559 1943
12868 2 2 2 127 622 6556 599
12869 2 2 2 127 1742 6549 1719
12870 2 2 2 127 398 6551 375
12871 2 2 2 127 1630 6554 1607
12872 2 2 2 127 1518 6562 1495
12873 2 2 2 127 1406 6553 1383
12874 2 2 2 127 958 6555 935
12875 2 2 2 127 1294 6557 1271
12876 2 2 2 127 734 6564 711
12877 2 2 2 127 510 6565 487
12878 2 2 2 127 1870 6578 1815
12879 2 2 2 127 1534 6573 1479
12880 2 2 2 127 1422 6568 1367
12881 2 2 2 127 1646 6575 1591
12882 2 2 2 127 862 6567 807
12883 2 2 2 127 1086 6572 1031
12884 2 2 2 127 526 6569 471
12885 2 2 2 127 190 6571 135
12886 2 2 2 127 1982 6577 1927
12887 2 2 2 127 1310 6579 1255
12888 2 2 2 127 638 6566 583
12889 2 2 2 127 414 6570 359
12890 2 2 2 127 1198 6580 1143
12891 2 2 2 127 2094 6581 2039
12892 2 2 2 127 1758 6574 1703
12893 2 2 2 127 974 6576 919
12894 2 2 2 127 750 6583 695
12895 2 2 2 127 302 6582 247
12896 2 2 2 127 93 8136 5507
12897 2 2 2 127 2048 6794 2049
12898 2 2 2 127 831 5343 44
12899 2 2 2 127 7841 8044 6305
12900 2 2 2 127 6547 8220 6084
12901 2 2 2 127 5505 6806 6169
12902 2 2 2 127 5506 6805 6170
12903 2 2 2 127 6802 7882 6054
12904 2 2 2 127 7380 8212 7378
12905 2 2 2 127 5814 6771 5817
12906 2 2 2 127 7261 7262 6900
12907 2 2 2 127 7813 7814 7625
12908 2 2 2 127 6967 7051 6837
12909 2 2 2 127 6467 6796 5460
12910 2 2 2 127 6701 8392 6587
12911 2 2 2 127 5854 5856 5855
12912 2 2 2 127 5721 7847 6630
12913 2 2 2 127 7741 8188 7268
12914 2 2 2 127 6513 8398 5963
12915 2 2 2 127 7697 8153 7449
12916 2 2 2 127 5673 7809 6714
12917 2 2 2 127 7632 8606 7753
12918 2 2 2 127 5379 7951 7950
12919 2 2 2 127 7286 7629 7266
12920 2 2 2 127 5900 6811 5898
12921 2 2 2 127 7486 8394 7483
12922 2 2 2 127 7354 7355 1155
12923 2 2 2 127 8090 8911 6141
12924 2 2 2 127 5995 8732 5457
12925 2 2 2 127 6522 8743 5452
12926 2 2 2 127 590 6588 679
12927 2 2 2 127 366 6589 455
12928 2 2 2 127 926 6599 1015
12929 2 2 2 127 1934 6594 2023
12930 2 2 2 127 1262 6602 1351
12931 2 2 2 127 1374 6590 1463
12932 2 2 2 127 142 6592 231
12933 2 2 2 127 1822 6598 1911
12934 2 2 2 127 1710 6591 1799
12935 2 2 2 127 478 6593 567
12936 2 2 2 127 1598 6595 1687
12937 2 2 2 127 702 6596 791
12938 2 2 2 127 2046 6605 2135
12939 2 2 2 127 1150 6600 1239
12940 2 2 2 127 254 6597 343
12941 2 2 2 127 1486 6601 1575
12942 2 2 2 127 1038 6604 1127
12943 2 2 2 127 814 6603 903
12944 2 2 2 127 799 8130 5370
12945 2 2 2 127 7377 8188 7445
12946 2 2 2 127 6646 6823 6461
12947 2 2 2 127 6018 8218 8217
12948 2 2 2 127 6017 8216 8215
12949 2 2 2 127 5646 6801 5648
12950 2 2 2 127 7715 8767 8212
12951 2 2 2 127 1415 7527 7508
12952 2 2 2 127 7398 8629 7982
12953 2 2 2 127 7238 7259 2124
12954 2 2 2 127 5663 6802 6720
12955 2 2 2 127 5856 5857 5855
12956 2 2 2 127 7177 8755 7179
12957 2 2 2 127 7187 7641 7189
12958 2 2 2 127 6106 6787 6370
12959 2 2 2 127 6107 6789 6369
12960 2 2 2 127 7704 8206 7335
12961 2 2 2 127 1523 5429 1524
12962 2 2 2 127 895 7894 48
12963 2 2 2 127 7657 7658 7656
12964 2 2 2 127 6361 8895 6175
12965 2 2 2 127 573 6809 574
12966 2 2 2 127 1860 8714 8464
12967 2 2 2 127 1076 8715 8463
12968 2 2 2 127 559 7897 27
12969 2 2 2 127 1903 7898 111
12970 2 2 2 127 5825 7794 5406
12971 2 2 2 127 6492 6803 5770
12972 2 2 2 127 1455 7900 83
12973 2 2 2 127 223 7901 6
12974 2 2 2 127 1623 8328 1624
12975 2 2 2 127 7239 7699 7698
12976 2 2 2 127 839 8331 840
12977 2 2 2 127 167 8329 168
12978 2 2 2 127 830 6074 831
12979 2 2 2 127 8301 8530 2128
12980 2 2 2 127 5799 7796 5415
12981 2 2 2 127 1784 6047 1785
12982 2 2 2 127 7262 7703 7301
12983 2 2 2 127 7674 7762 7104
12984 2 2 2 127 1511 8330 1512
12985 2 2 2 127 1614 6808 1615
12986 2 2 2 127 270 6807 271
12987 2 2 2 127 7835 7836 6125
12988 2 2 2 127 6138 8977 6234
12989 2 2 2 127 6485 7923 5334
12990 2 2 2 127 7637 7649 7303
12991 2 2 2 127 1694 6810 1695
12992 2 2 2 127 7248 7325 7215
12993 2 2 2 127 6871 7059 6873
12994 2 2 2 127 5507 7838 5740
12995 2 2 2 127 7142 8073 7150
12996 2 2 2 127 6282 8222 6778
12997 2 2 2 127 6281 8223 6777
12998 2 2 2 127 7362 8437 7786
12999 2 2 2 127 6848 6851 6850
13000 2 2 2 127 5332 6105 5921
13001 2 2 2 127 7245 8061 8040
13002 2 2 2 127 6995 6996 6994
13003 2 2 2 127 1542 6051 1543
13004 2 2 2 127 7208 7757 7321
13005 2 2 2 127 5902 5907 5900
13006 2 2 2 127 5519 7926 6730
13007 2 2 2 127 6134 6812 6133
13008 2 2 2 127 6767 6798 5723
13009 2 2 2 127 6766 6797 5722
13010 2 2 2 127 1247 8715 70
13011 2 2 2 127 1807 8714 105
13012 2 2 2 127 7917 8606 7632
13013 2 2 2 127 6665 8241 5917
13014 2 2 2 127 7701 8353 7698
13015 2 2 2 127 8077 8908 6643
13016 2 2 2 127 7631 7633 7632
13017 2 2 2 127 6442 8396 8395
13018 2 2 2 127 7141 7983 7685
13019 2 2 2 127 6905 6906 6904
13020 2 2 2 127 1902 8847 7688
13021 2 2 2 127 5341 7468 6836
13022 2 2 2 127 6262 8539 8444
13023 2 2 2 127 5719 7871 5714
13024 2 2 2 127 7205 7206 6964
13025 2 2 2 127 7295 8731 6050
13026 2 2 2 127 6351 8828 8335
13027 2 2 2 127 5333 5976 5975
13028 2 2 2 127 5539 6818 5538
13029 2 2 2 127 7794 7852 6181
13030 2 2 2 127 6968 7767 7057
13031 2 2 2 127 1340 8788 1341
13032 2 2 2 127 780 8789 781
13033 2 2 2 127 7569 8967 7404
13034 2 2 2 127 5557 7908 5550
13035 2 2 2 127 7860 7861 7171
13036 2 2 2 127 6111 7977 6532
13037 2 2 2 127 5844 8788 1340
13038 2 2 2 127 5843 8789 780
13039 2 2 2 127 8572 8835 6620
13040 2 2 2 127 7816 8339 7817
13041 2 2 2 127 7796 7853 6182
13042 2 2 2 127 6334 8296 6636
13043 2 2 2 127 6715 8678 5737
13044 2 2 2 127 7948 8175 6992
13045 2 2 2 127 6651 8988 8307
13046 2 2 2 127 6501 7916 5479
13047 2 2 2 127 726 8189 5513
13048 2 2 2 127 5948 7884 5947
13049 2 2 2 127 5513 8723 6486
13050 2 2 2 127 5939 6817 6449
13051 2 2 2 127 5628 6821 5630
13052 2 2 2 127 201 8283 202
13053 2 2 2 127 425 8282 426
13054 2 2 2 127 5346 6184 6183
13055 2 2 2 127 6063 8049 634
13056 2 2 2 127 1845 8815 1846
13057 2 2 2 127 7258 8107 7182
13058 2 2 2 127 5596 6822 5594
13059 2 2 2 127 1413 7213 6842
13060 2 2 2 127 5760 7895 5762
13061 2 2 2 127 5658 7899 5678
13062 2 2 2 127 6863 6865 6858
13063 2 2 2 127 630 8813 631
13064 2 2 2 127 6326 7151 5357
13065 2 2 2 127 5569 7850 5568
13066 2 2 2 127 2146 7925 5377
13067 2 2 2 127 7765 7963 7542
13068 2 2 2 127 7105 7108 7107
13069 2 2 2 127 2123 8806 7238
13070 2 2 2 127 7999 8613 8013
13071 2 2 2 127 58 8702 7240
13072 2 2 2 127 631 8813 6174
13073 2 2 2 127 6210 7902 5832
13074 2 2 2 127 6452 7877 6065
13075 2 2 2 127 7369 8733 65
13076 2 2 2 127 6461 6823 6121
13077 2 2 2 127 1299 7172 1300
13078 2 2 2 127 5833 7902 5838
13079 2 2 2 127 2152 7915 5378
13080 2 2 2 127 1975 8819 1976
13081 2 2 2 127 8058 8870 8401
13082 2 2 2 127 7759 8826 7199
13083 2 2 2 127 2144 7953 127
13084 2 2 2 127 5907 6811 5900
13085 2 2 2 127 6838 7755 6831
13086 2 2 2 127 5418 8627 8538
13087 2 2 2 127 7613 7614 7604
13088 2 2 2 127 5901 5902 5900
13089 2 2 2 127 2031 8722 119
13090 2 2 2 127 5912 8036 5469
13091 2 2 2 127 1976 8819 6106
13092 2 2 2 127 6830 7690 6828
13093 2 2 2 127 7161 7880 7696
13094 2 2 2 127 6096 7889 6624
13095 2 2 2 127 7592 8698 7611
13096 2 2 2 127 5380 8099 6826
13097 2 2 2 127 7139 8748 8128
13098 2 2 2 127 5336 7492 7491
13099 2 2 2 127 8127 8745 7403
13100 2 2 2 127 6070 7906 7771
13101 2 2 2 127 7933 8714 1860
13102 2 2 2 127 5992 7922 7809
13103 2 2 2 127 7934 8715 1076
13104 2 2 2 127 6206 8985 6674
13105 2 2 2 127 7479 8818 7726
13106 2 2 2 127 7484 7744 7485
13107 2 2 2 127 2173 8960 5381
13108 2 2 2 127 7336 8592 8547
13109 2 2 2 127 6007 8815 1845
13110 2 2 2 127 7252 7255 7254
13111 2 2 2 127 6121 6823 6743
13112 2 2 2 127 1693 7872 1694
13113 2 2 2 127 8518 8519 7043
13114 2 2 2 127 7541 8852 8316
13115 2 2 2 127 8538 8688 6193
13116 2 2 2 127 1278 8389 6764
13117 2 2 2 127 1838 8390 6763
13118 2 2 2 127 7779 8038 7405
13119 2 2 2 127 5689 6825 5692
13120 2 2 2 127 8590 8763 5796
13121 2 2 2 127 2015 8770 7210
13122 2 2 2 127 6945 7776 7049
13123 2 2 2 127 1653 7843 1654
13124 2 2 2 127 1786 5352 1787
13125 2 2 2 127 5532 8037 6202
13126 2 2 2 127 1399 8327 1400
13127 2 2 2 127 5976 6194 5975
13128 2 2 2 127 5329 7798 5794
13129 2 2 2 127 5881 8308 6521
13130 2 2 2 127 5828 7794 5825
13131 2 2 2 127 2143 8755 126
13132 2 2 2 127 6191 7791 6722
13133 2 2 2 127 6273 8410 5773
13134 2 2 2 127 5994 7012 5995
13135 2 2 2 127 1286 7174 1287
13136 2 2 2 127 5802 7796 5799
13137 2 2 2 127 6434 7793 6735
13138 2 2 2 127 1785 6039 1786
13139 2 2 2 127 7423 7959 7425
13140 2 2 2 127 1620 8861 6655
13141 2 2 2 127 836 8862 6654
13142 2 2 2 127 7633 7635 7634
13143 2 2 2 127 6804 8846 5840
13144 2 2 2 127 5552 7908 6782
13145 2 2 2 127 8092 8609 890
13146 2 2 2 127 5851 7898 6514
13147 2 2 2 127 6804 8254 6803
13148 2 2 2 127 5841 7897 6516
13149 2 2 2 127 1542 6799 6051
13150 2 2 2 127 6875 7036 7035
13151 2 2 2 127 1301 7180 1302
13152 2 2 2 127 5864 7990 5863
13153 2 2 2 127 5562 7799 5941
13154 2 2 2 127 1058 6862 1059
13155 2 2 2 127 7804 8294 8293
13156 2 2 2 127 1543 5341 1544
13157 2 2 2 127 6526 8927 6083
13158 2 2 2 127 6527 8928 6082
13159 2 2 2 127 1489 8140 6140
13160 2 2 2 127 7856 8692 49
13161 2 2 2 127 293 8633 462
13162 2 2 2 127 741 8634 686
13163 2 2 2 127 7699 7851 7698
13164 2 2 2 127 2083 8699 5533
13165 2 2 2 127 515 8700 5534
13166 2 2 2 127 7723 7937 7046
13167 2 2 2 127 5911 7803 5913
13168 2 2 2 127 5840 8846 6523
13169 2 2 2 127 1133 7807 1134
13170 2 2 2 127 7430 7740 7679
13171 2 2 2 127 575 8724 28
13172 2 2 2 127 6080 8156 6585
13173 2 2 2 127 7714 7772 7351
13174 2 2 2 127 6974 6977 6972
13175 2 2 2 127 7278 8621 7281
13176 2 2 2 127 6923 6924 6922
13177 2 2 2 127 7104 8432 7674
13178 2 2 2 127 6355 8330 1511
13179 2 2 2 127 7684 8035 7812
13180 2 2 2 127 1471 8181 5391
13181 2 2 2 127 7716 7717 7258
13182 2 2 2 127 7166 8549 7509
13183 2 2 2 127 5479 7916 7893
13184 2 2 2 127 6916 7702 1900
13185 2 2 2 127 6938 8986 7753
13186 2 2 2 127 5905 8125 6615
13187 2 2 2 127 7398 7399 7397
13188 2 2 2 127 6472 8699 2083
13189 2 2 2 127 6473 8700 515
13190 2 2 2 127 5925 8009 6256
13191 2 2 2 127 6469 8903 6077
13192 2 2 2 127 7599 8791 6835
13193 2 2 2 127 7521 8206 7704
13194 2 2 2 127 745 8841 6118
13195 2 2 2 127 1641 7604 1642
13196 2 2 2 127 6054 7882 6167
13197 2 2 2 127 6101 7811 5345
13198 2 2 2 127 5447 8841 745
13199 2 2 2 127 6451 8319 5511
13200 2 2 2 127 5888 8066 5889
13201 2 2 2 127 5822 8064 6204
13202 2 2 2 127 5919 8067 6114
13203 2 2 2 127 7893 7916 6456
13204 2 2 2 127 5663 7882 6802
13205 2 2 2 127 6051 7694 7468
13206 2 2 2 127 5341 6052 1544
13207 2 2 2 127 6348 8329 167
13208 2 2 2 127 7659 7660 7658
13209 2 2 2 127 6347 8331 839
13210 2 2 2 127 1884 7217 1885
13211 2 2 2 127 5846 8087 6247
13212 2 2 2 127 6529 8426 5883
13213 2 2 2 127 7048 8570 7555
13214 2 2 2 127 6346 8328 1623
13215 2 2 2 127 6660 8723 5513
13216 2 2 2 127 896 5444 897
13217 2 2 2 127 16 8750 368
13218 2 2 2 127 6842 7527 1414
13219 2 2 2 127 2009 5361 2010
13220 2 2 2 127 6905 8567 7237
13221 2 2 2 127 7207 7208 7206
13222 2 2 2 127 7836 8310 6125
13223 2 2 2 127 7423 7424 7422
13224 2 2 2 127 6957 6968 6956
13225 2 2 2 127 5763 7994 5761
13226 2 2 2 127 5559 8579 7799
13227 2 2 2 127 6970 7767 6968
13228 2 2 2 127 7350 7861 7860
13229 2 2 2 127 1172 7250 7249
13230 2 2 2 127 6208 8108 5818
13231 2 2 2 127 7647 8772 7573
13232 2 2 2 127 7222 7223 6835
13233 2 2 2 127 5835 7852 5828
13234 2 2 2 127 7258 7784 7716
13235 2 2 2 127 7454 8501 7540
13236 2 2 2 127 105 8714 6093
13237 2 2 2 127 70 8715 6094
13238 2 2 2 127 8079 8456 6341
13239 2 2 2 127 7132 7133 7131
13240 2 2 2 127 7345 7644 7297
13241 2 2 2 127 8046 8485 6717
13242 2 2 2 127 7054 7387 6959
13243 2 2 2 127 6907 6908 6906
13244 2 2 2 127 7285 7286 7266
13245 2 2 2 127 6122 7873 6315
13246 2 2 2 127 7578 7927 7728
13247 2 2 2 127 7683 8574 7144
13248 2 2 2 127 6975 7777 7642
13249 2 2 2 127 8321 8553 6320
13250 2 2 2 127 7249 8857 1173
13251 2 2 2 127 5806 7853 5802
13252 2 2 2 127 5729 7885 5730
13253 2 2 2 127 8326 8564 6324
13254 2 2 2 127 1135 8743 63
13255 2 2 2 127 7886 8807 7581
13256 2 2 2 127 6803 8254 5407
13257 2 2 2 127 7002 7008 7007
13258 2 2 2 127 5698 8135 6674
13259 2 2 2 127 5878 8845 1714
13260 2 2 2 127 5697 8756 8096
13261 2 2 2 127 86 8044 6010
13262 2 2 2 127 8323 8565 6321
13263 2 2 2 127 8324 8566 6322
13264 2 2 2 127 7930 8081 5375
13265 2 2 2 127 5730 7885 5733
13266 2 2 2 127 119 8722 5727
13267 2 2 2 127 7498 8419 7292
13268 2 2 2 127 1714 8845 5532
13269 2 2 2 127 5983 8308 6527
13270 2 2 2 127 7676 8491 7538
13271 2 2 2 127 7104 7762 7761
13272 2 2 2 127 5581 8741 6629
13273 2 2 2 127 7519 7709 7708
13274 2 2 2 127 1634 8792 1635
13275 2 2 2 127 850 8793 851
13276 2 2 2 127 178 8794 179
13277 2 2 2 127 6494 8115 5438
13278 2 2 2 127 7137 8821 7138
13279 2 2 2 127 6499 8912 8166
13280 2 2 2 127 6500 8913 8167
13281 2 2 2 127 8343 8363 6000
13282 2 2 2 127 6168 8081 7930
13283 2 2 2 127 7715 8489 7113
13284 2 2 2 127 6117 8265 6535
13285 2 2 2 127 7306 8185 7495
13286 2 2 2 127 8220 8430 6085
13287 2 2 2 127 5467 8055 6539
13288 2 2 2 127 5672 8112 5654
13289 2 2 2 127 1522 8796 1523
13290 2 2 2 127 6053 8812 5436
13291 2 2 2 127 7572 7580 7579
13292 2 2 2 127 7398 7982 7400
13293 2 2 2 127 6662 7825 5781
13294 2 2 2 127 7595 8941 7618
13295 2 2 2 127 7751 7911 7635
13296 2 2 2 127 6811 8435 5333
13297 2 2 2 127 5330 8853 1120
13298 2 2 2 127 5716 8142 5717
13299 2 2 2 127 5446 7944 5942
13300 2 2 2 127 8369 8640 1206
13301 2 2 2 127 5353 7892 7891
13302 2 2 2 127 8368 8639 1990
13303 2 2 2 127 6145 8458 8374
13304 2 2 2 127 7643 8798 7938
13305 2 2 2 127 6093 7933 6648
13306 2 2 2 127 6094 7934 6649
13307 2 2 2 127 7275 7569 7178
13308 2 2 2 127 5895 7835 7834
13309 2 2 2 127 5794 7798 6812
13310 2 2 2 127 6245 8009 5925
13311 2 2 2 127 7758 8074 6225
13312 2 2 2 127 7281 8621 8120
13313 2 2 2 127 2016 8820 2017
13314 2 2 2 127 6190 8382 1712
13315 2 2 2 127 6997 6998 6996
13316 2 2 2 127 6976 8168 7739
13317 2 2 2 127 5511 8696 6451
13318 2 2 2 127 7890 8989 7756
13319 2 2 2 127 7840 8378 7236
13320 2 2 2 127 1412 7504 7213
13321 2 2 2 127 1300 6840 1301
13322 2 2 2 127 7038 7042 7039
13323 2 2 2 127 1396 7293 6841
13324 2 2 2 127 6532 7977 5835
13325 2 2 2 127 1561 8877 6655
13326 2 2 2 127 7076 7078 7077
13327 2 2 2 127 6945 7049 7030
13328 2 2 2 127 8104 8795 7066
13329 2 2 2 127 8286 8355 6256
13330 2 2 2 127 7475 8292 6962
13331 2 2 2 127 5960 8395 5963
13332 2 2 2 127 6609 8877 1561
13333 2 2 2 127 5895 7834 6029
13334 2 2 2 127 5894 7835 5895
13335 2 2 2 127 5721 8580 7847
13336 2 2 2 127 6812 7798 6133
13337 2 2 2 127 7877 8250 6476
13338 2 2 2 127 6029 7891 7064
13339 2 2 2 127 7090 7091 7089
13340 2 2 2 127 5422 8921 6541
13341 2 2 2 127 7631 8779 5481
13342 2 2 2 127 6010 7841 6538
13343 2 2 2 127 5837 8129 6044
13344 2 2 2 127 28 8724 5588
13345 2 2 2 127 5893 7844 5891
13346 2 2 2 127 5740 7838 6439
13347 2 2 2 127 6671 6814 5385
13348 2 2 2 127 5955 8398 5954
13349 2 2 2 127 6016 8079 6014
13350 2 2 2 127 7747 8545 8517
13351 2 2 2 127 6266 8723 6660
13352 2 2 2 127 5737 8820 2016
13353 2 2 2 127 6848 8362 6851
13354 2 2 2 127 7445 7987 7375
13355 2 2 2 127 6870 6879 6878
13356 2 2 2 127 5964 7923 6537
13357 2 2 2 127 6332 8863 7894
13358 2 2 2 127 7409 7411 7410
13359 2 2 2 127 5874 8077 5873
13360 2 2 2 127 6839 7176 7175
13361 2 2 2 127 1673 8885 5416
13362 2 2 2 127 1547 8225 5468
13363 2 2 2 127 2 8059 5466
13364 2 2 2 127 7554 8874 1528
13365 2 2 2 127 7313 8754 7316
13366 2 2 2 127 6243 7996 6013
13367 2 2 2 127 7178 7738 5344
13368 2 2 2 127 7536 8245 7455
13369 2 2 2 127 6059 7985 6644
13370 2 2 2 127 6060 7986 6645
13371 2 2 2 127 6304 8152 5400
13372 2 2 2 127 6664 8241 6665
13373 2 2 2 127 6622 8885 1673
13374 2 2 2 127 5809 8086 5441
13375 2 2 2 127 7651 8822 6916
13376 2 2 2 127 7366 7543 7365
13377 2 2 2 127 5624 8178 5641
13378 2 2 2 127 1023 7497 7287
13379 2 2 2 127 7727 8188 7533
13380 2 2 2 127 6832 6967 6837
13381 2 2 2 127 445 8198 5421
13382 2 2 2 127 6999 8747 7002
13383 2 2 2 127 5686 8707 6639
13384 2 2 2 127 5820 8572 6619
13385 2 2 2 127 6537 8744 6536
13386 2 2 2 127 7994 8193 5761
13387 2 2 2 127 6956 8145 6953
13388 2 2 2 127 6076 8241 6664
13389 2 2 2 127 6292 8597 384
13390 2 2 2 127 7630 8956 7297
13391 2 2 2 127 7044 8333 7979
13392 2 2 2 127 5977 8878 1417
13393 2 2 2 127 8120 8468 7281
13394 2 2 2 127 1417 8878 1418
13395 2 2 2 127 7544 7568 7543
13396 2 2 2 127 7710 7743 7012
13397 2 2 2 127 2088 8232 5428
13398 2 2 2 127 7393 8978 7963
13399 2 2 2 127 7605 8791 7599
13400 2 2 2 127 297 8881 298
13401 2 2 2 127 574 8868 5342
13402 2 2 2 127 1081 8882 1082
13403 2 2 2 127 5807 7072 5808
13404 2 2 2 127 6100 8932 6546
13405 2 2 2 127 718 7846 719
13406 2 2 2 127 1771 5351 1772
13407 2 2 2 127 5988 8881 297
13408 2 2 2 127 6862 7167 1059
13409 2 2 2 127 2089 8884 2090
13410 2 2 2 127 5989 8882 1081
13411 2 2 2 127 6370 6787 6763
13412 2 2 2 127 6369 6789 6764
13413 2 2 2 127 5778 8226 6738
13414 2 2 2 127 6437 8445 5726
13415 2 2 2 127 6507 8366 6120
13416 2 2 2 127 7153 7864 7863
13417 2 2 2 127 5935 8995 6352
13418 2 2 2 127 5849 8260 6616
13419 2 2 2 127 5963 8398 5958
13420 2 2 2 127 7052 7365 7051
13421 2 2 2 127 7823 8865 6984
13422 2 2 2 127 7084 7086 7085
13423 2 2 2 127 797 8208 5491
13424 2 2 2 127 7624 7886 7611
13425 2 2 2 127 1865 8892 1866
13426 2 2 2 127 5987 8884 2089
13427 2 2 2 127 5372 8127 2154
13428 2 2 2 127 6636 8296 5870
13429 2 2 2 127 5578 7850 5569
13430 2 2 2 127 5943 8041 6246
13431 2 2 2 127 5710 8317 5720
13432 2 2 2 127 1977 8905 1978
13433 2 2 2 127 1193 8904 1194
13434 2 2 2 127 7568 8271 7543
13435 2 2 2 127 6268 8237 5968
13436 2 2 2 127 7993 8680 6909
13437 2 2 2 127 383 8871 5401
13438 2 2 2 127 6887 6888 6886
13439 2 2 2 127 6181 7852 6262
13440 2 2 2 127 6334 8466 8296
13441 2 2 2 127 6230 8871 383
13442 2 2 2 127 2125 7259 6900
13443 2 2 2 127 6453 8905 1977
13444 2 2 2 127 6454 8904 1193
13445 2 2 2 127 5896 7844 5893
13446 2 2 2 127 5872 8296 5875
13447 2 2 2 127 7804 8151 6896
13448 2 2 2 127 5520 8347 460
13449 2 2 2 127 1676 8379 6819
13450 2 2 2 127 5704 8750 16
13451 2 2 2 127 5519 8348 684
13452 2 2 2 127 6718 8763 8590
13453 2 2 2 127 7314 8786 8186
13454 2 2 2 127 7558 7981 7670
13455 2 2 2 127 5991 8799 6442
13456 2 2 2 127 6894 6898 6897
13457 2 2 2 127 6182 7853 6280
13458 2 2 2 127 2028 7211 2029
13459 2 2 2 127 1454 7866 1455
13460 2 2 2 127 222 7865 223
13461 2 2 2 127 7425 7426 7424
13462 2 2 2 127 6851 6854 6853
13463 2 2 2 127 7584 7588 7586
13464 2 2 2 127 5501 7878 6211
13465 2 2 2 127 5500 7879 6212
13466 2 2 2 127 5385 5996 1767
13467 2 2 2 127 5429 6027 1524
13468 2 2 2 127 7635 7911 7700
13469 2 2 2 127 6451 8696 6190
13470 2 2 2 127 7848 8893 5583
13471 2 2 2 127 7169 8886 8447
13472 2 2 2 127 7799 8579 6304
13473 2 2 2 127 8592 8787 6027
13474 2 2 2 127 7415 8377 8165
13475 2 2 2 127 7849 8894 5517
13476 2 2 2 127 818 8262 5443
13477 2 2 2 127 7829 8141 7414
13478 2 2 2 127 6621 8922 441
13479 2 2 2 127 6263 8833 222
13480 2 2 2 127 6264 8834 1454
13481 2 2 2 127 5991 8892 1865
13482 2 2 2 127 5765 7808 6528
13483 2 2 2 127 5714 7871 5712
13484 2 2 2 127 6466 7872 6138
13485 2 2 2 127 442 8899 443
13486 2 2 2 127 7629 8269 8179
13487 2 2 2 127 7655 8373 7657
13488 2 2 2 127 63 8743 5584
13489 2 2 2 127 6925 6927 6926
13490 2 2 2 127 1410 8825 1411
13491 2 2 2 127 6158 8487 5747
13492 2 2 2 127 5951 7873 7728
13493 2 2 2 127 1116 8414 6820
13494 2 2 2 127 1825 8893 1826
13495 2 2 2 127 5776 8583 6487
13496 2 2 2 127 369 8894 370
13497 2 2 2 127 6067 7989 6343
13498 2 2 2 127 6202 8195 6104
13499 2 2 2 127 6201 8196 6103
13500 2 2 2 127 893 8227 5331
13501 2 2 2 127 911 5338 49
13502 2 2 2 127 8042 8441 7477
13503 2 2 2 127 5758 8311 5772
13504 2 2 2 127 5731 8341 6715
13505 2 2 2 127 5777 8586 6488
13506 2 2 2 127 1120 8853 6225
13507 2 2 2 127 6542 8984 2106
13508 2 2 2 127 2145 7952 2144
13509 2 2 2 127 5762 7895 6661
13510 2 2 2 127 441 8922 5410
13511 2 2 2 127 1826 8893 5930
13512 2 2 2 127 2139 7285 2140
13513 2 2 2 127 5333 8435 5976
13514 2 2 2 127 370 8894 5931
13515 2 2 2 127 7356 7547 1169
13516 2 2 2 127 6714 7874 6057
13517 2 2 2 127 7742 8843 7190
13518 2 2 2 127 5713 8360 5718
13519 2 2 2 127 2157 7956 2156
13520 2 2 2 127 2156 7955 2155
13521 2 2 2 127 7113 8767 7715
13522 2 2 2 127 2013 7299 7106
13523 2 2 2 127 443 8899 5953
13524 2 2 2 127 5922 8375 1996
13525 2 2 2 127 6909 6910 6908
13526 2 2 2 127 2166 7949 2165
13527 2 2 2 127 7065 7066 7053
13528 2 2 2 127 6647 8181 6144
13529 2 2 2 127 1041 7827 6864
13530 2 2 2 127 6087 8730 5886
13531 2 2 2 127 7367 8733 7712
13532 2 2 2 127 6232 8888 1727
13533 2 2 2 127 333 8256 6241
13534 2 2 2 127 6131 8274 6755
13535 2 2 2 127 6697 7882 5663
13536 2 2 2 127 6642 8797 5873
13537 2 2 2 127 6065 7877 6476
13538 2 2 2 127 8382 8696 6450
13539 2 2 2 127 7110 7112 7111
13540 2 2 2 127 5952 7884 5948
13541 2 2 2 127 1727 8888 5398
13542 2 2 2 127 2167 7950 2166
13543 2 2 2 127 7011 7480 6245
13544 2 2 2 127 6129 8409 6484
13545 2 2 2 127 6176 8409 6129
13546 2 2 2 127 6288 7165 1056
13547 2 2 2 127 6062 7893 6456
13548 2 2 2 127 6168 7930 7929
13549 2 2 2 127 535 8940 6199
13550 2 2 2 127 871 8939 6200
13551 2 2 2 127 5420 8952 1431
13552 2 2 2 127 6849 7726 7440
13553 2 2 2 127 6714 7922 7874
13554 2 2 2 127 6911 6913 6912
13555 2 2 2 127 7999 8000 5792
13556 2 2 2 127 5479 7893 6542
13557 2 2 2 127 6493 8381 5786
13558 2 2 2 127 6262 8444 5503
13559 2 2 2 127 6190 8696 8382
13560 2 2 2 127 7388 7389 7387
13561 2 2 2 127 6696 8797 6127
13562 2 2 2 127 5416 8408 5946
13563 2 2 2 127 6700 8392 6701
13564 2 2 2 127 7282 8318 7279
13565 2 2 2 127 5746 8850 144
13566 2 2 2 127 5656 7899 5658
13567 2 2 2 127 7707 8915 1770
13568 2 2 2 127 6029 7064 6844
13569 2 2 2 127 6535 8486 6268
13570 2 2 2 127 5832 7902 5833
13571 2 2 2 127 5381 8960 8012
13572 2 2 2 127 6125 8310 6086
13573 2 2 2 127 1451 8896 6032
13574 2 2 2 127 7112 8880 7542
13575 2 2 2 127 7434 8492 7562
13576 2 2 2 127 6018 8217 5489
13577 2 2 2 127 6017 8215 5488
13578 2 2 2 127 407 8943 408
13579 2 2 2 127 5351 6800 1772
13580 2 2 2 127 6522 7905 5586
13581 2 2 2 127 7092 7094 7091
13582 2 2 2 127 6246 8584 6584
13583 2 2 2 127 6189 8579 5558
13584 2 2 2 127 6365 8451 6207
13585 2 2 2 127 5915 8428 5917
13586 2 2 2 127 894 8950 895
13587 2 2 2 127 6584 8312 6246
13588 2 2 2 127 6925 8010 6927
13589 2 2 2 127 5550 7908 5552
13590 2 2 2 127 5687 8707 5686
13591 2 2 2 127 2169 7805 2168
13592 2 2 2 127 5709 8721 5711
13593 2 2 2 127 8097 8907 5882
13594 2 2 2 127 6086 7903 6736
13595 2 2 2 127 875 8912 876
13596 2 2 2 127 1435 8913 1436
13597 2 2 2 127 612 8214 6233
13598 2 2 2 127 6219 8835 5815
13599 2 2 2 127 5699 8312 6584
13600 2 2 2 127 5949 7873 5951
13601 2 2 2 127 6889 6890 6888
13602 2 2 2 127 6294 8622 1392
13603 2 2 2 127 539 8917 5449
13604 2 2 2 127 164 8213 6221
13605 2 2 2 127 2066 8911 5498
13606 2 2 2 127 7050 7475 6962
13607 2 2 2 127 6141 8911 2066
13608 2 2 2 127 6809 8868 574
13609 2 2 2 127 1431 8952 6042
13610 2 2 2 127 7362 7363 7360
13611 2 2 2 127 6077 8903 7807
13612 2 2 2 127 7308 8349 7754
13613 2 2 2 127 6039 8574 7683
13614 2 2 2 127 6008 8943 407
13615 2 2 2 127 6083 8927 7865
13616 2 2 2 127 6082 8928 7866
13617 2 2 2 127 276 8931 277
13618 2 2 2 127 7980 8886 7169
13619 2 2 2 127 2161 6826 2160
13620 2 2 2 127 5936 8995 5935
13621 2 2 2 127 6291 8626 1616
13622 2 2 2 127 5941 8397 8259
13623 2 2 2 127 6764 8389 1346
13624 2 2 2 127 6763 8390 1906
13625 2 2 2 127 7049 7063 7062
13626 2 2 2 127 1378 8914 1379
13627 2 2 2 127 5490 8623 6034
13628 2 2 2 127 5580 8085 6468
13629 2 2 2 127 876 8912 6499
13630 2 2 2 127 1436 8913 6500
13631 2 2 2 127 5954 8398 6513
13632 2 2 2 127 1379 8914 5867
13633 2 2 2 127 6339 8511 5741
13634 2 2 2 127 707 8916 708
13635 2 2 2 127 6252 8917 539
13636 2 2 2 127 6092 8925 203
13637 2 2 2 127 203 8925 5442
13638 2 2 2 127 819 8918 820
13639 2 2 2 127 144 8850 145
13640 2 2 2 127 5685 8509 5675
13641 2 2 2 127 1750 8933 1751
13642 2 2 2 127 5821 8916 707
13643 2 2 2 127 8088 8901 7021
13644 2 2 2 127 7478 8441 8042
13645 2 2 2 127 1078 8650 1079
13646 2 2 2 127 1862 8651 1863
13647 2 2 2 127 218 8920 219
13648 2 2 2 127 6154 7944 5446
13649 2 2 2 127 6586 8392 5577
13650 2 2 2 127 1448 8462 1449
13651 2 2 2 127 888 8461 889
13652 2 2 2 127 219 8920 5885
13653 2 2 2 127 6960 8177 7959
13654 2 2 2 127 5876 8924 275
13655 2 2 2 127 5726 8445 6611
13656 2 2 2 127 5810 8918 819
13657 2 2 2 127 182 8934 183
13658 2 2 2 127 7268 8188 7727
13659 2 2 2 127 5993 8933 1750
13660 2 2 2 127 5938 8931 276
13661 2 2 2 127 7095 7096 7094
13662 2 2 2 127 5811 8572 5820
13663 2 2 2 127 6944 7770 6966
13664 2 2 2 127 5793 7999 5792
13665 2 2 2 127 5579 8694 6695
13666 2 2 2 127 5677 8689 6185
13667 2 2 2 127 7446 8957 8202
13668 2 2 2 127 8050 8051 7117
13669 2 2 2 127 6536 8744 5753
13670 2 2 2 127 7043 8519 7039
13671 2 2 2 127 8054 8791 7605
13672 2 2 2 127 6628 8155 5470
13673 2 2 2 127 5984 8950 894
13674 2 2 2 127 6314 7989 6067
13675 2 2 2 127 6975 8386 7777
13676 2 2 2 127 7891 7892 7064
13677 2 2 2 127 6124 8536 5430
13678 2 2 2 127 5544 8535 5541
13679 2 2 2 127 371 8926 6117
13680 2 2 2 127 6866 6867 6865
13681 2 2 2 127 5990 8934 182
13682 2 2 2 127 1658 7615 1659
13683 2 2 2 127 384 8597 5516
13684 2 2 2 127 945 8953 5387
13685 2 2 2 127 7359 7360 7358
13686 2 2 2 127 5482 8926 371
13687 2 2 2 127 7078 7081 7080
13688 2 2 2 127 8106 8585 5988
13689 2 2 2 127 6693 8744 5672
13690 2 2 2 127 275 8924 5386
13691 2 2 2 127 6308 7924 5526
13692 2 2 2 127 5722 8940 535
13693 2 2 2 127 5723 8939 871
13694 2 2 2 127 7894 8662 48
13695 2 2 2 127 5891 7323 5890
13696 2 2 2 127 1134 8903 5452
13697 2 2 2 127 7897 8661 27
13698 2 2 2 127 7898 8672 111
13699 2 2 2 127 5812 8262 6771
13700 2 2 2 127 1691 8300 5703
13701 2 2 2 127 6310 8953 945
13702 2 2 2 127 7900 8659 83
13703 2 2 2 127 7901 8663 6
13704 2 2 2 127 6944 6966 6965
13705 2 2 2 127 6046 8266 6489
13706 2 2 2 127 1859 7933 1860
13707 2 2 2 127 1060 8440 5375
13708 2 2 2 127 1075 7934 1076
13709 2 2 2 127 6547 8047 6019
13710 2 2 2 127 5892 8614 5894
13711 2 2 2 127 7681 7695 7470
13712 2 2 2 127 6426 8346 7791
13713 2 2 2 127 5572 8741 5581
13714 2 2 2 127 7499 7500 7486
13715 2 2 2 127 5873 8797 5871
13716 2 2 2 127 5961 6941 6272
13717 2 2 2 127 6048 8958 427
13718 2 2 2 127 6147 8358 8260
13719 2 2 2 127 6876 8123 6874
13720 2 2 2 127 6891 6893 6890
13721 2 2 2 127 1508 8961 1509
13722 2 2 2 127 7728 7873 6122
13723 2 2 2 127 5853 8279 5358
13724 2 2 2 127 7625 8604 7624
13725 2 2 2 127 7740 7773 7679
13726 2 2 2 127 5898 8961 1508
13727 2 2 2 127 6517 7011 6245
13728 2 2 2 127 7747 8517 7421
13729 2 2 2 127 6253 7932 6254
13730 2 2 2 127 7778 8376 7606
13731 2 2 2 127 7786 8031 7785
13732 2 2 2 127 5904 7976 5901
13733 2 2 2 127 5356 8628 7497
13734 2 2 2 127 6927 6934 6928
13735 2 2 2 127 7362 7786 7785
13736 2 2 2 127 6828 7748 5480
13737 2 2 2 127 6056 7935 6541
13738 2 2 2 127 5702 8351 6540
13739 2 2 2 127 2177 8507 8309
13740 2 2 2 127 6047 8811 6800
13741 2 2 2 127 427 8958 5463
13742 2 2 2 127 6022 8695 6815
13743 2 2 2 127 5766 6861 5765
13744 2 2 2 127 5383 8507 2178
13745 2 2 2 127 6208 8291 8108
13746 2 2 2 127 5378 8534 2151
13747 2 2 2 127 7400 7401 7399
13748 2 2 2 127 8414 8652 6213
13749 2 2 2 127 5739 8866 1600
13750 2 2 2 127 6089 8619 6090
13751 2 2 2 127 6852 8362 6848
13752 2 2 2 127 6641 8725 6185
13753 2 2 2 127 5894 7836 7835
13754 2 2 2 127 1356 8942 1357
13755 2 2 2 127 6459 8845 5878
13756 2 2 2 127 6526 8691 5522
13757 2 2 2 127 6625 8955 1678
13758 2 2 2 127 6517 8732 5995
13759 2 2 2 127 6896 8704 7795
13760 2 2 2 127 6055 8132 6617
13761 2 2 2 127 7346 8244 910
13762 2 2 2 127 5927 8133 6618
13763 2 2 2 127 7587 8073 7146
13764 2 2 2 127 1411 8825 7630
13765 2 2 2 127 7179 8755 8080
13766 2 2 2 127 5354 7578 6122
13767 2 2 2 127 5433 8239 6623
13768 2 2 2 127 1415 7508 1416
13769 2 2 2 127 5409 8403 6176
13770 2 2 2 127 1007 8226 55
13771 2 2 2 127 5880 8942 1356
13772 2 2 2 127 1678 8955 1679
13773 2 2 2 127 967 8343 6000
13774 2 2 2 127 5978 7942 6218
13775 2 2 2 127 986 8949 987
13776 2 2 2 127 6168 7929 5766
13777 2 2 2 127 6237 8504 7968
13778 2 2 2 127 6238 8505 7969
13779 2 2 2 127 6443 8403 5409
13780 2 2 2 127 7378 8212 7533
13781 2 2 2 127 6214 7896 7895
13782 2 2 2 127 7578 7728 6122
13783 2 2 2 127 6351 8335 447
13784 2 2 2 127 7481 7570 7480
13785 2 2 2 127 7912 8270 6931
13786 2 2 2 127 6793 8896 1451
13787 2 2 2 127 987 8949 5911
13788 2 2 2 127 7507 8516 7487
13789 2 2 2 127 5718 8360 6817
13790 2 2 2 127 6119 8614 6345
13791 2 2 2 127 6438 7913 2102
13792 2 2 2 127 5929 8075 6631
13793 2 2 2 127 7017 8252 7329
13794 2 2 2 127 7975 8036 5912
13795 2 2 2 127 7461 7821 7459
13796 2 2 2 127 7863 8703 7153
13797 2 2 2 127 7926 8657 34
13798 2 2 2 127 6350 8701 6663
13799 2 2 2 127 6225 8853 7758
13800 2 2 2 127 5928 8116 6672
13801 2 2 2 127 6162 8414 6213
13802 2 2 2 127 1600 8866 1601
13803 2 2 2 127 5413 8095 30
13804 2 2 2 127 5787 7962 6301
13805 2 2 2 127 7666 8822 7654
13806 2 2 2 127 7676 8356 7314
13807 2 2 2 127 6511 8170 6230
13808 2 2 2 127 6843 7752 6164
13809 2 2 2 127 7079 8890 8517
13810 2 2 2 127 6701 8693 5578
13811 2 2 2 127 7500 8510 7486
13812 2 2 2 127 6029 6844 5896
13813 2 2 2 127 6195 8844 6788
13814 2 2 2 127 8062 8989 2028
13815 2 2 2 127 943 7503 7224
13816 2 2 2 127 7440 7766 7706
13817 2 2 2 127 6639 8055 5686
13818 2 2 2 127 5361 6050 2010
13819 2 2 2 127 5349 7029 5978
13820 2 2 2 127 7996 8812 6053
13821 2 2 2 127 6285 8916 6541
13822 2 2 2 127 2163 7824 2162
13823 2 2 2 127 6032 8896 6538
13824 2 2 2 127 2011 5337 2012
13825 2 2 2 127 1769 5339 1770
13826 2 2 2 127 5688 8181 6647
13827 2 2 2 127 1526 5340 1527
13828 2 2 2 127 6024 8113 6628
13829 2 2 2 127 7428 8420 7691
13830 2 2 2 127 6113 7967 6124
13831 2 2 2 127 7894 8950 6332
13832 2 2 2 127 2148 7829 2147
13833 2 2 2 127 1318 7974 1319
13834 2 2 2 127 7758 8853 5587
13835 2 2 2 127 5542 8072 5543
13836 2 2 2 127 7754 8968 930
13837 2 2 2 127 5350 8429 6518
13838 2 2 2 127 1638 7235 7222
13839 2 2 2 127 7959 8270 7425
13840 2 2 2 127 6660 7996 6053
13841 2 2 2 127 6518 8429 6192
13842 2 2 2 127 6484 8409 5678
13843 2 2 2 127 5564 8072 5542
13844 2 2 2 127 5769 8286 6135
13845 2 2 2 127 7097 7099 7096
13846 2 2 2 127 6951 7045 7028
13847 2 2 2 127 6300 8918 6546
13848 2 2 2 127 7946 8245 7947
13849 2 2 2 127 7045 7422 7060
13850 2 2 2 127 2153 7915 2152
13851 2 2 2 127 6253 8925 7978
13852 2 2 2 127 6848 6850 6846
13853 2 2 2 127 7505 7506 7363
13854 2 2 2 127 2062 8870 2063
13855 2 2 2 127 7402 7548 7401
13856 2 2 2 127 2106 8984 2107
13857 2 2 2 127 2174 8960 2173
13858 2 2 2 127 8109 8942 5880
13859 2 2 2 127 2156 7956 7955
13860 2 2 2 127 5389 8831 6203
13861 2 2 2 127 8595 8784 7661
13862 2 2 2 127 6925 6926 6924
13863 2 2 2 127 5425 8799 5991
13864 2 2 2 127 7637 8492 7649
13865 2 2 2 127 1392 8622 6127
13866 2 2 2 127 2063 8870 6732
13867 2 2 2 127 5399 7369 65
13868 2 2 2 127 1863 8998 1864
13869 2 2 2 127 7528 8758 5355
13870 2 2 2 127 6674 8985 5700
13871 2 2 2 127 5452 8903 8131
13872 2 2 2 127 6506 8180 6232
13873 2 2 2 127 7583 8807 7819
13874 2 2 2 127 1079 8997 1080
13875 2 2 2 127 6504 8074 5472
13876 2 2 2 127 1880 7530 1881
13877 2 2 2 127 7708 7709 5340
13878 2 2 2 127 7063 7395 7394
13879 2 2 2 127 6986 8503 7960
13880 2 2 2 127 8131 8903 6469
13881 2 2 2 127 7238 7260 7259
13882 2 2 2 127 1097 8979 1098
13883 2 2 2 127 6784 7944 6694
13884 2 2 2 127 6860 7250 1171
13885 2 2 2 127 5959 7820 5961
13886 2 2 2 127 1616 8626 5944
13887 2 2 2 127 6868 6869 6867
13888 2 2 2 127 2107 8984 6062
13889 2 2 2 127 7614 8791 8054
13890 2 2 2 127 2015 7210 6251
13891 2 2 2 127 8138 8410 6273
13892 2 2 2 127 6508 8193 6236
13893 2 2 2 127 7493 7631 7389
13894 2 2 2 127 2166 7950 7949
13895 2 2 2 127 1864 8998 6091
13896 2 2 2 127 8383 8709 7535
13897 2 2 2 127 2147 7925 2146
13898 2 2 2 127 1080 8997 6088
13899 2 2 2 127 2065 7985 6141
13900 2 2 2 127 1505 7986 6142
13901 2 2 2 127 6216 8204 6215
13902 2 2 2 127 1098 8979 5972
13903 2 2 2 127 5525 7978 6364
13904 2 2 2 127 222 8833 7865
13905 2 2 2 127 1454 8834 7866
13906 2 2 2 127 1902 7688 5419
13907 2 2 2 127 7393 8337 7737
13908 2 2 2 127 7485 7486 7483
13909 2 2 2 127 2051 8974 6025
13910 2 2 2 127 1491 8975 6026
13911 2 2 2 127 6328 8974 2051
13912 2 2 2 127 6329 8975 1491
13913 2 2 2 127 6240 8460 6003
13914 2 2 2 127 6003 8460 6024
13915 2 2 2 127 7772 7831 7771
13916 2 2 2 127 7847 8580 6308
13917 2 2 2 127 8263 8827 7087
13918 2 2 2 127 5725 8265 6612
13919 2 2 2 127 6270 8842 6437
13920 2 2 2 127 7233 7687 7510
13921 2 2 2 127 6109 7964 6790
13922 2 2 2 127 6110 7965 6791
13923 2 2 2 127 5749 8644 5768
13924 2 2 2 127 2123 7238 2124
13925 2 2 2 127 7981 8731 7295
13926 2 2 2 127 6187 8170 5445
13927 2 2 2 127 6335 8164 5750
13928 2 2 2 127 7512 8770 7883
13929 2 2 2 127 7546 8202 7628
13930 2 2 2 127 5951 7728 7575
13931 2 2 2 127 6911 6912 6910
13932 2 2 2 127 6271 8849 6368
13933 2 2 2 127 6000 8363 6017
13934 2 2 2 127 7022 7555 7024
13935 2 2 2 127 7430 8150 7740
13936 2 2 2 127 6963 8490 6872
13937 2 2 2 127 7716 7784 7174
13938 2 2 2 127 5517 8849 7849
13939 2 2 2 127 6343 8180 5435
13940 2 2 2 127 6255 7990 5864
13941 2 2 2 127 1119 8298 62
13942 2 2 2 127 7700 8496 7634
13943 2 2 2 127 1638 7222 1639
13944 2 2 2 127 7887 8197 7610
13945 2 2 2 127 5879 8805 6489
13946 2 2 2 127 7198 8826 7502
13947 2 2 2 127 5656 8112 7899
13948 2 2 2 127 6670 8002 5704
13949 2 2 2 127 1654 7600 1655
13950 2 2 2 127 5388 8866 6632
13951 2 2 2 127 6360 8397 6157
13952 2 2 2 127 8067 8139 6114
13953 2 2 2 127 7791 8346 6722
13954 2 2 2 127 1284 7218 6839
13955 2 2 2 127 7266 7318 2141
13956 2 2 2 127 2154 8127 2153
13957 2 2 2 127 5583 8869 7848
13958 2 2 2 127 1305 8275 5497
13959 2 2 2 127 6894 6897 6893
13960 2 2 2 127 7947 8245 7536
13961 2 2 2 127 7688 8847 7666
13962 2 2 2 127 5901 7976 5902
13963 2 2 2 127 7779 8377 8038
13964 2 2 2 127 7924 8580 5940
13965 2 2 2 127 5339 8228 7842
13966 2 2 2 127 7121 8413 7640
13967 2 2 2 127 5469 8036 5790
13968 2 2 2 127 5736 8085 5580
13969 2 2 2 127 6584 8708 5699
13970 2 2 2 127 7807 8903 1134
13971 2 2 2 127 7502 8826 7472
13972 2 2 2 127 6200 8443 8154
13973 2 2 2 127 1004 7997 1005
13974 2 2 2 127 1564 7998 1565
13975 2 2 2 127 6179 8238 5677
13976 2 2 2 127 5499 8109 6614
13977 2 2 2 127 5923 7686 7130
13978 2 2 2 127 6234 8481 1732
13979 2 2 2 127 1057 7164 1058
13980 2 2 2 127 7054 7388 7387
13981 2 2 2 127 7811 8509 5685
13982 2 2 2 127 1285 7175 1286
13983 2 2 2 127 5372 8745 8127
13984 2 2 2 127 447 8335 20
13985 2 2 2 127 5390 8850 6716
13986 2 2 2 127 7251 8306 7257
13987 2 2 2 127 6874 6963 6872
13988 2 2 2 127 7448 8810 7735
13989 2 2 2 127 8264 8631 7356
13990 2 2 2 127 7205 7207 7206
13991 2 2 2 127 5539 8535 6818
13992 2 2 2 127 7485 7744 7501
13993 2 2 2 127 6830 8653 7690
13994 2 2 2 127 6614 8109 6151
13995 2 2 2 127 7223 8014 7602
13996 2 2 2 127 7366 7544 7543
13997 2 2 2 127 5452 8743 1135
13998 2 2 2 127 6075 8001 6444
13999 2 2 2 127 7755 8653 6830
14000 2 2 2 127 7441 8816 7418
14001 2 2 2 127 5940 8964 7924
14002 2 2 2 127 2178 8507 2177
14003 2 2 2 127 2151 8534 2150
14004 2 2 2 127 7873 8408 6315
14005 2 2 2 127 5382 8039 7956
14006 2 2 2 127 6676 8334 8064
14007 2 2 2 127 7665 8515 7671
14008 2 2 2 127 6892 7061 5779
14009 2 2 2 127 8259 8397 6360
14010 2 2 2 127 6077 8851 947
14011 2 2 2 127 6539 8055 6639
14012 2 2 2 127 7952 7953 2144
14013 2 2 2 127 5795 8728 6458
14014 2 2 2 127 7286 8269 7629
14015 2 2 2 127 1429 8475 6431
14016 2 2 2 127 8309 8507 7725
14017 2 2 2 127 7068 7827 1040
14018 2 2 2 127 309 8469 6435
14019 2 2 2 127 5342 8724 575
14020 2 2 2 127 6584 8584 5866
14021 2 2 2 127 1093 8480 6436
14022 2 2 2 127 6099 8083 6177
14023 2 2 2 127 7412 7413 7411
14024 2 2 2 127 2101 8472 6438
14025 2 2 2 127 5797 8742 5798
14026 2 2 2 127 1411 7630 7504
14027 2 2 2 127 5823 8746 5824
14028 2 2 2 127 6528 8402 5399
14029 2 2 2 127 6541 8921 6285
14030 2 2 2 127 5854 8336 5858
14031 2 2 2 127 6870 6878 6869
14032 2 2 2 127 5775 8250 1938
14033 2 2 2 127 5957 6915 5959
14034 2 2 2 127 6068 8006 6070
14035 2 2 2 127 7143 7566 7138
14036 2 2 2 127 6044 8129 7962
14037 2 2 2 127 7760 8435 5907
14038 2 2 2 127 1877 8470 6440
14039 2 2 2 127 5403 8677 6240
14040 2 2 2 127 460 8347 6666
14041 2 2 2 127 684 8348 6667
14042 2 2 2 127 328 8032 329
14043 2 2 2 127 6153 8771 1675
14044 2 2 2 127 5840 8254 6804
14045 2 2 2 127 1112 8033 1113
14046 2 2 2 127 664 8034 665
14047 2 2 2 127 6127 8797 6642
14048 2 2 2 127 6171 8801 8105
14049 2 2 2 127 1172 7249 1173
14050 2 2 2 127 6528 7994 5763
14051 2 2 2 127 5866 8584 5440
14052 2 2 2 127 5890 8082 5371
14053 2 2 2 127 7407 8737 7283
14054 2 2 2 127 7210 8770 7512
14055 2 2 2 127 126 7177 5344
14056 2 2 2 127 5407 8254 315
14057 2 2 2 127 7004 8359 7920
14058 2 2 2 127 6836 7420 6052
14059 2 2 2 127 8065 8855 5347
14060 2 2 2 127 5761 8193 5437
14061 2 2 2 127 6702 8868 6079
14062 2 2 2 127 7509 8548 7970
14063 2 2 2 127 6789 8802 1279
14064 2 2 2 127 7414 8141 7413
14065 2 2 2 127 7245 7351 7246
14066 2 2 2 127 1639 6835 1640
14067 2 2 2 127 8446 8843 7742
14068 2 2 2 127 5856 6917 5857
14069 2 2 2 127 368 8750 5517
14070 2 2 2 127 7209 7757 7208
14071 2 2 2 127 2028 8989 7211
14072 2 2 2 127 8069 8611 1010
14073 2 2 2 127 7166 7509 6862
14074 2 2 2 127 7425 8270 7427
14075 2 2 2 127 7052 7366 7365
14076 2 2 2 127 5974 8945 6356
14077 2 2 2 127 6999 7001 6998
14078 2 2 2 127 6546 8932 6300
14079 2 2 2 127 7011 8111 7482
14080 2 2 2 127 6260 8110 6627
14081 2 2 2 127 6538 8896 6066
14082 2 2 2 127 7803 8949 5368
14083 2 2 2 127 1170 7547 6860
14084 2 2 2 127 6465 8801 5461
14085 2 2 2 127 1413 6842 1414
14086 2 2 2 127 6650 8302 5363
14087 2 2 2 127 7351 7640 7638
14088 2 2 2 127 7039 8519 7163
14089 2 2 2 127 7966 8730 6087
14090 2 2 2 127 7480 8009 6245
14091 2 2 2 127 8144 8550 7324
14092 2 2 2 127 7684 8493 6948
14093 2 2 2 127 2177 8309 2176
14094 2 2 2 127 6948 8035 7684
14095 2 2 2 127 6676 8808 6023
14096 2 2 2 127 7863 8455 7506
14097 2 2 2 127 7509 8549 8548
14098 2 2 2 127 6463 8278 5396
14099 2 2 2 127 6851 6853 6850
14100 2 2 2 127 332 8256 333
14101 2 2 2 127 1205 8471 6276
14102 2 2 2 127 1989 8478 6275
14103 2 2 2 127 6316 8644 6795
14104 2 2 2 127 5338 8244 8094
14105 2 2 2 127 7836 8614 6119
14106 2 2 2 127 6661 8081 6168
14107 2 2 2 127 6134 7010 6812
14108 2 2 2 127 7744 8778 7056
14109 2 2 2 127 6967 7052 7051
14110 2 2 2 127 6627 8110 5471
14111 2 2 2 127 5375 8081 6009
14112 2 2 2 127 7164 8407 7534
14113 2 2 2 127 6074 7854 7019
14114 2 2 2 127 6706 8095 6430
14115 2 2 2 127 7121 7771 7119
14116 2 2 2 127 6325 8695 6022
14117 2 2 2 127 6856 7776 6854
14118 2 2 2 127 5336 8722 2031
14119 2 2 2 127 6236 8193 7994
14120 2 2 2 127 8287 8573 6877
14121 2 2 2 127 7628 7736 7402
14122 2 2 2 127 6515 7116 5729
14123 2 2 2 127 6947 7047 6949
14124 2 2 2 127 7434 8902 8158
14125 2 2 2 127 7872 8977 6138
14126 2 2 2 127 6753 8687 5952
14127 2 2 2 127 7213 7214 6842
14128 2 2 2 127 5788 8863 5789
14129 2 2 2 127 5742 8095 6706
14130 2 2 2 127 1168 7356 1169
14131 2 2 2 127 7777 8386 7778
14132 2 2 2 127 7227 8383 7444
14133 2 2 2 127 6234 8484 8481
14134 2 2 2 127 7871 8317 5712
14135 2 2 2 127 6676 8064 5822
14136 2 2 2 127 5976 7005 6194
14137 2 2 2 127 7698 8353 6954
14138 2 2 2 127 1284 6839 1285
14139 2 2 2 127 5889 8066 5892
14140 2 2 2 127 6788 8819 6195
14141 2 2 2 127 5970 8846 6804
14142 2 2 2 127 7019 8230 7020
14143 2 2 2 127 5466 8059 6158
14144 2 2 2 127 6909 8680 6911
14145 2 2 2 127 6450 8696 5511
14146 2 2 2 127 7377 7445 7375
14147 2 2 2 127 7604 8098 7843
14148 2 2 2 127 7935 8238 6179
14149 2 2 2 127 7207 7209 7208
14150 2 2 2 127 7182 8107 7184
14151 2 2 2 127 7179 8080 7276
14152 2 2 2 127 7173 7258 7182
14153 2 2 2 127 7189 7746 7742
14154 2 2 2 127 7264 7703 7262
14155 2 2 2 127 7366 7545 7544
14156 2 2 2 127 6902 6904 6903
14157 2 2 2 127 6929 6950 6903
14158 2 2 2 127 7852 7977 6262
14159 2 2 2 127 6805 8895 6361
14160 2 2 2 127 6056 8238 7935
14161 2 2 2 127 6108 8087 6652
14162 2 2 2 127 8012 8960 7733
14163 2 2 2 127 7022 7024 7023
14164 2 2 2 127 7367 7712 7368
14165 2 2 2 127 6425 8346 6426
14166 2 2 2 127 7710 8857 7249
14167 2 2 2 127 7169 8500 8153
14168 2 2 2 127 5381 7911 7751
14169 2 2 2 127 7468 7469 6836
14170 2 2 2 127 5806 8648 8610
14171 2 2 2 127 5835 7977 7852
14172 2 2 2 127 5820 8068 6546
14173 2 2 2 127 5929 8065 5347
14174 2 2 2 127 7027 8352 8340
14175 2 2 2 127 7782 7827 7068
14176 2 2 2 127 7525 7993 6939
14177 2 2 2 127 7402 7736 7548
14178 2 2 2 127 7049 7062 7030
14179 2 2 2 127 5986 7940 5985
14180 2 2 2 127 8444 8539 6199
14181 2 2 2 127 7645 7759 7516
14182 2 2 2 127 5817 8161 5816
14183 2 2 2 127 7619 8054 7939
14184 2 2 2 127 6838 7954 7755
14185 2 2 2 127 7012 8857 7710
14186 2 2 2 127 6655 8877 6035
14187 2 2 2 127 6616 8358 5944
14188 2 2 2 127 5816 8161 5819
14189 2 2 2 127 7724 7725 7060
14190 2 2 2 127 7693 8103 6942
14191 2 2 2 127 7381 8727 7890
14192 2 2 2 127 7834 7891 6029
14193 2 2 2 127 687 8634 740
14194 2 2 2 127 463 8633 292
14195 2 2 2 127 6644 8166 6059
14196 2 2 2 127 6645 8167 6060
14197 2 2 2 127 6984 6989 6988
14198 2 2 2 127 5341 6836 6052
14199 2 2 2 127 7278 7281 7280
14200 2 2 2 127 7953 8643 5383
14201 2 2 2 127 7087 8827 7084
14202 2 2 2 127 7921 8551 7490
14203 2 2 2 127 7193 7195 7194
14204 2 2 2 127 1041 6864 1042
14205 2 2 2 127 7778 8386 8376
14206 2 2 2 127 158 8555 6503
14207 2 2 2 127 1502 8556 6510
14208 2 2 2 127 5972 8979 8155
14209 2 2 2 127 270 8558 6505
14210 2 2 2 127 1614 8557 6502
14211 2 2 2 127 5789 7093 5359
14212 2 2 2 127 7112 7126 7124
14213 2 2 2 127 1950 8559 6501
14214 2 2 2 127 7427 8012 7426
14215 2 2 2 127 1390 8560 6507
14216 2 2 2 127 6623 8164 6097
14217 2 2 2 127 6324 8076 6001
14218 2 2 2 127 5949 8408 7873
14219 2 2 2 127 7642 8168 6976
14220 2 2 2 127 7874 7922 5424
14221 2 2 2 127 382 8561 6511
14222 2 2 2 127 8264 8981 7343
14223 2 2 2 127 6934 6944 6928
14224 2 2 2 127 7067 7069 7066
14225 2 2 2 127 6254 8693 6255
14226 2 2 2 127 7050 7476 7475
14227 2 2 2 127 6154 8341 7944
14228 2 2 2 127 1166 8568 6508
14229 2 2 2 127 6864 7827 7231
14230 2 2 2 127 1726 8569 6506
14231 2 2 2 127 6430 8095 5413
14232 2 2 2 127 7573 8772 8339
14233 2 2 2 127 6639 8083 6099
14234 2 2 2 127 7100 7102 7099
14235 2 2 2 127 6980 7004 6978
14236 2 2 2 127 6028 7931 6332
14237 2 2 2 127 6014 8079 6243
14238 2 2 2 127 7577 7592 7591
14239 2 2 2 127 7426 7733 7732
14240 2 2 2 127 6066 8896 6793
14241 2 2 2 127 8428 8994 8600
14242 2 2 2 127 6983 7904 7823
14243 2 2 2 127 6331 8641 5508
14244 2 2 2 127 6132 8085 6452
14245 2 2 2 127 873 8090 874
14246 2 2 2 127 1433 8091 1434
14247 2 2 2 127 889 8092 890
14248 2 2 2 127 1449 8093 1450
14249 2 2 2 127 7906 8006 5809
14250 2 2 2 127 5457 8732 8011
14251 2 2 2 127 7323 7437 5890
14252 2 2 2 127 7195 7197 7196
14253 2 2 2 127 7719 8552 7603
14254 2 2 2 127 1054 8571 6504
14255 2 2 2 127 7297 8956 1398
14256 2 2 2 127 7758 8316 8074
14257 2 2 2 127 2142 7318 6899
14258 2 2 2 127 6079 8868 6809
14259 2 2 2 127 5543 7283 5544
14260 2 2 2 127 6896 8608 7804
14261 2 2 2 127 6140 8140 8093
14262 2 2 2 127 6879 6932 6878
14263 2 2 2 127 5906 7960 5904
14264 2 2 2 127 7138 7566 7154
14265 2 2 2 127 7159 7721 7692
14266 2 2 2 127 6267 8097 6629
14267 2 2 2 127 1601 8866 5388
14268 2 2 2 127 7822 8726 7583
14269 2 2 2 127 1996 8375 1997
14270 2 2 2 127 6441 8612 6220
14271 2 2 2 127 7397 7833 7395
14272 2 2 2 127 6025 8947 2052
14273 2 2 2 127 6026 8948 1492
14274 2 2 2 127 5438 8946 1940
14275 2 2 2 127 6901 8567 6902
14276 2 2 2 127 7443 7520 7519
14277 2 2 2 127 7134 7135 7133
14278 2 2 2 127 7512 8765 7756
14279 2 2 2 127 8128 8268 7139
14280 2 2 2 127 5381 8012 7911
14281 2 2 2 127 6937 8377 7779
14282 2 2 2 127 6070 8006 7906
14283 2 2 2 127 6836 7789 7420
14284 2 2 2 127 5491 8101 6267
14285 2 2 2 127 6951 6964 6950
14286 2 2 2 127 5918 8994 8428
14287 2 2 2 127 7276 8990 7419
14288 2 2 2 127 6640 8282 495
14289 2 2 2 127 7470 7768 7469
14290 2 2 2 127 6941 7528 6272
14291 2 2 2 127 5861 8716 6171
14292 2 2 2 127 7931 8229 5789
14293 2 2 2 127 6844 6946 5896
14294 2 2 2 127 6944 6959 6928
14295 2 2 2 127 7073 7245 7242
14296 2 2 2 127 514 8523 6473
14297 2 2 2 127 2082 8524 6472
14298 2 2 2 127 7041 8123 6876
14299 2 2 2 127 7789 8754 7313
14300 2 2 2 127 962 8525 6474
14301 2 2 2 127 1746 8526 6475
14302 2 2 2 127 5818 8108 6219
14303 2 2 2 127 7028 7205 6964
14304 2 2 2 127 7819 7822 7583
14305 2 2 2 127 14 8163 5505
14306 2 2 2 127 1970 8528 6477
14307 2 2 2 127 402 8527 6478
14308 2 2 2 127 626 8529 6479
14309 2 2 2 127 8226 8665 55
14310 2 2 2 127 6282 8929 8222
14311 2 2 2 127 6281 8930 8223
14312 2 2 2 127 1395 7306 7293
14313 2 2 2 127 5454 8106 5988
14314 2 2 2 127 6927 6928 6926
14315 2 2 2 127 6969 8145 6956
14316 2 2 2 127 1186 8532 6480
14317 2 2 2 127 7388 7493 7389
14318 2 2 2 127 784 8439 5525
14319 2 2 2 127 5903 8125 5905
14320 2 2 2 127 7781 8647 8628
14321 2 2 2 127 8163 8176 5505
14322 2 2 2 127 7211 7769 2029
14323 2 2 2 127 7627 7734 7720
14324 2 2 2 127 6042 8952 6615
14325 2 2 2 127 6753 8676 7647
14326 2 2 2 127 7660 7668 7662
14327 2 2 2 127 830 8581 6509
14328 2 2 2 127 5654 8112 5656
14329 2 2 2 127 6946 7844 5896
14330 2 2 2 127 6320 8553 6331
14331 2 2 2 127 7939 8054 7605
14332 2 2 2 127 5356 8291 7781
14333 2 2 2 127 5819 7288 6208
14334 2 2 2 127 7696 7880 7230
14335 2 2 2 127 7944 8341 6694
14336 2 2 2 127 5839 8129 5837
14337 2 2 2 127 5420 8454 8221
14338 2 2 2 127 1955 8280 6150
14339 2 2 2 127 6518 8410 6180
14340 2 2 2 127 6429 8687 6750
14341 2 2 2 127 290 8537 6481
14342 2 2 2 127 145 8850 5390
14343 2 2 2 127 7040 7041 6876
14344 2 2 2 127 7307 7407 7283
14345 2 2 2 127 6090 8619 7942
14346 2 2 2 127 7381 7382 7380
14347 2 2 2 127 7243 7729 7541
14348 2 2 2 127 7379 7380 7378
14349 2 2 2 127 5370 8130 5570
14350 2 2 2 127 7185 7193 7192
14351 2 2 2 127 7664 8589 5862
14352 2 2 2 127 1858 8541 6483
14353 2 2 2 127 1074 8540 6482
14354 2 2 2 127 7616 8941 7775
14355 2 2 2 127 5337 8731 7981
14356 2 2 2 127 7602 7626 7603
14357 2 2 2 127 7814 7816 7815
14358 2 2 2 127 6947 8299 7047
14359 2 2 2 127 6854 6945 6853
14360 2 2 2 127 5718 8134 5716
14361 2 2 2 127 1246 8463 1247
14362 2 2 2 127 1806 8464 1807
14363 2 2 2 127 6035 8877 6736
14364 2 2 2 127 7581 7887 7886
14365 2 2 2 127 6968 7057 6969
14366 2 2 2 127 5875 7200 5874
14367 2 2 2 127 6175 8895 8137
14368 2 2 2 127 929 7754 930
14369 2 2 2 127 738 8543 6486
14370 2 2 2 127 6338 8135 5698
14371 2 2 2 127 7652 8706 8158
14372 2 2 2 127 7545 7780 7544
14373 2 2 2 127 6965 7054 6959
14374 2 2 2 127 7005 7336 6194
14375 2 2 2 127 7771 7906 7119
14376 2 2 2 127 7426 7732 7424
14377 2 2 2 127 909 7346 910
14378 2 2 2 127 7522 7537 7523
14379 2 2 2 127 7306 7495 7494
14380 2 2 2 127 7293 7806 6841
14381 2 2 2 127 56 7287 6884
14382 2 2 2 127 6090 6986 5906
14383 2 2 2 127 5507 8136 7838
14384 2 2 2 127 7412 7414 7413
14385 2 2 2 127 6678 8914 5774
14386 2 2 2 127 1525 7708 1526
14387 2 2 2 127 7241 7758 5587
14388 2 2 2 127 7690 7748 6828
14389 2 2 2 127 5717 8142 6143
14390 2 2 2 127 6174 8136 6471
14391 2 2 2 127 7063 7394 7062
14392 2 2 2 127 5917 8139 5916
14393 2 2 2 127 6752 8962 6754
14394 2 2 2 127 1317 8473 6813
14395 2 2 2 127 7618 8249 7646
14396 2 2 2 127 6175 8137 6470
14397 2 2 2 127 7210 7416 6251
14398 2 2 2 127 51 7224 6883
14399 2 2 2 127 7155 8399 7511
14400 2 2 2 127 7966 8831 5389
14401 2 2 2 127 1900 7702 1901
14402 2 2 2 127 421 8477 6815
14403 2 2 2 127 7050 7477 7476
14404 2 2 2 127 7422 7724 7060
14405 2 2 2 127 197 8479 6816
14406 2 2 2 127 6761 8775 6427
14407 2 2 2 127 5891 7844 7323
14408 2 2 2 127 5434 7517 1281
14409 2 2 2 127 7300 7556 7299
14410 2 2 2 127 7020 8004 8003
14411 2 2 2 127 6317 8154 6186
14412 2 2 2 127 5513 8189 6660
14413 2 2 2 127 7731 8518 7421
14414 2 2 2 127 1411 7504 1412
14415 2 2 2 127 8355 8644 6316
14416 2 2 2 127 8205 8243 8031
14417 2 2 2 127 6259 8155 6628
14418 2 2 2 127 6101 8879 8509
14419 2 2 2 127 5858 8515 7869
14420 2 2 2 127 1656 6834 1657
14421 2 2 2 127 7045 7060 7028
14422 2 2 2 127 5941 8259 6491
14423 2 2 2 127 237 8288 6306
14424 2 2 2 127 6633 8576 5388
14425 2 2 2 127 5857 7867 5860
14426 2 2 2 127 8475 8878 6431
14427 2 2 2 127 7383 7384 7382
14428 2 2 2 127 7273 8531 7452
14429 2 2 2 127 6965 7058 7054
14430 2 2 2 127 8638 8909 8248
14431 2 2 2 127 6514 8336 5852
14432 2 2 2 127 6727 8920 5414
14433 2 2 2 127 5985 7274 6028
14434 2 2 2 127 7009 8007 7551
14435 2 2 2 127 6039 7683 7142
14436 2 2 2 127 8469 8881 6435
14437 2 2 2 127 7781 8291 6208
14438 2 2 2 127 6952 7770 6934
14439 2 2 2 127 8480 8882 6436
14440 2 2 2 127 91 8711 6173
14441 2 2 2 127 7 8710 6172
14442 2 2 2 127 7394 7478 7062
14443 2 2 2 127 5544 8737 6534
14444 2 2 2 127 7395 7403 7394
14445 2 2 2 127 8472 8884 6438
14446 2 2 2 127 7548 7549 7401
14447 2 2 2 127 5400 8152 6006
14448 2 2 2 127 2140 7266 2141
14449 2 2 2 127 7332 7333 7331
14450 2 2 2 127 7076 7077 7074
14451 2 2 2 127 7670 7981 7295
14452 2 2 2 127 6044 8302 6650
14453 2 2 2 127 6524 8461 5566
14454 2 2 2 127 6525 8462 5565
14455 2 2 2 127 7305 7746 7304
14456 2 2 2 127 6643 8185 5360
14457 2 2 2 127 6798 8713 6172
14458 2 2 2 127 6797 8712 6173
14459 2 2 2 127 7024 7026 7025
14460 2 2 2 127 2027 8062 2028
14461 2 2 2 127 7475 8653 7755
14462 2 2 2 127 8298 8671 62
14463 2 2 2 127 5470 8979 1097
14464 2 2 2 127 6942 8371 8104
14465 2 2 2 127 6985 7760 5907
14466 2 2 2 127 1899 6916 1900
14467 2 2 2 127 7184 8107 7187
14468 2 2 2 127 7267 7271 7270
14469 2 2 2 127 7566 7701 7154
14470 2 2 2 127 1357 8942 5499
14471 2 2 2 127 1640 7613 1641
14472 2 2 2 127 8470 8892 6440
14473 2 2 2 127 7945 7946 7160
14474 2 2 2 127 7155 7511 7507
14475 2 2 2 127 8401 8870 2062
14476 2 2 2 127 7134 8936 7433
14477 2 2 2 127 8106 8995 6166
14478 2 2 2 127 5344 8301 2128
14479 2 2 2 127 5700 8173 5701
14480 2 2 2 127 5774 8914 1378
14481 2 2 2 127 7073 8061 7245
14482 2 2 2 127 2125 6900 2126
14483 2 2 2 127 1396 6841 1397
14484 2 2 2 127 5368 8949 986
14485 2 2 2 127 7409 7412 7411
14486 2 2 2 127 8159 8373 7667
14487 2 2 2 127 126 8755 7177
14488 2 2 2 127 6913 6933 6912
14489 2 2 2 127 7505 8004 7506
14490 2 2 2 127 5986 7941 7940
14491 2 2 2 127 8112 8682 6485
14492 2 2 2 127 1937 8187 5775
14493 2 2 2 127 8335 8658 20
14494 2 2 2 127 8519 8910 7830
14495 2 2 2 127 7756 8989 7416
14496 2 2 2 127 7184 7187 7186
14497 2 2 2 127 5414 8920 218
14498 2 2 2 127 7795 8608 6896
14499 2 2 2 127 6967 7438 7052
14500 2 2 2 127 6944 6965 6959
14501 2 2 2 127 7593 7612 7576
14502 2 2 2 127 7775 7927 7578
14503 2 2 2 127 6059 8912 875
14504 2 2 2 127 6060 8913 1435
14505 2 2 2 127 7413 8141 7736
14506 2 2 2 127 1897 6918 1898
14507 2 2 2 127 7158 7159 7041
14508 2 2 2 127 7110 7111 7108
14509 2 2 2 127 5768 8286 5769
14510 2 2 2 127 7667 8373 7655
14511 2 2 2 127 2013 7106 2014
14512 2 2 2 127 7197 7203 7202
14513 2 2 2 127 7322 8751 7723
14514 2 2 2 127 7646 8249 7589
14515 2 2 2 127 5391 8181 5688
14516 2 2 2 127 1153 7367 6859
14517 2 2 2 127 6118 8174 746
14518 2 2 2 127 6127 8622 6696
14519 2 2 2 127 7009 7551 7451
14520 2 2 2 127 5794 7009 5793
14521 2 2 2 127 5787 8917 7962
14522 2 2 2 127 6912 6931 6910
14523 2 2 2 127 8624 8915 7707
14524 2 2 2 127 6680 8176 6178
14525 2 2 2 127 7347 7348 7346
14526 2 2 2 127 7600 8098 7608
14527 2 2 2 127 337 8216 6505
14528 2 2 2 127 1681 8218 6502
14529 2 2 2 127 7223 7602 7601
14530 2 2 2 127 8049 8474 634
14531 2 2 2 127 5433 8931 6735
14532 2 2 2 127 8202 8957 7628
14533 2 2 2 127 6075 8487 8001
14534 2 2 2 127 6878 6930 6869
14535 2 2 2 127 7896 8762 8757
14536 2 2 2 127 8471 8904 6276
14537 2 2 2 127 8478 8905 6275
14538 2 2 2 127 5583 8893 1825
14539 2 2 2 127 183 8934 5395
14540 2 2 2 127 1751 8933 5335
14541 2 2 2 127 5517 8894 369
14542 2 2 2 127 776 8521 7971
14543 2 2 2 127 6671 8385 5738
14544 2 2 2 127 1224 8520 7972
14545 2 2 2 127 6425 8775 8346
14546 2 2 2 127 7561 8337 7963
14547 2 2 2 127 7808 8490 7907
14548 2 2 2 127 277 8931 5433
14549 2 2 2 127 7173 7181 6840
14550 2 2 2 127 8197 8582 7610
14551 2 2 2 127 6010 8044 7841
14552 2 2 2 127 7313 7316 7315
14553 2 2 2 127 1395 7293 1396
14554 2 2 2 127 7826 8708 6353
14555 2 2 2 127 5944 8626 6616
14556 2 2 2 127 7565 8354 7830
14557 2 2 2 127 1077 8463 1246
14558 2 2 2 127 1861 8464 1806
14559 2 2 2 127 7086 7089 7088
14560 2 2 2 127 1509 8961 5333
14561 2 2 2 127 5625 8178 5624
14562 2 2 2 127 6338 8708 7826
14563 2 2 2 127 6298 8919 160
14564 2 2 2 127 6904 6929 6903
14565 2 2 2 127 5335 8933 6748
14566 2 2 2 127 6173 8711 6797
14567 2 2 2 127 6172 8710 6798
14568 2 2 2 127 5421 8198 5937
14569 2 2 2 127 8240 8874 7554
14570 2 2 2 127 7248 7326 7325
14571 2 2 2 127 6498 8508 6239
14572 2 2 2 127 5699 8708 6338
14573 2 2 2 127 7330 7331 7018
14574 2 2 2 127 6615 8221 6089
14575 2 2 2 127 6673 8279 5853
14576 2 2 2 127 7334 7335 7333
14577 2 2 2 127 5395 8934 6762
14578 2 2 2 127 1023 7287 56
14579 2 2 2 127 7047 7313 7311
14580 2 2 2 127 6303 8191 6131
14581 2 2 2 127 7465 7637 7392
14582 2 2 2 127 6846 7954 6838
14583 2 2 2 127 7488 7489 7159
14584 2 2 2 127 5839 8285 8129
14585 2 2 2 127 7239 8010 7699
14586 2 2 2 127 5951 7574 5950
14587 2 2 2 127 7555 8570 8258
14588 2 2 2 127 7231 7782 7233
14589 2 2 2 127 7312 8690 7734
14590 2 2 2 127 8080 8755 6899
14591 2 2 2 127 6793 8140 6066
14592 2 2 2 127 7983 8686 7432
14593 2 2 2 127 7416 8062 6251
14594 2 2 2 127 6796 8182 6327
14595 2 2 2 127 7673 8549 7166
14596 2 2 2 127 6951 7028 6964
14597 2 2 2 127 6929 6951 6950
14598 2 2 2 127 7570 8966 7480
14599 2 2 2 127 6680 8388 6064
14600 2 2 2 127 6861 7808 5765
14601 2 2 2 127 408 8943 5456
14602 2 2 2 127 7105 7107 7103
14603 2 2 2 127 6799 7694 6051
14604 2 2 2 127 5738 8385 1754
14605 2 2 2 127 7894 8863 5788
14606 2 2 2 127 1022 7497 1023
14607 2 2 2 127 6438 8996 7913
14608 2 2 2 127 161 8256 332
14609 2 2 2 127 8129 8285 6301
14610 2 2 2 127 5862 8589 6606
14611 2 2 2 127 5586 8061 5585
14612 2 2 2 127 7002 7007 7001
14613 2 2 2 127 7038 7039 7037
14614 2 2 2 127 5956 7918 5957
14615 2 2 2 127 6737 8899 5410
14616 2 2 2 127 7324 8531 8144
14617 2 2 2 127 7482 7743 7484
14618 2 2 2 127 6587 8392 6586
14619 2 2 2 127 6886 6895 6882
14620 2 2 2 127 7072 7119 5808
14621 2 2 2 127 7862 8951 7860
14622 2 2 2 127 7070 7429 7069
14623 2 2 2 127 6307 8207 6160
14624 2 2 2 127 7653 7655 7654
14625 2 2 2 127 7348 8244 7346
14626 2 2 2 127 1412 7213 1413
14627 2 2 2 127 5410 8899 442
14628 2 2 2 127 7353 7704 7335
14629 2 2 2 127 1527 7553 1528
14630 2 2 2 127 7572 7579 7567
14631 2 2 2 127 7343 8981 8124
14632 2 2 2 127 6321 8222 5529
14633 2 2 2 127 6322 8223 5530
14634 2 2 2 127 5518 8204 6144
14635 2 2 2 127 6082 8834 6543
14636 2 2 2 127 6083 8833 6544
14637 2 2 2 127 6902 6903 6898
14638 2 2 2 127 7791 8922 6426
14639 2 2 2 127 7655 7657 7656
14640 2 2 2 127 8757 8762 6009
14641 2 2 2 127 5331 8227 5986
14642 2 2 2 127 6865 6877 6858
14643 2 2 2 127 6064 8388 970
14644 2 2 2 127 6246 8312 6165
14645 2 2 2 127 7121 7772 7771
14646 2 2 2 127 7318 7629 7319
14647 2 2 2 127 7838 8813 6439
14648 2 2 2 127 942 7503 943
14649 2 2 2 127 6934 7770 6944
14650 2 2 2 127 6221 8656 6523
14651 2 2 2 127 8081 8757 6009
14652 2 2 2 127 5468 8225 6125
14653 2 2 2 127 5842 8691 6653
14654 2 2 2 127 5766 6871 6861
14655 2 2 2 127 5684 8605 5758
14656 2 2 2 127 2048 8303 6794
14657 2 2 2 127 8122 8629 7514
14658 2 2 2 127 5703 8300 6635
14659 2 2 2 127 7030 7050 6962
14660 2 2 2 127 6893 6896 6890
14661 2 2 2 127 6953 8145 6952
14662 2 2 2 127 5338 7856 49
14663 2 2 2 127 5978 7943 7942
14664 2 2 2 127 7211 7890 7769
14665 2 2 2 127 7592 7611 7610
14666 2 2 2 127 7316 7676 7447
14667 2 2 2 127 6204 8238 6056
14668 2 2 2 127 1298 8588 7677
14669 2 2 2 127 5428 8232 6132
14670 2 2 2 127 7839 8121 7342
14671 2 2 2 127 1341 8788 5493
14672 2 2 2 127 781 8789 5492
14673 2 2 2 127 5361 7294 6050
14674 2 2 2 127 6829 7991 6832
14675 2 2 2 127 5333 8961 6811
14676 2 2 2 127 6447 8485 6769
14677 2 2 2 127 8610 8648 6356
14678 2 2 2 127 6068 8953 8006
14679 2 2 2 127 6735 8239 5433
14680 2 2 2 127 185 8334 6023
14681 2 2 2 127 7020 8003 6892
14682 2 2 2 127 6444 8241 6076
14683 2 2 2 127 2175 8617 2174
14684 2 2 2 127 1839 8844 107
14685 2 2 2 127 1170 6860 1171
14686 2 2 2 127 7190 7837 7742
14687 2 2 2 127 7703 8269 7286
14688 2 2 2 127 2124 7259 2125
14689 2 2 2 127 6784 8508 6498
14690 2 2 2 127 98 8965 8137
14691 2 2 2 127 6750 8687 6753
14692 2 2 2 127 7886 8604 7585
14693 2 2 2 127 6736 8877 6609
14694 2 2 2 127 5495 8405 522
14695 2 2 2 127 5496 8406 858
14696 2 2 2 127 6317 8685 8154
14697 2 2 2 127 7337 7550 7442
14698 2 2 2 127 8108 8291 6115
14699 2 2 2 127 8004 8720 7506
14700 2 2 2 127 7138 7154 7137
14701 2 2 2 127 2012 7299 2013
14702 2 2 2 127 93 8963 8136
14703 2 2 2 127 7169 8153 7980
14704 2 2 2 127 6256 8355 5397
14705 2 2 2 127 7027 8340 8165
14706 2 2 2 127 7450 8613 7999
14707 2 2 2 127 6817 8360 6449
14708 2 2 2 127 7136 7137 7135
14709 2 2 2 127 7468 7470 7469
14710 2 2 2 127 5733 7115 5734
14711 2 2 2 127 5860 7663 5862
14712 2 2 2 127 1653 8476 7843
14713 2 2 2 127 6926 6938 6924
14714 2 2 2 127 7343 7721 7256
14715 2 2 2 127 7070 8393 7429
14716 2 2 2 127 1279 8802 6228
14717 2 2 2 127 7170 8438 8050
14718 2 2 2 127 5367 8357 6490
14719 2 2 2 127 5585 7073 5587
14720 2 2 2 127 7203 7472 7204
14721 2 2 2 127 6854 7776 6945
14722 2 2 2 127 7477 8039 7476
14723 2 2 2 127 7757 8499 7321
14724 2 2 2 127 6315 8885 6622
14725 2 2 2 127 6426 8922 6621
14726 2 2 2 127 6766 8405 5495
14727 2 2 2 127 6767 8406 5496
14728 2 2 2 127 7036 7037 7035
14729 2 2 2 127 7905 8040 5586
14730 2 2 2 127 7187 7189 7188
14731 2 2 2 127 6265 8260 5849
14732 2 2 2 127 7883 8770 7106
14733 2 2 2 127 7338 8592 7336
14734 2 2 2 127 7287 7289 6884
14735 2 2 2 127 7460 7461 7459
14736 2 2 2 127 7850 8693 6254
14737 2 2 2 127 7541 8316 7758
14738 2 2 2 127 6945 6962 6853
14739 2 2 2 127 7864 8455 7863
14740 2 2 2 127 6987 8987 8186
14741 2 2 2 127 6663 8285 5839
14742 2 2 2 127 7946 7947 7160
14743 2 2 2 127 5902 6985 5907
14744 2 2 2 127 7326 8253 7325
14745 2 2 2 127 7467 8056 7466
14746 2 2 2 127 6945 7030 6962
14747 2 2 2 127 5505 8176 6806
14748 2 2 2 127 7717 8107 7258
14749 2 2 2 127 5373 8141 7829
14750 2 2 2 127 58 7068 1040
14751 2 2 2 127 1152 7367 1153
14752 2 2 2 127 7011 7481 7480
14753 2 2 2 127 6991 6992 6989
14754 2 2 2 127 6659 8546 6340
14755 2 2 2 127 6961 8606 7917
14756 2 2 2 127 7000 7218 1283
14757 2 2 2 127 6860 7251 7250
14758 2 2 2 127 6908 6960 6906
14759 2 2 2 127 7120 8413 7121
14760 2 2 2 127 7930 8440 7970
14761 2 2 2 127 7340 8876 8436
14762 2 2 2 127 2142 6899 2143
14763 2 2 2 127 5346 8234 6184
14764 2 2 2 127 7734 7735 7720
14765 2 2 2 127 6943 8909 8638
14766 2 2 2 127 7984 8362 6852
14767 2 2 2 127 8083 8707 5690
14768 2 2 2 127 5923 7130 6145
14769 2 2 2 127 6037 8182 6796
14770 2 2 2 127 5464 8815 6758
14771 2 2 2 127 6718 8590 5390
14772 2 2 2 127 7287 7290 7289
14773 2 2 2 127 6152 8036 7975
14774 2 2 2 127 6661 8757 8081
14775 2 2 2 127 8562 8810 7448
14776 2 2 2 127 5443 8262 5812
14777 2 2 2 127 7280 8550 7282
14778 2 2 2 127 7103 7763 7102
14779 2 2 2 127 7770 7973 6966
14780 2 2 2 127 7437 8082 5890
14781 2 2 2 127 7263 7268 7265
14782 2 2 2 127 7084 7085 7081
14783 2 2 2 127 7661 8784 8607
14784 2 2 2 127 7189 7742 7191
14785 2 2 2 127 8099 8100 7438
14786 2 2 2 127 7814 7815 7625
14787 2 2 2 127 6024 8114 8113
14788 2 2 2 127 7164 7534 7166
14789 2 2 2 127 7055 8795 8371
14790 2 2 2 127 7299 7556 7106
14791 2 2 2 127 7970 8440 7167
14792 2 2 2 127 7743 8111 7012
14793 2 2 2 127 6301 8285 6365
14794 2 2 2 127 6017 8363 6807
14795 2 2 2 127 7314 8332 7676
14796 2 2 2 127 8492 8706 7649
14797 2 2 2 127 7641 7746 7189
14798 2 2 2 127 7530 8758 7722
14799 2 2 2 127 5390 8590 146
14800 2 2 2 127 1414 7527 1415
14801 2 2 2 127 6898 7938 6897
14802 2 2 2 127 7198 8776 6993
14803 2 2 2 127 6958 8353 7701
14804 2 2 2 127 7386 8489 7384
14805 2 2 2 127 8341 8678 6715
14806 2 2 2 127 6340 8544 6659
14807 2 2 2 127 6758 8815 6007
14808 2 2 2 127 7596 7642 7588
14809 2 2 2 127 6107 8802 6789
14810 2 2 2 127 7014 7027 7008
14811 2 2 2 127 6540 8620 6231
14812 2 2 2 127 1846 8815 5464
14813 2 2 2 127 5494 8425 1530
14814 2 2 2 127 6978 8370 6977
14815 2 2 2 127 7946 8150 6880
14816 2 2 2 127 5870 8296 5872
14817 2 2 2 127 8078 8908 8077
14818 2 2 2 127 5388 8576 1602
14819 2 2 2 127 7405 8038 7979
14820 2 2 2 127 8158 8706 7434
14821 2 2 2 127 7413 8957 7411
14822 2 2 2 127 6249 8716 6606
14823 2 2 2 127 6312 8343 8342
14824 2 2 2 127 7288 7781 6208
14825 2 2 2 127 7222 8014 7223
14826 2 2 2 127 7044 7415 7025
14827 2 2 2 127 347 8411 5797
14828 2 2 2 127 5339 7707 1770
14829 2 2 2 127 1579 8412 5823
14830 2 2 2 127 7884 8687 6429
14831 2 2 2 127 7617 8102 7618
14832 2 2 2 127 7268 7727 7269
14833 2 2 2 127 6195 8819 1975
14834 2 2 2 127 5961 7820 6941
14835 2 2 2 127 7324 8550 7280
14836 2 2 2 127 7042 8506 7043
14837 2 2 2 127 7008 7773 7007
14838 2 2 2 127 1243 8415 5776
14839 2 2 2 127 1803 8416 5777
14840 2 2 2 127 1624 8328 1634
14841 2 2 2 127 1355 8417 5524
14842 2 2 2 127 795 8418 5523
14843 2 2 2 127 840 8331 850
14844 2 2 2 127 168 8329 178
14845 2 2 2 127 7463 7464 7461
14846 2 2 2 127 1076 8463 1077
14847 2 2 2 127 1860 8464 1861
14848 2 2 2 127 5824 8746 6193
14849 2 2 2 127 6984 6988 6982
14850 2 2 2 127 5798 8742 6446
14851 2 2 2 127 7112 7124 7111
14852 2 2 2 127 7584 7586 7582
14853 2 2 2 127 7650 7651 6916
14854 2 2 2 127 6090 7017 6986
14855 2 2 2 127 1512 8330 1522
14856 2 2 2 127 7646 8726 7822
14857 2 2 2 127 7285 8598 7790
14858 2 2 2 127 5712 8317 5710
14859 2 2 2 127 7317 8128 7705
14860 2 2 2 127 7255 7256 7254
14861 2 2 2 127 835 8862 836
14862 2 2 2 127 1619 8861 1620
14863 2 2 2 127 8251 8891 6958
14864 2 2 2 127 7116 7885 5729
14865 2 2 2 127 7345 7645 7644
14866 2 2 2 127 1171 7250 1172
14867 2 2 2 127 7538 8356 7676
14868 2 2 2 127 6947 6948 6946
14869 2 2 2 127 7224 7226 7225
14870 2 2 2 127 7838 8136 6174
14871 2 2 2 127 6172 8713 7957
14872 2 2 2 127 6173 8712 7958
14873 2 2 2 127 8509 8879 6461
14874 2 2 2 127 7128 7139 7126
14875 2 2 2 127 6079 8605 5684
14876 2 2 2 127 5416 8885 8408
14877 2 2 2 127 7686 7689 7130
14878 2 2 2 127 6446 8554 6447
14879 2 2 2 127 6149 8321 1972
14880 2 2 2 127 1062 8762 5465
14881 2 2 2 127 856 8313 6257
14882 2 2 2 127 520 8314 6258
14883 2 2 2 127 7435 7436 7156
14884 2 2 2 127 5772 8311 6340
14885 2 2 2 127 5335 8679 1752
14886 2 2 2 127 1469 8307 5518
14887 2 2 2 127 6150 8323 1956
14888 2 2 2 127 6151 8324 388
14889 2 2 2 127 7276 7419 7418
14890 2 2 2 127 6148 8326 404
14891 2 2 2 127 7273 8817 8144
14892 2 2 2 127 7331 8503 7018
14893 2 2 2 127 6922 6961 6920
14894 2 2 2 127 6128 8924 8113
14895 2 2 2 127 7086 7088 7085
14896 2 2 2 127 8447 8886 7031
14897 2 2 2 127 6242 8433 5514
14898 2 2 2 127 7327 7937 7723
14899 2 2 2 127 6610 8959 6344
14900 2 2 2 127 1733 8481 6626
14901 2 2 2 127 5434 8013 7517
14902 2 2 2 127 7395 7833 7403
14903 2 2 2 127 5511 8319 667
14904 2 2 2 127 6950 7938 6903
14905 2 2 2 127 5380 8100 8099
14906 2 2 2 127 7421 8518 7747
14907 2 2 2 127 6167 8585 6166
14908 2 2 2 127 7945 8150 7946
14909 2 2 2 127 7078 7080 7077
14910 2 2 2 127 517 8322 5453
14911 2 2 2 127 6340 8546 6273
14912 2 2 2 127 6209 8274 8191
14913 2 2 2 127 5351 7144 6800
14914 2 2 2 127 7602 8014 7812
14915 2 2 2 127 2085 8325 6229
14916 2 2 2 127 5852 8336 5854
14917 2 2 2 127 943 7224 51
14918 2 2 2 127 5410 8922 7791
14919 2 2 2 127 5337 7300 7299
14920 2 2 2 127 7979 8371 7390
14921 2 2 2 127 7919 7920 6988
14922 2 2 2 127 7917 8840 8219
14923 2 2 2 127 7142 7149 5352
14924 2 2 2 127 7426 8012 7733
14925 2 2 2 127 7224 7225 6883
14926 2 2 2 127 8130 8741 5570
14927 2 2 2 127 7846 8283 719
14928 2 2 2 127 5522 8691 5842
14929 2 2 2 127 7266 7629 7318
14930 2 2 2 127 1805 8938 1806
14931 2 2 2 127 1245 8937 1246
14932 2 2 2 127 8266 8449 6201
14933 2 2 2 127 7666 8847 7702
14934 2 2 2 127 58 7240 7068
14935 2 2 2 127 7660 7737 7668
14936 2 2 2 127 7289 8709 8030
14937 2 2 2 127 5916 8364 5914
14938 2 2 2 127 6754 8679 5335
14939 2 2 2 127 7367 7368 6859
14940 2 2 2 127 6178 8345 983
14941 2 2 2 127 7385 7386 7384
14942 2 2 2 127 6694 8341 5731
14943 2 2 2 127 6786 8209 6148
14944 2 2 2 127 6785 8210 6149
14945 2 2 2 127 6812 8007 5794
14946 2 2 2 127 1884 7391 7217
14947 2 2 2 127 7657 7659 7658
14948 2 2 2 127 7816 7817 7815
14949 2 2 2 127 8037 8845 6459
14950 2 2 2 127 6606 8716 5861
14951 2 2 2 127 6515 7491 7116
14952 2 2 2 127 5711 8360 5713
14953 2 2 2 127 6864 7229 1042
14954 2 2 2 127 6900 7301 2126
14955 2 2 2 127 7000 7220 7219
14956 2 2 2 127 7201 8077 5874
14957 2 2 2 127 7220 7449 7221
14958 2 2 2 127 1658 7616 7615
14959 2 2 2 127 5405 8421 6725
14960 2 2 2 127 6503 8555 226
14961 2 2 2 127 6510 8556 1570
14962 2 2 2 127 6502 8557 1682
14963 2 2 2 127 6505 8558 338
14964 2 2 2 127 6722 8346 5682
14965 2 2 2 127 6725 8421 6242
14966 2 2 2 127 6501 8559 2018
14967 2 2 2 127 6507 8560 1458
14968 2 2 2 127 6731 8357 6038
14969 2 2 2 127 6511 8561 450
14970 2 2 2 127 6341 8456 6430
14971 2 2 2 127 6244 8732 6517
14972 2 2 2 127 6196 8985 6206
14973 2 2 2 127 8115 8946 5438
14974 2 2 2 127 6799 8425 5494
14975 2 2 2 127 5525 8439 7932
14976 2 2 2 127 7177 7178 5344
14977 2 2 2 127 5453 8322 6772
14978 2 2 2 127 7580 7606 7579
14979 2 2 2 127 6229 8325 6773
14980 2 2 2 127 6508 8568 1234
14981 2 2 2 127 7042 7043 7039
14982 2 2 2 127 6506 8569 1794
14983 2 2 2 127 7533 8188 7377
14984 2 2 2 127 5958 8398 5955
14985 2 2 2 127 6318 8364 6319
14986 2 2 2 127 854 8344 6363
14987 2 2 2 127 7209 8643 7953
14988 2 2 2 127 6788 8844 1839
14989 2 2 2 127 5429 8603 8547
14990 2 2 2 127 5766 7929 6871
14991 2 2 2 127 5375 8440 7930
14992 2 2 2 127 7271 7762 7674
14993 2 2 2 127 1040 7827 1041
14994 2 2 2 127 292 8367 463
14995 2 2 2 127 7598 8168 7596
14996 2 2 2 127 7450 7999 5793
14997 2 2 2 127 5434 8980 8000
14998 2 2 2 127 6504 8571 1122
14999 2 2 2 127 7725 8118 7060
15000 2 2 2 127 7231 7827 7782
15001 2 2 2 127 7399 8060 7397
15002 2 2 2 127 5962 8395 5960
15003 2 2 2 127 6143 8677 6824
15004 2 2 2 127 910 8244 911
15005 2 2 2 127 1400 8327 1410
15006 2 2 2 127 6881 8705 7405
15007 2 2 2 127 7659 7737 7660
15008 2 2 2 127 7018 8503 6986
15009 2 2 2 127 5461 8801 8224
15010 2 2 2 127 6845 8578 6849
15011 2 2 2 127 7614 8098 7604
15012 2 2 2 127 6101 8509 7811
15013 2 2 2 127 1691 8664 8300
15014 2 2 2 127 1282 7000 1283
15015 2 2 2 127 5786 8381 5785
15016 2 2 2 127 7529 7722 7528
15017 2 2 2 127 6285 8921 720
15018 2 2 2 127 6197 8380 6339
15019 2 2 2 127 7122 8968 7754
15020 2 2 2 127 7553 7554 1528
15021 2 2 2 127 6120 8635 6545
15022 2 2 2 127 6516 8544 6004
15023 2 2 2 127 6879 8117 6932
15024 2 2 2 127 6300 8932 832
15025 2 2 2 127 8897 8983 7388
15026 2 2 2 127 6809 8278 6079
15027 2 2 2 127 7789 8255 7420
15028 2 2 2 127 1712 8382 1713
15029 2 2 2 127 5456 8943 7826
15030 2 2 2 127 7323 7684 7437
15031 2 2 2 127 6915 7820 5959
15032 2 2 2 127 6771 8243 5817
15033 2 2 2 127 6844 6947 6946
15034 2 2 2 127 51 6883 928
15035 2 2 2 127 6250 8756 6613
15036 2 2 2 127 7865 8927 223
15037 2 2 2 127 7866 8928 1455
15038 2 2 2 127 1169 7547 1170
15039 2 2 2 127 7120 7121 7119
15040 2 2 2 127 8650 8937 1245
15041 2 2 2 127 8651 8938 1805
15042 2 2 2 127 6832 7991 6967
15043 2 2 2 127 7663 7664 5862
15044 2 2 2 127 5902 7976 7496
15045 2 2 2 127 5625 8729 8178
15046 2 2 2 127 5577 8392 6700
15047 2 2 2 127 7309 7928 7474
15048 2 2 2 127 7200 7201 5874
15049 2 2 2 127 1998 8026 2007
15050 2 2 2 127 1438 8017 1447
15051 2 2 2 127 430 8016 439
15052 2 2 2 127 1550 8020 1559
15053 2 2 2 127 878 8023 887
15054 2 2 2 127 1102 8027 1111
15055 2 2 2 127 766 8018 775
15056 2 2 2 127 318 8019 327
15057 2 2 2 127 654 8015 663
15058 2 2 2 127 542 8024 551
15059 2 2 2 127 1214 8022 1223
15060 2 2 2 127 990 8025 999
15061 2 2 2 127 1886 8028 1895
15062 2 2 2 127 1662 8021 1671
15063 2 2 2 127 1774 8029 1783
15064 2 2 2 127 6613 8756 5696
15065 2 2 2 127 7342 8186 7839
15066 2 2 2 127 6989 7919 6988
15067 2 2 2 127 7960 7976 5904
15068 2 2 2 127 7226 7228 7227
15069 2 2 2 127 5444 7855 7854
15070 2 2 2 127 7009 7450 5793
15071 2 2 2 127 5733 7885 7374
15072 2 2 2 127 6509 8581 898
15073 2 2 2 127 8005 8844 6195
15074 2 2 2 127 6753 7573 6751
15075 2 2 2 127 7705 8482 6940
15076 2 2 2 127 6841 7296 1397
15077 2 2 2 127 6941 7532 7529
15078 2 2 2 127 2129 8530 8058
15079 2 2 2 127 7912 8496 7700
15080 2 2 2 127 7029 7943 5978
15081 2 2 2 127 5946 8408 5949
15082 2 2 2 127 1507 8421 5405
15083 2 2 2 127 7962 8129 6301
15084 2 2 2 127 8058 8530 6309
15085 2 2 2 127 7170 8675 7092
15086 2 2 2 127 7982 8629 6930
15087 2 2 2 127 6850 7954 6846
15088 2 2 2 127 6427 8775 6425
15089 2 2 2 127 7828 8336 6514
15090 2 2 2 127 6996 7006 6994
15091 2 2 2 127 7728 7927 7575
15092 2 2 2 127 1861 8938 1862
15093 2 2 2 127 1077 8937 1078
15094 2 2 2 127 7730 7788 7787
15095 2 2 2 127 6197 8448 8380
15096 2 2 2 127 6641 8689 6204
15097 2 2 2 127 6111 8539 7977
15098 2 2 2 127 7357 7535 7291
15099 2 2 2 127 5897 8635 6457
15100 2 2 2 127 1906 8390 1837
15101 2 2 2 127 1346 8389 1277
15102 2 2 2 127 8347 8828 6357
15103 2 2 2 127 7213 7216 7214
15104 2 2 2 127 7001 7160 6998
15105 2 2 2 127 7024 7025 7023
15106 2 2 2 127 7081 8247 7080
15107 2 2 2 127 7111 8246 7108
15108 2 2 2 127 6880 8245 7946
15109 2 2 2 127 7983 8596 7563
15110 2 2 2 127 6586 8431 6087
15111 2 2 2 127 7480 8966 8009
15112 2 2 2 127 1940 8946 6289
15113 2 2 2 127 8299 8785 8255
15114 2 2 2 127 2052 8947 6286
15115 2 2 2 127 1492 8948 6287
15116 2 2 2 127 5918 8428 5915
15117 2 2 2 127 7454 8498 7078
15118 2 2 2 127 6819 8379 6163
15119 2 2 2 127 6753 7647 7573
15120 2 2 2 127 7858 7859 7855
15121 2 2 2 127 5902 7496 6985
15122 2 2 2 127 8114 8134 5718
15123 2 2 2 127 2141 7318 2142
15124 2 2 2 127 6215 8988 6651
15125 2 2 2 127 1695 8965 98
15126 2 2 2 127 1615 8963 93
15127 2 2 2 127 7364 8455 7864
15128 2 2 2 127 7826 8943 6008
15129 2 2 2 127 6820 8414 6162
15130 2 2 2 127 7072 7122 7120
15131 2 2 2 127 5940 8580 5721
15132 2 2 2 127 7499 7980 7500
15133 2 2 2 127 7235 8014 7222
15134 2 2 2 127 7907 8490 6963
15135 2 2 2 127 674 8424 605
15136 2 2 2 127 7684 7812 7437
15137 2 2 2 127 1099 8449 1100
15138 2 2 2 127 651 8450 652
15139 2 2 2 127 7223 7599 6835
15140 2 2 2 127 6299 8980 1280
15141 2 2 2 127 223 8927 7901
15142 2 2 2 127 1455 8928 7900
15143 2 2 2 127 6439 8448 6197
15144 2 2 2 127 7973 8146 7428
15145 2 2 2 127 7316 8754 7768
15146 2 2 2 127 1732 8481 1733
15147 2 2 2 127 7724 8625 5376
15148 2 2 2 127 6914 7462 7392
15149 2 2 2 127 6227 8808 6676
15150 2 2 2 127 6207 8451 6493
15151 2 2 2 127 7406 7861 7350
15152 2 2 2 127 7974 8533 1319
15153 2 2 2 127 8054 8681 7614
15154 2 2 2 127 7296 7471 7345
15155 2 2 2 127 7151 8143 7987
15156 2 2 2 127 5503 8444 6367
15157 2 2 2 127 5502 8443 6366
15158 2 2 2 127 5775 8187 7913
15159 2 2 2 127 7251 7257 7250
15160 2 2 2 127 7893 8984 6542
15161 2 2 2 127 5365 8436 5956
15162 2 2 2 127 7825 8898 6330
15163 2 2 2 127 6646 8879 6462
15164 2 2 2 127 6234 8977 8484
15165 2 2 2 127 895 8950 7894
15166 2 2 2 127 7600 7607 1655
15167 2 2 2 127 6330 8898 1952
15168 2 2 2 127 7290 7292 7291
15169 2 2 2 127 7588 7777 7586
15170 2 2 2 127 7373 8305 8289
15171 2 2 2 127 7026 7044 7025
15172 2 2 2 127 6711 8648 5806
15173 2 2 2 127 7205 8119 7207
15174 2 2 2 127 7384 8489 7715
15175 2 2 2 127 7485 7499 7486
15176 2 2 2 127 7984 8993 7457
15177 2 2 2 127 6019 8459 6677
15178 2 2 2 127 6717 8485 6718
15179 2 2 2 127 1211 8486 5725
15180 2 2 2 127 5512 8652 1115
15181 2 2 2 127 6356 8648 6638
15182 2 2 2 127 6278 8456 6016
15183 2 2 2 127 8169 8534 5378
15184 2 2 2 127 7919 7921 7920
15185 2 2 2 127 5797 8411 6774
15186 2 2 2 127 1675 8771 1676
15187 2 2 2 127 7000 7219 7218
15188 2 2 2 127 5465 8762 7896
15189 2 2 2 127 6275 8368 1990
15190 2 2 2 127 6276 8369 1206
15191 2 2 2 127 6947 6949 6948
15192 2 2 2 127 5747 8487 6075
15193 2 2 2 127 5823 8412 6780
15194 2 2 2 127 5703 8484 1692
15195 2 2 2 127 7230 7880 7229
15196 2 2 2 127 7022 7023 7016
15197 2 2 2 127 8548 8549 7875
15198 2 2 2 127 7316 8491 7676
15199 2 2 2 127 7294 8458 7669
15200 2 2 2 127 6491 8964 5940
15201 2 2 2 127 6968 6969 6956
15202 2 2 2 127 7695 7768 7470
15203 2 2 2 127 7980 8153 7500
15204 2 2 2 127 5776 8415 6775
15205 2 2 2 127 7337 7338 7336
15206 2 2 2 127 5777 8416 6776
15207 2 2 2 127 7722 8758 7528
15208 2 2 2 127 5524 8417 6777
15209 2 2 2 127 5523 8418 6778
15210 2 2 2 127 8346 8775 5682
15211 2 2 2 127 2130 8401 2061
15212 2 2 2 127 6869 8122 6867
15213 2 2 2 127 6941 7820 7532
15214 2 2 2 127 6783 8812 6243
15215 2 2 2 127 7882 8372 6167
15216 2 2 2 127 6142 8783 1506
15217 2 2 2 127 6353 8708 6584
15218 2 2 2 127 6665 8600 5805
15219 2 2 2 127 7155 7212 7088
15220 2 2 2 127 6903 7938 6898
15221 2 2 2 127 6856 8157 7776
15222 2 2 2 127 8185 8908 7495
15223 2 2 2 127 7277 7931 6028
15224 2 2 2 127 7726 8578 7479
15225 2 2 2 127 7567 7774 7566
15226 2 2 2 127 6871 6873 6872
15227 2 2 2 127 7995 8803 6331
15228 2 2 2 127 7458 7473 7460
15229 2 2 2 127 6849 8578 7726
15230 2 2 2 127 7300 7557 7556
15231 2 2 2 127 5395 8725 6641
15232 2 2 2 127 1728 8504 1729
15233 2 2 2 127 272 8505 273
15234 2 2 2 127 7292 7358 7357
15235 2 2 2 127 8101 8907 6267
15236 2 2 2 127 5336 8654 7492
15237 2 2 2 127 7548 8048 7549
15238 2 2 2 127 7704 8121 7521
15239 2 2 2 127 1952 8898 1953
15240 2 2 2 127 504 8523 514
15241 2 2 2 127 2072 8524 2082
15242 2 2 2 127 1736 8526 1746
15243 2 2 2 127 952 8525 962
15244 2 2 2 127 7053 7055 7033
15245 2 2 2 127 392 8527 402
15246 2 2 2 127 1960 8528 1970
15247 2 2 2 127 616 8529 626
15248 2 2 2 127 5805 8600 6711
15249 2 2 2 127 6966 8271 6965
15250 2 2 2 127 1176 8532 1186
15251 2 2 2 127 7963 8978 7127
15252 2 2 2 127 2008 8883 6342
15253 2 2 2 127 7318 7319 6899
15254 2 2 2 127 5675 8509 6461
15255 2 2 2 127 5741 8511 6632
15256 2 2 2 127 1882 6914 1883
15257 2 2 2 127 1545 8452 5353
15258 2 2 2 127 7436 8413 7156
15259 2 2 2 127 5951 7575 7574
15260 2 2 2 127 1044 8171 6288
15261 2 2 2 127 280 8537 290
15262 2 2 2 127 6119 8310 7836
15263 2 2 2 127 6873 6875 6874
15264 2 2 2 127 6965 8271 7058
15265 2 2 2 127 5847 8546 6659
15266 2 2 2 127 1064 8540 1074
15267 2 2 2 127 1848 8541 1858
15268 2 2 2 127 6309 8530 6198
15269 2 2 2 127 562 8427 493
15270 2 2 2 127 6843 8261 7752
15271 2 2 2 127 7050 8042 7477
15272 2 2 2 127 728 8543 738
15273 2 2 2 127 6288 8171 7165
15274 2 2 2 127 7799 8397 5941
15275 2 2 2 127 6762 8725 5395
15276 2 2 2 127 1376 8533 1377
15277 2 2 2 127 5806 8610 7853
15278 2 2 2 127 5485 8553 5843
15279 2 2 2 127 7107 7764 7763
15280 2 2 2 127 7011 7482 7481
15281 2 2 2 127 7372 8858 8071
15282 2 2 2 127 7512 7756 7416
15283 2 2 2 127 56 6884 1008
15284 2 2 2 127 5484 8564 5844
15285 2 2 2 127 7629 8179 7319
15286 2 2 2 127 6030 8521 765
15287 2 2 2 127 6031 8520 1213
15288 2 2 2 127 8000 8980 6299
15289 2 2 2 127 8354 8365 7163
15290 2 2 2 127 5543 7284 7283
15291 2 2 2 127 5541 8535 5539
15292 2 2 2 127 6990 8865 7322
15293 2 2 2 127 6115 8404 8108
15294 2 2 2 127 6104 8195 7968
15295 2 2 2 127 6103 8196 7969
15296 2 2 2 127 5523 8565 5877
15297 2 2 2 127 5524 8566 5880
15298 2 2 2 127 7237 7992 7840
15299 2 2 2 127 7191 7373 7188
15300 2 2 2 127 6663 8701 5920
15301 2 2 2 127 7566 7774 7701
15302 2 2 2 127 7124 7515 7125
15303 2 2 2 127 7737 8338 7393
15304 2 2 2 127 5558 8579 5559
15305 2 2 2 127 7351 7638 7246
15306 2 2 2 127 8058 8401 2130
15307 2 2 2 127 8371 8795 8104
15308 2 2 2 127 6638 8994 5918
15309 2 2 2 127 5353 8452 7892
15310 2 2 2 127 7495 8147 7494
15311 2 2 2 127 7427 8270 7912
15312 2 2 2 127 5845 8250 7877
15313 2 2 2 127 7094 7098 7091
15314 2 2 2 127 5813 8572 5811
15315 2 2 2 127 5499 8942 8109
15316 2 2 2 127 7978 8925 6092
15317 2 2 2 127 5819 7361 7288
15318 2 2 2 127 7044 8038 7415
15319 2 2 2 127 7469 7789 6836
15320 2 2 2 127 6501 8820 7916
15321 2 2 2 127 5973 8697 5719
15322 2 2 2 127 7168 8886 7980
15323 2 2 2 127 7027 7773 7008
15324 2 2 2 127 6882 8117 6879
15325 2 2 2 127 7274 7277 6028
15326 2 2 2 127 8313 8684 6211
15327 2 2 2 127 7124 7125 7111
15328 2 2 2 127 5817 8205 8161
15329 2 2 2 127 5465 8969 6649
15330 2 2 2 127 8489 8777 7113
15331 2 2 2 127 6917 7867 5857
15332 2 2 2 127 6461 8879 6646
15333 2 2 2 127 8057 8156 6080
15334 2 2 2 127 7397 8060 7833
15335 2 2 2 127 7648 8045 7217
15336 2 2 2 127 7108 8246 7107
15337 2 2 2 127 7182 7183 7181
15338 2 2 2 127 5789 8229 7093
15339 2 2 2 127 7047 7311 6949
15340 2 2 2 127 7099 7101 7096
15341 2 2 2 127 7987 8143 7115
15342 2 2 2 127 720 8921 5422
15343 2 2 2 127 6091 8586 6307
15344 2 2 2 127 7447 7448 7315
15345 2 2 2 127 6821 8855 6161
15346 2 2 2 127 8155 8979 5470
15347 2 2 2 127 6967 7991 7438
15348 2 2 2 127 7429 7693 7069
15349 2 2 2 127 6088 8583 6303
15350 2 2 2 127 7300 7981 7558
15351 2 2 2 127 7245 7246 7242
15352 2 2 2 127 7515 7526 7125
15353 2 2 2 127 1288 8588 1298
15354 2 2 2 127 7356 8631 7547
15355 2 2 2 127 6462 8879 6101
15356 2 2 2 127 5516 8597 6535
15357 2 2 2 127 5376 8625 7732
15358 2 2 2 127 7232 7696 7230
15359 2 2 2 127 1283 7218 1284
15360 2 2 2 127 7073 7241 5587
15361 2 2 2 127 7442 7443 7338
15362 2 2 2 127 6125 8972 7835
15363 2 2 2 127 1897 8045 6918
15364 2 2 2 127 6324 8564 8076
15365 2 2 2 127 7473 8655 7810
15366 2 2 2 127 5996 7813 7623
15367 2 2 2 127 832 8932 6100
15368 2 2 2 127 7478 8042 7062
15369 2 2 2 127 7306 7494 7293
15370 2 2 2 127 6871 6872 6861
15371 2 2 2 127 7422 8625 7724
15372 2 2 2 127 6959 8281 6928
15373 2 2 2 127 1153 6859 1154
15374 2 2 2 127 7866 8834 6082
15375 2 2 2 127 7865 8833 6083
15376 2 2 2 127 5379 8983 7951
15377 2 2 2 127 6280 8623 5490
15378 2 2 2 127 7047 8299 8255
15379 2 2 2 127 7162 8645 7810
15380 2 2 2 127 833 8636 834
15381 2 2 2 127 1617 8637 1618
15382 2 2 2 127 7089 7155 7088
15383 2 2 2 127 7410 8294 7804
15384 2 2 2 127 6134 8599 7010
15385 2 2 2 127 942 8069 7503
15386 2 2 2 127 7334 7675 7353
15387 2 2 2 127 5817 8243 8205
15388 2 2 2 127 5567 8780 317
15389 2 2 2 127 7473 7810 7460
15390 2 2 2 127 8170 8231 6230
15391 2 2 2 127 7017 7329 7018
15392 2 2 2 127 6046 8781 1101
15393 2 2 2 127 6045 8782 653
15394 2 2 2 127 5464 8804 6648
15395 2 2 2 127 8102 8887 7609
15396 2 2 2 127 7214 7215 6842
15397 2 2 2 127 1078 8937 8650
15398 2 2 2 127 7608 8681 7619
15399 2 2 2 127 1862 8938 8651
15400 2 2 2 127 7184 7185 7183
15401 2 2 2 127 7062 8042 7030
15402 2 2 2 127 7133 7140 7131
15403 2 2 2 127 552 8734 6607
15404 2 2 2 127 7122 7157 7156
15405 2 2 2 127 7730 7787 7687
15406 2 2 2 127 1000 8735 6608
15407 2 2 2 127 1560 8736 6609
15408 2 2 2 127 5495 8712 6766
15409 2 2 2 127 5496 8713 6767
15410 2 2 2 127 8171 8172 7165
15411 2 2 2 127 5953 8899 6737
15412 2 2 2 127 6171 8716 8224
15413 2 2 2 127 5506 8895 6805
15414 2 2 2 127 1672 8739 6622
15415 2 2 2 127 7296 7345 7297
15416 2 2 2 127 6544 8833 8823
15417 2 2 2 127 6543 8834 8824
15418 2 2 2 127 5351 7145 7144
15419 2 2 2 127 6758 8804 5464
15420 2 2 2 127 6890 8151 6888
15421 2 2 2 127 7482 8111 7743
15422 2 2 2 127 5735 8508 6784
15423 2 2 2 127 5430 8536 6774
15424 2 2 2 127 5727 8722 6515
15425 2 2 2 127 7107 7763 7103
15426 2 2 2 127 440 8740 6621
15427 2 2 2 127 5813 8835 8572
15428 2 2 2 127 7535 7845 7152
15429 2 2 2 127 872 8685 873
15430 2 2 2 127 8823 8833 6263
15431 2 2 2 127 8824 8834 6264
15432 2 2 2 127 5418 8538 6780
15433 2 2 2 127 6948 8493 6946
15434 2 2 2 127 7221 7304 7219
15435 2 2 2 127 7080 7431 7082
15436 2 2 2 127 7530 7531 1881
15437 2 2 2 127 5584 8743 6522
15438 2 2 2 127 7770 8146 7973
15439 2 2 2 127 6193 8688 6313
15440 2 2 2 127 6468 8694 5579
15441 2 2 2 127 7327 7328 7326
15442 2 2 2 127 5715 8721 5709
15443 2 2 2 127 5733 7374 7115
15444 2 2 2 127 8166 8912 6059
15445 2 2 2 127 8167 8913 6060
15446 2 2 2 127 1570 8556 1501
15447 2 2 2 127 226 8555 157
15448 2 2 2 127 338 8558 269
15449 2 2 2 127 1682 8557 1613
15450 2 2 2 127 7638 7639 7246
15451 2 2 2 127 2018 8559 1949
15452 2 2 2 127 1458 8560 1389
15453 2 2 2 127 450 8561 381
15454 2 2 2 127 6163 8379 7888
15455 2 2 2 127 5588 8724 6512
15456 2 2 2 127 6755 8642 5989
15457 2 2 2 127 1234 8568 1165
15458 2 2 2 127 1794 8569 1725
15459 2 2 2 127 7888 8771 6153
15460 2 2 2 127 5886 8730 6773
15461 2 2 2 127 8307 8988 5518
15462 2 2 2 127 7391 7648 7217
15463 2 2 2 127 7756 8765 7383
15464 2 2 2 127 6884 7341 1008
15465 2 2 2 127 1122 8571 1053
15466 2 2 2 127 7229 7880 7370
15467 2 2 2 127 7300 7558 7557
15468 2 2 2 127 7158 7565 7488
15469 2 2 2 127 5690 8707 5687
15470 2 2 2 127 7150 7458 7149
15471 2 2 2 127 6773 8730 6229
15472 2 2 2 127 7028 8118 7205
15473 2 2 2 127 6980 8359 7004
15474 2 2 2 127 6904 8199 6929
15475 2 2 2 127 7807 8387 6077
15476 2 2 2 127 6992 7919 6989
15477 2 2 2 127 7030 8042 7050
15478 2 2 2 127 7187 7188 7186
15479 2 2 2 127 7080 7082 7077
15480 2 2 2 127 8280 8907 8101
15481 2 2 2 127 6858 8157 6856
15482 2 2 2 127 7731 8910 8519
15483 2 2 2 127 5888 8837 8066
15484 2 2 2 127 6363 8684 855
15485 2 2 2 127 7780 8860 7544
15486 2 2 2 127 7634 8840 7917
15487 2 2 2 127 7155 7507 7212
15488 2 2 2 127 7724 8309 7725
15489 2 2 2 127 5543 8072 7284
15490 2 2 2 127 7889 8298 1119
15491 2 2 2 127 898 8581 829
15492 2 2 2 127 6774 8742 5797
15493 2 2 2 127 7244 7782 7068
15494 2 2 2 127 7145 8915 8624
15495 2 2 2 127 5919 8832 8067
15496 2 2 2 127 6780 8746 5823
15497 2 2 2 127 5401 8871 5706
15498 2 2 2 127 6456 8678 6154
15499 2 2 2 127 7534 7673 7166
15500 2 2 2 127 2017 8820 6501
15501 2 2 2 127 7242 7243 7241
15502 2 2 2 127 7713 8570 7048
15503 2 2 2 127 5398 8888 5547
15504 2 2 2 127 6924 8162 6922
15505 2 2 2 127 6135 8599 6134
15506 2 2 2 127 6086 8310 7903
15507 2 2 2 127 1010 8611 941
15508 2 2 2 127 7260 7261 7259
15509 2 2 2 127 7765 8489 7386
15510 2 2 2 127 8256 8919 6241
15511 2 2 2 127 7253 8306 7251
15512 2 2 2 127 7977 8539 6262
15513 2 2 2 127 6873 6874 6872
15514 2 2 2 127 7948 8273 7006
15515 2 2 2 127 7227 7372 7225
15516 2 2 2 127 5481 8779 7805
15517 2 2 2 127 5587 8853 5330
15518 2 2 2 127 6485 8682 7923
15519 2 2 2 127 6289 8946 6330
15520 2 2 2 127 7376 7378 7377
15521 2 2 2 127 6286 8947 6644
15522 2 2 2 127 6287 8948 6645
15523 2 2 2 127 7749 7761 7269
15524 2 2 2 127 8186 8786 7839
15525 2 2 2 127 7005 7337 7336
15526 2 2 2 127 5753 8744 6693
15527 2 2 2 127 7311 7312 6949
15528 2 2 2 127 5682 8775 6761
15529 2 2 2 127 7516 7936 7247
15530 2 2 2 127 6906 8199 6904
15531 2 2 2 127 5570 8741 5572
15532 2 2 2 127 7580 8160 7606
15533 2 2 2 127 6918 7302 1898
15534 2 2 2 127 6254 8935 7850
15535 2 2 2 127 7735 7739 7720
15536 2 2 2 127 7572 8197 7887
15537 2 2 2 127 7374 7376 7375
15538 2 2 2 127 8051 8144 7117
15539 2 2 2 127 6952 8146 7770
15540 2 2 2 127 6875 7035 6876
15541 2 2 2 127 7040 7158 7041
15542 2 2 2 127 8074 8316 5472
15543 2 2 2 127 6754 8962 5981
15544 2 2 2 127 7173 7182 7181
15545 2 2 2 127 7788 8889 7079
15546 2 2 2 127 8551 8839 7490
15547 2 2 2 127 7431 7797 7082
15548 2 2 2 127 5928 8800 5476
15549 2 2 2 127 6332 8950 5984
15550 2 2 2 127 7332 7334 7333
15551 2 2 2 127 7281 7324 7280
15552 2 2 2 127 8180 8257 6232
15553 2 2 2 127 6941 7529 7528
15554 2 2 2 127 5414 8814 6728
15555 2 2 2 127 6913 8219 6933
15556 2 2 2 127 7328 8457 7326
15557 2 2 2 127 8091 8433 6142
15558 2 2 2 127 7540 8498 7454
15559 2 2 2 127 7316 7447 7315
15560 2 2 2 127 7238 7988 7260
15561 2 2 2 127 7742 7837 7191
15562 2 2 2 127 7199 8809 7937
15563 2 2 2 127 5871 8797 6696
15564 2 2 2 127 5815 8835 5813
15565 2 2 2 127 7556 7883 7106
15566 2 2 2 127 6766 8712 6797
15567 2 2 2 127 6767 8713 6798
15568 2 2 2 127 6930 8122 6869
15569 2 2 2 127 947 8851 948
15570 2 2 2 127 7558 7560 7559
15571 2 2 2 127 6235 8803 5583
15572 2 2 2 127 7294 7295 6050
15573 2 2 2 127 5957 7918 6915
15574 2 2 2 127 6096 8351 7889
15575 2 2 2 127 7731 8519 8518
15576 2 2 2 127 6704 8729 5625
15577 2 2 2 127 7415 8340 7025
15578 2 2 2 127 5996 7623 7622
15579 2 2 2 127 5491 8208 8101
15580 2 2 2 127 7193 7344 7195
15581 2 2 2 127 6496 8814 5414
15582 2 2 2 127 7458 7460 7459
15583 2 2 2 127 7137 7148 7135
15584 2 2 2 127 7353 7904 7704
15585 2 2 2 127 7261 7741 7263
15586 2 2 2 127 7210 7512 7416
15587 2 2 2 127 5907 8435 6811
15588 2 2 2 127 7777 7778 7586
15589 2 2 2 127 7189 7191 7188
15590 2 2 2 127 7734 8690 7448
15591 2 2 2 127 7201 8078 8077
15592 2 2 2 127 5498 8911 6317
15593 2 2 2 127 6716 8850 5746
15594 2 2 2 127 6024 8460 8114
15595 2 2 2 127 6910 8177 6908
15596 2 2 2 127 8260 8627 6147
15597 2 2 2 127 5386 8924 6128
15598 2 2 2 127 6632 8866 5739
15599 2 2 2 127 6986 7960 5906
15600 2 2 2 127 7072 8968 7122
15601 2 2 2 127 7313 7315 7311
15602 2 2 2 127 7334 7353 7335
15603 2 2 2 127 7712 7802 7368
15604 2 2 2 127 7521 7522 7520
15605 2 2 2 127 7835 8972 7834
15606 2 2 2 127 6160 8799 5425
15607 2 2 2 127 6546 8918 5810
15608 2 2 2 127 6476 8996 5987
15609 2 2 2 127 6839 7750 7176
15610 2 2 2 127 5442 8925 6253
15611 2 2 2 127 5449 8917 5787
15612 2 2 2 127 7152 8383 7535
15613 2 2 2 127 6860 7252 7251
15614 2 2 2 127 6864 7231 7230
15615 2 2 2 127 6166 8995 5936
15616 2 2 2 127 6217 8804 6758
15617 2 2 2 127 6541 8916 5821
15618 2 2 2 127 5867 8914 6678
15619 2 2 2 127 7549 8169 7401
15620 2 2 2 127 6321 8565 8222
15621 2 2 2 127 6322 8566 8223
15622 2 2 2 127 7064 8785 8299
15623 2 2 2 127 6612 8926 5482
15624 2 2 2 127 7444 7453 7372
15625 2 2 2 127 6732 8870 6309
15626 2 2 2 127 7642 7777 7588
15627 2 2 2 127 5387 8953 6068
15628 2 2 2 127 7233 7510 7234
15629 2 2 2 127 5985 7940 7274
15630 2 2 2 127 7064 8299 6844
15631 2 2 2 127 7330 7332 7331
15632 2 2 2 127 7579 7774 7567
15633 2 2 2 127 8215 8216 6169
15634 2 2 2 127 8217 8218 6170
15635 2 2 2 127 6655 8861 1562
15636 2 2 2 127 6654 8862 1002
15637 2 2 2 127 8089 8427 562
15638 2 2 2 127 6875 6876 6874
15639 2 2 2 127 5463 8958 6427
15640 2 2 2 127 6735 8931 5938
15641 2 2 2 127 6920 8219 6913
15642 2 2 2 127 5885 8920 6727
15643 2 2 2 127 8607 8784 7868
15644 2 2 2 127 6895 8117 6882
15645 2 2 2 127 8040 8061 5586
15646 2 2 2 127 5950 8676 5952
15647 2 2 2 127 7626 7627 7603
15648 2 2 2 127 7401 8169 7399
15649 2 2 2 127 6697 8372 7882
15650 2 2 2 127 7265 7267 7264
15651 2 2 2 127 7941 8120 7940
15652 2 2 2 127 6061 8609 6794
15653 2 2 2 127 7291 8709 7289
15654 2 2 2 127 7875 8549 7036
15655 2 2 2 127 7158 7488 7159
15656 2 2 2 127 7074 8393 7070
15657 2 2 2 127 7405 8705 7779
15658 2 2 2 127 7845 8992 7152
15659 2 2 2 127 1280 8980 5434
15660 2 2 2 127 5532 8845 8037
15661 2 2 2 127 8238 8689 5677
15662 2 2 2 127 6892 8003 7061
15663 2 2 2 127 2030 8654 5336
15664 2 2 2 127 7732 8625 7424
15665 2 2 2 127 7263 7264 7262
15666 2 2 2 127 7549 8534 8169
15667 2 2 2 127 7060 8118 7028
15668 2 2 2 127 7349 7350 7348
15669 2 2 2 127 7932 8935 6254
15670 2 2 2 127 7961 8499 7757
15671 2 2 2 127 6748 8933 5993
15672 2 2 2 127 7762 8563 7761
15673 2 2 2 127 6106 8819 6788
15674 2 2 2 127 7492 8654 7769
15675 2 2 2 127 8041 8584 6246
15676 2 2 2 127 8030 8709 7228
15677 2 2 2 127 6762 8934 5990
15678 2 2 2 127 6209 8697 8274
15679 2 2 2 127 8118 8119 7205
15680 2 2 2 127 7687 7787 7510
15681 2 2 2 127 6824 8642 6143
15682 2 2 2 127 6326 8143 7151
15683 2 2 2 127 5440 8584 8041
15684 2 2 2 127 7482 7484 7483
15685 2 2 2 127 7085 8247 7081
15686 2 2 2 127 7740 8150 7945
15687 2 2 2 127 8339 8772 7817
15688 2 2 2 127 7025 8340 7023
15689 2 2 2 127 8144 8531 7273
15690 2 2 2 127 7010 8007 6812
15691 2 2 2 127 7017 7018 6986
15692 2 2 2 127 708 8916 6285
15693 2 2 2 127 8142 8677 6143
15694 2 2 2 127 7931 8863 6332
15695 2 2 2 127 820 8918 6300
15696 2 2 2 127 8338 8978 7393
15697 2 2 2 127 7485 7501 7499
15698 2 2 2 127 7182 7184 7183
15699 2 2 2 127 8517 8890 7071
15700 2 2 2 127 7294 7669 7295
15701 2 2 2 127 7494 7806 7293
15702 2 2 2 127 6309 8870 8058
15703 2 2 2 127 8045 8683 7217
15704 2 2 2 127 7596 8168 7642
15705 2 2 2 127 8082 8854 7235
15706 2 2 2 127 7627 7719 7603
15707 2 2 2 127 5819 8161 7361
15708 2 2 2 127 7039 7163 7037
15709 2 2 2 127 7231 7233 7232
15710 2 2 2 127 7072 7120 7119
15711 2 2 2 127 7920 8359 6988
15712 2 2 2 127 7176 8867 7717
15713 2 2 2 127 6800 8574 6047
15714 2 2 2 127 7184 7186 7185
15715 2 2 2 127 7179 7275 7178
15716 2 2 2 127 8468 8838 7281
15717 2 2 2 127 7054 8897 7388
15718 2 2 2 127 5492 8789 8210
15719 2 2 2 127 5493 8788 8209
15720 2 2 2 127 6283 8855 6821
15721 2 2 2 127 7040 8354 7158
15722 2 2 2 127 7482 7483 7481
15723 2 2 2 127 7232 8506 7696
15724 2 2 2 127 7602 7603 7601
15725 2 2 2 127 7765 8777 8489
15726 2 2 2 127 7992 8422 7511
15727 2 2 2 127 1246 8937 1077
15728 2 2 2 127 1806 8938 1861
15729 2 2 2 127 5944 8358 7998
15730 2 2 2 127 7466 7563 7562
15731 2 2 2 127 5789 8863 7931
15732 2 2 2 127 7156 8413 7120
15733 2 2 2 127 7432 8902 8596
15734 2 2 2 127 5444 8692 7855
15735 2 2 2 127 7560 8337 7561
15736 2 2 2 127 7896 8757 7895
15737 2 2 2 127 8060 8169 5378
15738 2 2 2 127 6187 8231 8170
15739 2 2 2 127 7363 7364 7360
15740 2 2 2 127 6883 7308 928
15741 2 2 2 127 6280 8945 8623
15742 2 2 2 127 7522 7839 7537
15743 2 2 2 127 6931 8177 6910
15744 2 2 2 127 6811 8961 5898
15745 2 2 2 127 7850 8935 5568
15746 2 2 2 127 6992 8273 7948
15747 2 2 2 127 7834 8972 5998
15748 2 2 2 127 7115 8143 5734
15749 2 2 2 127 7592 7610 7591
15750 2 2 2 127 7004 8370 6978
15751 2 2 2 127 8372 8403 6167
15752 2 2 2 127 6896 8151 6890
15753 2 2 2 127 7268 7269 7265
15754 2 2 2 127 7491 8211 7116
15755 2 2 2 127 7484 7485 7483
15756 2 2 2 127 6020 8279 8105
15757 2 2 2 127 7727 7749 7269
15758 2 2 2 127 6877 8157 6858
15759 2 2 2 127 7535 8709 7291
15760 2 2 2 127 8105 8279 6673
15761 2 2 2 127 5794 8007 7009
15762 2 2 2 127 7226 7227 7225
15763 2 2 2 127 6150 8280 8101
15764 2 2 2 127 7575 7590 7576
15765 2 2 2 127 7590 7594 7593
15766 2 2 2 127 8628 8647 7498
15767 2 2 2 127 7845 8043 7087
15768 2 2 2 127 6958 8891 8353
15769 2 2 2 127 7203 7502 7472
15770 2 2 2 127 1784 8811 6047
15771 2 2 2 127 7244 8852 7729
15772 2 2 2 127 7462 7466 7465
15773 2 2 2 127 6932 8201 6878
15774 2 2 2 127 7896 8969 5465
15775 2 2 2 127 7009 7451 7450
15776 2 2 2 127 7721 8766 7692
15777 2 2 2 127 6864 7230 7229
15778 2 2 2 127 7640 8063 7638
15779 2 2 2 127 6992 8175 7919
15780 2 2 2 127 6063 8718 6805
15781 2 2 2 127 6064 8717 6806
15782 2 2 2 127 7783 8253 8252
15783 2 2 2 127 7466 8056 7563
15784 2 2 2 127 7963 8337 7393
15785 2 2 2 127 7412 8499 7961
15786 2 2 2 127 7276 7417 7275
15787 2 2 2 127 7248 7327 7326
15788 2 2 2 127 8047 8459 6019
15789 2 2 2 127 6276 8616 8369
15790 2 2 2 127 6275 8615 8368
15791 2 2 2 127 7357 7845 7535
15792 2 2 2 127 8251 8376 7371
15793 2 2 2 127 7284 7404 7307
15794 2 2 2 127 6005 8591 6843
15795 2 2 2 127 7460 7463 7461
15796 2 2 2 127 8316 8702 5472
15797 2 2 2 127 7257 7711 7710
15798 2 2 2 127 7384 7715 7382
15799 2 2 2 127 7601 7605 7599
15800 2 2 2 127 7220 7221 7219
15801 2 2 2 127 5472 8702 1055
15802 2 2 2 127 7292 7357 7291
15803 2 2 2 127 7496 7678 6985
15804 2 2 2 127 8064 8334 6112
15805 2 2 2 127 7754 8349 7122
15806 2 2 2 127 7571 8582 8197
15807 2 2 2 127 7199 7937 7936
15808 2 2 2 127 7849 8849 6271
15809 2 2 2 127 7430 8873 8150
15810 2 2 2 127 8268 8577 7139
15811 2 2 2 127 7337 7442 7338
15812 2 2 2 127 7463 7685 7464
15813 2 2 2 127 6751 8339 6752
15814 2 2 2 127 7144 8574 6800
15815 2 2 2 127 5860 7867 7663
15816 2 2 2 127 7804 8608 7408
15817 2 2 2 127 6859 7354 1154
15818 2 2 2 127 6824 8677 5403
15819 2 2 2 127 5399 8402 7369
15820 2 2 2 127 6343 8257 8180
15821 2 2 2 127 7600 7608 7607
15822 2 2 2 127 7376 7377 7375
15823 2 2 2 127 7786 8205 8031
15824 2 2 2 127 7247 7248 7215
15825 2 2 2 127 7795 8798 7643
15826 2 2 2 127 7240 7244 7068
15827 2 2 2 127 7378 7533 7377
15828 2 2 2 127 7409 8499 7412
15829 2 2 2 127 7122 7156 7120
15830 2 2 2 127 7682 8249 8102
15831 2 2 2 127 8145 8146 6952
15832 2 2 2 127 8132 8823 6263
15833 2 2 2 127 8133 8824 6264
15834 2 2 2 127 7417 8967 7275
15835 2 2 2 127 7498 8647 8419
15836 2 2 2 127 7575 7927 7590
15837 2 2 2 127 7035 7040 6876
15838 2 2 2 127 942 8611 8069
15839 2 2 2 127 7375 7987 7115
15840 2 2 2 127 8145 8420 8146
15841 2 2 2 127 6878 8201 6930
15842 2 2 2 127 7361 7876 7288
15843 2 2 2 127 8124 8766 7343
15844 2 2 2 127 7942 8619 6218
15845 2 2 2 127 7327 7723 7328
15846 2 2 2 127 8114 8460 8134
15847 2 2 2 127 7321 8499 7409
15848 2 2 2 127 7171 7863 7862
15849 2 2 2 127 7608 7609 7607
15850 2 2 2 127 7073 7242 7241
15851 2 2 2 127 7177 7179 7178
15852 2 2 2 127 7329 7330 7018
15853 2 2 2 127 8102 8249 7618
15854 2 2 2 127 8191 8274 6131
15855 2 2 2 127 7290 7291 7289
15856 2 2 2 127 7582 8160 7580
15857 2 2 2 127 8293 8294 6895
15858 2 2 2 127 5796 8763 8442
15859 2 2 2 127 7857 7858 7856
15860 2 2 2 127 6888 8293 6886
15861 2 2 2 127 6884 8030 7341
15862 2 2 2 127 7456 8362 7984
15863 2 2 2 127 7221 7305 7304
15864 2 2 2 127 5894 8614 7836
15865 2 2 2 127 5384 8860 7780
15866 2 2 2 127 7343 8766 7721
15867 2 2 2 127 7374 8836 7376
15868 2 2 2 127 7157 8858 7435
15869 2 2 2 127 7142 7150 7149
15870 2 2 2 127 7437 8854 8082
15871 2 2 2 127 7145 7146 7144
15872 2 2 2 127 7278 7279 7277
15873 2 2 2 127 7122 8349 7157
15874 2 2 2 127 7817 7818 7815
15875 2 2 2 127 8124 8981 7354
15876 2 2 2 127 5494 8874 8240
15877 2 2 2 127 7617 8941 7616
15878 2 2 2 127 7145 7577 7146
15879 2 2 2 127 8267 8268 8128
15880 2 2 2 127 7350 8094 7348
15881 2 2 2 127 7403 8745 7394
15882 2 2 2 127 7627 7720 7719
15883 2 2 2 127 7967 8442 6124
15884 2 2 2 127 7157 7435 7156
15885 2 2 2 127 8255 8785 7420
15886 2 2 2 127 5429 8547 6027
15887 2 2 2 127 6960 8199 6906
15888 2 2 2 127 7488 8258 7489
15889 2 2 2 127 6928 8281 6926
15890 2 2 2 127 7444 7540 7453
15891 2 2 2 127 6841 7806 7471
15892 2 2 2 127 7282 8550 8465
15893 2 2 2 127 6139 8609 8092
15894 2 2 2 127 7848 8869 6269
15895 2 2 2 127 6962 8292 6853
15896 2 2 2 127 7325 8253 7783
15897 2 2 2 127 6841 7471 7296
15898 2 2 2 127 6867 8287 6865
15899 2 2 2 127 7207 8643 7209
15900 2 2 2 127 5337 7981 7300
15901 2 2 2 127 6938 8162 6924
15902 2 2 2 127 7150 7473 7458
15903 2 2 2 127 7443 7521 7520
15904 2 2 2 127 7370 8172 8171
15905 2 2 2 127 7125 8246 7111
15906 2 2 2 127 7448 8690 7315
15907 2 2 2 127 7284 7307 7283
15908 2 2 2 127 7436 8063 7640
15909 2 2 2 127 7080 8247 7431
15910 2 2 2 127 6994 8273 6991
15911 2 2 2 127 7808 8402 6528
15912 2 2 2 127 7223 7601 7599
15913 2 2 2 127 7374 7375 7115
15914 2 2 2 127 7419 7441 7418
15915 2 2 2 127 7510 7747 7234
15916 2 2 2 127 7274 7278 7277
15917 2 2 2 127 8483 8748 7140
15918 2 2 2 127 7260 7741 7261
15919 2 2 2 127 7537 8356 7538
15920 2 2 2 127 8003 8004 7505
15921 2 2 2 127 7947 8304 7160
15922 2 2 2 127 8332 8987 7310
15923 2 2 2 127 7532 7680 7529
15924 2 2 2 127 7442 8206 7443
15925 2 2 2 127 8225 8972 6125
15926 2 2 2 127 7267 7762 7271
15927 2 2 2 127 7729 8852 7541
15928 2 2 2 127 7261 7263 7262
15929 2 2 2 127 7619 8681 8054
15930 2 2 2 127 7859 8230 7855
15931 2 2 2 127 7006 8304 7947
15932 2 2 2 127 8421 8783 6242
15933 2 2 2 127 7605 8552 7939
15934 2 2 2 127 7399 8169 8060
15935 2 2 2 127 7551 8510 7451
15936 2 2 2 127 7345 8761 7645
15937 2 2 2 127 6908 8177 6960
15938 2 2 2 127 7608 7619 7609
15939 2 2 2 127 7217 8683 1885
15940 2 2 2 127 7153 8453 7864
15941 2 2 2 127 7087 8992 7845
15942 2 2 2 127 7876 8437 7359
15943 2 2 2 127 6711 8994 8648
15944 2 2 2 127 1004 8636 7997
15945 2 2 2 127 5520 8828 8347
15946 2 2 2 127 1564 8637 7998
15947 2 2 2 127 8150 8873 6880
15948 2 2 2 127 7334 8290 7675
15949 2 2 2 127 7853 8610 6280
15950 2 2 2 127 7279 8229 7277
15951 2 2 2 127 7147 8373 8159
15952 2 2 2 127 8276 8919 6298
15953 2 2 2 127 8494 8856 6976
15954 2 2 2 127 7577 7591 7587
15955 2 2 2 127 6998 8304 6996
15956 2 2 2 127 7252 7254 7253
15957 2 2 2 127 7591 7621 7587
15958 2 2 2 127 5527 8601 7878
15959 2 2 2 127 5528 8602 7879
15960 2 2 2 127 7577 7587 7146
15961 2 2 2 127 8038 8377 7415
15962 2 2 2 127 7653 7667 7655
15963 2 2 2 127 8419 8647 7876
15964 2 2 2 127 6991 8273 6992
15965 2 2 2 127 8245 8774 7455
15966 2 2 2 127 7574 8676 5950
15967 2 2 2 127 7280 7282 7279
15968 2 2 2 127 8777 8880 7110
15969 2 2 2 127 7919 8175 7921
15970 2 2 2 127 7521 8121 7522
15971 2 2 2 127 8314 8602 6258
15972 2 2 2 127 8313 8601 6257
15973 2 2 2 127 8050 8675 7170
15974 2 2 2 127 7305 8446 7746
15975 2 2 2 127 7256 7713 7254
15976 2 2 2 127 6639 8707 8083
15977 2 2 2 127 7869 8515 7665
15978 2 2 2 127 6666 8347 295
15979 2 2 2 127 6667 8348 743
15980 2 2 2 127 1398 8956 1399
15981 2 2 2 127 7761 8563 7269
15982 2 2 2 127 7026 8333 7044
15983 2 2 2 127 6918 7303 7302
15984 2 2 2 127 7951 8983 8897
15985 2 2 2 127 7263 7265 7264
15986 2 2 2 127 7575 7576 7574
15987 2 2 2 127 1529 8874 5494
15988 2 2 2 127 7227 7444 7372
15989 2 2 2 127 7139 8577 7126
15990 2 2 2 127 7123 8889 7788
15991 2 2 2 127 8179 8269 7270
15992 2 2 2 127 6189 8646 8152
15993 2 2 2 127 7330 8457 7332
15994 2 2 2 127 273 8505 8052
15995 2 2 2 127 6886 8293 6895
15996 2 2 2 127 7560 7561 7559
15997 2 2 2 127 1729 8504 8053
15998 2 2 2 127 8052 8505 6238
15999 2 2 2 127 8278 8605 6079
16000 2 2 2 127 8053 8504 6237
16001 2 2 2 127 6308 8580 7924
16002 2 2 2 127 1418 8878 8475
16003 2 2 2 127 7462 7465 7392
16004 2 2 2 127 7319 8080 6899
16005 2 2 2 127 7466 7562 7465
16006 2 2 2 127 298 8881 8469
16007 2 2 2 127 6865 8287 6877
16008 2 2 2 127 1082 8882 8480
16009 2 2 2 127 2090 8884 8472
16010 2 2 2 127 5578 8693 7850
16011 2 2 2 127 7619 7682 7609
16012 2 2 2 127 7594 7822 7593
16013 2 2 2 127 7668 8769 7662
16014 2 2 2 127 8108 8404 6219
16015 2 2 2 127 7158 8354 7565
16016 2 2 2 127 8370 8522 7706
16017 2 2 2 127 2139 8598 7285
16018 2 2 2 127 7077 8393 7074
16019 2 2 2 127 6969 8420 8145
16020 2 2 2 127 5585 8061 7073
16021 2 2 2 127 6330 8946 8115
16022 2 2 2 127 1866 8892 8470
16023 2 2 2 127 7424 8625 7422
16024 2 2 2 127 6085 8430 8076
16025 2 2 2 127 7992 8848 7840
16026 2 2 2 127 6853 8292 6850
16027 2 2 2 127 1194 8904 8471
16028 2 2 2 127 1978 8905 8478
16029 2 2 2 127 7233 7234 7232
16030 2 2 2 127 8217 8718 5489
16031 2 2 2 127 8215 8717 5488
16032 2 2 2 127 7590 7593 7576
16033 2 2 2 127 6087 8831 7966
16034 2 2 2 127 7914 8800 6460
16035 2 2 2 127 7800 8929 6282
16036 2 2 2 127 7801 8930 6281
16037 2 2 2 127 7278 7280 7279
16038 2 2 2 127 7411 8957 7446
16039 2 2 2 127 8447 8500 7169
16040 2 2 2 127 8342 8343 5967
16041 2 2 2 127 7515 8577 8268
16042 2 2 2 127 6917 7868 7867
16043 2 2 2 127 896 8692 5444
16044 2 2 2 127 757 8488 8174
16045 2 2 2 127 8057 8652 5512
16046 2 2 2 127 5952 8687 7884
16047 2 2 2 127 5911 8949 7803
16048 2 2 2 127 6023 8808 6816
16049 2 2 2 127 6180 8410 8138
16050 2 2 2 127 7179 7276 7275
16051 2 2 2 127 7033 8333 7026
16052 2 2 2 127 6926 8281 6938
16053 2 2 2 127 6893 8704 6896
16054 2 2 2 127 5351 8915 7145
16055 2 2 2 127 6922 8162 6961
16056 2 2 2 127 6961 8219 6920
16057 2 2 2 127 7695 8491 7768
16058 2 2 2 127 7107 8246 7764
16059 2 2 2 127 1057 8407 7164
16060 2 2 2 127 8320 8802 6107
16061 2 2 2 127 7476 8653 7475
16062 2 2 2 127 645 8474 8049
16063 2 2 2 127 7914 8646 6146
16064 2 2 2 127 6214 8969 7896
16065 2 2 2 127 8379 8771 7888
16066 2 2 2 127 7857 7860 7858
16067 2 2 2 127 7669 7670 7295
16068 2 2 2 127 8122 8287 6867
16069 2 2 2 127 7460 7810 7463
16070 2 2 2 127 5338 8094 7857
16071 2 2 2 127 5515 8842 8116
16072 2 2 2 127 7128 8384 7139
16073 2 2 2 127 7676 8332 7447
16074 2 2 2 127 7212 8467 7088
16075 2 2 2 127 7126 8577 7124
16076 2 2 2 127 7314 8987 8332
16077 2 2 2 127 8294 8295 6895
16078 2 2 2 127 7196 8944 7910
16079 2 2 2 127 7682 8102 7609
16080 2 2 2 127 7702 8822 7666
16081 2 2 2 127 6982 8359 6980
16082 2 2 2 127 6196 8430 8173
16083 2 2 2 127 6895 8295 8117
16084 2 2 2 127 7170 8703 8497
16085 2 2 2 127 6229 8730 7966
16086 2 2 2 127 7129 8978 8338
16087 2 2 2 127 8376 8386 7371
16088 2 2 2 127 7310 8562 8332
16089 2 2 2 127 7923 8682 6537
16090 2 2 2 127 5338 7857 7856
16091 2 2 2 127 6174 8813 7838
16092 2 2 2 127 7289 8030 6884
16093 2 2 2 127 7276 7418 7417
16094 2 2 2 127 216 8513 8190
16095 2 2 2 127 7971 8521 6030
16096 2 2 2 127 7972 8520 6031
16097 2 2 2 127 7014 8352 7027
16098 2 2 2 127 8423 8761 7471
16099 2 2 2 127 7372 8071 7225
16100 2 2 2 127 2120 8512 8203
16101 2 2 2 127 5339 7842 7707
16102 2 2 2 127 7639 8400 7246
16103 2 2 2 127 7733 8617 7732
16104 2 2 2 127 7558 7559 7557
16105 2 2 2 127 7787 7788 7079
16106 2 2 2 127 7525 8859 7764
16107 2 2 2 127 7317 8267 8128
16108 2 2 2 127 8247 8248 7431
16109 2 2 2 127 7781 8628 5356
16110 2 2 2 127 7281 8838 7324
16111 2 2 2 127 7254 8284 7253
16112 2 2 2 127 7347 7349 7348
16113 2 2 2 127 7886 7887 7611
16114 2 2 2 127 7806 8423 7471
16115 2 2 2 127 5383 8643 8119
16116 2 2 2 127 7124 8577 7515
16117 2 2 2 127 8648 8994 6638
16118 2 2 2 127 8190 8513 205
16119 2 2 2 127 7214 7247 7215
16120 2 2 2 127 7570 8394 8008
16121 2 2 2 127 8340 8352 7023
16122 2 2 2 127 8014 8854 7812
16123 2 2 2 127 8203 8512 2109
16124 2 2 2 127 7586 8160 7582
16125 2 2 2 127 8005 8641 6235
16126 2 2 2 127 8134 8460 6240
16127 2 2 2 127 6844 8299 6947
16128 2 2 2 127 7815 8604 7625
16129 2 2 2 127 7096 8361 7094
16130 2 2 2 127 7029 8252 7943
16131 2 2 2 127 7895 8757 6661
16132 2 2 2 127 7640 8413 7436
16133 2 2 2 127 7481 8394 7570
16134 2 2 2 127 8183 8776 7198
16135 2 2 2 127 7016 8352 7014
16136 2 2 2 127 6852 8839 8551
16137 2 2 2 127 7941 8738 8120
16138 2 2 2 127 7185 8235 7193
16139 2 2 2 127 6240 8677 8142
16140 2 2 2 127 7231 7232 7230
16141 2 2 2 127 7964 8639 6223
16142 2 2 2 127 7965 8640 6222
16143 2 2 2 127 8151 8293 6888
16144 2 2 2 127 7663 8595 7664
16145 2 2 2 127 7406 8465 8438
16146 2 2 2 127 8173 8985 6196
16147 2 2 2 127 6852 8551 7984
16148 2 2 2 127 7958 8712 5495
16149 2 2 2 127 7957 8713 5496
16150 2 2 2 127 8496 8840 7634
16151 2 2 2 127 7131 8384 7128
16152 2 2 2 127 7332 8290 7334
16153 2 2 2 127 7705 8483 8482
16154 2 2 2 127 6897 8704 6893
16155 2 2 2 127 6231 8620 8387
16156 2 2 2 127 5930 8893 7848
16157 2 2 2 127 5931 8894 7849
16158 2 2 2 127 7349 7406 7350
16159 2 2 2 127 8517 8545 7079
16160 2 2 2 127 7859 8951 8720
16161 2 2 2 127 6193 8746 8538
16162 2 2 2 127 6883 8071 7308
16163 2 2 2 127 6446 8742 8536
16164 2 2 2 127 7406 8497 7861
16165 2 2 2 127 7938 8798 6897
16166 2 2 2 127 7544 8860 7568
16167 2 2 2 127 7040 8365 8354
16168 2 2 2 127 8087 8900 6247
16169 2 2 2 127 7252 7253 7251
16170 2 2 2 127 7141 8686 7983
16171 2 2 2 127 7355 8264 8200
16172 2 2 2 127 6093 8714 7933
16173 2 2 2 127 6094 8715 7934
16174 2 2 2 127 5567 8656 8032
16175 2 2 2 127 7746 8446 7742
16176 2 2 2 127 7525 8982 7993
16177 2 2 2 127 8051 8550 8144
16178 2 2 2 127 8506 8872 7043
16179 2 2 2 127 7323 8493 7684
16180 2 2 2 127 6932 8954 8202
16181 2 2 2 127 6154 8678 8341
16182 2 2 2 127 7160 8304 6998
16183 2 2 2 127 8146 8420 7428
16184 2 2 2 127 8174 8488 746
16185 2 2 2 127 7854 8230 7019
16186 2 2 2 127 7465 8492 7637
16187 2 2 2 127 6204 8689 8238
16188 2 2 2 127 6861 8490 7808
16189 2 2 2 127 6198 8530 8301
16190 2 2 2 127 7091 8399 7089
16191 2 2 2 127 7435 8630 7436
16192 2 2 2 127 7630 8825 8327
16193 2 2 2 127 7006 8273 6994
16194 2 2 2 127 7534 8906 7673
16195 2 2 2 127 7783 8252 7029
16196 2 2 2 127 8620 8851 8387
16197 2 2 2 127 8144 8817 7117
16198 2 2 2 127 6996 8304 7006
16199 2 2 2 127 6346 8792 8328
16200 2 2 2 127 8464 8714 1807
16201 2 2 2 127 8463 8715 1247
16202 2 2 2 127 6347 8793 8331
16203 2 2 2 127 6348 8794 8329
16204 2 2 2 127 7089 8399 7155
16205 2 2 2 127 6534 8738 7941
16206 2 2 2 127 1693 8977 7872
16207 2 2 2 127 8252 8253 7329
16208 2 2 2 127 6988 8359 6982
16209 2 2 2 127 8128 8748 7705
16210 2 2 2 127 1213 8520 8022
16211 2 2 2 127 765 8521 8018
16212 2 2 2 127 7359 8419 7876
16213 2 2 2 127 8259 8841 6491
16214 2 2 2 127 6118 8841 8259
16215 2 2 2 127 6850 8292 7954
16216 2 2 2 127 6176 8403 8372
16217 2 2 2 127 7453 8858 7372
16218 2 2 2 127 6213 8652 8057
16219 2 2 2 127 6166 8585 8106
16220 2 2 2 127 7307 8468 7407
16221 2 2 2 127 7812 8854 7437
16222 2 2 2 127 7471 8761 7345
16223 2 2 2 127 6220 8612 8350
16224 2 2 2 127 8158 8902 7433
16225 2 2 2 127 7234 8506 7232
16226 2 2 2 127 6355 8796 8330
16227 2 2 2 127 8231 8871 6230
16228 2 2 2 127 7493 8779 7631
16229 2 2 2 127 7928 8494 7474
16230 2 2 2 127 7225 8071 6883
16231 2 2 2 127 7696 8506 7042
16232 2 2 2 127 7563 8596 7562
16233 2 2 2 127 7277 8229 7931
16234 2 2 2 127 5998 8972 8225
16235 2 2 2 127 8378 8764 8719
16236 2 2 2 127 6955 8891 8251
16237 2 2 2 127 7212 8638 8248
16238 2 2 2 127 6062 8984 7893
16239 2 2 2 127 8258 8971 7032
16240 2 2 2 127 7924 8964 6359
16241 2 2 2 127 8443 8939 6366
16242 2 2 2 127 8444 8940 6367
16243 2 2 2 127 7257 8306 7711
16244 2 2 2 127 8050 8438 8051
16245 2 2 2 127 6859 8124 7354
16246 2 2 2 127 7768 8491 7316
16247 2 2 2 127 7990 8814 6496
16248 2 2 2 127 8300 8664 97
16249 2 2 2 127 7763 8719 7102
16250 2 2 2 127 7764 8859 7763
16251 2 2 2 127 1997 8883 8026
16252 2 2 2 127 8202 8954 7446
16253 2 2 2 127 2011 8731 5337
16254 2 2 2 127 7394 8745 7478
16255 2 2 2 127 7238 8806 7988
16256 2 2 2 127 7130 8458 6145
16257 2 2 2 127 7376 8836 8211
16258 2 2 2 127 8137 8965 6470
16259 2 2 2 127 8002 8750 5704
16260 2 2 2 127 8136 8963 6471
16261 2 2 2 127 8829 8906 7534
16262 2 2 2 127 8221 8952 5420
16263 2 2 2 127 7993 8982 7339
16264 2 2 2 127 7842 8698 7592
16265 2 2 2 127 7988 8806 7151
16266 2 2 2 127 7305 8500 8447
16267 2 2 2 127 7082 8393 7077
16268 2 2 2 127 7151 8806 5357
16269 2 2 2 127 1771 8915 5351
16270 2 2 2 127 7368 8124 6859
16271 2 2 2 127 6269 8869 7995
16272 2 2 2 127 7775 8941 7595
16273 2 2 2 127 5956 8876 7918
16274 2 2 2 127 8235 8236 7344
16275 2 2 2 127 7513 8827 8263
16276 2 2 2 127 7844 8493 7323
16277 2 2 2 127 8204 8988 6215
16278 2 2 2 127 8032 8780 5567
16279 2 2 2 127 8408 8885 6315
16280 2 2 2 127 7355 8981 8264
16281 2 2 2 127 8033 8781 6046
16282 2 2 2 127 8034 8782 6045
16283 2 2 2 127 7449 8500 7221
16284 2 2 2 127 8119 8643 7207
16285 2 2 2 127 7818 8604 7815
16286 2 2 2 127 7094 8361 7098
16287 2 2 2 127 7769 8727 7492
16288 2 2 2 127 8011 8732 6244
16289 2 2 2 127 7892 8785 7064
16290 2 2 2 127 7102 8764 7099
16291 2 2 2 127 6243 8812 7996
16292 2 2 2 127 7778 8160 7586
16293 2 2 2 127 8257 8888 6232
16294 2 2 2 127 7023 8352 7016
16295 2 2 2 127 7506 8455 7363
16296 2 2 2 127 7768 8754 7469
16297 2 2 2 127 6615 8952 8221
16298 2 2 2 127 8098 8681 7608
16299 2 2 2 127 8387 8851 6077
16300 2 2 2 127 7055 8333 7033
16301 2 2 2 127 328 8780 8032
16302 2 2 2 127 7004 8522 8370
16303 2 2 2 127 1112 8781 8033
16304 2 2 2 127 664 8782 8034
16305 2 2 2 127 7705 8748 8483
16306 2 2 2 127 1885 8683 8028
16307 2 2 2 127 5719 8697 8233
16308 2 2 2 127 7101 8361 7096
16309 2 2 2 127 8378 8848 7101
16310 2 2 2 127 7522 8121 7839
16311 2 2 2 127 7058 8897 7054
16312 2 2 2 127 7186 8235 7185
16313 2 2 2 127 1676 8771 8379
16314 2 2 2 127 7621 8582 8575
16315 2 2 2 127 7098 8399 7091
16316 2 2 2 127 7053 8795 7055
16317 2 2 2 127 7713 8618 8570
16318 2 2 2 127 7200 8594 7201
16319 2 2 2 127 7937 8809 7046
16320 2 2 2 127 8165 8340 7415
16321 2 2 2 127 6872 8490 6861
16322 2 2 2 127 7855 8230 7854
16323 2 2 2 127 5994 8857 7012
16324 2 2 2 127 8233 8697 6209
16325 2 2 2 127 8221 8619 6089
16326 2 2 2 127 7031 8843 8447
16327 2 2 2 127 7420 8785 7892
16328 2 2 2 127 8105 8801 6465
16329 2 2 2 127 8554 8763 6447
16330 2 2 2 127 7093 8318 7347
16331 2 2 2 127 7381 8753 8727
16332 2 2 2 127 7511 8542 7507
16333 2 2 2 127 7101 8764 8378
16334 2 2 2 127 8096 8756 6250
16335 2 2 2 127 7332 8457 8290
16336 2 2 2 127 7037 8365 7035
16337 2 2 2 127 6117 8926 8265
16338 2 2 2 127 7483 8394 7481
16339 2 2 2 127 8378 8719 7524
16340 2 2 2 127 8433 8783 6142
16341 2 2 2 127 8288 8728 6306
16342 2 2 2 127 7443 8206 7521
16343 2 2 2 127 7339 8680 7993
16344 2 2 2 127 6458 8728 8288
16345 2 2 2 127 7170 8497 8438
16346 2 2 2 127 7689 8587 7130
16347 2 2 2 127 8067 8832 6319
16348 2 2 2 127 8184 8976 7003
16349 2 2 2 127 107 8844 8005
16350 2 2 2 127 8066 8837 6345
16351 2 2 2 127 8228 8698 7842
16352 2 2 2 127 7434 8706 8492
16353 2 2 2 127 7322 8865 7823
16354 2 2 2 127 6463 8605 8278
16355 2 2 2 127 7431 8909 7797
16356 2 2 2 127 6161 8855 8065
16357 2 2 2 127 6265 8627 8260
16358 2 2 2 127 7066 8795 7053
16359 2 2 2 127 8094 8244 7348
16360 2 2 2 127 8438 8497 7406
16361 2 2 2 127 6946 8493 7844
16362 2 2 2 127 7193 8235 7344
16363 2 2 2 127 8458 8587 7669
16364 2 2 2 127 7407 8738 8737
16365 2 2 2 127 8248 8467 7212
16366 2 2 2 127 7140 8384 7131
16367 2 2 2 127 8547 8592 6027
16368 2 2 2 127 7388 8983 7493
16369 2 2 2 127 7099 8764 7101
16370 2 2 2 127 6267 8907 8097
16371 2 2 2 127 7722 8649 7467
16372 2 2 2 127 6645 8948 8167
16373 2 2 2 127 6644 8947 8166
16374 2 2 2 127 8147 8944 7196
16375 2 2 2 127 7279 8318 8229
16376 2 2 2 127 7305 8447 8446
16377 2 2 2 127 7242 8400 7243
16378 2 2 2 127 8167 8948 6026
16379 2 2 2 127 8166 8947 6025
16380 2 2 2 127 7288 8647 7781
16381 2 2 2 127 7135 8495 7133
16382 2 2 2 127 8224 8716 6249
16383 2 2 2 127 6222 8640 8369
16384 2 2 2 127 6223 8639 8368
16385 2 2 2 127 541 8734 8024
16386 2 2 2 127 989 8735 8025
16387 2 2 2 127 1549 8736 8020
16388 2 2 2 127 1661 8739 8021
16389 2 2 2 127 6108 8900 8087
16390 2 2 2 127 429 8740 8016
16391 2 2 2 127 8431 8831 6087
16392 2 2 2 127 7585 8604 7818
16393 2 2 2 127 8889 8890 7079
16394 2 2 2 127 7344 8875 7195
16395 2 2 2 127 8274 8697 5973
16396 2 2 2 127 7043 8872 8518
16397 2 2 2 127 8222 8929 5529
16398 2 2 2 127 8223 8930 5530
16399 2 2 2 127 7283 8737 5544
16400 2 2 2 127 7148 8495 7135
16401 2 2 2 127 7385 8765 7883
16402 2 2 2 127 7190 8747 7837
16403 2 2 2 127 5706 8871 8231
16404 2 2 2 127 7275 8967 7569
16405 2 2 2 127 7606 8502 7579
16406 2 2 2 127 7921 8993 8551
16407 2 2 2 127 8442 8554 6124
16408 2 2 2 127 7163 8365 7037
16409 2 2 2 127 7328 8751 8290
16410 2 2 2 127 8353 8891 6954
16411 2 2 2 127 7237 8567 8422
16412 2 2 2 127 7970 8548 7059
16413 2 2 2 127 7088 8467 7085
16414 2 2 2 127 7830 8910 7034
16415 2 2 2 127 7621 8655 7587
16416 2 2 2 127 6643 8908 8185
16417 2 2 2 127 8385 8749 1754
16418 2 2 2 127 6930 8629 8122
16419 2 2 2 127 8388 8752 970
16420 2 2 2 127 8179 8990 7319
16421 2 2 2 127 7361 8437 7876
16422 2 2 2 127 1773 8811 8029
16423 2 2 2 127 7613 8791 7614
16424 2 2 2 127 7910 8944 8078
16425 2 2 2 127 8428 8600 6665
16426 2 2 2 127 7145 8624 7577
16427 2 2 2 127 8405 8759 522
16428 2 2 2 127 8406 8760 858
16429 2 2 2 127 7529 8649 7722
16430 2 2 2 127 8137 8895 5506
16431 2 2 2 127 7713 8284 7254
16432 2 2 2 127 1525 8787 7708
16433 2 2 2 127 7237 8422 7992
16434 2 2 2 127 7246 8400 7242
16435 2 2 2 127 7810 8645 7463
16436 2 2 2 127 317 8780 8019
16437 2 2 2 127 1101 8781 8027
16438 2 2 2 127 653 8782 8015
16439 2 2 2 127 8265 8926 6612
16440 2 2 2 127 5547 8888 8257
16441 2 2 2 127 7133 8495 7140
16442 2 2 2 127 7711 8778 7744
16443 2 2 2 127 7267 8563 7762
16444 2 2 2 127 8425 8773 1530
16445 2 2 2 127 8247 8467 8248
16446 2 2 2 127 8229 8318 7093
16447 2 2 2 127 7573 8339 6751
16448 2 2 2 127 7496 8923 7678
16449 2 2 2 127 7609 8887 7607
16450 2 2 2 127 8719 8764 7102
16451 2 2 2 127 6973 8494 7928
16452 2 2 2 127 7507 8542 8516
16453 2 2 2 127 948 8851 8620
16454 2 2 2 127 5807 8968 7072
16455 2 2 2 127 7344 8976 8875
16456 2 2 2 127 7140 8495 8483
16457 2 2 2 127 7747 8872 7234
16458 2 2 2 127 7354 8981 7355
16459 2 2 2 127 7240 8852 7244
16460 2 2 2 127 7515 8864 7526
16461 2 2 2 127 7035 8365 7040
16462 2 2 2 127 1765 8749 8385
16463 2 2 2 127 8224 8801 6171
16464 2 2 2 127 8396 8799 6160
16465 2 2 2 127 981 8752 8388
16466 2 2 2 127 1336 8514 8426
16467 2 2 2 127 8503 8970 7960
16468 2 2 2 127 7416 8989 8062
16469 2 2 2 127 7113 8768 8767
16470 2 2 2 127 7883 8765 7512
16471 2 2 2 127 7542 8777 7765
16472 2 2 2 127 7234 8872 8506
16473 2 2 2 127 6356 8945 8610
16474 2 2 2 127 8219 8840 6933
16475 2 2 2 127 7106 8770 2014
16476 2 2 2 127 869 8760 8406
16477 2 2 2 127 533 8759 8405
16478 2 2 2 127 8531 8838 7452
16479 2 2 2 127 7235 8854 8014
16480 2 2 2 127 7702 8847 1901
16481 2 2 2 127 8117 8954 6932
16482 2 2 2 127 7750 8867 7176
16483 2 2 2 127 7579 8502 7774
16484 2 2 2 127 8375 8883 1997
16485 2 2 2 127 6442 8799 8396
16486 2 2 2 127 8426 8514 1325
16487 2 2 2 127 7085 8467 8247
16488 2 2 2 127 7221 8500 7305
16489 2 2 2 127 8616 8904 6454
16490 2 2 2 127 8615 8905 6453
16491 2 2 2 127 7890 8727 7769
16492 2 2 2 127 7876 8647 7288
16493 2 2 2 127 6276 8904 8616
16494 2 2 2 127 6275 8905 8615
16495 2 2 2 127 6544 8823 8699
16496 2 2 2 127 6543 8824 8700
16497 2 2 2 127 7447 8562 7448
16498 2 2 2 127 6933 8840 8496
16499 2 2 2 127 8248 8909 7431
16500 2 2 2 127 1541 8773 8425
16501 2 2 2 127 7118 8630 8501
16502 2 2 2 127 8518 8872 7747
16503 2 2 2 127 7195 8875 7197
16504 2 2 2 127 8699 8823 5533
16505 2 2 2 127 8700 8824 5534
16506 2 2 2 127 1152 8733 7367
16507 2 2 2 127 5700 8985 8173
16508 2 2 2 127 7495 8944 8147
16509 2 2 2 127 347 8666 8411
16510 2 2 2 127 1579 8667 8412
16511 2 2 2 127 1243 8673 8415
16512 2 2 2 127 1803 8669 8416
16513 2 2 2 127 1355 8670 8417
16514 2 2 2 127 795 8668 8418
16515 2 2 2 127 8583 8997 6487
16516 2 2 2 127 8586 8998 6488
16517 2 2 2 127 7562 8492 7465
16518 2 2 2 127 8575 8582 7571
16519 2 2 2 127 7565 8971 7488
16520 2 2 2 127 7446 8954 8295
16521 2 2 2 127 7363 8455 7364
16522 2 2 2 127 8162 8606 6961
16523 2 2 2 127 5518 8988 8204
16524 2 2 2 127 8159 8936 7132
16525 2 2 2 127 8013 8613 7518
16526 2 2 2 127 7721 8618 7256
16527 2 2 2 127 7433 8936 8159
16528 2 2 2 127 7265 8563 7267
16529 2 2 2 127 7463 8645 7685
16530 2 2 2 127 5882 8907 8280
16531 2 2 2 127 6228 8802 8320
16532 2 2 2 127 6973 8856 8494
16533 2 2 2 127 8297 8958 6048
16534 2 2 2 127 8211 8836 7116
16535 2 2 2 127 7065 8910 7731
16536 2 2 2 127 6241 8919 8276
16537 2 2 2 127 7510 8545 7747
16538 2 2 2 127 6880 8774 8245
16539 2 2 2 127 6427 8958 8297
16540 2 2 2 127 7787 8545 7510
16541 2 2 2 127 7123 8991 8889
16542 2 2 2 127 7469 8754 7789
16543 2 2 2 127 8816 8817 7273
16544 2 2 2 127 7324 8838 8531
16545 2 2 2 127 7839 8786 7537
16546 2 2 2 127 8328 8792 1634
16547 2 2 2 127 8331 8793 850
16548 2 2 2 127 8329 8794 178
16549 2 2 2 127 8330 8796 1522
16550 2 2 2 127 7274 8621 7278
16551 2 2 2 127 7649 8706 7652
16552 2 2 2 127 8570 8618 7489
16553 2 2 2 127 7723 8751 7328
16554 2 2 2 127 7260 8830 7741
16555 2 2 2 127 7199 8826 8809
16556 2 2 2 127 6242 8783 8433
16557 2 2 2 127 7840 8848 8378
16558 2 2 2 127 6897 8798 8704
16559 2 2 2 127 8483 8495 7148
16560 2 2 2 127 8600 8994 6711
16561 2 2 2 127 7786 8999 8205
16562 2 2 2 127 7311 8690 7312
16563 2 2 2 127 8120 8738 7407
16564 2 2 2 127 7141 8821 8686
16565 2 2 2 127 7361 8999 8437
16566 2 2 2 127 8411 8666 13
16567 2 2 2 127 7940 8621 7274
16568 2 2 2 127 8412 8667 90
16569 2 2 2 127 8415 8673 69
16570 2 2 2 127 8416 8669 104
16571 2 2 2 127 8417 8670 76
16572 2 2 2 127 8418 8668 41
16573 2 2 2 127 8536 8742 6774
16574 2 2 2 127 8538 8746 6780
16575 2 2 2 127 6342 8883 8375
16576 2 2 2 127 8438 8465 8051
16577 2 2 2 127 8422 8542 7511
16578 2 2 2 127 7988 8830 7260
16579 2 2 2 127 6899 8755 2143
16580 2 2 2 127 7315 8690 7311
16581 2 2 2 127 7079 8545 7787
16582 2 2 2 127 7130 8587 8458
16583 2 2 2 127 8022 8520 1224
16584 2 2 2 127 8018 8521 776
16585 2 2 2 127 7269 8563 7265
16586 2 2 2 127 7457 8993 8175
16587 2 2 2 127 8442 8763 8554
16588 2 2 2 127 7116 8836 7885
16589 2 2 2 127 8120 8621 7940
16590 2 2 2 127 7591 8582 7621
16591 2 2 2 127 5568 8935 8439
16592 2 2 2 127 7488 8971 8258
16593 2 2 2 127 8439 8935 7932
16594 2 2 2 127 7319 8990 8080
16595 2 2 2 127 8436 8876 5956
16596 2 2 2 127 8327 8825 1410
16597 2 2 2 127 7680 8649 7529
16598 2 2 2 127 7140 8748 8384
16599 2 2 2 127 8332 8562 7447
16600 2 2 2 127 7763 8859 8719
16601 2 2 2 127 7610 8582 7591
16602 2 2 2 127 6200 8939 8443
16603 2 2 2 127 6199 8940 8444
16604 2 2 2 127 8290 8751 7675
16605 2 2 2 127 7095 8675 8050
16606 2 2 2 127 7496 8970 8923
16607 2 2 2 127 7614 8681 8098
16608 2 2 2 127 8551 8993 7984
16609 2 2 2 127 7256 8618 7713
16610 2 2 2 127 8028 8683 1896
16611 2 2 2 127 7960 8970 7976
16612 2 2 2 127 8704 8798 7795
16613 2 2 2 127 8281 8986 6938
16614 2 2 2 127 8024 8734 552
16615 2 2 2 127 8020 8736 1560
16616 2 2 2 127 8025 8735 1000
16617 2 2 2 127 8021 8739 1672
16618 2 2 2 127 8016 8740 440
16619 2 2 2 127 7867 8784 7663
16620 2 2 2 127 7858 8951 7859
16621 2 2 2 127 8517 8593 7421
16622 2 2 2 127 6135 8966 8599
16623 2 2 2 127 8290 8457 7328
16624 2 2 2 127 8078 8944 7495
16625 2 2 2 127 7842 8624 7707
16626 2 2 2 127 8719 8859 7524
16627 2 2 2 127 8727 8753 7492
16628 2 2 2 127 8295 8954 8117
16629 2 2 2 127 8720 8951 7862
16630 2 2 2 127 8029 8811 1784
16631 2 2 2 127 8516 8542 6901
16632 2 2 2 127 8019 8780 328
16633 2 2 2 127 8027 8781 1112
16634 2 2 2 127 8015 8782 664
16635 2 2 2 127 7495 8908 8078
16636 2 2 2 127 8205 8999 8161
16637 2 2 2 127 8610 8945 6280
16638 2 2 2 127 7995 8869 8803
16639 2 2 2 127 8236 8976 7344
16640 2 2 2 127 7663 8784 8595
16641 2 2 2 127 7868 8784 7867
16642 2 2 2 127 6088 8997 8583
16643 2 2 2 127 6091 8998 8586
16644 2 2 2 127 8598 8674 125
16645 2 2 2 127 8465 8550 8051
16646 2 2 2 127 7537 8786 8356
16647 2 2 2 127 7204 8761 8423
16648 2 2 2 127 8803 8869 5583
16649 2 2 2 127 7860 8951 7858
16650 2 2 2 127 8767 8768 7114
16651 2 2 2 127 8306 8778 7711
16652 2 2 2 127 7071 8593 8517
16653 2 2 2 127 8437 8999 7786
16654 2 2 2 127 2139 8674 8598
16655 2 2 2 127 6995 8776 8183
16656 2 2 2 127 8737 8738 6534
16657 2 2 2 127 8875 8976 8184
16658 2 2 2 127 7885 8836 7374
16659 2 2 2 127 8447 8843 8446
16660 2 2 2 127 8175 8993 7921
16661 2 2 2 127 7976 8970 7496
16662 2 2 2 127 8026 8883 2008
16663 2 2 2 127 8923 8970 8503
16664 2 2 2 127 8884 8996 6438
16665 2 2 2 127 8599 8966 7570
16666 2 2 2 127 8212 8767 7114
16667 2 2 2 127 5987 8996 8884
16668 2 2 2 127 7310 8810 8562
16669 2 2 2 127 7255 8631 8264
16670 2 2 2 127 8356 8786 7314
16671 2 2 2 127 8161 8999 7361
16672 2 2 2 127 7101 8848 8361
16673 2 2 2 127 7542 8880 8777
16674 2 2 2 127 7620 8698 8228
16675 2 2 2 127 7331 8923 8503
16676 2 2 2 127 8889 8991 7075
16677 2 2 2 127 7161 8906 8829
16678 2 2 2 127 8809 8826 7198
16679 2 2 2 127 7075 8890 8889
16680 2 2 2 127 7272 8817 8816
16681 2 2 2 127 8686 8821 7136
16682 2 2 2 127 128 153 129
16683 2 2 2 127 154 153 128
16684 2 2 2 127 129 153 152
16685 2 2 2 127 131 172 132
16686 2 2 2 127 173 172 131
16687 2 2 2 127 172 171 132
16688 2 2 2 127 135 6571 136
16689 2 2 2 127 136 193 137
16690 2 2 2 127 137 192 138
16691 2 2 2 127 193 192 137
16692 2 2 2 127 139 212 140
16693 2 2 2 127 140 211 141
16694 2 2 2 127 212 211 140
16695 2 2 2 127 141 6592 142
16696 2 2 2 127 151 6550 152
16697 2 2 2 127 156 155 228
16698 2 2 2 127 227 157 156
16699 2 2 2 127 227 156 228
16700 2 2 2 127 169 168 177
16701 2 2 2 127 170 169 176
16702 2 2 2 127 176 169 177
16703 2 2 2 127 173 6550 174
16704 2 2 2 127 196 188 187
16705 2 2 2 127 189 188 195
16706 2 2 2 127 195 188 196
16707 2 2 2 127 189 6571 190
16708 2 2 2 127 209 208 233
16709 2 2 2 127 233 208 234
16710 2 2 2 127 232 209 233
16711 2 2 2 127 231 6592 232
16712 2 2 2 127 241 240 265
16713 2 2 2 127 265 240 266
16714 2 2 2 127 264 241 265
16715 2 2 2 127 244 243 284
16716 2 2 2 127 284 243 285
16717 2 2 2 127 283 244 284
16718 2 2 2 127 247 6582 248
16719 2 2 2 127 248 305 249
16720 2 2 2 127 249 304 250
16721 2 2 2 127 305 304 249
16722 2 2 2 127 251 324 252
16723 2 2 2 127 252 323 253
16724 2 2 2 127 324 323 252
16725 2 2 2 127 253 6597 254
16726 2 2 2 127 263 6552 264
16727 2 2 2 127 267 340 268
16728 2 2 2 127 268 339 269
16729 2 2 2 127 340 339 268
16730 2 2 2 127 280 289 281
16731 2 2 2 127 281 288 282
16732 2 2 2 127 289 288 281
16733 2 2 2 127 285 6552 286
16734 2 2 2 127 292 8633 293
16735 2 2 2 127 300 299 308
16736 2 2 2 127 301 300 307
16737 2 2 2 127 307 300 308
16738 2 2 2 127 301 6582 302
16739 2 2 2 127 321 320 345
16740 2 2 2 127 345 320 346
16741 2 2 2 127 344 321 345
16742 2 2 2 127 343 6597 344
16743 2 2 2 127 353 352 377
16744 2 2 2 127 377 352 378
16745 2 2 2 127 376 353 377
16746 2 2 2 127 356 355 396
16747 2 2 2 127 396 355 397
16748 2 2 2 127 395 356 396
16749 2 2 2 127 359 6570 360
16750 2 2 2 127 360 417 361
16751 2 2 2 127 361 416 362
16752 2 2 2 127 417 416 361
16753 2 2 2 127 363 436 364
16754 2 2 2 127 364 435 365
16755 2 2 2 127 436 435 364
16756 2 2 2 127 365 6589 366
16757 2 2 2 127 375 6551 376
16758 2 2 2 127 379 452 380
16759 2 2 2 127 380 451 381
16760 2 2 2 127 452 451 380
16761 2 2 2 127 392 401 393
16762 2 2 2 127 393 400 394
16763 2 2 2 127 401 400 393
16764 2 2 2 127 397 6551 398
16765 2 2 2 127 412 411 420
16766 2 2 2 127 413 412 419
16767 2 2 2 127 419 412 420
16768 2 2 2 127 413 6570 414
16769 2 2 2 127 433 432 457
16770 2 2 2 127 457 432 458
16771 2 2 2 127 456 433 457
16772 2 2 2 127 455 6589 456
16773 2 2 2 127 462 8633 463
16774 2 2 2 127 464 489 465
16775 2 2 2 127 490 489 464
16776 2 2 2 127 489 488 465
16777 2 2 2 127 467 508 468
16778 2 2 2 127 509 508 467
16779 2 2 2 127 508 507 468
16780 2 2 2 127 471 6569 472
16781 2 2 2 127 472 529 473
16782 2 2 2 127 473 528 474
16783 2 2 2 127 529 528 473
16784 2 2 2 127 475 548 476
16785 2 2 2 127 476 547 477
16786 2 2 2 127 548 547 476
16787 2 2 2 127 477 6593 478
16788 2 2 2 127 487 6565 488
16789 2 2 2 127 491 564 492
16790 2 2 2 127 492 563 493
16791 2 2 2 127 564 563 492
16792 2 2 2 127 505 504 513
16793 2 2 2 127 506 505 512
16794 2 2 2 127 512 505 513
16795 2 2 2 127 509 6565 510
16796 2 2 2 127 524 523 532
16797 2 2 2 127 525 524 531
16798 2 2 2 127 531 524 532
16799 2 2 2 127 525 6569 526
16800 2 2 2 127 544 569 545
16801 2 2 2 127 570 569 544
16802 2 2 2 127 569 568 545
16803 2 2 2 127 567 6593 568
16804 2 2 2 127 577 576 601
16805 2 2 2 127 601 576 602
16806 2 2 2 127 600 577 601
16807 2 2 2 127 580 579 620
16808 2 2 2 127 620 579 621
16809 2 2 2 127 619 580 620
16810 2 2 2 127 583 6566 584
16811 2 2 2 127 585 584 641
16812 2 2 2 127 585 640 586
16813 2 2 2 127 641 640 585
16814 2 2 2 127 587 660 588
16815 2 2 2 127 588 659 589
16816 2 2 2 127 660 659 588
16817 2 2 2 127 589 6588 590
16818 2 2 2 127 599 6556 600
16819 2 2 2 127 604 603 676
16820 2 2 2 127 605 604 675
16821 2 2 2 127 675 604 676
16822 2 2 2 127 616 625 617
16823 2 2 2 127 617 624 618
16824 2 2 2 127 625 624 617
16825 2 2 2 127 621 6556 622
16826 2 2 2 127 635 644 636
16827 2 2 2 127 636 643 637
16828 2 2 2 127 644 643 636
16829 2 2 2 127 637 6566 638
16830 2 2 2 127 657 656 681
16831 2 2 2 127 681 656 682
16832 2 2 2 127 680 657 681
16833 2 2 2 127 679 6588 680
16834 2 2 2 127 686 8634 687
16835 2 2 2 127 689 688 713
16836 2 2 2 127 713 688 714
16837 2 2 2 127 712 689 713
16838 2 2 2 127 692 691 732
16839 2 2 2 127 732 691 733
16840 2 2 2 127 731 692 732
16841 2 2 2 127 695 6583 696
16842 2 2 2 127 696 753 697
16843 2 2 2 127 697 752 698
16844 2 2 2 127 753 752 697
16845 2 2 2 127 699 772 700
16846 2 2 2 127 700 771 701
16847 2 2 2 127 772 771 700
16848 2 2 2 127 701 6596 702
16849 2 2 2 127 711 6564 712
16850 2 2 2 127 715 788 716
16851 2 2 2 127 716 787 717
16852 2 2 2 127 788 787 716
16853 2 2 2 127 728 737 729
16854 2 2 2 127 729 736 730
16855 2 2 2 127 737 736 729
16856 2 2 2 127 733 6564 734
16857 2 2 2 127 740 8634 741
16858 2 2 2 127 747 756 748
16859 2 2 2 127 748 755 749
16860 2 2 2 127 756 755 748
16861 2 2 2 127 749 6583 750
16862 2 2 2 127 769 768 793
16863 2 2 2 127 793 768 794
16864 2 2 2 127 792 769 793
16865 2 2 2 127 791 6596 792
16866 2 2 2 127 801 800 825
16867 2 2 2 127 825 800 826
16868 2 2 2 127 824 801 825
16869 2 2 2 127 804 803 844
16870 2 2 2 127 844 803 845
16871 2 2 2 127 843 804 844
16872 2 2 2 127 807 6567 808
16873 2 2 2 127 808 865 809
16874 2 2 2 127 809 864 810
16875 2 2 2 127 865 864 809
16876 2 2 2 127 811 884 812
16877 2 2 2 127 812 883 813
16878 2 2 2 127 884 883 812
16879 2 2 2 127 813 6603 814
16880 2 2 2 127 823 6548 824
16881 2 2 2 127 827 900 828
16882 2 2 2 127 828 899 829
16883 2 2 2 127 900 899 828
16884 2 2 2 127 840 849 841
16885 2 2 2 127 841 848 842
16886 2 2 2 127 849 848 841
16887 2 2 2 127 845 6548 846
16888 2 2 2 127 859 868 860
16889 2 2 2 127 860 867 861
16890 2 2 2 127 868 867 860
16891 2 2 2 127 861 6567 862
16892 2 2 2 127 881 880 905
16893 2 2 2 127 905 880 906
16894 2 2 2 127 904 881 905
16895 2 2 2 127 903 6603 904
16896 2 2 2 127 913 912 937
16897 2 2 2 127 937 912 938
16898 2 2 2 127 936 913 937
16899 2 2 2 127 916 915 956
16900 2 2 2 127 956 915 957
16901 2 2 2 127 955 916 956
16902 2 2 2 127 919 6576 920
16903 2 2 2 127 920 977 921
16904 2 2 2 127 921 976 922
16905 2 2 2 127 977 976 921
16906 2 2 2 127 923 996 924
16907 2 2 2 127 924 995 925
16908 2 2 2 127 996 995 924
16909 2 2 2 127 925 6599 926
16910 2 2 2 127 935 6555 936
16911 2 2 2 127 939 1012 940
16912 2 2 2 127 940 1011 941
16913 2 2 2 127 1012 1011 940
16914 2 2 2 127 952 961 953
16915 2 2 2 127 953 960 954
16916 2 2 2 127 961 960 953
16917 2 2 2 127 957 6555 958
16918 2 2 2 127 971 980 972
16919 2 2 2 127 972 979 973
16920 2 2 2 127 980 979 972
16921 2 2 2 127 973 6576 974
16922 2 2 2 127 993 992 1017
16923 2 2 2 127 1017 992 1018
16924 2 2 2 127 1016 993 1017
16925 2 2 2 127 1015 6599 1016
16926 2 2 2 127 1025 1024 1049
16927 2 2 2 127 1049 1024 1050
16928 2 2 2 127 1048 1025 1049
16929 2 2 2 127 1028 1027 1068
16930 2 2 2 127 1068 1027 1069
16931 2 2 2 127 1067 1028 1068
16932 2 2 2 127 1031 6572 1032
16933 2 2 2 127 1032 1089 1033
16934 2 2 2 127 1033 1088 1034
16935 2 2 2 127 1089 1088 1033
16936 2 2 2 127 1035 1108 1036
16937 2 2 2 127 1036 1107 1037
16938 2 2 2 127 1108 1107 1036
16939 2 2 2 127 1037 6604 1038
16940 2 2 2 127 1047 6563 1048
16941 2 2 2 127 1051 1124 1052
16942 2 2 2 127 1052 1123 1053
16943 2 2 2 127 1124 1123 1052
16944 2 2 2 127 1064 1073 1065
16945 2 2 2 127 1065 1072 1066
16946 2 2 2 127 1073 1072 1065
16947 2 2 2 127 1069 6563 1070
16948 2 2 2 127 1083 1092 1084
16949 2 2 2 127 1084 1091 1085
16950 2 2 2 127 1092 1091 1084
16951 2 2 2 127 1085 6572 1086
16952 2 2 2 127 1105 1104 1129
16953 2 2 2 127 1129 1104 1130
16954 2 2 2 127 1128 1105 1129
16955 2 2 2 127 1127 6604 1128
16956 2 2 2 127 1137 1136 1161
16957 2 2 2 127 1161 1136 1162
16958 2 2 2 127 1160 1137 1161
16959 2 2 2 127 1140 1139 1180
16960 2 2 2 127 1180 1139 1181
16961 2 2 2 127 1179 1140 1180
16962 2 2 2 127 1143 6580 1144
16963 2 2 2 127 1144 1201 1145
16964 2 2 2 127 1145 1200 1146
16965 2 2 2 127 1201 1200 1145
16966 2 2 2 127 1147 1220 1148
16967 2 2 2 127 1148 1219 1149
16968 2 2 2 127 1220 1219 1148
16969 2 2 2 127 1149 6600 1150
16970 2 2 2 127 1159 6561 1160
16971 2 2 2 127 1163 1236 1164
16972 2 2 2 127 1164 1235 1165
16973 2 2 2 127 1236 1235 1164
16974 2 2 2 127 1176 1185 1177
16975 2 2 2 127 1177 1184 1178
16976 2 2 2 127 1185 1184 1177
16977 2 2 2 127 1181 6561 1182
16978 2 2 2 127 1195 1204 1196
16979 2 2 2 127 1196 1203 1197
16980 2 2 2 127 1204 1203 1196
16981 2 2 2 127 1197 6580 1198
16982 2 2 2 127 1217 1216 1241
16983 2 2 2 127 1241 1216 1242
16984 2 2 2 127 1240 1217 1241
16985 2 2 2 127 1239 6600 1240
16986 2 2 2 127 1249 1248 1273
16987 2 2 2 127 1273 1248 1274
16988 2 2 2 127 1272 1249 1273
16989 2 2 2 127 1252 1251 1292
16990 2 2 2 127 1292 1251 1293
16991 2 2 2 127 1291 1252 1292
16992 2 2 2 127 1255 6579 1256
16993 2 2 2 127 1256 1313 1257
16994 2 2 2 127 1257 1312 1258
16995 2 2 2 127 1313 1312 1257
16996 2 2 2 127 1259 1332 1260
16997 2 2 2 127 1260 1331 1261
16998 2 2 2 127 1332 1331 1260
16999 2 2 2 127 1261 6602 1262
17000 2 2 2 127 1271 6557 1272
17001 2 2 2 127 1275 1348 1276
17002 2 2 2 127 1276 1347 1277
17003 2 2 2 127 1348 1347 1276
17004 2 2 2 127 1288 1297 1289
17005 2 2 2 127 1289 1296 1290
17006 2 2 2 127 1297 1296 1289
17007 2 2 2 127 1293 6557 1294
17008 2 2 2 127 1307 1316 1308
17009 2 2 2 127 1308 1315 1309
17010 2 2 2 127 1316 1315 1308
17011 2 2 2 127 1309 6579 1310
17012 2 2 2 127 1329 1328 1353
17013 2 2 2 127 1353 1328 1354
17014 2 2 2 127 1352 1329 1353
17015 2 2 2 127 1351 6602 1352
17016 2 2 2 127 1361 1360 1385
17017 2 2 2 127 1385 1360 1386
17018 2 2 2 127 1384 1361 1385
17019 2 2 2 127 1364 1363 1404
17020 2 2 2 127 1404 1363 1405
17021 2 2 2 127 1403 1364 1404
17022 2 2 2 127 1367 6568 1368
17023 2 2 2 127 1368 1425 1369
17024 2 2 2 127 1369 1424 1370
17025 2 2 2 127 1425 1424 1369
17026 2 2 2 127 1371 1444 1372
17027 2 2 2 127 1372 1443 1373
17028 2 2 2 127 1444 1443 1372
17029 2 2 2 127 1373 6590 1374
17030 2 2 2 127 1383 6553 1384
17031 2 2 2 127 1387 1460 1388
17032 2 2 2 127 1388 1459 1389
17033 2 2 2 127 1460 1459 1388
17034 2 2 2 127 1400 1409 1401
17035 2 2 2 127 1401 1408 1402
17036 2 2 2 127 1409 1408 1401
17037 2 2 2 127 1405 6553 1406
17038 2 2 2 127 1419 1428 1420
17039 2 2 2 127 1420 1427 1421
17040 2 2 2 127 1428 1427 1420
17041 2 2 2 127 1421 6568 1422
17042 2 2 2 127 1441 1440 1465
17043 2 2 2 127 1465 1440 1466
17044 2 2 2 127 1464 1441 1465
17045 2 2 2 127 1463 6590 1464
17046 2 2 2 127 1473 1472 1497
17047 2 2 2 127 1497 1472 1498
17048 2 2 2 127 1496 1473 1497
17049 2 2 2 127 1476 1475 1516
17050 2 2 2 127 1516 1475 1517
17051 2 2 2 127 1515 1476 1516
17052 2 2 2 127 1479 6573 1480
17053 2 2 2 127 1480 1537 1481
17054 2 2 2 127 1481 1536 1482
17055 2 2 2 127 1537 1536 1481
17056 2 2 2 127 1483 1556 1484
17057 2 2 2 127 1484 1555 1485
17058 2 2 2 127 1556 1555 1484
17059 2 2 2 127 1485 6601 1486
17060 2 2 2 127 1495 6562 1496
17061 2 2 2 127 1499 1572 1500
17062 2 2 2 127 1500 1571 1501
17063 2 2 2 127 1572 1571 1500
17064 2 2 2 127 1512 1521 1513
17065 2 2 2 127 1513 1520 1514
17066 2 2 2 127 1521 1520 1513
17067 2 2 2 127 1517 6562 1518
17068 2 2 2 127 1531 1540 1532
17069 2 2 2 127 1532 1539 1533
17070 2 2 2 127 1540 1539 1532
17071 2 2 2 127 1533 6573 1534
17072 2 2 2 127 1553 1552 1577
17073 2 2 2 127 1577 1552 1578
17074 2 2 2 127 1576 1553 1577
17075 2 2 2 127 1575 6601 1576
17076 2 2 2 127 1585 1584 1609
17077 2 2 2 127 1609 1584 1610
17078 2 2 2 127 1608 1585 1609
17079 2 2 2 127 1588 1587 1628
17080 2 2 2 127 1628 1587 1629
17081 2 2 2 127 1627 1588 1628
17082 2 2 2 127 1591 6575 1592
17083 2 2 2 127 1592 1649 1593
17084 2 2 2 127 1593 1648 1594
17085 2 2 2 127 1649 1648 1593
17086 2 2 2 127 1595 1668 1596
17087 2 2 2 127 1596 1667 1597
17088 2 2 2 127 1668 1667 1596
17089 2 2 2 127 1597 6595 1598
17090 2 2 2 127 1607 6554 1608
17091 2 2 2 127 1611 1684 1612
17092 2 2 2 127 1612 1683 1613
17093 2 2 2 127 1612 1684 1683
17094 2 2 2 127 1625 1624 1633
17095 2 2 2 127 1625 1632 1626
17096 2 2 2 127 1633 1632 1625
17097 2 2 2 127 1629 6554 1630
17098 2 2 2 127 1643 1652 1644
17099 2 2 2 127 1644 1651 1645
17100 2 2 2 127 1652 1651 1644
17101 2 2 2 127 1645 6575 1646
17102 2 2 2 127 1665 1664 1689
17103 2 2 2 127 1689 1664 1690
17104 2 2 2 127 1688 1665 1689
17105 2 2 2 127 1687 6595 1688
17106 2 2 2 127 1697 1696 1721
17107 2 2 2 127 1721 1696 1722
17108 2 2 2 127 1720 1697 1721
17109 2 2 2 127 1740 1700 1699
17110 2 2 2 127 1740 1699 1741
17111 2 2 2 127 1739 1700 1740
17112 2 2 2 127 1703 6574 1704
17113 2 2 2 127 1704 1761 1705
17114 2 2 2 127 1705 1760 1706
17115 2 2 2 127 1761 1760 1705
17116 2 2 2 127 1707 1780 1708
17117 2 2 2 127 1708 1779 1709
17118 2 2 2 127 1780 1779 1708
17119 2 2 2 127 1709 6591 1710
17120 2 2 2 127 1719 6549 1720
17121 2 2 2 127 1723 1796 1724
17122 2 2 2 127 1724 1795 1725
17123 2 2 2 127 1796 1795 1724
17124 2 2 2 127 1736 1745 1737
17125 2 2 2 127 1737 1744 1738
17126 2 2 2 127 1745 1744 1737
17127 2 2 2 127 1741 6549 1742
17128 2 2 2 127 1756 1755 1764
17129 2 2 2 127 1757 1756 1763
17130 2 2 2 127 1763 1756 1764
17131 2 2 2 127 1757 6574 1758
17132 2 2 2 127 1777 1776 1801
17133 2 2 2 127 1801 1776 1802
17134 2 2 2 127 1800 1777 1801
17135 2 2 2 127 1799 6591 1800
17136 2 2 2 127 1809 1808 1833
17137 2 2 2 127 1833 1808 1834
17138 2 2 2 127 1832 1809 1833
17139 2 2 2 127 1812 1811 1852
17140 2 2 2 127 1852 1811 1853
17141 2 2 2 127 1851 1812 1852
17142 2 2 2 127 1815 6578 1816
17143 2 2 2 127 1816 1873 1817
17144 2 2 2 127 1817 1872 1818
17145 2 2 2 127 1873 1872 1817
17146 2 2 2 127 1819 1892 1820
17147 2 2 2 127 1820 1891 1821
17148 2 2 2 127 1892 1891 1820
17149 2 2 2 127 1821 6598 1822
17150 2 2 2 127 1831 6560 1832
17151 2 2 2 127 1835 1908 1836
17152 2 2 2 127 1836 1907 1837
17153 2 2 2 127 1908 1907 1836
17154 2 2 2 127 1848 1857 1849
17155 2 2 2 127 1849 1856 1850
17156 2 2 2 127 1857 1856 1849
17157 2 2 2 127 1853 6560 1854
17158 2 2 2 127 1867 1876 1868
17159 2 2 2 127 1868 1875 1869
17160 2 2 2 127 1868 1876 1875
17161 2 2 2 127 1869 6578 1870
17162 2 2 2 127 1889 1888 1913
17163 2 2 2 127 1913 1888 1914
17164 2 2 2 127 1912 1889 1913
17165 2 2 2 127 1911 6598 1912
17166 2 2 2 127 1921 1920 1945
17167 2 2 2 127 1945 1920 1946
17168 2 2 2 127 1944 1921 1945
17169 2 2 2 127 1924 1923 1964
17170 2 2 2 127 1964 1923 1965
17171 2 2 2 127 1963 1924 1964
17172 2 2 2 127 1927 6577 1928
17173 2 2 2 127 1928 1985 1929
17174 2 2 2 127 1929 1984 1930
17175 2 2 2 127 1985 1984 1929
17176 2 2 2 127 1931 2004 1932
17177 2 2 2 127 1932 2003 1933
17178 2 2 2 127 2004 2003 1932
17179 2 2 2 127 1933 6594 1934
17180 2 2 2 127 1943 6559 1944
17181 2 2 2 127 1947 2020 1948
17182 2 2 2 127 1948 2019 1949
17183 2 2 2 127 2020 2019 1948
17184 2 2 2 127 1960 1969 1961
17185 2 2 2 127 1961 1968 1962
17186 2 2 2 127 1969 1968 1961
17187 2 2 2 127 1965 6559 1966
17188 2 2 2 127 1979 1988 1980
17189 2 2 2 127 1980 1987 1981
17190 2 2 2 127 1988 1987 1980
17191 2 2 2 127 1981 6577 1982
17192 2 2 2 127 2001 2000 2025
17193 2 2 2 127 2025 2000 2026
17194 2 2 2 127 2024 2001 2025
17195 2 2 2 127 2023 6594 2024
17196 2 2 2 127 2033 2032 2057
17197 2 2 2 127 2057 2032 2058
17198 2 2 2 127 2056 2033 2057
17199 2 2 2 127 2036 2035 2076
17200 2 2 2 127 2076 2035 2077
17201 2 2 2 127 2075 2036 2076
17202 2 2 2 127 2039 6581 2040
17203 2 2 2 127 2040 2097 2041
17204 2 2 2 127 2041 2096 2042
17205 2 2 2 127 2097 2096 2041
17206 2 2 2 127 2043 2116 2044
17207 2 2 2 127 2044 2115 2045
17208 2 2 2 127 2116 2115 2044
17209 2 2 2 127 2045 6605 2046
17210 2 2 2 127 2055 6558 2056
17211 2 2 2 127 2059 2132 2060
17212 2 2 2 127 2060 2131 2061
17213 2 2 2 127 2132 2131 2060
17214 2 2 2 127 2072 2081 2073
17215 2 2 2 127 2073 2080 2074
17216 2 2 2 127 2081 2080 2073
17217 2 2 2 127 2077 6558 2078
17218 2 2 2 127 2091 2100 2092
17219 2 2 2 127 2092 2099 2093
17220 2 2 2 127 2100 2099 2092
17221 2 2 2 127 2093 6581 2094
17222 2 2 2 127 2113 2112 2137
17223 2 2 2 127 2137 2112 2138
17224 2 2 2 127 2136 2113 2137
17225 2 2 2 127 2135 6605 2136
17226 2 2 2 127 1 154 128
17227 2 2 2 127 143 230 1
17228 2 2 2 127 1 6394 154
17229 2 2 2 127 230 229 1
17230 2 2 2 127 3 150 149
17231 2 2 2 127 175 150 3
17232 2 2 2 127 134 133 4
17233 2 2 2 127 4 191 134
17234 2 2 2 127 4 170 176
17235 2 2 2 127 4 6387 170
17236 2 2 2 127 138 192 5
17237 2 2 2 127 5 6416 138
17238 2 2 2 127 207 214 5
17239 2 2 2 127 214 213 5
17240 2 2 2 127 234 208 6
17241 2 2 2 127 240 8 266
17242 2 2 2 127 255 342 8
17243 2 2 2 127 8 6396 266
17244 2 2 2 127 342 341 8
17245 2 2 2 127 261 10 262
17246 2 2 2 127 262 10 287
17247 2 2 2 127 245 11 246
17248 2 2 2 127 246 11 303
17249 2 2 2 127 288 11 282
17250 2 2 2 127 11 6375 282
17251 2 2 2 127 304 12 250
17252 2 2 2 127 12 6415 250
17253 2 2 2 127 326 12 319
17254 2 2 2 127 325 12 326
17255 2 2 2 127 320 13 346
17256 2 2 2 127 352 15 378
17257 2 2 2 127 367 454 15
17258 2 2 2 127 15 6389 378
17259 2 2 2 127 454 453 15
17260 2 2 2 127 374 373 17
17261 2 2 2 127 399 374 17
17262 2 2 2 127 357 18 358
17263 2 2 2 127 358 18 415
17264 2 2 2 127 400 18 394
17265 2 2 2 127 18 6380 394
17266 2 2 2 127 416 19 362
17267 2 2 2 127 19 6422 362
17268 2 2 2 127 438 19 431
17269 2 2 2 127 437 19 438
17270 2 2 2 127 432 20 458
17271 2 2 2 127 464 22 490
17272 2 2 2 127 479 566 22
17273 2 2 2 127 22 6405 490
17274 2 2 2 127 566 565 22
17275 2 2 2 127 424 23 425
17276 2 2 2 127 480 23 424
17277 2 2 2 127 23 8282 425
17278 2 2 2 127 485 24 486
17279 2 2 2 127 486 24 511
17280 2 2 2 127 469 25 470
17281 2 2 2 127 470 25 527
17282 2 2 2 127 512 25 506
17283 2 2 2 127 25 6379 506
17284 2 2 2 127 528 26 474
17285 2 2 2 127 26 6413 474
17286 2 2 2 127 543 550 26
17287 2 2 2 127 26 550 549
17288 2 2 2 127 27 570 544
17289 2 2 2 127 602 576 29
17290 2 2 2 127 678 29 591
17291 2 2 2 127 29 6390 602
17292 2 2 2 127 677 29 678
17293 2 2 2 127 597 31 598
17294 2 2 2 127 598 31 623
17295 2 2 2 127 32 582 581
17296 2 2 2 127 639 582 32
17297 2 2 2 127 624 32 618
17298 2 2 2 127 32 6376 618
17299 2 2 2 127 640 33 586
17300 2 2 2 127 33 6421 586
17301 2 2 2 127 662 33 655
17302 2 2 2 127 661 33 662
17303 2 2 2 127 656 34 682
17304 2 2 2 127 688 36 714
17305 2 2 2 127 790 36 703
17306 2 2 2 127 36 6406 714
17307 2 2 2 127 789 36 790
17308 2 2 2 127 201 200 37
17309 2 2 2 127 37 200 704
17310 2 2 2 127 37 8283 201
17311 2 2 2 127 709 38 710
17312 2 2 2 127 710 38 735
17313 2 2 2 127 693 39 694
17314 2 2 2 127 694 39 751
17315 2 2 2 127 736 39 730
17316 2 2 2 127 39 6373 730
17317 2 2 2 127 752 40 698
17318 2 2 2 127 40 6419 698
17319 2 2 2 127 767 774 40
17320 2 2 2 127 774 773 40
17321 2 2 2 127 794 768 41
17322 2 2 2 127 800 43 826
17323 2 2 2 127 902 43 815
17324 2 2 2 127 43 6403 826
17325 2 2 2 127 901 43 902
17326 2 2 2 127 821 45 822
17327 2 2 2 127 822 45 847
17328 2 2 2 127 805 46 806
17329 2 2 2 127 806 46 863
17330 2 2 2 127 848 46 842
17331 2 2 2 127 46 6388 842
17332 2 2 2 127 864 47 810
17333 2 2 2 127 47 6411 810
17334 2 2 2 127 886 47 879
17335 2 2 2 127 885 47 886
17336 2 2 2 127 880 48 906
17337 2 2 2 127 912 50 938
17338 2 2 2 127 927 1014 50
17339 2 2 2 127 50 6400 938
17340 2 2 2 127 1014 1013 50
17341 2 2 2 127 934 933 52
17342 2 2 2 127 959 934 52
17343 2 2 2 127 917 53 918
17344 2 2 2 127 918 53 975
17345 2 2 2 127 960 53 954
17346 2 2 2 127 53 6381 954
17347 2 2 2 127 976 54 922
17348 2 2 2 127 54 6410 922
17349 2 2 2 127 998 54 991
17350 2 2 2 127 997 54 998
17351 2 2 2 127 992 55 1018
17352 2 2 2 127 1024 57 1050
17353 2 2 2 127 1039 1126 57
17354 2 2 2 127 57 6397 1050
17355 2 2 2 127 1126 1125 57
17356 2 2 2 127 1046 1045 59
17357 2 2 2 127 1071 1046 59
17358 2 2 2 127 1029 60 1030
17359 2 2 2 127 1030 60 1087
17360 2 2 2 127 1072 60 1066
17361 2 2 2 127 60 6372 1066
17362 2 2 2 127 1088 61 1034
17363 2 2 2 127 61 6424 1034
17364 2 2 2 127 1110 61 1103
17365 2 2 2 127 1109 61 1110
17366 2 2 2 127 1104 62 1130
17367 2 2 2 127 1136 64 1162
17368 2 2 2 127 1151 1238 64
17369 2 2 2 127 64 6401 1162
17370 2 2 2 127 1238 1237 64
17371 2 2 2 127 1158 1157 66
17372 2 2 2 127 1183 1158 66
17373 2 2 2 127 1141 67 1142
17374 2 2 2 127 1142 67 1199
17375 2 2 2 127 1184 67 1178
17376 2 2 2 127 67 6377 1178
17377 2 2 2 127 1200 68 1146
17378 2 2 2 127 68 6418 1146
17379 2 2 2 127 1222 68 1215
17380 2 2 2 127 1221 68 1222
17381 2 2 2 127 1216 69 1242
17382 2 2 2 127 1248 71 1274
17383 2 2 2 127 1350 71 1263
17384 2 2 2 127 71 6391 1274
17385 2 2 2 127 1349 71 1350
17386 2 2 2 127 1270 1269 73
17387 2 2 2 127 1295 1270 73
17388 2 2 2 127 1253 74 1254
17389 2 2 2 127 1254 74 1311
17390 2 2 2 127 1296 74 1290
17391 2 2 2 127 74 6371 1290
17392 2 2 2 127 1312 75 1258
17393 2 2 2 127 75 6407 1258
17394 2 2 2 127 1334 75 1327
17395 2 2 2 127 1333 75 1334
17396 2 2 2 127 1328 76 1354
17397 2 2 2 127 1360 78 1386
17398 2 2 2 127 1462 78 1375
17399 2 2 2 127 78 6404 1386
17400 2 2 2 127 1461 78 1462
17401 2 2 2 127 1381 80 1382
17402 2 2 2 127 1382 80 1407
17403 2 2 2 127 1365 81 1366
17404 2 2 2 127 1366 81 1423
17405 2 2 2 127 1408 81 1402
17406 2 2 2 127 81 6385 1402
17407 2 2 2 127 1424 82 1370
17408 2 2 2 127 82 6417 1370
17409 2 2 2 127 1446 82 1439
17410 2 2 2 127 1445 82 1446
17411 2 2 2 127 1440 83 1466
17412 2 2 2 127 1472 85 1498
17413 2 2 2 127 1574 85 1487
17414 2 2 2 127 85 6398 1498
17415 2 2 2 127 1573 85 1574
17416 2 2 2 127 1493 87 1494
17417 2 2 2 127 1494 87 1519
17418 2 2 2 127 1477 88 1478
17419 2 2 2 127 1478 88 1535
17420 2 2 2 127 1520 88 1514
17421 2 2 2 127 88 6383 1514
17422 2 2 2 127 1536 89 1482
17423 2 2 2 127 89 6409 1482
17424 2 2 2 127 1558 89 1551
17425 2 2 2 127 1557 89 1558
17426 2 2 2 127 1552 90 1578
17427 2 2 2 127 1610 1584 92
17428 2 2 2 127 92 1599 1686
17429 2 2 2 127 92 6399 1610
17430 2 2 2 127 1686 1685 92
17431 2 2 2 127 1605 94 1606
17432 2 2 2 127 1606 94 1631
17433 2 2 2 127 1590 1589 95
17434 2 2 2 127 1647 1590 95
17435 2 2 2 127 1626 1632 95
17436 2 2 2 127 95 6378 1626
17437 2 2 2 127 1648 96 1594
17438 2 2 2 127 96 6412 1594
17439 2 2 2 127 1663 1670 96
17440 2 2 2 127 1670 1669 96
17441 2 2 2 127 1690 1664 97
17442 2 2 2 127 1722 1696 99
17443 2 2 2 127 99 1711 1798
17444 2 2 2 127 99 6393 1722
17445 2 2 2 127 1798 1797 99
17446 2 2 2 127 1717 101 1718
17447 2 2 2 127 1718 101 1743
17448 2 2 2 127 102 1702 1701
17449 2 2 2 127 102 1759 1702
17450 2 2 2 127 1744 102 1738
17451 2 2 2 127 102 6382 1738
17452 2 2 2 127 1706 1760 103
17453 2 2 2 127 103 6414 1706
17454 2 2 2 127 103 1775 1782
17455 2 2 2 127 103 1782 1781
17456 2 2 2 127 1802 1776 104
17457 2 2 2 127 1808 106 1834
17458 2 2 2 127 1910 106 1823
17459 2 2 2 127 106 6392 1834
17460 2 2 2 127 1909 106 1910
17461 2 2 2 127 1829 108 1830
17462 2 2 2 127 1830 108 1855
17463 2 2 2 127 1813 109 1814
17464 2 2 2 127 1814 109 1871
17465 2 2 2 127 1856 109 1850
17466 2 2 2 127 109 6386 1850
17467 2 2 2 127 1818 1872 110
17468 2 2 2 127 110 6420 1818
17469 2 2 2 127 1887 1894 110
17470 2 2 2 127 1894 1893 110
17471 2 2 2 127 1914 1888 111
17472 2 2 2 127 1920 113 1946
17473 2 2 2 127 2022 113 1935
17474 2 2 2 127 113 6402 1946
17475 2 2 2 127 2021 113 2022
17476 2 2 2 127 1941 115 1942
17477 2 2 2 127 1942 115 1967
17478 2 2 2 127 1925 116 1926
17479 2 2 2 127 1926 116 1983
17480 2 2 2 127 1968 116 1962
17481 2 2 2 127 116 6384 1962
17482 2 2 2 127 1984 117 1930
17483 2 2 2 127 117 6423 1930
17484 2 2 2 127 2006 117 1999
17485 2 2 2 127 2005 117 2006
17486 2 2 2 127 2000 118 2026
17487 2 2 2 127 2032 120 2058
17488 2 2 2 127 2134 120 2047
17489 2 2 2 127 120 6395 2058
17490 2 2 2 127 2133 120 2134
17491 2 2 2 127 2053 122 2054
17492 2 2 2 127 2054 122 2079
17493 2 2 2 127 2037 123 2038
17494 2 2 2 127 2038 123 2095
17495 2 2 2 127 2080 123 2074
17496 2 2 2 127 123 6374 2074
17497 2 2 2 127 2096 124 2042
17498 2 2 2 127 124 6408 2042
17499 2 2 2 127 2118 124 2111
17500 2 2 2 127 2117 124 2118
17501 2 2 2 127 2112 125 2138
17502 2 2 2 127 129 152 130
17503 2 2 2 127 130 173 131
17504 2 2 2 127 132 171 133
17505 2 2 2 127 171 6387 133
17506 2 2 2 127 134 191 135
17507 2 2 2 127 191 190 135
17508 2 2 2 127 194 193 136
17509 2 2 2 127 138 6416 139
17510 2 2 2 127 213 212 139
17511 2 2 2 127 139 6416 213
17512 2 2 2 127 141 211 210
17513 2 2 2 127 142 231 143
17514 2 2 2 127 231 230 143
17515 2 2 2 127 151 150 175
17516 2 2 2 127 174 151 175
17517 2 2 2 127 154 6394 155
17518 2 2 2 127 228 155 229
17519 2 2 2 127 155 6394 229
17520 2 2 2 127 226 157 227
17521 2 2 2 127 163 162 331
17522 2 2 2 127 331 162 332
17523 2 2 2 127 330 163 331
17524 2 2 2 127 177 168 178
17525 2 2 2 127 170 6387 171
17526 2 2 2 127 196 187 197
17527 2 2 2 127 194 189 195
17528 2 2 2 127 200 199 704
17529 2 2 2 127 206 215 207
17530 2 2 2 127 215 214 207
17531 2 2 2 127 210 209 232
17532 2 2 2 127 242 241 264
17533 2 2 2 127 243 242 285
17534 2 2 2 127 245 244 283
17535 2 2 2 127 283 6375 245
17536 2 2 2 127 246 303 247
17537 2 2 2 127 303 302 247
17538 2 2 2 127 306 305 248
17539 2 2 2 127 250 6415 251
17540 2 2 2 127 325 324 251
17541 2 2 2 127 251 6415 325
17542 2 2 2 127 323 322 253
17543 2 2 2 127 254 343 255
17544 2 2 2 127 343 342 255
17545 2 2 2 127 262 287 263
17546 2 2 2 127 287 286 263
17547 2 2 2 127 266 6396 267
17548 2 2 2 127 341 340 267
17549 2 2 2 127 267 6396 341
17550 2 2 2 127 339 338 269
17551 2 2 2 127 290 289 280
17552 2 2 2 127 282 6375 283
17553 2 2 2 127 294 293 461
17554 2 2 2 127 461 293 462
17555 2 2 2 127 308 299 309
17556 2 2 2 127 306 301 307
17557 2 2 2 127 319 318 327
17558 2 2 2 127 326 319 327
17559 2 2 2 127 322 321 344
17560 2 2 2 127 354 353 376
17561 2 2 2 127 355 354 397
17562 2 2 2 127 357 356 395
17563 2 2 2 127 395 6380 357
17564 2 2 2 127 358 415 359
17565 2 2 2 127 415 414 359
17566 2 2 2 127 418 417 360
17567 2 2 2 127 362 6422 363
17568 2 2 2 127 437 436 363
17569 2 2 2 127 363 6422 437
17570 2 2 2 127 435 434 365
17571 2 2 2 127 366 455 367
17572 2 2 2 127 455 454 367
17573 2 2 2 127 375 374 399
17574 2 2 2 127 398 375 399
17575 2 2 2 127 378 6389 379
17576 2 2 2 127 453 452 379
17577 2 2 2 127 379 6389 453
17578 2 2 2 127 451 450 381
17579 2 2 2 127 402 401 392
17580 2 2 2 127 394 6380 395
17581 2 2 2 127 420 411 421
17582 2 2 2 127 418 413 419
17583 2 2 2 127 424 423 480
17584 2 2 2 127 431 430 439
17585 2 2 2 127 438 431 439
17586 2 2 2 127 434 433 456
17587 2 2 2 127 465 488 466
17588 2 2 2 127 466 509 467
17589 2 2 2 127 468 507 469
17590 2 2 2 127 507 6379 469
17591 2 2 2 127 470 527 471
17592 2 2 2 127 527 526 471
17593 2 2 2 127 530 529 472
17594 2 2 2 127 474 6413 475
17595 2 2 2 127 549 548 475
17596 2 2 2 127 475 6413 549
17597 2 2 2 127 477 547 546
17598 2 2 2 127 478 567 479
17599 2 2 2 127 567 566 479
17600 2 2 2 127 486 511 487
17601 2 2 2 127 511 510 487
17602 2 2 2 127 490 6405 491
17603 2 2 2 127 565 564 491
17604 2 2 2 127 491 6405 565
17605 2 2 2 127 563 562 493
17606 2 2 2 127 513 504 514
17607 2 2 2 127 506 6379 507
17608 2 2 2 127 532 523 533
17609 2 2 2 127 530 525 531
17610 2 2 2 127 542 551 543
17611 2 2 2 127 551 550 543
17612 2 2 2 127 545 568 546
17613 2 2 2 127 555 554 611
17614 2 2 2 127 556 555 610
17615 2 2 2 127 610 555 611
17616 2 2 2 127 578 577 600
17617 2 2 2 127 579 578 621
17618 2 2 2 127 581 580 619
17619 2 2 2 127 619 6376 581
17620 2 2 2 127 583 582 639
17621 2 2 2 127 638 583 639
17622 2 2 2 127 641 584 642
17623 2 2 2 127 586 6421 587
17624 2 2 2 127 661 660 587
17625 2 2 2 127 587 6421 661
17626 2 2 2 127 659 658 589
17627 2 2 2 127 591 590 679
17628 2 2 2 127 678 591 679
17629 2 2 2 127 598 623 599
17630 2 2 2 127 623 622 599
17631 2 2 2 127 602 6390 603
17632 2 2 2 127 676 603 677
17633 2 2 2 127 603 6390 677
17634 2 2 2 127 674 605 675
17635 2 2 2 127 626 625 616
17636 2 2 2 127 618 6376 619
17637 2 2 2 127 645 644 635
17638 2 2 2 127 643 642 637
17639 2 2 2 127 655 654 663
17640 2 2 2 127 662 655 663
17641 2 2 2 127 658 657 680
17642 2 2 2 127 673 8424 674
17643 2 2 2 127 685 741 686
17644 2 2 2 127 742 741 685
17645 2 2 2 127 690 689 712
17646 2 2 2 127 691 690 733
17647 2 2 2 127 693 692 731
17648 2 2 2 127 731 6373 693
17649 2 2 2 127 695 694 751
17650 2 2 2 127 750 695 751
17651 2 2 2 127 754 753 696
17652 2 2 2 127 698 6419 699
17653 2 2 2 127 773 772 699
17654 2 2 2 127 699 6419 773
17655 2 2 2 127 771 770 701
17656 2 2 2 127 703 702 791
17657 2 2 2 127 790 703 791
17658 2 2 2 127 710 735 711
17659 2 2 2 127 735 734 711
17660 2 2 2 127 714 6406 715
17661 2 2 2 127 789 788 715
17662 2 2 2 127 715 6406 789
17663 2 2 2 127 787 786 717
17664 2 2 2 127 738 737 728
17665 2 2 2 127 730 6373 731
17666 2 2 2 127 757 756 747
17667 2 2 2 127 755 754 749
17668 2 2 2 127 766 775 767
17669 2 2 2 127 775 774 767
17670 2 2 2 127 770 769 792
17671 2 2 2 127 802 801 824
17672 2 2 2 127 803 802 845
17673 2 2 2 127 805 804 843
17674 2 2 2 127 843 6388 805
17675 2 2 2 127 807 806 863
17676 2 2 2 127 862 807 863
17677 2 2 2 127 866 865 808
17678 2 2 2 127 810 6411 811
17679 2 2 2 127 885 884 811
17680 2 2 2 127 811 6411 885
17681 2 2 2 127 883 882 813
17682 2 2 2 127 815 814 903
17683 2 2 2 127 902 815 903
17684 2 2 2 127 822 847 823
17685 2 2 2 127 847 846 823
17686 2 2 2 127 826 6403 827
17687 2 2 2 127 901 900 827
17688 2 2 2 127 827 6403 901
17689 2 2 2 127 899 898 829
17690 2 2 2 127 850 849 840
17691 2 2 2 127 842 6388 843
17692 2 2 2 127 869 868 859
17693 2 2 2 127 867 866 861
17694 2 2 2 127 879 878 887
17695 2 2 2 127 886 879 887
17696 2 2 2 127 882 881 904
17697 2 2 2 127 914 913 936
17698 2 2 2 127 915 914 957
17699 2 2 2 127 917 916 955
17700 2 2 2 127 955 6381 917
17701 2 2 2 127 918 975 919
17702 2 2 2 127 975 974 919
17703 2 2 2 127 978 977 920
17704 2 2 2 127 922 6410 923
17705 2 2 2 127 997 996 923
17706 2 2 2 127 923 6410 997
17707 2 2 2 127 995 994 925
17708 2 2 2 127 926 1015 927
17709 2 2 2 127 1015 1014 927
17710 2 2 2 127 935 934 959
17711 2 2 2 127 958 935 959
17712 2 2 2 127 938 6400 939
17713 2 2 2 127 1013 1012 939
17714 2 2 2 127 939 6400 1013
17715 2 2 2 127 1011 1010 941
17716 2 2 2 127 962 961 952
17717 2 2 2 127 954 6381 955
17718 2 2 2 127 981 980 971
17719 2 2 2 127 979 978 973
17720 2 2 2 127 991 990 999
17721 2 2 2 127 998 991 999
17722 2 2 2 127 994 993 1016
17723 2 2 2 127 1026 1025 1048
17724 2 2 2 127 1027 1026 1069
17725 2 2 2 127 1029 1028 1067
17726 2 2 2 127 1067 6372 1029
17727 2 2 2 127 1030 1087 1031
17728 2 2 2 127 1087 1086 1031
17729 2 2 2 127 1090 1089 1032
17730 2 2 2 127 1034 6424 1035
17731 2 2 2 127 1109 1108 1035
17732 2 2 2 127 1035 6424 1109
17733 2 2 2 127 1107 1106 1037
17734 2 2 2 127 1038 1127 1039
17735 2 2 2 127 1127 1126 1039
17736 2 2 2 127 1047 1046 1071
17737 2 2 2 127 1070 1047 1071
17738 2 2 2 127 1050 6397 1051
17739 2 2 2 127 1125 1124 1051
17740 2 2 2 127 1051 6397 1125
17741 2 2 2 127 1123 1122 1053
17742 2 2 2 127 1074 1073 1064
17743 2 2 2 127 1066 6372 1067
17744 2 2 2 127 1093 1092 1083
17745 2 2 2 127 1091 1090 1085
17746 2 2 2 127 1103 1102 1111
17747 2 2 2 127 1110 1103 1111
17748 2 2 2 127 1106 1105 1128
17749 2 2 2 127 1138 1137 1160
17750 2 2 2 127 1139 1138 1181
17751 2 2 2 127 1141 1140 1179
17752 2 2 2 127 1179 6377 1141
17753 2 2 2 127 1142 1199 1143
17754 2 2 2 127 1199 1198 1143
17755 2 2 2 127 1202 1201 1144
17756 2 2 2 127 1146 6418 1147
17757 2 2 2 127 1221 1220 1147
17758 2 2 2 127 1147 6418 1221
17759 2 2 2 127 1219 1218 1149
17760 2 2 2 127 1150 1239 1151
17761 2 2 2 127 1239 1238 1151
17762 2 2 2 127 1159 1158 1183
17763 2 2 2 127 1182 1159 1183
17764 2 2 2 127 1162 6401 1163
17765 2 2 2 127 1237 1236 1163
17766 2 2 2 127 1163 6401 1237
17767 2 2 2 127 1235 1234 1165
17768 2 2 2 127 1186 1185 1176
17769 2 2 2 127 1178 6377 1179
17770 2 2 2 127 1205 1204 1195
17771 2 2 2 127 1203 1202 1197
17772 2 2 2 127 1215 1214 1223
17773 2 2 2 127 1222 1215 1223
17774 2 2 2 127 1218 1217 1240
17775 2 2 2 127 1250 1249 1272
17776 2 2 2 127 1251 1250 1293
17777 2 2 2 127 1253 1252 1291
17778 2 2 2 127 1291 6371 1253
17779 2 2 2 127 1254 1311 1255
17780 2 2 2 127 1311 1310 1255
17781 2 2 2 127 1314 1313 1256
17782 2 2 2 127 1258 6407 1259
17783 2 2 2 127 1333 1332 1259
17784 2 2 2 127 1259 6407 1333
17785 2 2 2 127 1331 1330 1261
17786 2 2 2 127 1262 1351 1263
17787 2 2 2 127 1351 1350 1263
17788 2 2 2 127 1271 1270 1295
17789 2 2 2 127 1294 1271 1295
17790 2 2 2 127 1274 6391 1275
17791 2 2 2 127 1349 1348 1275
17792 2 2 2 127 1275 6391 1349
17793 2 2 2 127 1347 1346 1277
17794 2 2 2 127 1298 1297 1288
17795 2 2 2 127 1290 6371 1291
17796 2 2 2 127 1317 1316 1307
17797 2 2 2 127 1315 1314 1309
17798 2 2 2 127 1327 1326 1335
17799 2 2 2 127 1334 1327 1335
17800 2 2 2 127 1330 1329 1352
17801 2 2 2 127 1362 1361 1384
17802 2 2 2 127 1363 1362 1405
17803 2 2 2 127 1365 1364 1403
17804 2 2 2 127 1403 6385 1365
17805 2 2 2 127 1367 1366 1423
17806 2 2 2 127 1422 1367 1423
17807 2 2 2 127 1426 1425 1368
17808 2 2 2 127 1370 6417 1371
17809 2 2 2 127 1445 1444 1371
17810 2 2 2 127 1371 6417 1445
17811 2 2 2 127 1443 1442 1373
17812 2 2 2 127 1375 1374 1463
17813 2 2 2 127 1462 1375 1463
17814 2 2 2 127 1382 1407 1383
17815 2 2 2 127 1407 1406 1383
17816 2 2 2 127 1386 6404 1387
17817 2 2 2 127 1461 1460 1387
17818 2 2 2 127 1387 6404 1461
17819 2 2 2 127 1459 1458 1389
17820 2 2 2 127 1410 1409 1400
17821 2 2 2 127 1402 6385 1403
17822 2 2 2 127 1429 1428 1419
17823 2 2 2 127 1427 1426 1421
17824 2 2 2 127 1438 1447 1439
17825 2 2 2 127 1447 1446 1439
17826 2 2 2 127 1442 1441 1464
17827 2 2 2 127 1474 1473 1496
17828 2 2 2 127 1475 1474 1517
17829 2 2 2 127 1477 1476 1515
17830 2 2 2 127 1515 6383 1477
17831 2 2 2 127 1478 1535 1479
17832 2 2 2 127 1535 1534 1479
17833 2 2 2 127 1538 1537 1480
17834 2 2 2 127 1482 6409 1483
17835 2 2 2 127 1557 1556 1483
17836 2 2 2 127 1483 6409 1557
17837 2 2 2 127 1555 1554 1485
17838 2 2 2 127 1486 1575 1487
17839 2 2 2 127 1575 1574 1487
17840 2 2 2 127 1494 1519 1495
17841 2 2 2 127 1519 1518 1495
17842 2 2 2 127 1498 6398 1499
17843 2 2 2 127 1573 1572 1499
17844 2 2 2 127 1499 6398 1573
17845 2 2 2 127 1571 1570 1501
17846 2 2 2 127 1522 1521 1512
17847 2 2 2 127 1514 6383 1515
17848 2 2 2 127 1541 1540 1531
17849 2 2 2 127 1539 1538 1533
17850 2 2 2 127 1551 1550 1559
17851 2 2 2 127 1558 1551 1559
17852 2 2 2 127 1554 1553 1576
17853 2 2 2 127 1586 1585 1608
17854 2 2 2 127 1587 1586 1629
17855 2 2 2 127 1589 1588 1627
17856 2 2 2 127 1627 6378 1589
17857 2 2 2 127 1591 1590 1647
17858 2 2 2 127 1646 1591 1647
17859 2 2 2 127 1650 1649 1592
17860 2 2 2 127 1594 6412 1595
17861 2 2 2 127 1669 1668 1595
17862 2 2 2 127 1595 6412 1669
17863 2 2 2 127 1667 1666 1597
17864 2 2 2 127 1599 1598 1687
17865 2 2 2 127 1686 1599 1687
17866 2 2 2 127 1606 1631 1607
17867 2 2 2 127 1631 1630 1607
17868 2 2 2 127 1610 6399 1611
17869 2 2 2 127 1611 1685 1684
17870 2 2 2 127 1611 6399 1685
17871 2 2 2 127 1613 1683 1682
17872 2 2 2 127 1624 1634 1633
17873 2 2 2 127 1626 6378 1627
17874 2 2 2 127 1653 1652 1643
17875 2 2 2 127 1651 1650 1645
17876 2 2 2 127 1662 1671 1663
17877 2 2 2 127 1671 1670 1663
17878 2 2 2 127 1666 1665 1688
17879 2 2 2 127 1720 1698 1697
17880 2 2 2 127 1741 1699 1698
17881 2 2 2 127 1701 1700 1739
17882 2 2 2 127 1739 6382 1701
17883 2 2 2 127 1702 1759 1703
17884 2 2 2 127 1759 1758 1703
17885 2 2 2 127 1762 1761 1704
17886 2 2 2 127 1706 6414 1707
17887 2 2 2 127 1781 1780 1707
17888 2 2 2 127 1707 6414 1781
17889 2 2 2 127 1779 1778 1709
17890 2 2 2 127 1711 1710 1799
17891 2 2 2 127 1798 1711 1799
17892 2 2 2 127 1718 1743 1719
17893 2 2 2 127 1743 1742 1719
17894 2 2 2 127 1722 6393 1723
17895 2 2 2 127 1797 1796 1723
17896 2 2 2 127 1723 6393 1797
17897 2 2 2 127 1795 1794 1725
17898 2 2 2 127 1746 1745 1736
17899 2 2 2 127 1738 6382 1739
17900 2 2 2 127 1764 1755 1765
17901 2 2 2 127 1762 1757 1763
17902 2 2 2 127 1769 8228 5339
17903 2 2 2 127 1775 1774 1783
17904 2 2 2 127 1782 1775 1783
17905 2 2 2 127 1778 1777 1800
17906 2 2 2 127 1810 1809 1832
17907 2 2 2 127 1811 1810 1853
17908 2 2 2 127 1813 1812 1851
17909 2 2 2 127 1851 6386 1813
17910 2 2 2 127 1815 1814 1871
17911 2 2 2 127 1870 1815 1871
17912 2 2 2 127 1874 1873 1816
17913 2 2 2 127 1818 6420 1819
17914 2 2 2 127 1893 1892 1819
17915 2 2 2 127 1819 6420 1893
17916 2 2 2 127 1891 1890 1821
17917 2 2 2 127 1823 1822 1911
17918 2 2 2 127 1910 1823 1911
17919 2 2 2 127 1830 1855 1831
17920 2 2 2 127 1855 1854 1831
17921 2 2 2 127 1834 6392 1835
17922 2 2 2 127 1909 1908 1835
17923 2 2 2 127 1835 6392 1909
17924 2 2 2 127 1907 1906 1837
17925 2 2 2 127 1858 1857 1848
17926 2 2 2 127 1850 6386 1851
17927 2 2 2 127 1867 1877 1876
17928 2 2 2 127 1875 1874 1869
17929 2 2 2 127 1886 1895 1887
17930 2 2 2 127 1895 1894 1887
17931 2 2 2 127 1912 1890 1889
17932 2 2 2 127 1922 1921 1944
17933 2 2 2 127 1923 1922 1965
17934 2 2 2 127 1925 1924 1963
17935 2 2 2 127 1963 6384 1925
17936 2 2 2 127 1927 1926 1983
17937 2 2 2 127 1982 1927 1983
17938 2 2 2 127 1986 1985 1928
17939 2 2 2 127 1930 6423 1931
17940 2 2 2 127 2005 2004 1931
17941 2 2 2 127 1931 6423 2005
17942 2 2 2 127 2003 2002 1933
17943 2 2 2 127 1935 1934 2023
17944 2 2 2 127 2022 1935 2023
17945 2 2 2 127 1942 1967 1943
17946 2 2 2 127 1967 1966 1943
17947 2 2 2 127 1946 6402 1947
17948 2 2 2 127 2021 2020 1947
17949 2 2 2 127 1947 6402 2021
17950 2 2 2 127 2019 2018 1949
17951 2 2 2 127 1970 1969 1960
17952 2 2 2 127 1962 6384 1963
17953 2 2 2 127 1989 1988 1979
17954 2 2 2 127 1987 1986 1981
17955 2 2 2 127 1998 2007 1999
17956 2 2 2 127 2007 2006 1999
17957 2 2 2 127 2002 2001 2024
17958 2 2 2 127 2034 2033 2056
17959 2 2 2 127 2035 2034 2077
17960 2 2 2 127 2037 2036 2075
17961 2 2 2 127 2075 6374 2037
17962 2 2 2 127 2038 2095 2039
17963 2 2 2 127 2095 2094 2039
17964 2 2 2 127 2098 2097 2040
17965 2 2 2 127 2042 6408 2043
17966 2 2 2 127 2117 2116 2043
17967 2 2 2 127 2043 6408 2117
17968 2 2 2 127 2115 2114 2045
17969 2 2 2 127 2046 2135 2047
17970 2 2 2 127 2135 2134 2047
17971 2 2 2 127 2055 2054 2079
17972 2 2 2 127 2078 2055 2079
17973 2 2 2 127 2058 6395 2059
17974 2 2 2 127 2133 2132 2059
17975 2 2 2 127 2059 6395 2133
17976 2 2 2 127 2131 2130 2061
17977 2 2 2 127 2082 2081 2072
17978 2 2 2 127 2074 6374 2075
17979 2 2 2 127 2101 2100 2091
17980 2 2 2 127 2099 2098 2093
17981 2 2 2 127 2111 2110 2119
17982 2 2 2 127 2118 2111 2119
17983 2 2 2 127 2114 2113 2136
17984 2 2 2 127 6957 8251 7371
17985 2 2 2 127 7057 8420 6969
17986 2 2 2 127 7678 7760 6985
17987 2 2 2 127 7404 8468 7307
17988 2 2 2 127 7360 8043 7358
17989 2 2 2 127 7802 8124 7368
17990 2 2 2 127 7382 8212 7380
17991 2 2 2 127 7381 7890 7756
17992 2 2 2 127 7550 8206 7442
17993 2 2 2 127 7501 7980 7499
17994 2 2 2 127 7527 7783 7508
17995 2 2 2 127 8376 8502 7606
17996 2 2 2 127 8284 8778 8306
$EndElements
