$MeshFormat
2.2 0 8
$EndMeshFormat
$PhysicalNames
3
1 3 "outer"
2 1 "copper"
2 2 "air"
$EndPhysicalNames
$Nodes
9051
1 -2.148773449911959e-05 -0.0006730450775225819 0
2 -6.621688872448644e-05 -0.0004481764340360072 0
3 -0.0002385942693857228 -0.0005993473396282543 0
4 -0.000193865115160356 -0.0008242159831148289 0
5 2.324141972624728e-05 -0.0008979137210091564 0
6 0.0001956188003874836 -0.0007467428154169096 0
7 0.0001508896461621168 -0.0005218741719303347 0
8 0.0006283248953891243 -0.0004524634128438069 0
9 0.0005835957411637574 -0.0002275947693572323 0
10 0.000411218360502521 -0.0003787656749494794 0
11 0.0004559475147278879 -0.000603634318436054 0
12 0.0006730540496144911 -0.0006773320563303815 0
13 0.0008454314302757275 -0.0005261611507381346 0
14 0.0008007022760503607 -0.0003012925072515598 0
15 0.0007622018851123665 0.0002205816646787749 0
16 0.0007174727308869997 0.0004454503081653494 0
17 0.0005450953502257633 0.0002942794025731025 0
18 0.0005898245044511301 6.941075908652782e-05 0
19 0.0008069310393377334 -4.286978807799747e-06 0
20 0.0009793084199989698 0.0001468839267844472 0
21 0.0009345792657736029 0.0003717525702710221 0
22 0.0002462662449473648 0.0006730450775225819 0
23 0.000201537090721998 0.0008979137210091564 0
24 2.91597100607616e-05 0.0007467428154169095 0
25 7.388886428612843e-05 0.0005218741719303348 0
26 0.0002909953991727317 0.0004481764340360072 0
27 0.000463372779833968 0.0005993473396282542 0
28 0.0004186436256086012 0.000824215983114829 0
29 -0.0004035463849408789 0.0004524634128438072 0
30 -0.0004482755391662458 0.0006773320563303818 0
31 -0.0006206529198274822 0.0005261611507381348 0
32 -0.0005759237656021152 0.0003012925072515601 0
33 -0.0003588172307155121 0.0002275947693572325 0
34 -0.0001864398500542757 0.0003787656749494795 0
35 -0.0002311690042796425 0.0006036343184360544 0
36 -0.0005374233746641212 -0.0002205816646787751 0
37 -0.0005821525288894881 4.286978807799563e-06 0
38 -0.0007545299095507244 -0.0001468839267844475 0
39 -0.0007098007553253576 -0.0003717525702710222 0
40 -0.0004926942204387544 -0.0004454503081653497 0
41 -0.0003203168397775181 -0.0002942794025731027 0
42 -0.0003650459940028849 -6.941075908652796e-05 0
43 0.0002021525399357843 -0.001369523074554319 0
44 0.0001574233857104174 -0.001144654431067744 0
45 -1.495399495081887e-05 -0.001295825336659991 0
46 2.977515927454797e-05 -0.001520693980146566 0
47 0.0002468816941611512 -0.001594391718040893 0
48 0.0004192590748223875 -0.001443220812448647 0
49 0.0003745299205970207 -0.001218352168962072 0
50 0.0008748880773887164 -0.001141160131277179 0
51 0.0008301589231633496 -0.0009162914877906044 0
52 0.0006577815425021132 -0.001067462393382851 0
53 0.00070251069672748 -0.001292331036869426 0
54 0.0009196172316140832 -0.001366028774763754 0
55 0.001091994612275319 -0.001214857869171507 0
56 0.001047265458049953 -0.000989989225684932 0
57 0.001343312671212963 -0.0006070242523897252 0
58 0.001298583516987596 -0.0003821556089031506 0
59 0.00112620613632636 -0.0005333265144953977 0
60 0.001170935290551727 -0.0007581951579819724 0
61 0.00138804182543833 -0.0008318928958762998 0
62 0.001560419206099566 -0.0006807219902840529 0
63 0.001515690051874199 -0.0004558533467974781 0
64 0.001481912329778441 8.976328471166168e-05 0
65 0.001437183175553074 0.0003146319281982363 0
66 0.001264805794891838 0.0001634610226059893 0
67 0.001309534949117205 -6.140762088058541e-05 0
68 0.001526641484003808 -0.000135105358774913 0
69 0.001699018864665045 1.606554681733395e-05 0
70 0.001654289710439678 0.0002409341903039088 0
71 0.001253549386501302 0.0007624988221645938 0
72 0.001208820232275935 0.0009873674656511685 0
73 0.001036442851614699 0.0008361965600589215 0
74 0.001081172005840065 0.0006113279165723468 0
75 0.001298278540726668 0.0005376301786780191 0
76 0.001470655921387905 0.0006888010842702661 0
77 0.001425926767162538 0.0009136697277568409 0
78 0.0007194135076138474 0.001230923415988841 0
79 0.0006746843533884804 0.001455792059475416 0
80 0.000502306972727244 0.001304621153883169 0
81 0.000547036126952611 0.001079752510396594 0
82 0.0007641426618392142 0.001006054772502266 0
83 0.0009365200425004505 0.001157225678094513 0
84 0.0008917908882750836 0.001382094321581088 0
85 2.262597051246071e-05 0.001369523074554319 0
86 -2.210318371290623e-05 0.001594391718040894 0
87 -0.0001944805643741426 0.001443220812448646 0
88 -0.0001497514101487757 0.001218352168962072 0
89 6.735512473782755e-05 0.001144654431067744 0
90 0.0002397325053990638 0.001295825336659991 0
91 0.000195003351173697 0.001520693980146566 0
92 -0.0006501095669404712 0.001141160131277179 0
93 -0.000694838721165838 0.001366028774763754 0
94 -0.0008672161018270743 0.001214857869171507 0
95 -0.0008224869476017076 0.000989989225684932 0
96 -0.0006053804127151043 0.0009162914877906046 0
97 -0.000433003032053868 0.001067462393382851 0
98 -0.0004777321862792348 0.001292331036869426 0
99 -0.001118534160764718 0.0006070242523897259 0
100 -0.001163263314990085 0.0008318928958763006 0
101 -0.001335640695651321 0.0006807219902840536 0
102 -0.001290911541425954 0.0004558533467974789 0
103 -0.001073805006539351 0.0003821556089031513 0
104 -0.0009014276258781146 0.0005333265144953983 0
105 -0.0009461567801034814 0.0007581951579819731 0
106 -0.001257133819330196 -8.976328471166115e-05 0
107 -0.001301862973555563 0.0001351053587749135 0
108 -0.0014742403542168 -1.606554681733353e-05 0
109 -0.001429511199991433 -0.0002409341903039082 0
110 -0.00121240466510483 -0.0003146319281982357 0
111 -0.001040027284443593 -0.0001634610226059888 0
112 -0.00108475643866896 6.140762088058596e-05 0
113 -0.001028770876053057 -0.0007624988221645937 0
114 -0.001073500030278424 -0.0005376301786780191 0
115 -0.00124587741093966 -0.0006888010842702661 0
116 -0.001201148256714293 -0.0009136697277568407 0
117 -0.0009840417218276898 -0.0009873674656511683 0
118 -0.0008116643411664534 -0.0008361965600589215 0
119 -0.0008563934953918201 -0.0006113279165723465 0
120 -0.0004946349971656034 -0.00123092341598884 0
121 -0.0005393641513909703 -0.001006054772502266 0
122 -0.0007117415320522065 -0.001157225678094513 0
123 -0.0006670123778268397 -0.001382094321581087 0
124 -0.0004499058429402366 -0.001455792059475415 0
125 -0.0002775284622790002 -0.001304621153883168 0
126 -0.0003222576165043671 -0.001079752510396593 0
127 0.01712443368899227 0 0
128 -2.973742849713121e-05 -0.0006307804767618265 0
129 -5.183263344193896e-05 -0.0005962331755006977 0
130 -8.497107927803087e-05 -0.0005718543832203985 0
131 -0.0001247993964678579 -0.0005610230172374632 0
132 -0.000165839811885359 -0.0005652966543820744 0
133 -0.0002024633681804584 -0.0005840099531055494 0
134 -0.0002298333522878694 -0.0006145325047437444 0
135 -0.000244390271539296 -0.0006525961354453388 0
136 -0.0002444120537441956 -0.0006933759484266206 0
137 -0.0002298333538952972 -0.0007315576476653548 0
138 -0.0002024633731040484 -0.0007620801981468279 0
139 -0.0001658398180393443 -0.0007807934988375522 0
140 -0.0001247994004662618 -0.0007850671381317071 0
141 -8.497108691901811e-05 -0.0007742357755176879 0
142 -5.183263564317163e-05 -0.0007498569818956476 0
143 -2.973742848054096e-05 -0.0007153096782424592 0
144 -7.446383304160737e-05 -0.0004059186090945556 0
145 -9.655146992803193e-05 -0.0003713755540852554 0
146 -0.0001296791823062737 -0.0003469959165720092 0
147 -0.0001694965443629966 -0.0003361569719536406 0
148 -0.0002105317003075602 -0.0003404169632642723 0
149 -0.0002471567336383958 -0.0003591137519350539 0
150 -0.000274535928289556 -0.000389620297157518 0
151 -0.0002891309766141431 -0.0004277900156627706 0
152 -0.0002891309753451313 -0.000468562859289182 0
153 -0.0002745359245251879 -0.0005067325770814846 0
154 -0.000247156730125675 -0.0005372391188406639 0
155 -0.0002105316959194007 -0.0005559359061078082 0
156 -0.00016949653958746 -0.0005601958957300195 0
157 -0.000129679182248958 -0.0005493569514722896 0
158 -9.655146988590469e-05 -0.00052497731394175 0
159 -7.446383302501965e-05 -0.0004904342589365792 0
160 -0.0002468412138151476 -0.0005570895144100355 0
161 -0.0002689288487684021 -0.0005225464616229306 0
162 -0.0003020565561325488 -0.0004981668254693779 0
163 -0.0003418739175568789 -0.0004873278781531449 0
164 -0.0003829090743177441 -0.0004915878668860334 0
165 -0.0004195341092192437 -0.0005102846536169808 0
166 -0.0004469133058709291 -0.0005407911977041692 0
167 -0.000461508356289453 -0.0005789609159098245 0
168 -0.0004615083569399634 -0.0006197337598199473 0
169 -0.0004469133078005883 -0.0006579034783910691 0
170 -0.0004195341122495773 -0.0006884100233071128 0
171 -0.0003829090781032962 -0.0007071068112489419 0
172 -0.0003418739215564497 -0.0007113668014286153 0
173 -0.0003020565637702893 -0.0007005278574804451 0
174 -0.0002689288509685815 -0.0006761482199842675 0
175 -0.0002468412137985599 -0.0006416051648055937 0
176 -0.0002021120595473019 -0.0007819581580012971 0
177 -0.0002241996943836256 -0.0007474151052798197 0
178 -0.0002573274015818516 -0.0007230354691132696 0
179 -0.0002971447628368552 -0.0007121965216799459 0
180 -0.0003381799171473682 -0.0007164565095000997 0
181 -0.0003748049525441889 -0.0007351532952180571 0
182 -0.0004021841500269299 -0.0007656598385390144 0
183 -0.0004167792014986325 -0.0008038295563307963 0
184 -0.0004167792032998443 -0.0008446024001336054 0
185 -0.0004021841553700041 -0.0008827721189373351 0
186 -0.0003748049609349421 -0.0009132786645533285 0
187 -0.0003381799276292613 -0.0009319754536241214 0
188 -0.0002971447715466003 -0.0009362354452580024 0
189 -0.000257327409219592 -0.0009253965008097026 0
190 -0.0002241996965838052 -0.0009010168633005276 0
191 -0.0002021120595307142 -0.0008664738081874813 0
192 1.499172588904233e-05 -0.000855649120644627 0
193 -7.103478614167019e-06 -0.0008211018196307133 0
194 -4.024192382415935e-05 -0.0007967230273007147 0
195 -8.007024037656084e-05 -0.0007858916608752415 0
196 -0.0001211106554874673 -0.0007901652972241845 0
197 -0.0001577342118695845 -0.0008088785949855965 0
198 -0.0001851041965145353 -0.0008394011456917653 0
199 -0.0001996611167145758 -0.0008774647756927975 0
200 -0.0001996829001884495 -0.0009182445882725944 0
201 -0.0001851042018809201 -0.0009564262875260666 0
202 -0.0001577342203036276 -0.0009869488405357242 0
203 -0.00012111066602916 -0.001005662141667008 0
204 -8.007024914910576e-05 -0.001009935781853945 0
205 -4.02419315224865e-05 -0.0009991044184382335 0
206 -7.103480857546031e-06 -0.0009747256247837983 0
207 1.499172588904244e-05 -0.0009401783213736855 0
208 0.0001873691066626005 -0.0007044782153291401 0
209 0.0001652739002253315 -0.0006699309120926312 0
210 0.0001321354499992103 -0.0006455521184036969 0
211 9.23071328195002e-05 -0.0006347207546780619 0
212 5.126671852339851e-05 -0.0006389943936047239 0
213 1.464316371454108e-05 -0.0006577076933043975 0
214 -1.272681892873646e-05 -0.0006882302451430121 0
215 -2.728373704282089e-05 -0.0007262938754480563 0
216 -2.730551859666169e-05 -0.0007670736877395788 0
217 -1.272681860927652e-05 -0.0008052553862146982 0
218 1.464316181933101e-05 -0.0008357779360694854 0
219 5.126671615457921e-05 -0.0008544912365264012 0
220 9.230713281950214e-05 -0.000858764876155757 0
221 0.0001321354499992106 -0.0008479335124301221 0
222 0.0001652739002253323 -0.0008235547187411871 0
223 0.0001873691066626005 -0.0007890074155046789 0
224 0.000142639952394748 -0.000479609571737881 0
225 0.0001205447458404788 -0.0004450622684357063 0
226 8.740629544837479e-05 -0.0004206834747598216 0
227 4.757797809962079e-05 -0.0004098521111514148 0
228 6.537561353324666e-06 -0.0004141257509916763 0
229 -3.008599295893299e-05 -0.000432839051703672 0
230 -5.745597477040935e-05 -0.0004633616043070619 0
231 -7.201289183568008e-05 -0.0005014252350284106 0
232 -7.203467223868893e-05 -0.0005422050474245096 0
233 -5.745597104243987e-05 -0.0005803867456672066 0
234 -3.008598949718216e-05 -0.0006109092948236864 0
235 6.537565680159475e-06 -0.000629622594152519 0
236 4.75779828084228e-05 -0.0006338962323276819 0
237 8.740629544837489e-05 -0.0006230648691008478 0
238 0.0001205447458404796 -0.0005986860754249624 0
239 0.000142639952394748 -0.0005641387721227884 0
240 0.0006200752013911127 -0.0004101988120830514 0
241 0.0005979799964463048 -0.0003756515108219226 0
242 0.0005648415506102129 -0.0003512727185416235 0
243 0.0005250132334203858 -0.0003404413525586882 0
244 0.0004839728180028847 -0.0003447149897032994 0
245 0.0004473492617077854 -0.0003634282884267744 0
246 0.0004199792776003744 -0.0003939508400649694 0
247 0.0004054223583489479 -0.0004320144707665638 0
248 0.0004054005761440482 -0.0004727942837478457 0
249 0.0004199792759929467 -0.0005109759829865799 0
250 0.0004473492567841953 -0.0005414985334680529 0
251 0.0004839728118488997 -0.0005602118341587773 0
252 0.0005250132294219822 -0.0005644854734529321 0
253 0.0005648415429692259 -0.0005536541108389129 0
254 0.0005979799942450723 -0.0005292753172168724 0
255 0.0006200752014077029 -0.0004947280135636841 0
256 0.0005753487968466365 -0.0001853369444157807 0
257 0.0005532611599602118 -0.0001507938894064804 0
258 0.0005201334475819701 -0.0001264142518932342 0
259 0.0004803160855252471 -0.0001155753072748657 0
260 0.0004392809295806836 -0.0001198352985854974 0
261 0.000402655896249848 -0.000138532087256279 0
262 0.0003752767015986878 -0.0001690386324787431 0
263 0.0003606816532741007 -0.0002072083509839956 0
264 0.0003606816545431125 -0.000247981194610407 0
265 0.0003752767053630561 -0.0002861509124027097 0
266 0.0004026558997625691 -0.0003166574541618891 0
267 0.0004392809339688432 -0.0003353542414290332 0
268 0.000480316090300784 -0.0003396142310512446 0
269 0.0005201334476392861 -0.0003287752867935146 0
270 0.0005532611600023392 -0.000304395649262975 0
271 0.0005753487968632242 -0.0002698525942578043 0
272 0.0004029714160730963 -0.0003365078497312606 0
273 0.0003808837811198418 -0.0003019647969441556 0
274 0.000347756073755695 -0.000277585160790603 0
275 0.000307938712331365 -0.00026674621347437 0
276 0.0002669035555704997 -0.0002710062022072585 0
277 0.0002302785206690001 -0.0002897029889382059 0
278 0.0002028993240173147 -0.0003202095330253943 0
279 0.0001883042735987908 -0.0003583792512310497 0
280 0.0001883042729482805 -0.0003991520951411724 0
281 0.0002028993220876556 -0.0004373218137122942 0
282 0.0002302785176386667 -0.0004678283586283379 0
283 0.0002669035517849477 -0.0004865251465701669 0
284 0.0003079387083317943 -0.0004907851367498403 0
285 0.0003477560661179546 -0.0004799461928016702 0
286 0.0003808837789196624 -0.0004555665553054924 0
287 0.000402971416089684 -0.0004210235001268186 0
288 0.000447700570340942 -0.0005613764933225223 0
289 0.0004256129355046182 -0.0005268334406010448 0
290 0.0003924852283063923 -0.0005024538044344947 0
291 0.0003526678670513887 -0.000491614857001171 0
292 0.0003116327127408757 -0.0004958748448213249 0
293 0.000275007677344055 -0.0005145716305392823 0
294 0.0002476284798613139 -0.0005450781738602396 0
295 0.0002330334283896114 -0.0005832478916520215 0
296 0.0002330334265883996 -0.0006240207354548306 0
297 0.0002476284745182397 -0.0006621904542585602 0
298 0.0002750076689533017 -0.0006926969998745536 0
299 0.0003116327022589826 -0.0007113937889453465 0
300 0.0003526678583416435 -0.0007156537805792276 0
301 0.0003924852206686517 -0.0007048148361309278 0
302 0.0004256129333044387 -0.0006804351986217527 0
303 0.0004477005703575296 -0.0006458921435087063 0
304 0.0006648043557772861 -0.0006350674559658521 0
305 0.0006427091512740767 -0.0006005201549519384 0
306 0.0006095707060640844 -0.0005761413626219398 0
307 0.0005697423895116829 -0.0005653099961964666 0
308 0.0005287019744007763 -0.0005695836325454096 0
309 0.0004920784180186593 -0.0005882969303068216 0
310 0.0004647084333737084 -0.0006188194810129906 0
311 0.0004501515131736679 -0.0006568831110140228 0
312 0.0004501297296997943 -0.0006976629235938196 0
313 0.0004647084280073237 -0.0007358446228472918 0
314 0.0004920784095846163 -0.0007663671758569496 0
315 0.0005287019638590837 -0.0007850804769882332 0
316 0.0005697423807391383 -0.0007893541171751705 0
317 0.0006095706983657574 -0.0007785227537594585 0
318 0.0006427091490306977 -0.0007541439601050236 0
319 0.0006648043557772863 -0.0007195966566949107 0
320 0.0008371817365508444 -0.0004838965506503651 0
321 0.0008150865301135753 -0.0004493492474138563 0
322 0.0007819480798874542 -0.0004249704537249219 0
323 0.000742119762707744 -0.0004141390899992869 0
324 0.0007010793484116424 -0.000418412728925949 0
325 0.0006644557936027849 -0.0004371260286256225 0
326 0.0006370858109595075 -0.000467648580464237 0
327 0.000622528892845423 -0.0005057122107692813 0
328 0.0006225071112915822 -0.0005464920230608038 0
329 0.0006370858112789673 -0.0005846737215359231 0
330 0.0006644557917075749 -0.0006151962713907104 0
331 0.000701079346042823 -0.0006339095718476262 0
332 0.000742119762707746 -0.000638183211476982 0
333 0.0007819480798874544 -0.0006273518477513472 0
334 0.0008150865301135761 -0.0006029730540624121 0
335 0.0008371817365508444 -0.0005684257508259038 0
336 0.0007924525822829919 -0.000259027907059106 0
337 0.0007703573757287226 -0.0002244806037569313 0
338 0.0007372189253366186 -0.0002001018100810466 0
339 0.0006973906079878646 -0.0001892704464726398 0
340 0.0006563501912415685 -0.0001935440863129014 0
341 0.0006197266369293109 -0.0002122573870248971 0
342 0.0005923566551178345 -0.0002427799396282869 0
343 0.0005777997380525638 -0.0002808435703496357 0
344 0.0005777779576495549 -0.0003216233827457346 0
345 0.000592356658845804 -0.0003598050809884317 0
346 0.0006197266403910618 -0.0003903276301449115 0
347 0.0006563501955684036 -0.0004090409294737441 0
348 0.0006973906126966668 -0.000413314567648907 0
349 0.0007372189253366189 -0.0004024832044220728 0
350 0.0007703573757287236 -0.0003781044107461874 0
351 0.000792452582282992 -0.0003435571074440132 0
352 0.0007539521911143548 0.0002628462654395304 0
353 0.0007318569861695471 0.0002973935667006592 0
354 0.0006987185403334551 0.0003217723589809584 0
355 0.0006588902231436281 0.0003326037249638936 0
356 0.0006178498077261269 0.0003283300878192824 0
357 0.0005812262514310277 0.0003096167890958074 0
358 0.0005538562673236167 0.0002790942374576125 0
359 0.0005392993480721901 0.0002410306067560181 0
360 0.0005392775658672904 0.0002002507937747362 0
361 0.0005538562657161889 0.0001620690945360019 0
362 0.0005812262465074376 0.000131546544054529 0
363 0.000617849801572142 0.0001128332433638046 0
364 0.0006588902191452244 0.0001085596040696497 0
365 0.0006987185326924681 0.0001193909666836689 0
366 0.0007318569839683146 0.0001437697603057094 0
367 0.0007539521911309452 0.0001783170639588978 0
368 0.0007092257865698787 0.000487708133106801 0
369 0.0006871381496834541 0.0005222511881161013 0
370 0.0006540104373052124 0.0005466308256293474 0
371 0.0006141930752484895 0.0005574697702477161 0
372 0.0005731579193039259 0.0005532097789370844 0
373 0.0005365328859730903 0.0005345129902663027 0
374 0.0005091536913219302 0.0005040064450438388 0
375 0.000494558642997343 0.0004658367265385861 0
376 0.0004945586442663548 0.0004250638829121747 0
377 0.0005091536950862982 0.0003868941651198721 0
378 0.0005365328894858111 0.0003563876233606928 0
379 0.0005731579236920854 0.0003376908360935485 0
380 0.0006141930800240261 0.000333430846471337 0
381 0.0006540104373625281 0.000344269790729067 0
382 0.0006871381497255814 0.0003686494282596067 0
383 0.0007092257865864665 0.0004031924832647775 0
384 0.0005368484057963385 0.0003365372277913213 0
385 0.000514760770843084 0.0003710802805784262 0
386 0.0004816330634789373 0.0003954599167319789 0
387 0.0004418157020546072 0.0004062988640482119 0
388 0.000400780545293742 0.0004020388753153234 0
389 0.0003641555103922424 0.000383342088584376 0
390 0.000336776313740557 0.0003528355444971876 0
391 0.0003221812633220331 0.0003146658262915323 0
392 0.0003221812626715227 0.0002738929823814095 0
393 0.0003367763118108979 0.0002357232638102876 0
394 0.000364155507361909 0.0002052167188942439 0
395 0.00040078054150819 0.0001865199309524149 0
396 0.0004418156980550367 0.0001822599407727415 0
397 0.0004816330558411969 0.0001930988847209117 0
398 0.0005147607686429046 0.0002174785222170895 0
399 0.0005368484058129263 0.0002520215773957633 0
400 0.0005815775600641843 0.0001116685842000596 0
401 0.0005594899252278605 0.0001462116369215371 0
402 0.0005263622180296344 0.0001705912730880871 0
403 0.0004865448567746309 0.0001814302205214109 0
404 0.0004455097024641179 0.000177170232701257 0
405 0.0004088846670672972 0.0001584734469832995 0
406 0.0003815054695845562 0.0001279669036623422 0
407 0.0003669104181128537 8.979718587056038e-05 0
408 0.0003669104163116419 4.902434206775139e-05 0
409 0.000381505464241482 1.085462326402158e-05 0
410 0.0004088846586765441 -1.965192235197186e-05 0
411 0.000445509691982225 -3.834871142276463e-05 0
412 0.0004865448480648859 -4.260870305664572e-05 0
413 0.0005263622103918942 -3.176975860834583e-05 0
414 0.0005594899230276811 -7.390121099170739e-06 0
415 0.000581577560080772 2.715293401387561e-05 0
416 0.0007986813455005284 3.797762155672966e-05 0
417 0.000776586140997319 7.252492257064341e-05 0
418 0.0007434476957873267 9.690371490064196e-05 0
419 0.0007036193792349251 0.0001077350813261152 0
420 0.0006625789641240186 0.0001034614449771722 0
421 0.0006259554077419015 8.474814721576022e-05 0
422 0.0005985854230969507 5.422559650959134e-05 0
423 0.0005840285028969102 1.616196650855919e-05 0
424 0.0005840067194230365 -2.461784607123771e-05 0
425 0.000598585417730566 -6.279954532470989e-05 0
426 0.0006259553993078585 -9.332209833436771e-05 0
427 0.0006625789535823259 -0.0001120353994656513 0
428 0.0007036193704623802 -0.0001163090396525887 0
429 0.0007434476880889996 -0.0001054776762368768 0
430 0.00077658613875394 -8.109888258244172e-05 0
431 0.0007986813455005284 -4.655157917232887e-05 0
432 0.0009710587262740866 0.0001891485268722167 0
433 0.0009489635198368176 0.0002236958301087256 0
434 0.0009158250696106964 0.0002480746237976599 0
435 0.0008759967524309863 0.0002589059875232948 0
436 0.0008349563381348845 0.0002546323485966328 0
437 0.0007983327833260272 0.0002359190488969593 0
438 0.0007709628006827497 0.0002053964970583447 0
439 0.0007564058825686652 0.0001673328667533005 0
440 0.0007563841010148245 0.000126553054461778 0
441 0.0007709628010022097 8.837135598665848e-05 0
442 0.0007983327814308172 5.784880613187133e-05 0
443 0.0008349563357660654 3.913550567495555e-05 0
444 0.0008759967524309885 3.486186604559971e-05 0
445 0.0009158250696106968 4.569322977123463e-05 0
446 0.0009489635198368185 7.007202346016975e-05 0
447 0.0009710587262740868 0.0001046193266966781 0
448 0.0009263295720062341 0.0004140171704634758 0
449 0.000904234365451965 0.0004485644737656506 0
450 0.0008710959150598609 0.0004729432674415353 0
451 0.0008312675977111069 0.000483774631049942 0
452 0.0007902271809648107 0.0004795009912096805 0
453 0.0007536036266525531 0.0004607876904976848 0
454 0.0007262336448410768 0.0004302651378942949 0
455 0.000711676727775806 0.0003922015071729462 0
456 0.0007116549473727972 0.0003514216947768473 0
457 0.0007262336485690463 0.0003132399965341502 0
458 0.000753603630114304 0.0002827174473776704 0
459 0.0007902271852916456 0.0002640041480488378 0
460 0.0008312676024199089 0.0002597305098736749 0
461 0.000871095915059861 0.000270561873100509 0
462 0.0009042343654519659 0.0002949406667763946 0
463 0.0009263295720062343 0.0003294879700785687 0
464 0.0002380165509493532 0.0007153096782833374 0
465 0.0002159213460045454 0.0007498569795444663 0
466 0.0001827829001684535 0.0007742357718247654 0
467 0.0001429545829786265 0.0007850671378077007 0
468 0.0001019141675611253 0.0007807935006630894 0
469 6.529061126602596e-05 0.0007620802019396145 0
470 3.792062715861496e-05 0.0007315576503014195 0
471 2.336370790718846e-05 0.000693494019599825 0
472 2.334192570228882e-05 0.0006527142066185431 0
473 3.792062555118724e-05 0.0006145325073798089 0
474 6.529060634243597e-05 0.000584009956898336 0
475 0.0001019141614071403 0.0005652966562076115 0
476 0.0001429545789802227 0.0005610230169134568 0
477 0.0001827828925274664 0.000571854379527476 0
478 0.0002159213438033129 0.0005962331731495165 0
479 0.0002380165509659435 0.0006307804768027048 0
480 0.000193290146404877 0.000940171545950608 0
481 0.0001712025095184525 0.0009747146009599083 0
482 0.0001380747971402107 0.0009990942384731545 0
483 9.825743508348774e-05 0.001009933183091523 0
484 5.72222791389242e-05 0.001005673191780891 0
485 2.059724580808856e-05 0.0009869764031101096 0
486 -6.78194884307162e-06 0.0009564698578876457 0
487 -2.137699716765878e-05 0.0009183001393823931 0
488 -2.137699589864696e-05 0.0008775272957559817 0
489 -6.78194507870353e-06 0.0008393575779636792 0
490 2.059724932080934e-05 0.0008088510362044999 0
491 5.722228352708352e-05 0.0007901542489373555 0
492 9.825743985902425e-05 0.0007858942593151441 0
493 0.0001380747971975264 0.000796733203572874 0
494 0.0001712025095605796 0.0008211128411034136 0
495 0.0001932901464214647 0.0008556558961085843 0
496 2.091276563133683e-05 0.0007890006406351283 0
497 -1.17486932191766e-06 0.0008235436934222332 0
498 -3.430257668606442e-05 0.0008479233295757859 0
499 -7.411993811039451e-05 0.0008587622768920188 0
500 -0.0001151550948712598 0.0008545022881591304 0
501 -0.0001517801297727593 0.0008358055014281829 0
502 -0.0001791593264244447 0.0008052989573409945 0
503 -0.0001937543768429686 0.0007671292391353392 0
504 -0.000193754377493479 0.0007263563952252164 0
505 -0.0001791593283541039 0.0006881866766540948 0
506 -0.0001517801328030929 0.000657680131738051 0
507 -0.000115155098656812 0.0006389833437962219 0
508 -7.411994210996545e-05 0.0006347233536165485 0
509 -3.430258432380504e-05 0.0006455622975647185 0
510 -1.174871522097206e-06 0.0006699419350608962 0
511 2.091276564792452e-05 0.0007044849902395702 0
512 6.564191989918253e-05 0.0005641319970438667 0
513 4.355428506285875e-05 0.0005986750497653441 0
514 1.04265778646328e-05 0.0006230546859318941 0
515 -2.939078339037082e-05 0.0006338936333652179 0
516 -7.042593770088389e-05 0.000629633645545064 0
517 -0.0001070509730977046 0.0006109368598271065 0
518 -0.0001344301705804456 0.0005804303165061491 0
519 -0.0001490252220521481 0.0005422605987143672 0
520 -0.0001490252238533598 0.0005014877549115581 0
521 -0.0001344301759235196 0.0004633180361078285 0
522 -0.0001070509814884576 0.0004328114904918351 0
523 -7.04259481827767e-05 0.0004141147014210424 0
524 -2.939079210011567e-05 0.0004098547097871613 0
525 1.042657022689247e-05 0.0004206936542354612 0
526 4.35542828626794e-05 0.0004450732917446363 0
527 6.564191991577026e-05 0.0004796163468576826 0
528 0.0002827457053355267 0.0004904410344005367 0
529 0.0002606505008323173 0.0005249883354144504 0
530 0.0002275120556223249 0.000549367127744449 0
531 0.0001876837390699234 0.0005601984941699221 0
532 0.000146643323959017 0.0005559248578209791 0
533 0.0001100197675768997 0.0005372115600595672 0
534 8.264978293194893e-05 0.0005066890093533982 0
535 6.809286273190852e-05 0.0004686253793523659 0
536 6.807107925803489e-05 0.000427845566772569 0
537 8.264977756556435e-05 0.0003896638675190969 0
538 0.000110019759142857 0.0003591413145094392 0
539 0.0001466433134173243 0.0003404280133781556 0
540 0.0001876837302973787 0.0003361543731912183 0
541 0.000227512047923998 0.0003469857366069303 0
542 0.0002606504985889383 0.0003713645302613653 0
543 0.0002827457053355268 0.0004059118336714782 0
544 0.0004551230861090849 0.0006416119397160237 0
545 0.000433027879671816 0.0006761592429525325 0
546 0.0003998894294456948 0.0007005380366414669 0
547 0.0003600611122659847 0.0007113694003671019 0
548 0.0003190206979698831 0.0007070957614404398 0
549 0.0002823971431610257 0.0006883824617407664 0
550 0.000255027160517748 0.0006578599099021517 0
551 0.0002404702424036636 0.0006197962795971074 0
552 0.0002404484608498227 0.000579016467305585 0
553 0.0002550271608372079 0.0005408347688304657 0
554 0.0002823971412658154 0.0005103122189756784 0
555 0.0003190206956010636 0.0004915989185187626 0
556 0.0003600611122659866 0.0004873252788894067 0
557 0.0003998894294456949 0.0004981566426150415 0
558 0.0004330278796718168 0.0005225354363039767 0
559 0.000455123086109085 0.000557082739540485 0
560 0.0004103939318412324 0.0008664805833072828 0
561 0.0003882987252869632 0.0009010278866094574 0
562 0.0003551602748948592 0.0009254066802853421 0
563 0.0003153319575461053 0.0009362380438937489 0
564 0.0002742915407998092 0.0009319644040534876 0
565 0.0002376679864875514 0.0009132511033414918 0
566 0.000210298004676075 0.000882728550738102 0
567 0.0001957410876108043 0.0008446649200167533 0
568 0.0001957193072077954 0.0008038851076206543 0
569 0.0002102980084040445 0.0007657034093779572 0
570 0.0002376679899493022 0.0007351808602214775 0
571 0.0002742915451266439 0.0007164675608926448 0
572 0.0003153319622549071 0.0007121939227174819 0
573 0.0003551602748948592 0.0007230252859443159 0
574 0.0003882987252869639 0.0007474040796202014 0
575 0.0004103939318412324 0.0007819513829223755 0
576 -0.0004117960789388906 0.0004947280136045626 0
577 -0.0004338912838836984 0.0005292753148656914 0
578 -0.0004670297297197902 0.0005536541071459906 0
579 -0.0005068580469096173 0.0005644854731289259 0
580 -0.0005478984623271184 0.0005602118359843147 0
581 -0.0005845220186222178 0.0005414985372608397 0
582 -0.0006118920027296288 0.0005109759856226448 0
583 -0.0006264489219810553 0.0004729123549210503 0
584 -0.0006264707041859551 0.0004321325419397685 0
585 -0.0006118920043370566 0.0003939508427010343 0
586 -0.000584522023545808 0.0003634282922195613 0
587 -0.0005478984684811037 0.0003447149915288369 0
588 -0.0005068580509080212 0.000340441352234682 0
589 -0.0004670297373607775 0.0003512727148487011 0
590 -0.000433891286084931 0.0003756515084707416 0
591 -0.0004117960789223003 0.00041019881212393 0
592 -0.0004565224834833667 0.0007195898812718334 0
593 -0.0004786101203697913 0.0007541329362811336 0
594 -0.000511737832748033 0.0007785125737943798 0
595 -0.000551555194804756 0.0007893515184127484 0
596 -0.0005925903507493196 0.0007850915271021166 0
597 -0.0006292153840801552 0.0007663947384313351 0
598 -0.0006565945787313154 0.000735888193208871 0
599 -0.0006711896270559025 0.0006977184747036184 0
600 -0.0006711896257868906 0.0006569456310772069 0
601 -0.0006565945749669472 0.0006187759132849044 0
602 -0.0006292153805674343 0.000588269371525725 0
603 -0.0005925903463611601 0.0005695725842585808 0
604 -0.0005515551900292194 0.0005653125946363694 0
605 -0.0005117378326907173 0.0005761515388940994 0
606 -0.0004786101203276641 0.000600531176424639 0
607 -0.0004565224834667791 0.0006350742314298096 0
608 -0.000628899864256907 0.0005684189759563536 0
609 -0.0006509874992101615 0.0006029620287434585 0
610 -0.0006841152065743082 0.0006273416648970113 0
611 -0.0007239325679986384 0.0006381806122132442 0
612 -0.0007649677247595036 0.0006339206234803557 0
613 -0.0008015927596610031 0.0006152238367494082 0
614 -0.0008289719563126885 0.0005847172926622198 0
615 -0.0008435670067312124 0.0005465475744565645 0
616 -0.0008435670073817228 0.0005057747305464418 0
617 -0.0008289719582423477 0.00046760501197532 0
618 -0.0008015927626913367 0.0004370984670592763 0
619 -0.0007649677285450555 0.0004184016791174472 0
620 -0.000723932571998209 0.0004141416889377738 0
621 -0.0006841152142120487 0.0004249806328859439 0
622 -0.000650987501410341 0.0004493602703821216 0
623 -0.0006288998642403193 0.0004839033255607954 0
624 -0.0005841707099890612 0.0003435503323650919 0
625 -0.000606258344825385 0.0003780933850865694 0
626 -0.0006393860520236109 0.0004024730212531194 0
627 -0.0006792034132786145 0.0004133119686864431 0
628 -0.0007202385675891277 0.0004090519808662892 0
629 -0.0007568636029859483 0.0003903551951483317 0
630 -0.0007842428004686893 0.0003598486518273744 0
631 -0.0007988378519403918 0.0003216789340355925 0
632 -0.0007988378537416035 0.0002809060902327834 0
633 -0.0007842428058117633 0.0002427363714290538 0
634 -0.0007568636113767013 0.0002122298258130604 0
635 -0.0007202385780710205 0.0001935330367422676 0
636 -0.0006792034219883595 0.0001892730451083865 0
637 -0.0006393860596613512 0.0002001119895566864 0
638 -0.0006062583470255644 0.0002244916270658615 0
639 -0.0005841707099724735 0.0002590346821789079 0
640 -0.000367066924552717 0.0002698593697217619 0
641 -0.0003891621290559264 0.0003044066707356757 0
642 -0.0004223005742659188 0.0003287854630656742 0
643 -0.0004621288908183203 0.0003396168294911475 0
644 -0.0005031693059292268 0.0003353431931422045 0
645 -0.000539792862311344 0.0003166298953807925 0
646 -0.0005671628469562948 0.0002861073446746235 0
647 -0.0005817197671563352 0.0002480437146735913 0
648 -0.0005817415506302089 0.0002072639020937945 0
649 -0.0005671628523226795 0.0001690822028403224 0
650 -0.0005397928707453869 0.0001385596498306646 0
651 -0.0005031693164709195 0.000119846348699381 0
652 -0.0004621288995908651 0.0001155727085124436 0
653 -0.0004223005819642459 0.0001264040719281555 0
654 -0.0003891621312993054 0.0001507828655825907 0
655 -0.0003670669245527169 0.0001853301689927034 0
656 -0.0001946895437791589 0.000421030275037249 0
657 -0.0002167847502164278 0.0004555775782737578 0
658 -0.000249923200442549 0.0004799563719626922 0
659 -0.0002897515176222591 0.0004907877356883271 0
660 -0.0003307919319183607 0.0004865140967616651 0
661 -0.0003674154867272182 0.0004678007970619916 0
662 -0.0003947854693704957 0.0004372782452233771 0
663 -0.0004093423874845802 0.0003992146149183328 0
664 -0.0004093641690384211 0.0003584348026268104 0
665 -0.0003947854690510358 0.0003202531041516909 0
666 -0.0003674154886224283 0.0002897305542969036 0
667 -0.00033079193428718 0.0002710172538399878 0
668 -0.000289751517622257 0.000266743614210632 0
669 -0.0002499232004425487 0.0002775749779362669 0
670 -0.0002167847502164269 0.0003019537716252022 0
671 -0.0001946895437791587 0.0003365010748617104 0
672 -0.0002394186980470113 0.0006458989186285081 0
673 -0.0002615139046012804 0.0006804462219306827 0
674 -0.0002946523549933845 0.0007048250156065675 0
675 -0.0003344806723421384 0.0007156563792149743 0
676 -0.0003755210890884346 0.0007113827393747128 0
677 -0.0004121446434006923 0.0006926694386627172 0
678 -0.0004395146252121687 0.0006621468860593272 0
679 -0.0004540715422774394 0.0006240832553379785 0
680 -0.0004540933226804482 0.0005833034429418795 0
681 -0.0004395146214841991 0.0005451217446991824 0
682 -0.0004121446399389414 0.0005145991955427027 0
683 -0.0003755210847615997 0.0004958858962138701 0
684 -0.0003344806676333364 0.0004916122580387073 0
685 -0.0002946523549933844 0.0005024436212655413 0
686 -0.0002615139046012797 0.0005268224149414267 0
687 -0.0002394186980470112 0.0005613697182436008 0
688 -0.0005456730686621328 -0.0001783170639180196 0
689 -0.0005677682736069407 -0.0001437697626568908 0
690 -0.0006009067194430326 -0.0001193909703765916 0
691 -0.0006407350366328596 -0.0001085596043936564 0
692 -0.0006817754520503608 -0.0001128332415382676 0
693 -0.0007183990083454601 -0.0001315465402617425 0
694 -0.0007457689924528711 -0.0001620690918999375 0
695 -0.0007603259117042976 -0.0002001327226015319 0
696 -0.0007603476939091972 -0.0002409125355828138 0
697 -0.0007457689940602989 -0.0002790942348215479 0
698 -0.0007183990132690502 -0.0003096167853030209 0
699 -0.000681775458204346 -0.0003283300859937454 0
700 -0.0006407350406312635 -0.0003326037252879003 0
701 -0.0006009067270840197 -0.0003217723626738811 0
702 -0.0005677682758081732 -0.0002973935690518407 0
703 -0.0005456730686455426 -0.0002628462653986522 0
704 -0.0005903994732066091 4.654480374925118e-05 0
705 -0.0006124871100930337 8.108785875855144e-05 0
706 -0.0006456148224712755 0.0001054674962717976 0
707 -0.0006854321845279985 0.0001163064408901662 0
708 -0.000726467340472562 0.0001120464495795345 0
709 -0.0007630923738033976 9.334966090875279e-05 0
710 -0.0007904715684545578 6.28431156862888e-05 0
711 -0.0008050666167791449 2.467339718103632e-05 0
712 -0.0008050666155101331 -1.609944644537509e-05 0
713 -0.0007904715646901896 -5.426916423767774e-05 0
714 -0.0007630923702906766 -8.477570599685717e-05 0
715 -0.0007264673360844025 -0.0001034724932640014 0
716 -0.0006854321797524618 -0.0001077324828862128 0
717 -0.0006456148224139597 -9.689353862848281e-05 0
718 -0.0006124871100509064 -7.25139010979432e-05 0
719 -0.0005903994731900214 -3.797084609277242e-05 0
720 -0.0007627768539801492 -0.0001046261015662287 0
721 -0.0007848644889334038 -7.00830487791237e-05 0
722 -0.0008179921962975506 -4.570341262557102e-05 0
723 -0.0008578095577218807 -3.486446530933814e-05 0
724 -0.000898844714482746 -3.912445404222663e-05 0
725 -0.0009354697493842455 -5.78212407731741e-05 0
726 -0.0009628489460359308 -8.832778486036249e-05 0
727 -0.0009774439964544547 -0.0001264975030660177 0
728 -0.0009774439971049651 -0.0001672703469761403 0
729 -0.0009628489479655901 -0.0002054400655472621 0
730 -0.0009354697524145791 -0.0002359466104633059 0
731 -0.0008988447182682979 -0.0002546433984051351 0
732 -0.0008578095617214514 -0.0002589033885848085 0
733 -0.0008179922039352911 -0.0002480644446366384 0
734 -0.0007848644911335832 -0.0002236848071404606 0
735 -0.0007627768539635615 -0.0001891417519617868 0
736 -0.0007180476997123036 -0.0003294947451574903 0
737 -0.0007401353345486274 -0.0002949516924360128 0
738 -0.0007732630417468533 -0.0002705720562694628 0
739 -0.000813080403001857 -0.0002597331088361392 0
740 -0.0008541155573123701 -0.0002639930966562931 0
741 -0.0008907405927091906 -0.0002826898823742506 0
742 -0.0009181197901919318 -0.0003131964256952079 0
743 -0.0009327148416636341 -0.0003513661434869898 0
744 -0.0009327148434648459 -0.0003921389872897989 0
745 -0.0009181197955350057 -0.0004303087060935285 0
746 -0.0008907406010999437 -0.0004608152517095219 0
747 -0.0008541155677942629 -0.0004795120407803146 0
748 -0.0008130804117116019 -0.0004837720324141957 0
749 -0.0007732630493845936 -0.0004729330879658958 0
750 -0.0007401353367488067 -0.0004485534504567208 0
751 -0.0007180476996957158 -0.0004140103953436744 0
752 -0.0005009439142759594 -0.0004031857078008203 0
753 -0.0005230391187791688 -0.0003686384067869065 0
754 -0.0005561775639891612 -0.000344259614456908 0
755 -0.0005960058805415627 -0.0003334282480314348 0
756 -0.0006370462956524691 -0.0003377018843803778 0
757 -0.0006736698520345863 -0.0003564151821417898 0
758 -0.0007010398366795372 -0.0003869377328479588 0
759 -0.0007155967568795776 -0.000425001362848991 0
760 -0.0007156185403534512 -0.0004657811754287879 0
761 -0.0007010398420459217 -0.00050396287468226 0
762 -0.0006736698604686292 -0.0005344854276919177 0
763 -0.0006370463061941618 -0.0005531987288232013 0
764 -0.0005960058893141073 -0.0005574723690101387 0
765 -0.0005561775716874881 -0.0005466410055944267 0
766 -0.0005230391210225478 -0.0005222622119399917 0
767 -0.0005009439142759592 -0.0004877149085298788 0
768 -0.0003285665335024012 -0.0002520148024853332 0
769 -0.0003506617399396701 -0.0002174674992488244 0
770 -0.0003838001901657913 -0.00019308870555989 0
771 -0.0004236285073455014 -0.0001822573418342551 0
772 -0.0004646689216416031 -0.0001865309807609171 0
773 -0.0005012924764504604 -0.0002052442804605906 0
774 -0.0005286624590937381 -0.0002357668322992052 0
775 -0.0005432193772078225 -0.0002738304626042495 0
776 -0.0005432411587616634 -0.0003146102748957719 0
777 -0.0005286624587742783 -0.0003527919733708912 0
778 -0.0005012924783456707 -0.0003833145232256785 0
779 -0.0004646689240104225 -0.0004020278236825943 0
780 -0.0004236285073454995 -0.0004063014633119502 0
781 -0.0003838001901657912 -0.0003954700995863154 0
782 -0.0003506617399396693 -0.0003710913058973802 0
783 -0.0003285665335024011 -0.0003365440026608719 0
784 -0.0003732956877702537 -2.71461588940742e-05 0
785 -0.0003953908943245228 7.40114440810046e-06 0
786 -0.0004285293447166269 3.177993808398517e-05 0
787 -0.0004683576620653808 4.261130169239199e-05 0
788 -0.0005093980788116769 3.833766185213055e-05 0
789 -0.0005460216331239346 1.962436114013482e-05 0
790 -0.000573391614935411 -1.089819146325507e-05 0
791 -0.0005879485320006817 -4.896182218460369e-05 0
792 -0.0005879703124036906 -8.974163458070258e-05 0
793 -0.0005733916112074416 -0.0001279233328233998 0
794 -0.000546021629662184 -0.0001584458819798794 0
795 -0.0005093980744848422 -0.0001771591813087122 0
796 -0.000468357657356579 -0.0001814328194838751 0
797 -0.0004285293447166267 -0.0001706014562570411 0
798 -0.0003953908943245221 -0.0001462226625811556 0
799 -0.0003732956877702536 -0.0001116753592789815 0
800 0.0001939028459377727 -0.001327258473793563 0
801 0.0001718076409929649 -0.001292711172532435 0
802 0.000138669195156873 -0.001268332380252135 0
803 9.884087796704598e-05 -0.0012575010142692 0
804 5.780046254954482e-05 -0.001261774651413811 0
805 2.117690625444553e-05 -0.001280487950137286 0
806 -6.193077852965502e-06 -0.001311010501775481 0
807 -2.074999710439197e-05 -0.001349074132477076 0
808 -2.077177930929175e-05 -0.001389853945458357 0
809 -6.193079460393357e-06 -0.001428035644697092 0
810 2.117690133085532e-05 -0.001458558195178564 0
811 5.780045639555977e-05 -0.001477271495869289 0
812 9.884087396864224e-05 -0.001481545135163444 0
813 0.0001386691875158858 -0.001470713772549425 0
814 0.0001718076387917324 -0.001446334978927384 0
815 0.000193902845954363 -0.001411787675274196 0
816 0.0001491764413932965 -0.001102396606126293 0
817 0.0001270888045068719 -0.001067853551116992 0
818 9.396109212863014e-05 -0.001043473913603746 0
819 5.414373007190718e-05 -0.001032634968985378 0
820 1.310857412734365e-05 -0.001036894960296009 0
821 -2.351645920349201e-05 -0.001055591748966791 0
822 -5.089565385465214e-05 -0.001086098294189255 0
823 -6.549070217923926e-05 -0.001124268012694507 0
824 -6.549070091022748e-05 -0.001165040856320919 0
825 -5.089565009028416e-05 -0.001203210574113221 0
826 -2.351645569077131e-05 -0.001233717115872401 0
827 1.310857851550294e-05 -0.001252413903139545 0
828 5.414373484744366e-05 -0.001256673892761756 0
829 9.396109218594577e-05 -0.001245834948504027 0
830 0.0001270888045489991 -0.001221455310973487 0
831 0.0001491764414098842 -0.001186912255968316 0
832 -2.320093938024363e-05 -0.001253567511441773 0
833 -4.528857433349814e-05 -0.001219024458654668 0
834 -7.841628169764495e-05 -0.001194644822501115 0
835 -0.000118233643121975 -0.001183805875184882 0
836 -0.0001592687998828403 -0.001188065863917771 0
837 -0.0001958938347843398 -0.001206762650648718 0
838 -0.0002232730314360252 -0.001237269194735906 0
839 -0.0002378680818545491 -0.001275438912941561 0
840 -0.0002378680825050595 -0.001316211756851684 0
841 -0.0002232730333656845 -0.001354381475422806 0
842 -0.0001958938378146734 -0.00138488802033885 0
843 -0.0001592688036683923 -0.001403584808280679 0
844 -0.0001182336471215457 -0.001407844798460352 0
845 -7.841628933538542e-05 -0.001397005854512182 0
846 -4.528857653367759e-05 -0.001372626217016004 0
847 -2.320093936365595e-05 -0.001338083161837331 0
848 2.152821488760207e-05 -0.001478436155033034 0
849 -5.594199487217314e-07 -0.001443893102311557 0
850 -3.368712714694773e-05 -0.001419513466145007 0
851 -7.350448840195136e-05 -0.001408674518711683 0
852 -0.0001145396427124644 -0.001412934506531837 0
853 -0.0001511646781092851 -0.001431631292249794 0
854 -0.0001785438755920261 -0.001462137835570752 0
855 -0.0001931389270637285 -0.001500307553362533 0
856 -0.0001931389288649403 -0.001541080397165342 0
857 -0.0001785438809351003 -0.001579250115969072 0
858 -0.0001511646865000384 -0.001609756661585065 0
859 -0.0001145396531943575 -0.001628453450655858 0
860 -7.350449711169654e-05 -0.00163271344228974 0
861 -3.368713478468827e-05 -0.00162187449784144 0
862 -5.594221489012096e-07 -0.001597494860332265 0
863 2.152821490418974e-05 -0.001562951805219218 0
864 0.0002386320003239463 -0.001552127117676364 0
865 0.0002165367958207369 -0.00151757981666245 0
866 0.0001833983506107445 -0.001493201024332452 0
867 0.000143570034058343 -0.001482369657906978 0
868 0.0001025296189474365 -0.001486643294255921 0
869 6.590606256531934e-05 -0.001505356592017333 0
870 3.853607792036853e-05 -0.001535879142723502 0
871 2.397915772032815e-05 -0.001573942772724534 0
872 2.395737424645438e-05 -0.001614722585304331 0
873 3.853607255398369e-05 -0.001652904284557803 0
874 6.590605413127616e-05 -0.001683426837567461 0
875 0.0001025296084057436 -0.001702140138698745 0
876 0.000143570025285798 -0.001706413778885682 0
877 0.0001833983429124174 -0.00169558241546997 0
878 0.0002165367935773577 -0.001671203621815535 0
879 0.0002386320003239463 -0.001636656318405422 0
880 0.0004110093810975044 -0.001400956212360877 0
881 0.0003889141746602354 -0.001366408909124368 0
882 0.0003557757244341142 -0.001342030115435434 0
883 0.000315947407254404 -0.001331198751709799 0
884 0.0002749069929583024 -0.001335472390636461 0
885 0.0002382834381494449 -0.001354185690336135 0
886 0.0002109134555061674 -0.001384708242174749 0
887 0.000196356537392083 -0.001422771872479793 0
888 0.0001963347558382421 -0.001463551684771316 0
889 0.0002109134558256273 -0.001501733383246435 0
890 0.0002382834362542349 -0.001532255933101222 0
891 0.0002749069905894832 -0.001550969233558138 0
892 0.0003159474072544062 -0.001555242873187494 0
893 0.0003557757244341145 -0.001544411509461859 0
894 0.0003889141746602363 -0.001520032715772924 0
895 0.0004110093810975045 -0.001485485412536416 0
896 0.0003662802268296519 -0.001176087568769618 0
897 0.0003441850202753827 -0.001141540265467443 0
898 0.0003110465698832786 -0.001117161471791559 0
899 0.0002712182525345246 -0.001106330108183152 0
900 0.0002301778357882286 -0.001110603748023413 0
901 0.0001935542814759709 -0.001129317048735409 0
902 0.0001661842996644945 -0.001159839601338799 0
903 0.0001516273825992238 -0.001197903232060148 0
904 0.0001516056021962149 -0.001238683044456246 0
905 0.0001661843033924639 -0.001276864742698944 0
906 0.0001935542849377217 -0.001307387291855423 0
907 0.0002301778401150635 -0.001326100591184256 0
908 0.0002712182572433268 -0.001330374229359419 0
909 0.0003110465698832788 -0.001319542866132585 0
910 0.0003441850202753835 -0.001295164072456699 0
911 0.0003662802268296519 -0.001260616769154525 0
912 0.0008666383833907048 -0.001098895530516423 0
913 0.000844543178445897 -0.001064348229255295 0
914 0.000811404732609805 -0.001039969436974996 0
915 0.0007715764154199779 -0.00102913807099206 0
916 0.0007305360000024767 -0.001033411708136672 0
917 0.0006939124437073776 -0.001052125006860146 0
918 0.0006665424595999666 -0.001082647558498341 0
919 0.0006519855403485401 -0.001120711189199936 0
920 0.0006519637581436403 -0.001161491002181217 0
921 0.0006665424579925388 -0.001199672701419952 0
922 0.0006939124387837874 -0.001230195251901425 0
923 0.0007305359938484918 -0.001248908552592149 0
924 0.0007715764114215744 -0.001253182191886304 0
925 0.000811404724968818 -0.001242350829272285 0
926 0.0008445431762446645 -0.001217972035650245 0
927 0.000866638383407295 -0.001183424731997056 0
928 0.0008219119788462286 -0.0008740336628491528 0
929 0.0007998243419598041 -0.0008394906078398526 0
930 0.0007666966295815623 -0.0008151109703266064 0
931 0.0007268792675248395 -0.0008042720257082378 0
932 0.0006858441115802759 -0.0008085320170188694 0
933 0.0006492190782494403 -0.000827228805689651 0
934 0.0006218398835982801 -0.000857735350912115 0
935 0.0006072448352736928 -0.0008959050694173676 0
936 0.0006072448365427046 -0.0009366779130437791 0
937 0.000621839887362648 -0.0009748476308360815 0
938 0.000649219081762161 -0.001005354172595261 0
939 0.0006858441159684352 -0.001024050959862405 0
940 0.0007268792723003759 -0.001028310949484617 0
941 0.000766696629638878 -0.001017472005226887 0
942 0.0007998243420019312 -0.0009930923676963474 0
943 0.0008219119788628164 -0.0009585493126911765 0
944 0.0006495345980726884 -0.001025204568164633 0
945 0.0006274469631194339 -0.0009906615153775276 0
946 0.000594319255755287 -0.0009662818792239749 0
947 0.0005545018943309569 -0.0009554429319077421 0
948 0.0005134667375700917 -0.0009597029206406306 0
949 0.0004768417026685921 -0.000978399707371578 0
950 0.0004494625060169068 -0.001008906251458767 0
951 0.0004348674555983829 -0.001047075969664421 0
952 0.0004348674549478725 -0.001087848813574544 0
953 0.0004494625040872474 -0.001126018532145666 0
954 0.0004768416996382584 -0.00115652507706171 0
955 0.0005134667337845396 -0.001175221865003539 0
956 0.0005545018903313861 -0.001179481855183212 0
957 0.0005943192481175464 -0.001168642911235042 0
958 0.0006274469609192544 -0.001144263273738865 0
959 0.000649534598089276 -0.001109720218560191 0
960 0.0006942637523405341 -0.001250073211755894 0
961 0.0006721761175042103 -0.001215530159034417 0
962 0.0006390484103059843 -0.001191150522867867 0
963 0.0005992310490509806 -0.001180311575434543 0
964 0.0005581958947404675 -0.001184571563254697 0
965 0.000521570859343647 -0.001203268348972655 0
966 0.0004941916618609059 -0.001233774892293612 0
967 0.0004795966103892035 -0.001271944610085394 0
968 0.0004795966085879917 -0.001312717453888203 0
969 0.0004941916565178317 -0.001350887172691932 0
970 0.0005215708509528936 -0.001381393718307926 0
971 0.0005581958842585746 -0.001400090507378719 0
972 0.0005992310403412354 -0.0014043504990126 0
973 0.0006390484026682437 -0.0013935115545643 0
974 0.0006721761153040308 -0.001369131917055125 0
975 0.0006942637523571218 -0.001334588861942079 0
976 0.0009113675377768783 -0.001323764174399225 0
977 0.0008892723332736688 -0.001289216873385311 0
978 0.0008561338880636764 -0.001264838081055312 0
979 0.000816305571511275 -0.001254006714629839 0
980 0.0007752651564003685 -0.001258280350978782 0
981 0.0007386416000182513 -0.001276993648740194 0
982 0.0007112716153733005 -0.001307516199446363 0
983 0.0006967146951732601 -0.001345579829447395 0
984 0.0006966929116993863 -0.001386359642027192 0
985 0.0007112716100069158 -0.001424541341280664 0
986 0.0007386415915842083 -0.001455063894290322 0
987 0.0007752651458586759 -0.001473777195421605 0
988 0.0008163055627387303 -0.001478050835608543 0
989 0.0008561338803653495 -0.001467219472192831 0
990 0.0008892723310302899 -0.001442840678538396 0
991 0.0009113675377768784 -0.001408293375128283 0
992 0.001083744918550436 -0.001172593269083737 0
993 0.001061649712113167 -0.001138045965847228 0
994 0.001028511261887046 -0.001113667172158294 0
995 0.0009886829447073361 -0.001102835808432659 0
996 0.0009476425304112345 -0.001107109447359321 0
997 0.0009110189756023772 -0.001125822747058995 0
998 0.0008836489929590996 -0.001156345298897609 0
999 0.0008690920748450151 -0.001194408929202653 0
1000 0.0008690702932911741 -0.001235188741494175 0
1001 0.0008836489932785591 -0.001273370439969295 0
1002 0.0009110189737071665 -0.001303892989824082 0
1003 0.0009476425280424146 -0.001322606290280998 0
1004 0.0009886829447073376 -0.001326879929910354 0
1005 0.001028511261887046 -0.00131604856618472 0
1006 0.001061649712113168 -0.001291669772495785 0
1007 0.001083744918550436 -0.001257122469259276 0
1008 0.001039015764282584 -0.0009477246254924783 0
1009 0.001016920557728315 -0.0009131773221903037 0
1010 0.0009837821073362108 -0.000888798528514419 0
1011 0.0009439537899874568 -0.0008779671649060121 0
1012 0.0009029133732411607 -0.0008822408047462735 0
1013 0.000866289818928903 -0.0009009541054582692 0
1014 0.0008389198371174266 -0.000931476658061659 0
1015 0.0008243629200521559 -0.0009695402887830077 0
1016 0.0008243411396491469 -0.001010320101179107 0
1017 0.0008389198408453961 -0.001048501799421804 0
1018 0.0008662898223906539 -0.001079024348578284 0
1019 0.0009029133775679956 -0.001097737647907116 0
1020 0.0009439537946962589 -0.001102011286082279 0
1021 0.000983782107336211 -0.001091179922855445 0
1022 0.001016920557728316 -0.001066801129179559 0
1023 0.001039015764282584 -0.001032253825877385 0
1024 0.001335062977214951 -0.0005647596516289697 0
1025 0.001312967772270144 -0.0005302123503678409 0
1026 0.001279829326434052 -0.0005058335580875417 0
1027 0.001240001009244225 -0.0004950021921046064 0
1028 0.001198960593826724 -0.0004992758292492177 0
1029 0.001162337037531624 -0.0005179891279726926 0
1030 0.001134967053424213 -0.0005485116796108876 0
1031 0.001120410134172787 -0.0005865753103124821 0
1032 0.001120388351967887 -0.0006273551232937639 0
1033 0.001134967051816785 -0.0006655368225324979 0
1034 0.001162337032608034 -0.000696059373013971 0
1035 0.001198960587672738 -0.0007147726737046955 0
1036 0.001240001005245821 -0.0007190463129988503 0
1037 0.001279829318793065 -0.0007082149503848313 0
1038 0.001312967770068911 -0.0006838361567627908 0
1039 0.001335062977231542 -0.0006492888531096024 0
1040 0.001290336572670475 -0.000339897783961699 0
1041 0.001268248935784051 -0.0003053547289523987 0
1042 0.001235121223405809 -0.0002809750914391525 0
1043 0.001195303861349086 -0.000270136146820784 0
1044 0.001154268705404523 -0.0002743961381314156 0
1045 0.001117643672073687 -0.0002930929268021973 0
1046 0.001090264477422527 -0.0003235994720246613 0
1047 0.001075669429097939 -0.0003617691905299139 0
1048 0.001075669430366951 -0.0004025420341563252 0
1049 0.001090264481186895 -0.0004407117519486277 0
1050 0.001117643675586408 -0.0004712182937078072 0
1051 0.001154268709792681 -0.0004899150809749514 0
1052 0.001195303866124622 -0.000494175070597163 0
1053 0.001235121223463125 -0.000483336126339433 0
1054 0.001268248935826178 -0.0004589564888088934 0
1055 0.001290336572687063 -0.0004244134338037227 0
1056 0.001117959191896935 -0.0004910686892771788 0
1057 0.001095871556943681 -0.0004565256364900739 0
1058 0.001062743849579534 -0.0004321460003365212 0
1059 0.001022926488155204 -0.0004213070530202883 0
1060 0.0009818913313943383 -0.0004255670417531768 0
1061 0.0009452662964928389 -0.0004442638284841243 0
1062 0.0009178870998411535 -0.0004747703725713126 0
1063 0.0009032920494226296 -0.0005129400907769679 0
1064 0.0009032920487721192 -0.0005537129346870907 0
1065 0.0009178870979114943 -0.0005918826532582123 0
1066 0.0009452662934625052 -0.000622389198174256 0
1067 0.0009818913276087862 -0.0006410859861160852 0
1068 0.001022926484155633 -0.0006453459762957586 0
1069 0.001062743841941793 -0.0006345070323475887 0
1070 0.001095871554743501 -0.0006101273948514109 0
1071 0.001117959191913523 -0.000575584339672737 0
1072 0.001162688346164781 -0.0007159373328684406 0
1073 0.001140600711328457 -0.000681394280146963 0
1074 0.001107473004130231 -0.0006570146439804131 0
1075 0.001067655642875228 -0.0006461756965470893 0
1076 0.001026620488564715 -0.0006504356843672432 0
1077 0.0009899954531678939 -0.0006691324700852006 0
1078 0.0009626162556851528 -0.0006996390134061579 0
1079 0.0009480212042134502 -0.0007378087311979397 0
1080 0.0009480212024122385 -0.0007785815750007488 0
1081 0.0009626162503420786 -0.0008167512938044785 0
1082 0.0009899954447771405 -0.000847257839420472 0
1083 0.001026620478082821 -0.0008659546284912647 0
1084 0.001067655634165482 -0.0008702146201251459 0
1085 0.001107472996492491 -0.0008593756756768461 0
1086 0.001140600709128278 -0.000834996038167671 0
1087 0.001162688346181369 -0.0008004529830546247 0
1088 0.001379792131601125 -0.0007896282955117704 0
1089 0.001357696927097916 -0.0007550809944978567 0
1090 0.001324558481887923 -0.000730702202167858 0
1091 0.001284730165335522 -0.0007198708357423849 0
1092 0.001243689750224615 -0.0007241444720913279 0
1093 0.001207066193842498 -0.0007428577698527397 0
1094 0.001179696209197547 -0.0007733803205589086 0
1095 0.001165139288997507 -0.0008114439505599407 0
1096 0.001165117505523633 -0.0008522237631397375 0
1097 0.001179696203831162 -0.0008904054623932096 0
1098 0.001207066185408455 -0.0009209280154028675 0
1099 0.001243689739682922 -0.0009396413165341512 0
1100 0.001284730156562976 -0.0009439149567210888 0
1101 0.001324558474189596 -0.000933083593305377 0
1102 0.001357696924854536 -0.0009087047996509421 0
1103 0.001379792131601125 -0.0008741574962408293 0
1104 0.001552169512374683 -0.0006384573901962834 0
1105 0.001530074305937414 -0.0006039100869597747 0
1106 0.001496935855711293 -0.0005795312932708402 0
1107 0.001457107538531583 -0.0005686999295452052 0
1108 0.001416067124235482 -0.0005729735684718673 0
1109 0.001379443569426624 -0.0005916868681715406 0
1110 0.001352073586783346 -0.0006222094200101552 0
1111 0.001337516668669262 -0.0006602730503151993 0
1112 0.001337494887115421 -0.0007010528626067217 0
1113 0.001352073587102806 -0.0007392345610818411 0
1114 0.001379443567531413 -0.0007697571109366284 0
1115 0.001416067121866661 -0.0007884704113935443 0
1116 0.001457107538531584 -0.0007927440510229005 0
1117 0.001496935855711293 -0.0007819126872972657 0
1118 0.001530074305937415 -0.0007575338936083307 0
1119 0.001552169512374683 -0.0007229865903718225 0
1120 0.001507440358106831 -0.0004135887466050244 0
1121 0.001485345151552562 -0.0003790414433028497 0
1122 0.001452206701160458 -0.000354662649626965 0
1123 0.001412378383811704 -0.0003438312860185582 0
1124 0.001371337967065408 -0.0003481049258588195 0
1125 0.00133471441275315 -0.0003668182265708153 0
1126 0.001307344430941674 -0.0003973407791742051 0
1127 0.001292787513876403 -0.0004354044098955537 0
1128 0.001292765733473394 -0.0004761842222916526 0
1129 0.001307344434669643 -0.0005143659205343496 0
1130 0.0013347144162149 -0.0005448884696908294 0
1131 0.001371337971392242 -0.0005636017690196622 0
1132 0.001412378388520505 -0.0005678754071948253 0
1133 0.001452206701160457 -0.0005570440439679914 0
1134 0.001485345151552562 -0.0005326652502921059 0
1135 0.001507440358106831 -0.000498117946989932 0
1136 0.00147366263578043 0.0001320278854724172 0
1137 0.001451567430835622 0.000166575186733546 0
1138 0.00141842898499953 0.0001909539790138451 0
1139 0.001378600667809703 0.0002017853449967804 0
1140 0.001337560252392202 0.0001975117078521692 0
1141 0.001300936696097103 0.0001787984091286943 0
1142 0.001273566711989692 0.0001482758574904993 0
1143 0.001259009792738265 0.0001102122267889049 0
1144 0.001258988010533366 6.943241380762309e-05 0
1145 0.001273566710382264 3.12507145688889e-05 0
1146 0.001300936691173512 7.281640874158524e-07 0
1147 0.001337560246238217 -1.798513660330858e-05 0
1148 0.001378600663811299 -2.225877589746352e-05 0
1149 0.001418428977358543 -1.142741328344438e-05 0
1150 0.001451567428634389 1.295138033859605e-05 0
1151 0.00147366263579702 4.749868399178454e-05 0
1152 0.001428936231235954 0.0003568897531396879 0
1153 0.001406848594349529 0.0003914328081489883 0
1154 0.001373720881971287 0.0004158124456622344 0
1155 0.001333903519914564 0.000426651390280603 0
1156 0.001292868363970001 0.0004223913989699713 0
1157 0.001256243330639165 0.0004036946102991896 0
1158 0.001228864135988005 0.0003731880650767255 0
1159 0.001214269087663418 0.000335018346571473 0
1160 0.00121426908893243 0.0002942455029450617 0
1161 0.001228864139752373 0.0002560757851527592 0
1162 0.001256243334151886 0.0002255692433935797 0
1163 0.00129286836835816 0.0002068724561264355 0
1164 0.001333903524690101 0.0002026124665042239 0
1165 0.001373720882028603 0.0002134514107619539 0
1166 0.001406848594391656 0.0002378310482924935 0
1167 0.001428936231252541 0.0002723741032976642 0
1168 0.001256558850462413 0.0002057188478242081 0
1169 0.001234471215509159 0.000240261900611313 0
1170 0.001201343508145012 0.0002646415367648658 0
1171 0.001161526146720682 0.0002754804840810987 0
1172 0.001120490989959817 0.0002712204953482102 0
1173 0.001083865955058317 0.0002525237086172627 0
1174 0.001056486758406632 0.0002220171645300743 0
1175 0.001041891707988108 0.0001838474463244191 0
1176 0.001041891707337597 0.0001430746024142964 0
1177 0.001056486756476973 0.0001049048838431747 0
1178 0.001083865952027984 7.439833892713087e-05 0
1179 0.001120490986174264 5.570155098530175e-05 0
1180 0.001161526142721111 5.144156080562832e-05 0
1181 0.001201343500507272 6.228050475379838e-05 0
1182 0.001234471213308979 8.666014224997615e-05 0
1183 0.001256558850479001 0.00012120319742865 0
1184 0.001301288004730259 -1.914979576705364e-05 0
1185 0.001279200369893935 1.539325695442393e-05 0
1186 0.001246072662695709 3.977289312097392e-05 0
1187 0.001206255301440706 5.061184055429764e-05 0
1188 0.001165220147130193 4.635185273414374e-05 0
1189 0.001128595111733372 2.765506701618631e-05 0
1190 0.001101215914250631 -2.851476304771073e-06 0
1191 0.001086620862778929 -4.102119409655285e-05 0
1192 0.001086620860977717 -8.179403789936179e-05 0
1193 0.001101215908907557 -0.0001199637567030915 0
1194 0.001128595103342619 -0.000150470302319085 0
1195 0.001165220136648299 -0.0001691670913898778 0
1196 0.001206255292730961 -0.000173427083023759 0
1197 0.001246072655057969 -0.0001625881385754592 0
1198 0.001279200367693756 -0.0001382085010662841 0
1199 0.001301288004746847 -0.0001036654459532377 0
1200 0.001518391790166604 -9.284075841038361e-05 0
1201 0.001496296585663394 -5.829345739646988e-05 0
1202 0.001463158140453402 -3.391466506647124e-05 0
1203 0.001423329823901 -2.308329864099805e-05 0
1204 0.001382289408790094 -2.735693498994108e-05 0
1205 0.001345665852407977 -4.607023275135302e-05 0
1206 0.001318295867763026 -7.6592783457522e-05 0
1207 0.001303738947562985 -0.0001146564134585542 0
1208 0.001303717164089112 -0.000155436226038351 0
1209 0.001318295862396641 -0.0001936179252918231 0
1210 0.001345665843973934 -0.0002241404783014809 0
1211 0.001382289398248401 -0.0002428537794327645 0
1212 0.001423329815128455 -0.0002471274196197019 0
1213 0.001463158132755075 -0.00023629605620399 0
1214 0.001496296583420015 -0.0002119172625495549 0
1215 0.001518391790166604 -0.000177369959139442 0
1216 0.001690769170940162 5.833014690510342e-05 0
1217 0.001668673964502893 9.28774501416123e-05 0
1218 0.001635535514276771 0.0001172562438305467 0
1219 0.001595707197097061 0.0001280876075561816 0
1220 0.00155466678280096 0.0001238139686295195 0
1221 0.001518043227992102 0.0001051006689298461 0
1222 0.001490673245348825 7.457811709123152e-05 0
1223 0.00147611632723474 3.651448678618732e-05 0
1224 0.001476094545680899 -4.265325505335116e-06 0
1225 0.001490673245668285 -4.244702398045449e-05 0
1226 0.001518043226096892 -7.296957383524184e-05 0
1227 0.00155466678043214 -9.168287429215763e-05 0
1228 0.001595707197097063 -9.595651392151354e-05 0
1229 0.001635535514276772 -8.512515019587865e-05 0
1230 0.001668673964502894 -6.074635650694343e-05 0
1231 0.001690769170940162 -2.619905327043515e-05 0
1232 0.001646040016672309 0.0002831987904963626 0
1233 0.00162394481011804 0.0003177460937985372 0
1234 0.001590806359725936 0.000342124887474422 0
1235 0.001550978042377182 0.0003529562510828288 0
1236 0.001509937625630886 0.0003486826112425673 0
1237 0.001473314071318628 0.0003299693105305716 0
1238 0.001445944089507152 0.0002994467579271817 0
1239 0.001431387172441881 0.0002613831272058331 0
1240 0.001431365392038872 0.0002206033148097342 0
1241 0.001445944093235121 0.000182421616567037 0
1242 0.001473314074780379 0.0001518990674105572 0
1243 0.00150993762995772 0.0001331857680817246 0
1244 0.001550978047085984 0.0001289121299065617 0
1245 0.001590806359725936 0.0001397434931333957 0
1246 0.001623944810118041 0.0001641222868092813 0
1247 0.001646040016672309 0.0001986695901114554 0
1248 0.00124529969250329 0.0008047634229253493 0
1249 0.001223204487558482 0.0008393107241864781 0
1250 0.00119006604172239 0.0008636895164667773 0
1251 0.001150237724532563 0.0008745208824497125 0
1252 0.001109197309115062 0.0008702472453051013 0
1253 0.001072573752819963 0.0008515339465816264 0
1254 0.001045203768712552 0.0008210113949434313 0
1255 0.001030646849461125 0.0007829477642418369 0
1256 0.001030625067256226 0.0007421679512605551 0
1257 0.001045203767105124 0.000703986252021821 0
1258 0.001072573747896372 0.000673463701540348 0
1259 0.001109197302961077 0.0006547504008496235 0
1260 0.001150237720534159 0.0006504767615554686 0
1261 0.001190066034081403 0.0006613081241694877 0
1262 0.001223204485357249 0.0006856869177915281 0
1263 0.00124529969251988 0.0007202342214447166 0
1264 0.001200573287958814 0.00102962529059262 0
1265 0.001178485651072389 0.00106416834560192 0
1266 0.001145357938694147 0.001088547983115167 0
1267 0.001105540576637425 0.001099386927733535 0
1268 0.001064505420692861 0.001095126936422903 0
1269 0.001027880387362025 0.001076430147752122 0
1270 0.001000501192710865 0.001045923602529657 0
1271 0.0009859061443862783 0.001007753884024405 0
1272 0.0009859061456552898 0.000966981040397994 0
1273 0.001000501196475233 0.0009288113226056915 0
1274 0.001027880390874746 0.000898304780846512 0
1275 0.00106450542508102 0.0008796079935793677 0
1276 0.001105540581412961 0.0008753480039571562 0
1277 0.001145357938751463 0.000886186948214886 0
1278 0.001178485651114516 0.0009105665857454256 0
1279 0.001200573287975402 0.0009451096407505963 0
1280 0.001028195907185274 0.0008784543852771404 0
1281 0.001006108272232019 0.0009129974380642453 0
1282 0.0009729805648678724 0.000937377074217798 0
1283 0.0009331632034435423 0.0009482160215340308 0
1284 0.000892128046682677 0.0009439560328011424 0
1285 0.0008555030117811775 0.0009252592460701949 0
1286 0.0008281238151294922 0.0008947527019830065 0
1287 0.0008135287647109682 0.0008565829837773512 0
1288 0.0008135287640604579 0.0008158101398672284 0
1289 0.0008281238131998329 0.0007776404212961067 0
1290 0.000855503008750844 0.000747133876380063 0
1291 0.0008921280428971251 0.0007284370884382339 0
1292 0.0009331631994439717 0.0007241770982585606 0
1293 0.0009729805572301321 0.0007350160422067307 0
1294 0.00100610827003184 0.0007593956797029084 0
1295 0.001028195907201861 0.0007939387348815823 0
1296 0.001072925061453119 0.0006535857416858787 0
1297 0.001050837426616795 0.0006881287944073562 0
1298 0.00101770971941857 0.0007125084305739061 0
1299 0.000977892358163566 0.0007233473780072298 0
1300 0.000936857203853053 0.000719087390187076 0
1301 0.0009002321684562323 0.0007003906044691185 0
1302 0.0008728529709734913 0.0006698840611481612 0
1303 0.0008582579195017888 0.0006317143433563794 0
1304 0.0008582579177005771 0.0005909414995535703 0
1305 0.0008728529656304171 0.0005527717807498406 0
1306 0.0009002321600654792 0.0005222652351338472 0
1307 0.0009368571933711599 0.0005035684460630545 0
1308 0.0009778923494538209 0.0004993084544291733 0
1309 0.001017709711780829 0.0005101473988774731 0
1310 0.001050837424416616 0.0005345270363866482 0
1311 0.001072925061469707 0.0005690700914996945 0
1312 0.001290028846889464 0.0005798947790425484 0
1313 0.001267933642386254 0.0006144420800564622 0
1314 0.001234795197176262 0.0006388208723864607 0
1315 0.001194966880623861 0.000649652238811934 0
1316 0.001153926465512954 0.0006453786024629911 0
1317 0.001117302909130837 0.0006266653047015793 0
1318 0.001089932924485886 0.0005961427539954103 0
1319 0.001075376004285845 0.0005580791239943782 0
1320 0.001075354220811972 0.0005172993114145814 0
1321 0.001089932919119501 0.0004791176121611093 0
1322 0.001117302900696793 0.0004485950591514514 0
1323 0.001153926454971261 0.0004298817580201677 0
1324 0.001194966871851315 0.0004256081178332301 0
1325 0.001234795189477934 0.0004364394812489418 0
1326 0.001267933640142875 0.0004608182749033767 0
1327 0.001290028846889464 0.0004953655783134895 0
1328 0.001462406227663022 0.0007310656843580356 0
1329 0.001440311021225753 0.0007656129875945443 0
1330 0.001407172570999632 0.0007899917812834788 0
1331 0.001367344253819922 0.0008008231450091138 0
1332 0.00132630383952382 0.0007965495060824517 0
1333 0.001289680284714963 0.0007778362063827783 0
1334 0.001262310302071685 0.0007473136545441638 0
1335 0.0012477533839576 0.0007092500242391196 0
1336 0.001247731602403759 0.0006684702119475973 0
1337 0.001262310302391144 0.0006302885134724779 0
1338 0.001289680282819752 0.0005997659636176906 0
1339 0.001326303837155 0.0005810526631607746 0
1340 0.001367344253819923 0.0005767790235314185 0
1341 0.001407172570999631 0.0005876103872570533 0
1342 0.001440311021225753 0.0006119891809459883 0
1343 0.001462406227663022 0.0006465364841824965 0
1344 0.001417677073395169 0.0009559343279492946 0
1345 0.0013955818668409 0.0009904816312514694 0
1346 0.001362443416448796 0.001014860424927354 0
1347 0.001322615099100042 0.001025691788535761 0
1348 0.001281574682353746 0.001021418148695499 0
1349 0.001244951128041488 0.001002704847983504 0
1350 0.001217581146230012 0.0009721822953801139 0
1351 0.001203024229164741 0.0009341186646587653 0
1352 0.001203002448761732 0.0008933388522626664 0
1353 0.001217581149957981 0.0008551571540199692 0
1354 0.001244951131503239 0.0008246346048634895 0
1355 0.00128157468668058 0.0008059213055346567 0
1356 0.001322615103808844 0.0008016476673594937 0
1357 0.001362443416448796 0.0008124790305863276 0
1358 0.001395581866840901 0.0008368578242622131 0
1359 0.001417677073395169 0.000871405127564387 0
1360 0.0007111638136158357 0.001273188016749596 0
1361 0.0006890686086710279 0.001307735318010725 0
1362 0.000655930162834936 0.001332114110291024 0
1363 0.0006161018456451088 0.00134294547627396 0
1364 0.0005750614302276076 0.001338671839129348 0
1365 0.0005384378739325085 0.001319958540405873 0
1366 0.0005110678898250975 0.001289435988767678 0
1367 0.000496510970573671 0.001251372358066084 0
1368 0.0004964891883687712 0.001210592545084803 0
1369 0.0005110678882176697 0.001172410845846068 0
1370 0.0005384378690089183 0.001141888295364595 0
1371 0.0005750614240736228 0.001123174994673871 0
1372 0.0006161018416467053 0.001118901355379716 0
1373 0.0006559301551939489 0.001129732717993735 0
1374 0.0006890686064697954 0.001154111511615775 0
1375 0.000711163813632426 0.001188658815268964 0
1376 0.0006664374090713594 0.001498049884416867 0
1377 0.0006443497721849348 0.001532592939426167 0
1378 0.000611222059806693 0.001556972576939414 0
1379 0.00057140469774997 0.001567811521557782 0
1380 0.0005303695418054065 0.00156355153024715 0
1381 0.0004937445084745709 0.001544854741576369 0
1382 0.0004663653138234107 0.001514348196353905 0
1383 0.0004517702654988237 0.001476178477848652 0
1384 0.0004517702667678355 0.001435405634222241 0
1385 0.0004663653175877788 0.001397235916429938 0
1386 0.0004937445119872918 0.001366729374670759 0
1387 0.000530369546193566 0.001348032587403615 0
1388 0.0005714047025255067 0.001343772597781403 0
1389 0.0006112220598640088 0.001354611542039133 0
1390 0.000644349772227062 0.001378991179569673 0
1391 0.0006664374090879472 0.001413534234574843 0
1392 0.0004940600282978193 0.001346878979101387 0
1393 0.0004719723933445648 0.001381422031888492 0
1394 0.000438844685980418 0.001405801668042045 0
1395 0.0003990273245560879 0.001416640615358278 0
1396 0.0003579921677952226 0.001412380626625389 0
1397 0.0003213671328937231 0.001393683839894442 0
1398 0.0002939879362420377 0.001363177295807253 0
1399 0.0002793928858235138 0.001325007577601599 0
1400 0.0002793928851730034 0.001284234733691476 0
1401 0.0002939879343123783 0.001246065015120354 0
1402 0.0003213671298633894 0.00121555847020431 0
1403 0.0003579921640096704 0.001196861682262481 0
1404 0.0003990273205565169 0.001192601692082807 0
1405 0.0004388446783426773 0.001203440636030978 0
1406 0.0004719723911443852 0.001227820273527155 0
1407 0.000494060028314407 0.001262363328705829 0
1408 0.0005387891825656651 0.001122010335510126 0
1409 0.0005167015477293412 0.001156553388231603 0
1410 0.0004835738405311152 0.001180933024398153 0
1411 0.0004437564792761116 0.001191771971831477 0
1412 0.0004027213249655985 0.001187511984011323 0
1413 0.0003660962895687779 0.001168815198293366 0
1414 0.0003387170920860369 0.001138308654972408 0
1415 0.0003241220406143345 0.001100138937180627 0
1416 0.0003241220388131226 0.001059366093377818 0
1417 0.0003387170867429627 0.001021196374574088 0
1418 0.0003660962811780248 0.0009906898289580943 0
1419 0.0004027213144837056 0.0009719930398873015 0
1420 0.0004437564705663666 0.0009677330482534204 0
1421 0.0004835738328933749 0.0009785719927017202 0
1422 0.0005167015455291618 0.001002951630210895 0
1423 0.0005387891825822527 0.001037494685323942 0
1424 0.0007558929680020091 0.001048319372866796 0
1425 0.0007337977634987998 0.00108286667388071 0
1426 0.0007006593182888074 0.001107245466210708 0
1427 0.0006608310017364058 0.001118076832636181 0
1428 0.0006197905866254993 0.001113803196287238 0
1429 0.0005831670302433821 0.001095089898525826 0
1430 0.0005557970455984314 0.001064567347819657 0
1431 0.000541240125398391 0.001026503717818625 0
1432 0.0005412183419245173 0.0009857239052388283 0
1433 0.0005557970402320468 0.0009475422059853562 0
1434 0.0005831670218093392 0.0009170196529756985 0
1435 0.0006197905760838065 0.0008983063518444148 0
1436 0.0006608309929638609 0.0008940327116574773 0
1437 0.0007006593105904802 0.0009048640750731892 0
1438 0.0007337977612554207 0.0009292428687276242 0
1439 0.0007558929680020093 0.0009637901721377371 0
1440 0.0009282703487755674 0.001199490278182283 0
1441 0.0009061751423382983 0.001234037581418791 0
1442 0.0008730366921121771 0.001258416375107726 0
1443 0.000833208374932467 0.001269247738833361 0
1444 0.0007921679606363652 0.001264974099906699 0
1445 0.0007555444058275079 0.001246260800207025 0
1446 0.0007281744231842304 0.001215738248368411 0
1447 0.000713617505070146 0.001177674618063366 0
1448 0.0007135957235163051 0.001136894805771844 0
1449 0.0007281744235036903 0.001098713107296725 0
1450 0.0007555444039322978 0.001068190557441937 0
1451 0.000792167958267546 0.001049477256985021 0
1452 0.0008332083749324691 0.001045203617355665 0
1453 0.0008730366921121774 0.0010560349810813 0
1454 0.0009061751423382992 0.001080413774770236 0
1455 0.0009282703487755675 0.001114961078006744 0
1456 0.0008835411945077149 0.001424358921773542 0
1457 0.0008614459879534456 0.001458906225075716 0
1458 0.0008283075375613416 0.001483285018751601 0
1459 0.0007884792202125876 0.001494116382360008 0
1460 0.0007474388034662916 0.001489842742519746 0
1461 0.0007108152491540338 0.001471129441807751 0
1462 0.0006834452673425576 0.001440606889204361 0
1463 0.0006688883502772869 0.001402543258483012 0
1464 0.0006688665698742778 0.001361763446086913 0
1465 0.0006834452710705269 0.001323581747844216 0
1466 0.0007108152526157846 0.001293059198687736 0
1467 0.0007474388077931266 0.001274345899358904 0
1468 0.0007884792249213897 0.001270072261183741 0
1469 0.0008283075375613418 0.001280903624410575 0
1470 0.0008614459879534464 0.00130528241808646 0
1471 0.0008835411945077149 0.001339829721388634 0
1472 1.437627651444909e-05 0.001411787675315075 0
1473 -7.718928430358685e-06 0.001446334976576203 0
1474 -4.085737426645065e-05 0.001470713768856502 0
1475 -8.068569145627764e-05 0.001481545134839438 0
1476 -0.0001217261068737788 0.001477271497694826 0
1477 -0.0001583496631688781 0.001458558198971352 0
1478 -0.0001857196472762891 0.001428035647333157 0
1479 -0.0002002765665277156 0.001389972016631562 0
1480 -0.0002002983487326154 0.001349192203650281 0
1481 -0.0001857196488837171 0.001311010504411546 0
1482 -0.0001583496680924685 0.001280487953930073 0
1483 -0.0001217261130277642 0.001261774653239349 0
1484 -8.068569545468159e-05 0.001257501013945194 0
1485 -4.085738190743789e-05 0.001268332376559213 0
1486 -7.718930631591398e-06 0.001292711170181253 0
1487 1.437627653103939e-05 0.001327258473834442 0
1488 -3.035012803002716e-05 0.001636649542982345 0
1489 -5.243776491645174e-05 0.001671192597991646 0
1490 -8.556547729469353e-05 0.001695572235504892 0
1491 -0.0001253828393514165 0.00170641118012326 0
1492 -0.00016641799529598 0.001702151188812629 0
1493 -0.0002030430286268157 0.001683454400141847 0
1494 -0.0002304222232779758 0.001652947854919383 0
1495 -0.000245017271602563 0.00161477813641413 0
1496 -0.0002450172703335512 0.001574005292787719 0
1497 -0.0002304222195136077 0.001535835574995416 0
1498 -0.0002030430251140948 0.001505329033236237 0
1499 -0.0001664179909078205 0.001486632245969093 0
1500 -0.0001253828345758798 0.001482372256346881 0
1501 -8.556547723737764e-05 0.001493211200604611 0
1502 -5.243776487432448e-05 0.001517590838135151 0
1503 -3.035012801343947e-05 0.001552133893140321 0
1504 -0.0002027275088035674 0.001485478637666865 0
1505 -0.0002248151437568218 0.00152002169045397 0
1506 -0.0002579428511209687 0.001544401326607523 0
1507 -0.0002977602125452987 0.001555240273923756 0
1508 -0.000338795369306164 0.001550980285190867 0
1509 -0.0003754204042076635 0.00153228349845992 0
1510 -0.0004027996008593489 0.001501776954372731 0
1511 -0.0004173946512778728 0.001463607236167076 0
1512 -0.0004173946519283832 0.001422834392256954 0
1513 -0.0004027996027890083 0.001384664673685832 0
1514 -0.0003754204072379972 0.001354158128769788 0
1515 -0.0003387953730917162 0.001335461340827959 0
1516 -0.0002977602165448697 0.001331201350648285 0
1517 -0.0002579428587587093 0.001342040294596455 0
1518 -0.0002248151459570014 0.001366419932092633 0
1519 -0.0002027275087869797 0.001400962987271307 0
1520 -0.0001579983545357216 0.001260609994075604 0
1521 -0.0001800859893720454 0.001295153046797081 0
1522 -0.0002132136965702714 0.001319532682963631 0
1523 -0.000253031057825275 0.001330371630396955 0
1524 -0.0002940662121357881 0.001326111642576801 0
1525 -0.0003306912475326088 0.001307414856858844 0
1526 -0.0003580704450153498 0.001276908313537886 0
1527 -0.0003726654964870522 0.001238738595746105 0
1528 -0.000372665498288264 0.001197965751943296 0
1529 -0.000358070450358424 0.001159796033139566 0
1530 -0.0003306912559233621 0.001129289487523573 0
1531 -0.0002940662226176811 0.00111059269845278 0
1532 -0.0002530310665350202 0.001106332706818898 0
1533 -0.0002132137042080119 0.001117171651267198 0
1534 -0.0001800859915722249 0.001141551288776373 0
1535 -0.0001579983545191339 0.00117609434388942 0
1536 5.91054309006226e-05 0.001186919031432274 0
1537 3.701022639741322e-05 0.001221466332446188 0
1538 3.871781187420819e-06 0.001245845124776186 0
1539 -3.595653536498065e-05 0.001256676491201659 0
1540 -7.699695047588709e-05 0.001252402854852716 0
1541 -0.0001136205068580043 0.001233689557091304 0
1542 -0.0001409904915029551 0.001203167006385135 0
1543 -0.0001555474117029955 0.001165103376384103 0
1544 -0.0001555691951768693 0.001124323563804307 0
1545 -0.0001409904968693399 0.001086141864550834 0
1546 -0.0001136205152920474 0.001055619311541177 0
1547 -7.699696101757987e-05 0.001036906010409893 0
1548 -3.595654413752559e-05 0.001032632370222955 0
1549 3.871773489093763e-06 0.001043463733638667 0
1550 3.701022415403417e-05 0.001067842527293102 0
1551 5.910543090062267e-05 0.001102389830703215 0
1552 0.0002314828116741807 0.001338089936747761 0
1553 0.0002093876052369118 0.00137263723998427 0
1554 0.0001762491550107905 0.001397016033673204 0
1555 0.0001364208378310804 0.001407847397398839 0
1556 9.538042353497869e-05 0.001403573758472177 0
1557 5.875686872612133e-05 0.001384860458772503 0
1558 3.138688608284375e-05 0.001354337906933889 0
1559 1.682996796875938e-05 0.001316274276628844 0
1560 1.680818641491849e-05 0.001275494464337322 0
1561 3.138688640230357e-05 0.001237312765862203 0
1562 5.875686683091102e-05 0.001206790216007416 0
1563 9.538042116615926e-05 0.001188076915550499 0
1564 0.0001364208378310824 0.001183803275921144 0
1565 0.0001762491550107906 0.001194634639646778 0
1566 0.0002093876052369125 0.001219013433335714 0
1567 0.0002314828116741809 0.001253560736572222 0
1568 0.0001867536574063283 0.00156295858033902 0
1569 0.0001646584508520591 0.001597505883641194 0
1570 0.000131520000459955 0.001621884677317079 0
1571 9.169168311120104e-05 0.001632716040925486 0
1572 5.065126636490488e-05 0.001628442401085224 0
1573 1.402771205264725e-05 0.001609729100373229 0
1574 -1.334226975882908e-05 0.001579206547769839 0
1575 -2.789918682409977e-05 0.00154114291704849 0
1576 -2.792096722710871e-05 0.001500363104652392 0
1577 -1.334226603085976e-05 0.001462181406409694 0
1578 1.402771551439789e-05 0.001431658857253215 0
1579 5.065127069173965e-05 0.001412945557924382 0
1580 9.169168782000297e-05 0.001408671919749219 0
1581 0.0001315200004599551 0.001419503282976053 0
1582 0.0001646584508520598 0.001443882076651938 0
1583 0.0001867536574063284 0.001478429379954112 0
1584 -0.0006583592609384828 0.001183424732037935 0
1585 -0.0006804544658832906 0.001217972033299063 0
1586 -0.0007135929117193826 0.001242350825579363 0
1587 -0.0007534212289092097 0.001253182191562298 0
1588 -0.0007944616443267109 0.001248908554417687 0
1589 -0.0008310852006218101 0.001230195255694212 0
1590 -0.0008584551847292211 0.001199672704056017 0
1591 -0.0008730121039806476 0.001161609073354422 0
1592 -0.0008730338861855473 0.001120829260373141 0
1593 -0.000858455186336649 0.001082647561134406 0
1594 -0.0008310852055454003 0.001052125010652934 0
1595 -0.000794461650480696 0.001033411709962209 0
1596 -0.0007534212329076134 0.001029138070668054 0
1597 -0.0007135929193603697 0.001039969433282073 0
1598 -0.0006804544680845232 0.001064348226904114 0
1599 -0.0006583592609218926 0.001098895530557302 0
1600 -0.000703085665482959 0.001408286599705206 0
1601 -0.0007251733023693836 0.001442829654714506 0
1602 -0.0007583010147476254 0.001467209292227752 0
1603 -0.0007981183768043484 0.00147804823684612 0
1604 -0.0008391535327489119 0.001473788245535489 0
1605 -0.0008757785660797475 0.001455091456864707 0
1606 -0.0009031577607309077 0.001424584911642243 0
1607 -0.0009177528090554948 0.001386415193136991 0
1608 -0.000917752807786483 0.00134564234951058 0
1609 -0.0009031577569665395 0.001307472631718277 0
1610 -0.0008757785625670266 0.001276966089959097 0
1611 -0.0008391535283607523 0.001258269302691953 0
1612 -0.0007981183720288116 0.001254009313069742 0
1613 -0.0007583010146903096 0.001264848257327471 0
1614 -0.0007251733023272563 0.001289227894858011 0
1615 -0.0007030856654663712 0.001323770949863182 0
1616 -0.0008754630462564991 0.001257115694389726 0
1617 -0.0008975506812097536 0.001291658747176831 0
1618 -0.0009306783885739005 0.001316038383330383 0
1619 -0.0009704957499982306 0.001326877330646616 0
1620 -0.001011530906759096 0.001322617341913728 0
1621 -0.001048155941660595 0.00130392055518278 0
1622 -0.001075535138312281 0.001273414011095592 0
1623 -0.001090130188730805 0.001235244292889937 0
1624 -0.001090130189381315 0.001194471448979814 0
1625 -0.00107553514024194 0.001156301730408692 0
1626 -0.001048155944690929 0.001125795185492648 0
1627 -0.001011530910544648 0.001107098397550819 0
1628 -0.0009704957539978012 0.001102838407371146 0
1629 -0.0009306783962116407 0.001113677351319316 0
1630 -0.000897550683409933 0.001138056988815494 0
1631 -0.0008754630462399114 0.001172600043994168 0
1632 -0.0008307338919886535 0.001032247050798464 0
1633 -0.0008528215268249773 0.001066790103519941 0
1634 -0.0008859492340232034 0.001091169739686491 0
1635 -0.000925766595278207 0.001102008687119815 0
1636 -0.0009668017495887201 0.001097748699299661 0
1637 -0.001003426784985541 0.001079051913581704 0
1638 -0.001030805982468282 0.001048545370260746 0
1639 -0.001045401033939984 0.001010375652468964 0
1640 -0.001045401035741196 0.0009696028086661556 0
1641 -0.001030805987811356 0.0009314330898624259 0
1642 -0.001003426793376294 0.0009009265442464325 0
1643 -0.000966801760070613 0.0008822297551756397 0
1644 -0.0009257666039879522 0.0008779697635417585 0
1645 -0.0008859492416609438 0.0008888087079900583 0
1646 -0.0008528215290251568 0.0009131883454992334 0
1647 -0.0008307338919720658 0.0009477314006122797 0
1648 -0.0006136301065523093 0.0009585560881551341 0
1649 -0.0006357253110555187 0.0009931033891690479 0
1650 -0.0006688637562655111 0.001017482181499046 0
1651 -0.0007086920728179125 0.00102831354792452 0
1652 -0.000749732487928819 0.001024039911575577 0
1653 -0.0007863560443109362 0.001005326613814165 0
1654 -0.000813726028955887 0.0009748040631079956 0
1655 -0.0008282829491559274 0.0009367404331069634 0
1656 -0.0008283047326298011 0.0008959606205271664 0
1657 -0.0008137260343222717 0.0008577789212736944 0
1658 -0.0007863560527449792 0.0008272563682640367 0
1659 -0.0007497324984705117 0.000808543067132753 0
1660 -0.0007086920815904573 0.0008042694269458156 0
1661 -0.0006688637639638381 0.0008151007903615276 0
1662 -0.0006357253132988977 0.0008394795840159626 0
1663 -0.0006136301065523092 0.0008740268874260754 0
1664 -0.0004412527257787511 0.001109726993470621 0
1665 -0.0004633479322160201 0.00114427429670713 0
1666 -0.0004964863824421413 0.001168653090396064 0
1667 -0.0005363146996218515 0.001179484454121699 0
1668 -0.0005773551139179532 0.001175210815195037 0
1669 -0.0006139786687268105 0.001156497515495363 0
1670 -0.0006413486513700881 0.001125974963656749 0
1671 -0.0006559055694841725 0.001087911333351705 0
1672 -0.0006559273510380134 0.001047131521060182 0
1673 -0.0006413486510506283 0.001008949822585063 0
1674 -0.0006139786706220207 0.0009784272727302757 0
1675 -0.0005773551162867726 0.0009597139722733599 0
1676 -0.0005363146996218496 0.0009554403326440039 0
1677 -0.0004964863824421413 0.0009662716963696387 0
1678 -0.0004633479322160194 0.0009906504900585738 0
1679 -0.000441252725778751 0.001025197793295082 0
1680 -0.0004859818800466036 0.00133459563706188 0
1681 -0.0005080770866008727 0.001369142940364055 0
1682 -0.0005412155369929768 0.001393521734039939 0
1683 -0.0005810438543417308 0.001404353097648346 0
1684 -0.0006220842710880269 0.001400079457808085 0
1685 -0.0006587078254002846 0.001381366157096089 0
1686 -0.000686077807211761 0.001350843604492699 0
1687 -0.0007006347242770317 0.00131277997377135 0
1688 -0.0007006565046800406 0.001272000161375252 0
1689 -0.0006860778034837917 0.001233818463132555 0
1690 -0.0006587078219385341 0.001203295913976075 0
1691 -0.0006220842667611922 0.001184582614647242 0
1692 -0.0005810438496329291 0.001180308976472079 0
1693 -0.0005412155369929768 0.001191140339698913 0
1694 -0.0005080770866008721 0.001215519133374798 0
1695 -0.0004859818800466035 0.001250066436676973 0
1696 -0.001126783854762729 0.0006492888531504814 0
1697 -0.001148879059707537 0.0006838361544116102 0
1698 -0.001182017505543629 0.0007082149466919094 0
1699 -0.001221845822733456 0.0007190463126748447 0
1700 -0.001262886238150957 0.0007147726755302334 0
1701 -0.001299509794446057 0.0006960593768067585 0
1702 -0.001326879778553468 0.0006655368251685635 0
1703 -0.001341436697804894 0.0006274731944669691 0
1704 -0.001341458480009794 0.0005866933814856872 0
1705 -0.001326879780160896 0.0005485116822469532 0
1706 -0.001299509799369647 0.0005179891317654801 0
1707 -0.001262886244304943 0.0004992758310747557 0
1708 -0.00122184582673186 0.0004950021917806008 0
1709 -0.001182017513184616 0.0005058335543946199 0
1710 -0.00114887906190877 0.0005302123480166603 0
1711 -0.001126783854746139 0.0005647596516698488 0
1712 -0.001171510259307206 0.0008741507208177522 0
1713 -0.00119359789619363 0.0009086937758270525 0
1714 -0.001226725608571872 0.0009330734133402987 0
1715 -0.001266542970628595 0.0009439123579586672 0
1716 -0.001307578126573158 0.0009396523666480356 0
1717 -0.001344203159903994 0.0009209555779772539 0
1718 -0.001371582354555154 0.0008904490327547898 0
1719 -0.001386177402879741 0.0008522793142495374 0
1720 -0.00138617740161073 0.000811506470623126 0
1721 -0.001371582350790786 0.0007733367528308235 0
1722 -0.001344203156391273 0.000742830211071644 0
1723 -0.001307578122184999 0.0007241334238044998 0
1724 -0.001266542965853059 0.0007198734341822883 0
1725 -0.001226725608514556 0.0007307123784400183 0
1726 -0.001193597896151503 0.0007550920159705578 0
1727 -0.001171510259290618 0.0007896350709757286 0
1728 -0.001343887640080746 0.0007229798155022724 0
1729 -0.001365975275034 0.0007575228682893773 0
1730 -0.001399102982398147 0.00078190250444293 0
1731 -0.001438920343822477 0.0007927414517591629 0
1732 -0.001479955500583342 0.0007884814630262745 0
1733 -0.001516580535484842 0.000769784676295327 0
1734 -0.001543959732136528 0.0007392781322081385 0
1735 -0.001558554782555051 0.0007011084140024833 0
1736 -0.001558554783205562 0.0006603355700923608 0
1737 -0.001543959734066187 0.000622165851521239 0
1738 -0.001516580538515176 0.0005916593066051952 0
1739 -0.001479955504368895 0.000572962518663366 0
1740 -0.001438920347822048 0.0005687025284836926 0
1741 -0.001399102990035888 0.0005795414724318626 0
1742 -0.00136597527723418 0.0006039211099280403 0
1743 -0.001343887640064158 0.0006384641651067142 0
1744 -0.0012991584858129 0.0004981111719110107 0
1745 -0.001321246120649224 0.0005326542246324882 0
1746 -0.00135437382784745 0.0005570338607990382 0
1747 -0.001394191189102453 0.000567872808232362 0
1748 -0.001435226343412966 0.000563612820412208 0
1749 -0.001471851378809787 0.0005449160346942506 0
1750 -0.001499230576292528 0.0005144094913732933 0
1751 -0.001513825627764231 0.0004762397735815114 0
1752 -0.001513825629565442 0.0004354669297787025 0
1753 -0.001499230581635602 0.0003972972109749729 0
1754 -0.00147185138720054 0.0003667906653589794 0
1755 -0.00143522635389486 0.0003480938762881865 0
1756 -0.001394191197812199 0.0003438338846543053 0
1757 -0.00135437383548519 0.0003546728291026051 0
1758 -0.001321246122849403 0.0003790524666117802 0
1759 -0.001299158485796312 0.0004135955217248266 0
1760 -0.001082054700376556 0.0004244202092676807 0
1761 -0.001104149904879766 0.0004589675102815944 0
1762 -0.001137288350089758 0.0004833463026115931 0
1763 -0.001177116666642159 0.0004941776690370662 0
1764 -0.001218157081753066 0.0004899040326881232 0
1765 -0.001254780638135183 0.0004711907349267113 0
1766 -0.001282150622780134 0.0004406681842205423 0
1767 -0.001296707542980174 0.0004026045542195102 0
1768 -0.001296729326454048 0.0003618247416397133 0
1769 -0.001282150628146519 0.0003236430423862413 0
1770 -0.001254780646569226 0.0002931204893765834 0
1771 -0.001218157092294759 0.0002744071882452999 0
1772 -0.001177116675414704 0.0002701335480583623 0
1773 -0.001137288357788085 0.0002809649114740743 0
1774 -0.001104149907123145 0.0003053437051285094 0
1775 -0.001082054700376556 0.0003398910085386222 0
1776 -0.0009096773196029977 0.0005755911145831678 0
1777 -0.0009317725260402667 0.0006101384178196766 0
1778 -0.0009649109762663879 0.000634517211508611 0
1779 -0.001004739293446098 0.000645348575234246 0
1780 -0.0010457797077422 0.0006410749363075839 0
1781 -0.001082403262551057 0.0006223616366079105 0
1782 -0.001109773245194335 0.0005918390847692958 0
1783 -0.001124330163308419 0.0005537754544642517 0
1784 -0.00112435194486226 0.0005129956421727292 0
1785 -0.001109773244874875 0.0004748139436976099 0
1786 -0.001082403264446267 0.0004442913938428225 0
1787 -0.001045779710111019 0.0004255780933859067 0
1788 -0.001004739293446096 0.0004213044537565508 0
1789 -0.0009649109762663877 0.0004321358174821857 0
1790 -0.0009317725260402658 0.0004565146111711209 0
1791 -0.0009096773196029976 0.0004910619144076291 0
1792 -0.0009544064738708502 0.0008004597581744269 0
1793 -0.0009765016804251193 0.0008350070614766015 0
1794 -0.001009640130817223 0.0008593858551524863 0
1795 -0.001049468448165977 0.000870217218760893 0
1796 -0.001090508864912273 0.0008659435789206316 0
1797 -0.001127132419224531 0.0008472302782086358 0
1798 -0.001154502401036008 0.000816707725605246 0
1799 -0.001169059318101278 0.0007786440948838974 0
1800 -0.001169081098504287 0.0007378642824877984 0
1801 -0.001154502397308038 0.0006996825842451014 0
1802 -0.00112713241576278 0.0006691600350886216 0
1803 -0.001090508860585439 0.0006504467357597889 0
1804 -0.001049468443457176 0.000646173097584626 0
1805 -0.001009640130817223 0.00065700446081146 0
1806 -0.0009765016804251185 0.0006813832544873455 0
1807 -0.0009544064738708501 0.0007159305577895196 0
1808 -0.001265383513328208 -4.749868395090567e-05 0
1809 -0.001287478718273016 -1.295138268977681e-05 0
1810 -0.001320617164109108 1.142740959052234e-05 0
1811 -0.001360445481298935 2.225877557345755e-05 0
1812 -0.001401485896716436 1.798513842884636e-05 0
1813 -0.001438109453011535 -7.28160294628547e-07 0
1814 -0.001465479437118946 -3.125071193282357e-05 0
1815 -0.001480036356370373 -6.9314342634418e-05 0
1816 -0.001480058138575272 -0.0001100941556156997 0
1817 -0.001465479438726374 -0.0001482758548544339 0
1818 -0.001438109457935125 -0.000178798405335907 0
1819 -0.001401485902870421 -0.0001975117060266314 0
1820 -0.001360445485297339 -0.0002017853453207863 0
1821 -0.001320617171750095 -0.0001909539827067672 0
1822 -0.001287478720474249 -0.0001665751890847268 0
1823 -0.001265383513311618 -0.0001320278854315383 0
1824 -0.001310109917872684 0.0001773631837163651 0
1825 -0.001332197554759109 0.0002119062387256654 0
1826 -0.001365325267137351 0.0002362858762389116 0
1827 -0.001405142629194073 0.0002471248208572801 0
1828 -0.001446177785138637 0.0002428648295466485 0
1829 -0.001482802818469473 0.0002241680408758667 0
1830 -0.001510182013120633 0.0001936614956534027 0
1831 -0.00152477706144522 0.0001554917771481502 0
1832 -0.001524777060176208 0.0001147189335217389 0
1833 -0.001510182009356265 7.654921572943624e-05 0
1834 -0.001482802814956752 4.604267397025685e-05 0
1835 -0.001446177780750478 2.734588670311262e-05 0
1836 -0.001405142624418537 2.308589708090115e-05 0
1837 -0.001365325267080035 3.392484133863108e-05 0
1838 -0.001332197554716982 5.830447886917068e-05 0
1839 -0.001310109917856097 9.284753387434142e-05 0
1840 -0.001482487298646224 2.619227840088526e-05 0
1841 -0.001504574933599479 6.073533118799027e-05 0
1842 -0.001537702640963626 8.511496734154295e-05 0
1843 -0.001577520002387956 9.595391465777584e-05 0
1844 -0.001618555159148821 9.169392592488739e-05 0
1845 -0.001655180194050321 7.299713919393995e-05 0
1846 -0.001682559390702006 4.249059510675154e-05 0
1847 -0.00169715444112053 4.320876901096345e-06 0
1848 -0.00169715444177104 -3.645196700902633e-05 0
1849 -0.001682559392631665 -7.462168558014814e-05 0
1850 -0.001655180197080654 -0.000105128230496192 0
1851 -0.001618555162934373 -0.0001238250184380211 0
1852 -0.001577520006387527 -0.0001280850086176945 0
1853 -0.001537702648601366 -0.0001172460646695245 0
1854 -0.001504574935799659 -9.286642717334673e-05 0
1855 -0.001482487298629637 -5.832337199467286e-05 0
1856 -0.001437758144378379 -0.0001986763651903764 0
1857 -0.001459845779214702 -0.0001641333124688989 0
1858 -0.001492973486412928 -0.0001397536763023489 0
1859 -0.001532790847667932 -0.0001289147288690252 0
1860 -0.001573826001978445 -0.000133174716689179 0
1861 -0.001610451037375266 -0.0001518715024071365 0
1862 -0.001637830234858007 -0.0001823780457280939 0
1863 -0.001652425286329709 -0.0002205477635198757 0
1864 -0.001652425288130921 -0.0002613206073226847 0
1865 -0.001637830240201081 -0.0002994903261264143 0
1866 -0.001610451045766019 -0.0003299968717424077 0
1867 -0.001573826012460338 -0.0003486936608132006 0
1868 -0.001532790856377677 -0.0003529536524470817 0
1869 -0.001492973494050669 -0.000342114707998782 0
1870 -0.001459845781414882 -0.0003177350704896069 0
1871 -0.001437758144361791 -0.0002831920153765605 0
1872 -0.001220654358942035 -0.0002723673278337063 0
1873 -0.001242749563445244 -0.0002378200268197924 0
1874 -0.001275888008655236 -0.0002134412344897939 0
1875 -0.001315716325207638 -0.0002026098680643207 0
1876 -0.001356756740318544 -0.0002068835044132638 0
1877 -0.001393380296700661 -0.0002255968021746757 0
1878 -0.001420750281345612 -0.0002561193528808447 0
1879 -0.001435307201545653 -0.0002941829828818768 0
1880 -0.001435328985019526 -0.0003349627954616737 0
1881 -0.001420750286711997 -0.0003731444947151457 0
1882 -0.001393380305134705 -0.0004036670477248036 0
1883 -0.001356756750860237 -0.0004223803488560872 0
1884 -0.001315716333980183 -0.0004266539890430247 0
1885 -0.001275888016353563 -0.0004158226256273127 0
1886 -0.001242749565688623 -0.0003914438319728776 0
1887 -0.001220654358942035 -0.0003568965285627648 0
1888 -0.001048276978168476 -0.0001211964225182194 0
1889 -0.001070372184605745 -8.664911928171054e-05 0
1890 -0.001103510634831867 -6.227032559277611e-05 0
1891 -0.001143338952011577 -5.143896186714118e-05 0
1892 -0.001184379366307678 -5.571260079380321e-05 0
1893 -0.001221002921116536 -7.442590049347668e-05 0
1894 -0.001248372903759813 -0.0001049484523320913 0
1895 -0.001262929821873898 -0.0001430120826371354 0
1896 -0.001262951603427739 -0.0001837918949286578 0
1897 -0.001248372903440354 -0.0002219735934037772 0
1898 -0.001221002923011746 -0.0002524961432585645 0
1899 -0.001184379368676498 -0.0002712094437154804 0
1900 -0.001143338952011575 -0.0002754830833448363 0
1901 -0.001103510634831867 -0.0002646517196192015 0
1902 -0.001070372184605745 -0.0002402729259302664 0
1903 -0.001048276978168476 -0.0002057256226937581 0
1904 -0.001093006132436329 0.0001036722210730397 0
1905 -0.001115101338990598 0.0001382195243752144 0
1906 -0.001148239789382702 0.0001625983180510991 0
1907 -0.001188068106731456 0.0001734296816595059 0
1908 -0.001229108523477752 0.0001691560418192445 0
1909 -0.00126573207779001 0.0001504427411072487 0
1910 -0.001293102059601486 0.0001199201885038588 0
1911 -0.001307658976666757 8.185655778251023e-05 0
1912 -0.001307680757069766 4.107674538641134e-05 0
1913 -0.001293102055873517 2.895047143714177e-06 0
1914 -0.001265732074328259 -2.762750201276553e-05 0
1915 -0.001229108519150917 -4.634080134159826e-05 0
1916 -0.001188068102022654 -5.061443951676119e-05 0
1917 -0.001148239789382702 -3.978307628992714e-05 0
1918 -0.001115101338990597 -1.540428261404164e-05 0
1919 -0.001093006132436328 1.914302068813251e-05 0
1920 -0.001037020570051068 -0.0007202342214038382 0
1921 -0.001059115774995876 -0.0006856869201427093 0
1922 -0.001092254220831968 -0.0006613081278624102 0
1923 -0.001132082538021795 -0.000650476761879475 0
1924 -0.001173122953439296 -0.0006547503990240862 0
1925 -0.001209746509734395 -0.0006734636977475611 0
1926 -0.001237116493841807 -0.0007039862493857561 0
1927 -0.001251673413093233 -0.0007420498800873505 0
1928 -0.001251695195298133 -0.0007828296930686323 0
1929 -0.001237116495449235 -0.0008210113923073664 0
1930 -0.001209746514657986 -0.0008515339427888394 0
1931 -0.001173122959593282 -0.000870247243479564 0
1932 -0.001132082542020199 -0.0008745208827737189 0
1933 -0.001092254228472955 -0.0008636895201596998 0
1934 -0.001059115777197109 -0.0008393107265376594 0
1935 -0.001037020570034478 -0.0008047634228844708 0
1936 -0.001081746974595544 -0.0004953723537365675 0
1937 -0.001103834611481969 -0.0004608292987272673 0
1938 -0.001136962323860211 -0.000436449661214021 0
1939 -0.001176779685916934 -0.0004256107165956525 0
1940 -0.001217814841861497 -0.0004298707079062841 0
1941 -0.001254439875192333 -0.0004485674965770658 0
1942 -0.001281819069843493 -0.0004790740417995298 0
1943 -0.00129641411816808 -0.0005172437603047824 0
1944 -0.001296414116899068 -0.0005580166039311937 0
1945 -0.001281819066079125 -0.0005961863217234962 0
1946 -0.001254439871679612 -0.0006266928634826756 0
1947 -0.001217814837473338 -0.0006453896507498199 0
1948 -0.001176779681141397 -0.0006496496403720314 0
1949 -0.001136962323802895 -0.0006388106961143015 0
1950 -0.001103834611439842 -0.0006144310585837619 0
1951 -0.001081746974578957 -0.0005798880035785912 0
1952 -0.001254124355369085 -0.0006465432590520472 0
1953 -0.001276211990322339 -0.0006120002062649423 0
1954 -0.001309339697686486 -0.0005876205701113896 0
1955 -0.001349157059110816 -0.0005767816227951568 0
1956 -0.001390192215871681 -0.0005810416115280451 0
1957 -0.001426817250773181 -0.0005997383982589926 0
1958 -0.001454196447424866 -0.000630244942346181 0
1959 -0.00146879149784339 -0.0006684146605518362 0
1960 -0.001468791498493901 -0.0007091875044619589 0
1961 -0.001454196449354526 -0.0007473572230330805 0
1962 -0.001426817253803515 -0.0007778637679491244 0
1963 -0.001390192219657234 -0.0007965605558909536 0
1964 -0.001349157063110387 -0.000800820546070627 0
1965 -0.001309339705324227 -0.0007899816021224571 0
1966 -0.001276211992522519 -0.0007656019646262793 0
1967 -0.001254124355352497 -0.0007310589094476055 0
1968 -0.001209395201101239 -0.0008714119026433089 0
1969 -0.001231482835937563 -0.0008368688499218314 0
1970 -0.001264610543135789 -0.0008124892137552814 0
1971 -0.001304427904390792 -0.0008016502663219576 0
1972 -0.001345463058701305 -0.0008059102541421115 0
1973 -0.001382088094098126 -0.0008246070398600689 0
1974 -0.001409467291580867 -0.0008551135831810263 0
1975 -0.001424062343052569 -0.000893283300972808 0
1976 -0.001424062344853781 -0.000934056144775617 0
1977 -0.001409467296923941 -0.0009722258635793467 0
1978 -0.001382088102488879 -0.00100273240919534 0
1979 -0.001345463069183199 -0.001021429198266133 0
1980 -0.001304427913100538 -0.001025689189900014 0
1981 -0.001264610550773529 -0.001014850245451715 0
1982 -0.001231482838137742 -0.0009904706079425394 0
1983 -0.001209395201084651 -0.000955927552829493 0
1984 -0.0009922914156648946 -0.000945102865286639 0
1985 -0.001014386620168104 -0.0009105555642727253 0
1986 -0.001047525065378096 -0.0008861767719427267 0
1987 -0.001087353381930498 -0.0008753454055172534 0
1988 -0.001128393797041404 -0.0008796190418661963 0
1989 -0.001165017353423521 -0.0008983323396276081 0
1990 -0.001192387338068472 -0.000928854890333777 0
1991 -0.001206944258268513 -0.0009669185203348091 0
1992 -0.001206966041742387 -0.001007698332914606 0
1993 -0.001192387343434857 -0.001045880032168078 0
1994 -0.001165017361857565 -0.001076402585177736 0
1995 -0.001128393807583098 -0.00109511588630902 0
1996 -0.001087353390703043 -0.001099389526495957 0
1997 -0.001047525073076424 -0.001088558163080245 0
1998 -0.001014386622411483 -0.00106417936942581 0
1999 -0.0009922914156648946 -0.001029632066015698 0
2000 -0.0008199140348913365 -0.000793931959971152 0
2001 -0.0008420092413286054 -0.0007593846567346432 0
2002 -0.0008751476915547266 -0.0007350058630457088 0
2003 -0.0009149760087344367 -0.0007241744993200738 0
2004 -0.0009560164230305384 -0.0007284481382467359 0
2005 -0.0009926399778393958 -0.0007471614379464094 0
2006 -0.001020009960482674 -0.0007776839897850241 0
2007 -0.001034566878596758 -0.0008157476200900682 0
2008 -0.001034588660150599 -0.0008565274323815906 0
2009 -0.001020009960163214 -0.00089470913085671 0
2010 -0.000992639979734606 -0.0009252316807114974 0
2011 -0.000956016425399358 -0.0009439449811684132 0
2012 -0.0009149760087344349 -0.000948218620797769 0
2013 -0.0008751476915547266 -0.0009373872570721342 0
2014 -0.0008420092413286047 -0.000913008463383199 0
2015 -0.0008199140348913364 -0.0008784611601466907 0
2016 -0.000864643189159189 -0.0005690633163798927 0
2017 -0.0008867383957134581 -0.000534516013077718 0
2018 -0.0009198768461055621 -0.0005101372194018334 0
2019 -0.0009597051634543161 -0.0004993058557934266 0
2020 -0.001000745580200612 -0.000503579495633688 0
2021 -0.00103736913451287 -0.0005222927963456838 0
2022 -0.001064739116324346 -0.0005528153489490736 0
2023 -0.001079296033389617 -0.0005908789796704222 0
2024 -0.001079317813792626 -0.0006316587920665212 0
2025 -0.001064739112596377 -0.0006698404903092182 0
2026 -0.001037369131051119 -0.000700363039465698 0
2027 -0.001000745575873777 -0.0007190763387945308 0
2028 -0.0009597051587455142 -0.0007233499769696936 0
2029 -0.0009198768461055621 -0.0007125186137428596 0
2030 -0.0008867383957134574 -0.0006881398200669741 0
2031 -0.0008646431891591889 -0.0006535925167648 0
2032 -0.000502884691163615 -0.001188658815228085 0
2033 -0.0005249798961084229 -0.001154111513966956 0
2034 -0.0005581183419445148 -0.001129732721686657 0
2035 -0.000597946659134342 -0.001118901355703722 0
2036 -0.0006389870745518431 -0.001123174992848333 0
2037 -0.0006756106308469424 -0.001141888291571808 0
2038 -0.0007029806149543534 -0.001172410843210003 0
2039 -0.0007175375342057798 -0.001210474473911597 0
2040 -0.0007175593164106796 -0.001251254286892879 0
2041 -0.0007029806165617812 -0.001289435986131613 0
2042 -0.0006756106357705326 -0.001319958536613086 0
2043 -0.0006389870807058282 -0.001338671837303811 0
2044 -0.0005979466631327457 -0.001342945476597965 0
2045 -0.000558118349585502 -0.001332114113983946 0
2046 -0.0005249798983096555 -0.001307735320361906 0
2047 -0.0005028846911470248 -0.001273188016708717 0
2048 -0.0005476110957080912 -0.0009637969475608143 0
2049 -0.0005696987325945159 -0.0009292538925515139 0
2050 -0.0006028264449727575 -0.0009048742550382678 0
2051 -0.0006426438070294805 -0.0008940353104198993 0
2052 -0.0006836789629740441 -0.0008982953017305309 0
2053 -0.0007203039963048797 -0.0009169920904013126 0
2054 -0.0007476831909560399 -0.0009474986356237767 0
2055 -0.000762278239280627 -0.0009856683541290291 0
2056 -0.0007622782380116152 -0.00102644119775544 0
2057 -0.000747683187191672 -0.001064610915547743 0
2058 -0.000720303992792159 -0.001095117457306922 0
2059 -0.0006836789585858848 -0.001113814244574067 0
2060 -0.000642643802253944 -0.001118074234196278 0
2061 -0.0006028264449154418 -0.001107235289938548 0
2062 -0.0005696987325523886 -0.001082855652408009 0
2063 -0.0005476110956915035 -0.001048312597402838 0
2064 -0.0007199884764816314 -0.001114967852876294 0
2065 -0.0007420761114348859 -0.001080424800089189 0
2066 -0.0007752038187990327 -0.001056045163935636 0
2067 -0.0008150211802233629 -0.001045206216619404 0
2068 -0.0008560563369842281 -0.001049466205352292 0
2069 -0.0008926813718857276 -0.001068162992083239 0
2070 -0.000920060568537413 -0.001098669536170428 0
2071 -0.0009346556189559368 -0.001136839254376083 0
2072 -0.0009346556196064473 -0.001177612098286206 0
2073 -0.0009200605704670723 -0.001215781816857327 0
2074 -0.0008926813749160613 -0.001246288361773371 0
2075 -0.0008560563407697801 -0.0012649851497152 0
2076 -0.0008150211842229336 -0.001269245139894874 0
2077 -0.0007752038264367733 -0.001258406195946704 0
2078 -0.0007420761136350654 -0.001234026558450526 0
2079 -0.0007199884764650436 -0.001199483503271852 0
2080 -0.0006752593222137857 -0.001339836496467556 0
2081 -0.0006973469570501095 -0.001305293443746078 0
2082 -0.0007304746642483354 -0.001280913807579528 0
2083 -0.0007702920255033391 -0.001270074860146204 0
2084 -0.0008113271798138522 -0.001274334847966358 0
2085 -0.0008479522152106728 -0.001293031633684316 0
2086 -0.0008753314126934138 -0.001323538177005273 0
2087 -0.0008899264641651163 -0.001361707894797055 0
2088 -0.0008899264659663281 -0.001402480738599864 0
2089 -0.0008753314180364879 -0.001440650457403594 0
2090 -0.0008479522236014259 -0.001471157003019587 0
2091 -0.000811327190295745 -0.00148985379209038 0
2092 -0.000770292034213084 -0.001494113783724261 0
2093 -0.0007304746718860757 -0.001483274839275961 0
2094 -0.0006973469592502888 -0.001458895201766786 0
2095 -0.000675259322197198 -0.00142435214665374 0
2096 -0.0004581555367774416 -0.001413527459110886 0
2097 -0.000480250741280651 -0.001378980158096972 0
2098 -0.0005133891864906434 -0.001354601365766973 0
2099 -0.0005532175030430449 -0.0013437699993415 0
2100 -0.0005942579181539514 -0.001348043635690443 0
2101 -0.0006308814745360686 -0.001366756933451855 0
2102 -0.0006582514591810194 -0.001397279484158024 0
2103 -0.0006728083793810598 -0.001435343114159056 0
2104 -0.0006728301628549336 -0.001476122926738853 0
2105 -0.000658251464547404 -0.001514304625992325 0
2106 -0.0006308814829701115 -0.001544827179001983 0
2107 -0.000594257928695644 -0.001563540480133266 0
2108 -0.0005532175118155895 -0.001567814120320204 0
2109 -0.0005133891941889703 -0.001556982756904492 0
2110 -0.0004802507435240299 -0.001532603963250057 0
2111 -0.0004581555367774415 -0.001498056659839944 0
2112 -0.0002857781560038834 -0.001262356553795398 0
2113 -0.0003078733624411523 -0.00122780925055889 0
2114 -0.0003410118126672735 -0.001203430456869955 0
2115 -0.0003808401298469837 -0.001192599093144321 0
2116 -0.0004218805441430853 -0.001196872732070982 0
2117 -0.0004585040989519428 -0.001215586031770656 0
2118 -0.0004858740815952203 -0.001246108583609271 0
2119 -0.0005004309997093047 -0.001284172213914315 0
2120 -0.0005004527812631456 -0.001324952026205837 0
2121 -0.0004858740812757605 -0.001363133724680956 0
2122 -0.000458504100847153 -0.001393656274535744 0
2123 -0.0004218805465119048 -0.00141236957499266 0
2124 -0.0003808401298469817 -0.001416643214622016 0
2125 -0.0003410118126672735 -0.001405811850896381 0
2126 -0.0003078733624411516 -0.001381433057207446 0
2127 -0.0002857781560038832 -0.001346885753970937 0
2128 -0.0003305073102717359 -0.00103748791020414 0
2129 -0.000352602516826005 -0.001002940606901965 0
2130 -0.0003857409672181091 -0.0009785618132260802 0
2131 -0.000425569284566863 -0.0009677304496176734 0
2132 -0.0004666097013131592 -0.0009720040894579348 0
2133 -0.0005032332556254168 -0.0009907173901699306 0
2134 -0.0005306032374368932 -0.00102123994277332 0
2135 -0.0005451601545021639 -0.001059303573494669 0
2136 -0.0005451819349051729 -0.001100083385890768 0
2137 -0.0005306032337089239 -0.001138265084133465 0
2138 -0.0005032332521636663 -0.001168787633289945 0
2139 -0.0004666096969863245 -0.001187500932618778 0
2140 -0.0004255692798580613 -0.00119177457079394 0
2141 -0.0003857409672181091 -0.001180943207567106 0
2142 -0.0003526025168260043 -0.001156564413891221 0
2143 -0.0003305073102717358 -0.001122017110589047 0
2144 0.01686427506286303 0.002973626703671703 0
2145 0.01609170397268364 0.005856901264680056 0
2146 0.01483019460008937 0.008562216844496148 0
2147 0.01311807726901193 0.011007373798183 0
2148 0.01100737379818297 0.01311807726901196 0
2149 0.008562216844496109 0.01483019460008939 0
2150 0.005856901264680011 0.01609170397268366 0
2151 0.002973626703671657 0.01686427506286304 0
2152 -4.838247632426163e-17 0.01712443368899227 0
2153 -0.002973626703671748 0.01686427506286302 0
2154 -0.005856901264680102 0.01609170397268362 0
2155 -0.008562216844496182 0.01483019460008934 0
2156 -0.01100737379818304 0.0131180772690119 0
2157 -0.013118077269012 0.01100737379818293 0
2158 -0.01483019460008941 0.008562216844496068 0
2159 -0.01609170397268367 0.005856901264679969 0
2160 -0.01686427506286305 0.002973626703671621 0
2161 -0.01712443368899227 -8.155540019637451e-17 0
2162 -0.01686427506286302 -0.002973626703671781 0
2163 -0.01609170397268362 -0.005856901264680123 0
2164 -0.01483019460008933 -0.008562216844496208 0
2165 -0.01311807726901189 -0.01100737379818306 0
2166 -0.01100737379818291 -0.01311807726901201 0
2167 -0.008562216844496061 -0.01483019460008941 0
2168 -0.005856901264679984 -0.01609170397268367 0
2169 -0.002973626703671637 -0.01686427506286304 0
2170 5.769250237292963e-17 -0.01712443368899227 0
2171 0.00297362670367175 -0.01686427506286302 0
2172 0.005856901264680092 -0.01609170397268363 0
2173 0.008562216844496175 -0.01483019460008935 0
2174 0.01100737379818301 -0.01311807726901193 0
2175 0.01311807726901197 -0.01100737379818296 0
2176 0.01483019460008938 -0.008562216844496116 0
2177 0.01609170397268366 -0.005856901264680014 0
2178 0.01686427506286303 -0.002973626703671697 0
2179 -0.0002046614971667913 -0.0006740214174963753 0
2180 -7.07038746577724e-05 -0.0007134483193643353 0
2181 -0.0001157027852352374 -0.0006025359175303392 0
2182 -0.0001656827069859496 -0.0007352013883311793 0
2183 -6.134207669274838e-05 -0.0006588868735906146 0
2184 -0.000189563991630622 -0.0006175597363166445 0
2185 -0.0001119670907059146 -0.0007534485584380313 0
2186 -6.15745852824638e-05 -0.0006268030734932003 0
2187 -9.617976036802863e-05 -0.0006403911515755538 0
2188 -9.271080243795403e-05 -0.0006815884281886786 0
2189 -0.0001281629053136337 -0.0006679881017444787 0
2190 -0.0001196514388697599 -0.0007180561040524791 0
2191 -0.0001631145536947446 -0.000692715962977928 0
2192 -0.0001973097743722816 -0.0007127689579672674 0
2193 -0.0001682552421632909 -0.0006494997579470513 0
2194 -0.0001527994854474832 -0.0006144963011825899 0
2195 -4.959298754348582e-05 -0.0006889866975345716 0
2196 -0.0001414306683843377 -0.0007578212684902536 0
2197 -0.0002073408709575739 -0.0006416419103898309 0
2198 -8.633799155797147e-05 -0.0007420692715575491 0
2199 -8.257370486346891e-05 -0.0006044594500341101 0
2200 -0.0001735631313749814 -0.0005953758400249472 0
2201 -0.000143855319870098 -0.0005866744796618936 0
2202 -0.0001306718953726636 -0.0006351898898037141 0
2203 -0.0002493740952694858 -0.0004471848912413572 0
2204 -0.000115422814647197 -0.0004077755362431154 0
2205 -0.0001604060555605385 -0.0005186798531675563 0
2206 -0.0002103854299935063 -0.0003860169742497082 0
2207 -0.0001060637795335027 -0.000462333642556985 0
2208 -0.0002342618808951735 -0.0005036722018962937 0
2209 -0.0001566761633367284 -0.0003677751092089118 0
2210 -0.000106296351189763 -0.0004944130058651106 0
2211 -0.0001408916797458097 -0.0004808273137047088 0
2212 -0.0001374288072883289 -0.0004396322891012262 0
2213 -0.0001728686374795986 -0.0004532359204189661 0
2214 -0.0001643601007431596 -0.0004031684240959545 0
2215 -0.0002078164308134679 -0.000428511578968188 0
2216 -0.0002420181203051896 -0.0004084511328516218 0
2217 -0.0002129599650986389 -0.0004717191265953236 0
2218 -0.000197499702161116 -0.0005067241267640895 0
2219 -9.43184087713934e-05 -0.0004322370226459684 0
2220 -0.0001861333784641631 -0.0003633952618196312 0
2221 -0.0002520525682267235 -0.0004795743312207282 0
2222 -0.0001310514003654886 -0.0003791580378396268 0
2223 -0.0001272880780841295 -0.0005167559313041701 0
2224 -0.0002182561888955398 -0.0005258466899849299 0
2225 -0.0001885554296387468 -0.0005345450503142593 0
2226 -0.0001753759316848945 -0.0004860282767729643 0
2227 -0.0004217514697911702 -0.0005983558026195243 0
2228 -0.0002878001925296746 -0.0005589464409955185 0
2229 -0.0003327834375996355 -0.000669850766042977 0
2230 -0.0003827628053122299 -0.0005371878842867687 0
2231 -0.000278441160499116 -0.0006135045481898957 0
2232 -0.0004066392618944598 -0.0006548431139906419 0
2233 -0.0003290535403959509 -0.0005189460156270742 0
2234 -0.0002786737321527939 -0.0006455839116792689 0
2235 -0.0003132690586257612 -0.0006319982220401749 0
2236 -0.0003098061885953105 -0.0005908031930349815 0
2237 -0.0003452460135399904 -0.0006044068343479601 0
2238 -0.000336737476296545 -0.0005543393334466768 0
2239 -0.0003801938017575769 -0.0005796824961100068 0
2240 -0.0004143954961859827 -0.0005596220498827777 0
2241 -0.0003853373443288809 -0.0006228900416909365 0
2242 -0.0003698770846151003 -0.0006578950424979481 0
2243 -0.0002666957892828274 -0.0005834079289988186 0
2244 -0.0003585107538332681 -0.000514566167302307 0
2245 -0.0004244299481510125 -0.0006307452393024238 0
2246 -0.0003034287769947042 -0.0005303289450511178 0
2247 -0.0002996654592365028 -0.00066792683765021 0
2248 -0.0003906335762360523 -0.000677017605731169 0
2249 -0.0003609328127187027 -0.0006857159662035367 0
2250 -0.0003477533120871629 -0.0006371991921958398 0
2251 -0.0003764629795473791 -0.0008510618192366245 0
2252 -0.0002413128242192343 -0.0007804211910636939 0
2253 -0.0002618434216018555 -0.0008845627847684509 0
2254 -0.0003403261827628096 -0.0007574728887019924 0
2255 -0.0003784616722072942 -0.0007931165469070532 0
2256 -0.0003403261892982478 -0.0008909590745503151 0
2257 -0.0002839335793834923 -0.000749893863828174 0
2258 -0.0002337120061586189 -0.0008383731916610893 0
2259 -0.0002264775605353656 -0.0008073092914525998 0
2260 -0.0003856341281517822 -0.0008211574302753532 0
2261 -0.0003129774682512314 -0.0007454509895914827 0
2262 -0.0003706813163612018 -0.0008820382584703568 0
2263 -0.000233407925221524 -0.0008707957032959642 0
2264 -0.0002549832579778666 -0.0007545474126763584 0
2265 -0.0003706813109043911 -0.0007663937018702769 0
2266 -0.0003151814441977898 -0.0009102076701353312 0
2267 -0.0003021049442239376 -0.0008752519940975388 0
2268 -0.0003387797106893474 -0.0008542930543561566 0
2269 -0.0003046609413003959 -0.0008321753835713064 0
2270 -0.0003440672989343448 -0.0008158171329856371 0
2271 -0.0003099599814541181 -0.0007846463556453169 0
2272 -0.0002714049248608307 -0.0008108579951584561 0
2273 -0.0002686642341237671 -0.0008509269628657528 0
2274 -0.0002851949765952901 -0.0009069475804596421 0
2275 -0.0002732024161400473 -0.0007786193564429616 0
2276 -0.0003486261745961681 -0.000784919927189897 0
2277 -0.0001594185860734102 -0.0008710396233863793 0
2278 -2.42122878819015e-05 -0.0009417314625817267 0
2279 -4.475172010301327e-05 -0.0008375654388779381 0
2280 -0.0001232419917933458 -0.0009646389436072118 0
2281 -0.0001613721442434587 -0.0009289930971192408 0
2282 -0.0001232419852210878 -0.0008311884954178008 0
2283 -6.683502830049794e-05 -0.0009722599555013447 0
2284 -1.661292205065184e-05 -0.0008837555171390932 0
2285 -9.378140196410962e-06 -0.0009148346966281593 0
2286 -1.630912330437976e-05 -0.0008513287145272457 0
2287 -3.789075205450064e-05 -0.0009675882239806352 0
2288 -9.588594769993519e-05 -0.0009766957628805622 0
2289 -0.0001535976058038445 -0.000955706692173035 0
2290 -9.810176796952718e-05 -0.0008119276717744094 0
2291 -8.50055839263843e-05 -0.0008469026834266024 0
2292 -0.0001216939001176377 -0.0008678817802273215 0
2293 -8.754956434549334e-05 -0.0008900062711142866 0
2294 -0.0001294556512395534 -0.0009049676606242216 0
2295 -9.317387359002542e-05 -0.0009373395760760316 0
2296 -5.43242030164617e-05 -0.0009113387615620335 0
2297 -5.155349578096945e-05 -0.0008712304891564979 0
2298 -6.810924968549324e-05 -0.0008151827072827996 0
2299 -0.0001514907012017061 -0.0008419221363192756 0
2300 -0.0001699180796918895 -0.0009001419490190468 0
2301 -5.610992872164065e-05 -0.0009435370971751741 0
2302 -0.0001318492437468634 -0.000937538056927694 0
2303 1.295879281864883e-05 -0.0007198687211831411 0
2304 0.0001481660371787017 -0.0007905381939246781 0
2305 0.0001276256555450416 -0.0006863945343292979 0
2306 4.913538921267599e-05 -0.0008134680398554921 0
2307 1.100693726299589e-05 -0.0007778233989624903 0
2308 4.913539125708809e-05 -0.0006800175914164735 0
2309 0.0001055405744798903 -0.0008210695650878258 0
2310 0.0001557644575434437 -0.0007325846118551994 0
2311 0.0001630058072262568 -0.0007636491341351378 0
2312 7.649681546307876e-05 -0.0008255083675171135 0
2313 0.0001560682551988039 -0.0007001578092345247 0
2314 1.874904567154443e-05 -0.0006889222845107036 0
2315 0.0001344866291797832 -0.000816417318146111 0
2316 1.877977643132069e-05 -0.0008045357887175186 0
2317 7.427560714851669e-05 -0.0006607567665211411 0
2318 8.736374966533648e-05 -0.0006957187819745559 0
2319 5.068191272065019e-05 -0.0007167074916314936 0
2320 8.483229484794112e-05 -0.0007388018751495609 0
2321 4.292810944585201e-05 -0.0007537885244385753 0
2322 7.92059768338088e-05 -0.0007861423446915099 0
2323 0.0001180982012120519 -0.0007600876208693646 0
2324 0.0001208151631913081 -0.0007200309760607318 0
2325 0.0001042673051457825 -0.000664010474873798 0
2326 2.460916777602821e-06 -0.0007489696415543684 0
2327 0.0001162458378615483 -0.0007923210906140059 0
2328 4.05290322107015e-05 -0.0007863643682385231 0
2329 -3.229451765603112e-05 -0.0005228647719382239 0
2330 0.0001016735068256852 -0.0005622774135960144 0
2331 5.667555355616478e-05 -0.0004513763159606876 0
2332 6.689499744524567e-06 -0.0005840408708065964 0
2333 0.0001110353032029129 -0.0005077159683532574 0
2334 -1.71879623156831e-05 -0.0004664018066569276 0
2335 6.041111699877966e-05 -0.0006022779984813959 0
2336 0.0001108027949856394 -0.0004756321675159877 0
2337 7.61938894245269e-05 -0.0004892246289034746 0
2338 7.96658174637241e-05 -0.0005304173928799348 0
2339 4.420499545712324e-05 -0.0005168310364977502 0
2340 5.2720262321578e-05 -0.0005668917527569573 0
2341 9.246596889572615e-06 -0.000541565268749851 0
2342 -2.493697398366642e-05 -0.0005616241169679403 0
2343 4.118507533378521e-06 -0.0004983461915061243 0
2344 1.957925425771729e-05 -0.0004633423394208381 0
2345 0.0001227843932802557 -0.0005378157916040597 0
2346 3.094619216695267e-05 -0.0006066512633608486 0
2347 8.603869670146004e-05 -0.0005908993512660761 0
2348 -3.496656780888504e-05 -0.0004904799218873497 0
2349 8.980352914663347e-05 -0.0004532893600641562 0
2350 -1.177107729860533e-06 -0.0004442218619610297 0
2351 2.852409001251391e-05 -0.000435519978544274 0
2352 4.170385680525092e-05 -0.0004840349909918477 0
2353 0.0004456648891225112 -0.0004255893172883407 0
2354 0.0005808723225753786 -0.0004962542775341611 0
2355 0.0005603317546943531 -0.0003921151306258745 0
2356 0.000481841484735589 -0.0005191886367575443 0
2357 0.0004437133760303172 -0.0004835442393386297 0
2358 0.0004818414891398768 -0.0003857381882934229 0
2359 0.0005382463078919042 -0.0005267862303332682 0
2360 0.0005884705531954955 -0.0004383052089118395 0
2361 0.0005957132286719614 -0.0004693667738391747 0
2362 0.0004514551426669342 -0.0003946428802526978 0
2363 0.0005092039951257929 -0.0005312256382619283 0
2364 0.0005887743519070971 -0.0004058784060528947 0
2365 0.0005671927228331621 -0.0005221379161385562 0
2366 0.0004514858714536202 -0.0005102563857050253 0
2367 0.0004365471183006848 -0.0004554997565015388 0
2368 0.0005069817061274107 -0.0003664773639376664 0
2369 0.0005200682268459728 -0.0004014367587701246 0
2370 0.0004833876943988433 -0.0004224274068195466 0
2371 0.0005175392998840136 -0.0004445157178445159 0
2372 0.0004781337988802287 -0.0004608890021558854 0
2373 0.000512224859117875 -0.0004920303216159771 0
2374 0.0005508133912808831 -0.000465792027403517 0
2375 0.0005535195077933665 -0.0004257458038392743 0
2376 0.0005369732385931585 -0.000369730805483307 0
2377 0.0005489703284976606 -0.0004980451678912829 0
2378 0.0004735436467571847 -0.000491764061161876 0
2379 0.0004009978787590437 -0.0002544406107484102 0
2380 0.0005361473323214832 -0.0001837830972851501 0
2381 0.0005156174350991251 -0.000287941570973245 0
2382 0.0004371346675553019 -0.0001608516774850707 0
2383 0.0003989979205587756 -0.0001964962330018556 0
2384 0.0004371346697237663 -0.0002943378635875962 0
2385 0.0004935286343858172 -0.000153257953133282 0
2386 0.0005437488503547412 -0.0002417519778782101 0
2387 0.0005509783542482978 -0.0002106770111071291 0
2388 0.0003918249069510472 -0.0002245372854804174 0
2389 0.0005440529312990468 -0.0002741744894041171 0
2390 0.0005224775940897292 -0.0001579261976572958 0
2391 0.0004644793494143914 -0.0001488173399910025 0
2392 0.0004067795405112933 -0.0001697724932915927 0
2393 0.0004067795434389587 -0.000285417048828208 0
2394 0.0004622794163320266 -0.000313586456995232 0
2395 0.0004753620381413355 -0.0002786209627127298 0
2396 0.0004386823315600157 -0.0002576692991404999 0
2397 0.0004727966353784627 -0.0002355288710830663 0
2398 0.00043338778885173 -0.0002191928082961915 0
2399 0.0004674989183178323 -0.0001880056582806018 0
2400 0.0005060220424893062 -0.0002141761945685512 0
2401 0.000508803289834052 -0.0002542841322765336 0
2402 0.0004922665071823189 -0.0003103253648353913 0
2403 0.0005042747500093472 -0.0001819641435011895 0
2404 0.0004288344161498184 -0.0001882982857942952 0
2405 0.0002280470499253358 -0.0003777547996278197 0
2406 0.0003620124373585693 -0.0003383647763167436 0
2407 0.0003170304976211817 -0.0004492537657195507 0
2408 0.0002670428067385807 -0.000316592130217407 0
2409 0.0003713714693891279 -0.0003929228835111207 0
2410 0.0002431715387740847 -0.0004342438511165901 0
2411 0.0003207602122897132 -0.0002983638814324626 0
2412 0.0003711388977354501 -0.0004250022470004939 0
2413 0.0003365385111847708 -0.000411410610295764 0
2414 0.0003400054124717686 -0.0003702217048427222 0
2415 0.0003045537564879899 -0.000383806394579702 0
2416 0.0003130674471547276 -0.0003337487786305613 0
2417 0.000269596807866275 -0.0003590734181177811 0
2418 0.0002354109321356628 -0.0003390050326355986 0
2419 0.000264470363352001 -0.0004022848578384525 0
2420 0.0002799373913947633 -0.0004372903918958679 0
2421 0.0003831168406054165 -0.0003628262643200437 0
2422 0.0002913011679397641 -0.0002939832818278343 0
2423 0.0003463829123736038 -0.0003097459432790318 0
2424 0.0002253785094174715 -0.0004101514834872658 0
2425 0.0003501469751735477 -0.0004473440649586129 0
2426 0.0002591907778314121 -0.0004564129746227794 0
2427 0.0002888825703702328 -0.0004651120500817748 0
2428 0.0003020571115718458 -0.0004165958106243759 0
2429 0.0002733496503408647 -0.0006304801545578496 0
2430 0.0004085005247946484 -0.0005598568787693889 0
2431 0.0003879692082863882 -0.000663981120089676 0
2432 0.0003094864471254344 -0.0005368912240232177 0
2433 0.0002713522562631691 -0.0005725339608895042 0
2434 0.0003094864405899961 -0.0006703774098715401 0
2435 0.0003658776382156594 -0.0005293273040841973 0
2436 0.000416100623729625 -0.0006177915269823145 0
2437 0.0004233401529738901 -0.0005867389996683559 0
2438 0.0002641803769418602 -0.0006005746703254759 0
2439 0.0002791313135270421 -0.0006614565937915819 0
2440 0.0003368392947258055 -0.0005248821005355108 0
2441 0.0004164047046667198 -0.0006502140386171892 0
2442 0.0002791313189838528 -0.0005458120371915022 0
2443 0.0003948293719103773 -0.0005339657479975835 0
2444 0.000334631185690454 -0.0006896260054565564 0
2445 0.0003477014049789019 -0.0006546804081669969 0
2446 0.0003110317052987417 -0.0006337140006662587 0
2447 0.0003451550799633626 -0.0006116196992254781 0
2448 0.0003057512656093986 -0.0005952386581875308 0
2449 0.0003398546578882622 -0.0005640847149743081 0
2450 0.000378442571248857 -0.0005903385883569278 0
2451 0.0003811415800937683 -0.0006303674929356033 0
2452 0.0003646170124066879 -0.0006863669442245645 0
2453 0.0003765934334066926 -0.0005580726573086586 0
2454 0.0003011867249658345 -0.0005643387033659567 0
2455 0.0004898801702078856 -0.0006783085545682589 0
2456 0.0006238379100185855 -0.0007177352980555521 0
2457 0.0005788390108555226 -0.0006068230235370766 0
2458 0.000528859018246027 -0.0007394884830680362 0
2459 0.0006331997078375919 -0.0006631738524603183 0
2460 0.0005049777786325833 -0.0006218468595897357 0
2461 0.0005825747024116794 -0.0007577355407965566 0
2462 0.000632967199260511 -0.0006310900526196939 0
2463 0.0005983619825303858 -0.0006446781797975183 0
2464 0.000601830973730755 -0.0006858754055783432 0
2465 0.0005663787729086939 -0.0006722752360151931 0
2466 0.000574890281537714 -0.0007223431561629332 0
2467 0.0005314270481649164 -0.0006970031681946006 0
2468 0.0004972319574491088 -0.0007170562277994282 0
2469 0.0005262865018620748 -0.0006537869306675345 0
2470 0.0005417423151920622 -0.0006187834699219406 0
2471 0.0006449487967789116 -0.0006932736762320776 0
2472 0.0005531111087402031 -0.0007621082565609674 0
2473 0.000487200879449984 -0.0006459289873705085 0
2474 0.0006082037852902743 -0.000746356261069035 0
2475 0.0006119680784590281 -0.0006087464383679611 0
2476 0.0005209787516671922 -0.0005996630082670061 0
2477 0.0005506864887220322 -0.0005909616426912651 0
2478 0.0005638698713132637 -0.0006394770483558658 0
2479 0.0006627714227068928 -0.0004992870565043661 0
2480 0.0007979798675386637 -0.0005699282080988971 0
2481 0.0007774382854332855 -0.0004658128696505229 0
2482 0.0006989480191009199 -0.0005928863751767171 0
2483 0.0006608217259484008 -0.000557243265900068 0
2484 0.0006989480211453319 -0.0004594359267376985 0
2485 0.0007553509251022163 -0.0006004632331461254 0
2486 0.0008055770874316876 -0.0005120029471764243 0
2487 0.0008128267650006381 -0.0005430489165810463 0
2488 0.0006685616755597883 -0.0004683406198319286 0
2489 0.0006536562733633234 -0.000529199028593495 0
2490 0.0007263162327592247 -0.0006049058442506082 0
2491 0.0006685924063195646 -0.0005839541240387436 0
2492 0.0008058808850870477 -0.0004795761445557498 0
2493 0.000784299259068027 -0.000595835653467336 0
2494 0.0007240882370367606 -0.0004401751018423661 0
2495 0.0007371662306076149 -0.0004751206951979608 0
2496 0.0007004925718066918 -0.0004961215556706992 0
2497 0.0007346506497764095 -0.0005181778679903112 0
2498 0.0006952486048164864 -0.0005345824346382726 0
2499 0.0007293342103451788 -0.0005657006031947599 0
2500 0.0007679679258315392 -0.0005394044072103797 0
2501 0.0007706168444616292 -0.0004994131490761457 0
2502 0.0007540788994272952 -0.0004434271344707555 0
2503 0.0007660538440022715 -0.0005716949019183183 0
2504 0.000690650559399084 -0.0005654612116827618 0
2505 0.0006175195318868475 -0.0003022811609767094 0
2506 0.0007514861367139289 -0.0003416957489172394 0
2507 0.0007064880520101905 -0.0002307931080962277 0
2508 0.0006565028360034625 -0.0003634577881146632 0
2509 0.0007608479330911568 -0.0002871343036744825 0
2510 0.0006326248516069872 -0.0002458183711672365 0
2511 0.0007102236342596772 -0.0003816962866530845 0
2512 0.0007606154248738833 -0.0002550505028372127 0
2513 0.0007260070281841127 -0.0002686423658523973 0
2514 0.0007294785509982414 -0.0003098357459850601 0
2515 0.0006940189190787671 -0.000296247482469093 0
2516 0.0007025336674132926 -0.0003463091932773703 0
2517 0.0006590614419678939 -0.0003209808449648883 0
2518 0.0006248762812983567 -0.00034103889451536 0
2519 0.0006539316326670065 -0.000277762160056672 0
2520 0.0006693916980185574 -0.0002427583618919551 0
2521 0.0007725970231684996 -0.0003172341269252847 0
2522 0.0006807588933248145 -0.0003860694758185009 0
2523 0.000735851421243436 -0.0003703175520229656 0
2524 0.0006148464818662479 -0.0002698970404357081 0
2525 0.0007396161786848733 -0.0002327075838923582 0
2526 0.0006486343416407391 -0.0002236378869067244 0
2527 0.0006783364421617498 -0.0002149360746354165 0
2528 0.0006915167084340983 -0.0002634511411746308 0
2529 0.0005795418788457535 0.0002474557602342412 0
2530 0.0007147498651295166 0.0001768038485650255 0
2531 0.0006942087444175954 0.0002809299468967074 0
2532 0.0006157184744588313 0.0001538564407650375 0
2533 0.0005775913600494873 0.0001895001328699063 0
2534 0.000615718478863119 0.0002873068892291589 0
2535 0.0006721222489914574 0.0001462702128079228 0
2536 0.0007223475429187378 0.0002347398686107423 0
2537 0.0007295940547073044 0.00020368685217981 0
2538 0.0005853321323901763 0.000278402197269884 0
2539 0.0006430841136495575 0.0001418290510144237 0
2540 0.0005704255435585347 0.0002175444814820202 0
2541 0.0005853628611768624 0.0001627886918175566 0
2542 0.0007226513416303394 0.0002671666714696871 0
2543 0.0007010697125564044 0.0001509071613840256 0
2544 0.0006408586958506529 0.0003065677135849155 0
2545 0.0006539405384366152 0.0002716158871217888 0
2546 0.0006172637754172806 0.0002506196394841321 0
2547 0.0006514189244113462 0.0002285488724801592 0
2548 0.0006120153209102319 0.0002121584384553534 0
2549 0.0006461033921750567 0.0001810298065590488 0
2550 0.0006847166823579352 0.0002072998410172798 0
2551 0.0006873914477495424 0.0002473159388329534 0
2552 0.0006708497509559314 0.0003033150443218597 0
2553 0.0006828347034397222 0.0001750262172582232 0
2554 0.0006074208435948534 0.0001812813392243824 0
2555 0.0005343019520659659 0.0004464604519665618 0
2556 0.0006682668049642891 0.0004858512059582413 0
2557 0.0006232848195756185 0.0003749616400194664 0
2558 0.0005732974393167392 0.0005076233201168314 0
2559 0.0006776258400779834 0.0004312930996443717 0
2560 0.0005494259792713086 0.0003899714676540437 0
2561 0.0006270145363382169 0.0005258520846313832 0
2562 0.0006773932684217232 0.000399213736336246 0
2563 0.0006427930726190714 0.0004128051488207825 0
2564 0.0006462598227493111 0.0004539942833461378 0
2565 0.0006108086125118815 0.0004404088810533511 0
2566 0.0006193221061829038 0.0004904668692453189 0
2567 0.0005758520079157138 0.0004651415312973996 0
2568 0.0005416655341723225 0.0004852096140239602 0
2569 0.0005707249199100343 0.0004219302381015743 0
2570 0.0005861916931483416 0.0003869247250394215 0
2571 0.0006893712108400927 0.0004613897195553883 0
2572 0.0005975555600288722 0.0005302326546291244 0
2573 0.000652637314585717 0.0005144699904729949 0
2574 0.0005316330381199924 0.0004140640411508453 0
2575 0.000656401353495186 0.0003768718766671679 0
2576 0.0005654447079400648 0.0003678021431090058 0
2577 0.000595136838210095 0.0003591030950508433 0
2578 0.0006083115657102898 0.0004076193543309483 0
2579 0.0003619402238832869 0.0002952680975385845 0
2580 0.0004958894270818115 0.0003346803012058383 0
2581 0.0004509059903597416 0.0002237737221792454 0
2582 0.000400927845815698 0.0003564367874801014 0
2583 0.0005052484591123701 0.0002801221940114611 0
2584 0.0003770506263904641 0.0002387810413577973 0
2585 0.0004546359138515426 0.0003746806574582762 0
2586 0.0005050158874586923 0.000248042830522088 0
2587 0.0004704213050745972 0.0002616276461507558 0
2588 0.0004738835821127565 0.0003028235750858548 0
2589 0.0004384454963131529 0.0002892171485171721 0
2590 0.0004469532762151328 0.0003392861024369925 0
2591 0.0004034990548889418 0.0003139402176395523 0
2592 0.0003692950348865606 0.0003339994968272453 0
2593 0.0003983529989658801 0.0002707332438823213 0
2594 0.0004138122638536467 0.0002357283213203854 0
2595 0.0005169938303286588 0.0003102188132025382 0
2596 0.0003592602847444103 0.00026287972579408 0
2597 0.0004251789698521788 0.0003790603955014977 0
2598 0.0004802609808362389 0.0003632976006597114 0
2599 0.0004840241891357478 0.0002256997417028774 0
2600 0.0003930543201014165 0.0002166057607582778 0
2601 0.000422756402234591 0.0002079075053759928 0
2602 0.0004359366322454293 0.0002564243583746707 0
2603 0.0004072266426318191 9.625660145306245e-05 0
2604 0.0005423762236409813 2.560218191778958e-05 0
2605 0.000521846203589076 0.0001297575617397593 0
2606 0.0004433634303132384 2.667667651041705e-06 0
2607 0.0004052269151241735 3.831205895258553e-05 0
2608 0.0004433634368486766 0.0001361538534993642 0
2609 0.000499757149233167 -4.923362582336937e-06 0
2610 0.0005499776148097806 8.356796791238041e-05 0
2611 0.0005572080236167031 5.249503024542133e-05 0
2612 0.000398054004747597 6.635308062233081e-05 0
2613 0.0005502816968392389 0.0001159904793838581 0
2614 0.0004707088538296507 -9.364389539777117e-06 0
2615 0.0005287063570639065 -2.578127410891721e-07 0
2616 0.0004130083032502844 1.158848373099989e-05 0
2617 0.000413008308707095 0.0001272330403310797 0
2618 0.0004685081829390243 0.0001554024468877244 0
2619 0.0004815896812137935 0.0001204387537444541 0
2620 0.0004449108800428218 9.94857545333666e-05 0
2621 0.0004790260022599683 7.734950077670875e-05 0
2622 0.0004396176119762047 6.100936794915041e-05 0
2623 0.0004737280407112331 2.982522071853032e-05 0
2624 0.0005122570193704062 5.600329516091644e-05 0
2625 0.0005150308312442374 9.610408786891425e-05 0
2626 0.0004984951597812987 0.0001521415379517125 0
2627 0.0005105005230598051 2.378636618688608e-05 0
2628 0.0004350632271209855 3.011435409426807e-05 0
2629 0.0006242710335380758 2.25871188149774e-05 0
2630 0.0007594793843382915 -4.805620204462519e-05 0
2631 0.0007389378995084728 5.606130332341859e-05 0
2632 0.0006604476278181401 -7.101220140585523e-05 0
2633 0.000622321168730074 -3.536897357421463e-05 0
2634 0.0006604476343903982 6.243824678355598e-05 0
2635 0.000716850708757625 -7.859094706438543e-05 0
2636 0.0007670766975608342 9.871225062263421e-06 0
2637 0.0007743257368503548 -2.117616306336755e-05 0
2638 0.0006300612879488892 5.353355548884901e-05 0
2639 0.0006151556439678111 -7.324713378543197e-06 0
2640 0.0006878153230940443 -8.303326571059554e-05 0
2641 0.0006300920138076416 -6.207994997167839e-05 0
2642 0.0007673804963071063 4.229802767411099e-05 0
2643 0.0007457988675569853 -7.396148177927852e-05 0
2644 0.0006855878516419588 8.169907042694737e-05 0
2645 0.0006986666176665399 4.675222312205865e-05 0
2646 0.0006619923332034012 2.57522916895212e-05 0
2647 0.0006961498202695188 3.693069726161993e-06 0
2648 0.0006567474612366356 -1.270865176185529e-05 0
2649 0.0006908335627906145 -4.382892754952009e-05 0
2650 0.0007294631660332753 -1.753799815237543e-05 0
2651 0.0007321172890973091 2.245826087083257e-05 0
2652 0.0007155785925771599 7.844690883154735e-05 0
2653 0.0007275555475697832 -4.98250979406844e-05 0
2654 0.0006521501330979562 -4.358709133725638e-05 0
2655 0.000796703173534074 0.0001200737556422924 0
2656 0.000931854068027254 0.0001906778669519651 0
2657 0.0009113152751565281 8.653564569683598e-05 0
2658 0.0008328250108685741 0.0002136091507848833 0
2659 0.0007946814262143692 0.0001780059986463617 0
2660 0.0008328250088241621 8.015870234586461e-05 0
2661 0.0008892249725607127 0.000221205962490351 0
2662 0.0009394540771549304 0.0001327257232227371 0
2663 0.0009466941684713564 0.0001637892598658587 0
2664 0.0008024386652830305 0.0002047044576906531 0
2665 0.0008024693960428069 8.909095348383816e-05 0
2666 0.0008601795882383935 0.0002256435131060623 0
2667 0.0009397578748102902 0.000100298920602063 0
2668 0.0009181762487912688 0.0002165584295136487 0
2669 0.0007875300645433417 0.0001499889345674916 0
2670 0.0008579652258089288 6.089787793058757e-05 0
2671 0.0008710538806770479 9.585205358591029e-05 0
2672 0.0008343858690707212 0.0001168272531759713 0
2673 0.0008685109633887314 0.0001389330194258449 0
2674 0.0008290941126003033 0.0001553210582434539 0
2675 0.0008631958512211552 0.0001864546683296414 0
2676 0.000901780601021766 0.0001602232711194354 0
2677 0.0009045014580195636 0.0001201683873981585 0
2678 0.0008879569764347855 6.415078655012913e-05 0
2679 0.0008999548494027182 0.000192471820482291 0
2680 0.000824492044952722 0.0001861943557558021 0
2681 0.0007513965216100899 0.0003707639165458724 0
2682 0.0008853631264371713 0.0003313493286053425 0
2683 0.0008403650417334328 0.0004422519694263541 0
2684 0.0007903798257267048 0.0003095872894079186 0
2685 0.0008947249228143992 0.0003859107738480994 0
2686 0.0007665018413302295 0.0004272267063553454 0
2687 0.0008441006239829195 0.0002913487908694974 0
2688 0.0008944924145971255 0.0004179945746853692 0
2689 0.000859884017907355 0.0004044027116701845 0
2690 0.0008633555407214839 0.0003632093315375218 0
2691 0.0008278959088020095 0.0003767975950534889 0
2692 0.0008364106571365349 0.0003267358842452115 0
2693 0.0007929384316911363 0.0003520642325576934 0
2694 0.0007587532710215991 0.000332006183007222 0
2695 0.0007878086223902489 0.0003952829174659098 0
2696 0.0008032686877417997 0.0004302867156306267 0
2697 0.0009064740128917419 0.0003558109505972971 0
2698 0.0008146358830480566 0.000286975601704081 0
2699 0.0008697284109666783 0.0003027275254996162 0
2700 0.0007487234715894902 0.0004031480370868738 0
2701 0.0008734931684081156 0.0004403374936302237 0
2702 0.0007825113313639815 0.0004494071906158574 0
2703 0.0008122134318849921 0.0004581090028871654 0
2704 0.0008253936981573406 0.000409593936347951 0
2705 6.309248925433176e-05 0.0006720687471086581 0
2706 0.0001970501047887122 0.0006326418356808285 0
2707 0.0001520511935664043 0.0007435542450954939 0
2708 0.0001020712759307127 0.0006108887736782441 0
2709 0.000206411902753736 0.0006872032814545493 0
2710 7.818998871918215e-05 0.0007285304274286979 0
2711 0.0001557868881859417 0.0005926415968391829 0
2712 0.0002061793941640206 0.0007192870815519635 0
2713 0.0001715742215797225 0.0007056990064087487 0
2714 0.0001750431775172106 0.0006645017267692045 0
2715 0.0001395910804887007 0.0006781020625811833 0
2716 0.0001481025443857403 0.0006280340553869543 0
2717 0.0001046394366358326 0.000653374205618259 0
2718 7.044420814625684e-05 0.0006333212145528611 0
2719 9.949873971695333e-05 0.0006965904087239619 0
2720 0.0001149544930854566 0.0007315938652240742 0
2721 0.0002181609919029986 0.0006571034575105924 0
2722 0.0001263233114122387 0.0005882688871583348 0
2723 6.041311055125412e-05 0.0007044482506325125 0
2724 0.0001814159883534256 0.0006040208841485177 0
2725 0.000185180274679664 0.0007416307055587322 0
2726 9.419084227200447e-05 0.0007507143263703405 0
2727 0.0001238986582120253 0.0007594156863838925 0
2728 0.0001370820851649262 0.0007109002759746404 0
2729 1.836744763895213e-05 0.0008989223080509554 0
2730 0.0001523311647992875 0.0009383146188020482 0
2731 0.0001073490742549215 0.0008274238183985345 0
2732 5.736236403857238e-05 0.0009600855986639577 0
2733 0.0001616901999129816 0.0008837565124881786 0
2734 3.349048642404119e-05 0.0008424334640398077 0
2735 0.0001110788059286504 0.0009783154597244245 0
2736 0.0001614576282567214 0.000851677149180053 0
2737 0.0001268578396205078 0.0008652680829194461 0
2738 0.000130324265447437 0.0009064577104044947 0
2739 9.487400746120196e-05 0.0008928707825048958 0
2740 0.0001033870862636669 0.0009429295663344963 0
2741 5.991814007187818e-05 0.0009176027372011953 0
2742 2.57303932209198e-05 0.0009376701809083068 0
2743 5.478967587051245e-05 0.0008743917576804621 0
2744 7.025590429896822e-05 0.0008393862875954731 0
2745 0.0001734355706750909 0.0009138531323991952 0
2746 8.161997686553823e-05 0.0009826959691908576 0
2747 0.0001367017501351725 0.000966933295673174 0
2748 1.569773379123103e-05 0.0008665264806981772 0
2749 0.000140465729053359 0.000829335200318457 0
2750 4.950812405892345e-05 0.0008202637073124343 0
2751 7.920097642324971e-05 0.000811564716806554 0
2752 9.237610295436926e-05 0.0008600810189449095 0
2753 -0.0001534381533807103 0.0007198969772682729 0
2754 -1.828838577946359e-05 0.0007905469610532381 0
2755 -3.881859661000967e-05 0.0006863960137404076 0
2756 -0.0001173013593639808 0.0008134859088806426 0
2757 -0.0001554375466288118 0.0007778417541917772 0
2758 -0.0001173013617242648 0.0006799997230284507 0
2759 -6.090799785139669e-05 0.0008210730781031896 0
2760 -1.06871810526317e-05 0.0007325856068552681 0
2761 -3.455473562415532e-06 0.000763655639085639 0
2762 -0.0001626103120445084 0.0007498007770769512 0
2763 -1.038310011992365e-05 0.0007001630951541015 0
2764 -8.995487689598113e-05 0.0008255146992158453 0
2765 -3.195843297341952e-05 0.0008164113859470406 0
2766 -0.0001476564892402268 0.0006889205380830093 0
2767 -0.0001476564872694912 0.0008045650948776395 0
2768 -9.215661585036242e-05 0.0006607511281839707 0
2769 -7.907672539725981e-05 0.0006957122433913097 0
2770 -0.000115754227949731 0.0007166671532331762 0
2771 -8.163793430975545e-05 0.0007387974313493844 0
2772 -0.0001210456695801293 0.0007551433896551852 0
2773 -8.693623885334964e-05 0.0007863232391217119 0
2774 -4.839888031762243e-05 0.0007601343736792887 0
2775 -4.563571793927839e-05 0.0007200438112156771 0
2776 -6.216980354501799e-05 0.0006640117730635125 0
2777 -5.016855000782321e-05 0.0007923582836810546 0
2778 -0.0001256014957555449 0.0007860391091978692 0
2779 -0.000109266583138172 0.000522863308674524 0
2780 2.4682941299956e-05 0.0005622750705268349 0
2781 -2.030046742181784e-05 0.0004513688401993939 0
2782 -7.02787985623076e-05 0.00058403187833746 0
2783 3.404197328786565e-05 0.0005077169633840744 0
2784 -9.415590287303034e-05 0.0004663762124695148 0
2785 -1.657054604531925e-05 0.0006022754376805578 0
2786 3.380940163321109e-05 0.0004756375999632581 0
2787 -7.85296303323823e-07 0.0004892225507813525 0
2788 2.677072939831138e-06 0.0005304183404402855 0
2789 -3.276128238616481e-05 0.0005168123450502653 0
2790 -2.42533847138789e-05 0.0005668810742301231 0
2791 -6.770793189521905e-05 0.000541535611283804 0
2792 -0.0001019115911082 0.0005615950723291515 0
2793 -7.285359973707682e-05 0.0004983285489631283 0
2794 -5.739418189769279e-05 0.0004633236138448305 0
2795 4.578734444669828e-05 0.000537813582525655 0
2796 -0.0001119462971050317 0.0004904747722253108 0
2797 -4.602753103284857e-05 0.0006066551930828362 0
2798 9.054473772212147e-06 0.0005908924004103378 0
2799 1.281769794266601e-05 0.0004532945367266914 0
2800 -7.81519019326894e-05 0.0004442010535514203 0
2801 -4.845002418476586e-05 0.0004355027807565406 0
2802 -3.52699047788672e-05 0.000484019621613212 0
2803 0.0001078216368013111 0.0004472000962139808 0
2804 0.0002417792595768261 0.0004077731923108367 0
2805 0.000196780349593143 0.0005186855940338434 0
2806 0.0001468004260342421 0.0003860201241596187 0
2807 0.0002511410573958325 0.0004623346379060704 0
2808 0.0001229191433487172 0.0005036617767665404 0
2809 0.0002005160426633383 0.0003677729534636156 0
2810 0.0002509085488187516 0.0004944184377466948 0
2811 0.0002163033740600184 0.0004808303598879959 0
2812 0.00021977233182476 0.0004396330833234564 0
2813 0.0001843202291187937 0.0004532334100791281 0
2814 0.0001928316950115914 0.0004031654079399612 0
2815 0.0001493685803592847 0.0004285055495598566 0
2816 0.0001151733585568015 0.0004084525557991717 0
2817 0.0001442278922589972 0.0004717217547820473 0
2818 0.0001596836494208367 0.0005067252110917752 0
2819 0.0002628901463371522 0.0004322348141343112 0
2820 0.0001710524641730287 0.000363400243930971 0
2821 0.0001051422636145766 0.0004795796032936665 0
2822 0.0002261451426498085 0.0003791522403873952 0
2823 0.000229909429639029 0.0005167620611885389 0
2824 0.0001389200039092053 0.0005258456725557302 0
2825 0.0001686278153861358 0.000534547032266792 0
2826 0.0001818112391801894 0.0004860316221148423 0
2827 0.0002807675333690721 0.0005725371684860994 0
2828 0.0004159175347978551 0.0006431629324479331 0
2829 0.0003953796349915263 0.000538999058540643 0
2830 0.0003168893707035727 0.0006660725636286901 0
2831 0.0002787441645521111 0.0006304682616178885 0
2832 0.0003168893686591604 0.0005326221151896718 0
2833 0.0003732910886398938 0.0006736882272283028 0
2834 0.0004235184369899286 0.0005851891360665441 0
2835 0.0004307521922404223 0.0006162668656137836 0
2836 0.0004238222346452884 0.0005527623334458701 0
2837 0.0002865030251180289 0.0006571678705344601 0
2838 0.0003442387866130984 0.0006781228749544117 0
2839 0.000402240608626267 0.0006690218423574556 0
2840 0.0002715920835248993 0.0006024509790420226 0
2841 0.0002865337558778052 0.0005415543663276453 0
2842 0.0003420295856439269 0.0005133612907743945 0
2843 0.0003551260973296453 0.000548328056282641 0
2844 0.0003184517500494555 0.0005692939296862786 0
2845 0.0003525711205265878 0.0005914288685143218 0
2846 0.0003131510664675618 0.0006077884519526144 0
2847 0.0003472577087460326 0.0006389430720062102 0
2848 0.0003858015014596346 0.0006127643816399065 0
2849 0.0003885743681507318 0.0005726595145343668 0
2850 0.0003720221379858653 0.0005166154840728059 0
2851 0.0003840401379757809 0.0006449788584045442 0
2852 0.0003085560662216108 0.0006386583240495103 0
2853 0.0002359836173083974 0.0008510900753981199 0
2854 0.0003711915558386243 0.0007804369827668398 0
2855 0.0003506504805368148 0.0008845642642252636 0
2856 0.0002721602167862787 0.000757490757723678 0
2857 0.0002340330109556834 0.0007931345127497157 0
2858 0.0002721602146562601 0.0008909412061666108 0
2859 0.0003285640860621986 0.0007499034996777809 0
2860 0.0003787892826493973 0.0008383741866919063 0
2861 0.0003860354467904927 0.0008073203947771653 0
2862 0.0002417738693039939 0.0008820365122396357 0
2863 0.0002995255717372275 0.0007454624966881458 0
2864 0.0002268671530669161 0.0008211788730456229 0
2865 0.0003790930803003696 0.0008708009893788867 0
2866 0.0002418046035501962 0.0007664230078358954 0
2867 0.0003575114541841458 0.0007545414802939863 0
2868 0.0002973004310216944 0.0009102020317068997 0
2869 0.0003103826994539631 0.000875249518182219 0
2870 0.0002737055955481076 0.0008542537782484693 0
2871 0.0003078604229439835 0.0008321814197587542 0
2872 0.000268456648528212 0.0008157925417349407 0
2873 0.0003025449928014637 0.0007846627582816953 0
2874 0.0003411560336741992 0.0008109299123208439 0
2875 0.0003438336432654547 0.0008509487444746931 0
2876 0.0003272915300324395 0.0009069492929497291 0
2877 0.0003392775901470504 0.0007786581471291368 0
2878 0.0002638625664434122 0.0007849156270174782 0
2879 -0.0005861516310642084 0.0004256532426229374 0
2880 -0.0004510011768269891 0.0004962680457848429 0
2881 -0.0004715395312164613 0.0003921151316270421 0
2882 -0.0005500297911901265 0.0005191886373941912 0
2883 -0.0005881741789084947 0.0004835849178687968 0
2884 -0.0005500297955944144 0.0003857381889300698 0
2885 -0.00049362895938718 0.0005267947570212882 0
2886 -0.0004434007284918534 0.0004383052091915608 0
2887 -0.0004361637658424742 0.0004693757544168215 0
2888 -0.000580416137663069 0.0005102839454349163 0
2889 -0.0004430969308727491 0.0004058784061692728 0
2890 -0.0005226777599212417 0.000531230873551716 0
2891 -0.0004646785529256783 0.0005221379147496623 0
2892 -0.0005803854088763832 0.000394670439982589 0
2893 -0.0005953258966679856 0.0004555677455667875 0
2894 -0.0005248895782039701 0.0003664773642445784 0
2895 -0.0005117970471794661 0.0004014377542639394 0
2896 -0.0005484681850565582 0.0004224083505253787 0
2897 -0.0005143459205861142 0.0004445285182986676 0
2898 -0.0005537643502663954 0.0004609025083411872 0
2899 -0.0005196601877856954 0.0004920464946530149 0
2900 -0.000481095670352433 0.0004658411223613185 0
2901 -0.0004783491321601321 0.0004257615543981072 0
2902 -0.0004948974329783466 0.000369730906595935 0
2903 -0.0004828896156704215 0.0004980728529060288 0
2904 -0.0005583629256819755 0.0004917741164254998 0
2905 -0.0006314380609855575 0.0006783308831241244 0
2906 -0.0004974814650889563 0.0007177329541232737 0
2907 -0.000542464214591701 0.0006068344138041876 0
2908 -0.000592446723985764 0.0007394968227645645 0
2909 -0.0004881224299752621 0.0006631748478094039 0
2910 -0.0006163212201161164 0.0006218429177912998 0
2911 -0.0005387343903735669 0.0007577335581643954 0
2912 -0.0004883550016315224 0.0006310954845012783 0
2913 -0.0005229522367330621 0.0006446834166975143 0
2914 -0.0005194878451037155 0.0006858761348141141 0
2915 -0.0005549321321543019 0.0006722796418946717 0
2916 -0.0005464216543602786 0.0007223434145433403 0
2917 -0.0005898833766111806 0.0006970072364823473 0
2918 -0.0006240791067111064 0.0007170706733600296 0
2919 -0.0005950204699561562 0.00065379822274399 0
2920 -0.0005795576574786833 0.0006187930218921052 0
2921 -0.0004763770592131528 0.0006932714677204205 0
2922 -0.0005681922956344177 0.0007621136883514074 0
2923 -0.0006341127903623336 0.0006459387136043051 0
2924 -0.0005131104050601677 0.0007463509561381656 0
2925 -0.0005093468022001338 0.0006087529764217143 0
2926 -0.0006003104229603466 0.0005996704515980904 0
2927 -0.000570613043006156 0.0005909718219435215 0
2928 -0.0005574354138020371 0.0006394883935407427 0
2929 -0.0008032507832689541 0.0004993153125894982 0
2930 -0.0006681014529238134 0.0005699758907252392 0
2931 -0.0006886312264982533 0.0004658143490616328 0
2932 -0.0007671139892522247 0.0005929042442018679 0
2933 -0.0008052509671218926 0.0005572595292846666 0
2934 -0.0007671139916125084 0.0004594180583496761 0
2935 -0.0007107197745130952 0.0006005006385702392 0
2936 -0.0006604998109408754 0.0005120039421764934 0
2937 -0.0006532712031397834 0.0005430809211441632 0
2938 -0.0006601957300081673 0.0004795814304753267 0
2939 -0.0008124240835640077 0.0005292184464407371 0
2940 -0.0006817710628616634 0.0005958297212682659 0
2941 -0.0007397700396732868 0.0006049408430823568 0
2942 -0.000797469117157735 0.0005839834301988648 0
2943 -0.0007419692457386061 0.000440169463505196 0
2944 -0.0007288855072119011 0.0004751367450047177 0
2945 -0.0007655661126095842 0.000496087087649441 0
2946 -0.0007314526161659832 0.0005182316533871362 0
2947 -0.0007708619167184315 0.0005345636837198283 0
2948 -0.0007367500935534406 0.0005657538061235067 0
2949 -0.0006982327707736294 0.0005395907418108296 0
2950 -0.0006954441534022075 0.0004994757207762746 0
2951 -0.00071198204077269 0.0004434307375982257 0
2952 -0.0007953415694123867 0.0004701582173432182 0
2953 -0.0006999709433434245 0.0005717979553225514 0
2954 -0.0007754142902406771 0.0005654577163715919 0
2955 -0.0007585216299891385 0.0002744466711297644 0
2956 -0.0006233717451333757 0.0003450938394502313 0
2957 -0.0006439020720436147 0.0002409457055979382 0
2958 -0.000722384833204569 0.0003680356016643965 0
2959 -0.0007605208113816216 0.0003323915969274203 0
2960 -0.000722384839740007 0.0002345494158160739 0
2961 -0.0006659917003861368 0.0003756203205536004 0
2962 -0.000615770656600378 0.0002871352987052997 0
2963 -0.0006085381257177067 0.0003182034863644344 0
2964 -0.000767693484332449 0.0003043506481503703 0
2965 -0.0006154665756632832 0.0002547127870704249 0
2966 -0.0006950376794537097 0.0003800623186207985 0
2967 -0.0006370419084196258 0.0003709610776900306 0
2968 -0.000752739966802961 0.0002434702318960321 0
2969 -0.0007527399613461505 0.0003591147884961119 0
2970 -0.000697240094639549 0.0002153008202310577 0
2971 -0.000684161223210363 0.0002502602990164838 0
2972 -0.0007208379023162705 0.0002712164216708394 0
2973 -0.0006867208640780681 0.0002933429066279796 0
2974 -0.000726128184231289 0.000309692563190011 0
2975 -0.0006920193886184316 0.0003408696837671434 0
2976 -0.0006534767080142808 0.0003146739672149133 0
2977 -0.0006507203052415427 0.0002745899001532914 0
2978 -0.0006672533850518112 0.0002185612979422197 0
2979 -0.0006552547447404509 0.0003469023088384566 0
2980 -0.0007306849266624901 0.0003405887301855559 0
2981 -0.0005419895326193413 0.0002266204333099025 0
2982 -0.0004080333703114176 0.000187191527632062 0
2983 -0.0004530324153092708 0.0002981055167099535 0
2984 -0.0005030114772120869 0.0001654399177387097 0
2985 -0.0003986715724924113 0.0002417529732272957 0
2986 -0.000526893297400125 0.0002830819338833168 0
2987 -0.0004492967033827536 0.000147191337381851 0
2988 -0.0003989040810694922 0.0002738367730679201 0
2989 -0.0004335087320515228 0.0002602493106460729 0
2990 -0.0004300401915556829 0.0002190514003697901 0
2991 -0.0004654910698766635 0.000232653688680796 0
2992 -0.0004569801372726661 0.0001825846633791049 0
2993 -0.0005004417704172974 0.0002079267223566998 0
2994 -0.0005346386280598819 0.0001878745502597283 0
2995 -0.0005055842279971263 0.0002511425244901833 0
2996 -0.0004901291717469085 0.0002861459254548085 0
2997 -0.0003869224835510916 0.0002116531494555366 0
2998 -0.0004787600924078404 0.0001428187056043826 0
2999 -0.0005446699344258444 0.0002589991902063234 0
3000 -0.0004236673898889869 0.0001585707140964674 0
3001 -0.0004199031800095994 0.0002961805111907167 0
3002 -0.0005108938403714472 0.0003052663845488506 0
3003 -0.0004811851001927389 0.000313967671075825 0
3004 -0.0004680011622070913 0.000265452204898107 0
3005 -0.0003696080302212109 0.0003777969861449898 0
3006 -0.0002356559892328532 0.000338362433319992 0
3007 -0.0002806554202241777 0.0004492809036053875 0
3008 -0.0003306320454070087 0.0003166149384439543 0
3009 -0.0002262941928983155 0.0003929238785111897 0
3010 -0.0003545153864731994 0.0004342579792900553 0
3011 -0.0002769196506049923 0.0002983623802106533 0
3012 -0.0002265267011165745 0.0004250076792798815 0
3013 -0.0002611298750823591 0.0004114219537748242 0
3014 -0.0002576625125545792 0.0003702222539178234 0
3015 -0.0002931099347922062 0.0003838300792697652 0
3016 -0.0002846005055790156 0.0003337581657792041 0
3017 -0.0003280579573046948 0.0003591056359026421 0
3018 -0.0003622594310009924 0.0003390557814916558 0
3019 -0.0003332054110176598 0.0004023202998944144 0
3020 -0.0003177523348107432 0.0004373235453524195 0
3021 -0.000214545102878456 0.0003628240553098838 0
3022 -0.0003722913369134292 0.0004101736250942339 0
3023 -0.0003063825038062972 0.0002939899675421215 0
3024 -0.0002512897340856841 0.000309742010473125 0
3025 -0.000247525745288849 0.0004473517419018182 0
3026 -0.0003385198924152741 0.0004564439968618586 0
3027 -0.0003088085314947718 0.0004651450781835997 0
3028 -0.000295623139282506 0.0004166294540867418 0
3029 -0.0004143424920837794 0.0006026583532681262 0
3030 -0.0002803851436160742 0.0005632310767703748 0
3031 -0.0003253840846457049 0.0006741437787578658 0
3032 -0.0003753638388007862 0.0005414782815378232 0
3033 -0.0002710233472388464 0.0006177925220131317 0
3034 -0.0003992452293943526 0.0006591200007191236 0
3035 -0.0003216483813671409 0.0005232308467550787 0
3036 -0.0002712558554561199 0.0006498763228504014 0
3037 -0.0003058609333326188 0.0006362883608642476 0
3038 -0.0003023920539260276 0.0005950909638146605 0
3039 -0.0003378439260251406 0.000608691660809676 0
3040 -0.0003293325581024571 0.0005586234653231658 0
3041 -0.0003727953942196927 0.0005839639674191626 0
3042 -0.0004069909217011576 0.0005639111254140863 0
3043 -0.0003779364181048692 0.0006271800959481524 0
3044 -0.0003624807952443489 0.000662183542950222 0
3045 -0.0002592742571615036 0.0005876926987623294 0
3046 -0.0003511119223527943 0.0005188581508165489 0
3047 -0.0004170220614145219 0.0006350377182665415 0
3048 -0.0002960192420126474 0.0005346101508980015 0
3049 -0.0002922549734439959 0.0006722199686900658 0
3050 -0.0003832446356345547 0.000681304002371126 0
3051 -0.0003535366489613962 0.0006900053507858505 0
3052 -0.0003403531248615976 0.0006414899303303355 0
3053 -0.0007205974757191458 -0.0002215584684688948 0
3054 -0.0005866395148227739 -0.0002609849065205284 0
3055 -0.0006316383941137582 -0.0001500728724773165 0
3056 -0.0006816185155131162 -0.0002827383133731587 0
3057 -0.00057727771685775 -0.0002064234607468077 0
3058 -0.0007054996756225466 -0.0001650967455776196 0
3059 -0.0006279027039632376 -0.0003009851568522107 0
3060 -0.0005775102254474654 -0.0001743396606493935 0
3061 -0.0006121155218855017 -0.0001879278813299634 0
3062 -0.0006086464672829609 -0.0002291250111102109 0
3063 -0.0006440988538444538 -0.0002155251391624966 0
3064 -0.0006355872638356876 -0.0002655929044062597 0
3065 -0.0006790507219204984 -0.0002402532075904488 0
3066 -0.0007132455635839903 -0.0002603063929568428 0
3067 -0.0006841910004060295 -0.0001970369091542182 0
3068 -0.0006687350812894378 -0.0001620334395638948 0
3069 -0.0005655286277084874 -0.0002365232846907647 0
3070 -0.0006573663255347315 -0.0003053578849228607 0
3071 -0.0007232766111809781 -0.0001891787875404404 0
3072 -0.0006022736542791513 -0.0002896058907788242 0
3073 -0.0005985093497174539 -0.0001519960637619922 0
3074 -0.0006894984901664674 -0.0001429129778536299 0
3075 -0.0006597908938404992 -0.0001342116005338406 0
3076 -0.0006466075884731632 -0.0001827269977021877 0
3077 -0.0007653203620066041 5.293085004584278e-06 0
3078 -0.0006313584548121987 4.468787660069139e-05 0
3079 -0.0006763407129027366 -6.620489106979874e-05 0
3080 -0.0007263263553487327 6.645704888482963e-05 0
3081 -0.0006219994196985045 -9.870229713178196e-06 0
3082 -0.0007501988984473971 -5.119553550942055e-05 0
3083 -0.0006726109575521364 8.468865734554394e-05 0
3084 -0.0006222319913547647 -4.19495930213038e-05 0
3085 -0.0006568311310627846 -2.835942220861122e-05 0
3086 -0.0006533652221301356 1.283099085256824e-05 0
3087 -0.0006888139625487822 -7.58368255188126e-07 0
3088 -0.0006803015448746558 4.930168354394246e-05 0
3089 -0.0007237686550427779 2.397247808205574e-05 0
3090 -0.0007579584308377916 4.403890341097735e-05 0
3091 -0.0007288993124303256 -1.923800164290328e-05 0
3092 -0.0007134339522279594 -5.424340325926446e-05 0
3093 -0.0006102540489363952 2.022639019783842e-05 0
3094 -0.0007020695519073367 8.906907037014973e-05 0
3095 -0.000646987748818619 7.330638193371413e-05 0
3096 -0.0007679913506169299 -2.710181256615849e-05 0
3097 -0.0006432238654965891 -6.429168402126287e-05 0
3098 -0.0007341829994920863 -7.336598094782098e-05 0
3099 -0.0007044889963694907 -8.206487973664764e-05 0
3100 -0.0006913132338617538 -3.354850923110663e-05 0
3101 -0.0009376926552979313 -0.0001458847904761677 0
3102 -0.0008037358326946762 -0.0001064830281517117 0
3103 -0.0008487185650756437 -0.0002173813265499483 0
3104 -0.0008987012034531056 -8.471893508042288e-05 0
3105 -0.0007943768006641176 -0.0001610411353460889 0
3106 -0.0009225756206589851 -0.0002023727848833637 0
3107 -0.0008449887388407932 -6.648241811840248e-05 0
3108 -0.0007946093723177955 -0.0001931204988354621 0
3109 -0.0008292066878486146 -0.0001795324721967921 0
3110 -0.0008257422329057079 -0.0001383398495192709 0
3111 -0.0008611867076180878 -0.0001519360434377945 0
3112 -0.0008526761452941464 -0.0001018724273865041 0
3113 -0.0008961380963272348 -0.0001272083112312622 0
3114 -0.0009303335734287808 -0.0001071447447915663 0
3115 -0.0009012749191704529 -0.000170417386403378 0
3116 -0.0008858119995598588 -0.0002054225965847466 0
3117 -0.0007826314294478291 -0.0001309445161550118 0
3118 -0.0008744466722723387 -6.210227474984913e-05 0
3119 -0.0009403672280395849 -0.0001782770748572624 0
3120 -0.0008193647867471973 -7.786500679570654e-05 0
3121 -0.0008156011762636899 -0.0002154629893811222 0
3122 -0.0009065646088617402 -0.0002245451672041687 0
3123 -0.0008768673709189226 -0.000233243808659681 0
3124 -0.0008636898199104956 -0.0001847272453220757 0
3125 -0.0008929691752655915 -0.0003707456553073212 0
3126 -0.0007590066783115301 -0.0003313516716745222 0
3127 -0.0008039888873392072 -0.0004422438032080058 0
3128 -0.0008539748701151243 -0.0003095819114833417 0
3129 -0.0007496476463236204 -0.0003859097788172826 0
3130 -0.0008778472038527051 -0.0004272343502703352 0
3131 -0.000800259132806735 -0.0002913508726782087 0
3132 -0.000749880217978275 -0.0004179891422380989 0
3133 -0.0007844795685627672 -0.0004043987241199199 0
3134 -0.0007810134923083919 -0.0003632085639779249 0
3135 -0.0008164627249442562 -0.000376797136597822 0
3136 -0.00080795008964495 -0.0003267374954216238 0
3137 -0.0008514177968226531 -0.0003520659297279979 0
3138 -0.0008856069120745043 -0.0003319991694665404 0
3139 -0.0008565477449909557 -0.0003952765711796265 0
3140 -0.0008410821046285382 -0.0004302819963072034 0
3141 -0.0007379022751647878 -0.000355813159675702 0
3142 -0.0008297178016444828 -0.0002869704268375569 0
3143 -0.0007746360104777761 -0.0003027331125921334 0
3144 -0.0008956397526218208 -0.0004031408540281221 0
3145 -0.0007708721014352643 -0.0004403311868317022 0
3146 -0.0008618307427719171 -0.0004494045741745333 0
3147 -0.0008321371126416701 -0.0004581035042970001 0
3148 -0.0008189615535037981 -0.0004095871556404185 0
3149 -0.0006758679288154856 -0.0004464265719789681 0
3150 -0.00054191036003466 -0.0004858535498905202 0
3151 -0.0005869092750104229 -0.0003749410894812109 0
3152 -0.0006368891667126041 -0.0005076065641274448 0
3153 -0.0005325485622156536 -0.0004312921042952865 0
3154 -0.0006607704692696655 -0.0003899648980817264 0
3155 -0.0005831735812418684 -0.0005258537869412995 0
3156 -0.0005327810707927345 -0.0003992083044546621 0
3157 -0.0005673862261877003 -0.0004127963595598106 0
3158 -0.00056391728384875 -0.0004539936595535889 0
3159 -0.0005993693412884055 -0.0004403932602765894 0
3160 -0.0005908578951121041 -0.000490461300242863 0
3161 -0.0006343209549921605 -0.0004651210877353184 0
3162 -0.0006685162372721523 -0.0004851740511185117 0
3163 -0.000639461708511341 -0.0004219048974169621 0
3164 -0.0006240059772629048 -0.0003869014431537021 0
3165 -0.000520799473274334 -0.0004613919280670457 0
3166 -0.0006126371527281955 -0.0005302264935989331 0
3167 -0.0006785473400311214 -0.0004140470926349213 0
3168 -0.0005575444733625247 -0.0005144744966975368 0
3169 -0.0005537801892242434 -0.0003768646767729256 0
3170 -0.0006447696605995248 -0.000367780981777803 0
3171 -0.0006150618147876496 -0.0003590796247724343 0
3172 -0.0006018783719843886 -0.0004075950369947569 0
3173 -0.000502922086242414 -0.0003210895737152575 0
3174 -0.0003677721690921864 -0.0002504617620741269 0
3175 -0.0003883099846199598 -0.0003546276836607139 0
3176 -0.0004668002489079135 -0.0002275541785726667 0
3177 -0.0005049456081837766 -0.0002631585891014667 0
3178 -0.0004668002509523257 -0.0003610046270116851 0
3179 -0.0004103983657702506 -0.0002199367318692477 0
3180 -0.0003601711826215575 -0.0003084376061348129 0
3181 -0.0003529380261685928 -0.0002773585340673474 0
3182 -0.0003598673849661977 -0.0003408644087554869 0
3183 -0.0004971865944934571 -0.0002364588716668968 0
3184 -0.000381449010985219 -0.0002246048998439013 0
3185 -0.0004394513220430723 -0.0002155023581243156 0
3186 -0.0005120977571393143 -0.0002911758922946173 0
3187 -0.0004971558637336809 -0.0003520723758737116 0
3188 -0.0004416600339675592 -0.0003802654514269623 0
3189 -0.0004285627779452525 -0.0003452974940477532 0
3190 -0.0004652377253061559 -0.0003243325033831636 0
3191 -0.0004311188947018714 -0.0003021948037911798 0
3192 -0.0004705392529213173 -0.0002858379126809804 0
3193 -0.0004364321473049803 -0.000254681306218114 0
3194 -0.0003978922254559987 -0.0002808550105991659 0
3195 -0.0003951144396044807 -0.0003209646044442746 0
3196 -0.0004116674056729078 -0.000377011136509065 0
3197 -0.0003996475032525232 -0.0002486437593338305 0
3198 -0.000475133585402372 -0.0002549683653597153 0
3199 -0.0005477060023030886 -4.253666680323704e-05 0
3200 -0.0004124981073331811 -0.000113190786818666 0
3201 -0.0004330391390746713 -9.062477976093372e-06 0
3202 -0.0005115294028252074 -0.000136135984477679 0
3203 -0.0005496566869834631 -0.0001004921738749858 0
3204 -0.000511529404955226 -2.685536034746245e-06 0
3205 -0.0004551254508008975 -0.0001437241373364487 0
3206 -0.0004049003369620888 -5.525255550945066e-05 0
3207 -0.0003976544749531233 -8.630702043023426e-05 0
3208 -0.0005419157503074922 -1.159022996172132e-05 0
3209 -0.0004841642940270476 -0.000148165002121884 0
3210 -0.0005568225796323445 -7.244780300179763e-05 0
3211 -0.0004045965393111165 -2.282575282247034e-05 0
3212 -0.0005418850160612899 -0.0001272037343654616 0
3213 -0.0004261781654273403 -0.0001390852619073706 0
3214 -0.0004863891885897917 1.65752895055427e-05 0
3215 -0.0004733065520844255 -1.837781966005224e-05 0
3216 -0.0005099839525995914 -3.937311886244443e-05 0
3217 -0.0004758294044764268 -6.144685829226789e-05 0
3218 -0.0005152333280450092 -7.783438630424967e-05 0
3219 -0.0004811447483589879 -0.0001089651688130405 0
3220 -0.0004425356573018767 -8.270051353866226e-05 0
3221 -0.0004398555794014979 -4.267930939253322e-05 0
3222 -0.0004563980520205673 1.332248996868699e-05 0
3223 -0.0004444110360608033 -0.0001149706666457011 0
3224 -0.000519827069475792 -0.000108711140553431 0
3225 1.949253366917126e-05 -0.001342648978998852 0
3226 0.0001547004060265252 -0.001413303577508979 0
3227 0.0001341593992410132 -0.001309174792336386 0
3228 5.566912928224908e-05 -0.001436248298468056 0
3229 1.754181002045174e-05 -0.001400604461009324 0
3230 5.56691336865369e-05 -0.001302797850003935 0
3231 0.0001120731202560164 -0.001443836866550234 0
3232 0.0001622981977421556 -0.001355364870622351 0
3233 0.0001695439193719849 -0.001386419647103535 0
3234 2.52827872135942e-05 -0.00131170254196321 0
3235 8.303412476531373e-05 -0.001448277666886834 0
3236 1.037590262030631e-05 -0.001372560084733487 0
3237 0.0001626019964537571 -0.001322938067763406 0
3238 2.531351600028018e-05 -0.001427316047415537 0
3239 0.0001410203673798221 -0.001439197577849068 0
3240 8.080935067407079e-05 -0.001283537025648178 0
3241 9.38921558038102e-05 -0.001318490409797 0
3242 5.721461711851755e-05 -0.0013394855048525 0
3243 9.136903569895024e-05 -0.001361559883249942 0
3244 5.196504217728588e-05 -0.001377946786742959 0
3245 8.60537291139626e-05 -0.001409078031413021 0
3246 0.000124661919996601 -0.00138281453172666 0
3247 0.0001273431405471997 -0.001342792230611356 0
3248 0.000110800503998102 -0.001286789853858754 0
3249 0.0001227879562709225 -0.001415083939651085 0
3250 4.737145576981309e-05 -0.001408823466345958 0
3251 -2.57314565276248e-05 -0.001143666128021388 0
3252 0.0001082174597877068 -0.001104253533274852 0
3253 6.323400040686534e-05 -0.001215160419595499 0
3254 1.325602030729517e-05 -0.001082497331440941 0
3255 0.000117576494901401 -0.001158811639588722 0
3256 -1.062130019260894e-05 -0.001200153147786156 0
3257 6.696392258689377e-05 -0.001064253185030728 0
3258 0.0001173439232451409 -0.001190891002896848 0
3259 8.274944291158661e-05 -0.001177306307052715 0
3260 8.621163938506331e-05 -0.001136110256586739 0
3261 5.077379171628045e-05 -0.001149717062919529 0
3262 5.928146513218969e-05 -0.001099647910242458 0
3263 1.58275336515903e-05 -0.001124994168172007 0
3264 -1.837680686140194e-05 -0.001104935052411078 0
3265 1.068113429493811e-05 -0.001168201063965743 0
3266 2.614026319178224e-05 -0.001203205974942478 0
3267 0.0001293218656635104 -0.001128715019677705 0
3268 -2.841159468516145e-05 -0.001176054354041486 0
3269 3.750701460855112e-05 -0.001059873463352844 0
3270 9.258903163072437e-05 -0.00107563625885777 0
3271 9.635222913685259e-05 -0.00121323411397275 0
3272 5.382121112260829e-06 -0.001222328535122163 0
3273 3.508438351095904e-05 -0.00123102677565531 0
3274 4.826471292091315e-05 -0.001182509912060899 0
3275 -0.0001975518583922908 -0.001322671174808628 0
3276 -6.240182387296186e-05 -0.001252027648473684 0
3277 -8.293230162159001e-05 -0.001356172138336493 0
3278 -0.0001614150643755613 -0.001229082243196258 0
3279 -0.0001995507692542712 -0.001264726055905583 0
3280 -0.0001614150667358451 -0.00136256842904845 0
3281 -0.000105022224933447 -0.001221500696210993 0
3282 -5.480088606421206e-05 -0.001309982545221633 0
3283 -4.756728834837323e-05 -0.001278916746461029 0
3284 -0.0002067233204841262 -0.001292766968473307 0
3285 -5.44968051315041e-05 -0.001342405056922799 0
3286 -0.0001340670401756627 -0.001217058210420893 0
3287 -0.0001917701942518072 -0.001353647613993891 0
3288 -7.607213798500007e-05 -0.00122615676612986 0
3289 -0.0001917701922810717 -0.001238003057199261 0
3290 -0.0001362703208619427 -0.00138181702389293 0
3291 -0.0001231927728817123 -0.001346859664303562 0
3292 -0.000159868386279819 -0.001325901972412365 0
3293 -0.0001257503844616367 -0.001303780398483547 0
3294 -0.0001651571684506392 -0.001287425953818519 0
3295 -0.0001310491968632144 -0.001256252367008503 0
3296 -9.249962066792585e-05 -0.001282456955235959 0
3297 -8.97519721352349e-05 -0.00132253260939212 0
3298 -0.0001062837475844424 -0.001378556762239712 0
3299 -9.428849628628921e-05 -0.001250222875854572 0
3300 -0.0001697151004312897 -0.001256529207977225 0
3301 -0.0001528227051124754 -0.001547539816268361 0
3302 -1.767245181783478e-05 -0.001476901555115042 0
3303 -3.820314716695167e-05 -0.001581040781800188 0
3304 -0.0001166859083279057 -0.001453950885733729 0
3305 -0.0001548212207943364 -0.001489594418423912 0
3306 -0.0001166859148633439 -0.001587437071582052 0
3307 -6.029349694930153e-05 -0.001446373921520012 0
3308 -1.007173172371492e-05 -0.001534851188692826 0
3309 -2.836592941114771e-06 -0.001503788840071839 0
3310 -0.0001619935981558214 -0.001517635278099597 0
3311 -0.000147041041926298 -0.001578516255502094 0
3312 -8.93366293473343e-05 -0.00144193072994241 0
3313 -9.767650786620126e-06 -0.001567273700327701 0
3314 -3.134298354296267e-05 -0.001451025409708095 0
3315 -0.0001470410364694873 -0.001462871698902014 0
3316 -9.154116976288597e-05 -0.001606685667167068 0
3317 -7.84655274956648e-05 -0.00157173136687921 0
3318 -0.0001151396021348235 -0.001550771407907257 0
3319 -8.102020558618594e-05 -0.001528656926321314 0
3320 -0.0001204262153971232 -0.001512295565948323 0
3321 -8.631943305796787e-05 -0.00148112708457449 0
3322 -4.775989627699448e-05 -0.001507344486283096 0
3323 -4.502489178647993e-05 -0.001547407989140717 0
3324 -6.155478968147105e-05 -0.001603425717874026 0
3325 -4.956443007946368e-05 -0.001475102122253559 0
3326 -0.0001249858633790136 -0.00148139798455098 0
3327 6.370329154268341e-05 -0.001595374416397599 0
3328 0.0001976655545652454 -0.001634794959766064 0
3329 0.0001526670737376451 -0.001523887601621762 0
3330 0.0001026844122778827 -0.001656552661627904 0
3331 0.000207027352384252 -0.00158023351417083 0
3332 7.880483722412817e-05 -0.001538912163509504 0
3333 0.0001564027064400917 -0.001674795352931749 0
3334 0.0002067948438071711 -0.001548149714330206 0
3335 0.0001721880051441122 -0.001561739747703679 0
3336 0.0001756582883030674 -0.00160293501067098 0
3337 0.0001402022955181905 -0.001589340916612469 0
3338 0.0001487154559321343 -0.001639405667945315 0
3339 0.0001052476342984882 -0.001614071618724712 0
3340 7.105760962670236e-05 -0.001634127223069115 0
3341 0.0001001125681654812 -0.001570854132306101 0
3342 0.0001155705523334887 -0.001535850500035112 0
3343 0.0002187764413255717 -0.00161033333794259 0
3344 0.0001269385262364 -0.001679168309636843 0
3345 0.000182031128312579 -0.001663416351421911 0
3346 6.102718651459791e-05 -0.001562992525532248 0
3347 0.0001857956603444288 -0.001525806455272654 0
3348 9.481015736477225e-05 -0.001516730030878014 0
3349 0.0001245150181108993 -0.001508028438637601 0
3350 0.0001376968085259003 -0.001556543671135174 0
3351 0.0002365990672535526 -0.001416346718214878 0
3352 0.0003718075873840344 -0.001486986097558314 0
3353 0.0003512659299799454 -0.001382872531361035 0
3354 0.0002727756636475799 -0.001509946036887229 0
3355 0.0002346495058086588 -0.001474303023688278 0
3356 0.0002727756656919919 -0.001376495588448211 0
3357 0.0003291784260266672 -0.001517521351593771 0
3358 0.0003794047319783476 -0.001429062608886936 0
3359 0.0003866549311042625 -0.001460107417646806 0
3360 0.0002423893201064482 -0.001385400281542441 0
3361 0.0002274841132758807 -0.001446258804670777 0
3362 0.0003001443009963473 -0.001521964201641988 0
3363 0.0002424200508662246 -0.001501013785749256 0
3364 0.0003797085296337077 -0.001396635806266262 0
3365 0.0003581269036146872 -0.001512895315177848 0
3366 0.0002979158815834206 -0.001357234763552878 0
3367 0.0003109932414691018 -0.001392179330647711 0
3368 0.0002743200934750423 -0.001413180950651871 0
3369 0.0003084786544963604 -0.001435234882714323 0
3370 0.0002690768656460525 -0.001451641776828901 0
3371 0.0003031620647271404 -0.001482758221544658 0
3372 0.0003417991459782395 -0.00145645771665872 0
3373 0.0003444438073748157 -0.001416470550390749 0
3374 0.0003279064793122029 -0.001360486691460782 0
3375 0.0003398797740815869 -0.001488750989023297 0
3376 0.000264478232079212 -0.001482520829874191 0
3377 0.0001918699122968169 -0.001191478076678781 0
3378 0.0003270774158243023 -0.001262141436433754 0
3379 0.0003065367755252342 -0.001158003887851637 0
3380 0.0002280465117746983 -0.001285077394353223 0
3381 0.0001899185235760441 -0.001249433084340368 0
3382 0.0002280465096446795 -0.00115162694591029 0
3383 0.0002844512062271854 -0.001292673595279617 0
3384 0.0003346755776378168 -0.001204193965384994 0
3385 0.0003419187231869164 -0.001235254483560002 0
3386 0.0001976601642924133 -0.001160531639837265 0
3387 0.000255409404947885 -0.001297113218212654 0
3388 0.0003349793752887891 -0.001171767162698014 0
3389 0.0003133977491725654 -0.001288026671782915 0
3390 0.0001976908985386157 -0.001276145144241005 0
3391 0.0001827523184955401 -0.001221388618427264 0
3392 0.0002531867260101138 -0.001132366120370001 0
3393 0.0002662726752661777 -0.0011673245888699 0
3394 0.0002295926055050679 -0.001188315922897413 0
3395 0.000263744644614789 -0.001210402085531887 0
3396 0.0002243393772764338 -0.001226777469617454 0
3397 0.0002584300734207721 -0.001257917236176223 0
3398 0.0002970216335213894 -0.001231675056454228 0
3399 0.0002997239113276559 -0.001191632520184293 0
3400 0.0002831782006151237 -0.001135619466777704 0
3401 0.0002951738110065757 -0.00126393070490308 0
3402 0.0002197486984660285 -0.001257652779079103 0
3403 0.0006922828312653869 -0.001167970301498049 0
3404 0.000827432782366766 -0.001097343286683365 0
3405 0.0008068949311131341 -0.001201508412493944 0
3406 0.0007284046711394689 -0.001074434906726795 0
3407 0.000690259369589836 -0.001110039274081367 0
3408 0.0007284046667351812 -0.001207885355190916 0
3409 0.0007848064907664958 -0.001066818154142985 0
3410 0.000835033733837742 -0.001155318334929425 0
3411 0.0008422671242791479 -0.001124239784279162 0
3412 0.0008353375314568463 -0.001187745137951713 0
3413 0.0006980183246665262 -0.00108333959868607 0
3414 0.000813755909403917 -0.001071485629371324 0
3415 0.00075575378866108 -0.001062383673148758 0
3416 0.0006831072464309422 -0.001138056569473357 0
3417 0.0006980490534532123 -0.001198953104138397 0
3418 0.0007535448841256253 -0.001227146179876408 0
3419 0.0007666418502066334 -0.001192178685663083 0
3420 0.0007299671363756063 -0.001171213351485354 0
3421 0.0007640861770064093 -0.001149076725174117 0
3422 0.0007246659370539633 -0.001132718787348614 0
3423 0.0007587728639001426 -0.001101562953322367 0
3424 0.00079731428965719 -0.001127738595437428 0
3425 0.0008000901621563483 -0.0011678463525223 0
3426 0.0007835374819080349 -0.0012238919126073 0
3427 0.0007955566475256106 -0.001095526090980207 0
3428 0.0007200713457198864 -0.001101849113641657 0
3429 0.0006469905028874133 -0.0009152845768105052 0
3430 0.0007809529972406391 -0.0008758905899977126 0
3431 0.0007359707934979196 -0.0009867827194850684 0
3432 0.0006859848046693055 -0.000854120831341764 0
3433 0.0007903120323543331 -0.0009304486963115821 0
3434 0.0006621124774593819 -0.0009717732698150796 0
3435 0.0007397005411792761 -0.000835889789728906 0
3436 0.000790079460698073 -0.0009625280596197079 0
3437 0.0007554801104691179 -0.0009489376413143857 0
3438 0.0007589461870932596 -0.0009077474830929062 0
3439 0.0007234969543687561 -0.0009213360535184391 0
3440 0.0007320095865115755 -0.0008712764130532312 0
3441 0.0006885418807285018 -0.0008966048476392306 0
3442 0.0006543527631375272 -0.000876538091944241 0
3443 0.0006834119348197499 -0.0009398154894872057 0
3444 0.0006988775766763009 -0.0009748209133120728 0
3445 0.0008020574031164426 -0.0009003520764005657 0
3446 0.0007102418706774237 -0.0008315093454214552 0
3447 0.0007653236640930714 -0.0008472720290182349 0
3448 0.0006443199278143795 -0.0009476797759985302 0
3449 0.0007690875784256199 -0.0009848701045099334 0
3450 0.0006781289404420947 -0.0009939434918381327 0
3451 0.0007078225702557074 -0.001002642420380135 0
3452 0.0007209981264422174 -0.000954126072062052 0
3453 0.0004746120413108449 -0.001066453998202497 0
3454 0.0006085756193581614 -0.001027061494750116 0
3455 0.0005635935120886907 -0.001137952450828721 0
3456 0.0005136068886809559 -0.001005290655752552 0
3457 0.0006179346513887199 -0.001081619601944493 0
3458 0.0004897349554751747 -0.001122942826159683 0
3459 0.0005673232505241168 -0.0009870606600058342 0
3460 0.0006177020797350422 -0.001113698965433866 0
3461 0.0005831023418497699 -0.00110010809143885 0
3462 0.0005865687264863631 -0.001058918400629916 0
3463 0.0005511185875670077 -0.001072505520876617 0
3464 0.0005596316172880192 -0.001022446637368354 0
3465 0.0005161628134103827 -0.00104777365253039 0
3466 0.0004819749094528889 -0.001027706285092783 0
3467 0.0005110341764301115 -0.001090984592511715 0
3468 0.0005265003365151048 -0.001125990058097788 0
3469 0.0006296800226050087 -0.001051522982753416 0
3470 0.0005378644407510645 -0.0009826801568389963 0
3471 0.0005929462149972689 -0.0009984428332044637 0
3472 0.0004719422264502502 -0.001098849752518821 0
3473 0.0005967101822217301 -0.001136040925488274 0
3474 0.00050575245636051 -0.001145112638196159 0
3475 0.0005354453992950944 -0.001153811621966319 0
3476 0.0005486205761993411 -0.00110529531423862 0
3477 0.0005193481752847283 -0.001291332206148374 0
3478 0.0006533047737413075 -0.001251930138272926 0
3479 0.000608322018949524 -0.001362828680683051 0
3480 0.0005583395156324718 -0.001230166268137234 0
3481 0.000662663805729217 -0.001306488245415687 0
3482 0.0005344650129590108 -0.001347820173434943 0
3483 0.0006120518500193953 -0.001211929535505675 0
3484 0.0006624312340745625 -0.001338567608836503 0
3485 0.0006278339986322482 -0.001324979676844781 0
3486 0.0006312983898799561 -0.001283786956789825 0
3487 0.0005958541029524242 -0.001297383451958878 0
3488 0.000604364583888158 -0.001247319678570191 0
3489 0.0005609028602842213 -0.001272655856405414 0
3490 0.0005267071324761413 -0.001252592414984468 0
3491 0.0005557657646295594 -0.00131586486973651 0
3492 0.000571228575593113 -0.001350870071889691 0
3493 0.0006744091768880498 -0.001276391626274106 0
3494 0.000582593946428155 -0.001207549403787622 0
3495 0.0005166734435958244 -0.001323724375179992 0
3496 0.000637675834754142 -0.001223312138158998 0
3497 0.0006414394323219709 -0.001360910116622687 0
3498 0.000550475808173224 -0.001369992641524806 0
3499 0.0005801731884703686 -0.001378691272757997 0
3500 0.0005933508206406232 -0.001330174700820513 0
3501 0.0007369572258144256 -0.001339154677140977 0
3502 0.0008721640524489394 -0.00140983398960728 0
3503 0.0008516240917848226 -0.001305680492632535 0
3504 0.0007731338200944901 -0.001432753997361809 0
3505 0.0007350046193294193 -0.001397108824989667 0
3506 0.000773133826666748 -0.001299303549172398 0
3507 0.0008295397895680672 -0.001440364093871976 0
3508 0.0008797628898371841 -0.001351870570893691 0
3509 0.0008870013491622409 -0.001382941539462765 0
3510 0.0008800666885834562 -0.001319443768281843 0
3511 0.000800492881199857 -0.00144480157723028 0
3512 0.0008584850598333353 -0.001435703277735233 0
3513 0.000742747480225239 -0.001308208240467105 0
3514 0.0007427782060839916 -0.001423821745927632 0
3515 0.0007982740439183086 -0.001280042725529007 0
3516 0.0008113657189976248 -0.001315010453872231 0
3517 0.0007746810336847687 -0.001335994936867731 0
3518 0.0008088287524873395 -0.001358102558354918 0
3519 0.0007669237341607487 -0.001373078100227444 0
3520 0.0008032033213050967 -0.001405439881232395 0
3521 0.0008420768227240808 -0.001379408865605731 0
3522 0.0008448174236472818 -0.001339329512025153 0
3523 0.0008282661021039929 -0.001283297017842604 0
3524 0.000726458637235448 -0.001368256214766535 0
3525 0.0008402537778182465 -0.001411626890185846 0
3526 0.0007645270691170269 -0.001405651549985414 0
3527 0.0009088209026083638 -0.001215834136578293 0
3528 0.001042778473096742 -0.001255261110800995 0
3529 0.0009977795531345432 -0.00114434865027821 0
3530 0.0009477996657992495 -0.001277014126415771 0
3531 0.001052140269431279 -0.001200699665609797 0
3532 0.0009239183598939814 -0.001159372462418878 0
3533 0.001001515251733969 -0.001295261347974114 0
3534 0.001051907761213021 -0.001168615864841105 0
3535 0.001017302603958312 -0.001182203920357303 0
3536 0.001020771546613759 -0.001223401221027694 0
3537 0.0009853194886484027 -0.001209800822044641 0
3538 0.0009938309368422806 -0.001259868861706309 0
3539 0.0009503678758625417 -0.001234528650509631 0
3540 0.0009161725959050295 -0.001254581615863379 0
3541 0.0009452271216728116 -0.001191312460776531 0
3542 0.0009606828515752297 -0.001156309005870968 0
3543 0.001063889359451139 -0.001230799488811103 0
3544 0.0009720516809815301 -0.001299634054929919 0
3545 0.0009061414903958543 -0.001183454657574793 0
3546 0.00102714435968692 -0.001283882057566191 0
3547 0.001030908640392485 -0.001146272236401475 0
3548 0.0009399191676980659 -0.001137188545521737 0
3549 0.0009696270124685395 -0.001128487187122047 0
3550 0.0009828104576239778 -0.001177002598811305 0
3551 0.0008646602125274147 -0.001016799398853568 0
3552 0.0009998108943879236 -0.0009461901618061538 0
3553 0.0009792723129781666 -0.001050337506795366 0
3554 0.0009007820470976117 -0.0009232640026331502 0
3555 0.000862638079382064 -0.0009588674282572581 0
3556 0.0009007820492276304 -0.001056714451076083 0
3557 0.0009571824273410693 -0.0009156627297454673 0
3558 0.001007411115090749 -0.001004147429262009 0
3559 0.001014649706465672 -0.0009730805346237384 0
3560 0.0008703957017453455 -0.0009321686965601253 0
3561 0.0009281354053499675 -0.0009112258673341803 0
3562 0.0008704264359915479 -0.001047782200963866 0
3563 0.001007714912741721 -0.001036574231948989 0
3564 0.0009861332866254969 -0.0009203147228640893 0
3565 0.0008554865481539019 -0.000986884544344536 0
3566 0.0009259222669855824 -0.001075975274751772 0
3567 0.000939012776879436 -0.001041018122248327 0
3568 0.0009023432674835664 -0.001020045128733975 0
3569 0.0009364670042028821 -0.0009979324622477891 0
3570 0.0008970493971597183 -0.0009815511551396559 0
3571 0.0009311522963115827 -0.0009504125721501517 0
3572 0.0009697273506443982 -0.0009766314993570266 0
3573 0.0009724605139597683 -0.001016698211085465 0
3574 0.0009559142056356472 -0.001072722062185695 0
3575 0.0009679168413215923 -0.000944391007196043 0
3576 0.0008924490018296342 -0.0009506786668657991 0
3577 0.00116065266494635 -0.000580150156834259 0
3578 0.001295859757351349 -0.0006508231803100239 0
3579 0.001275319530518192 -0.0005466759701717928 0
3580 0.001196829260559428 -0.0006737494763034625 0
3581 0.001158700538151363 -0.0006381046437910244 0
3582 0.001196829264963716 -0.0005402990278393413 0
3583 0.001253234728531359 -0.000681354094223212 0
3584 0.001303458329019334 -0.0005928660484577578 0
3585 0.001310698635241413 -0.0006239328969152527 0
3586 0.001303762127730936 -0.000560439245598813 0
3587 0.001224189834202369 -0.0006857924203097836 0
3588 0.001282180498657001 -0.0006766987556844744 0
3589 0.001166442918490773 -0.0005492037197986162 0
3590 0.001166473647277459 -0.0006648172252509434 0
3591 0.00122196948195125 -0.0005210382034835847 0
3592 0.001235058897958534 -0.0005560022795237201 0
3593 0.001198376033179431 -0.0005769894647229195 0
3594 0.001232525453685449 -0.0005990886236576558 0
3595 0.001190620968264573 -0.0006140712660073213 0
3596 0.001226899455888199 -0.0006464279587306994 0
3597 0.001265784923371881 -0.000620381788430609 0
3598 0.001268510415240032 -0.0005803169495098397 0
3599 0.001251961309854622 -0.000524292122703478 0
3600 0.001150154531500592 -0.0006092513000477702 0
3601 0.001263943139504245 -0.0006526096867009629 0
3602 0.001188222761261664 -0.0006466462463654508 0
3603 0.001115428069168497 -0.0003811664760609298 0
3604 0.001249377591064885 -0.0003417547111102588 0
3605 0.001204394187634194 -0.0004526609393262376 0
3606 0.001154415850405686 -0.0003199979047757969 0
3607 0.00125873662617858 -0.0003963128174241283 0
3608 0.001130538752645293 -0.0004376535703140185 0
3609 0.00120812410215862 -0.000301754342682035 0
3610 0.00125850405452232 -0.000428392180732254 0
3611 0.001223909356919879 -0.0004148072297017821 0
3612 0.001227371726550132 -0.0003736114419892476 0
3613 0.001191933371085599 -0.0003872174351047273 0
3614 0.001200441265622657 -0.0003371487066781509 0
3615 0.00115698671977567 -0.0003624941698260487 0
3616 0.001122783058293065 -0.0003424347133134408 0
3617 0.001151841054266352 -0.0004057012325585712 0
3618 0.001167300473628627 -0.000440706166376103 0
3619 0.001270481996940689 -0.0003662161975131118 0
3620 0.001112748357526798 -0.0004135550130076945 0
3621 0.001178667115498862 -0.0002973745888098471 0
3622 0.00123374912255188 -0.0003131373793240607 0
3623 0.001237512352015513 -0.0004507352442607276 0
3624 0.001146542755545168 -0.0004598287273285686 0
3625 0.00117624463293813 -0.0004685269985454766 0
3626 0.001189424749370979 -0.0004200101580300285 0
3627 0.0009436082728848879 -0.0005601723526440343 0
3628 0.001078756988466285 -0.0004894968453823627 0
3629 0.001058227829655588 -0.0005936733161718994 0
3630 0.0009797450669016172 -0.0004665834210316646 0
3631 0.00094160697666963 -0.0005022289236316179 0
3632 0.0009797450645413334 -0.0006000696068838563 0
3633 0.001036140477002361 -0.0004589740246959669 0
3634 0.001086359245212967 -0.000547483723057039 0
3635 0.001093583488208956 -0.0005163969526331221 0
3636 0.001086663326145675 -0.0005799062347582055 0
3637 0.001065087993292179 -0.0004636579439652666 0
3638 0.001007085439928912 -0.0004545358121344754 0
3639 0.0009344333663685809 -0.0005302701551074556 0
3640 0.0009493899389961071 -0.0004755042350346676 0
3641 0.001004889810415236 -0.0006193182017283364 0
3642 0.001017978981868784 -0.0005843422210880402 0
3643 0.0009812939968456788 -0.0005633983203673447 0
3644 0.001015403562803013 -0.0005412336059591496 0
3645 0.0009759920468715529 -0.0005249212127037696 0
3646 0.001010107238231506 -0.0004937166179561722 0
3647 0.001048596346508238 -0.0005198433123549033 0
3648 0.00105142083896904 -0.0005599927981584602 0
3649 0.001034877569761442 -0.0006160560399678807 0
3650 0.0009515175942211921 -0.0005893292175620747 0
3651 0.001046902531169132 -0.000487659652573344 0
3652 0.0009714445340074976 -0.0004940295636943685 0
3653 0.0009877645120532773 -0.0007571850101790573 0
3654 0.001121729367565554 -0.0007177942593854724 0
3655 0.001076747376893261 -0.0008286838273559147 0
3656 0.001026760002679254 -0.0006960221436785344 0
3657 0.001131088399553464 -0.0007723523665282327 0
3658 0.00100288853611116 -0.0008136739964515 0
3659 0.001080477100506765 -0.0006777933819843806 0
3660 0.001130855827898809 -0.0008044317299490491 0
3661 0.001096255631735874 -0.0007908403176460658 0
3662 0.001099722381500172 -0.0007496511812059328 0
3663 0.00106427117134032 -0.0007632365856753137 0
3664 0.001072784668172563 -0.0007131785967817072 0
3665 0.001029314568497378 -0.0007385039344326889 0
3666 0.0009951280971084034 -0.0007184358471321932 0
3667 0.001024187478248294 -0.0007817152272356473 0
3668 0.001039654249998835 -0.0008167207416009545 0
3669 0.001142833770712297 -0.0007422557473866522 0
3670 0.001051018125859744 -0.0006734128104527448 0
3671 0.001106099878167429 -0.000689175476766563 0
3672 0.0009850955958334096 -0.0007895814205342864 0
3673 0.001109863911787558 -0.0008267735893204614 0
3674 0.001018907262890748 -0.0008358433228727049 0
3675 0.001048599393468934 -0.000844542372511905 0
3676 0.001061774123915718 -0.0007960261128938824 0
3677 0.001205436577941673 -0.0008587030637766191 0
3678 0.001340586419570399 -0.000788073339268019 0
3679 0.001320048679989557 -0.0008922411770242496 0
3680 0.001241558420490995 -0.0007651676702849443 0
3681 0.00120341291594562 -0.0008007721796108761 0
3682 0.001241558413918736 -0.000898618118474355 0
3683 0.001297960459328749 -0.0007575485565450296 0
3684 0.001348187482289824 -0.000846051099478637 0
3685 0.001355420079808318 -0.0008149707706914122 0
3686 0.001348491279933584 -0.0008784779022746076 0
3687 0.001211172074049486 -0.000774072361579651 0
3688 0.001326909658271722 -0.0007622183943166971 0
3689 0.001268906891222961 -0.0007531144377620427 0
3690 0.001196260702204237 -0.0008287895018587475 0
3691 0.001266698630169182 -0.0009178789443251256 0
3692 0.001279796584670696 -0.0008829098704787157 0
3693 0.00124312107578861 -0.0008619457039512402 0
3694 0.001277239403390531 -0.0008398054213373033 0
3695 0.001237818760206446 -0.0008234510483458117 0
3696 0.001271926300403414 -0.0007922925853843311 0
3697 0.001310462599892237 -0.0008184616241503866 0
3698 0.001313244987394279 -0.0008585756416858127 0
3699 0.001296691329901819 -0.0009146245159176782 0
3700 0.001213331826168181 -0.0008878665842644027 0
3701 0.001308713016831435 -0.0007862533926699336 0
3702 0.001233225052135704 -0.0007925818060203347 0
3703 0.001377247902308256 -0.0006816949601407257 0
3704 0.001511203066920988 -0.0007211252319135406 0
3705 0.001466203924561987 -0.0006102101565057361 0
3706 0.001416225456641309 -0.0007428758453361492 0
3707 0.001520564863255526 -0.0006665637867223428 0
3708 0.001392343265278126 -0.000625233582422126 0
3709 0.001469939654183255 -0.0007611253890235735 0
3710 0.001520332355037267 -0.0006344799859536509 0
3711 0.001485728060639907 -0.0006480670276521937 0
3712 0.001489196315881952 -0.0006892653722433737 0
3713 0.001453746274892735 -0.0006756617419602782 0
3714 0.001462256844595028 -0.000725731467112621 0
3715 0.00141879622416125 -0.0007003880974355949 0
3716 0.001384598249402765 -0.000720439709232976 0
3717 0.001413652555042916 -0.0006571725716798251 0
3718 0.001429107130314916 -0.000622169207935601 0
3719 0.001532313953275386 -0.0006966636099236487 0
3720 0.001440476395566468 -0.0007654979679020291 0
3721 0.001374566795616381 -0.0006493167169136063 0
3722 0.001495569113875959 -0.0007497459507116915 0
3723 0.001499333267560159 -0.0006121361685978053 0
3724 0.001408341761019298 -0.0006030487514759194 0
3725 0.001438051135667824 -0.0005943475136340507 0
3726 0.001451235427897274 -0.0006428630176478734 0
3727 0.001333030043573996 -0.0004289792545141871 0
3728 0.001468237072824099 -0.0004996538273466444 0
3729 0.001447696906802413 -0.0003955050656870436 0
3730 0.001369206643051877 -0.000522578572188629 0
3731 0.001331077801409536 -0.0004869336571138404 0
3732 0.001369206640921859 -0.0003891281237456963 0
3733 0.001425612234222191 -0.0005301845414693951 0
3734 0.001475835708914995 -0.0004416951432204008 0
3735 0.001483075559672454 -0.000472763008898763 0
3736 0.001476139506565968 -0.0004092683405334205 0
3737 0.001396566842910059 -0.0005346226599403992 0
3738 0.001454557880449744 -0.0005255278496183209 0
3739 0.001338820295569592 -0.0003980328176726714 0
3740 0.001338851029815794 -0.0005136463220764115 0
3741 0.001394346857287293 -0.0003698672982054074 0
3742 0.001407436832844675 -0.0004048322765828025 0
3743 0.001370753519650377 -0.0004258187950285042 0
3744 0.001404902520220066 -0.0004479200432174373 0
3745 0.001362997904594209 -0.0004629009329861915 0
3746 0.001399276665298618 -0.0004952588817134911 0
3747 0.001438159175534464 -0.0004692164537356334 0
3748 0.001440888397543467 -0.000429148030140114 0
3749 0.001424338742739376 -0.0003731213088863244 0
3750 0.001322531799385507 -0.000458080495360285 0
3751 0.00143632202231053 -0.0005014419135857587 0
3752 0.001360600080808232 -0.0004954755355559326 0
3753 0.001298733003804102 8.877931885796663e-05 0
3754 0.001432696189619789 4.936004286990845e-05 0
3755 0.001387697793601756 0.0001602663977998359 0
3756 0.001337714589274501 2.760141834505034e-05 0
3757 0.001442057987584813 0.000103921488643629 0
3758 0.001313835351926498 0.0001452416863155132 0
3759 0.001391433415671694 9.359618795528032e-06 0
3760 0.001441825478995097 0.0001360052887410433 0
3761 0.001407218309060142 0.0001224148661204495 0
3762 0.001410688855971525 8.122000368548995e-05 0
3763 0.001375232089198487 9.481285752656782e-05 0
3764 0.00138374558727058 4.474875268697098e-05 0
3765 0.001340276829150375 7.008158934176244e-05 0
3766 0.001306087839384225 5.002546446535728e-05 0
3767 0.001335142880982252 0.0001132993305193764 0
3768 0.001350601307719144 0.0001483029982693232 0
3769 0.001453807076734075 7.382166469967209e-05 0
3770 0.001361969116631755 4.986612379272734e-06 0
3771 0.001417061701857136 2.073856346305488e-05 0
3772 0.001296057548288162 0.0001211616839944521 0
3773 0.001420826282347768 0.0001583484753278766 0
3774 0.001329841558925061 0.0001674234686801858 0
3775 0.001359545832720694 0.0001761251078294927 0
3776 0.001372727298979101 0.0001276099106179169 0
3777 0.001254020653733763 0.000315630754991979 0
3778 0.001387977249630364 0.000355032825991128 0
3779 0.001342994500127619 0.0002441342856720423 0
3780 0.001293011990733556 0.000376796694632419 0
3781 0.001397336284744058 0.0003004747196772586 0
3782 0.001269137494603204 0.0002591427896591545 0
3783 0.001346724324345753 0.0003950334300322498 0
3784 0.001397103713087798 0.0002683953563691329 0
3785 0.001362506477986258 0.0002819832885653689 0
3786 0.001365970869615605 0.0003231760066819685 0
3787 0.001330526582565018 0.0003095795137625263 0
3788 0.001339037060359042 0.0003596432864111948 0
3789 0.00129557533810814 0.0003343071083502019 0
3790 0.001261379608008214 0.0003543705452278842 0
3791 0.001290438244763164 0.0002910980946118447 0
3792 0.001305901057240637 0.0002560928937599599 0
3793 0.001409081655506167 0.0003305713395882752 0
3794 0.001317266419084903 0.0003994135602192619 0
3795 0.001251345924356987 0.0002832385854721598 0
3796 0.001372348309659152 0.0003836508280060201 0
3797 0.001376111912519186 0.0002460528482895689 0
3798 0.001285148291758974 0.0002369703234659451 0
3799 0.001314845671713164 0.0002282716938113762 0
3800 0.001328023300917283 0.0002767882654085973 0
3801 0.001082207931450366 0.0001366151844573528 0
3802 0.001217357716305556 0.0002072647506013697 0
3803 0.001196827488221067 0.0001031142209294875 0
3804 0.001118344725467096 0.0002302041160697222 0
3805 0.001080208569389583 0.0001945599834869876 0
3806 0.001118344723106812 9.671793021753061e-05 0
3807 0.001174738053260453 0.0002377909216543276 0
3808 0.001224958903778445 0.000149303814044348 0
3809 0.001232190733499774 0.0001803735724556571 0
3810 0.001073035817821295 0.0001665190105444326 0
3811 0.001225262984711153 0.0001168813023431814 0
3812 0.001145691307696216 0.0002422325986624475 0
3813 0.001203687651857657 0.0002331295931361203 0
3814 0.00108798959559085 0.0001056387452720893 0
3815 0.001087989597561585 0.0002212833020667193 0
3816 0.001143489468980714 7.746933537305052e-05 0
3817 0.001156569207863761 0.00011243020761738 0
3818 0.001119891827541708 0.0001333852974304903 0
3819 0.001154008231585421 0.0001555150124958087 0
3820 0.001114600557903788 0.0001718615197325787 0
3821 0.001148709894280238 0.0002030409641820988 0
3822 0.001187248042877303 0.0001768510817758844 0
3823 0.001190010201851824 0.0001367614835111377 0
3824 0.001173476265819726 8.072995546044848e-05 0
3825 0.001185477131207702 0.0002090756496610956 0
3826 0.001110044595564581 0.0002027573056953324 0
3827 0.001126364170618755 -6.039747307767051e-05 0
3828 0.001260329026131032 -2.100672228408552e-05 0
3829 0.001215347035458739 -0.0001318962902545278 0
3830 0.001165359661244732 7.653934228524527e-07 0
3831 0.001269688058118942 -7.556482942684579e-05 0
3832 0.001141488194676638 -0.0001168864593501131 0
3833 0.001219076759072243 1.899415511700628e-05 0
3834 0.001269455486464288 -0.0001076441928476622 0
3835 0.001234855290301352 -9.405278054467898e-05 0
3836 0.00123832204006565 -5.286364410454585e-05 0
3837 0.001202870829905798 -6.644904857392689e-05 0
3838 0.001211384326738041 -1.639105968032037e-05 0
3839 0.001167914227062857 -4.171639733130214e-05 0
3840 0.001133727755673882 -2.164831003080628e-05 0
3841 0.001162787136813772 -8.492769013426043e-05 0
3842 0.001178253908564313 -0.0001199332044995677 0
3843 0.001281433429277775 -4.546821028526523e-05 0
3844 0.001189617784425222 2.337472664864213e-05 0
3845 0.001244699536732907 7.612060334824032e-06 0
3846 0.001123695254398888 -9.279388343289946e-05 0
3847 0.001248463570353037 -0.0001299860522190744 0
3848 0.001157506921456226 -0.000139055785771318 0
3849 0.001187199052034413 -0.0001477548354105181 0
3850 0.001200373782481196 -9.923857579249567e-05 0
3851 0.001344036236507152 -0.0001619155266752325 0
3852 0.001479187717809455 -9.132552107080225e-05 0
3853 0.001458648338555035 -0.0001954536399228626 0
3854 0.001380158079056473 -6.838013318355744e-05 0
3855 0.001342015550751268 -0.0001039825313614213 0
3856 0.001380158072484215 -0.0002018305813729684 0
3857 0.001436556888953134 -6.079559830998294e-05 0
3858 0.001486787140855303 -0.0001492635623772501 0
3859 0.001494031364357313 -0.000118209266047105 0
3860 0.001349802458473717 -0.0001928983299387916 0
3861 0.001349771732614964 -7.728482447826433e-05 0
3862 0.001407516010104822 -5.635615004760546e-05 0
3863 0.001334864657407208 -0.0001319994524247881 0
3864 0.001487090938499063 -0.0001816903651732204 0
3865 0.001465509316837201 -6.543085721531028e-05 0
3866 0.001405298288734661 -0.0002210914072237388 0
3867 0.001418381841911103 -0.0001861454173545247 0
3868 0.001381717947354037 -0.0001651641495550956 0
3869 0.001415846786406079 -0.0001430773641165565 0
3870 0.001376432009007363 -0.0001266708044908249 0
3871 0.001410530550793391 -9.555088558691138e-05 0
3872 0.001449142000668751 -0.0001218165953443871 0
3873 0.001451828988598107 -0.0001618389236747818 0
3874 0.001435289518944332 -0.0002178393343241685 0
3875 0.001447274277467567 -8.954588939509681e-05 0
3876 0.001371825331802541 -9.579528563937703e-05 0
3877 0.001515839213377745 1.508113493450726e-05 0
3878 0.001649802725486467 -2.433769481215353e-05 0
3879 0.001604804355085112 8.656830759744177e-05 0
3880 0.001554820961940343 -4.609664379911942e-05 0
3881 0.001659164521821005 3.022375037904413e-05 0
3882 0.001530941842543412 7.154354206826311e-05 0
3883 0.001608539976271764 -6.433812956142181e-05 0
3884 0.001658932013602746 6.230755114773593e-05 0
3885 0.001624324725860288 4.871699165378388e-05 0
3886 0.001627795365529435 7.522269337765171e-06 0
3887 0.001592338326518778 2.111468754758184e-05 0
3888 0.001600851944502621 -2.894918961289157e-05 0
3889 0.001557382856481156 -3.616779576692287e-06 0
3890 0.001523194231129031 -2.367308765294622e-05 0
3891 0.00155224930093834 3.960105079142567e-05 0
3892 0.00156770788243024 7.460473103653464e-05 0
3893 0.001670913611840864 1.23927177738271e-07 0
3894 0.001579075635118968 -6.871115304164865e-05 0
3895 0.001634168215993601 -5.295920464471767e-05 0
3896 0.001513163985888613 4.746366633432297e-05 0
3897 0.001637932810476561 8.465071300620453e-05 0
3898 0.001546948360690614 9.372520127774884e-05 0
3899 0.001576652427180606 0.0001024268574217336 0
3900 0.001589833780951933 5.391167312215783e-05 0
3901 0.00147168446491714 0.0002141240171352727 0
3902 0.001606834959992829 0.0002847377800738434 0
3903 0.001586296565367892 0.0001805859091934747 0
3904 0.001507806299487337 0.0003076594133556904 0
3905 0.001469661992701448 0.0002720557472381865 0
3906 0.001507806301617355 0.0001742089649127577 0
3907 0.001564207047393429 0.0003152646265266372 0
3908 0.001614435367480474 0.0002267759867268315 0
3909 0.001621672634218063 0.000257845847805395 0
3910 0.001477419954135071 0.0002987547194287154 0
3911 0.001614739165131446 0.0001943491840398518 0
3912 0.00153515857947386 0.0003197008818200202 0
3913 0.001477450688381273 0.0001831412150249752 0
3914 0.001593157539015222 0.0003106086931247515 0
3915 0.001462510311047003 0.0002440385854506942 0
3916 0.001532946519375307 0.0001549481412370693 0
3917 0.001546038670672715 0.0001899079244973167 0
3918 0.001509367837568492 0.0002108789691209541 0
3919 0.00154349037696043 0.0002329977320939726 0
3920 0.001504072101150107 0.0002493730922340336 0
3921 0.001538176025532197 0.0002805160670946404 0
3922 0.001576742517357601 0.0002543081558227059 0
3923 0.001579486551462486 0.0002142309963396001 0
3924 0.00156293862551553 0.0001582016222477174 0
3925 0.00157494546882427 0.0002865415281442551 0
3926 0.001499473183447889 0.0002802448650554802 0
3927 0.001070889380234689 0.00078937291772006 0
3928 0.001206096472639687 0.0007186998942442951 0
3929 0.00118555624580653 0.0008228471043825262 0
3930 0.001107065975847766 0.0006957735982508565 0
3931 0.001068937253439701 0.0007314184307632946 0
3932 0.001107065980252054 0.0008292240467149776 0
3933 0.001163471443819698 0.0006881689803311069 0
3934 0.001213695044307673 0.0007766570260965612 0
3935 0.001220935350529752 0.0007455901776390662 0
3936 0.001213998843019274 0.000809083828955506 0
3937 0.001134426549490707 0.0006837306542445354 0
3938 0.001192417213945339 0.0006928243188698446 0
3939 0.001076679633779112 0.0008203193547557028 0
3940 0.001076710362565798 0.0007047058493033756 0
3941 0.001132206197239588 0.0008484848710707342 0
3942 0.001145295613246873 0.0008135207950305987 0
3943 0.00110861274846777 0.0007925336098313995 0
3944 0.001142762168973788 0.0007704344508966632 0
3945 0.001100857683552911 0.0007554518085469978 0
3946 0.001137136171176537 0.0007230951158236196 0
3947 0.00117602163866022 0.0007491412861237098 0
3948 0.00117874713052837 0.0007892061250444793 0
3949 0.001162198025142961 0.000845230951850841 0
3950 0.00106039124678893 0.0007602717745065488 0
3951 0.001174179854792584 0.000716913387853356 0
3952 0.001098459476550003 0.0007228768281888682 0
3953 0.001025648079660814 0.0009883794925681334 0
3954 0.001159614306353224 0.00102776836344406 0
3955 0.001114632448183979 0.0009168802907421023 0
3956 0.001064644257411814 0.001049541849712322 0
3957 0.001168973341466918 0.0009732102571301907 0
3958 0.00104077330244301 0.0009318903384857742 0
3959 0.001118362146854255 0.001067769287770292 0
3960 0.001168740769810658 0.0009411308938220651 0
3961 0.001134140081528868 0.000954722885414709 0
3962 0.001137607223893231 0.0009959114236356742 0
3963 0.001102154861817872 0.0009823278667702214 0
3964 0.001110668857332601 0.001032384892557476 0
3965 0.001067197365523515 0.001007061358416048 0
3966 0.001033012431698658 0.001027130214099437 0
3967 0.001062071942160712 0.0009638496857380338 0
3968 0.001077539374409262 0.0009288441206763961 0
3969 0.001180718712229028 0.001003306877041207 0
3970 0.001088902992467058 0.001072149931002339 0
3971 0.001143984724387204 0.001056387278170161 0
3972 0.001022980133279012 0.0009559823759591253 0
3973 0.001147748835868101 0.0009187891420426643 0
3974 0.001056793350859848 0.0009097215367333538 0
3975 0.00108648460767764 0.0009010224190590339 0
3976 0.001099658852548236 0.0009495386265404294 0
3977 0.0008538449881732266 0.0008093507219102848 0
3978 0.0009889941754028975 0.0008800147719534605 0
3979 0.0009684645449439274 0.0007758497583824196 0
3980 0.000889981782189956 0.0009029396535226547 0
3981 0.0008518445454498091 0.0008672947552377811 0
3982 0.0008899817798296723 0.0007694534676704628 0
3983 0.0009463762756493773 0.0009105390713831512 0
3984 0.0009965959605013053 0.0008220393514972802 0
3985 0.001003823552897154 0.0008531186073091045 0
3986 0.0009969000414340133 0.0007896168397961137 0
3987 0.0008446713140733384 0.000839253637790833 0
3988 0.0009753247085805174 0.0009058651305890526 0
3989 0.0009173249007716189 0.0009149788122035271 0
3990 0.0008596266542844457 0.0008940188395196515 0
3991 0.0009151265257035747 0.0007502048728259827 0
3992 0.000928211526624424 0.0007851741763634405 0
3993 0.0008915299034581575 0.0008061230215064367 0
3994 0.0009256424846599678 0.0008282722714255809 0
3995 0.0008862326699078124 0.0008445997360523201 0
3996 0.0009203452767048466 0.0008757932245375717 0
3997 0.0009588560359473162 0.0008496386171332645 0
3998 0.0009616529958889622 0.000809515580865155 0
3999 0.0009451138594852198 0.0007534663532494141 0
4000 0.000861754226991586 0.0007801936801881079 0
4001 0.0009571281819083399 0.0008818403556897729 0
4002 0.0008816814272657887 0.0008754932150488952 0
4003 0.0008985741414530422 0.0005844820804505513 0
4004 0.001033724973741263 0.0006551063722377999 0
4005 0.001013193699398566 0.0005509811149187249 0
4006 0.0009347109382376117 0.0006780710109851832 0
4007 0.0008965766712672293 0.0006424282200969718 0
4008 0.0009347109317021735 0.0005445848251368607 0
4009 0.0009911022123219163 0.0006856358152330541 0
4010 0.001041325114841802 0.0005971707080260865 0
4011 0.00104856434629875 0.0006282239011293402 0
4012 0.0008894047581496967 0.0006143875004615084 0
4013 0.0009043558046392195 0.0005535056412168189 0
4014 0.0009620635441592376 0.000690080882211991 0
4015 0.001041629195778897 0.0005647481963912117 0
4016 0.0009043558100960302 0.0006691501978168986 0
4017 0.001020053863022555 0.0006809964870108172 0
4018 0.0009598556768026313 0.0005253362295518445 0
4019 0.0009729262633796383 0.0005602824165316328 0
4020 0.0009362562673485711 0.0005812483870508789 0
4021 0.0009703793718830099 0.0006033440561280218 0
4022 0.0009309754090372053 0.0006197237632158041 0
4023 0.0009650790312766824 0.0006508786922508828 0
4024 0.001003665020015377 0.0006246272911777518 0
4025 0.001006366469156892 0.0005845960408093281 0
4026 0.0009898415409972897 0.0005285953509563087 0
4027 0.001001818907311217 0.0006568916253555836 0
4028 0.0009264112002866346 0.0006506235573647823 0
4029 0.001115094051935312 0.0005366391368218938 0
4030 0.001249062401130763 0.0004972269369528483 0
4031 0.001204064483612406 0.0006081276794939149 0
4032 0.001154078230604481 0.0004754631563738183 0
4033 0.001258424198949769 0.0005517883825480822 0
4034 0.001130200894968076 0.0005931021415404771 0
4035 0.001207800036082806 0.0004572263415795124 0
4036 0.001258191690372688 0.0005838721823887066 0
4037 0.001223582669915967 0.0005702795838561247 0
4038 0.001227054690623585 0.0005290869622726702 0
4039 0.001191593595772026 0.0005426728806222687 0
4040 0.001200108979046523 0.0004926123930178656 0
4041 0.001156634983976049 0.0005179384502490525 0
4042 0.001122451775159848 0.000497879421924978 0
4043 0.001151507291454388 0.0005611576182194369 0
4044 0.001166968196681883 0.0005961614815514583 0
4045 0.001270173287891089 0.0005216885587763229 0
4046 0.001178335067272302 0.0004528530603910777 0
4047 0.001233427569110391 0.0004686049684450893 0
4048 0.001112422233425902 0.0005690241549143192 0
4049 0.001237192422648991 0.0006062149634807057 0
4050 0.001146212064851947 0.0006152819611756688 0
4051 0.001175913055338568 0.0006239838584175686 0
4052 0.001189092704161743 0.0005754688581193582 0
4053 0.001287484617596595 0.0006878281144135933 0
4054 0.001421439782209327 0.0006483978426407783 0
4055 0.001376440639850325 0.0007593129180485827 0
4056 0.001326462171929647 0.0006266472292181698 0
4057 0.001430801578543865 0.0007029592878319762 0
4058 0.001302579980566464 0.0007442894921321929 0
4059 0.001380176369471594 0.0006083976855307454 0
4060 0.001430569070325606 0.000735043088600668 0
4061 0.001395964775928245 0.0007214560469021253 0
4062 0.001399433031170291 0.0006802577023109452 0
4063 0.001363982990181074 0.0006938613325940408 0
4064 0.001372493559883366 0.000643791607441698 0
4065 0.001329032939449589 0.0006691349771187241 0
4066 0.001294834964691104 0.000649083365321343 0
4067 0.001323889270331255 0.0007123505028744937 0
4068 0.001339343845603254 0.0007473538666187179 0
4069 0.001442550668563724 0.0006728594646306701 0
4070 0.001350713110854806 0.0006040251066522898 0
4071 0.00128480351090472 0.0007202063576407127 0
4072 0.001405805829164297 0.0006197771238426275 0
4073 0.001409569982848498 0.0007573869059565137 0
4074 0.001318578476307636 0.0007664743230783996 0
4075 0.001348287850956163 0.0007751755609202683 0
4076 0.001361472143185612 0.0007266600569064456 0
4077 0.00124332152164 0.0008868595545882049 0
4078 0.001378472019535396 0.0009574732491768528 0
4079 0.001357933622090751 0.0008533214466464066 0
4080 0.001279443356210197 0.0009803949508086225 0
4081 0.001241299054543564 0.0009447912883216356 0
4082 0.001279443358340215 0.0008469445023656899 0
4083 0.001335844098569414 0.0009880001044716583 0
4084 0.001386072424203334 0.0008995115241797635 0
4085 0.001393309710943058 0.0009305813404572855 0
4086 0.001249057010857931 0.0009714902568816476 0
4087 0.001386376221854306 0.0008670847214927837 0
4088 0.001306795652486496 0.0009924363689303105 0
4089 0.001249087745104133 0.0008558767524779073 0
4090 0.001364794595738082 0.0009833442305776836 0
4091 0.001234147375160221 0.0009167741272240192 0
4092 0.001304583576098167 0.0008276836786900014 0
4093 0.001317675702598833 0.0008626434222127232 0
4094 0.001281004889491001 0.000883614496273289 0
4095 0.001315127446955998 0.0009057331671651586 0
4096 0.001275709181253096 0.0009221086171245057 0
4097 0.001309813090154678 0.0009532515256622425 0
4098 0.001348379711275703 0.0009270434480182692 0
4099 0.001351123581206149 0.0008869664463159416 0
4100 0.001334575679708111 0.0008309371556457999 0
4101 0.001346582459479509 0.0009592769278840504 0
4102 0.001271110241239503 0.000952980400755951 0
4103 0.0005368082614905179 0.001204113245767971 0
4104 0.0006719582125918971 0.001274740260582655 0
4105 0.0006514203613382651 0.001170575134772076 0
4106 0.0005729301013645998 0.001297648640539225 0
4107 0.0005347847998149669 0.001262044273184653 0
4108 0.0005729300969603121 0.001164198192075104 0
4109 0.0006293319209916267 0.001305265393123035 0
4110 0.0006795591640628729 0.001216765212336595 0
4111 0.0006867925545042788 0.001247843762986858 0
4112 0.0006798629616819773 0.001184338409314306 0
4113 0.0005425437548916573 0.00128874394857995 0
4114 0.0006582813396290479 0.001300597917894696 0
4115 0.0006002792188862109 0.001309699874117262 0
4116 0.0005276326766560732 0.001234026977792663 0
4117 0.0005425744836783432 0.001173130443127623 0
4118 0.0005980703143507563 0.001144937367389612 0
4119 0.0006111672804317644 0.001179904861602937 0
4120 0.0005744925666007373 0.001200870195780666 0
4121 0.0006086116072315403 0.001223006822091903 0
4122 0.0005691913672790942 0.001239364759917406 0
4123 0.0006032982941252736 0.001270520593943653 0
4124 0.0006418397198823209 0.001244344951828592 0
4125 0.0006446155923814793 0.001204237194743719 0
4126 0.0006280629121331659 0.00114819163465872 0
4127 0.0006400820777507414 0.001276557456285813 0
4128 0.0005645967759450173 0.001270234433624363 0
4129 0.0004915135747062562 0.001456802203086359 0
4130 0.0006254784274657699 0.001496192957268307 0
4131 0.000580496442064246 0.001385303391178655 0
4132 0.0005305090618872603 0.001517965071288261 0
4133 0.0006348374625794641 0.001441634850954438 0
4134 0.0005066376017907953 0.001400313218790991 0
4135 0.0005842261588286693 0.001536193835936836 0
4136 0.0006346048909232038 0.001409555487646312 0
4137 0.0006000046951703143 0.001423146900072336 0
4138 0.0006034714452609199 0.001464336034657941 0
4139 0.0005680202351398737 0.001450750632178693 0
4140 0.0005765337287601901 0.001500808620467904 0
4141 0.0005330636306338059 0.001475483282337729 0
4142 0.0004988771567348173 0.001495551364986189 0
4143 0.0005279365424599284 0.001432271989180244 0
4144 0.0005434033156316489 0.001397266476123344 0
4145 0.0006465828333415734 0.001471731470865454 0
4146 0.0005547671825373195 0.001540574405927178 0
4147 0.0006098489370964516 0.001524811741769904 0
4148 0.0004888446606625188 0.001424405792341955 0
4149 0.0006136129759985881 0.001387213627966333 0
4150 0.0005226563303262042 0.001378143894193131 0
4151 0.0005523484606844889 0.001369444846142002 0
4152 0.0005655231882334512 0.001417961105427343 0
4153 0.0003191430060537756 0.001305621963465587 0
4154 0.0004531010495832923 0.001345022052515904 0
4155 0.000408118430135866 0.001234125081067494 0
4156 0.0003581350715873416 0.001366787364677716 0
4157 0.0004624600816138507 0.001290463945321527 0
4158 0.000334261103353462 0.001249133818527944 0
4159 0.0004118482406118045 0.001385022703182156 0
4160 0.000462227509960173 0.001258384581832154 0
4161 0.0004276297565705201 0.001271973123049072 0
4162 0.0004310945603588458 0.001313165215878765 0
4163 0.0003956490619230445 0.001299570661774647 0
4164 0.0004041600701522385 0.001349633422498371 0
4165 0.0003606968805620303 0.001324299141389531 0
4166 0.0003265027722467498 0.001344363394800419 0
4167 0.0003555615371874495 0.001281089729302686 0
4168 0.000371025042445049 0.001246084472989152 0
4169 0.0004742054528301394 0.001320560564512604 0
4170 0.0003823901487345722 0.001389402911547751 0
4171 0.0003164692932160137 0.00127322905202161 0
4172 0.0004374720141512063 0.001373640189564795 0
4173 0.0004412356890981345 0.001236042187159467 0
4174 0.000350273287882443 0.001226961900695686 0
4175 0.0003799697495858476 0.001218263197374153 0
4176 0.0003931468714386957 0.001266779714430857 0
4177 0.0003638721605437791 0.00108075332143255 0
4178 0.0004978302039664384 0.001120153408993094 0
4179 0.0004528475828293978 0.001009256437025887 0
4180 0.0004028642271924625 0.00114191872191676 0
4181 0.0005071892359543482 0.001065595301850333 0
4182 0.0003789902558789403 0.00102426517599892 0
4183 0.0004565773952538216 0.001160154059850412 0
4184 0.0005069566642996935 0.001033515938429517 0
4185 0.0004723589106485415 0.001047104479423079 0
4186 0.000475823714758978 0.001088296572404864 0
4187 0.0004403782162539918 0.001074702017951702 0
4188 0.0004488892249169565 0.001124764779060046 0
4189 0.0004054260354794956 0.00109943049805686 0
4190 0.0003712319276335091 0.001119494752508544 0
4191 0.0004002906907767734 0.001056221085992802 0
4192 0.0004157541948529848 0.001021215829243535 0
4193 0.0005189346071131808 0.001095691920991914 0
4194 0.000427119304139116 0.00116453426849101 0
4195 0.0003611984465511156 0.001048360410275236 0
4196 0.0004822011686668391 0.001148771546029062 0
4197 0.0004859648425265847 0.001011173544108803 0
4198 0.0003950024390184209 0.001002093257629003 0
4199 0.0004246989006366291 0.000993394553177539 0
4200 0.0004378760248974622 0.001041911070337518 0
4201 0.0005815374143425574 0.0009792446046019468 0
4202 0.0007166881017015888 0.00104985380756342 0
4203 0.000696149516390441 0.0009457064913543165 0
4204 0.0006176592568918789 0.001072779998093622 0
4205 0.0005795152882976757 0.001037176577711332 0
4206 0.0006176592503196208 0.0009393295499042107 0
4207 0.0006740596346210959 0.001080381243622639 0
4208 0.0007242883186907089 0.000991896568899929 0
4209 0.0007315269197531845 0.001022963445031781 0
4210 0.0005872729104503698 0.001063875306798915 0
4211 0.0006450126230110382 0.001084818111569723 0
4212 0.0005873036363091223 0.0009482618013383877 0
4213 0.0007245921163344682 0.0009594697661039587 0
4214 0.0007030104946726065 0.001075729274061869 0
4215 0.0005723637559483195 0.001009159462370841 0
4216 0.0006427994665700661 0.0009200687240534404 0
4217 0.0006558899696199469 0.000955025860913581 0
4218 0.0006192204689676473 0.0009759988693779202 0
4219 0.0006533442159360031 0.000998111495957068 0
4220 0.0006139266133962091 0.00101449284291041 0
4221 0.0006480295076213192 0.001045631395319658 0
4222 0.0006866046153706869 0.001019412397187693 0
4223 0.0006893377076690217 0.0009793457513555337 0
4224 0.0006727914059504963 0.0009233219344010644 0
4225 0.000684794020985205 0.001051652933899177 0
4226 0.0006093262093953941 0.001045365334914922 0
4227 0.0007539147960355545 0.001130415506952358 0
4228 0.0008890653382193567 0.001201028150188839 0
4229 0.0008685268976580088 0.001096877397006902 0
4230 0.0007900366333700549 0.001223950902094949 0
4231 0.0007518924092809164 0.001188347296347099 0
4232 0.0007900366313256428 0.001090500453655931 0
4233 0.0008464372891284003 0.001231555141456221 0
4234 0.000896665699656411 0.001143067474532803 0
4235 0.0009039032934105871 0.001174136602988568 0
4236 0.0007596502877845112 0.001215046209000719 0
4237 0.0008969694973117709 0.001110640671912129 0
4238 0.0008173891790785431 0.001235991546974423 0
4239 0.0007596810185442875 0.001099432704793904 0
4240 0.0008753878712927494 0.001226900180823714 0
4241 0.0007447407639252615 0.001160330146066722 0
4242 0.0008151768483104094 0.001071239629240653 0
4243 0.0008282685960000995 0.001106198762855468 0
4244 0.0007915980900302218 0.001127170289360991 0
4245 0.0008257209256566253 0.00114928754620764 0
4246 0.0007863028154979833 0.001165664375622156 0
4247 0.0008204064872556971 0.001196806265527731 0
4248 0.000858975092896875 0.001170595633191196 0
4249 0.0008617164421300918 0.001130521053838831 0
4250 0.000845168914530304 0.001074493043774429 0
4251 0.0008571747205119844 0.00120283076427056 0
4252 0.0007817035340341271 0.001196536325325953 0
4253 0.0007091308799748798 0.001408968413864379 0
4254 0.000844338239848103 0.001338301659870364 0
4255 0.0008237977432032971 0.001442442602691522 0
4256 0.0007453074794527612 0.001315369096189937 0
4257 0.0007071792328025711 0.001351013589473901 0
4258 0.0007453074773227425 0.00144881954463287 0
4259 0.000801712445839332 0.001307769938515643 0
4260 0.0008519365453158798 0.001396252525158165 0
4261 0.0008591786933083559 0.001365189783035266 0
4262 0.0007149211319704763 0.001439914850705895 0
4263 0.0007726695578703595 0.001303330771291057 0
4264 0.0008522403429668521 0.001428679327845146 0
4265 0.0008306587168506283 0.001312419818760245 0
4266 0.0007149518662166786 0.001324301346302154 0
4267 0.0007000129130319936 0.001379058090261061 0
4268 0.0007704476936881767 0.001468080370173159 0
4269 0.0007835348610206862 0.00143311993179774 0
4270 0.0007468538099368129 0.001412130055052281 0
4271 0.0007810049285372835 0.001390039327020659 0
4272 0.0007415991664906836 0.001373668405229677 0
4273 0.0007756906397964396 0.001342525338774899 0
4274 0.0008142757619573502 0.001368759260692731 0
4275 0.0008169861955190305 0.001408809633232246 0
4276 0.0008004392925867015 0.001464826822757749 0
4277 0.0008124380592921791 0.001336508943471931 0
4278 0.0007370096122710299 0.001342793627247167 0
4279 -0.0001600340357541524 0.001396397170109785 0
4280 -2.482750630562894e-05 0.001325710814292048 0
4281 -4.53671701823104e-05 0.001429871356772252 0
4282 -0.0001238574401410747 0.001302797850640582 0
4283 -0.0001619871760962098 0.001338443401313523 0
4284 -0.0001238574357367867 0.001436248299104703 0
4285 -6.74509112982963e-05 0.001295181616343836 0
4286 -1.722837168116805e-05 0.001383681278486286 0
4287 -9.991980686073113e-06 0.001352605692044211 0
4288 -1.692457296956645e-05 0.001416108081345231 0
4289 -9.650007445766008e-05 0.001290745075806816 0
4290 -3.850620204350161e-05 0.00129984857125957 0
4291 -0.0001542130534230437 0.001311730101693101 0
4292 -0.0001542437822097294 0.001427343607145428 0
4293 -9.871721874925285e-05 0.00145550912346046 0
4294 -8.562300793698053e-05 0.001420537299773946 0
4295 -0.0001223097342856408 0.001399555844732355 0
4296 -8.816391871166858e-05 0.001377438737729521 0
4297 -0.0001300695364354593 0.001362471153459515 0
4298 -9.378871717443825e-05 0.00133010367307481 0
4299 -5.492862096103288e-05 0.001356117704963348 0
4300 -5.217108866862764e-05 0.001396213323008326 0
4301 -6.872490158006523e-05 0.001452254413664405 0
4302 -0.0001705331327092305 0.001367295189032933 0
4303 -5.6730674570042e-05 0.001323910751250164 0
4304 -0.0001324644727144563 0.001329899420458053 0
4305 -0.0002052745879045701 0.001595402719056131 0
4306 -7.13091096356169e-05 0.001634792615833785 0
4307 -0.0001162910371152615 0.001523903729634633 0
4308 -0.000166278786327712 0.001656565354588226 0
4309 -6.195007452192256e-05 0.001580234509519916 0
4310 -0.0001901500164527691 0.001538913657470196 0
4311 -0.0001125613285809775 0.001674793515290278 0
4312 -6.218264617818276e-05 0.00154815514621179 0
4313 -9.6783066168604e-05 0.001561746822312452 0
4314 -9.331613748173669e-05 0.001602935685394001 0
4315 -0.0001287678720535047 0.001589351123159761 0
4316 -0.0001202541499383509 0.001639408673251079 0
4317 -0.0001637248825675556 0.001614084156413204 0
4318 -0.0001979106553128826 0.001634152591001279 0
4319 -0.000168851212802739 0.001570872690479733 0
4320 -0.0001533841395743524 0.001535867153748588 0
4321 -5.020470375981324e-05 0.001610331129430932 0
4322 -0.0001420203859582257 0.001679174118623235 0
4323 -8.693864170570851e-05 0.001663411459621905 0
4324 -0.0002079430614014474 0.001563005986957839 0
4325 -8.317456976146423e-05 0.00152581333565536 0
4326 -0.000174130687019737 0.001516744570904705 0
4327 -0.0001444389543571224 0.001508045491156364 0
4328 -0.0001312644465622396 0.001556561726851143 0
4329 -0.000377636819088375 0.001444211053581204 0
4330 -0.0002436864875180943 0.001483621711081382 0
4331 -0.0002886698199808581 0.001372716358301131 0
4332 -0.0003386486299684106 0.00150537932373513 0
4333 -0.0002343274554875359 0.001429063603887005 0
4334 -0.0003625254343718378 0.001387723858585631 0
4335 -0.0002849399107735674 0.001523622104938875 0
4336 -0.0002345600271412137 0.001396984240397632 0
4337 -0.0002691550143485841 0.001410569531517475 0
4338 -0.0002656924146854752 0.001451764970860896 0
4339 -0.0003011314466512906 0.001438160059566512 0
4340 -0.0002926232547310006 0.00148822822298641 0
4341 -0.0003360786207935629 0.001462883819117846 0
4342 -0.0003702813755804505 0.001482943733222339 0
4343 -0.000341223309351396 0.001419676534284454 0
4344 -0.00032576350324093 0.001384671569158508 0
4345 -0.0002225820842712471 0.001459160223078082 0
4346 -0.0003143970013676581 0.001528001902974835 0
4347 -0.0003803159635058001 0.001411822102478815 0
4348 -0.0002593150089595858 0.001512239117432245 0
4349 -0.0002555517411120117 0.001374641240173669 0
4350 -0.0003465206569719357 0.001365549007149386 0
4351 -0.0003168192922165141 0.001356850694594165 0
4352 -0.0003036394590290443 0.001405367504605385 0
4353 -0.0003323492745357991 0.001191506332840277 0
4354 -0.0001971990212411584 0.001262144593993596 0
4355 -0.0002177297165902753 0.00115800536730845 0
4356 -0.0002962124777512294 0.001285095263374908 0
4357 -0.00033434779021766 0.001249451730684726 0
4358 -0.0002962124842866676 0.001151609077526586 0
4359 -0.0002398200663726252 0.001292672227588626 0
4360 -0.0001895983011470386 0.001204194960415812 0
4361 -0.0001823631623644384 0.001235257309036799 0
4362 -0.000341520167579145 0.001221410871009041 0
4363 -0.0003265676113496217 0.001160529893606544 0
4364 -0.0002688631987706579 0.001297115419166228 0
4365 -0.0001892942202099438 0.001171772448780937 0
4366 -0.0002108695529662863 0.001288020739400542 0
4367 -0.000326567605892811 0.001276174450206624 0
4368 -0.0002710677391862096 0.00113236048194157 0
4369 -0.0002579920969189884 0.001167314782229428 0
4370 -0.0002946661715581472 0.001188274741201381 0
4371 -0.0002605467750095095 0.001210389222787324 0
4372 -0.0002999527848204468 0.001226750583160315 0
4373 -0.0002658460024812915 0.001257919064534147 0
4374 -0.000227286465700318 0.001231701662825542 0
4375 -0.0002245514612098036 0.001191638159967921 0
4376 -0.0002410813591047947 0.001135620431234612 0
4377 -0.0002290909995027874 0.001263944026855079 0
4378 -0.0003045124328023373 0.001257648164557658 0
4379 -0.00011530488106183 0.001171528528690522 0
4380 1.951193523811189e-05 0.001100189439252241 0
4381 -6.38015091433084e-07 0.001205002713198963 0
4382 -8.197192552701702e-05 0.001076165649475872 0
4383 -0.0001176350225688237 0.001114220532620695 0
4384 -7.912828020950761e-05 0.0012113796566591 0
4385 -2.368207187652242e-05 0.001070124929687395 0
4386 2.750078296092825e-05 0.001158812634937808 0
4387 3.200939618391578e-05 0.001126975045782626 0
4388 2.529762445032599e-05 0.00118966150454032 0
4389 6.222952957079603e-06 0.001074979928096266 0
4390 -5.386179917277763e-05 0.001065559704533119 0
4391 -0.0001094839007922641 0.001086861459903866 0
4392 -2.234908774459667e-05 0.001228070228099248 0
4393 -4.099166375228199e-05 0.001195704031945495 0
4394 -8.382476874956219e-06 0.001169373438040634 0
4395 -4.52109390282157e-05 0.001152673309367034 0
4396 -9.262866974488505e-06 0.001130081154638894 0
4397 -4.921118485705197e-05 0.001104611275493258 0
4398 -8.508142207290069e-05 0.001137381239173086 0
4399 -7.850135776270915e-05 0.001177171656904616 0
4400 -5.247896602153418e-05 0.001229698872032825 0
4401 -0.0001084719561043654 0.001201671215828195 0
4402 -0.0001258275865166839 0.001142511448134543 0
4403 -8.789885752359936e-05 0.001105354343949524 0
4404 -1.143353912881947e-05 0.00109746306232697 0
4405 5.712725893416781e-05 0.001269015165517836 0
4406 0.0001922772041201408 0.001339642295903426 0
4407 0.000171739360556622 0.00123547705557238 0
4408 9.324909626866829e-05 0.001362550560660427 0
4409 5.510378793252536e-05 0.001326946186230859 0
4410 9.324909422425617e-05 0.001229100112221409 0
4411 0.0001496509244614331 0.001370167414126055 0
4412 0.0001998781625550244 0.001281667133098281 0
4413 0.0002071115182180778 0.001312745758508242 0
4414 0.0002001819602103842 0.001249240330477607 0
4415 6.286275068312461e-05 0.001353645867566197 0
4416 0.0001786003341913628 0.001365499839389193 0
4417 0.0001205981858547329 0.001374601879013122 0
4418 4.795166157456202e-05 0.001298928889896126 0
4419 6.289348144290081e-05 0.001238032363359382 0
4420 0.0001183893112090227 0.001209839287806131 0
4421 0.0001314863195678638 0.001244806848630085 0
4422 9.481157186929978e-05 0.001265772132993478 0
4423 0.0001289305820599386 0.001287908914052239 0
4424 8.95103250571505e-05 0.001304266700915583 0
4425 0.0001236172765302864 0.001335422646516665 0
4426 0.0001621584861554585 0.001309247283286939 0
4427 0.000164934635407887 0.001269139262008007 0
4428 0.0001483819142318919 0.001213093562259207 0
4429 0.0001604011837391087 0.001341459607727049 0
4430 8.491577042454772e-05 0.001335136356304563 0
4431 1.182597317842187e-05 0.001519712682645867 0
4432 0.0001457872118372654 0.001480290738480886 0
4433 0.000100788630561522 0.001591199212172852 0
4434 5.080658110242177e-05 0.001458534058623572 0
4435 0.0001551490082144931 0.001534852183723643 0
4436 2.692662214186344e-05 0.001576174809830016 0
4437 0.0001045242833117644 0.001440290379076086 0
4438 0.0001549164999972197 0.001566935984560913 0
4439 0.0001203100271261961 0.001553346383174898 0
4440 0.000123780017754031 0.001512150674215738 0
4441 8.832488435958673e-05 0.001525746146042495 0
4442 9.683767287403677e-05 0.001475680675901305 0
4443 5.337089059779141e-05 0.001501016070471956 0
4444 1.917972023290465e-05 0.001480961039855489 0
4445 4.823457995249754e-05 0.001544233273015577 0
4446 6.369206983481966e-05 0.001579236867515427 0
4447 0.000166898098291836 0.001504752360472841 0
4448 7.506023782766861e-05 0.001435917475940917 0
4449 0.0001301528541190807 0.001451669443962531 0
4450 9.149143737970816e-06 0.001552094046061958 0
4451 0.0001339173281130173 0.001589279324918727 0
4452 4.293095458815574e-05 0.001598357333357114 0
4453 7.263646749561758e-05 0.001607058876713181 0
4454 8.581862217892013e-05 0.00155854360525887 0
4455 -0.0008327695732070844 0.001168034226832645 0
4456 -0.0006975626290889302 0.001097357694265615 0
4457 -0.0007181027076352424 0.001201508413495112 0
4458 -0.0007965929775940067 0.001074434907363442 0
4459 -0.0008347219669135248 0.001110079929048533 0
4460 -0.0007965929731897187 0.001207885355827563 0
4461 -0.0007401872297569748 0.001066827232214912 0
4462 -0.0006899639091341 0.001155318335209147 0
4463 -0.0006827246336802658 0.001124249187119746 0
4464 -0.0006896601104224984 0.001187745138068091 0
4465 -0.0007692332476138853 0.001062389376479932 0
4466 -0.0007112417394964334 0.00107148562798243 0
4467 -0.0008269793196626614 0.001198980663868288 0
4468 -0.0008269485908759755 0.001083367158415961 0
4469 -0.0007714527562021849 0.00122714618018332 0
4470 -0.000758362079104291 0.001192180065844576 0
4471 -0.0007950459596353055 0.001171194388296549 0
4472 -0.0007608974889043701 0.00114909050677365 0
4473 -0.0008028022712538436 0.001134111826755456 0
4474 -0.0007665231698833054 0.001101752294385203 0
4475 -0.0007276443818724212 0.001127790006904224 0
4476 -0.0007249104573748798 0.001167862947040898 0
4477 -0.0007414607996160971 0.001223892052973773 0
4478 -0.0008432679603081295 0.00113893286327284 0
4479 -0.0007294757062633306 0.001095567618933692 0
4480 -0.0008051996172684689 0.001101537700563372 0
4481 -0.0008774365835705519 0.001339182933372576 0
4482 -0.000742287238846705 0.001409843085565099 0
4483 -0.0007628170272304704 0.001305681973147741 0
4484 -0.0008412997947742937 0.001432771866635915 0
4485 -0.0008794367386015856 0.001397127171670165 0
4486 -0.0008412997926058292 0.00129928568053339 0
4487 -0.0007849056157736552 0.001440367888801501 0
4488 -0.0007346856119748544 0.001351871566242776 0
4489 -0.0007274568799645845 0.001382948263351863 0
4490 -0.0008866098396003338 0.00136908609287528 0
4491 -0.0007343815310305486 0.001319449054716869 0
4492 -0.0007559568682398663 0.00143569734646369 0
4493 -0.0008139557441396036 0.00144480814932154 0
4494 -0.0008716549218183022 0.001423851050829393 0
4495 -0.000871654918890637 0.001308206495292778 0
4496 -0.000816155045997569 0.001280037087125754 0
4497 -0.0008030714652407632 0.001315004117727872 0
4498 -0.0008397519450008775 0.001335954643454828 0
4499 -0.0008056383373282292 0.001358098630866879 0
4500 -0.0008450475741927888 0.001374431224111972 0
4501 -0.0008109358489972989 0.001405620932612978 0
4502 -0.0007724177141847047 0.001379456823189213 0
4503 -0.0007696301265345681 0.001339342793659806 0
4504 -0.0007861678572954913 0.001283298336052903 0
4505 -0.0007741571630309109 0.001411664714406586 0
4506 -0.0008496000871739581 0.001405325326139091 0
4507 -0.001050385603018343 0.001215866264351861 0
4508 -0.0009164220249710261 0.001255258767804243 0
4509 -0.0009614041322404967 0.001144367811725638 0
4510 -0.001011390755648232 0.001277029606801807 0
4511 -0.0009070629929404675 0.001200700660609865 0
4512 -0.001035262688854013 0.001159377436394675 0
4513 -0.0009576743938050706 0.001295259602548524 0
4514 -0.0009072955645941453 0.001168621297120492 0
4515 -0.0009418953024794175 0.001182212171115508 0
4516 -0.0009384289178428243 0.001223401861924443 0
4517 -0.0009738790567621796 0.001209814741677741 0
4518 -0.0009653660270411682 0.001259873625186005 0
4519 -0.001008834830918805 0.001234546610023968 0
4520 -0.001043022734876298 0.001254613977461575 0
4521 -0.001013963467899076 0.001191335670042644 0
4522 -0.0009984973078140825 0.001156330204456571 0
4523 -0.0008953176217241788 0.001230797279800943 0
4524 -0.000987133203578123 0.001299640105715362 0
4525 -0.0009320514293319186 0.001283877429349895 0
4526 -0.001053055417878937 0.001183470510035537 0
4527 -0.0009282874621074573 0.001146279337066085 0
4528 -0.001019245187968677 0.001137207624358199 0
4529 -0.0009895522450340929 0.001128508640588039 0
4530 -0.0009763770681298463 0.001177024948315739 0
4531 -0.001005659619470256 0.0009910019688226673 0
4532 -0.0008716928705878802 0.001030390124281432 0
4533 -0.0009166746859191595 0.000919502614304226 0
4534 -0.0009666631771944301 0.001052164131053847 0
4535 -0.0008623338385999705 0.0009758320171386716 0
4536 -0.0009905339476680129 0.0009345127485553615 0
4537 -0.0009129449872565252 0.001070391064598881 0
4538 -0.0008625664102546251 0.0009437526537178552 0
4539 -0.0008971672851459454 0.000957344864155149 0
4540 -0.0008936999948152488 0.0009985331787603245 0
4541 -0.0009291527924413703 0.0009849503176816786 0
4542 -0.0009206386039608187 0.001035006980184687 0
4543 -0.0009641106242186839 0.00100968412856675 0
4544 -0.0009982949732944928 0.001029753281159231 0
4545 -0.0009692354202510169 0.0009664723127426773 0
4546 -0.0009537677402474868 0.0009314667267074304 0
4547 -0.0008505884674411378 0.001005928636280252 0
4548 -0.0009424042073223278 0.00107477173706679 0
4549 -0.0008873224862131202 0.001059009086359748 0
4550 -0.001008327202188368 0.0009586045857298576 0
4551 -0.0008835583525730487 0.0009214109430411299 0
4552 -0.0009745134019966061 0.0009123441426561374 0
4553 -0.0009448224752159196 0.0009036449970714802 0
4554 -0.0009316484099204229 0.0009521611853124085 0
4555 -0.0007880404185147619 0.0009431655854133817 0
4556 -0.0006528319041766927 0.000872526114298572 0
4557 -0.0006733735525443649 0.000976639769921823 0
4558 -0.0007518638242346975 0.0008495662651925491 0
4559 -0.0007899899894260646 0.0008852092843588391 0
4560 -0.0007518638176624395 0.0009830167133819602 0
4561 -0.000695461055114794 0.0008419908719179991 0
4562 -0.0006452347544920036 0.0009304496916606678 0
4563 -0.0006379845823271966 0.0008994048247824275 0
4564 -0.0007822501641039485 0.0009741120220872533 0
4565 -0.0007971553837572578 0.0009132535048342621 0
4566 -0.0007244952084338014 0.000837548034329018 0
4567 -0.000782219438245196 0.000858498516626726 0
4568 -0.0006449309557457313 0.0009628764942725154 0
4569 -0.0006665125844958523 0.0008466169848191258 0
4570 -0.0007267236004108789 0.001002277537025352 0
4571 -0.000713646211127458 0.0009673329192248127 0
4572 -0.0007503193858428036 0.0009463313377767619 0
4573 -0.0007161608497140861 0.0009242772866354793 0
4574 -0.0007555626522003028 0.0009078705091015956 0
4575 -0.0007214774334802589 0.0008767539778164401 0
4576 -0.000682840519430412 0.000903054267432971 0
4577 -0.000680195644191834 0.0009430416379911931 0
4578 -0.0006967329999594696 0.0009990256029303955 0
4579 -0.0006847596285550302 0.0008707611333344475 0
4580 -0.0007601612578428464 0.0008769914698394014 0
4581 -0.0006156082785187641 0.001040652222240697 0
4582 -0.0004804572066174712 0.001111252042091515 0
4583 -0.0005009961768963097 0.00100711411229524 0
4584 -0.0005794864411842636 0.001134187617383287 0
4585 -0.0006176297039614978 0.001098584693659312 0
4586 -0.0005794864432286757 0.001000737168944269 0
4587 -0.0005230868296030059 0.001141780693395859 0
4588 -0.0004728573748979075 0.001053304189821141 0
4589 -0.0004656160268837608 0.001084364914194508 0
4590 -0.000609842056010031 0.001009669420082243 0
4591 -0.0006098727867698072 0.001125282924289057 0
4592 -0.0005521308429642263 0.001146218820599152 0
4593 -0.0004725535772425476 0.001020877387200467 0
4594 -0.0004941352032615691 0.001137136896112053 0
4595 -0.0006247809228284355 0.00107056767299082 0
4596 -0.0005543462262439093 0.0009814763445289917 0
4597 -0.000541259125530599 0.001016428027814037 0
4598 -0.0005779258835435866 0.001037405074051664 0
4599 -0.0005437996515133311 0.001059505062856807 0
4600 -0.0005832158702460339 0.00107589873837426 0
4601 -0.000549115104421835 0.001107028183251898 0
4602 -0.0005105222315551403 0.00108078634328841 0
4603 -0.0005078116811900396 0.001040741366421816 0
4604 -0.0005243546342052779 0.0009847289988250355 0
4605 -0.0005123607525520631 0.001113041638176906 0
4606 -0.0005878193399850189 0.001106772712869891 0
4607 -0.0006603921945794386 0.001319205129152717 0
4608 -0.0005251846910519532 0.001248541769397744 0
4609 -0.0005457253313510213 0.001352679317979861 0
4610 -0.0006242155951015573 0.001225605811478275 0
4611 -0.0006623435833002114 0.00126125012149113 0
4612 -0.0006242155972315759 0.001359056259921208 0
4613 -0.0005678109006490703 0.001218009610551881 0
4614 -0.0005175865292384388 0.001306489240446504 0
4615 -0.0005103433836893391 0.001275428722271496 0
4616 -0.0006546019425838421 0.001350151565994233 0
4617 -0.0005968527019283706 0.001213569987618844 0
4618 -0.0005172827315874664 0.001338916043133484 0
4619 -0.0005388643577036902 0.001222656534048583 0
4620 -0.0006545712083376401 0.001234538061590493 0
4621 -0.0006695097883807153 0.001289294587404234 0
4622 -0.0005990753808661417 0.001378317085461497 0
4623 -0.0005859894316100777 0.001343358616961598 0
4624 -0.0006226695013711875 0.001322367282934085 0
4625 -0.0005885174622614664 0.001300281120299611 0
4626 -0.0006279227295998216 0.001283905736214044 0
4627 -0.0005938320334554835 0.001252765969655275 0
4628 -0.0005552404733548661 0.00127900814937727 0
4629 -0.0005525381955485995 0.001319050685647205 0
4630 -0.0005690839062611317 0.001375063739053794 0
4631 -0.00055708829586968 0.001246752500928418 0
4632 -0.0006325134084102272 0.001253030426752395 0
4633 -0.001301194167031331 0.0006338983479451922 0
4634 -0.001165987074626332 0.0005632253244694273 0
4635 -0.001186527301459489 0.0006673725346076583 0
4636 -0.001265017571418253 0.0005402990284759887 0
4637 -0.001303146293826318 0.0005759438609884266 0
4638 -0.001265017567013965 0.0006737494769401098 0
4639 -0.001208612103446322 0.0005326944105562391 0
4640 -0.001158388502958347 0.0006211824563216933 0
4641 -0.001151148196736268 0.0005901156078641984 0
4642 -0.001158084704246745 0.0006536092591806381 0
4643 -0.001237656997775312 0.0005282560844696675 0
4644 -0.00117966633332068 0.0005373497490949767 0
4645 -0.001295403913486908 0.000664844784980835 0
4646 -0.001295373184700222 0.0005492312795285077 0
4647 -0.001239877350026431 0.0006930103012958664 0
4648 -0.001226787934019147 0.000658046225255731 0
4649 -0.00126347079879825 0.0006370590400565316 0
4650 -0.001229321378292232 0.0006149598811217953 0
4651 -0.001271225863713108 0.0005999772387721298 0
4652 -0.001234947376089482 0.0005676205460487517 0
4653 -0.0011960619086058 0.0005936667163488422 0
4654 -0.001193336416737649 0.0006337315552696114 0
4655 -0.001209885522123059 0.000689756382075973 0
4656 -0.001311692300477089 0.000604797204731681 0
4657 -0.001197903692473436 0.0005614388180784882 0
4658 -0.001273624070716017 0.0005674022584140003 0
4659 -0.001346418762809184 0.0008328820287185214 0
4660 -0.001212469240912795 0.0008722937936691924 0
4661 -0.001257452644343487 0.0007613875654532136 0
4662 -0.001307430981571995 0.0008940506000036544 0
4663 -0.001203110205799101 0.0008177356873553229 0
4664 -0.001331308079332387 0.0007763949344654327 0
4665 -0.001253722729819061 0.0009122941620974161 0
4666 -0.001203342777455361 0.0007856563240471973 0
4667 -0.001237937475057802 0.0007992412750776691 0
4668 -0.001234475105427549 0.0008404370627902036 0
4669 -0.001269913460892082 0.0008268310696747239 0
4670 -0.001261405566355024 0.0008768997981013003 0
4671 -0.001304860112202011 0.0008515543349534025 0
4672 -0.001339063773684616 0.0008716137914660105 0
4673 -0.001310005777711328 0.00080834727222088 0
4674 -0.001294546358349053 0.0007733423384033482 0
4675 -0.001191364835036992 0.0008478323072663395 0
4676 -0.001349098474450883 0.0008004934917717567 0
4677 -0.001283179716478819 0.0009166739159696041 0
4678 -0.001228097709425801 0.0009009111254553906 0
4679 -0.001224334479962168 0.0007633132605187236 0
4680 -0.001315304076432513 0.0007542197774508825 0
4681 -0.001285602199039551 0.0007455215062339746 0
4682 -0.001272422082606702 0.0007940383467494226 0
4683 -0.001518238559092793 0.0006538761521354171 0
4684 -0.001383087727823038 0.0007245004464348728 0
4685 -0.001403619002322092 0.0006203751886075517 0
4686 -0.001482101765076063 0.0007474650837477865 0
4687 -0.001520236031046681 0.0007118222918311884 0
4688 -0.001482101767436348 0.0006139788978955949 0
4689 -0.00142571048953023 0.0007550298891452656 0
4690 -0.001375487586764714 0.0006665647817224122 0
4691 -0.001368248355376967 0.0006976179751757373 0
4692 -0.001527407943348129 0.0006837815719659472 0
4693 -0.001512456894952309 0.0006228997129501537 0
4694 -0.001454749158640884 0.000759474955719743 0
4695 -0.001375183505832007 0.0006341422700212456 0
4696 -0.001512456892981574 0.0007385442697447836 0
4697 -0.001396758838685502 0.0007503905608141846 0
4698 -0.001456957021562445 0.0005947303030511148 0
4699 -0.001443886436653743 0.0006296764901890023 0
4700 -0.001480556432995666 0.0006506424599565217 0
4701 -0.001446433329255364 0.0006727381301229413 0
4702 -0.001485837292567552 0.0006891178360067874 0
4703 -0.001451733670750457 0.0007202727659371199 0
4704 -0.001413147682415496 0.0006940213665926213 0
4705 -0.001410446231843572 0.0006539901150478751 0
4706 -0.001426971158802448 0.0005979894246582636 0
4707 -0.001414993793711786 0.0007262856997609729 0
4708 -0.001490401502254068 0.0007200176299485639 0
4709 -0.001474067796037015 0.0004568435896044978 0
4710 -0.001340117464412127 0.0004962542453939788 0
4711 -0.001385100798549738 0.0003853488922701086 0
4712 -0.001435079605720812 0.0005180118589706306 0
4713 -0.001330758432424217 0.0004416961382512185 0
4714 -0.001458956413144719 0.0004003563940930272 0
4715 -0.001381370887395944 0.0005362546394478952 0
4716 -0.001330991004078872 0.0004096167748304022 0
4717 -0.001365585991605553 0.0004232020657948347 0
4718 -0.001362123391574273 0.0004643975052203859 0
4719 -0.001397562423744609 0.0004507925937934296 0
4720 -0.001389054231331562 0.0005008607574850993 0
4721 -0.001432509597405128 0.0004755163539338207 0
4722 -0.001466712351542274 0.0004955762691699428 0
4723 -0.001437654287095699 0.0004323090690786793 0
4724 -0.001422194482089327 0.0003973041035109212 0
4725 -0.001319013061265384 0.0004717927573927991 0
4726 -0.001410827977248397 0.0005406344377674548 0
4727 -0.001476746941495696 0.0004244546387059759 0
4728 -0.001355745985731891 0.0005248716517471997 0
4729 -0.001351982718962981 0.0003872737749710693 0
4730 -0.001442951636979546 0.0003781815421808459 0
4731 -0.001413250272411896 0.000369483228487006 0
4732 -0.001400070436872754 0.0004180000385955719 0
4733 -0.001256410254036008 0.0003553454410028318 0
4734 -0.001121258707264707 0.0004259338664642136 0
4735 -0.001141798151988124 0.0003218073277552016 0
4736 -0.001220288411486686 0.0004488808344945069 0
4737 -0.001258430821092844 0.0004132785206063014 0
4738 -0.001220288418058944 0.0003154303863050959 0
4739 -0.001163889731237606 0.0004564639941042493 0
4740 -0.001113659349687856 0.0003679974053008142 0
4741 -0.001106414663130371 0.0003990506663885122 0
4742 -0.001250644032069443 0.0003243626377392728 0
4743 -0.001250674757928195 0.0004399761431998 0
4744 -0.001192930105323882 0.0004609036551219359 0
4745 -0.001265581661772143 0.0003852616155650306 0
4746 -0.001113355552044097 0.0003355706025048439 0
4747 -0.001134937173705959 0.000451830110462754 0
4748 -0.001195148201808499 0.0002961695604543255 0
4749 -0.001182065219785786 0.0003311146336604546 0
4750 -0.001218728653524195 0.0003520965807694176 0
4751 -0.001184599394376607 0.0003741812405198891 0
4752 -0.001224013940067226 0.0003905898745170308 0
4753 -0.001189915756801744 0.0004217082593569484 0
4754 -0.001151301313955076 0.0003954387057795959 0
4755 -0.001148618120465533 0.0003554200253526675 0
4756 -0.001165157029879821 0.0002994215398168464 0
4757 -0.001153173741792052 0.0004277118927561545 0
4758 -0.001228621134023672 0.0004214656419434398 0
4759 -0.001084087633446949 0.0005602006087291669 0
4760 -0.0009488812010602528 0.0004895119080734753 0
4761 -0.0009694207707205566 0.0005936747955830099 0
4762 -0.001047911037052922 0.0004666012900568158 0
4763 -0.001086040950837591 0.0005022469667829102 0
4764 -0.00104791103500851 0.0006000517384958344 0
4765 -0.0009915043213661293 0.0004589830118230597 0
4766 -0.0009412819687221544 0.0005474847180571086 0
4767 -0.0009340462657665585 0.0005164075939950861 0
4768 -0.0009409781710667944 0.000579911520677783 0
4769 -0.000962559797085815 0.0004636520117661969 0
4770 -0.001020554236870514 0.0004545467847781018 0
4771 -0.001078266649834278 0.0004755335411947894 0
4772 -0.001022770819117082 0.0006193125633911667 0
4773 -0.001009675762137983 0.0005843393748758347 0
4774 -0.001046363167826388 0.0005633589288972393 0
4775 -0.001012217985372386 0.0005412386615804516 0
4776 -0.00105412380304877 0.0005262737284096027 0
4777 -0.001017842572933473 0.0004939043499692596 0
4778 -0.00097898694017071 0.0005199127244825101 0
4779 -0.0009762237697745935 0.0005600137590420322 0
4780 -0.0009927784155624403 0.000616057714930151 0
4781 -0.001076159772538643 0.0005893181444313416 0
4782 -0.001094586899100798 0.0005310984801117321 0
4783 -0.0009807820028936245 0.0004877094594273736 0
4784 -0.001056518163157272 0.0004937025675857967 0
4785 -0.001128816788403685 0.000785069250265264 0
4786 -0.0009936088498734583 0.0007144161576339839 0
4787 -0.001014149925175268 0.0008185434390924078 0
4788 -0.001092640188925804 0.000691469932590822 0
4789 -0.001130767394756399 0.0007271136876168598 0
4790 -0.001092640191055822 0.0008249203810337548 0
4791 -0.001036236319649884 0.000683882674544925 0
4792 -0.0009860111230626852 0.0007723533615590504 0
4793 -0.0009787649589215897 0.0007412995696443094 0
4794 -0.001123026536408089 0.0008160156871067798 0
4795 -0.001065274833974855 0.0006794416715552899 0
4796 -0.001137933252645167 0.000755158047912767 0
4797 -0.0009857073254117129 0.0008047801642460308 0
4798 -0.001122995802161887 0.0007004021827030395 0
4799 -0.001007288951527937 0.0006885206551611304 0
4800 -0.001067499974690388 0.0008441812065740438 0
4801 -0.001054417706258119 0.0008092286930493631 0
4802 -0.001091094810163975 0.0007882329531156133 0
4803 -0.001056939982768099 0.0007661605946258982 0
4804 -0.001096343757183871 0.0007497717166020848 0
4805 -0.001062255412910619 0.0007186419331488395 0
4806 -0.001023644372037883 0.000744909087187988 0
4807 -0.001020966762446628 0.0007849279193418372 0
4808 -0.001037508875679643 0.0008409284678168732 0
4809 -0.001025522815565032 0.0007126373219962809 0
4810 -0.00110093783926867 0.0007188948018846222 0
4811 -0.001439793825596809 -6.288918915619491e-05 0
4812 -0.001304585275507782 -0.0001335278206090479 0
4813 -0.001325126960024968 -2.941500249372876e-05 0
4814 -0.001403617229983732 -0.0001564885086253985 0
4815 -0.001441743330986268 -0.0001208455358887079 0
4816 -0.001403617225579444 -2.303806016127729e-05 0
4817 -0.001347214529198693 -0.0001640631714238392 0
4818 -0.001296988161523825 -7.56050807796938e-05 0
4819 -0.001289737742544955 -0.000106649399173933 0
4820 -0.001434003572052386 -3.19427521205521e-05 0
4821 -0.00144890869773492 -9.280132420305867e-05 0
4822 -0.001376248413300573 -0.000168506122205406 0
4823 -0.001433972843265701 -0.0001475562575728793 0
4824 -0.001296684362812224 -4.317827792074901e-05 0
4825 -0.001318265991886159 -0.0001594377880064104 0
4826 -0.00137847700859191 -3.777235805520741e-06 0
4827 -0.001365399917973916 -3.872136861779381e-05 0
4828 -0.001402072850921014 -5.972330981039756e-05 0
4829 -0.001367914085879553 -8.177623526283257e-05 0
4830 -0.001407315766925917 -9.818411368107299e-05 0
4831 -0.001373230740337929 -0.0001292998294032777 0
4832 -0.001334592235557765 -0.0001029975023326671 0
4833 -0.001331949373170812 -6.301206615769518e-05 0
4834 -0.001348486438381322 -7.029120002162751e-06 0
4835 -0.001336513845879567 -0.0001352919492538847 0
4836 -0.001411914650038798 -0.0001290632833749337 0
4837 -0.001485022923940495 0.0001361006615938765 0
4838 -0.001351068899478274 0.0001755062565678052 0
4839 -0.001396051886762785 6.460492158510088e-05 0
4840 -0.00144603287946437 0.0001972675578274239 0
4841 -0.00134170986436458 0.0001209481502539358 0
4842 -0.001469908321243383 7.96130131066321e-05 0
4843 -0.001392322029530621 0.0002155067749975108 0
4844 -0.00134194243602084 8.886878694581014e-05 0
4845 -0.001376538748833946 0.0001024556354208478 0
4846 -0.001373075092061187 0.0001436494694111772 0
4847 -0.001408517222982747 0.0001300495229684414 0
4848 -0.001400007684271944 0.0001801150970590797 0
4849 -0.001443466797911256 0.0001547755436160086 0
4850 -0.00147766541097952 0.0001748375336263335 0
4851 -0.001448607007247038 0.0001115672392775555 0
4852 -0.001433145428202802 7.65621355415276e-05 0
4853 -0.00132996449360247 0.0001510447701649523 0
4854 -0.001421779600982678 0.0002198867683406141 0
4855 -0.001487699464392678 0.0001037098126458479 0
4856 -0.001366697668062355 0.000204124014934096 0
4857 -0.001362934200952911 6.65260769511682e-05 0
4858 -0.001453899993928406 5.743956871022391e-05 0
4859 -0.001424200979121109 4.874106935168881e-05 0
4860 -0.001411022445931249 9.725773855815824e-05 0
4861 -0.001657409997144972 -1.505695736052379e-05 0
4862 -0.001523446277360751 2.433535181540218e-05 0
4863 -0.001568428371508269 -8.655545020664621e-05 0
4864 -0.00161841507853403 4.610633236689907e-05 0
4865 -0.001514087245330193 -3.022275537897488e-05 0
4866 -0.001642286959627466 -7.154580282373302e-05 0
4867 -0.001564698634930783 6.433619127142019e-05 0
4868 -0.001514319816983871 -6.230211886834805e-05 0
4869 -0.001548919605684014 -4.871118512810866e-05 0
4870 -0.00154545318057293 -7.521555838212027e-06 0
4871 -0.001580903438331063 -2.110848569589439e-05 0
4872 -0.001572390356836505 2.895029851890312e-05 0
4873 -0.001615859304490647 3.623469449372563e-06 0
4874 -0.001650047049565856 2.369091663503281e-05 0
4875 -0.001620987769725035 -3.958750967459678e-05 0
4876 -0.001605521541649601 -7.459298062335432e-05 0
4877 -0.001502341874113904 -1.261361878978647e-07 0
4878 -0.00159415746308143 6.87167019915885e-05 0
4879 -0.001539075691170444 5.295402679440766e-05 0
4880 -0.001660079712180036 -4.745278448960561e-05 0
4881 -0.001535311716459538 -8.464406779188418e-05 0
4882 -0.001626269322585657 -9.371556092626245e-05 0
4883 -0.00159657646976623 -0.0001024145518787553 0
4884 -0.001583401342662027 -5.389824950189623e-05 0
4885 -0.001612109064378456 -0.0002677800264257037 0
4886 -0.001476958570986163 -0.0001971475622442064 0
4887 -0.001497489506432932 -0.00030128099195753 0
4888 -0.001575972267593886 -0.000174191095891072 0
4889 -0.001614107146416829 -0.0002098343209690354 0
4890 -0.001575972274129325 -0.0003076772817393943 0
4891 -0.001519580327301263 -0.0001666191780730333 0
4892 -0.001469358090989696 -0.0002550913988501686 0
4893 -0.001462121254229102 -0.0002240328498610853 0
4894 -0.001621279331225716 -0.0002378751225756712 0
4895 -0.001606327401192279 -0.000298756465659436 0
4896 -0.00154862160710121 -0.0001621752087778164 0
4897 -0.001469054010052601 -0.0002875139104850434 0
4898 -0.001490629342808943 -0.0001712656198654377 0
4899 -0.001606327395735468 -0.0001831119090593564 0
4900 -0.001550827529028867 -0.0003269258773244105 0
4901 -0.001537753986048172 -0.0002919749451040394 0
4902 -0.00157442636725996 -0.0002710124907250693 0
4903 -0.00154030543337079 -0.0002489058177928372 0
4904 -0.00157971059253945 -0.0002325368426552379 0
4905 -0.001545605121181317 -0.0002013739847179877 0
4906 -0.001507034609794675 -0.0002276054968919457 0
4907 -0.001504313530639553 -0.0002676556158510835 0
4908 -0.001520841363160363 -0.0003236662717117236 0
4909 -0.001508856394528637 -0.0001953540125445582 0
4910 -0.001584272132558228 -0.0002016383422010322 0
4911 -0.001395009912601486 -0.0003414420960985552 0
4912 -0.001259858365830185 -0.0002708536706371734 0
4913 -0.001280397810553603 -0.0003749802093461854 0
4914 -0.001358888070052165 -0.0002479067026068801 0
4915 -0.001397030479658323 -0.0002835090164950855 0
4916 -0.001358888076624423 -0.000381357150796291 0
4917 -0.001302489389803085 -0.0002403235429971377 0
4918 -0.001252259008253335 -0.0003287901318005728 0
4919 -0.001245014321695849 -0.0002977368707128748 0
4920 -0.001389243690634922 -0.0003724248993621142 0
4921 -0.001389274416493674 -0.000256811393901587 0
4922 -0.00133152976388936 -0.0002358838819794511 0
4923 -0.001404181320337621 -0.0003115259215363564 0
4924 -0.001251955210609576 -0.0003612169345965431 0
4925 -0.001273536832271437 -0.000244957426638633 0
4926 -0.001333747860373978 -0.0004006179766470615 0
4927 -0.001320664878351264 -0.0003656729034409324 0
4928 -0.001357328312089674 -0.0003446909563319692 0
4929 -0.001323199052942086 -0.0003226062965814978 0
4930 -0.001362613598632704 -0.0003061976625843561 0
4931 -0.001328515415367223 -0.0002750792777444386 0
4932 -0.001289900972520554 -0.0003013488313217911 0
4933 -0.001287217779031012 -0.0003413675117487195 0
4934 -0.001303756688445299 -0.0003973659972845406 0
4935 -0.001291773400357531 -0.0002690756443452326 0
4936 -0.00136722079258915 -0.0002753218951579471 0
4937 -0.001222632530908489 -0.0001902711937481434 0
4938 -0.001087482211019314 -0.000119653160526888 0
4939 -0.001108020429286035 -0.0002238093036936 0
4940 -0.001186510693573989 -9.673579860555284e-05 0
4941 -0.001224655321282262 -0.0001323396905707246 0
4942 -0.001186510695618401 -0.0002301862470445713 0
4943 -0.001130109600713228 -8.912686642475068e-05 0
4944 -0.001079881627287633 -0.000177619226167699 0
4945 -0.001072645610732103 -0.0001465465646516043 0
4946 -0.001216897039159532 -0.0001056404916997829 0
4947 -0.001079577829632273 -0.000210046028788373 0
4948 -0.001159159432787746 -8.46911834729595e-05 0
4949 -0.001101159455651294 -9.378651987678745e-05 0
4950 -0.001216866308399756 -0.0002212539959065976 0
4951 -0.001231807145698019 -0.0001603568952373677 0
4952 -0.001161370478633635 -0.0002494470714598484 0
4953 -0.001148276775032524 -0.000214484803746621 0
4954 -0.001184948858220466 -0.000193515598873004 0
4955 -0.001150827447300657 -0.0001713910799374558 0
4956 -0.001190246354957098 -0.0001550213340256055 0
4957 -0.00115614146256955 -0.0001238742141620043 0
4958 -0.001117583052143066 -0.0001500717260717727 0
4959 -0.001114828756103476 -0.0001901587477504506 0
4960 -0.001131378212830942 -0.0002461933371201125 0
4961 -0.001119367396725644 -0.0001178450769605001 0
4962 -0.001194843877188499 -0.0001241502370834667 0
4963 -0.001267416446969164 8.828171316387685e-05 0
4964 -0.001132208760224652 1.76226797966556e-05 0
4965 -0.001152749583740747 0.0001217559019910205 0
4966 -0.001231239847491282 -5.317604510565036e-06 0
4967 -0.001269367506121027 3.032647175330277e-05 0
4968 -0.001231239849621301 0.0001281328439323677 0
4969 -0.001174835500275314 -1.291003689906727e-05 0
4970 -0.001124610781628164 7.556582445766326e-05 0
4971 -0.001117366364301052 4.450814077467646e-05 0
4972 -0.001261626194973567 0.0001192281500053926 0
4973 -0.001203875916463842 -1.73502410709708e-05 0
4974 -0.001124306983977191 0.0001079926271446436 0
4975 -0.001145888610093415 -8.266881940256657e-06 0
4976 -0.001261595460727365 3.614645601652382e-06 0
4977 -0.001276533564950313 5.837089318457341e-05 0
4978 -0.001206099633255867 0.0001473936694726566 0
4979 -0.001193015235712312 0.0001124377109626105 0
4980 -0.001229694055252452 9.144451996326114e-05 0
4981 -0.001195540841915874 6.936417517800075e-05 0
4982 -0.001234945479520484 5.298310426394221e-05 0
4983 -0.001200855774219459 2.184754416400863e-05 0
4984 -0.001162256006515535 4.810024844482137e-05 0
4985 -0.001159564123809089 8.813279629196898e-05 0
4986 -0.001176108316988868 0.0001441405791863671 0
4987 -0.001164116730396957 1.583780693630057e-05 0
4988 -0.00123953759213027 2.21071179358582e-05 0
4989 -0.001211938867236745 -0.0007634672518901827 0
4990 -0.00107798701621171 -0.000802902064006347 0
4991 -0.00112298646017703 -0.0006919833894130566 0
4992 -0.001172962977021898 -0.000824649370647058 0
4993 -0.001068625218246686 -0.0007483406182326263 0
4994 -0.001196846385894584 -0.0007070062815137508 0
4995 -0.001119250691532552 -0.0008429021109588363 0
4996 -0.001068857726836401 -0.0007162568181352121 0
4997 -0.001103460831832634 -0.000729842464243062 0
4998 -0.001099993523190412 -0.0007710422450329272 0
4999 -0.001135440787465841 -0.0007574341672345746 0
5000 -0.001126931428354244 -0.0008075062129000057 0
5001 -0.001170388688447844 -0.0007821584952446576 0
5002 -0.00120459037392533 -0.0008022082431481079 0
5003 -0.001175536369628763 -0.0007389438827116537 0
5004 -0.001160083382739061 -0.0007039406445573862 0
5005 -0.001056876129097423 -0.0007784404421765833 0
5006 -0.001214622305939026 -0.0007310907091177388 0
5007 -0.001148713520250919 -0.0008472745138485384 0
5008 -0.001093620748426658 -0.0008315224693544619 0
5009 -0.001089856766414205 -0.0006939127414933961 0
5010 -0.001180851071920794 -0.0006848201926216707 0
5011 -0.00115113959039142 -0.0006761191214621971 0
5012 -0.001137954133620747 -0.0007246347533168566 0
5013 -0.00125665850434425 -0.0005366368989629839 0
5014 -0.001122705956201134 -0.0004972292808851273 0
5015 -0.001167689079962503 -0.000608132220309342 0
5016 -0.001217669201942538 -0.0004754694535157119 0
5017 -0.00111334692108744 -0.0005517873871989968 0
5018 -0.001241545186669349 -0.0005931243656471122 0
5019 -0.001163959203872871 -0.0004572288116249741 0
5020 -0.0011135794927437 -0.0005838667505071224 0
5021 -0.001148175275995714 -0.0005702805241939957 0
5022 -0.001144712041198384 -0.0005290860495862394 0
5023 -0.001180152934220526 -0.0005426879786956292 0
5024 -0.001171643934629701 -0.0004926213703519431 0
5025 -0.001215101550581342 -0.000517962861572163 0
5026 -0.001249301818893975 -0.0004979017022491687 0
5027 -0.001220243548895882 -0.0005611707587309312 0
5028 -0.001204782677984018 -0.0005961758067350588 0
5029 -0.001101601550325331 -0.0005216907672879803 0
5030 -0.001193416583622323 -0.0004528488968204529 0
5031 -0.001259336084577535 -0.0005690269897991435 0
5032 -0.00113833462639297 -0.000468611662394214 0
5033 -0.001134571237211161 -0.0006062095764223924 0
5034 -0.00122553827729731 -0.0006152983716129273 0
5035 -0.001195838323889602 -0.0006239967961666512 0
5036 -0.001182659271631576 -0.0005754800708462324 0
5037 -0.001429040156730557 -0.0006878019479021098 0
5038 -0.001295083334083612 -0.0006484001856375303 0
5039 -0.001340066066460538 -0.0007592984839882829 0
5040 -0.001390048704863771 -0.0006266360925226178 0
5041 -0.001285724302053053 -0.0007029582928319074 0
5042 -0.001413923122053584 -0.0007442899423146914 0
5043 -0.001336336240226251 -0.000608399575602767 0
5044 -0.001285956873706731 -0.0007350376563212805 0
5045 -0.001320554189253219 -0.000721449629664197 0
5046 -0.001317089734297829 -0.0006802570070056358 0
5047 -0.001352534209046842 -0.0006938532008654802 0
5048 -0.001344023646706944 -0.0006437895848447973 0
5049 -0.001387485597784354 -0.0006691254686322033 0
5050 -0.001421681074836918 -0.0006490619021679244 0
5051 -0.00139262242057463 -0.0007123345438163743 0
5052 -0.001377159500943079 -0.0007473397539993935 0
5053 -0.001273978930836764 -0.0006728616736408305 0
5054 -0.001365794173663467 -0.0006040194322318879 0
5055 -0.001431714729441439 -0.000720194232305643 0
5056 -0.001310712288139045 -0.0006197821642773852 0
5057 -0.001306948677653231 -0.0007573801468635101 0
5058 -0.001397912110214374 -0.0007664623246188753 0
5059 -0.001368214872299333 -0.0007751609660766014 0
5060 -0.001355037321306264 -0.0007266444027406529 0
5061 -0.001383746118533604 -0.000886823885390306 0
5062 -0.001248596435250474 -0.0009574758278385216 0
5063 -0.001269126557576347 -0.0008533229251036092 0
5064 -0.001347609330852185 -0.0009804128191923266 0
5065 -0.001385745661141099 -0.0009447685589272943 0
5066 -0.001347609324316746 -0.0008469266333440043 0
5067 -0.001291215811617588 -0.0009880016925374175 0
5068 -0.001240995146355643 -0.0008995125189309881 0
5069 -0.001233764012717864 -0.0009305838324326365 0
5070 -0.001392918489421773 -0.00091672756198808 0
5071 -0.001240691064326184 -0.0008670900074595105 0
5072 -0.001320263315315595 -0.0009924430508299875 0
5073 -0.001262266404101517 -0.0009833382995844578 0
5074 -0.001377964452458328 -0.0008558474465122888 0
5075 -0.001377964457915139 -0.0009714920031123685 0
5076 -0.001322464578226399 -0.0008276780399556441 0
5077 -0.001309383979393697 -0.0008626402916150671 0
5078 -0.001346062055279606 -0.0008835943585273041 0
5079 -0.001311946278737601 -0.0009057272720800992 0
5080 -0.001351354303303472 -0.0009220706611525584 0
5081 -0.00131724443403506 -0.000953252406340883 0
5082 -0.001278710770252992 -0.0009270682996123346 0
5083 -0.001275942909928017 -0.0008869732256470872 0
5084 -0.001292477693163927 -0.0008309388018014675 0
5085 -0.00128047463171514 -0.0009592891317226025 0
5086 -0.001355909495558662 -0.0009529660692436594 0
5087 -0.001166701727627347 -0.0009604933680283909 0
5088 -0.001031495455019164 -0.001031185814314234 0
5089 -0.00105203486165695 -0.0009270191835199501 0
5090 -0.001130525133347283 -0.001054092688249224 0
5091 -0.00116865533188604 -0.001018446809126328 0
5092 -0.001130525126775025 -0.0009206422400598127 0
5093 -0.001074118121829324 -0.001061714229192606 0
5094 -0.001023896063604589 -0.0009732092617811052 0
5095 -0.001016661459910147 -0.001004288839251392 0
5096 -0.001023592264858317 -0.0009407824591692577 0
5097 -0.001045173893608438 -0.001057041968622647 0
5098 -0.001103169235625779 -0.001066149955438538 0
5099 -0.001160880747357781 -0.001045160436815047 0
5100 -0.001105384909523464 -0.0009013814164164212 0
5101 -0.001092288506749379 -0.0009363567812504543 0
5102 -0.001128976999049239 -0.0009573356168932549 0
5103 -0.001094832827010613 -0.0009794609256485863 0
5104 -0.001136738965944761 -0.0009944216290583092 0
5105 -0.001100457082148509 -0.001026794035588138 0
5106 -0.001061608566105663 -0.001000794684982091 0
5107 -0.00105883639970459 -0.0009606850110905612 0
5108 -0.001075392368919946 -0.0009046364879637748 0
5109 -0.001158773838406425 -0.0009313758903514834 0
5110 -0.001177201265093809 -0.0009895957318924887 0
5111 -0.001063392483747161 -0.001032992065856401 0
5112 -0.001139132409575788 -0.001026991877254874 0
5113 -0.0009943243487352882 -0.000809322465825153 0
5114 -0.000859117780885858 -0.0008800079545579658 0
5115 -0.0008796574860088954 -0.0007758482789713099 0
5116 -0.000958147752341261 -0.0009029217844975041 0
5117 -0.0009962774221496222 -0.0008672762805753131 0
5118 -0.0009581477502968489 -0.0007694713360584856 0
5119 -0.0009017412913443084 -0.0009105372639043802 0
5120 -0.0008515186840104932 -0.0008220383564972113 0
5121 -0.0008442820382090698 -0.0008531133751719026 0
5122 -0.0008512148863551332 -0.0007896115538765368 0
5123 -0.0009307901783882985 -0.0009149739205683528 0
5124 -0.0008727965123741539 -0.0009058710627881229 0
5125 -0.0009885033651226163 -0.0008939895333595305 0
5126 -0.0009885340958823926 -0.0007783760291527155 0
5127 -0.0009330075344054203 -0.0007502105111631531 0
5128 -0.0009199136338076353 -0.0007851818319444565 0
5129 -0.0009566001083431023 -0.0008061636591247537 0
5130 -0.0009224540587315895 -0.000828279600645596 0
5131 -0.0009643596021104945 -0.000843248162837592 0
5132 -0.0009280789336368124 -0.0008756149428401237 0
5133 -0.0008892171910009902 -0.0008495988242833704 0
5134 -0.000886461740159439 -0.0008095052046411359 0
5135 -0.0009030152488488723 -0.0007534651690390638 0
5136 -0.001004823382348552 -0.0008384243923419434 0
5137 -0.0008910218218880925 -0.0008818071383621531 0
5138 -0.0009667547499976366 -0.0008758201067381021 0
5139 -0.001039566983195957 -0.0006123038817402746 0
5140 -0.0009056096347282519 -0.0006517311582380262 0
5141 -0.0009506085757578825 -0.0005408184562505349 0
5142 -0.001000588329912964 -0.0006734839534705777 0
5143 -0.000896247838351024 -0.0005971697129952692 0
5144 -0.00102446972050653 -0.0005558422342892772 0
5145 -0.0009468728724793187 -0.0006917313882533222 0
5146 -0.0008964803465682975 -0.0005650859121579994 0
5147 -0.0009310854244447965 -0.0005786738741441533 0
5148 -0.0009276165450382052 -0.0006198712711937403 0
5149 -0.0009630684171373183 -0.0006062705741987248 0
5150 -0.0009545570492146348 -0.0006563387696852351 0
5151 -0.0009980198853318703 -0.0006309982675892381 0
5152 -0.001032215412813335 -0.0006510511095943145 0
5153 -0.001003160909217047 -0.0005877821390602484 0
5154 -0.0009877052863565266 -0.0005527786920581787 0
5155 -0.0008844987482736811 -0.0006272695362460715 0
5156 -0.0009763364134649721 -0.000696104084191852 0
5157 -0.001042246552526699 -0.0005799245167418593 0
5158 -0.0009212437331248251 -0.0006803520841103994 0
5159 -0.0009174794645561735 -0.0005427422663183349 0
5160 -0.001008469126746732 -0.0005336582326372748 0
5161 -0.0009787611400735737 -0.0005249568842225501 0
5162 -0.0009655776159737753 -0.0005734723046780652 0
5163 -0.0006772950034322166 -0.001204049320433374 0
5164 -0.0005420880593140625 -0.001274725853000404 0
5165 -0.0005626281378603746 -0.001170575133770908 0
5166 -0.0006411184078191389 -0.001297648639902578 0
5167 -0.000679247397138657 -0.001262003618217486 0
5168 -0.000641118403414851 -0.001164198191438456 0
5169 -0.000584712659982107 -0.001305256315051108 0
5170 -0.0005344893393592322 -0.001216765212056873 0
5171 -0.0005272500639053981 -0.001247834360146273 0
5172 -0.0005341855406476307 -0.001184338409197928 0
5173 -0.0006137586778390175 -0.001309694170786087 0
5174 -0.0005557671697215657 -0.001300597919283589 0
5175 -0.0006715047498877936 -0.001173102883397731 0
5176 -0.0006714740211011078 -0.001288716388850058 0
5177 -0.0006159781864273172 -0.0011449373670827 0
5178 -0.0006028875093294232 -0.001179903481421444 0
5179 -0.0006395713898604378 -0.001200889158969471 0
5180 -0.0006054229191295023 -0.00122299304049237 0
5181 -0.0006473277014789759 -0.001237971720510564 0
5182 -0.0006110486001084377 -0.001270331252880817 0
5183 -0.0005721698120975535 -0.001244293540361796 0
5184 -0.000569435887600012 -0.001204220600225122 0
5185 -0.0005859862298412293 -0.001148191494292247 0
5186 -0.0006877933905332618 -0.00123315068399318 0
5187 -0.0005740011364884629 -0.001276515928332327 0
5188 -0.0006497250474936012 -0.001270545846702647 0
5189 -0.0007225357238480852 -0.001005043540838576 0
5190 -0.0005885700773136809 -0.0009656538747093741 0
5191 -0.0006335519892111489 -0.001076542578013407 0
5192 -0.0006835398376971843 -0.0009438809678956638 0
5193 -0.0005792110421999866 -0.001020211981023244 0
5194 -0.0007074110059593353 -0.001061532623218445 0
5195 -0.0006298222828929768 -0.0009256529696612095 0
5196 -0.0005794436138562469 -0.001052291344331369 0
5197 -0.0006140440941665734 -0.001038699597300184 0
5198 -0.0006105771174380696 -0.0009975108072554039 0
5199 -0.000646028993089568 -0.00101109514345737 0
5200 -0.000637515209507409 -0.0009610377112435831 0
5201 -0.0006809861128207905 -0.0009863620071469657 0
5202 -0.0007151716969534482 -0.0009662934778853745 0
5203 -0.0006861122391667184 -0.001029573519560417 0
5204 -0.0006706450852212333 -0.001064579062660609 0
5205 -0.0005674656714378773 -0.0009901153611122271 0
5206 -0.0006592813620815384 -0.000921272357358313 0
5207 -0.0006041996206016196 -0.0009370350149726582 0
5208 -0.0007252040788354851 -0.001037440359384124 0
5209 -0.0006004355397686479 -0.00107463314167322 0
5210 -0.0006913915148804685 -0.001083701645751047 0
5211 -0.0006616998892002952 -0.001092400734026137 0
5212 -0.0006485254405189042 -0.001043884504675687 0
5213 -0.0008948987324057893 -0.001156234141156853 0
5214 -0.0007609474551961583 -0.001116824779461777 0
5215 -0.0008059307002709127 -0.0012277291045656 0
5216 -0.0008559100679529192 -0.001095066222804803 0
5217 -0.0007515884231655999 -0.001171382886656154 0
5218 -0.0008797865245542246 -0.001212721452521588 0
5219 -0.0008022008030665688 -0.001076824354095061 0
5220 -0.0007518209948192776 -0.001203462250145527 0
5221 -0.0007864163212736391 -0.00118987656052829 0
5222 -0.0007829534512580155 -0.001148681531500592 0
5223 -0.0008183932761592061 -0.001162285172883221 0
5224 -0.0008098847389346996 -0.001112217671945603 0
5225 -0.0008533410643431151 -0.001137560834677005 0
5226 -0.0008875427588296739 -0.00111750038847896 0
5227 -0.0008584846069772686 -0.001180768380243634 0
5228 -0.0008430243472883652 -0.001215773381048689 0
5229 -0.0007398430519493111 -0.001141286267465077 0
5230 -0.0008316580164971494 -0.001072444505773052 0
5231 -0.0008975772108021604 -0.001188623577813122 0
5232 -0.0007765760396577316 -0.00108820728352229 0
5233 -0.0007728127219022676 -0.001225805176120541 0
5234 -0.0008637808389456292 -0.001234895944281842 0
5235 -0.0008340800753953057 -0.001243594304751582 0
5236 -0.000820900574745528 -0.001195077530741911 0
5237 -0.000849610242213863 -0.001408940157702883 0
5238 -0.0007144600747219694 -0.001338299823478167 0
5239 -0.0007349906842683392 -0.001442441123234709 0
5240 -0.0008134734454292935 -0.001315351227168251 0
5241 -0.0008516089128985196 -0.001350994869789071 0
5242 -0.0008134734519647316 -0.001448837413016574 0
5243 -0.0007570808658824387 -0.001307772458201054 0
5244 -0.0007068592688251026 -0.001396251530127348 0
5245 -0.0006996247371269076 -0.001365187822606515 0
5246 -0.0008587813590854455 -0.001379035750215677 0
5247 -0.0007861246608074927 -0.001303329544562231 0
5248 -0.0008438285790276855 -0.001439916596936615 0
5249 -0.0007065551878880077 -0.001428674041762223 0
5250 -0.0007281305206443505 -0.001312425751142617 0
5251 -0.0008438285735708751 -0.001324272040336536 0
5252 -0.0007883287068642735 -0.00146808600860159 0
5253 -0.0007752523134212634 -0.001433130503427018 0
5254 -0.0008119269939607227 -0.001412171437102892 0
5255 -0.0007778081467058671 -0.001390054162392807 0
5256 -0.0008172144611300185 -0.001373695525601753 0
5257 -0.0007831072101012543 -0.001342525033379761 0
5258 -0.0007445515971664715 -0.001368737388490098 0
5259 -0.0007418116125836408 -0.001408805677547319 0
5260 -0.0007583422501322679 -0.001464825936360923 0
5261 -0.0007463499629776492 -0.001336498287105491 0
5262 -0.0008217734326949122 -0.001342798273151469 0
5263 -0.0006325658487398942 -0.001428917961852638 0
5264 -0.0004973591464216009 -0.00149960021897673 0
5265 -0.0005178989827694972 -0.001395443777344197 0
5266 -0.0005963892544598297 -0.00152251728207347 0
5267 -0.0006345186790557833 -0.00148687195111258 0
5268 -0.0005963892478875718 -0.001389066833884059 0
5269 -0.0005399830507962153 -0.00153012994428429 0
5270 -0.0004897601847171358 -0.001441633855605352 0
5271 -0.0004825225900803331 -0.001472706754136722 0
5272 -0.0004894563859708637 -0.001409207052993504 0
5273 -0.0005690309020092578 -0.001534567033349166 0
5274 -0.0005110380147209845 -0.001525466562446894 0
5275 -0.0006267448684703282 -0.001513585030639293 0
5276 -0.0006267755943290808 -0.001397971525178766 0
5277 -0.0005712490306360112 -0.001369806010240668 0
5278 -0.0005581562963787791 -0.001404775449940517 0
5279 -0.0005948418346956224 -0.001425758667240531 0
5280 -0.0005606949119214314 -0.001447870253097101 0
5281 -0.0006026001805394163 -0.001462842468972989 0
5282 -0.0005663200784268094 -0.001495206632543333 0
5283 -0.0005274521803317974 -0.001469182715395677 0
5284 -0.0005247045026909058 -0.001429096563780593 0
5285 -0.0005412568643709477 -0.001373060477182492 0
5286 -0.0006430646501142174 -0.001458019684567223 0
5287 -0.0005292664506352271 -0.001501396113603691 0
5288 -0.0006049961232162951 -0.001495415201399664 0
5289 -0.0004601337087438963 -0.001331431325025323 0
5290 -0.0003249832098337364 -0.001260817632935706 0
5291 -0.000345521607121442 -0.001364969434970779 0
5292 -0.0004240118714093958 -0.001237895929882732 0
5293 -0.0004621561740605809 -0.001273499591347536 0
5294 -0.0004240118734538079 -0.001371346378321751 0
5295 -0.0003676111305109126 -0.001230290777359075 0
5296 -0.0003173828051230397 -0.001318779357444878 0
5297 -0.0003101455183181952 -0.001287709541509053 0
5298 -0.0004543982169949394 -0.001246800622976962 0
5299 -0.0003170790074676799 -0.001351206160065552 0
5300 -0.0003966595756506796 -0.001225854512498225 0
5301 -0.0004543674862351633 -0.001362414127183777 0
5302 -0.0003386606334867013 -0.001234946651153967 0
5303 -0.0004693078542695227 -0.001301516752215401 0
5304 -0.0003988716564690414 -0.001390607202737028 0
5305 -0.0003857795282967288 -0.001355647459366534 0
5306 -0.0004224503410958917 -0.00133467638456228 0
5307 -0.0003883277828412624 -0.001312557714745283 0
5308 -0.0004277460480720935 -0.001296182263606783 0
5309 -0.0003936421387510299 -0.001265039355942041 0
5310 -0.0003550755172542551 -0.001291247435279198 0
5311 -0.0003523316487229987 -0.001331324435835934 0
5312 -0.0003688795514243893 -0.001387353725983285 0
5313 -0.0003568727704167653 -0.001259013954424083 0
5314 -0.0004323449871458635 -0.001265310479765958 0
5315 -0.0005054354927790246 -0.001080734490928053 0
5316 -0.0003714737558407988 -0.001120155752062273 0
5317 -0.0004164722910228171 -0.001009247819970155 0
5318 -0.0004664546344952792 -0.001141912929523416 0
5319 -0.0003621119594635711 -0.001065594306819516 0
5320 -0.0004903344100943293 -0.001024272302258163 0
5321 -0.0004127366447798347 -0.001160156128033459 0
5322 -0.0003623444676808445 -0.001033510505982246 0
5323 -0.0003969511192114334 -0.001047100317362474 0
5324 -0.0003934809862799328 -0.00108829581008938 0
5325 -0.000428936537394882 -0.001074701007563145 0
5326 -0.0004204235669117358 -0.001124766128627065 0
5327 -0.0004638908546271886 -0.001099431388298429 0
5328 -0.00049808146693044 -0.001119486699242978 0
5329 -0.0004690265615784092 -0.001056214048150681 0
5330 -0.0004535688325530019 -0.001021210434749388 0
5331 -0.0003503628693862282 -0.001095694130070318 0
5332 -0.0004422007548629362 -0.001164529057717372 0
5333 -0.000387108146776304 -0.001148777093802285 0
5334 -0.000508111971278164 -0.001048352871520977 0
5335 -0.0003833436464666421 -0.001011167204753652 0
5336 -0.0004743295987564139 -0.00100208996807267 0
5337 -0.0004446244027061087 -0.0009933883997468331 0
5338 -0.0004314424234006786 -0.001041903652143398 0
5339 -0.001162886036093379 -0.001117425783237532 0
5340 -0.001549925115999463 0.0004536876601773212 0
5341 0.0003932658111703428 -0.001560314954787139 0
5342 0.001548882801320297 -0.0004327005649327331 0
5343 -0.0002127473131906894 0.0002620104193372647 0
5344 -0.000369289808355813 0.001576116324160428 0
5345 0.00113590453149351 0.001128699267247633 0
5346 0.0001198625441636095 -0.001739505915779301 0
5347 -9.745131266512689e-05 -0.001666577120463007 0
5348 -0.0001501945156994605 0.001739629441559423 0
5349 0.0001209162389092364 0.00166238380352108 0
5350 0.001434887513525114 0.0009957772509843474 0
5351 0.001575628439321931 -0.0007661510302881214 0
5352 0.001667938583471353 -0.000101537269157608 0
5353 -0.0001322417803872715 -0.0003093603950732224 0
5354 0.001395911460302481 -0.0009179039478624355 0
5355 0.001319259084817343 -0.0009730095635949846 0
5356 0.0007481956364925348 -0.001495104512441295 0
5357 0.0003280475347674005 7.282566011913368e-05 0
5358 -0.000330993309458194 -4.960492550092697e-05 0
5359 0.0001110315259037345 0.0003180475149971098 0
5360 -0.000193956279814775 -0.001618847646438482 0
5361 0.0001947192702068991 -0.0002734738622744847 0
5362 -0.0007206572898478528 0.001483663370544584 0
5363 0.0002060191007495044 0.001600264335427712 0
5364 -0.0004743021274492 -0.001568464456641659 0
5365 0.0009468075098018124 0.001237084403182478 0
5366 0.001478870257800649 0.0007742095191476625 0
5367 0.0002575032393360582 -0.001673064980454895 0
5368 0.001579659898961059 0.0003818511750291902 0
5369 0.001502260570507061 0.0006606946877442068 0
5370 0.001123517255080153 -0.001186561354626704 0
5371 0.001539459571003756 -0.0002127459845107568 0
5372 -0.0001918485149339266 0.0008442268216338154 0
5373 -0.0008245590295642284 0.0002491957905320727 0
5374 0.001060964092433473 -0.0001099860149790414 0
5375 -0.00111551018118385 0.001162476235304053 0
5376 0.0002072827796624859 -0.0008249205812985274 0
5377 0.0006368029366895055 0.0008624050433275148 0
5378 -0.0006192726848152597 -0.0005915012040655094 0
5379 0.001566553265700106 -0.0006004173986545933 0
5380 -0.000311332245547711 -0.0002149523248376361 0
5381 0.000566022040028582 -0.001438610782305417 0
5382 -0.001557920430363673 -0.0003854339711533082 0
5383 0.0004529310571313317 0.00155184480408039 0
5384 0.0006431997764939131 0.0005855013666849263 0
5385 -0.000613554847997868 -0.0008657014089534578 0
5386 -0.01025446645862601 0.01002812511191412 0
5387 -0.01421889681041108 -0.003606972675328355 0
5388 0.00379507161318921 0.01424070053776364 0
5389 0.01427696056894404 0.003975904454938326 0
5390 0.0103828832511427 -0.01035662688859796 0
5391 -0.003746197793851034 -0.0139810005018547 0
5392 -0.01404766385240975 0.003938811114772792 0
5393 -0.010221547959005 -0.01024886487784339 0
5394 0.004031572597505387 -0.01448396062611993 0
5395 0.01393024476146485 -0.00376658422219536 0
5396 0.01036723486642172 0.01027339673783143 0
5397 -0.003784612657009305 0.01407111283943352 0
5398 0.0004355080078097925 -0.0009712901136671641 0
5399 -0.001068196497634384 0.0001375967560488968 0
5400 2.50303509642371e-05 -0.0003767710443051676 0
5401 0.00129479867522151 0.001059350189807513 0
5402 0.0008323069252421958 -0.0002731861106361835 0
5403 -0.0004213353938642269 0.0009892626927931541 0
5404 -0.0009601073784090093 -0.001208141549962581 0
5405 0.0008170660053717869 -8.264913141842711e-05 0
5406 -0.0003459866427360251 0.0001499427735774474 0
5407 -5.359162337287285e-05 0.0003765050886862022 0
5408 -0.001066369364581947 0.0002948153856858905 0
5409 0.0004761561744849429 0.0006769371806805979 0
5410 0.0002485805350058874 -0.001074051263658162 0
5411 -0.0003595339140246901 0.0007523214073910481 0
5412 -0.0008003572176657972 -0.000757535310417283 0
5413 -0.001523158908017048 0.0002341166299663391 0
5414 -0.001466182404885216 -0.0005914637173453204 0
5415 -0.0002781865189379994 0.001073756571173087 0
5416 -0.001234933895656402 0.0009735112430404547 0
5417 0.001447212234109433 0.0005630196993385245 0
5418 -0.0004436454895204799 0.001497682701891141 0
5419 -0.0003492872394554558 -0.001446231047938309 0
5420 0.0003346826964545476 -0.0001770510927227502 0
5421 -0.0008310685541765841 5.482915569867131e-05 0
5422 0.001052105898251076 -0.0003257639485254028 0
5423 0.0002958294153605977 0.0002419075424172771 0
5424 0.001200837261954589 -0.0009595509138659189 0
5425 0.0007878075890870644 0.0007840998392530502 0
5426 -0.0004736618998156417 0.0007938259176734285 0
5427 0.0001316048170284027 -0.001027019835286914 0
5428 0.0004524067270662845 -0.0007721886356317278 0
5429 -0.0004593846537552101 -0.0006951390849455842 0
5430 -0.0009339112430566485 -1.341170944355573e-05 0
5431 0.0003198601765033536 -0.0007496876332104258 0
5432 -0.0008246953724527397 -0.0006391565384734101 0
5433 0.0004503371584757202 0.0007963901974176624 0
5434 -0.0007927354204580742 0.0006606481782329528 0
5435 0.0009231854523723506 0.001355847898396762 0
5436 0.000287579371428977 0.001081825165206653 0
5437 0.001457531416354373 0.0008855633311414658 0
5438 -0.000610789855191577 0.001439973993394381 0
5439 0.001085553071184446 0.000294510446391426 0
5440 0.0008182016893729668 0.0006157522205271771 0
5441 -0.0009726494701230227 -0.0003673406136565263 0
5442 0.0008976301914805405 2.781057635292047e-06 0
5443 -0.0009744134379885591 0.0003941373557007125 0
5444 0.0009474125609855602 -0.0004032474492056363 0
5445 -0.0002761731485182382 0.00165275139775891 0
5446 0.001481177292289253 -0.0008231747475081555 0
5447 0.0008049550821662173 -0.0007977552231232684 0
5448 0.0003684106927081217 -2.607659686998161e-05 0
5449 -0.0001102515537138031 0.001012696757966406 0
5450 -0.0001556028945394425 -0.00102797203859552 0
5451 -0.0004514475585558948 -0.0008232023472419139 0
5452 0.0001679751535240493 0.001154219342505828 0
5453 -0.001434401296857636 -0.0004112711719218081 0
5454 -0.001556648923843506 0.0005832379877650226 0
5455 -0.0001925458118192609 -0.001165833094971389 0
5456 0.0003232854066828498 0.001439284221108336 0
5457 0.000813373488233078 -0.0006489677008682125 0
5458 -0.001069357399006402 0.001043615723025139 0
5459 -0.0009142239300732954 -0.001323419821697232 0
5460 2.385085911776603e-05 -0.001693576285939056 0
5461 0.001077864621894422 0.000442768241385079 0
5462 -0.0002274969657767212 -0.001520693419269019 0
5463 -0.0008281492145818905 0.0003467165351674707 0
5464 0.001075888536321435 -0.001011028008454972 0
5465 -0.001092354277169688 -0.0004238654464444973 0
5466 -0.001511414874583122 0.0003560074753416302 0
5467 0.00141817637039245 0.0004338679656714439 0
5468 0.0005458425500277168 0.0009034594240420011 0
5469 -0.0007146711472528651 -0.0005374754972571873 0
5470 -0.001273975841889807 -0.001051010266042252 0
5471 -0.001059806444568485 -0.001130096449437903 0
5472 0.0001198472840715954 -0.0008867907092698437 0
5473 -0.0009144846471338346 0.0007303983050581146 0
5474 0.001057307370689141 -1.598145061283247e-05 0
5475 0.0001827308106238585 0.001011655118525316 0
5476 -0.0007853863396671851 0.0007831685389037041 0
5477 -0.0002898443313922235 -0.00106068729604024 0
5478 -0.0005146536012320451 0.0009285575411843473 0
5479 -0.001065862390151577 -0.0002811153418558679 0
5480 0.0004506358796870068 -0.001471382244677396 0
5481 0.001489742923970026 -0.0003381751749383596 0
5482 0.0009661828283963474 0.0003440005396836534 0
5483 0.0005302534722236281 -0.0009221136028697558 0
5484 -0.001597172878993578 0.0001357928199685209 0
5485 -0.001053139896674983 3.364683718199359e-05 0
5486 -0.001373404873992001 -0.0005434355466376395 0
5487 -9.786041510092437e-05 0.0008922420504285872 0
5488 0.0009201583398324599 -0.0007064293447224231 0
5489 0.0002266892237938958 0.001492891302853841 0
5490 0.0002158651182131255 0.0003083918769239888 0
5491 0.001028949895697701 0.001115173841238038 0
5492 -0.0007200424939939996 -0.0008783644023695782 0
5493 0.001114172032700115 -0.0002579921102377628 0
5494 0.0004008984362514229 -0.001065697413152469 0
5495 -0.0001558517128907467 0.0003584721901727031 0
5496 0.0007045683482219986 -0.0007069912311595838 0
5497 -0.001181944877475579 -0.0003436130556751697 0
5498 0.001329883190037969 0.0005095237819158267 0
5499 -0.000383261970202749 4.26999863266424e-05 0
5500 0.0007755810182879461 -0.0001852833908971238 0
5501 -0.001152638914588041 0.0009105507029756117 0
5502 0.000725300543270984 0.0005201239172298371 0
5503 -0.0005298276196028502 -0.0009313189303913586 0
5504 -9.65018946364906e-06 0.001673540996060702 0
5505 0.0005442828777197838 -0.0008211009135166351 0
5506 -0.0009755381377429091 -0.0002443679293034786 0
5507 -0.0005060748101349639 0.001410950165141508 0
5508 0.00109983807613241 -0.0009015972479135986 0
5509 -0.0008952775560188318 0.0008534918660495055 0
5510 -0.0008393300456885983 0.0004335260758530929 0
5511 0.00104456492621347 6.727081793575617e-05 0
5512 -0.0009839204062538544 -0.0004659586952146985 0
5513 0.0008080983106744596 0.0005160349161321363 0
5514 -0.001253343176729297 0.0002529884698436202 0
5515 0.001347103313813863 -0.0002642724978344431 0
5516 -8.495731503765851e-05 -0.00109229329826818 0
5517 -4.561165842689364e-05 0.0009421460835452031 0
5518 -0.0006954402152867775 0.0007342018404072296 0
5519 -0.0002630014293718615 -0.0009612229371493517 0
5520 0.0009081724147195835 -0.0006311422210854344 0
5521 0.0008302374658129019 -0.0003298462661467324 0
5522 0.0008686445912582135 -0.0003014655679112992 0
5523 0.0008724318649589895 -0.0002590996803804244 0
5524 0.0009063769400344977 -0.0002816181508320374 0
5525 0.0009102794311547166 -0.0002424356684291942 0
5526 0.0008778917169711838 -0.000217903857287827 0
5527 0.0009148128698367512 -0.0002019643641119778 0
5528 0.0009478338685674635 -0.0002263701290383111 0
5529 0.0009524850459910988 -0.0001856535812585288 0
5530 0.0009854458126021398 -0.0002101003438435794 0
5531 0.0009197412235900599 -0.0001612359287578433 0
5532 0.0009572078958939317 -0.0001449335899541025 0
5533 0.0009251573326558133 -0.0001224565583886265 0
5534 0.0009628821425931264 -0.0001065215172092175 0
5535 0.0009807946301656338 -0.0002508342178040469 0
5536 0.001018239920995753 -0.0002341408363976831 0
5537 0.0008702166767619383 -0.0003430229098201396 0
5538 0.0008898210126631392 -0.0001375838253179295 0
5539 -0.0002922526095861609 -0.00110119382994571 0
5540 -0.0002531727820947828 -0.001080286873057333 0
5541 0.0009694003530647994 0.0003912833287696246 0
5542 0.001003138466295411 0.0003598228492450994 0
5543 0.000997623768619924 0.0003160392997150751 0
5544 0.001548808403318112 -0.0004795553338779464 0
5545 0.00158386184759272 -0.0004558533467974778 0
5546 0.001587857030264347 -0.0004128149127139377 0
5547 0.001587798165185245 -0.0004988151958956735 0
5548 0.0004592163629803564 0.0008384702551496702 0
5549 0.0004911223517527857 0.0008073119573673118 0
5550 0.0004549092781610685 0.0008848456262675933 0
5551 0.0004809330876342803 0.000770902182213197 0
5552 0.0005214066719014011 0.0007825574383702653 0
5553 0.0005308403171425982 0.000819819873282306 0
5554 0.0005611702548424138 0.0007942969822999478 0
5555 0.000551881159059706 0.0007547414669152218 0
5556 0.0005920761710102739 0.0007672732077819051 0
5557 0.0005820516370102984 0.0007273063462856936 0
5558 0.0006228776059513555 0.0007399477366029999 0
5559 0.0006156219419554442 0.0007005461099775203 0
5560 0.0006542018120474766 0.0007124981088035481 0
5561 0.0006622894641046601 0.0007523418874273106 0
5562 0.0006926854808472388 0.000724953211498514 0
5563 0.0006849889057457341 0.0006851937011751561 0
5564 0.0007220525412713696 0.0006979437995426288 0
5565 0.0007155763324527632 0.0006580694263046468 0
5566 0.0005762622012972124 0.0006905704148134475 0
5567 0.0007602698255925434 0.0006751910406833085 0
5568 0.0007475565320544511 0.0006326130694718638 0
5569 0.0007002872982264154 0.0007603302555046461 0
5570 -0.0008178051522261166 -0.0005937459848595027 0
5571 -0.0007846874557601215 -0.0006261061831184348 0
5572 -0.0007923583508979373 -0.0006683231577792126 0
5573 -0.0007544170563604772 -0.0006527881666402904 0
5574 -0.0003317902759284489 -9.353228052529711e-05 0
5575 -0.0002944585834996169 -7.05539709957372e-05 0
5576 -0.0002904930447667203 -2.892423046314131e-05 0
5577 -0.0002571418249694933 -5.138852398692884e-05 0
5578 -0.0002521703828814536 -9.741080254007741e-06 0
5579 -0.0002193389857274252 -3.392004952375074e-05 0
5580 -0.000214617462443784 6.655786664569799e-06 0
5581 -0.0001813631843166589 -1.6784840770857e-05 0
5582 -0.0001765965333579458 2.357267392475333e-05 0
5583 -0.0001433535313612407 3.266739010485717e-07 0
5584 -0.0001391590572737693 4.171617691067009e-05 0
5585 -0.0001054929185923956 1.758381309116835e-05 0
5586 -0.0001012465712060208 5.894249047398353e-05 0
5587 -6.761533751628655e-05 3.468539792653062e-05 0
5588 -7.181766193121432e-05 -6.597033327561849e-06 0
5589 -3.400280341474684e-05 1.041916297698449e-05 0
5590 -3.818693634554606e-05 -3.079765644748996e-05 0
5591 -4.310491611811614e-07 -1.382893715419804e-05 0
5592 3.783509147016881e-06 2.733369595843682e-05 0
5593 3.727263790959081e-05 3.105318616291719e-06 0
5594 -4.607524638674519e-06 -5.497754763632033e-05 0
5595 4.148482335152484e-05 4.419783815678359e-05 0
5596 7.49254959233943e-05 2.002962982183139e-05 0
5597 7.912588558695286e-05 6.106952468421449e-05 0
5598 4.571388831781566e-05 8.523644353275964e-05 0
5599 -4.233294858515251e-05 -7.195789616066827e-05 0
5600 -8.777021773831289e-06 -9.611079720959056e-05 0
5601 8.333660395319467e-05 0.000102088453283801 0
5602 4.994151727540069e-05 0.0001262491501083568 0
5603 -0.0002232678003461888 -7.502162167517266e-05 0
5604 0.0001125388205697862 3.695606228595318e-05 0
5605 0.0001083492035030833 -4.055680622979029e-06 0
5606 -4.64711235368492e-05 -0.0001130876668790152 0
5607 -1.296259992919944e-05 -0.0001372406912364195 0
5608 2.471930009596569e-05 -0.0001202799669607133 0
5609 2.05292881263959e-05 -0.0001613676836778236 0
5610 5.816826183289441e-05 -0.0001444238375009848 0
5611 0.0001459072584367988 1.284925775610857e-05 0
5612 0.0001417300940237077 -2.809441322945507e-05 0
5613 -0.0001797593584926694 6.781188477195926e-05 0
5614 8.755578897536814e-05 0.0001430825806496577 0
5615 5.416988411194176e-05 0.0001672455591925578 0
5616 0.0001792346618928648 -1.1261348539045e-05 0
5617 0.0001750626324502832 -5.212640657607249e-05 0
5618 5.400602207079774e-05 -0.0001854537801429835 0
5619 1.639315420701911e-05 -0.0002024017875486364 0
5620 9.160877910321468e-05 -0.0001685107144270954 0
5621 0.000120925077854005 0.0001189463862099892 0
5622 1.65475138275003e-05 0.0001504132262478992 0
5623 2.076470281491211e-05 0.0001914268392532097 0
5624 -1.68712549449715e-05 0.0001745835281651518 0
5625 0.0001834372630124768 2.987112315545752e-05 0
5626 -5.062426766630166e-05 -0.0001541994814456289 0
5627 0.0001252697884446078 0.0001596032908746629 0
5628 0.0001584937862811227 0.000135761257659708 0
5629 4.986219420756964e-05 -0.0002264606180196086 0
5630 -1.264898104047582e-05 0.0002156054765746478 0
5631 -5.027863673829632e-05 0.0001987691051811205 0
5632 0.0002125167643918385 -3.530962787936303e-05 0
5633 0.0002083596543407506 -7.613907681685218e-05 0
5634 1.228273904307516e-05 -0.0002433962298170335 0
5635 -0.000247529114478167 3.51358573732839e-05 0
5636 -8.416147209391379e-05 -0.000130041733054358 0
5637 -8.831151383762328e-05 -0.0001711863705609981 0
5638 0.0001628370761375538 0.0001763500249326818 0
5639 0.0001960076966906706 0.0001525781082000633 0
5640 -4.633123283700129e-05 0.0002388056310152674 0
5641 -5.800164049771662e-06 0.0002612929980590076 0
5642 -8.36337086502625e-05 0.0002225832098834186 0
5643 -8.789830128717222e-05 0.0001818728532870038 0
5644 -0.0001218575043413802 -0.0001470562342800732 0
5645 0.0002457732754807955 -5.93525478267577e-05 0
5646 0.0002420683736380004 -0.0001011767586475734 0
5647 0.0002042842175871559 -0.0001171253994514885 0
5648 -0.0001260565746317192 -0.0001881965314772497 0
5649 -9.217586387489897e-05 -0.0002120114043430058 0
5650 -0.0001595588436340413 -0.0001641768638217033 0
5651 -0.0001638156611241726 -0.0002052231336938465 0
5652 5.779188494671574e-05 0.0002074083072521822 0
5653 4.554395402779652e-05 -0.0002670763990005557 0
5654 0.0002367282039556596 -0.0001407771197367707 0
5655 0.0001999928010962133 -0.0001577726926647126 0
5656 -0.0002942925900553717 -0.0001116809068690432 0
5657 -0.0001973486943734574 -0.0001811432026529362 0
5658 -0.0001996659023653376 -0.0002226684789546611 0
5659 0.0002475074360328659 -1.805898393572498e-05 0
5660 0.0002778859827406467 -8.334918764883885e-05 0
5661 -7.472269337289361e-05 0.0002641967210863618 0
5662 0.0002002083602919664 0.0001934267699629798 0
5663 0.0002321778122490684 0.0001676587497422302 0
5664 0.0002290482483543677 0.0001283313046983515 0
5665 0.0002666758569683708 0.0001454124987649565 0
5666 0.0001652649218592275 0.0002196292018649658 0
5667 8.063379881924823e-05 -0.0002491929116789861 0
5668 7.964255672455177e-05 -0.0002858868205665673 0
5669 -0.0001212102781847241 0.0002058432441394402 0
5670 0.0001375894638351258 -6.905642766626354e-05 0
5671 -0.0001236262885723339 0.0001648348509972822 0
5672 -2.1067178334265e-05 0.0001336059848614869 0
5673 -0.0001177739747365758 -0.000106025196541307 0
5674 9.191801080593135e-06 -0.0002857265765107185 0
5675 -0.0001612591184389266 0.0001826064052300805 0
5676 0.0002313179378404454 -0.0001834788039982913 0
5677 0.0008940744032307431 -9.539784775316748e-05 0
5678 0.001022968644391736 -0.000190259593169698 0
5679 -0.001042244402080994 7.414484510300999e-05 0
5680 -0.001013473396260318 4.804795706871794e-05 0
5681 -0.001004676585987393 8.74433631814313e-05 0
5682 -0.001021684643036492 5.614092943427234e-06 0
5683 -0.0009757352652709952 6.158414404971416e-05 0
5684 -0.0009652203149480152 0.0001001752365826956 0
5685 -0.0009339786252700966 6.859555375870579e-05 0
5686 -0.0009261273713752191 0.000113106481546557 0
5687 -0.0009563861156960582 0.0001405093538017859 0
5688 -0.0009173520219986035 0.0001532342368526631 0
5689 -0.0009475130013334719 0.0001811528989850914 0
5690 -0.0009086868954080036 0.0001934791155080323 0
5691 -0.0009391620303501557 0.0002210270578922507 0
5692 -0.0009779290592470432 0.0002087989640786358 0
5693 -0.000880176806094246 0.0001663120622171911 0
5694 -0.0009694020351259446 0.0002479388305824602 0
5695 -0.0009317216556460423 0.0002612455355391043 0
5696 -0.0009606636382233558 0.000286047064599003 0
5697 -0.0009231893152888327 0.0003003595693550831 0
5698 -0.001009294402386199 0.0002358576219306712 0
5699 0.0002353893359084016 0.001534284238421733 0
5700 0.0002666845933237446 0.001505930625085173 0
5701 0.0002779102441745759 0.001546339033341752 0
5702 0.000305979545543952 0.00152125878573107 0
5703 0.0003151097176565656 0.001559780330215001 0
5704 0.0003459851416802102 0.001531926551808963 0
5705 0.0003534675410117955 0.001569146246049631 0
5706 0.0003241087888894809 0.001599318869324633 0
5707 -0.0007826564900724023 -0.0005117628668843729 0
5708 0.001008333624055429 0.000465886483690191 0
5709 0.0009247847585557514 -0.0008098958588822442 0
5710 0.001114058407809779 -0.00114543971744252 0
5711 0.001092157319556456 -0.001101883975148936 0
5712 0.001136373287118627 -0.001109038875619799 0
5713 0.0001902266938635173 -0.0001994434936368506 0
5714 -0.0004945944355455517 -0.0005988452193166651 0
5715 -0.0001608030368702556 0.0003108322561237253 0
5716 0.0004451665775120183 -0.001512249644622487 0
5717 0.0004818416670485873 -0.001498537358131486 0
5718 0.0004741268632210066 -0.001538919892451721 0
5719 0.0005101598685582658 -0.001525798302438305 0
5720 0.0005042849042339232 -0.001565189841142135 0
5721 0.0005441134668698992 -0.001546828578243125 0
5722 0.0004649674085126533 -0.001578595431276175 0
5723 0.0004446232292471598 -0.001291899874698032 0
5724 -0.0004076388776290953 0.001218783331133466 0
5725 -0.0002450104716130141 -0.0003180973730354806 0
5726 0.0005418836969054721 0.0005788469712852199 0
5727 6.235486130602796e-05 -0.000103377869289785 0
5728 0.0002257548295405608 -0.0007898147528450607 0
5729 0.0002460657672838489 -0.0008275929018621651 0
5730 0.000226660262468512 -0.0008610489961398886 0
5731 0.0002655722904729388 -0.0008640962834811733 0
5732 0.0002460894302690768 -0.0008972010010644077 0
5733 0.0002841846550786463 -0.0009007254739217502 0
5734 0.0003030945319483786 -0.0008627505327436519 0
5735 0.0002628165057455007 -0.0009347457742993094 0
5736 0.0003025573111819366 -0.0009374351247363102 0
5737 0.0002218856556158528 -0.0009285112755777925 0
5738 0.0002811464673457044 -0.0009714714052689623 0
5739 0.0003216879188804495 -0.0009737503259618925 0
5740 0.0003398657852571848 -0.0009364484576864505 0
5741 0.0002998667331740006 -0.001007991272566909 0
5742 -0.0003980479192833181 0.001022264700753919 0
5743 -0.0003806916527805358 0.0009867578703397321 0
5744 -0.0004022215785024409 0.0009527881802266841 0
5745 -0.0003620673113098239 0.0009502787878700361 0
5746 -0.0003844465982825026 0.0009156863074085656 0
5747 -0.0003435090027667224 0.000913550836498557 0
5748 -0.0003220247142086369 0.0009476869259539646 0
5749 -0.0003658722785273406 0.0008789751762128711 0
5750 -0.0003262982730733695 0.0008796800227892443 0
5751 -0.0004050277045722396 0.000881354426310097 0
5752 -0.0003819011797204331 0.0008451964768169862 0
5753 -0.0003531977366085282 0.001024204079012856 0
5754 -0.0007808354046951695 -0.0007991935869932935 0
5755 -0.0007574965905546274 -0.0007690904520549017 0
5756 0.00156388542508613 -0.0001814234159880684 0
5757 0.001578434919014959 -0.0002157715866771098 0
5758 0.001557747911399712 -0.000247603016710956 0
5759 0.001597824906058685 -0.0002498260214386613 0
5760 0.001623274557546658 -0.0002103824824203305 0
5761 0.001640111458187966 -0.0002525654484523217 0
5762 0.001611027627638246 -0.000288812271481472 0
5763 -2.51013338286502e-05 -0.0002605521640474175 0
5764 -2.941923073949507e-05 -0.000301307430585282 0
5765 0.0009106849367924668 0.001039571358844633 0
5766 -0.0008374994468744356 -0.0009538508793088002 0
5767 0.0007383075554554601 0.0008884004524464971 0
5768 -0.0003206527556476782 0.0001820132769793638 0
5769 -0.0003057297224334727 0.000146818327797591 0
5770 -0.0002797386900607083 0.0001794304103138898 0
5771 -0.0002646579915660936 0.0001445896597732847 0
5772 -0.0003261428432644937 0.0001218510962808965 0
5773 -0.0002413957262105821 0.0001747368462647541 0
5774 -0.0002238757324983787 0.0001417770172771258 0
5775 0.0009672158763124722 0.001194433628039333 0
5776 0.0009922699304076915 0.001226263836785571 0
5777 0.0009781151866021967 0.001264817116536127 0
5778 0.00101899252547807 0.001255669140603186 0
5779 0.001006585541691638 0.00129543125069426 0
5780 0.001047555981450271 0.001286713891217975 0
5781 0.001060823024996521 0.001249282017153505 0
5782 -0.00106891677035419 0.0009377445957150091 0
5783 0.0001668140313097788 -0.0001339820094737339 0
5784 -9.183851868479434e-05 0.0001409182583417063 0
5785 -6.136435289992051e-05 -0.0002770515716957712 0
5786 0.0008400568500048981 -5.180727057187161e-05 0
5787 -0.001043449176036628 0.0003471484106333734 0
5788 0.001217864936479456 0.001067219409677821 0
5789 0.001491915652129412 0.0006200865416455445 0
5790 0.001509073602965179 0.0007033263283453913 0
5791 0.0002801533187876329 -0.001638230076928558 0
5792 -0.0002568410063258357 -0.001040968178730303 0
5793 -0.001640907326036711 0.0001233812357348256 0
5794 -0.001630392879769009 0.000158968059822555 0
5795 0.0009442939926632446 1.38242771125734e-05 0
5796 0.0009338305567336018 -2.513723487356836e-05 0
5797 0.0009718478698053878 -1.799101031196364e-05 0
5798 -0.0009324172115786589 0.0004067392138184729 0
5799 -0.001509015359328287 -0.0003899411029162557 0
5800 -0.001541044744848659 -0.0004220953082893587 0
5801 -0.001097133944605134 -0.001141859965856872 0
5802 -0.001068796247920665 -0.001168728823302502 0
5803 -0.001107602487844591 -0.001179301329763349 0
5804 -0.001080467899202353 -0.001207798556320028 0
5805 -0.001032613721400371 -0.001161026176159615 0
5806 0.0002103200264937978 0.001163568249237136 0
5807 0.0001943055629815826 0.001120463801274625 0
5808 0.0001565040990535854 0.001114653225475904 0
5809 0.0002428319730518667 0.001189669759097507 0
5810 -0.0003121284231434371 -0.001433708349638787 0
5811 -0.0003223613862576538 -0.001474602571671354 0
5812 -0.0003593995773161305 -0.001486109228022541 0
5813 -0.0003325244451443017 -0.001514456260782445 0
5814 -0.0003707934102867509 -0.001525706348958378 0
5815 -0.0003430161371638855 -0.001554337613255623 0
5816 -0.0003830860911522362 -0.001565158493400779 0
5817 -0.0003527904890609408 -0.001592603206961578 0
5818 -0.0003129585592688114 -0.001584990655685251 0
5819 -0.0002751311813017582 -0.001412321165617924 0
5820 0.0006773617463831173 0.0008542694873996898 0
5821 -0.0003042835036373928 0.0007429134130058413 0
5822 -0.0003290741593076966 0.0007823414005414107 0
5823 -0.0002872729614077661 0.0007843323039237015 0
5824 0.0003691438709532898 -0.0007520856014238298 0
5825 0.0003437653898572864 -0.0007864963002154094 0
5826 -0.0005654832637486565 0.001444775949489936 0
5827 -0.0005884824070897122 0.001475298931359 0
5828 -0.000548399959742009 0.00147915784834587 0
5829 -0.0005733176125827078 0.00151170039066668 0
5830 -0.000611459852777665 0.001509453635323809 0
5831 -0.0005958833564811492 0.001545625716191249 0
5832 -0.0005534803591342961 0.00155470987764877 0
5833 -0.0006376716908817095 0.001542997067007126 0
5834 -0.0005769227087705942 -0.0005961188372457287 0
5835 -0.0006051393178169439 -0.0006297160734969292 0
5836 -0.0006439402843435516 -0.000624596104042371 0
5837 -0.0006278244805795667 -0.0006620691238535653 0
5838 -0.0005892215756030369 -0.0006672989077708997 0
5839 -0.0006112647884755812 -0.0006996610893596172 0
5840 -0.0006481232602161782 -0.0006981351355187258 0
5841 -0.0006324914294428711 -0.0007336400101204437 0
5842 -0.0005936394073215508 -0.0007371960404576786 0
5843 -0.0006156746538580046 -0.0007688104416801623 0
5844 -0.0005756127293530912 -0.0007738654385822177 0
5845 -0.0005527391395420032 -0.0007411604763019407 0
5846 -0.0006573511949403155 -0.0007660707157441716 0
5847 -0.000537813737659482 -0.0007772730902603904 0
5848 -0.0002362154209368608 0.001069957866838044 0
5849 -0.0002625507984411304 0.001036865803971638 0
5850 -0.0002194168548139825 0.001033770018443302 0
5851 -0.000244032902683024 0.0009985230489159675 0
5852 -0.0002049647006026123 0.0009931643769775773 0
5853 -0.0002269755164955038 0.0009602858739386652 0
5854 -0.0001893671403746197 0.0009546551301423084 0
5855 6.97067376616444e-05 -0.0003778064708904465 0
5856 -1.288032344142481e-05 0.0003698151007419225 0
5857 -3.686173303596521e-05 0.0003385123135762461 0
5858 3.425110892083778e-06 0.0003332015696175242 0
5859 0.0004870501950697732 -0.001461011149120285 0
5860 0.0001763881292943714 0.0002958355759598478 0
5861 0.0006157098449085379 -0.001440809200601781 0
5862 0.0005902491529635873 -0.001475309666493811 0
5863 0.0006329660995722771 -0.001477255480942496 0
5864 0.0006084646819541351 -0.001511522081289997 0
5865 0.0006496401891127864 -0.001517385988433551 0
5866 0.0002646984583258365 0.000105073056358713 0
5867 -0.0003210639231840794 0.001592209711185885 0
5868 -0.0003575576205635338 0.001616853000615287 0
5869 -0.0003991532308906631 0.001607227462902613 0
5870 -0.001115722910091428 -0.0003048148289236492 0
5871 -0.001074443690612305 -0.0003247943836089067 0
5872 -0.001028397553101935 -0.000307062474810308 0
5873 -0.001039272432942823 -0.0003454331726332563 0
5874 -0.0005056764477112892 0.0008210904775660312 0
5875 0.0007686792397555457 -0.0006681938345890714 0
5876 0.0008100043277220405 -0.0006890781241684881 0
5877 0.0007749838273631236 -0.0007090090682112402 0
5878 9.212587660158802e-05 -0.000999438770889097 0
5879 0.0001357223949728461 -0.0009862928381105286 0
5880 0.0001673193159537971 -0.00101036707701428 0
5881 0.001540947055904305 0.0003952164802573897 0
5882 0.001569851183319305 0.0004223781051512937 0
5883 0.001530522906004594 0.0004335791862401779 0
5884 0.001559513513083013 0.000462358121861818 0
5885 0.001519970619234102 0.000473524395163391 0
5886 0.001549104728810822 0.0005026547790950234 0
5887 0.00150965785269563 0.000513996449047404 0
5888 0.001538679627875769 0.0005432186318724765 0
5889 0.001483001521201417 0.0004881692947176894 0
5890 -0.001327683849707769 0.0002527403996223975 0
5891 0.00127276264083539 -0.000264520568055666 0
5892 0.0004921722311032336 -0.0009320551278577024 0
5893 -0.0007469767509279758 0.0006752144369425656 0
5894 -0.0007804678406130584 0.0006992299396056878 0
5895 -0.0008239024009286908 0.0006872923115404453 0
5896 0.001553767531493229 -0.0003896148943451736 0
5897 0.001594111678190935 -0.0003719344075026471 0
5898 0.00156124876415569 -0.0003465998140104787 0
5899 -0.001414218968386731 -0.0005451142208663698 0
5900 -0.001397127244541357 -0.0005101944200644023 0
5901 -0.00143405900812098 -0.0005107651116240947 0
5902 0.0003431926904409949 -0.001585147368274073 0
5903 0.0003850576707396028 -0.001605642634246001 0
5904 0.001407073534089092 0.0005479239335008801 0
5905 0.001137456562420165 0.0003120191732934641 0
5906 0.001101528802194642 0.0003352146876409111 0
5907 -0.001205326761051932 -0.001084720933949087 0
5908 -0.001199715367482541 -0.00112839900556113 0
5909 -0.0001355489824218119 0.0008904274002137366 0
5910 -0.0008269602202315374 0.0008198225377921861 0
5911 -0.0008270442002002047 0.0007744420773839605 0
5912 -0.0001224652337327928 0.0009254061692466362 0
5913 -0.001196543910448644 0.0009645401869789131 0
5914 -0.001207532818508941 0.001002273611970891 0
5915 -0.001245017396201827 0.001013416143278317 0
5916 -0.001218527906097404 0.001041319133165934 0
5917 -0.00117003047511968 0.0009919356668292242 0
5918 0.0009989330867448156 -0.0003848823980867804 0
5919 0.0009628491992297564 -0.0003603377457159614 0
5920 0.000678639545763946 0.0005760333683934728 0
5921 -0.0005764782951918451 -0.0008787962679935238 0
5922 0.001245172493671538 -0.0009780399233851082 0
5923 0.001209624476402012 -0.001002521263817184 0
5924 0.001247837589072525 -0.00102184448271338 0
5925 0.0011787777433465 -0.000990503883038779 0
5926 0.00121492375944135 -0.001044929174233292 0
5927 0.001250914106926596 -0.001064398390001841 0
5928 0.001217987891363106 -0.001088444320200112 0
5929 0.001286080811289156 -0.001041301097916986 0
5930 0.001175381279218875 0.00111997258770448 0
5931 0.001164039889430389 0.001157384107836611 0
5932 0.001204191207168561 0.001147324581645256 0
5933 0.001125352829777238 0.001168770823598247 0
5934 0.001154577411331192 0.001198104198128539 0
5935 0.0005059543044554277 -0.0008117982404776782 0
5936 0.001631841169763915 -0.0001240181454046614 0
5937 0.001664687118040625 -0.000145442323326088 0
5938 0.0009084265961198939 -0.0004203276765467733 0
5939 -0.0004377256916237376 0.0007575555832406183 0
5940 -0.001482740327568745 0.0003271448558258049 0
5941 -0.001524516761092334 0.0003202965201182713 0
5942 -0.001551326245420296 0.0003473234836260018 0
5943 -0.001564373518742776 0.0003113618585716251 0
5944 -0.001591783213210542 0.0003411360217639512 0
5945 -0.001605375133131684 0.0003048006115960587 0
5946 -0.001574488949585103 0.0003804031119649559 0
5947 0.001447807575955119 0.0003932897352975474 0
5948 0.0002098995610865725 0.0009817717927067928 0
5949 0.0002192681564634945 0.001019101092861219 0
5950 0.0008374437045509729 -0.000831636200884968 0
5951 0.0008485138809870898 -0.0007938803457295865 0
5952 -0.0003564085263911707 1.548765853383369e-05 0
5953 -0.001065148074938863 -0.000453768805724388 0
5954 -0.001101117243073108 0.0002653495905170232 0
5955 -0.001090857103964508 0.0001771012488940915 0
5956 -0.001553819741324691 0.0001964554300075505 0
5957 -0.0006875828224760601 0.001450531359277598 0
5958 -0.0006520137159828786 -0.0008597618978154855 0
5959 0.001132470248285136 0.0003512446949916972 0
5960 0.0001608293583176723 -0.0003161075900816685 0
5961 -0.0008846775089745706 -4.82976844385838e-06 0
5962 -0.001100162933033117 0.001125071019809888 0
5963 -0.001141368322336854 0.001131109248798435 0
5964 -0.001123465390161941 0.001094572511928569 0
5965 -0.0008055519774240144 0.0002053955723842507 0
5966 -0.0007797455083253477 0.0001727695151170986 0
5967 -0.0001420468936160179 -0.001147349022387423 0
5968 -0.0001797969444380459 -0.001124062484889778 0
5969 0.0003750347537841221 0.001453793788652217 0
5970 0.0003431936704429774 -4.40532510354109e-06 0
5971 -0.0009446971379394401 -0.001246971740312371 0
5972 -0.0009857135470274969 -0.001238526293235908 0
5973 -0.000970081479003659 -0.001277950144248427 0
5974 -0.001011667778728717 -0.001272259268589809 0
5975 -0.000992601033839002 -0.001311669905442379 0
5976 0.0003625875111002595 -0.0001301107693418246 0
5977 0.000604292763576983 0.0005995081949745167 0
5978 -0.0008023084208407377 0.0001030289702192136 0
5979 0.0002875200101589012 0.001412169414154314 0
5980 -0.0002298270290971697 -0.001185433642264734 0
5981 0.0008023622010852633 0.0007458960868441084 0
5982 -0.0004867369035130209 -0.0006711185568343017 0
5983 -0.0009275682970091961 -0.001367429148318964 0
5984 0.001049970926229122 -6.022463557268068e-05 0
5985 -0.0008380864234511725 0.0003013463297142757 0
5986 0.0004038497883774548 -0.0009945671360683638 0
5987 -0.001083409590547807 0.0009894635389177237 0
5988 0.0004980644877722229 0.0006371317446361289 0
5989 0.000190263383370125 0.001631167616683045 0
5990 0.0002255505455015095 0.001636447093845879 0
5991 -0.0004409603322116647 -0.0007724327883731862 0
5992 -0.000450590788743309 -0.000870408793870984 0
5993 -0.0004874872849978137 -0.0008446023757010621 0
5994 -0.001542204150089864 0.0005029234849064937 0
5995 -0.001580505184266812 0.0004871755458002602 0
5996 -0.0002244502618084389 -0.001560084381867089 0
5997 0.000428233477212276 0.001517094331301338 0
5998 0.0008436516886523609 -0.0003763797592056547 0
5999 -0.0002924668041240832 -0.0002535976989828809 0
6000 0.0002898111161312462 0.001127743595286785 0
6001 -0.0002296656722134231 -0.00147518323585044 0
6002 -0.0001714254039363143 -0.001647750249782287 0
6003 -0.001173974992032629 -0.001158947954863944 0
6004 -0.0003011603092115566 -0.001188398132467265 0
6005 4.98369704818056e-05 -0.0009294177379150434 0
6006 -0.0005730386655075108 0.0008857167030371677 0
6007 0.0007957473111505147 0.0009779483757400747 0
6008 -0.000951771993022628 -0.001014224312780041 0
6009 -0.0008489694525678147 0.0006224346330791007 0
6010 0.001154266649191065 -0.001156478833226842 0
6011 -0.0002102546412347714 0.0009227638823533924 0
6012 -0.000339454208022854 -0.0001803632035497647 0
6013 0.001540848304879907 -0.0005666003145242685 0
6014 0.001085566200773278 -0.0009723179225970041 0
6015 0.0009112947531386355 0.001271476055324894 0
6016 -0.0009271633611900897 0.0006498286273930213 0
6017 0.0002161819740731994 0.001409377570781185 0
6018 -0.0008538584224781291 0.0001019372152723165 0
6019 -5.987532030639783e-05 -0.001671866246690591 0
6020 -0.000243026766866215 0.001695629368628147 0
6021 7.992465090253401e-05 0.001672601579739309 0
6022 0.001360006264976611 -0.0009472652905969649 0
6023 -0.0001238501076051896 0.0003234477947345177 0
6024 -0.0004263525561131605 0.001532398958110027 0
6025 -0.000469059704429801 0.001527440037840992 0
6026 -0.001594732978024567 0.0004448039114551718 0
6027 -0.0009032937244387074 0.000772741548518586 0
6028 0.0001275364018766046 0.001038935886926497 0
6029 0.0004521001340340919 -0.001248761434106894 0
6030 -0.000400161972842164 0.001261921771724604 0
6031 -0.001166378496599082 0.001099817474614809 0
6032 -0.0002025811475760421 -0.0003037314114644848 0
6033 -0.0004541716502576123 0.001565356412898295 0
6034 0.0002986020451242085 0.001026040810728541 0
6035 -0.001109953358352113 -0.0003474873143911709 0
6036 0.001418021610509969 -0.0008554424643523259 0
6037 -0.001015923342649368 0.0001948931728976813 0
6038 -0.000249728849031446 0.0009295025634502199 0
6039 -0.001139368653705788 0.0002379020071430871 0
6040 0.0008340678260980252 0.0006646857512959318 0
6041 -0.001345682537463594 -0.0004614591652486535 0
6042 -0.0007376029150028828 -0.0008028458683811797 0
6043 0.001447413303642054 0.0008013707399586796 0
6044 0.0003375767302087743 0.0001149828030746972 0
6045 0.001010706320211056 0.001190828562639783 0
6046 -0.0009584360147108973 -0.0003196558412777106 0
6047 0.0004022812286936974 -0.001183274418483882 0
6048 -0.0004487769977728036 0.001325265006617946 0
6049 -0.0004005129376429074 0.001089842286548157 0
6050 0.0004066377869491862 -9.718467607940901e-05 0
6051 -0.0004682112416107596 0.000833786450185384 0
6052 0.0003495426706634841 -0.001629523863260475 0
6053 0.0008624859999051826 0.001016188629319048 0
6054 -0.0008856983837617206 -0.0009772336088343866 0
6055 0.0006353468397591481 0.0006306034248786666 0
6056 -5.821161361809797e-05 -0.0003649188789860237 0
6057 0.0005969219549777946 0.0008686559034338749 0
6058 0.001077575286924099 -0.0002846716088877424 0
6059 0.0002586943996364165 -0.001007055758683438 0
6060 0.0008462079891714979 -0.0006730960891104237 0
6061 0.0008444300685861502 -0.0007194033413705063 0
6062 0.0009087375226891041 -0.0007448470005725848 0
6063 0.0002815232908655021 -0.0002322993890805544 0
6064 -0.0002343172944936255 -0.0001979199979856891 0
6065 -0.0002304836530161342 -0.0001569461532080066 0
6066 0.000324087122033579 0.0001967954000540709 0
6067 0.0007716958528395445 0.0008198670996704247 0
6068 -0.0007447988195610066 -0.0006130174352876836 0
6069 0.0001466084520538305 -0.000352916848243055 0
6070 0.0002039525763103945 0.0002315620893789565 0
6071 -0.001504923849210884 -0.0004309752018683034 0
6072 -0.001524711366244757 -0.0004615551863237779 0
6073 -0.001567033002107577 -0.0004549106386279023 0
6074 -0.001548230304578092 -0.0004941392385299653 0
6075 0.0003855832110359776 -0.0007887712474230575 0
6076 0.0003624009650839658 -0.0008234270526982639 0
6077 0.0004028583786884107 -0.0008284153375401951 0
6078 0.0003795416524251172 -0.0008611919364346307 0
6079 0.000419695329917914 -0.0008658521096497128 0
6080 0.001012396865912313 0.0003986952221545428 0
6081 -0.001562873484294936 0.0002410148618502511 0
6082 0.0002781837204004347 -0.0007313539389081115 0
6083 0.0004799423637036742 -0.001388106442782268 0
6084 0.001083405177567001 -0.0001573978187888924 0
6085 -0.0002211901932868491 0.0008084869969879008 0
6086 -0.0002302514767415601 0.0008524401591950924 0
6087 0.0003395748776043546 -0.001010696978519 0
6088 -0.0002466700199970695 0.0001082494441975648 0
6089 -0.001354812457116007 0.0002750911606399482 0
6090 0.001245634033427153 -0.0002421698070381155 0
6091 0.001458485403661545 -0.0003118751049326675 0
6092 0.001495040111679191 -0.0002969536930974869 0
6093 -0.0002626890782947524 0.0007566419458649671 0
6094 -0.0002213328890437275 -0.00105944169583826 0
6095 -0.0005430137035645116 9.917993588397711e-05 0
6096 0.0006227345664887336 -0.0001327018122810551 0
6097 0.001051436077850788 -0.0002167374345297892 0
6098 -0.0007555998878867998 -0.0006973350989171314 0
6099 -0.0002297974271127917 0.0005197363369773325 0
6100 0.0001522612233289676 -0.0006057721533890565 0
6101 -0.0008628413782201778 0.0003367278704860559 0
6102 0.0001964403940675323 0.001051260492380342 0
6103 0.0003025693773554655 -0.0007909877820854679 0
6104 0.0003191282373934385 -0.001042854766216129 0
6105 -0.0003204870616774986 0.00108450845879484 0
6106 -0.0005121738663081009 -0.0007454884168834454 0
6107 0.001382358487991209 0.0004585859966811506 0
6108 -0.0007137109319847332 -0.0006408475098470793 0
6109 -0.00111497894960989 0.001026389531255005 0
6110 0.0001512832652810144 -0.0002728732244530194 0
6111 -0.001508112313595163 -0.0004982107356131405 0
6112 -0.001530924928146246 -0.0005318516263652884 0
6113 -0.001055944248935389 -0.0004165473387453044 0
6114 0.0002254165909523086 8.787529484887759e-05 0
6115 0.0002577606640273484 6.259821700260985e-05 0
6116 0.001042845101007485 0.0002686939263730634 0
6117 0.0002826791165709151 0.0002899455676965651 0
6118 -0.0009765232474583945 -4.128656551173043e-05 0
6119 8.011139527504244e-05 0.0003306158342025485 0
6120 7.825291909226635e-05 0.0002947151742399682 0
6121 0.0001130660769836787 0.0002768280381657297 0
6122 0.0001542893649317505 9.489415087206143e-05 0
6123 0.0009866198924578492 2.288125319814417e-05 0
6124 -0.0001275755896465511 0.0001237114200030053 0
6125 -0.0001770332120582584 0.001024248771019143 0
6126 0.001107947686262942 0.0003759841998903368 0
6127 0.0006463725206971981 0.0008215585864012833 0
6128 -6.317305461675379e-05 7.583260121946199e-05 0
6129 0.0006736372061315506 -0.001483635652737116 0
6130 -0.0001475947596879524 -4.090903523970982e-05 0
6131 0.0003986707805391795 -0.0008988047013976417 0
6132 0.000499657146449652 -0.0008862753443949342 0
6133 -0.0008674730900612219 0.000267342915183498 0
6134 0.0007973398124847468 -0.0001218233678476967 0
6135 0.0008095249803757266 -0.0002067178518353969 0
6136 -0.0004501892362637622 -0.0009370062174902062 0
6137 0.0009916252272742301 -0.0001286524414666151 0
6138 -0.001110720427931882 0.0009575347653035469 0
6139 -0.0001545876668207581 0.0002319576532037438 0
6140 -0.0002618875809155793 -0.001534990060901777 0
6141 -0.0003982955851814912 0.001167170438480259 0
6142 0.0004538754327653667 -0.001344427753588913 0
6143 0.0004144356802661148 -0.00112162207767244 0
6144 0.001415921795973036 0.0004730736013722258 0
6145 0.0007571124728890324 -0.0007748252659198299 0
6146 -0.0009626822836781635 -0.001101760968536311 0
6147 0.0003265838815514681 -3.342957651613931e-05 0
6148 0.0003196345683680013 -0.0001357557860346197 0
6149 0.001121066320091227 -0.001073589903192616 0
6150 -0.001408468065928937 -0.0004437778790318375 0
6151 -0.0004735357064382287 0.001387451623921502 0
6152 -0.0002263373460821887 -0.00114301840371723 0
6153 -0.001044577515558031 0.0002207763946980353 0
6154 -0.0006764199829227853 0.001488499550979553 0
6155 0.0002065448939488228 -0.001068043886755467 0
6156 -0.0002854975326592768 0.001006103972996669 0
6157 -0.001428001047067982 0.0002790926599512814 0
6158 0.00117373097852243 -0.0002382521444321604 0
6159 -0.000959903688776255 0.0003269250643045072 0
6160 0.0001581205059934407 -0.0008729666156615475 0
6161 0.0001490645136264133 -0.0009138236742413987 0
6162 -0.0006863997148858194 -0.0005735380076173052 0
6163 0.0009929029771706815 0.001085065030319706 0
6164 -0.0007554151878051001 -0.0009083776900247284 0
6165 -0.001443723978247403 -0.0004492514905955414 0
6166 -0.0004699603254787585 0.0009373960861771731 0
6167 0.0009563145575757375 0.0002581884798530326 0
6168 -0.0001957421364198937 -0.0009934616376380653 0
6169 -0.0005026086237478066 0.0008601883216007323 0
6170 -0.001063019414449067 -5.21548493107177e-05 0
6171 -9.435937303878271e-05 0.0003840364969114941 0
6172 0.001066714960525886 0.001137039737554903 0
6173 0.0004369092752645691 0.0007176391843918408 0
6174 -0.0008357805987753903 -0.0007234460453351126 0
6175 -0.0004838117366726765 0.001488548686941899 0
6176 0.0005470059310133915 -0.0008845774559349547 0
6177 -0.000236219769612844 -0.0002801075162002917 0
6178 5.548397336399841e-05 -0.0009899666433411708 0
6179 -0.0001648870827566605 -0.0002462267587518299 0
6180 -0.001215146581352957 0.000237536846129779 0
6181 0.001385008351438872 -0.0002819380104499 0
6182 0.001013177870198287 -0.0002741635295024346 0
6183 0.0009767307204134599 -0.0002882286655343351 0
6184 -0.001492220240299155 0.0002599191731296375 0
6185 -0.0008699221253471299 6.65001277874405e-05 0
6186 -0.000344475660665338 5.127756335510598e-05 0
6187 -0.0005816688171819361 0.0008492567175136486 0
6188 0.000692074139323812 -0.0007431893214683829 0
6189 0.0002534236008004719 0.001100138922843757 0
6190 -0.0005606912369570947 -0.0008096497925495099 0
6191 0.0005503588714570155 -0.001479383505484856 0
6192 -0.0008273204074752083 0.0001380670214373957 0
6193 0.0007627177468763543 0.0007496922821885353 0
6194 -0.0007424202221885567 0.0007730258220574789 0
6195 0.0009884536186074995 0.0002245254772928605 0
6196 -0.001030880484084309 -8.58177941050207e-05 0
6197 0.0002496202573098781 0.0009899399369418685 0
6198 0.001438832354011004 0.0005285458293507866 0
6199 -0.0004350449391467454 0.0008036742205652808 0
6200 0.0003604705629921199 0.0004257040472568179 0
6201 -0.0004232190566193661 -0.0004679226949445388 0
6202 -0.0003006176389959454 -0.0001777679408888482 0
6203 -0.001146511758697017 0.001056960672862057 0
6204 -0.0004401574049816663 -0.001527612954382064 0
6205 0.001070546658353194 0.0003589934727235711 0
6206 0.0009659608219244498 0.001304674373201125 0
6207 0.0009882853395384995 0.001334032521576221 0
6208 -0.00102222379600238 0.0003016253246968185 0
6209 0.001579556487144044 -0.0005580402501497238 0
6210 -0.001154836338769522 -0.0004000628758672954 0
6211 0.001114127949045544 0.001207010201360561 0
6212 0.0004925144851566984 0.000867610660006803 0
6213 0.0004877194045158016 0.0009057498235215429 0
6214 0.0002939891960872915 -0.0001648100058979524 0
6215 0.001117266183241387 -0.0001869522053653554 0
6216 0.0002634800548730273 0.0002579997441928604 0
6217 0.0003620038103833978 -8.572067174869264e-05 0
6218 0.0007746726548046864 0.0009274635732217023 0
6219 0.0004424226895872586 -0.0008344332523475557 0
6220 -0.000464598636390608 0.0008711237626113698 0
6221 -0.0008706288074433643 0.0002031875432897017 0
6222 -0.001587996316044058 0.0002173139161034489 0
6223 -0.000606003567388378 0.0001139611925659786 0
6224 0.0005597447026648677 -0.0001179205555990535 0
6225 0.0005140575035066348 0.0006780872204990936 0
6226 0.0005371899007337504 0.0006452962011766205 0
6227 0.0004163204007714282 0.001552972539011906 0
6228 0.0004346798413448392 0.001587014621274229 0
6229 0.000475830167807813 0.001587218842234431 0
6230 -0.000531408089833807 -0.0007090323843683246 0
6231 0.0002071476400242464 -0.0005594233262405727 0
6232 -0.0001749110104175129 0.0005660851641258162 0
6233 -0.0003500203975942962 -0.0004213507870807253 0
6234 0.0004336692220171897 0.0004722759551206313 0
6235 0.0003830366529890968 -0.001297141950967914 0
6236 -0.0004692254538871579 0.001213541254863583 0
6237 0.0002367405483655705 -0.0002509195660123914 0
6238 -0.001491480462244296 -0.0005360678787601299 0
6239 0.001112870773881336 -0.001006502195468425 0
6240 0.000103128321393449 -0.0009618726722174411 0
6241 -0.000312043769749584 0.0008153941411478157 0
6242 0.0003444771706915061 -0.001105940467296491 0
6243 0.000301895689522231 0.001162774061201233 0
6244 -0.0002172417530947116 -0.001437852402498666 0
6245 5.298846438086735e-05 -0.0003431180289039031 0
6246 -0.0008218561353540855 -0.0005173860455805064 0
6247 0.0009658253000509252 0.0004648223723136852 0
6248 -0.001576962402993279 0.0005279168006108215 0
6249 -0.0008614239187898866 0.0003740951213137788 0
6250 -0.0008923995580631884 0.0003551091916831694 0
6251 0.000174210238319151 -0.0009738934031766365 0
6252 -9.612093301465246e-05 -0.0003341966602826138 0
6253 0.0002436933905080702 0.001599715511091058 0
6254 0.001168967647749084 -0.0009238513646420568 0
6255 0.0008511421494744096 -0.0004474466965798917 0
6256 -0.0003875488000150598 0.0001103765510226252 0
6257 -0.0004481859238453982 0.001435078222822531 0
6258 -0.0008988306001226325 0.0004305220722217149 0
6259 -0.001515905863646853 -0.0005599373058566597 0
6260 -0.001492855092025138 -0.0006299028242034547 0
6261 -0.0003158706206009227 3.093432679563225e-05 0
6262 -0.0002535205051784538 0.0002427918702225587 0
6263 -0.0003705275907737714 0.0007893452313563185 0
6264 -0.0007565753479006897 -0.0008705218271222049 0
6265 0.0009922405970093757 0.001123051206187705 0
6266 -0.0001337677854605449 0.0002818613384002953 0
6267 0.000280537370213694 0.000203684731202924 0
6268 0.0009968412708749189 -9.016054759679052e-05 0
6269 0.001157169256783128 -0.001072501625597921 0
6270 -0.001026530299400327 -0.001234534602432022 0
6271 -0.0008739438503830132 0.0007358528460105887 0
6272 -0.0008853010642577272 0.0007008653571294297 0
6273 -0.0004894227431426999 -0.0008788360406816783 0
6274 -0.0009692102722839818 -0.001163162609035164 0
6275 -0.0004806067972569498 -0.0007963872569623301 0
6276 -0.0004939643512617808 0.001558839569838784 0
6277 -0.0004802512729442781 0.00159853612480349 0
6278 -0.001036185872175627 -0.000260502858279073 0
6279 2.502400604628389e-05 0.0003620799905925382 0
6280 0.000898333667054712 -3.288981979461749e-05 0
6281 0.0004362569112848466 -0.0009034276447293819 0
6282 -0.000834439358995157 -0.001012383453086119 0
6283 0.0009137450246717478 0.0009810387850673144 0
6284 0.0003967215725790956 -0.000961508451052944 0
6285 -0.000717686478967814 -0.0007714135887345872 0
6286 -0.0006987087165153098 -0.0008094201135316168 0
6287 -0.0001344729504004393 0.0003962942867915081 0
6288 0.0009227479387876586 -0.0003753669539443445 0
6289 -0.0003052779918066722 6.568247835533414e-05 0
6290 0.001342554212593851 -0.0003321878290718249 0
6291 -0.001257892277949309 0.0001850731386062383 0
6292 -0.0003115550825901266 0.001044938453909326 0
6293 -0.0001915233921728608 0.001075761424187635 0
6294 -0.0003982934138602021 -0.001495281363267931 0
6295 0.0006606946022897838 -0.001434834072771946 0
6296 -0.0002827230370690417 -0.001463829142822612 0
6297 0.0008142701166812512 -0.0001612546142564617 0
6298 7.659403222242166e-05 0.001074559474431445 0
6299 9.402374660031142e-05 0.001095198685737071 0
6300 -0.0003118682435310073 -0.001001035497568794 0
6301 0.0003413611774368879 0.00147375546210005 0
6302 -0.0001919080190927341 0.0002099442485373553 0
6303 -0.001594229461268104 0.0002461627931515369 0
6304 0.0009341499337993413 -0.0003362707630995793 0
6305 0.0001266050629517509 -0.0004091927248651676 0
6306 0.00145567658602988 0.0004354089689333237 0
6307 0.0006022584077436602 0.0008059470776087905 0
6308 -0.0009625639171410057 -0.0004102439793862199 0
6309 -0.001003421145232619 -0.0003921389674847377 0
6310 0.000825794829529677 0.0005730735683946191 0
6311 0.0007929925561293003 0.0005865415861046569 0
6312 0.001497909890207732 0.0005542989232046036 0
6313 0.0006944665735354892 0.0008215718365872841 0
6314 0.0002574478221008072 0.001466646127850342 0
6315 0.0008527690328453429 -0.0005968754830570999 0
6316 0.0007938625480052189 -0.0007590461933748145 0
6317 -0.0004226084247974953 -0.001575720722304495 0
6318 -0.0006499244552134628 0.0001602703409780044 0
6319 0.0005158238148397825 -7.161140718702791e-05 0
6320 -0.0004328512746732799 8.655771997372713e-05 0
6321 0.0007325538945108679 -0.0001430610908158678 0
6322 -0.0006238077148240261 -0.0008291510010844457 0
6323 0.0001824942953539519 -0.000493767775314958 0
6324 -0.0001995643550878074 0.0006317407150514307 0
6325 0.0002456829040491959 -0.0007084983268523671 0
6326 1.14854118995519e-05 -0.0003361280760681951 0
6327 0.000308816776005641 -7.565188160465306e-07 0
6328 0.0004949407195861962 0.0007101449781729192 0
6329 0.001026890797609797 -2.481428499826584e-05 0
6330 -7.384024510932198e-05 0.001001121958618509 0
6331 -0.0001181602227565797 -0.001041129634205896 0
6332 -0.0001527729799117726 -0.001063939742598028 0
6333 0.00138284978438404 0.0004975073876962914 0
6334 0.001125614135285787 -0.0009652541269568794 0
6335 0.001501581949796074 0.0004041329290473583 0
6336 0.0002021799084838437 -0.000993598414228528 0
6337 0.0008339831083130959 -0.0001194763728690414 0
6338 0.0003166498968340338 0.0009914756004608398 0
6339 -0.000917899842802918 2.518164549625918e-05 0
6340 -0.001472362220863823 -0.0003816375589326837 0
6341 0.000413792177422499 -0.000746250748905775 0
6342 -0.0007473004572169161 0.0007124038915688243 0
6343 9.505167536315536e-05 -0.0003429127400812577 0
6344 0.0009943544862040295 -0.0003474011247527223 0
6345 0.001190263437819908 0.000369410778050074 0
6346 -0.0008940245735308232 0.0006266405044414308 0
6347 0.0005956879426071366 0.0006333729690331371 0
6348 -0.001003140524950118 -0.001097574355588939 0
6349 -0.0002640468274971689 -0.001582277517429986 0
6350 0.0009669130831185987 0.001061022149958 0
6351 -0.0007812980568100812 -0.000932404184633634 0
6352 0.0009603608204801502 -6.40525544412689e-05 0
6353 -0.000518956862729982 -0.0008639087055389582 0
6354 0.0003639921589803139 0.00149603021101686 0
6355 -0.000380799685633592 -0.000450538549503246 0
6356 0.000402889933977894 0.0004430881926981108 0
6357 0.001628405050519597 -0.0001670739891384605 0
6358 -0.001078873133786825 0.001089132747781805 0
6359 -0.0009252296588743726 -0.001281077050145787 0
6360 0.0002535187350101995 0.001061283323709627 0
6361 0.001053339627440146 -0.001072879916280109 0
6362 0.000824427961254038 0.0007074833224035351 0
6363 -0.0009991814796998827 -0.0002752584643070699 0
6364 -0.0008654595974006476 0.0007966052894124819 0
6365 -0.0004413203050018897 0.001250006442031516 0
6366 0.0004109418018743659 -0.001260676763799981 0
6367 0.001277356115400318 -0.0002232434550638662 0
6368 -0.001323090375142842 0.0002940175126141979 0
6369 -0.000205034440993785 0.0001062585880336586 0
6370 -0.0001851039281877756 0.0001432245774232458 0
6371 -0.0002670362447984692 -0.001215880094959363 0
6372 0.0002499694282531699 0.001381343398158998 0
6373 8.25872302882567e-05 0.0002559727810116903 0
6374 0.000119271959826325 0.0002369042807741057 0
6375 4.135992079542494e-05 0.0002699348755885017 0
6376 0.0008559025367267382 0.000957699811753372 0
6377 -0.0008900054481257934 -0.001030800397267753 0
6378 -0.0009494047809502207 -0.001073101440896621 0
6379 0.0007904427263287079 0.0006462201907771509 0
6380 -0.000794269021229679 -0.0005526691633315856 0
6381 -0.001007635982144508 0.000375485893933875 0
6382 -0.000804122364163503 0.000749831634910864 0
6383 0.001181966547476623 -0.001111419531929804 0
6384 -0.001568531005869569 0.0001619200368914249 0
6385 -0.00031761312025539 0.0002435087869903996 0
6386 0.0008540157059922566 8.790106787117157e-06 0
6387 0.00156888377431591 -0.0001217558481691733 0
6388 0.0002900560787694097 -0.001587523009889901 0
6389 0.0001096167979490284 0.001159375237581942 0
6390 0.001040830586384738 0.0003062455372350016 0
6391 0.0009971465564748696 0.0002710824164627449 0
6392 0.0002501891722219685 0.001144064050351639 0
6393 -0.00102218322746423 -3.923984182168221e-05 0
6394 -0.0004140623917723892 -0.001450495803755981 0
6395 -0.0001090558412573227 0.0009693135846424365 0
6396 -0.0009779713264687576 -1.995307613647794e-06 0
6397 2.308144850160144e-06 -0.001665601304373077 0
6398 -0.001358731035696154 -0.0005033371824287031 0
6399 0.0003770368190598858 0.0001659093966340567 0
6400 -0.0009267589466890253 -0.0002779034073880565 0
6401 -0.0007886972703095375 0.000397780386085304 0
6402 0.0002434279549000645 -0.0005073391045196682 0
6403 0.0004853420133121427 -0.001194125182946125 0
6404 -0.001646469391355108 -0.0001470850274209412 0
6405 -0.0001386306955416951 0.0006181693858467207 0
6406 -0.0004108233065240249 -0.0007303668202318634 0
6407 -0.0003669200935641132 0.001316558022885374 0
6408 0.001096761414062974 3.508028097691547e-05 0
6409 -0.001503684845350255 0.0005523410732994919 0
6410 0.0009509767558482962 -0.0006648379517635548 0
6411 -0.001418927904190483 -0.0008201594785990456 0
6412 0.000788178932283702 0.0007065534202363667 0
6413 0.0004636451341609374 0.0004469183689567139 0
6414 -0.0003200444854505488 -0.0004467083732446424 0
6415 0.001522179775973633 0.0005870859178855307 0
6416 -0.0009980239900151632 -0.000339299979612978 0
6417 0.0005317656803051258 -0.001419338612230252 0
6418 -0.000266445860099127 0.0008231973136836259 0
6419 -0.0002705681636790651 0.0008624259763264045 0
6420 -0.001000242577131601 0.0003360797300864994 0
6421 -0.0001453289459730613 0.0009926189962926487 0
6422 -0.001290120256573801 0.0002342871954522519 0
6423 0.001310326233969359 -0.0002829737722258111 0
6424 0.0007098810438538433 0.0006208014431398822 0
6425 0.0007408843709918366 0.0005986993831921794 0
6426 -0.00110018154248435 0.0002200338937019218 0
6427 -0.0003186448491092484 0.001633785191714009 0
6428 -0.0009567691535270528 -0.001337397984046456 0
6429 -0.001106759593702841 0.0009151643678189264 0
6430 0.001182626442840025 0.0003146319237734234 0
6431 -0.0007028322718792949 0.0006773320519055684 0
6432 -0.0002256018964015898 -0.0005744578359450201 0
6433 0.0004242107334866541 -0.0003538761712662452 0
6434 -1.961621966686113e-06 -0.001270935832976757 0
6435 0.0005580877232098963 0.0003191689062563366 0
6436 -0.0001814881913900096 0.001468110316131881 0
6437 -0.000607660546843349 0.0005510506544213687 0
6438 0.001277798167875971 0.0001883505262892232 0
6439 -0.0007415375365665914 -0.0001219944231012134 0
6440 0.0006707739154862461 -0.001042572889699617 0
6441 0.0005152993457113775 0.001329510657566402 0
6442 4.215208304489472e-05 0.0007716323191001437 0
6443 -0.0008542237288429417 0.001239747372854741 0
6444 -0.001322648322667189 0.0007056114939672877 0
6445 0.001049435224598832 0.0008610860637421555 0
6446 -0.001461247981232665 8.823956865900677e-06 0
6447 -0.0006987491590680733 -0.001132336174411278 0
6448 0.001139198509310492 -0.0005084370108121632 0
6449 -0.001232885037955528 -0.0006639115805870316 0
6450 0.0008835195300058804 -0.000379329817625303 0
6451 0.001044026784274547 -0.0003821556133279637 0
6452 0.0009520422130305559 0.0009853540053533802 0
6453 -0.0007961421706363486 -0.001008068232800054 0
6454 4.275743991930587e-05 -0.001495803173470968 0
6455 0.0006028067850958884 9.430156576212566e-05 0
6456 0.0005600184075973692 0.001104643317072192 0
6457 0.001183917571196485 -0.0007333043513063745 0
6458 0.000468929795372646 -0.0005787435117604562 0
6459 -0.001416528919346675 -0.0002160433836283096 0
6460 8.687114493088664e-05 0.0005467649786059325 0
6461 -0.001188165976069535 -0.0008887789210812425 0
6462 -0.0006968184746805997 -0.0003468617635954242 0
6463 -0.0001808828345155977 -0.0007993251764392311 0
6464 -0.0001367691295040178 0.00124324297563767 0
6465 -0.0005629414849573572 0.000326183313927158 0
6466 0.001322517229761963 -3.651681420498723e-05 0
6467 0.000715492977372238 -0.001267440230193829 0
6468 -0.0006540300971820816 -0.00135720351490549 0
6469 -0.0008095046669569491 0.001014880032360529 0
6470 -0.001277929260781196 0.0004807441534730775 0
6471 0.001094154286484823 0.0006362187232479446 0
6472 -0.0003905660058754949 0.0004773563390006521 0
6473 0.0006413052744545085 -0.0004275704866869619 0
6474 0.0002151329190011685 -0.001344630148397473 0
6475 -8.507355433735316e-06 -0.0006481521513657369 0
6476 -0.001244153440264812 -6.487035855481641e-05 0
6477 0.000259246624012749 0.0006979380036794267 0
6478 -0.001015790496987673 -0.0007376058960077487 0
6479 -0.0005244429955987371 -0.0001956887385219302 0
6480 0.0007751822641777509 0.0002454745908356199 0
6481 -0.001105553781699334 0.0006319171785465709 0
6482 -0.0004816546181002194 -0.001206030489831995 0
6483 0.0008878684564541003 -0.001116267205120334 0
6484 0.001494892708843824 0.0001146562108685072 0
6485 0.001356293050278348 -0.0005821313262328803 0
6486 0.001266529765566686 0.0007873917483214388 0
6487 0.0007323938866792315 0.001255816342145685 0
6488 -0.0006371291878750867 0.001166053057434023 0
6489 3.560634957784531e-05 0.001394416000711164 0
6490 -5.572866399623934e-05 0.0008985282718800779 0
6491 0.00104357547200794 -0.0001518973216219746 0
6492 0.0003261017609920079 -0.0002269028031726544 0
6493 -9.713334700263178e-05 -0.001144654435492556 0
6494 -0.0008397115521921154 4.348194298404187e-06 0
6495 -0.0008516687769125748 0.0008659896947192785 0
6496 -0.0006031068065605924 0.0001772320296521763 0
6497 -0.0002210481561188332 -0.0009482764607142122 0
6498 -0.0007369837962838347 -0.0004958130478704061 0
6499 0.0005626414634926528 -5.464971851285513e-05 0
6500 0.001143752249593249 -0.0008822556355813547 0
6501 -0.00122833129767277 -0.001037730205356223 0
6502 0.0005170687539127422 0.0009626628644922251 0
6503 0.001053988964881588 0.0004872674389729642 0
6504 0.0004201276206754313 0.001455792055050601 0
6505 0.0002293195855490484 -0.001039557515910734 0
6506 -0.0002766599164259555 0.00159439171361608 0
6507 -0.001081741005709921 -0.0003847633445747085 0
6508 3.480404739406874e-05 0.001674943394918228 0
6509 0.0005709821596628664 -0.0009177305223079844 0
6510 0.0001738713342147706 -0.0002363491960527084 0
6511 0.000139101234709438 -0.0002353357739727606 0
6512 -0.0007343183348971753 -0.0007349718118679867 0
6513 -0.0006935159335233097 -0.0007410315320650662 0
6514 -0.0007155173171940475 -0.0007037843311080339 0
6515 -0.001332340043709765 -0.0005383876328624699 0
6516 -0.000759728699081939 0.0001341767092605549 0
6517 -0.001024014048461921 -0.0004432809747707723 0
6518 -0.001000036994871156 -0.001190622889637636 0
6519 0.0003279066647706397 0.000398320587380169 0
6520 -0.0004557830047943304 -0.0004953062056728426 0
6521 -0.001536664026102707 0.0002797003283985963 0
6522 0.000583356989986768 -0.0008314158963385969 0
6523 0.0007356036803516961 -0.0007326422985369622 0
6524 -0.001035330733324103 0.0001154657798450436 0
6525 0.0004978271455695752 0.0005567488929273028 0
6526 -0.0002863235432005926 -0.0003373621517602871 0
6527 0.0003599707678798197 -0.0008979597327234893 0
6528 -0.0006495166115600002 0.001464224611310669 0
6529 0.001089108011577796 0.001176025816802914 0
6530 0.0003384524680511583 0.0004610801359726552 0
6531 -0.0004452371515603277 -0.0004325466062287016 0
6532 -0.001540392118606431 0.0004067324665084563 0
6533 0.001015272874136619 9.166387777930568e-05 0
6534 0.000419555639293609 0.0009343834271524613 0
6535 -2.007037578348699e-05 0.0003013271207900635 0
6536 -0.001002891286617661 -0.0002139196529373395 0
6537 -5.912283318535036e-05 0.0003039243373766414 0
6538 -0.0002634375664657089 -0.001166280637610063 0
6539 -0.001165560759431669 0.0001992866050066472 0
6540 0.001496037525997754 -0.0002573418468451018 0
6541 -0.0006822273962109527 0.0007731204163792796 0
6542 0.0007841839981310284 0.0008835871273007152 0
6543 0.0008814235543622905 -0.0008213313899650837 0
6544 0.0001182562500216733 -0.0003045254393433371 0
6545 0.0001494741159845638 0.0002636457168471686 0
6546 0.0003658372653756331 -0.001048004393418466 0
6547 -0.0005335469697200431 -0.0005852430624931398 0
6548 -0.0005477078965236727 -0.0006249223348410992 0
6549 -0.0004968824229141076 7.756510104606395e-05 0
6550 0.0006688658471391376 -0.0001543166471189679 0
6551 -0.0007120952839556987 0.0001506423207107605 0
6552 0.000456115254600546 -8.222568612706976e-05 0
6553 -0.0004968452882565802 -0.0005585283971408639 0
6554 0.0002913363472969991 0.0003356215222412047 0
6555 0.001025372924872007 1.257191703077888e-05 0
6556 -0.000839220979113109 0.000178585014621951 0
6557 -0.0008656252013154382 0.0004600765664181504 0
6558 0.0001592746784273439 -0.0004309370325534865 0
6559 -0.0002242233287725029 0.0006929637064272885 0
6560 0.0002040435767031243 -0.0006553418267310648 0
6561 -0.0001747463996759847 0.0004697774552108476 0
6562 -8.210102463760919e-05 -0.001056243897336313 0
6563 -3.853038816949774e-05 0.0009853188583696343 0
6564 -0.00118424022955148 -0.0003819440866865277 0
6565 0.001325682924933008 0.0004691735345470875 0
6566 -0.0002257463667155616 7.231885784805872e-05 0
6567 -0.001035408473703069 0.0002620815113714599 0
6568 0.0008225415404011642 -0.0004115172790832266 0
6569 0.0008194294518990111 0.0009406601242592885 0
6570 0.0009177630987418 -6.125522535319912e-05 0
6571 -0.0008669490292541262 0.0005855524824754727 0
6572 -0.0008647695377509756 0.0006624668621603661 0
6573 0.0003046000686818809 0.0001013437550900459 0
6574 -0.0004353653632067048 0.001189631282934994 0
6575 0.000417039923984123 -0.001320021627498988 0
6576 -0.0003781752369437583 0.00105837085712833 0
6577 0.0004247393462875566 -0.001590157736736871 0
6578 -0.000166660406316432 0.000913536150882019 0
6579 -0.0001460901174323552 -0.001104024176064531 0
6580 0.0016006749313618 -0.0003312691383362797 0
6581 0.001567919004059257 -0.0003073826259940979 0
6582 -0.0005204850506973928 -0.000815992034926415 0
6583 0.0008879368760088573 -0.0007799546662825434 0
6584 0.0008575154566067615 -0.0007550329877192773 0
6585 -0.001320873827474827 0.0003330991422332507 0
6586 0.001279572663068333 -0.0001841618254448145 0
6587 -0.0001706714485297202 0.0002696148861081259 0
6588 -0.001051885945701747 0.0001813240903643906 0
6589 0.000288359940669646 0.00120035932586056 0
6590 -0.0002314833992799478 -0.001403506120362317 0
6591 -0.001021503311727601 0.0001543862801487557 0
6592 -0.0002203755226931168 -0.001100836855344044 0
6593 0.0005061603315321034 0.0006004071900184682 0
6594 -9.916835456412472e-05 -0.0002920811370305803 0
6595 0.0002775377405765954 -0.0001292332557733816 0
6596 0.001078849604321176 -0.0009355621502974649 0
6597 -0.0005420894873751145 0.0008460964495491806 0
6598 0.0005395926792775128 0.0007121377947068682 0
6599 -0.0002730632501779213 -0.0002909074548781924 0
6600 0.0008601637746869682 0.000513843917605987 0
6601 -0.0009307405054529178 -0.0004701720276293388 0
6602 -0.0004293212453208385 0.0008464160882555734 0
6603 0.0002208564625393038 4.667803638270709e-05 0
6604 0.0002511799424722619 2.282501972943296e-05 0
6605 0.0002919899848830813 3.797803389828782e-05 0
6606 -0.0005234119347116554 0.001446373956872924 0
6607 0.0007185109553258137 0.0008520252242051969 0
6608 0.0008465226680367303 -0.0001921165676602186 0
6609 0.0008793296500151077 -0.0006919070061081867 0
6610 -0.0003272766330050341 -0.0001377469944333864 0
6611 -0.0001296744469741834 -0.0002288352127098734 0
6612 -0.0003405792969001293 0.0009831885806836935 0
6613 -0.001154039437115646 0.0009543306987974778 0
6614 -0.0001856095152448865 -5.816522681243076e-05 0
6615 -0.0001893456626048288 -9.920531515783251e-05 0
6616 -0.0008959708119902683 0.0002368450061529246 0
6617 -5.468381884353427e-05 -0.0001952376635067922 0
6618 -2.971632282464282e-05 5.159942161256478e-05 0
6619 3.309645732438524e-05 -3.800047211913184e-05 0
6620 7.07457721865154e-05 -2.100035297292168e-05 0
6621 6.656597947329973e-05 -6.214194748404587e-05 0
6622 0.0001167314238560313 7.798373916106367e-05 0
6623 0.0001501127201850949 5.393135707427635e-05 0
6624 2.892233050391691e-05 -7.913048509749106e-05 0
6625 9.99673398072305e-05 -8.643685199982628e-05 0
6626 9.581150114486003e-05 -0.0001273635211821958 0
6627 0.000129162308624342 -0.0001516549977315154 0
6628 0.0001257469191479842 -0.0001973539675938054 0
6629 8.485453851852618e-05 -0.0002098730404547932 0
6630 -0.0001997681131036105 0.0008818941891918846 0
6631 0.0002166913051993079 5.559710920316492e-06 0
6632 0.0006466292172849323 0.0006731984666427702 0
6633 -0.0005706666867657432 -0.0007041077465440235 0
6634 -0.0005497809137262829 -0.0006668824107205748 0
6635 0.0006327385299360203 0.0007794472991970191 0
6636 -0.000886747873285495 0.0001256300371451152 0
6637 2.497867620589453e-05 0.0002324617508449559 0
6638 -0.0003076558362619212 0.0009098759900619414 0
6639 -0.0001097418424289272 -2.373569900153364e-05 0
6640 0.0001872117227792182 -0.000900263865067551 0
6641 9.082612264632771e-05 0.0001821818115774584 0
6642 0.0003226026453072342 -0.0008235581248255067 0
6643 -1.710547852198717e-05 -0.0001783211251934451 0
6644 0.0009873623349452025 -0.0001685215971167209 0
6645 -0.0004275096205126612 0.000919569887049112 0
6646 -0.001288528155478242 0.0002751328515492154 0
6647 0.001311918335064917 -0.0002421281161288483 0
6648 0.0002391854807840875 0.0002072731164215757 0
6649 -0.0002672622339248033 0.0009689422427210039 0
6650 0.001527908894152516 -0.000322244770811661 0
6651 0.000191813951563496 0.000111739054026578 0
6652 0.0004573614268835704 -0.0008719429350034244 0
6653 8.060606329037484e-06 6.83910051240141e-05 0
6654 0.0001649642324906193 -0.001058324638320541 0
6655 -7.592907724876699e-05 -4.780590479445992e-05 0
6656 4.263007480820879e-05 0.0003193033394248827 0
6657 -0.0003392653850888516 0.0008467267733320913 0
6658 0.0009444423856207356 -0.0002648680749016863 0
6659 0.001177127522534057 -0.001031787606918394 0
6660 0.0001041579754714937 -4.51309456625819e-05 0
6661 0.0006772509842663875 0.0006462368411060612 0
6662 0.0001876376322387768 7.093491299930319e-05 0
6663 1.232802244594765e-05 0.0001094184031971538 0
6664 0.0002387146337512614 -0.0009718242188152671 0
6665 -0.0006686449693289171 -0.0006575183655153386 0
6666 -0.0002928064552049898 0.000106095883421296 0
6667 0.0002841148650491021 -3.722854752051044e-05 0
6668 0.0001709529092864241 -9.303436268806313e-05 0
6669 0.0002772539960350777 -0.001042239440867946 0
6670 -0.0002932151929450553 -0.001503532473621866 0
6671 -0.0002335949862677579 0.0007732391260314995 0
6672 -8.371250425436277e-05 0.0003402542364853799 0
6673 -5.443705066615455e-05 0.0001577686237408396 0
6674 -2.114223034403846e-05 -0.000219351351441803 0
6675 -0.0009084383942685392 0.0008143494530143637 0
6676 -7.99976177101463e-05 -8.895035874331429e-05 0
6677 -5.823456231812801e-05 -0.000235970316222471 0
6678 -0.0001517529491130385 -8.214389352324346e-05 0
6679 0.0005692657739989822 -0.001511504902998313 0
6680 0.001552344280455926 -0.0005231146114203844 0
6681 0.0001333829256679602 -0.0001102546951235997 0
6682 0.0007513328092115979 0.0007895837489039956 0
6683 -0.0005043165093344609 0.001518493950111778 0
6684 0.0005654851203643343 0.000615655788901497 0
6685 -2.53019427201846e-05 9.261646073466599e-05 0
6686 0.0004448172077888136 -0.001187218039237067 0
6687 -0.000407636801466642 0.001323125348495325 0
6688 0.0003018832351972157 0.001480083860652215 0
6689 0.0004546606307884624 -0.001423965948469679 0
6690 -0.0001352374661034662 8.314049948290266e-05 0
6691 -5.872168545083778e-05 0.0001168167078557052 0
6692 0.0001624394113215914 -0.0001749682023520233 0
6693 -0.0001137983701542345 -6.492834797392802e-05 0
6694 0.001214200262973804 0.001106800779633488 0
6695 0.001246810280881487 0.001132331658860388 0
6696 0.001252812310687373 0.001089947501444872 0
6697 0.001425062912929587 -0.0002879878341629551 0
6698 -0.0007336988618118927 0.001266875884515476 0
6699 0.0005447356005177053 -0.0003267476596055122 0
6700 0.001169960091629878 0.0008882145754028913 0
6701 0.0006786125902409476 0.0003462974179170695 0
6702 -0.0006210126695355404 -9.486591144048013e-05 0
6703 0.0007912987825172972 -0.001015444378038883 0
6704 0.001259723376341545 -0.000481308499151432 0
6705 0.0006358242127424256 0.001356639169227139 0
6706 -0.001202123455636135 0.0007327400056280184 0
6707 -0.0001050770293705377 -0.0005473293242842877 0
6708 -6.09633243589647e-05 0.001495238827792622 0
6709 -0.0005782242920370217 -0.001105207662750546 0
6710 -0.0004871356798122973 0.0005781791660821013 0
6711 0.001398323034907021 0.0002154790379499592 0
6712 0.0001626769500759457 0.0007987608307608767 0
6713 0.0001185632450643649 -0.001243807321316024 0
6714 -0.001340723114201618 3.595246852663608e-05 0
6715 -0.001112360170924478 -0.0006367830689262958 0
6716 -0.000755202244299186 -0.0005421648959817963 0
6717 -0.000797387626716842 -0.000712196810516365 0
6718 -0.0009060932083428671 0.001115731120788677 0
6719 0.0009975657450989044 0.0007370698116760925 0
6720 0.000506218243709968 0.0001951526541902752 0
6721 0.000618904435986317 -0.00116658914176568 0
6722 -5.383110146661203e-05 -0.001394952085042821 0
6723 0.000372341253986726 -0.000477892423332307 0
6724 -0.0007934070160665218 -0.0002460106751672741 0
6725 0.00122592868837604 6.433427422316513e-05 0
6726 -0.0002774713759015199 -0.0006984740880110801 0
6727 -0.000750618638568003 -0.001256352426477339 0
6728 -0.0006595300263432774 0.0004270344023553073 0
6729 -0.001513117460732595 -0.0001151922952001572 0
6730 0.0004634298662114492 0.00120549440550034 0
6731 -0.001374517802167116 0.0005815952419012234 0
6732 -9.717396455034802e-06 0.0006476160670340828 0
6733 -0.0002333576708899383 0.00134409406406582 0
6734 0.001087329029810566 -0.0006324532628782268 0
6735 -0.001284754517455458 -0.0007879278326530929 0
6736 0.0008359930219389839 -0.00124029496200675 0
6737 0.0002073711894976312 0.0005739102467930131 0
6738 0.0006805184521641153 0.00113178858525927 0
6739 -0.00115742921621445 0.0005078894216601559 0
6740 -0.00129602887477993 -0.0001888981154412294 0
6741 0.0005894298399393895 -0.0005515982435733748 0
6742 0.0007233068296626308 0.0001214468339492088 0
6743 -0.0005763184301138555 -0.0003197164954083434 0
6744 -0.0005335300526153357 -0.001330058246718411 0
6745 0.001443017274328704 -9.371546017901497e-06 0
6746 -0.0004424414403906128 0.0003533285821142384 0
6747 0.000163257484486051 -0.001468657905283885 0
6748 0.001304417615763228 -0.0007061590831192925 0
6749 -0.0006890046223902086 0.001042025300547613 0
6750 0.001214654331051566 0.0006633639914350246 0
6751 -1.62690849372738e-05 0.00127038824382475 0
6752 -0.001067665931502795 -0.0008616336528941581 0
6753 -6.038278994885311e-05 -0.0007721799082521511 0
6754 -9.629881428473733e-05 9.989366289612748e-05 0
6755 -0.0001555333312007184 -0.0001231853090892578 0
6756 -8.477203923710656e-05 0.000931721608384698 0
6757 -0.001179868753705092 0.001029887950452582 0
6758 0.0008746779914226282 -0.0004897023180395476 0
6759 0.0003879064538169741 -5.833325648860767e-05 0
6760 -0.001042199230524639 -0.001197930620054748 0
6761 6.660410330327249e-05 -0.0008888270878157402 0
6762 9.599801958170041e-05 -0.000920482561233255 0
6763 -0.0005620367086252584 0.0009256741600992892 0
6764 -0.0005315592421726785 0.0008900335883855403 0
6765 0.0007647905984734077 0.0005189243570973759 0
6766 0.0007847664101251636 0.0005506186306015442 0
6767 0.00133353361096661 0.0005490789878884877 0
6768 -0.001169266473538309 -0.0003050800588122337 0
6769 -0.0004906484604246751 -0.0009373397014784474 0
6770 0.0005889617257294175 -0.001546419095268262 0
6771 0.0007160249581879893 -0.0006679122352478944 0
6772 -0.0003988893834136061 0.000744406522874146 0
6773 -1.416332249929815e-05 -0.0003725327551240412 0
6774 -0.0001932376657183722 -0.0001401485778489725 0
6775 -0.001482391638432525 -0.000464058654637558 0
6776 0.001520908937238475 -0.0003648774740022578 0
6777 0.001148465907466861 0.0003849125276519794 0
6778 -0.001381993359709675 -0.0004736637948650309 0
6779 -0.0003012747904891337 -0.001545764096946158 0
6780 -0.0002886632989672169 -0.001620107192578535 0
6781 -0.0002426785238882845 -0.00162132442109065 0
6782 0.0005728967056350419 0.0008389433619980027 0
6783 0.0005373055226785053 0.0008627733103007957 0
6784 -0.0003749720591757457 0.001125829450210683 0
6785 0.0003064419215854898 0.0001412818557722642 0
6786 -0.0008369769359706793 0.0007420471141540666 0
6787 0.000473040620207243 0.0005257212077052152 0
6788 -0.0003107412132359794 -0.0003680023949933883 0
6789 -0.0002262887034672986 -0.0001158622625835484 0
6790 0.0008836526827267198 -0.000177533114954952 0
6791 0.0007994126672852007 0.001017038693210376 0
6792 -0.0009486608697994098 -0.0009761752866708382 0
6793 0.001283804365693789 -0.0009959087709176481 0
6794 -0.0001150578898408516 0.0002471475122960575 0
6795 0.001431392199989877 -0.0008220134648173563 0
6796 0.001456346369697063 -0.0008595120949700947 0
6797 0.00153548678032856 -0.0002781703445872653 0
6798 0.0006262214252774817 -0.0001765659321749155 0
6799 -0.0005395268447757636 5.53158159901163e-05 0
6800 0.0009598243526870736 0.000301898818496836 0
6801 -0.001135144006977032 -0.001151655616213538 0
6802 0.0004366535205756632 -0.001551341469240162 0
6803 -0.001059507276493702 -8.451632522830002e-06 0
6804 -2.793755298624122e-05 -0.0003410030207291416 0
6805 0.001076695612397847 0.0003970356369142776 0
6806 4.447858466856335e-05 0.0003973107229923192 0
6807 -0.0004062794537022386 -0.0009323298053940178 0
6808 -0.001040358359247104 0.001082206556282143 0
6809 -0.0008833644905819605 -0.00128878910580281 0
6810 -0.0009217602978100417 0.0006889694796859369 0
6811 0.0004431853101168887 0.0007557880544313281 0
6812 -0.001363128378739439 0.0003119711965807821 0
6813 0.001237318111803721 -0.0002052897710972824 0
6814 0.0002200914958865543 0.001450463573622291 0
6815 -0.0008307151519733825 -0.0006822110006154635 0
6816 -0.000481660701870353 -0.0005221241690245185 0
6817 0.0002998831059465322 0.0003728108036102809 0
6818 0.0008632019964049592 0.0007030024506891738 0
6819 -0.0002675887472892585 7.410421024279539e-05 0
6820 0.0009194103994532486 0.001312513621267643 0
6821 -0.001454912354272208 -0.0005481796381223077 0
6822 0.0003013791130585744 -0.001079840517629002 0
6823 0.000127824399251554 0.0001987938777191558 0
6824 -0.000581445638155802 9.952146034979829e-05 0
6825 0.0005843026318974435 -0.000132360287815234 0
6826 0.0009876184618442844 0.0004302375072066637 0
6827 0.0008412777232274162 -0.0002348088438015057 0
6828 0.0002432129015854067 -0.0007509708121777466 0
6829 0.000985333465651043 6.609726716738793e-05 0
6830 -9.518778843992276e-05 -0.0002518169553700486 0
6831 0.0009094719027224516 -0.0006677911449901751 0
6832 -0.0002356707118359627 0.0008914667789165779 0
6833 -0.0002323934726253868 -0.0002409116372043315 0
6834 0.001048022201290697 -0.0002577753272607602 0
6835 -0.0001310663101516104 -0.0002686919493032609 0
6836 -0.0007744043287671337 -0.0005865706278372588 0
6837 -0.001106637326252415 0.001062134237370515 0
6838 -0.0002040273534068097 0.0001751260875384538 0
6839 0.001256231318170704 0.001051690999670536 0
6840 0.0002827802683999193 0.001590029359602032 0
6841 0.0008673361980688696 -0.000864382927868189 0
6842 -0.001036479005003595 -0.0004853978746930857 0
6843 0.0002384740888289271 0.0009487105563132408 0
6844 -0.0006593592225925459 0.001419227018658286 0
6845 0.0001976371726257781 -0.0006045194618252521 0
6846 -0.0001819475218817775 0.0005218741782673624 0
6847 0.001474536590324231 0.0003701541711131091 0
6848 0.0003653274313129392 -0.0009746365192926501 0
6849 4.405501446762798e-05 -0.0003064251361649476 0
6850 0.001462336141654732 -0.0002752530929767477 0
6851 -0.0004393842057168903 0.001603944734271378 0
6852 -0.0002999397644753805 -0.001147210996573121 0
6853 -0.0002704938201791233 -0.0002173425302197804 0
6854 -0.001191565481050071 0.001068398723364801 0
6855 -0.0004493778145451037 -0.0007312923655534613 0
6856 0.0002635250423196054 -0.0007925650038787578 0
6857 0.0005215923927738938 -0.0008519275626476456 0
6858 0.001135712495100232 -0.001039782521573272 0
6859 -0.0004106286425903005 0.001569554565133777 0
6860 -0.0007328809255128016 -0.0005757188426207776 0
6861 -0.000995011766682437 0.0001249956712517369 0
6862 -0.0009852096174638671 0.0001696178603813593 0
6863 0.0005808219173150068 -0.0008734678079073801 0
6864 -0.000164076186050893 0.0001118704806650207 0
6865 -0.00141903849467552 -0.0004779898360539622 0
6866 0.0004440618419322521 -0.001381503107705989 0
6867 0.001132178770997885 -0.0009234623882449365 0
6868 -0.0002594180768712908 -9.299142257711455e-05 0
6869 -0.001244971272215137 -0.001076261818110313 0
6870 0.0004580053087824011 0.0009319373653933311 0
6871 0.0002541170091654581 0.0003169181258786951 0
6872 -0.0002343538261730724 -0.0009844046718796413 0
6873 -0.0009474891029673244 0.000366680128662189 0
6874 0.00104154438130138 0.0004493468235106922 0
6875 0.001453841265729163 0.000841348668686806 0
6876 0.00149023930841577 0.0004449902156183024 0
6877 -0.0003356565091327774 -0.0009677627048535653 0
6878 0.0002197311145154881 0.001083311364500292 0
6879 0.0008537558509013656 -8.633925736615336e-05 0
6880 -0.001447760826669868 0.0003116287959143909 0
6881 0.001150869701814203 -0.0002044812030067556 0
6882 0.001022981299934978 0.00115259114059755 0
6883 0.0009201208191722589 -0.0008482910206351899 0
6884 0.001034911874592967 0.001220733813041272 0
6885 0.0001789379881324577 0.001081925220022469 0
6886 0.0001455984379112564 0.001075929208161864 0
6887 -0.0001542072812284333 0.0004323302968728432 0
6888 -0.0005180600472752953 -0.000646156787600073 0
6889 0.0008550270320171171 -0.0001514616451097301 0
6890 -0.01352915375992517 0.006308748006609527 0
6891 -0.01157170206964714 0.004642484967927175 0
6892 -0.001555926469228259 0.0007775635837068399 0
6893 -0.001384271545053582 0.0009293768958917086 0
6894 -0.001258114060009829 0.00105236387689611 0
6895 -0.001182015024020629 0.001137852616090065 0
6896 -0.0120828901741021 0.002394350286958074 0
6897 -0.01006462291654227 0.00295484500900744 0
6898 -0.01048050855199537 0.001075491645234974 0
6899 -0.001454390431812927 -0.0009603744318484563 0
6900 -0.001494512673467294 -0.0007408978050761367 0
6901 -0.00876466431480888 0.001771345973165098 0
6902 -0.008345919748495082 0.003335717015052954 0
6903 -0.007310524098294572 0.00224029548056877 0
6904 -0.0008711254462582928 0.001501206649460246 0
6905 -0.00108619338943581 0.001315469763115331 0
6906 -0.001734234810020408 -1.425140188749953e-05 0
6907 -0.001690103643085258 -0.0002402397031456457 0
6908 -0.006701592757367165 0.00357518807768016 0
6909 -0.007628706957240424 0.0008661027647810279 0
6910 -0.006358480688203572 0.001299224232263083 0
6911 -0.00662403312985536 0.0001681519203095835 0
6912 -0.005578683399020077 0.0005700721404765751 0
6913 -0.005604210779979808 -0.0004637878123519842 0
6914 -0.005362241495777943 0.001512636144258171 0
6915 -0.004611563715866346 0.0008415017633246387 0
6916 -0.004494923300996017 0.00163158640680894 0
6917 -0.006737120225911205 -0.0009566800173327776 0
6918 -0.005831100138847359 -0.001507260087893808 0
6919 -0.004931026354595192 -0.001180349418900969 0
6920 -0.004982486023579083 -0.002057770119003309 0
6921 -0.005936471563350646 -0.002532644653440957 0
6922 -0.005040594096436401 -0.003073154758872861 0
6923 -0.0008457518289195101 -0.00151275187636499 0
6924 -0.0006262264266861894 -0.001587053659668127 0
6925 -0.004220280216943009 -0.001670994135298157 0
6926 -0.003942529732381749 0.001175610828723237 0
6927 -0.003810458900541138 0.001792784284017478 0
6928 -0.003331395735458551 0.001387514559480357 0
6929 -0.003237675460504761 0.001938249358741765 0
6930 -0.003471928258834925 0.0008491149955430114 0
6931 -0.003631006480343495 0.002357256819830619 0
6932 -0.003065938404318141 0.002464652110840208 0
6933 -0.003452298227533701 0.00296992259705054 0
6934 -0.002757070221407065 0.003020474153557894 0
6935 -0.003264914226698677 0.003662337503426269 0
6936 -0.002528033228909142 0.00380945268896419 0
6937 -0.003048416369612064 0.004441284748847625 0
6938 -0.00220828918527561 0.004629401972715772 0
6939 0.0006047202400302973 0.001598409515416646 0
6940 0.0008165185661519512 0.0015273081775706 0
6941 -0.002814855702630776 0.005367260354445835 0
6942 -0.0018383829198826 0.005547096258250969 0
6943 -0.001240199459214955 0.004708364557742697 0
6944 -0.0008437664632792945 0.005662155826155339 0
6945 -0.0002148523530616546 0.004846417481778278 0
6946 0.0001452029835493176 0.005821777461772758 0
6947 0.0007177176382947649 0.005100433685854516 0
6948 0.001151001776687161 0.006077252700069999 0
6949 0.001714192761737157 0.005089214421778887 0
6950 0.002158850086368773 0.006185252083579427 0
6951 0.00282035235324118 0.005315332280640372 0
6952 0.0003378017704099298 0.006866425436175132 0
6953 0.002466207425552785 0.004330165627079704 0
6954 0.001730623513784202 4.417194334339311e-05 0
6955 0.001689484188579542 0.0002655890983954135 0
6956 0.001579151527309794 0.0005319539934009986 0
6957 0.003463085302396579 0.004485596678381006 0
6958 0.002982802201940118 0.003635725627911172 0
6959 0.003883146019387987 0.003598465241558553 0
6960 0.003721277945684625 0.00267391381629763 0
6961 0.004551380138401607 0.002885981875437779 0
6962 0.004212243106253509 0.002114120774765775 0
6963 0.005084322013009768 0.002176557028993389 0
6964 0.004639682848538614 0.001437472250446972 0
6965 0.005627341391525542 0.00143842609823715 0
6966 0.005286668630063949 0.0005983627315841219 0
6967 0.005664568002776597 0.003057768343491544 0
6968 0.006288227193119585 0.0007661042411924968 0
6969 0.005851524232950775 -0.0002395547723577739 0
6970 0.0008914583512619115 -0.001486836928706327 0
6971 0.001064346612249968 -0.001335983608315297 0
6972 0.004807187765137807 -0.000239168158895095 0
6973 0.005442429494831094 -0.001119802499513163 0
6974 0.004375513426101031 -0.001202517789556466 0
6975 0.005006147278096767 -0.001991305342951186 0
6976 0.003918914433533411 -0.002038878386974792 0
6977 0.004511507909012356 -0.0028023424871726 0
6978 0.00363042591174043 -0.002861436570680928 0
6979 0.004126306850698227 -0.003603224902829323 0
6980 0.003103990119137221 -0.003676990493099422 0
6981 0.003772072542046474 -0.004490695606316437 0
6982 0.002709263111782653 -0.004599985687541303 0
6983 0.005601482741479284 -0.002864119664672806 0
6984 0.003298718761893503 -0.005489877074697524 0
6985 0.002146669473832499 -0.005507437560767767 0
6986 0.004488166523909216 -0.005402690850193251 0
6987 -0.002159200415647363 0.003203079502710963 0
6988 -0.003040303148656658 0.0009742624600247479 0
6989 -0.00312645775550581 0.0005745566159625209 0
6990 -0.002736900557634231 0.0007034664196156044 0
6991 -0.001592501961084962 0.0006807514032469202 0
6992 -0.002697460963349079 0.001026224035976742 0
6993 -0.002829598161991499 0.0003533610004958764 0
6994 -0.006015537569181441 -0.003632014038402203 0
6995 -0.004948203874582812 -0.00421582383642854 0
6996 0.003869852787762418 0.005491089663852808 0
6997 0.006963734627196532 -0.0002360221834216607 0
6998 -0.002528144778381849 0.006395896498002531 0
6999 0.0003932571839040515 0.004213944395815514 0
7000 0.0001157769273983985 0.001710313386402199 0
7001 0.00386220923680412 0.001213967961909943 0
7002 -0.002535608993417039 0.0004401322594983164 0
7003 -0.002594469336932683 0.0001627811208757059 0
7004 -0.002861886115676219 4.305252590331633e-05 0
7005 -0.002585046998568337 -0.0001449234856921443 0
7006 0.001645354022255897 -0.004486796079970024 0
7007 0.001039128104049112 -0.005529567756229331 0
7008 0.0004165860303777038 -0.004436531628915847 0
7009 -0.0001998085956718672 -0.005600430319873393 0
7010 -0.0007123965786162098 -0.004753765561388595 0
7011 0.0004693940419133812 -0.006696571239789905 0
7012 -0.0009523141656906984 -0.006822211719935267 0
7013 -0.003489904194931093 0.0003905775949680878 0
7014 0.002833721210980355 -0.002887862603297936 0
7015 0.002262179605586306 0.003511375530927182 0
7016 0.003953804401707016 -0.0005428391583020968 0
7017 -0.003638772902327636 0.006123287887160238 0
7018 0.003968592437807465 -0.006559528811522095 0
7019 0.00745999961268617 0.001006522214835037 0
7020 -0.000166537485690362 -0.007988639919210444 0
7021 0.001599531438739551 0.0004512074123335705 0
7022 -0.002902411098045097 -0.0002696591504614402 0
7023 -0.002643773900488852 -0.0004590627111071352 0
7024 -0.001590204130149862 -0.0004901581377536097 0
7025 -0.00165051943114453 -0.0003384181892702679 0
7026 -0.001553587788154951 -0.000577966412017705 0
7027 -0.002353351303327143 0.0002681839386546585 0
7028 -0.002296152533377608 0.000479205634755264 0
7029 -0.002136063719051511 0.0003274599345232341 0
7030 -0.001667942781339122 0.0001566573187171193 0
7031 -0.002103815453901747 0.0005091077641310947 0
7032 -0.002205667057244882 0.0001400492354739306 0
7033 -0.001783750537368949 -0.008078790417772562 0
7034 -0.006983281032109418 -0.00292666815678905 0
7035 -0.006121236133378945 -0.004901867159391848 0
7036 0.008266357450073866 -0.0002080231349415499 0
7037 0.0009774556043318648 -0.003653495723769278 0
7038 -0.003325774471444427 0.007394354957895964 0
7039 -0.001986778912887508 0.0004106987611286827 0
7040 -0.001615233186943297 0.000511272101195572 0
7041 -0.001634146525368259 0.0003357055678699182 0
7042 -0.00193797909159421 0.0005513951144487339 0
7043 -0.002047792971853349 0.0006587966703658813 0
7044 -0.004660277265941213 0.007035263078550435 0
7045 -0.001907170616072322 0.0006902097807370321 0
7046 -0.001997626824859468 0.0007921837249127712 0
7047 -0.001845843547386925 0.0008040291400202357 0
7048 -0.001950714110904545 0.0009303766846972205 0
7049 0.00535063085903208 -0.006426698916070329 0
7050 -0.002947482849504586 -0.0005948222133257006 0
7051 -0.002675162922635803 -0.0007847203915521755 0
7052 -0.00237923623360322 -0.0006334665515733577 0
7053 -0.002412345715150722 -0.0009555873905255138 0
7054 -0.002703056352686482 -0.001116808823066234 0
7055 -0.002413606864863282 -0.001282027655261192 0
7056 -0.001225581508327727 -0.001161687698695314 0
7057 -0.001385291054994678 -0.001044280245632563 0
7058 -0.002702043937716154 -0.001473122628716266 0
7059 -0.002334251635349714 -0.001674708040184207 0
7060 -0.00279301353992321 -0.001919083535758891 0
7061 -0.001118596448177104 -0.001219332599596114 0
7062 -0.001041934144365225 -0.001305455524738262 0
7063 -0.0009709680903169388 -0.001373284264011483 0
7064 -0.002330573205177208 -0.002150535418085818 0
7065 -0.002179611341750437 -0.0008144527013029611 0
7066 -0.002139632746127323 -0.0005940249830523668 0
7067 -0.002790824835693215 -0.002463385749063466 0
7068 -0.001984415463673879 -0.001873148973584571 0
7069 -0.00197501624554135 -0.0007145514886086803 0
7070 -0.001993137836884244 -0.0009144363818001554 0
7071 -0.001870452371414653 -0.002297993956367177 0
7072 0.00472564932499177 -0.007820369425206449 0
7073 -0.002146009934117654 0.0007724228538928611 0
7074 -0.00152890739354281 -0.002148799406898633 0
7075 -0.001277496830320078 -0.001094047355055018 0
7076 -0.001969740986325826 -0.0005257443616138153 0
7077 -0.002092398066108152 -0.000418312644131398 0
7078 -0.004131298648942149 0.002856426692022691 0
7079 -0.003885444626849994 0.00413768665499715 0
7080 -0.007866474895629747 0.004802764199088237 0
7081 0.008830163116113411 0.00117301771728662 0
7082 -0.001811334643623774 -0.0008319589962438489 0
7083 -0.001830547647101958 -0.0009841189114360681 0
7084 0.00980059684401805 -3.195354722911155e-05 0
7085 0.00911393252197723 -0.001556727738570838 0
7086 -0.004289451902658897 0.008485804734905606 0
7087 -0.002847336893356913 0.008820685739535391 0
7088 -0.001437938122374589 -0.00251826004296124 0
7089 -0.001093468468784842 -0.002366816826623245 0
7090 -0.001873234386720096 -0.002868670079442016 0
7091 -0.0009434354394020308 -0.009474699214234363 0
7092 0.0007530344406868525 -0.009415858931781809 0
7093 -0.00185174425280667 0.0004397047713859681 0
7094 -0.001885019414831323 0.0003363943861974106 0
7095 -0.001512521373449661 -0.0006619826644649656 0
7096 -0.002665921290226183 0.002026137231908843 0
7097 -5.130209794914664e-05 -0.01108023343516999 0
7098 -0.001941921806920618 -0.00036507874307053 0
7099 -0.002055004083048101 -0.0002695271405387565 0
7100 -0.001613376531109945 -0.0004508955677264105 0
7101 -0.001640916481097646 -0.0004910619661702231 0
7102 -0.001927924856497963 -0.000223238995089739 0
7103 -0.001287672619627733 0.001017737141224674 0
7104 -0.001301053419283811 0.001067900016647356 0
7105 -0.001335458499012995 0.001035999758363513 0
7106 -0.001350232384975117 0.001088719198005197 0
7107 -0.00139170379987225 0.001038431708706464 0
7108 -0.001410198162633471 0.001109048032357439 0
7109 -0.001465392935595016 0.001057400078186489 0
7110 -0.001485441454997715 0.001139856773127533 0
7111 -0.00135205796995521 0.001148009896638992 0
7112 -0.001550583210054782 0.001078292506645393 0
7113 -0.001580423197879951 0.001176296246172703 0
7114 -0.001521126547815281 0.0009880321428064795 0
7115 -0.001614365164568602 0.000999229048620442 0
7116 -0.004958728790100732 -0.005607970124286977 0
7117 -0.006241181690602989 -0.006390388944393477 0
7118 -0.00755229669317543 -0.005514657086024039 0
7119 -0.003761134944270821 -0.004868636236155304 0
7120 -0.001551764517372544 -0.0016902457256388 0
7121 -0.002691323143773659 -0.009484503552971521 0
7122 -0.001699776920697818 8.048863566129746e-05 0
7123 -0.001691433390172602 -0.0009189805872436052 0
7124 -0.001708182530971667 -0.00104970767727475 0
7125 -0.001825700648478884 -0.001139482391363446 0
7126 -0.001704414319932167 -0.0007570220497101746 0
7127 -0.0009130855440273989 -0.001439122810471694 0
7128 -0.00324598469894664 -0.0003852590365341414 0
7129 -0.001014469351889269 -0.002729629417653045 0
7130 -0.0006076749419821786 -0.002594662139009258 0
7131 -0.0004630855794183535 -0.001613451288549285 0
7132 -0.001460552992212538 -0.0008110893667455106 0
7133 -0.001664248181401049 -0.0004394448783717737 0
7134 -0.001701635580751441 -0.0004912196302573498 0
7135 -0.001667956931978844 -0.000550193424554452 0
7136 -0.005835624455028111 0.007934614695341071 0
7137 -0.001259686050349051 0.0011054358181145 0
7138 -0.001737051221709797 -0.0004284421150796318 0
7139 -0.001683180621183159 -0.001201781674687778 0
7140 0.006315775704025793 -0.007601494282231576 0
7141 0.006924288294592249 -0.006066299288744583 0
7142 0.005625862247970601 -0.0092118373857177 0
7143 -0.005674752545298494 0.009771397640101553 0
7144 -0.0007381880357414312 -0.002123085669933117 0
7145 -0.002020941186192911 -0.0001415230740206 0
7146 -0.003120357365665945 -0.001212549877387902 0
7147 -0.001741334094009065 -0.0005498265281164048 0
7148 0.007900814816803606 0.002337683798021932 0
7149 0.009416017223151588 0.002608143658667095 0
7150 0.008353024618609012 0.003860399079793521 0
7151 -0.0006054586536371067 -0.003021667797996517 0
7152 -0.0002592346860264082 -0.002806129891456148 0
7153 -0.0001740524392430405 -0.00324842484573602 0
7154 0.01003614212109481 0.004199185923782037 0
7155 0.008859274146647117 0.005549487621745157 0
7156 -0.001911578016464494 -0.0001084120917849532 0
7157 -0.001650092227570548 0.0002945162446343627 0
7158 -0.001682345027736073 0.0003288713558231292 0
7159 -0.001695909685826419 0.0002812082374273652 0
7160 -0.001657176691758054 0.0003813371155571703 0
7161 -0.001130595986485841 -0.001911935752104764 0
7162 -0.001793040528905698 0.0007042479396217832 0
7163 -0.001747405966652701 0.0008433196186528257 0
7164 -0.002155561808730147 -0.0001632034245692539 0
7165 0.006991655596007797 0.004972040823606634 0
7166 0.00758087718019423 0.006821268925055143 0
7167 -0.001609007926558052 -0.0008422375890630559 0
7168 -0.001719455852164645 0.0003710205880223436 0
7169 -0.001698315436460596 0.0004324007843973705 0
7170 -0.001584975978180149 0.0009177066954515002 0
7171 -0.001500999000095917 0.0009059644651376584 0
7172 0.01075347728389167 0.0059456841781968 0
7173 -0.001823552921225716 -0.00131628972569071 0
7174 -0.001830645618234763 -0.0001684459519348262 0
7175 -0.001411482294979794 0.0008981569723549198 0
7176 -0.001673567782581799 -0.0001659245324675934 0
7177 -0.0123490415325237 0.0002246939061757697 0
7178 -0.01066140808620509 -0.0008627261284032601 0
7179 -0.001989493525508356 -2.565789178775862e-05 0
7180 -0.001883812994630317 5.407341390112984e-06 0
7181 -0.001966104959910394 8.34218933512643e-05 0
7182 -0.001869652294405191 0.0001122720415467843 0
7183 -0.001611682251159715 0.0005528995055535525 0
7184 -0.001655617273544244 0.0005352895970927123 0
7185 -0.001649338067966884 0.0005868614994378379 0
7186 -0.001703738090947493 0.0005652979952793519 0
7187 0.01082873040415612 -0.001382358548426415 0
7188 0.0100647777860509 -0.002991773367186376 0
7189 0.008365836402408724 -0.003001567338494581 0
7190 0.01162217060560613 0.0006389616062896765 0
7191 -0.001513306895888758 0.0008086189260627686 0
7192 -0.007708510394501973 -0.007191875280162071 0
7193 -0.009213528553908681 -0.006176948009285916 0
7194 -0.006217332559091042 -0.008205983420450111 0
7195 -0.00146591893458599 0.0008242721073212355 0
7196 -0.001678270440087359 -0.0002896918429437787 0
7197 -0.001843836413472126 -0.0002820932971752858 0
7198 -0.001721651310043888 3.53446007327768e-05 0
7199 -0.001731932308335823 -6.182283777168261e-05 0
7200 -0.001721291764837629 -0.0001094831293154861 0
7201 -0.001046452053973231 0.001344703351663715 0
7202 -0.001098807016560861 0.00136400276884493 0
7203 -0.001050494348658123 0.00139689305267974 0
7204 -0.00110971909221367 0.001424126818275968 0
7205 -0.001165215682411245 0.001376713386957791 0
7206 -0.001186299592697772 0.001452161909484746 0
7207 -0.0009434739844068142 0.001418125493023923 0
7208 -0.0009158469512293359 0.001463512774779162 0
7209 -0.0009270282021186562 0.001513889777188793 0
7210 -0.0008911721876553761 0.001553531948247191 0
7211 -0.0009432958169718556 0.001579306984474539 0
7212 -0.0008786515938393562 0.00162435721352387 0
7213 -0.0009631506801040212 0.001670125989507657 0
7214 -0.0008172738534669095 0.001601665279153261 0
7215 -0.0008080654810027654 0.001667658243530783 0
7216 -0.0006186473653346367 0.001584055137466602 0
7217 -0.0006705724504362405 0.00157984438059266 0
7218 -0.0006460055010625588 0.001637409448658115 0
7219 -0.0004639798680612058 0.001642582527471146 0
7220 -0.000351899825307193 0.001657824426367802 0
7221 -0.0009909605920954906 0.001527477375619928 0
7222 -0.0005130243768054388 0.001634323537079253 0
7223 -0.000496339826345259 0.001688638851483388 0
7224 0.0001836773171521005 -0.002924504153545068 0
7225 0.0002352096011010082 -0.002551905402025872 0
7226 0.0005054763969216312 -0.001613829690135923 0
7227 0.0003866836652955373 -0.001649353838149513 0
7228 0.0005302067440778829 -0.002651931576218465 0
7229 0.0005527043593641545 -0.00234915178627477 0
7230 0.000799499640484306 -0.002410197278230342 0
7231 0.0008175743355838059 -0.002168435406537415 0
7232 0.00103049358109067 -0.002222652386049185 0
7233 0.001059954199793159 -0.00197091684933147 0
7234 0.001281543812914335 -0.002076409895041434 0
7235 0.001327758259705147 -0.002375402793806906 0
7236 0.001559807479991164 -0.002165921745542076 0
7237 0.001403083198676399 -0.0009637844367458681 0
7238 0.001487427053892152 -0.001868454549557558 0
7239 0.001777981704352162 -0.001949936689208499 0
7240 0.001698796470668167 -0.001668709803909756 0
7241 0.001289050285563283 -0.00108824914152517 0
7242 0.001989910393193037 -0.001745853651397443 0
7243 0.001910958583448409 -0.001480448128902532 0
7244 0.00219646315206874 -0.001533629814940394 0
7245 0.002086661639198098 -0.001221077983075349 0
7246 0.001197920609760523 -0.001160260857431779 0
7247 0.002434527398718554 -0.001317505446197352 0
7248 0.002370904617548094 -0.0009952451075731655 0
7249 0.001613240517475502 -0.000593580323214066 0
7250 0.001626936018720533 -0.0003976336541489869 0
7251 0.001659230250023025 -0.0002919209645673559 0
7252 0.00168591552359956 -0.0002554938139594844 0
7253 0.001709955671640458 -0.0001285206667384292 0
7254 0.001711969594225314 -0.0003030021802396668 0
7255 0.001648829331495748 -0.001399906162682208 0
7256 0.0007759220457702076 -0.001881004339720749 0
7257 0.002702708260638924 -0.001084703009983562 0
7258 0.002605676430680626 -0.0007434160777464984 0
7259 0.002252532472047208 -0.0006613637737282701 0
7260 0.002494855687146487 -0.0004458224235560988 0
7261 0.002268847775014756 -0.0003988011778765396 0
7262 0.002365538039158804 -0.0001919856927422752 0
7263 0.002681560763440552 -0.0002142249729971988 0
7264 0.002527864804689096 8.915679523666317e-05 0
7265 0.002890274891941689 3.618065730112054e-05 0
7266 0.002762921669459191 0.0003529132657917869 0
7267 0.002493123485353538 0.0003670769794456273 0
7268 0.00258201560439294 0.0006230798619727393 0
7269 0.002290478388791877 0.0007196272111916148 0
7270 0.002476043035264603 0.0009164282475944032 0
7271 0.002207022253936293 0.0009370289440522488 0
7272 0.002364085180669765 0.00117635251231484 0
7273 0.002066269784745546 0.001163840476059883 0
7274 0.002238499602721703 0.001443775018620743 0
7275 0.001933672505877864 0.001462623699386767 0
7276 0.002112807216936995 0.001736505245107666 0
7277 0.001795045137096259 0.001703319119374107 0
7278 0.002063907148551411 0.000725572828507497 0
7279 0.001566276249164147 0.001513758463322774 0
7280 0.001486712410590633 0.001752535907800034 0
7281 0.001649159441861419 0.002002108872441794 0
7282 0.001358672810529971 0.002000067241466843 0
7283 0.001487537024472591 0.002266554374673253 0
7284 0.001147664847938198 0.002220037918903224 0
7285 0.001783544231788011 0.00226058508438595 0
7286 0.001316433052814957 0.00254431568464807 0
7287 0.0009805831547851913 0.002506879264087575 0
7288 0.0007958252724143802 0.002212717156694012 0
7289 0.000665963833217341 0.002467779321837817 0
7290 0.0004532669210042208 0.001620273859040379 0
7291 0.0005278902400740463 0.002229307701190118 0
7292 0.0003960164211324846 0.002429992866309167 0
7293 0.001123197184325852 0.002860261886768696 0
7294 0.0004868710090465548 0.002714515232450696 0
7295 0.0001416759537521866 0.002646041167443662 0
7296 0.0003151923496156585 0.002162350869720518 0
7297 0.001384329877806816 0.001552534853869317 0
7298 0.000897683850659894 0.001465616888354636 0
7299 0.002477809665430347 0.001719180801939476 0
7300 0.002152260406075267 -0.0001051721011123187 0
7301 0.001625851578787322 -0.0004812761738753944 0
7302 0.0007044334734037139 0.002002914123062706 0
7303 0.002030910008954123 -0.0005923200759019181 0
7304 0.001475054077788034 0.001349195874739258 0
7305 0.002492039597868525 -0.001615190342214216 0
7306 0.002700721521213303 0.001195709598468564 0
7307 0.0005727593524433431 -0.001585583017930564 0
7308 0.001358985159751341 -0.0009934338739601479 0
7309 0.001406934509795113 -0.001018842483547433 0
7310 0.001460194615603952 -0.0009860247343245136 0
7311 0.001504155555013142 -0.0008632629995000591 0
7312 0.001460228025002573 -0.001058245512661409 0
7313 0.001533661557729934 -0.001016950302337305 0
7314 0.002081687261192853 -0.002089804382372532 0
7315 0.0002466348120211359 -0.002151906204048153 0
7316 -7.722620507068122e-05 -0.001708161594549792 0
7317 0.003155952492450937 0.0003275787192906032 0
7318 0.001639795010798499 -0.002495116937952874 0
7319 0.0002583060416667283 0.003021238957883664 0
7320 -0.0001098722296877044 0.002945655605691193 0
7321 -0.0001843438459844617 0.002582082672569633 0
7322 -0.000473933176515538 0.002796519181944688 0
7323 -0.0006132467331233718 0.002467299707800785 0
7324 -0.0003974798557713373 0.003264866383865919 0
7325 -0.0003651676219551599 0.002233375932593397 0
7326 -0.0006677326579905079 0.00219367840446838 0
7327 -0.0008677184057107288 0.002385584780404965 0
7328 -0.0008856816857100374 0.002110068038344707 0
7329 -0.001124014409758073 0.002217576114435911 0
7330 -0.00110985152510787 0.002513904066777079 0
7331 -0.001389671288192694 0.002435907651752459 0
7332 -0.001407427834180604 0.002128766705632737 0
7333 -0.001703177534214759 0.002304189550536354 0
7334 -0.001621894323215821 0.001933128229360435 0
7335 0.001534364004311166 -0.00110589091684566 0
7336 0.001452624461837558 -0.001164960087772287 0
7337 0.001623194316689845 -0.001057633233973198 0
7338 -0.0004635291842348452 0.002008865469866099 0
7339 -0.001430904132572083 0.001808877557722074 0
7340 -0.001724249411992021 0.001682181662855606 0
7341 0.001992640367945735 -0.0002921018379418096 0
7342 -0.001928745386999048 0.001806918565651395 0
7343 -0.00189555691177168 0.001512571429690596 0
7344 0.002644497266800547 0.002871648282507321 0
7345 0.001605880041722689 -0.0009469710115463802 0
7346 0.001718011637454022 -0.0009977809860046451 0
7347 0.00170682399822094 -0.0008840015411425908 0
7348 0.001828665393638015 -0.0009348474415103984 0
7349 0.001728115373022275 -0.00114153442515246 0
7350 0.001810603371534479 -0.0007911556544613182 0
7351 -0.0001611401987822973 -0.002313944144773474 0
7352 -0.0014542086331394 0.00154953898894615 0
7353 -0.001491978556618715 0.001245305517112302 0
7354 -0.001248128440931846 0.001397935818278999 0
7355 -0.001215504881262963 0.001311157962340617 0
7356 -0.001612068150864692 0.001304167919664094 0
7357 -0.001705940703115977 0.001201633106381799 0
7358 0.0009297217035576696 0.001396526855360568 0
7359 0.002991495573037153 -0.0008360209037364143 0
7360 0.003106031099274714 -0.00123381132308807 0
7361 -0.000848648489580415 0.00314591950513904 0
7362 0.001964970446596429 -0.0008649732049434278 0
7363 -0.001305437223026702 0.001323414653559668 0
7364 -0.002167053118577074 0.001640536510311666 0
7365 -0.002134060294681755 0.001368489503127574 0
7366 -0.002409676258111094 0.001472436900361161 0
7367 0.001689941639199718 0.0002164886104912183 0
7368 0.0017408190729555 0.00024421540510225 0
7369 0.001736591053342941 0.0001886481632692097 0
7370 0.001804013605214851 0.0002133322672694578 0
7371 0.001800907312891973 0.0002940522662631948 0
7372 0.001882888619602621 0.0002556811343437277 0
7373 0.001880732780455952 0.000163926043942972 0
7374 0.001873416378718304 0.000356581035721589 0
7375 0.001984183676807856 0.0002107030875599575 0
7376 0.001774930235262871 0.0003962965414887815 0
7377 0.001873319022962819 0.0004699021571936672 0
7378 0.001993186901790536 0.0004124492559710475 0
7379 0.001758647242395644 0.0005032693641134304 0
7380 -0.001428431934225306 -0.001007856821435581 0
7381 -0.001444603099813397 -0.001060813684557522 0
7382 -0.001379414835090535 -0.00111132434980824 0
7383 -0.001485596097640161 -0.001005228138583761 0
7384 -0.001505461698262161 -0.0009456930174441601 0
7385 -0.001461168504980229 -0.001138240330292363 0
7386 -0.00138941465912844 -0.001200185365061868 0
7387 -0.00158332221493085 0.0007324756907464217 0
7388 -0.00163168883209255 0.0007146148606611349 0
7389 -0.001606147155171514 0.0007772722212491619 0
7390 -0.001115905037541214 0.001277401479837799 0
7391 -0.0011343615190341 0.001239281513268426 0
7392 0.000850638407049447 -0.001507399258388733 0
7393 0.0008950991667719559 -0.001538936441050889 0
7394 0.0008390983551554836 -0.001564567899600225 0
7395 0.0008965119710705123 -0.001605672174587254 0
7396 0.0009633574012831189 -0.001566661869141452 0
7397 0.0009699644312322924 -0.001649599780830243 0
7398 0.001049920823493116 -0.001599336776282747 0
7399 0.00082809558276498 -0.00163984830132326 0
7400 0.001032328288530631 -0.001511472407200626 0
7401 0.001137541224738974 -0.0015386652812369 0
7402 0.00114954881495468 -0.001685026676091535 0
7403 0.001257651468931858 -0.001579917966382208 0
7404 0.001225596734738421 -0.001428823985784878 0
7405 0.001369184536270545 -0.001486903200653896 0
7406 0.001326409827131296 -0.00135130650320118 0
7407 0.001202619042387071 -0.001324919765569636 0
7408 0.001299823860613601 -0.001257414010129652 0
7409 0.0009289234417881194 -0.001455412946639571 0
7410 0.0009600273341398476 -0.001418647803051004 0
7411 -0.0008928305046374249 -0.001477653550159193 0
7412 -0.0009535969968143434 -0.001470097070700151 0
7413 0.0009056493201241702 0.001999448190803277 0
7414 0.0008427502688039492 0.001851191469341323 0
7415 0.0006469495765757254 0.001833694170452439 0
7416 0.0009802105443441674 0.001827667293275449 0
7417 0.000941377669913781 0.001677220747965957 0
7418 0.0007631936091132748 0.001689461880251969 0
7419 0.001072449206316699 0.001694803336449509 0
7420 0.009275945084129275 -0.004520974888667757 0
7421 0.001732182437640613 0.001266074916312269 0
7422 0.001894445553557921 0.001051748965387627 0
7423 -0.001298378207848577 0.002861973919019128 0
7424 -0.001123262120132158 0.001506796104638178 0
7425 -0.001210437537045787 0.001545754798384275 0
7426 -0.001120436906038845 0.001613867908860359 0
7427 0.0007640216280456716 -0.00159312748704293 0
7428 0.0007523643711263809 -0.001680977787341083 0
7429 0.001676148252200449 0.0003151899161992769 0
7430 0.001657377044629066 0.0003635719841159671 0
7431 0.001854777245915692 0.0005770751561736449 0
7432 0.001745549405572053 0.0006184610548921003 0
7433 0.001832524053371279 0.0006849690540263444 0
7434 0.001727348721731537 0.000721055325311589 0
7435 0.001650234390874964 0.0006559602443637305 0
7436 0.001627918813138253 0.0007473532689253947 0
7437 0.001707872181241572 0.0008251481834314601 0
7438 0.001605158660780156 0.0008467705944729964 0
7439 0.003437389987223162 0.00202564048034011 0
7440 0.0009400686156750035 -0.002793507289793229 0
7441 -0.001609504155327923 -0.000373189288845903 0
7442 -0.004162534944490694 -0.0009182507067063802 0
7443 -0.0004395144335787358 0.001693511712980532 0
7444 -0.0004710237242230498 0.001750017469932694 0
7445 -0.0005428406735301042 0.001744580611048743 0
7446 -0.0003928914698749861 0.001737994474291292 0
7447 0.0006813920513351908 -0.001617613974190263 0
7448 0.0006651835302501071 -0.001705563132950108 0
7449 -0.001646348540837326 0.0001925663820302537 0
7450 -0.001697287564264053 0.0001941974274952276 0
7451 -0.008914585201132299 -0.004408557184079602 0
7452 -0.0006689806077204549 -0.001556162088151386 0
7453 -0.000668843079152048 -0.00161490130150197 0
7454 -0.000740986945786822 -0.001519868017240184 0
7455 0.001167192149679929 -0.001197896763612648 0
7456 -0.0007122363139667224 0.001944060013558538 0
7457 0.001021414109955928 -0.001356292877302655 0
7458 0.001073869662727884 -0.001392695727583377 0
7459 0.001101649693528503 -0.00130350690835838 0
7460 -0.001480203212647718 -0.00124073176736219 0
7461 -0.001369235070543986 -0.001313110396513731 0
7462 0.008139739527743949 -0.007479122288614282 0
7463 0.001017002865293323 0.001587738039944393 0
7464 0.001128671775942046 0.001579284373562166 0
7465 0.001062315633289613 0.001479207635834118 0
7466 0.001174504230412496 0.001472732526145973 0
7467 0.001116675682465763 0.001383404333134877 0
7468 0.001143032442861251 0.001237548599008515 0
7469 0.001202157370069416 0.001226238454138243 0
7470 0.001218060750618532 0.001386006452135137 0
7471 -0.0002953803630430325 0.001696271328917372 0
7472 -0.0002822099393643551 0.001747570299252802 0
7473 -0.00150755731854913 -0.001362792015010482 0
7474 0.0005505691028546771 0.001610159899600227 0
7475 0.0005970838080609729 0.001654320409020268 0
7476 0.0005314451342205462 0.001671693861363714 0
7477 0.0006484380338035951 0.001572459194014366 0
7478 0.0006852596994733114 0.001540451896452775 0
7479 0.0006957259797609141 0.00158870484392765 0
7480 0.001667545323912766 0.0009101050550119091 0
7481 0.001576258285959048 0.0009404740862521374 0
7482 0.001648705755457966 0.001012195819166278 0
7483 0.001557715318599626 0.001020015005663299 0
7484 0.001595971814630185 -0.0006516603764637602 0
7485 0.001646811858685845 -0.0006290327702031346 0
7486 0.001671738946638844 -0.0005768386100313633 0
7487 0.001650985412067947 -0.0006879516600197267 0
7488 0.001713525637336351 -0.0006313082541277733 0
7489 0.001745398897455739 -0.0005552627069240503 0
7490 0.001796558118990287 -0.000655833679190651 0
7491 0.003730011918959467 -0.009718731498120626 0
7492 -0.003717359545652737 -0.006285902803183432 0
7493 0.001643667569434381 0.003972941068446781 0
7494 0.001709640409956588 -6.260771496522502e-05 0
7495 0.001756431011833967 -9.935943700693403e-05 0
7496 0.001746330867479429 -0.0002524688070126183 0
7497 0.001779738316825939 -0.0003131206293146936 0
7498 0.001731042608055586 -0.0003724444046127943 0
7499 0.00181418347264275 -0.0003867944233754279 0
7500 0.001771815019107191 -4.143363097225176e-05 0
7501 0.00181898964369119 -9.19704026873475e-05 0
7502 0.001839194260023145 -1.253103965126814e-05 0
7503 0.001979363474380834 8.401350068434362e-05 0
7504 0.002133169856083357 0.0001468573134265874 0
7505 0.001856935839999246 -0.0005406214449020109 0
7506 -0.0005120006064076402 -0.001594607489357197 0
7507 -0.0005070419818146574 -0.001646932755500247 0
7508 0.000444203478357986 0.002007620355908229 0
7509 0.000231001042183655 0.002017894278204087 0
7510 0.0003655209491947192 0.001867697305511503 0
7511 0.0001210922382620056 0.00211874262875194 0
7512 5.307753360057443e-05 0.001986781958023195 0
7513 0.0001652213313194882 0.001831133343031721 0
7514 -0.001090417072901066 -0.001247889380200566 0
7515 -0.001136535689650657 -0.001262681234898115 0
7516 -0.006389580193147968 0.005072983718732669 0
7517 0.0001600044308835795 0.00169362042507142 0
7518 0.004104247608558774 0.0001251410478433818 0
7519 0.001499425896365705 0.0008608763927182819 0
7520 0.001753128647173251 -0.003603692932271542 0
7521 -0.001065495143680526 -0.003361993322448437 0
7522 -0.001934960212619524 0.0001806876858230891 0
7523 0.001211788955297414 0.00168670823509994 0
7524 -4.935802466608226e-05 0.002070285774412235 0
7525 -0.0001332696593822797 0.001938316678953681 0
7526 -1.07684991432814e-05 0.001824550640395557 0
7527 0.001330355225461129 -0.001062564970300975 0
7528 -0.001328051184915899 -0.001062439611175878 0
7529 -0.001751354153772889 7.619056865613068e-05 0
7530 -0.000785138571846447 -0.001536685124027144 0
7531 -0.0008463811042018558 -0.001577947352721899 0
7532 -0.0009075766088175412 -0.001533589132288827 0
7533 -0.0009795003433989535 -0.001536383790836655 0
7534 -0.001037483439269221 -0.001484177363979312 0
7535 -0.0009437732822953222 -0.00161596213686854 0
7536 -0.0008431964182639939 -0.001665402823770106 0
7537 -0.001059463942953574 -0.001575314663335742 0
7538 -0.001149542454064404 -0.001496171333676293 0
7539 -0.001394733620626101 -0.001456964513000957 0
7540 -0.001182232704080098 -0.001622066482897952 0
7541 0.0013350558989208 -0.001116431069040656 0
7542 -0.0007394850628679258 0.003647369652109693 0
7543 6.526665759005729e-05 0.001719638251352749 0
7544 -0.004825927668139201 7.988292439638445e-05 0
7545 0.0005393842439537902 -0.002034174164530431 0
7546 -0.0008996143400405592 0.001890185832358769 0
7547 -0.000778732953080883 -0.001612693458996371 0
7548 -0.0007501958551215129 -0.001693652943202555 0
7549 -0.0006516810510622661 -0.001698367118059551 0
7550 -0.0008262334158713574 -0.001779288984196771 0
7551 0.0008620789354160007 0.001502441902859208 0
7552 0.0008534986988941289 0.001559928194496206 0
7553 -0.001793256759863977 -0.0006918300358186543 0
7554 0.001823721501508825 -0.0002439653526285011 0
7555 0.001907283497800574 -6.961719985051268e-05 0
7556 0.001543676043362717 0.0006737446431351012 0
7557 0.001284722679297495 -0.00114268782122206 0
7558 -0.001706139180375174 -0.0003375980454060975 0
7559 0.001089369909196114 0.001280028846194276 0
7560 -0.000413715580622774 -0.001626201796803395 0
7561 0.001530456895694885 -0.0008264031534934995 0
7562 -0.007268568823959105 0.006637973381670087 0
7563 -0.008976754799734369 0.006067247637985529 0
7564 0.003156893832367116 -0.002313463221167769 0
7565 0.002341434223073392 0.002064071300564753 0
7566 0.0007946292314621466 0.00156497527221365 0
7567 -0.001425811673814036 0.0009437644399094155 0
7568 -0.001187633540895385 -0.001203166423454119 0
7569 -0.001238970850959636 -0.001224597395852473 0
7570 -0.001273924147598561 -0.001186201697898294 0
7571 -0.001342056897878613 0.000961971956876827 0
7572 -0.001776550927216071 -0.0001036387941797334 0
7573 -0.000567176542514885 -0.001611178318231451 0
7574 0.001702464321223445 -0.0001726274593049508 0
7575 -0.00332942931231669 -0.002193526854210352 0
7576 -0.003398269083523285 -0.002841715902278267 0
7577 -0.001016140213483698 -0.001355176333032886 0
7578 -0.001088278402446872 -0.001344945607643511 0
7579 0.001232540275487072 0.001179869500679168 0
7580 0.001286003414211402 0.001163606845817604 0
7581 0.00126817422356621 0.001222884425111382 0
7582 0.001332002777966573 0.001207001184009681 0
7583 0.00130817088613689 0.001268684732020131 0
7584 0.001350041370020757 0.001129521889389596 0
7585 0.001402952643617365 0.001185977892484168 0
7586 0.001426996275297019 0.001114261620023382 0
7587 0.001471521979109992 0.001174003772258635 0
7588 -0.0001968841366822721 0.001725477605055012 0
7589 -0.0001923745182471398 0.001778241050781021 0
7590 -0.0001288049777708532 0.001786900851331037 0
7591 -0.001537247149232978 -0.0006273516423202631 0
7592 -0.001559900777027619 -0.0006711527391553692 0
7593 -0.001587432718179316 -0.0006245498768727312 0
7594 -0.001615360492693871 -0.0006740024650279091 0
7595 -0.00158391487132793 -0.0007229946525014173 0
7596 -0.01080020167012833 -0.005049318584861896 0
7597 -0.01106798982801503 -0.007106228478310322 0
7598 -0.001822977507850708 0.0006106575005977879 0
7599 -0.000174663970316358 0.001843157389786042 0
7600 -0.001771278622729918 2.057381802306189e-05 0
7601 -0.001579288858288136 0.0006308521995365445 0
7602 -0.001445014995735716 -0.0008532269491987859 0
7603 -0.001489598618394222 -0.000845306140909229 0
7604 0.005758099775020254 0.006366716736123447 0
7605 0.006371532099176007 0.00806899071464981 0
7606 0.004695129047299277 0.007791609483667279 0
7607 0.005235935045955894 0.00960515412071597 0
7608 0.003432184013178785 0.009063672336769982 0
7609 0.007147488622371901 0.01009964751594448 0
7610 -0.001718400922012652 -0.0006175244096785169 0
7611 0.001130696242105783 -0.001269369085666513 0
7612 0.001861094699873444 -0.01071109313349796 0
7613 0.0009666136064265538 -0.01269539932665162 0
7614 0.001535951220074131 0.002893871637652563 0
7615 -0.001827930130455601 0.0001952263211650105 0
7616 0.005144707566818401 -0.01091966535660577 0
7617 0.006885954095641244 -0.01069136311320633 0
7618 -0.0005125818037746069 0.00182360595017054 0
7619 0.00391731796461626 0.01080333007144482 0
7620 0.00208402582582384 0.01033026781730267 0
7621 -0.001192740322427293 0.001936543889752037 0
7622 0.00153703343570717 -0.00120210134334628 0
7623 -0.0009997087388279465 0.001366818233364389 0
7624 -0.005071683505788185 0.002295766103848079 0
7625 -0.000705942186124992 0.001625296866460859 0
7626 -0.0006904263957465998 0.00169158409763327 0
7627 -0.0007241549769879185 0.001570391634776852 0
7628 -0.002382402943434678 4.624143484285666e-05 0
7629 -0.001277902736699593 0.001241952454611856 0
7630 0.001664692405648061 0.0001313975359391591 0
7631 0.001707707876319634 9.340550298347744e-05 0
7632 0.001762541745699157 8.705363706359771e-05 0
7633 -0.001552016350361635 -0.0009915126586999066 0
7634 0.001391086516387007 -0.001253737696852698 0
7635 0.001663358514965245 0.0005663020502087448 0
7636 -0.001276450352024998 0.003501533022468339 0
7637 0.01110540078458413 0.002712687591170019 0
7638 -0.002438354070105407 0.00066116944551379 0
7639 -0.001557786054847101 0.0008229948606420567 0
7640 -0.001616384512348992 0.0008422288569768559 0
7641 -0.001681989460249097 0.0009069644294326193 0
7642 -0.001718634761149723 0.001000434818956597 0
7643 -0.001699293253546972 0.0006278334336978061 0
7644 -0.002646829821693547 -0.005484768842470303 0
7645 -0.002593751348519148 -0.004188834146993266 0
7646 0.001297465806351544 0.003345269440975517 0
7647 -0.001370844146850743 0.001257098733201863 0
7648 -0.001409394834264352 0.001341114345810565 0
7649 0.001618530591707206 -0.0005347617396636958 0
7650 0.001682730647307621 -0.0005081741287605441 0
7651 0.001674069978205968 -0.0004405705146047647 0
7652 -0.000817622130943459 0.001510231089501881 0
7653 -0.002147242625896781 -0.001090897618817055 0
7654 -0.008679312475901356 0.008105996072396385 0
7655 -0.01040222068756675 0.007430044148766913 0
7656 0.01115281721679709 -0.004556988906815222 0
7657 -0.003333401913972407 -0.000841791523809698 0
7658 0.0007749564655352262 -0.001514505797088695 0
7659 0.003260729940314562 -4.99195026386545e-05 0
7660 -0.001728343967397361 -0.0002678416433818115 0
7661 -0.0017298524699526 -0.0002071815327456527 0
7662 0.00140277826434327 0.001027263415704056 0
7663 0.001336230833589306 0.001066730688172714 0
7664 0.001438679651154165 0.001050679569139173 0
7665 -0.002395677010387774 -0.0003586400979813423 0
7666 -0.002889065680146101 0.001318082814843083 0
7667 -0.002771635190045326 -0.003196433453071054 0
7668 0.001776013697210864 0.008702682608105047 0
7669 0.0003759997578720816 0.009899749111459489 0
7670 0.0007315087685942991 0.01168987686843169 0
7671 -0.0009522778572407911 0.01111334822181571 0
7672 -0.0005193001028695839 0.01320959473582905 0
7673 0.001477742880578605 -0.0008996859201905732 0
7674 -0.005493847371930876 0.004161697775148153 0
7675 0.001169989548831254 0.001277803542250218 0
7676 -0.0007697120143248139 0.00150177702667736 0
7677 0.001674474210674686 0.0004828528027902547 0
7678 0.0001054214391863363 0.001775321512682623 0
7679 -0.001390795925602242 0.0009792204722578119 0
7680 -0.002268108368753553 0.002684471189462663 0
7681 1.274217203483183e-05 0.002253825599493861 0
7682 -0.009075650468687267 0.0001203536293579339 0
7683 -0.009031715980364107 -0.001374424036425937 0
7684 -0.0001006723922341262 0.001738799630293555 0
7685 -4.731171692212886e-05 0.001732103216847664 0
7686 -0.001814909804187184 -0.0003851719775262319 0
7687 0.0008524199531128911 0.003217052427552627 0
7688 0.0100504408524926 -0.006467354853535457 0
7689 -0.0017203213967556 0.0001330335934968104 0
7690 0.0006214524139311468 -0.001582776756400997 0
7691 0.000602284784456693 -0.001642931274237817 0
7692 0.000574825145187333 -0.001724693400887326 0
7693 0.0006401727919034414 -0.001800350030883098 0
7694 0.0005327604526448271 -0.00181260408110828 0
7695 0.0004832484664501926 -0.001725825418514237 0
7696 0.000432738011037867 -0.001815301267256491 0
7697 -0.003401692974982858 -0.00359389080845291 0
7698 -0.00020971736985327 0.002040205501810043 0
7699 -0.007833083534136767 0.01004696707370559 0
7700 -0.006476060527123385 0.01149839154463641 0
7701 0.01281375211411794 -0.001299424535951138 0
7702 0.01348920196574389 0.000512886863477607 0
7703 0.001331976632157902 -0.001183242808701037 0
7704 -0.001629809765212694 0.0006471749949888879 0
7705 0.0007386481148352538 0.001546181611812298 0
7706 -0.000586494306825892 0.001630254221067571 0
7707 -0.001519226546544288 -0.001076338871240087 0
7708 0.0123847612466757 -0.006336012755286067 0
7709 -0.002200303082786732 0.001942605996948571 0
7710 0.001625125135870167 0.001117299065441346 0
7711 -0.001240746125186204 0.001660177605658607 0
7712 0.001397230897022788 -0.00161266859538825 0
7713 0.001560134023633792 0.0007795564353873812 0
7714 0.001034104401002166 0.001410720335351439 0
7715 0.0009851131465998379 0.001461980213592635 0
7716 -0.005016941369079558 0.00533986034943576 0
7717 0.002811906759054488 0.002048044853668676 0
7718 0.002937207093409232 0.001580446299609917 0
7719 0.0031567329867723 0.001130001041831265 0
7720 0.0008385356106089728 -0.001749408809614905 0
7721 0.001391638919776005 -0.001086060695076936 0
7722 0.0005861770519279135 0.001734275214392569 0
7723 0.0005055470897440449 0.001743833584779688 0
7724 0.002081136154762907 0.0002960789702494291 0
7725 0.00213567962680462 0.0004397423464216726 0
7726 0.0004092165417844343 0.003487504766044257 0
7727 -0.0001459442716374719 0.003763958913639449 0
7728 -0.007920559340454277 -0.00917125263302271 0
7729 -0.006057222324090387 -0.01033067468774548 0
7730 5.656767761644013e-06 0.001720035409253083 0
7731 3.949758699399931e-05 0.001777165158130033 0
7732 0.001463211598179195 -0.001389890695002148 0
7733 0.0003999238145725412 -0.001739107854956031 0
7734 0.0003311383684936088 -0.001803667716987996 0
7735 0.0003762756040387607 -0.001908261222069298 0
7736 0.000266858739601138 -0.001902541635392943 0
7737 0.0002282392132593083 -0.00180106208797942 0
7738 0.0001676693906188727 -0.001877328352412357 0
7739 0.0003469364723037099 -0.001671442167272012 0
7740 0.0002775498290525048 -0.0017584222442497 0
7741 0.0002220487179182534 -0.001707503076291131 0
7742 0.0001837496708991954 -0.001740965516849651 0
7743 0.0001416675820020743 -0.001797172616637596 0
7744 7.479746216339278e-05 -0.001846843690532364 0
7745 8.57246239789599e-05 -0.001957667509564655 0
7746 -1.308279514838037e-05 -0.001901423109631274 0
7747 -3.050917523343375e-05 -0.002041322114340501 0
7748 -0.0001324904735366028 -0.001950482612991617 0
7749 -0.0002618593534125415 -0.001661782302290396 0
7750 -0.0003146234304324698 -0.001658528461223058 0
7751 -0.0002862079795773286 -0.001714025100256007 0
7752 -0.0003497055908793526 -0.001704514357687336 0
7753 -0.0003219191460483241 -0.001775743437929265 0
7754 -0.0004233953258137196 -0.001754741490003182 0
7755 -0.0003526420388016104 -0.00187142542437679 0
7756 -0.0002362415267746241 -0.001764844396662267 0
7757 -0.0004851587239392648 -0.00187539858232516 0
7758 -0.0003972961680581401 -0.002004268523803052 0
7759 -3.140227016375097e-06 -0.001810495380389896 0
7760 -0.0002122287822425792 -0.001658363102031114 0
7761 -0.0001738124175832093 -0.001692708532826092 0
7762 0.0001973961479594059 -0.002004986455199965 0
7763 0.005484336404182769 0.004879002789854201 0
7764 0.0009197066946212418 0.001504917206119124 0
7765 -0.007954713873941642 -0.01122426730400697 0
7766 0.0006646484836466741 0.001705309121055524 0
7767 -0.001706677364656233 0.0005020237562196446 0
7768 0.006045013638932263 -0.01277477035278045 0
7769 0.0007065822572097415 -0.001565860468291619 0
7770 -0.0006040774266072539 0.001819054203650204 0
7771 -0.001503273775386483 -0.0007922782708037949 0
7772 -0.001489481359037189 -0.01281565748713081 0
7773 0.002284379761393872 3.280668348238701e-05 0
7774 0.0009477738712273075 0.00378893412896575 0
7775 -0.001754552716242057 0.0001767486090444517 0
7776 -0.0002557122932980914 0.001809776975075994 0
7777 -0.0002422375194884041 0.001909235098458007 0
7778 -0.0003436076604025639 0.001865653589805275 0
7779 -0.001763475652808004 0.0004144460606751796 0
7780 -0.005859279326656199 -0.01271982642912337 0
7781 -0.001665106692528751 0.0007679108761649954 0
7782 -0.01031526656554222 -0.002888314208557381 0
7783 0.0003123602649145729 -0.003554817551579587 0
7784 0.001216746830910813 -0.00186556116061352 0
7785 -0.001577899612225716 -0.0009151013715701362 0
7786 -0.003729811282740687 -0.01137816166860249 0
7787 -0.004276400685068936 0.0002757777184401939 0
7788 0.0003147347580293597 -0.002024473677164206 0
7789 -0.001252328995036068 -0.001400912191052427 0
7790 0.00150627124659013 0.0009070120431696137 0
7791 0.001461636428289595 0.0009655521144863804 0
7792 -0.00129629762942285 0.0009752507604205549 0
7793 0.001079369221879885 0.001324652512815839 0
7794 -0.001060337511398691 -0.001731158628444915 0
7795 0.001562436964663438 -0.0008757610082055772 0
7796 0.001589325182883591 -0.000821912746342774 0
7797 0.001634515405166244 -0.0007728509604399066 0
7798 -0.003657139469047887 -0.001308336346481003 0
7799 0.001602357971452981 0.0005997800094868157 0
7800 -9.370708367172541e-05 -0.001828116218884852 0
7801 -0.0009952422073105861 0.001416348064017323 0
7802 -0.00104114941787314 0.001458377110485521 0
7803 -0.0009681700884620145 0.001465369623406388 0
7804 0.001815430999438962 0.0007997609867054794 0
7805 0.001765972349566621 -0.000170836149759737 0
7806 0.001867144556334726 -0.0001596788932268548 0
7807 0.001991995284251086 -0.0001603428833487316 0
7808 0.001217905945189317 -0.001204044064757988 0
7809 -0.000528238325997133 -0.001764572590856923 0
7810 -0.000619268395358943 -0.001861629217818684 0
7811 -0.001985591917002703 0.000282709041221191 0
7812 -0.001285267116839324 0.00116713531861847 0
7813 0.001763118015739372 -0.0004660510805383126 0
7814 -0.001700706123696418 0.0006972684093921959 0
7815 0.007463162626945657 -0.001554513915020903 0
7816 0.001295967766338735 0.001104790595653126 0
7817 -0.001778569770366138 -4.112384398408037e-05 0
7818 0.001720201999095751 -0.0007167919421021754 0
7819 -0.01239156700925609 -0.001943437975249796 0
7820 -0.01451672893654077 -0.001127105214228827 0
7821 -0.0005604468419075451 -0.001679738804527605 0
7822 -0.006097506015595666 0.002413705022689764 0
7823 0.0008334610175663993 0.001627576329659177 0
7824 -0.00142117385860764 0.0008273921344553413 0
7825 -0.002078673092127503 -0.001395610316899784 0
7826 0.002477368504668457 -0.002335504348147888 0
7827 0.002288647550798294 -0.00278923632568905 0
7828 0.003471194502864475 -0.0009343505463806755 0
7829 0.003621876080172334 -0.001391321706647632 0
7830 -0.0007859856253633974 0.001819774326217482 0
7831 -0.004006416793303012 -0.002406959081400719 0
7832 -0.001638391026719569 0.0004376852815819224 0
7833 -0.001639261097430085 0.001498481090496962 0
7834 -0.0009519541242044395 0.0013683139112456 0
7835 0.001926342048330789 -0.0007025283637927962 0
7836 -0.0003319271375688879 0.001734399096152707 0
7837 -6.45148433895431e-05 0.001782359298065858 0
7838 -0.001061182510279324 -0.001402387043678621 0
7839 -0.001154093020753568 -0.001396718900957809 0
7840 0.00308886254919957 0.007421567627349177 0
7841 -0.001766296059408884 0.0005423343565680286 0
7842 0.001484263205035061 0.001009414977696927 0
7843 -0.001787373770233291 0.0003513121030703813 0
7844 0.001961469978589128 -0.001024492711089809 0
7845 0.006901781787839527 0.003394592705873653 0
7846 0.001288365462020277 -0.00316434381884597 0
7847 -0.001943827658347262 0.001304508746810074 0
7848 -0.00205360348093777 0.001109740821499026 0
7849 -0.00231045274780324 0.001196431840986832 0
7850 -0.004231894722735764 0.01164874965607998 0
7851 0.001557421665865537 0.0007211882231342448 0
7852 0.006852914670108843 -0.002944511155737582 0
7853 0.007372541128042224 -0.004522072351058037 0
7854 -0.001211694099574305 0.001235426632151677 0
7855 0.001148515157969832 -0.001385566191803742 0
7856 -0.001757996211110676 -0.0001597976536157798 0
7857 0.0004988770532928191 0.001625435733265355 0
7858 -0.00146623883895737 -0.0009027510184878599 0
7859 -0.001530288950643612 -0.000707549678419678 0
7860 0.001341491235590631 -0.002731002928541392 0
7861 -0.001809752257950736 0.0009211056367578369 0
7862 -0.001857326952827652 0.001040159050407916 0
7863 0.0009638114237505796 0.001367412892368206 0
7864 -0.00180463519757208 0.003869298982335039 0
7865 0.0004556359836525287 -0.001622700060999885 0
7866 -0.003697092812059855 -0.0004838458370009039 0
7867 -0.004235601570818053 -0.0002606318124390603 0
7868 -0.001207837241332202 0.00110584655542832 0
7869 -0.001229025225359147 0.001148525498014636 0
7870 0.005895182275327475 -0.003900326685192377 0
7871 -0.01303589854912387 -0.006148329162966634 0
7872 -0.001155295726759409 0.001169082719487026 0
7873 0.0002024626220404571 0.001672827496091007 0
7874 0.0002569365907208279 0.00167030057050639 0
7875 0.0002192342193364114 0.001718126155819198 0
7876 0.0002839148637908931 0.001727601553877524 0
7877 0.0003149559424178125 0.001675959932119047 0
7878 0.0003517112159109827 0.001723680329358424 0
7879 0.0004098532346492822 0.001626503740300802 0
7880 0.0004502376759516216 0.001676203553663276 0
7881 0.0002339210704893163 0.001783879321920196 0
7882 0.0004234805641928512 0.001754912054081216 0
7883 0.0004775656588320321 0.001852887430755882 0
7884 0.0003640277126278639 0.001612947810404924 0
7885 -0.0006836743483272563 0.001534761511070184 0
7886 -0.001657637292705085 -0.0003845997070114316 0
7887 -0.001310119907416674 -0.0012336556118082 0
7888 0.0005719357994461257 0.001928910490750985 0
7889 0.0009646888443411069 -0.001365993085559757 0
7890 0.00100933582876118 -0.001407083409254575 0
7891 0.001609448066789815 0.01389899834520931 0
7892 0.006227856543186721 -0.001946812042474805 0
7893 0.003598734364717537 0.0002709766952875299 0
7894 0.003454420055359014 0.0007141043708308039 0
7895 -0.0007244328607560645 -0.001568938272965441 0
7896 -8.875705788617736e-05 0.001849598625995824 0
7897 -0.002223125544714359 0.000966623269256954 0
7898 -0.003361421398283191 -0.007862056035178937 0
7899 0.002276619896598514 0.000269707766457477 0
7900 -0.0007035093915586904 -0.001521388548125719 0
7901 -0.001149903319936747 0.001743375443613167 0
7902 -0.0006005761955637897 0.004209405488769406 0
7903 0.0001665965697689217 0.001752065690821226 0
7904 -0.00132069203151329 -0.001113931159775066 0
7905 0.001059849397020522 -0.001800309655384563 0
7906 -0.002090269086394026 5.207601102816441e-05 0
7907 0.0002995174852161107 -0.001675602025111515 0
7908 -0.001771126392768185 -0.0003161105224211056 0
7909 -0.001448482233759951 0.0008675496740827939 0
7910 0.002989953512674459 0.0006544697230516908 0
7911 -0.001608495085337943 -0.0005714326625281302 0
7912 0.0005378830925545351 -0.001664527715831564 0
7913 -0.0004497584117954899 -0.001669826096078036 0
7914 0.001126659024083474 0.001311002675970946 0
7915 0.00938654204640222 0.007856206385794963 0
7916 0.01190434364066311 0.008303488206410303 0
7917 0.01304836724627747 0.006178823313060773 0
7918 0.001488639089425257 0.0008158946998120978 0
7919 0.00153655682073713 0.0008336122350986417 0
7920 -0.0005547023891660561 0.001925415105707538 0
7921 -0.01449750554123861 0.001400729466224891 0
7922 0.000337540059782467 0.008214813613498797 0
7923 -0.0007568772970237118 0.007476169881038405 0
7924 -0.001775715924169803 0.001332836195198271 0
7925 0.001634016978103137 -0.0003566163967764202 0
7926 0.001924953269735521 -0.0004338137666920614 0
7927 0.001607947579864828 0.0004101558858528306 0
7928 0.0009226238739889183 0.001581885020325062 0
7929 0.001590278076083576 0.0004917075088717038 0
7930 -0.00168486016131631 -0.0001331728373520172 0
7931 -0.003140254426849196 0.0002192361893236019 0
7932 -0.001574070605001833 -0.000531532564278159 0
7933 0.001574292540273684 -0.007727871851788287 0
7934 -0.008691872396319144 0.01213564102388694 0
7935 0.002596625688169294 0.01218714038372501 0
7936 -0.0002276780501653697 -0.001706944978477712 0
7937 -0.0001566764743196009 -0.001767622099685933 0
7938 -0.0002231294879316029 -0.001846315490831963 0
7939 -0.0002598662675892534 -0.001955302402353175 0
7940 -0.001797047794621843 0.002736449233293414 0
7941 -0.001183957674183072 0.009039906508450175 0
7942 -0.001054855402702331 -0.001265357565375568 0
7943 0.003188194981373659 -0.007905821891928068 0
7944 -0.001739033565635042 0.0002413049914476815 0
7945 -0.001590158889358796 -0.0004131802059356186 0
7946 -0.001812688867591724 0.0002832746478895831 0
7947 0.006418150688251542 0.002025379204377886 0
7948 -0.001613480918074853 0.0003693074831581136 0
7949 -0.001443827384608742 0.0009941332389901949 0
7950 -0.001191238953362399 -0.001260059265043904 0
7951 0.00113094125335762 0.001980654650764216 0
7952 -0.002210190097371731 -2.092242819869816e-05 0
7953 -0.00154200454261459 -0.0008311814669788248 0
7954 -0.000338769911920577 0.001971491286962632 0
7955 0.001565628140494146 0.0005704783749642026 0
7956 -0.001516240662090812 -0.000888006603078042 0
7957 -0.007825538999203598 -0.0003847708928574071 0
7958 -0.007699820812155736 -0.001638507115833416 0
7959 -0.003426494593984291 -3.663724305628182e-05 0
7960 -0.005834198421431191 0.006404139044746004 0
7961 7.55587333167944e-05 0.001856295511196211 0
7962 0.01172903833121707 -0.008482138744758078 0
7963 0.00202354581661776 -3.259423443619623e-05 0
7964 -0.00019886568095445 -0.002098905643767329 0
7965 -0.0003845919355229687 -0.002198949208212368 0
7966 0.000295273238427419 0.001634293039256159 0
7967 0.001669042762682792 -0.0003813315952095778 0
7968 -0.0002934297631086174 -0.003907595833408945 0
7969 -0.004828790435968723 -0.007287167669004179 0
7970 0.001808534489789427 -0.00129604130455307 0
7971 0.002027328671283219 0.002917895151386617 0
7972 0.001625382679990573 0.0005216902286405553 0
7973 0.008207723332801163 0.01209439953177012 0
7974 0.0058908675987946 0.01185043060949201 0
7975 0.0004242617626050589 -0.001154262212782712 0
7976 -0.0005503973833885289 0.001683020449850475 0
7977 0.0002844489394481027 -0.0008290088784272274 0
7978 0.001252833381524139 -0.001106817740436401 0
7979 -0.0004363043045908139 -0.0009048443937690149 0
7980 -0.000268609809895192 -0.0009995933894356723 0
7981 -0.0004223402809746789 0.001642986905515947 0
7982 0.001192566228066573 -0.0002067609558662845 0
7983 -0.00140781711640375 0.0003103729722818351 0
7984 0.0002489169962298786 -0.0002157052320989388 0
7985 -0.001072396986388715 0.0009001827503296078 0
7986 -0.00170553922460156 -0.004690950871352044 0
7987 -0.001662996014000628 -0.003784367719280442 0
7988 0.001708668815871668 0.0003672560557944959 0
7989 0.001675193504384432 0.0004165679275734032 0
7990 -0.0001930439374308041 -0.001032803248648655 0
7991 -0.0002290135495405632 0.0007361414337717261 0
7992 0.0006532105629145705 0.001628197828229475 0
7993 0.01499564862045911 -0.001086194100824151 0
7994 0.008629091388662262 -0.01194510564136395 0
7995 -0.0009988777630368434 0.0002721810153001487 0
7996 -0.004479764983445674 -0.009171218843051174 0
7997 -0.0002488040890650205 -0.001439342004280676 0
7998 0.0007572123079814638 0.0008560931310193369 0
7999 0.0006739481466647993 0.0007887003282499475 0
8000 0.00198459526331581 0.0009054936158889916 0
8001 -0.000586761008492094 -0.0008389496672594158 0
8002 0.001732906648539016 0.0003095296450869579 0
8003 -0.0006251194579729233 0.0008035919314140622 0
8004 0.0006495391854841829 -0.0007919719915622948 0
8005 -0.001580663464691971 0.0002764246009768697 0
8006 -0.002096013943036384 0.007544120153771214 0
8007 -0.001663476611497936 0.000245152847632546 0
8008 0.0003409043208074284 0.0009593897471939042 0
8009 -2.085603998366735e-07 -0.001634138686480049 0
8010 0.0006690709195574705 -0.001399609728799845 0
8011 -0.0001831911873187847 0.001111073477031655 0
8012 -0.001462950977161442 -0.0003482128822343259 0
8013 0.000422507737557878 -0.0007109130103664704 0
8014 0.001321563302195633 -0.00101737037570649 0
8015 -0.0002608301030793742 -0.0001324821276461929 0
8016 -0.0002080390804654405 0.0004901720552713577 0
8017 0.0001702702645764824 -0.0006362232944883403 0
8018 0.0002086563976829011 0.0002696227707087934 0
8019 0.001675409806125224 -0.0003361816936212484 0
8020 0.0005149770130501442 -0.001488311572819378 0
8021 -0.001011484940362545 -0.0001344977907331848 0
8022 0.001007850389941496 0.0001758445315351786 0
8023 -0.0007239446249278941 -0.000840807842765552 0
8024 6.802945437648995e-05 -0.001769829288783791 0
8025 5.060144739508955e-05 -0.00172359856298814 0
8026 -0.0004898245063433692 -0.0007128123057791413 0
8027 0.001287541091209342 0.001464057812658986 0
8028 -9.731888375471671e-05 0.0002972804743746862 0
8029 0.0007290837459084713 0.0007351736402432461 0
8030 -0.000264340559238503 -0.0001733858221650504 0
8031 -0.0007114892573021036 -0.0006054289097247561 0
8032 -0.001265185378230244 -0.001527941025404776 0
8033 0.002065508159905275 -0.0007569328369786739 0
8034 -0.0005482735650463505 0.001599020967687988 0
8035 -0.000150865574644699 0.001050970668009838 0
8036 0.001080239411206407 -0.000238617076949679 0
8037 0.001595175750279109 -0.0007165134414204527 0
8038 -0.001812785275083127 6.021261774573174e-05 0
8039 0.0003909934497386015 0.001581718851624361 0
8040 0.0003720618288290191 0.001663299531753572 0
8041 0.001631003492334989 0.007282117112744531 0
8042 0.0004240194105787733 -0.0007968086029281309 0
8043 -0.0006633440895009499 -0.0008138702317963427 0
8044 -0.001557903450647241 -0.001171430255048101 0
8045 -0.002320034330173602 -0.0001586932895167567 0
8046 -0.000410053167001951 0.001129984860295764 0
8047 0.0006983891718374729 -0.001458215997957536 0
8048 -0.001163743626885436 -0.001319690434108285 0
8049 -0.001133453692084675 0.0008781717869783457 0
8050 0.0007057291406009422 0.001504257635622844 0
8051 0.001531155373107527 0.0006308086320991311 0
8052 0.0003413212389267508 -0.0008623596899711762 0
8053 0.003934190391653184 0.000632250670334516 0
8054 0.0002520365514611267 0.001426168679043677 0
8055 -0.001655253100986422 0.0004827687392887445 0
8056 -0.0002592525985662231 -0.001123137932707917 0
8057 -0.01232982996860562 0.008273497654773523 0
8058 0.001192087940844102 0.001183177439663056 0
8059 -0.001783180874613156 -0.01087468343254685 0
8060 0.001662838250994887 -0.0002237934954120575 0
8061 -0.001179145017604224 0.0002332591211243157 0
8062 0.001472089498671545 0.0005251913939727285 0
8063 0.001519952497323583 0.0007459982613777462 0
8064 0.008451046292866747 -0.009578911035447083 0
8065 -0.00123791033995734 -0.001113367932242322 0
8066 -0.001196541363305123 0.001175829389370089 0
8067 0.001113700530615021 0.000413196237168882 0
8068 -8.552044322176838e-05 -0.01484130545385241 0
8069 -0.009704690735455001 -0.008158401189745847 0
8070 0.0003133709946326184 -0.001618165483598693 0
8071 0.0003290713842866253 0.001180446232132393 0
8072 -0.0001893452042769736 -0.001417280620486731 0
8073 -0.0001512435620458791 0.0009565250547735325 0
8074 0.001031383536794689 0.001329471338463924 0
8075 0.0003826847007770554 -0.001140027348993573 0
8076 -0.001146846046376839 -0.0003332920489180178 0
8077 0.0003004907407372085 -0.0001974718051751616 0
8078 -0.000831271848306732 0.002723233580291291 0
8079 0.001791201023585055 0.0001449981818643833 0
8080 0.001845511893202953 7.810651548363423e-05 0
8081 0.002363549438572348 -0.003355986481014757 0
8082 0.001338043993322404 -0.00172035978340615 0
8083 -0.0008959125279936972 8.867824257904684e-05 0
8084 0.0001619426768171936 0.002350050479666633 0
8085 -0.0003267577043838962 -0.001618364800772301 0
8086 -0.0003634546665175711 -0.001637651644926019 0
8087 -0.0008713163542539399 3.23592322151906e-05 0
8088 -0.001321483038382717 -0.0004935483644812786 0
8089 0.01015486971469466 0.00142017140523686 0
8090 -0.001653927186550508 0.001093254531527942 0
8091 0.000510735203568911 0.0007452951349053571 0
8092 0.002781465737685122 -0.006491414902942911 0
8093 -0.0008854763218812491 -0.00049808827097418 0
8094 0.0009010599849880118 0.0004878270053766342 0
8095 0.002830671827448308 -0.0005036136403101971 0
8096 -0.004189678927143696 -0.003234494912812785 0
8097 0.0002515998966349577 0.001880841436340336 0
8098 -0.001789432661119078 0.0001256139586091532 0
8099 0.0006865669361425389 -0.00317542196911549 0
8100 0.0007076676429554453 0.001647726703526558 0
8101 -0.001779151771633621 -0.0002329579904906615 0
8102 0.001176803864330693 -0.001255909932097815 0
8103 -0.003878434722065665 0.009787419321730951 0
8104 0.001598554701469085 -0.0001847250201824778 0
8105 -0.001573764362865788 0.0004179459371325145 0
8106 0.001236822177748536 0.001298873224439333 0
8107 -0.001166385849076143 0.001271395286057312 0
8108 0.001478716741667282 0.0005858877353840185 0
8109 0.0004239664712655979 -0.00121826831205508 0
8110 -0.0004281269726055653 0.001292000960638288 0
8111 -0.0004221887658594697 0.00135600911569696 0
8112 -0.0009630923732066936 -0.0002805593572742571 0
8113 0.001517281551663785 -0.0009512198216976895 0
8114 0.001579581422399958 0.0006422795487628344 0
8115 -0.001128361309028887 0.001199195097493263 0
8116 -0.0002243455286670925 0.0002274401945509307 0
8117 -0.001167317450850628 0.00120985624559886 0
8118 0.0005991166475747292 -0.001911758855647893 0
8119 0.0008775803607737521 -0.0005741844713751803 0
8120 0.0007500447287637342 0.001787781851460299 0
8121 0.0001372491621785492 -0.0009501767678805166 0
8122 -0.001502999866552649 0.0008539511232766815 0
8123 0.001329951960300943 0.00135150116556691 0
8124 0.005667192317098883 -0.005193305213949348 0
8125 0.004934581817650822 -0.004354556687622422 0
8126 0.0004208456748154941 -0.0009359921428563304 0
8127 -0.002056330170745656 0.0001751786184980785 0
8128 0.004417102913021624 0.004643509869020923 0
8129 0.0009010516294043496 -0.0003190628778347094 0
8130 -0.0008311533961653266 -0.0005500336801914928 0
8131 0.0007344356699318219 -0.001763460820101988 0
8132 0.0009292567128054921 -0.001860598538197023 0
8133 0.0003756972958064529 -0.001012422327787603 0
8134 0.001010397019499783 -0.0003144071905131315 0
8135 0.004927420316270456 0.003743503501676623 0
8136 0.0006756231032788634 0.0006079783461069353 0
8137 -0.0001254940408575492 -0.001705576014126903 0
8138 -0.0007439762910585735 0.000168922116378951 0
8139 0.00788735634791434 0.00854784922266703 0
8140 -0.00194614253828338 0.00212076205517019 0
8141 -0.0008669541283556911 0.000831519072497966 0
8142 -0.001469969181361657 -0.0005062613898166829 0
8143 -0.002332246787213881 -0.006729295670514056 0
8144 0.0001126977705530447 -0.0002633467368134918 0
8145 0.0003218323817121195 -0.0008996131686304714 0
8146 1.183090771253864e-05 -0.001742976092696016 0
8147 -4.77450895310067e-05 -0.001756488932769749 0
8148 -0.001517609882773725 0.001404878425184854 0
8149 -0.001358643238612817 0.001437046100038181 0
8150 -0.009325031899231846 0.004494986132939507 0
8151 -0.0008718069081131893 0.001738902688771311 0
8152 -0.001020132222462353 0.001796291081984137 0
8153 -0.0007124293366669168 0.0007616066920942153 0
8154 -0.0009438398213070482 -0.001407453621820551 0
8155 -0.0009953983263724037 -0.001416002331877932 0
8156 0.001040255655232789 -0.0002913563209378943 0
8157 -0.0002589976897839641 -0.001499645666493143 0
8158 -0.001553956399407859 -0.000773132263039419 0
8159 0.0002259518140503332 0.001573800992747192 0
8160 0.01183604392196664 -0.002806750494819763 0
8161 0.001462344082471799 0.001254104642412236 0
8162 0.001566688288369084 0.001222343401774785 0
8163 0.001621796738947911 0.001356951736482408 0
8164 -0.0009811525645838557 -0.001068250586395661 0
8165 -0.001355264547678559 -0.001655056019610365 0
8166 0.0009705200137558353 -0.0003243945178979872 0
8167 0.0009525401138025802 0.001089027941519253 0
8168 -0.0007956442698643222 -0.0009043942966341798 0
8169 0.0003794818316572833 -0.0009319718077447677 0
8170 0.002221325716233421 -0.009095875461423351 0
8171 -0.000487026944875085 0.001447440423775147 0
8172 0.003075301257704248 0.002501644777475968 0
8173 0.001218814752587781 -0.001126223930915575 0
8174 -0.0001869630273246552 -0.00108134710477238 0
8175 0.0007399720107760707 -0.0006969497335489505 0
8176 -0.0002720889407647242 0.0008996082620263207 0
8177 -0.001228675575735998 0.001075597424955324 0
8178 -0.002979287153406012 -0.0009276360051343763 0
8179 -0.0005800794377813026 0.0001354839638429288 0
8180 0.0005856688322719428 -9.639778432210328e-05 0
8181 -0.002210633530260277 -0.0003046084303871302 0
8182 -0.001465406127081797 0.000283565746651249 0
8183 0.0008665972449607176 -0.0004140626802800547 0
8184 0.01202001851589238 0.004220456679967799 0
8185 0.001022731976574915 -0.000118976064921875 0
8186 0.0003381989217223242 0.0001566689320071103 0
8187 -0.0008920924127480552 0.0003928211395849921 0
8188 -0.001148048754616632 0.001018086690556759 0
8189 -0.00113020460582359 0.0009896234819432893 0
8190 0.001976230660136517 0.002020144610822856 0
8191 0.002135025679541813 0.002434560596526506 0
8192 -0.002093291140839434 -5.984616150962925e-05 0
8193 -0.001540106733713722 0.0005463269999388849 0
8194 0.001014665253458722 4.614682162689443e-05 0
8195 0.001054816685785465 -0.0009057050990850427 0
8196 -0.000825506527045969 0.0003930752617099087 0
8197 0.001059298128976541 2.841442801965895e-05 0
8198 0.0009867740151012529 -0.001457377773462868 0
8199 0.0001393206323167346 0.0002989569718696023 0
8200 -0.001629324940509469 -0.0007763786329306442 0
8201 0.0003851079517161748 0.00153158936929281 0
8202 0.001082265083103955 -0.0002008449470145363 0
8203 0.0001924388250621002 -0.0008605983899617148 0
8204 0.0003219215308601736 -7.202817639854396e-05 0
8205 0.0004550350840401978 -0.0009371190593673067 0
8206 -0.000285496879078837 1.093229902471594e-05 0
8207 -0.005474222675002549 0.003147217433627229 0
8208 0.0008010653908308709 -0.0003811938725765234 0
8209 -0.008330705532028146 -0.002898001644095325 0
8210 -0.0005999010764254196 -0.0008027566684331057 0
8211 -0.0004368749701148213 0.0009579334672609395 0
8212 -5.888676996153398e-05 -0.0003212483398330903 0
8213 -0.000264002991307288 -0.001374548891661993 0
8214 -3.427803446292768e-05 -0.00216953980777991 0
8215 -0.007319607026834279 -0.004046960878130344 0
8216 -4.352279813060264e-05 0.0002749680602305547 0
8217 8.078456470327003e-06 0.001640299221785473 0
8218 -0.001557248840267754 0.0001287162698241667 0
8219 0.001022320930136132 0.0002100907176141355 0
8220 -0.0009970145620623802 -0.0001002532898811589 0
8221 -0.00065326297696099 -0.0005933713595598643 0
8222 0.0008061036845036749 -0.000726781512622071 0
8223 -0.002516244526787627 0.01245501491658671 0
8224 0.0003183580933689533 0.001789768666848199 0
8225 -0.0009012611229866152 0.0002748269641709548 0
8226 0.0006901008421138949 -0.001528762623453601 0
8227 -0.002225539242659398 0.0006472493888647047 0
8228 -0.006637558754474872 -0.001912352006258002 0
8229 -0.001146410818681162 -0.001190480584882689 0
8230 -0.0009378654114403177 0.0008439179429053826 0
8231 -0.0007197681523735812 -0.001789682882533916 0
8232 -0.0007717208912025482 -0.001923631648219738 0
8233 -0.0009527970827528883 -0.002092051216609492 0
8234 0.001732053082409759 -1.148135067584682e-05 0
8235 0.0003293279228361836 -0.001721973007988543 0
8236 0.001075544268171204 0.001214111021246684 0
8237 -0.0004422312932752022 0.001394019421892903 0
8238 0.001104524182002371 0.001141984514587446 0
8239 -0.000219415379912943 -0.001596124582005371 0
8240 0.0007416479024576612 -0.001536725728163581 0
8241 0.0009257804811404184 0.001007918778889744 0
8242 -0.0008224039025264855 -0.0009855034592636906 0
8243 0.001049994455835648 0.001181888348647184 0
8244 -0.0006795746891343523 -0.0006158833760511191 0
8245 -0.000795692332384655 0.0001432692973894705 0
8246 0.003263902158437331 -0.0005416690491523657 0
8247 0.0001582771186514603 -0.0002086901267216296 0
8248 -0.0006135246853261348 0.001710354135313423 0
8249 0.000307912721806907 -0.0001042951664298822 0
8250 0.001780289919037734 2.398101243187638e-05 0
8251 1.304708410433644e-05 0.0002947949694408856 0
8252 0.002012361431345577 0.0005631108606598577 0
8253 -0.0008874070505001878 0.0003089326854870908 0
8254 -0.0009483162427477288 -0.001304231120508274 0
8255 -0.0003681323637234657 -0.0009447816883302226 0
8256 -0.001095960723158598 -0.001291003291160717 0
8257 -0.001633586545225557 -0.0009825135169507896 0
8258 -0.001955747448269194 -0.0010679303224784 0
8259 -0.0006902887673158459 -0.0008500866316681841 0
8260 -0.0009571150152769501 -0.0004430596563286846 0
8261 0.000834990516337051 0.0005378827282653705 0
8262 -0.001242804556308556 0.001199053290466371 0
8263 0.0001756775565208644 -0.0005742637654997319 0
8264 -0.000205886302734054 0.0005514217548119023 0
8265 -0.001141335309381373 0.00131935677452563 0
8266 -0.0003692023659003906 7.973263527308532e-05 0
8267 -0.004627805344132483 0.003573265944485472 0
8268 -0.003852798187369894 0.004960255417244454 0
8269 0.0002540858077990012 0.001228806419152504 0
8270 0.0007797663499641059 -0.0001529254081866163 0
8271 -1.505384945126946e-05 0.001766088586327098 0
8272 -2.552330004909282e-05 -0.001698700720498523 0
8273 -0.004322247927963882 0.002304483607377143 0
8274 -5.462629745046638e-06 0.001009980078941641 0
8275 -4.957633475662656e-05 -0.001032588073135258 0
8276 -0.001834202942218159 -6.926764801248472e-05 0
8277 0.003193842422555973 -0.001734099258583804 0
8278 9.976232816427352e-05 -0.002108088066786618 0
8279 -0.0002001642971206284 -0.000262912839909935 0
8280 -0.0004782680855348679 -0.0007562790191632906 0
8281 0.001256460756933903 0.001573110049998763 0
8282 0.0006138780360705943 -0.0008127048192395477 0
8283 -0.0003196701301696256 0.001007329152859448 0
8284 -0.001739467794864532 0.0003094986539467472 0
8285 0.000219259602076083 -0.0006904399785544967 0
8286 0.0007796161067978659 0.00273936616106829 0
8287 0.0002892901004295658 0.0009643490379558051 0
8288 -0.000119641319588806 0.0003593118493711621 0
8289 0.0004830750193062315 -0.0008435348466820525 0
8290 0.0004680316350272382 -0.0008043722550541287 0
8291 0.0007197542768845311 -0.0007672294784962459 0
8292 -0.01205970785820254 -0.008866947480382836 0
8293 0.0004803644437763652 -0.001901564794773496 0
8294 0.0007348152866861502 0.0008223162023507787 0
8295 -0.0002088497670976255 4.109901211652501e-05 0
8296 0.0003807633785544459 0.0009456206007527729 0
8297 0.00175966618411813 0.00109163613290342 0
8298 -0.001600946724816588 0.0005936740405673524 0
8299 -0.001885163471735431 -0.0006195266542621481 0
8300 -0.00183997073440546 -0.0005402374553483337 0
8301 0.0008803107524970174 -0.0006506508008041669 0
8302 -0.0004899095274748123 0.0008991052596101585 0
8303 -0.001211474197214692 0.0001990064288404182 0
8304 0.001388232406004445 -0.0003156719256305809 0
8305 0.000976474537527965 0.001408480458191474 0
8306 0.0009344802232015687 0.001442293078620237 0
8307 0.001507373680440932 0.0009605898707492396 0
8308 0.001775538583350516 -0.002927004466310416 0
8309 -0.006031623296525762 0.01375647029329292 0
8310 0.0004374883983159206 -0.002149360609382088 0
8311 0.00178260875157759 0.0009422983940707376 0
8312 -0.0004029877490156702 -0.001537895976462729 0
8313 -0.0008785134101496078 0.0005069164173229464 0
8314 -0.0005511641542679069 -0.0008466138249475695 0
8315 -0.0005431433134326474 -0.0008946084774554501 0
8316 0.003388894150972356 -0.01222540778192166 0
8317 -0.0006164294177589827 -0.001643047369958157 0
8318 0.000382926325950429 -0.00109523596476692 0
8319 -0.001616823095388133 0.0004727411158643342 0
8320 0.001089431197057748 -0.001049200925544756 0
8321 3.293747237558991e-05 0.001027066361096751 0
8322 -1.167548951672387e-05 -0.001015039967412395 0
8323 0.001098568407808192 -0.002527997519055692 0
8324 0.0008351420636975081 0.0009914854560156682 0
8325 -0.0009116071085458891 -0.0009999138223849005 0
8326 0.001090616172776543 0.004496892674959806 0
8327 0.001595009165193711 -0.0001476800117027512 0
8328 0.00042525757557629 0.0009026682549788945 0
8329 0.001129589611118471 -0.001228191920800198 0
8330 0.0007773882001773027 0.001527194176165085 0
8331 0.0005665768716142982 0.000883409501675193 0
8332 -0.0006476620519122161 0.001508573020104836 0
8333 0.0008856192874342853 -0.0004492942070423627 0
8334 0.004514858795328017 0.0006761494124880856 0
8335 -0.0005684828060691531 -0.002029085989511103 0
8336 0.003260725644683514 0.006192451982551354 0
8337 0.00166264826566702 -0.0001842867005302036 0
8338 0.001516151954643096 -0.001544768035006682 0
8339 2.3235905500658e-05 -0.001004052764706157 0
8340 0.000949656777456165 -0.001502783061033622 0
8341 0.001145391940217677 0.001805562045526428 0
8342 -0.001470048708855835 -0.0004175877559258768 0
8343 -0.0009461937811828493 -0.001868698748676143 0
8344 -0.0004030414558569068 0.0007784462109342657 0
8345 -0.0001831228307306973 0.002255401969832432 0
8346 0.0006991510165674394 0.0005516817676326041 0
8347 0.0007403969938450971 0.0005563576739882637 0
8348 -0.001499346710794379 0.0002962452929262007 0
8349 -0.0008782915257302367 0.0005534057373835961 0
8350 -0.001126551531326602 0.0001891902661953435 0
8351 0.0009454114953168548 0.001276626061606158 0
8352 0.00101132994689109 0.0001285505829089526 0
8353 -0.001410965864750295 0.001182433985438258 0
8354 -0.0008573305010112618 -0.0005247665611640174 0
8355 0.0009328741222733977 0.0004630336956666774 0
8356 -0.001009625237340567 -0.0001799808427859283 0
8357 -0.001627621882569332 0.003131138547818122 0
8358 -0.001130119030932612 0.004019875851047548 0
8359 0.002020983611404146 -0.002465626801327603 0
8360 0.0001101856617136111 -0.0003735014261411147 0
8361 0.0001532137336156013 -0.0003873465630291742 0
8362 0.000336449148465458 2.99220277694619e-05 0
8363 0.001619715290714178 -0.0004376297204281123 0
8364 0.001447087333829636 -0.0009353083756135542 0
8365 -0.00183526733795548 0.01501411040976417 0
8366 -0.00174910150446089 0.0006013120030567168 0
8367 -0.000165629161450479 -0.0002848765003659073 0
8368 -0.0002627292866399794 0.0007189886227678454 0
8369 0.001679837498095925 0.0001730414417962921 0
8370 -0.0004421488043681316 0.001901323166411812 0
8371 -0.002906480830808723 0.001713306775099632 0
8372 -0.002483481863149301 0.001731561786658626 0
8373 0.0007524605583864881 0.000712910836578817 0
8374 -0.0005702799374595525 0.0008175084830217062 0
8375 6.989467427220001e-05 -0.0009587005265480683 0
8376 1.163786974897403e-05 0.003303068344649105 0
8377 0.001041350908046757 0.0003788938415830095 0
8378 0.0004834377191968445 -0.001659751214637967 0
8379 0.0004332524175869504 -0.001672409775946278 0
8380 0.0006102415062884225 0.0006648182473206012 0
8381 -0.001287249207325932 -0.0004466610765003867 0
8382 0.00121653821849023 0.000402321566967629 0
8383 -0.0009237836339028191 -0.00104669209749176 0
8384 -0.001119933141446021 -0.0003920034461373862 0
8385 0.001597750675073808 0.0006906048181447039 0
8386 -0.002085996191845321 0.0008970480870258452 0
8387 0.0005809530305528524 -0.0009428222202852144 0
8388 -0.001322705966235932 -0.0005641608922466054 0
8389 -0.001839110256865843 0.0005293454585692054 0
8390 0.001616277972161199 0.0003701893784118496 0
8391 -0.0003942575804309816 0.0008121899361609032 0
8392 -0.001645438106803245 -0.0006187162829926196 0
8393 -0.0003168322993758792 -0.0004738948225048454 0
8394 0.0004668573202356076 0.0004197319196965113 0
8395 -0.0003673521946795763 -0.0001537743413111157 0
8396 -0.001419717658482395 0.006518681442998575 0
8397 0.001005376824066235 -4.929370787259856e-05 0
8398 0.001354619406929649 0.0004815105318242705 0
8399 -0.001787669447701564 -0.0004727832765391413 0
8400 -0.003892052923438893 0.003455608199487805 0
8401 0.0001090943351025171 0.001069472740109501 0
8402 0.0008258967868091854 -0.0007586499339899206 0
8403 0.001513196334828897 -0.0005400695987905708 0
8404 -0.003225262006461503 -0.001674877707974607 0
8405 -0.0003838111476535732 0.001642419082786916 0
8406 -0.000389069676739179 0.001678722361388106 0
8407 0.0003380008188139946 -0.002335269203000812 0
8408 -0.0007690319315442484 -0.0007342258967547334 0
8409 -0.01214629462569469 -0.003801428433238854 0
8410 -0.000162729610916841 0.0008683814663530314 0
8411 0.0001615531382919867 0.001043133360748274 0
8412 3.225734045372685e-05 -0.0009677581067079957 0
8413 0.0004047578365112823 -0.001030805876129163 0
8414 0.00160218997955076 -0.006390572662303639 0
8415 -0.0002929998302065427 0.0002192034172037065 0
8416 -0.001746640364604246 -0.0003709101360692022 0
8417 0.001709742072894994 -0.0007970334447151868 0
8418 0.0001798677679329839 -0.000938254485647107 0
8419 -0.0008555503860369267 0.0002364506591920338 0
8420 -0.001254903142473941 -0.001296438124556785 0
8421 -0.0002283206008814209 -0.001018445470361766 0
8422 0.0002585598379335889 0.001028207289205938 0
8423 0.001037033944181909 0.0003412359521263728 0
8424 -0.0003247921335534823 -8.078325036744998e-06 0
8425 -0.0003594202549887297 0.001090296619594882 0
8426 0.001068713277391429 0.0003274207122564797 0
8427 -0.00166491696879056 -0.001369277129028931 0
8428 -0.001796948529060706 -0.001584309895310494 0
8429 0.001385079404713601 0.001269410915205397 0
8430 -0.00204857218005295 -0.001631944306494764 0
8431 0.0002980508229603253 0.0001719200857442991 0
8432 0.0005156297904793575 0.0008921355214903883 0
8433 -0.0009845972910235139 -0.001128180578372912 0
8434 -0.000731158336001773 0.001523354749217809 0
8435 0.0008005293443091129 0.0006780580857277905 0
8436 0.0004170738167124352 -0.001628052809215709 0
8437 -0.001549712963601773 0.0001067814828851871 0
8438 0.001052700644354913 -0.001103384066902553 0
8439 -0.0003445452531047443 0.00105993148834126 0
8440 -0.0002035358169611238 0.0006650875405971284 0
8441 0.0001785228334806351 -0.0004604209497692599 0
8442 0.0004210227148905871 -0.001357388153613954 0
8443 0.001108912465586006 -0.00145610665724695 0
8444 -0.000987243059174701 2.89218021460458e-05 0
8445 -0.0009544565603406862 2.814602139892023e-05 0
8446 -0.0008998158537257157 5.627355453784787e-05 0
8447 0.001100290078975622 0.001242743858822552 0
8448 -0.001795625196405317 -0.0006037890166448116 0
8449 0.0002106618905646833 -0.0005181488513147591 0
8450 -0.0001713967598770761 0.0006073596390516296 0
8451 -7.251871685958225e-05 0.0009650012963844253 0
8452 0.001963695019574659 0.0003080019141477656 0
8453 -0.0001187640108882619 -0.001079468302780631 0
8454 0.002767681631913558 0.0008939118708942739 0
8455 -0.001069870600159839 0.000244358315415501 0
8456 -0.0003032021944098191 0.0008511324481744614 0
8457 0.001189367819454171 0.0002874984837923385 0
8458 -0.000313618321247678 -0.0004053942174908844 0
8459 0.0004700712983638074 0.0004882325247104721 0
8460 -0.0006960908952651481 0.0006501986119244841 0
8461 0.0007418055270029231 0.0004913769825373141 0
8462 0.001050768160888694 -0.0004092890533090482 0
8463 0.0009603119222379529 0.0009601547899664313 0
8464 -0.0007878724614289512 -0.001033267448187004 0
8465 -0.001324549561677147 0.0009984668071562747 0
8466 -0.000515031355275047 -0.0009601280981303026 0
8467 0.001635849603073059 -0.0003203390548202234 0
8468 -4.73657706775196e-05 0.000871215310679951 0
8469 0.0003346780275247094 -0.0002542881417261052 0
8470 -0.003879133716281978 0.0006193959484446894 0
8471 -0.0008263939142733116 0.0006496131643524548 0
8472 -0.0004239427430503227 0.0007232587307023461 0
8473 -3.753388995022993e-05 -0.0004025237480375745 0
8474 -9.039197038848594e-05 -0.001171787875473642 0
8475 -0.0008310744753436959 -2.244744095629683e-05 0
8476 0.0004268689972895781 0.001428658615069517 0
8477 -0.001248804013044971 0.0002189298554593271 0
8478 0.001351579828987784 -0.000298308716427589 0
8479 0.000492226858024477 0.0009400012871379237 0
8480 -0.0007795957139132057 0.001553070528811867 0
8481 0.0002713843495824501 0.00116814927713821 0
8482 0.001875079088801165 -0.0003182624380121242 0
8483 -0.0002699185398118078 0.001567258273634996 0
8484 0.008403626486553736 -0.005862382649808331 0
8485 0.002340314883602218 -0.001885659060416818 0
8486 -0.001680718552040035 0.000117609406727874 0
8487 0.001614313665530942 -0.001155282849767279 0
8488 0.002156682436519139 0.000592857704744123 0
8489 -0.001622038924653118 0.0002224481508735619 0
8490 0.0002680577978828643 -0.0001890599570401212 0
8491 0.0001855518373615283 -0.001098355732165717 0
8492 -0.001453254029287989 0.0009140366505548339 0
8493 -0.001469003727124393 0.0009491861874797163 0
8494 -0.003122697209583063 -8.148761515168971e-05 0
8495 0.001449988157402832 0.00046791880481111 0
8496 -0.001262660119271346 0.001480186052664181 0
8497 0.002788928195279732 -0.001496546867249239 0
8498 -0.000728062292348191 -0.001629683289679886 0
8499 0.0002274888934983263 0.001120570440036533 0
8500 -0.001904307017652948 0.0002566883694551032 0
8501 0.004365710446845627 0.006549018257334983 0
8502 -0.001041735500345784 -0.000381502559378521 0
8503 -0.001599796740843529 0.0001821387792684608 0
8504 -0.0003057969796335681 0.0009769363688831658 0
8505 -0.0002561240992211326 -0.001248026845041517 0
8506 0.0002611369120625708 0.001352419805193747 0
8507 0.0003725648983872697 0.0004599963706288923 0
8508 -0.0004111247212242164 -0.0004336303715724646 0
8509 -0.00131688437827804 0.001558999765511671 0
8510 0.00171430331332912 0.002552963754878826 0
8511 -0.0009208231936660042 0.0003367366472559815 0
8512 -0.0005795588207110309 0.001580790435642449 0
8513 0.001242676904237208 -0.001158051843535587 0
8514 -0.0007552383711448859 0.001731977107792176 0
8515 0.001308149092502315 0.001819746857699367 0
8516 -0.0002952561526954877 -0.0009731699948530772 0
8517 -0.000988382292634087 0.0003045716397973953 0
8518 0.0002640559039042039 0.0002297781376422616 0
8519 0.001370428927138883 0.000526833762454101 0
8520 -0.002321110492600624 0.0008027939645293369 0
8521 -0.002528190968874112 0.0008555982673109637 0
8522 0.00599395242141543 0.00400938163290053 0
8523 0.001931159094238068 0.0007541972600178033 0
8524 -0.001021453492536279 0.001603992357418781 0
8525 0.0004952039098749245 -0.001421525737600758 0
8526 0.001178401769096511 0.0003989435098236832 0
8527 -0.001551325199361445 0.0008716831689425768 0
8528 -0.001309659388280503 0.001115440049604903 0
8529 -0.0005148521766915313 0.001478015502784741 0
8530 -0.0009926802621622705 -0.0004279717194376944 0
8531 7.642122503663573e-05 0.001039446271263531 0
8532 0.000682908227020051 -0.0007758461267873259 0
8533 0.0004703462816743657 0.0007358184228497941 0
8534 -0.001336082698004107 0.001201709345755623 0
8535 -0.00475186026360459 -0.0005486273652004018 0
8536 -0.002556939150079612 0.001270752537222341 0
8537 0.0005349311389510365 -0.001587385401341065 0
8538 -0.0007637809473474992 0.001614837128627181 0
8539 -0.0015451975836796 -0.001519774216266671 0
8540 0.0001572238116758741 0.001647656391405031 0
8541 0.00174889079074078 0.001447242944993928 0
8542 0.0004229483571600728 -6.106387301306299e-05 0
8543 0.00104224405214139 -0.001444947194949679 0
8544 0.001633818952447396 -0.001262426091012662 0
8545 0.001510141407633587 0.001101145344571078 0
8546 -0.001149625665328592 -0.0003664004712792612 0
8547 -0.0008534175158309804 -0.0009824066036022781 0
8548 0.0008947668678359228 0.001011015634551155 0
8549 8.915574403475809e-05 0.0002189942546658041 0
8550 -0.002264718871285334 0.002281693526572981 0
8551 -0.0007717968299144606 0.0007394136100300741 0
8552 -0.001024436596079663 0.001990132991375112 0
8553 0.0002895576817992225 7.420718315403475e-05 0
8554 -0.0001350517612950843 -0.00165842366466713 0
8555 0.001365821322916843 -0.001036947604878003 0
8556 0.001114454511187806 -0.0002202443862825245 0
8557 0.0007555542659489056 0.00161077110689855 0
8558 0.0005228569935227794 -0.00145406552315847 0
8559 -0.002601691066061638 0.01047752072736649 0
8560 0.001550392959191721 0.0008823231205218067 0
8561 6.317259361197667e-05 0.0003613991025853592 0
8562 0.001881083360966701 -0.001146554123222563 0
8563 -0.001290734589866382 0.001795867685513645 0
8564 0.0009425395544562064 -0.0003007003193919199 0
8565 0.0008746998142258318 -0.0005363226602395787 0
8566 -0.001535746599364771 -0.003120595257650914 0
8567 0.001879197769225722 -0.01470579699006682 0
8568 0.00162593217107412 0.0004774806512909744 0
8569 0.001637574906810543 0.0004389381033688877 0
8570 0.00061105050514864 0.0008395019945538933 0
8571 0.002139747216473027 -0.0009478818895971072 0
8572 -0.001039736836351007 0.0003935130828245909 0
8573 0.0004682363932685652 -0.0009048456215423025 0
8574 -0.001609394952939799 0.0004069685510788396 0
8575 -0.002299511094429003 -0.002739611603358306 0
8576 0.0009519427458177538 0.001335601602384421 0
8577 0.001009174689331453 0.001368463638340893 0
8578 0.002543664612688871 0.001423092846190708 0
8579 0.0009564265873113813 -0.0008485062665502027 0
8580 -0.001036957680613919 0.0008996626566106422 0
8581 -0.002243515517297349 -0.000461810541425119 0
8582 0.001384781165707186 0.001071741825416154 0
8583 0.000282544427526255 0.001000002535058599 0
8584 0.000768691497438431 -0.0007403501712449496 0
8585 -0.0002537492069303068 -0.001344159493143663 0
8586 0.001545812876911457 -0.0007904958770291307 0
8587 0.001723761933781796 0.0001364240771526866 0
8588 0.0002098323720611954 -0.0002277205895782398 0
8589 -0.000350200163133534 0.0008126826156639979 0
8590 -0.001412086446648808 0.0008046538320604503 0
8591 0.0003403983118191694 -0.001072382185224183 0
8592 0.002741564572723669 -0.001896743849629955 0
8593 0.0009532551171023785 0.001030003406341281 0
8594 -0.0007949330888876366 -0.0009634194170176095 0
8595 0.0006259161743907314 -0.001546398696612787 0
8596 0.000662513988015582 -0.00155979975123047 0
8597 0.001148543730053522 -0.001000852690873636 0
8598 -0.0009787229795386158 0.0003602434804340979 0
8599 -0.001758694125426597 0.001102227277084071 0
8600 -0.0004669859463003889 0.001181486881510363 0
8601 0.0003852761605758647 -0.001329196324321132 0
8602 0.001047743225198143 0.0004184045425348594 0
8603 -0.0007009026453147711 -0.0006744627312123932 0
8604 -0.003855439406033013 0.0001164076129185009 0
8605 -0.0009435894092586972 0.001339407959663537 0
8606 -0.0002885975283350879 0.0009398698735064886 0
8607 0.0007080306987947364 -0.002012554253870664 0
8608 0.0008831817957798024 -0.0006107007371432501 0
8609 0.0007147500848125938 0.0007922688701549334 0
8610 0.0005576350353051683 0.001818720178226313 0
8611 -8.56540971670203e-06 0.001619759538509093 0
8612 -0.001058740937515863 -0.0005111329295954713 0
8613 0.000688376260782761 0.00148161667858698 0
8614 -0.0006803549010285517 0.001392698513115873 0
8615 0.0002162811786331478 0.0009241546363986955 0
8616 -0.0005657768791127165 3.891492792913535e-05 0
8617 0.0008449459176456765 -0.0008898520501477917 0
8618 0.0005999713909405289 -0.0001929668202358966 0
8619 0.001315107723367533 -0.0003477691621530874 0
8620 -0.001285338767175627 0.000169491805524976 0
8621 -0.001149791972650635 0.0008573270355154751 0
8622 0.001453492517107972 0.0003429112907454012 0
8623 0.001219911446492858 0.001011465642903385 0
8624 0.006389741505022155 -0.001019341082557661 0
8625 -0.0008986037669079314 0.0006657541661620369 0
8626 -0.0004179077458599161 0.001811859410421255 0
8627 0.00193581019717407 0.0006505494979356981 0
8628 -0.0006924825300194784 -0.001490797228379929 0
8629 0.0005554120217617687 -0.0008524979272690424 0
8630 0.005013812318833633 -0.003504914085497906 0
8631 0.0004332207924699747 0.0004361926306556509 0
8632 -0.0003504688271415111 -0.0004574341115457061 0
8633 0.001018593452406645 0.000431806553167977 0
8634 0.0002001061063718706 -0.001030222769504073 0
8635 -0.001059132255232679 -0.001232360064456064 0
8636 -0.0009239468818024428 -0.001732102264391295 0
8637 -0.001876634754547647 -0.0004532313885588349 0
8638 -0.001198172984559184 -0.0002907721296827394 0
8639 3.751318813091167e-05 -0.0008741370003851937 0
8640 0.001537131244565035 -0.0001111204103664785 0
8641 0.0008254734304615553 1.246064812326715e-05 0
8642 -0.0003414517082384435 0.0002449141124653255 0
8643 -0.0004740684978308924 -0.0004287879554842598 0
8644 0.0009301069921753121 -0.001342043826355323 0
8645 -0.000436001079500493 -0.001433046224333735 0
8646 0.0003096211217805937 0.0004648387867170971 0
8647 -0.0005911120335045794 0.0009401210725422938 0
8648 0.0006872558581970971 -0.0006534958378690846 0
8649 0.00140231139580273 -0.0008079746042049217 0
8650 8.493273944350345e-05 0.001161731818184339 0
8651 0.001312036208934435 0.0005619141521924574 0
8652 -0.0009702526081728381 -0.0009631476496942646 0
8653 0.0002600488711706524 -0.001570838402366575 0
8654 0.0007779040638484925 0.001030222523891115 0
8655 -0.000693581469692499 0.001786133980694182 0
8656 0.001516014254226873 0.0007854873953715821 0
8657 0.0008782152167665515 -5.868536074635318e-05 0
8658 -0.0004331091342113936 0.001154544323157215 0
8659 0.0008495193354074701 -0.000633346972332097 0
8660 -0.004094622672318849 -0.004056923741591913 0
8661 -0.0003409581276959728 -0.002461676311198958 0
8662 -0.001384452075278252 -0.001882182785280759 0
8663 0.0008790568299598791 -0.0007304459099707576 0
8664 0.001109357266441364 -0.001349654763585105 0
8665 -0.0004572253123999605 0.0009038443734190867 0
8666 -0.0007672405772758503 -0.0008352296292229868 0
8667 0.001624498618943013 -0.0008724387732259736 0
8668 0.0009808374013106432 0.001158290167379513 0
8669 -0.001060293952140264 0.001546121058514873 0
8670 0.0009555770652384506 0.0004321134362807308 0
8671 0.001411277053649003 0.0005124446333803407 0
8672 0.001916973185367831 1.739772117951681e-05 0
8673 -0.0004321149180663871 -0.001485447768144267 0
8674 -0.001687233043455541 -0.0006808005091925466 0
8675 -0.001388853009879263 0.0002765686215809228 0
8676 0.001211739003160851 -0.0002406872029037401 0
8677 0.001718382801717861 0.0004332485383520732 0
8678 0.0008992545785001389 -0.001678181499194366 0
8679 -0.0006320157459097431 -0.0007961318117476456 0
8680 -0.001055015324215649 0.00168553055627682 0
8681 -0.0002340415308916147 0.001751339059758595 0
8682 -1.25927172247117e-05 0.002452681701138097 0
8683 0.0002847913767493578 0.001445804260610714 0
8684 -0.001494981198779571 -0.0006976064625949151 0
8685 -0.0006184175921631599 -0.003498290219516922 0
8686 0.001913904450155115 -0.0002385009377035898 0
8687 -0.0009004956690262635 0.0004608503632485446 0
8688 -0.001616328646713226 -0.0005268757510569148 0
8689 -0.001222576564984288 -0.001760479933667751 0
8690 0.0003373022487710295 -0.0001068693684030483 0
8691 -0.0008514588536418227 0.0007074039016525361 0
8692 0.009750629651092612 -0.008472830762190572 0
8693 0.0005705163127567077 0.0006549121267158651 0
8694 0.01291593150864149 0.002332610705906956 0
8695 -0.0004625140823783145 0.001357342609200197 0
8696 0.001020156759443781 0.0002406925198641669 0
8697 -0.0006818551219938825 -0.0007008893144020912 0
8698 0.001820635324234579 -0.001049624192242127 0
8699 -0.0001517463328811109 0.0001470759142753524 0
8700 0.0007305269177780887 0.0004713307785767872 0
8701 -0.0005263099644998813 -0.0009801743020908284 0
8702 -0.0009991827648363669 -6.959663278033901e-05 0
8703 -0.0004352213522751568 0.0007032125267418196 0
8704 -5.285829053108664e-05 -0.00042306245546296 0
8705 -0.0005151620921383551 -0.0006812004890604832 0
8706 -0.0005364002451451463 0.001514971499775718 0
8707 -0.00142485586224796 -0.005680237164255609 0
8708 -0.001628036946173227 -0.0004139580424032924 0
8709 -0.001995839021431774 0.00242551311100712 0
8710 0.0008010588334225137 0.0009105849716235496 0
8711 0.0003533652738640271 -5.511765560439303e-05 0
8712 0.0001707027300815686 -0.001119471671812187 0
8713 -0.0008095548833393515 0.0007181496974074459 0
8714 -0.001711601918618982 -0.000162014070786628 0
8715 0.001144940211127208 -0.001314821107846865 0
8716 0.001012832185050091 -0.0010926785501183 0
8717 -0.0008919909843683467 -0.0007129913186338272 0
8718 -0.0009817542690800077 0.0006565317559204929 0
8719 0.0001164563731622565 -0.0006245634963637028 0
8720 -0.0002656022772795032 0.0005009449940026862 0
8721 0.0008989817767970762 0.0002700891682095413 0
8722 0.0001594058621971696 0.001419030578085085 0
8723 -0.0003578551054808939 -0.001181415912458073 0
8724 0.0003830461366320743 0.0007225525810533481 0
8725 -0.000512165459279093 0.001189641712436058 0
8726 0.0008561933992985569 0.001280430919519607 0
8727 0.0007662690030505009 -0.0004039818316849282 0
8728 0.000340096647597161 -0.001321041493395441 0
8729 -0.0003996656664625013 -0.0001700206677976071 0
8730 0.001619856437439815 0.0001382448658705407 0
8731 -0.001120353927645487 -4.025578118089521e-05 0
8732 0.001390329278186012 0.0008120063256953597 0
8733 0.001481043591361924 -0.0005564422083326285 0
8734 0.001753318574545916 0.003328270565877733 0
8735 0.0002051469763229329 -0.0009616853790461177 0
8736 -0.00016597886769501 0.0004006294103475527 0
8737 0.0003339700537842292 0.001637316918515918 0
8738 0.0005479210784991675 -8.986495175559559e-05 0
8739 -0.0006178271915540781 0.0001420167964094364 0
8740 -0.0008593812569517619 0.0001408822543473178 0
8741 -0.0004704973684803702 0.001415923825264632 0
8742 -0.0002609274233438717 -0.0002565733674970954 0
8743 -0.002122812438846495 -0.003316418709965999 0
8744 -0.001734436931243306 0.0007625447898018998 0
8745 -0.0006783461212807188 0.0001469043099970046 0
8746 0.0004874021487725269 -8.497743816802767e-05 0
8747 0.0150273872057965 0.001839749927116185 0
8748 0.0007095753560759404 -0.0001606072176716122 0
8749 -0.0004612843117763709 7.321326084562673e-05 0
8750 -0.000472009329004713 -0.0009072315859704728 0
8751 -0.001579846540710405 -0.001270532863476592 0
8752 -0.001131712272414497 0.000934510742543064 0
8753 -0.001609016007488924 -0.001078880775650235 0
8754 -0.0004029966198976504 7.711655984671951e-05 0
8755 -0.001071544753107666 0.000204557525123453 0
8756 -0.0006056402615319997 0.0008284871682933883 0
8757 -0.0007162889038283116 0.0007063189446161995 0
8758 0.00103848975270491 -0.001696130263641051 0
8759 -0.0002036193553988011 0.0005872518349034993 0
8760 0.000178380391330239 -0.0005382777304563715 0
8761 0.001167591947749252 0.0003445395740553518 0
8762 -0.0004882754461080791 -0.0006354081477425795 0
8763 0.0009810858287525217 0.001521196427751407 0
8764 0.001029247784012032 -0.0003527299109559857 0
8765 -0.001658965259956314 -0.01512533443893865 0
8766 0.0002625134335465884 -0.001714289107009193 0
8767 -0.0008681406809966426 0.0004149971869002047 0
8768 0.001702741222820925 -0.0002180981794722603 0
8769 -0.00168615672505714 -0.001912780123846739 0
8770 0.001189834995519653 -0.001069816451775905 0
8771 -0.0001090803976926941 -0.001115342874614638 0
8772 0.0002796026455962273 -0.0007642133711339867 0
8773 -0.0007928208299620123 -0.0008618120900167696 0
8774 0.0009553602718955278 0.001131610788718192 0
8775 0.001447291024288565 0.0004996694575932744 0
8776 -0.0006194953117383 0.001478172866561503 0
8777 -0.001816129921005532 -4.839542967531696e-06 0
8778 0.0007096274446719164 -0.001492982392167202 0
8779 -0.001683234356410775 -0.0002014584192827335 0
8780 0.0009191342067892531 -0.0007726063241889682 0
8781 0.003933166764330206 -0.001030645957282736 0
8782 0.0004040443713111903 0.001488413038860413 0
8783 -0.00170397522398089 -0.0003872280199129445 0
8784 -0.001470505972131907 -0.0007748337042015004 0
8785 0.001510317863092704 -0.00128285719714746 0
8786 -0.0005175937374739771 0.001584192539066399 0
8787 -0.0002832620457731412 4.478285217464029e-05 0
8788 0.001159153214897894 -0.0009605792279370345 0
8789 -0.002680557600328823 0.001517847094609909 0
8790 -0.001364154943162332 0.001938611143259426 0
8791 0.0008664014512628626 -2.496891500225763e-05 0
8792 0.001124500681153909 0.001270196569585946 0
8793 0.0005465651634604722 0.000677438062967526 0
8794 -0.001770936503834372 0.0004767091979692328 0
8795 -0.0003348271797369559 0.002104753569740464 0
8796 0.00010270974395858 -0.002301696900504554 0
8797 0.0005190473995320236 0.0009252585211115727 0
8798 -0.00100971238602845 -0.003999493921232565 0
8799 0.001272874561130914 -0.001199415359400986 0
8800 -0.0008327056925559143 -0.002368952191760503 0
8801 -0.007212196809594514 0.008549252294492873 0
8802 -0.000985613594151839 -0.001344348325175089 0
8803 0.001459788015033161 0.0009248304379395651 0
8804 0.001877247293188015 0.001207184838009993 0
8805 -0.001062257515312339 0.0001002238201340478 0
8806 0.0007752353543921066 0.000613915494269022 0
8807 -0.0003328432276297025 8.820533740878785e-05 0
8808 0.0002348201729351701 -0.001744448406475819 0
8809 0.0002344309380450776 0.0002408010032656092 0
8810 -0.000652404116191837 0.000778819213959015 0
8811 -0.0003396094614770929 0.001786833594475897 0
8812 -0.001961707406614104 -0.001213737214082745 0
8813 0.001560180536685649 0.0006060864966397029 0
8814 0.005904845185602867 0.0138513488639268 0
8815 -0.001487802681717314 -0.0005669291668166389 0
8816 -0.0001880334714109372 0.0002427735231579379 0
8817 0.000933492721195411 0.001061579066792622 0
8818 -0.0008146938912313252 -0.0009318435125884816 0
8819 0.0008658913082664957 -0.0001159532994078707 0
8820 0.002601633037234898 0.002383993962148645 0
8821 0.0009330448829098671 -9.073698752419417e-05 0
8822 -0.0005074713329652308 0.006469042009628041 0
8823 0.001057495330497256 0.001362030685893737 0
8824 0.0002418334065765574 0.0002840188737700531 0
8825 -0.0005724475123639684 0.002040774944888998 0
8826 -0.0004866343848392264 0.002146323666317054 0
8827 -0.0004997806497954786 0.002292405441992171 0
8828 -0.000527333182556937 -0.000555278711384702 0
8829 -0.0003172118178047239 0.001667645982228848 0
8830 0.001174997279757763 0.001333022776950069 0
8831 0.003657284618051898 -0.0001474517234788688 0
8832 0.0002632727537890714 0.0001765746210823069 0
8833 0.001401353774733743 0.001438412721493843 0
8834 0.001054352442117159 -0.0001837537776391747 0
8835 -0.001330603094211394 -0.001168515169776898 0
8836 -0.0002543808273999345 0.0002071752300829163 0
8837 -0.0003290801008460986 -0.001173542390817763 0
8838 0.001384831073614969 -0.001147719706391957 0
8839 -0.001356912936808649 0.001002818140672178 0
8840 0.001658026907224407 -0.0008335475588925458 0
8841 -0.0005103560292649621 -0.0009016873808758335 0
8842 0.0009277567814318715 0.0002779626898498483 0
8843 0.0009612719321637568 -0.001744467679284931 0
8844 -0.001060344063344483 0.0004064167485953324 0
8845 0.0005327606370897736 0.0006148692952275706 0
8846 -0.001091578923010692 -3.23822595405899e-05 0
8847 -0.001015199759027863 -0.0003642407236282561 0
8848 0.0004118211412668687 0.0007304261026936545 0
8849 -0.0008632159797335508 -0.0007051177969935197 0
8850 0.004874776648129541 0.005663401338802347 0
8851 4.537762952966413e-05 0.0004216092947128137 0
8852 -0.0003463967150563337 0.001695476278224354 0
8853 -0.0009529792644452111 0.0006644052775608018 0
8854 -0.000729270822789254 -0.0006732967304663113 0
8855 0.0001881808668319619 0.001426904099725392 0
8856 0.00434191768957354 0.01248869502836278 0
8857 0.0001808967237500955 0.0002535796087817693 0
8858 0.0008849684039333519 0.001288304441159914 0
8859 0.002142531556013269 2.10406478961953e-05 0
8860 0.0002591764074874689 0.001632449880608301 0
8861 0.001107725012338475 -0.000939631389930745 0
8862 -0.001644049533583796 -0.0007222396618725384 0
8863 0.001027177018035733 -8.572819418859721e-05 0
8864 0.001013652731038805 -0.0001516614036593767 0
8865 0.001575692878031014 -0.0002739554252298919 0
8866 0.001487530073909721 -0.001682992153453679 0
8867 0.001279931524029529 -0.0001613786775101292 0
8868 -0.00132051496651363 0.0003558822901679355 0
8869 -0.001025047040607275 -0.000413148043441054 0
8870 -0.001511593128194688 -0.0005947106513293461 0
8871 0.001824146096463765 -0.002230663055325614 0
8872 -0.0004000059151257814 -0.001678587077099593 0
8873 -0.00260796654901566 0.002422793927354159 0
8874 -0.0003795947068240308 -0.001459266455649655 0
8875 7.799879219157516e-05 -0.0003165736330120026 0
8876 -0.001247040114728558 -0.0004203238130151574 0
8877 0.001263643091102938 0.0004319382938610991 0
8878 -0.001012414750880911 -0.0002399549055041438 0
8879 -0.0002959626816377798 0.0008805445398756744 0
8880 -0.0002899411121258077 -0.0001444211512142085 0
8881 -0.0008397800907418051 0.0002117482345885082 0
8882 -0.0004383874999312119 0.00121799057774089 0
8883 0.0004139104020236863 -0.001292435054241229 0
8884 0.0001086068523496482 -0.0002310204861027674 0
8885 -0.001213883503778049 -0.0004000163566304189 0
8886 -0.0009612034154029897 -0.001045487305628707 0
8887 0.001227906423428664 0.001032541238165573 0
8888 0.00129679989752961 0.000452245877087898 0
8889 5.578433218863265e-05 0.0002378511652720244 0
8890 -0.000140325089255501 0.001023261868312764 0
8891 0.0005033592800155224 0.0008370606222758541 0
8892 0.0007314348671661558 0.0007651413207805469 0
8893 -0.004575367379872562 0.004434553228262198 0
8894 0.0002261356016205394 0.001049579340158548 0
8895 -0.0002570625521023497 0.0007911184150070882 0
8896 0.001419104282820808 0.0008198798473356655 0
8897 0.0007481246683927241 -0.0001668549168186044 0
8898 -0.001374610616412686 0.001681295047378632 0
8899 -0.001540854702460349 0.001692250429459976 0
8900 0.0003183653203504617 0.0004340053041723707 0
8901 -0.000465324307586605 -0.0004596214465042619 0
8902 -0.001275237393478335 -0.001136271120177637 0
8903 -0.0006861212826895398 -0.000780361236374357 0
8904 0.0002619640131492094 -0.0001600559989009313 0
8905 -0.003701490601978418 -0.0008977822129052774 0
8906 -0.001310559036482257 -0.0004641335554815582 0
8907 -0.000918615372780866 0.0003756778097677589 0
8908 0.0003313506074783 0.001971397681857653 0
8909 -0.0001745838046210462 0.0009836202974351474 0
8910 0.0005936399952351727 -0.000161787614388227 0
8911 -0.0005721082748180727 7.009413377680494e-05 0
8912 0.001472173234153512 0.0004111240406012501 0
8913 -0.0005062506942363952 -0.0007765836901729088 0
8914 0.003448264781317589 0.00153973482620526 0
8915 0.003181226278113439 0.003032828640163737 0
8916 0.001529952041460213 -0.0009067326681988653 0
8917 -0.0008599328619094736 0.0007652583404890642 0
8918 0.0007629697586992306 -0.0001285402237480173 0
8919 -0.0007328832746484309 0.0007398715051964609 0
8920 -0.000289039476369133 0.001622183698778919 0
8921 -0.0104241152985189 0.005787848181258141 0
8922 -0.01165140435685271 0.006488524591867056 0
8923 0.0005873370133536784 0.002073714900134819 0
8924 -0.0008100258320354985 0.0001677568621734167 0
8925 -0.0001880093036524659 0.0002939389868931375 0
8926 -0.0005180326115557446 -0.0006172706955974319 0
8927 -0.001001995818941176 -0.001153998231486437 0
8928 0.001428310296152592 -0.0008932313928602456 0
8929 0.001427134031316895 -0.0003178206131760416 0
8930 -0.0009715232104093275 0.001393577165092631 0
8931 0.0004313110987577784 -0.002002835236868228 0
8932 -0.0003871310504302035 -0.001599467172879253 0
8933 -0.0005211510404699322 0.00154624148728829 0
8934 0.0009284718416882092 -0.000646540129003355 0
8935 -0.0008384471192040005 0.00155467011201186 0
8936 -0.001254693188203203 -0.002153341005079688 0
8937 0.0143092261452284 -0.00613042877166439 0
8938 0.0002154007549511583 -0.0008899079630754503 0
8939 0.0004176551167504014 -0.001527811155566578 0
8940 0.002332787436208151 -0.003961819563771881 0
8941 0.0001358408809336026 0.001140391643369918 0
8942 -0.0004364456052889302 0.0008850511030822152 0
8943 0.0001495917958862459 0.001948614859257915 0
8944 0.0005824893052590496 0.003017746544594584 0
8945 -2.558616236007531e-05 0.001920971531496117 0
8946 -0.001071522869964599 -0.0003542463251423304 0
8947 0.0009389252369679791 -0.001389740759625699 0
8948 0.0005539359844172336 -0.001623437008468019 0
8949 0.0006424469460827855 -0.002187312249804285 0
8950 -0.001376580810178422 -0.0004443619797373823 0
8951 -0.0005787669232612697 -0.002296068584937551 0
8952 -0.0009887037854710203 -0.0003065510431024648 0
8953 0.0002755758885692743 7.41668116571651e-07 0
8954 -0.001578912482428591 0.0005610180561222695 0
8955 -0.0001420289090897161 0.004258431570000661 0
8956 0.002985427916316489 -0.0002546493015594591 0
8957 0.001838071961130863 -0.0004580552879148031 0
8958 0.0002566648895446517 0.001571014787154978 0
8959 0.00051360025605368 0.001592927885374645 0
8960 0.003866571927881075 0.001727160858632062 0
8961 7.531609080039844e-06 0.0003919508356698805 0
8962 -0.0005415781423494687 0.001423068618809125 0
8963 0.007069096364432728 -0.008865167376864548 0
8964 0.0007003105649754541 0.0008753112300060831 0
8965 0.0009592338905657813 4.244652782196843e-05 0
8966 0.0008506103221348364 0.001744799494894446 0
8967 -0.001183251878885714 0.0009363101220624524 0
8968 -0.001025018775889264 -0.001127205369034059 0
8969 0.001016196346191346 0.0002927672771791798 0
8970 0.001514899390211822 0.0003778768639588495 0
8971 0.008615600991531618 0.009951192051486226 0
8972 0.001329488218626216 0.001676927180893484 0
8973 0.001141499185925815 -0.0002390731964181238 0
8974 0.0001269366012209061 0.001101936841685083 0
8975 0.001003221661762255 -1.1329166590781e-05 0
8976 -0.0001026506238444633 -0.001751670870653254 0
8977 0.000902011838118496 -0.000350102209922494 0
8978 -0.0002912402329439022 -0.001026238303060751 0
8979 0.0005377749987868614 -0.001510365372396796 0
8980 -0.007775652111626531 -0.01310857216002374 0
8981 -0.00112303377890528 -0.001124049454937969 0
8982 -0.001535929727988189 0.000375715034290825 0
8983 -0.0004923718623349804 -0.001709189636518104 0
8984 -0.0008683762796834649 -0.001007763297681574 0
8985 0.0008777096274204421 0.0009845901230123798 0
8986 0.001638874201570014 0.0003998846558645877 0
8987 -0.002421580420981547 0.001021302047607822 0
8988 0.0003855057281204192 -0.001691169931099995 0
8989 -0.0005362339549681583 0.0008145216921202033 0
8990 -0.001432252147622552 -0.0005708956474730356 0
8991 -0.001449113671319128 -0.0004806452790148736 0
8992 0.0008119768769281893 -0.000237063710380273 0
8993 0.001239613713522975 -0.001258750745754372 0
8994 0.001267655007486256 -0.001310801342570158 0
8995 -0.001001321764012938 -1.843964426693784e-05 0
8996 0.0005782509325137327 0.0005823238050922029 0
8997 -0.001155920331869596 -0.001228097039812155 0
8998 0.001188820995515491 0.001091785960651477 0
8999 -0.0006631700218412429 -0.0007286534699766397 0
9000 0.0001238510680826725 -0.0003345729131236273 0
9001 -0.001685804076664101 0.0008246586691804209 0
9002 -3.1748444633592e-05 -0.00165414914969557 0
9003 -3.995605838216491e-05 -0.002559976133917345 0
9004 8.279141295060806e-05 -0.001726062641131808 0
9005 -0.0004560129492383024 0.001466471454319559 0
9006 0.000765029177935367 0.0005780808915811706 0
9007 -3.651032598322518e-05 0.001698351867819127 0
9008 0.0008327827257111925 -1.931301459466685e-05 0
9009 9.579468415149637e-05 0.001129454308075426 0
9010 -0.000221942970983364 0.0001986802319760803 0
9011 0.0002815667212208032 0.001051488101248688 0
9012 -0.001265210020248513 0.0009855196139996183 0
9013 0.0007079982268080104 0.0005862400833697601 0
9014 0.001525005674429959 -0.0002415556910407269 0
9015 0.0007854368029385296 0.0008487196463195964 0
9016 -0.0005748480816528291 -0.0006378303657127504 0
9017 -0.001753137440412546 0.0006560005513463853 0
9018 0.001607175766842548 0.0005580409313402634 0
9019 -0.001619641930700149 0.0002679431445676781 0
9020 0.0004013086768124619 0.001705702187981895 0
9021 -0.0003576746676674502 0.0001198979835318801 0
9022 0.000462276066136378 0.0007033398018095369 0
9023 0.00214315136747814 -0.0002660019768276046 0
9024 0.00155227330322891 -0.0001489761045887733 0
9025 0.0002163273159507541 -0.0007206446125047662 0
9026 -0.0003329693313814183 0.0002125903824172455 0
9027 -0.0003924547757193074 0.001295603819066186 0
9028 0.0004598106510675354 -0.001214971708017135 0
9029 0.0007478629002205845 0.001897509102797006 0
9030 -0.003749588414099138 -0.001942647005293229 0
9031 0.001313025584562175 -0.0003177486654654017 0
9032 -0.001287410464562583 0.000199508569580804 0
9033 -0.0007446906762733484 0.001666270688808854 0
9034 0.000332412608989555 0.00150376470824915 0
9035 0.0002280098369853963 -0.001009917865730357 0
9036 0.0003226026150749836 -0.001648280968204529 0
9037 0.0008102781543104812 -0.00151365534019324 0
9038 0.0007893511772153722 -0.001546877898487303 0
9039 7.915572998401349e-05 0.01520240248264343 0
9040 0.002102172543529247 -0.0004407337681613672 0
9041 0.001351895688631037 0.0004507639896380993 0
9042 -0.00479411673117231 0.002893081337735051 0
9043 0.0002584645818490231 0.001264170244928666 0
9044 -0.0003735844210211404 0.002427361884231048 0
9045 0.0008868719289730117 -0.002019360295617751 0
9046 0.002322433239743438 0.0005020153117055422 0
9047 -0.0004073513478838486 0.001052289348224502 0
9048 0.001584557381123106 -0.0005286829492823694 0
9049 -0.001682127948092882 -0.0008328545959545921 0
9050 -0.001849184807470843 0.001181850866230193 0
9051 -0.0007024047832421455 0.001507792464088046 0
$EndNodes
$Elements
18100
1 1 2 3 127 127 2144
2 1 2 3 127 2144 2145
3 1 2 3 127 2145 2146
4 1 2 3 127 2146 2147
5 1 2 3 127 2147 2148
6 1 2 3 127 2148 2149
7 1 2 3 127 2149 2150
8 1 2 3 127 2150 2151
9 1 2 3 127 2151 2152
10 1 2 3 127 2152 2153
11 1 2 3 127 2153 2154
12 1 2 3 127 2154 2155
13 1 2 3 127 2155 2156
14 1 2 3 127 2156 2157
15 1 2 3 127 2157 2158
16 1 2 3 127 2158 2159
17 1 2 3 127 2159 2160
18 1 2 3 127 2160 2161
19 1 2 3 127 2161 2162
20 1 2 3 127 2162 2163
21 1 2 3 127 2163 2164
22 1 2 3 127 2164 2165
23 1 2 3 127 2165 2166
24 1 2 3 127 2166 2167
25 1 2 3 127 2167 2168
26 1 2 3 127 2168 2169
27 1 2 3 127 2169 2170
28 1 2 3 127 2170 2171
29 1 2 3 127 2171 2172
30 1 2 3 127 2172 2173
31 1 2 3 127 2173 2174
32 1 2 3 127 2174 2175
33 1 2 3 127 2175 2176
34 1 2 3 127 2176 2177
35 1 2 3 127 2177 2178
36 1 2 3 127 2178 127
37 2 2 1 1 2182 2196 2190
38 2 2 1 1 2190 2198 2180
39 2 2 1 1 2190 2191 2182
40 2 2 1 1 2190 2196 2185
41 2 2 1 1 2185 2198 2190
42 2 2 1 1 2188 2190 2180
43 2 2 1 1 136 2192 2179
44 2 2 1 1 2191 2193 2179
45 2 2 1 1 137 2192 136
46 2 2 1 1 2193 2197 2179
47 2 2 1 1 138 2192 137
48 2 2 1 1 2182 2192 138
49 2 2 1 1 2179 2192 2191
50 2 2 1 1 2191 2192 2182
51 2 2 1 1 2184 2197 2193
52 2 2 1 1 128 2183 1
53 2 2 1 1 131 2181 130
54 2 2 1 1 141 2185 140
55 2 2 1 1 139 2182 138
56 2 2 1 1 134 2184 133
57 2 2 1 1 143 2180 142
58 2 2 1 1 136 2179 135
59 2 2 1 1 2187 2199 2181
60 2 2 1 1 2189 2191 2190
61 2 2 1 1 2189 2190 2188
62 2 2 1 1 2187 2189 2188
63 2 2 1 1 2181 2202 2187
64 2 2 1 1 2189 2193 2191
65 2 2 1 1 2193 2194 2184
66 2 2 1 1 2180 2195 2188
67 2 2 1 1 2188 2195 2183
68 2 2 1 1 2187 2188 2183
69 2 2 1 1 2193 2202 2194
70 2 2 1 1 2189 2202 2193
71 2 2 1 1 2186 2199 2187
72 2 2 1 1 2186 2187 2183
73 2 2 1 1 128 2186 2183
74 2 2 1 1 1 2195 143
75 2 2 1 1 2194 2202 2181
76 2 2 1 1 2183 2195 1
77 2 2 1 1 129 2186 128
78 2 2 1 1 143 2195 2180
79 2 2 1 1 141 2198 2185
80 2 2 1 1 2181 2199 130
81 2 2 1 1 140 2196 139
82 2 2 1 1 130 2199 129
83 2 2 1 1 142 2198 141
84 2 2 1 1 134 2197 2184
85 2 2 1 1 2185 2196 140
86 2 2 1 1 131 2201 2181
87 2 2 1 1 139 2196 2182
88 2 2 1 1 2180 2198 142
89 2 2 1 1 135 2197 134
90 2 2 1 1 2179 2197 135
91 2 2 1 1 2184 2200 133
92 2 2 1 1 133 2200 132
93 2 2 1 1 132 2201 131
94 2 2 1 1 2187 2202 2189
95 2 2 1 1 2194 2200 2184
96 2 2 1 1 2181 2201 2194
97 2 2 1 1 129 2199 2186
98 2 2 1 1 2194 2201 2200
99 2 2 1 1 2200 2201 132
100 2 2 1 2 2214 2220 2206
101 2 2 1 2 2204 2222 2214
102 2 2 1 2 2206 2215 2214
103 2 2 1 2 2209 2220 2214
104 2 2 1 2 2214 2222 2209
105 2 2 1 2 2204 2214 2212
106 2 2 1 2 2203 2216 151
107 2 2 1 2 2203 2217 2215
108 2 2 1 2 151 2216 150
109 2 2 1 2 2203 2221 2217
110 2 2 1 2 150 2216 149
111 2 2 1 2 149 2216 2206
112 2 2 1 2 2215 2216 2203
113 2 2 1 2 2206 2216 2215
114 2 2 1 2 2217 2221 2208
115 2 2 1 2 2 2207 159
116 2 2 1 2 157 2205 156
117 2 2 1 2 147 2209 146
118 2 2 1 2 149 2206 148
119 2 2 1 2 154 2208 153
120 2 2 1 2 145 2204 144
121 2 2 1 2 152 2203 151
122 2 2 1 2 2205 2223 2211
123 2 2 1 2 2214 2215 2213
124 2 2 1 2 2212 2214 2213
125 2 2 1 2 2212 2213 2211
126 2 2 1 2 2211 2226 2205
127 2 2 1 2 2215 2217 2213
128 2 2 1 2 2208 2218 2217
129 2 2 1 2 2212 2219 2204
130 2 2 1 2 2207 2219 2212
131 2 2 1 2 2207 2212 2211
132 2 2 1 2 2218 2226 2217
133 2 2 1 2 2217 2226 2213
134 2 2 1 2 2211 2223 2210
135 2 2 1 2 2207 2211 2210
136 2 2 1 2 2207 2210 159
137 2 2 1 2 144 2219 2
138 2 2 1 2 2205 2226 2218
139 2 2 1 2 2 2219 2207
140 2 2 1 2 159 2210 158
141 2 2 1 2 2204 2219 144
142 2 2 1 2 2209 2222 146
143 2 2 1 2 157 2223 2205
144 2 2 1 2 148 2220 147
145 2 2 1 2 158 2223 157
146 2 2 1 2 2208 2221 153
147 2 2 1 2 146 2222 145
148 2 2 1 2 147 2220 2209
149 2 2 1 2 2205 2225 156
150 2 2 1 2 153 2221 152
151 2 2 1 2 2206 2220 148
152 2 2 1 2 145 2222 2204
153 2 2 1 2 152 2221 2203
154 2 2 1 2 154 2224 2208
155 2 2 1 2 155 2224 154
156 2 2 1 2 156 2225 155
157 2 2 1 2 2213 2226 2211
158 2 2 1 2 2208 2224 2218
159 2 2 1 2 2218 2225 2205
160 2 2 1 2 2210 2223 158
161 2 2 1 2 2224 2225 2218
162 2 2 1 2 155 2225 2224
163 2 2 1 3 2238 2244 2230
164 2 2 1 3 2228 2246 2238
165 2 2 1 3 2230 2239 2238
166 2 2 1 3 2233 2244 2238
167 2 2 1 3 2238 2246 2233
168 2 2 1 3 2228 2238 2236
169 2 2 1 3 2227 2240 167
170 2 2 1 3 2227 2241 2239
171 2 2 1 3 167 2240 166
172 2 2 1 3 2227 2245 2241
173 2 2 1 3 166 2240 165
174 2 2 1 3 165 2240 2230
175 2 2 1 3 2239 2240 2227
176 2 2 1 3 2230 2240 2239
177 2 2 1 3 2241 2245 2232
178 2 2 1 3 3 2231 175
179 2 2 1 3 173 2229 172
180 2 2 1 3 163 2233 162
181 2 2 1 3 165 2230 164
182 2 2 1 3 170 2232 169
183 2 2 1 3 161 2228 160
184 2 2 1 3 168 2227 167
185 2 2 1 3 2229 2247 2235
186 2 2 1 3 2238 2239 2237
187 2 2 1 3 2236 2238 2237
188 2 2 1 3 2236 2237 2235
189 2 2 1 3 2235 2250 2229
190 2 2 1 3 2239 2241 2237
191 2 2 1 3 2232 2242 2241
192 2 2 1 3 2236 2243 2228
193 2 2 1 3 2231 2243 2236
194 2 2 1 3 2231 2236 2235
195 2 2 1 3 2242 2250 2241
196 2 2 1 3 2241 2250 2237
197 2 2 1 3 2235 2247 2234
198 2 2 1 3 2231 2235 2234
199 2 2 1 3 2231 2234 175
200 2 2 1 3 160 2243 3
201 2 2 1 3 2229 2250 2242
202 2 2 1 3 3 2243 2231
203 2 2 1 3 175 2234 174
204 2 2 1 3 2228 2243 160
205 2 2 1 3 2233 2246 162
206 2 2 1 3 173 2247 2229
207 2 2 1 3 164 2244 163
208 2 2 1 3 174 2247 173
209 2 2 1 3 2232 2245 169
210 2 2 1 3 162 2246 161
211 2 2 1 3 163 2244 2233
212 2 2 1 3 2229 2249 172
213 2 2 1 3 169 2245 168
214 2 2 1 3 2230 2244 164
215 2 2 1 3 161 2246 2228
216 2 2 1 3 168 2245 2227
217 2 2 1 3 170 2248 2232
218 2 2 1 3 171 2248 170
219 2 2 1 3 172 2249 171
220 2 2 1 3 2237 2250 2235
221 2 2 1 3 2232 2248 2242
222 2 2 1 3 2242 2249 2229
223 2 2 1 3 2234 2247 174
224 2 2 1 3 2248 2249 2242
225 2 2 1 3 171 2249 2248
226 2 2 1 4 2251 2270 2260
227 2 2 1 4 2260 2270 2255
228 2 2 1 4 2254 2271 2261
229 2 2 1 4 2261 2271 2257
230 2 2 1 4 2268 2270 2251
231 2 2 1 4 2259 2272 2258
232 2 2 1 4 2252 2272 2259
233 2 2 1 4 2254 2276 2271
234 2 2 1 4 2253 2273 2267
235 2 2 1 4 4 2258 191
236 2 2 1 4 2272 2273 2258
237 2 2 1 4 179 2257 178
238 2 2 1 4 187 2256 186
239 2 2 1 4 181 2254 180
240 2 2 1 4 190 2253 189
241 2 2 1 4 177 2252 176
242 2 2 1 4 185 2251 184
243 2 2 1 4 183 2255 182
244 2 2 1 4 2267 2274 2253
245 2 2 1 4 2269 2271 2270
246 2 2 1 4 2267 2273 2269
247 2 2 1 4 2269 2270 2268
248 2 2 1 4 2269 2272 2271
249 2 2 1 4 2267 2269 2268
250 2 2 1 4 2271 2276 2270
251 2 2 1 4 2258 2273 2263
252 2 2 1 4 2263 2273 2253
253 2 2 1 4 2262 2268 2251
254 2 2 1 4 2256 2268 2262
255 2 2 1 4 2267 2268 2256
256 2 2 1 4 2266 2274 2267
257 2 2 1 4 2269 2273 2272
258 2 2 1 4 2271 2275 2257
259 2 2 1 4 2266 2267 2256
260 2 2 1 4 2258 2263 191
261 2 2 1 4 176 2259 4
262 2 2 1 4 2257 2264 178
263 2 2 1 4 189 2274 188
264 2 2 1 4 4 2259 2258
265 2 2 1 4 2256 2262 186
266 2 2 1 4 180 2261 179
267 2 2 1 4 188 2266 187
268 2 2 1 4 181 2265 2254
269 2 2 1 4 178 2264 177
270 2 2 1 4 186 2262 185
271 2 2 1 4 182 2265 181
272 2 2 1 4 179 2261 2257
273 2 2 1 4 177 2264 2252
274 2 2 1 4 190 2263 2253
275 2 2 1 4 2254 2261 180
276 2 2 1 4 187 2266 2256
277 2 2 1 4 2253 2274 189
278 2 2 1 4 184 2260 183
279 2 2 1 4 2251 2260 184
280 2 2 1 4 183 2260 2255
281 2 2 1 4 191 2263 190
282 2 2 1 4 185 2262 2251
283 2 2 1 4 2255 2265 182
284 2 2 1 4 2252 2259 176
285 2 2 1 4 2272 2275 2271
286 2 2 1 4 2270 2276 2255
287 2 2 1 4 2252 2275 2272
288 2 2 1 4 188 2274 2266
289 2 2 1 4 2257 2275 2264
290 2 2 1 4 2264 2275 2252
291 2 2 1 4 2255 2276 2265
292 2 2 1 4 2265 2276 2254
293 2 2 1 5 2277 2300 2294
294 2 2 1 5 2294 2300 2281
295 2 2 1 5 2288 2295 2280
296 2 2 1 5 2283 2295 2288
297 2 2 1 5 2277 2294 2292
298 2 2 1 5 2284 2296 2285
299 2 2 1 5 2285 2296 2278
300 2 2 1 5 2295 2302 2280
301 2 2 1 5 2291 2297 2279
302 2 2 1 5 192 2284 5
303 2 2 1 5 2284 2297 2296
304 2 2 1 5 205 2283 204
305 2 2 1 5 197 2282 196
306 2 2 1 5 203 2280 202
307 2 2 1 5 194 2279 193
308 2 2 1 5 207 2278 206
309 2 2 1 5 201 2281 200
310 2 2 1 5 199 2277 198
311 2 2 1 5 2279 2298 2291
312 2 2 1 5 2294 2295 2293
313 2 2 1 5 2293 2297 2291
314 2 2 1 5 2292 2294 2293
315 2 2 1 5 2295 2296 2293
316 2 2 1 5 2292 2293 2291
317 2 2 1 5 2294 2302 2295
318 2 2 1 5 2286 2297 2284
319 2 2 1 5 2279 2297 2286
320 2 2 1 5 2282 2299 2292
321 2 2 1 5 2292 2299 2277
322 2 2 1 5 2282 2292 2291
323 2 2 1 5 2291 2298 2290
324 2 2 1 5 2296 2297 2293
325 2 2 1 5 2283 2301 2295
326 2 2 1 5 2282 2291 2290
327 2 2 1 5 192 2286 2284
328 2 2 1 5 5 2285 207
329 2 2 1 5 205 2287 2283
330 2 2 1 5 195 2298 194
331 2 2 1 5 2284 2285 5
332 2 2 1 5 204 2288 203
333 2 2 1 5 198 2299 197
334 2 2 1 5 196 2290 195
335 2 2 1 5 206 2287 205
336 2 2 1 5 197 2299 2282
337 2 2 1 5 2280 2289 202
338 2 2 1 5 202 2289 201
339 2 2 1 5 2283 2288 204
340 2 2 1 5 2279 2286 193
341 2 2 1 5 2278 2287 206
342 2 2 1 5 194 2298 2279
343 2 2 1 5 203 2288 2280
344 2 2 1 5 2282 2290 196
345 2 2 1 5 200 2300 199
346 2 2 1 5 193 2286 192
347 2 2 1 5 2281 2300 200
348 2 2 1 5 207 2285 2278
349 2 2 1 5 201 2289 2281
350 2 2 1 5 199 2300 2277
351 2 2 1 5 2277 2299 198
352 2 2 1 5 2295 2301 2296
353 2 2 1 5 2281 2302 2294
354 2 2 1 5 2296 2301 2278
355 2 2 1 5 2290 2298 195
356 2 2 1 5 2287 2301 2283
357 2 2 1 5 2278 2301 2287
358 2 2 1 5 2289 2302 2281
359 2 2 1 5 2280 2302 2289
360 2 2 1 6 2303 2326 2321
361 2 2 1 6 2321 2326 2307
362 2 2 1 6 2312 2322 2306
363 2 2 1 6 2309 2322 2312
364 2 2 1 6 2303 2321 2319
365 2 2 1 6 2310 2323 2311
366 2 2 1 6 2311 2323 2304
367 2 2 1 6 2322 2328 2306
368 2 2 1 6 2318 2324 2305
369 2 2 1 6 208 2310 6
370 2 2 1 6 2310 2324 2323
371 2 2 1 6 221 2309 220
372 2 2 1 6 213 2308 212
373 2 2 1 6 219 2306 218
374 2 2 1 6 210 2305 209
375 2 2 1 6 223 2304 222
376 2 2 1 6 217 2307 216
377 2 2 1 6 215 2303 214
378 2 2 1 6 2305 2325 2318
379 2 2 1 6 2321 2322 2320
380 2 2 1 6 2320 2324 2318
381 2 2 1 6 2319 2321 2320
382 2 2 1 6 2322 2323 2320
383 2 2 1 6 2319 2320 2318
384 2 2 1 6 2321 2328 2322
385 2 2 1 6 2313 2324 2310
386 2 2 1 6 2305 2324 2313
387 2 2 1 6 2303 2319 2314
388 2 2 1 6 2314 2319 2308
389 2 2 1 6 2308 2319 2318
390 2 2 1 6 2318 2325 2317
391 2 2 1 6 2323 2324 2320
392 2 2 1 6 2309 2327 2322
393 2 2 1 6 2308 2318 2317
394 2 2 1 6 208 2313 2310
395 2 2 1 6 6 2311 223
396 2 2 1 6 221 2315 2309
397 2 2 1 6 211 2325 210
398 2 2 1 6 2310 2311 6
399 2 2 1 6 214 2314 213
400 2 2 1 6 213 2314 2308
401 2 2 1 6 220 2312 219
402 2 2 1 6 212 2317 211
403 2 2 1 6 2306 2316 218
404 2 2 1 6 222 2315 221
405 2 2 1 6 218 2316 217
406 2 2 1 6 2309 2312 220
407 2 2 1 6 2304 2315 222
408 2 2 1 6 2305 2313 209
409 2 2 1 6 219 2312 2306
410 2 2 1 6 2308 2317 212
411 2 2 1 6 210 2325 2305
412 2 2 1 6 216 2326 215
413 2 2 1 6 2307 2326 216
414 2 2 1 6 209 2313 208
415 2 2 1 6 217 2316 2307
416 2 2 1 6 223 2311 2304
417 2 2 1 6 215 2326 2303
418 2 2 1 6 2303 2314 214
419 2 2 1 6 2322 2327 2323
420 2 2 1 6 2307 2328 2321
421 2 2 1 6 2323 2327 2304
422 2 2 1 6 2317 2325 211
423 2 2 1 6 2315 2327 2309
424 2 2 1 6 2304 2327 2315
425 2 2 1 6 2316 2328 2307
426 2 2 1 6 2306 2328 2316
427 2 2 1 7 2332 2346 2340
428 2 2 1 7 2340 2347 2330
429 2 2 1 7 2340 2341 2332
430 2 2 1 7 2340 2346 2335
431 2 2 1 7 2335 2347 2340
432 2 2 1 7 2338 2340 2330
433 2 2 1 7 232 2342 2329
434 2 2 1 7 2341 2343 2329
435 2 2 1 7 233 2342 232
436 2 2 1 7 234 2342 233
437 2 2 1 7 2343 2348 2329
438 2 2 1 7 2332 2342 234
439 2 2 1 7 2329 2342 2341
440 2 2 1 7 2341 2342 2332
441 2 2 1 7 2334 2348 2343
442 2 2 1 7 224 2333 7
443 2 2 1 7 227 2331 226
444 2 2 1 7 237 2335 236
445 2 2 1 7 235 2332 234
446 2 2 1 7 230 2334 229
447 2 2 1 7 239 2330 238
448 2 2 1 7 232 2329 231
449 2 2 1 7 2337 2349 2331
450 2 2 1 7 2339 2341 2340
451 2 2 1 7 2339 2340 2338
452 2 2 1 7 2337 2339 2338
453 2 2 1 7 2331 2352 2337
454 2 2 1 7 2339 2343 2341
455 2 2 1 7 2343 2344 2334
456 2 2 1 7 2330 2345 2338
457 2 2 1 7 2338 2345 2333
458 2 2 1 7 2337 2338 2333
459 2 2 1 7 2343 2352 2344
460 2 2 1 7 2339 2352 2343
461 2 2 1 7 2336 2349 2337
462 2 2 1 7 2336 2337 2333
463 2 2 1 7 224 2336 2333
464 2 2 1 7 7 2345 239
465 2 2 1 7 2344 2352 2331
466 2 2 1 7 2333 2345 7
467 2 2 1 7 225 2336 224
468 2 2 1 7 239 2345 2330
469 2 2 1 7 237 2347 2335
470 2 2 1 7 2331 2349 226
471 2 2 1 7 236 2346 235
472 2 2 1 7 226 2349 225
473 2 2 1 7 238 2347 237
474 2 2 1 7 2335 2346 236
475 2 2 1 7 230 2348 2334
476 2 2 1 7 227 2351 2331
477 2 2 1 7 235 2346 2332
478 2 2 1 7 2330 2347 238
479 2 2 1 7 231 2348 230
480 2 2 1 7 2329 2348 231
481 2 2 1 7 2334 2350 229
482 2 2 1 7 229 2350 228
483 2 2 1 7 228 2351 227
484 2 2 1 7 2337 2352 2339
485 2 2 1 7 2344 2350 2334
486 2 2 1 7 2331 2351 2344
487 2 2 1 7 225 2349 2336
488 2 2 1 7 2344 2351 2350
489 2 2 1 7 2350 2351 228
490 2 2 1 8 2367 2372 2353
491 2 2 1 8 2357 2372 2367
492 2 2 1 8 2363 2373 2356
493 2 2 1 8 2359 2373 2363
494 2 2 1 8 2353 2372 2370
495 2 2 1 8 2360 2374 2361
496 2 2 1 8 2361 2374 2354
497 2 2 1 8 2373 2378 2356
498 2 2 1 8 2369 2375 2355
499 2 2 1 8 240 2360 8
500 2 2 1 8 2360 2375 2374
501 2 2 1 8 253 2359 252
502 2 2 1 8 245 2358 244
503 2 2 1 8 251 2356 250
504 2 2 1 8 242 2355 241
505 2 2 1 8 255 2354 254
506 2 2 1 8 249 2357 248
507 2 2 1 8 247 2353 246
508 2 2 1 8 2355 2376 2369
509 2 2 1 8 2372 2373 2371
510 2 2 1 8 2371 2375 2369
511 2 2 1 8 2370 2372 2371
512 2 2 1 8 2373 2374 2371
513 2 2 1 8 2370 2371 2369
514 2 2 1 8 2372 2378 2373
515 2 2 1 8 2364 2375 2360
516 2 2 1 8 2355 2375 2364
517 2 2 1 8 2353 2370 2362
518 2 2 1 8 2362 2370 2358
519 2 2 1 8 2358 2370 2369
520 2 2 1 8 2369 2376 2368
521 2 2 1 8 2374 2375 2371
522 2 2 1 8 2359 2377 2373
523 2 2 1 8 2358 2369 2368
524 2 2 1 8 240 2364 2360
525 2 2 1 8 8 2361 255
526 2 2 1 8 253 2365 2359
527 2 2 1 8 246 2362 245
528 2 2 1 8 243 2376 242
529 2 2 1 8 245 2362 2358
530 2 2 1 8 2360 2361 8
531 2 2 1 8 252 2363 251
532 2 2 1 8 244 2368 243
533 2 2 1 8 2356 2366 250
534 2 2 1 8 254 2365 253
535 2 2 1 8 250 2366 249
536 2 2 1 8 2359 2363 252
537 2 2 1 8 2354 2365 254
538 2 2 1 8 2355 2364 241
539 2 2 1 8 251 2363 2356
540 2 2 1 8 2358 2368 244
541 2 2 1 8 242 2376 2355
542 2 2 1 8 248 2367 247
543 2 2 1 8 2357 2367 248
544 2 2 1 8 241 2364 240
545 2 2 1 8 249 2366 2357
546 2 2 1 8 247 2367 2353
547 2 2 1 8 255 2361 2354
548 2 2 1 8 2353 2362 246
549 2 2 1 8 2373 2377 2374
550 2 2 1 8 2357 2378 2372
551 2 2 1 8 2374 2377 2354
552 2 2 1 8 2368 2376 243
553 2 2 1 8 2365 2377 2359
554 2 2 1 8 2354 2377 2365
555 2 2 1 8 2366 2378 2357
556 2 2 1 8 2356 2378 2366
557 2 2 1 9 2379 2398 2388
558 2 2 1 9 2388 2398 2383
559 2 2 1 9 2382 2399 2391
560 2 2 1 9 2391 2399 2385
561 2 2 1 9 2396 2398 2379
562 2 2 1 9 2387 2400 2386
563 2 2 1 9 2380 2400 2387
564 2 2 1 9 2382 2404 2399
565 2 2 1 9 2381 2401 2395
566 2 2 1 9 9 2386 271
567 2 2 1 9 2400 2401 2386
568 2 2 1 9 259 2385 258
569 2 2 1 9 267 2384 266
570 2 2 1 9 261 2382 260
571 2 2 1 9 270 2381 269
572 2 2 1 9 257 2380 256
573 2 2 1 9 263 2383 262
574 2 2 1 9 265 2379 264
575 2 2 1 9 2395 2402 2381
576 2 2 1 9 2397 2399 2398
577 2 2 1 9 2395 2401 2397
578 2 2 1 9 2397 2398 2396
579 2 2 1 9 2397 2400 2399
580 2 2 1 9 2395 2397 2396
581 2 2 1 9 2399 2404 2398
582 2 2 1 9 2386 2401 2389
583 2 2 1 9 2389 2401 2381
584 2 2 1 9 2393 2396 2379
585 2 2 1 9 2384 2396 2393
586 2 2 1 9 2395 2396 2384
587 2 2 1 9 2394 2402 2395
588 2 2 1 9 2397 2401 2400
589 2 2 1 9 2399 2403 2385
590 2 2 1 9 2394 2395 2384
591 2 2 1 9 2386 2389 271
592 2 2 1 9 256 2387 9
593 2 2 1 9 2385 2390 258
594 2 2 1 9 269 2402 268
595 2 2 1 9 9 2387 2386
596 2 2 1 9 260 2391 259
597 2 2 1 9 268 2394 267
598 2 2 1 9 2384 2393 266
599 2 2 1 9 258 2390 257
600 2 2 1 9 261 2392 2382
601 2 2 1 9 262 2392 261
602 2 2 1 9 266 2393 265
603 2 2 1 9 259 2391 2385
604 2 2 1 9 270 2389 2381
605 2 2 1 9 257 2390 2380
606 2 2 1 9 2382 2391 260
607 2 2 1 9 2381 2402 269
608 2 2 1 9 267 2394 2384
609 2 2 1 9 264 2388 263
610 2 2 1 9 263 2388 2383
611 2 2 1 9 271 2389 270
612 2 2 1 9 2379 2388 264
613 2 2 1 9 2383 2392 262
614 2 2 1 9 2380 2387 256
615 2 2 1 9 265 2393 2379
616 2 2 1 9 2400 2403 2399
617 2 2 1 9 2398 2404 2383
618 2 2 1 9 2380 2403 2400
619 2 2 1 9 268 2402 2394
620 2 2 1 9 2385 2403 2390
621 2 2 1 9 2390 2403 2380
622 2 2 1 9 2383 2404 2392
623 2 2 1 9 2392 2404 2382
624 2 2 1 10 2416 2422 2408
625 2 2 1 10 2406 2423 2416
626 2 2 1 10 2408 2417 2416
627 2 2 1 10 2411 2422 2416
628 2 2 1 10 2416 2423 2411
629 2 2 1 10 2406 2416 2414
630 2 2 1 10 2405 2418 279
631 2 2 1 10 2405 2419 2417
632 2 2 1 10 279 2418 278
633 2 2 1 10 278 2418 277
634 2 2 1 10 2405 2424 2419
635 2 2 1 10 277 2418 2408
636 2 2 1 10 2417 2418 2405
637 2 2 1 10 2408 2418 2417
638 2 2 1 10 2419 2424 2410
639 2 2 1 10 10 2409 287
640 2 2 1 10 285 2407 284
641 2 2 1 10 275 2411 274
642 2 2 1 10 277 2408 276
643 2 2 1 10 282 2410 281
644 2 2 1 10 273 2406 272
645 2 2 1 10 280 2405 279
646 2 2 1 10 2407 2425 2413
647 2 2 1 10 2416 2417 2415
648 2 2 1 10 2414 2416 2415
649 2 2 1 10 2414 2415 2413
650 2 2 1 10 2413 2428 2407
651 2 2 1 10 2417 2419 2415
652 2 2 1 10 2410 2420 2419
653 2 2 1 10 2414 2421 2406
654 2 2 1 10 2409 2421 2414
655 2 2 1 10 2409 2414 2413
656 2 2 1 10 2420 2428 2419
657 2 2 1 10 2413 2425 2412
658 2 2 1 10 2419 2428 2415
659 2 2 1 10 2409 2413 2412
660 2 2 1 10 2409 2412 287
661 2 2 1 10 272 2421 10
662 2 2 1 10 2407 2428 2420
663 2 2 1 10 10 2421 2409
664 2 2 1 10 287 2412 286
665 2 2 1 10 2406 2421 272
666 2 2 1 10 2411 2423 274
667 2 2 1 10 285 2425 2407
668 2 2 1 10 276 2422 275
669 2 2 1 10 286 2425 285
670 2 2 1 10 274 2423 273
671 2 2 1 10 275 2422 2411
672 2 2 1 10 2407 2427 284
673 2 2 1 10 2410 2424 281
674 2 2 1 10 281 2424 280
675 2 2 1 10 2408 2422 276
676 2 2 1 10 273 2423 2406
677 2 2 1 10 282 2426 2410
678 2 2 1 10 280 2424 2405
679 2 2 1 10 283 2426 282
680 2 2 1 10 284 2427 283
681 2 2 1 10 2415 2428 2413
682 2 2 1 10 2410 2426 2420
683 2 2 1 10 2420 2427 2407
684 2 2 1 10 2412 2425 286
685 2 2 1 10 2426 2427 2420
686 2 2 1 10 283 2427 2426
687 2 2 1 11 2429 2448 2438
688 2 2 1 11 2438 2448 2433
689 2 2 1 11 2432 2449 2440
690 2 2 1 11 2440 2449 2435
691 2 2 1 11 2446 2448 2429
692 2 2 1 11 2437 2450 2436
693 2 2 1 11 2430 2450 2437
694 2 2 1 11 2432 2454 2449
695 2 2 1 11 2431 2451 2445
696 2 2 1 11 11 2436 303
697 2 2 1 11 2450 2451 2436
698 2 2 1 11 291 2435 290
699 2 2 1 11 299 2434 298
700 2 2 1 11 293 2432 292
701 2 2 1 11 302 2431 301
702 2 2 1 11 297 2429 296
703 2 2 1 11 289 2430 288
704 2 2 1 11 295 2433 294
705 2 2 1 11 2445 2452 2431
706 2 2 1 11 2447 2449 2448
707 2 2 1 11 2445 2451 2447
708 2 2 1 11 2447 2448 2446
709 2 2 1 11 2447 2450 2449
710 2 2 1 11 2445 2447 2446
711 2 2 1 11 2449 2454 2448
712 2 2 1 11 2436 2451 2441
713 2 2 1 11 2441 2451 2431
714 2 2 1 11 2439 2446 2429
715 2 2 1 11 2434 2446 2439
716 2 2 1 11 2445 2446 2434
717 2 2 1 11 2444 2452 2445
718 2 2 1 11 2447 2451 2450
719 2 2 1 11 2449 2453 2435
720 2 2 1 11 2444 2445 2434
721 2 2 1 11 2436 2441 303
722 2 2 1 11 288 2437 11
723 2 2 1 11 2435 2443 290
724 2 2 1 11 2434 2439 298
725 2 2 1 11 11 2437 2436
726 2 2 1 11 301 2452 300
727 2 2 1 11 292 2440 291
728 2 2 1 11 293 2442 2432
729 2 2 1 11 300 2444 299
730 2 2 1 11 298 2439 297
731 2 2 1 11 290 2443 289
732 2 2 1 11 294 2442 293
733 2 2 1 11 291 2440 2435
734 2 2 1 11 2429 2438 296
735 2 2 1 11 299 2444 2434
736 2 2 1 11 2432 2440 292
737 2 2 1 11 289 2443 2430
738 2 2 1 11 296 2438 295
739 2 2 1 11 302 2441 2431
740 2 2 1 11 295 2438 2433
741 2 2 1 11 2431 2452 301
742 2 2 1 11 297 2439 2429
743 2 2 1 11 303 2441 302
744 2 2 1 11 2433 2442 294
745 2 2 1 11 2430 2437 288
746 2 2 1 11 2450 2453 2449
747 2 2 1 11 2448 2454 2433
748 2 2 1 11 2430 2453 2450
749 2 2 1 11 300 2452 2444
750 2 2 1 11 2435 2453 2443
751 2 2 1 11 2443 2453 2430
752 2 2 1 11 2433 2454 2442
753 2 2 1 11 2442 2454 2432
754 2 2 1 12 2458 2472 2466
755 2 2 1 12 2466 2474 2456
756 2 2 1 12 2466 2467 2458
757 2 2 1 12 2466 2472 2461
758 2 2 1 12 2461 2474 2466
759 2 2 1 12 2464 2466 2456
760 2 2 1 12 312 2468 2455
761 2 2 1 12 2467 2469 2455
762 2 2 1 12 313 2468 312
763 2 2 1 12 2469 2473 2455
764 2 2 1 12 314 2468 313
765 2 2 1 12 2458 2468 314
766 2 2 1 12 2455 2468 2467
767 2 2 1 12 2467 2468 2458
768 2 2 1 12 2460 2473 2469
769 2 2 1 12 304 2459 12
770 2 2 1 12 307 2457 306
771 2 2 1 12 317 2461 316
772 2 2 1 12 315 2458 314
773 2 2 1 12 310 2460 309
774 2 2 1 12 319 2456 318
775 2 2 1 12 312 2455 311
776 2 2 1 12 2463 2475 2457
777 2 2 1 12 2465 2467 2466
778 2 2 1 12 2465 2466 2464
779 2 2 1 12 2463 2465 2464
780 2 2 1 12 2457 2478 2463
781 2 2 1 12 2465 2469 2467
782 2 2 1 12 2469 2470 2460
783 2 2 1 12 2456 2471 2464
784 2 2 1 12 2464 2471 2459
785 2 2 1 12 2463 2464 2459
786 2 2 1 12 2469 2478 2470
787 2 2 1 12 2465 2478 2469
788 2 2 1 12 2462 2475 2463
789 2 2 1 12 2462 2463 2459
790 2 2 1 12 304 2462 2459
791 2 2 1 12 12 2471 319
792 2 2 1 12 2470 2478 2457
793 2 2 1 12 2459 2471 12
794 2 2 1 12 305 2462 304
795 2 2 1 12 319 2471 2456
796 2 2 1 12 317 2474 2461
797 2 2 1 12 2457 2475 306
798 2 2 1 12 316 2472 315
799 2 2 1 12 306 2475 305
800 2 2 1 12 318 2474 317
801 2 2 1 12 310 2473 2460
802 2 2 1 12 2461 2472 316
803 2 2 1 12 307 2477 2457
804 2 2 1 12 315 2472 2458
805 2 2 1 12 2456 2474 318
806 2 2 1 12 311 2473 310
807 2 2 1 12 2455 2473 311
808 2 2 1 12 2460 2476 309
809 2 2 1 12 309 2476 308
810 2 2 1 12 308 2477 307
811 2 2 1 12 2463 2478 2465
812 2 2 1 12 2470 2476 2460
813 2 2 1 12 2457 2477 2470
814 2 2 1 12 305 2475 2462
815 2 2 1 12 2470 2477 2476
816 2 2 1 12 2476 2477 308
817 2 2 1 13 2489 2498 2479
818 2 2 1 13 2483 2498 2489
819 2 2 1 13 2490 2499 2482
820 2 2 1 13 2485 2499 2490
821 2 2 1 13 2479 2498 2496
822 2 2 1 13 2486 2500 2487
823 2 2 1 13 2487 2500 2480
824 2 2 1 13 2499 2504 2482
825 2 2 1 13 2495 2501 2481
826 2 2 1 13 320 2486 13
827 2 2 1 13 2486 2501 2500
828 2 2 1 13 333 2485 332
829 2 2 1 13 325 2484 324
830 2 2 1 13 331 2482 330
831 2 2 1 13 322 2481 321
832 2 2 1 13 335 2480 334
833 2 2 1 13 329 2483 328
834 2 2 1 13 327 2479 326
835 2 2 1 13 2481 2502 2495
836 2 2 1 13 2498 2499 2497
837 2 2 1 13 2497 2501 2495
838 2 2 1 13 2496 2498 2497
839 2 2 1 13 2499 2500 2497
840 2 2 1 13 2496 2497 2495
841 2 2 1 13 2498 2504 2499
842 2 2 1 13 2492 2501 2486
843 2 2 1 13 2481 2501 2492
844 2 2 1 13 2479 2496 2488
845 2 2 1 13 2488 2496 2484
846 2 2 1 13 2484 2496 2495
847 2 2 1 13 2495 2502 2494
848 2 2 1 13 2500 2501 2497
849 2 2 1 13 2485 2503 2499
850 2 2 1 13 2484 2495 2494
851 2 2 1 13 320 2492 2486
852 2 2 1 13 13 2487 335
853 2 2 1 13 333 2493 2485
854 2 2 1 13 325 2488 2484
855 2 2 1 13 326 2488 325
856 2 2 1 13 2486 2487 13
857 2 2 1 13 323 2502 322
858 2 2 1 13 2482 2491 330
859 2 2 1 13 332 2490 331
860 2 2 1 13 324 2494 323
861 2 2 1 13 334 2493 333
862 2 2 1 13 330 2491 329
863 2 2 1 13 2485 2490 332
864 2 2 1 13 2484 2494 324
865 2 2 1 13 2483 2489 328
866 2 2 1 13 331 2490 2482
867 2 2 1 13 2480 2493 334
868 2 2 1 13 328 2489 327
869 2 2 1 13 2481 2492 321
870 2 2 1 13 322 2502 2481
871 2 2 1 13 327 2489 2479
872 2 2 1 13 321 2492 320
873 2 2 1 13 2479 2488 326
874 2 2 1 13 329 2491 2483
875 2 2 1 13 335 2487 2480
876 2 2 1 13 2499 2503 2500
877 2 2 1 13 2483 2504 2498
878 2 2 1 13 2500 2503 2480
879 2 2 1 13 2494 2502 323
880 2 2 1 13 2493 2503 2485
881 2 2 1 13 2480 2503 2493
882 2 2 1 13 2491 2504 2483
883 2 2 1 13 2482 2504 2491
884 2 2 1 14 2508 2522 2516
885 2 2 1 14 2516 2523 2506
886 2 2 1 14 2516 2517 2508
887 2 2 1 14 2516 2522 2511
888 2 2 1 14 2511 2523 2516
889 2 2 1 14 2514 2516 2506
890 2 2 1 14 344 2518 2505
891 2 2 1 14 2517 2519 2505
892 2 2 1 14 345 2518 344
893 2 2 1 14 346 2518 345
894 2 2 1 14 2519 2524 2505
895 2 2 1 14 2508 2518 346
896 2 2 1 14 2505 2518 2517
897 2 2 1 14 2517 2518 2508
898 2 2 1 14 2510 2524 2519
899 2 2 1 14 336 2509 14
900 2 2 1 14 339 2507 338
901 2 2 1 14 349 2511 348
902 2 2 1 14 347 2508 346
903 2 2 1 14 342 2510 341
904 2 2 1 14 351 2506 350
905 2 2 1 14 344 2505 343
906 2 2 1 14 2513 2525 2507
907 2 2 1 14 2515 2517 2516
908 2 2 1 14 2515 2516 2514
909 2 2 1 14 2513 2515 2514
910 2 2 1 14 2507 2528 2513
911 2 2 1 14 2515 2519 2517
912 2 2 1 14 2519 2520 2510
913 2 2 1 14 2506 2521 2514
914 2 2 1 14 2514 2521 2509
915 2 2 1 14 2513 2514 2509
916 2 2 1 14 2519 2528 2520
917 2 2 1 14 2515 2528 2519
918 2 2 1 14 2512 2525 2513
919 2 2 1 14 2512 2513 2509
920 2 2 1 14 336 2512 2509
921 2 2 1 14 14 2521 351
922 2 2 1 14 2520 2528 2507
923 2 2 1 14 2509 2521 14
924 2 2 1 14 337 2512 336
925 2 2 1 14 351 2521 2506
926 2 2 1 14 349 2523 2511
927 2 2 1 14 2507 2525 338
928 2 2 1 14 348 2522 347
929 2 2 1 14 338 2525 337
930 2 2 1 14 350 2523 349
931 2 2 1 14 2511 2522 348
932 2 2 1 14 342 2524 2510
933 2 2 1 14 339 2527 2507
934 2 2 1 14 347 2522 2508
935 2 2 1 14 2506 2523 350
936 2 2 1 14 343 2524 342
937 2 2 1 14 2505 2524 343
938 2 2 1 14 2510 2526 341
939 2 2 1 14 341 2526 340
940 2 2 1 14 340 2527 339
941 2 2 1 14 2513 2528 2515
942 2 2 1 14 2520 2526 2510
943 2 2 1 14 2507 2527 2520
944 2 2 1 14 337 2525 2512
945 2 2 1 14 2520 2527 2526
946 2 2 1 14 2526 2527 340
947 2 2 1 15 2540 2548 2529
948 2 2 1 15 2533 2548 2540
949 2 2 1 15 2539 2549 2532
950 2 2 1 15 2535 2549 2539
951 2 2 1 15 2529 2548 2546
952 2 2 1 15 2536 2550 2537
953 2 2 1 15 2537 2550 2530
954 2 2 1 15 2549 2554 2532
955 2 2 1 15 2545 2551 2531
956 2 2 1 15 352 2536 15
957 2 2 1 15 2536 2551 2550
958 2 2 1 15 365 2535 364
959 2 2 1 15 357 2534 356
960 2 2 1 15 363 2532 362
961 2 2 1 15 354 2531 353
962 2 2 1 15 367 2530 366
963 2 2 1 15 361 2533 360
964 2 2 1 15 359 2529 358
965 2 2 1 15 2531 2552 2545
966 2 2 1 15 2548 2549 2547
967 2 2 1 15 2547 2551 2545
968 2 2 1 15 2546 2548 2547
969 2 2 1 15 2549 2550 2547
970 2 2 1 15 2546 2547 2545
971 2 2 1 15 2548 2554 2549
972 2 2 1 15 2542 2551 2536
973 2 2 1 15 2531 2551 2542
974 2 2 1 15 2529 2546 2538
975 2 2 1 15 2538 2546 2534
976 2 2 1 15 2534 2546 2545
977 2 2 1 15 2545 2552 2544
978 2 2 1 15 2550 2551 2547
979 2 2 1 15 2535 2553 2549
980 2 2 1 15 2534 2545 2544
981 2 2 1 15 352 2542 2536
982 2 2 1 15 15 2537 367
983 2 2 1 15 365 2543 2535
984 2 2 1 15 357 2538 2534
985 2 2 1 15 358 2538 357
986 2 2 1 15 2536 2537 15
987 2 2 1 15 355 2552 354
988 2 2 1 15 364 2539 363
989 2 2 1 15 2532 2541 362
990 2 2 1 15 356 2544 355
991 2 2 1 15 366 2543 365
992 2 2 1 15 362 2541 361
993 2 2 1 15 2535 2539 364
994 2 2 1 15 2534 2544 356
995 2 2 1 15 363 2539 2532
996 2 2 1 15 2530 2543 366
997 2 2 1 15 2531 2542 353
998 2 2 1 15 360 2540 359
999 2 2 1 15 2533 2540 360
1000 2 2 1 15 354 2552 2531
1001 2 2 1 15 353 2542 352
1002 2 2 1 15 359 2540 2529
1003 2 2 1 15 361 2541 2533
1004 2 2 1 15 2529 2538 358
1005 2 2 1 15 367 2537 2530
1006 2 2 1 15 2549 2553 2550
1007 2 2 1 15 2533 2554 2548
1008 2 2 1 15 2550 2553 2530
1009 2 2 1 15 2544 2552 355
1010 2 2 1 15 2543 2553 2535
1011 2 2 1 15 2530 2553 2543
1012 2 2 1 15 2541 2554 2533
1013 2 2 1 15 2532 2554 2541
1014 2 2 1 16 2566 2572 2558
1015 2 2 1 16 2556 2573 2566
1016 2 2 1 16 2558 2567 2566
1017 2 2 1 16 2561 2572 2566
1018 2 2 1 16 2566 2573 2561
1019 2 2 1 16 2556 2566 2564
1020 2 2 1 16 2555 2568 375
1021 2 2 1 16 2555 2569 2567
1022 2 2 1 16 375 2568 374
1023 2 2 1 16 374 2568 373
1024 2 2 1 16 2555 2574 2569
1025 2 2 1 16 373 2568 2558
1026 2 2 1 16 2567 2568 2555
1027 2 2 1 16 2558 2568 2567
1028 2 2 1 16 2569 2574 2560
1029 2 2 1 16 16 2559 383
1030 2 2 1 16 381 2557 380
1031 2 2 1 16 371 2561 370
1032 2 2 1 16 373 2558 372
1033 2 2 1 16 378 2560 377
1034 2 2 1 16 369 2556 368
1035 2 2 1 16 376 2555 375
1036 2 2 1 16 2557 2575 2563
1037 2 2 1 16 2566 2567 2565
1038 2 2 1 16 2564 2566 2565
1039 2 2 1 16 2564 2565 2563
1040 2 2 1 16 2563 2578 2557
1041 2 2 1 16 2567 2569 2565
1042 2 2 1 16 2560 2570 2569
1043 2 2 1 16 2564 2571 2556
1044 2 2 1 16 2559 2571 2564
1045 2 2 1 16 2559 2564 2563
1046 2 2 1 16 2570 2578 2569
1047 2 2 1 16 2563 2575 2562
1048 2 2 1 16 2569 2578 2565
1049 2 2 1 16 2559 2563 2562
1050 2 2 1 16 2559 2562 383
1051 2 2 1 16 368 2571 16
1052 2 2 1 16 2557 2578 2570
1053 2 2 1 16 16 2571 2559
1054 2 2 1 16 383 2562 382
1055 2 2 1 16 2556 2571 368
1056 2 2 1 16 2561 2573 370
1057 2 2 1 16 381 2575 2557
1058 2 2 1 16 372 2572 371
1059 2 2 1 16 382 2575 381
1060 2 2 1 16 370 2573 369
1061 2 2 1 16 371 2572 2561
1062 2 2 1 16 2557 2577 380
1063 2 2 1 16 2560 2574 377
1064 2 2 1 16 377 2574 376
1065 2 2 1 16 2558 2572 372
1066 2 2 1 16 369 2573 2556
1067 2 2 1 16 378 2576 2560
1068 2 2 1 16 376 2574 2555
1069 2 2 1 16 379 2576 378
1070 2 2 1 16 380 2577 379
1071 2 2 1 16 2565 2578 2563
1072 2 2 1 16 2560 2576 2570
1073 2 2 1 16 2570 2577 2557
1074 2 2 1 16 2562 2575 382
1075 2 2 1 16 2576 2577 2570
1076 2 2 1 16 379 2577 2576
1077 2 2 1 17 2590 2597 2582
1078 2 2 1 17 2580 2598 2590
1079 2 2 1 17 2582 2591 2590
1080 2 2 1 17 2585 2597 2590
1081 2 2 1 17 2590 2598 2585
1082 2 2 1 17 2580 2590 2588
1083 2 2 1 17 2579 2592 391
1084 2 2 1 17 2579 2593 2591
1085 2 2 1 17 391 2592 390
1086 2 2 1 17 2579 2596 2593
1087 2 2 1 17 390 2592 389
1088 2 2 1 17 389 2592 2582
1089 2 2 1 17 2591 2592 2579
1090 2 2 1 17 2582 2592 2591
1091 2 2 1 17 2593 2596 2584
1092 2 2 1 17 17 2583 399
1093 2 2 1 17 397 2581 396
1094 2 2 1 17 387 2585 386
1095 2 2 1 17 389 2582 388
1096 2 2 1 17 394 2584 393
1097 2 2 1 17 385 2580 384
1098 2 2 1 17 392 2579 391
1099 2 2 1 17 2581 2599 2587
1100 2 2 1 17 2590 2591 2589
1101 2 2 1 17 2588 2590 2589
1102 2 2 1 17 2588 2589 2587
1103 2 2 1 17 2587 2602 2581
1104 2 2 1 17 2591 2593 2589
1105 2 2 1 17 2584 2594 2593
1106 2 2 1 17 2588 2595 2580
1107 2 2 1 17 2583 2595 2588
1108 2 2 1 17 2583 2588 2587
1109 2 2 1 17 2594 2602 2593
1110 2 2 1 17 2593 2602 2589
1111 2 2 1 17 2587 2599 2586
1112 2 2 1 17 2583 2587 2586
1113 2 2 1 17 2583 2586 399
1114 2 2 1 17 384 2595 17
1115 2 2 1 17 2581 2602 2594
1116 2 2 1 17 17 2595 2583
1117 2 2 1 17 399 2586 398
1118 2 2 1 17 2580 2595 384
1119 2 2 1 17 2585 2598 386
1120 2 2 1 17 397 2599 2581
1121 2 2 1 17 388 2597 387
1122 2 2 1 17 398 2599 397
1123 2 2 1 17 2584 2596 393
1124 2 2 1 17 386 2598 385
1125 2 2 1 17 387 2597 2585
1126 2 2 1 17 2581 2601 396
1127 2 2 1 17 393 2596 392
1128 2 2 1 17 2582 2597 388
1129 2 2 1 17 385 2598 2580
1130 2 2 1 17 392 2596 2579
1131 2 2 1 17 394 2600 2584
1132 2 2 1 17 395 2600 394
1133 2 2 1 17 396 2601 395
1134 2 2 1 17 2589 2602 2587
1135 2 2 1 17 2584 2600 2594
1136 2 2 1 17 2594 2601 2581
1137 2 2 1 17 2586 2599 398
1138 2 2 1 17 2600 2601 2594
1139 2 2 1 17 395 2601 2600
1140 2 2 1 18 2612 2622 2603
1141 2 2 1 18 2607 2622 2612
1142 2 2 1 18 2614 2623 2606
1143 2 2 1 18 2609 2623 2614
1144 2 2 1 18 2603 2622 2620
1145 2 2 1 18 2610 2624 2611
1146 2 2 1 18 2611 2624 2604
1147 2 2 1 18 2623 2628 2606
1148 2 2 1 18 2619 2625 2605
1149 2 2 1 18 400 2610 18
1150 2 2 1 18 2610 2625 2624
1151 2 2 1 18 413 2609 412
1152 2 2 1 18 405 2608 404
1153 2 2 1 18 411 2606 410
1154 2 2 1 18 402 2605 401
1155 2 2 1 18 415 2604 414
1156 2 2 1 18 409 2607 408
1157 2 2 1 18 407 2603 406
1158 2 2 1 18 2605 2626 2619
1159 2 2 1 18 2622 2623 2621
1160 2 2 1 18 2621 2625 2619
1161 2 2 1 18 2620 2622 2621
1162 2 2 1 18 2623 2624 2621
1163 2 2 1 18 2620 2621 2619
1164 2 2 1 18 2622 2628 2623
1165 2 2 1 18 2613 2625 2610
1166 2 2 1 18 2605 2625 2613
1167 2 2 1 18 2603 2620 2617
1168 2 2 1 18 2617 2620 2608
1169 2 2 1 18 2608 2620 2619
1170 2 2 1 18 2619 2626 2618
1171 2 2 1 18 2624 2625 2621
1172 2 2 1 18 2609 2627 2623
1173 2 2 1 18 2608 2619 2618
1174 2 2 1 18 400 2613 2610
1175 2 2 1 18 18 2611 415
1176 2 2 1 18 413 2615 2609
1177 2 2 1 18 403 2626 402
1178 2 2 1 18 2610 2611 18
1179 2 2 1 18 412 2614 411
1180 2 2 1 18 405 2617 2608
1181 2 2 1 18 404 2618 403
1182 2 2 1 18 2606 2616 410
1183 2 2 1 18 414 2615 413
1184 2 2 1 18 406 2617 405
1185 2 2 1 18 410 2616 409
1186 2 2 1 18 2609 2614 412
1187 2 2 1 18 2605 2613 401
1188 2 2 1 18 2604 2615 414
1189 2 2 1 18 411 2614 2606
1190 2 2 1 18 402 2626 2605
1191 2 2 1 18 2608 2618 404
1192 2 2 1 18 408 2612 407
1193 2 2 1 18 2607 2612 408
1194 2 2 1 18 407 2612 2603
1195 2 2 1 18 401 2613 400
1196 2 2 1 18 2603 2617 406
1197 2 2 1 18 409 2616 2607
1198 2 2 1 18 415 2611 2604
1199 2 2 1 18 2623 2627 2624
1200 2 2 1 18 2607 2628 2622
1201 2 2 1 18 2624 2627 2604
1202 2 2 1 18 2618 2626 403
1203 2 2 1 18 2615 2627 2609
1204 2 2 1 18 2604 2627 2615
1205 2 2 1 18 2616 2628 2607
1206 2 2 1 18 2606 2628 2616
1207 2 2 1 19 2639 2648 2629
1208 2 2 1 19 2633 2648 2639
1209 2 2 1 19 2640 2649 2632
1210 2 2 1 19 2635 2649 2640
1211 2 2 1 19 2629 2648 2646
1212 2 2 1 19 2636 2650 2637
1213 2 2 1 19 2637 2650 2630
1214 2 2 1 19 2649 2654 2632
1215 2 2 1 19 2645 2651 2631
1216 2 2 1 19 416 2636 19
1217 2 2 1 19 2636 2651 2650
1218 2 2 1 19 429 2635 428
1219 2 2 1 19 421 2634 420
1220 2 2 1 19 427 2632 426
1221 2 2 1 19 418 2631 417
1222 2 2 1 19 431 2630 430
1223 2 2 1 19 425 2633 424
1224 2 2 1 19 423 2629 422
1225 2 2 1 19 2631 2652 2645
1226 2 2 1 19 2648 2649 2647
1227 2 2 1 19 2647 2651 2645
1228 2 2 1 19 2646 2648 2647
1229 2 2 1 19 2649 2650 2647
1230 2 2 1 19 2646 2647 2645
1231 2 2 1 19 2648 2654 2649
1232 2 2 1 19 2642 2651 2636
1233 2 2 1 19 2631 2651 2642
1234 2 2 1 19 2629 2646 2638
1235 2 2 1 19 2638 2646 2634
1236 2 2 1 19 2634 2646 2645
1237 2 2 1 19 2645 2652 2644
1238 2 2 1 19 2650 2651 2647
1239 2 2 1 19 2635 2653 2649
1240 2 2 1 19 2634 2645 2644
1241 2 2 1 19 416 2642 2636
1242 2 2 1 19 19 2637 431
1243 2 2 1 19 429 2643 2635
1244 2 2 1 19 421 2638 2634
1245 2 2 1 19 422 2638 421
1246 2 2 1 19 2636 2637 19
1247 2 2 1 19 419 2652 418
1248 2 2 1 19 428 2640 427
1249 2 2 1 19 2632 2641 426
1250 2 2 1 19 420 2644 419
1251 2 2 1 19 430 2643 429
1252 2 2 1 19 426 2641 425
1253 2 2 1 19 2635 2640 428
1254 2 2 1 19 2634 2644 420
1255 2 2 1 19 427 2640 2632
1256 2 2 1 19 2633 2639 424
1257 2 2 1 19 2630 2643 430
1258 2 2 1 19 424 2639 423
1259 2 2 1 19 2631 2642 417
1260 2 2 1 19 418 2652 2631
1261 2 2 1 19 423 2639 2629
1262 2 2 1 19 417 2642 416
1263 2 2 1 19 2629 2638 422
1264 2 2 1 19 425 2641 2633
1265 2 2 1 19 431 2637 2630
1266 2 2 1 19 2649 2653 2650
1267 2 2 1 19 2633 2654 2648
1268 2 2 1 19 2650 2653 2630
1269 2 2 1 19 2644 2652 419
1270 2 2 1 19 2643 2653 2635
1271 2 2 1 19 2630 2653 2643
1272 2 2 1 19 2641 2654 2633
1273 2 2 1 19 2632 2654 2641
1274 2 2 1 20 2655 2674 2669
1275 2 2 1 20 2669 2674 2659
1276 2 2 1 20 2658 2675 2666
1277 2 2 1 20 2666 2675 2661
1278 2 2 1 20 2672 2674 2655
1279 2 2 1 20 2663 2676 2662
1280 2 2 1 20 2656 2676 2663
1281 2 2 1 20 2658 2680 2675
1282 2 2 1 20 2657 2677 2671
1283 2 2 1 20 20 2662 447
1284 2 2 1 20 2676 2677 2662
1285 2 2 1 20 435 2661 434
1286 2 2 1 20 443 2660 442
1287 2 2 1 20 437 2658 436
1288 2 2 1 20 446 2657 445
1289 2 2 1 20 433 2656 432
1290 2 2 1 20 441 2655 440
1291 2 2 1 20 439 2659 438
1292 2 2 1 20 2671 2678 2657
1293 2 2 1 20 2673 2675 2674
1294 2 2 1 20 2671 2677 2673
1295 2 2 1 20 2673 2674 2672
1296 2 2 1 20 2673 2676 2675
1297 2 2 1 20 2671 2673 2672
1298 2 2 1 20 2675 2680 2674
1299 2 2 1 20 2662 2677 2667
1300 2 2 1 20 2667 2677 2657
1301 2 2 1 20 2665 2672 2655
1302 2 2 1 20 2660 2672 2665
1303 2 2 1 20 2671 2672 2660
1304 2 2 1 20 2670 2678 2671
1305 2 2 1 20 2673 2677 2676
1306 2 2 1 20 2675 2679 2661
1307 2 2 1 20 2670 2671 2660
1308 2 2 1 20 2662 2667 447
1309 2 2 1 20 432 2663 20
1310 2 2 1 20 2661 2668 434
1311 2 2 1 20 2660 2665 442
1312 2 2 1 20 438 2664 437
1313 2 2 1 20 445 2678 444
1314 2 2 1 20 20 2663 2662
1315 2 2 1 20 436 2666 435
1316 2 2 1 20 437 2664 2658
1317 2 2 1 20 444 2670 443
1318 2 2 1 20 434 2668 433
1319 2 2 1 20 442 2665 441
1320 2 2 1 20 435 2666 2661
1321 2 2 1 20 433 2668 2656
1322 2 2 1 20 446 2667 2657
1323 2 2 1 20 2655 2669 440
1324 2 2 1 20 2658 2666 436
1325 2 2 1 20 443 2670 2660
1326 2 2 1 20 440 2669 439
1327 2 2 1 20 2657 2678 445
1328 2 2 1 20 447 2667 446
1329 2 2 1 20 441 2665 2655
1330 2 2 1 20 439 2669 2659
1331 2 2 1 20 2656 2663 432
1332 2 2 1 20 2659 2664 438
1333 2 2 1 20 2676 2679 2675
1334 2 2 1 20 2674 2680 2659
1335 2 2 1 20 2656 2679 2676
1336 2 2 1 20 444 2678 2670
1337 2 2 1 20 2661 2679 2668
1338 2 2 1 20 2668 2679 2656
1339 2 2 1 20 2659 2680 2664
1340 2 2 1 20 2664 2680 2658
1341 2 2 1 21 2684 2698 2692
1342 2 2 1 21 2692 2699 2682
1343 2 2 1 21 2692 2693 2684
1344 2 2 1 21 2692 2698 2687
1345 2 2 1 21 2687 2699 2692
1346 2 2 1 21 2690 2692 2682
1347 2 2 1 21 456 2694 2681
1348 2 2 1 21 2693 2695 2681
1349 2 2 1 21 457 2694 456
1350 2 2 1 21 458 2694 457
1351 2 2 1 21 2695 2700 2681
1352 2 2 1 21 2684 2694 458
1353 2 2 1 21 2681 2694 2693
1354 2 2 1 21 2693 2694 2684
1355 2 2 1 21 2686 2700 2695
1356 2 2 1 21 448 2685 21
1357 2 2 1 21 451 2683 450
1358 2 2 1 21 461 2687 460
1359 2 2 1 21 459 2684 458
1360 2 2 1 21 454 2686 453
1361 2 2 1 21 463 2682 462
1362 2 2 1 21 456 2681 455
1363 2 2 1 21 2689 2701 2683
1364 2 2 1 21 2691 2693 2692
1365 2 2 1 21 2691 2692 2690
1366 2 2 1 21 2689 2691 2690
1367 2 2 1 21 2683 2704 2689
1368 2 2 1 21 2691 2695 2693
1369 2 2 1 21 2695 2696 2686
1370 2 2 1 21 2682 2697 2690
1371 2 2 1 21 2690 2697 2685
1372 2 2 1 21 2689 2690 2685
1373 2 2 1 21 2695 2704 2696
1374 2 2 1 21 2691 2704 2695
1375 2 2 1 21 2688 2701 2689
1376 2 2 1 21 2688 2689 2685
1377 2 2 1 21 448 2688 2685
1378 2 2 1 21 21 2697 463
1379 2 2 1 21 2696 2704 2683
1380 2 2 1 21 2685 2697 21
1381 2 2 1 21 449 2688 448
1382 2 2 1 21 463 2697 2682
1383 2 2 1 21 461 2699 2687
1384 2 2 1 21 2683 2701 450
1385 2 2 1 21 460 2698 459
1386 2 2 1 21 450 2701 449
1387 2 2 1 21 462 2699 461
1388 2 2 1 21 2687 2698 460
1389 2 2 1 21 454 2700 2686
1390 2 2 1 21 451 2703 2683
1391 2 2 1 21 459 2698 2684
1392 2 2 1 21 2682 2699 462
1393 2 2 1 21 455 2700 454
1394 2 2 1 21 2681 2700 455
1395 2 2 1 21 2686 2702 453
1396 2 2 1 21 453 2702 452
1397 2 2 1 21 452 2703 451
1398 2 2 1 21 2689 2704 2691
1399 2 2 1 21 2696 2702 2686
1400 2 2 1 21 2683 2703 2696
1401 2 2 1 21 449 2701 2688
1402 2 2 1 21 2696 2703 2702
1403 2 2 1 21 2702 2703 452
1404 2 2 1 22 2708 2722 2716
1405 2 2 1 22 2716 2724 2706
1406 2 2 1 22 2716 2717 2708
1407 2 2 1 22 2716 2722 2711
1408 2 2 1 22 2711 2724 2716
1409 2 2 1 22 2714 2716 2706
1410 2 2 1 22 472 2718 2705
1411 2 2 1 22 2717 2719 2705
1412 2 2 1 22 473 2718 472
1413 2 2 1 22 2719 2723 2705
1414 2 2 1 22 474 2718 473
1415 2 2 1 22 2708 2718 474
1416 2 2 1 22 2705 2718 2717
1417 2 2 1 22 2717 2718 2708
1418 2 2 1 22 2710 2723 2719
1419 2 2 1 22 464 2709 22
1420 2 2 1 22 467 2707 466
1421 2 2 1 22 477 2711 476
1422 2 2 1 22 475 2708 474
1423 2 2 1 22 470 2710 469
1424 2 2 1 22 479 2706 478
1425 2 2 1 22 472 2705 471
1426 2 2 1 22 2713 2725 2707
1427 2 2 1 22 2715 2717 2716
1428 2 2 1 22 2715 2716 2714
1429 2 2 1 22 2713 2715 2714
1430 2 2 1 22 2707 2728 2713
1431 2 2 1 22 2715 2719 2717
1432 2 2 1 22 2719 2720 2710
1433 2 2 1 22 2706 2721 2714
1434 2 2 1 22 2714 2721 2709
1435 2 2 1 22 2713 2714 2709
1436 2 2 1 22 2719 2728 2720
1437 2 2 1 22 2715 2728 2719
1438 2 2 1 22 2712 2725 2713
1439 2 2 1 22 2712 2713 2709
1440 2 2 1 22 464 2712 2709
1441 2 2 1 22 22 2721 479
1442 2 2 1 22 2720 2728 2707
1443 2 2 1 22 2709 2721 22
1444 2 2 1 22 465 2712 464
1445 2 2 1 22 479 2721 2706
1446 2 2 1 22 477 2724 2711
1447 2 2 1 22 2707 2725 466
1448 2 2 1 22 476 2722 475
1449 2 2 1 22 466 2725 465
1450 2 2 1 22 478 2724 477
1451 2 2 1 22 470 2723 2710
1452 2 2 1 22 2711 2722 476
1453 2 2 1 22 467 2727 2707
1454 2 2 1 22 475 2722 2708
1455 2 2 1 22 2706 2724 478
1456 2 2 1 22 471 2723 470
1457 2 2 1 22 2705 2723 471
1458 2 2 1 22 2710 2726 469
1459 2 2 1 22 469 2726 468
1460 2 2 1 22 468 2727 467
1461 2 2 1 22 2713 2728 2715
1462 2 2 1 22 2720 2726 2710
1463 2 2 1 22 2707 2727 2720
1464 2 2 1 22 465 2725 2712
1465 2 2 1 22 2720 2727 2726
1466 2 2 1 22 2726 2727 468
1467 2 2 1 23 2740 2746 2732
1468 2 2 1 23 2730 2747 2740
1469 2 2 1 23 2732 2741 2740
1470 2 2 1 23 2735 2746 2740
1471 2 2 1 23 2740 2747 2735
1472 2 2 1 23 2730 2740 2738
1473 2 2 1 23 2729 2742 487
1474 2 2 1 23 2729 2743 2741
1475 2 2 1 23 487 2742 486
1476 2 2 1 23 486 2742 485
1477 2 2 1 23 2729 2748 2743
1478 2 2 1 23 485 2742 2732
1479 2 2 1 23 2741 2742 2729
1480 2 2 1 23 2732 2742 2741
1481 2 2 1 23 2743 2748 2734
1482 2 2 1 23 23 2733 495
1483 2 2 1 23 493 2731 492
1484 2 2 1 23 483 2735 482
1485 2 2 1 23 485 2732 484
1486 2 2 1 23 490 2734 489
1487 2 2 1 23 481 2730 480
1488 2 2 1 23 488 2729 487
1489 2 2 1 23 2731 2749 2737
1490 2 2 1 23 2740 2741 2739
1491 2 2 1 23 2738 2740 2739
1492 2 2 1 23 2738 2739 2737
1493 2 2 1 23 2737 2752 2731
1494 2 2 1 23 2741 2743 2739
1495 2 2 1 23 2734 2744 2743
1496 2 2 1 23 2738 2745 2730
1497 2 2 1 23 2733 2745 2738
1498 2 2 1 23 2733 2738 2737
1499 2 2 1 23 2744 2752 2743
1500 2 2 1 23 2743 2752 2739
1501 2 2 1 23 2737 2749 2736
1502 2 2 1 23 2733 2737 2736
1503 2 2 1 23 2733 2736 495
1504 2 2 1 23 480 2745 23
1505 2 2 1 23 2731 2752 2744
1506 2 2 1 23 23 2745 2733
1507 2 2 1 23 495 2736 494
1508 2 2 1 23 2730 2745 480
1509 2 2 1 23 2735 2747 482
1510 2 2 1 23 493 2749 2731
1511 2 2 1 23 484 2746 483
1512 2 2 1 23 494 2749 493
1513 2 2 1 23 482 2747 481
1514 2 2 1 23 483 2746 2735
1515 2 2 1 23 2731 2751 492
1516 2 2 1 23 2734 2748 489
1517 2 2 1 23 489 2748 488
1518 2 2 1 23 2732 2746 484
1519 2 2 1 23 481 2747 2730
1520 2 2 1 23 490 2750 2734
1521 2 2 1 23 488 2748 2729
1522 2 2 1 23 491 2750 490
1523 2 2 1 23 492 2751 491
1524 2 2 1 23 2739 2752 2737
1525 2 2 1 23 2734 2750 2744
1526 2 2 1 23 2744 2751 2731
1527 2 2 1 23 2736 2749 494
1528 2 2 1 23 2750 2751 2744
1529 2 2 1 23 491 2751 2750
1530 2 2 1 24 2753 2772 2762
1531 2 2 1 24 2762 2772 2757
1532 2 2 1 24 2756 2773 2764
1533 2 2 1 24 2764 2773 2759
1534 2 2 1 24 2770 2772 2753
1535 2 2 1 24 2761 2774 2760
1536 2 2 1 24 2754 2774 2761
1537 2 2 1 24 2756 2778 2773
1538 2 2 1 24 2755 2775 2769
1539 2 2 1 24 24 2760 511
1540 2 2 1 24 2774 2775 2760
1541 2 2 1 24 499 2759 498
1542 2 2 1 24 507 2758 506
1543 2 2 1 24 501 2756 500
1544 2 2 1 24 510 2755 509
1545 2 2 1 24 497 2754 496
1546 2 2 1 24 505 2753 504
1547 2 2 1 24 503 2757 502
1548 2 2 1 24 2769 2776 2755
1549 2 2 1 24 2771 2773 2772
1550 2 2 1 24 2769 2775 2771
1551 2 2 1 24 2771 2772 2770
1552 2 2 1 24 2771 2774 2773
1553 2 2 1 24 2769 2771 2770
1554 2 2 1 24 2773 2778 2772
1555 2 2 1 24 2760 2775 2763
1556 2 2 1 24 2763 2775 2755
1557 2 2 1 24 2766 2770 2753
1558 2 2 1 24 2758 2770 2766
1559 2 2 1 24 2769 2770 2758
1560 2 2 1 24 2768 2776 2769
1561 2 2 1 24 2771 2775 2774
1562 2 2 1 24 2773 2777 2759
1563 2 2 1 24 2768 2769 2758
1564 2 2 1 24 2760 2763 511
1565 2 2 1 24 496 2761 24
1566 2 2 1 24 2759 2765 498
1567 2 2 1 24 509 2776 508
1568 2 2 1 24 24 2761 2760
1569 2 2 1 24 500 2764 499
1570 2 2 1 24 2758 2766 506
1571 2 2 1 24 508 2768 507
1572 2 2 1 24 501 2767 2756
1573 2 2 1 24 498 2765 497
1574 2 2 1 24 506 2766 505
1575 2 2 1 24 502 2767 501
1576 2 2 1 24 499 2764 2759
1577 2 2 1 24 510 2763 2755
1578 2 2 1 24 497 2765 2754
1579 2 2 1 24 2756 2764 500
1580 2 2 1 24 2755 2776 509
1581 2 2 1 24 507 2768 2758
1582 2 2 1 24 504 2762 503
1583 2 2 1 24 2753 2762 504
1584 2 2 1 24 503 2762 2757
1585 2 2 1 24 511 2763 510
1586 2 2 1 24 505 2766 2753
1587 2 2 1 24 2757 2767 502
1588 2 2 1 24 2754 2761 496
1589 2 2 1 24 2774 2777 2773
1590 2 2 1 24 2772 2778 2757
1591 2 2 1 24 2754 2777 2774
1592 2 2 1 24 508 2776 2768
1593 2 2 1 24 2759 2777 2765
1594 2 2 1 24 2765 2777 2754
1595 2 2 1 24 2757 2778 2767
1596 2 2 1 24 2767 2778 2756
1597 2 2 1 25 2790 2797 2782
1598 2 2 1 25 2780 2798 2790
1599 2 2 1 25 2782 2791 2790
1600 2 2 1 25 2785 2797 2790
1601 2 2 1 25 2790 2798 2785
1602 2 2 1 25 2780 2790 2788
1603 2 2 1 25 2779 2792 519
1604 2 2 1 25 2779 2793 2791
1605 2 2 1 25 519 2792 518
1606 2 2 1 25 2779 2796 2793
1607 2 2 1 25 518 2792 517
1608 2 2 1 25 517 2792 2782
1609 2 2 1 25 2791 2792 2779
1610 2 2 1 25 2782 2792 2791
1611 2 2 1 25 2793 2796 2784
1612 2 2 1 25 25 2783 527
1613 2 2 1 25 525 2781 524
1614 2 2 1 25 515 2785 514
1615 2 2 1 25 517 2782 516
1616 2 2 1 25 522 2784 521
1617 2 2 1 25 513 2780 512
1618 2 2 1 25 520 2779 519
1619 2 2 1 25 2781 2799 2787
1620 2 2 1 25 2790 2791 2789
1621 2 2 1 25 2788 2790 2789
1622 2 2 1 25 2788 2789 2787
1623 2 2 1 25 2787 2802 2781
1624 2 2 1 25 2791 2793 2789
1625 2 2 1 25 2784 2794 2793
1626 2 2 1 25 2788 2795 2780
1627 2 2 1 25 2783 2795 2788
1628 2 2 1 25 2783 2788 2787
1629 2 2 1 25 2794 2802 2793
1630 2 2 1 25 2793 2802 2789
1631 2 2 1 25 2787 2799 2786
1632 2 2 1 25 2783 2787 2786
1633 2 2 1 25 2783 2786 527
1634 2 2 1 25 512 2795 25
1635 2 2 1 25 2781 2802 2794
1636 2 2 1 25 25 2795 2783
1637 2 2 1 25 527 2786 526
1638 2 2 1 25 2780 2795 512
1639 2 2 1 25 2785 2798 514
1640 2 2 1 25 525 2799 2781
1641 2 2 1 25 516 2797 515
1642 2 2 1 25 526 2799 525
1643 2 2 1 25 2784 2796 521
1644 2 2 1 25 514 2798 513
1645 2 2 1 25 515 2797 2785
1646 2 2 1 25 2781 2801 524
1647 2 2 1 25 521 2796 520
1648 2 2 1 25 2782 2797 516
1649 2 2 1 25 513 2798 2780
1650 2 2 1 25 520 2796 2779
1651 2 2 1 25 522 2800 2784
1652 2 2 1 25 523 2800 522
1653 2 2 1 25 524 2801 523
1654 2 2 1 25 2789 2802 2787
1655 2 2 1 25 2784 2800 2794
1656 2 2 1 25 2794 2801 2781
1657 2 2 1 25 2786 2799 526
1658 2 2 1 25 2800 2801 2794
1659 2 2 1 25 523 2801 2800
1660 2 2 1 26 2806 2820 2814
1661 2 2 1 26 2814 2822 2804
1662 2 2 1 26 2814 2815 2806
1663 2 2 1 26 2814 2820 2809
1664 2 2 1 26 2809 2822 2814
1665 2 2 1 26 2812 2814 2804
1666 2 2 1 26 536 2816 2803
1667 2 2 1 26 2815 2817 2803
1668 2 2 1 26 537 2816 536
1669 2 2 1 26 2817 2821 2803
1670 2 2 1 26 538 2816 537
1671 2 2 1 26 2806 2816 538
1672 2 2 1 26 2803 2816 2815
1673 2 2 1 26 2815 2816 2806
1674 2 2 1 26 2808 2821 2817
1675 2 2 1 26 528 2807 26
1676 2 2 1 26 531 2805 530
1677 2 2 1 26 541 2809 540
1678 2 2 1 26 539 2806 538
1679 2 2 1 26 534 2808 533
1680 2 2 1 26 543 2804 542
1681 2 2 1 26 536 2803 535
1682 2 2 1 26 2811 2823 2805
1683 2 2 1 26 2813 2815 2814
1684 2 2 1 26 2813 2814 2812
1685 2 2 1 26 2811 2813 2812
1686 2 2 1 26 2805 2826 2811
1687 2 2 1 26 2813 2817 2815
1688 2 2 1 26 2817 2818 2808
1689 2 2 1 26 2804 2819 2812
1690 2 2 1 26 2812 2819 2807
1691 2 2 1 26 2811 2812 2807
1692 2 2 1 26 2817 2826 2818
1693 2 2 1 26 2813 2826 2817
1694 2 2 1 26 2810 2823 2811
1695 2 2 1 26 2810 2811 2807
1696 2 2 1 26 528 2810 2807
1697 2 2 1 26 26 2819 543
1698 2 2 1 26 2818 2826 2805
1699 2 2 1 26 2807 2819 26
1700 2 2 1 26 529 2810 528
1701 2 2 1 26 543 2819 2804
1702 2 2 1 26 541 2822 2809
1703 2 2 1 26 2805 2823 530
1704 2 2 1 26 540 2820 539
1705 2 2 1 26 530 2823 529
1706 2 2 1 26 542 2822 541
1707 2 2 1 26 534 2821 2808
1708 2 2 1 26 2809 2820 540
1709 2 2 1 26 531 2825 2805
1710 2 2 1 26 539 2820 2806
1711 2 2 1 26 2804 2822 542
1712 2 2 1 26 535 2821 534
1713 2 2 1 26 2803 2821 535
1714 2 2 1 26 2808 2824 533
1715 2 2 1 26 533 2824 532
1716 2 2 1 26 532 2825 531
1717 2 2 1 26 2811 2826 2813
1718 2 2 1 26 2818 2824 2808
1719 2 2 1 26 2805 2825 2818
1720 2 2 1 26 529 2823 2810
1721 2 2 1 26 2818 2825 2824
1722 2 2 1 26 2824 2825 532
1723 2 2 1 27 2827 2846 2840
1724 2 2 1 27 2840 2846 2831
1725 2 2 1 27 2830 2847 2838
1726 2 2 1 27 2838 2847 2833
1727 2 2 1 27 2844 2846 2827
1728 2 2 1 27 2835 2848 2834
1729 2 2 1 27 2828 2848 2835
1730 2 2 1 27 2830 2852 2847
1731 2 2 1 27 2829 2849 2843
1732 2 2 1 27 27 2834 559
1733 2 2 1 27 2848 2849 2834
1734 2 2 1 27 547 2833 546
1735 2 2 1 27 555 2832 554
1736 2 2 1 27 549 2830 548
1737 2 2 1 27 558 2829 557
1738 2 2 1 27 545 2828 544
1739 2 2 1 27 553 2827 552
1740 2 2 1 27 551 2831 550
1741 2 2 1 27 2843 2850 2829
1742 2 2 1 27 2845 2847 2846
1743 2 2 1 27 2843 2849 2845
1744 2 2 1 27 2845 2846 2844
1745 2 2 1 27 2845 2848 2847
1746 2 2 1 27 2843 2845 2844
1747 2 2 1 27 2847 2852 2846
1748 2 2 1 27 2834 2849 2836
1749 2 2 1 27 2836 2849 2829
1750 2 2 1 27 2841 2844 2827
1751 2 2 1 27 2832 2844 2841
1752 2 2 1 27 2843 2844 2832
1753 2 2 1 27 2842 2850 2843
1754 2 2 1 27 2845 2849 2848
1755 2 2 1 27 2847 2851 2833
1756 2 2 1 27 2842 2843 2832
1757 2 2 1 27 2834 2836 559
1758 2 2 1 27 544 2835 27
1759 2 2 1 27 2833 2839 546
1760 2 2 1 27 557 2850 556
1761 2 2 1 27 550 2837 549
1762 2 2 1 27 27 2835 2834
1763 2 2 1 27 548 2838 547
1764 2 2 1 27 556 2842 555
1765 2 2 1 27 2832 2841 554
1766 2 2 1 27 549 2837 2830
1767 2 2 1 27 546 2839 545
1768 2 2 1 27 554 2841 553
1769 2 2 1 27 547 2838 2833
1770 2 2 1 27 558 2836 2829
1771 2 2 1 27 545 2839 2828
1772 2 2 1 27 2830 2838 548
1773 2 2 1 27 2829 2850 557
1774 2 2 1 27 552 2840 551
1775 2 2 1 27 555 2842 2832
1776 2 2 1 27 2827 2840 552
1777 2 2 1 27 559 2836 558
1778 2 2 1 27 2828 2835 544
1779 2 2 1 27 551 2840 2831
1780 2 2 1 27 553 2841 2827
1781 2 2 1 27 2831 2837 550
1782 2 2 1 27 2848 2851 2847
1783 2 2 1 27 2846 2852 2831
1784 2 2 1 27 2828 2851 2848
1785 2 2 1 27 556 2850 2842
1786 2 2 1 27 2833 2851 2839
1787 2 2 1 27 2839 2851 2828
1788 2 2 1 27 2831 2852 2837
1789 2 2 1 27 2837 2852 2830
1790 2 2 1 28 2864 2872 2853
1791 2 2 1 28 2857 2872 2864
1792 2 2 1 28 2863 2873 2856
1793 2 2 1 28 2859 2873 2863
1794 2 2 1 28 2853 2872 2870
1795 2 2 1 28 2860 2874 2861
1796 2 2 1 28 2861 2874 2854
1797 2 2 1 28 2873 2878 2856
1798 2 2 1 28 2869 2875 2855
1799 2 2 1 28 560 2860 28
1800 2 2 1 28 2860 2875 2874
1801 2 2 1 28 573 2859 572
1802 2 2 1 28 565 2858 564
1803 2 2 1 28 571 2856 570
1804 2 2 1 28 562 2855 561
1805 2 2 1 28 575 2854 574
1806 2 2 1 28 569 2857 568
1807 2 2 1 28 567 2853 566
1808 2 2 1 28 2855 2876 2869
1809 2 2 1 28 2872 2873 2871
1810 2 2 1 28 2871 2875 2869
1811 2 2 1 28 2870 2872 2871
1812 2 2 1 28 2873 2874 2871
1813 2 2 1 28 2870 2871 2869
1814 2 2 1 28 2872 2878 2873
1815 2 2 1 28 2865 2875 2860
1816 2 2 1 28 2855 2875 2865
1817 2 2 1 28 2853 2870 2862
1818 2 2 1 28 2862 2870 2858
1819 2 2 1 28 2858 2870 2869
1820 2 2 1 28 2869 2876 2868
1821 2 2 1 28 2874 2875 2871
1822 2 2 1 28 2859 2877 2873
1823 2 2 1 28 2858 2869 2868
1824 2 2 1 28 560 2865 2860
1825 2 2 1 28 28 2861 575
1826 2 2 1 28 573 2867 2859
1827 2 2 1 28 565 2862 2858
1828 2 2 1 28 566 2862 565
1829 2 2 1 28 563 2876 562
1830 2 2 1 28 2860 2861 28
1831 2 2 1 28 572 2863 571
1832 2 2 1 28 2856 2866 570
1833 2 2 1 28 564 2868 563
1834 2 2 1 28 574 2867 573
1835 2 2 1 28 570 2866 569
1836 2 2 1 28 2859 2863 572
1837 2 2 1 28 2858 2868 564
1838 2 2 1 28 571 2863 2856
1839 2 2 1 28 2854 2867 574
1840 2 2 1 28 2855 2865 561
1841 2 2 1 28 568 2864 567
1842 2 2 1 28 2857 2864 568
1843 2 2 1 28 562 2876 2855
1844 2 2 1 28 561 2865 560
1845 2 2 1 28 567 2864 2853
1846 2 2 1 28 569 2866 2857
1847 2 2 1 28 2853 2862 566
1848 2 2 1 28 575 2861 2854
1849 2 2 1 28 2873 2877 2874
1850 2 2 1 28 2857 2878 2872
1851 2 2 1 28 2874 2877 2854
1852 2 2 1 28 2868 2876 563
1853 2 2 1 28 2867 2877 2859
1854 2 2 1 28 2854 2877 2867
1855 2 2 1 28 2866 2878 2857
1856 2 2 1 28 2856 2878 2866
1857 2 2 1 29 2879 2898 2893
1858 2 2 1 29 2893 2898 2883
1859 2 2 1 29 2882 2899 2890
1860 2 2 1 29 2890 2899 2885
1861 2 2 1 29 2896 2898 2879
1862 2 2 1 29 2887 2900 2886
1863 2 2 1 29 2880 2900 2887
1864 2 2 1 29 2882 2904 2899
1865 2 2 1 29 2881 2901 2895
1866 2 2 1 29 29 2886 591
1867 2 2 1 29 2900 2901 2886
1868 2 2 1 29 579 2885 578
1869 2 2 1 29 587 2884 586
1870 2 2 1 29 581 2882 580
1871 2 2 1 29 590 2881 589
1872 2 2 1 29 577 2880 576
1873 2 2 1 29 585 2879 584
1874 2 2 1 29 583 2883 582
1875 2 2 1 29 2895 2902 2881
1876 2 2 1 29 2897 2899 2898
1877 2 2 1 29 2895 2901 2897
1878 2 2 1 29 2897 2898 2896
1879 2 2 1 29 2897 2900 2899
1880 2 2 1 29 2895 2897 2896
1881 2 2 1 29 2899 2904 2898
1882 2 2 1 29 2886 2901 2889
1883 2 2 1 29 2889 2901 2881
1884 2 2 1 29 2892 2896 2879
1885 2 2 1 29 2884 2896 2892
1886 2 2 1 29 2895 2896 2884
1887 2 2 1 29 2894 2902 2895
1888 2 2 1 29 2897 2901 2900
1889 2 2 1 29 2899 2903 2885
1890 2 2 1 29 2894 2895 2884
1891 2 2 1 29 2886 2889 591
1892 2 2 1 29 576 2887 29
1893 2 2 1 29 2885 2891 578
1894 2 2 1 29 589 2902 588
1895 2 2 1 29 582 2888 581
1896 2 2 1 29 29 2887 2886
1897 2 2 1 29 580 2890 579
1898 2 2 1 29 2884 2892 586
1899 2 2 1 29 581 2888 2882
1900 2 2 1 29 588 2894 587
1901 2 2 1 29 578 2891 577
1902 2 2 1 29 586 2892 585
1903 2 2 1 29 579 2890 2885
1904 2 2 1 29 590 2889 2881
1905 2 2 1 29 577 2891 2880
1906 2 2 1 29 2882 2890 580
1907 2 2 1 29 584 2893 583
1908 2 2 1 29 587 2894 2884
1909 2 2 1 29 2881 2902 589
1910 2 2 1 29 2879 2893 584
1911 2 2 1 29 591 2889 590
1912 2 2 1 29 585 2892 2879
1913 2 2 1 29 583 2893 2883
1914 2 2 1 29 2880 2887 576
1915 2 2 1 29 2883 2888 582
1916 2 2 1 29 2900 2903 2899
1917 2 2 1 29 2898 2904 2883
1918 2 2 1 29 2880 2903 2900
1919 2 2 1 29 588 2902 2894
1920 2 2 1 29 2885 2903 2891
1921 2 2 1 29 2891 2903 2880
1922 2 2 1 29 2883 2904 2888
1923 2 2 1 29 2888 2904 2882
1924 2 2 1 30 2916 2922 2908
1925 2 2 1 30 2906 2924 2916
1926 2 2 1 30 2908 2917 2916
1927 2 2 1 30 2911 2922 2916
1928 2 2 1 30 2916 2924 2911
1929 2 2 1 30 2906 2916 2914
1930 2 2 1 30 2905 2918 599
1931 2 2 1 30 2905 2919 2917
1932 2 2 1 30 599 2918 598
1933 2 2 1 30 2905 2923 2919
1934 2 2 1 30 598 2918 597
1935 2 2 1 30 597 2918 2908
1936 2 2 1 30 2917 2918 2905
1937 2 2 1 30 2908 2918 2917
1938 2 2 1 30 2919 2923 2910
1939 2 2 1 30 30 2909 607
1940 2 2 1 30 605 2907 604
1941 2 2 1 30 595 2911 594
1942 2 2 1 30 597 2908 596
1943 2 2 1 30 602 2910 601
1944 2 2 1 30 593 2906 592
1945 2 2 1 30 600 2905 599
1946 2 2 1 30 2907 2925 2913
1947 2 2 1 30 2916 2917 2915
1948 2 2 1 30 2914 2916 2915
1949 2 2 1 30 2914 2915 2913
1950 2 2 1 30 2913 2928 2907
1951 2 2 1 30 2917 2919 2915
1952 2 2 1 30 2910 2920 2919
1953 2 2 1 30 2914 2921 2906
1954 2 2 1 30 2909 2921 2914
1955 2 2 1 30 2909 2914 2913
1956 2 2 1 30 2920 2928 2919
1957 2 2 1 30 2919 2928 2915
1958 2 2 1 30 2913 2925 2912
1959 2 2 1 30 2909 2913 2912
1960 2 2 1 30 2909 2912 607
1961 2 2 1 30 592 2921 30
1962 2 2 1 30 2907 2928 2920
1963 2 2 1 30 30 2921 2909
1964 2 2 1 30 607 2912 606
1965 2 2 1 30 2906 2921 592
1966 2 2 1 30 2911 2924 594
1967 2 2 1 30 605 2925 2907
1968 2 2 1 30 596 2922 595
1969 2 2 1 30 606 2925 605
1970 2 2 1 30 594 2924 593
1971 2 2 1 30 595 2922 2911
1972 2 2 1 30 2910 2923 601
1973 2 2 1 30 2907 2927 604
1974 2 2 1 30 601 2923 600
1975 2 2 1 30 2908 2922 596
1976 2 2 1 30 593 2924 2906
1977 2 2 1 30 602 2926 2910
1978 2 2 1 30 600 2923 2905
1979 2 2 1 30 603 2926 602
1980 2 2 1 30 604 2927 603
1981 2 2 1 30 2915 2928 2913
1982 2 2 1 30 2910 2926 2920
1983 2 2 1 30 2920 2927 2907
1984 2 2 1 30 2912 2925 606
1985 2 2 1 30 2926 2927 2920
1986 2 2 1 30 603 2927 2926
1987 2 2 1 31 2929 2947 2939
1988 2 2 1 31 2939 2947 2933
1989 2 2 1 31 2932 2948 2941
1990 2 2 1 31 2941 2948 2935
1991 2 2 1 31 2945 2947 2929
1992 2 2 1 31 2937 2949 2936
1993 2 2 1 31 2930 2949 2937
1994 2 2 1 31 2932 2954 2948
1995 2 2 1 31 2931 2950 2944
1996 2 2 1 31 31 2936 623
1997 2 2 1 31 2949 2950 2936
1998 2 2 1 31 611 2935 610
1999 2 2 1 31 619 2934 618
2000 2 2 1 31 613 2932 612
2001 2 2 1 31 622 2931 621
2002 2 2 1 31 609 2930 608
2003 2 2 1 31 615 2933 614
2004 2 2 1 31 617 2929 616
2005 2 2 1 31 2944 2951 2931
2006 2 2 1 31 2946 2948 2947
2007 2 2 1 31 2944 2950 2946
2008 2 2 1 31 2946 2947 2945
2009 2 2 1 31 2946 2949 2948
2010 2 2 1 31 2944 2946 2945
2011 2 2 1 31 2948 2954 2947
2012 2 2 1 31 2936 2950 2938
2013 2 2 1 31 2938 2950 2931
2014 2 2 1 31 2929 2952 2945
2015 2 2 1 31 2945 2952 2934
2016 2 2 1 31 2944 2945 2934
2017 2 2 1 31 2943 2951 2944
2018 2 2 1 31 2946 2950 2949
2019 2 2 1 31 2948 2953 2935
2020 2 2 1 31 2943 2944 2934
2021 2 2 1 31 2936 2938 623
2022 2 2 1 31 608 2937 31
2023 2 2 1 31 2935 2940 610
2024 2 2 1 31 621 2951 620
2025 2 2 1 31 31 2937 2936
2026 2 2 1 31 612 2941 611
2027 2 2 1 31 620 2943 619
2028 2 2 1 31 2934 2952 618
2029 2 2 1 31 610 2940 609
2030 2 2 1 31 613 2942 2932
2031 2 2 1 31 614 2942 613
2032 2 2 1 31 618 2952 617
2033 2 2 1 31 611 2941 2935
2034 2 2 1 31 622 2938 2931
2035 2 2 1 31 609 2940 2930
2036 2 2 1 31 2931 2951 621
2037 2 2 1 31 2932 2941 612
2038 2 2 1 31 619 2943 2934
2039 2 2 1 31 616 2939 615
2040 2 2 1 31 623 2938 622
2041 2 2 1 31 615 2939 2933
2042 2 2 1 31 2929 2939 616
2043 2 2 1 31 2930 2937 608
2044 2 2 1 31 2933 2942 614
2045 2 2 1 31 617 2952 2929
2046 2 2 1 31 2949 2953 2948
2047 2 2 1 31 2947 2954 2933
2048 2 2 1 31 2930 2953 2949
2049 2 2 1 31 620 2951 2943
2050 2 2 1 31 2935 2953 2940
2051 2 2 1 31 2940 2953 2930
2052 2 2 1 31 2933 2954 2942
2053 2 2 1 31 2942 2954 2932
2054 2 2 1 32 2955 2974 2964
2055 2 2 1 32 2964 2974 2959
2056 2 2 1 32 2958 2975 2966
2057 2 2 1 32 2966 2975 2961
2058 2 2 1 32 2972 2974 2955
2059 2 2 1 32 2963 2976 2962
2060 2 2 1 32 2956 2976 2963
2061 2 2 1 32 2958 2980 2975
2062 2 2 1 32 2957 2977 2971
2063 2 2 1 32 32 2962 639
2064 2 2 1 32 2976 2977 2962
2065 2 2 1 32 627 2961 626
2066 2 2 1 32 635 2960 634
2067 2 2 1 32 629 2958 628
2068 2 2 1 32 638 2957 637
2069 2 2 1 32 625 2956 624
2070 2 2 1 32 633 2955 632
2071 2 2 1 32 631 2959 630
2072 2 2 1 32 2971 2978 2957
2073 2 2 1 32 2973 2975 2974
2074 2 2 1 32 2971 2977 2973
2075 2 2 1 32 2973 2974 2972
2076 2 2 1 32 2973 2976 2975
2077 2 2 1 32 2971 2973 2972
2078 2 2 1 32 2975 2980 2974
2079 2 2 1 32 2962 2977 2965
2080 2 2 1 32 2965 2977 2957
2081 2 2 1 32 2968 2972 2955
2082 2 2 1 32 2960 2972 2968
2083 2 2 1 32 2971 2972 2960
2084 2 2 1 32 2970 2978 2971
2085 2 2 1 32 2973 2977 2976
2086 2 2 1 32 2975 2979 2961
2087 2 2 1 32 2970 2971 2960
2088 2 2 1 32 2962 2965 639
2089 2 2 1 32 624 2963 32
2090 2 2 1 32 2961 2967 626
2091 2 2 1 32 637 2978 636
2092 2 2 1 32 32 2963 2962
2093 2 2 1 32 628 2966 627
2094 2 2 1 32 2960 2968 634
2095 2 2 1 32 636 2970 635
2096 2 2 1 32 629 2969 2958
2097 2 2 1 32 626 2967 625
2098 2 2 1 32 634 2968 633
2099 2 2 1 32 630 2969 629
2100 2 2 1 32 627 2966 2961
2101 2 2 1 32 638 2965 2957
2102 2 2 1 32 625 2967 2956
2103 2 2 1 32 2958 2966 628
2104 2 2 1 32 635 2970 2960
2105 2 2 1 32 2957 2978 637
2106 2 2 1 32 632 2964 631
2107 2 2 1 32 2955 2964 632
2108 2 2 1 32 631 2964 2959
2109 2 2 1 32 639 2965 638
2110 2 2 1 32 633 2968 2955
2111 2 2 1 32 2959 2969 630
2112 2 2 1 32 2956 2963 624
2113 2 2 1 32 2976 2979 2975
2114 2 2 1 32 2974 2980 2959
2115 2 2 1 32 2956 2979 2976
2116 2 2 1 32 636 2978 2970
2117 2 2 1 32 2961 2979 2967
2118 2 2 1 32 2967 2979 2956
2119 2 2 1 32 2959 2980 2969
2120 2 2 1 32 2969 2980 2958
2121 2 2 1 33 2984 2998 2992
2122 2 2 1 33 2992 3000 2982
2123 2 2 1 33 2992 2993 2984
2124 2 2 1 33 2992 2998 2987
2125 2 2 1 33 2987 3000 2992
2126 2 2 1 33 2990 2992 2982
2127 2 2 1 33 648 2994 2981
2128 2 2 1 33 2993 2995 2981
2129 2 2 1 33 649 2994 648
2130 2 2 1 33 2995 2999 2981
2131 2 2 1 33 650 2994 649
2132 2 2 1 33 2984 2994 650
2133 2 2 1 33 2981 2994 2993
2134 2 2 1 33 2993 2994 2984
2135 2 2 1 33 2986 2999 2995
2136 2 2 1 33 640 2985 33
2137 2 2 1 33 643 2983 642
2138 2 2 1 33 653 2987 652
2139 2 2 1 33 651 2984 650
2140 2 2 1 33 646 2986 645
2141 2 2 1 33 655 2982 654
2142 2 2 1 33 648 2981 647
2143 2 2 1 33 2989 3001 2983
2144 2 2 1 33 2991 2993 2992
2145 2 2 1 33 2991 2992 2990
2146 2 2 1 33 2989 2991 2990
2147 2 2 1 33 2983 3004 2989
2148 2 2 1 33 2991 2995 2993
2149 2 2 1 33 2995 2996 2986
2150 2 2 1 33 2982 2997 2990
2151 2 2 1 33 2990 2997 2985
2152 2 2 1 33 2989 2990 2985
2153 2 2 1 33 2995 3004 2996
2154 2 2 1 33 2991 3004 2995
2155 2 2 1 33 2988 3001 2989
2156 2 2 1 33 2988 2989 2985
2157 2 2 1 33 640 2988 2985
2158 2 2 1 33 33 2997 655
2159 2 2 1 33 2996 3004 2983
2160 2 2 1 33 2985 2997 33
2161 2 2 1 33 641 2988 640
2162 2 2 1 33 655 2997 2982
2163 2 2 1 33 653 3000 2987
2164 2 2 1 33 2983 3001 642
2165 2 2 1 33 652 2998 651
2166 2 2 1 33 642 3001 641
2167 2 2 1 33 646 2999 2986
2168 2 2 1 33 654 3000 653
2169 2 2 1 33 2987 2998 652
2170 2 2 1 33 643 3003 2983
2171 2 2 1 33 651 2998 2984
2172 2 2 1 33 2982 3000 654
2173 2 2 1 33 647 2999 646
2174 2 2 1 33 2981 2999 647
2175 2 2 1 33 2986 3002 645
2176 2 2 1 33 645 3002 644
2177 2 2 1 33 644 3003 643
2178 2 2 1 33 2989 3004 2991
2179 2 2 1 33 2996 3002 2986
2180 2 2 1 33 2983 3003 2996
2181 2 2 1 33 641 3001 2988
2182 2 2 1 33 2996 3003 3002
2183 2 2 1 33 3002 3003 644
2184 2 2 1 34 3008 3023 3016
2185 2 2 1 34 3016 3024 3006
2186 2 2 1 34 3016 3017 3008
2187 2 2 1 34 3016 3023 3011
2188 2 2 1 34 3011 3024 3016
2189 2 2 1 34 3014 3016 3006
2190 2 2 1 34 664 3018 3005
2191 2 2 1 34 3017 3019 3005
2192 2 2 1 34 665 3018 664
2193 2 2 1 34 3019 3022 3005
2194 2 2 1 34 666 3018 665
2195 2 2 1 34 3008 3018 666
2196 2 2 1 34 3005 3018 3017
2197 2 2 1 34 3017 3018 3008
2198 2 2 1 34 3010 3022 3019
2199 2 2 1 34 656 3009 34
2200 2 2 1 34 659 3007 658
2201 2 2 1 34 669 3011 668
2202 2 2 1 34 667 3008 666
2203 2 2 1 34 662 3010 661
2204 2 2 1 34 671 3006 670
2205 2 2 1 34 664 3005 663
2206 2 2 1 34 3013 3025 3007
2207 2 2 1 34 3015 3017 3016
2208 2 2 1 34 3015 3016 3014
2209 2 2 1 34 3013 3015 3014
2210 2 2 1 34 3007 3028 3013
2211 2 2 1 34 3015 3019 3017
2212 2 2 1 34 3019 3020 3010
2213 2 2 1 34 3006 3021 3014
2214 2 2 1 34 3014 3021 3009
2215 2 2 1 34 3013 3014 3009
2216 2 2 1 34 3019 3028 3020
2217 2 2 1 34 3015 3028 3019
2218 2 2 1 34 3012 3025 3013
2219 2 2 1 34 3012 3013 3009
2220 2 2 1 34 656 3012 3009
2221 2 2 1 34 34 3021 671
2222 2 2 1 34 3020 3028 3007
2223 2 2 1 34 3009 3021 34
2224 2 2 1 34 657 3012 656
2225 2 2 1 34 671 3021 3006
2226 2 2 1 34 669 3024 3011
2227 2 2 1 34 3007 3025 658
2228 2 2 1 34 668 3023 667
2229 2 2 1 34 658 3025 657
2230 2 2 1 34 662 3022 3010
2231 2 2 1 34 670 3024 669
2232 2 2 1 34 3011 3023 668
2233 2 2 1 34 659 3027 3007
2234 2 2 1 34 667 3023 3008
2235 2 2 1 34 3006 3024 670
2236 2 2 1 34 663 3022 662
2237 2 2 1 34 3005 3022 663
2238 2 2 1 34 3010 3026 661
2239 2 2 1 34 661 3026 660
2240 2 2 1 34 660 3027 659
2241 2 2 1 34 3013 3028 3015
2242 2 2 1 34 3020 3026 3010
2243 2 2 1 34 3007 3027 3020
2244 2 2 1 34 657 3025 3012
2245 2 2 1 34 3020 3027 3026
2246 2 2 1 34 3026 3027 660
2247 2 2 1 35 3032 3046 3040
2248 2 2 1 35 3040 3048 3030
2249 2 2 1 35 3040 3041 3032
2250 2 2 1 35 3040 3046 3035
2251 2 2 1 35 3035 3048 3040
2252 2 2 1 35 3038 3040 3030
2253 2 2 1 35 680 3042 3029
2254 2 2 1 35 3041 3043 3029
2255 2 2 1 35 681 3042 680
2256 2 2 1 35 3043 3047 3029
2257 2 2 1 35 682 3042 681
2258 2 2 1 35 3032 3042 682
2259 2 2 1 35 3029 3042 3041
2260 2 2 1 35 3041 3042 3032
2261 2 2 1 35 3034 3047 3043
2262 2 2 1 35 672 3033 35
2263 2 2 1 35 675 3031 674
2264 2 2 1 35 685 3035 684
2265 2 2 1 35 683 3032 682
2266 2 2 1 35 678 3034 677
2267 2 2 1 35 687 3030 686
2268 2 2 1 35 680 3029 679
2269 2 2 1 35 3037 3049 3031
2270 2 2 1 35 3039 3041 3040
2271 2 2 1 35 3039 3040 3038
2272 2 2 1 35 3037 3039 3038
2273 2 2 1 35 3031 3052 3037
2274 2 2 1 35 3039 3043 3041
2275 2 2 1 35 3043 3044 3034
2276 2 2 1 35 3030 3045 3038
2277 2 2 1 35 3038 3045 3033
2278 2 2 1 35 3037 3038 3033
2279 2 2 1 35 3043 3052 3044
2280 2 2 1 35 3039 3052 3043
2281 2 2 1 35 3036 3049 3037
2282 2 2 1 35 3036 3037 3033
2283 2 2 1 35 672 3036 3033
2284 2 2 1 35 35 3045 687
2285 2 2 1 35 3044 3052 3031
2286 2 2 1 35 3033 3045 35
2287 2 2 1 35 673 3036 672
2288 2 2 1 35 687 3045 3030
2289 2 2 1 35 685 3048 3035
2290 2 2 1 35 3031 3049 674
2291 2 2 1 35 684 3046 683
2292 2 2 1 35 674 3049 673
2293 2 2 1 35 686 3048 685
2294 2 2 1 35 678 3047 3034
2295 2 2 1 35 3035 3046 684
2296 2 2 1 35 675 3051 3031
2297 2 2 1 35 683 3046 3032
2298 2 2 1 35 3030 3048 686
2299 2 2 1 35 679 3047 678
2300 2 2 1 35 3029 3047 679
2301 2 2 1 35 3034 3050 677
2302 2 2 1 35 677 3050 676
2303 2 2 1 35 676 3051 675
2304 2 2 1 35 3037 3052 3039
2305 2 2 1 35 3044 3050 3034
2306 2 2 1 35 3031 3051 3044
2307 2 2 1 35 673 3049 3036
2308 2 2 1 35 3044 3051 3050
2309 2 2 1 35 3050 3051 676
2310 2 2 1 36 3056 3070 3064
2311 2 2 1 36 3064 3072 3054
2312 2 2 1 36 3064 3065 3056
2313 2 2 1 36 3064 3070 3059
2314 2 2 1 36 3059 3072 3064
2315 2 2 1 36 3062 3064 3054
2316 2 2 1 36 696 3066 3053
2317 2 2 1 36 3065 3067 3053
2318 2 2 1 36 697 3066 696
2319 2 2 1 36 3067 3071 3053
2320 2 2 1 36 698 3066 697
2321 2 2 1 36 3056 3066 698
2322 2 2 1 36 3053 3066 3065
2323 2 2 1 36 3065 3066 3056
2324 2 2 1 36 3058 3071 3067
2325 2 2 1 36 688 3057 36
2326 2 2 1 36 691 3055 690
2327 2 2 1 36 701 3059 700
2328 2 2 1 36 699 3056 698
2329 2 2 1 36 694 3058 693
2330 2 2 1 36 703 3054 702
2331 2 2 1 36 696 3053 695
2332 2 2 1 36 3061 3073 3055
2333 2 2 1 36 3063 3065 3064
2334 2 2 1 36 3063 3064 3062
2335 2 2 1 36 3061 3063 3062
2336 2 2 1 36 3055 3076 3061
2337 2 2 1 36 3063 3067 3065
2338 2 2 1 36 3067 3068 3058
2339 2 2 1 36 3054 3069 3062
2340 2 2 1 36 3062 3069 3057
2341 2 2 1 36 3061 3062 3057
2342 2 2 1 36 3067 3076 3068
2343 2 2 1 36 3063 3076 3067
2344 2 2 1 36 3060 3073 3061
2345 2 2 1 36 3060 3061 3057
2346 2 2 1 36 688 3060 3057
2347 2 2 1 36 36 3069 703
2348 2 2 1 36 3068 3076 3055
2349 2 2 1 36 3057 3069 36
2350 2 2 1 36 689 3060 688
2351 2 2 1 36 703 3069 3054
2352 2 2 1 36 701 3072 3059
2353 2 2 1 36 3055 3073 690
2354 2 2 1 36 700 3070 699
2355 2 2 1 36 690 3073 689
2356 2 2 1 36 702 3072 701
2357 2 2 1 36 694 3071 3058
2358 2 2 1 36 3059 3070 700
2359 2 2 1 36 691 3075 3055
2360 2 2 1 36 699 3070 3056
2361 2 2 1 36 3054 3072 702
2362 2 2 1 36 695 3071 694
2363 2 2 1 36 3053 3071 695
2364 2 2 1 36 3058 3074 693
2365 2 2 1 36 693 3074 692
2366 2 2 1 36 692 3075 691
2367 2 2 1 36 3061 3076 3063
2368 2 2 1 36 3068 3074 3058
2369 2 2 1 36 3055 3075 3068
2370 2 2 1 36 689 3073 3060
2371 2 2 1 36 3068 3075 3074
2372 2 2 1 36 3074 3075 692
2373 2 2 1 37 3088 3094 3080
2374 2 2 1 37 3078 3095 3088
2375 2 2 1 37 3080 3089 3088
2376 2 2 1 37 3083 3094 3088
2377 2 2 1 37 3088 3095 3083
2378 2 2 1 37 3078 3088 3086
2379 2 2 1 37 3077 3090 711
2380 2 2 1 37 3077 3091 3089
2381 2 2 1 37 711 3090 710
2382 2 2 1 37 710 3090 709
2383 2 2 1 37 3077 3096 3091
2384 2 2 1 37 709 3090 3080
2385 2 2 1 37 3089 3090 3077
2386 2 2 1 37 3080 3090 3089
2387 2 2 1 37 3091 3096 3082
2388 2 2 1 37 37 3081 719
2389 2 2 1 37 717 3079 716
2390 2 2 1 37 707 3083 706
2391 2 2 1 37 709 3080 708
2392 2 2 1 37 714 3082 713
2393 2 2 1 37 705 3078 704
2394 2 2 1 37 712 3077 711
2395 2 2 1 37 3079 3097 3085
2396 2 2 1 37 3088 3089 3087
2397 2 2 1 37 3086 3088 3087
2398 2 2 1 37 3086 3087 3085
2399 2 2 1 37 3085 3100 3079
2400 2 2 1 37 3089 3091 3087
2401 2 2 1 37 3082 3092 3091
2402 2 2 1 37 3086 3093 3078
2403 2 2 1 37 3081 3093 3086
2404 2 2 1 37 3081 3086 3085
2405 2 2 1 37 3092 3100 3091
2406 2 2 1 37 3091 3100 3087
2407 2 2 1 37 3085 3097 3084
2408 2 2 1 37 3081 3085 3084
2409 2 2 1 37 3081 3084 719
2410 2 2 1 37 704 3093 37
2411 2 2 1 37 3079 3100 3092
2412 2 2 1 37 37 3093 3081
2413 2 2 1 37 719 3084 718
2414 2 2 1 37 3078 3093 704
2415 2 2 1 37 3083 3095 706
2416 2 2 1 37 717 3097 3079
2417 2 2 1 37 708 3094 707
2418 2 2 1 37 718 3097 717
2419 2 2 1 37 706 3095 705
2420 2 2 1 37 707 3094 3083
2421 2 2 1 37 3079 3099 716
2422 2 2 1 37 3082 3096 713
2423 2 2 1 37 713 3096 712
2424 2 2 1 37 3080 3094 708
2425 2 2 1 37 705 3095 3078
2426 2 2 1 37 714 3098 3082
2427 2 2 1 37 712 3096 3077
2428 2 2 1 37 715 3098 714
2429 2 2 1 37 716 3099 715
2430 2 2 1 37 3087 3100 3085
2431 2 2 1 37 3082 3098 3092
2432 2 2 1 37 3092 3099 3079
2433 2 2 1 37 3084 3097 718
2434 2 2 1 37 3098 3099 3092
2435 2 2 1 37 715 3099 3098
2436 2 2 1 38 3112 3118 3104
2437 2 2 1 38 3102 3120 3112
2438 2 2 1 38 3104 3113 3112
2439 2 2 1 38 3107 3118 3112
2440 2 2 1 38 3112 3120 3107
2441 2 2 1 38 3102 3112 3110
2442 2 2 1 38 3101 3114 727
2443 2 2 1 38 3101 3115 3113
2444 2 2 1 38 727 3114 726
2445 2 2 1 38 3101 3119 3115
2446 2 2 1 38 726 3114 725
2447 2 2 1 38 725 3114 3104
2448 2 2 1 38 3113 3114 3101
2449 2 2 1 38 3104 3114 3113
2450 2 2 1 38 3115 3119 3106
2451 2 2 1 38 38 3105 735
2452 2 2 1 38 733 3103 732
2453 2 2 1 38 723 3107 722
2454 2 2 1 38 725 3104 724
2455 2 2 1 38 730 3106 729
2456 2 2 1 38 721 3102 720
2457 2 2 1 38 728 3101 727
2458 2 2 1 38 3103 3121 3109
2459 2 2 1 38 3112 3113 3111
2460 2 2 1 38 3110 3112 3111
2461 2 2 1 38 3110 3111 3109
2462 2 2 1 38 3109 3124 3103
2463 2 2 1 38 3113 3115 3111
2464 2 2 1 38 3106 3116 3115
2465 2 2 1 38 3110 3117 3102
2466 2 2 1 38 3105 3117 3110
2467 2 2 1 38 3105 3110 3109
2468 2 2 1 38 3116 3124 3115
2469 2 2 1 38 3115 3124 3111
2470 2 2 1 38 3109 3121 3108
2471 2 2 1 38 3105 3109 3108
2472 2 2 1 38 3105 3108 735
2473 2 2 1 38 720 3117 38
2474 2 2 1 38 3103 3124 3116
2475 2 2 1 38 38 3117 3105
2476 2 2 1 38 735 3108 734
2477 2 2 1 38 3102 3117 720
2478 2 2 1 38 3107 3120 722
2479 2 2 1 38 733 3121 3103
2480 2 2 1 38 724 3118 723
2481 2 2 1 38 734 3121 733
2482 2 2 1 38 722 3120 721
2483 2 2 1 38 723 3118 3107
2484 2 2 1 38 3106 3119 729
2485 2 2 1 38 3103 3123 732
2486 2 2 1 38 729 3119 728
2487 2 2 1 38 3104 3118 724
2488 2 2 1 38 721 3120 3102
2489 2 2 1 38 730 3122 3106
2490 2 2 1 38 728 3119 3101
2491 2 2 1 38 731 3122 730
2492 2 2 1 38 732 3123 731
2493 2 2 1 38 3111 3124 3109
2494 2 2 1 38 3106 3122 3116
2495 2 2 1 38 3116 3123 3103
2496 2 2 1 38 3108 3121 734
2497 2 2 1 38 3122 3123 3116
2498 2 2 1 38 731 3123 3122
2499 2 2 1 39 3136 3142 3128
2500 2 2 1 39 3126 3143 3136
2501 2 2 1 39 3128 3137 3136
2502 2 2 1 39 3131 3142 3136
2503 2 2 1 39 3136 3143 3131
2504 2 2 1 39 3126 3136 3134
2505 2 2 1 39 3125 3138 743
2506 2 2 1 39 3125 3139 3137
2507 2 2 1 39 743 3138 742
2508 2 2 1 39 742 3138 741
2509 2 2 1 39 3125 3144 3139
2510 2 2 1 39 741 3138 3128
2511 2 2 1 39 3137 3138 3125
2512 2 2 1 39 3128 3138 3137
2513 2 2 1 39 3139 3144 3130
2514 2 2 1 39 39 3129 751
2515 2 2 1 39 749 3127 748
2516 2 2 1 39 739 3131 738
2517 2 2 1 39 741 3128 740
2518 2 2 1 39 746 3130 745
2519 2 2 1 39 737 3126 736
2520 2 2 1 39 744 3125 743
2521 2 2 1 39 3127 3145 3133
2522 2 2 1 39 3136 3137 3135
2523 2 2 1 39 3134 3136 3135
2524 2 2 1 39 3134 3135 3133
2525 2 2 1 39 3133 3148 3127
2526 2 2 1 39 3137 3139 3135
2527 2 2 1 39 3130 3140 3139
2528 2 2 1 39 3134 3141 3126
2529 2 2 1 39 3129 3141 3134
2530 2 2 1 39 3129 3134 3133
2531 2 2 1 39 3140 3148 3139
2532 2 2 1 39 3139 3148 3135
2533 2 2 1 39 3133 3145 3132
2534 2 2 1 39 3129 3133 3132
2535 2 2 1 39 3129 3132 751
2536 2 2 1 39 736 3141 39
2537 2 2 1 39 3127 3148 3140
2538 2 2 1 39 39 3141 3129
2539 2 2 1 39 751 3132 750
2540 2 2 1 39 3126 3141 736
2541 2 2 1 39 3131 3143 738
2542 2 2 1 39 749 3145 3127
2543 2 2 1 39 740 3142 739
2544 2 2 1 39 750 3145 749
2545 2 2 1 39 738 3143 737
2546 2 2 1 39 739 3142 3131
2547 2 2 1 39 3127 3147 748
2548 2 2 1 39 3130 3144 745
2549 2 2 1 39 745 3144 744
2550 2 2 1 39 3128 3142 740
2551 2 2 1 39 737 3143 3126
2552 2 2 1 39 746 3146 3130
2553 2 2 1 39 744 3144 3125
2554 2 2 1 39 747 3146 746
2555 2 2 1 39 748 3147 747
2556 2 2 1 39 3135 3148 3133
2557 2 2 1 39 3130 3146 3140
2558 2 2 1 39 3140 3147 3127
2559 2 2 1 39 3132 3145 750
2560 2 2 1 39 3146 3147 3140
2561 2 2 1 39 747 3147 3146
2562 2 2 1 40 3152 3166 3160
2563 2 2 1 40 3160 3168 3150
2564 2 2 1 40 3160 3161 3152
2565 2 2 1 40 3160 3166 3155
2566 2 2 1 40 3155 3168 3160
2567 2 2 1 40 3158 3160 3150
2568 2 2 1 40 760 3162 3149
2569 2 2 1 40 3161 3163 3149
2570 2 2 1 40 761 3162 760
2571 2 2 1 40 3163 3167 3149
2572 2 2 1 40 762 3162 761
2573 2 2 1 40 3152 3162 762
2574 2 2 1 40 3149 3162 3161
2575 2 2 1 40 3161 3162 3152
2576 2 2 1 40 3154 3167 3163
2577 2 2 1 40 752 3153 40
2578 2 2 1 40 755 3151 754
2579 2 2 1 40 765 3155 764
2580 2 2 1 40 763 3152 762
2581 2 2 1 40 758 3154 757
2582 2 2 1 40 767 3150 766
2583 2 2 1 40 760 3149 759
2584 2 2 1 40 3157 3169 3151
2585 2 2 1 40 3159 3161 3160
2586 2 2 1 40 3159 3160 3158
2587 2 2 1 40 3157 3159 3158
2588 2 2 1 40 3151 3172 3157
2589 2 2 1 40 3159 3163 3161
2590 2 2 1 40 3163 3164 3154
2591 2 2 1 40 3150 3165 3158
2592 2 2 1 40 3158 3165 3153
2593 2 2 1 40 3157 3158 3153
2594 2 2 1 40 3163 3172 3164
2595 2 2 1 40 3159 3172 3163
2596 2 2 1 40 3156 3169 3157
2597 2 2 1 40 3156 3157 3153
2598 2 2 1 40 752 3156 3153
2599 2 2 1 40 40 3165 767
2600 2 2 1 40 3164 3172 3151
2601 2 2 1 40 3153 3165 40
2602 2 2 1 40 753 3156 752
2603 2 2 1 40 767 3165 3150
2604 2 2 1 40 765 3168 3155
2605 2 2 1 40 3151 3169 754
2606 2 2 1 40 764 3166 763
2607 2 2 1 40 754 3169 753
2608 2 2 1 40 766 3168 765
2609 2 2 1 40 758 3167 3154
2610 2 2 1 40 3155 3166 764
2611 2 2 1 40 755 3171 3151
2612 2 2 1 40 763 3166 3152
2613 2 2 1 40 3150 3168 766
2614 2 2 1 40 759 3167 758
2615 2 2 1 40 3149 3167 759
2616 2 2 1 40 3154 3170 757
2617 2 2 1 40 757 3170 756
2618 2 2 1 40 756 3171 755
2619 2 2 1 40 3157 3172 3159
2620 2 2 1 40 3164 3170 3154
2621 2 2 1 40 3151 3171 3164
2622 2 2 1 40 753 3169 3156
2623 2 2 1 40 3164 3171 3170
2624 2 2 1 40 3170 3171 756
2625 2 2 1 41 3173 3192 3186
2626 2 2 1 41 3186 3192 3177
2627 2 2 1 41 3176 3193 3185
2628 2 2 1 41 3185 3193 3179
2629 2 2 1 41 3190 3192 3173
2630 2 2 1 41 3181 3194 3180
2631 2 2 1 41 3174 3194 3181
2632 2 2 1 41 3176 3198 3193
2633 2 2 1 41 3175 3195 3189
2634 2 2 1 41 41 3180 783
2635 2 2 1 41 3194 3195 3180
2636 2 2 1 41 771 3179 770
2637 2 2 1 41 779 3178 778
2638 2 2 1 41 773 3176 772
2639 2 2 1 41 782 3175 781
2640 2 2 1 41 769 3174 768
2641 2 2 1 41 777 3173 776
2642 2 2 1 41 775 3177 774
2643 2 2 1 41 3189 3196 3175
2644 2 2 1 41 3191 3193 3192
2645 2 2 1 41 3189 3195 3191
2646 2 2 1 41 3191 3192 3190
2647 2 2 1 41 3191 3194 3193
2648 2 2 1 41 3189 3191 3190
2649 2 2 1 41 3193 3198 3192
2650 2 2 1 41 3180 3195 3182
2651 2 2 1 41 3182 3195 3175
2652 2 2 1 41 3187 3190 3173
2653 2 2 1 41 3178 3190 3187
2654 2 2 1 41 3189 3190 3178
2655 2 2 1 41 3188 3196 3189
2656 2 2 1 41 3191 3195 3194
2657 2 2 1 41 3193 3197 3179
2658 2 2 1 41 3188 3189 3178
2659 2 2 1 41 3180 3182 783
2660 2 2 1 41 768 3181 41
2661 2 2 1 41 3179 3184 770
2662 2 2 1 41 781 3196 780
2663 2 2 1 41 774 3183 773
2664 2 2 1 41 41 3181 3180
2665 2 2 1 41 772 3185 771
2666 2 2 1 41 780 3188 779
2667 2 2 1 41 3178 3187 778
2668 2 2 1 41 773 3183 3176
2669 2 2 1 41 770 3184 769
2670 2 2 1 41 778 3187 777
2671 2 2 1 41 771 3185 3179
2672 2 2 1 41 782 3182 3175
2673 2 2 1 41 769 3184 3174
2674 2 2 1 41 3175 3196 781
2675 2 2 1 41 3176 3185 772
2676 2 2 1 41 776 3186 775
2677 2 2 1 41 779 3188 3178
2678 2 2 1 41 3173 3186 776
2679 2 2 1 41 783 3182 782
2680 2 2 1 41 3174 3181 768
2681 2 2 1 41 775 3186 3177
2682 2 2 1 41 777 3187 3173
2683 2 2 1 41 3177 3183 774
2684 2 2 1 41 3194 3197 3193
2685 2 2 1 41 3192 3198 3177
2686 2 2 1 41 3174 3197 3194
2687 2 2 1 41 780 3196 3188
2688 2 2 1 41 3179 3197 3184
2689 2 2 1 41 3184 3197 3174
2690 2 2 1 41 3177 3198 3183
2691 2 2 1 41 3183 3198 3176
2692 2 2 1 42 3210 3218 3199
2693 2 2 1 42 3203 3218 3210
2694 2 2 1 42 3209 3219 3202
2695 2 2 1 42 3205 3219 3209
2696 2 2 1 42 3199 3218 3216
2697 2 2 1 42 3206 3220 3207
2698 2 2 1 42 3207 3220 3200
2699 2 2 1 42 3219 3224 3202
2700 2 2 1 42 3215 3221 3201
2701 2 2 1 42 784 3206 42
2702 2 2 1 42 3206 3221 3220
2703 2 2 1 42 797 3205 796
2704 2 2 1 42 789 3204 788
2705 2 2 1 42 795 3202 794
2706 2 2 1 42 786 3201 785
2707 2 2 1 42 799 3200 798
2708 2 2 1 42 793 3203 792
2709 2 2 1 42 791 3199 790
2710 2 2 1 42 3201 3222 3215
2711 2 2 1 42 3218 3219 3217
2712 2 2 1 42 3217 3221 3215
2713 2 2 1 42 3216 3218 3217
2714 2 2 1 42 3219 3220 3217
2715 2 2 1 42 3216 3217 3215
2716 2 2 1 42 3218 3224 3219
2717 2 2 1 42 3211 3221 3206
2718 2 2 1 42 3201 3221 3211
2719 2 2 1 42 3199 3216 3208
2720 2 2 1 42 3208 3216 3204
2721 2 2 1 42 3204 3216 3215
2722 2 2 1 42 3215 3222 3214
2723 2 2 1 42 3220 3221 3217
2724 2 2 1 42 3205 3223 3219
2725 2 2 1 42 3204 3215 3214
2726 2 2 1 42 784 3211 3206
2727 2 2 1 42 42 3207 799
2728 2 2 1 42 797 3213 3205
2729 2 2 1 42 789 3208 3204
2730 2 2 1 42 790 3208 789
2731 2 2 1 42 787 3222 786
2732 2 2 1 42 3206 3207 42
2733 2 2 1 42 796 3209 795
2734 2 2 1 42 3202 3212 794
2735 2 2 1 42 788 3214 787
2736 2 2 1 42 798 3213 797
2737 2 2 1 42 794 3212 793
2738 2 2 1 42 3205 3209 796
2739 2 2 1 42 3204 3214 788
2740 2 2 1 42 795 3209 3202
2741 2 2 1 42 3200 3213 798
2742 2 2 1 42 3201 3211 785
2743 2 2 1 42 792 3210 791
2744 2 2 1 42 3203 3210 792
2745 2 2 1 42 786 3222 3201
2746 2 2 1 42 785 3211 784
2747 2 2 1 42 791 3210 3199
2748 2 2 1 42 793 3212 3203
2749 2 2 1 42 3199 3208 790
2750 2 2 1 42 799 3207 3200
2751 2 2 1 42 3219 3223 3220
2752 2 2 1 42 3203 3224 3218
2753 2 2 1 42 3220 3223 3200
2754 2 2 1 42 3214 3222 787
2755 2 2 1 42 3213 3223 3205
2756 2 2 1 42 3200 3223 3213
2757 2 2 1 42 3212 3224 3203
2758 2 2 1 42 3202 3224 3212
2759 2 2 1 43 3236 3244 3225
2760 2 2 1 43 3229 3244 3236
2761 2 2 1 43 3235 3245 3228
2762 2 2 1 43 3231 3245 3235
2763 2 2 1 43 3225 3244 3242
2764 2 2 1 43 3232 3246 3233
2765 2 2 1 43 3233 3246 3226
2766 2 2 1 43 3245 3250 3228
2767 2 2 1 43 3241 3247 3227
2768 2 2 1 43 800 3232 43
2769 2 2 1 43 3232 3247 3246
2770 2 2 1 43 813 3231 812
2771 2 2 1 43 805 3230 804
2772 2 2 1 43 811 3228 810
2773 2 2 1 43 802 3227 801
2774 2 2 1 43 815 3226 814
2775 2 2 1 43 809 3229 808
2776 2 2 1 43 807 3225 806
2777 2 2 1 43 3227 3248 3241
2778 2 2 1 43 3244 3245 3243
2779 2 2 1 43 3243 3247 3241
2780 2 2 1 43 3242 3244 3243
2781 2 2 1 43 3245 3246 3243
2782 2 2 1 43 3242 3243 3241
2783 2 2 1 43 3244 3250 3245
2784 2 2 1 43 3237 3247 3232
2785 2 2 1 43 3227 3247 3237
2786 2 2 1 43 3225 3242 3234
2787 2 2 1 43 3234 3242 3230
2788 2 2 1 43 3230 3242 3241
2789 2 2 1 43 3241 3248 3240
2790 2 2 1 43 3246 3247 3243
2791 2 2 1 43 3231 3249 3245
2792 2 2 1 43 3230 3241 3240
2793 2 2 1 43 800 3237 3232
2794 2 2 1 43 43 3233 815
2795 2 2 1 43 813 3239 3231
2796 2 2 1 43 805 3234 3230
2797 2 2 1 43 806 3234 805
2798 2 2 1 43 803 3248 802
2799 2 2 1 43 3232 3233 43
2800 2 2 1 43 812 3235 811
2801 2 2 1 43 3228 3238 810
2802 2 2 1 43 804 3240 803
2803 2 2 1 43 814 3239 813
2804 2 2 1 43 810 3238 809
2805 2 2 1 43 3231 3235 812
2806 2 2 1 43 3230 3240 804
2807 2 2 1 43 811 3235 3228
2808 2 2 1 43 3226 3239 814
2809 2 2 1 43 3227 3237 801
2810 2 2 1 43 808 3236 807
2811 2 2 1 43 3229 3236 808
2812 2 2 1 43 802 3248 3227
2813 2 2 1 43 801 3237 800
2814 2 2 1 43 807 3236 3225
2815 2 2 1 43 809 3238 3229
2816 2 2 1 43 3225 3234 806
2817 2 2 1 43 815 3233 3226
2818 2 2 1 43 3245 3249 3246
2819 2 2 1 43 3229 3250 3244
2820 2 2 1 43 3246 3249 3226
2821 2 2 1 43 3240 3248 803
2822 2 2 1 43 3239 3249 3231
2823 2 2 1 43 3226 3249 3239
2824 2 2 1 43 3238 3250 3229
2825 2 2 1 43 3228 3250 3238
2826 2 2 1 44 3262 3269 3254
2827 2 2 1 44 3252 3270 3262
2828 2 2 1 44 3254 3263 3262
2829 2 2 1 44 3257 3269 3262
2830 2 2 1 44 3262 3270 3257
2831 2 2 1 44 3252 3262 3260
2832 2 2 1 44 3251 3264 823
2833 2 2 1 44 3251 3265 3263
2834 2 2 1 44 823 3264 822
2835 2 2 1 44 3251 3268 3265
2836 2 2 1 44 822 3264 821
2837 2 2 1 44 821 3264 3254
2838 2 2 1 44 3263 3264 3251
2839 2 2 1 44 3254 3264 3263
2840 2 2 1 44 3265 3268 3256
2841 2 2 1 44 44 3255 831
2842 2 2 1 44 829 3253 828
2843 2 2 1 44 819 3257 818
2844 2 2 1 44 821 3254 820
2845 2 2 1 44 826 3256 825
2846 2 2 1 44 817 3252 816
2847 2 2 1 44 824 3251 823
2848 2 2 1 44 3253 3271 3259
2849 2 2 1 44 3262 3263 3261
2850 2 2 1 44 3260 3262 3261
2851 2 2 1 44 3260 3261 3259
2852 2 2 1 44 3259 3274 3253
2853 2 2 1 44 3263 3265 3261
2854 2 2 1 44 3256 3266 3265
2855 2 2 1 44 3260 3267 3252
2856 2 2 1 44 3255 3267 3260
2857 2 2 1 44 3255 3260 3259
2858 2 2 1 44 3266 3274 3265
2859 2 2 1 44 3265 3274 3261
2860 2 2 1 44 3259 3271 3258
2861 2 2 1 44 3255 3259 3258
2862 2 2 1 44 3255 3258 831
2863 2 2 1 44 816 3267 44
2864 2 2 1 44 3253 3274 3266
2865 2 2 1 44 44 3267 3255
2866 2 2 1 44 831 3258 830
2867 2 2 1 44 3252 3267 816
2868 2 2 1 44 3257 3270 818
2869 2 2 1 44 829 3271 3253
2870 2 2 1 44 820 3269 819
2871 2 2 1 44 830 3271 829
2872 2 2 1 44 3256 3268 825
2873 2 2 1 44 818 3270 817
2874 2 2 1 44 819 3269 3257
2875 2 2 1 44 3253 3273 828
2876 2 2 1 44 825 3268 824
2877 2 2 1 44 3254 3269 820
2878 2 2 1 44 817 3270 3252
2879 2 2 1 44 824 3268 3251
2880 2 2 1 44 826 3272 3256
2881 2 2 1 44 827 3272 826
2882 2 2 1 44 828 3273 827
2883 2 2 1 44 3261 3274 3259
2884 2 2 1 44 3256 3272 3266
2885 2 2 1 44 3266 3273 3253
2886 2 2 1 44 3258 3271 830
2887 2 2 1 44 3272 3273 3266
2888 2 2 1 44 827 3273 3272
2889 2 2 1 45 3275 3294 3284
2890 2 2 1 45 3284 3294 3279
2891 2 2 1 45 3278 3295 3286
2892 2 2 1 45 3286 3295 3281
2893 2 2 1 45 3292 3294 3275
2894 2 2 1 45 3283 3296 3282
2895 2 2 1 45 3276 3296 3283
2896 2 2 1 45 3278 3300 3295
2897 2 2 1 45 3277 3297 3291
2898 2 2 1 45 45 3282 847
2899 2 2 1 45 3296 3297 3282
2900 2 2 1 45 835 3281 834
2901 2 2 1 45 843 3280 842
2902 2 2 1 45 837 3278 836
2903 2 2 1 45 846 3277 845
2904 2 2 1 45 833 3276 832
2905 2 2 1 45 841 3275 840
2906 2 2 1 45 839 3279 838
2907 2 2 1 45 3291 3298 3277
2908 2 2 1 45 3293 3295 3294
2909 2 2 1 45 3291 3297 3293
2910 2 2 1 45 3293 3294 3292
2911 2 2 1 45 3293 3296 3295
2912 2 2 1 45 3291 3293 3292
2913 2 2 1 45 3295 3300 3294
2914 2 2 1 45 3282 3297 3285
2915 2 2 1 45 3285 3297 3277
2916 2 2 1 45 3287 3292 3275
2917 2 2 1 45 3280 3292 3287
2918 2 2 1 45 3291 3292 3280
2919 2 2 1 45 3290 3298 3291
2920 2 2 1 45 3293 3297 3296
2921 2 2 1 45 3295 3299 3281
2922 2 2 1 45 3290 3291 3280
2923 2 2 1 45 3282 3285 847
2924 2 2 1 45 832 3283 45
2925 2 2 1 45 3281 3288 834
2926 2 2 1 45 845 3298 844
2927 2 2 1 45 45 3283 3282
2928 2 2 1 45 836 3286 835
2929 2 2 1 45 3280 3287 842
2930 2 2 1 45 844 3290 843
2931 2 2 1 45 837 3289 3278
2932 2 2 1 45 834 3288 833
2933 2 2 1 45 842 3287 841
2934 2 2 1 45 838 3289 837
2935 2 2 1 45 835 3286 3281
2936 2 2 1 45 846 3285 3277
2937 2 2 1 45 833 3288 3276
2938 2 2 1 45 3278 3286 836
2939 2 2 1 45 843 3290 3280
2940 2 2 1 45 3277 3298 845
2941 2 2 1 45 840 3284 839
2942 2 2 1 45 3275 3284 840
2943 2 2 1 45 839 3284 3279
2944 2 2 1 45 847 3285 846
2945 2 2 1 45 841 3287 3275
2946 2 2 1 45 3279 3289 838
2947 2 2 1 45 3276 3283 832
2948 2 2 1 45 3296 3299 3295
2949 2 2 1 45 3294 3300 3279
2950 2 2 1 45 3276 3299 3296
2951 2 2 1 45 844 3298 3290
2952 2 2 1 45 3281 3299 3288
2953 2 2 1 45 3288 3299 3276
2954 2 2 1 45 3279 3300 3289
2955 2 2 1 45 3289 3300 3278
2956 2 2 1 46 3301 3320 3310
2957 2 2 1 46 3310 3320 3305
2958 2 2 1 46 3304 3321 3312
2959 2 2 1 46 3312 3321 3307
2960 2 2 1 46 3318 3320 3301
2961 2 2 1 46 3309 3322 3308
2962 2 2 1 46 3302 3322 3309
2963 2 2 1 46 3304 3326 3321
2964 2 2 1 46 3303 3323 3317
2965 2 2 1 46 46 3308 863
2966 2 2 1 46 3322 3323 3308
2967 2 2 1 46 851 3307 850
2968 2 2 1 46 859 3306 858
2969 2 2 1 46 853 3304 852
2970 2 2 1 46 862 3303 861
2971 2 2 1 46 849 3302 848
2972 2 2 1 46 857 3301 856
2973 2 2 1 46 855 3305 854
2974 2 2 1 46 3317 3324 3303
2975 2 2 1 46 3319 3321 3320
2976 2 2 1 46 3317 3323 3319
2977 2 2 1 46 3319 3320 3318
2978 2 2 1 46 3319 3322 3321
2979 2 2 1 46 3317 3319 3318
2980 2 2 1 46 3321 3326 3320
2981 2 2 1 46 3308 3323 3313
2982 2 2 1 46 3313 3323 3303
2983 2 2 1 46 3311 3318 3301
2984 2 2 1 46 3306 3318 3311
2985 2 2 1 46 3317 3318 3306
2986 2 2 1 46 3316 3324 3317
2987 2 2 1 46 3319 3323 3322
2988 2 2 1 46 3321 3325 3307
2989 2 2 1 46 3316 3317 3306
2990 2 2 1 46 3308 3313 863
2991 2 2 1 46 848 3309 46
2992 2 2 1 46 3307 3314 850
2993 2 2 1 46 3306 3311 858
2994 2 2 1 46 861 3324 860
2995 2 2 1 46 46 3309 3308
2996 2 2 1 46 852 3312 851
2997 2 2 1 46 860 3316 859
2998 2 2 1 46 853 3315 3304
2999 2 2 1 46 850 3314 849
3000 2 2 1 46 858 3311 857
3001 2 2 1 46 854 3315 853
3002 2 2 1 46 851 3312 3307
3003 2 2 1 46 849 3314 3302
3004 2 2 1 46 862 3313 3303
3005 2 2 1 46 3304 3312 852
3006 2 2 1 46 859 3316 3306
3007 2 2 1 46 3301 3310 856
3008 2 2 1 46 856 3310 855
3009 2 2 1 46 3303 3324 861
3010 2 2 1 46 855 3310 3305
3011 2 2 1 46 863 3313 862
3012 2 2 1 46 857 3311 3301
3013 2 2 1 46 3305 3315 854
3014 2 2 1 46 3302 3309 848
3015 2 2 1 46 3322 3325 3321
3016 2 2 1 46 3320 3326 3305
3017 2 2 1 46 3302 3325 3322
3018 2 2 1 46 860 3324 3316
3019 2 2 1 46 3307 3325 3314
3020 2 2 1 46 3314 3325 3302
3021 2 2 1 46 3305 3326 3315
3022 2 2 1 46 3315 3326 3304
3023 2 2 1 47 3330 3344 3338
3024 2 2 1 47 3338 3345 3328
3025 2 2 1 47 3338 3339 3330
3026 2 2 1 47 3338 3344 3333
3027 2 2 1 47 3333 3345 3338
3028 2 2 1 47 3336 3338 3328
3029 2 2 1 47 872 3340 3327
3030 2 2 1 47 3339 3341 3327
3031 2 2 1 47 873 3340 872
3032 2 2 1 47 874 3340 873
3033 2 2 1 47 3341 3346 3327
3034 2 2 1 47 3330 3340 874
3035 2 2 1 47 3327 3340 3339
3036 2 2 1 47 3339 3340 3330
3037 2 2 1 47 3332 3346 3341
3038 2 2 1 47 864 3331 47
3039 2 2 1 47 867 3329 866
3040 2 2 1 47 877 3333 876
3041 2 2 1 47 875 3330 874
3042 2 2 1 47 870 3332 869
3043 2 2 1 47 879 3328 878
3044 2 2 1 47 872 3327 871
3045 2 2 1 47 3335 3347 3329
3046 2 2 1 47 3337 3339 3338
3047 2 2 1 47 3337 3338 3336
3048 2 2 1 47 3335 3337 3336
3049 2 2 1 47 3329 3350 3335
3050 2 2 1 47 3337 3341 3339
3051 2 2 1 47 3341 3342 3332
3052 2 2 1 47 3328 3343 3336
3053 2 2 1 47 3336 3343 3331
3054 2 2 1 47 3335 3336 3331
3055 2 2 1 47 3341 3350 3342
3056 2 2 1 47 3337 3350 3341
3057 2 2 1 47 3334 3347 3335
3058 2 2 1 47 3334 3335 3331
3059 2 2 1 47 864 3334 3331
3060 2 2 1 47 47 3343 879
3061 2 2 1 47 3342 3350 3329
3062 2 2 1 47 3331 3343 47
3063 2 2 1 47 865 3334 864
3064 2 2 1 47 879 3343 3328
3065 2 2 1 47 877 3345 3333
3066 2 2 1 47 3329 3347 866
3067 2 2 1 47 876 3344 875
3068 2 2 1 47 866 3347 865
3069 2 2 1 47 878 3345 877
3070 2 2 1 47 3333 3344 876
3071 2 2 1 47 870 3346 3332
3072 2 2 1 47 867 3349 3329
3073 2 2 1 47 875 3344 3330
3074 2 2 1 47 3328 3345 878
3075 2 2 1 47 871 3346 870
3076 2 2 1 47 3327 3346 871
3077 2 2 1 47 3332 3348 869
3078 2 2 1 47 869 3348 868
3079 2 2 1 47 868 3349 867
3080 2 2 1 47 3335 3350 3337
3081 2 2 1 47 3342 3348 3332
3082 2 2 1 47 3329 3349 3342
3083 2 2 1 47 865 3347 3334
3084 2 2 1 47 3342 3349 3348
3085 2 2 1 47 3348 3349 868
3086 2 2 1 48 3361 3370 3351
3087 2 2 1 48 3355 3370 3361
3088 2 2 1 48 3362 3371 3354
3089 2 2 1 48 3357 3371 3362
3090 2 2 1 48 3351 3370 3368
3091 2 2 1 48 3358 3372 3359
3092 2 2 1 48 3359 3372 3352
3093 2 2 1 48 3371 3376 3354
3094 2 2 1 48 3367 3373 3353
3095 2 2 1 48 880 3358 48
3096 2 2 1 48 3358 3373 3372
3097 2 2 1 48 893 3357 892
3098 2 2 1 48 885 3356 884
3099 2 2 1 48 891 3354 890
3100 2 2 1 48 882 3353 881
3101 2 2 1 48 895 3352 894
3102 2 2 1 48 889 3355 888
3103 2 2 1 48 887 3351 886
3104 2 2 1 48 3353 3374 3367
3105 2 2 1 48 3370 3371 3369
3106 2 2 1 48 3369 3373 3367
3107 2 2 1 48 3368 3370 3369
3108 2 2 1 48 3371 3372 3369
3109 2 2 1 48 3368 3369 3367
3110 2 2 1 48 3370 3376 3371
3111 2 2 1 48 3364 3373 3358
3112 2 2 1 48 3353 3373 3364
3113 2 2 1 48 3351 3368 3360
3114 2 2 1 48 3360 3368 3356
3115 2 2 1 48 3356 3368 3367
3116 2 2 1 48 3367 3374 3366
3117 2 2 1 48 3372 3373 3369
3118 2 2 1 48 3357 3375 3371
3119 2 2 1 48 3356 3367 3366
3120 2 2 1 48 880 3364 3358
3121 2 2 1 48 48 3359 895
3122 2 2 1 48 893 3365 3357
3123 2 2 1 48 885 3360 3356
3124 2 2 1 48 886 3360 885
3125 2 2 1 48 3358 3359 48
3126 2 2 1 48 883 3374 882
3127 2 2 1 48 3354 3363 890
3128 2 2 1 48 892 3362 891
3129 2 2 1 48 884 3366 883
3130 2 2 1 48 894 3365 893
3131 2 2 1 48 890 3363 889
3132 2 2 1 48 3357 3362 892
3133 2 2 1 48 3356 3366 884
3134 2 2 1 48 3355 3361 888
3135 2 2 1 48 891 3362 3354
3136 2 2 1 48 3352 3365 894
3137 2 2 1 48 888 3361 887
3138 2 2 1 48 3353 3364 881
3139 2 2 1 48 882 3374 3353
3140 2 2 1 48 887 3361 3351
3141 2 2 1 48 881 3364 880
3142 2 2 1 48 3351 3360 886
3143 2 2 1 48 889 3363 3355
3144 2 2 1 48 895 3359 3352
3145 2 2 1 48 3371 3375 3372
3146 2 2 1 48 3355 3376 3370
3147 2 2 1 48 3372 3375 3352
3148 2 2 1 48 3366 3374 883
3149 2 2 1 48 3365 3375 3357
3150 2 2 1 48 3352 3375 3365
3151 2 2 1 48 3363 3376 3355
3152 2 2 1 48 3354 3376 3363
3153 2 2 1 49 3391 3396 3377
3154 2 2 1 49 3381 3396 3391
3155 2 2 1 49 3387 3397 3380
3156 2 2 1 49 3383 3397 3387
3157 2 2 1 49 3377 3396 3394
3158 2 2 1 49 3384 3398 3385
3159 2 2 1 49 3385 3398 3378
3160 2 2 1 49 3397 3402 3380
3161 2 2 1 49 3393 3399 3379
3162 2 2 1 49 896 3384 49
3163 2 2 1 49 3384 3399 3398
3164 2 2 1 49 909 3383 908
3165 2 2 1 49 901 3382 900
3166 2 2 1 49 907 3380 906
3167 2 2 1 49 898 3379 897
3168 2 2 1 49 911 3378 910
3169 2 2 1 49 905 3381 904
3170 2 2 1 49 903 3377 902
3171 2 2 1 49 3379 3400 3393
3172 2 2 1 49 3396 3397 3395
3173 2 2 1 49 3395 3399 3393
3174 2 2 1 49 3394 3396 3395
3175 2 2 1 49 3397 3398 3395
3176 2 2 1 49 3394 3395 3393
3177 2 2 1 49 3396 3402 3397
3178 2 2 1 49 3388 3399 3384
3179 2 2 1 49 3379 3399 3388
3180 2 2 1 49 3377 3394 3386
3181 2 2 1 49 3386 3394 3382
3182 2 2 1 49 3382 3394 3393
3183 2 2 1 49 3393 3400 3392
3184 2 2 1 49 3398 3399 3395
3185 2 2 1 49 3383 3401 3397
3186 2 2 1 49 3382 3393 3392
3187 2 2 1 49 896 3388 3384
3188 2 2 1 49 49 3385 911
3189 2 2 1 49 909 3389 3383
3190 2 2 1 49 901 3386 3382
3191 2 2 1 49 902 3386 901
3192 2 2 1 49 899 3400 898
3193 2 2 1 49 3384 3385 49
3194 2 2 1 49 908 3387 907
3195 2 2 1 49 3380 3390 906
3196 2 2 1 49 900 3392 899
3197 2 2 1 49 910 3389 909
3198 2 2 1 49 906 3390 905
3199 2 2 1 49 3383 3387 908
3200 2 2 1 49 3378 3389 910
3201 2 2 1 49 3382 3392 900
3202 2 2 1 49 907 3387 3380
3203 2 2 1 49 3379 3388 897
3204 2 2 1 49 898 3400 3379
3205 2 2 1 49 904 3391 903
3206 2 2 1 49 3381 3391 904
3207 2 2 1 49 897 3388 896
3208 2 2 1 49 905 3390 3381
3209 2 2 1 49 903 3391 3377
3210 2 2 1 49 911 3385 3378
3211 2 2 1 49 3377 3386 902
3212 2 2 1 49 3397 3401 3398
3213 2 2 1 49 3381 3402 3396
3214 2 2 1 49 3398 3401 3378
3215 2 2 1 49 3392 3400 899
3216 2 2 1 49 3389 3401 3383
3217 2 2 1 49 3378 3401 3389
3218 2 2 1 49 3390 3402 3381
3219 2 2 1 49 3380 3402 3390
3220 2 2 1 50 3403 3422 3416
3221 2 2 1 50 3416 3422 3407
3222 2 2 1 50 3406 3423 3415
3223 2 2 1 50 3415 3423 3409
3224 2 2 1 50 3420 3422 3403
3225 2 2 1 50 3411 3424 3410
3226 2 2 1 50 3404 3424 3411
3227 2 2 1 50 3406 3428 3423
3228 2 2 1 50 3405 3425 3419
3229 2 2 1 50 50 3410 927
3230 2 2 1 50 3424 3425 3410
3231 2 2 1 50 915 3409 914
3232 2 2 1 50 923 3408 922
3233 2 2 1 50 917 3406 916
3234 2 2 1 50 926 3405 925
3235 2 2 1 50 913 3404 912
3236 2 2 1 50 921 3403 920
3237 2 2 1 50 919 3407 918
3238 2 2 1 50 3419 3426 3405
3239 2 2 1 50 3421 3423 3422
3240 2 2 1 50 3419 3425 3421
3241 2 2 1 50 3421 3422 3420
3242 2 2 1 50 3421 3424 3423
3243 2 2 1 50 3419 3421 3420
3244 2 2 1 50 3423 3428 3422
3245 2 2 1 50 3410 3425 3412
3246 2 2 1 50 3412 3425 3405
3247 2 2 1 50 3417 3420 3403
3248 2 2 1 50 3408 3420 3417
3249 2 2 1 50 3419 3420 3408
3250 2 2 1 50 3418 3426 3419
3251 2 2 1 50 3421 3425 3424
3252 2 2 1 50 3423 3427 3409
3253 2 2 1 50 3418 3419 3408
3254 2 2 1 50 3410 3412 927
3255 2 2 1 50 912 3411 50
3256 2 2 1 50 3409 3414 914
3257 2 2 1 50 925 3426 924
3258 2 2 1 50 918 3413 917
3259 2 2 1 50 50 3411 3410
3260 2 2 1 50 916 3415 915
3261 2 2 1 50 924 3418 923
3262 2 2 1 50 3408 3417 922
3263 2 2 1 50 917 3413 3406
3264 2 2 1 50 914 3414 913
3265 2 2 1 50 922 3417 921
3266 2 2 1 50 915 3415 3409
3267 2 2 1 50 926 3412 3405
3268 2 2 1 50 913 3414 3404
3269 2 2 1 50 3406 3415 916
3270 2 2 1 50 3405 3426 925
3271 2 2 1 50 920 3416 919
3272 2 2 1 50 923 3418 3408
3273 2 2 1 50 3403 3416 920
3274 2 2 1 50 927 3412 926
3275 2 2 1 50 3404 3411 912
3276 2 2 1 50 919 3416 3407
3277 2 2 1 50 921 3417 3403
3278 2 2 1 50 3407 3413 918
3279 2 2 1 50 3424 3427 3423
3280 2 2 1 50 3422 3428 3407
3281 2 2 1 50 3404 3427 3424
3282 2 2 1 50 924 3426 3418
3283 2 2 1 50 3409 3427 3414
3284 2 2 1 50 3414 3427 3404
3285 2 2 1 50 3407 3428 3413
3286 2 2 1 50 3413 3428 3406
3287 2 2 1 51 3440 3446 3432
3288 2 2 1 51 3430 3447 3440
3289 2 2 1 51 3432 3441 3440
3290 2 2 1 51 3435 3446 3440
3291 2 2 1 51 3440 3447 3435
3292 2 2 1 51 3430 3440 3438
3293 2 2 1 51 3429 3442 935
3294 2 2 1 51 3429 3443 3441
3295 2 2 1 51 935 3442 934
3296 2 2 1 51 934 3442 933
3297 2 2 1 51 3429 3448 3443
3298 2 2 1 51 933 3442 3432
3299 2 2 1 51 3441 3442 3429
3300 2 2 1 51 3432 3442 3441
3301 2 2 1 51 3443 3448 3434
3302 2 2 1 51 51 3433 943
3303 2 2 1 51 941 3431 940
3304 2 2 1 51 931 3435 930
3305 2 2 1 51 933 3432 932
3306 2 2 1 51 938 3434 937
3307 2 2 1 51 929 3430 928
3308 2 2 1 51 936 3429 935
3309 2 2 1 51 3431 3449 3437
3310 2 2 1 51 3440 3441 3439
3311 2 2 1 51 3438 3440 3439
3312 2 2 1 51 3438 3439 3437
3313 2 2 1 51 3437 3452 3431
3314 2 2 1 51 3441 3443 3439
3315 2 2 1 51 3434 3444 3443
3316 2 2 1 51 3438 3445 3430
3317 2 2 1 51 3433 3445 3438
3318 2 2 1 51 3433 3438 3437
3319 2 2 1 51 3444 3452 3443
3320 2 2 1 51 3443 3452 3439
3321 2 2 1 51 3437 3449 3436
3322 2 2 1 51 3433 3437 3436
3323 2 2 1 51 3433 3436 943
3324 2 2 1 51 928 3445 51
3325 2 2 1 51 3431 3452 3444
3326 2 2 1 51 51 3445 3433
3327 2 2 1 51 943 3436 942
3328 2 2 1 51 3430 3445 928
3329 2 2 1 51 3435 3447 930
3330 2 2 1 51 941 3449 3431
3331 2 2 1 51 932 3446 931
3332 2 2 1 51 942 3449 941
3333 2 2 1 51 930 3447 929
3334 2 2 1 51 931 3446 3435
3335 2 2 1 51 3431 3451 940
3336 2 2 1 51 3434 3448 937
3337 2 2 1 51 937 3448 936
3338 2 2 1 51 3432 3446 932
3339 2 2 1 51 929 3447 3430
3340 2 2 1 51 938 3450 3434
3341 2 2 1 51 936 3448 3429
3342 2 2 1 51 939 3450 938
3343 2 2 1 51 940 3451 939
3344 2 2 1 51 3439 3452 3437
3345 2 2 1 51 3434 3450 3444
3346 2 2 1 51 3444 3451 3431
3347 2 2 1 51 3436 3449 942
3348 2 2 1 51 3450 3451 3444
3349 2 2 1 51 939 3451 3450
3350 2 2 1 52 3464 3470 3456
3351 2 2 1 52 3454 3471 3464
3352 2 2 1 52 3456 3465 3464
3353 2 2 1 52 3459 3470 3464
3354 2 2 1 52 3464 3471 3459
3355 2 2 1 52 3454 3464 3462
3356 2 2 1 52 3453 3466 951
3357 2 2 1 52 3453 3467 3465
3358 2 2 1 52 951 3466 950
3359 2 2 1 52 950 3466 949
3360 2 2 1 52 3453 3472 3467
3361 2 2 1 52 949 3466 3456
3362 2 2 1 52 3465 3466 3453
3363 2 2 1 52 3456 3466 3465
3364 2 2 1 52 3467 3472 3458
3365 2 2 1 52 52 3457 959
3366 2 2 1 52 957 3455 956
3367 2 2 1 52 947 3459 946
3368 2 2 1 52 949 3456 948
3369 2 2 1 52 954 3458 953
3370 2 2 1 52 945 3454 944
3371 2 2 1 52 952 3453 951
3372 2 2 1 52 3455 3473 3461
3373 2 2 1 52 3464 3465 3463
3374 2 2 1 52 3462 3464 3463
3375 2 2 1 52 3462 3463 3461
3376 2 2 1 52 3461 3476 3455
3377 2 2 1 52 3465 3467 3463
3378 2 2 1 52 3458 3468 3467
3379 2 2 1 52 3462 3469 3454
3380 2 2 1 52 3457 3469 3462
3381 2 2 1 52 3457 3462 3461
3382 2 2 1 52 3468 3476 3467
3383 2 2 1 52 3467 3476 3463
3384 2 2 1 52 3461 3473 3460
3385 2 2 1 52 3457 3461 3460
3386 2 2 1 52 3457 3460 959
3387 2 2 1 52 944 3469 52
3388 2 2 1 52 3455 3476 3468
3389 2 2 1 52 52 3469 3457
3390 2 2 1 52 959 3460 958
3391 2 2 1 52 3454 3469 944
3392 2 2 1 52 3459 3471 946
3393 2 2 1 52 957 3473 3455
3394 2 2 1 52 948 3470 947
3395 2 2 1 52 958 3473 957
3396 2 2 1 52 946 3471 945
3397 2 2 1 52 947 3470 3459
3398 2 2 1 52 3455 3475 956
3399 2 2 1 52 3458 3472 953
3400 2 2 1 52 953 3472 952
3401 2 2 1 52 3456 3470 948
3402 2 2 1 52 945 3471 3454
3403 2 2 1 52 954 3474 3458
3404 2 2 1 52 952 3472 3453
3405 2 2 1 52 955 3474 954
3406 2 2 1 52 956 3475 955
3407 2 2 1 52 3463 3476 3461
3408 2 2 1 52 3458 3474 3468
3409 2 2 1 52 3468 3475 3455
3410 2 2 1 52 3460 3473 958
3411 2 2 1 52 3474 3475 3468
3412 2 2 1 52 955 3475 3474
3413 2 2 1 53 3488 3494 3480
3414 2 2 1 53 3478 3496 3488
3415 2 2 1 53 3480 3489 3488
3416 2 2 1 53 3483 3494 3488
3417 2 2 1 53 3488 3496 3483
3418 2 2 1 53 3478 3488 3486
3419 2 2 1 53 3477 3490 967
3420 2 2 1 53 3477 3491 3489
3421 2 2 1 53 967 3490 966
3422 2 2 1 53 3477 3495 3491
3423 2 2 1 53 966 3490 965
3424 2 2 1 53 965 3490 3480
3425 2 2 1 53 3489 3490 3477
3426 2 2 1 53 3480 3490 3489
3427 2 2 1 53 3491 3495 3482
3428 2 2 1 53 53 3481 975
3429 2 2 1 53 973 3479 972
3430 2 2 1 53 963 3483 962
3431 2 2 1 53 965 3480 964
3432 2 2 1 53 970 3482 969
3433 2 2 1 53 961 3478 960
3434 2 2 1 53 968 3477 967
3435 2 2 1 53 3479 3497 3485
3436 2 2 1 53 3488 3489 3487
3437 2 2 1 53 3486 3488 3487
3438 2 2 1 53 3486 3487 3485
3439 2 2 1 53 3485 3500 3479
3440 2 2 1 53 3489 3491 3487
3441 2 2 1 53 3482 3492 3491
3442 2 2 1 53 3486 3493 3478
3443 2 2 1 53 3481 3493 3486
3444 2 2 1 53 3481 3486 3485
3445 2 2 1 53 3492 3500 3491
3446 2 2 1 53 3491 3500 3487
3447 2 2 1 53 3485 3497 3484
3448 2 2 1 53 3481 3485 3484
3449 2 2 1 53 3481 3484 975
3450 2 2 1 53 960 3493 53
3451 2 2 1 53 3479 3500 3492
3452 2 2 1 53 53 3493 3481
3453 2 2 1 53 975 3484 974
3454 2 2 1 53 3478 3493 960
3455 2 2 1 53 3483 3496 962
3456 2 2 1 53 973 3497 3479
3457 2 2 1 53 964 3494 963
3458 2 2 1 53 974 3497 973
3459 2 2 1 53 962 3496 961
3460 2 2 1 53 963 3494 3483
3461 2 2 1 53 3482 3495 969
3462 2 2 1 53 3479 3499 972
3463 2 2 1 53 969 3495 968
3464 2 2 1 53 3480 3494 964
3465 2 2 1 53 961 3496 3478
3466 2 2 1 53 970 3498 3482
3467 2 2 1 53 968 3495 3477
3468 2 2 1 53 971 3498 970
3469 2 2 1 53 972 3499 971
3470 2 2 1 53 3487 3500 3485
3471 2 2 1 53 3482 3498 3492
3472 2 2 1 53 3492 3499 3479
3473 2 2 1 53 3484 3497 974
3474 2 2 1 53 3498 3499 3492
3475 2 2 1 53 971 3499 3498
3476 2 2 1 54 3501 3524 3519
3477 2 2 1 54 3519 3524 3505
3478 2 2 1 54 3511 3520 3504
3479 2 2 1 54 3507 3520 3511
3480 2 2 1 54 3501 3519 3517
3481 2 2 1 54 3508 3521 3509
3482 2 2 1 54 3509 3521 3502
3483 2 2 1 54 3520 3526 3504
3484 2 2 1 54 3516 3522 3503
3485 2 2 1 54 976 3508 54
3486 2 2 1 54 3508 3522 3521
3487 2 2 1 54 989 3507 988
3488 2 2 1 54 981 3506 980
3489 2 2 1 54 987 3504 986
3490 2 2 1 54 978 3503 977
3491 2 2 1 54 991 3502 990
3492 2 2 1 54 985 3505 984
3493 2 2 1 54 983 3501 982
3494 2 2 1 54 3503 3523 3516
3495 2 2 1 54 3519 3520 3518
3496 2 2 1 54 3518 3522 3516
3497 2 2 1 54 3517 3519 3518
3498 2 2 1 54 3520 3521 3518
3499 2 2 1 54 3517 3518 3516
3500 2 2 1 54 3519 3526 3520
3501 2 2 1 54 3510 3522 3508
3502 2 2 1 54 3503 3522 3510
3503 2 2 1 54 3513 3517 3506
3504 2 2 1 54 3501 3517 3513
3505 2 2 1 54 3506 3517 3516
3506 2 2 1 54 3516 3523 3515
3507 2 2 1 54 3521 3522 3518
3508 2 2 1 54 3507 3525 3520
3509 2 2 1 54 3506 3516 3515
3510 2 2 1 54 976 3510 3508
3511 2 2 1 54 54 3509 991
3512 2 2 1 54 989 3512 3507
3513 2 2 1 54 979 3523 978
3514 2 2 1 54 3508 3509 54
3515 2 2 1 54 988 3511 987
3516 2 2 1 54 982 3513 981
3517 2 2 1 54 981 3513 3506
3518 2 2 1 54 980 3515 979
3519 2 2 1 54 3504 3514 986
3520 2 2 1 54 990 3512 989
3521 2 2 1 54 986 3514 985
3522 2 2 1 54 3507 3511 988
3523 2 2 1 54 3503 3510 977
3524 2 2 1 54 3502 3512 990
3525 2 2 1 54 987 3511 3504
3526 2 2 1 54 978 3523 3503
3527 2 2 1 54 3506 3515 980
3528 2 2 1 54 984 3524 983
3529 2 2 1 54 3505 3524 984
3530 2 2 1 54 977 3510 976
3531 2 2 1 54 985 3514 3505
3532 2 2 1 54 991 3509 3502
3533 2 2 1 54 983 3524 3501
3534 2 2 1 54 3501 3513 982
3535 2 2 1 54 3520 3525 3521
3536 2 2 1 54 3505 3526 3519
3537 2 2 1 54 3521 3525 3502
3538 2 2 1 54 3515 3523 979
3539 2 2 1 54 3512 3525 3507
3540 2 2 1 54 3502 3525 3512
3541 2 2 1 54 3514 3526 3505
3542 2 2 1 54 3504 3526 3514
3543 2 2 1 55 3530 3544 3538
3544 2 2 1 55 3538 3546 3528
3545 2 2 1 55 3538 3539 3530
3546 2 2 1 55 3538 3544 3533
3547 2 2 1 55 3533 3546 3538
3548 2 2 1 55 3536 3538 3528
3549 2 2 1 55 1000 3540 3527
3550 2 2 1 55 3539 3541 3527
3551 2 2 1 55 1001 3540 1000
3552 2 2 1 55 3541 3545 3527
3553 2 2 1 55 1002 3540 1001
3554 2 2 1 55 3530 3540 1002
3555 2 2 1 55 3527 3540 3539
3556 2 2 1 55 3539 3540 3530
3557 2 2 1 55 3532 3545 3541
3558 2 2 1 55 992 3531 55
3559 2 2 1 55 995 3529 994
3560 2 2 1 55 1005 3533 1004
3561 2 2 1 55 1003 3530 1002
3562 2 2 1 55 998 3532 997
3563 2 2 1 55 1007 3528 1006
3564 2 2 1 55 1000 3527 999
3565 2 2 1 55 3535 3547 3529
3566 2 2 1 55 3537 3539 3538
3567 2 2 1 55 3537 3538 3536
3568 2 2 1 55 3535 3537 3536
3569 2 2 1 55 3529 3550 3535
3570 2 2 1 55 3537 3541 3539
3571 2 2 1 55 3541 3542 3532
3572 2 2 1 55 3528 3543 3536
3573 2 2 1 55 3536 3543 3531
3574 2 2 1 55 3535 3536 3531
3575 2 2 1 55 3541 3550 3542
3576 2 2 1 55 3537 3550 3541
3577 2 2 1 55 3534 3547 3535
3578 2 2 1 55 3534 3535 3531
3579 2 2 1 55 992 3534 3531
3580 2 2 1 55 55 3543 1007
3581 2 2 1 55 3542 3550 3529
3582 2 2 1 55 3531 3543 55
3583 2 2 1 55 993 3534 992
3584 2 2 1 55 1007 3543 3528
3585 2 2 1 55 1005 3546 3533
3586 2 2 1 55 3529 3547 994
3587 2 2 1 55 1004 3544 1003
3588 2 2 1 55 994 3547 993
3589 2 2 1 55 1006 3546 1005
3590 2 2 1 55 998 3545 3532
3591 2 2 1 55 3533 3544 1004
3592 2 2 1 55 995 3549 3529
3593 2 2 1 55 1003 3544 3530
3594 2 2 1 55 3528 3546 1006
3595 2 2 1 55 999 3545 998
3596 2 2 1 55 3527 3545 999
3597 2 2 1 55 3532 3548 997
3598 2 2 1 55 997 3548 996
3599 2 2 1 55 996 3549 995
3600 2 2 1 55 3535 3550 3537
3601 2 2 1 55 3542 3548 3532
3602 2 2 1 55 3529 3549 3542
3603 2 2 1 55 993 3547 3534
3604 2 2 1 55 3542 3549 3548
3605 2 2 1 55 3548 3549 996
3606 2 2 1 56 3551 3570 3565
3607 2 2 1 56 3565 3570 3555
3608 2 2 1 56 3554 3571 3561
3609 2 2 1 56 3561 3571 3557
3610 2 2 1 56 3568 3570 3551
3611 2 2 1 56 3559 3572 3558
3612 2 2 1 56 3552 3572 3559
3613 2 2 1 56 3554 3576 3571
3614 2 2 1 56 3553 3573 3567
3615 2 2 1 56 56 3558 1023
3616 2 2 1 56 3572 3573 3558
3617 2 2 1 56 1011 3557 1010
3618 2 2 1 56 1019 3556 1018
3619 2 2 1 56 1013 3554 1012
3620 2 2 1 56 1022 3553 1021
3621 2 2 1 56 1009 3552 1008
3622 2 2 1 56 1017 3551 1016
3623 2 2 1 56 1015 3555 1014
3624 2 2 1 56 3567 3574 3553
3625 2 2 1 56 3569 3571 3570
3626 2 2 1 56 3567 3573 3569
3627 2 2 1 56 3569 3570 3568
3628 2 2 1 56 3569 3572 3571
3629 2 2 1 56 3567 3569 3568
3630 2 2 1 56 3571 3576 3570
3631 2 2 1 56 3558 3573 3563
3632 2 2 1 56 3563 3573 3553
3633 2 2 1 56 3562 3568 3551
3634 2 2 1 56 3556 3568 3562
3635 2 2 1 56 3567 3568 3556
3636 2 2 1 56 3566 3574 3567
3637 2 2 1 56 3569 3573 3572
3638 2 2 1 56 3571 3575 3557
3639 2 2 1 56 3566 3567 3556
3640 2 2 1 56 3558 3563 1023
3641 2 2 1 56 1008 3559 56
3642 2 2 1 56 3557 3564 1010
3643 2 2 1 56 1021 3574 1020
3644 2 2 1 56 1014 3560 1013
3645 2 2 1 56 56 3559 3558
3646 2 2 1 56 3556 3562 1018
3647 2 2 1 56 1012 3561 1011
3648 2 2 1 56 1013 3560 3554
3649 2 2 1 56 1020 3566 1019
3650 2 2 1 56 1010 3564 1009
3651 2 2 1 56 1018 3562 1017
3652 2 2 1 56 1011 3561 3557
3653 2 2 1 56 1009 3564 3552
3654 2 2 1 56 1022 3563 3553
3655 2 2 1 56 3554 3561 1012
3656 2 2 1 56 1019 3566 3556
3657 2 2 1 56 1016 3565 1015
3658 2 2 1 56 3553 3574 1021
3659 2 2 1 56 3551 3565 1016
3660 2 2 1 56 1023 3563 1022
3661 2 2 1 56 1017 3562 3551
3662 2 2 1 56 1015 3565 3555
3663 2 2 1 56 3552 3559 1008
3664 2 2 1 56 3555 3560 1014
3665 2 2 1 56 3572 3575 3571
3666 2 2 1 56 3570 3576 3555
3667 2 2 1 56 3552 3575 3572
3668 2 2 1 56 1020 3574 3566
3669 2 2 1 56 3557 3575 3564
3670 2 2 1 56 3564 3575 3552
3671 2 2 1 56 3555 3576 3560
3672 2 2 1 56 3560 3576 3554
3673 2 2 1 57 3577 3600 3595
3674 2 2 1 57 3595 3600 3581
3675 2 2 1 57 3587 3596 3580
3676 2 2 1 57 3583 3596 3587
3677 2 2 1 57 3577 3595 3593
3678 2 2 1 57 3584 3597 3585
3679 2 2 1 57 3585 3597 3578
3680 2 2 1 57 3596 3602 3580
3681 2 2 1 57 3592 3598 3579
3682 2 2 1 57 1024 3584 57
3683 2 2 1 57 3584 3598 3597
3684 2 2 1 57 1037 3583 1036
3685 2 2 1 57 1029 3582 1028
3686 2 2 1 57 1035 3580 1034
3687 2 2 1 57 1026 3579 1025
3688 2 2 1 57 1039 3578 1038
3689 2 2 1 57 1033 3581 1032
3690 2 2 1 57 1031 3577 1030
3691 2 2 1 57 3579 3599 3592
3692 2 2 1 57 3595 3596 3594
3693 2 2 1 57 3594 3598 3592
3694 2 2 1 57 3593 3595 3594
3695 2 2 1 57 3596 3597 3594
3696 2 2 1 57 3593 3594 3592
3697 2 2 1 57 3595 3602 3596
3698 2 2 1 57 3586 3598 3584
3699 2 2 1 57 3579 3598 3586
3700 2 2 1 57 3577 3593 3589
3701 2 2 1 57 3589 3593 3582
3702 2 2 1 57 3582 3593 3592
3703 2 2 1 57 3592 3599 3591
3704 2 2 1 57 3597 3598 3594
3705 2 2 1 57 3583 3601 3596
3706 2 2 1 57 3582 3592 3591
3707 2 2 1 57 1024 3586 3584
3708 2 2 1 57 57 3585 1039
3709 2 2 1 57 1037 3588 3583
3710 2 2 1 57 1027 3599 1026
3711 2 2 1 57 3584 3585 57
3712 2 2 1 57 1030 3589 1029
3713 2 2 1 57 1036 3587 1035
3714 2 2 1 57 1029 3589 3582
3715 2 2 1 57 1028 3591 1027
3716 2 2 1 57 3580 3590 1034
3717 2 2 1 57 1038 3588 1037
3718 2 2 1 57 1034 3590 1033
3719 2 2 1 57 3583 3587 1036
3720 2 2 1 57 3579 3586 1025
3721 2 2 1 57 3578 3588 1038
3722 2 2 1 57 1035 3587 3580
3723 2 2 1 57 3582 3591 1028
3724 2 2 1 57 1026 3599 3579
3725 2 2 1 57 1032 3600 1031
3726 2 2 1 57 3581 3600 1032
3727 2 2 1 57 1025 3586 1024
3728 2 2 1 57 1033 3590 3581
3729 2 2 1 57 1039 3585 3578
3730 2 2 1 57 1031 3600 3577
3731 2 2 1 57 3577 3589 1030
3732 2 2 1 57 3596 3601 3597
3733 2 2 1 57 3581 3602 3595
3734 2 2 1 57 3597 3601 3578
3735 2 2 1 57 3591 3599 1027
3736 2 2 1 57 3588 3601 3583
3737 2 2 1 57 3578 3601 3588
3738 2 2 1 57 3590 3602 3581
3739 2 2 1 57 3580 3602 3590
3740 2 2 1 58 3614 3621 3606
3741 2 2 1 58 3604 3622 3614
3742 2 2 1 58 3606 3615 3614
3743 2 2 1 58 3609 3621 3614
3744 2 2 1 58 3614 3622 3609
3745 2 2 1 58 3604 3614 3612
3746 2 2 1 58 3603 3616 1047
3747 2 2 1 58 3603 3617 3615
3748 2 2 1 58 1047 3616 1046
3749 2 2 1 58 3603 3620 3617
3750 2 2 1 58 1046 3616 1045
3751 2 2 1 58 1045 3616 3606
3752 2 2 1 58 3615 3616 3603
3753 2 2 1 58 3606 3616 3615
3754 2 2 1 58 3617 3620 3608
3755 2 2 1 58 58 3607 1055
3756 2 2 1 58 1053 3605 1052
3757 2 2 1 58 1043 3609 1042
3758 2 2 1 58 1045 3606 1044
3759 2 2 1 58 1050 3608 1049
3760 2 2 1 58 1041 3604 1040
3761 2 2 1 58 1048 3603 1047
3762 2 2 1 58 3605 3623 3611
3763 2 2 1 58 3614 3615 3613
3764 2 2 1 58 3612 3614 3613
3765 2 2 1 58 3612 3613 3611
3766 2 2 1 58 3611 3626 3605
3767 2 2 1 58 3615 3617 3613
3768 2 2 1 58 3608 3618 3617
3769 2 2 1 58 3612 3619 3604
3770 2 2 1 58 3607 3619 3612
3771 2 2 1 58 3607 3612 3611
3772 2 2 1 58 3618 3626 3617
3773 2 2 1 58 3617 3626 3613
3774 2 2 1 58 3611 3623 3610
3775 2 2 1 58 3607 3611 3610
3776 2 2 1 58 3607 3610 1055
3777 2 2 1 58 1040 3619 58
3778 2 2 1 58 3605 3626 3618
3779 2 2 1 58 58 3619 3607
3780 2 2 1 58 1055 3610 1054
3781 2 2 1 58 3604 3619 1040
3782 2 2 1 58 3609 3622 1042
3783 2 2 1 58 1053 3623 3605
3784 2 2 1 58 1044 3621 1043
3785 2 2 1 58 1054 3623 1053
3786 2 2 1 58 3608 3620 1049
3787 2 2 1 58 1042 3622 1041
3788 2 2 1 58 1043 3621 3609
3789 2 2 1 58 3605 3625 1052
3790 2 2 1 58 1049 3620 1048
3791 2 2 1 58 3606 3621 1044
3792 2 2 1 58 1041 3622 3604
3793 2 2 1 58 1048 3620 3603
3794 2 2 1 58 1050 3624 3608
3795 2 2 1 58 1051 3624 1050
3796 2 2 1 58 1052 3625 1051
3797 2 2 1 58 3613 3626 3611
3798 2 2 1 58 3608 3624 3618
3799 2 2 1 58 3618 3625 3605
3800 2 2 1 58 3610 3623 1054
3801 2 2 1 58 3624 3625 3618
3802 2 2 1 58 1051 3625 3624
3803 2 2 1 59 3627 3645 3639
3804 2 2 1 59 3639 3645 3631
3805 2 2 1 59 3630 3646 3638
3806 2 2 1 59 3638 3646 3633
3807 2 2 1 59 3643 3645 3627
3808 2 2 1 59 3635 3647 3634
3809 2 2 1 59 3628 3647 3635
3810 2 2 1 59 3630 3652 3646
3811 2 2 1 59 3629 3648 3642
3812 2 2 1 59 59 3634 1071
3813 2 2 1 59 3647 3648 3634
3814 2 2 1 59 1059 3633 1058
3815 2 2 1 59 1067 3632 1066
3816 2 2 1 59 1070 3629 1069
3817 2 2 1 59 1061 3630 1060
3818 2 2 1 59 1057 3628 1056
3819 2 2 1 59 1063 3631 1062
3820 2 2 1 59 1065 3627 1064
3821 2 2 1 59 3642 3649 3629
3822 2 2 1 59 3644 3646 3645
3823 2 2 1 59 3642 3648 3644
3824 2 2 1 59 3644 3645 3643
3825 2 2 1 59 3644 3647 3646
3826 2 2 1 59 3642 3644 3643
3827 2 2 1 59 3646 3652 3645
3828 2 2 1 59 3634 3648 3636
3829 2 2 1 59 3636 3648 3629
3830 2 2 1 59 3643 3650 3632
3831 2 2 1 59 3627 3650 3643
3832 2 2 1 59 3642 3643 3632
3833 2 2 1 59 3641 3649 3642
3834 2 2 1 59 3644 3648 3647
3835 2 2 1 59 3646 3651 3633
3836 2 2 1 59 3641 3642 3632
3837 2 2 1 59 3634 3636 1071
3838 2 2 1 59 1056 3635 59
3839 2 2 1 59 3633 3637 1058
3840 2 2 1 59 1069 3649 1068
3841 2 2 1 59 59 3635 3634
3842 2 2 1 59 1060 3638 1059
3843 2 2 1 59 1068 3641 1067
3844 2 2 1 59 1058 3637 1057
3845 2 2 1 59 1061 3640 3630
3846 2 2 1 59 3632 3650 1066
3847 2 2 1 59 1062 3640 1061
3848 2 2 1 59 1059 3638 3633
3849 2 2 1 59 1066 3650 1065
3850 2 2 1 59 1070 3636 3629
3851 2 2 1 59 1057 3637 3628
3852 2 2 1 59 3629 3649 1069
3853 2 2 1 59 3630 3638 1060
3854 2 2 1 59 1064 3639 1063
3855 2 2 1 59 1067 3641 3632
3856 2 2 1 59 1071 3636 1070
3857 2 2 1 59 1063 3639 3631
3858 2 2 1 59 3627 3639 1064
3859 2 2 1 59 3628 3635 1056
3860 2 2 1 59 3631 3640 1062
3861 2 2 1 59 1065 3650 3627
3862 2 2 1 59 3647 3651 3646
3863 2 2 1 59 3645 3652 3631
3864 2 2 1 59 3628 3651 3647
3865 2 2 1 59 1068 3649 3641
3866 2 2 1 59 3633 3651 3637
3867 2 2 1 59 3637 3651 3628
3868 2 2 1 59 3631 3652 3640
3869 2 2 1 59 3640 3652 3630
3870 2 2 1 60 3664 3670 3656
3871 2 2 1 60 3654 3671 3664
3872 2 2 1 60 3656 3665 3664
3873 2 2 1 60 3659 3670 3664
3874 2 2 1 60 3664 3671 3659
3875 2 2 1 60 3654 3664 3662
3876 2 2 1 60 3653 3666 1079
3877 2 2 1 60 3653 3667 3665
3878 2 2 1 60 1079 3666 1078
3879 2 2 1 60 1078 3666 1077
3880 2 2 1 60 3653 3672 3667
3881 2 2 1 60 1077 3666 3656
3882 2 2 1 60 3665 3666 3653
3883 2 2 1 60 3656 3666 3665
3884 2 2 1 60 3667 3672 3658
3885 2 2 1 60 60 3657 1087
3886 2 2 1 60 1085 3655 1084
3887 2 2 1 60 1075 3659 1074
3888 2 2 1 60 1077 3656 1076
3889 2 2 1 60 1082 3658 1081
3890 2 2 1 60 1073 3654 1072
3891 2 2 1 60 1080 3653 1079
3892 2 2 1 60 3655 3673 3661
3893 2 2 1 60 3664 3665 3663
3894 2 2 1 60 3662 3664 3663
3895 2 2 1 60 3662 3663 3661
3896 2 2 1 60 3661 3676 3655
3897 2 2 1 60 3665 3667 3663
3898 2 2 1 60 3658 3668 3667
3899 2 2 1 60 3662 3669 3654
3900 2 2 1 60 3657 3669 3662
3901 2 2 1 60 3657 3662 3661
3902 2 2 1 60 3668 3676 3667
3903 2 2 1 60 3661 3673 3660
3904 2 2 1 60 3667 3676 3663
3905 2 2 1 60 3657 3661 3660
3906 2 2 1 60 3657 3660 1087
3907 2 2 1 60 1072 3669 60
3908 2 2 1 60 3655 3676 3668
3909 2 2 1 60 60 3669 3657
3910 2 2 1 60 1087 3660 1086
3911 2 2 1 60 3654 3669 1072
3912 2 2 1 60 3659 3671 1074
3913 2 2 1 60 1085 3673 3655
3914 2 2 1 60 1076 3670 1075
3915 2 2 1 60 1086 3673 1085
3916 2 2 1 60 1074 3671 1073
3917 2 2 1 60 1075 3670 3659
3918 2 2 1 60 3655 3675 1084
3919 2 2 1 60 3658 3672 1081
3920 2 2 1 60 1081 3672 1080
3921 2 2 1 60 3656 3670 1076
3922 2 2 1 60 1073 3671 3654
3923 2 2 1 60 1082 3674 3658
3924 2 2 1 60 1080 3672 3653
3925 2 2 1 60 1083 3674 1082
3926 2 2 1 60 1084 3675 1083
3927 2 2 1 60 3663 3676 3661
3928 2 2 1 60 3658 3674 3668
3929 2 2 1 60 3668 3675 3655
3930 2 2 1 60 3660 3673 1086
3931 2 2 1 60 3674 3675 3668
3932 2 2 1 60 1083 3675 3674
3933 2 2 1 61 3677 3695 3690
3934 2 2 1 61 3690 3695 3681
3935 2 2 1 61 3680 3696 3689
3936 2 2 1 61 3689 3696 3683
3937 2 2 1 61 3693 3695 3677
3938 2 2 1 61 3685 3697 3684
3939 2 2 1 61 3678 3697 3685
3940 2 2 1 61 3680 3702 3696
3941 2 2 1 61 3679 3698 3692
3942 2 2 1 61 61 3684 1103
3943 2 2 1 61 3697 3698 3684
3944 2 2 1 61 1091 3683 1090
3945 2 2 1 61 1099 3682 1098
3946 2 2 1 61 1093 3680 1092
3947 2 2 1 61 1102 3679 1101
3948 2 2 1 61 1089 3678 1088
3949 2 2 1 61 1097 3677 1096
3950 2 2 1 61 1095 3681 1094
3951 2 2 1 61 3692 3699 3679
3952 2 2 1 61 3694 3696 3695
3953 2 2 1 61 3692 3698 3694
3954 2 2 1 61 3694 3695 3693
3955 2 2 1 61 3694 3697 3696
3956 2 2 1 61 3692 3694 3693
3957 2 2 1 61 3696 3702 3695
3958 2 2 1 61 3684 3698 3686
3959 2 2 1 61 3686 3698 3679
3960 2 2 1 61 3677 3700 3693
3961 2 2 1 61 3693 3700 3682
3962 2 2 1 61 3692 3693 3682
3963 2 2 1 61 3691 3699 3692
3964 2 2 1 61 3694 3698 3697
3965 2 2 1 61 3696 3701 3683
3966 2 2 1 61 3691 3692 3682
3967 2 2 1 61 3684 3686 1103
3968 2 2 1 61 1088 3685 61
3969 2 2 1 61 3683 3688 1090
3970 2 2 1 61 1101 3699 1100
3971 2 2 1 61 1094 3687 1093
3972 2 2 1 61 61 3685 3684
3973 2 2 1 61 1092 3689 1091
3974 2 2 1 61 1100 3691 1099
3975 2 2 1 61 1093 3687 3680
3976 2 2 1 61 3682 3700 1098
3977 2 2 1 61 1090 3688 1089
3978 2 2 1 61 1098 3700 1097
3979 2 2 1 61 1091 3689 3683
3980 2 2 1 61 1102 3686 3679
3981 2 2 1 61 1089 3688 3678
3982 2 2 1 61 3679 3699 1101
3983 2 2 1 61 3680 3689 1092
3984 2 2 1 61 1096 3690 1095
3985 2 2 1 61 1099 3691 3682
3986 2 2 1 61 1103 3686 1102
3987 2 2 1 61 3677 3690 1096
3988 2 2 1 61 3678 3685 1088
3989 2 2 1 61 1095 3690 3681
3990 2 2 1 61 1097 3700 3677
3991 2 2 1 61 3681 3687 1094
3992 2 2 1 61 3697 3701 3696
3993 2 2 1 61 3695 3702 3681
3994 2 2 1 61 3678 3701 3697
3995 2 2 1 61 1100 3699 3691
3996 2 2 1 61 3683 3701 3688
3997 2 2 1 61 3688 3701 3678
3998 2 2 1 61 3681 3702 3687
3999 2 2 1 61 3687 3702 3680
4000 2 2 1 62 3706 3720 3714
4001 2 2 1 62 3714 3722 3704
4002 2 2 1 62 3714 3715 3706
4003 2 2 1 62 3714 3720 3709
4004 2 2 1 62 3709 3722 3714
4005 2 2 1 62 3712 3714 3704
4006 2 2 1 62 1112 3716 3703
4007 2 2 1 62 3715 3717 3703
4008 2 2 1 62 1113 3716 1112
4009 2 2 1 62 3717 3721 3703
4010 2 2 1 62 1114 3716 1113
4011 2 2 1 62 3706 3716 1114
4012 2 2 1 62 3703 3716 3715
4013 2 2 1 62 3715 3716 3706
4014 2 2 1 62 3708 3721 3717
4015 2 2 1 62 1104 3707 62
4016 2 2 1 62 1107 3705 1106
4017 2 2 1 62 1117 3709 1116
4018 2 2 1 62 1115 3706 1114
4019 2 2 1 62 1110 3708 1109
4020 2 2 1 62 1119 3704 1118
4021 2 2 1 62 1112 3703 1111
4022 2 2 1 62 3711 3723 3705
4023 2 2 1 62 3713 3715 3714
4024 2 2 1 62 3713 3714 3712
4025 2 2 1 62 3711 3713 3712
4026 2 2 1 62 3705 3726 3711
4027 2 2 1 62 3713 3717 3715
4028 2 2 1 62 3717 3718 3708
4029 2 2 1 62 3704 3719 3712
4030 2 2 1 62 3712 3719 3707
4031 2 2 1 62 3711 3712 3707
4032 2 2 1 62 3717 3726 3718
4033 2 2 1 62 3713 3726 3717
4034 2 2 1 62 3710 3723 3711
4035 2 2 1 62 3710 3711 3707
4036 2 2 1 62 1104 3710 3707
4037 2 2 1 62 62 3719 1119
4038 2 2 1 62 3718 3726 3705
4039 2 2 1 62 3707 3719 62
4040 2 2 1 62 1105 3710 1104
4041 2 2 1 62 1119 3719 3704
4042 2 2 1 62 1117 3722 3709
4043 2 2 1 62 3705 3723 1106
4044 2 2 1 62 1116 3720 1115
4045 2 2 1 62 1106 3723 1105
4046 2 2 1 62 1110 3721 3708
4047 2 2 1 62 1118 3722 1117
4048 2 2 1 62 3709 3720 1116
4049 2 2 1 62 1107 3725 3705
4050 2 2 1 62 1115 3720 3706
4051 2 2 1 62 3704 3722 1118
4052 2 2 1 62 1111 3721 1110
4053 2 2 1 62 3703 3721 1111
4054 2 2 1 62 3708 3724 1109
4055 2 2 1 62 1109 3724 1108
4056 2 2 1 62 1108 3725 1107
4057 2 2 1 62 3711 3726 3713
4058 2 2 1 62 3718 3724 3708
4059 2 2 1 62 3705 3725 3718
4060 2 2 1 62 1105 3723 3710
4061 2 2 1 62 3718 3725 3724
4062 2 2 1 62 3724 3725 1108
4063 2 2 1 63 3727 3750 3745
4064 2 2 1 63 3745 3750 3731
4065 2 2 1 63 3737 3746 3730
4066 2 2 1 63 3733 3746 3737
4067 2 2 1 63 3727 3745 3743
4068 2 2 1 63 3734 3747 3735
4069 2 2 1 63 3735 3747 3728
4070 2 2 1 63 3746 3752 3730
4071 2 2 1 63 3742 3748 3729
4072 2 2 1 63 1120 3734 63
4073 2 2 1 63 3734 3748 3747
4074 2 2 1 63 1133 3733 1132
4075 2 2 1 63 1125 3732 1124
4076 2 2 1 63 1131 3730 1130
4077 2 2 1 63 1122 3729 1121
4078 2 2 1 63 1135 3728 1134
4079 2 2 1 63 1129 3731 1128
4080 2 2 1 63 1127 3727 1126
4081 2 2 1 63 3729 3749 3742
4082 2 2 1 63 3745 3746 3744
4083 2 2 1 63 3744 3748 3742
4084 2 2 1 63 3743 3745 3744
4085 2 2 1 63 3746 3747 3744
4086 2 2 1 63 3743 3744 3742
4087 2 2 1 63 3745 3752 3746
4088 2 2 1 63 3736 3748 3734
4089 2 2 1 63 3729 3748 3736
4090 2 2 1 63 3727 3743 3739
4091 2 2 1 63 3739 3743 3732
4092 2 2 1 63 3732 3743 3742
4093 2 2 1 63 3742 3749 3741
4094 2 2 1 63 3747 3748 3744
4095 2 2 1 63 3733 3751 3746
4096 2 2 1 63 3732 3742 3741
4097 2 2 1 63 1120 3736 3734
4098 2 2 1 63 63 3735 1135
4099 2 2 1 63 1133 3738 3733
4100 2 2 1 63 1123 3749 1122
4101 2 2 1 63 3734 3735 63
4102 2 2 1 63 1126 3739 1125
4103 2 2 1 63 1132 3737 1131
4104 2 2 1 63 1125 3739 3732
4105 2 2 1 63 1124 3741 1123
4106 2 2 1 63 3730 3740 1130
4107 2 2 1 63 1134 3738 1133
4108 2 2 1 63 1130 3740 1129
4109 2 2 1 63 3733 3737 1132
4110 2 2 1 63 3729 3736 1121
4111 2 2 1 63 3728 3738 1134
4112 2 2 1 63 1131 3737 3730
4113 2 2 1 63 3732 3741 1124
4114 2 2 1 63 1122 3749 3729
4115 2 2 1 63 1128 3750 1127
4116 2 2 1 63 3731 3750 1128
4117 2 2 1 63 1121 3736 1120
4118 2 2 1 63 1129 3740 3731
4119 2 2 1 63 1135 3735 3728
4120 2 2 1 63 1127 3750 3727
4121 2 2 1 63 3727 3739 1126
4122 2 2 1 63 3746 3751 3747
4123 2 2 1 63 3731 3752 3745
4124 2 2 1 63 3747 3751 3728
4125 2 2 1 63 3741 3749 1123
4126 2 2 1 63 3738 3751 3733
4127 2 2 1 63 3728 3751 3738
4128 2 2 1 63 3740 3752 3731
4129 2 2 1 63 3730 3752 3740
4130 2 2 1 64 3756 3770 3764
4131 2 2 1 64 3764 3771 3754
4132 2 2 1 64 3764 3765 3756
4133 2 2 1 64 3764 3770 3759
4134 2 2 1 64 3759 3771 3764
4135 2 2 1 64 3762 3764 3754
4136 2 2 1 64 1144 3766 3753
4137 2 2 1 64 3765 3767 3753
4138 2 2 1 64 1145 3766 1144
4139 2 2 1 64 1146 3766 1145
4140 2 2 1 64 3767 3772 3753
4141 2 2 1 64 3756 3766 1146
4142 2 2 1 64 3753 3766 3765
4143 2 2 1 64 3765 3766 3756
4144 2 2 1 64 3758 3772 3767
4145 2 2 1 64 1136 3757 64
4146 2 2 1 64 1139 3755 1138
4147 2 2 1 64 1149 3759 1148
4148 2 2 1 64 1147 3756 1146
4149 2 2 1 64 1142 3758 1141
4150 2 2 1 64 1151 3754 1150
4151 2 2 1 64 1144 3753 1143
4152 2 2 1 64 3761 3773 3755
4153 2 2 1 64 3763 3765 3764
4154 2 2 1 64 3763 3764 3762
4155 2 2 1 64 3761 3763 3762
4156 2 2 1 64 3755 3776 3761
4157 2 2 1 64 3763 3767 3765
4158 2 2 1 64 3767 3768 3758
4159 2 2 1 64 3754 3769 3762
4160 2 2 1 64 3762 3769 3757
4161 2 2 1 64 3761 3762 3757
4162 2 2 1 64 3767 3776 3768
4163 2 2 1 64 3763 3776 3767
4164 2 2 1 64 3760 3773 3761
4165 2 2 1 64 3760 3761 3757
4166 2 2 1 64 1136 3760 3757
4167 2 2 1 64 64 3769 1151
4168 2 2 1 64 3768 3776 3755
4169 2 2 1 64 3757 3769 64
4170 2 2 1 64 1137 3760 1136
4171 2 2 1 64 1151 3769 3754
4172 2 2 1 64 1149 3771 3759
4173 2 2 1 64 3755 3773 1138
4174 2 2 1 64 1148 3770 1147
4175 2 2 1 64 1138 3773 1137
4176 2 2 1 64 1150 3771 1149
4177 2 2 1 64 3759 3770 1148
4178 2 2 1 64 1142 3772 3758
4179 2 2 1 64 1139 3775 3755
4180 2 2 1 64 1147 3770 3756
4181 2 2 1 64 3754 3771 1150
4182 2 2 1 64 1143 3772 1142
4183 2 2 1 64 3753 3772 1143
4184 2 2 1 64 3758 3774 1141
4185 2 2 1 64 1141 3774 1140
4186 2 2 1 64 1140 3775 1139
4187 2 2 1 64 3761 3776 3763
4188 2 2 1 64 3768 3774 3758
4189 2 2 1 64 3755 3775 3768
4190 2 2 1 64 1137 3773 3760
4191 2 2 1 64 3768 3775 3774
4192 2 2 1 64 3774 3775 1140
4193 2 2 1 65 3788 3794 3780
4194 2 2 1 65 3778 3796 3788
4195 2 2 1 65 3780 3789 3788
4196 2 2 1 65 3783 3794 3788
4197 2 2 1 65 3788 3796 3783
4198 2 2 1 65 3778 3788 3786
4199 2 2 1 65 3777 3790 1159
4200 2 2 1 65 3777 3791 3789
4201 2 2 1 65 1159 3790 1158
4202 2 2 1 65 3777 3795 3791
4203 2 2 1 65 1158 3790 1157
4204 2 2 1 65 1157 3790 3780
4205 2 2 1 65 3789 3790 3777
4206 2 2 1 65 3780 3790 3789
4207 2 2 1 65 3791 3795 3782
4208 2 2 1 65 65 3781 1167
4209 2 2 1 65 1165 3779 1164
4210 2 2 1 65 1155 3783 1154
4211 2 2 1 65 1157 3780 1156
4212 2 2 1 65 1162 3782 1161
4213 2 2 1 65 1153 3778 1152
4214 2 2 1 65 1160 3777 1159
4215 2 2 1 65 3779 3797 3785
4216 2 2 1 65 3788 3789 3787
4217 2 2 1 65 3786 3788 3787
4218 2 2 1 65 3786 3787 3785
4219 2 2 1 65 3785 3800 3779
4220 2 2 1 65 3789 3791 3787
4221 2 2 1 65 3782 3792 3791
4222 2 2 1 65 3786 3793 3778
4223 2 2 1 65 3781 3793 3786
4224 2 2 1 65 3781 3786 3785
4225 2 2 1 65 3792 3800 3791
4226 2 2 1 65 3791 3800 3787
4227 2 2 1 65 3785 3797 3784
4228 2 2 1 65 3781 3785 3784
4229 2 2 1 65 3781 3784 1167
4230 2 2 1 65 1152 3793 65
4231 2 2 1 65 3779 3800 3792
4232 2 2 1 65 65 3793 3781
4233 2 2 1 65 1167 3784 1166
4234 2 2 1 65 3778 3793 1152
4235 2 2 1 65 3783 3796 1154
4236 2 2 1 65 1165 3797 3779
4237 2 2 1 65 1156 3794 1155
4238 2 2 1 65 1166 3797 1165
4239 2 2 1 65 1154 3796 1153
4240 2 2 1 65 1155 3794 3783
4241 2 2 1 65 3782 3795 1161
4242 2 2 1 65 3779 3799 1164
4243 2 2 1 65 1161 3795 1160
4244 2 2 1 65 3780 3794 1156
4245 2 2 1 65 1153 3796 3778
4246 2 2 1 65 1162 3798 3782
4247 2 2 1 65 1160 3795 3777
4248 2 2 1 65 1163 3798 1162
4249 2 2 1 65 1164 3799 1163
4250 2 2 1 65 3787 3800 3785
4251 2 2 1 65 3782 3798 3792
4252 2 2 1 65 3792 3799 3779
4253 2 2 1 65 3784 3797 1166
4254 2 2 1 65 3798 3799 3792
4255 2 2 1 65 1163 3799 3798
4256 2 2 1 66 3801 3820 3810
4257 2 2 1 66 3810 3820 3805
4258 2 2 1 66 3804 3821 3812
4259 2 2 1 66 3812 3821 3807
4260 2 2 1 66 3818 3820 3801
4261 2 2 1 66 3809 3822 3808
4262 2 2 1 66 3802 3822 3809
4263 2 2 1 66 3804 3826 3821
4264 2 2 1 66 3803 3823 3817
4265 2 2 1 66 66 3808 1183
4266 2 2 1 66 3822 3823 3808
4267 2 2 1 66 1171 3807 1170
4268 2 2 1 66 1179 3806 1178
4269 2 2 1 66 1173 3804 1172
4270 2 2 1 66 1182 3803 1181
4271 2 2 1 66 1169 3802 1168
4272 2 2 1 66 1177 3801 1176
4273 2 2 1 66 1175 3805 1174
4274 2 2 1 66 3817 3824 3803
4275 2 2 1 66 3819 3821 3820
4276 2 2 1 66 3817 3823 3819
4277 2 2 1 66 3819 3820 3818
4278 2 2 1 66 3819 3822 3821
4279 2 2 1 66 3817 3819 3818
4280 2 2 1 66 3821 3826 3820
4281 2 2 1 66 3808 3823 3811
4282 2 2 1 66 3811 3823 3803
4283 2 2 1 66 3814 3818 3801
4284 2 2 1 66 3806 3818 3814
4285 2 2 1 66 3817 3818 3806
4286 2 2 1 66 3816 3824 3817
4287 2 2 1 66 3819 3823 3822
4288 2 2 1 66 3821 3825 3807
4289 2 2 1 66 3816 3817 3806
4290 2 2 1 66 3808 3811 1183
4291 2 2 1 66 1168 3809 66
4292 2 2 1 66 3807 3813 1170
4293 2 2 1 66 1181 3824 1180
4294 2 2 1 66 66 3809 3808
4295 2 2 1 66 1172 3812 1171
4296 2 2 1 66 3806 3814 1178
4297 2 2 1 66 1180 3816 1179
4298 2 2 1 66 1173 3815 3804
4299 2 2 1 66 1170 3813 1169
4300 2 2 1 66 1178 3814 1177
4301 2 2 1 66 1174 3815 1173
4302 2 2 1 66 1171 3812 3807
4303 2 2 1 66 1182 3811 3803
4304 2 2 1 66 1169 3813 3802
4305 2 2 1 66 3804 3812 1172
4306 2 2 1 66 3803 3824 1181
4307 2 2 1 66 1179 3816 3806
4308 2 2 1 66 1176 3810 1175
4309 2 2 1 66 3801 3810 1176
4310 2 2 1 66 1175 3810 3805
4311 2 2 1 66 1183 3811 1182
4312 2 2 1 66 1177 3814 3801
4313 2 2 1 66 3805 3815 1174
4314 2 2 1 66 3802 3809 1168
4315 2 2 1 66 3822 3825 3821
4316 2 2 1 66 3820 3826 3805
4317 2 2 1 66 3802 3825 3822
4318 2 2 1 66 1180 3824 3816
4319 2 2 1 66 3807 3825 3813
4320 2 2 1 66 3813 3825 3802
4321 2 2 1 66 3805 3826 3815
4322 2 2 1 66 3815 3826 3804
4323 2 2 1 67 3838 3844 3830
4324 2 2 1 67 3828 3845 3838
4325 2 2 1 67 3830 3839 3838
4326 2 2 1 67 3833 3844 3838
4327 2 2 1 67 3838 3845 3833
4328 2 2 1 67 3828 3838 3836
4329 2 2 1 67 3827 3840 1191
4330 2 2 1 67 3827 3841 3839
4331 2 2 1 67 1191 3840 1190
4332 2 2 1 67 1190 3840 1189
4333 2 2 1 67 3827 3846 3841
4334 2 2 1 67 1189 3840 3830
4335 2 2 1 67 3839 3840 3827
4336 2 2 1 67 3830 3840 3839
4337 2 2 1 67 3841 3846 3832
4338 2 2 1 67 67 3831 1199
4339 2 2 1 67 1197 3829 1196
4340 2 2 1 67 1187 3833 1186
4341 2 2 1 67 1189 3830 1188
4342 2 2 1 67 1194 3832 1193
4343 2 2 1 67 1185 3828 1184
4344 2 2 1 67 1192 3827 1191
4345 2 2 1 67 3829 3847 3835
4346 2 2 1 67 3838 3839 3837
4347 2 2 1 67 3836 3838 3837
4348 2 2 1 67 3836 3837 3835
4349 2 2 1 67 3835 3850 3829
4350 2 2 1 67 3839 3841 3837
4351 2 2 1 67 3832 3842 3841
4352 2 2 1 67 3836 3843 3828
4353 2 2 1 67 3831 3843 3836
4354 2 2 1 67 3831 3836 3835
4355 2 2 1 67 3842 3850 3841
4356 2 2 1 67 3835 3847 3834
4357 2 2 1 67 3841 3850 3837
4358 2 2 1 67 3831 3835 3834
4359 2 2 1 67 3831 3834 1199
4360 2 2 1 67 1184 3843 67
4361 2 2 1 67 3829 3850 3842
4362 2 2 1 67 67 3843 3831
4363 2 2 1 67 1199 3834 1198
4364 2 2 1 67 3828 3843 1184
4365 2 2 1 67 3833 3845 1186
4366 2 2 1 67 1197 3847 3829
4367 2 2 1 67 1188 3844 1187
4368 2 2 1 67 1198 3847 1197
4369 2 2 1 67 1186 3845 1185
4370 2 2 1 67 1187 3844 3833
4371 2 2 1 67 3829 3849 1196
4372 2 2 1 67 3832 3846 1193
4373 2 2 1 67 1193 3846 1192
4374 2 2 1 67 3830 3844 1188
4375 2 2 1 67 1185 3845 3828
4376 2 2 1 67 1194 3848 3832
4377 2 2 1 67 1192 3846 3827
4378 2 2 1 67 1195 3848 1194
4379 2 2 1 67 1196 3849 1195
4380 2 2 1 67 3837 3850 3835
4381 2 2 1 67 3832 3848 3842
4382 2 2 1 67 3842 3849 3829
4383 2 2 1 67 3834 3847 1198
4384 2 2 1 67 3848 3849 3842
4385 2 2 1 67 1195 3849 3848
4386 2 2 1 68 3851 3870 3863
4387 2 2 1 68 3863 3870 3855
4388 2 2 1 68 3854 3871 3862
4389 2 2 1 68 3862 3871 3857
4390 2 2 1 68 3868 3870 3851
4391 2 2 1 68 3859 3872 3858
4392 2 2 1 68 3852 3872 3859
4393 2 2 1 68 3854 3876 3871
4394 2 2 1 68 3853 3873 3867
4395 2 2 1 68 68 3858 1215
4396 2 2 1 68 3872 3873 3858
4397 2 2 1 68 1203 3857 1202
4398 2 2 1 68 1211 3856 1210
4399 2 2 1 68 1205 3854 1204
4400 2 2 1 68 1214 3853 1213
4401 2 2 1 68 1209 3851 1208
4402 2 2 1 68 1201 3852 1200
4403 2 2 1 68 1207 3855 1206
4404 2 2 1 68 3867 3874 3853
4405 2 2 1 68 3869 3871 3870
4406 2 2 1 68 3867 3873 3869
4407 2 2 1 68 3869 3870 3868
4408 2 2 1 68 3869 3872 3871
4409 2 2 1 68 3867 3869 3868
4410 2 2 1 68 3871 3876 3870
4411 2 2 1 68 3858 3873 3864
4412 2 2 1 68 3864 3873 3853
4413 2 2 1 68 3860 3868 3851
4414 2 2 1 68 3856 3868 3860
4415 2 2 1 68 3867 3868 3856
4416 2 2 1 68 3866 3874 3867
4417 2 2 1 68 3869 3873 3872
4418 2 2 1 68 3871 3875 3857
4419 2 2 1 68 3866 3867 3856
4420 2 2 1 68 3858 3864 1215
4421 2 2 1 68 1200 3859 68
4422 2 2 1 68 3857 3865 1202
4423 2 2 1 68 3856 3860 1210
4424 2 2 1 68 1206 3861 1205
4425 2 2 1 68 68 3859 3858
4426 2 2 1 68 1213 3874 1212
4427 2 2 1 68 1205 3861 3854
4428 2 2 1 68 1204 3862 1203
4429 2 2 1 68 1212 3866 1211
4430 2 2 1 68 1210 3860 1209
4431 2 2 1 68 1202 3865 1201
4432 2 2 1 68 1203 3862 3857
4433 2 2 1 68 3851 3863 1208
4434 2 2 1 68 1211 3866 3856
4435 2 2 1 68 3854 3862 1204
4436 2 2 1 68 1201 3865 3852
4437 2 2 1 68 1214 3864 3853
4438 2 2 1 68 1208 3863 1207
4439 2 2 1 68 3853 3874 1213
4440 2 2 1 68 1209 3860 3851
4441 2 2 1 68 1215 3864 1214
4442 2 2 1 68 1207 3863 3855
4443 2 2 1 68 3855 3861 1206
4444 2 2 1 68 3852 3859 1200
4445 2 2 1 68 3872 3875 3871
4446 2 2 1 68 3870 3876 3855
4447 2 2 1 68 3852 3875 3872
4448 2 2 1 68 1212 3874 3866
4449 2 2 1 68 3857 3875 3865
4450 2 2 1 68 3865 3875 3852
4451 2 2 1 68 3855 3876 3861
4452 2 2 1 68 3861 3876 3854
4453 2 2 1 69 3880 3894 3888
4454 2 2 1 69 3888 3895 3878
4455 2 2 1 69 3888 3889 3880
4456 2 2 1 69 3888 3894 3883
4457 2 2 1 69 3883 3895 3888
4458 2 2 1 69 3886 3888 3878
4459 2 2 1 69 1224 3890 3877
4460 2 2 1 69 3889 3891 3877
4461 2 2 1 69 1225 3890 1224
4462 2 2 1 69 1226 3890 1225
4463 2 2 1 69 3891 3896 3877
4464 2 2 1 69 3880 3890 1226
4465 2 2 1 69 3877 3890 3889
4466 2 2 1 69 3889 3890 3880
4467 2 2 1 69 3882 3896 3891
4468 2 2 1 69 1216 3881 69
4469 2 2 1 69 1219 3879 1218
4470 2 2 1 69 1229 3883 1228
4471 2 2 1 69 1227 3880 1226
4472 2 2 1 69 1222 3882 1221
4473 2 2 1 69 1231 3878 1230
4474 2 2 1 69 1224 3877 1223
4475 2 2 1 69 3885 3897 3879
4476 2 2 1 69 3887 3889 3888
4477 2 2 1 69 3887 3888 3886
4478 2 2 1 69 3885 3887 3886
4479 2 2 1 69 3879 3900 3885
4480 2 2 1 69 3887 3891 3889
4481 2 2 1 69 3891 3892 3882
4482 2 2 1 69 3878 3893 3886
4483 2 2 1 69 3886 3893 3881
4484 2 2 1 69 3885 3886 3881
4485 2 2 1 69 3891 3900 3892
4486 2 2 1 69 3887 3900 3891
4487 2 2 1 69 3884 3897 3885
4488 2 2 1 69 3884 3885 3881
4489 2 2 1 69 1216 3884 3881
4490 2 2 1 69 69 3893 1231
4491 2 2 1 69 3892 3900 3879
4492 2 2 1 69 3881 3893 69
4493 2 2 1 69 1217 3884 1216
4494 2 2 1 69 1231 3893 3878
4495 2 2 1 69 1229 3895 3883
4496 2 2 1 69 3879 3897 1218
4497 2 2 1 69 1228 3894 1227
4498 2 2 1 69 1218 3897 1217
4499 2 2 1 69 1230 3895 1229
4500 2 2 1 69 3883 3894 1228
4501 2 2 1 69 1222 3896 3882
4502 2 2 1 69 1219 3899 3879
4503 2 2 1 69 1227 3894 3880
4504 2 2 1 69 3878 3895 1230
4505 2 2 1 69 1223 3896 1222
4506 2 2 1 69 3877 3896 1223
4507 2 2 1 69 3882 3898 1221
4508 2 2 1 69 1221 3898 1220
4509 2 2 1 69 1220 3899 1219
4510 2 2 1 69 3885 3900 3887
4511 2 2 1 69 3892 3898 3882
4512 2 2 1 69 3879 3899 3892
4513 2 2 1 69 1217 3897 3884
4514 2 2 1 69 3892 3899 3898
4515 2 2 1 69 3898 3899 1220
4516 2 2 1 70 3901 3920 3915
4517 2 2 1 70 3915 3920 3905
4518 2 2 1 70 3904 3921 3912
4519 2 2 1 70 3912 3921 3907
4520 2 2 1 70 3918 3920 3901
4521 2 2 1 70 3909 3922 3908
4522 2 2 1 70 3902 3922 3909
4523 2 2 1 70 3904 3926 3921
4524 2 2 1 70 3903 3923 3917
4525 2 2 1 70 70 3908 1247
4526 2 2 1 70 3922 3923 3908
4527 2 2 1 70 1235 3907 1234
4528 2 2 1 70 1243 3906 1242
4529 2 2 1 70 1237 3904 1236
4530 2 2 1 70 1246 3903 1245
4531 2 2 1 70 1233 3902 1232
4532 2 2 1 70 1241 3901 1240
4533 2 2 1 70 1239 3905 1238
4534 2 2 1 70 3917 3924 3903
4535 2 2 1 70 3919 3921 3920
4536 2 2 1 70 3917 3923 3919
4537 2 2 1 70 3919 3920 3918
4538 2 2 1 70 3919 3922 3921
4539 2 2 1 70 3917 3919 3918
4540 2 2 1 70 3921 3926 3920
4541 2 2 1 70 3908 3923 3911
4542 2 2 1 70 3911 3923 3903
4543 2 2 1 70 3913 3918 3901
4544 2 2 1 70 3906 3918 3913
4545 2 2 1 70 3917 3918 3906
4546 2 2 1 70 3916 3924 3917
4547 2 2 1 70 3919 3923 3922
4548 2 2 1 70 3921 3925 3907
4549 2 2 1 70 3916 3917 3906
4550 2 2 1 70 3908 3911 1247
4551 2 2 1 70 1232 3909 70
4552 2 2 1 70 3907 3914 1234
4553 2 2 1 70 1245 3924 1244
4554 2 2 1 70 1238 3910 1237
4555 2 2 1 70 70 3909 3908
4556 2 2 1 70 1236 3912 1235
4557 2 2 1 70 3906 3913 1242
4558 2 2 1 70 1237 3910 3904
4559 2 2 1 70 1244 3916 1243
4560 2 2 1 70 1234 3914 1233
4561 2 2 1 70 1242 3913 1241
4562 2 2 1 70 1235 3912 3907
4563 2 2 1 70 1246 3911 3903
4564 2 2 1 70 1233 3914 3902
4565 2 2 1 70 3904 3912 1236
4566 2 2 1 70 1240 3915 1239
4567 2 2 1 70 1243 3916 3906
4568 2 2 1 70 3903 3924 1245
4569 2 2 1 70 3901 3915 1240
4570 2 2 1 70 1247 3911 1246
4571 2 2 1 70 1241 3913 3901
4572 2 2 1 70 1239 3915 3905
4573 2 2 1 70 3902 3909 1232
4574 2 2 1 70 3905 3910 1238
4575 2 2 1 70 3922 3925 3921
4576 2 2 1 70 3920 3926 3905
4577 2 2 1 70 3902 3925 3922
4578 2 2 1 70 1244 3924 3916
4579 2 2 1 70 3907 3925 3914
4580 2 2 1 70 3914 3925 3902
4581 2 2 1 70 3905 3926 3910
4582 2 2 1 70 3910 3926 3904
4583 2 2 1 71 3927 3950 3945
4584 2 2 1 71 3945 3950 3931
4585 2 2 1 71 3937 3946 3930
4586 2 2 1 71 3933 3946 3937
4587 2 2 1 71 3927 3945 3943
4588 2 2 1 71 3934 3947 3935
4589 2 2 1 71 3935 3947 3928
4590 2 2 1 71 3946 3952 3930
4591 2 2 1 71 3942 3948 3929
4592 2 2 1 71 1248 3934 71
4593 2 2 1 71 3934 3948 3947
4594 2 2 1 71 1261 3933 1260
4595 2 2 1 71 1253 3932 1252
4596 2 2 1 71 1259 3930 1258
4597 2 2 1 71 1250 3929 1249
4598 2 2 1 71 1263 3928 1262
4599 2 2 1 71 1257 3931 1256
4600 2 2 1 71 1255 3927 1254
4601 2 2 1 71 3929 3949 3942
4602 2 2 1 71 3945 3946 3944
4603 2 2 1 71 3944 3948 3942
4604 2 2 1 71 3943 3945 3944
4605 2 2 1 71 3946 3947 3944
4606 2 2 1 71 3943 3944 3942
4607 2 2 1 71 3945 3952 3946
4608 2 2 1 71 3936 3948 3934
4609 2 2 1 71 3929 3948 3936
4610 2 2 1 71 3927 3943 3939
4611 2 2 1 71 3939 3943 3932
4612 2 2 1 71 3932 3943 3942
4613 2 2 1 71 3942 3949 3941
4614 2 2 1 71 3947 3948 3944
4615 2 2 1 71 3933 3951 3946
4616 2 2 1 71 3932 3942 3941
4617 2 2 1 71 1248 3936 3934
4618 2 2 1 71 71 3935 1263
4619 2 2 1 71 1261 3938 3933
4620 2 2 1 71 1251 3949 1250
4621 2 2 1 71 3934 3935 71
4622 2 2 1 71 1254 3939 1253
4623 2 2 1 71 1260 3937 1259
4624 2 2 1 71 1253 3939 3932
4625 2 2 1 71 1252 3941 1251
4626 2 2 1 71 3930 3940 1258
4627 2 2 1 71 1262 3938 1261
4628 2 2 1 71 1258 3940 1257
4629 2 2 1 71 3933 3937 1260
4630 2 2 1 71 3929 3936 1249
4631 2 2 1 71 3928 3938 1262
4632 2 2 1 71 1259 3937 3930
4633 2 2 1 71 3932 3941 1252
4634 2 2 1 71 1250 3949 3929
4635 2 2 1 71 1256 3950 1255
4636 2 2 1 71 3931 3950 1256
4637 2 2 1 71 1249 3936 1248
4638 2 2 1 71 1257 3940 3931
4639 2 2 1 71 1263 3935 3928
4640 2 2 1 71 1255 3950 3927
4641 2 2 1 71 3927 3939 1254
4642 2 2 1 71 3946 3951 3947
4643 2 2 1 71 3931 3952 3945
4644 2 2 1 71 3947 3951 3928
4645 2 2 1 71 3941 3949 1251
4646 2 2 1 71 3938 3951 3933
4647 2 2 1 71 3928 3951 3938
4648 2 2 1 71 3940 3952 3931
4649 2 2 1 71 3930 3952 3940
4650 2 2 1 72 3964 3970 3956
4651 2 2 1 72 3954 3971 3964
4652 2 2 1 72 3956 3965 3964
4653 2 2 1 72 3959 3970 3964
4654 2 2 1 72 3964 3971 3959
4655 2 2 1 72 3954 3964 3962
4656 2 2 1 72 3953 3966 1271
4657 2 2 1 72 3953 3967 3965
4658 2 2 1 72 1271 3966 1270
4659 2 2 1 72 1270 3966 1269
4660 2 2 1 72 3953 3972 3967
4661 2 2 1 72 1269 3966 3956
4662 2 2 1 72 3965 3966 3953
4663 2 2 1 72 3956 3966 3965
4664 2 2 1 72 3967 3972 3958
4665 2 2 1 72 72 3957 1279
4666 2 2 1 72 1277 3955 1276
4667 2 2 1 72 1267 3959 1266
4668 2 2 1 72 1269 3956 1268
4669 2 2 1 72 1274 3958 1273
4670 2 2 1 72 1265 3954 1264
4671 2 2 1 72 1272 3953 1271
4672 2 2 1 72 3955 3973 3961
4673 2 2 1 72 3964 3965 3963
4674 2 2 1 72 3962 3964 3963
4675 2 2 1 72 3962 3963 3961
4676 2 2 1 72 3961 3976 3955
4677 2 2 1 72 3965 3967 3963
4678 2 2 1 72 3958 3968 3967
4679 2 2 1 72 3962 3969 3954
4680 2 2 1 72 3957 3969 3962
4681 2 2 1 72 3957 3962 3961
4682 2 2 1 72 3968 3976 3967
4683 2 2 1 72 3961 3973 3960
4684 2 2 1 72 3967 3976 3963
4685 2 2 1 72 3957 3961 3960
4686 2 2 1 72 3957 3960 1279
4687 2 2 1 72 1264 3969 72
4688 2 2 1 72 3955 3976 3968
4689 2 2 1 72 72 3969 3957
4690 2 2 1 72 1279 3960 1278
4691 2 2 1 72 3954 3969 1264
4692 2 2 1 72 3959 3971 1266
4693 2 2 1 72 1277 3973 3955
4694 2 2 1 72 1268 3970 1267
4695 2 2 1 72 1278 3973 1277
4696 2 2 1 72 1266 3971 1265
4697 2 2 1 72 1267 3970 3959
4698 2 2 1 72 3955 3975 1276
4699 2 2 1 72 3958 3972 1273
4700 2 2 1 72 1273 3972 1272
4701 2 2 1 72 3956 3970 1268
4702 2 2 1 72 1265 3971 3954
4703 2 2 1 72 1274 3974 3958
4704 2 2 1 72 1272 3972 3953
4705 2 2 1 72 1275 3974 1274
4706 2 2 1 72 1276 3975 1275
4707 2 2 1 72 3963 3976 3961
4708 2 2 1 72 3958 3974 3968
4709 2 2 1 72 3968 3975 3955
4710 2 2 1 72 3960 3973 1278
4711 2 2 1 72 3974 3975 3968
4712 2 2 1 72 1275 3975 3974
4713 2 2 1 73 3977 3995 3987
4714 2 2 1 73 3987 3995 3981
4715 2 2 1 73 3980 3996 3989
4716 2 2 1 73 3989 3996 3983
4717 2 2 1 73 3993 3995 3977
4718 2 2 1 73 3985 3997 3984
4719 2 2 1 73 3978 3997 3985
4720 2 2 1 73 3980 4002 3996
4721 2 2 1 73 3979 3998 3992
4722 2 2 1 73 73 3984 1295
4723 2 2 1 73 3997 3998 3984
4724 2 2 1 73 1283 3983 1282
4725 2 2 1 73 1291 3982 1290
4726 2 2 1 73 1285 3980 1284
4727 2 2 1 73 1294 3979 1293
4728 2 2 1 73 1281 3978 1280
4729 2 2 1 73 1287 3981 1286
4730 2 2 1 73 1289 3977 1288
4731 2 2 1 73 3992 3999 3979
4732 2 2 1 73 3994 3996 3995
4733 2 2 1 73 3992 3998 3994
4734 2 2 1 73 3994 3995 3993
4735 2 2 1 73 3994 3997 3996
4736 2 2 1 73 3992 3994 3993
4737 2 2 1 73 3996 4002 3995
4738 2 2 1 73 3984 3998 3986
4739 2 2 1 73 3986 3998 3979
4740 2 2 1 73 3977 4000 3993
4741 2 2 1 73 3993 4000 3982
4742 2 2 1 73 3992 3993 3982
4743 2 2 1 73 3991 3999 3992
4744 2 2 1 73 3994 3998 3997
4745 2 2 1 73 3996 4001 3983
4746 2 2 1 73 3991 3992 3982
4747 2 2 1 73 3984 3986 1295
4748 2 2 1 73 1280 3985 73
4749 2 2 1 73 3983 3988 1282
4750 2 2 1 73 1293 3999 1292
4751 2 2 1 73 73 3985 3984
4752 2 2 1 73 1284 3989 1283
4753 2 2 1 73 1292 3991 1291
4754 2 2 1 73 1282 3988 1281
4755 2 2 1 73 3982 4000 1290
4756 2 2 1 73 1285 3990 3980
4757 2 2 1 73 1286 3990 1285
4758 2 2 1 73 1290 4000 1289
4759 2 2 1 73 1283 3989 3983
4760 2 2 1 73 1294 3986 3979
4761 2 2 1 73 1281 3988 3978
4762 2 2 1 73 3979 3999 1293
4763 2 2 1 73 3980 3989 1284
4764 2 2 1 73 1291 3991 3982
4765 2 2 1 73 1288 3987 1287
4766 2 2 1 73 1295 3986 1294
4767 2 2 1 73 1287 3987 3981
4768 2 2 1 73 3977 3987 1288
4769 2 2 1 73 3978 3985 1280
4770 2 2 1 73 3981 3990 1286
4771 2 2 1 73 1289 4000 3977
4772 2 2 1 73 3997 4001 3996
4773 2 2 1 73 3995 4002 3981
4774 2 2 1 73 3978 4001 3997
4775 2 2 1 73 1292 3999 3991
4776 2 2 1 73 3983 4001 3988
4777 2 2 1 73 3988 4001 3978
4778 2 2 1 73 3981 4002 3990
4779 2 2 1 73 3990 4002 3980
4780 2 2 1 74 4003 4022 4012
4781 2 2 1 74 4012 4022 4007
4782 2 2 1 74 4006 4023 4014
4783 2 2 1 74 4014 4023 4009
4784 2 2 1 74 4020 4022 4003
4785 2 2 1 74 4011 4024 4010
4786 2 2 1 74 4004 4024 4011
4787 2 2 1 74 4006 4028 4023
4788 2 2 1 74 4005 4025 4019
4789 2 2 1 74 74 4010 1311
4790 2 2 1 74 4024 4025 4010
4791 2 2 1 74 1299 4009 1298
4792 2 2 1 74 1307 4008 1306
4793 2 2 1 74 1301 4006 1300
4794 2 2 1 74 1310 4005 1309
4795 2 2 1 74 1305 4003 1304
4796 2 2 1 74 1297 4004 1296
4797 2 2 1 74 1303 4007 1302
4798 2 2 1 74 4019 4026 4005
4799 2 2 1 74 4021 4023 4022
4800 2 2 1 74 4019 4025 4021
4801 2 2 1 74 4021 4022 4020
4802 2 2 1 74 4021 4024 4023
4803 2 2 1 74 4019 4021 4020
4804 2 2 1 74 4023 4028 4022
4805 2 2 1 74 4010 4025 4015
4806 2 2 1 74 4015 4025 4005
4807 2 2 1 74 4013 4020 4003
4808 2 2 1 74 4008 4020 4013
4809 2 2 1 74 4019 4020 4008
4810 2 2 1 74 4018 4026 4019
4811 2 2 1 74 4021 4025 4024
4812 2 2 1 74 4023 4027 4009
4813 2 2 1 74 4018 4019 4008
4814 2 2 1 74 4010 4015 1311
4815 2 2 1 74 1296 4011 74
4816 2 2 1 74 4009 4017 1298
4817 2 2 1 74 4008 4013 1306
4818 2 2 1 74 74 4011 4010
4819 2 2 1 74 1309 4026 1308
4820 2 2 1 74 1300 4014 1299
4821 2 2 1 74 1301 4016 4006
4822 2 2 1 74 1308 4018 1307
4823 2 2 1 74 1306 4013 1305
4824 2 2 1 74 1298 4017 1297
4825 2 2 1 74 1302 4016 1301
4826 2 2 1 74 1299 4014 4009
4827 2 2 1 74 4003 4012 1304
4828 2 2 1 74 1307 4018 4008
4829 2 2 1 74 4006 4014 1300
4830 2 2 1 74 1297 4017 4004
4831 2 2 1 74 1304 4012 1303
4832 2 2 1 74 1310 4015 4005
4833 2 2 1 74 1303 4012 4007
4834 2 2 1 74 4005 4026 1309
4835 2 2 1 74 1305 4013 4003
4836 2 2 1 74 1311 4015 1310
4837 2 2 1 74 4007 4016 1302
4838 2 2 1 74 4004 4011 1296
4839 2 2 1 74 4024 4027 4023
4840 2 2 1 74 4022 4028 4007
4841 2 2 1 74 4004 4027 4024
4842 2 2 1 74 1308 4026 4018
4843 2 2 1 74 4009 4027 4017
4844 2 2 1 74 4017 4027 4004
4845 2 2 1 74 4007 4028 4016
4846 2 2 1 74 4016 4028 4006
4847 2 2 1 75 4032 4046 4040
4848 2 2 1 75 4040 4047 4030
4849 2 2 1 75 4040 4041 4032
4850 2 2 1 75 4040 4046 4035
4851 2 2 1 75 4035 4047 4040
4852 2 2 1 75 4038 4040 4030
4853 2 2 1 75 1320 4042 4029
4854 2 2 1 75 4041 4043 4029
4855 2 2 1 75 1321 4042 1320
4856 2 2 1 75 1322 4042 1321
4857 2 2 1 75 4043 4048 4029
4858 2 2 1 75 4032 4042 1322
4859 2 2 1 75 4029 4042 4041
4860 2 2 1 75 4041 4042 4032
4861 2 2 1 75 4034 4048 4043
4862 2 2 1 75 1312 4033 75
4863 2 2 1 75 1315 4031 1314
4864 2 2 1 75 1325 4035 1324
4865 2 2 1 75 1323 4032 1322
4866 2 2 1 75 1318 4034 1317
4867 2 2 1 75 1327 4030 1326
4868 2 2 1 75 1320 4029 1319
4869 2 2 1 75 4037 4049 4031
4870 2 2 1 75 4039 4041 4040
4871 2 2 1 75 4039 4040 4038
4872 2 2 1 75 4037 4039 4038
4873 2 2 1 75 4031 4052 4037
4874 2 2 1 75 4039 4043 4041
4875 2 2 1 75 4043 4044 4034
4876 2 2 1 75 4030 4045 4038
4877 2 2 1 75 4038 4045 4033
4878 2 2 1 75 4037 4038 4033
4879 2 2 1 75 4043 4052 4044
4880 2 2 1 75 4039 4052 4043
4881 2 2 1 75 4036 4049 4037
4882 2 2 1 75 4036 4037 4033
4883 2 2 1 75 1312 4036 4033
4884 2 2 1 75 75 4045 1327
4885 2 2 1 75 4044 4052 4031
4886 2 2 1 75 4033 4045 75
4887 2 2 1 75 1313 4036 1312
4888 2 2 1 75 1327 4045 4030
4889 2 2 1 75 1325 4047 4035
4890 2 2 1 75 4031 4049 1314
4891 2 2 1 75 1324 4046 1323
4892 2 2 1 75 1314 4049 1313
4893 2 2 1 75 1326 4047 1325
4894 2 2 1 75 4035 4046 1324
4895 2 2 1 75 1315 4051 4031
4896 2 2 1 75 1318 4048 4034
4897 2 2 1 75 1323 4046 4032
4898 2 2 1 75 4030 4047 1326
4899 2 2 1 75 1319 4048 1318
4900 2 2 1 75 4029 4048 1319
4901 2 2 1 75 4034 4050 1317
4902 2 2 1 75 1317 4050 1316
4903 2 2 1 75 1316 4051 1315
4904 2 2 1 75 4037 4052 4039
4905 2 2 1 75 4044 4050 4034
4906 2 2 1 75 4031 4051 4044
4907 2 2 1 75 1313 4049 4036
4908 2 2 1 75 4044 4051 4050
4909 2 2 1 75 4050 4051 1316
4910 2 2 1 76 4056 4070 4064
4911 2 2 1 76 4064 4072 4054
4912 2 2 1 76 4064 4065 4056
4913 2 2 1 76 4064 4070 4059
4914 2 2 1 76 4059 4072 4064
4915 2 2 1 76 4062 4064 4054
4916 2 2 1 76 1336 4066 4053
4917 2 2 1 76 4065 4067 4053
4918 2 2 1 76 1337 4066 1336
4919 2 2 1 76 4067 4071 4053
4920 2 2 1 76 1338 4066 1337
4921 2 2 1 76 4056 4066 1338
4922 2 2 1 76 4053 4066 4065
4923 2 2 1 76 4065 4066 4056
4924 2 2 1 76 4058 4071 4067
4925 2 2 1 76 1328 4057 76
4926 2 2 1 76 1331 4055 1330
4927 2 2 1 76 1341 4059 1340
4928 2 2 1 76 1339 4056 1338
4929 2 2 1 76 1334 4058 1333
4930 2 2 1 76 1343 4054 1342
4931 2 2 1 76 1336 4053 1335
4932 2 2 1 76 4061 4073 4055
4933 2 2 1 76 4063 4065 4064
4934 2 2 1 76 4063 4064 4062
4935 2 2 1 76 4061 4063 4062
4936 2 2 1 76 4055 4076 4061
4937 2 2 1 76 4063 4067 4065
4938 2 2 1 76 4067 4068 4058
4939 2 2 1 76 4054 4069 4062
4940 2 2 1 76 4062 4069 4057
4941 2 2 1 76 4061 4062 4057
4942 2 2 1 76 4067 4076 4068
4943 2 2 1 76 4063 4076 4067
4944 2 2 1 76 4060 4073 4061
4945 2 2 1 76 4060 4061 4057
4946 2 2 1 76 1328 4060 4057
4947 2 2 1 76 76 4069 1343
4948 2 2 1 76 4068 4076 4055
4949 2 2 1 76 4057 4069 76
4950 2 2 1 76 1329 4060 1328
4951 2 2 1 76 1343 4069 4054
4952 2 2 1 76 1341 4072 4059
4953 2 2 1 76 4055 4073 1330
4954 2 2 1 76 1340 4070 1339
4955 2 2 1 76 1330 4073 1329
4956 2 2 1 76 1334 4071 4058
4957 2 2 1 76 1342 4072 1341
4958 2 2 1 76 4059 4070 1340
4959 2 2 1 76 1331 4075 4055
4960 2 2 1 76 1339 4070 4056
4961 2 2 1 76 4054 4072 1342
4962 2 2 1 76 1335 4071 1334
4963 2 2 1 76 4053 4071 1335
4964 2 2 1 76 4058 4074 1333
4965 2 2 1 76 1333 4074 1332
4966 2 2 1 76 1332 4075 1331
4967 2 2 1 76 4061 4076 4063
4968 2 2 1 76 4068 4074 4058
4969 2 2 1 76 4055 4075 4068
4970 2 2 1 76 1329 4073 4060
4971 2 2 1 76 4068 4075 4074
4972 2 2 1 76 4074 4075 1332
4973 2 2 1 77 4077 4096 4091
4974 2 2 1 77 4091 4096 4081
4975 2 2 1 77 4080 4097 4088
4976 2 2 1 77 4088 4097 4083
4977 2 2 1 77 4094 4096 4077
4978 2 2 1 77 4085 4098 4084
4979 2 2 1 77 4078 4098 4085
4980 2 2 1 77 4080 4102 4097
4981 2 2 1 77 4079 4099 4093
4982 2 2 1 77 77 4084 1359
4983 2 2 1 77 4098 4099 4084
4984 2 2 1 77 1347 4083 1346
4985 2 2 1 77 1355 4082 1354
4986 2 2 1 77 1349 4080 1348
4987 2 2 1 77 1358 4079 1357
4988 2 2 1 77 1345 4078 1344
4989 2 2 1 77 1353 4077 1352
4990 2 2 1 77 1351 4081 1350
4991 2 2 1 77 4093 4100 4079
4992 2 2 1 77 4095 4097 4096
4993 2 2 1 77 4093 4099 4095
4994 2 2 1 77 4095 4096 4094
4995 2 2 1 77 4095 4098 4097
4996 2 2 1 77 4093 4095 4094
4997 2 2 1 77 4097 4102 4096
4998 2 2 1 77 4084 4099 4087
4999 2 2 1 77 4087 4099 4079
5000 2 2 1 77 4089 4094 4077
5001 2 2 1 77 4082 4094 4089
5002 2 2 1 77 4093 4094 4082
5003 2 2 1 77 4092 4100 4093
5004 2 2 1 77 4095 4099 4098
5005 2 2 1 77 4097 4101 4083
5006 2 2 1 77 4092 4093 4082
5007 2 2 1 77 4084 4087 1359
5008 2 2 1 77 1344 4085 77
5009 2 2 1 77 4083 4090 1346
5010 2 2 1 77 1357 4100 1356
5011 2 2 1 77 1350 4086 1349
5012 2 2 1 77 77 4085 4084
5013 2 2 1 77 1348 4088 1347
5014 2 2 1 77 4082 4089 1354
5015 2 2 1 77 1349 4086 4080
5016 2 2 1 77 1356 4092 1355
5017 2 2 1 77 1346 4090 1345
5018 2 2 1 77 1354 4089 1353
5019 2 2 1 77 1347 4088 4083
5020 2 2 1 77 1358 4087 4079
5021 2 2 1 77 1345 4090 4078
5022 2 2 1 77 4080 4088 1348
5023 2 2 1 77 1352 4091 1351
5024 2 2 1 77 1355 4092 4082
5025 2 2 1 77 4079 4100 1357
5026 2 2 1 77 4077 4091 1352
5027 2 2 1 77 1359 4087 1358
5028 2 2 1 77 1353 4089 4077
5029 2 2 1 77 1351 4091 4081
5030 2 2 1 77 4078 4085 1344
5031 2 2 1 77 4081 4086 1350
5032 2 2 1 77 4098 4101 4097
5033 2 2 1 77 4096 4102 4081
5034 2 2 1 77 4078 4101 4098
5035 2 2 1 77 1356 4100 4092
5036 2 2 1 77 4083 4101 4090
5037 2 2 1 77 4090 4101 4078
5038 2 2 1 77 4081 4102 4086
5039 2 2 1 77 4086 4102 4080
5040 2 2 1 78 4103 4122 4116
5041 2 2 1 78 4116 4122 4107
5042 2 2 1 78 4106 4123 4115
5043 2 2 1 78 4115 4123 4109
5044 2 2 1 78 4120 4122 4103
5045 2 2 1 78 4111 4124 4110
5046 2 2 1 78 4104 4124 4111
5047 2 2 1 78 4106 4128 4123
5048 2 2 1 78 4105 4125 4119
5049 2 2 1 78 78 4110 1375
5050 2 2 1 78 4124 4125 4110
5051 2 2 1 78 1363 4109 1362
5052 2 2 1 78 1371 4108 1370
5053 2 2 1 78 1365 4106 1364
5054 2 2 1 78 1374 4105 1373
5055 2 2 1 78 1361 4104 1360
5056 2 2 1 78 1369 4103 1368
5057 2 2 1 78 1367 4107 1366
5058 2 2 1 78 4119 4126 4105
5059 2 2 1 78 4121 4123 4122
5060 2 2 1 78 4119 4125 4121
5061 2 2 1 78 4121 4122 4120
5062 2 2 1 78 4121 4124 4123
5063 2 2 1 78 4119 4121 4120
5064 2 2 1 78 4123 4128 4122
5065 2 2 1 78 4110 4125 4112
5066 2 2 1 78 4112 4125 4105
5067 2 2 1 78 4117 4120 4103
5068 2 2 1 78 4108 4120 4117
5069 2 2 1 78 4119 4120 4108
5070 2 2 1 78 4118 4126 4119
5071 2 2 1 78 4121 4125 4124
5072 2 2 1 78 4123 4127 4109
5073 2 2 1 78 4118 4119 4108
5074 2 2 1 78 4110 4112 1375
5075 2 2 1 78 1360 4111 78
5076 2 2 1 78 4109 4114 1362
5077 2 2 1 78 1373 4126 1372
5078 2 2 1 78 1366 4113 1365
5079 2 2 1 78 78 4111 4110
5080 2 2 1 78 1364 4115 1363
5081 2 2 1 78 1372 4118 1371
5082 2 2 1 78 4108 4117 1370
5083 2 2 1 78 1365 4113 4106
5084 2 2 1 78 1362 4114 1361
5085 2 2 1 78 1370 4117 1369
5086 2 2 1 78 1363 4115 4109
5087 2 2 1 78 1374 4112 4105
5088 2 2 1 78 1361 4114 4104
5089 2 2 1 78 4106 4115 1364
5090 2 2 1 78 4105 4126 1373
5091 2 2 1 78 1368 4116 1367
5092 2 2 1 78 1371 4118 4108
5093 2 2 1 78 4103 4116 1368
5094 2 2 1 78 1375 4112 1374
5095 2 2 1 78 4104 4111 1360
5096 2 2 1 78 1367 4116 4107
5097 2 2 1 78 1369 4117 4103
5098 2 2 1 78 4107 4113 1366
5099 2 2 1 78 4124 4127 4123
5100 2 2 1 78 4122 4128 4107
5101 2 2 1 78 4104 4127 4124
5102 2 2 1 78 1372 4126 4118
5103 2 2 1 78 4109 4127 4114
5104 2 2 1 78 4114 4127 4104
5105 2 2 1 78 4107 4128 4113
5106 2 2 1 78 4113 4128 4106
5107 2 2 1 79 4140 4146 4132
5108 2 2 1 79 4130 4147 4140
5109 2 2 1 79 4132 4141 4140
5110 2 2 1 79 4135 4146 4140
5111 2 2 1 79 4140 4147 4135
5112 2 2 1 79 4130 4140 4138
5113 2 2 1 79 4129 4142 1383
5114 2 2 1 79 4129 4143 4141
5115 2 2 1 79 1383 4142 1382
5116 2 2 1 79 1382 4142 1381
5117 2 2 1 79 4129 4148 4143
5118 2 2 1 79 1381 4142 4132
5119 2 2 1 79 4141 4142 4129
5120 2 2 1 79 4132 4142 4141
5121 2 2 1 79 4143 4148 4134
5122 2 2 1 79 79 4133 1391
5123 2 2 1 79 1389 4131 1388
5124 2 2 1 79 1379 4135 1378
5125 2 2 1 79 1381 4132 1380
5126 2 2 1 79 1386 4134 1385
5127 2 2 1 79 1377 4130 1376
5128 2 2 1 79 1384 4129 1383
5129 2 2 1 79 4131 4149 4137
5130 2 2 1 79 4140 4141 4139
5131 2 2 1 79 4138 4140 4139
5132 2 2 1 79 4138 4139 4137
5133 2 2 1 79 4137 4152 4131
5134 2 2 1 79 4141 4143 4139
5135 2 2 1 79 4134 4144 4143
5136 2 2 1 79 4138 4145 4130
5137 2 2 1 79 4133 4145 4138
5138 2 2 1 79 4133 4138 4137
5139 2 2 1 79 4144 4152 4143
5140 2 2 1 79 4137 4149 4136
5141 2 2 1 79 4143 4152 4139
5142 2 2 1 79 4133 4137 4136
5143 2 2 1 79 4133 4136 1391
5144 2 2 1 79 1376 4145 79
5145 2 2 1 79 4131 4152 4144
5146 2 2 1 79 79 4145 4133
5147 2 2 1 79 1391 4136 1390
5148 2 2 1 79 4130 4145 1376
5149 2 2 1 79 4135 4147 1378
5150 2 2 1 79 1389 4149 4131
5151 2 2 1 79 1380 4146 1379
5152 2 2 1 79 1390 4149 1389
5153 2 2 1 79 1378 4147 1377
5154 2 2 1 79 1379 4146 4135
5155 2 2 1 79 4131 4151 1388
5156 2 2 1 79 4134 4148 1385
5157 2 2 1 79 1385 4148 1384
5158 2 2 1 79 4132 4146 1380
5159 2 2 1 79 1377 4147 4130
5160 2 2 1 79 1386 4150 4134
5161 2 2 1 79 1384 4148 4129
5162 2 2 1 79 1387 4150 1386
5163 2 2 1 79 1388 4151 1387
5164 2 2 1 79 4139 4152 4137
5165 2 2 1 79 4134 4150 4144
5166 2 2 1 79 4144 4151 4131
5167 2 2 1 79 4136 4149 1390
5168 2 2 1 79 4150 4151 4144
5169 2 2 1 79 1387 4151 4150
5170 2 2 1 80 4164 4170 4156
5171 2 2 1 80 4154 4172 4164
5172 2 2 1 80 4156 4165 4164
5173 2 2 1 80 4159 4170 4164
5174 2 2 1 80 4164 4172 4159
5175 2 2 1 80 4154 4164 4162
5176 2 2 1 80 4153 4166 1399
5177 2 2 1 80 4153 4167 4165
5178 2 2 1 80 1399 4166 1398
5179 2 2 1 80 1398 4166 1397
5180 2 2 1 80 4153 4171 4167
5181 2 2 1 80 1397 4166 4156
5182 2 2 1 80 4165 4166 4153
5183 2 2 1 80 4156 4166 4165
5184 2 2 1 80 4167 4171 4158
5185 2 2 1 80 80 4157 1407
5186 2 2 1 80 1405 4155 1404
5187 2 2 1 80 1395 4159 1394
5188 2 2 1 80 1397 4156 1396
5189 2 2 1 80 1402 4158 1401
5190 2 2 1 80 1393 4154 1392
5191 2 2 1 80 1400 4153 1399
5192 2 2 1 80 4155 4173 4161
5193 2 2 1 80 4164 4165 4163
5194 2 2 1 80 4162 4164 4163
5195 2 2 1 80 4162 4163 4161
5196 2 2 1 80 4161 4176 4155
5197 2 2 1 80 4165 4167 4163
5198 2 2 1 80 4158 4168 4167
5199 2 2 1 80 4162 4169 4154
5200 2 2 1 80 4157 4169 4162
5201 2 2 1 80 4157 4162 4161
5202 2 2 1 80 4168 4176 4167
5203 2 2 1 80 4167 4176 4163
5204 2 2 1 80 4161 4173 4160
5205 2 2 1 80 4157 4161 4160
5206 2 2 1 80 4157 4160 1407
5207 2 2 1 80 1392 4169 80
5208 2 2 1 80 4155 4176 4168
5209 2 2 1 80 80 4169 4157
5210 2 2 1 80 1407 4160 1406
5211 2 2 1 80 4154 4169 1392
5212 2 2 1 80 4159 4172 1394
5213 2 2 1 80 1405 4173 4155
5214 2 2 1 80 1396 4170 1395
5215 2 2 1 80 1406 4173 1405
5216 2 2 1 80 1394 4172 1393
5217 2 2 1 80 1395 4170 4159
5218 2 2 1 80 4158 4171 1401
5219 2 2 1 80 4155 4175 1404
5220 2 2 1 80 1401 4171 1400
5221 2 2 1 80 4156 4170 1396
5222 2 2 1 80 1393 4172 4154
5223 2 2 1 80 1402 4174 4158
5224 2 2 1 80 1400 4171 4153
5225 2 2 1 80 1403 4174 1402
5226 2 2 1 80 1404 4175 1403
5227 2 2 1 80 4163 4176 4161
5228 2 2 1 80 4158 4174 4168
5229 2 2 1 80 4168 4175 4155
5230 2 2 1 80 4160 4173 1406
5231 2 2 1 80 4174 4175 4168
5232 2 2 1 80 1403 4175 4174
5233 2 2 1 81 4188 4194 4180
5234 2 2 1 81 4178 4196 4188
5235 2 2 1 81 4180 4189 4188
5236 2 2 1 81 4183 4194 4188
5237 2 2 1 81 4188 4196 4183
5238 2 2 1 81 4178 4188 4186
5239 2 2 1 81 4177 4190 1415
5240 2 2 1 81 4177 4191 4189
5241 2 2 1 81 1415 4190 1414
5242 2 2 1 81 1414 4190 1413
5243 2 2 1 81 4177 4195 4191
5244 2 2 1 81 1413 4190 4180
5245 2 2 1 81 4189 4190 4177
5246 2 2 1 81 4180 4190 4189
5247 2 2 1 81 4191 4195 4182
5248 2 2 1 81 81 4181 1423
5249 2 2 1 81 1421 4179 1420
5250 2 2 1 81 1411 4183 1410
5251 2 2 1 81 1413 4180 1412
5252 2 2 1 81 1418 4182 1417
5253 2 2 1 81 1409 4178 1408
5254 2 2 1 81 1416 4177 1415
5255 2 2 1 81 4179 4197 4185
5256 2 2 1 81 4188 4189 4187
5257 2 2 1 81 4186 4188 4187
5258 2 2 1 81 4186 4187 4185
5259 2 2 1 81 4185 4200 4179
5260 2 2 1 81 4189 4191 4187
5261 2 2 1 81 4182 4192 4191
5262 2 2 1 81 4186 4193 4178
5263 2 2 1 81 4181 4193 4186
5264 2 2 1 81 4181 4186 4185
5265 2 2 1 81 4192 4200 4191
5266 2 2 1 81 4191 4200 4187
5267 2 2 1 81 4185 4197 4184
5268 2 2 1 81 4181 4185 4184
5269 2 2 1 81 4181 4184 1423
5270 2 2 1 81 1408 4193 81
5271 2 2 1 81 4179 4200 4192
5272 2 2 1 81 81 4193 4181
5273 2 2 1 81 1423 4184 1422
5274 2 2 1 81 4178 4193 1408
5275 2 2 1 81 4183 4196 1410
5276 2 2 1 81 1421 4197 4179
5277 2 2 1 81 1412 4194 1411
5278 2 2 1 81 1422 4197 1421
5279 2 2 1 81 1410 4196 1409
5280 2 2 1 81 1411 4194 4183
5281 2 2 1 81 4182 4195 1417
5282 2 2 1 81 4179 4199 1420
5283 2 2 1 81 1417 4195 1416
5284 2 2 1 81 4180 4194 1412
5285 2 2 1 81 1409 4196 4178
5286 2 2 1 81 1418 4198 4182
5287 2 2 1 81 1416 4195 4177
5288 2 2 1 81 1419 4198 1418
5289 2 2 1 81 1420 4199 1419
5290 2 2 1 81 4187 4200 4185
5291 2 2 1 81 4182 4198 4192
5292 2 2 1 81 4192 4199 4179
5293 2 2 1 81 4184 4197 1422
5294 2 2 1 81 4198 4199 4192
5295 2 2 1 81 1419 4199 4198
5296 2 2 1 82 4201 4220 4215
5297 2 2 1 82 4215 4220 4205
5298 2 2 1 82 4204 4221 4211
5299 2 2 1 82 4211 4221 4207
5300 2 2 1 82 4218 4220 4201
5301 2 2 1 82 4209 4222 4208
5302 2 2 1 82 4202 4222 4209
5303 2 2 1 82 4204 4226 4221
5304 2 2 1 82 4203 4223 4217
5305 2 2 1 82 82 4208 1439
5306 2 2 1 82 4222 4223 4208
5307 2 2 1 82 1427 4207 1426
5308 2 2 1 82 1435 4206 1434
5309 2 2 1 82 1429 4204 1428
5310 2 2 1 82 1438 4203 1437
5311 2 2 1 82 1425 4202 1424
5312 2 2 1 82 1433 4201 1432
5313 2 2 1 82 1431 4205 1430
5314 2 2 1 82 4217 4224 4203
5315 2 2 1 82 4219 4221 4220
5316 2 2 1 82 4217 4223 4219
5317 2 2 1 82 4219 4220 4218
5318 2 2 1 82 4219 4222 4221
5319 2 2 1 82 4217 4219 4218
5320 2 2 1 82 4221 4226 4220
5321 2 2 1 82 4208 4223 4213
5322 2 2 1 82 4213 4223 4203
5323 2 2 1 82 4212 4218 4201
5324 2 2 1 82 4206 4218 4212
5325 2 2 1 82 4217 4218 4206
5326 2 2 1 82 4216 4224 4217
5327 2 2 1 82 4219 4223 4222
5328 2 2 1 82 4221 4225 4207
5329 2 2 1 82 4216 4217 4206
5330 2 2 1 82 4208 4213 1439
5331 2 2 1 82 1424 4209 82
5332 2 2 1 82 4207 4214 1426
5333 2 2 1 82 1437 4224 1436
5334 2 2 1 82 1430 4210 1429
5335 2 2 1 82 82 4209 4208
5336 2 2 1 82 4206 4212 1434
5337 2 2 1 82 1428 4211 1427
5338 2 2 1 82 1429 4210 4204
5339 2 2 1 82 1436 4216 1435
5340 2 2 1 82 1426 4214 1425
5341 2 2 1 82 1434 4212 1433
5342 2 2 1 82 1427 4211 4207
5343 2 2 1 82 1425 4214 4202
5344 2 2 1 82 1438 4213 4203
5345 2 2 1 82 4204 4211 1428
5346 2 2 1 82 1435 4216 4206
5347 2 2 1 82 1432 4215 1431
5348 2 2 1 82 4203 4224 1437
5349 2 2 1 82 4201 4215 1432
5350 2 2 1 82 1439 4213 1438
5351 2 2 1 82 1433 4212 4201
5352 2 2 1 82 1431 4215 4205
5353 2 2 1 82 4202 4209 1424
5354 2 2 1 82 4205 4210 1430
5355 2 2 1 82 4222 4225 4221
5356 2 2 1 82 4220 4226 4205
5357 2 2 1 82 4202 4225 4222
5358 2 2 1 82 1436 4224 4216
5359 2 2 1 82 4207 4225 4214
5360 2 2 1 82 4214 4225 4202
5361 2 2 1 82 4205 4226 4210
5362 2 2 1 82 4210 4226 4204
5363 2 2 1 83 4227 4246 4241
5364 2 2 1 83 4241 4246 4231
5365 2 2 1 83 4230 4247 4238
5366 2 2 1 83 4238 4247 4233
5367 2 2 1 83 4244 4246 4227
5368 2 2 1 83 4235 4248 4234
5369 2 2 1 83 4228 4248 4235
5370 2 2 1 83 4230 4252 4247
5371 2 2 1 83 4229 4249 4243
5372 2 2 1 83 83 4234 1455
5373 2 2 1 83 4248 4249 4234
5374 2 2 1 83 1443 4233 1442
5375 2 2 1 83 1451 4232 1450
5376 2 2 1 83 1445 4230 1444
5377 2 2 1 83 1454 4229 1453
5378 2 2 1 83 1441 4228 1440
5379 2 2 1 83 1449 4227 1448
5380 2 2 1 83 1447 4231 1446
5381 2 2 1 83 4243 4250 4229
5382 2 2 1 83 4245 4247 4246
5383 2 2 1 83 4243 4249 4245
5384 2 2 1 83 4245 4246 4244
5385 2 2 1 83 4245 4248 4247
5386 2 2 1 83 4243 4245 4244
5387 2 2 1 83 4247 4252 4246
5388 2 2 1 83 4234 4249 4237
5389 2 2 1 83 4237 4249 4229
5390 2 2 1 83 4239 4244 4227
5391 2 2 1 83 4232 4244 4239
5392 2 2 1 83 4243 4244 4232
5393 2 2 1 83 4242 4250 4243
5394 2 2 1 83 4245 4249 4248
5395 2 2 1 83 4247 4251 4233
5396 2 2 1 83 4242 4243 4232
5397 2 2 1 83 4234 4237 1455
5398 2 2 1 83 1440 4235 83
5399 2 2 1 83 4233 4240 1442
5400 2 2 1 83 1453 4250 1452
5401 2 2 1 83 1446 4236 1445
5402 2 2 1 83 83 4235 4234
5403 2 2 1 83 1444 4238 1443
5404 2 2 1 83 4232 4239 1450
5405 2 2 1 83 1445 4236 4230
5406 2 2 1 83 1452 4242 1451
5407 2 2 1 83 1442 4240 1441
5408 2 2 1 83 1450 4239 1449
5409 2 2 1 83 1443 4238 4233
5410 2 2 1 83 1454 4237 4229
5411 2 2 1 83 1441 4240 4228
5412 2 2 1 83 4230 4238 1444
5413 2 2 1 83 1451 4242 4232
5414 2 2 1 83 1448 4241 1447
5415 2 2 1 83 4229 4250 1453
5416 2 2 1 83 4227 4241 1448
5417 2 2 1 83 1455 4237 1454
5418 2 2 1 83 1449 4239 4227
5419 2 2 1 83 1447 4241 4231
5420 2 2 1 83 4228 4235 1440
5421 2 2 1 83 4231 4236 1446
5422 2 2 1 83 4248 4251 4247
5423 2 2 1 83 4246 4252 4231
5424 2 2 1 83 4228 4251 4248
5425 2 2 1 83 1452 4250 4242
5426 2 2 1 83 4233 4251 4240
5427 2 2 1 83 4240 4251 4228
5428 2 2 1 83 4231 4252 4236
5429 2 2 1 83 4236 4252 4230
5430 2 2 1 84 4267 4272 4253
5431 2 2 1 84 4257 4272 4267
5432 2 2 1 84 4263 4273 4256
5433 2 2 1 84 4259 4273 4263
5434 2 2 1 84 4253 4272 4270
5435 2 2 1 84 4260 4274 4261
5436 2 2 1 84 4261 4274 4254
5437 2 2 1 84 4273 4278 4256
5438 2 2 1 84 4269 4275 4255
5439 2 2 1 84 1456 4260 84
5440 2 2 1 84 4260 4275 4274
5441 2 2 1 84 1469 4259 1468
5442 2 2 1 84 1461 4258 1460
5443 2 2 1 84 1467 4256 1466
5444 2 2 1 84 1458 4255 1457
5445 2 2 1 84 1471 4254 1470
5446 2 2 1 84 1465 4257 1464
5447 2 2 1 84 1463 4253 1462
5448 2 2 1 84 4255 4276 4269
5449 2 2 1 84 4272 4273 4271
5450 2 2 1 84 4271 4275 4269
5451 2 2 1 84 4270 4272 4271
5452 2 2 1 84 4273 4274 4271
5453 2 2 1 84 4270 4271 4269
5454 2 2 1 84 4272 4278 4273
5455 2 2 1 84 4264 4275 4260
5456 2 2 1 84 4255 4275 4264
5457 2 2 1 84 4253 4270 4262
5458 2 2 1 84 4262 4270 4258
5459 2 2 1 84 4258 4270 4269
5460 2 2 1 84 4269 4276 4268
5461 2 2 1 84 4274 4275 4271
5462 2 2 1 84 4259 4277 4273
5463 2 2 1 84 4258 4269 4268
5464 2 2 1 84 1456 4264 4260
5465 2 2 1 84 84 4261 1471
5466 2 2 1 84 1469 4265 4259
5467 2 2 1 84 1459 4276 1458
5468 2 2 1 84 1462 4262 1461
5469 2 2 1 84 4260 4261 84
5470 2 2 1 84 1461 4262 4258
5471 2 2 1 84 1468 4263 1467
5472 2 2 1 84 1460 4268 1459
5473 2 2 1 84 4256 4266 1466
5474 2 2 1 84 1470 4265 1469
5475 2 2 1 84 1466 4266 1465
5476 2 2 1 84 4259 4263 1468
5477 2 2 1 84 4254 4265 1470
5478 2 2 1 84 4255 4264 1457
5479 2 2 1 84 1467 4263 4256
5480 2 2 1 84 4258 4268 1460
5481 2 2 1 84 1458 4276 4255
5482 2 2 1 84 1464 4267 1463
5483 2 2 1 84 4257 4267 1464
5484 2 2 1 84 1457 4264 1456
5485 2 2 1 84 1465 4266 4257
5486 2 2 1 84 1463 4267 4253
5487 2 2 1 84 1471 4261 4254
5488 2 2 1 84 4253 4262 1462
5489 2 2 1 84 4273 4277 4274
5490 2 2 1 84 4257 4278 4272
5491 2 2 1 84 4274 4277 4254
5492 2 2 1 84 4268 4276 1459
5493 2 2 1 84 4265 4277 4259
5494 2 2 1 84 4254 4277 4265
5495 2 2 1 84 4266 4278 4257
5496 2 2 1 84 4256 4278 4266
5497 2 2 1 85 4279 4302 4297
5498 2 2 1 85 4297 4302 4283
5499 2 2 1 85 4289 4298 4282
5500 2 2 1 85 4285 4298 4289
5501 2 2 1 85 4279 4297 4295
5502 2 2 1 85 4286 4299 4287
5503 2 2 1 85 4287 4299 4280
5504 2 2 1 85 4298 4304 4282
5505 2 2 1 85 4294 4300 4281
5506 2 2 1 85 1472 4286 85
5507 2 2 1 85 4286 4300 4299
5508 2 2 1 85 1485 4285 1484
5509 2 2 1 85 1477 4284 1476
5510 2 2 1 85 1483 4282 1482
5511 2 2 1 85 1474 4281 1473
5512 2 2 1 85 1487 4280 1486
5513 2 2 1 85 1481 4283 1480
5514 2 2 1 85 1479 4279 1478
5515 2 2 1 85 4281 4301 4294
5516 2 2 1 85 4297 4298 4296
5517 2 2 1 85 4296 4300 4294
5518 2 2 1 85 4295 4297 4296
5519 2 2 1 85 4298 4299 4296
5520 2 2 1 85 4295 4296 4294
5521 2 2 1 85 4297 4304 4298
5522 2 2 1 85 4288 4300 4286
5523 2 2 1 85 4281 4300 4288
5524 2 2 1 85 4292 4295 4284
5525 2 2 1 85 4279 4295 4292
5526 2 2 1 85 4284 4295 4294
5527 2 2 1 85 4294 4301 4293
5528 2 2 1 85 4299 4300 4296
5529 2 2 1 85 4285 4303 4298
5530 2 2 1 85 4284 4294 4293
5531 2 2 1 85 1472 4288 4286
5532 2 2 1 85 85 4287 1487
5533 2 2 1 85 1485 4290 4285
5534 2 2 1 85 1475 4301 1474
5535 2 2 1 85 4286 4287 85
5536 2 2 1 85 1484 4289 1483
5537 2 2 1 85 1478 4292 1477
5538 2 2 1 85 1476 4293 1475
5539 2 2 1 85 1477 4292 4284
5540 2 2 1 85 1486 4290 1485
5541 2 2 1 85 4282 4291 1482
5542 2 2 1 85 1482 4291 1481
5543 2 2 1 85 4285 4289 1484
5544 2 2 1 85 4281 4288 1473
5545 2 2 1 85 4280 4290 1486
5546 2 2 1 85 1483 4289 4282
5547 2 2 1 85 1474 4301 4281
5548 2 2 1 85 4284 4293 1476
5549 2 2 1 85 1480 4302 1479
5550 2 2 1 85 1473 4288 1472
5551 2 2 1 85 4283 4302 1480
5552 2 2 1 85 1481 4291 4283
5553 2 2 1 85 1487 4287 4280
5554 2 2 1 85 1479 4302 4279
5555 2 2 1 85 4279 4292 1478
5556 2 2 1 85 4298 4303 4299
5557 2 2 1 85 4283 4304 4297
5558 2 2 1 85 4299 4303 4280
5559 2 2 1 85 4293 4301 1475
5560 2 2 1 85 4290 4303 4285
5561 2 2 1 85 4280 4303 4290
5562 2 2 1 85 4291 4304 4283
5563 2 2 1 85 4282 4304 4291
5564 2 2 1 86 4316 4322 4308
5565 2 2 1 86 4306 4323 4316
5566 2 2 1 86 4308 4317 4316
5567 2 2 1 86 4311 4322 4316
5568 2 2 1 86 4316 4323 4311
5569 2 2 1 86 4306 4316 4314
5570 2 2 1 86 4305 4318 1495
5571 2 2 1 86 4305 4319 4317
5572 2 2 1 86 1495 4318 1494
5573 2 2 1 86 1494 4318 1493
5574 2 2 1 86 4305 4324 4319
5575 2 2 1 86 1493 4318 4308
5576 2 2 1 86 4317 4318 4305
5577 2 2 1 86 4308 4318 4317
5578 2 2 1 86 4319 4324 4310
5579 2 2 1 86 86 4309 1503
5580 2 2 1 86 1501 4307 1500
5581 2 2 1 86 1491 4311 1490
5582 2 2 1 86 1493 4308 1492
5583 2 2 1 86 1498 4310 1497
5584 2 2 1 86 1489 4306 1488
5585 2 2 1 86 1496 4305 1495
5586 2 2 1 86 4307 4325 4313
5587 2 2 1 86 4316 4317 4315
5588 2 2 1 86 4314 4316 4315
5589 2 2 1 86 4314 4315 4313
5590 2 2 1 86 4313 4328 4307
5591 2 2 1 86 4317 4319 4315
5592 2 2 1 86 4310 4320 4319
5593 2 2 1 86 4314 4321 4306
5594 2 2 1 86 4309 4321 4314
5595 2 2 1 86 4309 4314 4313
5596 2 2 1 86 4320 4328 4319
5597 2 2 1 86 4313 4325 4312
5598 2 2 1 86 4319 4328 4315
5599 2 2 1 86 4309 4313 4312
5600 2 2 1 86 4309 4312 1503
5601 2 2 1 86 1488 4321 86
5602 2 2 1 86 4307 4328 4320
5603 2 2 1 86 86 4321 4309
5604 2 2 1 86 1503 4312 1502
5605 2 2 1 86 4306 4321 1488
5606 2 2 1 86 4311 4323 1490
5607 2 2 1 86 1501 4325 4307
5608 2 2 1 86 1492 4322 1491
5609 2 2 1 86 1502 4325 1501
5610 2 2 1 86 1490 4323 1489
5611 2 2 1 86 1491 4322 4311
5612 2 2 1 86 4307 4327 1500
5613 2 2 1 86 4310 4324 1497
5614 2 2 1 86 1497 4324 1496
5615 2 2 1 86 4308 4322 1492
5616 2 2 1 86 1489 4323 4306
5617 2 2 1 86 1498 4326 4310
5618 2 2 1 86 1496 4324 4305
5619 2 2 1 86 1499 4326 1498
5620 2 2 1 86 1500 4327 1499
5621 2 2 1 86 4315 4328 4313
5622 2 2 1 86 4310 4326 4320
5623 2 2 1 86 4320 4327 4307
5624 2 2 1 86 4312 4325 1502
5625 2 2 1 86 4326 4327 4320
5626 2 2 1 86 1499 4327 4326
5627 2 2 1 87 4340 4346 4332
5628 2 2 1 87 4330 4348 4340
5629 2 2 1 87 4332 4341 4340
5630 2 2 1 87 4335 4346 4340
5631 2 2 1 87 4340 4348 4335
5632 2 2 1 87 4330 4340 4338
5633 2 2 1 87 4329 4342 1511
5634 2 2 1 87 4329 4343 4341
5635 2 2 1 87 1511 4342 1510
5636 2 2 1 87 4329 4347 4343
5637 2 2 1 87 1510 4342 1509
5638 2 2 1 87 1509 4342 4332
5639 2 2 1 87 4341 4342 4329
5640 2 2 1 87 4332 4342 4341
5641 2 2 1 87 4343 4347 4334
5642 2 2 1 87 87 4333 1519
5643 2 2 1 87 1517 4331 1516
5644 2 2 1 87 1507 4335 1506
5645 2 2 1 87 1509 4332 1508
5646 2 2 1 87 1514 4334 1513
5647 2 2 1 87 1505 4330 1504
5648 2 2 1 87 1512 4329 1511
5649 2 2 1 87 4331 4349 4337
5650 2 2 1 87 4340 4341 4339
5651 2 2 1 87 4338 4340 4339
5652 2 2 1 87 4338 4339 4337
5653 2 2 1 87 4337 4352 4331
5654 2 2 1 87 4341 4343 4339
5655 2 2 1 87 4334 4344 4343
5656 2 2 1 87 4338 4345 4330
5657 2 2 1 87 4333 4345 4338
5658 2 2 1 87 4333 4338 4337
5659 2 2 1 87 4344 4352 4343
5660 2 2 1 87 4343 4352 4339
5661 2 2 1 87 4337 4349 4336
5662 2 2 1 87 4333 4337 4336
5663 2 2 1 87 4333 4336 1519
5664 2 2 1 87 1504 4345 87
5665 2 2 1 87 4331 4352 4344
5666 2 2 1 87 87 4345 4333
5667 2 2 1 87 1519 4336 1518
5668 2 2 1 87 4330 4345 1504
5669 2 2 1 87 4335 4348 1506
5670 2 2 1 87 1517 4349 4331
5671 2 2 1 87 1508 4346 1507
5672 2 2 1 87 1518 4349 1517
5673 2 2 1 87 4334 4347 1513
5674 2 2 1 87 1506 4348 1505
5675 2 2 1 87 1507 4346 4335
5676 2 2 1 87 4331 4351 1516
5677 2 2 1 87 1513 4347 1512
5678 2 2 1 87 4332 4346 1508
5679 2 2 1 87 1505 4348 4330
5680 2 2 1 87 1512 4347 4329
5681 2 2 1 87 1514 4350 4334
5682 2 2 1 87 1515 4350 1514
5683 2 2 1 87 1516 4351 1515
5684 2 2 1 87 4339 4352 4337
5685 2 2 1 87 4334 4350 4344
5686 2 2 1 87 4344 4351 4331
5687 2 2 1 87 4336 4349 1518
5688 2 2 1 87 4350 4351 4344
5689 2 2 1 87 1515 4351 4350
5690 2 2 1 88 4353 4372 4362
5691 2 2 1 88 4362 4372 4357
5692 2 2 1 88 4356 4373 4364
5693 2 2 1 88 4364 4373 4359
5694 2 2 1 88 4370 4372 4353
5695 2 2 1 88 4361 4374 4360
5696 2 2 1 88 4354 4374 4361
5697 2 2 1 88 4356 4378 4373
5698 2 2 1 88 4355 4375 4369
5699 2 2 1 88 88 4360 1535
5700 2 2 1 88 4374 4375 4360
5701 2 2 1 88 1523 4359 1522
5702 2 2 1 88 1531 4358 1530
5703 2 2 1 88 1525 4356 1524
5704 2 2 1 88 1534 4355 1533
5705 2 2 1 88 1521 4354 1520
5706 2 2 1 88 1529 4353 1528
5707 2 2 1 88 1527 4357 1526
5708 2 2 1 88 4369 4376 4355
5709 2 2 1 88 4371 4373 4372
5710 2 2 1 88 4369 4375 4371
5711 2 2 1 88 4371 4372 4370
5712 2 2 1 88 4371 4374 4373
5713 2 2 1 88 4369 4371 4370
5714 2 2 1 88 4373 4378 4372
5715 2 2 1 88 4360 4375 4365
5716 2 2 1 88 4365 4375 4355
5717 2 2 1 88 4363 4370 4353
5718 2 2 1 88 4358 4370 4363
5719 2 2 1 88 4369 4370 4358
5720 2 2 1 88 4368 4376 4369
5721 2 2 1 88 4371 4375 4374
5722 2 2 1 88 4373 4377 4359
5723 2 2 1 88 4368 4369 4358
5724 2 2 1 88 4360 4365 1535
5725 2 2 1 88 1520 4361 88
5726 2 2 1 88 4359 4366 1522
5727 2 2 1 88 4358 4363 1530
5728 2 2 1 88 1533 4376 1532
5729 2 2 1 88 88 4361 4360
5730 2 2 1 88 1524 4364 1523
5731 2 2 1 88 1532 4368 1531
5732 2 2 1 88 1525 4367 4356
5733 2 2 1 88 1522 4366 1521
5734 2 2 1 88 1530 4363 1529
5735 2 2 1 88 1526 4367 1525
5736 2 2 1 88 1523 4364 4359
5737 2 2 1 88 1521 4366 4354
5738 2 2 1 88 1534 4365 4355
5739 2 2 1 88 4356 4364 1524
5740 2 2 1 88 1531 4368 4358
5741 2 2 1 88 4353 4362 1528
5742 2 2 1 88 1528 4362 1527
5743 2 2 1 88 4355 4376 1533
5744 2 2 1 88 1527 4362 4357
5745 2 2 1 88 1535 4365 1534
5746 2 2 1 88 1529 4363 4353
5747 2 2 1 88 4357 4367 1526
5748 2 2 1 88 4354 4361 1520
5749 2 2 1 88 4374 4377 4373
5750 2 2 1 88 4372 4378 4357
5751 2 2 1 88 4354 4377 4374
5752 2 2 1 88 1532 4376 4368
5753 2 2 1 88 4359 4377 4366
5754 2 2 1 88 4366 4377 4354
5755 2 2 1 88 4357 4378 4367
5756 2 2 1 88 4367 4378 4356
5757 2 2 1 89 4386 4396 4387
5758 2 2 1 89 4385 4397 4390
5759 2 2 1 89 4390 4397 4382
5760 2 2 1 89 4379 4402 4398
5761 2 2 1 89 4387 4396 4380
5762 2 2 1 89 4398 4402 4383
5763 2 2 1 89 4394 4396 4386
5764 2 2 1 89 4398 4399 4379
5765 2 2 1 89 4384 4399 4393
5766 2 2 1 89 1536 4386 89
5767 2 2 1 89 1549 4385 1548
5768 2 2 1 89 1541 4384 1540
5769 2 2 1 89 1538 4381 1537
5770 2 2 1 89 1547 4382 1546
5771 2 2 1 89 4385 4404 4397
5772 2 2 1 89 1551 4380 1550
5773 2 2 1 89 1545 4383 1544
5774 2 2 1 89 1543 4379 1542
5775 2 2 1 89 4393 4400 4384
5776 2 2 1 89 4393 4399 4395
5777 2 2 1 89 4395 4397 4396
5778 2 2 1 89 4395 4396 4394
5779 2 2 1 89 4395 4398 4397
5780 2 2 1 89 4393 4395 4394
5781 2 2 1 89 4399 4401 4379
5782 2 2 1 89 4397 4403 4382
5783 2 2 1 89 4384 4401 4399
5784 2 2 1 89 4397 4404 4396
5785 2 2 1 89 4381 4394 4388
5786 2 2 1 89 4392 4400 4393
5787 2 2 1 89 4395 4399 4398
5788 2 2 1 89 4388 4394 4386
5789 2 2 1 89 4393 4394 4381
5790 2 2 1 89 4392 4393 4381
5791 2 2 1 89 1536 4388 4386
5792 2 2 1 89 89 4387 1551
5793 2 2 1 89 1549 4389 4385
5794 2 2 1 89 1540 4400 1539
5795 2 2 1 89 4386 4387 89
5796 2 2 1 89 1548 4390 1547
5797 2 2 1 89 1539 4392 1538
5798 2 2 1 89 1542 4401 1541
5799 2 2 1 89 1550 4389 1549
5800 2 2 1 89 4382 4391 1546
5801 2 2 1 89 1541 4401 4384
5802 2 2 1 89 1546 4391 1545
5803 2 2 1 89 4385 4390 1548
5804 2 2 1 89 4381 4388 1537
5805 2 2 1 89 4380 4389 1550
5806 2 2 1 89 4384 4400 1540
5807 2 2 1 89 1547 4390 4382
5808 2 2 1 89 1538 4392 4381
5809 2 2 1 89 1544 4402 1543
5810 2 2 1 89 1537 4388 1536
5811 2 2 1 89 4383 4402 1544
5812 2 2 1 89 1551 4387 4380
5813 2 2 1 89 1545 4391 4383
5814 2 2 1 89 1543 4402 4379
5815 2 2 1 89 4379 4401 1542
5816 2 2 1 89 4398 4403 4397
5817 2 2 1 89 4396 4404 4380
5818 2 2 1 89 4383 4403 4398
5819 2 2 1 89 1539 4400 4392
5820 2 2 1 89 4391 4403 4383
5821 2 2 1 89 4382 4403 4391
5822 2 2 1 89 4380 4404 4389
5823 2 2 1 89 4389 4404 4385
5824 2 2 1 90 4405 4424 4418
5825 2 2 1 90 4418 4424 4409
5826 2 2 1 90 4408 4425 4417
5827 2 2 1 90 4417 4425 4411
5828 2 2 1 90 4422 4424 4405
5829 2 2 1 90 4413 4426 4412
5830 2 2 1 90 4406 4426 4413
5831 2 2 1 90 4408 4430 4425
5832 2 2 1 90 4407 4427 4421
5833 2 2 1 90 90 4412 1567
5834 2 2 1 90 4426 4427 4412
5835 2 2 1 90 1555 4411 1554
5836 2 2 1 90 1563 4410 1562
5837 2 2 1 90 1557 4408 1556
5838 2 2 1 90 1566 4407 1565
5839 2 2 1 90 1553 4406 1552
5840 2 2 1 90 1561 4405 1560
5841 2 2 1 90 1559 4409 1558
5842 2 2 1 90 4421 4428 4407
5843 2 2 1 90 4423 4425 4424
5844 2 2 1 90 4421 4427 4423
5845 2 2 1 90 4423 4424 4422
5846 2 2 1 90 4423 4426 4425
5847 2 2 1 90 4421 4423 4422
5848 2 2 1 90 4425 4430 4424
5849 2 2 1 90 4412 4427 4414
5850 2 2 1 90 4414 4427 4407
5851 2 2 1 90 4419 4422 4405
5852 2 2 1 90 4410 4422 4419
5853 2 2 1 90 4421 4422 4410
5854 2 2 1 90 4420 4428 4421
5855 2 2 1 90 4423 4427 4426
5856 2 2 1 90 4425 4429 4411
5857 2 2 1 90 4420 4421 4410
5858 2 2 1 90 4412 4414 1567
5859 2 2 1 90 1552 4413 90
5860 2 2 1 90 4411 4416 1554
5861 2 2 1 90 1565 4428 1564
5862 2 2 1 90 1558 4415 1557
5863 2 2 1 90 90 4413 4412
5864 2 2 1 90 1556 4417 1555
5865 2 2 1 90 1564 4420 1563
5866 2 2 1 90 4410 4419 1562
5867 2 2 1 90 1557 4415 4408
5868 2 2 1 90 1554 4416 1553
5869 2 2 1 90 1562 4419 1561
5870 2 2 1 90 1555 4417 4411
5871 2 2 1 90 1566 4414 4407
5872 2 2 1 90 1553 4416 4406
5873 2 2 1 90 4408 4417 1556
5874 2 2 1 90 4407 4428 1565
5875 2 2 1 90 1560 4418 1559
5876 2 2 1 90 1563 4420 4410
5877 2 2 1 90 4405 4418 1560
5878 2 2 1 90 1567 4414 1566
5879 2 2 1 90 4406 4413 1552
5880 2 2 1 90 1559 4418 4409
5881 2 2 1 90 1561 4419 4405
5882 2 2 1 90 4409 4415 1558
5883 2 2 1 90 4426 4429 4425
5884 2 2 1 90 4424 4430 4409
5885 2 2 1 90 4406 4429 4426
5886 2 2 1 90 1564 4428 4420
5887 2 2 1 90 4411 4429 4416
5888 2 2 1 90 4416 4429 4406
5889 2 2 1 90 4409 4430 4415
5890 2 2 1 90 4415 4430 4408
5891 2 2 1 91 4434 4448 4442
5892 2 2 1 91 4442 4449 4432
5893 2 2 1 91 4442 4443 4434
5894 2 2 1 91 4442 4448 4437
5895 2 2 1 91 4437 4449 4442
5896 2 2 1 91 4440 4442 4432
5897 2 2 1 91 1576 4444 4431
5898 2 2 1 91 4443 4445 4431
5899 2 2 1 91 1577 4444 1576
5900 2 2 1 91 1578 4444 1577
5901 2 2 1 91 4445 4450 4431
5902 2 2 1 91 4434 4444 1578
5903 2 2 1 91 4431 4444 4443
5904 2 2 1 91 4443 4444 4434
5905 2 2 1 91 4436 4450 4445
5906 2 2 1 91 1568 4435 91
5907 2 2 1 91 1571 4433 1570
5908 2 2 1 91 1581 4437 1580
5909 2 2 1 91 1579 4434 1578
5910 2 2 1 91 1574 4436 1573
5911 2 2 1 91 1583 4432 1582
5912 2 2 1 91 1576 4431 1575
5913 2 2 1 91 4439 4451 4433
5914 2 2 1 91 4441 4443 4442
5915 2 2 1 91 4441 4442 4440
5916 2 2 1 91 4439 4441 4440
5917 2 2 1 91 4433 4454 4439
5918 2 2 1 91 4441 4445 4443
5919 2 2 1 91 4445 4446 4436
5920 2 2 1 91 4432 4447 4440
5921 2 2 1 91 4440 4447 4435
5922 2 2 1 91 4439 4440 4435
5923 2 2 1 91 4445 4454 4446
5924 2 2 1 91 4441 4454 4445
5925 2 2 1 91 4438 4451 4439
5926 2 2 1 91 4438 4439 4435
5927 2 2 1 91 1568 4438 4435
5928 2 2 1 91 91 4447 1583
5929 2 2 1 91 4446 4454 4433
5930 2 2 1 91 4435 4447 91
5931 2 2 1 91 1569 4438 1568
5932 2 2 1 91 1583 4447 4432
5933 2 2 1 91 1581 4449 4437
5934 2 2 1 91 4433 4451 1570
5935 2 2 1 91 1580 4448 1579
5936 2 2 1 91 1570 4451 1569
5937 2 2 1 91 1582 4449 1581
5938 2 2 1 91 1574 4450 4436
5939 2 2 1 91 4437 4448 1580
5940 2 2 1 91 1571 4453 4433
5941 2 2 1 91 1579 4448 4434
5942 2 2 1 91 4432 4449 1582
5943 2 2 1 91 1575 4450 1574
5944 2 2 1 91 4431 4450 1575
5945 2 2 1 91 4436 4452 1573
5946 2 2 1 91 1573 4452 1572
5947 2 2 1 91 1572 4453 1571
5948 2 2 1 91 4439 4454 4441
5949 2 2 1 91 4446 4452 4436
5950 2 2 1 91 4433 4453 4446
5951 2 2 1 91 1569 4451 4438
5952 2 2 1 91 4446 4453 4452
5953 2 2 1 91 4452 4453 1572
5954 2 2 1 92 4455 4478 4473
5955 2 2 1 92 4473 4478 4459
5956 2 2 1 92 4465 4474 4458
5957 2 2 1 92 4461 4474 4465
5958 2 2 1 92 4455 4473 4471
5959 2 2 1 92 4462 4475 4463
5960 2 2 1 92 4463 4475 4456
5961 2 2 1 92 4474 4480 4458
5962 2 2 1 92 4470 4476 4457
5963 2 2 1 92 1584 4462 92
5964 2 2 1 92 4462 4476 4475
5965 2 2 1 92 1597 4461 1596
5966 2 2 1 92 1589 4460 1588
5967 2 2 1 92 1595 4458 1594
5968 2 2 1 92 1586 4457 1585
5969 2 2 1 92 1599 4456 1598
5970 2 2 1 92 1593 4459 1592
5971 2 2 1 92 1591 4455 1590
5972 2 2 1 92 4457 4477 4470
5973 2 2 1 92 4473 4474 4472
5974 2 2 1 92 4472 4476 4470
5975 2 2 1 92 4471 4473 4472
5976 2 2 1 92 4474 4475 4472
5977 2 2 1 92 4471 4472 4470
5978 2 2 1 92 4473 4480 4474
5979 2 2 1 92 4464 4476 4462
5980 2 2 1 92 4457 4476 4464
5981 2 2 1 92 4455 4471 4467
5982 2 2 1 92 4467 4471 4460
5983 2 2 1 92 4460 4471 4470
5984 2 2 1 92 4470 4477 4469
5985 2 2 1 92 4475 4476 4472
5986 2 2 1 92 4461 4479 4474
5987 2 2 1 92 4460 4470 4469
5988 2 2 1 92 1584 4464 4462
5989 2 2 1 92 92 4463 1599
5990 2 2 1 92 1597 4466 4461
5991 2 2 1 92 1587 4477 1586
5992 2 2 1 92 4462 4463 92
5993 2 2 1 92 1596 4465 1595
5994 2 2 1 92 1590 4467 1589
5995 2 2 1 92 1589 4467 4460
5996 2 2 1 92 1588 4469 1587
5997 2 2 1 92 4458 4468 1594
5998 2 2 1 92 1598 4466 1597
5999 2 2 1 92 1594 4468 1593
6000 2 2 1 92 4461 4465 1596
6001 2 2 1 92 4457 4464 1585
6002 2 2 1 92 4456 4466 1598
6003 2 2 1 92 1595 4465 4458
6004 2 2 1 92 1586 4477 4457
6005 2 2 1 92 4460 4469 1588
6006 2 2 1 92 1592 4478 1591
6007 2 2 1 92 4459 4478 1592
6008 2 2 1 92 1585 4464 1584
6009 2 2 1 92 1593 4468 4459
6010 2 2 1 92 1599 4463 4456
6011 2 2 1 92 1591 4478 4455
6012 2 2 1 92 4455 4467 1590
6013 2 2 1 92 4474 4479 4475
6014 2 2 1 92 4459 4480 4473
6015 2 2 1 92 4475 4479 4456
6016 2 2 1 92 4469 4477 1587
6017 2 2 1 92 4466 4479 4461
6018 2 2 1 92 4456 4479 4466
6019 2 2 1 92 4468 4480 4459
6020 2 2 1 92 4458 4480 4468
6021 2 2 1 93 4481 4500 4490
6022 2 2 1 93 4490 4500 4485
6023 2 2 1 93 4484 4501 4493
6024 2 2 1 93 4493 4501 4487
6025 2 2 1 93 4498 4500 4481
6026 2 2 1 93 4489 4502 4488
6027 2 2 1 93 4482 4502 4489
6028 2 2 1 93 4484 4506 4501
6029 2 2 1 93 4483 4503 4497
6030 2 2 1 93 93 4488 1615
6031 2 2 1 93 4502 4503 4488
6032 2 2 1 93 1603 4487 1602
6033 2 2 1 93 1611 4486 1610
6034 2 2 1 93 1605 4484 1604
6035 2 2 1 93 1614 4483 1613
6036 2 2 1 93 1601 4482 1600
6037 2 2 1 93 1607 4485 1606
6038 2 2 1 93 1609 4481 1608
6039 2 2 1 93 4497 4504 4483
6040 2 2 1 93 4499 4501 4500
6041 2 2 1 93 4497 4503 4499
6042 2 2 1 93 4499 4500 4498
6043 2 2 1 93 4499 4502 4501
6044 2 2 1 93 4497 4499 4498
6045 2 2 1 93 4501 4506 4500
6046 2 2 1 93 4488 4503 4491
6047 2 2 1 93 4491 4503 4483
6048 2 2 1 93 4495 4498 4481
6049 2 2 1 93 4486 4498 4495
6050 2 2 1 93 4497 4498 4486
6051 2 2 1 93 4496 4504 4497
6052 2 2 1 93 4499 4503 4502
6053 2 2 1 93 4501 4505 4487
6054 2 2 1 93 4496 4497 4486
6055 2 2 1 93 4488 4491 1615
6056 2 2 1 93 1600 4489 93
6057 2 2 1 93 4487 4492 1602
6058 2 2 1 93 1613 4504 1612
6059 2 2 1 93 93 4489 4488
6060 2 2 1 93 1604 4493 1603
6061 2 2 1 93 1612 4496 1611
6062 2 2 1 93 4486 4495 1610
6063 2 2 1 93 1602 4492 1601
6064 2 2 1 93 1605 4494 4484
6065 2 2 1 93 1606 4494 1605
6066 2 2 1 93 1610 4495 1609
6067 2 2 1 93 1603 4493 4487
6068 2 2 1 93 1614 4491 4483
6069 2 2 1 93 1601 4492 4482
6070 2 2 1 93 4483 4504 1613
6071 2 2 1 93 4484 4493 1604
6072 2 2 1 93 1608 4490 1607
6073 2 2 1 93 1611 4496 4486
6074 2 2 1 93 1615 4491 1614
6075 2 2 1 93 1607 4490 4485
6076 2 2 1 93 4481 4490 1608
6077 2 2 1 93 4482 4489 1600
6078 2 2 1 93 4485 4494 1606
6079 2 2 1 93 1609 4495 4481
6080 2 2 1 93 4502 4505 4501
6081 2 2 1 93 4500 4506 4485
6082 2 2 1 93 4482 4505 4502
6083 2 2 1 93 1612 4504 4496
6084 2 2 1 93 4487 4505 4492
6085 2 2 1 93 4492 4505 4482
6086 2 2 1 93 4485 4506 4494
6087 2 2 1 93 4494 4506 4484
6088 2 2 1 94 4518 4524 4510
6089 2 2 1 94 4508 4525 4518
6090 2 2 1 94 4510 4519 4518
6091 2 2 1 94 4513 4524 4518
6092 2 2 1 94 4518 4525 4513
6093 2 2 1 94 4508 4518 4516
6094 2 2 1 94 4507 4520 1623
6095 2 2 1 94 4507 4521 4519
6096 2 2 1 94 1623 4520 1622
6097 2 2 1 94 1622 4520 1621
6098 2 2 1 94 4507 4526 4521
6099 2 2 1 94 1621 4520 4510
6100 2 2 1 94 4519 4520 4507
6101 2 2 1 94 4510 4520 4519
6102 2 2 1 94 4521 4526 4512
6103 2 2 1 94 94 4511 1631
6104 2 2 1 94 1629 4509 1628
6105 2 2 1 94 1619 4513 1618
6106 2 2 1 94 1621 4510 1620
6107 2 2 1 94 1626 4512 1625
6108 2 2 1 94 1617 4508 1616
6109 2 2 1 94 1624 4507 1623
6110 2 2 1 94 4509 4527 4515
6111 2 2 1 94 4518 4519 4517
6112 2 2 1 94 4516 4518 4517
6113 2 2 1 94 4516 4517 4515
6114 2 2 1 94 4515 4530 4509
6115 2 2 1 94 4519 4521 4517
6116 2 2 1 94 4512 4522 4521
6117 2 2 1 94 4516 4523 4508
6118 2 2 1 94 4511 4523 4516
6119 2 2 1 94 4511 4516 4515
6120 2 2 1 94 4522 4530 4521
6121 2 2 1 94 4521 4530 4517
6122 2 2 1 94 4515 4527 4514
6123 2 2 1 94 4511 4515 4514
6124 2 2 1 94 4511 4514 1631
6125 2 2 1 94 1616 4523 94
6126 2 2 1 94 4509 4530 4522
6127 2 2 1 94 94 4523 4511
6128 2 2 1 94 1631 4514 1630
6129 2 2 1 94 4508 4523 1616
6130 2 2 1 94 4513 4525 1618
6131 2 2 1 94 1629 4527 4509
6132 2 2 1 94 1620 4524 1619
6133 2 2 1 94 1630 4527 1629
6134 2 2 1 94 1618 4525 1617
6135 2 2 1 94 1619 4524 4513
6136 2 2 1 94 4509 4529 1628
6137 2 2 1 94 4512 4526 1625
6138 2 2 1 94 1625 4526 1624
6139 2 2 1 94 4510 4524 1620
6140 2 2 1 94 1617 4525 4508
6141 2 2 1 94 1626 4528 4512
6142 2 2 1 94 1624 4526 4507
6143 2 2 1 94 1627 4528 1626
6144 2 2 1 94 1628 4529 1627
6145 2 2 1 94 4517 4530 4515
6146 2 2 1 94 4512 4528 4522
6147 2 2 1 94 4522 4529 4509
6148 2 2 1 94 4514 4527 1630
6149 2 2 1 94 4528 4529 4522
6150 2 2 1 94 1627 4529 4528
6151 2 2 1 95 4542 4548 4534
6152 2 2 1 95 4532 4549 4542
6153 2 2 1 95 4534 4543 4542
6154 2 2 1 95 4537 4548 4542
6155 2 2 1 95 4542 4549 4537
6156 2 2 1 95 4532 4542 4540
6157 2 2 1 95 4531 4544 1639
6158 2 2 1 95 4531 4545 4543
6159 2 2 1 95 1639 4544 1638
6160 2 2 1 95 1638 4544 1637
6161 2 2 1 95 4531 4550 4545
6162 2 2 1 95 1637 4544 4534
6163 2 2 1 95 4543 4544 4531
6164 2 2 1 95 4534 4544 4543
6165 2 2 1 95 4545 4550 4536
6166 2 2 1 95 95 4535 1647
6167 2 2 1 95 1645 4533 1644
6168 2 2 1 95 1635 4537 1634
6169 2 2 1 95 1637 4534 1636
6170 2 2 1 95 1642 4536 1641
6171 2 2 1 95 1633 4532 1632
6172 2 2 1 95 1640 4531 1639
6173 2 2 1 95 4533 4551 4539
6174 2 2 1 95 4542 4543 4541
6175 2 2 1 95 4540 4542 4541
6176 2 2 1 95 4540 4541 4539
6177 2 2 1 95 4539 4554 4533
6178 2 2 1 95 4543 4545 4541
6179 2 2 1 95 4536 4546 4545
6180 2 2 1 95 4540 4547 4532
6181 2 2 1 95 4535 4547 4540
6182 2 2 1 95 4535 4540 4539
6183 2 2 1 95 4546 4554 4545
6184 2 2 1 95 4539 4551 4538
6185 2 2 1 95 4545 4554 4541
6186 2 2 1 95 4535 4539 4538
6187 2 2 1 95 4535 4538 1647
6188 2 2 1 95 1632 4547 95
6189 2 2 1 95 4533 4554 4546
6190 2 2 1 95 95 4547 4535
6191 2 2 1 95 1647 4538 1646
6192 2 2 1 95 4532 4547 1632
6193 2 2 1 95 4537 4549 1634
6194 2 2 1 95 1645 4551 4533
6195 2 2 1 95 1646 4551 1645
6196 2 2 1 95 1636 4548 1635
6197 2 2 1 95 1634 4549 1633
6198 2 2 1 95 1635 4548 4537
6199 2 2 1 95 4533 4553 1644
6200 2 2 1 95 4536 4550 1641
6201 2 2 1 95 1641 4550 1640
6202 2 2 1 95 4534 4548 1636
6203 2 2 1 95 1633 4549 4532
6204 2 2 1 95 1642 4552 4536
6205 2 2 1 95 1640 4550 4531
6206 2 2 1 95 1643 4552 1642
6207 2 2 1 95 1644 4553 1643
6208 2 2 1 95 4541 4554 4539
6209 2 2 1 95 4536 4552 4546
6210 2 2 1 95 4546 4553 4533
6211 2 2 1 95 4538 4551 1646
6212 2 2 1 95 4552 4553 4546
6213 2 2 1 95 1643 4553 4552
6214 2 2 1 96 4565 4574 4555
6215 2 2 1 96 4559 4574 4565
6216 2 2 1 96 4566 4575 4558
6217 2 2 1 96 4561 4575 4566
6218 2 2 1 96 4555 4574 4572
6219 2 2 1 96 4562 4576 4563
6220 2 2 1 96 4563 4576 4556
6221 2 2 1 96 4575 4580 4558
6222 2 2 1 96 4571 4577 4557
6223 2 2 1 96 1648 4562 96
6224 2 2 1 96 4562 4577 4576
6225 2 2 1 96 1661 4561 1660
6226 2 2 1 96 1653 4560 1652
6227 2 2 1 96 1659 4558 1658
6228 2 2 1 96 1650 4557 1649
6229 2 2 1 96 1663 4556 1662
6230 2 2 1 96 1657 4559 1656
6231 2 2 1 96 1655 4555 1654
6232 2 2 1 96 4557 4578 4571
6233 2 2 1 96 4574 4575 4573
6234 2 2 1 96 4573 4577 4571
6235 2 2 1 96 4572 4574 4573
6236 2 2 1 96 4575 4576 4573
6237 2 2 1 96 4572 4573 4571
6238 2 2 1 96 4574 4580 4575
6239 2 2 1 96 4568 4577 4562
6240 2 2 1 96 4557 4577 4568
6241 2 2 1 96 4555 4572 4564
6242 2 2 1 96 4564 4572 4560
6243 2 2 1 96 4560 4572 4571
6244 2 2 1 96 4571 4578 4570
6245 2 2 1 96 4576 4577 4573
6246 2 2 1 96 4561 4579 4575
6247 2 2 1 96 4560 4571 4570
6248 2 2 1 96 1648 4568 4562
6249 2 2 1 96 96 4563 1663
6250 2 2 1 96 1661 4569 4561
6251 2 2 1 96 1653 4564 4560
6252 2 2 1 96 1654 4564 1653
6253 2 2 1 96 4562 4563 96
6254 2 2 1 96 1651 4578 1650
6255 2 2 1 96 4558 4567 1658
6256 2 2 1 96 1660 4566 1659
6257 2 2 1 96 1652 4570 1651
6258 2 2 1 96 1662 4569 1661
6259 2 2 1 96 1658 4567 1657
6260 2 2 1 96 4561 4566 1660
6261 2 2 1 96 4560 4570 1652
6262 2 2 1 96 4559 4565 1656
6263 2 2 1 96 1659 4566 4558
6264 2 2 1 96 4556 4569 1662
6265 2 2 1 96 1656 4565 1655
6266 2 2 1 96 4557 4568 1649
6267 2 2 1 96 1650 4578 4557
6268 2 2 1 96 1655 4565 4555
6269 2 2 1 96 1649 4568 1648
6270 2 2 1 96 4555 4564 1654
6271 2 2 1 96 1657 4567 4559
6272 2 2 1 96 1663 4563 4556
6273 2 2 1 96 4575 4579 4576
6274 2 2 1 96 4559 4580 4574
6275 2 2 1 96 4576 4579 4556
6276 2 2 1 96 4570 4578 1651
6277 2 2 1 96 4569 4579 4561
6278 2 2 1 96 4556 4579 4569
6279 2 2 1 96 4567 4580 4559
6280 2 2 1 96 4558 4580 4567
6281 2 2 1 97 4581 4600 4595
6282 2 2 1 97 4595 4600 4585
6283 2 2 1 97 4584 4601 4592
6284 2 2 1 97 4592 4601 4587
6285 2 2 1 97 4598 4600 4581
6286 2 2 1 97 4589 4602 4588
6287 2 2 1 97 4582 4602 4589
6288 2 2 1 97 4584 4606 4601
6289 2 2 1 97 4583 4603 4597
6290 2 2 1 97 97 4588 1679
6291 2 2 1 97 4602 4603 4588
6292 2 2 1 97 1667 4587 1666
6293 2 2 1 97 1675 4586 1674
6294 2 2 1 97 1669 4584 1668
6295 2 2 1 97 1678 4583 1677
6296 2 2 1 97 1665 4582 1664
6297 2 2 1 97 1673 4581 1672
6298 2 2 1 97 1671 4585 1670
6299 2 2 1 97 4597 4604 4583
6300 2 2 1 97 4599 4601 4600
6301 2 2 1 97 4597 4603 4599
6302 2 2 1 97 4599 4600 4598
6303 2 2 1 97 4599 4602 4601
6304 2 2 1 97 4597 4599 4598
6305 2 2 1 97 4601 4606 4600
6306 2 2 1 97 4588 4603 4593
6307 2 2 1 97 4593 4603 4583
6308 2 2 1 97 4590 4598 4581
6309 2 2 1 97 4586 4598 4590
6310 2 2 1 97 4597 4598 4586
6311 2 2 1 97 4596 4604 4597
6312 2 2 1 97 4599 4603 4602
6313 2 2 1 97 4601 4605 4587
6314 2 2 1 97 4596 4597 4586
6315 2 2 1 97 4588 4593 1679
6316 2 2 1 97 1664 4589 97
6317 2 2 1 97 4587 4594 1666
6318 2 2 1 97 4586 4590 1674
6319 2 2 1 97 1670 4591 1669
6320 2 2 1 97 1677 4604 1676
6321 2 2 1 97 97 4589 4588
6322 2 2 1 97 1668 4592 1667
6323 2 2 1 97 1669 4591 4584
6324 2 2 1 97 1676 4596 1675
6325 2 2 1 97 1666 4594 1665
6326 2 2 1 97 1674 4590 1673
6327 2 2 1 97 1667 4592 4587
6328 2 2 1 97 4581 4595 1672
6329 2 2 1 97 1675 4596 4586
6330 2 2 1 97 1665 4594 4582
6331 2 2 1 97 4584 4592 1668
6332 2 2 1 97 1678 4593 4583
6333 2 2 1 97 1672 4595 1671
6334 2 2 1 97 4583 4604 1677
6335 2 2 1 97 1679 4593 1678
6336 2 2 1 97 1673 4590 4581
6337 2 2 1 97 1671 4595 4585
6338 2 2 1 97 4585 4591 1670
6339 2 2 1 97 4582 4589 1664
6340 2 2 1 97 4602 4605 4601
6341 2 2 1 97 4600 4606 4585
6342 2 2 1 97 4582 4605 4602
6343 2 2 1 97 1676 4604 4596
6344 2 2 1 97 4587 4605 4594
6345 2 2 1 97 4594 4605 4582
6346 2 2 1 97 4585 4606 4591
6347 2 2 1 97 4591 4606 4584
6348 2 2 1 98 4621 4626 4607
6349 2 2 1 98 4611 4626 4621
6350 2 2 1 98 4617 4627 4610
6351 2 2 1 98 4613 4627 4617
6352 2 2 1 98 4607 4626 4624
6353 2 2 1 98 4614 4628 4615
6354 2 2 1 98 4615 4628 4608
6355 2 2 1 98 4627 4632 4610
6356 2 2 1 98 4623 4629 4609
6357 2 2 1 98 1680 4614 98
6358 2 2 1 98 4614 4629 4628
6359 2 2 1 98 1693 4613 1692
6360 2 2 1 98 1685 4612 1684
6361 2 2 1 98 1691 4610 1690
6362 2 2 1 98 1682 4609 1681
6363 2 2 1 98 1695 4608 1694
6364 2 2 1 98 1689 4611 1688
6365 2 2 1 98 1687 4607 1686
6366 2 2 1 98 4609 4630 4623
6367 2 2 1 98 4626 4627 4625
6368 2 2 1 98 4625 4629 4623
6369 2 2 1 98 4624 4626 4625
6370 2 2 1 98 4627 4628 4625
6371 2 2 1 98 4624 4625 4623
6372 2 2 1 98 4626 4632 4627
6373 2 2 1 98 4618 4629 4614
6374 2 2 1 98 4609 4629 4618
6375 2 2 1 98 4607 4624 4616
6376 2 2 1 98 4616 4624 4612
6377 2 2 1 98 4612 4624 4623
6378 2 2 1 98 4623 4630 4622
6379 2 2 1 98 4628 4629 4625
6380 2 2 1 98 4613 4631 4627
6381 2 2 1 98 4612 4623 4622
6382 2 2 1 98 1680 4618 4614
6383 2 2 1 98 98 4615 1695
6384 2 2 1 98 1693 4619 4613
6385 2 2 1 98 1685 4616 4612
6386 2 2 1 98 1686 4616 1685
6387 2 2 1 98 1683 4630 1682
6388 2 2 1 98 4614 4615 98
6389 2 2 1 98 1692 4617 1691
6390 2 2 1 98 4610 4620 1690
6391 2 2 1 98 1684 4622 1683
6392 2 2 1 98 1694 4619 1693
6393 2 2 1 98 1690 4620 1689
6394 2 2 1 98 4613 4617 1692
6395 2 2 1 98 4608 4619 1694
6396 2 2 1 98 4612 4622 1684
6397 2 2 1 98 1691 4617 4610
6398 2 2 1 98 4609 4618 1681
6399 2 2 1 98 1682 4630 4609
6400 2 2 1 98 1688 4621 1687
6401 2 2 1 98 4611 4621 1688
6402 2 2 1 98 1681 4618 1680
6403 2 2 1 98 1689 4620 4611
6404 2 2 1 98 1687 4621 4607
6405 2 2 1 98 1695 4615 4608
6406 2 2 1 98 4607 4616 1686
6407 2 2 1 98 4627 4631 4628
6408 2 2 1 98 4611 4632 4626
6409 2 2 1 98 4628 4631 4608
6410 2 2 1 98 4622 4630 1683
6411 2 2 1 98 4619 4631 4613
6412 2 2 1 98 4608 4631 4619
6413 2 2 1 98 4620 4632 4611
6414 2 2 1 98 4610 4632 4620
6415 2 2 1 99 4633 4656 4651
6416 2 2 1 99 4651 4656 4637
6417 2 2 1 99 4643 4652 4636
6418 2 2 1 99 4639 4652 4643
6419 2 2 1 99 4633 4651 4649
6420 2 2 1 99 4640 4653 4641
6421 2 2 1 99 4641 4653 4634
6422 2 2 1 99 4652 4658 4636
6423 2 2 1 99 4648 4654 4635
6424 2 2 1 99 1696 4640 99
6425 2 2 1 99 4640 4654 4653
6426 2 2 1 99 1709 4639 1708
6427 2 2 1 99 1701 4638 1700
6428 2 2 1 99 1707 4636 1706
6429 2 2 1 99 1698 4635 1697
6430 2 2 1 99 1711 4634 1710
6431 2 2 1 99 1705 4637 1704
6432 2 2 1 99 1703 4633 1702
6433 2 2 1 99 4635 4655 4648
6434 2 2 1 99 4651 4652 4650
6435 2 2 1 99 4650 4654 4648
6436 2 2 1 99 4649 4651 4650
6437 2 2 1 99 4652 4653 4650
6438 2 2 1 99 4649 4650 4648
6439 2 2 1 99 4651 4658 4652
6440 2 2 1 99 4642 4654 4640
6441 2 2 1 99 4635 4654 4642
6442 2 2 1 99 4633 4649 4645
6443 2 2 1 99 4645 4649 4638
6444 2 2 1 99 4638 4649 4648
6445 2 2 1 99 4648 4655 4647
6446 2 2 1 99 4653 4654 4650
6447 2 2 1 99 4639 4657 4652
6448 2 2 1 99 4638 4648 4647
6449 2 2 1 99 1696 4642 4640
6450 2 2 1 99 99 4641 1711
6451 2 2 1 99 1709 4644 4639
6452 2 2 1 99 1699 4655 1698
6453 2 2 1 99 4640 4641 99
6454 2 2 1 99 1702 4645 1701
6455 2 2 1 99 1708 4643 1707
6456 2 2 1 99 1701 4645 4638
6457 2 2 1 99 1700 4647 1699
6458 2 2 1 99 4636 4646 1706
6459 2 2 1 99 1710 4644 1709
6460 2 2 1 99 1706 4646 1705
6461 2 2 1 99 4639 4643 1708
6462 2 2 1 99 4635 4642 1697
6463 2 2 1 99 4634 4644 1710
6464 2 2 1 99 1707 4643 4636
6465 2 2 1 99 4638 4647 1700
6466 2 2 1 99 1698 4655 4635
6467 2 2 1 99 1704 4656 1703
6468 2 2 1 99 4637 4656 1704
6469 2 2 1 99 1697 4642 1696
6470 2 2 1 99 1705 4646 4637
6471 2 2 1 99 1711 4641 4634
6472 2 2 1 99 1703 4656 4633
6473 2 2 1 99 4633 4645 1702
6474 2 2 1 99 4652 4657 4653
6475 2 2 1 99 4637 4658 4651
6476 2 2 1 99 4653 4657 4634
6477 2 2 1 99 4647 4655 1699
6478 2 2 1 99 4644 4657 4639
6479 2 2 1 99 4634 4657 4644
6480 2 2 1 99 4646 4658 4637
6481 2 2 1 99 4636 4658 4646
6482 2 2 1 100 4670 4677 4662
6483 2 2 1 100 4660 4678 4670
6484 2 2 1 100 4662 4671 4670
6485 2 2 1 100 4665 4677 4670
6486 2 2 1 100 4670 4678 4665
6487 2 2 1 100 4660 4670 4668
6488 2 2 1 100 4659 4672 1719
6489 2 2 1 100 4659 4673 4671
6490 2 2 1 100 1719 4672 1718
6491 2 2 1 100 4659 4676 4673
6492 2 2 1 100 1718 4672 1717
6493 2 2 1 100 1717 4672 4662
6494 2 2 1 100 4671 4672 4659
6495 2 2 1 100 4662 4672 4671
6496 2 2 1 100 4673 4676 4664
6497 2 2 1 100 100 4663 1727
6498 2 2 1 100 1725 4661 1724
6499 2 2 1 100 1715 4665 1714
6500 2 2 1 100 1717 4662 1716
6501 2 2 1 100 1722 4664 1721
6502 2 2 1 100 1713 4660 1712
6503 2 2 1 100 1720 4659 1719
6504 2 2 1 100 4661 4679 4667
6505 2 2 1 100 4670 4671 4669
6506 2 2 1 100 4668 4670 4669
6507 2 2 1 100 4668 4669 4667
6508 2 2 1 100 4667 4682 4661
6509 2 2 1 100 4671 4673 4669
6510 2 2 1 100 4664 4674 4673
6511 2 2 1 100 4668 4675 4660
6512 2 2 1 100 4663 4675 4668
6513 2 2 1 100 4663 4668 4667
6514 2 2 1 100 4674 4682 4673
6515 2 2 1 100 4673 4682 4669
6516 2 2 1 100 4667 4679 4666
6517 2 2 1 100 4663 4667 4666
6518 2 2 1 100 4663 4666 1727
6519 2 2 1 100 1712 4675 100
6520 2 2 1 100 4661 4682 4674
6521 2 2 1 100 100 4675 4663
6522 2 2 1 100 1727 4666 1726
6523 2 2 1 100 4660 4675 1712
6524 2 2 1 100 4665 4678 1714
6525 2 2 1 100 1725 4679 4661
6526 2 2 1 100 1716 4677 1715
6527 2 2 1 100 1726 4679 1725
6528 2 2 1 100 4664 4676 1721
6529 2 2 1 100 1714 4678 1713
6530 2 2 1 100 1715 4677 4665
6531 2 2 1 100 4661 4681 1724
6532 2 2 1 100 1721 4676 1720
6533 2 2 1 100 4662 4677 1716
6534 2 2 1 100 1713 4678 4660
6535 2 2 1 100 1720 4676 4659
6536 2 2 1 100 1722 4680 4664
6537 2 2 1 100 1723 4680 1722
6538 2 2 1 100 1724 4681 1723
6539 2 2 1 100 4669 4682 4667
6540 2 2 1 100 4664 4680 4674
6541 2 2 1 100 4674 4681 4661
6542 2 2 1 100 4666 4679 1726
6543 2 2 1 100 4680 4681 4674
6544 2 2 1 100 1723 4681 4680
6545 2 2 1 101 4683 4702 4692
6546 2 2 1 101 4692 4702 4687
6547 2 2 1 101 4686 4703 4694
6548 2 2 1 101 4694 4703 4689
6549 2 2 1 101 4700 4702 4683
6550 2 2 1 101 4691 4704 4690
6551 2 2 1 101 4684 4704 4691
6552 2 2 1 101 4686 4708 4703
6553 2 2 1 101 4685 4705 4699
6554 2 2 1 101 101 4690 1743
6555 2 2 1 101 4704 4705 4690
6556 2 2 1 101 1731 4689 1730
6557 2 2 1 101 1739 4688 1738
6558 2 2 1 101 1733 4686 1732
6559 2 2 1 101 1742 4685 1741
6560 2 2 1 101 1737 4683 1736
6561 2 2 1 101 1729 4684 1728
6562 2 2 1 101 1735 4687 1734
6563 2 2 1 101 4699 4706 4685
6564 2 2 1 101 4701 4703 4702
6565 2 2 1 101 4699 4705 4701
6566 2 2 1 101 4701 4702 4700
6567 2 2 1 101 4701 4704 4703
6568 2 2 1 101 4699 4701 4700
6569 2 2 1 101 4703 4708 4702
6570 2 2 1 101 4690 4705 4695
6571 2 2 1 101 4695 4705 4685
6572 2 2 1 101 4693 4700 4683
6573 2 2 1 101 4688 4700 4693
6574 2 2 1 101 4699 4700 4688
6575 2 2 1 101 4698 4706 4699
6576 2 2 1 101 4701 4705 4704
6577 2 2 1 101 4703 4707 4689
6578 2 2 1 101 4698 4699 4688
6579 2 2 1 101 4690 4695 1743
6580 2 2 1 101 1728 4691 101
6581 2 2 1 101 4689 4697 1730
6582 2 2 1 101 4688 4693 1738
6583 2 2 1 101 101 4691 4690
6584 2 2 1 101 1741 4706 1740
6585 2 2 1 101 1732 4694 1731
6586 2 2 1 101 1733 4696 4686
6587 2 2 1 101 1740 4698 1739
6588 2 2 1 101 1738 4693 1737
6589 2 2 1 101 1730 4697 1729
6590 2 2 1 101 1734 4696 1733
6591 2 2 1 101 1731 4694 4689
6592 2 2 1 101 4683 4692 1736
6593 2 2 1 101 1739 4698 4688
6594 2 2 1 101 4686 4694 1732
6595 2 2 1 101 1729 4697 4684
6596 2 2 1 101 1736 4692 1735
6597 2 2 1 101 1742 4695 4685
6598 2 2 1 101 1735 4692 4687
6599 2 2 1 101 4685 4706 1741
6600 2 2 1 101 1737 4693 4683
6601 2 2 1 101 1743 4695 1742
6602 2 2 1 101 4687 4696 1734
6603 2 2 1 101 4684 4691 1728
6604 2 2 1 101 4704 4707 4703
6605 2 2 1 101 4702 4708 4687
6606 2 2 1 101 4684 4707 4704
6607 2 2 1 101 1740 4706 4698
6608 2 2 1 101 4689 4707 4697
6609 2 2 1 101 4697 4707 4684
6610 2 2 1 101 4687 4708 4696
6611 2 2 1 101 4696 4708 4686
6612 2 2 1 102 4720 4726 4712
6613 2 2 1 102 4710 4728 4720
6614 2 2 1 102 4712 4721 4720
6615 2 2 1 102 4715 4726 4720
6616 2 2 1 102 4720 4728 4715
6617 2 2 1 102 4710 4720 4718
6618 2 2 1 102 4709 4722 1751
6619 2 2 1 102 4709 4723 4721
6620 2 2 1 102 1751 4722 1750
6621 2 2 1 102 4709 4727 4723
6622 2 2 1 102 1750 4722 1749
6623 2 2 1 102 1749 4722 4712
6624 2 2 1 102 4721 4722 4709
6625 2 2 1 102 4712 4722 4721
6626 2 2 1 102 4723 4727 4714
6627 2 2 1 102 102 4713 1759
6628 2 2 1 102 1757 4711 1756
6629 2 2 1 102 1747 4715 1746
6630 2 2 1 102 1749 4712 1748
6631 2 2 1 102 1754 4714 1753
6632 2 2 1 102 1745 4710 1744
6633 2 2 1 102 1752 4709 1751
6634 2 2 1 102 4711 4729 4717
6635 2 2 1 102 4720 4721 4719
6636 2 2 1 102 4718 4720 4719
6637 2 2 1 102 4718 4719 4717
6638 2 2 1 102 4717 4732 4711
6639 2 2 1 102 4721 4723 4719
6640 2 2 1 102 4714 4724 4723
6641 2 2 1 102 4718 4725 4710
6642 2 2 1 102 4713 4725 4718
6643 2 2 1 102 4713 4718 4717
6644 2 2 1 102 4724 4732 4723
6645 2 2 1 102 4723 4732 4719
6646 2 2 1 102 4717 4729 4716
6647 2 2 1 102 4713 4717 4716
6648 2 2 1 102 4713 4716 1759
6649 2 2 1 102 1744 4725 102
6650 2 2 1 102 4711 4732 4724
6651 2 2 1 102 102 4725 4713
6652 2 2 1 102 1759 4716 1758
6653 2 2 1 102 4710 4725 1744
6654 2 2 1 102 4715 4728 1746
6655 2 2 1 102 1757 4729 4711
6656 2 2 1 102 1748 4726 1747
6657 2 2 1 102 1758 4729 1757
6658 2 2 1 102 4714 4727 1753
6659 2 2 1 102 1746 4728 1745
6660 2 2 1 102 1747 4726 4715
6661 2 2 1 102 4711 4731 1756
6662 2 2 1 102 1753 4727 1752
6663 2 2 1 102 4712 4726 1748
6664 2 2 1 102 1745 4728 4710
6665 2 2 1 102 1752 4727 4709
6666 2 2 1 102 1754 4730 4714
6667 2 2 1 102 1755 4730 1754
6668 2 2 1 102 1756 4731 1755
6669 2 2 1 102 4719 4732 4717
6670 2 2 1 102 4714 4730 4724
6671 2 2 1 102 4724 4731 4711
6672 2 2 1 102 4716 4729 1758
6673 2 2 1 102 4730 4731 4724
6674 2 2 1 102 1755 4731 4730
6675 2 2 1 103 4733 4752 4745
6676 2 2 1 103 4745 4752 4737
6677 2 2 1 103 4736 4753 4744
6678 2 2 1 103 4744 4753 4739
6679 2 2 1 103 4750 4752 4733
6680 2 2 1 103 4741 4754 4740
6681 2 2 1 103 4734 4754 4741
6682 2 2 1 103 4736 4758 4753
6683 2 2 1 103 4735 4755 4749
6684 2 2 1 103 103 4740 1775
6685 2 2 1 103 4754 4755 4740
6686 2 2 1 103 1763 4739 1762
6687 2 2 1 103 1771 4738 1770
6688 2 2 1 103 1765 4736 1764
6689 2 2 1 103 1774 4735 1773
6690 2 2 1 103 1769 4733 1768
6691 2 2 1 103 1761 4734 1760
6692 2 2 1 103 1767 4737 1766
6693 2 2 1 103 4749 4756 4735
6694 2 2 1 103 4751 4753 4752
6695 2 2 1 103 4749 4755 4751
6696 2 2 1 103 4751 4752 4750
6697 2 2 1 103 4751 4754 4753
6698 2 2 1 103 4749 4751 4750
6699 2 2 1 103 4753 4758 4752
6700 2 2 1 103 4740 4755 4746
6701 2 2 1 103 4746 4755 4735
6702 2 2 1 103 4742 4750 4733
6703 2 2 1 103 4738 4750 4742
6704 2 2 1 103 4749 4750 4738
6705 2 2 1 103 4748 4756 4749
6706 2 2 1 103 4751 4755 4754
6707 2 2 1 103 4753 4757 4739
6708 2 2 1 103 4748 4749 4738
6709 2 2 1 103 4740 4746 1775
6710 2 2 1 103 1760 4741 103
6711 2 2 1 103 4739 4747 1762
6712 2 2 1 103 4738 4742 1770
6713 2 2 1 103 1766 4743 1765
6714 2 2 1 103 103 4741 4740
6715 2 2 1 103 1773 4756 1772
6716 2 2 1 103 1765 4743 4736
6717 2 2 1 103 1764 4744 1763
6718 2 2 1 103 1772 4748 1771
6719 2 2 1 103 1770 4742 1769
6720 2 2 1 103 1762 4747 1761
6721 2 2 1 103 1763 4744 4739
6722 2 2 1 103 4733 4745 1768
6723 2 2 1 103 1771 4748 4738
6724 2 2 1 103 4736 4744 1764
6725 2 2 1 103 1761 4747 4734
6726 2 2 1 103 1774 4746 4735
6727 2 2 1 103 1768 4745 1767
6728 2 2 1 103 4735 4756 1773
6729 2 2 1 103 1769 4742 4733
6730 2 2 1 103 1775 4746 1774
6731 2 2 1 103 1767 4745 4737
6732 2 2 1 103 4737 4743 1766
6733 2 2 1 103 4734 4741 1760
6734 2 2 1 103 4754 4757 4753
6735 2 2 1 103 4752 4758 4737
6736 2 2 1 103 4734 4757 4754
6737 2 2 1 103 1772 4756 4748
6738 2 2 1 103 4739 4757 4747
6739 2 2 1 103 4747 4757 4734
6740 2 2 1 103 4737 4758 4743
6741 2 2 1 103 4743 4758 4736
6742 2 2 1 104 4759 4782 4776
6743 2 2 1 104 4776 4782 4763
6744 2 2 1 104 4770 4777 4762
6745 2 2 1 104 4765 4777 4770
6746 2 2 1 104 4759 4776 4774
6747 2 2 1 104 4766 4778 4767
6748 2 2 1 104 4767 4778 4760
6749 2 2 1 104 4777 4784 4762
6750 2 2 1 104 4773 4779 4761
6751 2 2 1 104 1776 4766 104
6752 2 2 1 104 4766 4779 4778
6753 2 2 1 104 1789 4765 1788
6754 2 2 1 104 1781 4764 1780
6755 2 2 1 104 1787 4762 1786
6756 2 2 1 104 1778 4761 1777
6757 2 2 1 104 1791 4760 1790
6758 2 2 1 104 1785 4763 1784
6759 2 2 1 104 1783 4759 1782
6760 2 2 1 104 4761 4780 4773
6761 2 2 1 104 4776 4777 4775
6762 2 2 1 104 4775 4779 4773
6763 2 2 1 104 4774 4776 4775
6764 2 2 1 104 4777 4778 4775
6765 2 2 1 104 4774 4775 4773
6766 2 2 1 104 4776 4784 4777
6767 2 2 1 104 4768 4779 4766
6768 2 2 1 104 4761 4779 4768
6769 2 2 1 104 4764 4781 4774
6770 2 2 1 104 4774 4781 4759
6771 2 2 1 104 4764 4774 4773
6772 2 2 1 104 4773 4780 4772
6773 2 2 1 104 4778 4779 4775
6774 2 2 1 104 4765 4783 4777
6775 2 2 1 104 4764 4773 4772
6776 2 2 1 104 1776 4768 4766
6777 2 2 1 104 104 4767 1791
6778 2 2 1 104 1789 4769 4765
6779 2 2 1 104 1779 4780 1778
6780 2 2 1 104 4766 4767 104
6781 2 2 1 104 1788 4770 1787
6782 2 2 1 104 1782 4781 1781
6783 2 2 1 104 1780 4772 1779
6784 2 2 1 104 1781 4781 4764
6785 2 2 1 104 1790 4769 1789
6786 2 2 1 104 4762 4771 1786
6787 2 2 1 104 1786 4771 1785
6788 2 2 1 104 4765 4770 1788
6789 2 2 1 104 4761 4768 1777
6790 2 2 1 104 4760 4769 1790
6791 2 2 1 104 1778 4780 4761
6792 2 2 1 104 1787 4770 4762
6793 2 2 1 104 4764 4772 1780
6794 2 2 1 104 1784 4782 1783
6795 2 2 1 104 1777 4768 1776
6796 2 2 1 104 4763 4782 1784
6797 2 2 1 104 1791 4767 4760
6798 2 2 1 104 1785 4771 4763
6799 2 2 1 104 1783 4782 4759
6800 2 2 1 104 4759 4781 1782
6801 2 2 1 104 4777 4783 4778
6802 2 2 1 104 4763 4784 4776
6803 2 2 1 104 4778 4783 4760
6804 2 2 1 104 4772 4780 1779
6805 2 2 1 104 4769 4783 4765
6806 2 2 1 104 4760 4783 4769
6807 2 2 1 104 4771 4784 4763
6808 2 2 1 104 4762 4784 4771
6809 2 2 1 105 4796 4804 4785
6810 2 2 1 105 4789 4804 4796
6811 2 2 1 105 4795 4805 4788
6812 2 2 1 105 4791 4805 4795
6813 2 2 1 105 4785 4804 4802
6814 2 2 1 105 4792 4806 4793
6815 2 2 1 105 4793 4806 4786
6816 2 2 1 105 4805 4810 4788
6817 2 2 1 105 4801 4807 4787
6818 2 2 1 105 1792 4792 105
6819 2 2 1 105 4792 4807 4806
6820 2 2 1 105 1805 4791 1804
6821 2 2 1 105 1797 4790 1796
6822 2 2 1 105 1803 4788 1802
6823 2 2 1 105 1794 4787 1793
6824 2 2 1 105 1807 4786 1806
6825 2 2 1 105 1801 4789 1800
6826 2 2 1 105 1799 4785 1798
6827 2 2 1 105 4787 4808 4801
6828 2 2 1 105 4804 4805 4803
6829 2 2 1 105 4803 4807 4801
6830 2 2 1 105 4802 4804 4803
6831 2 2 1 105 4805 4806 4803
6832 2 2 1 105 4802 4803 4801
6833 2 2 1 105 4804 4810 4805
6834 2 2 1 105 4797 4807 4792
6835 2 2 1 105 4787 4807 4797
6836 2 2 1 105 4785 4802 4794
6837 2 2 1 105 4794 4802 4790
6838 2 2 1 105 4790 4802 4801
6839 2 2 1 105 4801 4808 4800
6840 2 2 1 105 4806 4807 4803
6841 2 2 1 105 4791 4809 4805
6842 2 2 1 105 4790 4801 4800
6843 2 2 1 105 1792 4797 4792
6844 2 2 1 105 105 4793 1807
6845 2 2 1 105 1805 4799 4791
6846 2 2 1 105 1797 4794 4790
6847 2 2 1 105 1798 4794 1797
6848 2 2 1 105 1795 4808 1794
6849 2 2 1 105 4792 4793 105
6850 2 2 1 105 1804 4795 1803
6851 2 2 1 105 4788 4798 1802
6852 2 2 1 105 1796 4800 1795
6853 2 2 1 105 1806 4799 1805
6854 2 2 1 105 1802 4798 1801
6855 2 2 1 105 4791 4795 1804
6856 2 2 1 105 4790 4800 1796
6857 2 2 1 105 1803 4795 4788
6858 2 2 1 105 4786 4799 1806
6859 2 2 1 105 4787 4797 1793
6860 2 2 1 105 1800 4796 1799
6861 2 2 1 105 4789 4796 1800
6862 2 2 1 105 1794 4808 4787
6863 2 2 1 105 1793 4797 1792
6864 2 2 1 105 1799 4796 4785
6865 2 2 1 105 1801 4798 4789
6866 2 2 1 105 4785 4794 1798
6867 2 2 1 105 1807 4793 4786
6868 2 2 1 105 4805 4809 4806
6869 2 2 1 105 4789 4810 4804
6870 2 2 1 105 4806 4809 4786
6871 2 2 1 105 4800 4808 1795
6872 2 2 1 105 4799 4809 4791
6873 2 2 1 105 4786 4809 4799
6874 2 2 1 105 4798 4810 4789
6875 2 2 1 105 4788 4810 4798
6876 2 2 1 106 4821 4830 4811
6877 2 2 1 106 4815 4830 4821
6878 2 2 1 106 4822 4831 4814
6879 2 2 1 106 4817 4831 4822
6880 2 2 1 106 4811 4830 4828
6881 2 2 1 106 4818 4832 4819
6882 2 2 1 106 4819 4832 4812
6883 2 2 1 106 4831 4836 4814
6884 2 2 1 106 4827 4833 4813
6885 2 2 1 106 1808 4818 106
6886 2 2 1 106 4818 4833 4832
6887 2 2 1 106 1821 4817 1820
6888 2 2 1 106 1813 4816 1812
6889 2 2 1 106 1819 4814 1818
6890 2 2 1 106 1810 4813 1809
6891 2 2 1 106 1823 4812 1822
6892 2 2 1 106 1817 4815 1816
6893 2 2 1 106 1815 4811 1814
6894 2 2 1 106 4813 4834 4827
6895 2 2 1 106 4830 4831 4829
6896 2 2 1 106 4829 4833 4827
6897 2 2 1 106 4828 4830 4829
6898 2 2 1 106 4831 4832 4829
6899 2 2 1 106 4828 4829 4827
6900 2 2 1 106 4830 4836 4831
6901 2 2 1 106 4824 4833 4818
6902 2 2 1 106 4813 4833 4824
6903 2 2 1 106 4811 4828 4820
6904 2 2 1 106 4820 4828 4816
6905 2 2 1 106 4816 4828 4827
6906 2 2 1 106 4827 4834 4826
6907 2 2 1 106 4832 4833 4829
6908 2 2 1 106 4817 4835 4831
6909 2 2 1 106 4816 4827 4826
6910 2 2 1 106 1808 4824 4818
6911 2 2 1 106 106 4819 1823
6912 2 2 1 106 1821 4825 4817
6913 2 2 1 106 1813 4820 4816
6914 2 2 1 106 1814 4820 1813
6915 2 2 1 106 4818 4819 106
6916 2 2 1 106 1811 4834 1810
6917 2 2 1 106 4814 4823 1818
6918 2 2 1 106 1820 4822 1819
6919 2 2 1 106 1812 4826 1811
6920 2 2 1 106 1822 4825 1821
6921 2 2 1 106 1818 4823 1817
6922 2 2 1 106 4817 4822 1820
6923 2 2 1 106 4816 4826 1812
6924 2 2 1 106 4815 4821 1816
6925 2 2 1 106 1819 4822 4814
6926 2 2 1 106 4812 4825 1822
6927 2 2 1 106 1816 4821 1815
6928 2 2 1 106 4813 4824 1809
6929 2 2 1 106 1810 4834 4813
6930 2 2 1 106 1815 4821 4811
6931 2 2 1 106 4811 4820 1814
6932 2 2 1 106 1809 4824 1808
6933 2 2 1 106 1817 4823 4815
6934 2 2 1 106 1823 4819 4812
6935 2 2 1 106 4831 4835 4832
6936 2 2 1 106 4815 4836 4830
6937 2 2 1 106 4832 4835 4812
6938 2 2 1 106 4826 4834 1811
6939 2 2 1 106 4825 4835 4817
6940 2 2 1 106 4812 4835 4825
6941 2 2 1 106 4823 4836 4815
6942 2 2 1 106 4814 4836 4823
6943 2 2 1 107 4848 4854 4840
6944 2 2 1 107 4838 4856 4848
6945 2 2 1 107 4840 4849 4848
6946 2 2 1 107 4843 4854 4848
6947 2 2 1 107 4848 4856 4843
6948 2 2 1 107 4838 4848 4846
6949 2 2 1 107 4837 4850 1831
6950 2 2 1 107 4837 4851 4849
6951 2 2 1 107 1831 4850 1830
6952 2 2 1 107 4837 4855 4851
6953 2 2 1 107 1830 4850 1829
6954 2 2 1 107 1829 4850 4840
6955 2 2 1 107 4849 4850 4837
6956 2 2 1 107 4840 4850 4849
6957 2 2 1 107 4851 4855 4842
6958 2 2 1 107 107 4841 1839
6959 2 2 1 107 1837 4839 1836
6960 2 2 1 107 1827 4843 1826
6961 2 2 1 107 1829 4840 1828
6962 2 2 1 107 1834 4842 1833
6963 2 2 1 107 1825 4838 1824
6964 2 2 1 107 1832 4837 1831
6965 2 2 1 107 4839 4857 4845
6966 2 2 1 107 4848 4849 4847
6967 2 2 1 107 4846 4848 4847
6968 2 2 1 107 4846 4847 4845
6969 2 2 1 107 4845 4860 4839
6970 2 2 1 107 4849 4851 4847
6971 2 2 1 107 4842 4852 4851
6972 2 2 1 107 4846 4853 4838
6973 2 2 1 107 4841 4853 4846
6974 2 2 1 107 4841 4846 4845
6975 2 2 1 107 4852 4860 4851
6976 2 2 1 107 4851 4860 4847
6977 2 2 1 107 4845 4857 4844
6978 2 2 1 107 4841 4845 4844
6979 2 2 1 107 4841 4844 1839
6980 2 2 1 107 1824 4853 107
6981 2 2 1 107 4839 4860 4852
6982 2 2 1 107 107 4853 4841
6983 2 2 1 107 1839 4844 1838
6984 2 2 1 107 4838 4853 1824
6985 2 2 1 107 4843 4856 1826
6986 2 2 1 107 1837 4857 4839
6987 2 2 1 107 1828 4854 1827
6988 2 2 1 107 1838 4857 1837
6989 2 2 1 107 1826 4856 1825
6990 2 2 1 107 4842 4855 1833
6991 2 2 1 107 1827 4854 4843
6992 2 2 1 107 4839 4859 1836
6993 2 2 1 107 1833 4855 1832
6994 2 2 1 107 4840 4854 1828
6995 2 2 1 107 1825 4856 4838
6996 2 2 1 107 1832 4855 4837
6997 2 2 1 107 1834 4858 4842
6998 2 2 1 107 1835 4858 1834
6999 2 2 1 107 1836 4859 1835
7000 2 2 1 107 4847 4860 4845
7001 2 2 1 107 4842 4858 4852
7002 2 2 1 107 4852 4859 4839
7003 2 2 1 107 4844 4857 1838
7004 2 2 1 107 4858 4859 4852
7005 2 2 1 107 1835 4859 4858
7006 2 2 1 108 4872 4878 4864
7007 2 2 1 108 4862 4879 4872
7008 2 2 1 108 4864 4873 4872
7009 2 2 1 108 4867 4878 4872
7010 2 2 1 108 4872 4879 4867
7011 2 2 1 108 4862 4872 4870
7012 2 2 1 108 4861 4874 1847
7013 2 2 1 108 4861 4875 4873
7014 2 2 1 108 1847 4874 1846
7015 2 2 1 108 1846 4874 1845
7016 2 2 1 108 4861 4880 4875
7017 2 2 1 108 1845 4874 4864
7018 2 2 1 108 4873 4874 4861
7019 2 2 1 108 4864 4874 4873
7020 2 2 1 108 4875 4880 4866
7021 2 2 1 108 108 4865 1855
7022 2 2 1 108 1853 4863 1852
7023 2 2 1 108 1843 4867 1842
7024 2 2 1 108 1845 4864 1844
7025 2 2 1 108 1850 4866 1849
7026 2 2 1 108 1841 4862 1840
7027 2 2 1 108 1848 4861 1847
7028 2 2 1 108 4863 4881 4869
7029 2 2 1 108 4872 4873 4871
7030 2 2 1 108 4870 4872 4871
7031 2 2 1 108 4870 4871 4869
7032 2 2 1 108 4869 4884 4863
7033 2 2 1 108 4873 4875 4871
7034 2 2 1 108 4866 4876 4875
7035 2 2 1 108 4870 4877 4862
7036 2 2 1 108 4865 4877 4870
7037 2 2 1 108 4865 4870 4869
7038 2 2 1 108 4876 4884 4875
7039 2 2 1 108 4875 4884 4871
7040 2 2 1 108 4869 4881 4868
7041 2 2 1 108 4865 4869 4868
7042 2 2 1 108 4865 4868 1855
7043 2 2 1 108 1840 4877 108
7044 2 2 1 108 4863 4884 4876
7045 2 2 1 108 108 4877 4865
7046 2 2 1 108 1855 4868 1854
7047 2 2 1 108 4862 4877 1840
7048 2 2 1 108 4867 4879 1842
7049 2 2 1 108 1853 4881 4863
7050 2 2 1 108 1844 4878 1843
7051 2 2 1 108 1854 4881 1853
7052 2 2 1 108 1842 4879 1841
7053 2 2 1 108 1843 4878 4867
7054 2 2 1 108 4863 4883 1852
7055 2 2 1 108 4866 4880 1849
7056 2 2 1 108 1849 4880 1848
7057 2 2 1 108 4864 4878 1844
7058 2 2 1 108 1841 4879 4862
7059 2 2 1 108 1850 4882 4866
7060 2 2 1 108 1848 4880 4861
7061 2 2 1 108 1851 4882 1850
7062 2 2 1 108 1852 4883 1851
7063 2 2 1 108 4871 4884 4869
7064 2 2 1 108 4866 4882 4876
7065 2 2 1 108 4876 4883 4863
7066 2 2 1 108 4868 4881 1854
7067 2 2 1 108 4882 4883 4876
7068 2 2 1 108 1851 4883 4882
7069 2 2 1 109 4885 4904 4894
7070 2 2 1 109 4894 4904 4889
7071 2 2 1 109 4888 4905 4896
7072 2 2 1 109 4896 4905 4891
7073 2 2 1 109 4902 4904 4885
7074 2 2 1 109 4893 4906 4892
7075 2 2 1 109 4886 4906 4893
7076 2 2 1 109 4888 4910 4905
7077 2 2 1 109 4887 4907 4901
7078 2 2 1 109 109 4892 1871
7079 2 2 1 109 4906 4907 4892
7080 2 2 1 109 1859 4891 1858
7081 2 2 1 109 1867 4890 1866
7082 2 2 1 109 1861 4888 1860
7083 2 2 1 109 1870 4887 1869
7084 2 2 1 109 1857 4886 1856
7085 2 2 1 109 1865 4885 1864
7086 2 2 1 109 1863 4889 1862
7087 2 2 1 109 4901 4908 4887
7088 2 2 1 109 4903 4905 4904
7089 2 2 1 109 4901 4907 4903
7090 2 2 1 109 4903 4904 4902
7091 2 2 1 109 4903 4906 4905
7092 2 2 1 109 4901 4903 4902
7093 2 2 1 109 4905 4910 4904
7094 2 2 1 109 4892 4907 4897
7095 2 2 1 109 4897 4907 4887
7096 2 2 1 109 4895 4902 4885
7097 2 2 1 109 4890 4902 4895
7098 2 2 1 109 4901 4902 4890
7099 2 2 1 109 4900 4908 4901
7100 2 2 1 109 4903 4907 4906
7101 2 2 1 109 4905 4909 4891
7102 2 2 1 109 4900 4901 4890
7103 2 2 1 109 4892 4897 1871
7104 2 2 1 109 1856 4893 109
7105 2 2 1 109 4891 4898 1858
7106 2 2 1 109 4890 4895 1866
7107 2 2 1 109 109 4893 4892
7108 2 2 1 109 1869 4908 1868
7109 2 2 1 109 1860 4896 1859
7110 2 2 1 109 1861 4899 4888
7111 2 2 1 109 1868 4900 1867
7112 2 2 1 109 1858 4898 1857
7113 2 2 1 109 1866 4895 1865
7114 2 2 1 109 1862 4899 1861
7115 2 2 1 109 1859 4896 4891
7116 2 2 1 109 4885 4894 1864
7117 2 2 1 109 1867 4900 4890
7118 2 2 1 109 1857 4898 4886
7119 2 2 1 109 4888 4896 1860
7120 2 2 1 109 1870 4897 4887
7121 2 2 1 109 1864 4894 1863
7122 2 2 1 109 4887 4908 1869
7123 2 2 1 109 1863 4894 4889
7124 2 2 1 109 1871 4897 1870
7125 2 2 1 109 1865 4895 4885
7126 2 2 1 109 4889 4899 1862
7127 2 2 1 109 4886 4893 1856
7128 2 2 1 109 4906 4909 4905
7129 2 2 1 109 4904 4910 4889
7130 2 2 1 109 4886 4909 4906
7131 2 2 1 109 1868 4908 4900
7132 2 2 1 109 4891 4909 4898
7133 2 2 1 109 4898 4909 4886
7134 2 2 1 109 4889 4910 4899
7135 2 2 1 109 4899 4910 4888
7136 2 2 1 110 4911 4930 4923
7137 2 2 1 110 4923 4930 4915
7138 2 2 1 110 4914 4931 4922
7139 2 2 1 110 4922 4931 4917
7140 2 2 1 110 4928 4930 4911
7141 2 2 1 110 4919 4932 4918
7142 2 2 1 110 4912 4932 4919
7143 2 2 1 110 4914 4936 4931
7144 2 2 1 110 4913 4933 4927
7145 2 2 1 110 110 4918 1887
7146 2 2 1 110 4932 4933 4918
7147 2 2 1 110 1875 4917 1874
7148 2 2 1 110 1883 4916 1882
7149 2 2 1 110 1877 4914 1876
7150 2 2 1 110 1886 4913 1885
7151 2 2 1 110 1881 4911 1880
7152 2 2 1 110 1873 4912 1872
7153 2 2 1 110 1879 4915 1878
7154 2 2 1 110 4927 4934 4913
7155 2 2 1 110 4929 4931 4930
7156 2 2 1 110 4927 4933 4929
7157 2 2 1 110 4929 4930 4928
7158 2 2 1 110 4929 4932 4931
7159 2 2 1 110 4927 4929 4928
7160 2 2 1 110 4931 4936 4930
7161 2 2 1 110 4918 4933 4924
7162 2 2 1 110 4924 4933 4913
7163 2 2 1 110 4920 4928 4911
7164 2 2 1 110 4916 4928 4920
7165 2 2 1 110 4927 4928 4916
7166 2 2 1 110 4926 4934 4927
7167 2 2 1 110 4929 4933 4932
7168 2 2 1 110 4931 4935 4917
7169 2 2 1 110 4926 4927 4916
7170 2 2 1 110 4918 4924 1887
7171 2 2 1 110 1872 4919 110
7172 2 2 1 110 4917 4925 1874
7173 2 2 1 110 4916 4920 1882
7174 2 2 1 110 1878 4921 1877
7175 2 2 1 110 110 4919 4918
7176 2 2 1 110 1885 4934 1884
7177 2 2 1 110 1877 4921 4914
7178 2 2 1 110 1876 4922 1875
7179 2 2 1 110 1884 4926 1883
7180 2 2 1 110 1882 4920 1881
7181 2 2 1 110 1874 4925 1873
7182 2 2 1 110 1875 4922 4917
7183 2 2 1 110 4911 4923 1880
7184 2 2 1 110 1883 4926 4916
7185 2 2 1 110 4914 4922 1876
7186 2 2 1 110 1873 4925 4912
7187 2 2 1 110 1886 4924 4913
7188 2 2 1 110 1880 4923 1879
7189 2 2 1 110 4913 4934 1885
7190 2 2 1 110 1881 4920 4911
7191 2 2 1 110 1887 4924 1886
7192 2 2 1 110 1879 4923 4915
7193 2 2 1 110 4915 4921 1878
7194 2 2 1 110 4912 4919 1872
7195 2 2 1 110 4932 4935 4931
7196 2 2 1 110 4930 4936 4915
7197 2 2 1 110 4912 4935 4932
7198 2 2 1 110 1884 4934 4926
7199 2 2 1 110 4917 4935 4925
7200 2 2 1 110 4925 4935 4912
7201 2 2 1 110 4915 4936 4921
7202 2 2 1 110 4921 4936 4914
7203 2 2 1 111 4937 4956 4951
7204 2 2 1 111 4951 4956 4941
7205 2 2 1 111 4940 4957 4948
7206 2 2 1 111 4948 4957 4943
7207 2 2 1 111 4954 4956 4937
7208 2 2 1 111 4945 4958 4944
7209 2 2 1 111 4938 4958 4945
7210 2 2 1 111 4940 4962 4957
7211 2 2 1 111 4939 4959 4953
7212 2 2 1 111 111 4944 1903
7213 2 2 1 111 4958 4959 4944
7214 2 2 1 111 1891 4943 1890
7215 2 2 1 111 1899 4942 1898
7216 2 2 1 111 1893 4940 1892
7217 2 2 1 111 1902 4939 1901
7218 2 2 1 111 1889 4938 1888
7219 2 2 1 111 1897 4937 1896
7220 2 2 1 111 1895 4941 1894
7221 2 2 1 111 4953 4960 4939
7222 2 2 1 111 4955 4957 4956
7223 2 2 1 111 4953 4959 4955
7224 2 2 1 111 4955 4956 4954
7225 2 2 1 111 4955 4958 4957
7226 2 2 1 111 4953 4955 4954
7227 2 2 1 111 4957 4962 4956
7228 2 2 1 111 4944 4959 4947
7229 2 2 1 111 4947 4959 4939
7230 2 2 1 111 4950 4954 4937
7231 2 2 1 111 4942 4954 4950
7232 2 2 1 111 4953 4954 4942
7233 2 2 1 111 4952 4960 4953
7234 2 2 1 111 4955 4959 4958
7235 2 2 1 111 4957 4961 4943
7236 2 2 1 111 4952 4953 4942
7237 2 2 1 111 4944 4947 1903
7238 2 2 1 111 1888 4945 111
7239 2 2 1 111 4943 4949 1890
7240 2 2 1 111 1901 4960 1900
7241 2 2 1 111 1894 4946 1893
7242 2 2 1 111 111 4945 4944
7243 2 2 1 111 1892 4948 1891
7244 2 2 1 111 4942 4950 1898
7245 2 2 1 111 1900 4952 1899
7246 2 2 1 111 1893 4946 4940
7247 2 2 1 111 1890 4949 1889
7248 2 2 1 111 1898 4950 1897
7249 2 2 1 111 1891 4948 4943
7250 2 2 1 111 1902 4947 4939
7251 2 2 1 111 1889 4949 4938
7252 2 2 1 111 4940 4948 1892
7253 2 2 1 111 1896 4951 1895
7254 2 2 1 111 4939 4960 1901
7255 2 2 1 111 1899 4952 4942
7256 2 2 1 111 4937 4951 1896
7257 2 2 1 111 1903 4947 1902
7258 2 2 1 111 1897 4950 4937
7259 2 2 1 111 1895 4951 4941
7260 2 2 1 111 4938 4945 1888
7261 2 2 1 111 4941 4946 1894
7262 2 2 1 111 4958 4961 4957
7263 2 2 1 111 4956 4962 4941
7264 2 2 1 111 4938 4961 4958
7265 2 2 1 111 1900 4960 4952
7266 2 2 1 111 4943 4961 4949
7267 2 2 1 111 4949 4961 4938
7268 2 2 1 111 4941 4962 4946
7269 2 2 1 111 4946 4962 4940
7270 2 2 1 112 4977 4982 4963
7271 2 2 1 112 4967 4982 4977
7272 2 2 1 112 4973 4983 4966
7273 2 2 1 112 4969 4983 4973
7274 2 2 1 112 4963 4982 4980
7275 2 2 1 112 4970 4984 4971
7276 2 2 1 112 4971 4984 4964
7277 2 2 1 112 4983 4988 4966
7278 2 2 1 112 4979 4985 4965
7279 2 2 1 112 1904 4970 112
7280 2 2 1 112 4970 4985 4984
7281 2 2 1 112 1917 4969 1916
7282 2 2 1 112 1909 4968 1908
7283 2 2 1 112 1915 4966 1914
7284 2 2 1 112 1906 4965 1905
7285 2 2 1 112 1919 4964 1918
7286 2 2 1 112 1913 4967 1912
7287 2 2 1 112 1911 4963 1910
7288 2 2 1 112 4965 4986 4979
7289 2 2 1 112 4982 4983 4981
7290 2 2 1 112 4981 4985 4979
7291 2 2 1 112 4980 4982 4981
7292 2 2 1 112 4983 4984 4981
7293 2 2 1 112 4980 4981 4979
7294 2 2 1 112 4982 4988 4983
7295 2 2 1 112 4974 4985 4970
7296 2 2 1 112 4965 4985 4974
7297 2 2 1 112 4963 4980 4972
7298 2 2 1 112 4972 4980 4968
7299 2 2 1 112 4968 4980 4979
7300 2 2 1 112 4979 4986 4978
7301 2 2 1 112 4984 4985 4981
7302 2 2 1 112 4969 4987 4983
7303 2 2 1 112 4968 4979 4978
7304 2 2 1 112 1904 4974 4970
7305 2 2 1 112 112 4971 1919
7306 2 2 1 112 1917 4975 4969
7307 2 2 1 112 1909 4972 4968
7308 2 2 1 112 1910 4972 1909
7309 2 2 1 112 1907 4986 1906
7310 2 2 1 112 4970 4971 112
7311 2 2 1 112 1916 4973 1915
7312 2 2 1 112 4966 4976 1914
7313 2 2 1 112 1908 4978 1907
7314 2 2 1 112 1918 4975 1917
7315 2 2 1 112 1914 4976 1913
7316 2 2 1 112 4969 4973 1916
7317 2 2 1 112 4968 4978 1908
7318 2 2 1 112 4964 4975 1918
7319 2 2 1 112 1915 4973 4966
7320 2 2 1 112 4965 4974 1905
7321 2 2 1 112 1912 4977 1911
7322 2 2 1 112 1906 4986 4965
7323 2 2 1 112 4967 4977 1912
7324 2 2 1 112 1905 4974 1904
7325 2 2 1 112 1913 4976 4967
7326 2 2 1 112 1911 4977 4963
7327 2 2 1 112 4963 4972 1910
7328 2 2 1 112 1919 4971 4964
7329 2 2 1 112 4983 4987 4984
7330 2 2 1 112 4967 4988 4982
7331 2 2 1 112 4984 4987 4964
7332 2 2 1 112 4978 4986 1907
7333 2 2 1 112 4975 4987 4969
7334 2 2 1 112 4964 4987 4975
7335 2 2 1 112 4976 4988 4967
7336 2 2 1 112 4966 4988 4976
7337 2 2 1 113 4992 5007 5000
7338 2 2 1 113 5000 5008 4990
7339 2 2 1 113 5000 5001 4992
7340 2 2 1 113 5000 5007 4995
7341 2 2 1 113 4995 5008 5000
7342 2 2 1 113 4998 5000 4990
7343 2 2 1 113 1928 5002 4989
7344 2 2 1 113 5001 5003 4989
7345 2 2 1 113 1929 5002 1928
7346 2 2 1 113 5003 5006 4989
7347 2 2 1 113 1930 5002 1929
7348 2 2 1 113 4992 5002 1930
7349 2 2 1 113 4989 5002 5001
7350 2 2 1 113 5001 5002 4992
7351 2 2 1 113 4994 5006 5003
7352 2 2 1 113 1920 4993 113
7353 2 2 1 113 1923 4991 1922
7354 2 2 1 113 1933 4995 1932
7355 2 2 1 113 1931 4992 1930
7356 2 2 1 113 1926 4994 1925
7357 2 2 1 113 1935 4990 1934
7358 2 2 1 113 1928 4989 1927
7359 2 2 1 113 4997 5009 4991
7360 2 2 1 113 4999 5001 5000
7361 2 2 1 113 4999 5000 4998
7362 2 2 1 113 4997 4999 4998
7363 2 2 1 113 4991 5012 4997
7364 2 2 1 113 4999 5003 5001
7365 2 2 1 113 5003 5004 4994
7366 2 2 1 113 4990 5005 4998
7367 2 2 1 113 4998 5005 4993
7368 2 2 1 113 4997 4998 4993
7369 2 2 1 113 5003 5012 5004
7370 2 2 1 113 4999 5012 5003
7371 2 2 1 113 4996 5009 4997
7372 2 2 1 113 4996 4997 4993
7373 2 2 1 113 1920 4996 4993
7374 2 2 1 113 113 5005 1935
7375 2 2 1 113 5004 5012 4991
7376 2 2 1 113 4993 5005 113
7377 2 2 1 113 1921 4996 1920
7378 2 2 1 113 1935 5005 4990
7379 2 2 1 113 1933 5008 4995
7380 2 2 1 113 4991 5009 1922
7381 2 2 1 113 1932 5007 1931
7382 2 2 1 113 1922 5009 1921
7383 2 2 1 113 1926 5006 4994
7384 2 2 1 113 1934 5008 1933
7385 2 2 1 113 4995 5007 1932
7386 2 2 1 113 1923 5011 4991
7387 2 2 1 113 1931 5007 4992
7388 2 2 1 113 4990 5008 1934
7389 2 2 1 113 1927 5006 1926
7390 2 2 1 113 4989 5006 1927
7391 2 2 1 113 4994 5010 1925
7392 2 2 1 113 1925 5010 1924
7393 2 2 1 113 1924 5011 1923
7394 2 2 1 113 4997 5012 4999
7395 2 2 1 113 5004 5010 4994
7396 2 2 1 113 4991 5011 5004
7397 2 2 1 113 1921 5009 4996
7398 2 2 1 113 5004 5011 5010
7399 2 2 1 113 5010 5011 1924
7400 2 2 1 114 5024 5030 5016
7401 2 2 1 114 5014 5032 5024
7402 2 2 1 114 5016 5025 5024
7403 2 2 1 114 5019 5030 5024
7404 2 2 1 114 5024 5032 5019
7405 2 2 1 114 5014 5024 5022
7406 2 2 1 114 5013 5026 1943
7407 2 2 1 114 5013 5027 5025
7408 2 2 1 114 1943 5026 1942
7409 2 2 1 114 5013 5031 5027
7410 2 2 1 114 1942 5026 1941
7411 2 2 1 114 1941 5026 5016
7412 2 2 1 114 5025 5026 5013
7413 2 2 1 114 5016 5026 5025
7414 2 2 1 114 5027 5031 5018
7415 2 2 1 114 114 5017 1951
7416 2 2 1 114 1949 5015 1948
7417 2 2 1 114 1939 5019 1938
7418 2 2 1 114 1941 5016 1940
7419 2 2 1 114 1946 5018 1945
7420 2 2 1 114 1937 5014 1936
7421 2 2 1 114 1944 5013 1943
7422 2 2 1 114 5015 5033 5021
7423 2 2 1 114 5024 5025 5023
7424 2 2 1 114 5022 5024 5023
7425 2 2 1 114 5022 5023 5021
7426 2 2 1 114 5021 5036 5015
7427 2 2 1 114 5025 5027 5023
7428 2 2 1 114 5018 5028 5027
7429 2 2 1 114 5022 5029 5014
7430 2 2 1 114 5017 5029 5022
7431 2 2 1 114 5017 5022 5021
7432 2 2 1 114 5028 5036 5027
7433 2 2 1 114 5027 5036 5023
7434 2 2 1 114 5021 5033 5020
7435 2 2 1 114 5017 5021 5020
7436 2 2 1 114 5017 5020 1951
7437 2 2 1 114 1936 5029 114
7438 2 2 1 114 5015 5036 5028
7439 2 2 1 114 114 5029 5017
7440 2 2 1 114 1951 5020 1950
7441 2 2 1 114 5014 5029 1936
7442 2 2 1 114 5019 5032 1938
7443 2 2 1 114 1949 5033 5015
7444 2 2 1 114 1940 5030 1939
7445 2 2 1 114 1950 5033 1949
7446 2 2 1 114 1938 5032 1937
7447 2 2 1 114 5018 5031 1945
7448 2 2 1 114 1939 5030 5019
7449 2 2 1 114 5015 5035 1948
7450 2 2 1 114 1945 5031 1944
7451 2 2 1 114 5016 5030 1940
7452 2 2 1 114 1937 5032 5014
7453 2 2 1 114 1944 5031 5013
7454 2 2 1 114 1946 5034 5018
7455 2 2 1 114 1947 5034 1946
7456 2 2 1 114 1948 5035 1947
7457 2 2 1 114 5023 5036 5021
7458 2 2 1 114 5018 5034 5028
7459 2 2 1 114 5028 5035 5015
7460 2 2 1 114 5020 5033 1950
7461 2 2 1 114 5034 5035 5028
7462 2 2 1 114 1947 5035 5034
7463 2 2 1 115 5048 5054 5040
7464 2 2 1 115 5038 5056 5048
7465 2 2 1 115 5040 5049 5048
7466 2 2 1 115 5043 5054 5048
7467 2 2 1 115 5048 5056 5043
7468 2 2 1 115 5038 5048 5046
7469 2 2 1 115 5037 5050 1959
7470 2 2 1 115 5037 5051 5049
7471 2 2 1 115 1959 5050 1958
7472 2 2 1 115 5037 5055 5051
7473 2 2 1 115 1958 5050 1957
7474 2 2 1 115 1957 5050 5040
7475 2 2 1 115 5049 5050 5037
7476 2 2 1 115 5040 5050 5049
7477 2 2 1 115 5051 5055 5042
7478 2 2 1 115 115 5041 1967
7479 2 2 1 115 1965 5039 1964
7480 2 2 1 115 1955 5043 1954
7481 2 2 1 115 1957 5040 1956
7482 2 2 1 115 1962 5042 1961
7483 2 2 1 115 1953 5038 1952
7484 2 2 1 115 1960 5037 1959
7485 2 2 1 115 5039 5057 5045
7486 2 2 1 115 5048 5049 5047
7487 2 2 1 115 5046 5048 5047
7488 2 2 1 115 5046 5047 5045
7489 2 2 1 115 5045 5060 5039
7490 2 2 1 115 5049 5051 5047
7491 2 2 1 115 5042 5052 5051
7492 2 2 1 115 5046 5053 5038
7493 2 2 1 115 5041 5053 5046
7494 2 2 1 115 5041 5046 5045
7495 2 2 1 115 5052 5060 5051
7496 2 2 1 115 5051 5060 5047
7497 2 2 1 115 5045 5057 5044
7498 2 2 1 115 5041 5045 5044
7499 2 2 1 115 5041 5044 1967
7500 2 2 1 115 1952 5053 115
7501 2 2 1 115 5039 5060 5052
7502 2 2 1 115 115 5053 5041
7503 2 2 1 115 1967 5044 1966
7504 2 2 1 115 5038 5053 1952
7505 2 2 1 115 5043 5056 1954
7506 2 2 1 115 1965 5057 5039
7507 2 2 1 115 1956 5054 1955
7508 2 2 1 115 1966 5057 1965
7509 2 2 1 115 1954 5056 1953
7510 2 2 1 115 1955 5054 5043
7511 2 2 1 115 5042 5055 1961
7512 2 2 1 115 5039 5059 1964
7513 2 2 1 115 1961 5055 1960
7514 2 2 1 115 5040 5054 1956
7515 2 2 1 115 1953 5056 5038
7516 2 2 1 115 1962 5058 5042
7517 2 2 1 115 1960 5055 5037
7518 2 2 1 115 1963 5058 1962
7519 2 2 1 115 1964 5059 1963
7520 2 2 1 115 5047 5060 5045
7521 2 2 1 115 5042 5058 5052
7522 2 2 1 115 5052 5059 5039
7523 2 2 1 115 5044 5057 1966
7524 2 2 1 115 5058 5059 5052
7525 2 2 1 115 1963 5059 5058
7526 2 2 1 116 5070 5080 5061
7527 2 2 1 116 5065 5080 5070
7528 2 2 1 116 5072 5081 5064
7529 2 2 1 116 5067 5081 5072
7530 2 2 1 116 5061 5080 5078
7531 2 2 1 116 5068 5082 5069
7532 2 2 1 116 5069 5082 5062
7533 2 2 1 116 5081 5086 5064
7534 2 2 1 116 5077 5083 5063
7535 2 2 1 116 1968 5068 116
7536 2 2 1 116 5068 5083 5082
7537 2 2 1 116 1981 5067 1980
7538 2 2 1 116 1973 5066 1972
7539 2 2 1 116 1979 5064 1978
7540 2 2 1 116 1970 5063 1969
7541 2 2 1 116 1983 5062 1982
7542 2 2 1 116 1975 5061 1974
7543 2 2 1 116 1977 5065 1976
7544 2 2 1 116 5063 5084 5077
7545 2 2 1 116 5080 5081 5079
7546 2 2 1 116 5079 5083 5077
7547 2 2 1 116 5078 5080 5079
7548 2 2 1 116 5081 5082 5079
7549 2 2 1 116 5078 5079 5077
7550 2 2 1 116 5080 5086 5081
7551 2 2 1 116 5071 5083 5068
7552 2 2 1 116 5063 5083 5071
7553 2 2 1 116 5061 5078 5074
7554 2 2 1 116 5074 5078 5066
7555 2 2 1 116 5066 5078 5077
7556 2 2 1 116 5077 5084 5076
7557 2 2 1 116 5082 5083 5079
7558 2 2 1 116 5067 5085 5081
7559 2 2 1 116 5066 5077 5076
7560 2 2 1 116 1968 5071 5068
7561 2 2 1 116 116 5069 1983
7562 2 2 1 116 1981 5073 5067
7563 2 2 1 116 1971 5084 1970
7564 2 2 1 116 5068 5069 116
7565 2 2 1 116 1980 5072 1979
7566 2 2 1 116 1973 5074 5066
7567 2 2 1 116 1972 5076 1971
7568 2 2 1 116 5064 5075 1978
7569 2 2 1 116 1982 5073 1981
7570 2 2 1 116 1974 5074 1973
7571 2 2 1 116 1978 5075 1977
7572 2 2 1 116 5067 5072 1980
7573 2 2 1 116 5063 5071 1969
7574 2 2 1 116 5062 5073 1982
7575 2 2 1 116 1979 5072 5064
7576 2 2 1 116 1970 5084 5063
7577 2 2 1 116 5066 5076 1972
7578 2 2 1 116 1976 5070 1975
7579 2 2 1 116 1975 5070 5061
7580 2 2 1 116 5065 5070 1976
7581 2 2 1 116 1969 5071 1968
7582 2 2 1 116 5061 5074 1974
7583 2 2 1 116 1977 5075 5065
7584 2 2 1 116 1983 5069 5062
7585 2 2 1 116 5081 5085 5082
7586 2 2 1 116 5065 5086 5080
7587 2 2 1 116 5082 5085 5062
7588 2 2 1 116 5076 5084 1971
7589 2 2 1 116 5073 5085 5067
7590 2 2 1 116 5062 5085 5073
7591 2 2 1 116 5075 5086 5065
7592 2 2 1 116 5064 5086 5075
7593 2 2 1 117 5087 5110 5104
7594 2 2 1 117 5104 5110 5091
7595 2 2 1 117 5098 5105 5090
7596 2 2 1 117 5093 5105 5098
7597 2 2 1 117 5087 5104 5102
7598 2 2 1 117 5094 5106 5095
7599 2 2 1 117 5095 5106 5088
7600 2 2 1 117 5105 5112 5090
7601 2 2 1 117 5101 5107 5089
7602 2 2 1 117 1984 5094 117
7603 2 2 1 117 5094 5107 5106
7604 2 2 1 117 1997 5093 1996
7605 2 2 1 117 1989 5092 1988
7606 2 2 1 117 1995 5090 1994
7607 2 2 1 117 1986 5089 1985
7608 2 2 1 117 1999 5088 1998
7609 2 2 1 117 1993 5091 1992
7610 2 2 1 117 1991 5087 1990
7611 2 2 1 117 5089 5108 5101
7612 2 2 1 117 5104 5105 5103
7613 2 2 1 117 5103 5107 5101
7614 2 2 1 117 5102 5104 5103
7615 2 2 1 117 5105 5106 5103
7616 2 2 1 117 5102 5103 5101
7617 2 2 1 117 5104 5112 5105
7618 2 2 1 117 5096 5107 5094
7619 2 2 1 117 5089 5107 5096
7620 2 2 1 117 5092 5109 5102
7621 2 2 1 117 5102 5109 5087
7622 2 2 1 117 5092 5102 5101
7623 2 2 1 117 5101 5108 5100
7624 2 2 1 117 5106 5107 5103
7625 2 2 1 117 5093 5111 5105
7626 2 2 1 117 5092 5101 5100
7627 2 2 1 117 1984 5096 5094
7628 2 2 1 117 117 5095 1999
7629 2 2 1 117 1997 5097 5093
7630 2 2 1 117 1987 5108 1986
7631 2 2 1 117 5094 5095 117
7632 2 2 1 117 1996 5098 1995
7633 2 2 1 117 1990 5109 1989
7634 2 2 1 117 1988 5100 1987
7635 2 2 1 117 1998 5097 1997
7636 2 2 1 117 1989 5109 5092
7637 2 2 1 117 5090 5099 1994
7638 2 2 1 117 1994 5099 1993
7639 2 2 1 117 5093 5098 1996
7640 2 2 1 117 5089 5096 1985
7641 2 2 1 117 5088 5097 1998
7642 2 2 1 117 1986 5108 5089
7643 2 2 1 117 1995 5098 5090
7644 2 2 1 117 5092 5100 1988
7645 2 2 1 117 1992 5110 1991
7646 2 2 1 117 1985 5096 1984
7647 2 2 1 117 5091 5110 1992
7648 2 2 1 117 1999 5095 5088
7649 2 2 1 117 1993 5099 5091
7650 2 2 1 117 1991 5110 5087
7651 2 2 1 117 5087 5109 1990
7652 2 2 1 117 5105 5111 5106
7653 2 2 1 117 5091 5112 5104
7654 2 2 1 117 5106 5111 5088
7655 2 2 1 117 5100 5108 1987
7656 2 2 1 117 5097 5111 5093
7657 2 2 1 117 5088 5111 5097
7658 2 2 1 117 5099 5112 5091
7659 2 2 1 117 5090 5112 5099
7660 2 2 1 118 5113 5136 5131
7661 2 2 1 118 5131 5136 5117
7662 2 2 1 118 5123 5132 5116
7663 2 2 1 118 5119 5132 5123
7664 2 2 1 118 5113 5131 5129
7665 2 2 1 118 5120 5133 5121
7666 2 2 1 118 5121 5133 5114
7667 2 2 1 118 5132 5138 5116
7668 2 2 1 118 5128 5134 5115
7669 2 2 1 118 2000 5120 118
7670 2 2 1 118 5120 5134 5133
7671 2 2 1 118 2013 5119 2012
7672 2 2 1 118 2005 5118 2004
7673 2 2 1 118 2011 5116 2010
7674 2 2 1 118 2002 5115 2001
7675 2 2 1 118 2015 5114 2014
7676 2 2 1 118 2009 5117 2008
7677 2 2 1 118 2007 5113 2006
7678 2 2 1 118 5115 5135 5128
7679 2 2 1 118 5131 5132 5130
7680 2 2 1 118 5130 5134 5128
7681 2 2 1 118 5129 5131 5130
7682 2 2 1 118 5132 5133 5130
7683 2 2 1 118 5129 5130 5128
7684 2 2 1 118 5131 5138 5132
7685 2 2 1 118 5122 5134 5120
7686 2 2 1 118 5115 5134 5122
7687 2 2 1 118 5126 5129 5118
7688 2 2 1 118 5113 5129 5126
7689 2 2 1 118 5118 5129 5128
7690 2 2 1 118 5128 5135 5127
7691 2 2 1 118 5133 5134 5130
7692 2 2 1 118 5119 5137 5132
7693 2 2 1 118 5118 5128 5127
7694 2 2 1 118 2000 5122 5120
7695 2 2 1 118 118 5121 2015
7696 2 2 1 118 2013 5124 5119
7697 2 2 1 118 2003 5135 2002
7698 2 2 1 118 5120 5121 118
7699 2 2 1 118 2012 5123 2011
7700 2 2 1 118 2006 5126 2005
7701 2 2 1 118 2004 5127 2003
7702 2 2 1 118 2005 5126 5118
7703 2 2 1 118 2014 5124 2013
7704 2 2 1 118 5116 5125 2010
7705 2 2 1 118 2010 5125 2009
7706 2 2 1 118 5119 5123 2012
7707 2 2 1 118 5115 5122 2001
7708 2 2 1 118 5114 5124 2014
7709 2 2 1 118 2011 5123 5116
7710 2 2 1 118 2002 5135 5115
7711 2 2 1 118 5118 5127 2004
7712 2 2 1 118 2008 5136 2007
7713 2 2 1 118 2001 5122 2000
7714 2 2 1 118 5117 5136 2008
7715 2 2 1 118 2009 5125 5117
7716 2 2 1 118 2015 5121 5114
7717 2 2 1 118 2007 5136 5113
7718 2 2 1 118 5113 5126 2006
7719 2 2 1 118 5132 5137 5133
7720 2 2 1 118 5117 5138 5131
7721 2 2 1 118 5133 5137 5114
7722 2 2 1 118 5127 5135 2003
7723 2 2 1 118 5124 5137 5119
7724 2 2 1 118 5114 5137 5124
7725 2 2 1 118 5125 5138 5117
7726 2 2 1 118 5116 5138 5125
7727 2 2 1 119 5142 5156 5150
7728 2 2 1 119 5150 5158 5140
7729 2 2 1 119 5150 5151 5142
7730 2 2 1 119 5150 5156 5145
7731 2 2 1 119 5145 5158 5150
7732 2 2 1 119 5148 5150 5140
7733 2 2 1 119 2024 5152 5139
7734 2 2 1 119 5151 5153 5139
7735 2 2 1 119 2025 5152 2024
7736 2 2 1 119 5153 5157 5139
7737 2 2 1 119 2026 5152 2025
7738 2 2 1 119 5142 5152 2026
7739 2 2 1 119 5139 5152 5151
7740 2 2 1 119 5151 5152 5142
7741 2 2 1 119 5144 5157 5153
7742 2 2 1 119 2016 5143 119
7743 2 2 1 119 2019 5141 2018
7744 2 2 1 119 2029 5145 2028
7745 2 2 1 119 2027 5142 2026
7746 2 2 1 119 2022 5144 2021
7747 2 2 1 119 2031 5140 2030
7748 2 2 1 119 2024 5139 2023
7749 2 2 1 119 5147 5159 5141
7750 2 2 1 119 5149 5151 5150
7751 2 2 1 119 5149 5150 5148
7752 2 2 1 119 5147 5149 5148
7753 2 2 1 119 5141 5162 5147
7754 2 2 1 119 5149 5153 5151
7755 2 2 1 119 5153 5154 5144
7756 2 2 1 119 5140 5155 5148
7757 2 2 1 119 5148 5155 5143
7758 2 2 1 119 5147 5148 5143
7759 2 2 1 119 5153 5162 5154
7760 2 2 1 119 5149 5162 5153
7761 2 2 1 119 5146 5159 5147
7762 2 2 1 119 5146 5147 5143
7763 2 2 1 119 2016 5146 5143
7764 2 2 1 119 119 5155 2031
7765 2 2 1 119 5154 5162 5141
7766 2 2 1 119 5143 5155 119
7767 2 2 1 119 2017 5146 2016
7768 2 2 1 119 2031 5155 5140
7769 2 2 1 119 2029 5158 5145
7770 2 2 1 119 5141 5159 2018
7771 2 2 1 119 2028 5156 2027
7772 2 2 1 119 2018 5159 2017
7773 2 2 1 119 2030 5158 2029
7774 2 2 1 119 2022 5157 5144
7775 2 2 1 119 5145 5156 2028
7776 2 2 1 119 2019 5161 5141
7777 2 2 1 119 2027 5156 5142
7778 2 2 1 119 5140 5158 2030
7779 2 2 1 119 2023 5157 2022
7780 2 2 1 119 5139 5157 2023
7781 2 2 1 119 5144 5160 2021
7782 2 2 1 119 2021 5160 2020
7783 2 2 1 119 2020 5161 2019
7784 2 2 1 119 5147 5162 5149
7785 2 2 1 119 5154 5160 5144
7786 2 2 1 119 5141 5161 5154
7787 2 2 1 119 2017 5159 5146
7788 2 2 1 119 5154 5161 5160
7789 2 2 1 119 5160 5161 2020
7790 2 2 1 120 5163 5186 5181
7791 2 2 1 120 5181 5186 5167
7792 2 2 1 120 5173 5182 5166
7793 2 2 1 120 5169 5182 5173
7794 2 2 1 120 5163 5181 5179
7795 2 2 1 120 5170 5183 5171
7796 2 2 1 120 5171 5183 5164
7797 2 2 1 120 5182 5188 5166
7798 2 2 1 120 5178 5184 5165
7799 2 2 1 120 2032 5170 120
7800 2 2 1 120 5170 5184 5183
7801 2 2 1 120 2045 5169 2044
7802 2 2 1 120 2037 5168 2036
7803 2 2 1 120 2043 5166 2042
7804 2 2 1 120 2034 5165 2033
7805 2 2 1 120 2047 5164 2046
7806 2 2 1 120 2041 5167 2040
7807 2 2 1 120 2039 5163 2038
7808 2 2 1 120 5165 5185 5178
7809 2 2 1 120 5181 5182 5180
7810 2 2 1 120 5180 5184 5178
7811 2 2 1 120 5179 5181 5180
7812 2 2 1 120 5182 5183 5180
7813 2 2 1 120 5179 5180 5178
7814 2 2 1 120 5181 5188 5182
7815 2 2 1 120 5172 5184 5170
7816 2 2 1 120 5165 5184 5172
7817 2 2 1 120 5163 5179 5175
7818 2 2 1 120 5175 5179 5168
7819 2 2 1 120 5168 5179 5178
7820 2 2 1 120 5178 5185 5177
7821 2 2 1 120 5183 5184 5180
7822 2 2 1 120 5169 5187 5182
7823 2 2 1 120 5168 5178 5177
7824 2 2 1 120 2032 5172 5170
7825 2 2 1 120 120 5171 2047
7826 2 2 1 120 2045 5174 5169
7827 2 2 1 120 2035 5185 2034
7828 2 2 1 120 5170 5171 120
7829 2 2 1 120 2044 5173 2043
7830 2 2 1 120 2038 5175 2037
7831 2 2 1 120 2037 5175 5168
7832 2 2 1 120 2036 5177 2035
7833 2 2 1 120 5166 5176 2042
7834 2 2 1 120 2046 5174 2045
7835 2 2 1 120 2042 5176 2041
7836 2 2 1 120 5169 5173 2044
7837 2 2 1 120 5165 5172 2033
7838 2 2 1 120 5164 5174 2046
7839 2 2 1 120 2043 5173 5166
7840 2 2 1 120 2034 5185 5165
7841 2 2 1 120 5168 5177 2036
7842 2 2 1 120 2040 5186 2039
7843 2 2 1 120 5167 5186 2040
7844 2 2 1 120 2033 5172 2032
7845 2 2 1 120 2041 5176 5167
7846 2 2 1 120 2047 5171 5164
7847 2 2 1 120 2039 5186 5163
7848 2 2 1 120 5163 5175 2038
7849 2 2 1 120 5182 5187 5183
7850 2 2 1 120 5167 5188 5181
7851 2 2 1 120 5183 5187 5164
7852 2 2 1 120 5177 5185 2035
7853 2 2 1 120 5174 5187 5169
7854 2 2 1 120 5164 5187 5174
7855 2 2 1 120 5176 5188 5167
7856 2 2 1 120 5166 5188 5176
7857 2 2 1 121 5200 5206 5192
7858 2 2 1 121 5190 5207 5200
7859 2 2 1 121 5192 5201 5200
7860 2 2 1 121 5195 5206 5200
7861 2 2 1 121 5200 5207 5195
7862 2 2 1 121 5190 5200 5198
7863 2 2 1 121 5189 5202 2055
7864 2 2 1 121 5189 5203 5201
7865 2 2 1 121 2055 5202 2054
7866 2 2 1 121 2054 5202 2053
7867 2 2 1 121 5189 5208 5203
7868 2 2 1 121 2053 5202 5192
7869 2 2 1 121 5201 5202 5189
7870 2 2 1 121 5192 5202 5201
7871 2 2 1 121 5203 5208 5194
7872 2 2 1 121 121 5193 2063
7873 2 2 1 121 2061 5191 2060
7874 2 2 1 121 2051 5195 2050
7875 2 2 1 121 2053 5192 2052
7876 2 2 1 121 2058 5194 2057
7877 2 2 1 121 2049 5190 2048
7878 2 2 1 121 2056 5189 2055
7879 2 2 1 121 5191 5209 5197
7880 2 2 1 121 5200 5201 5199
7881 2 2 1 121 5198 5200 5199
7882 2 2 1 121 5198 5199 5197
7883 2 2 1 121 5197 5212 5191
7884 2 2 1 121 5201 5203 5199
7885 2 2 1 121 5194 5204 5203
7886 2 2 1 121 5198 5205 5190
7887 2 2 1 121 5193 5205 5198
7888 2 2 1 121 5193 5198 5197
7889 2 2 1 121 5204 5212 5203
7890 2 2 1 121 5197 5209 5196
7891 2 2 1 121 5203 5212 5199
7892 2 2 1 121 5193 5197 5196
7893 2 2 1 121 5193 5196 2063
7894 2 2 1 121 2048 5205 121
7895 2 2 1 121 5191 5212 5204
7896 2 2 1 121 121 5205 5193
7897 2 2 1 121 2063 5196 2062
7898 2 2 1 121 5190 5205 2048
7899 2 2 1 121 5195 5207 2050
7900 2 2 1 121 2061 5209 5191
7901 2 2 1 121 2052 5206 2051
7902 2 2 1 121 2062 5209 2061
7903 2 2 1 121 2050 5207 2049
7904 2 2 1 121 2051 5206 5195
7905 2 2 1 121 5191 5211 2060
7906 2 2 1 121 5194 5208 2057
7907 2 2 1 121 2057 5208 2056
7908 2 2 1 121 5192 5206 2052
7909 2 2 1 121 2049 5207 5190
7910 2 2 1 121 2058 5210 5194
7911 2 2 1 121 2056 5208 5189
7912 2 2 1 121 2059 5210 2058
7913 2 2 1 121 2060 5211 2059
7914 2 2 1 121 5199 5212 5197
7915 2 2 1 121 5194 5210 5204
7916 2 2 1 121 5204 5211 5191
7917 2 2 1 121 5196 5209 2062
7918 2 2 1 121 5210 5211 5204
7919 2 2 1 121 2059 5211 5210
7920 2 2 1 122 5224 5230 5216
7921 2 2 1 122 5214 5232 5224
7922 2 2 1 122 5216 5225 5224
7923 2 2 1 122 5219 5230 5224
7924 2 2 1 122 5224 5232 5219
7925 2 2 1 122 5214 5224 5222
7926 2 2 1 122 5213 5226 2071
7927 2 2 1 122 5213 5227 5225
7928 2 2 1 122 2071 5226 2070
7929 2 2 1 122 5213 5231 5227
7930 2 2 1 122 2070 5226 2069
7931 2 2 1 122 2069 5226 5216
7932 2 2 1 122 5225 5226 5213
7933 2 2 1 122 5216 5226 5225
7934 2 2 1 122 5227 5231 5218
7935 2 2 1 122 122 5217 2079
7936 2 2 1 122 2077 5215 2076
7937 2 2 1 122 2067 5219 2066
7938 2 2 1 122 2069 5216 2068
7939 2 2 1 122 2074 5218 2073
7940 2 2 1 122 2065 5214 2064
7941 2 2 1 122 2072 5213 2071
7942 2 2 1 122 5215 5233 5221
7943 2 2 1 122 5224 5225 5223
7944 2 2 1 122 5222 5224 5223
7945 2 2 1 122 5222 5223 5221
7946 2 2 1 122 5221 5236 5215
7947 2 2 1 122 5225 5227 5223
7948 2 2 1 122 5218 5228 5227
7949 2 2 1 122 5222 5229 5214
7950 2 2 1 122 5217 5229 5222
7951 2 2 1 122 5217 5222 5221
7952 2 2 1 122 5228 5236 5227
7953 2 2 1 122 5227 5236 5223
7954 2 2 1 122 5221 5233 5220
7955 2 2 1 122 5217 5221 5220
7956 2 2 1 122 5217 5220 2079
7957 2 2 1 122 2064 5229 122
7958 2 2 1 122 5215 5236 5228
7959 2 2 1 122 122 5229 5217
7960 2 2 1 122 2079 5220 2078
7961 2 2 1 122 5214 5229 2064
7962 2 2 1 122 5219 5232 2066
7963 2 2 1 122 2077 5233 5215
7964 2 2 1 122 2068 5230 2067
7965 2 2 1 122 2078 5233 2077
7966 2 2 1 122 5218 5231 2073
7967 2 2 1 122 2066 5232 2065
7968 2 2 1 122 2067 5230 5219
7969 2 2 1 122 5215 5235 2076
7970 2 2 1 122 2073 5231 2072
7971 2 2 1 122 5216 5230 2068
7972 2 2 1 122 2065 5232 5214
7973 2 2 1 122 2072 5231 5213
7974 2 2 1 122 2074 5234 5218
7975 2 2 1 122 2075 5234 2074
7976 2 2 1 122 2076 5235 2075
7977 2 2 1 122 5223 5236 5221
7978 2 2 1 122 5218 5234 5228
7979 2 2 1 122 5228 5235 5215
7980 2 2 1 122 5220 5233 2078
7981 2 2 1 122 5234 5235 5228
7982 2 2 1 122 2075 5235 5234
7983 2 2 1 123 5237 5256 5246
7984 2 2 1 123 5246 5256 5241
7985 2 2 1 123 5240 5257 5247
7986 2 2 1 123 5247 5257 5243
7987 2 2 1 123 5254 5256 5237
7988 2 2 1 123 5245 5258 5244
7989 2 2 1 123 5238 5258 5245
7990 2 2 1 123 5240 5262 5257
7991 2 2 1 123 5239 5259 5253
7992 2 2 1 123 123 5244 2095
7993 2 2 1 123 5258 5259 5244
7994 2 2 1 123 2083 5243 2082
7995 2 2 1 123 2091 5242 2090
7996 2 2 1 123 2085 5240 2084
7997 2 2 1 123 2094 5239 2093
7998 2 2 1 123 2081 5238 2080
7999 2 2 1 123 2089 5237 2088
8000 2 2 1 123 2087 5241 2086
8001 2 2 1 123 5253 5260 5239
8002 2 2 1 123 5255 5257 5256
8003 2 2 1 123 5253 5259 5255
8004 2 2 1 123 5255 5256 5254
8005 2 2 1 123 5255 5258 5257
8006 2 2 1 123 5253 5255 5254
8007 2 2 1 123 5257 5262 5256
8008 2 2 1 123 5244 5259 5249
8009 2 2 1 123 5249 5259 5239
8010 2 2 1 123 5248 5254 5237
8011 2 2 1 123 5242 5254 5248
8012 2 2 1 123 5253 5254 5242
8013 2 2 1 123 5252 5260 5253
8014 2 2 1 123 5255 5259 5258
8015 2 2 1 123 5257 5261 5243
8016 2 2 1 123 5252 5253 5242
8017 2 2 1 123 5244 5249 2095
8018 2 2 1 123 2080 5245 123
8019 2 2 1 123 5243 5250 2082
8020 2 2 1 123 2093 5260 2092
8021 2 2 1 123 123 5245 5244
8022 2 2 1 123 5242 5248 2090
8023 2 2 1 123 2084 5247 2083
8024 2 2 1 123 2092 5252 2091
8025 2 2 1 123 2085 5251 5240
8026 2 2 1 123 2082 5250 2081
8027 2 2 1 123 2090 5248 2089
8028 2 2 1 123 2086 5251 2085
8029 2 2 1 123 2083 5247 5243
8030 2 2 1 123 2081 5250 5238
8031 2 2 1 123 2094 5249 5239
8032 2 2 1 123 5240 5247 2084
8033 2 2 1 123 2091 5252 5242
8034 2 2 1 123 5239 5260 2093
8035 2 2 1 123 2088 5246 2087
8036 2 2 1 123 5237 5246 2088
8037 2 2 1 123 2087 5246 5241
8038 2 2 1 123 2095 5249 2094
8039 2 2 1 123 2089 5248 5237
8040 2 2 1 123 5241 5251 2086
8041 2 2 1 123 5238 5245 2080
8042 2 2 1 123 5258 5261 5257
8043 2 2 1 123 5256 5262 5241
8044 2 2 1 123 5238 5261 5258
8045 2 2 1 123 2092 5260 5252
8046 2 2 1 123 5243 5261 5250
8047 2 2 1 123 5250 5261 5238
8048 2 2 1 123 5241 5262 5251
8049 2 2 1 123 5251 5262 5240
8050 2 2 1 124 5263 5286 5281
8051 2 2 1 124 5281 5286 5267
8052 2 2 1 124 5273 5282 5266
8053 2 2 1 124 5269 5282 5273
8054 2 2 1 124 5263 5281 5279
8055 2 2 1 124 5270 5283 5271
8056 2 2 1 124 5271 5283 5264
8057 2 2 1 124 5282 5288 5266
8058 2 2 1 124 5278 5284 5265
8059 2 2 1 124 2096 5270 124
8060 2 2 1 124 5270 5284 5283
8061 2 2 1 124 2109 5269 2108
8062 2 2 1 124 2101 5268 2100
8063 2 2 1 124 2107 5266 2106
8064 2 2 1 124 2098 5265 2097
8065 2 2 1 124 2111 5264 2110
8066 2 2 1 124 2105 5267 2104
8067 2 2 1 124 2103 5263 2102
8068 2 2 1 124 5265 5285 5278
8069 2 2 1 124 5281 5282 5280
8070 2 2 1 124 5280 5284 5278
8071 2 2 1 124 5279 5281 5280
8072 2 2 1 124 5282 5283 5280
8073 2 2 1 124 5279 5280 5278
8074 2 2 1 124 5281 5288 5282
8075 2 2 1 124 5272 5284 5270
8076 2 2 1 124 5265 5284 5272
8077 2 2 1 124 5276 5279 5268
8078 2 2 1 124 5263 5279 5276
8079 2 2 1 124 5268 5279 5278
8080 2 2 1 124 5278 5285 5277
8081 2 2 1 124 5283 5284 5280
8082 2 2 1 124 5269 5287 5282
8083 2 2 1 124 5268 5278 5277
8084 2 2 1 124 2096 5272 5270
8085 2 2 1 124 124 5271 2111
8086 2 2 1 124 2109 5274 5269
8087 2 2 1 124 2099 5285 2098
8088 2 2 1 124 5270 5271 124
8089 2 2 1 124 2108 5273 2107
8090 2 2 1 124 2102 5276 2101
8091 2 2 1 124 2100 5277 2099
8092 2 2 1 124 2101 5276 5268
8093 2 2 1 124 5266 5275 2106
8094 2 2 1 124 2110 5274 2109
8095 2 2 1 124 2106 5275 2105
8096 2 2 1 124 5269 5273 2108
8097 2 2 1 124 5265 5272 2097
8098 2 2 1 124 5264 5274 2110
8099 2 2 1 124 2107 5273 5266
8100 2 2 1 124 2098 5285 5265
8101 2 2 1 124 5268 5277 2100
8102 2 2 1 124 2104 5286 2103
8103 2 2 1 124 5267 5286 2104
8104 2 2 1 124 2097 5272 2096
8105 2 2 1 124 2105 5275 5267
8106 2 2 1 124 2111 5271 5264
8107 2 2 1 124 2103 5286 5263
8108 2 2 1 124 5263 5276 2102
8109 2 2 1 124 5282 5287 5283
8110 2 2 1 124 5267 5288 5281
8111 2 2 1 124 5283 5287 5264
8112 2 2 1 124 5277 5285 2099
8113 2 2 1 124 5274 5287 5269
8114 2 2 1 124 5264 5287 5274
8115 2 2 1 124 5275 5288 5267
8116 2 2 1 124 5266 5288 5275
8117 2 2 1 125 5289 5308 5303
8118 2 2 1 125 5303 5308 5293
8119 2 2 1 125 5292 5309 5300
8120 2 2 1 125 5300 5309 5295
8121 2 2 1 125 5306 5308 5289
8122 2 2 1 125 5297 5310 5296
8123 2 2 1 125 5290 5310 5297
8124 2 2 1 125 5292 5314 5309
8125 2 2 1 125 5291 5311 5305
8126 2 2 1 125 125 5296 2127
8127 2 2 1 125 5310 5311 5296
8128 2 2 1 125 2115 5295 2114
8129 2 2 1 125 2123 5294 2122
8130 2 2 1 125 2117 5292 2116
8131 2 2 1 125 2126 5291 2125
8132 2 2 1 125 2113 5290 2112
8133 2 2 1 125 2121 5289 2120
8134 2 2 1 125 2119 5293 2118
8135 2 2 1 125 5305 5312 5291
8136 2 2 1 125 5307 5309 5308
8137 2 2 1 125 5305 5311 5307
8138 2 2 1 125 5307 5308 5306
8139 2 2 1 125 5307 5310 5309
8140 2 2 1 125 5305 5307 5306
8141 2 2 1 125 5309 5314 5308
8142 2 2 1 125 5296 5311 5299
8143 2 2 1 125 5299 5311 5291
8144 2 2 1 125 5301 5306 5289
8145 2 2 1 125 5294 5306 5301
8146 2 2 1 125 5305 5306 5294
8147 2 2 1 125 5304 5312 5305
8148 2 2 1 125 5307 5311 5310
8149 2 2 1 125 5309 5313 5295
8150 2 2 1 125 5304 5305 5294
8151 2 2 1 125 5296 5299 2127
8152 2 2 1 125 2112 5297 125
8153 2 2 1 125 5295 5302 2114
8154 2 2 1 125 2125 5312 2124
8155 2 2 1 125 2118 5298 2117
8156 2 2 1 125 125 5297 5296
8157 2 2 1 125 2116 5300 2115
8158 2 2 1 125 5294 5301 2122
8159 2 2 1 125 2117 5298 5292
8160 2 2 1 125 2124 5304 2123
8161 2 2 1 125 2114 5302 2113
8162 2 2 1 125 2122 5301 2121
8163 2 2 1 125 2115 5300 5295
8164 2 2 1 125 2126 5299 5291
8165 2 2 1 125 2113 5302 5290
8166 2 2 1 125 5292 5300 2116
8167 2 2 1 125 2120 5303 2119
8168 2 2 1 125 2123 5304 5294
8169 2 2 1 125 5291 5312 2125
8170 2 2 1 125 5289 5303 2120
8171 2 2 1 125 2127 5299 2126
8172 2 2 1 125 2121 5301 5289
8173 2 2 1 125 2119 5303 5293
8174 2 2 1 125 5290 5297 2112
8175 2 2 1 125 5293 5298 2118
8176 2 2 1 125 5310 5313 5309
8177 2 2 1 125 5308 5314 5293
8178 2 2 1 125 5290 5313 5310
8179 2 2 1 125 2124 5312 5304
8180 2 2 1 125 5295 5313 5302
8181 2 2 1 125 5302 5313 5290
8182 2 2 1 125 5293 5314 5298
8183 2 2 1 125 5298 5314 5292
8184 2 2 1 126 5318 5332 5326
8185 2 2 1 126 5326 5333 5316
8186 2 2 1 126 5326 5327 5318
8187 2 2 1 126 5326 5332 5321
8188 2 2 1 126 5321 5333 5326
8189 2 2 1 126 5324 5326 5316
8190 2 2 1 126 2136 5328 5315
8191 2 2 1 126 5327 5329 5315
8192 2 2 1 126 2137 5328 2136
8193 2 2 1 126 2138 5328 2137
8194 2 2 1 126 5329 5334 5315
8195 2 2 1 126 5318 5328 2138
8196 2 2 1 126 5315 5328 5327
8197 2 2 1 126 5327 5328 5318
8198 2 2 1 126 5320 5334 5329
8199 2 2 1 126 2128 5319 126
8200 2 2 1 126 2131 5317 2130
8201 2 2 1 126 2141 5321 2140
8202 2 2 1 126 2139 5318 2138
8203 2 2 1 126 2134 5320 2133
8204 2 2 1 126 2143 5316 2142
8205 2 2 1 126 2136 5315 2135
8206 2 2 1 126 5323 5335 5317
8207 2 2 1 126 5325 5327 5326
8208 2 2 1 126 5325 5326 5324
8209 2 2 1 126 5323 5325 5324
8210 2 2 1 126 5317 5338 5323
8211 2 2 1 126 5325 5329 5327
8212 2 2 1 126 5329 5330 5320
8213 2 2 1 126 5316 5331 5324
8214 2 2 1 126 5324 5331 5319
8215 2 2 1 126 5323 5324 5319
8216 2 2 1 126 5329 5338 5330
8217 2 2 1 126 5325 5338 5329
8218 2 2 1 126 5322 5335 5323
8219 2 2 1 126 5322 5323 5319
8220 2 2 1 126 2128 5322 5319
8221 2 2 1 126 126 5331 2143
8222 2 2 1 126 5330 5338 5317
8223 2 2 1 126 5319 5331 126
8224 2 2 1 126 2129 5322 2128
8225 2 2 1 126 2143 5331 5316
8226 2 2 1 126 2141 5333 5321
8227 2 2 1 126 5317 5335 2130
8228 2 2 1 126 2140 5332 2139
8229 2 2 1 126 2130 5335 2129
8230 2 2 1 126 2142 5333 2141
8231 2 2 1 126 2134 5334 5320
8232 2 2 1 126 5321 5332 2140
8233 2 2 1 126 2131 5337 5317
8234 2 2 1 126 2139 5332 5318
8235 2 2 1 126 5316 5333 2142
8236 2 2 1 126 2135 5334 2134
8237 2 2 1 126 5315 5334 2135
8238 2 2 1 126 5320 5336 2133
8239 2 2 1 126 2133 5336 2132
8240 2 2 1 126 2132 5337 2131
8241 2 2 1 126 5323 5338 5325
8242 2 2 1 126 5330 5336 5320
8243 2 2 1 126 5317 5337 5330
8244 2 2 1 126 2129 5335 5322
8245 2 2 1 126 5330 5337 5336
8246 2 2 1 126 5336 5337 2132
8247 2 2 2 127 557 6356 6234
8248 2 2 2 127 781 6355 6233
8249 2 2 2 127 5954 8455 5408
8250 2 2 2 127 7174 7856 7572
8251 2 2 2 127 6109 6837 6203
8252 2 2 2 127 6239 8320 6858
8253 2 2 2 127 6597 6764 6006
8254 2 2 2 127 1843 8437 8218
8255 2 2 2 127 6278 8878 1903
8256 2 2 2 127 5896 6776 1120
8257 2 2 2 127 6689 6866 880
8258 2 2 2 127 1976 7858 6899
8259 2 2 2 127 5791 6388 47
8260 2 2 2 127 103 8844 1760
8261 2 2 2 127 6371 6538 6004
8262 2 2 2 127 62 8037 7484
8263 2 2 2 127 5922 6793 1100
8264 2 2 2 127 1646 6495 1656
8265 2 2 2 127 1086 6500 1096
8266 2 2 2 127 5391 7780 2168
8267 2 2 2 127 1982 6501 1992
8268 2 2 2 127 638 6496 648
8269 2 2 2 127 414 6499 424
8270 2 2 2 127 1422 6502 1432
8271 2 2 2 127 750 6498 760
8272 2 2 2 127 1310 6503 1320
8273 2 2 2 127 190 6497 200
8274 2 2 2 127 7650 7813 7651
8275 2 2 2 127 6368 6646 1769
8276 2 2 2 127 6367 6647 1209
8277 2 2 2 127 6125 6293 5850
8278 2 2 2 127 6972 8334 7518
8279 2 2 2 127 6129 6295 5863
8280 2 2 2 127 7510 7883 7508
8281 2 2 2 127 8183 8333 5938
8282 2 2 2 127 7093 7843 7779
8283 2 2 2 127 5806 6392 5809
8284 2 2 2 127 5521 5522 5402
8285 2 2 2 127 6364 8141 6675
8286 2 2 2 127 1695 6365 98
8287 2 2 2 127 911 6366 49
8288 2 2 2 127 5408 8455 6567
8289 2 2 2 127 5849 6292 6156
8290 2 2 2 127 6376 8324 6569
8291 2 2 2 127 1903 8878 6536
8292 2 2 2 127 7635 7677 7379
8293 2 2 2 127 6297 6337 6134
8294 2 2 2 127 853 8072 854
8295 2 2 2 127 1413 8071 1414
8296 2 2 2 127 7354 8149 7363
8297 2 2 2 127 5548 5550 560
8298 2 2 2 127 7476 7880 7857
8299 2 2 2 127 5809 8269 1566
8300 2 2 2 127 6203 8188 6109
8301 2 2 2 127 5417 8062 6312
8302 2 2 2 127 6061 8402 6584
8303 2 2 2 127 6266 6587 6139
8304 2 2 2 127 5972 6518 6270
8305 2 2 2 127 6656 8561 6279
8306 2 2 2 127 8222 8402 6061
8307 2 2 2 127 7785 7956 7953
8308 2 2 2 127 6573 6785 5866
8309 2 2 2 127 7562 7960 7136
8310 2 2 2 127 7123 7785 7167
8311 2 2 2 127 7574 7805 7253
8312 2 2 2 127 7068 8430 7059
8313 2 2 2 127 5866 6785 5665
8314 2 2 2 127 6349 6779 5818
8315 2 2 2 127 7298 8306 7764
8316 2 2 2 127 6139 6794 6266
8317 2 2 2 127 7361 7636 7423
8318 2 2 2 127 5539 5540 5477
8319 2 2 2 127 559 6525 27
8320 2 2 2 127 783 6526 41
8321 2 2 2 127 8123 8429 7304
8322 2 2 2 127 7328 7456 7326
8323 2 2 2 127 542 6871 6554
8324 2 2 2 127 5787 8572 103
8325 2 2 2 127 5386 7655 7654
8326 2 2 2 127 5764 6326 5674
8327 2 2 2 127 7577 8155 7063
8328 2 2 2 127 6546 8591 8318
8329 2 2 2 127 6075 8042 6341
8330 2 2 2 127 7755 7938 7753
8331 2 2 2 127 6369 6566 5613
8332 2 2 2 127 7498 7967 7651
8333 2 2 2 127 7288 8923 7302
8334 2 2 2 127 7646 8734 7493
8335 2 2 2 127 541 6871 542
8336 2 2 2 127 6324 8450 506
8337 2 2 2 127 6323 8449 282
8338 2 2 2 127 8204 8690 6217
8339 2 2 2 127 7296 7508 7291
8340 2 2 2 127 7489 7813 7650
8341 2 2 2 127 7330 8078 7423
8342 2 2 2 127 7859 8158 6900
8343 2 2 2 127 6569 8324 6007
8344 2 2 2 127 7331 7940 7333
8345 2 2 2 127 6505 6669 6059
8346 2 2 2 127 6417 8558 5381
8347 2 2 2 127 5346 8024 7743
8348 2 2 2 127 6099 8720 658
8349 2 2 2 127 6100 8719 210
8350 2 2 2 127 7069 7076 7066
8351 2 2 2 127 7256 8131 7693
8352 2 2 2 127 6922 7831 6920
8353 2 2 2 127 7864 8358 6943
8354 2 2 2 127 6132 8289 6652
8355 2 2 2 127 7724 7899 7725
8356 2 2 2 127 7657 7798 7146
8357 2 2 2 127 6327 8362 6605
8358 2 2 2 127 7591 8870 7026
8359 2 2 2 127 6001 7997 6296
8360 2 2 2 127 6857 8289 6132
8361 2 2 2 127 7607 7974 7619
8362 2 2 2 127 6570 8657 5677
8363 2 2 2 127 1865 7196 7025
8364 2 2 2 127 7006 7037 7008
8365 2 2 2 127 7440 8099 7846
8366 2 2 2 127 7764 8306 7715
8367 2 2 2 127 7026 7593 7591
8368 2 2 2 127 6965 7947 6963
8369 2 2 2 127 7102 7174 7156
8370 2 2 2 127 1793 8230 1643
8371 2 2 2 127 6524 6591 5399
8372 2 2 2 127 1009 8195 1083
8373 2 2 2 127 7490 7835 7505
8374 2 2 2 127 7612 8316 7491
8375 2 2 2 127 6237 8588 5361
8376 2 2 2 127 7065 7069 7066
8377 2 2 2 127 6450 8183 5938
8378 2 2 2 127 7490 7818 7350
8379 2 2 2 127 5458 6808 6358
8380 2 2 2 127 8208 8727 322
8381 2 2 2 127 5459 6809 6359
8382 2 2 2 127 7377 8252 7431
8383 2 2 2 127 5985 8253 6133
8384 2 2 2 127 6381 8572 5787
8385 2 2 2 127 6296 8157 6001
8386 2 2 2 127 5908 8065 7056
8387 2 2 2 127 6509 6863 6176
8388 2 2 2 127 1003 8644 7889
8389 2 2 2 127 7936 7937 7761
8390 2 2 2 127 7901 8152 7621
8391 2 2 2 127 7196 7660 7558
8392 2 2 2 127 5379 7484 7249
8393 2 2 2 127 6963 7947 6967
8394 2 2 2 127 1843 8218 5484
8395 2 2 2 127 6040 6818 6362
8396 2 2 2 127 5470 7528 7075
8397 2 2 2 127 1246 8730 7630
8398 2 2 2 127 7722 7766 7415
8399 2 2 2 127 6364 6675 6027
8400 2 2 2 127 1719 7909 7824
8401 2 2 2 127 7525 7777 7599
8402 2 2 2 127 5544 5545 5342
8403 2 2 2 127 6538 8056 6852
8404 2 2 2 127 7404 8994 7407
8405 2 2 2 127 7094 7843 7093
8406 2 2 2 127 7665 8045 7005
8407 2 2 2 127 1544 8011 1545
8408 2 2 2 127 7288 7413 7284
8409 2 2 2 127 984 8010 985
8410 2 2 2 127 1880 8012 1881
8411 2 2 2 127 312 8013 313
8412 2 2 2 127 7780 8980 2168
8413 2 2 2 127 7469 8058 7579
8414 2 2 2 127 7621 8552 7329
8415 2 2 2 127 7063 8802 7577
8416 2 2 2 127 6014 6596 1008
8417 2 2 2 127 6525 6593 27
8418 2 2 2 127 7654 7699 5386
8419 2 2 2 127 7941 8006 7923
8420 2 2 2 127 8391 8589 5752
8421 2 2 2 127 7388 7814 7704
8422 2 2 2 127 5541 8670 448
8423 2 2 2 127 6762 8121 6161
8424 2 2 2 127 6307 6635 6127
8425 2 2 2 127 935 6863 6509
8426 2 2 2 127 6526 6599 41
8427 2 2 2 127 5796 6352 5797
8428 2 2 2 127 7328 7546 7456
8429 2 2 2 127 5705 8201 8039
8430 2 2 2 127 7423 8078 7361
8431 2 2 2 127 1881 8012 6340
8432 2 2 2 127 1545 8011 6293
8433 2 2 2 127 7098 7197 7102
8434 2 2 2 127 6976 8277 7564
8435 2 2 2 127 7422 8000 7273
8436 2 2 2 127 985 8010 6295
8437 2 2 2 127 7253 7494 5352
8438 2 2 2 127 7321 8682 7295
8439 2 2 2 127 313 8013 6341
8440 2 2 2 127 5574 5575 5358
8441 2 2 2 127 6843 8287 6197
8442 2 2 2 127 2166 7765 5393
8443 2 2 2 127 7280 7297 7279
8444 2 2 2 127 6217 8711 8204
8445 2 2 2 127 6318 8745 706
8446 2 2 2 127 6319 8746 258
8447 2 2 2 127 7584 7816 7663
8448 2 2 2 127 6320 8749 786
8449 2 2 2 127 6095 6799 6549
8450 2 2 2 127 6096 6798 6550
8451 2 2 2 127 6243 8071 6589
8452 2 2 2 127 6244 8072 6590
8453 2 2 2 127 7826 8485 7314
8454 2 2 2 127 8033 8571 7259
8455 2 2 2 127 5754 5755 5412
8456 2 2 2 127 7402 8758 7905
8457 2 2 2 127 5570 8130 2016
8458 2 2 2 127 79 8613 1376
8459 2 2 2 127 114 8612 1936
8460 2 2 2 127 72 8623 1264
8461 2 2 2 127 100 8621 1712
8462 2 2 2 127 23 8615 480
8463 2 2 2 127 51 8617 928
8464 2 2 2 127 37 8616 704
8465 2 2 2 127 93 8614 1600
8466 2 2 2 127 65 8622 1152
8467 2 2 2 127 9 8618 256
8468 2 2 2 127 86 8611 1488
8469 2 2 2 127 58 8619 1040
8470 2 2 2 127 107 8620 1824
8471 2 2 2 127 6365 8110 98
8472 2 2 2 127 6366 8109 49
8473 2 2 2 127 1509 6859 6024
8474 2 2 2 127 7132 7602 6411
8475 2 2 2 127 5775 5776 5365
8476 2 2 2 127 6546 8318 5494
8477 2 2 2 127 5364 7506 7131
8478 2 2 2 127 872 8009 873
8479 2 2 2 127 8087 8446 6339
8480 2 2 2 127 7417 7928 7463
8481 2 2 2 127 7447 8596 7690
8482 2 2 2 127 7493 7774 7646
8483 2 2 2 127 5790 8063 1328
8484 2 2 2 127 6027 6675 1792
8485 2 2 2 127 706 8739 6318
8486 2 2 2 127 258 8738 6319
8487 2 2 2 127 6852 8056 5539
8488 2 2 2 127 5711 8320 6361
8489 2 2 2 127 1928 6735 1970
8490 2 2 2 127 1144 6725 1186
8491 2 2 2 127 696 6724 738
8492 2 2 2 127 136 6726 178
8493 2 2 2 127 2040 6727 2082
8494 2 2 2 127 1816 6729 1858
8495 2 2 2 127 472 6732 514
8496 2 2 2 127 1480 6733 1522
8497 2 2 2 127 920 6721 962
8498 2 2 2 127 360 6720 402
8499 2 2 2 127 584 6728 626
8500 2 2 2 127 248 6723 290
8501 2 2 2 127 1368 6730 1410
8502 2 2 2 127 1704 6731 1746
8503 2 2 2 127 1256 6719 1298
8504 2 2 2 127 1032 6734 1074
8505 2 2 2 127 808 6722 850
8506 2 2 2 127 1592 6718 1634
8507 2 2 2 127 2147 7916 2146
8508 2 2 2 127 7065 7066 7052
8509 2 2 2 127 7447 7691 7448
8510 2 2 2 127 7037 7783 7008
8511 2 2 2 127 2008 6752 1986
8512 2 2 2 127 1224 6745 1202
8513 2 2 2 127 1672 6749 1650
8514 2 2 2 127 1336 6750 1314
8515 2 2 2 127 440 6742 418
8516 2 2 2 127 1112 6748 1090
8517 2 2 2 127 328 6741 306
8518 2 2 2 127 1560 6751 1538
8519 2 2 2 127 776 6743 754
8520 2 2 2 127 888 6747 866
8521 2 2 2 127 664 6746 642
8522 2 2 2 127 552 6737 530
8523 2 2 2 127 216 6753 194
8524 2 2 2 127 1896 6740 1874
8525 2 2 2 127 1000 6736 978
8526 2 2 2 127 1784 6739 1762
8527 2 2 2 127 1448 6738 1426
8528 2 2 2 127 2120 6744 2098
8529 2 2 2 127 2104 8628 2105
8530 2 2 2 127 5399 6591 6588
8531 2 2 2 127 7027 7628 7032
8532 2 2 2 127 1576 6708 1474
8533 2 2 2 127 1352 6700 1250
8534 2 2 2 127 1464 6705 1362
8535 2 2 2 127 1688 6698 1586
8536 2 2 2 127 2024 6715 1922
8537 2 2 2 127 1912 6714 1810
8538 2 2 2 127 1240 6711 1138
8539 2 2 2 127 904 6713 802
8540 2 2 2 127 1016 6703 914
8541 2 2 2 127 792 6702 690
8542 2 2 2 127 568 6712 466
8543 2 2 2 127 344 6699 242
8544 2 2 2 127 456 6701 354
8545 2 2 2 127 2136 6709 2034
8546 2 2 2 127 680 6710 578
8547 2 2 2 127 232 6707 130
8548 2 2 2 127 1128 6704 1026
8549 2 2 2 127 1800 6706 1698
8550 2 2 2 127 786 8754 6320
8551 2 2 2 127 5710 5711 993
8552 2 2 2 127 7297 8833 7279
8553 2 2 2 127 7271 7278 7269
8554 2 2 2 127 6140 6779 6349
8555 2 2 2 127 6187 6597 6006
8556 2 2 2 127 5800 7945 6073
8557 2 2 2 127 1645 6495 1646
8558 2 2 2 127 1085 6500 1086
8559 2 2 2 127 7279 8833 7304
8560 2 2 2 127 56 6014 1008
8561 2 2 2 127 7809 7821 7549
8562 2 2 2 127 1981 6501 1982
8563 2 2 2 127 5557 6598 5566
8564 2 2 2 127 637 6496 638
8565 2 2 2 127 413 6499 414
8566 2 2 2 127 1421 6502 1422
8567 2 2 2 127 749 6498 750
8568 2 2 2 127 1309 6503 1310
8569 2 2 2 127 7027 7029 7028
8570 2 2 2 127 189 6497 190
8571 2 2 2 127 5396 7916 2147
8572 2 2 2 127 5387 7820 2162
8573 2 2 2 127 1849 7930 1850
8574 2 2 2 127 6968 7947 6965
8575 2 2 2 127 7583 8429 8123
8576 2 2 2 127 6294 8673 6204
8577 2 2 2 127 7708 7962 2176
8578 2 2 2 127 6594 8212 5785
8579 2 2 2 127 7663 8582 7584
8580 2 2 2 127 7456 8655 7770
8581 2 2 2 127 5798 6258 1790
8582 2 2 2 127 5454 8193 1738
8583 2 2 2 127 5848 6293 1533
8584 2 2 2 127 21 5541 448
8585 2 2 2 127 5799 6340 1869
8586 2 2 2 127 5861 6295 973
8587 2 2 2 127 282 8441 6323
8588 2 2 2 127 506 8440 6324
8589 2 2 2 127 5806 5809 1566
8590 2 2 2 127 5810 5819 2126
8591 2 2 2 127 119 5570 2016
8592 2 2 2 127 28 5548 560
8593 2 2 2 127 5893 5894 5434
8594 2 2 2 127 5824 6341 301
8595 2 2 2 127 1881 6340 5453
8596 2 2 2 127 5870 5871 5479
8597 2 2 2 127 5510 8196 618
8598 2 2 2 127 5821 5822 5411
8599 2 2 2 127 5511 8197 1178
8600 2 2 2 127 7029 7039 7031
8601 2 2 2 127 5875 5876 5457
8602 2 2 2 127 7578 8256 8048
8603 2 2 2 127 5905 5906 5439
8604 2 2 2 127 7609 7974 7607
8605 2 2 2 127 7534 7838 7538
8606 2 2 2 127 557 8507 6356
8607 2 2 2 127 781 8508 6355
8608 2 2 2 127 7723 7880 7476
8609 2 2 2 127 105 6027 1792
8610 2 2 2 127 5699 8159 1568
8611 2 2 2 127 6920 7831 6925
8612 2 2 2 127 5447 6316 6145
8613 2 2 2 127 7039 7093 7042
8614 2 2 2 127 5855 6245 5400
8615 2 2 2 127 6066 8186 394
8616 2 2 2 127 5878 6178 819
8617 2 2 2 127 47 8653 864
8618 2 2 2 127 68 8640 1200
8619 2 2 2 127 61 8649 1088
8620 2 2 2 127 54 8644 976
8621 2 2 2 127 96 8647 1648
8622 2 2 2 127 40 8643 752
8623 2 2 2 127 26 8646 528
8624 2 2 2 127 19 8641 416
8625 2 2 2 127 33 8642 640
8626 2 2 2 127 5 8639 192
8627 2 2 2 127 75 8651 1312
8628 2 2 2 127 12 8648 304
8629 2 2 2 127 110 8638 1872
8630 2 2 2 127 117 8652 1984
8631 2 2 2 127 89 8650 1536
8632 2 2 2 127 82 8654 1424
8633 2 2 2 127 124 8645 2096
8634 2 2 2 127 313 6341 5428
8635 2 2 2 127 1769 6646 1770
8636 2 2 2 127 1209 6647 1210
8637 2 2 2 127 5464 8320 6239
8638 2 2 2 127 91 5699 1568
8639 2 2 2 127 5918 5919 5444
8640 2 2 2 127 5904 6198 5417
8641 2 2 2 127 5912 6756 6395
8642 2 2 2 127 48 6689 880
8643 2 2 2 127 6841 6883 6543
8644 2 2 2 127 7253 7805 7495
8645 2 2 2 127 6050 6217 5976
8646 2 2 2 127 6579 8174 5968
8647 2 2 2 127 5950 5951 5447
8648 2 2 2 127 5907 5908 5339
8649 2 2 2 127 7245 8562 7970
8650 2 2 2 127 5948 5949 5475
8651 2 2 2 127 5381 8558 6191
8652 2 2 2 127 5953 6113 5465
8653 2 2 2 127 7082 7553 7069
8654 2 2 2 127 7336 8838 7634
8655 2 2 2 127 5956 6384 1831
8656 2 2 2 127 5962 6358 1626
8657 2 2 2 127 5547 7649 7301
8658 2 2 2 127 5939 6199 5426
8659 2 2 2 127 14 5521 5402
8660 2 2 2 127 5971 6359 2074
8661 2 2 2 127 5374 6491 6084
8662 2 2 2 127 6105 6292 5415
8663 2 2 2 127 5960 6069 279
8664 2 2 2 127 7882 8224 7878
8665 2 2 2 127 5910 5911 5476
8666 2 2 2 127 5980 6371 838
8667 2 2 2 127 7754 8872 7913
8668 2 2 2 127 522 6287 6171
8669 2 2 2 127 5979 6372 1398
8670 2 2 2 127 5976 6148 5420
8671 2 2 2 127 5423 6267 6066
8672 2 2 2 127 6923 7530 2091
8673 2 2 2 127 6199 6602 6051
8674 2 2 2 127 7432 7635 7379
8675 2 2 2 127 5981 6362 1290
8676 2 2 2 127 5978 6018 5421
8677 2 2 2 127 5410 6669 6505
8678 2 2 2 127 6498 6716 5469
8679 2 2 2 127 7243 7255 7240
8680 2 2 2 127 5994 5995 5340
8681 2 2 2 127 7175 7909 1719
8682 2 2 2 127 5965 5966 634
8683 2 2 2 127 6953 7015 6958
8684 2 2 2 127 5458 6109 5987
8685 2 2 2 127 5985 6133 5373
8686 2 2 2 127 5947 6306 5467
8687 2 2 2 127 5463 6101 5985
8688 2 2 2 127 7491 8316 7616
8689 2 2 2 127 6010 6383 5712
8690 2 2 2 127 5430 8445 6396
8691 2 2 2 127 5474 6329 5984
8692 2 2 2 127 6040 6379 5440
8693 2 2 2 127 7137 7869 7812
8694 2 2 2 127 6046 6416 5441
8695 2 2 2 127 6312 8108 5417
8696 2 2 2 127 1414 6243 6000
8697 2 2 2 127 5991 6275 5451
8698 2 2 2 127 5987 6138 5782
8699 2 2 2 127 854 6244 6001
8700 2 2 2 127 6035 8546 8384
8701 2 2 2 127 13 8565 6758
8702 2 2 2 127 5967 5968 5455
8703 2 2 2 127 6341 8042 5428
8704 2 2 2 127 5872 6363 6278
8705 2 2 2 127 5961 6339 5430
8706 2 2 2 127 5936 5937 5352
8707 2 2 2 127 7016 8781 6974
8708 2 2 2 127 6117 6216 5423
8709 2 2 2 127 5439 6390 6116
8710 2 2 2 127 6195 6391 6167
8711 2 2 2 127 8198 8340 7400
8712 2 2 2 127 7681 8682 8345
8713 2 2 2 127 5961 8087 6339
8714 2 2 2 127 6196 6393 6170
8715 2 2 2 127 506 8450 6405
8716 2 2 2 127 282 8449 6402
8717 2 2 2 127 6696 6839 5401
8718 2 2 2 127 6125 8035 6293
8719 2 2 2 127 7229 8407 7228
8720 2 2 2 127 5858 6656 6279
8721 2 2 2 127 5361 8588 6510
8722 2 2 2 127 5506 8112 730
8723 2 2 2 127 6331 6562 204
8724 2 2 2 127 6330 6563 1548
8725 2 2 2 127 5969 6301 5456
8726 2 2 2 127 5952 6186 5499
8727 2 2 2 127 7332 7621 7329
8728 2 2 2 127 7973 8814 7974
8729 2 2 2 127 6288 6450 5938
8730 2 2 2 127 6361 8716 8438
8731 2 2 2 127 7737 7743 7738
8732 2 2 2 127 5383 6227 5997
8733 2 2 2 127 6287 8736 5495
8734 2 2 2 127 5364 6317 6204
8735 2 2 2 127 6129 8047 6295
8736 2 2 2 127 5641 6637 6375
8737 2 2 2 127 7719 7894 7001
8738 2 2 2 127 6109 8189 5987
8739 2 2 2 127 6517 6842 5512
8740 2 2 2 127 6972 7016 6974
8741 2 2 2 127 5728 6828 6
8742 2 2 2 127 5902 5903 5341
8743 2 2 2 127 1638 6808 5458
8744 2 2 2 127 6254 8788 5424
8745 2 2 2 127 1738 8193 6409
8746 2 2 2 127 6082 8772 5431
8747 2 2 2 127 2086 6809 5459
8748 2 2 2 127 7579 7581 7469
8749 2 2 2 127 6032 6177 5725
8750 2 2 2 127 5957 6154 5362
8751 2 2 2 127 5572 6815 6717
8752 2 2 2 127 5806 8499 6392
8753 2 2 2 127 5472 6762 6161
8754 2 2 2 127 618 8196 6401
8755 2 2 2 127 1178 8197 6408
8756 2 2 2 127 7098 7686 7197
8757 2 2 2 127 126 5539 5477
8758 2 2 2 127 6930 6988 6928
8759 2 2 2 127 6585 6812 6368
8760 2 2 2 127 6586 6813 6367
8761 2 2 2 127 394 8186 6399
8762 2 2 2 127 7510 8224 7882
8763 2 2 2 127 1302 6818 6040
8764 2 2 2 127 7298 7551 1457
8765 2 2 2 127 7417 7463 7419
8766 2 2 2 127 6293 8035 1545
8767 2 2 2 127 6030 6365 5724
8768 2 2 2 127 6029 6366 5723
8769 2 2 2 127 6275 6582 5993
8770 2 2 2 127 5430 6396 6118
8771 2 2 2 127 6274 6518 5404
8772 2 2 2 127 5380 6202 6012
8773 2 2 2 127 7628 7952 7032
8774 2 2 2 127 6915 8470 6926
8775 2 2 2 127 6119 8561 6656
8776 2 2 2 127 7572 8276 7174
8777 2 2 2 127 6295 8047 985
8778 2 2 2 127 7822 8207 6908
8779 2 2 2 127 1003 7889 1004
8780 2 2 2 127 6989 6990 6988
8781 2 2 2 127 7451 8209 7782
8782 2 2 2 127 816 8491 6654
8783 2 2 2 127 6952 8041 7922
8784 2 2 2 127 7656 7708 5395
8785 2 2 2 127 1513 8111 1514
8786 2 2 2 127 5850 6293 5848
8787 2 2 2 127 730 8112 6400
8788 2 2 2 127 2000 5754 5412
8789 2 2 2 127 13 6758 320
8790 2 2 2 127 7450 8007 7944
8791 2 2 2 127 7546 7830 7456
8792 2 2 2 127 5810 6296 5819
8793 2 2 2 127 6075 6341 5824
8794 2 2 2 127 5492 6264 6164
8795 2 2 2 127 7278 8488 7269
8796 2 2 2 127 5863 6295 5861
8797 2 2 2 127 170 6855 6406
8798 2 2 2 127 5491 6265 6163
8799 2 2 2 127 6777 8761 6345
8800 2 2 2 127 7003 7027 7002
8801 2 2 2 127 5834 6547 765
8802 2 2 2 127 6218 6569 6007
8803 2 2 2 127 5767 6542 6218
8804 2 2 2 127 318 6188 319
8805 2 2 2 127 2112 6371 2113
8806 2 2 2 127 2112 125 839
8807 2 2 2 127 1552 90 1399
8808 2 2 2 127 1552 6372 1553
8809 2 2 2 127 6528 6844 5438
8810 2 2 2 127 7413 7951 7284
8811 2 2 2 127 5959 8761 6777
8812 2 2 2 127 6303 9019 8489
8813 2 2 2 127 6525 6787 374
8814 2 2 2 127 7170 7171 7114
8815 2 2 2 127 6526 6788 150
8816 2 2 2 127 7006 7520 7037
8817 2 2 2 127 7123 9049 7082
8818 2 2 2 127 6993 7002 6990
8819 2 2 2 127 522 6887 6287
8820 2 2 2 127 6332 8174 6579
8821 2 2 2 127 7990 8174 6332
8822 2 2 2 127 7603 7858 7602
8823 2 2 2 127 5980 6538 6371
8824 2 2 2 127 7015 7344 6958
8825 2 2 2 127 7838 7839 7538
8826 2 2 2 127 5415 6292 5849
8827 2 2 2 127 7019 7947 6968
8828 2 2 2 127 7704 7814 7643
8829 2 2 2 127 6059 9035 6505
8830 2 2 2 127 5426 6199 6051
8831 2 2 2 127 5973 6359 5971
8832 2 2 2 127 2176 7962 2175
8833 2 2 2 127 5676 8588 7984
8834 2 2 2 127 1440 5775 5365
8835 2 2 2 127 8039 8201 6227
8836 2 2 2 127 5964 6358 5962
8837 2 2 2 127 5342 5896 1120
8838 2 2 2 127 8401 8531 6028
8839 2 2 2 127 1514 8111 6687
8840 2 2 2 127 76 5790 1328
8841 2 2 2 127 7126 8674 7553
8842 2 2 2 127 5752 8589 6657
8843 2 2 2 127 6880 7983 1755
8844 2 2 2 127 5429 6855 170
8845 2 2 2 127 6127 8570 6307
8846 2 2 2 127 6881 7982 1195
8847 2 2 2 127 5410 6822 6669
8848 2 2 2 127 5666 6545 6374
8849 2 2 2 127 7070 7082 7069
8850 2 2 2 127 7136 8801 7562
8851 2 2 2 127 7693 8118 7256
8852 2 2 2 127 5867 5868 5344
8853 2 2 2 127 7698 7777 7525
8854 2 2 2 127 1439 6218 6007
8855 2 2 2 127 7975 8075 6047
8856 2 2 2 127 7463 8763 7465
8857 2 2 2 127 6589 8071 1402
8858 2 2 2 127 6590 8072 842
8859 2 2 2 127 2074 6809 2075
8860 2 2 2 127 1626 6808 1627
8861 2 2 2 127 5543 6800 6391
8862 2 2 2 127 1290 6818 1291
8863 2 2 2 127 7083 7123 7082
8864 2 2 2 127 7782 8209 7683
8865 2 2 2 127 6949 7493 6953
8866 2 2 2 127 8130 8354 2016
8867 2 2 2 127 6009 6572 6346
8868 2 2 2 127 7678 7903 7513
8869 2 2 2 127 7868 7869 7137
8870 2 2 2 127 7829 8277 6976
8871 2 2 2 127 5661 8028 6794
8872 2 2 2 127 5451 6275 5993
8873 2 2 2 127 5517 6756 6490
8874 2 2 2 127 2151 7891 5388
8875 2 2 2 127 1775 5787 103
8876 2 2 2 127 7228 8407 7225
8877 2 2 2 127 7775 7944 7615
8878 2 2 2 127 6794 8028 6266
8879 2 2 2 127 63 5544 5342
8880 2 2 2 127 6022 7308 7237
8881 2 2 2 127 6252 8212 6594
8882 2 2 2 127 992 5710 993
8883 2 2 2 127 5799 8342 6340
8884 2 2 2 127 5682 6803 6393
8885 2 2 2 127 658 8016 6099
8886 2 2 2 127 210 8017 6100
8887 2 2 2 127 6938 7864 6943
8888 2 2 2 127 6675 8141 5509
8889 2 2 2 127 6383 8770 6269
8890 2 2 2 127 6101 8253 5985
8891 2 2 2 127 615 8349 8313
8892 2 2 2 127 5734 8145 8052
8893 2 2 2 127 6071 8342 5799
8894 2 2 2 127 616 8313 6557
8895 2 2 2 127 318 8532 6188
8896 2 2 2 127 5968 6152 5455
8897 2 2 2 127 5379 6209 6013
8898 2 2 2 127 1342 5789 1343
8899 2 2 2 127 7215 8151 7212
8900 2 2 2 127 8052 8145 6527
8901 2 2 2 127 6671 7991 503
8902 2 2 2 127 8395 8729 770
8903 2 2 2 127 27 5988 544
8904 2 2 2 127 5404 6518 5972
8905 2 2 2 127 6925 7442 6919
8906 2 2 2 127 7587 8545 8162
8907 2 2 2 127 8092 8414 7933
8908 2 2 2 127 7162 8744 7047
8909 2 2 2 127 5484 8218 6384
8910 2 2 2 127 7291 8923 7288
8911 2 2 2 127 7225 9003 7224
8912 2 2 2 127 5675 6838 6370
8913 2 2 2 127 7636 8357 7423
8914 2 2 2 127 2166 8980 7765
8915 2 2 2 127 6235 8728 8601
8916 2 2 2 127 6236 8725 8600
8917 2 2 2 127 42 5574 5358
8918 2 2 2 127 8065 8902 7056
8919 2 2 2 127 7434 7435 7432
8920 2 2 2 127 41 5999 768
8921 2 2 2 127 8403 8733 1106
8922 2 2 2 127 1776 6571 6346
8923 2 2 2 127 5760 8337 6357
8924 2 2 2 127 1772 8061 6039
8925 2 2 2 127 6912 6915 6914
8926 2 2 2 127 7279 8541 7277
8927 2 2 2 127 7463 7465 7464
8928 2 2 2 127 6821 8142 6238
8929 2 2 2 127 7042 7598 7045
8930 2 2 2 127 223 5728 6
8931 2 2 2 127 7690 7691 7447
8932 2 2 2 127 7465 7714 7467
8933 2 2 2 127 5878 8375 6178
8934 2 2 2 127 6520 6816 166
8935 2 2 2 127 6519 6817 390
8936 2 2 2 127 5794 8503 7449
8937 2 2 2 127 6410 6831 5488
8938 2 2 2 127 5983 8154 2088
8939 2 2 2 127 6044 6573 5357
8940 2 2 2 127 6240 8375 5878
8941 2 2 2 127 1342 8108 5789
8942 2 2 2 127 879 5791 47
8943 2 2 2 127 1100 6793 5355
8944 2 2 2 127 208 6560 209
8945 2 2 2 127 656 6561 657
8946 2 2 2 127 224 6558 225
8947 2 2 2 127 672 6559 673
8948 2 2 2 127 7027 7028 7002
8949 2 2 2 127 7772 7786 5391
8950 2 2 2 127 7874 8860 7966
8951 2 2 2 127 5340 8105 6532
8952 2 2 2 127 7549 7810 7809
8953 2 2 2 127 6915 6926 6916
8954 2 2 2 127 7296 8908 7508
8955 2 2 2 127 6761 6762 5472
8956 2 2 2 127 6418 8456 6241
8957 2 2 2 127 5973 8254 6359
8958 2 2 2 127 7240 8866 7238
8959 2 2 2 127 6934 7680 6987
8960 2 2 2 127 6763 6764 5478
8961 2 2 2 127 7260 7261 7259
8962 2 2 2 127 5723 6575 6142
8963 2 2 2 127 5724 6574 6141
8964 2 2 2 127 5970 8362 6327
8965 2 2 2 127 7915 8971 8139
8966 2 2 2 127 7480 8311 7482
8967 2 2 2 127 6056 8212 6252
8968 2 2 2 127 7146 8404 7058
8969 2 2 2 127 2112 8505 6371
8970 2 2 2 127 7082 9049 7126
8971 2 2 2 127 7339 8790 7334
8972 2 2 2 127 7704 8298 7601
8973 2 2 2 127 1552 8506 6372
8974 2 2 2 127 6284 6848 5986
8975 2 2 2 127 27 6593 5988
8976 2 2 2 127 7889 8644 54
8977 2 2 2 127 7058 8404 7060
8978 2 2 2 127 6149 8320 5711
8979 2 2 2 127 7634 8785 7336
8980 2 2 2 127 6926 6928 6927
8981 2 2 2 127 5713 8588 5676
8982 2 2 2 127 7648 8149 8148
8983 2 2 2 127 7758 7964 7939
8984 2 2 2 127 1844 5793 1845
8985 2 2 2 127 6252 6594 5353
8986 2 2 2 127 1172 5905 5439
8987 2 2 2 127 1565 5806 1566
8988 2 2 2 127 1789 5798 1790
8989 2 2 2 127 2125 5810 2126
8990 2 2 2 127 1566 8269 1567
8991 2 2 2 127 8318 8591 6242
8992 2 2 2 127 948 5892 949
8993 2 2 2 127 612 5893 5434
8994 2 2 2 127 6781 7760 5360
8995 2 2 2 127 5707 6716 6498
8996 2 2 2 127 764 5834 765
8997 2 2 2 127 1901 5870 5479
8998 2 2 2 127 1868 5799 1869
8999 2 2 2 127 2049 5921 2050
9000 2 2 2 127 221 6160 222
9001 2 2 2 127 5787 6420 6381
9002 2 2 2 127 6566 8295 5613
9003 2 2 2 127 539 5860 540
9004 2 2 2 127 314 5935 315
9005 2 2 2 127 1532 5848 1533
9006 2 2 2 127 6978 7564 7014
9007 2 2 2 127 7734 7740 7737
9008 2 2 2 127 7435 7635 7432
9009 2 2 2 127 41 6599 5999
9010 2 2 2 127 333 5875 5457
9011 2 2 2 127 300 5824 301
9012 2 2 2 127 7686 8399 7138
9013 2 2 2 127 747 6246 748
9014 2 2 2 127 1307 6247 1308
9015 2 2 2 127 972 5861 973
9016 2 2 2 127 5793 8486 1845
9017 2 2 2 127 675 5821 5411
9018 2 2 2 127 1677 6166 1678
9019 2 2 2 127 6386 8791 5442
9020 2 2 2 127 7922 7941 7923
9021 2 2 2 127 5901 8142 6821
9022 2 2 2 127 522 6171 523
9023 2 2 2 127 7029 8127 7811
9024 2 2 2 127 260 6552 6050
9025 2 2 2 127 7045 7162 7047
9026 2 2 2 127 1341 5904 5417
9027 2 2 2 127 6375 8251 5641
9028 2 2 2 127 708 6551 6516
9029 2 2 2 127 5447 6145 930
9030 2 2 2 127 1659 6194 1660
9031 2 2 2 127 203 6331 204
9032 2 2 2 127 1547 6330 1548
9033 2 2 2 127 389 6519 390
9034 2 2 2 127 165 6520 166
9035 2 2 2 127 6346 6571 6009
9036 2 2 2 127 373 6525 374
9037 2 2 2 127 149 6526 150
9038 2 2 2 127 669 6262 5343
9039 2 2 2 127 7882 7883 7510
9040 2 2 2 127 818 5878 819
9041 2 2 2 127 5767 6218 1438
9042 2 2 2 127 1434 6057 1435
9043 2 2 2 127 1958 6260 1959
9044 2 2 2 127 6848 8133 5986
9045 2 2 2 127 1060 5918 5444
9046 2 2 2 127 6063 6237 276
9047 2 2 2 127 1061 5938 1062
9048 2 2 2 127 297 6325 298
9049 2 2 2 127 7870 8124 7853
9050 2 2 2 127 227 5855 5400
9051 2 2 2 127 5968 6592 6152
9052 2 2 2 127 146 6252 5353
9053 2 2 2 127 5493 6058 1045
9054 2 2 2 127 6568 8208 322
9055 2 2 2 127 2051 5958 2052
9056 2 2 2 127 7048 7862 7848
9057 2 2 2 127 1772 6039 1773
9058 2 2 2 127 5710 6010 5712
9059 2 2 2 127 261 6050 5976
9060 2 2 2 127 6297 6889 6337
9061 2 2 2 127 709 6516 5978
9062 2 2 2 127 1830 5956 1831
9063 2 2 2 127 1902 6278 1903
9064 2 2 2 127 1994 5907 5339
9065 2 2 2 127 929 5950 5447
9066 2 2 2 127 7358 8306 1456
9067 2 2 2 127 1776 6346 1777
9068 2 2 2 127 1658 5910 5476
9069 2 2 2 127 7797 7818 7487
9070 2 2 2 127 5964 6837 6358
9071 2 2 2 127 971 6417 5381
9072 2 2 2 127 1774 5954 5408
9073 2 2 2 127 5420 8077 6492
9074 2 2 2 127 593 5939 5426
9075 2 2 2 127 1531 6105 5415
9076 2 2 2 127 8061 8303 6539
9077 2 2 2 127 278 5960 279
9078 2 2 2 127 7261 9040 7259
9079 2 2 2 127 7423 7940 7331
9080 2 2 2 127 6255 6568 321
9081 2 2 2 127 616 6557 617
9082 2 2 2 127 502 6085 503
9083 2 2 2 127 1771 6180 1772
9084 2 2 2 127 1211 6181 1212
9085 2 2 2 127 816 6654 817
9086 2 2 2 127 1828 6184 1829
9087 2 2 2 127 1937 5953 5465
9088 2 2 2 127 5872 6278 5479
9089 2 2 2 127 1194 6215 1195
9090 2 2 2 127 7039 7042 7031
9091 2 2 2 127 1754 5940 1755
9092 2 2 2 127 481 5948 5475
9093 2 2 2 127 277 6237 5361
9094 2 2 2 127 7899 9046 7725
9095 2 2 2 127 299 6082 5431
9096 2 2 2 127 1625 5962 1626
9097 2 2 2 127 7029 7031 7028
9098 2 2 2 127 202 6168 5450
9099 2 2 2 127 7553 8674 7610
9100 2 2 2 127 837 5980 838
9101 2 2 2 127 6768 8076 5870
9102 2 2 2 127 5374 6084 1193
9103 2 2 2 127 6021 6508 1572
9104 2 2 2 127 1397 5979 1398
9105 2 2 2 127 1153 5947 5467
9106 2 2 2 127 2073 5971 2074
9107 2 2 2 127 351 8208 5521
9108 2 2 2 127 6056 6252 145
9109 2 2 2 127 6590 7997 6244
9110 2 2 2 127 6085 6671 503
9111 2 2 2 127 8008 8296 1418
9112 2 2 2 127 7231 8949 7230
9113 2 2 2 127 6391 6800 6167
9114 2 2 2 127 6771 8175 5875
9115 2 2 2 127 5423 6066 393
9116 2 2 2 127 6374 6823 5666
9117 2 2 2 127 6601 8260 5512
9118 2 2 2 127 5421 8087 6494
9119 2 2 2 127 6600 8261 5513
9120 2 2 2 127 710 5978 5421
9121 2 2 2 127 262 5976 5420
9122 2 2 2 127 6766 8261 6310
9123 2 2 2 127 2087 5983 2088
9124 2 2 2 127 893 5902 5341
9125 2 2 2 127 1098 6254 5424
9126 2 2 2 127 1229 5936 5352
9127 2 2 2 127 1289 5981 1290
9128 2 2 2 127 1601 5957 5362
9129 2 2 2 127 969 6142 6083
9130 2 2 2 127 1046 6058 5422
9131 2 2 2 127 5439 6116 1173
9132 2 2 2 127 633 5965 634
9133 2 2 2 127 7706 8248 7218
9134 2 2 2 127 407 6044 5357
9135 2 2 2 127 5458 5987 1639
9136 2 2 2 127 910 8728 6235
9137 2 2 2 127 1694 8725 6236
9138 2 2 2 127 1330 8732 1331
9139 2 2 2 127 1890 8731 1891
9140 2 2 2 127 1218 8730 1219
9141 2 2 2 127 1554 8722 1555
9142 2 2 2 127 994 8716 995
9143 2 2 2 127 546 8724 547
9144 2 2 2 127 1442 8726 1443
9145 2 2 2 127 770 8729 771
9146 2 2 2 127 2002 8717 2003
9147 2 2 2 127 882 8728 883
9148 2 2 2 127 658 8720 659
9149 2 2 2 127 322 8727 323
9150 2 2 2 127 2114 8723 2115
9151 2 2 2 127 210 8719 211
9152 2 2 2 127 434 8721 435
9153 2 2 2 127 1778 8718 1779
9154 2 2 2 127 1666 8725 1667
9155 2 2 2 127 1106 8733 1107
9156 2 2 2 127 762 6162 763
9157 2 2 2 127 632 5985 5373
9158 2 2 2 127 5463 5985 631
9159 2 2 2 127 2019 6601 5512
9160 2 2 2 127 451 6600 5513
9161 2 2 2 127 6393 6803 6170
9162 2 2 2 127 1192 5984 5374
9163 2 2 2 127 5340 6532 1752
9164 2 2 2 127 1751 5994 5340
9165 2 2 2 127 1414 6000 1415
9166 2 2 2 127 6529 8243 6172
9167 2 2 2 127 854 6001 855
9168 2 2 2 127 5521 8208 5998
9169 2 2 2 127 5474 5984 1191
9170 2 2 2 127 686 8720 6099
9171 2 2 2 127 238 8719 6100
9172 2 2 2 127 433 6195 6167
9173 2 2 2 127 743 6046 5441
9174 2 2 2 127 183 5991 5451
9175 2 2 2 127 1303 6040 5440
9176 2 2 2 127 184 5992 185
9177 2 2 2 127 390 6554 391
9178 2 2 2 127 166 6553 167
9179 2 2 2 127 6039 8350 6426
9180 2 2 2 127 7641 7861 7163
9181 2 2 2 127 1417 6338 1418
9182 2 2 2 127 1267 6172 1268
9183 2 2 2 127 1640 5987 5782
9184 2 2 2 127 1889 6196 6170
9185 2 2 2 127 5723 6142 968
9186 2 2 2 127 5724 6141 1528
9187 2 2 2 127 744 6308 745
9188 2 2 2 127 1304 6310 1305
9189 2 2 2 127 5413 6521 6081
9190 2 2 2 127 6181 6697 1212
9191 2 2 2 127 84 7358 1456
9192 2 2 2 127 6549 6799 788
9193 2 2 2 127 6550 6798 340
9194 2 2 2 127 5412 6174 2001
9195 2 2 2 127 2072 6274 5404
9196 2 2 2 127 7465 7467 7466
9197 2 2 2 127 5444 6288 5938
9198 2 2 2 127 1508 5867 5344
9199 2 2 2 127 392 6117 5423
9200 2 2 2 127 5823 6418 6241
9201 2 2 2 127 6280 8657 6570
9202 2 2 2 127 6388 8070 5902
9203 2 2 2 127 5383 5997 1382
9204 2 2 2 127 5517 6490 487
9205 2 2 2 127 7785 7953 7167
9206 2 2 2 127 724 5961 5430
9207 2 2 2 127 7363 8149 7648
9208 2 2 2 127 5420 6492 263
9209 2 2 2 127 747 8354 6246
9210 2 2 2 127 5364 6204 2110
9211 2 2 2 127 1307 8355 6247
9212 2 2 2 127 6428 8254 5975
9213 2 2 2 127 836 5967 5455
9214 2 2 2 127 6005 8412 8375
9215 2 2 2 127 2049 8315 5921
9216 2 2 2 127 785 5952 5499
9217 2 2 2 127 6255 8183 6568
9218 2 2 2 127 6600 8094 1306
9219 2 2 2 127 6601 8093 746
9220 2 2 2 127 5493 8036 6058
9221 2 2 2 127 432 8022 6195
9222 2 2 2 127 6047 8075 896
9223 2 2 2 127 5421 6494 711
9224 2 2 2 127 7436 8385 7435
9225 2 2 2 127 5492 6164 2053
9226 2 2 2 127 1888 8021 6196
9227 2 2 2 127 5380 6853 6202
9228 2 2 2 127 6172 8243 6882
9229 2 2 2 127 6193 6412 5981
9230 2 2 2 127 8022 8219 6195
9231 2 2 2 127 614 6571 615
9232 2 2 2 127 5491 6163 1269
9233 2 2 2 127 1403 8071 1413
9234 2 2 2 127 8021 8220 6196
9235 2 2 2 127 314 8290 5935
9236 2 2 2 127 843 8072 853
9237 2 2 2 127 6551 8138 6516
9238 2 2 2 127 1396 5969 5456
9239 2 2 2 127 7259 9040 7303
9240 2 2 2 127 7456 8825 7326
9241 2 2 2 127 6898 6901 6897
9242 2 2 2 127 6909 6910 6903
9243 2 2 2 127 1022 8716 6361
9244 2 2 2 127 1900 6768 5870
9245 2 2 2 127 450 8094 6600
9246 2 2 2 127 2018 8093 6601
9247 2 2 2 127 2113 6371 6004
9248 2 2 2 127 7138 8416 7686
9249 2 2 2 127 7269 9046 7268
9250 2 2 2 127 6260 7095 1959
9251 2 2 2 127 6552 8542 6050
9252 2 2 2 127 6696 7816 6695
9253 2 2 2 127 6296 7997 5819
9254 2 2 2 127 5764 6804 6326
9255 2 2 2 127 332 6771 5875
9256 2 2 2 127 6666 8807 6289
9257 2 2 2 127 220 6761 5472
9258 2 2 2 127 6326 6773 5400
9259 2 2 2 127 7069 8299 7076
9260 2 2 2 127 1676 6763 5478
9261 2 2 2 127 7201 7623 7203
9262 2 2 2 127 7491 8170 7612
9263 2 2 2 127 6198 8062 5417
9264 2 2 2 127 7212 8151 7213
9265 2 2 2 127 1434 8331 6057
9266 2 2 2 127 5380 6012 769
9267 2 2 2 127 148 6032 5725
9268 2 2 2 127 5430 6118 725
9269 2 2 2 127 2151 9039 7891
9270 2 2 2 127 1099 5922 1100
9271 2 2 2 127 6023 8028 6672
9272 2 2 2 127 7023 7665 7005
9273 2 2 2 127 856 5996 857
9274 2 2 2 127 7596 8409 7871
9275 2 2 2 127 7495 7805 7501
9276 2 2 2 127 6926 6930 6928
9277 2 2 2 127 5412 6717 6174
9278 2 2 2 127 5938 8333 1062
9279 2 2 2 127 7634 8838 7703
9280 2 2 2 127 7776 8811 7472
9281 2 2 2 127 7857 7880 7290
9282 2 2 2 127 5365 6015 1441
9283 2 2 2 127 2130 6807 2131
9284 2 2 2 127 2172 7768 5394
9285 2 2 2 127 1120 6776 1121
9286 2 2 2 127 6352 8397 5797
9287 2 2 2 127 7916 7917 2146
9288 2 2 2 127 6194 8153 1660
9289 2 2 2 127 7505 7835 7303
9290 2 2 2 127 5450 7990 6332
9291 2 2 2 127 7830 8655 7456
9292 2 2 2 127 8249 8690 8204
9293 2 2 2 127 6833 8279 5658
9294 2 2 2 127 6262 8116 5343
9295 2 2 2 127 1509 6024 1510
9296 2 2 2 127 6911 6912 6910
9297 2 2 2 127 7405 8338 7732
9298 2 2 2 127 7551 7764 7552
9299 2 2 2 127 6165 8342 6775
9300 2 2 2 127 1553 6372 6017
9301 2 2 2 127 5772 8807 6666
9302 2 2 2 127 1527 6030 5724
9303 2 2 2 127 967 6029 5723
9304 2 2 2 127 7758 8335 7965
9305 2 2 2 127 7530 7895 7454
9306 2 2 2 127 821 8275 822
9307 2 2 2 127 485 8274 486
9308 2 2 2 127 5360 8239 6781
9309 2 2 2 127 7185 8298 7704
9310 2 2 2 127 7047 8744 7163
9311 2 2 2 127 822 8275 6562
9312 2 2 2 127 486 8274 6563
9313 2 2 2 127 5892 8205 949
9314 2 2 2 127 7509 8908 7296
9315 2 2 2 127 539 8199 5860
9316 2 2 2 127 6242 6822 898
9317 2 2 2 127 6326 6804 6773
9318 2 2 2 127 7258 7259 7248
9319 2 2 2 127 2173 7768 2172
9320 2 2 2 127 2130 8255 6807
9321 2 2 2 127 7630 8730 1218
9322 2 2 2 127 6160 8203 222
9323 2 2 2 127 6141 6784 1529
9324 2 2 2 127 6058 8156 5422
9325 2 2 2 127 7986 8707 7010
9326 2 2 2 127 5712 6383 6269
9327 2 2 2 127 7666 8371 6928
9328 2 2 2 127 899 6822 5410
9329 2 2 2 127 1757 6812 6585
9330 2 2 2 127 1197 6813 6586
9331 2 2 2 127 207 8412 6005
9332 2 2 2 127 5987 8189 6138
9333 2 2 2 127 7250 8363 7651
9334 2 2 2 127 5821 8368 6093
9335 2 2 2 127 6166 8211 1678
9336 2 2 2 127 5513 8261 6766
9337 2 2 2 127 6242 8591 6822
9338 2 2 2 127 6976 7564 6978
9339 2 2 2 127 6516 8245 5978
9340 2 2 2 127 2090 7411 6923
9341 2 2 2 127 6083 6866 6689
9342 2 2 2 127 6263 8589 8391
9343 2 2 2 127 7273 8000 7271
9344 2 2 2 127 7421 8804 7275
9345 2 2 2 127 7010 8707 7009
9346 2 2 2 127 7045 7598 7162
9347 2 2 2 127 7449 8503 8489
9348 2 2 2 127 5495 8736 34
9349 2 2 2 127 674 8368 5821
9350 2 2 2 127 1828 8182 6184
9351 2 2 2 127 6063 7984 6237
9352 2 2 2 127 6204 8312 6294
9353 2 2 2 127 7413 9029 7414
9354 2 2 2 127 6901 7682 6909
9355 2 2 2 127 7402 7905 7784
9356 2 2 2 127 297 8285 6325
9357 2 2 2 127 935 6509 936
9358 2 2 2 127 166 6816 6553
9359 2 2 2 127 390 6817 6554
9360 2 2 2 127 5512 6842 2020
9361 2 2 2 127 6180 8061 1772
9362 2 2 2 127 6338 8008 1418
9363 2 2 2 127 444 6386 5442
9364 2 2 2 127 7289 7291 7288
9365 2 2 2 127 208 8285 6560
9366 2 2 2 127 6945 6999 6947
9367 2 2 2 127 6901 6903 6902
9368 2 2 2 127 6243 8481 6000
9369 2 2 2 127 1943 6515 1944
9370 2 2 2 127 6204 8673 2111
9371 2 2 2 127 7076 7098 7077
9372 2 2 2 127 1010 1009 1083
9373 2 2 2 127 1793 1643 1794
9374 2 2 2 127 5491 6882 6265
9375 2 2 2 127 799 6610 5574
9376 2 2 2 127 6370 8699 5675
9377 2 2 2 127 7487 7488 7485
9378 2 2 2 127 7416 8966 7417
9379 2 2 2 127 6518 6760 6270
9380 2 2 2 127 7645 7697 7119
9381 2 2 2 127 5958 8259 2052
9382 2 2 2 127 5379 6013 1105
9383 2 2 2 127 5438 6844 1684
9384 2 2 2 127 7052 7665 7023
9385 2 2 2 127 7027 7032 7029
9386 2 2 2 127 7574 8768 7805
9387 2 2 2 127 5940 6880 1755
9388 2 2 2 127 6215 6881 1195
9389 2 2 2 127 7053 7065 7052
9390 2 2 2 127 6339 8445 5430
9391 2 2 2 127 6168 7990 5450
9392 2 2 2 127 1420 6870 1421
9393 2 2 2 127 7481 8560 7438
9394 2 2 2 127 8075 8318 6242
9395 2 2 2 127 6930 6989 6988
9396 2 2 2 127 8000 8311 7804
9397 2 2 2 127 8382 8526 6345
9398 2 2 2 127 6142 6866 6083
9399 2 2 2 127 6949 8326 7493
9400 2 2 2 127 5807 6885 6878
9401 2 2 2 127 5984 8863 5374
9402 2 2 2 127 7691 7692 7448
9403 2 2 2 127 6756 8451 6395
9404 2 2 2 127 7749 7760 6781
9405 2 2 2 127 6184 6521 5413
9406 2 2 2 127 7334 8899 7339
9407 2 2 2 127 5796 6570 6352
9408 2 2 2 127 296 6845 6560
9409 2 2 2 127 520 6846 6561
9410 2 2 2 127 1135 6680 5544
9411 2 2 2 127 7856 8101 7661
9412 2 2 2 127 7673 8364 8113
9413 2 2 2 127 6878 8499 5807
9414 2 2 2 127 6329 8397 5984
9415 2 2 2 127 6264 8168 6164
9416 2 2 2 127 6265 8167 6163
9417 2 2 2 127 430 8918 6134
9418 2 2 2 127 5396 8971 7915
9419 2 2 2 127 7421 8162 7710
9420 2 2 2 127 7651 7813 7498
9421 2 2 2 127 6522 8282 316
9422 2 2 2 127 6162 8221 763
9423 2 2 2 127 6000 8481 6392
9424 2 2 2 127 8397 8863 5984
9425 2 2 2 127 1328 8063 5366
9426 2 2 2 127 8119 8565 335
9427 2 2 2 127 7988 8002 7376
9428 2 2 2 127 6286 8259 8043
9429 2 2 2 127 7944 8007 7159
9430 2 2 2 127 316 8282 317
9431 2 2 2 127 6960 7439 6962
9432 2 2 2 127 1267 8238 6172
9433 2 2 2 127 7969 7996 7898
9434 2 2 2 127 6306 8495 5467
9435 2 2 2 127 7533 7537 7535
9436 2 2 2 127 5992 7979 185
9437 2 2 2 127 2129 6877 2130
9438 2 2 2 127 7042 8389 7598
9439 2 2 2 127 6169 6764 6597
9440 2 2 2 127 7230 8949 7229
9441 2 2 2 127 728 8356 729
9442 2 2 2 127 6636 8083 6018
9443 2 2 2 127 1176 8352 1177
9444 2 2 2 127 1195 7982 1196
9445 2 2 2 127 1755 7983 1756
9446 2 2 2 127 6141 8046 6784
9447 2 2 2 127 7752 8872 7754
9448 2 2 2 127 6308 8260 745
9449 2 2 2 127 6870 8479 1421
9450 2 2 2 127 6310 8261 1305
9451 2 2 2 127 892 6388 5902
9452 2 2 2 127 7152 8661 7130
9453 2 2 2 127 7742 7743 7737
9454 2 2 2 127 5383 6229 6228
9455 2 2 2 127 6263 8344 5411
9456 2 2 2 127 5494 8318 952
9457 2 2 2 127 952 8318 6143
9458 2 2 2 127 5411 8344 6772
9459 2 2 2 127 901 8712 44
9460 2 2 2 127 7039 7094 7093
9461 2 2 2 127 1177 8352 6533
9462 2 2 2 127 729 8356 6536
9463 2 2 2 127 5996 8239 857
9464 2 2 2 127 6912 6914 6910
9465 2 2 2 127 6134 8270 6297
9466 2 2 2 127 6292 8283 6156
9467 2 2 2 127 8053 8334 7001
9468 2 2 2 127 7538 7839 7789
9469 2 2 2 127 1769 6585 6368
9470 2 2 2 127 1209 6586 6367
9471 2 2 2 127 8121 8418 6161
9472 2 2 2 127 521 6887 522
9473 2 2 2 127 7434 7436 7435
9474 2 2 2 127 6419 8456 6418
9475 2 2 2 127 6429 8049 1796
9476 2 2 2 127 653 8754 6256
9477 2 2 2 127 503 7991 504
9478 2 2 2 127 453 8700 16
9479 2 2 2 127 2133 8701 121
9480 2 2 2 127 677 8703 30
9481 2 2 2 127 5928 8770 6383
9482 2 2 2 127 229 8704 2
9483 2 2 2 127 6775 8342 6071
9484 2 2 2 127 7915 7916 5396
9485 2 2 2 127 7450 7689 7030
9486 2 2 2 127 6922 8096 7831
9487 2 2 2 127 7926 8482 7499
9488 2 2 2 127 6766 8347 6765
9489 2 2 2 127 7098 7102 7099
9490 2 2 2 127 6856 7977 6103
9491 2 2 2 127 5467 8495 6144
9492 2 2 2 127 6913 7544 6912
9493 2 2 2 127 7378 8252 7377
9494 2 2 2 127 7624 7822 6914
9495 2 2 2 127 953 7975 954
9496 2 2 2 127 5956 8503 6384
9497 2 2 2 127 615 8313 616
9498 2 2 2 127 6232 6846 519
9499 2 2 2 127 6231 6845 295
9500 2 2 2 127 799 8395 6610
9501 2 2 2 127 1346 8582 7663
9502 2 2 2 127 7051 7052 7023
9503 2 2 2 127 429 8918 430
9504 2 2 2 127 7102 7156 7145
9505 2 2 2 127 1571 6021 1572
9506 2 2 2 127 1978 7380 7057
9507 2 2 2 127 7786 7996 7729
9508 2 2 2 127 897 8075 6242
9509 2 2 2 127 6717 6815 6174
9510 2 2 2 127 7224 7228 7225
9511 2 2 2 127 6571 8349 615
9512 2 2 2 127 6877 8255 2130
9513 2 2 2 127 6544 8875 6343
9514 2 2 2 127 6990 6992 6988
9515 2 2 2 127 6356 8631 6234
9516 2 2 2 127 6355 8632 6233
9517 2 2 2 127 6095 6549 651
9518 2 2 2 127 6096 6550 427
9519 2 2 2 127 7001 8914 7719
9520 2 2 2 127 8201 8782 5997
9521 2 2 2 127 6695 7816 7580
9522 2 2 2 127 6820 8351 6206
9523 2 2 2 127 6853 8030 6202
9524 2 2 2 127 6193 8373 6412
9525 2 2 2 127 6103 7977 6642
9526 2 2 2 127 1657 6495 5910
9527 2 2 2 127 6896 6897 6891
9528 2 2 2 127 6320 8754 653
9529 2 2 2 127 6966 8334 6972
9530 2 2 2 127 1993 6501 5907
9531 2 2 2 127 1097 6500 6254
9532 2 2 2 127 6974 7829 6976
9533 2 2 2 127 7394 9038 7427
9534 2 2 2 127 7076 8637 7098
9535 2 2 2 127 8438 8716 994
9536 2 2 2 127 635 6551 636
9537 2 2 2 127 411 6552 412
9538 2 2 2 127 651 6549 652
9539 2 2 2 127 427 6550 428
9540 2 2 2 127 6964 8960 7001
9541 2 2 2 127 6845 8017 6560
9542 2 2 2 127 6846 8016 6561
9543 2 2 2 127 7943 8092 7933
9544 2 2 2 127 1135 8403 6680
9545 2 2 2 127 7044 7716 7017
9546 2 2 2 127 6654 8491 6155
9547 2 2 2 127 201 6497 6168
9548 2 2 2 127 6900 8158 7771
9549 2 2 2 127 1078 6410 5488
9550 2 2 2 127 182 6406 5991
9551 2 2 2 127 6406 6855 5991
9552 2 2 2 127 742 6400 6046
9553 2 2 2 127 656 6887 6561
9554 2 2 2 127 1083 8195 1084
9555 2 2 2 127 5568 6379 5567
9556 2 2 2 127 6934 8873 7680
9557 2 2 2 127 7772 8059 7786
9558 2 2 2 127 1228 8327 5936
9559 2 2 2 127 7686 8637 8399
9560 2 2 2 127 6512 6514 6098
9561 2 2 2 127 7245 7970 7243
9562 2 2 2 127 5365 8351 6015
9563 2 2 2 127 6989 6993 6990
9564 2 2 2 127 954 7975 6686
9565 2 2 2 127 338 8897 8748
9566 2 2 2 127 7267 7899 7264
9567 2 2 2 127 761 6498 5469
9568 2 2 2 127 6222 8503 5956
9569 2 2 2 127 5966 8138 634
9570 2 2 2 127 6177 6599 5725
9571 2 2 2 127 7418 8557 7823
9572 2 2 2 127 2161 7921 2160
9573 2 2 2 127 7853 8124 7141
9574 2 2 2 127 7657 8905 7798
9575 2 2 2 127 1643 8230 1644
9576 2 2 2 127 650 8179 6095
9577 2 2 2 127 426 8180 6096
9578 2 2 2 127 5344 6859 1509
9579 2 2 2 127 6055 6661 6632
9580 2 2 2 127 1867 7441 5382
9581 2 2 2 127 5955 8350 1905
9582 2 2 2 127 598 6541 5518
9583 2 2 2 127 7032 8127 7029
9584 2 2 2 127 6908 8207 7674
9585 2 2 2 127 1321 6503 5461
9586 2 2 2 127 1023 8320 5464
9587 2 2 2 127 7137 8177 7868
9588 2 2 2 127 1418 8296 1419
9589 2 2 2 127 338 8748 339
9590 2 2 2 127 786 8749 787
9591 2 2 2 127 8313 8687 6557
9592 2 2 2 127 706 8745 707
9593 2 2 2 127 258 8746 259
9594 2 2 2 127 1796 7985 6429
9595 2 2 2 127 6095 8179 6824
9596 2 2 2 127 6096 8180 6825
9597 2 2 2 127 1905 8350 1906
9598 2 2 2 127 6500 6867 6254
9599 2 2 2 127 6400 8112 6046
9600 2 2 2 127 6501 6869 5907
9601 2 2 2 127 1158 8382 6345
9602 2 2 2 127 7074 8769 7071
9603 2 2 2 127 6539 8303 1907
9604 2 2 2 127 224 8441 6558
9605 2 2 2 127 672 8440 6559
9606 2 2 2 127 6301 6688 5456
9607 2 2 2 127 6236 6365 1695
9608 2 2 2 127 6235 6366 911
9609 2 2 2 127 5401 7816 6696
9610 2 2 2 127 8152 8552 7621
9611 2 2 2 127 6495 8141 5910
9612 2 2 2 127 6387 8327 1228
9613 2 2 2 127 7644 7645 7119
9614 2 2 2 127 6028 8531 483
9615 2 2 2 127 7268 9046 7267
9616 2 2 2 127 1133 8733 1134
9617 2 2 2 127 1245 8730 1246
9618 2 2 2 127 1021 8716 1022
9619 2 2 2 127 1357 8732 1358
9620 2 2 2 127 1469 8726 1470
9621 2 2 2 127 573 8724 574
9622 2 2 2 127 1581 8722 1582
9623 2 2 2 127 685 8720 686
9624 2 2 2 127 237 8719 238
9625 2 2 2 127 797 8729 798
9626 2 2 2 127 2141 8723 2142
9627 2 2 2 127 1805 8718 1806
9628 2 2 2 127 461 8721 462
9629 2 2 2 127 909 8728 910
9630 2 2 2 127 2029 8717 2030
9631 2 2 2 127 349 8727 350
9632 2 2 2 127 1917 8731 1918
9633 2 2 2 127 1693 8725 1694
9634 2 2 2 127 6914 7822 6910
9635 2 2 2 127 6497 6872 6168
9636 2 2 2 127 369 8346 370
9637 2 2 2 127 6899 7858 7384
9638 2 2 2 127 1792 8230 1793
9639 2 2 2 127 5395 8160 7656
9640 2 2 2 127 7002 7638 6990
9641 2 2 2 127 6326 6849 5674
9642 2 2 2 127 6395 8073 5912
9643 2 2 2 127 7734 7737 7736
9644 2 2 2 127 7855 8664 7458
9645 2 2 2 127 370 8346 5920
9646 2 2 2 127 6257 8237 1512
9647 2 2 2 127 7316 8272 6019
9648 2 2 2 127 8398 8519 5498
9649 2 2 2 127 7065 7653 7070
9650 2 2 2 127 8608 8659 8301
9651 2 2 2 127 6805 8602 8377
9652 2 2 2 127 6499 8738 8180
9653 2 2 2 127 6496 8739 8179
9654 2 2 2 127 2069 8383 2070
9655 2 2 2 127 6361 8320 1023
9656 2 2 2 127 6903 7822 6908
9657 2 2 2 127 6924 7573 2107
9658 2 2 2 127 118 8666 5754
9659 2 2 2 127 7452 7900 7895
9660 2 2 2 127 118 8773 8666
9661 2 2 2 127 408 8362 409
9662 2 2 2 127 6251 8418 8121
9663 2 2 2 127 5351 8586 7796
9664 2 2 2 127 1012 6883 6841
9665 2 2 2 127 2149 8814 7973
9666 2 2 2 127 6882 8668 6265
9667 2 2 2 127 83 8774 8668
9668 2 2 2 127 5992 8750 7979
9669 2 2 2 127 7787 8470 6915
9670 2 2 2 127 598 8810 6541
9671 2 2 2 127 409 8362 5970
9672 2 2 2 127 6305 8360 226
9673 2 2 2 127 950 8413 951
9674 2 2 2 127 6232 8264 6846
9675 2 2 2 127 6231 8263 6845
9676 2 2 2 127 7596 7871 7597
9677 2 2 2 127 6978 7014 6980
9678 2 2 2 127 7558 7886 7025
9679 2 2 2 127 7435 7799 7635
9680 2 2 2 127 6257 8741 8237
9681 2 2 2 127 6915 6916 6914
9682 2 2 2 127 1008 8195 1009
9683 2 2 2 127 5782 8580 1641
9684 2 2 2 127 7200 7930 1849
9685 2 2 2 127 5555 6598 5557
9686 2 2 2 127 7820 7921 2161
9687 2 2 2 127 5986 8413 950
9688 2 2 2 127 83 8668 5775
9689 2 2 2 127 5709 8579 1081
9690 2 2 2 127 8815 8870 5414
9691 2 2 2 127 2162 7820 2161
9692 2 2 2 127 6913 8535 7544
9693 2 2 2 127 226 8360 5855
9694 2 2 2 127 1908 8303 6291
9695 2 2 2 127 1124 8304 6290
9696 2 2 2 127 5355 6022 1101
9697 2 2 2 127 7287 7288 7284
9698 2 2 2 127 6503 6874 5461
9699 2 2 2 127 7174 8276 7156
9700 2 2 2 127 6264 8773 8168
9701 2 2 2 127 7789 8420 7461
9702 2 2 2 127 6247 6826 5708
9703 2 2 2 127 6265 8774 8167
9704 2 2 2 127 6883 8579 5709
9705 2 2 2 127 8303 8477 6291
9706 2 2 2 127 8304 8478 6290
9707 2 2 2 127 2016 8354 2017
9708 2 2 2 127 6354 8782 8201
9709 2 2 2 127 448 8355 449
9710 2 2 2 127 6330 8451 6563
9711 2 2 2 127 335 8565 13
9712 2 2 2 127 6331 8453 6562
9713 2 2 2 127 7451 8215 8209
9714 2 2 2 127 5353 8367 147
9715 2 2 2 127 406 8186 6044
9716 2 2 2 127 6273 8750 5992
9717 2 2 2 127 7706 8034 7222
9718 2 2 2 127 7985 8580 5782
9719 2 2 2 127 5382 7945 5800
9720 2 2 2 127 6999 7727 7726
9721 2 2 2 127 147 8367 6032
9722 2 2 2 127 7277 7280 7279
9723 2 2 2 127 5646 6595 5660
9724 2 2 2 127 7683 7958 7957
9725 2 2 2 127 281 8441 282
9726 2 2 2 127 505 8440 506
9727 2 2 2 127 448 8670 8355
9728 2 2 2 127 7026 7911 7593
9729 2 2 2 127 5431 8772 6103
9730 2 2 2 127 2070 8383 6378
9731 2 2 2 127 5424 8788 5925
9732 2 2 2 127 463 8842 6800
9733 2 2 2 127 7668 7840 7608
9734 2 2 2 127 6578 8410 5909
9735 2 2 2 127 7156 7180 7179
9736 2 2 2 127 6920 6925 6919
9737 2 2 2 127 7826 8592 8485
9738 2 2 2 127 6901 6909 6903
9739 2 2 2 127 1750 8193 5994
9740 2 2 2 127 1919 8846 6803
9741 2 2 2 127 931 8532 932
9742 2 2 2 127 630 8196 5463
9743 2 2 2 127 6399 8186 406
9744 2 2 2 127 5816 8312 6317
9745 2 2 2 127 1190 8197 5474
9746 2 2 2 127 7238 7784 7234
9747 2 2 2 127 8291 8532 931
9748 2 2 2 127 6563 8451 5517
9749 2 2 2 127 485 8321 8274
9750 2 2 2 127 821 8322 8275
9751 2 2 2 127 6361 8438 5711
9752 2 2 2 127 5509 6495 1645
9753 2 2 2 127 5508 6500 1085
9754 2 2 2 127 5366 6043 1329
9755 2 2 2 127 7700 8309 7934
9756 2 2 2 127 6562 8453 5516
9757 2 2 2 127 7071 8769 7068
9758 2 2 2 127 6993 7003 7002
9759 2 2 2 127 1712 8621 8049
9760 2 2 2 127 7630 8369 1246
9761 2 2 2 127 597 8810 598
9762 2 2 2 127 7102 7197 7174
9763 2 2 2 127 5475 8411 482
9764 2 2 2 127 7194 7996 7969
9765 2 2 2 127 575 8848 6811
9766 2 2 2 127 5470 6501 1981
9767 2 2 2 127 5668 8875 6544
9768 2 2 2 127 5465 8384 1938
9769 2 2 2 127 482 8411 6028
9770 2 2 2 127 7414 8966 7416
9771 2 2 2 127 2031 8849 6815
9772 2 2 2 127 1807 8853 6810
9773 2 2 2 127 6318 6496 637
9774 2 2 2 127 6319 6499 413
9775 2 2 2 127 6918 6919 6913
9776 2 2 2 127 2145 7917 5389
9777 2 2 2 127 1583 8855 6814
9778 2 2 2 127 7683 7957 7682
9779 2 2 2 127 1348 6839 1349
9780 2 2 2 127 1938 8384 6210
9781 2 2 2 127 7275 8804 7273
9782 2 2 2 127 7520 7846 7037
9783 2 2 2 127 6409 8193 1750
9784 2 2 2 127 6224 8738 258
9785 2 2 2 127 6223 8739 706
9786 2 2 2 127 6401 8196 630
9787 2 2 2 127 6408 8197 1190
9788 2 2 2 127 6630 8410 6578
9789 2 2 2 127 5753 8283 6292
9790 2 2 2 127 6062 8663 6583
9791 2 2 2 127 1471 8858 6820
9792 2 2 2 127 5873 6416 5872
9793 2 2 2 127 8134 8764 5422
9794 2 2 2 127 5707 6498 749
9795 2 2 2 127 7663 7816 5401
9796 2 2 2 127 5708 6503 1309
9797 2 2 2 127 1116 6795 5446
9798 2 2 2 127 5519 6497 189
9799 2 2 2 127 7795 8916 7345
9800 2 2 2 127 6858 8320 6149
9801 2 2 2 127 7406 8994 7404
9802 2 2 2 127 5832 8933 8786
9803 2 2 2 127 5975 8254 5973
9804 2 2 2 127 5372 6630 6086
9805 2 2 2 127 6539 8350 6039
9806 2 2 2 127 1712 8049 5501
9807 2 2 2 127 7314 8359 7826
9808 2 2 2 127 7400 8340 7396
9809 2 2 2 127 7959 8604 7866
9810 2 2 2 127 7744 8024 7759
9811 2 2 2 127 7438 7713 7436
9812 2 2 2 127 6583 8663 6584
9813 2 2 2 127 7003 7628 7027
9814 2 2 2 127 7615 8098 7775
9815 2 2 2 127 7407 7855 7404
9816 2 2 2 127 7350 7835 7490
9817 2 2 2 127 2143 8837 6852
9818 2 2 2 127 8276 8777 7180
9819 2 2 2 127 5499 8754 786
9820 2 2 2 127 7692 7912 7695
9821 2 2 2 127 7581 8106 7469
9822 2 2 2 127 5818 6780 6349
9823 2 2 2 127 6012 8395 770
9824 2 2 2 127 6929 7096 6932
9825 2 2 2 127 5704 8201 5705
9826 2 2 2 127 7159 8284 7944
9827 2 2 2 127 5819 7997 6590
9828 2 2 2 127 8941 9009 8974
9829 2 2 2 127 6997 7815 7036
9830 2 2 2 127 8107 8117 7391
9831 2 2 2 127 5791 8070 6388
9832 2 2 2 127 7493 8734 7015
9833 2 2 2 127 6901 6902 6897
9834 2 2 2 127 6376 6569 1285
9835 2 2 2 127 2142 8837 2143
9836 2 2 2 127 7156 8276 7180
9837 2 2 2 127 8594 8818 5766
9838 2 2 2 127 8593 8817 5765
9839 2 2 2 127 7973 7974 7609
9840 2 2 2 127 7578 7839 7838
9841 2 2 2 127 6013 8403 1106
9842 2 2 2 127 462 8842 463
9843 2 2 2 127 1918 8846 1919
9844 2 2 2 127 6008 8383 8325
9845 2 2 2 127 5846 8903 8043
9846 2 2 2 127 6423 8478 5515
9847 2 2 2 127 6422 8477 5514
9848 2 2 2 127 574 8848 575
9849 2 2 2 127 2030 8849 2031
9850 2 2 2 127 500 8410 501
9851 2 2 2 127 7766 8120 7415
9852 2 2 2 127 1806 8853 1807
9853 2 2 2 127 6292 8439 5753
9854 2 2 2 127 6758 8565 1063
9855 2 2 2 127 1582 8855 1583
9856 2 2 2 127 7382 7528 7057
9857 2 2 2 127 1452 8324 6053
9858 2 2 2 127 2012 8325 6054
9859 2 2 2 127 5909 8410 500
9860 2 2 2 127 7848 8386 7048
9861 2 2 2 127 1470 8858 1471
9862 2 2 2 127 7895 7900 7454
9863 2 2 2 127 6343 9000 6544
9864 2 2 2 127 5495 8288 6287
9865 2 2 2 127 5865 8596 8226
9866 2 2 2 127 2173 7994 7768
9867 2 2 2 127 1791 8687 8313
9868 2 2 2 127 6912 7544 6915
9869 2 2 2 127 564 8287 6843
9870 2 2 2 127 2175 7962 5390
9871 2 2 2 127 6338 8287 8008
9872 2 2 2 127 5895 8691 6572
9873 2 2 2 127 6791 8324 1452
9874 2 2 2 127 6792 8325 2012
9875 2 2 2 127 7637 8089 7190
9876 2 2 2 127 7238 8082 7784
9877 2 2 2 127 6027 8917 6364
9878 2 2 2 127 7302 7413 7288
9879 2 2 2 127 7255 8785 7732
9880 2 2 2 127 6177 8279 6833
9881 2 2 2 127 1627 6808 1637
9882 2 2 2 127 6972 7518 7016
9883 2 2 2 127 7302 9029 7413
9884 2 2 2 127 6926 6927 6916
9885 2 2 2 127 2075 6809 2085
9886 2 2 2 127 1716 7792 7571
9887 2 2 2 127 7182 8098 7615
9888 2 2 2 127 7648 8148 7353
9889 2 2 2 127 7427 7769 7447
9890 2 2 2 127 1291 6818 1301
9891 2 2 2 127 1530 8425 6105
9892 2 2 2 127 6146 8433 2071
9893 2 2 2 127 6255 8333 8183
9894 2 2 2 127 6298 8531 8401
9895 2 2 2 127 2071 8433 6274
9896 2 2 2 127 7323 9044 7322
9897 2 2 2 127 5762 6581 6580
9898 2 2 2 127 1102 6022 5354
9899 2 2 2 127 5993 6582 6353
9900 2 2 2 127 7668 8041 7840
9901 2 2 2 127 6598 8793 5566
9902 2 2 2 127 1850 6404 1851
9903 2 2 2 127 1962 6411 1963
9904 2 2 2 127 618 6401 619
9905 2 2 2 127 1738 6409 1739
9906 2 2 2 127 1178 6408 1179
9907 2 2 2 127 394 6399 395
9908 2 2 2 127 1066 6410 1067
9909 2 2 2 127 170 6406 171
9910 2 2 2 127 730 6400 731
9911 2 2 2 127 7029 7811 7039
9912 2 2 2 127 7846 7860 7440
9913 2 2 2 127 954 6403 955
9914 2 2 2 127 1514 6407 1515
9915 2 2 2 127 506 6405 507
9916 2 2 2 127 282 6402 283
9917 2 2 2 127 7015 7971 7344
9918 2 2 2 127 5704 9034 6354
9919 2 2 2 127 6839 8887 1349
9920 2 2 2 127 7664 8582 7662
9921 2 2 2 127 7780 7786 7729
9922 2 2 2 127 7743 7744 7738
9923 2 2 2 127 7513 7961 7678
9924 2 2 2 127 7823 8557 7566
9925 2 2 2 127 6630 6832 6086
9926 2 2 2 127 7553 8299 7069
9927 2 2 2 127 6318 8739 6496
9928 2 2 2 127 6319 8738 6499
9929 2 2 2 127 5714 6553 6547
9930 2 2 2 127 1943 8088 6515
9931 2 2 2 127 1171 6430 5905
9932 2 2 2 127 1007 8329 55
9933 2 2 2 127 1358 8896 1359
9934 2 2 2 127 350 8727 8208
9935 2 2 2 127 7819 7820 5387
9936 2 2 2 127 6672 8288 6023
9937 2 2 2 127 6953 7493 7015
9938 2 2 2 127 784 8424 5952
9939 2 2 2 127 6616 8419 6133
9940 2 2 2 127 1737 7601 5454
9941 2 2 2 127 6784 8425 1530
9942 2 2 2 127 7300 9023 7262
9943 2 2 2 127 7944 7946 7615
9944 2 2 2 127 611 6431 5893
9945 2 2 2 127 6896 6898 6897
9946 2 2 2 127 1550 8531 6298
9947 2 2 2 127 8043 8679 5846
9948 2 2 2 127 7604 7763 7165
9949 2 2 2 127 1059 6451 5918
9950 2 2 2 127 1283 6452 6283
9951 2 2 2 127 2067 6453 6282
9952 2 2 2 127 6240 8121 6762
9953 2 2 2 127 7564 7826 7014
9954 2 2 2 127 7588 8681 6020
9955 2 2 2 127 7639 8527 7640
9956 2 2 2 127 7842 8545 7664
9957 2 2 2 127 1623 8115 1624
9958 2 2 2 127 499 6490 5487
9959 2 2 2 127 275 6492 6063
9960 2 2 2 127 6423 9031 8478
9961 2 2 2 127 6422 9032 8477
9962 2 2 2 127 1569 8540 1570
9963 2 2 2 127 7623 7801 7203
9964 2 2 2 127 8321 8531 1550
9965 2 2 2 127 1399 90 1400
9966 2 2 2 127 839 125 840
9967 2 2 2 127 5613 6864 6369
9968 2 2 2 127 6975 7892 6973
9969 2 2 2 127 7322 9044 7321
9970 2 2 2 127 6826 8633 5708
9971 2 2 2 127 1718 7175 1719
9972 2 2 2 127 1286 6542 1287
9973 2 2 2 127 6909 6911 6910
9974 2 2 2 127 5492 8023 6264
9975 2 2 2 127 5478 8302 6166
9976 2 2 2 127 8008 8287 563
9977 2 2 2 127 6357 8104 5760
9978 2 2 2 127 6972 6974 6973
9979 2 2 2 127 7944 8284 7946
9980 2 2 2 127 7827 8308 8081
9981 2 2 2 127 6870 8328 5550
9982 2 2 2 127 6041 6778 6398
9983 2 2 2 127 835 6493 5967
9984 2 2 2 127 7719 8454 7910
9985 2 2 2 127 723 6494 5961
9986 2 2 2 127 6333 8519 8398
9987 2 2 2 127 6765 8347 5502
9988 2 2 2 127 5414 8870 6260
9989 2 2 2 127 7716 8268 7017
9990 2 2 2 127 7327 7328 7326
9991 2 2 2 127 7862 9050 7848
9992 2 2 2 127 6953 6958 6957
9993 2 2 2 127 7196 7558 7025
9994 2 2 2 127 7292 7296 7291
9995 2 2 2 127 6426 8350 5955
9996 2 2 2 127 1395 6504 5969
9997 2 2 2 127 858 8554 859
9998 2 2 2 127 7336 8785 7622
9999 2 2 2 127 7259 8571 7248
10000 2 2 2 127 7737 8808 7742
10001 2 2 2 127 7578 8048 7839
10002 2 2 2 127 559 6787 6525
10003 2 2 2 127 6384 8503 5484
10004 2 2 2 127 8489 9019 8007
10005 2 2 2 127 783 6788 6526
10006 2 2 2 127 5434 8471 613
10007 2 2 2 127 8191 8510 7285
10008 2 2 2 127 6925 7798 7442
10009 2 2 2 127 7993 8747 7702
10010 2 2 2 127 7351 8796 8214
10011 2 2 2 127 7441 7945 5382
10012 2 2 2 127 613 8471 6009
10013 2 2 2 127 5446 7561 1117
10014 2 2 2 127 6499 8180 425
10015 2 2 2 127 6496 8179 649
10016 2 2 2 127 7065 7070 7069
10017 2 2 2 127 7513 7903 7881
10018 2 2 2 127 8415 9026 5768
10019 2 2 2 127 5940 8348 8182
10020 2 2 2 127 5789 8108 6415
10021 2 2 2 127 8302 8665 6166
10022 2 2 2 127 8026 8280 6855
10023 2 2 2 127 7651 7967 7250
10024 2 2 2 127 6344 8764 8134
10025 2 2 2 127 5940 8182 6880
10026 2 2 2 127 7121 7996 7786
10027 2 2 2 127 6898 7682 6901
10028 2 2 2 127 5567 8435 6412
10029 2 2 2 127 6026 8319 7832
10030 2 2 2 127 6960 8172 7439
10031 2 2 2 127 8377 8602 6080
10032 2 2 2 127 5358 8424 784
10033 2 2 2 127 1082 1010 1083
10034 2 2 2 127 1643 1642 1794
10035 2 2 2 127 6605 8362 5357
10036 2 2 2 127 5698 6567 6153
10037 2 2 2 127 7266 7267 7264
10038 2 2 2 127 7170 8527 7171
10039 2 2 2 127 1507 6506 5867
10040 2 2 2 127 8379 8988 7733
10041 2 2 2 127 5998 6450 5537
10042 2 2 2 127 668 8415 6262
10043 2 2 2 127 7546 8552 8152
10044 2 2 2 127 6133 8225 6616
10045 2 2 2 127 5362 7676 1602
10046 2 2 2 127 6018 8083 6185
10047 2 2 2 127 6543 6883 5709
10048 2 2 2 127 7146 8178 7657
10049 2 2 2 127 8397 8975 5797
10050 2 2 2 127 6967 7947 7845
10051 2 2 2 127 900 8491 901
10052 2 2 2 127 7483 8307 7481
10053 2 2 2 127 928 8617 6841
10054 2 2 2 127 7414 7416 7413
10055 2 2 2 127 6219 8290 8042
10056 2 2 2 127 7340 8899 7334
10057 2 2 2 127 1936 8612 6842
10058 2 2 2 127 6531 8901 6201
10059 2 2 2 127 6530 8900 6200
10060 2 2 2 127 6250 8253 6101
10061 2 2 2 127 480 8615 6843
10062 2 2 2 127 6836 6860 6716
10063 2 2 2 127 8551 8713 5894
10064 2 2 2 127 1600 8614 6844
10065 2 2 2 127 7804 8523 8000
10066 2 2 2 127 1152 8622 6847
10067 2 2 2 127 7499 8957 7926
10068 2 2 2 127 6515 8088 6398
10069 2 2 2 127 6382 8551 5476
10070 2 2 2 127 6411 7602 1974
10071 2 2 2 127 452 8461 453
10072 2 2 2 127 2132 8466 2133
10073 2 2 2 127 7321 9044 8345
10074 2 2 2 127 7379 8677 7376
10075 2 2 2 127 5721 6770 6679
10076 2 2 2 127 676 8472 677
10077 2 2 2 127 6162 8244 8221
10078 2 2 2 127 228 8473 229
10079 2 2 2 127 7766 8100 7418
10080 2 2 2 127 1359 8896 6875
10081 2 2 2 127 8345 8682 7321
10082 2 2 2 127 7376 8002 7371
10083 2 2 2 127 7646 7774 7687
10084 2 2 2 127 8077 8490 6063
10085 2 2 2 127 6897 8150 6891
10086 2 2 2 127 8287 8583 6197
10087 2 2 2 127 7686 7908 7197
10088 2 2 2 127 6382 8713 8551
10089 2 2 2 127 7660 7908 7558
10090 2 2 2 127 2146 7917 2145
10091 2 2 2 127 6380 6836 6716
10092 2 2 2 127 7224 9003 7152
10093 2 2 2 127 5392 6896 6891
10094 2 2 2 127 1637 6808 1638
10095 2 2 2 127 5770 8415 5768
10096 2 2 2 127 5476 8551 6194
10097 2 2 2 127 7132 7603 7602
10098 2 2 2 127 5355 7308 6022
10099 2 2 2 127 8241 8593 5765
10100 2 2 2 127 8242 8594 5766
10101 2 2 2 127 6932 8873 6934
10102 2 2 2 127 2085 6809 2086
10103 2 2 2 127 7662 8582 1346
10104 2 2 2 127 6354 8201 5704
10105 2 2 2 127 6795 6796 5446
10106 2 2 2 127 7598 9017 7162
10107 2 2 2 127 7482 8311 8297
10108 2 2 2 127 7942 8256 7062
10109 2 2 2 127 6533 8194 5511
10110 2 2 2 127 1301 6818 1302
10111 2 2 2 127 5570 6836 6380
10112 2 2 2 127 7343 7833 7340
10113 2 2 2 127 5823 8895 6418
10114 2 2 2 127 5912 6578 5909
10115 2 2 2 127 7802 7803 7221
10116 2 2 2 127 185 6807 186
10117 2 2 2 127 5698 7995 6567
10118 2 2 2 127 1346 7663 1347
10119 2 2 2 127 7506 7573 7507
10120 2 2 2 127 8434 8480 7676
10121 2 2 2 127 7197 8101 7174
10122 2 2 2 127 6934 6987 6936
10123 2 2 2 127 6908 7674 7516
10124 2 2 2 127 225 6558 6305
10125 2 2 2 127 8519 8671 5904
10126 2 2 2 127 1760 8844 1787
10127 2 2 2 127 1414 8071 6243
10128 2 2 2 127 854 8072 6244
10129 2 2 2 127 7487 8037 7797
10130 2 2 2 127 7692 7695 7694
10131 2 2 2 127 1787 8572 1788
10132 2 2 2 127 6315 8659 8608
10133 2 2 2 127 8076 8546 6035
10134 2 2 2 127 1980 7528 5470
10135 2 2 2 127 1494 6020 5445
10136 2 2 2 127 8107 8265 7355
10137 2 2 2 127 6385 8415 668
10138 2 2 2 127 7783 7968 7008
10139 2 2 2 127 6988 7666 6928
10140 2 2 2 127 7647 7648 7353
10141 2 2 2 127 7532 7535 7531
10142 2 2 2 127 5395 7993 7701
10143 2 2 2 127 5572 6717 6098
10144 2 2 2 127 6206 8576 6820
10145 2 2 2 127 8196 8767 6249
10146 2 2 2 127 7233 9045 7232
10147 2 2 2 127 6233 8458 782
10148 2 2 2 127 6234 8459 558
10149 2 2 2 127 6250 8511 8253
10150 2 2 2 127 7171 8493 7114
10151 2 2 2 127 7165 8522 7845
10152 2 2 2 127 1768 6585 1769
10153 2 2 2 127 1208 6586 1209
10154 2 2 2 127 6153 6588 6037
10155 2 2 2 127 5515 6647 6423
10156 2 2 2 127 5514 6646 6422
10157 2 2 2 127 7334 8790 7332
10158 2 2 2 127 873 8009 6397
10159 2 2 2 127 928 6841 5950
10160 2 2 2 127 7580 7816 7584
10161 2 2 2 127 6083 8525 970
10162 2 2 2 127 6919 8535 6913
10163 2 2 2 127 6421 8073 6395
10164 2 2 2 127 187 6877 188
10165 2 2 2 127 6983 7870 7852
10166 2 2 2 127 7264 7899 7773
10167 2 2 2 127 7512 8943 7511
10168 2 2 2 127 1936 6842 5953
10169 2 2 2 127 7922 8041 7668
10170 2 2 2 127 7508 8908 7510
10171 2 2 2 127 6672 8028 6537
10172 2 2 2 127 6427 8920 5445
10173 2 2 2 127 970 8525 6417
10174 2 2 2 127 7380 7383 7381
10175 2 2 2 127 6490 6756 5487
10176 2 2 2 127 6903 6908 6902
10177 2 2 2 127 782 8458 6788
10178 2 2 2 127 558 8459 6787
10179 2 2 2 127 480 6843 5948
10180 2 2 2 127 1717 7571 6893
10181 2 2 2 127 7874 7966 7877
10182 2 2 2 127 7743 8024 7744
10183 2 2 2 127 1600 6844 5957
10184 2 2 2 127 8162 8545 7710
10185 2 2 2 127 6959 8915 6960
10186 2 2 2 127 1152 6847 5947
10187 2 2 2 127 7277 8541 7275
10188 2 2 2 127 767 6816 6520
10189 2 2 2 127 543 6817 6519
10190 2 2 2 127 8100 8557 7418
10191 2 2 2 127 6829 8194 6533
10192 2 2 2 127 7680 7940 6987
10193 2 2 2 127 7255 8338 7240
10194 2 2 2 127 7343 7924 7833
10195 2 2 2 127 5889 8495 6876
10196 2 2 2 127 8597 8788 6334
10197 2 2 2 127 7733 8235 7734
10198 2 2 2 127 7489 7650 7486
10199 2 2 2 127 7345 8916 8113
10200 2 2 2 127 536 6806 537
10201 2 2 2 127 1285 6569 1286
10202 2 2 2 127 7505 7813 7489
10203 2 2 2 127 7934 8309 2155
10204 2 2 2 127 8031 8244 6162
10205 2 2 2 127 5989 8540 1569
10206 2 2 2 127 6416 8952 5872
10207 2 2 2 127 6358 6837 5458
10208 2 2 2 127 6227 8201 5997
10209 2 2 2 127 5392 6891 6890
10210 2 2 2 127 7001 8334 6964
10211 2 2 2 127 6928 6929 6927
10212 2 2 2 127 8209 8215 7034
10213 2 2 2 127 7180 7182 7181
10214 2 2 2 127 7613 8567 8316
10215 2 2 2 127 6553 8828 6547
10216 2 2 2 127 6358 6808 1626
10217 2 2 2 127 6359 6809 2074
10218 2 2 2 127 5510 8767 8196
10219 2 2 2 127 6177 8742 6599
10220 2 2 2 127 6362 6818 1290
10221 2 2 2 127 7262 9023 7261
10222 2 2 2 127 5366 7918 6043
10223 2 2 2 127 6155 8634 6654
10224 2 2 2 127 6911 6913 6912
10225 2 2 2 127 6086 6832 6419
10226 2 2 2 127 7270 7271 7269
10227 2 2 2 127 8129 8564 5524
10228 2 2 2 127 7451 7782 7596
10229 2 2 2 127 5508 6867 6500
10230 2 2 2 127 6508 7730 5504
10231 2 2 2 127 185 7979 6807
10232 2 2 2 127 7708 8937 5395
10233 2 2 2 127 5346 9004 8024
10234 2 2 2 127 7517 7903 7000
10235 2 2 2 127 7258 7260 7259
10236 2 2 2 127 6146 8164 6348
10237 2 2 2 127 7871 8292 7597
10238 2 2 2 127 7629 7854 7355
10239 2 2 2 127 7682 7957 6909
10240 2 2 2 127 6379 8435 5567
10241 2 2 2 127 6876 8495 6306
10242 2 2 2 127 5470 6869 6501
10243 2 2 2 127 5685 8445 6339
10244 2 2 2 127 5807 8499 5806
10245 2 2 2 127 7005 7628 7003
10246 2 2 2 127 5709 6583 6543
10247 2 2 2 127 7784 8082 7402
10248 2 2 2 127 1246 8369 1247
10249 2 2 2 127 7713 7851 7436
10250 2 2 2 127 6213 6870 5550
10251 2 2 2 127 7355 8265 7205
10252 2 2 2 127 7404 8443 7401
10253 2 2 2 127 6039 8061 6539
10254 2 2 2 127 2168 8980 2167
10255 2 2 2 127 7190 8694 7637
10256 2 2 2 127 8478 9031 6290
10257 2 2 2 127 8477 9032 6291
10258 2 2 2 127 7417 7419 7416
10259 2 2 2 127 6928 8371 6929
10260 2 2 2 127 6983 7892 6975
10261 2 2 2 127 1934 6752 2008
10262 2 2 2 127 1598 6749 1672
10263 2 2 2 127 1150 6745 1224
10264 2 2 2 127 1262 6750 1336
10265 2 2 2 127 366 6742 440
10266 2 2 2 127 1038 6748 1112
10267 2 2 2 127 254 6741 328
10268 2 2 2 127 1486 6751 1560
10269 2 2 2 127 702 6743 776
10270 2 2 2 127 590 6746 664
10271 2 2 2 127 478 6737 552
10272 2 2 2 127 142 6753 216
10273 2 2 2 127 1822 6740 1896
10274 2 2 2 127 1374 6738 1448
10275 2 2 2 127 926 6736 1000
10276 2 2 2 127 2046 6744 2120
10277 2 2 2 127 1710 6739 1784
10278 2 2 2 127 814 6747 888
10279 2 2 2 127 5356 8778 8240
10280 2 2 2 127 1848 7199 1849
10281 2 2 2 127 7723 7882 7880
10282 2 2 2 127 1966 6735 1928
10283 2 2 2 127 734 6724 696
10284 2 2 2 127 1182 6725 1144
10285 2 2 2 127 958 6721 920
10286 2 2 2 127 174 6726 136
10287 2 2 2 127 510 6732 472
10288 2 2 2 127 2078 6727 2040
10289 2 2 2 127 1518 6733 1480
10290 2 2 2 127 1742 6731 1704
10291 2 2 2 127 1406 6730 1368
10292 2 2 2 127 398 6720 360
10293 2 2 2 127 622 6728 584
10294 2 2 2 127 286 6723 248
10295 2 2 2 127 1294 6719 1256
10296 2 2 2 127 1070 6734 1032
10297 2 2 2 127 846 6722 808
10298 2 2 2 127 1854 6729 1816
10299 2 2 2 127 1630 6718 1592
10300 2 2 2 127 5357 8553 6605
10301 2 2 2 127 7840 8041 6950
10302 2 2 2 127 7070 7083 7082
10303 2 2 2 127 7236 7238 7234
10304 2 2 2 127 2176 8937 7708
10305 2 2 2 127 7180 8038 7182
10306 2 2 2 127 1622 7390 1623
10307 2 2 2 127 8399 8637 8300
10308 2 2 2 127 1502 6708 1576
10309 2 2 2 127 1278 6700 1352
10310 2 2 2 127 1614 6698 1688
10311 2 2 2 127 1838 6714 1912
10312 2 2 2 127 1390 6705 1464
10313 2 2 2 127 1950 6715 2024
10314 2 2 2 127 1166 6711 1240
10315 2 2 2 127 494 6712 568
10316 2 2 2 127 830 6713 904
10317 2 2 2 127 718 6702 792
10318 2 2 2 127 270 6699 344
10319 2 2 2 127 382 6701 456
10320 2 2 2 127 1054 6704 1128
10321 2 2 2 127 606 6710 680
10322 2 2 2 127 942 6703 1016
10323 2 2 2 127 2062 6709 2136
10324 2 2 2 127 158 6707 232
10325 2 2 2 127 1726 6706 1800
10326 2 2 2 127 6949 6953 6951
10327 2 2 2 127 1233 8390 1234
10328 2 2 2 127 6966 6972 6969
10329 2 2 2 127 6430 8761 5905
10330 2 2 2 127 6002 8554 858
10331 2 2 2 127 839 8505 2112
10332 2 2 2 127 1399 8506 1552
10333 2 2 2 127 7614 8510 7971
10334 2 2 2 127 7971 8510 8191
10335 2 2 2 127 7390 7391 1623
10336 2 2 2 127 6185 8446 8087
10337 2 2 2 127 8807 9021 8266
10338 2 2 2 127 6155 8491 900
10339 2 2 2 127 6431 8757 5893
10340 2 2 2 127 634 8138 635
10341 2 2 2 127 6392 8481 5809
10342 2 2 2 127 6958 8915 6959
10343 2 2 2 127 7076 7077 7066
10344 2 2 2 127 6848 8169 5740
10345 2 2 2 127 8113 8364 7310
10346 2 2 2 127 7525 8945 7524
10347 2 2 2 127 7484 8037 7487
10348 2 2 2 127 6665 8697 5840
10349 2 2 2 127 5519 6872 6497
10350 2 2 2 127 6451 8764 5918
10351 2 2 2 127 7165 7845 7150
10352 2 2 2 127 7008 7968 7010
10353 2 2 2 127 8023 8259 6286
10354 2 2 2 127 6367 6813 6090
10355 2 2 2 127 6368 6812 6089
10356 2 2 2 127 6063 8490 7984
10357 2 2 2 127 7846 8099 7037
10358 2 2 2 127 5654 6595 5646
10359 2 2 2 127 7544 7787 6915
10360 2 2 2 127 1232 7429 1233
10361 2 2 2 127 5708 6874 6503
10362 2 2 2 127 6334 8788 6867
10363 2 2 2 127 7642 7861 7641
10364 2 2 2 127 7191 8122 7639
10365 2 2 2 127 5469 6860 6162
10366 2 2 2 127 7883 7888 7508
10367 2 2 2 127 6582 8314 6353
10368 2 2 2 127 6765 8461 452
10369 2 2 2 127 7042 7045 7043
10370 2 2 2 127 1453 8548 5765
10371 2 2 2 127 2013 8547 5766
10372 2 2 2 127 2160 5392 2159
10373 2 2 2 127 2166 5393 2165
10374 2 2 2 127 2154 5397 2153
10375 2 2 2 127 2148 5396 2147
10376 2 2 2 127 6769 8466 2132
10377 2 2 2 127 2178 5395 2177
10378 2 2 2 127 2172 5394 2171
10379 2 2 2 127 2163 5387 2162
10380 2 2 2 127 1104 7484 5379
10381 2 2 2 127 2175 5390 2174
10382 2 2 2 127 2169 5391 2168
10383 2 2 2 127 2157 5386 2156
10384 2 2 2 127 2145 5389 2144
10385 2 2 2 127 2151 5388 2150
10386 2 2 2 127 7528 7904 7075
10387 2 2 2 127 7232 9045 7231
10388 2 2 2 127 2160 7921 5392
10389 2 2 2 127 410 8542 411
10390 2 2 2 127 7228 7230 7229
10391 2 2 2 127 8603 8697 6665
10392 2 2 2 127 6589 8269 5809
10393 2 2 2 127 6659 6858 6269
10394 2 2 2 127 6415 8051 5789
10395 2 2 2 127 7123 8257 7785
10396 2 2 2 127 6772 8472 676
10397 2 2 2 127 6493 8771 5967
10398 2 2 2 127 7620 7668 7608
10399 2 2 2 127 7178 7683 7682
10400 2 2 2 127 6759 8542 410
10401 2 2 2 127 6773 8473 228
10402 2 2 2 127 7603 7956 7858
10403 2 2 2 127 7126 7553 7082
10404 2 2 2 127 6053 8548 1453
10405 2 2 2 127 6054 8547 2013
10406 2 2 2 127 7740 8808 7737
10407 2 2 2 127 5391 7786 7780
10408 2 2 2 127 6982 7006 6985
10409 2 2 2 127 5442 8791 6280
10410 2 2 2 127 7271 8000 7278
10411 2 2 2 127 7734 8235 7740
10412 2 2 2 127 5921 8315 8314
10413 2 2 2 127 7005 8045 7628
10414 2 2 2 127 6339 8446 5685
10415 2 2 2 127 7253 7495 7494
10416 2 2 2 127 6380 8130 5570
10417 2 2 2 127 6974 6976 6975
10418 2 2 2 127 537 8561 538
10419 2 2 2 127 7388 7704 6991
10420 2 2 2 127 6294 8874 6394
10421 2 2 2 127 7051 7053 7052
10422 2 2 2 127 7036 7815 7085
10423 2 2 2 127 7239 7240 7238
10424 2 2 2 127 6234 8631 6413
10425 2 2 2 127 6233 8632 6414
10426 2 2 2 127 8327 9024 5756
10427 2 2 2 127 7167 9049 7123
10428 2 2 2 127 6551 8745 636
10429 2 2 2 127 6552 8746 412
10430 2 2 2 127 6504 8782 5969
10431 2 2 2 127 7308 7309 7237
10432 2 2 2 127 6550 8748 428
10433 2 2 2 127 6549 8749 652
10434 2 2 2 127 7521 8566 7987
10435 2 2 2 127 7178 7682 6898
10436 2 2 2 127 7744 7759 7746
10437 2 2 2 127 1064 8119 1065
10438 2 2 2 127 7114 7949 7109
10439 2 2 2 127 6051 6602 6220
10440 2 2 2 127 7715 8305 7714
10441 2 2 2 127 538 8561 6119
10442 2 2 2 127 7913 8983 7754
10443 2 2 2 127 7185 7704 7643
10444 2 2 2 127 6201 8901 6520
10445 2 2 2 127 6200 8900 6519
10446 2 2 2 127 6372 8054 6017
10447 2 2 2 127 6609 8663 5488
10448 2 2 2 127 6317 8312 6204
10449 2 2 2 127 5488 8663 6062
10450 2 2 2 127 6670 6779 6140
10451 2 2 2 127 934 8282 6522
10452 2 2 2 127 5521 5537 5522
10453 2 2 2 127 6203 6837 5964
10454 2 2 2 127 8314 8315 6353
10455 2 2 2 127 1212 6850 1213
10456 2 2 2 127 151 6414 152
10457 2 2 2 127 375 6413 376
10458 2 2 2 127 7710 8297 7421
10459 2 2 2 127 6246 8354 8130
10460 2 2 2 127 5540 5792 5477
10461 2 2 2 127 7215 8514 8151
10462 2 2 2 127 5520 8608 8301
10463 2 2 2 127 7864 8357 7636
10464 2 2 2 127 6697 6850 1212
10465 2 2 2 127 7353 8353 7647
10466 2 2 2 127 6020 7471 5445
10467 2 2 2 127 7391 8115 1623
10468 2 2 2 127 7461 8420 7887
10469 2 2 2 127 6289 6819 6666
10470 2 2 2 127 6362 8435 6040
10471 2 2 2 127 5522 5523 5402
10472 2 2 2 127 7838 8155 7577
10473 2 2 2 127 7653 8258 7070
10474 2 2 2 127 7511 8943 7509
10475 2 2 2 127 6688 8683 5456
10476 2 2 2 127 6640 8203 6160
10477 2 2 2 127 6018 8740 6636
10478 2 2 2 127 1864 7196 1865
10479 2 2 2 127 5540 6592 6094
10480 2 2 2 127 7484 7485 7249
10481 2 2 2 127 7742 8808 7741
10482 2 2 2 127 7597 8292 8069
10483 2 2 2 127 6348 8433 6146
10484 2 2 2 127 6974 8781 7829
10485 2 2 2 127 6642 7977 5734
10486 2 2 2 127 6199 8391 6602
10487 2 2 2 127 7652 8935 6904
10488 2 2 2 127 1975 7858 1976
10489 2 2 2 127 6284 8169 6848
10490 2 2 2 127 2105 8628 7900
10491 2 2 2 127 7052 8581 7665
10492 2 2 2 127 8809 8824 8018
10493 2 2 2 127 6826 8670 5541
10494 2 2 2 127 6558 8361 6305
10495 2 2 2 127 5548 6212 5550
10496 2 2 2 127 7341 8482 7926
10497 2 2 2 127 5509 8141 6495
10498 2 2 2 127 8069 8292 5393
10499 2 2 2 127 6038 8606 8176
10500 2 2 2 127 5687 6862 6861
10501 2 2 2 127 484 8321 485
10502 2 2 2 127 820 8322 821
10503 2 2 2 127 5484 8503 5794
10504 2 2 2 127 7207 7834 1607
10505 2 2 2 127 5574 5656 5575
10506 2 2 2 127 7705 8050 1460
10507 2 2 2 127 7649 7650 7301
10508 2 2 2 127 6021 7543 6508
10509 2 2 2 127 6572 8471 5895
10510 2 2 2 127 5545 5546 5342
10511 2 2 2 127 6379 8806 5440
10512 2 2 2 127 7320 7321 7295
10513 2 2 2 127 841 8213 6590
10514 2 2 2 127 5544 5547 5545
10515 2 2 2 127 5374 8185 6491
10516 2 2 2 127 6050 6759 6217
10517 2 2 2 127 7832 8055 7169
10518 2 2 2 127 6229 7290 6228
10519 2 2 2 127 8206 8424 5576
10520 2 2 2 127 6987 8357 7864
10521 2 2 2 127 7561 8586 1117
10522 2 2 2 127 7524 8945 7512
10523 2 2 2 127 6805 8067 5461
10524 2 2 2 127 8023 8666 6264
10525 2 2 2 127 1379 7474 1380
10526 2 2 2 127 8147 8272 7316
10527 2 2 2 127 6420 8517 6159
10528 2 2 2 127 6533 8352 447
10529 2 2 2 127 7182 7615 7522
10530 2 2 2 127 8194 8197 5511
10531 2 2 2 127 5982 8026 5429
10532 2 2 2 127 5734 8052 6642
10533 2 2 2 127 780 8508 781
10534 2 2 2 127 556 8507 557
10535 2 2 2 127 1797 8621 100
10536 2 2 2 127 2021 8612 114
10537 2 2 2 127 1349 8623 72
10538 2 2 2 127 1461 8613 79
10539 2 2 2 127 565 8615 23
10540 2 2 2 127 789 8616 37
10541 2 2 2 127 341 8618 9
10542 2 2 2 127 1909 8620 107
10543 2 2 2 127 1237 8622 65
10544 2 2 2 127 1125 8619 58
10545 2 2 2 127 1685 8614 93
10546 2 2 2 127 1013 8617 51
10547 2 2 2 127 1573 8611 86
10548 2 2 2 127 7453 8498 7549
10549 2 2 2 127 1376 8613 8050
10550 2 2 2 127 7169 8055 7767
10551 2 2 2 127 7093 8389 7042
10552 2 2 2 127 6536 8356 1903
10553 2 2 2 127 5386 8057 7655
10554 2 2 2 127 7717 7718 7439
10555 2 2 2 127 6679 8979 5721
10556 2 2 2 127 7922 7923 6952
10557 2 2 2 127 6327 6667 6147
10558 2 2 2 127 7014 8081 6980
10559 2 2 2 127 7412 7532 7411
10560 2 2 2 127 54 8947 7889
10561 2 2 2 127 7243 7970 7255
10562 2 2 2 127 1119 8037 62
10563 2 2 2 127 7640 7781 7389
10564 2 2 2 127 6269 8770 6659
10565 2 2 2 127 6877 8516 188
10566 2 2 2 127 7085 7815 7189
10567 2 2 2 127 294 8449 6231
10568 2 2 2 127 518 8450 6232
10569 2 2 2 127 6317 8932 5816
10570 2 2 2 127 7415 8610 7722
10571 2 2 2 127 5575 5576 5358
10572 2 2 2 127 7805 8768 7496
10573 2 2 2 127 6540 6850 6092
10574 2 2 2 127 7539 7789 7461
10575 2 2 2 127 990 7409 991
10576 2 2 2 127 6509 8387 936
10577 2 2 2 127 7660 8101 7908
10578 2 2 2 127 7083 7124 7123
10579 2 2 2 127 7678 7961 7731
10580 2 2 2 127 6345 8526 6777
10581 2 2 2 127 8042 8290 5428
10582 2 2 2 127 7287 7289 7288
10583 2 2 2 127 7064 7068 7059
10584 2 2 2 127 7635 7972 7677
10585 2 2 2 127 6515 8388 1944
10586 2 2 2 127 8081 8308 7520
10587 2 2 2 127 5775 6045 5776
10588 2 2 2 127 6394 8673 6294
10589 2 2 2 127 6962 8960 6964
10590 2 2 2 127 6333 8671 8519
10591 2 2 2 127 6244 7997 6001
10592 2 2 2 127 6918 6920 6919
10593 2 2 2 127 8485 8592 7305
10594 2 2 2 127 6652 8573 6132
10595 2 2 2 127 6886 8411 6885
10596 2 2 2 127 7549 8231 7810
10597 2 2 2 127 7779 8794 7093
10598 2 2 2 127 6412 8373 5567
10599 2 2 2 127 6814 8054 6314
10600 2 2 2 127 5821 5823 5822
10601 2 2 2 127 6910 7822 6903
10602 2 2 2 127 7449 8007 7450
10603 2 2 2 127 7305 8592 8497
10604 2 2 2 127 7508 8923 7291
10605 2 2 2 127 5776 5777 5365
10606 2 2 2 127 7463 7464 7419
10607 2 2 2 127 6402 8449 294
10608 2 2 2 127 6405 8450 518
10609 2 2 2 127 5871 5872 5479
10610 2 2 2 127 5352 7494 1230
10611 2 2 2 127 5855 6343 6245
10612 2 2 2 127 6596 8195 1008
10613 2 2 2 127 6572 8691 6272
10614 2 2 2 127 5893 6342 5894
10615 2 2 2 127 7599 7896 7525
10616 2 2 2 127 5876 6060 5457
10617 2 2 2 127 1489 9007 1490
10618 2 2 2 127 5762 8865 6581
10619 2 2 2 127 8335 8951 7965
10620 2 2 2 127 5918 6344 5919
10621 2 2 2 127 6073 7945 7100
10622 2 2 2 127 5950 6543 5951
10623 2 2 2 127 1960 8684 6900
10624 2 2 2 127 5967 6579 5968
10625 2 2 2 127 2054 8594 2055
10626 2 2 2 127 1270 8593 1271
10627 2 2 2 127 7118 8215 7451
10628 2 2 2 127 5905 5959 5906
10629 2 2 2 127 5870 6035 5871
10630 2 2 2 127 7087 8006 7941
10631 2 2 2 127 6131 8169 8126
10632 2 2 2 127 7948 8574 7160
10633 2 2 2 127 5875 5877 5876
10634 2 2 2 127 5754 6042 5755
10635 2 2 2 127 5948 6197 5949
10636 2 2 2 127 7712 8338 7405
10637 2 2 2 127 127 8747 7993
10638 2 2 2 127 6245 6326 5400
10639 2 2 2 127 6892 7639 7389
10640 2 2 2 127 6782 8331 6783
10641 2 2 2 127 727 8021 728
10642 2 2 2 127 1175 8022 1176
10643 2 2 2 127 5822 6263 5411
10644 2 2 2 127 5949 6102 5475
10645 2 2 2 127 1340 8519 5904
10646 2 2 2 127 5969 6354 6301
10647 2 2 2 127 1117 8586 1118
10648 2 2 2 127 5919 6288 5444
10649 2 2 2 127 5953 6517 6113
10650 2 2 2 127 6675 8230 1792
10651 2 2 2 127 6113 6507 5465
10652 2 2 2 127 6340 8342 5453
10653 2 2 2 127 8489 8503 6222
10654 2 2 2 127 8384 8546 6210
10655 2 2 2 127 8600 8725 1666
10656 2 2 2 127 8601 8728 882
10657 2 2 2 127 5908 6003 5339
10658 2 2 2 127 5994 6248 5995
10659 2 2 2 127 5981 6412 6362
10660 2 2 2 127 6945 8955 6999
10661 2 2 2 127 5995 6026 5340
10662 2 2 2 127 1862 8779 1863
10663 2 2 2 127 2109 7506 5364
10664 2 2 2 127 7352 8899 7833
10665 2 2 2 127 7405 7406 7404
10666 2 2 2 127 6148 6214 5420
10667 2 2 2 127 1006 7459 1007
10668 2 2 2 127 5911 6382 5476
10669 2 2 2 127 6767 8519 1340
10670 2 2 2 127 5872 8952 6363
10671 2 2 2 127 6351 8594 2054
10672 2 2 2 127 6350 8593 1270
10673 2 2 2 127 1459 8330 1460
10674 2 2 2 127 7363 7629 7355
10675 2 2 2 127 7825 8428 7173
10676 2 2 2 127 5978 6192 6018
10677 2 2 2 127 6566 6819 5635
10678 2 2 2 127 7937 8137 7761
10679 2 2 2 127 7685 9007 7730
10680 2 2 2 127 6210 6564 1939
10681 2 2 2 127 5463 6249 6101
10682 2 2 2 127 5474 6555 6329
10683 2 2 2 127 6304 8564 8129
10684 2 2 2 127 6018 6185 5421
10685 2 2 2 127 878 7741 5367
10686 2 2 2 127 2091 7530 2092
10687 2 2 2 127 7584 8582 7586
10688 2 2 2 127 7129 8800 7089
10689 2 2 2 127 6138 6429 5782
10690 2 2 2 127 6960 6962 6961
10691 2 2 2 127 6259 8870 8815
10692 2 2 2 127 77 8803 1344
10693 2 2 2 127 8313 8349 104
10694 2 2 2 127 6506 8920 5867
10695 2 2 2 127 5894 5895 5434
10696 2 2 2 127 7260 7262 7261
10697 2 2 2 127 7695 7733 7696
10698 2 2 2 127 5936 6357 5937
10699 2 2 2 127 7120 8539 8428
10700 2 2 2 127 7715 8763 7764
10701 2 2 2 127 8428 8769 7120
10702 2 2 2 127 5798 8187 6258
10703 2 2 2 127 7303 7926 7505
10704 2 2 2 127 1456 8306 7298
10705 2 2 2 127 6057 8331 6782
10706 2 2 2 127 6632 8380 6055
10707 2 2 2 127 7701 8160 5395
10708 2 2 2 127 7242 7243 7240
10709 2 2 2 127 5710 5712 5711
10710 2 2 2 127 8022 8352 1176
10711 2 2 2 127 6860 8031 6162
10712 2 2 2 127 5568 8806 6379
10713 2 2 2 127 7487 7818 7488
10714 2 2 2 127 8021 8356 728
10715 2 2 2 127 6640 8938 8203
10716 2 2 2 127 8161 8162 7304
10717 2 2 2 127 5910 6364 5911
10718 2 2 2 127 7866 8604 7867
10719 2 2 2 127 7737 7738 7736
10720 2 2 2 127 7732 8338 7255
10721 2 2 2 127 8060 8337 5760
10722 2 2 2 127 6595 8249 5660
10723 2 2 2 127 1159 6430 1160
10724 2 2 2 127 7695 8379 7733
10725 2 2 2 127 6885 8411 6102
10726 2 2 2 127 6635 7999 6127
10727 2 2 2 127 7199 7200 1849
10728 2 2 2 127 6684 8693 6226
10729 2 2 2 127 6415 8108 6312
10730 2 2 2 127 7130 8800 7129
10731 2 2 2 127 599 6431 600
10732 2 2 2 127 946 8387 947
10733 2 2 2 127 1047 6451 1048
10734 2 2 2 127 5957 6528 6154
10735 2 2 2 127 1271 6452 1272
10736 2 2 2 127 2055 6453 2056
10737 2 2 2 127 6055 8136 6661
10738 2 2 2 127 487 6490 488
10739 2 2 2 127 8082 8866 7712
10740 2 2 2 127 7025 7441 1866
10741 2 2 2 127 7026 7932 7911
10742 2 2 2 127 1954 8388 1955
10743 2 2 2 127 263 6492 264
10744 2 2 2 127 7450 7775 7689
10745 2 2 2 127 8104 8327 5756
10746 2 2 2 127 7115 7170 7114
10747 2 2 2 127 7756 7937 7936
10748 2 2 2 127 6541 8153 5518
10749 2 2 2 127 823 6493 824
10750 2 2 2 127 711 6494 712
10751 2 2 2 127 6175 8529 8171
10752 2 2 2 127 6138 8189 6613
10753 2 2 2 127 6581 6797 6650
10754 2 2 2 127 6589 8481 6243
10755 2 2 2 127 8148 8149 7352
10756 2 2 2 127 1851 6404 1861
10757 2 2 2 127 1963 6411 1973
10758 2 2 2 127 619 6401 629
10759 2 2 2 127 1739 6409 1749
10760 2 2 2 127 1179 6408 1189
10761 2 2 2 127 395 6399 405
10762 2 2 2 127 1067 6410 1077
10763 2 2 2 127 171 6406 181
10764 2 2 2 127 731 6400 741
10765 2 2 2 127 1383 6504 1384
10766 2 2 2 127 955 6403 965
10767 2 2 2 127 1515 6407 1525
10768 2 2 2 127 283 6402 293
10769 2 2 2 127 507 6405 517
10770 2 2 2 127 5903 6577 5341
10771 2 2 2 127 7640 8527 7170
10772 2 2 2 127 7166 7604 7165
10773 2 2 2 127 6106 8280 8026
10774 2 2 2 127 7855 8443 7404
10775 2 2 2 127 6043 7918 6875
10776 2 2 2 127 7006 7008 7007
10777 2 2 2 127 5952 6261 6186
10778 2 2 2 127 8036 8556 8202
10779 2 2 2 127 6943 6945 6944
10780 2 2 2 127 6416 8847 5441
10781 2 2 2 127 1171 8457 6430
10782 2 2 2 127 7115 7641 7170
10783 2 2 2 127 7465 7466 7464
10784 2 2 2 127 1433 8797 5468
10785 2 2 2 127 7383 7707 7381
10786 2 2 2 127 7749 7936 7760
10787 2 2 2 127 6398 8088 6041
10788 2 2 2 127 1495 6506 1496
10789 2 2 2 127 611 8460 6431
10790 2 2 2 127 8119 8608 1065
10791 2 2 2 127 5726 6593 6525
10792 2 2 2 127 1457 7551 1458
10793 2 2 2 127 1059 8462 6451
10794 2 2 2 127 1283 8463 6452
10795 2 2 2 127 2067 8464 6453
10796 2 2 2 127 7642 7862 7861
10797 2 2 2 127 5461 8067 1322
10798 2 2 2 127 334 8659 6315
10799 2 2 2 127 5457 8659 334
10800 2 2 2 127 6990 8521 6992
10801 2 2 2 127 499 8468 6490
10802 2 2 2 127 275 8469 6492
10803 2 2 2 127 6929 8371 7096
10804 2 2 2 127 5494 8413 6546
10805 2 2 2 127 5348 7684 7590
10806 2 2 2 127 6311 6766 6310
10807 2 2 2 127 6094 8174 7990
10808 2 2 2 127 835 8474 6493
10809 2 2 2 127 723 8475 6494
10810 2 2 2 127 8036 8202 6097
10811 2 2 2 127 5393 7765 7728
10812 2 2 2 127 6359 8254 5459
10813 2 2 2 127 6806 8851 525
10814 2 2 2 127 2178 7993 5395
10815 2 2 2 127 1460 8330 7705
10816 2 2 2 127 7654 8801 7699
10817 2 2 2 127 7148 7947 7019
10818 2 2 2 127 5445 8829 6427
10819 2 2 2 127 1395 8476 6504
10820 2 2 2 127 841 8585 8213
10821 2 2 2 127 6516 8138 5966
10822 2 2 2 127 5725 6599 6526
10823 2 2 2 127 6329 8975 8397
10824 2 2 2 127 7098 7099 7077
10825 2 2 2 127 5440 8806 6311
10826 2 2 2 127 6135 6827 6608
10827 2 2 2 127 6502 8797 1433
10828 2 2 2 127 798 8729 8395
10829 2 2 2 127 5902 6052 5903
10830 2 2 2 127 5955 8755 6426
10831 2 2 2 127 6982 8940 7006
10832 2 2 2 127 1380 8959 1381
10833 2 2 2 127 5383 6228 6227
10834 2 2 2 127 6351 8818 8594
10835 2 2 2 127 6350 8817 8593
10836 2 2 2 127 7763 8522 7165
10837 2 2 2 127 7755 7939 7938
10838 2 2 2 127 6026 8105 5340
10839 2 2 2 127 1402 8071 1403
10840 2 2 2 127 947 6509 5483
10841 2 2 2 127 6092 6797 6540
10842 2 2 2 127 842 8072 843
10843 2 2 2 127 1507 8483 6506
10844 2 2 2 127 8232 8335 7810
10845 2 2 2 127 6271 8917 6027
10846 2 2 2 127 7303 8033 7259
10847 2 2 2 127 7306 7719 7718
10848 2 2 2 127 7467 7470 7466
10849 2 2 2 127 1134 8733 8403
10850 2 2 2 127 6140 8157 6670
10851 2 2 2 127 6581 6650 5898
10852 2 2 2 127 7609 8971 7973
10853 2 2 2 127 5483 6509 6176
10854 2 2 2 127 6389 9009 8941
10855 2 2 2 127 8316 8567 5394
10856 2 2 2 127 6559 8368 673
10857 2 2 2 127 7634 7703 7408
10858 2 2 2 127 7674 7716 7516
10859 2 2 2 127 7143 7700 7699
10860 2 2 2 127 7155 7165 7150
10861 2 2 2 127 1286 8710 6542
10862 2 2 2 127 6805 8377 6205
10863 2 2 2 127 1955 6515 5486
10864 2 2 2 127 6413 8459 6234
10865 2 2 2 127 6414 8458 6233
10866 2 2 2 127 6976 6978 6977
10867 2 2 2 127 6528 8332 6154
10868 2 2 2 127 8345 9044 7325
10869 2 2 2 127 7873 7875 7517
10870 2 2 2 127 7144 8951 8335
10871 2 2 2 127 1998 8164 1999
10872 2 2 2 127 7365 7847 7343
10873 2 2 2 127 5902 8070 6052
10874 2 2 2 127 7976 8248 7706
10875 2 2 2 127 6157 7983 6880
10876 2 2 2 127 7304 8833 8123
10877 2 2 2 127 7689 8486 7030
10878 2 2 2 127 8176 8606 6638
10879 2 2 2 127 7480 7481 7438
10880 2 2 2 127 386 8394 387
10881 2 2 2 127 162 8393 163
10882 2 2 2 127 6158 7982 6881
10883 2 2 2 127 7465 7715 7714
10884 2 2 2 127 5486 6515 6398
10885 2 2 2 127 7980 8516 6300
10886 2 2 2 127 7429 7430 1233
10887 2 2 2 127 7174 8101 7856
10888 2 2 2 127 7632 8250 8080
10889 2 2 2 127 6159 8598 6420
10890 2 2 2 127 2164 8292 7871
10891 2 2 2 127 7506 7507 7131
10892 2 2 2 127 1861 6404 1862
10893 2 2 2 127 1973 6411 1974
10894 2 2 2 127 629 6401 630
10895 2 2 2 127 1749 6409 1750
10896 2 2 2 127 1189 6408 1190
10897 2 2 2 127 405 6399 406
10898 2 2 2 127 1077 6410 1078
10899 2 2 2 127 181 6406 182
10900 2 2 2 127 741 6400 742
10901 2 2 2 127 5547 9048 7649
10902 2 2 2 127 7156 7179 7145
10903 2 2 2 127 1525 6407 1526
10904 2 2 2 127 965 6403 966
10905 2 2 2 127 7345 8113 7313
10906 2 2 2 127 293 6402 294
10907 2 2 2 127 517 6405 518
10908 2 2 2 127 7539 8539 8165
10909 2 2 2 127 5982 8705 8026
10910 2 2 2 127 6022 7237 5354
10911 2 2 2 127 7296 7511 7509
10912 2 2 2 127 7302 7888 7415
10913 2 2 2 127 6202 6610 6012
10914 2 2 2 127 7377 7379 7376
10915 2 2 2 127 525 8851 526
10916 2 2 2 127 1788 8572 6381
10917 2 2 2 127 7102 7145 7099
10918 2 2 2 127 7518 8831 7016
10919 2 2 2 127 6840 8860 6253
10920 2 2 2 127 6521 8005 6081
10921 2 2 2 127 874 9004 875
10922 2 2 2 127 1096 6500 1097
10923 2 2 2 127 1656 6495 1657
10924 2 2 2 127 6009 6571 614
10925 2 2 2 127 5429 8026 6855
10926 2 2 2 127 1992 6501 1993
10927 2 2 2 127 6090 8676 1042
10928 2 2 2 127 6089 8675 1826
10929 2 2 2 127 648 6496 649
10930 2 2 2 127 424 6499 425
10931 2 2 2 127 6832 8176 6419
10932 2 2 2 127 6363 8112 5506
10933 2 2 2 127 2170 8765 2169
10934 2 2 2 127 7053 7653 7065
10935 2 2 2 127 7045 7047 7046
10936 2 2 2 127 7298 7764 7551
10937 2 2 2 127 1432 6502 1433
10938 2 2 2 127 760 6498 761
10939 2 2 2 127 7728 8069 5393
10940 2 2 2 127 1320 6503 1321
10941 2 2 2 127 200 6497 201
10942 2 2 2 127 1042 8676 1043
10943 2 2 2 127 1826 8675 1827
10944 2 2 2 127 8068 8765 2170
10945 2 2 2 127 6005 6761 5
10946 2 2 2 127 1381 8959 6229
10947 2 2 2 127 6006 6763 96
10948 2 2 2 127 2123 6394 2124
10949 2 2 2 127 555 6530 556
10950 2 2 2 127 779 6531 780
10951 2 2 2 127 7687 7774 7726
10952 2 2 2 127 5498 6767 75
10953 2 2 2 127 6938 6943 6942
10954 2 2 2 127 5497 6768 110
10955 2 2 2 127 2014 8168 2015
10956 2 2 2 127 1454 8167 1455
10957 2 2 2 127 1082 8579 1010
10958 2 2 2 127 1642 8580 1794
10959 2 2 2 127 6911 7957 6917
10960 2 2 2 127 7726 7774 6999
10961 2 2 2 127 6261 8424 8206
10962 2 2 2 127 7994 8064 7617
10963 2 2 2 127 6997 8624 7815
10964 2 2 2 127 7699 8801 7143
10965 2 2 2 127 7873 8540 5989
10966 2 2 2 127 6828 9025 6
10967 2 2 2 127 5496 6771 12
10968 2 2 2 127 7716 8893 8268
10969 2 2 2 127 7280 8972 7297
10970 2 2 2 127 1103 8928 6036
10971 2 2 2 127 6420 8598 6381
10972 2 2 2 127 5422 8156 8134
10973 2 2 2 127 5998 8183 6450
10974 2 2 2 127 7415 9029 7302
10975 2 2 2 127 1681 8695 6151
10976 2 2 2 127 7437 7438 7436
10977 2 2 2 127 2171 8567 2170
10978 2 2 2 127 5501 8049 6429
10979 2 2 2 127 8106 8123 7470
10980 2 2 2 127 6553 6816 766
10981 2 2 2 127 6554 6817 542
10982 2 2 2 127 7409 7410 991
10983 2 2 2 127 5397 8309 7850
10984 2 2 2 127 1680 8695 1681
10985 2 2 2 127 6015 8351 6820
10986 2 2 2 127 8240 8778 8226
10987 2 2 2 127 6035 8384 6507
10988 2 2 2 127 7850 8309 7700
10989 2 2 2 127 6239 8597 6334
10990 2 2 2 127 6117 8824 6216
10991 2 2 2 127 7151 7152 7130
10992 2 2 2 127 7627 8480 8434
10993 2 2 2 127 7266 7268 7267
10994 2 2 2 127 6316 8402 8222
10995 2 2 2 127 7586 8582 7664
10996 2 2 2 127 7458 8443 7855
10997 2 2 2 127 1842 8437 1843
10998 2 2 2 127 8043 8259 5958
10999 2 2 2 127 1757 8868 1758
11000 2 2 2 127 1197 8867 1198
11001 2 2 2 127 5574 6610 5656
11002 2 2 2 127 6813 8676 6090
11003 2 2 2 127 6812 8675 6089
11004 2 2 2 127 7431 7432 7379
11005 2 2 2 127 447 6829 6533
11006 2 2 2 127 5540 8056 6592
11007 2 2 2 127 7786 8059 7121
11008 2 2 2 127 5868 5869 5344
11009 2 2 2 127 7403 7404 7401
11010 2 2 2 127 7710 8545 7483
11011 2 2 2 127 7331 7332 7329
11012 2 2 2 127 6209 6680 6013
11013 2 2 2 127 8544 8785 7255
11014 2 2 2 127 1170 8457 1171
11015 2 2 2 127 6514 8854 6098
11016 2 2 2 127 7230 7232 7231
11017 2 2 2 127 7066 8581 7052
11018 2 2 2 127 610 8460 611
11019 2 2 2 127 1058 8462 1059
11020 2 2 2 127 2066 8464 2067
11021 2 2 2 127 1282 8463 1283
11022 2 2 2 127 6302 6838 5675
11023 2 2 2 127 498 8468 499
11024 2 2 2 127 274 8469 275
11025 2 2 2 127 7848 9050 7847
11026 2 2 2 127 834 8474 835
11027 2 2 2 127 722 8475 723
11028 2 2 2 127 1394 8476 1395
11029 2 2 2 127 5834 6548 6547
11030 2 2 2 127 6241 8456 6657
11031 2 2 2 127 7085 7189 7188
11032 2 2 2 127 7008 7010 7009
11033 2 2 2 127 7543 7730 6508
11034 2 2 2 127 7817 8777 8276
11035 2 2 2 127 6605 8953 6327
11036 2 2 2 127 6522 6863 934
11037 2 2 2 127 7832 8574 6026
11038 2 2 2 127 7342 7343 7340
11039 2 2 2 127 7940 8709 7333
11040 2 2 2 127 6909 7957 6911
11041 2 2 2 127 7871 8409 5387
11042 2 2 2 127 7805 7806 7501
11043 2 2 2 127 7382 7904 7528
11044 2 2 2 127 7234 7784 7233
11045 2 2 2 127 7719 7910 7894
11046 2 2 2 127 1506 8483 1507
11047 2 2 2 127 6125 8909 6421
11048 2 2 2 127 7427 7447 7428
11049 2 2 2 127 6943 7902 6945
11050 2 2 2 127 6020 8681 7472
11051 2 2 2 127 7160 8574 7832
11052 2 2 2 127 8252 8627 7431
11053 2 2 2 127 7329 8552 7328
11054 2 2 2 127 6131 8126 6281
11055 2 2 2 127 7616 8316 7768
11056 2 2 2 127 7562 8801 7654
11057 2 2 2 127 6867 8788 6254
11058 2 2 2 127 7823 7928 7417
11059 2 2 2 127 5740 8169 6527
11060 2 2 2 127 5867 6427 5868
11061 2 2 2 127 5544 6680 5547
11062 2 2 2 127 7398 7400 7396
11063 2 2 2 127 7852 7892 6983
11064 2 2 2 127 8025 8146 8024
11065 2 2 2 127 7792 8465 7571
11066 2 2 2 127 1010 8579 1011
11067 2 2 2 127 1794 8580 1795
11068 2 2 2 127 8360 8361 6069
11069 2 2 2 127 657 8016 658
11070 2 2 2 127 209 8017 210
11071 2 2 2 127 7679 8839 7107
11072 2 2 2 127 7571 7679 6893
11073 2 2 2 127 7107 7949 7679
11074 2 2 2 127 7850 8559 8223
11075 2 2 2 127 7601 8298 5454
11076 2 2 2 127 6945 6947 6946
11077 2 2 2 127 5904 8671 6198
11078 2 2 2 127 6991 7601 1736
11079 2 2 2 127 5832 8786 8034
11080 2 2 2 127 8079 8587 7632
11081 2 2 2 127 7698 7954 7777
11082 2 2 2 127 6425 9006 8806
11083 2 2 2 127 7595 8158 7859
11084 2 2 2 127 7982 8676 6813
11085 2 2 2 127 7983 8675 6812
11086 2 2 2 127 6235 8883 6366
11087 2 2 2 127 6236 8882 6365
11088 2 2 2 127 6567 7995 6208
11089 2 2 2 127 7312 7721 7336
11090 2 2 2 127 1023 5464 56
11091 2 2 2 127 207 6005 5
11092 2 2 2 127 6853 8742 6833
11093 2 2 2 127 6613 8752 6138
11094 2 2 2 127 1663 6006 96
11095 2 2 2 127 5907 8065 5908
11096 2 2 2 127 7718 8578 7306
11097 2 2 2 127 7088 8936 7074
11098 2 2 2 127 7354 7355 7205
11099 2 2 2 127 1327 5498 75
11100 2 2 2 127 1887 5497 110
11101 2 2 2 127 351 5521 14
11102 2 2 2 127 7767 8794 7169
11103 2 2 2 127 7016 8246 7828
11104 2 2 2 127 319 5496 12
11105 2 2 2 127 5999 8742 6853
11106 2 2 2 127 5441 8847 6309
11107 2 2 2 127 7768 7994 7617
11108 2 2 2 127 6804 8212 6056
11109 2 2 2 127 6962 6964 6963
11110 2 2 2 127 7520 8308 7846
11111 2 2 2 127 895 5480 48
11112 2 2 2 127 7387 7389 7388
11113 2 2 2 127 671 5495 34
11114 2 2 2 127 388 8631 6356
11115 2 2 2 127 164 8632 6355
11116 2 2 2 127 987 9037 988
11117 2 2 2 127 8074 8577 6207
11118 2 2 2 127 7697 8660 7119
11119 2 2 2 127 8274 8321 1549
11120 2 2 2 127 8275 8322 205
11121 2 2 2 127 7801 7803 7802
11122 2 2 2 127 2089 7411 2090
11123 2 2 2 127 5417 8108 1342
11124 2 2 2 127 14 5402 336
11125 2 2 2 127 6152 8056 6538
11126 2 2 2 127 1977 7380 1978
11127 2 2 2 127 6181 8304 6697
11128 2 2 2 127 2148 7973 5396
11129 2 2 2 127 5805 6760 6518
11130 2 2 2 127 5392 6890 2159
11131 2 2 2 127 1493 7588 6020
11132 2 2 2 127 387 8631 388
11133 2 2 2 127 163 8632 164
11134 2 2 2 127 6528 8776 8332
11135 2 2 2 127 6900 8684 7859
11136 2 2 2 127 8268 8893 7079
11137 2 2 2 127 5925 8788 8597
11138 2 2 2 127 2143 5539 126
11139 2 2 2 127 6861 6862 6591
11140 2 2 2 127 7333 7334 7332
11141 2 2 2 127 6093 7991 6671
11142 2 2 2 127 7163 9001 7641
11143 2 2 2 127 7349 8544 7970
11144 2 2 2 127 7204 7802 7424
11145 2 2 2 127 6098 8408 6512
11146 2 2 2 127 5641 8251 6535
11147 2 2 2 127 6588 6591 6037
11148 2 2 2 127 5540 6094 5792
11149 2 2 2 127 6609 8301 6060
11150 2 2 2 127 5546 5896 5342
11151 2 2 2 127 6972 6973 6969
11152 2 2 2 127 6555 8197 8194
11153 2 2 2 127 6780 6781 6349
11154 2 2 2 127 7768 8316 5394
11155 2 2 2 127 7228 8099 7440
11156 2 2 2 127 8595 8596 5865
11157 2 2 2 127 6212 8891 6783
11158 2 2 2 127 8103 8559 7850
11159 2 2 2 127 7988 8677 7989
11160 2 2 2 127 6212 6213 5550
11161 2 2 2 127 6568 8183 5998
11162 2 2 2 127 8341 8515 7951
11163 2 2 2 127 6523 8291 6145
11164 2 2 2 127 7437 8311 7480
11165 2 2 2 127 7488 7818 7490
11166 2 2 2 127 5860 8199 6545
11167 2 2 2 127 7879 8039 6228
11168 2 2 2 127 118 5754 2000
11169 2 2 2 127 5893 8757 6342
11170 2 2 2 127 5905 8761 5959
11171 2 2 2 127 5575 5577 5576
11172 2 2 2 127 7469 8106 7675
11173 2 2 2 127 1210 6647 5515
11174 2 2 2 127 1770 6646 5514
11175 2 2 2 127 7272 7273 7271
11176 2 2 2 127 986 8778 5356
11177 2 2 2 127 7611 8329 1007
11178 2 2 2 127 1663 6187 6006
11179 2 2 2 127 7842 8307 7483
11180 2 2 2 127 6519 8900 543
11181 2 2 2 127 6520 8901 767
11182 2 2 2 127 6650 6776 5898
11183 2 2 2 127 2018 6601 2019
11184 2 2 2 127 450 6600 451
11185 2 2 2 127 7232 7234 7233
11186 2 2 2 127 1887 6564 5497
11187 2 2 2 127 1213 6850 6540
11188 2 2 2 127 7111 8534 8353
11189 2 2 2 127 2105 7900 7452
11190 2 2 2 127 6665 8244 6108
11191 2 2 2 127 7894 8053 7001
11192 2 2 2 127 1327 6565 5498
11193 2 2 2 127 5918 8764 6344
11194 2 2 2 127 319 6188 5496
11195 2 2 2 127 1661 8003 1662
11196 2 2 2 127 317 8004 318
11197 2 2 2 127 83 5775 1440
11198 2 2 2 127 6346 8625 6016
11199 2 2 2 127 6577 6802 5341
11200 2 2 2 127 5521 5998 5537
11201 2 2 2 127 954 6686 6403
11202 2 2 2 127 1514 6687 6407
11203 2 2 2 127 895 5716 5480
11204 2 2 2 127 671 5715 5495
11205 2 2 2 127 126 5477 2128
11206 2 2 2 127 5522 5524 5523
11207 2 2 2 127 6048 8110 6687
11208 2 2 2 127 6047 8109 6686
11209 2 2 2 127 5354 8928 1103
11210 2 2 2 127 7044 7960 7716
11211 2 2 2 127 2163 7871 5387
11212 2 2 2 127 6953 6957 6951
11213 2 2 2 127 2088 8154 7127
11214 2 2 2 127 6390 8423 5543
11215 2 2 2 127 7116 7119 6995
11216 2 2 2 127 5912 8073 6578
11217 2 2 2 127 7381 7707 7385
11218 2 2 2 127 6627 6681 6626
11219 2 2 2 127 5875 8175 5877
11220 2 2 2 127 7 6323 224
11221 2 2 2 127 35 6324 672
11222 2 2 2 127 7374 7376 7371
11223 2 2 2 127 7688 8484 7462
11224 2 2 2 127 5967 8771 6579
11225 2 2 2 127 6153 8755 6588
11226 2 2 2 127 6007 6791 82
11227 2 2 2 127 6008 6792 117
11228 2 2 2 127 7221 7803 7209
11229 2 2 2 127 5712 6149 5711
11230 2 2 2 127 6216 8824 8809
11231 2 2 2 127 5728 6856 6828
11232 2 2 2 127 7433 7434 7432
11233 2 2 2 127 8180 8738 6224
11234 2 2 2 127 8179 8739 6223
11235 2 2 2 127 97 6049 1664
11236 2 2 2 127 49 6047 896
11237 2 2 2 127 98 6048 1680
11238 2 2 2 127 5464 6239 6014
11239 2 2 2 127 8257 8753 7633
11240 2 2 2 127 7112 7114 7109
11241 2 2 2 127 6604 6631 5659
11242 2 2 2 127 8300 8448 7147
11243 2 2 2 127 7094 7946 7843
11244 2 2 2 127 5821 6093 5823
11245 2 2 2 127 6008 8886 8383
11246 2 2 2 127 7439 8172 7717
11247 2 2 2 127 6544 8144 5668
11248 2 2 2 127 7529 7600 7198
11249 2 2 2 127 7504 8859 7773
11250 2 2 2 127 7177 7178 6898
11251 2 2 2 127 168 8762 169
11252 2 2 2 127 7364 7365 7343
11253 2 2 2 127 6042 6285 5755
11254 2 2 2 127 5677 8821 6570
11255 2 2 2 127 5969 8782 6354
11256 2 2 2 127 799 5574 42
11257 2 2 2 127 463 5482 21
11258 2 2 2 127 6003 6801 5339
11259 2 2 2 127 7209 7803 7208
11260 2 2 2 127 1135 5544 63
11261 2 2 2 127 5871 5873 5872
11262 2 2 2 127 7832 8319 8055
11263 2 2 2 127 7034 8228 7958
11264 2 2 2 127 6543 6583 5951
11265 2 2 2 127 5783 6681 6627
11266 2 2 2 127 219 6761 220
11267 2 2 2 127 6645 8211 6166
11268 2 2 2 127 1675 6763 1676
11269 2 2 2 127 7812 8528 7137
11270 2 2 2 127 1339 6767 1340
11271 2 2 2 127 1899 6768 1900
11272 2 2 2 127 5823 6241 5822
11273 2 2 2 127 2127 8585 125
11274 2 2 2 127 5876 6061 6060
11275 2 2 2 127 8371 8789 8372
11276 2 2 2 127 331 6771 332
11277 2 2 2 127 7764 7928 7552
11278 2 2 2 127 280 8361 6558
11279 2 2 2 127 1919 5485 112
11280 2 2 2 127 6572 8625 6346
11281 2 2 2 127 169 8762 5982
11282 2 2 2 127 5482 5542 5541
11283 2 2 2 127 5464 6014 56
11284 2 2 2 127 7171 8122 7909
11285 2 2 2 127 7262 7773 7300
11286 2 2 2 127 6069 8361 279
11287 2 2 2 127 6347 8693 6684
11288 2 2 2 127 6608 6827 5526
11289 2 2 2 127 7796 7797 5351
11290 2 2 2 127 7691 7912 7692
11291 2 2 2 127 2107 7573 2108
11292 2 2 2 127 5485 5680 5679
11293 2 2 2 127 5919 6304 6288
11294 2 2 2 127 5898 6776 5896
11295 2 2 2 127 6538 6852 6004
11296 2 2 2 127 1730 8590 1731
11297 2 2 2 127 5625 6631 6603
11298 2 2 2 127 6534 8328 6870
11299 2 2 2 127 7430 8390 1233
11300 2 2 2 127 6450 8977 5537
11301 2 2 2 127 6603 6631 6604
11302 2 2 2 127 1733 7191 6892
11303 2 2 2 127 7835 8033 7303
11304 2 2 2 127 6349 8239 5996
11305 2 2 2 127 6148 6595 6214
11306 2 2 2 127 1719 7824 1720
11307 2 2 2 127 7141 8484 7853
11308 2 2 2 127 7605 7606 7604
11309 2 2 2 127 7764 8763 7928
11310 2 2 2 127 7511 7524 7512
11311 2 2 2 127 63 5342 1120
11312 2 2 2 127 1999 6008 117
11313 2 2 2 127 1439 6007 82
11314 2 2 2 127 6036 6795 61
11315 2 2 2 127 1807 5473 105
11316 2 2 2 127 6508 8217 1572
11317 2 2 2 127 6781 8239 6349
11318 2 2 2 127 7608 7840 7606
11319 2 2 2 127 1732 7195 7191
11320 2 2 2 127 6249 6250 6101
11321 2 2 2 127 5959 6126 5906
11322 2 2 2 127 8487 8544 7349
11323 2 2 2 127 7025 7886 7441
11324 2 2 2 127 6923 7531 7530
11325 2 2 2 127 1583 5489 91
11326 2 2 2 127 7793 7914 7467
11327 2 2 2 127 7854 8117 8107
11328 2 2 2 127 1618 8605 1619
11329 2 2 2 127 7610 8448 7553
11330 2 2 2 127 6527 8145 5740
11331 2 2 2 127 1620 7623 7201
11332 2 2 2 127 7884 8039 7879
11333 2 2 2 127 2152 9039 2151
11334 2 2 2 127 7627 7885 7217
11335 2 2 2 127 443 6386 444
11336 2 2 2 127 575 5433 28
11337 2 2 2 127 7620 7669 7668
11338 2 2 2 127 1563 6389 1564
11339 2 2 2 127 7224 8099 7228
11340 2 2 2 127 8185 8864 6491
11341 2 2 2 127 2031 5432 119
11342 2 2 2 127 1079 8780 1080
11343 2 2 2 127 7347 8667 7345
11344 2 2 2 127 7482 7483 7481
11345 2 2 2 127 1471 5435 84
11346 2 2 2 127 1227 6387 1228
11347 2 2 2 127 5348 7588 1492
11348 2 2 2 127 667 6385 668
11349 2 2 2 127 5473 6271 6027
11350 2 2 2 127 6261 6289 6186
11351 2 2 2 127 6603 6662 5625
11352 2 2 2 127 7709 8550 7096
11353 2 2 2 127 49 8109 6047
11354 2 2 2 127 98 8110 6048
11355 2 2 2 127 6062 8780 1079
11356 2 2 2 127 6108 8603 6665
11357 2 2 2 127 5489 5700 5699
11358 2 2 2 127 7522 8127 7181
11359 2 2 2 127 1962 7132 6411
11360 2 2 2 127 55 5370 992
11361 2 2 2 127 1103 6036 61
11362 2 2 2 127 1607 7834 1608
11363 2 2 2 127 6396 8444 5682
11364 2 2 2 127 1845 8486 7122
11365 2 2 2 127 7492 7644 7119
11366 2 2 2 127 1621 7201 6905
11367 2 2 2 127 7026 8870 6259
11368 2 2 2 127 7535 7536 7531
11369 2 2 2 127 6602 8391 5752
11370 2 2 2 127 5586 6754 6690
11371 2 2 2 127 7161 8689 8662
11372 2 2 2 127 5546 5897 5896
11373 2 2 2 127 7798 8404 7146
11374 2 2 2 127 7089 8936 7088
11375 2 2 2 127 42 5358 784
11376 2 2 2 127 5670 6660 6625
11377 2 2 2 127 7687 8286 7293
11378 2 2 2 127 5577 5578 5576
11379 2 2 2 127 7180 7181 7179
11380 2 2 2 127 6890 8922 8057
11381 2 2 2 127 6625 6660 6621
11382 2 2 2 127 5776 5778 5777
11383 2 2 2 127 5680 5681 5679
11384 2 2 2 127 7759 8147 7800
11385 2 2 2 127 2011 6792 2012
11386 2 2 2 127 1451 6791 1452
11387 2 2 2 127 891 6388 892
11388 2 2 2 127 8047 8778 986
11389 2 2 2 127 6354 9034 6301
11390 2 2 2 127 5572 5573 5571
11391 2 2 2 127 7028 7638 7002
11392 2 2 2 127 5625 6662 6623
11393 2 2 2 127 6974 6975 6973
11394 2 2 2 127 6831 8301 6609
11395 2 2 2 127 5542 6080 5541
11396 2 2 2 127 933 8282 934
11397 2 2 2 127 5551 5552 5549
11398 2 2 2 127 5700 5701 5699
11399 2 2 2 127 5946 8982 6532
11400 2 2 2 127 6410 8934 6831
11401 2 2 2 127 6950 8041 6948
11402 2 2 2 127 5433 5549 5548
11403 2 2 2 127 5432 5571 5570
11404 2 2 2 127 5552 5553 5549
11405 2 2 2 127 7633 8753 7707
11406 2 2 2 127 7459 7611 1007
11407 2 2 2 127 6342 8551 5894
11408 2 2 2 127 6593 8845 5988
11409 2 2 2 127 1903 8356 111
11410 2 2 2 127 447 8352 20
11411 2 2 2 127 5713 8247 6510
11412 2 2 2 127 7534 8155 7838
11413 2 2 2 127 1115 6795 1116
11414 2 2 2 127 6950 8336 7840
11415 2 2 2 127 5658 8279 6179
11416 2 2 2 127 5552 5554 5553
11417 2 2 2 127 6628 6692 6627
11418 2 2 2 127 2170 8567 8068
11419 2 2 2 127 7373 8080 7503
11420 2 2 2 127 6184 8348 6521
11421 2 2 2 127 6172 8238 6529
11422 2 2 2 127 5573 6108 6068
11423 2 2 2 127 6611 6835 6830
11424 2 2 2 127 5572 6098 5573
11425 2 2 2 127 5485 5679 112
11426 2 2 2 127 6586 8867 1197
11427 2 2 2 127 6585 8868 1757
11428 2 2 2 127 5573 6068 5571
11429 2 2 2 127 1124 6290 1125
11430 2 2 2 127 1908 6291 1909
11431 2 2 2 127 6890 8057 2158
11432 2 2 2 127 6678 6693 6130
11433 2 2 2 127 5482 5541 21
11434 2 2 2 127 7275 8541 7421
11435 2 2 2 127 5988 8845 6226
11436 2 2 2 127 6042 6286 6285
11437 2 2 2 127 5681 6524 5679
11438 2 2 2 127 5524 5525 5523
11439 2 2 2 127 6421 8890 6125
11440 2 2 2 127 6492 8077 6063
11441 2 2 2 127 5727 6625 6621
11442 2 2 2 127 5897 5898 5896
11443 2 2 2 127 6958 6959 6957
11444 2 2 2 127 5489 6314 5700
11445 2 2 2 127 5700 5702 5701
11446 2 2 2 127 5577 5579 5578
11447 2 2 2 127 5543 8969 6390
11448 2 2 2 127 1343 5369 76
11449 2 2 2 127 6669 6822 6104
11450 2 2 2 127 5887 5889 5885
11451 2 2 2 127 7758 7965 7964
11452 2 2 2 127 7276 7277 7275
11453 2 2 2 127 7695 7696 7694
11454 2 2 2 127 5482 5543 5542
11455 2 2 2 127 5473 6272 6271
11456 2 2 2 127 7667 7697 7645
11457 2 2 2 127 5611 6623 5604
11458 2 2 2 127 5581 6614 6130
11459 2 2 2 127 317 8282 8004
11460 2 2 2 127 7664 8545 7586
11461 2 2 2 127 6061 6609 6060
11462 2 2 2 127 5506 8878 6363
11463 2 2 2 127 7720 8131 7256
11464 2 2 2 127 6626 6681 6625
11465 2 2 2 127 6230 6634 6633
11466 2 2 2 127 5702 5703 5701
11467 2 2 2 127 7524 7698 7525
11468 2 2 2 127 5960 9000 6069
11469 2 2 2 127 7306 8454 7719
11470 2 2 2 127 5579 5580 5578
11471 2 2 2 127 5625 6623 5611
11472 2 2 2 127 7638 8521 6990
11473 2 2 2 127 7274 7275 7273
11474 2 2 2 127 6188 6523 5496
11475 2 2 2 127 5748 6612 5745
11476 2 2 2 127 5485 5682 5680
11477 2 2 2 127 5555 5556 5554
11478 2 2 2 127 5778 5779 5777
11479 2 2 2 127 6510 8588 5713
11480 2 2 2 127 6239 6334 6014
11481 2 2 2 127 6285 6512 5755
11482 2 2 2 127 7826 8359 7827
11483 2 2 2 127 5577 5603 5579
11484 2 2 2 127 5620 6626 5610
11485 2 2 2 127 5608 6624 5600
11486 2 2 2 127 7665 8181 8045
11487 2 2 2 127 5603 6614 5579
11488 2 2 2 127 5433 5551 5549
11489 2 2 2 127 6621 6624 5727
11490 2 2 2 127 5579 6614 5581
11491 2 2 2 127 5716 5717 5480
11492 2 2 2 127 5648 6611 5649
11493 2 2 2 127 6583 6584 5951
11494 2 2 2 127 1171 5905 1172
11495 2 2 2 127 5579 5581 5580
11496 2 2 2 127 5432 5572 5571
11497 2 2 2 127 5702 5704 5703
11498 2 2 2 127 5581 5582 5580
11499 2 2 2 127 5620 6627 6626
11500 2 2 2 127 7273 8804 7422
11501 2 2 2 127 5680 5683 5681
11502 2 2 2 127 5484 5793 1844
11503 2 2 2 127 5715 6023 5495
11504 2 2 2 127 5580 5635 5578
11505 2 2 2 127 7004 7005 7003
11506 2 2 2 127 5552 5555 5554
11507 2 2 2 127 7461 7887 7386
11508 2 2 2 127 5801 5802 5471
11509 2 2 2 127 6494 8087 5961
11510 2 2 2 127 5370 5710 992
11511 2 2 2 127 1843 5484 1844
11512 2 2 2 127 7319 8944 7726
11513 2 2 2 127 1883 6041 1884
11514 2 2 2 127 5432 5570 119
11515 2 2 2 127 5433 5548 28
11516 2 2 2 127 6634 6888 6548
11517 2 2 2 127 5566 8693 8380
11518 2 2 2 127 5592 6618 5589
11519 2 2 2 127 5376 5730 5729
11520 2 2 2 127 5603 6615 6614
11521 2 2 2 127 1644 5509 1645
11522 2 2 2 127 1084 5508 1085
11523 2 2 2 127 6690 6754 6124
11524 2 2 2 127 5691 6616 5695
11525 2 2 2 127 6580 6581 5898
11526 2 2 2 127 5745 6612 5743
11527 2 2 2 127 5442 5795 445
11528 2 2 2 127 5683 5684 5681
11529 2 2 2 127 5443 5798 1789
11530 2 2 2 127 1660 6541 1661
11531 2 2 2 127 6534 8296 561
11532 2 2 2 127 5667 6629 5629
11533 2 2 2 127 611 5893 612
11534 2 2 2 127 6230 6633 5845
11535 2 2 2 127 5555 5557 5556
11536 2 2 2 127 1900 5870 1901
11537 2 2 2 127 6627 6692 5783
11538 2 2 2 127 5561 6635 5558
11539 2 2 2 127 6615 6678 6614
11540 2 2 2 127 5845 6633 5842
11541 2 2 2 127 5600 6624 5594
11542 2 2 2 127 674 5821 675
11543 2 2 2 127 5596 6620 5605
11544 2 2 2 127 5585 6639 5588
11545 2 2 2 127 5483 5892 948
11546 2 2 2 127 5683 5685 5684
11547 2 2 2 127 5685 5686 5684
11548 2 2 2 127 444 5442 445
11549 2 2 2 127 2019 5512 2020
11550 2 2 2 127 451 5513 452
11551 2 2 2 127 5673 6693 6678
11552 2 2 2 127 5604 6623 6622
11553 2 2 2 127 5473 6027 105
11554 2 2 2 127 6545 8857 5860
11555 2 2 2 127 1788 5443 1789
11556 2 2 2 127 1996 5801 5471
11557 2 2 2 127 1737 5454 1738
11558 2 2 2 127 5727 6624 5608
11559 2 2 2 127 5452 5806 1565
11560 2 2 2 127 5581 5583 5582
11561 2 2 2 127 947 5483 948
11562 2 2 2 127 5589 6618 5587
11563 2 2 2 127 332 5875 333
11564 2 2 2 127 5621 6622 6122
11565 2 2 2 127 5484 5794 5793
11566 2 2 2 127 2131 6136 2132
11567 2 2 2 127 5419 5810 2125
11568 2 2 2 127 7042 7043 7031
11569 2 2 2 127 6285 6513 6512
11570 2 2 2 127 5801 5803 5802
11571 2 2 2 127 5558 6635 5556
11572 2 2 2 127 5593 6620 5596
11573 2 2 2 127 5525 5526 5523
11574 2 2 2 127 5914 5916 5915
11575 2 2 2 127 5583 5584 5582
11576 2 2 2 127 1340 5904 1341
11577 2 2 2 127 6073 6074 6072
11578 2 2 2 127 5712 6269 6149
11579 2 2 2 127 5686 5688 5687
11580 2 2 2 127 1867 5382 1868
11581 2 2 2 127 5610 6626 5727
11582 2 2 2 127 5607 6643 5609
11583 2 2 2 127 1980 5470 1981
11584 2 2 2 127 6619 6620 5593
11585 2 2 2 127 5486 5899 1956
11586 2 2 2 127 6187 8374 6597
11587 2 2 2 127 5826 5827 5438
11588 2 2 2 127 5688 6636 5693
11589 2 2 2 127 5826 5828 5827
11590 2 2 2 127 6171 8288 6672
11591 2 2 2 127 5424 5925 5923
11592 2 2 2 127 7221 8669 7802
11593 2 2 2 127 5591 6619 5593
11594 2 2 2 127 5659 6631 5632
11595 2 2 2 127 6535 8216 5641
11596 2 2 2 127 5700 6688 5702
11597 2 2 2 127 1059 5918 1060
11598 2 2 2 127 1508 5344 1509
11599 2 2 2 127 6211 6529 5933
11600 2 2 2 127 125 8585 840
11601 2 2 2 127 5688 5690 5689
11602 2 2 2 127 5727 6626 6625
11603 2 2 2 127 5557 5558 5556
11604 2 2 2 127 1283 6283 1284
11605 2 2 2 127 2067 6282 2068
11606 2 2 2 127 5382 5800 5799
11607 2 2 2 127 5584 5613 5582
11608 2 2 2 127 5601 6622 5621
11609 2 2 2 127 5525 5527 5526
11610 2 2 2 127 5883 6335 5881
11611 2 2 2 127 1994 5339 1995
11612 2 2 2 127 5609 6643 5619
11613 2 2 2 127 1266 5345 1267
11614 2 2 2 127 5588 5589 5587
11615 2 2 2 127 6622 6623 6122
11616 2 2 2 127 6025 6175 5418
11617 2 2 2 127 5556 6307 5554
11618 2 2 2 127 225 6305 226
11619 2 2 2 127 6995 8096 6922
11620 2 2 2 127 1347 5401 1348
11621 2 2 2 127 781 6233 782
11622 2 2 2 127 557 6234 558
11623 2 2 2 127 1044 5493 1045
11624 2 2 2 127 5414 6260 1958
11625 2 2 2 127 1564 5452 1565
11626 2 2 2 127 540 5490 541
11627 2 2 2 127 705 6223 706
11628 2 2 2 127 257 6224 258
11629 2 2 2 127 5693 6221 5690
11630 2 2 2 127 220 5472 221
11631 2 2 2 127 1041 5891 1042
11632 2 2 2 127 1825 5890 1826
11633 2 2 2 127 5651 6611 5648
11634 2 2 2 127 1681 6151 5507
11635 2 2 2 127 6621 6660 6620
11636 2 2 2 127 1996 5471 1997
11637 2 2 2 127 5587 6618 6128
11638 2 2 2 127 1714 5913 5416
11639 2 2 2 127 2124 5419 2125
11640 2 2 2 127 5800 6073 6072
11641 2 2 2 127 1753 5466 1754
11642 2 2 2 127 260 6050 261
11643 2 2 2 127 226 5855 227
11644 2 2 2 127 5743 6612 5753
11645 2 2 2 127 409 5448 410
11646 2 2 2 127 5472 6160 221
11647 2 2 2 127 5487 5909 500
11648 2 2 2 127 5442 5796 5795
11649 2 2 2 127 1437 5767 1438
11650 2 2 2 127 5629 6629 5618
11651 2 2 2 127 5690 6616 5691
11652 2 2 2 127 2013 5766 2014
11653 2 2 2 127 1453 5765 1454
11654 2 2 2 127 1997 6348 1998
11655 2 2 2 127 5688 5689 5687
11656 2 2 2 127 5382 5799 1868
11657 2 2 2 127 612 5434 613
11658 2 2 2 127 5847 6106 5845
11659 2 2 2 127 370 5920 5384
11660 2 2 2 127 5811 6296 5810
11661 2 2 2 127 337 5500 338
11662 2 2 2 127 482 6028 483
11663 2 2 2 127 1676 5478 1677
11664 2 2 2 127 617 5510 618
11665 2 2 2 127 5452 5807 5806
11666 2 2 2 127 2050 5921 5385
11667 2 2 2 127 897 6242 898
11668 2 2 2 127 5844 5847 5845
11669 2 2 2 127 1829 5413 1830
11670 2 2 2 127 428 6321 429
11671 2 2 2 127 652 6320 653
11672 2 2 2 127 669 5343 670
11673 2 2 2 127 1177 5511 1178
11674 2 2 2 127 5686 6636 5688
11675 2 2 2 127 593 5426 594
11676 2 2 2 127 412 6319 413
11677 2 2 2 127 636 6318 637
11678 2 2 2 127 5560 5562 5561
11679 2 2 2 127 930 6145 931
11680 2 2 2 127 8974 9009 6299
11681 2 2 2 127 5913 5917 5914
11682 2 2 2 127 5686 5687 5684
11683 2 2 2 127 1658 5476 1659
11684 2 2 2 127 5505 6522 316
11685 2 2 2 127 5559 5560 5558
11686 2 2 2 127 6651 6662 6114
11687 2 2 2 127 5844 5845 5842
11688 2 2 2 127 169 5429 170
11689 2 2 2 127 5556 6635 6307
11690 2 2 2 127 5563 5564 5562
11691 2 2 2 127 5658 6179 5651
11692 2 2 2 127 1681 5507 1682
11693 2 2 2 127 5914 5915 5416
11694 2 2 2 127 5583 5585 5584
11695 2 2 2 127 5585 5586 5584
11696 2 2 2 127 5717 5859 5480
11697 2 2 2 127 5565 5567 5564
11698 2 2 2 127 1955 5486 1956
11699 2 2 2 127 370 5384 371
11700 2 2 2 127 2050 5385 2051
11701 2 2 2 127 5690 5691 5689
11702 2 2 2 127 5458 6837 6109
11703 2 2 2 127 499 5487 500
11704 2 2 2 127 315 5935 5505
11705 2 2 2 127 5410 6155 900
11706 2 2 2 127 1901 5479 1902
11707 2 2 2 127 5587 6128 5586
11708 2 2 2 127 5560 6632 5563
11709 2 2 2 127 5652 6637 5623
11710 2 2 2 127 1714 5416 1715
11711 2 2 2 127 5528 5529 5527
11712 2 2 2 127 708 6516 709
11713 2 2 2 127 817 5427 818
11714 2 2 2 127 1938 6210 1939
11715 2 2 2 127 5637 6617 5626
11716 2 2 2 127 1546 5449 1547
11717 2 2 2 127 202 5450 203
11718 2 2 2 127 315 5505 316
11719 2 2 2 127 5897 6580 5898
11720 2 2 2 127 5431 5825 5824
11721 2 2 2 127 5678 6644 5530
11722 2 2 2 127 6633 6634 5838
11723 2 2 2 127 1419 6534 1420
11724 2 2 2 127 5913 6613 5917
11725 2 2 2 127 5796 5797 5795
11726 2 2 2 127 5591 5593 5592
11727 2 2 2 127 333 5457 334
11728 2 2 2 127 2012 6054 2013
11729 2 2 2 127 1452 6053 1453
11730 2 2 2 127 5620 6628 6627
11731 2 2 2 127 146 5353 147
11732 2 2 2 127 1153 5467 1154
11733 2 2 2 127 426 6096 427
11734 2 2 2 127 650 6095 651
11735 2 2 2 127 1827 6157 1828
11736 2 2 2 127 1043 6158 1044
11737 2 2 2 127 5858 6279 5856
11738 2 2 2 127 5590 5591 5589
11739 2 2 2 127 6313 6607 5820
11740 2 2 2 127 5639 5663 5662
11741 2 2 2 127 409 5970 5448
11742 2 2 2 127 6074 6112 6111
11743 2 2 2 127 5649 6617 5637
11744 2 2 2 127 5525 5528 5527
11745 2 2 2 127 5415 5849 5848
11746 2 2 2 127 5716 5718 5717
11747 2 2 2 127 5594 6619 5591
11748 2 2 2 127 339 6550 340
11749 2 2 2 127 787 6549 788
11750 2 2 2 127 5669 6139 5675
11751 2 2 2 127 707 6551 708
11752 2 2 2 127 259 6552 260
11753 2 2 2 127 6617 6643 5626
11754 2 2 2 127 5632 6631 5616
11755 2 2 2 127 5588 5590 5589
11756 2 2 2 127 275 6063 276
11757 2 2 2 127 1906 6539 1907
11758 2 2 2 127 5593 5596 5595
11759 2 2 2 127 7354 8496 8149
11760 2 2 2 127 5688 5693 5690
11761 2 2 2 127 899 5410 900
11762 2 2 2 127 299 5431 300
11763 2 2 2 127 5583 6639 5585
11764 2 2 2 127 5785 8212 5764
11765 2 2 2 127 5842 6633 5839
11766 2 2 2 127 5585 5588 5587
11767 2 2 2 127 7222 7976 7706
11768 2 2 2 127 5648 5649 5637
11769 2 2 2 127 5419 5811 5810
11770 2 2 2 127 6179 6611 5651
11771 2 2 2 127 5605 5611 5604
11772 2 2 2 127 5557 5566 5559
11773 2 2 2 127 6221 6616 5690
11774 2 2 2 127 5562 5569 5561
11775 2 2 2 127 5560 5561 5558
11776 2 2 2 127 5479 6278 1902
11777 2 2 2 127 6152 6538 5980
11778 2 2 2 127 1957 5414 1958
11779 2 2 2 127 5585 5587 5586
11780 2 2 2 127 1121 5481 1122
11781 2 2 2 127 481 5475 482
11782 2 2 2 127 1788 6381 5443
11783 2 2 2 127 5581 6130 5583
11784 2 2 2 127 5489 5699 91
11785 2 2 2 127 5486 5900 5899
11786 2 2 2 127 675 5411 676
11787 2 2 2 127 5664 5665 5663
11788 2 2 2 127 5715 6587 6266
11789 2 2 2 127 5378 5835 5834
11790 2 2 2 127 5407 5857 5856
11791 2 2 2 127 5557 5559 5558
11792 2 2 2 127 5843 5844 5842
11793 2 2 2 127 1683 5438 1684
11794 2 2 2 127 929 5447 930
11795 2 2 2 127 6114 6662 6603
11796 2 2 2 127 5616 6631 5625
11797 2 2 2 127 5826 6606 5828
11798 2 2 2 127 5596 5604 5597
11799 2 2 2 127 5639 6651 5664
11800 2 2 2 127 6130 6639 5583
11801 2 2 2 127 5532 6644 6137
11802 2 2 2 127 6619 6621 6620
11803 2 2 2 127 5472 6161 6160
11804 2 2 2 127 5825 6075 5824
11805 2 2 2 127 6190 6582 5847
11806 2 2 2 127 5691 5695 5694
11807 2 2 2 127 7143 8801 7136
11808 2 2 2 127 5628 5639 5638
11809 2 2 2 127 5378 5834 764
11810 2 2 2 127 5413 5956 1830
11811 2 2 2 127 5626 6643 5607
11812 2 2 2 127 5593 5595 5592
11813 2 2 2 127 540 5860 5490
11814 2 2 2 127 5639 5664 5663
11815 2 2 2 127 1172 5439 1173
11816 2 2 2 127 5615 6641 5652
11817 2 2 2 127 5591 5592 5589
11818 2 2 2 127 5560 5563 5562
11819 2 2 2 127 1937 5465 1938
11820 2 2 2 127 5803 5804 5802
11821 2 2 2 127 5476 6194 1659
11822 2 2 2 127 1210 5515 1211
11823 2 2 2 127 1770 5514 1771
11824 2 2 2 127 5559 6632 5560
11825 2 2 2 127 321 6568 322
11826 2 2 2 127 5849 5850 5848
11827 2 2 2 127 5601 5621 5614
11828 2 2 2 127 5529 5532 5531
11829 2 2 2 127 1435 5377 1436
11830 2 2 2 127 763 5378 764
11831 2 2 2 127 5865 6129 5863
11832 2 2 2 127 5715 6266 6023
11833 2 2 2 127 6287 8288 6171
11834 2 2 2 127 5664 6651 6114
11835 2 2 2 127 5483 6176 6132
11836 2 2 2 127 5618 5620 5610
11837 2 2 2 127 276 6237 277
11838 2 2 2 127 5609 5610 5608
11839 2 2 2 127 5797 6123 5795
11840 2 2 2 127 5565 5568 5567
11841 2 2 2 127 5483 6132 5892
11842 2 2 2 127 5563 5565 5564
11843 2 2 2 127 1825 6422 5890
11844 2 2 2 127 1041 6423 5891
11845 2 2 2 127 5913 5914 5416
11846 2 2 2 127 5825 6642 6076
11847 2 2 2 127 393 6066 394
11848 2 2 2 127 5390 8064 7994
11849 2 2 2 127 5612 5616 5611
11850 2 2 2 127 1531 5415 1532
11851 2 2 2 127 785 5499 786
11852 2 2 2 127 6623 6662 6122
11853 2 2 2 127 5590 5594 5591
11854 2 2 2 127 6103 6642 5825
11855 2 2 2 127 5664 5866 5665
11856 2 2 2 127 6127 6313 5820
11857 2 2 2 127 5616 5625 5611
11858 2 2 2 127 5841 5842 5839
11859 2 2 2 127 6126 6205 5906
11860 2 2 2 127 5604 6622 5597
11861 2 2 2 127 5621 5628 5627
11862 2 2 2 127 5900 5901 5899
11863 2 2 2 127 5693 6556 6221
11864 2 2 2 127 5596 5605 5604
11865 2 2 2 127 5450 6331 203
11866 2 2 2 127 5449 6330 1547
11867 2 2 2 127 523 5407 524
11868 2 2 2 127 6161 6640 6160
11869 2 2 2 127 337 6135 5500
11870 2 2 2 127 8343 8636 7794
11871 2 2 2 127 5649 6677 6617
11872 2 2 2 127 5825 6076 6075
11873 2 2 2 127 5890 6646 6368
11874 2 2 2 127 5891 6647 6367
11875 2 2 2 127 5802 5805 5471
11876 2 2 2 127 6112 6259 6238
11877 2 2 2 127 1638 5458 1639
11878 2 2 2 127 5645 5659 5632
11879 2 2 2 127 5407 5856 524
11880 2 2 2 127 5800 6071 5799
11881 2 2 2 127 1683 5826 5438
11882 2 2 2 127 5532 6137 5534
11883 2 2 2 127 5478 6166 1677
11884 2 2 2 127 5657 5658 5651
11885 2 2 2 127 5605 5612 5611
11886 2 2 2 127 6280 6570 5796
11887 2 2 2 127 5377 6127 5820
11888 2 2 2 127 1533 8011 1534
11889 2 2 2 127 7289 7292 7291
11890 2 2 2 127 5746 6645 5751
11891 2 2 2 127 5621 6122 5628
11892 2 2 2 127 5746 5747 5745
11893 2 2 2 127 668 6262 669
11894 2 2 2 127 5452 5808 5807
11895 2 2 2 127 709 5978 710
11896 2 2 2 127 5828 5829 5827
11897 2 2 2 127 5596 5597 5595
11898 2 2 2 127 6604 6605 6115
11899 2 2 2 127 5427 5879 5878
11900 2 2 2 127 5747 6638 5748
11901 2 2 2 127 2086 5459 2087
11902 2 2 2 127 501 5372 502
11903 2 2 2 127 227 5400 228
11904 2 2 2 127 5837 5838 5835
11905 2 2 2 127 6122 6651 5628
11906 2 2 2 127 5529 5531 5527
11907 2 2 2 127 5839 6633 5838
11908 2 2 2 127 5377 5820 1436
11909 2 2 2 127 5617 5632 5616
11910 2 2 2 127 5890 6368 6089
11911 2 2 2 127 5891 6367 6090
11912 2 2 2 127 5646 5660 5645
11913 2 2 2 127 5633 5645 5632
11914 2 2 2 127 5607 5608 5600
11915 2 2 2 127 5599 5600 5594
11916 2 2 2 127 973 8010 974
11917 2 2 2 127 6011 6630 6578
11918 2 2 2 127 6139 6302 5675
11919 2 2 2 127 5639 5662 5638
11920 2 2 2 127 5528 5530 5529
11921 2 2 2 127 5607 5609 5608
11922 2 2 2 127 5609 5618 5610
11923 2 2 2 127 5431 6103 5825
11924 2 2 2 127 5610 5727 5608
11925 2 2 2 127 949 5398 950
11926 2 2 2 127 1045 6058 1046
11927 2 2 2 127 5466 5942 5941
11928 2 2 2 127 5744 5746 5745
11929 2 2 2 127 5415 5848 1532
11930 2 2 2 127 5597 6622 5601
11931 2 2 2 127 1193 6084 1194
11932 2 2 2 127 5592 6653 6618
11933 2 2 2 127 5431 5824 300
11934 2 2 2 127 5640 5642 5631
11935 2 2 2 127 1869 8012 1870
11936 2 2 2 127 1624 5375 1625
11937 2 2 2 127 5621 5627 5614
11938 2 2 2 127 5771 5773 5770
11939 2 2 2 127 5466 5941 5940
11940 2 2 2 127 6106 6230 5845
11941 2 2 2 127 5857 5858 5856
11942 2 2 2 127 1773 5954 1774
11943 2 2 2 127 893 5341 894
11944 2 2 2 127 5812 6294 5814
11945 2 2 2 127 6137 6268 5534
11946 2 2 2 127 5403 5744 5743
11947 2 2 2 127 5691 5694 5692
11948 2 2 2 127 5800 6072 6071
11949 2 2 2 127 1341 5417 1342
11950 2 2 2 127 6104 6546 6087
11951 2 2 2 127 6369 6370 5774
11952 2 2 2 127 5663 6648 5662
11953 2 2 2 127 5594 6624 6619
11954 2 2 2 127 5730 5731 5729
11955 2 2 2 127 538 5359 539
11956 2 2 2 127 5529 6644 5532
11957 2 2 2 127 971 5381 972
11958 2 2 2 127 817 6654 5427
11959 2 2 2 127 5442 6280 5796
11960 2 2 2 127 632 5373 633
11961 2 2 2 127 1192 5374 1193
11962 2 2 2 127 5410 6505 6155
11963 2 2 2 127 5739 5740 5736
11964 2 2 2 127 5536 5678 5530
11965 2 2 2 127 5530 6644 5529
11966 2 2 2 127 630 5463 631
11967 2 2 2 127 5653 5668 5667
11968 2 2 2 127 910 6235 911
11969 2 2 2 127 1694 6236 1695
11970 2 2 2 127 169 5982 5429
11971 2 2 2 127 145 6252 146
11972 2 2 2 127 5427 5878 818
11973 2 2 2 127 301 8013 302
11974 2 2 2 127 5612 5617 5616
11975 2 2 2 127 5645 6667 5659
11976 2 2 2 127 1213 6540 1214
11977 2 2 2 127 2068 6377 2069
11978 2 2 2 127 1284 6376 1285
11979 2 2 2 127 6639 6655 5588
11980 2 2 2 127 6513 6514 6512
11981 2 2 2 127 261 5976 262
11982 2 2 2 127 5633 5646 5645
11983 2 2 2 127 1752 6532 1753
11984 2 2 2 127 617 6557 5510
11985 2 2 2 127 5617 5633 5632
11986 2 2 2 127 5750 6638 5747
11987 2 2 2 127 5623 6637 5630
11988 2 2 2 127 5618 6629 5620
11989 2 2 2 127 5853 6011 5854
11990 2 2 2 127 1438 6218 1439
11991 2 2 2 127 970 6417 971
11992 2 2 2 127 1750 5994 1751
11993 2 2 2 127 5449 6395 6330
11994 2 2 2 127 5487 5912 5909
11995 2 2 2 127 5606 5607 5600
11996 2 2 2 127 5849 5851 5850
11997 2 2 2 127 1177 6533 5511
11998 2 2 2 127 6200 6519 389
11999 2 2 2 127 6201 6520 165
12000 2 2 2 127 5744 6645 5746
12001 2 2 2 127 5601 5614 5602
12002 2 2 2 127 5851 5853 5852
12003 2 2 2 127 5749 5750 5747
12004 2 2 2 127 523 6171 5407
12005 2 2 2 127 5747 5748 5745
12006 2 2 2 127 5852 6125 5850
12007 2 2 2 127 5844 6190 5847
12008 2 2 2 127 1266 5930 5345
12009 2 2 2 127 5630 6637 5641
12010 2 2 2 127 5599 5606 5600
12011 2 2 2 127 147 6032 148
12012 2 2 2 127 6076 6077 6075
12013 2 2 2 127 5536 6097 5678
12014 2 2 2 127 164 6201 165
12015 2 2 2 127 388 6200 389
12016 2 2 2 127 1269 6163 1270
12017 2 2 2 127 2053 6164 2054
12018 2 2 2 127 5630 5641 5640
12019 2 2 2 127 5653 5667 5629
12020 2 2 2 127 1190 5474 1191
12021 2 2 2 127 6074 6111 6072
12022 2 2 2 127 5615 5652 5623
12023 2 2 2 127 5630 5640 5631
12024 2 2 2 127 5763 5764 5674
12025 2 2 2 127 5524 6658 5525
12026 2 2 2 127 7143 7850 7700
12027 2 2 2 127 5597 5601 5598
12028 2 2 2 127 5628 5638 5627
12029 2 2 2 127 5851 5852 5850
12030 2 2 2 127 6078 6131 6079
12031 2 2 2 127 5695 5697 5696
12032 2 2 2 127 5746 5749 5747
12033 2 2 2 127 6618 6685 6128
12034 2 2 2 127 2113 6004 2114
12035 2 2 2 127 1433 5468 1434
12036 2 2 2 127 6981 8125 6979
12037 2 2 2 127 5741 6087 5739
12038 2 2 2 127 5619 5629 5618
12039 2 2 2 127 1606 7208 7207
12040 2 2 2 127 5606 5626 5607
12041 2 2 2 127 6076 6078 6077
12042 2 2 2 127 5738 5739 5736
12043 2 2 2 127 1060 5444 1061
12044 2 2 2 127 5486 6398 5900
12045 2 2 2 127 729 5506 730
12046 2 2 2 127 5419 5812 5811
12047 2 2 2 127 1401 6589 1402
12048 2 2 2 127 5609 5619 5618
12049 2 2 2 127 6617 6674 6643
12050 2 2 2 127 835 5967 836
12051 2 2 2 127 5841 5843 5842
12052 2 2 2 127 841 6590 842
12053 2 2 2 127 5718 5719 5717
12054 2 2 2 127 1657 5910 1658
12055 2 2 2 127 5535 6182 5536
12056 2 2 2 127 6078 6527 6131
12057 2 2 2 127 822 5516 823
12058 2 2 2 127 486 5517 487
12059 2 2 2 127 6131 6281 6079
12060 2 2 2 127 723 5961 724
12061 2 2 2 127 406 6044 407
12062 2 2 2 127 5746 5751 5749
12063 2 2 2 127 5853 6038 6011
12064 2 2 2 127 6391 8969 5543
12065 2 2 2 127 1078 5488 1079
12066 2 2 2 127 5695 5696 5694
12067 2 2 2 127 5657 6064 5658
12068 2 2 2 127 5590 5599 5594
12069 2 2 2 127 182 5991 183
12070 2 2 2 127 5535 5536 5530
12071 2 2 2 127 5528 5535 5530
12072 2 2 2 127 5640 5661 5642
12073 2 2 2 127 5459 5983 2087
12074 2 2 2 127 5628 6651 5639
12075 2 2 2 127 5398 5986 950
12076 2 2 2 127 6983 8630 7870
12077 2 2 2 127 430 5405 431
12078 2 2 2 127 6078 6079 6077
12079 2 2 2 127 5614 6641 5615
12080 2 2 2 127 5532 5534 5533
12081 2 2 2 127 1774 5408 1775
12082 2 2 2 127 5630 5631 5624
12083 2 2 2 127 6625 6681 5670
12084 2 2 2 127 969 6083 970
12085 2 2 2 127 5691 5692 5689
12086 2 2 2 127 5779 6206 5777
12087 2 2 2 127 5751 6602 5752
12088 2 2 2 127 238 6100 239
12089 2 2 2 127 686 6099 687
12090 2 2 2 127 5749 6657 5750
12091 2 2 2 127 1904 5399 1905
12092 2 2 2 127 6114 6115 5866
12093 2 2 2 127 1993 5907 1994
12094 2 2 2 127 5694 5698 5692
12095 2 2 2 127 6374 6545 6121
12096 2 2 2 127 5751 5752 5749
12097 2 2 2 127 6039 6426 5954
12098 2 2 2 127 1601 5362 1602
12099 2 2 2 127 5614 5615 5602
12100 2 2 2 127 1640 5782 1641
12101 2 2 2 127 2070 6146 2071
12102 2 2 2 127 1881 5453 1882
12103 2 2 2 127 5413 6081 5956
12104 2 2 2 127 1065 5520 1066
12105 2 2 2 127 538 6119 5359
12106 2 2 2 127 5381 5861 972
12107 2 2 2 127 5444 5938 1061
12108 2 2 2 127 277 5361 278
12109 2 2 2 127 5532 5533 5531
12110 2 2 2 127 222 5376 223
12111 2 2 2 127 5619 5634 5629
12112 2 2 2 127 5601 5602 5598
12113 2 2 2 127 5467 6107 1154
12114 2 2 2 127 5853 5854 5852
12115 2 2 2 127 430 6134 5405
12116 2 2 2 127 5837 5839 5838
12117 2 2 2 127 5372 6085 502
12118 2 2 2 127 1712 5501 1713
12119 2 2 2 127 6135 6297 5500
12120 2 2 2 127 5634 5674 5653
12121 2 2 2 127 5942 5946 5944
12122 2 2 2 127 6011 6578 5854
12123 2 2 2 127 5763 5785 5764
12124 2 2 2 127 5698 6037 5692
12125 2 2 2 127 928 5950 929
12126 2 2 2 127 2072 5404 2073
12127 2 2 2 127 6424 6425 5568
12128 2 2 2 127 742 6046 743
12129 2 2 2 127 6134 6337 5405
12130 2 2 2 127 5620 6629 6628
12131 2 2 2 127 1530 6105 1531
12132 2 2 2 127 5879 6240 5878
12133 2 2 2 127 1678 5403 1679
12134 2 2 2 127 5972 5973 5971
12135 2 2 2 127 5375 5962 1625
12136 2 2 2 127 5811 6670 6296
12137 2 2 2 127 5662 6070 5666
12138 2 2 2 127 5851 6649 5853
12139 2 2 2 127 1302 6040 1303
12140 2 2 2 127 1228 5936 1229
12141 2 2 2 127 5662 6648 6070
12142 2 2 2 127 5647 5654 5646
12143 2 2 2 127 5634 5653 5629
12144 2 2 2 127 7394 7427 7399
12145 2 2 2 127 5450 6332 6331
12146 2 2 2 127 6603 6604 6115
12147 2 2 2 127 6112 6238 6111
12148 2 2 2 127 952 6143 953
12149 2 2 2 127 968 6142 969
12150 2 2 2 127 1528 6141 1529
12151 2 2 2 127 748 5707 749
12152 2 2 2 127 5970 6147 5448
12153 2 2 2 127 5642 5669 5643
12154 2 2 2 127 1829 6184 5413
12155 2 2 2 127 5597 5598 5595
12156 2 2 2 127 334 6315 335
12157 2 2 2 127 748 6246 5707
12158 2 2 2 127 5698 6153 6037
12159 2 2 2 127 5650 5651 5648
12160 2 2 2 127 5853 6649 6038
12161 2 2 2 127 5662 5666 5638
12162 2 2 2 127 5942 5943 5941
12163 2 2 2 127 262 5420 263
12164 2 2 2 127 1098 5424 1099
12165 2 2 2 127 729 6536 5506
12166 2 2 2 127 5944 5945 5943
12167 2 2 2 127 598 5518 599
12168 2 2 2 127 5732 5733 5731
12169 2 2 2 127 5738 5741 5739
12170 2 2 2 127 5627 6641 5614
12171 2 2 2 127 6164 6351 2054
12172 2 2 2 127 6163 6350 1270
12173 2 2 2 127 1416 6034 1417
12174 2 2 2 127 1097 6254 1098
12175 2 2 2 127 6122 6662 6651
12176 2 2 2 127 5405 5786 431
12177 2 2 2 127 6422 6646 5890
12178 2 2 2 127 6423 6647 5891
12179 2 2 2 127 5735 5736 5733
12180 2 2 2 127 5664 6114 5866
12181 2 2 2 127 5623 5630 5624
12182 2 2 2 127 5408 5787 1775
12183 2 2 2 127 5408 6208 5787
12184 2 2 2 127 368 5502 369
12185 2 2 2 127 7281 7282 7280
12186 2 2 2 127 5384 6055 5977
12187 2 2 2 127 6619 6624 6621
12188 2 2 2 127 5942 5944 5943
12189 2 2 2 127 5385 6322 5958
12190 2 2 2 127 5849 6156 5851
12191 2 2 2 127 5669 5675 5671
12192 2 2 2 127 5375 5963 5962
12193 2 2 2 127 5730 5732 5731
12194 2 2 2 127 1308 6247 5708
12195 2 2 2 127 5361 5960 278
12196 2 2 2 127 1080 5709 1081
12197 2 2 2 127 5733 5734 5731
12198 2 2 2 127 5972 5974 5973
12199 2 2 2 127 2048 5503 2049
12200 2 2 2 127 5633 5647 5646
12201 2 2 2 127 5533 5677 5538
12202 2 2 2 127 1435 6057 5377
12203 2 2 2 127 6548 9016 6634
12204 2 2 2 127 5466 5940 1754
12205 2 2 2 127 6632 6661 5563
12206 2 2 2 127 392 5423 393
12207 2 2 2 127 6079 6219 6077
12208 2 2 2 127 5634 5763 5674
12209 2 2 2 127 6281 6652 6079
12210 2 2 2 127 5401 6839 1348
12211 2 2 2 127 6620 6660 5605
12212 2 2 2 127 164 6355 6201
12213 2 2 2 127 388 6356 6200
12214 2 2 2 127 6169 6597 5874
12215 2 2 2 127 5612 5670 5617
12216 2 2 2 127 280 6558 281
12217 2 2 2 127 504 6559 505
12218 2 2 2 127 296 6560 297
12219 2 2 2 127 520 6561 521
12220 2 2 2 127 5880 6251 5879
12221 2 2 2 127 1308 5708 1309
12222 2 2 2 127 5752 6657 5749
12223 2 2 2 127 5655 5713 5676
12224 2 2 2 127 5533 5538 5531
12225 2 2 2 127 5408 6567 6208
12226 2 2 2 127 320 6255 321
12227 2 2 2 127 710 5421 711
12228 2 2 2 127 6373 6374 6121
12229 2 2 2 127 5771 5774 5773
12230 2 2 2 127 6268 6352 5534
12231 2 2 2 127 5615 5623 5622
12232 2 2 2 127 5404 5972 5971
12233 2 2 2 127 1510 5418 1511
12234 2 2 2 127 2000 5412 2001
12235 2 2 2 127 6081 6222 5956
12236 2 2 2 127 5697 6159 5696
12237 2 2 2 127 407 5357 408
12238 2 2 2 127 6135 6608 6297
12239 2 2 2 127 544 5409 545
12240 2 2 2 127 5650 5657 5651
12241 2 2 2 127 653 6256 654
12242 2 2 2 127 5732 5737 5735
12243 2 2 2 127 5427 5880 5879
12244 2 2 2 127 5857 6535 5858
12245 2 2 2 127 6081 6303 6222
12246 2 2 2 127 313 5428 314
12247 2 2 2 127 6156 6649 5851
12248 2 2 2 127 5642 5643 5631
12249 2 2 2 127 5426 6051 5874
12250 2 2 2 127 613 6009 614
12251 2 2 2 127 5565 6424 5568
12252 2 2 2 127 5880 6336 6251
12253 2 2 2 127 6208 6420 5787
12254 2 2 2 127 6079 6652 6219
12255 2 2 2 127 5647 5655 5654
12256 2 2 2 127 5890 6089 1826
12257 2 2 2 127 5891 6090 1042
12258 2 2 2 127 6643 6674 5619
12259 2 2 2 127 5741 6104 6087
12260 2 2 2 127 6180 8303 8061
12261 2 2 2 127 5655 5676 5654
12262 2 2 2 127 5886 5887 5885
12263 2 2 2 127 5943 6521 5941
12264 2 2 2 127 6051 6220 6169
12265 2 2 2 127 5535 6183 6182
12266 2 2 2 127 6298 6299 1551
12267 2 2 2 127 6120 6121 5359
12268 2 2 2 127 5399 5955 1905
12269 2 2 2 127 5488 6062 1079
12270 2 2 2 127 5381 6191 5862
12271 2 2 2 127 5732 5735 5733
12272 2 2 2 127 5381 5862 5861
12273 2 2 2 127 6055 6347 5977
12274 2 2 2 127 5974 5975 5973
12275 2 2 2 127 6114 6603 6115
12276 2 2 2 127 201 6168 202
12277 2 2 2 127 5399 6588 5955
12278 2 2 2 127 5590 6655 5599
12279 2 2 2 127 188 5519 189
12280 2 2 2 127 5972 6270 5974
12281 2 2 2 127 5970 6327 6147
12282 2 2 2 127 5735 5738 5736
12283 2 2 2 127 1936 5953 1937
12284 2 2 2 127 5426 5874 594
12285 2 2 2 127 5644 5648 5637
12286 2 2 2 127 5623 5624 5622
12287 2 2 2 127 1381 5383 1382
12288 2 2 2 127 6120 6373 6121
12289 2 2 2 127 5870 8076 6035
12290 2 2 2 127 5963 5964 5962
12291 2 2 2 127 1288 5425 1289
12292 2 2 2 127 5636 5637 5626
12293 2 2 2 127 6119 6656 6120
12294 2 2 2 127 5449 6421 6395
12295 2 2 2 127 298 6325 6082
12296 2 2 2 127 5857 6537 6535
12297 2 2 2 127 743 5441 744
12298 2 2 2 127 1234 5368 1235
12299 2 2 2 127 5525 6658 5528
12300 2 2 2 127 1303 5440 1304
12301 2 2 2 127 5404 5971 2073
12302 2 2 2 127 1046 5422 1047
12303 2 2 2 127 6084 6215 1194
12304 2 2 2 127 5660 6667 5645
12305 2 2 2 127 432 6195 433
12306 2 2 2 127 1395 5969 1396
12307 2 2 2 127 5615 5622 5602
12308 2 2 2 127 6116 8969 6391
12309 2 2 2 127 1264 5788 1265
12310 2 2 2 127 6120 6375 6373
12311 2 2 2 127 745 6601 746
12312 2 2 2 127 1305 6600 1306
12313 2 2 2 127 592 5939 593
12314 2 2 2 127 1550 6298 1551
12315 2 2 2 127 5857 6672 6537
12316 2 2 2 127 6614 6678 6130
12317 2 2 2 127 144 6056 145
12318 2 2 2 127 5888 6312 5887
12319 2 2 2 127 1773 6039 5954
12320 2 2 2 127 5619 6674 5634
12321 2 2 2 127 6025 6683 6175
12322 2 2 2 127 5528 6658 5535
12323 2 2 2 127 5427 6654 5880
12324 2 2 2 127 5840 5841 5839
12325 2 2 2 127 1888 6196 1889
12326 2 2 2 127 5595 6653 5592
12327 2 2 2 127 5453 6165 6150
12328 2 2 2 127 5407 6672 5857
12329 2 2 2 127 5769 5771 5770
12330 2 2 2 127 5459 6428 5983
12331 2 2 2 127 5737 6664 5735
12332 2 2 2 127 6144 6333 6107
12333 2 2 2 127 5362 8434 7676
12334 2 2 2 127 5481 6091 1122
12335 2 2 2 127 5588 6655 5590
12336 2 2 2 127 5633 6668 5647
12337 2 2 2 127 6120 6656 6375
12338 2 2 2 127 7124 8257 7123
12339 2 2 2 127 5744 5745 5743
12340 2 2 2 127 5647 5783 5655
12341 2 2 2 127 5398 6284 5986
12342 2 2 2 127 1415 5436 1416
12343 2 2 2 127 1158 6345 1159
12344 2 2 2 127 5670 6668 5617
12345 2 2 2 127 5605 6660 5612
12346 2 2 2 127 5769 5770 5768
12347 2 2 2 127 5862 5863 5861
12348 2 2 2 127 5617 6668 5633
12349 2 2 2 127 480 5948 481
12350 2 2 2 127 183 5451 184
12351 2 2 2 127 631 5985 632
12352 2 2 2 127 5612 6660 5670
12353 2 2 2 127 986 5356 987
12354 2 2 2 127 967 5723 968
12355 2 2 2 127 1527 5724 1528
12356 2 2 2 127 6031 6203 5964
12357 2 2 2 127 1751 5340 1752
12358 2 2 2 127 6119 6120 5359
12359 2 2 2 127 1229 5352 1230
12360 2 2 2 127 298 6082 299
12361 2 2 2 127 5738 6059 5741
12362 2 2 2 127 6617 6677 6674
12363 2 2 2 127 5963 6031 5964
12364 2 2 2 127 6491 8834 6084
12365 2 2 2 127 1191 5984 1192
12366 2 2 2 127 5598 6653 5595
12367 2 2 2 127 5704 5705 5703
12368 2 2 2 127 1343 5789 5369
12369 2 2 2 127 5836 5837 5835
12370 2 2 2 127 1639 5987 1640
12371 2 2 2 127 5772 6666 5769
12372 2 2 2 127 6086 6418 6085
12373 2 2 2 127 5606 5636 5626
12374 2 2 2 127 6051 6169 5874
12375 2 2 2 127 5669 5671 5643
12376 2 2 2 127 5884 5885 5883
12377 2 2 2 127 5385 5958 2051
12378 2 2 2 127 6510 6511 6110
12379 2 2 2 127 5631 6673 5624
12380 2 2 2 127 5515 6181 1211
12381 2 2 2 127 5514 6180 1771
12382 2 2 2 127 5563 6661 5565
12383 2 2 2 127 5624 5672 5622
12384 2 2 2 127 5602 6663 5598
12385 2 2 2 127 5647 6668 5783
12386 2 2 2 127 5372 6086 6085
12387 2 2 2 127 6086 6419 6418
12388 2 2 2 127 5769 6666 5771
12389 2 2 2 127 5361 6510 6110
12390 2 2 2 127 5735 6664 5738
12391 2 2 2 127 5481 6092 6091
12392 2 2 2 127 5643 6673 5631
12393 2 2 2 127 6110 6544 5960
12394 2 2 2 127 855 5462 856
12395 2 2 2 127 5535 6658 6183
12396 2 2 2 127 5565 6661 6424
12397 2 2 2 127 1511 6257 1512
12398 2 2 2 127 7446 8852 7836
12399 2 2 2 127 6189 6360 5436
12400 2 2 2 127 2071 6274 2072
12401 2 2 2 127 1600 5957 1601
12402 2 2 2 127 5453 6150 1882
12403 2 2 2 127 433 6167 434
12404 2 2 2 127 951 5494 952
12405 2 2 2 127 6171 6672 5407
12406 2 2 2 127 5738 6664 6059
12407 2 2 2 127 5467 6144 6107
12408 2 2 2 127 5368 5881 1235
12409 2 2 2 127 1415 6000 5436
12410 2 2 2 127 5406 5772 5769
12411 2 2 2 127 5622 6663 5602
12412 2 2 2 127 5634 6674 5763
12413 2 2 2 127 5841 5846 5843
12414 2 2 2 127 5644 5650 5648
12415 2 2 2 127 5586 6690 5584
12416 2 2 2 127 5837 5840 5839
12417 2 2 2 127 1152 5947 1153
12418 2 2 2 127 5993 6273 5992
12419 2 2 2 127 5384 5977 371
12420 2 2 2 127 6088 6369 5774
12421 2 2 2 127 167 5714 168
12422 2 2 2 127 1382 5997 1383
12423 2 2 2 127 5812 5813 5811
12424 2 2 2 127 391 6117 392
12425 2 2 2 127 5771 6666 6088
12426 2 2 2 127 8171 9005 6175
12427 2 2 2 127 5993 6353 6273
12428 2 2 2 127 1777 6346 6016
12429 2 2 2 127 892 5902 893
12430 2 2 2 127 5378 5836 5835
12431 2 2 2 127 5864 5865 5863
12432 2 2 2 127 2128 6300 2129
12433 2 2 2 127 1889 6170 1890
12434 2 2 2 127 1288 6067 5425
12435 2 2 2 127 855 6001 5462
12436 2 2 2 127 6694 6696 6695
12437 2 2 2 127 7924 9050 7357
12438 2 2 2 127 5451 5992 184
12439 2 2 2 127 5373 5965 633
12440 2 2 2 127 5829 5830 5827
12441 2 2 2 127 1173 6116 1174
12442 2 2 2 127 7238 8866 8082
12443 2 2 2 127 5636 5644 5637
12444 2 2 2 127 5671 5784 5643
12445 2 2 2 127 5599 6676 5606
12446 2 2 2 127 5598 6663 6653
12447 2 2 2 127 6130 6693 6639
12448 2 2 2 127 5361 6110 5960
12449 2 2 2 127 5966 8245 6516
12450 2 2 2 127 5741 6669 6104
12451 2 2 2 127 5376 5729 5728
12452 2 2 2 127 6000 6392 6189
12453 2 2 2 127 5671 6124 5784
12454 2 2 2 127 6685 6691 6128
12455 2 2 2 127 5441 6308 744
12456 2 2 2 127 5440 6310 1304
12457 2 2 2 127 6000 6189 5436
12458 2 2 2 127 5624 6673 5672
12459 2 2 2 127 6615 6755 6678
12460 2 2 2 127 5988 6225 5409
12461 2 2 2 127 5441 6309 6308
12462 2 2 2 127 5784 6673 5643
12463 2 2 2 127 6059 6669 5741
12464 2 2 2 127 7180 8777 8038
12465 2 2 2 127 2110 6204 2111
12466 2 2 2 127 5371 5758 5757
12467 2 2 2 127 5451 5993 5992
12468 2 2 2 127 1572 8217 1573
12469 2 2 2 127 6655 6676 5599
12470 2 2 2 127 725 6118 726
12471 2 2 2 127 5672 6663 5622
12472 2 2 2 127 167 6553 5714
12473 2 2 2 127 391 6554 6117
12474 2 2 2 127 5425 5981 1289
12475 2 2 2 127 5425 6193 5981
12476 2 2 2 127 5636 5673 5644
12477 2 2 2 127 5759 5761 5760
12478 2 2 2 127 545 6173 546
12479 2 2 2 127 7613 8316 7612
12480 2 2 2 127 2109 5364 2110
12481 2 2 2 127 2001 6174 2002
12482 2 2 2 127 6145 8584 6523
12483 2 2 2 127 5862 5864 5863
12484 2 2 2 127 5836 6665 5837
12485 2 2 2 127 5771 6088 5774
12486 2 2 2 127 5440 6311 6310
12487 2 2 2 127 6674 6677 5763
12488 2 2 2 127 5759 5760 5757
12489 2 2 2 127 5759 5762 5761
12490 2 2 2 127 486 6563 5517
12491 2 2 2 127 822 6562 5516
12492 2 2 2 127 5763 6677 5785
12493 2 2 2 127 5837 6665 5840
12494 2 2 2 127 769 6012 770
12495 2 2 2 127 7323 7327 7326
12496 2 2 2 127 5926 5928 5927
12497 2 2 2 127 5606 6676 5636
12498 2 2 2 127 1105 6013 1106
12499 2 2 2 127 761 5469 762
12500 2 2 2 127 5812 5814 5813
12501 2 2 2 127 6762 8375 6240
12502 2 2 2 127 6088 6566 6369
12503 2 2 2 127 6314 6688 5700
12504 2 2 2 127 7607 7608 7606
12505 2 2 2 127 6948 8041 6952
12506 2 2 2 127 5743 5753 5742
12507 2 2 2 127 6246 6380 5707
12508 2 2 2 127 6034 6338 1417
12509 2 2 2 127 7953 8158 7167
12510 2 2 2 127 5882 5883 5881
12511 2 2 2 127 6225 6328 5409
12512 2 2 2 127 6225 6598 6328
12513 2 2 2 127 1214 5371 1215
12514 2 2 2 127 5813 6670 5811
12515 2 2 2 127 7826 7827 7014
12516 2 2 2 127 1022 6361 1023
12517 2 2 2 127 5988 6226 6225
12518 2 2 2 127 5925 6659 5923
12519 2 2 2 127 6191 6679 5862
12520 2 2 2 127 5758 5759 5757
12521 2 2 2 127 5814 5816 5815
12522 2 2 2 127 2014 8818 8168
12523 2 2 2 127 1454 8817 8167
12524 2 2 2 127 544 5988 5409
12525 2 2 2 127 5657 6065 6064
12526 2 2 2 127 7309 7721 7312
12527 2 2 2 127 5636 6676 5673
12528 2 2 2 127 5481 6650 6092
12529 2 2 2 127 8164 8886 1999
12530 2 2 2 127 1777 6016 1778
12531 2 2 2 127 6415 8813 8051
12532 2 2 2 127 1553 6017 1554
12533 2 2 2 127 8272 9002 6019
12534 2 2 2 127 5670 6681 6668
12535 2 2 2 127 5455 6152 5980
12536 2 2 2 127 5726 6525 373
12537 2 2 2 127 6999 8326 6947
12538 2 2 2 127 6917 6918 6913
12539 2 2 2 127 6118 8995 6393
12540 2 2 2 127 5725 6526 149
12541 2 2 2 127 5914 6757 5916
12542 2 2 2 127 5371 5756 1215
12543 2 2 2 127 654 5406 655
12544 2 2 2 127 5753 6576 5742
12545 2 2 2 127 6347 6684 5977
12546 2 2 2 127 1440 5365 1441
12547 2 2 2 127 5783 6692 5655
12548 2 2 2 127 5817 5818 5815
12549 2 2 2 127 1321 5461 1322
12550 2 2 2 127 5950 6841 6543
12551 2 2 2 127 724 5430 725
12552 2 2 2 127 5814 5815 5813
12553 2 2 2 127 6412 8435 6362
12554 2 2 2 127 768 5380 769
12555 2 2 2 127 6668 6681 5783
12556 2 2 2 127 5368 5882 5881
12557 2 2 2 127 5406 5768 655
12558 2 2 2 127 2052 5492 2053
12559 2 2 2 127 1441 6015 1442
12560 2 2 2 127 5406 5769 5768
12561 2 2 2 127 1396 5456 1397
12562 2 2 2 127 836 5455 837
12563 2 2 2 127 5371 5757 5756
12564 2 2 2 127 2143 6852 5539
12565 2 2 2 127 5455 5980 837
12566 2 2 2 127 7268 7270 7269
12567 2 2 2 127 1268 5491 1269
12568 2 2 2 127 5469 6162 762
12569 2 2 2 127 6005 6762 6761
12570 2 2 2 127 7980 8421 6872
12571 2 2 2 127 5456 5979 1397
12572 2 2 2 127 1507 5867 1508
12573 2 2 2 127 7880 8040 7879
12574 2 2 2 127 7547 7895 7530
12575 2 2 2 127 5403 5743 5742
12576 2 2 2 127 5862 6679 5864
12577 2 2 2 127 6663 6685 6653
12578 2 2 2 127 7155 7166 7165
12579 2 2 2 127 6653 6685 6618
12580 2 2 2 127 6006 6764 6763
12581 2 2 2 127 1731 8590 7824
12582 2 2 2 127 5425 6682 6193
12583 2 2 2 127 5779 6207 6206
12584 2 2 2 127 5816 5817 5815
12585 2 2 2 127 1731 7824 7195
12586 2 2 2 127 5350 7662 1345
12587 2 2 2 127 6067 6682 5425
12588 2 2 2 127 7963 8859 7503
12589 2 2 2 127 5584 6690 5613
12590 2 2 2 127 5718 5720 5719
12591 2 2 2 127 7770 7920 7456
12592 2 2 2 127 6564 8885 1939
12593 2 2 2 127 784 5952 785
12594 2 2 2 127 5438 8776 6528
12595 2 2 2 127 5672 6685 6663
12596 2 2 2 127 5819 8213 2126
12597 2 2 2 127 7119 8660 6995
12598 2 2 2 127 5953 6842 6517
12599 2 2 2 127 5804 6760 5802
12600 2 2 2 127 5948 6843 6197
12601 2 2 2 127 7406 7732 7634
12602 2 2 2 127 5930 5931 5345
12603 2 2 2 127 5923 6659 5926
12604 2 2 2 127 8406 8852 7446
12605 2 2 2 127 5931 5933 5345
12606 2 2 2 127 5784 6691 6673
12607 2 2 2 127 1568 5363 1569
12608 2 2 2 127 6655 6693 6676
12609 2 2 2 127 8566 8743 7987
12610 2 2 2 127 5655 6692 5713
12611 2 2 2 127 6393 8995 5682
12612 2 2 2 127 5462 6140 5996
12613 2 2 2 127 5672 6691 6685
12614 2 2 2 127 7558 8783 7886
12615 2 2 2 127 6245 6849 6326
12616 2 2 2 127 5720 5721 5719
12617 2 2 2 127 6565 8888 1155
12618 2 2 2 127 6128 6754 5586
12619 2 2 2 127 5376 5728 223
12620 2 2 2 127 6513 8903 5846
12621 2 2 2 127 7153 7224 7152
12622 2 2 2 127 6673 6691 5672
12623 2 2 2 127 7189 7853 7420
12624 2 2 2 127 5403 5742 1679
12625 2 2 2 127 6639 6693 6655
12626 2 2 2 127 5882 5884 5883
12627 2 2 2 127 5884 5886 5885
12628 2 2 2 127 6010 7455 7246
12629 2 2 2 127 6871 8824 6117
12630 2 2 2 127 6991 7704 7601
12631 2 2 2 127 6033 6859 6851
12632 2 2 2 127 768 5999 5380
12633 2 2 2 127 5784 6754 6691
12634 2 2 2 127 372 5726 373
12635 2 2 2 127 6505 8634 6155
12636 2 2 2 127 1268 6172 5491
12637 2 2 2 127 6044 6785 6573
12638 2 2 2 127 5957 6844 6528
12639 2 2 2 127 6676 6693 5673
12640 2 2 2 127 5462 5996 856
12641 2 2 2 127 320 6758 6255
12642 2 2 2 127 148 5725 149
12643 2 2 2 127 5778 5780 5779
12644 2 2 2 127 5673 6755 5644
12645 2 2 2 127 7644 7986 7645
12646 2 2 2 127 966 6029 967
12647 2 2 2 127 1526 6030 1527
12648 2 2 2 127 7748 7964 7747
12649 2 2 2 127 1723 6444 1701
12650 2 2 2 127 1947 6449 1925
12651 2 2 2 127 1163 6438 1141
12652 2 2 2 127 1611 6443 1589
12653 2 2 2 127 827 6434 805
12654 2 2 2 127 1051 6448 1029
12655 2 2 2 127 1275 6445 1253
12656 2 2 2 127 379 6435 357
12657 2 2 2 127 1499 6436 1477
12658 2 2 2 127 267 6433 245
12659 2 2 2 127 155 6432 133
12660 2 2 2 127 715 6439 693
12661 2 2 2 127 491 6442 469
12662 2 2 2 127 603 6437 581
12663 2 2 2 127 939 6440 917
12664 2 2 2 127 1387 6441 1365
12665 2 2 2 127 2059 6447 2037
12666 2 2 2 127 1835 6446 1813
12667 2 2 2 127 7244 7245 7243
12668 2 2 2 127 5926 5927 5924
12669 2 2 2 127 1243 6484 1221
12670 2 2 2 127 2027 6478 2005
12671 2 2 2 127 1019 6483 997
12672 2 2 2 127 1467 6487 1445
12673 2 2 2 127 683 6472 661
12674 2 2 2 127 795 6479 773
12675 2 2 2 127 1691 6488 1669
12676 2 2 2 127 571 6477 549
12677 2 2 2 127 1915 6476 1893
12678 2 2 2 127 347 6473 325
12679 2 2 2 127 1803 6481 1781
12680 2 2 2 127 2139 6482 2117
12681 2 2 2 127 907 6474 885
12682 2 2 2 127 235 6475 213
12683 2 2 2 127 459 6480 437
12684 2 2 2 127 1355 6486 1333
12685 2 2 2 127 1579 6489 1557
12686 2 2 2 127 1131 6485 1109
12687 2 2 2 127 5859 6689 5480
12688 2 2 2 127 5526 6790 6608
12689 2 2 2 127 1259 6471 1317
12690 2 2 2 127 1931 6461 1989
12691 2 2 2 127 811 6454 869
12692 2 2 2 127 1147 6466 1205
12693 2 2 2 127 923 6467 981
12694 2 2 2 127 1483 6464 1541
12695 2 2 2 127 251 6458 309
12696 2 2 2 127 699 6462 757
12697 2 2 2 127 587 6465 645
12698 2 2 2 127 475 6460 533
12699 2 2 2 127 2043 6468 2101
12700 2 2 2 127 1595 6469 1653
12701 2 2 2 127 139 6463 197
12702 2 2 2 127 363 6455 421
12703 2 2 2 127 1371 6456 1429
12704 2 2 2 127 1707 6470 1765
12705 2 2 2 127 1035 6457 1093
12706 2 2 2 127 1819 6459 1877
12707 2 2 2 127 6305 8361 8360
12708 2 2 2 127 7022 7023 7005
12709 2 2 2 127 2070 6378 6146
12710 2 2 2 127 5778 5781 5780
12711 2 2 2 127 5718 5722 5720
12712 2 2 2 127 6678 6755 5673
12713 2 2 2 127 8150 8921 6891
12714 2 2 2 127 7909 8492 7171
12715 2 2 2 127 5370 6010 5710
12716 2 2 2 127 6005 8375 6762
12717 2 2 2 127 6892 7387 1734
12718 2 2 2 127 1663 8756 6187
12719 2 2 2 127 6140 6349 5996
12720 2 2 2 127 5386 7934 2156
12721 2 2 2 127 5886 5888 5887
12722 2 2 2 127 6452 8241 6283
12723 2 2 2 127 6453 8242 6282
12724 2 2 2 127 7050 7051 7023
12725 2 2 2 127 1715 7792 1716
12726 2 2 2 127 6569 8710 1286
12727 2 2 2 127 2093 8628 2094
12728 2 2 2 127 5923 5926 5924
12729 2 2 2 127 5682 8995 6396
12730 2 2 2 127 518 6232 519
12731 2 2 2 127 294 6231 295
12732 2 2 2 127 7549 8317 7453
12733 2 2 2 127 6394 8645 124
12734 2 2 2 127 5519 8516 7980
12735 2 2 2 127 5424 5923 5922
12736 2 2 2 127 6960 6961 6959
12737 2 2 2 127 5935 8289 6857
12738 2 2 2 127 124 8673 6394
12739 2 2 2 127 6072 6775 6071
12740 2 2 2 127 6691 6754 6128
12741 2 2 2 127 5888 6415 6312
12742 2 2 2 127 6537 8028 5661
12743 2 2 2 127 7282 8515 7280
12744 2 2 2 127 6774 6789 6065
12745 2 2 2 127 6532 8105 5946
12746 2 2 2 127 5424 5922 1099
12747 2 2 2 127 5911 6786 6382
12748 2 2 2 127 6670 8157 6296
12749 2 2 2 127 1619 8605 7834
12750 2 2 2 127 1510 6024 5418
12751 2 2 2 127 7365 7848 7847
12752 2 2 2 127 6276 6683 6025
12753 2 2 2 127 5513 6766 6765
12754 2 2 2 127 861 8009 862
12755 2 2 2 127 6556 8740 6192
12756 2 2 2 127 1062 6758 1063
12757 2 2 2 127 1662 8756 1663
12758 2 2 2 127 5917 6757 5914
12759 2 2 2 127 6124 6754 5784
12760 2 2 2 127 6783 8432 6212
12761 2 2 2 127 6380 6716 5707
12762 2 2 2 127 7823 8966 7418
12763 2 2 2 127 7122 7198 1846
12764 2 2 2 127 5722 6802 6577
12765 2 2 2 127 5644 6755 5650
12766 2 2 2 127 5363 6253 5990
12767 2 2 2 127 1200 8640 1227
12768 2 2 2 127 864 8653 891
12769 2 2 2 127 752 8643 779
12770 2 2 2 127 416 8641 443
12771 2 2 2 127 640 8642 667
12772 2 2 2 127 528 8646 555
12773 2 2 2 127 192 8639 219
12774 2 2 2 127 304 8648 331
12775 2 2 2 127 976 8644 1003
12776 2 2 2 127 1648 8647 1675
12777 2 2 2 127 1872 8638 1899
12778 2 2 2 127 1984 8652 2011
12779 2 2 2 127 1536 8650 1563
12780 2 2 2 127 1088 8649 1115
12781 2 2 2 127 1424 8654 1451
12782 2 2 2 127 2096 8645 2123
12783 2 2 2 127 1312 8651 1339
12784 2 2 2 127 6307 6782 5554
12785 2 2 2 127 7418 8966 8120
12786 2 2 2 127 1381 6229 5383
12787 2 2 2 127 5527 6790 5526
12788 2 2 2 127 5930 5932 5931
12789 2 2 2 127 7028 8227 7638
12790 2 2 2 127 5669 6794 6139
12791 2 2 2 127 5487 6756 5912
12792 2 2 2 127 1488 5504 1489
12793 2 2 2 127 5877 8175 6523
12794 2 2 2 127 5399 8805 6524
12795 2 2 2 127 857 5360 858
12796 2 2 2 127 8190 8191 7285
12797 2 2 2 127 5448 6759 410
12798 2 2 2 127 5538 6790 5531
12799 2 2 2 127 7267 9046 7899
12800 2 2 2 127 788 6799 789
12801 2 2 2 127 340 6798 341
12802 2 2 2 127 6615 6774 6755
12803 2 2 2 127 7353 8148 7356
12804 2 2 2 127 6024 6025 5418
12805 2 2 2 127 7540 8689 7794
12806 2 2 2 127 5963 6895 6031
12807 2 2 2 127 7684 7837 7590
12808 2 2 2 127 8304 8929 6697
12809 2 2 2 127 5705 5706 5703
12810 2 2 2 127 7907 8766 8235
12811 2 2 2 127 7761 8554 6002
12812 2 2 2 127 5661 6794 5642
12813 2 2 2 127 6313 8294 6607
12814 2 2 2 127 6947 8326 6949
12815 2 2 2 127 7844 8562 7245
12816 2 2 2 127 1603 7676 7652
12817 2 2 2 127 6947 6949 6948
12818 2 2 2 127 7016 8831 8246
12819 2 2 2 127 562 8296 8008
12820 2 2 2 127 7750 8086 7752
12821 2 2 2 127 7296 8084 7511
12822 2 2 2 127 542 6817 543
12823 2 2 2 127 766 6816 767
12824 2 2 2 127 5657 6774 6065
12825 2 2 2 127 5480 6689 48
12826 2 2 2 127 6288 8977 6450
12827 2 2 2 127 6017 8054 6814
12828 2 2 2 127 6425 8806 5568
12829 2 2 2 127 1847 7198 6906
12830 2 2 2 127 5818 6779 5815
12831 2 2 2 127 5930 6694 5932
12832 2 2 2 127 6033 6276 6025
12833 2 2 2 127 7875 7903 7517
12834 2 2 2 127 6611 6830 5649
12835 2 2 2 127 5802 6760 5805
12836 2 2 2 127 7517 8540 7873
12837 2 2 2 127 5513 6765 452
12838 2 2 2 127 5813 6779 6670
12839 2 2 2 127 6867 8861 6334
12840 2 2 2 127 6136 6769 2132
12841 2 2 2 127 5346 7742 876
12842 2 2 2 127 7176 8779 1862
12843 2 2 2 127 5923 5924 5922
12844 2 2 2 127 5934 6211 5933
12845 2 2 2 127 6608 6889 6297
12846 2 2 2 127 6782 6783 5553
12847 2 2 2 127 1664 8658 1665
12848 2 2 2 127 7096 8372 7709
12849 2 2 2 127 7093 8794 8389
12850 2 2 2 127 5635 8295 6566
12851 2 2 2 127 5481 6776 6650
12852 2 2 2 127 7789 8032 7538
12853 2 2 2 127 5927 5929 5924
12854 2 2 2 127 7991 8368 6559
12855 2 2 2 127 5792 8421 7980
12856 2 2 2 127 1104 5379 1105
12857 2 2 2 127 7974 8856 7619
12858 2 2 2 127 7600 7817 6906
12859 2 2 2 127 6491 8864 5678
12860 2 2 2 127 6275 8913 6582
12861 2 2 2 127 7883 8610 7888
12862 2 2 2 127 5411 6772 676
12863 2 2 2 127 1100 5355 1101
12864 2 2 2 127 1735 7387 6991
12865 2 2 2 127 6755 6774 5650
12866 2 2 2 127 1619 7834 7623
12867 2 2 2 127 6094 8421 5792
12868 2 2 2 127 5400 6773 228
12869 2 2 2 127 7537 7794 7535
12870 2 2 2 127 1376 8050 7478
12871 2 2 2 127 6602 8942 6220
12872 2 2 2 127 6524 6861 6591
12873 2 2 2 127 7304 8163 7279
12874 2 2 2 127 1942 8088 1943
12875 2 2 2 127 7759 7800 7746
12876 2 2 2 127 6221 8419 6616
12877 2 2 2 127 5367 5791 879
12878 2 2 2 127 5939 8344 6199
12879 2 2 2 127 6024 6033 6025
12880 2 2 2 127 6908 7516 7080
12881 2 2 2 127 6391 8696 6116
12882 2 2 2 127 7218 8248 7626
12883 2 2 2 127 878 5367 879
12884 2 2 2 127 8325 8383 6377
12885 2 2 2 127 6761 8639 5
12886 2 2 2 127 6763 8647 96
12887 2 2 2 127 5490 6871 541
12888 2 2 2 127 7039 7811 7094
12889 2 2 2 127 6507 8946 6035
12890 2 2 2 127 1329 6043 1330
12891 2 2 2 127 6214 8077 5420
12892 2 2 2 127 6773 6804 6056
12893 2 2 2 127 6767 8651 75
12894 2 2 2 127 6768 8638 110
12895 2 2 2 127 5867 8920 6427
12896 2 2 2 127 6771 8648 12
12897 2 2 2 127 5503 8315 2049
12898 2 2 2 127 5959 6777 6126
12899 2 2 2 127 5788 6696 6694
12900 2 2 2 127 6978 6980 6979
12901 2 2 2 127 7874 7877 7876
12902 2 2 2 127 6679 6770 5864
12903 2 2 2 127 6615 6789 6774
12904 2 2 2 127 6830 6835 6594
12905 2 2 2 127 1529 6784 1530
12906 2 2 2 127 6192 8740 6018
12907 2 2 2 127 6393 8702 6118
12908 2 2 2 127 5916 6894 5915
12909 2 2 2 127 1121 6776 5481
12910 2 2 2 127 5571 6836 5570
12911 2 2 2 127 6143 8075 7975
12912 2 2 2 127 8497 8592 8277
12913 2 2 2 127 8308 8359 7318
12914 2 2 2 127 6666 6819 6088
12915 2 2 2 127 7056 8902 7570
12916 2 2 2 127 5785 6830 6594
12917 2 2 2 127 5650 6774 5657
12918 2 2 2 127 5666 6823 5638
12919 2 2 2 127 7839 8048 7789
12920 2 2 2 127 5627 6823 6641
12921 2 2 2 127 7514 8256 7942
12922 2 2 2 127 880 8442 881
12923 2 2 2 127 5554 6782 5553
12924 2 2 2 127 5656 6868 5575
12925 2 2 2 127 8750 8841 6769
12926 2 2 2 127 1667 8725 1693
12927 2 2 2 127 883 8728 909
12928 2 2 2 127 435 8721 461
12929 2 2 2 127 323 8727 349
12930 2 2 2 127 2003 8717 2029
12931 2 2 2 127 2115 8723 2141
12932 2 2 2 127 1779 8718 1805
12933 2 2 2 127 211 8719 237
12934 2 2 2 127 1891 8731 1917
12935 2 2 2 127 1555 8722 1581
12936 2 2 2 127 659 8720 685
12937 2 2 2 127 771 8729 797
12938 2 2 2 127 547 8724 573
12939 2 2 2 127 1331 8732 1357
12940 2 2 2 127 995 8716 1021
12941 2 2 2 127 1443 8726 1469
12942 2 2 2 127 1107 8733 1133
12943 2 2 2 127 1219 8730 1245
12944 2 2 2 127 6185 8087 5421
12945 2 2 2 127 6258 8767 6557
12946 2 2 2 127 5428 8290 314
12947 2 2 2 127 7815 7852 7189
12948 2 2 2 127 1324 8526 8382
12949 2 2 2 127 7651 8363 7301
12950 2 2 2 127 6011 6832 6630
12951 2 2 2 127 7207 7803 7801
12952 2 2 2 127 7784 7905 7233
12953 2 2 2 127 6111 6775 6072
12954 2 2 2 127 5829 5832 5831
12955 2 2 2 127 7625 7627 7217
12956 2 2 2 127 7811 8127 7522
12957 2 2 2 127 6943 6944 6942
12958 2 2 2 127 6581 8865 6797
12959 2 2 2 127 7467 8830 7470
12960 2 2 2 127 5829 5831 5830
12961 2 2 2 127 6398 6778 5900
12962 2 2 2 127 5931 5934 5933
12963 2 2 2 127 7320 7322 7321
12964 2 2 2 127 5539 8056 5540
12965 2 2 2 127 5482 6800 5543
12966 2 2 2 127 7327 7329 7328
12967 2 2 2 127 7000 7903 7678
12968 2 2 2 127 7257 7258 7248
12969 2 2 2 127 8110 9027 6687
12970 2 2 2 127 8109 9028 6686
12971 2 2 2 127 5718 6802 5722
12972 2 2 2 127 8054 8683 6314
12973 2 2 2 127 6116 8696 1174
12974 2 2 2 127 7210 8935 7212
12975 2 2 2 127 7727 8376 7726
12976 2 2 2 127 5858 8251 6656
12977 2 2 2 127 7583 8123 8106
12978 2 2 2 127 6045 6884 5776
12979 2 2 2 127 7147 8399 8300
12980 2 2 2 127 6118 8702 726
12981 2 2 2 127 7544 7867 7787
12982 2 2 2 127 5774 6838 5773
12983 2 2 2 127 6182 6834 5536
12984 2 2 2 127 7245 8571 7844
12985 2 2 2 127 6667 8204 6147
12986 2 2 2 127 7284 7951 7282
12987 2 2 2 127 7160 7832 7169
12988 2 2 2 127 5518 8757 599
12989 2 2 2 127 7847 7924 7343
12990 2 2 2 127 2167 8980 2166
12991 2 2 2 127 7540 7794 7537
12992 2 2 2 127 5485 6803 5682
12993 2 2 2 127 558 6787 559
12994 2 2 2 127 782 6788 783
12995 2 2 2 127 7412 8155 7534
12996 2 2 2 127 7341 9023 7807
12997 2 2 2 127 5739 6848 5740
12998 2 2 2 127 7247 7248 7245
12999 2 2 2 127 7986 8798 7987
13000 2 2 2 127 6133 8253 8225
13001 2 2 2 127 5815 6779 5813
13002 2 2 2 127 6345 8761 1159
13003 2 2 2 127 7492 7969 7898
13004 2 2 2 127 1159 8761 6430
13005 2 2 2 127 5603 6789 6615
13006 2 2 2 127 7439 8960 6962
13007 2 2 2 127 5653 6849 5668
13008 2 2 2 127 599 8757 6431
13009 2 2 2 127 5433 6811 5551
13010 2 2 2 127 5703 6840 5701
13011 2 2 2 127 7552 7928 7823
13012 2 2 2 127 5531 6790 5527
13013 2 2 2 127 6591 6862 6037
13014 2 2 2 127 5422 8764 1047
13015 2 2 2 127 1831 8218 1832
13016 2 2 2 127 5432 6815 5572
13017 2 2 2 127 6868 8015 6789
13018 2 2 2 127 5681 6861 6524
13019 2 2 2 127 5516 8771 823
13020 2 2 2 127 7332 8790 7621
13021 2 2 2 127 7845 8522 6967
13022 2 2 2 127 5889 6876 5885
13023 2 2 2 127 6527 8169 6131
13024 2 2 2 127 5831 5833 5830
13025 2 2 2 127 6677 6830 5785
13026 2 2 2 127 5473 6810 6272
13027 2 2 2 127 6792 8652 117
13028 2 2 2 127 6791 8654 82
13029 2 2 2 127 7182 7522 7181
13030 2 2 2 127 7103 8465 7792
13031 2 2 2 127 7248 8571 7245
13032 2 2 2 127 463 6800 5482
13033 2 2 2 127 6976 6977 6975
13034 2 2 2 127 7426 8669 8524
13035 2 2 2 127 5968 8174 6592
13036 2 2 2 127 5369 5790 76
13037 2 2 2 127 7264 7773 7262
13038 2 2 2 127 5687 6861 5684
13039 2 2 2 127 5489 6814 6314
13040 2 2 2 127 1047 8764 6451
13041 2 2 2 127 8575 8743 7090
13042 2 2 2 127 7304 8429 8161
13043 2 2 2 127 5642 6794 5669
13044 2 2 2 127 6906 7817 7199
13045 2 2 2 127 7356 8148 7833
13046 2 2 2 127 8118 8607 7256
13047 2 2 2 127 7406 7634 7408
13048 2 2 2 127 7632 8587 7631
13049 2 2 2 127 7645 8743 7667
13050 2 2 2 127 6148 8249 6595
13051 2 2 2 127 6795 8649 61
13052 2 2 2 127 1359 5437 77
13053 2 2 2 127 5772 9021 8807
13054 2 2 2 127 5965 8924 5966
13055 2 2 2 127 8043 8903 6286
13056 2 2 2 127 1919 6803 5485
13057 2 2 2 127 1377 7478 7477
13058 2 2 2 127 7236 7239 7238
13059 2 2 2 127 5661 8216 6537
13060 2 2 2 127 6757 8188 6203
13061 2 2 2 127 5523 6827 5402
13062 2 2 2 127 6429 8752 5501
13063 2 2 2 127 6033 6277 6276
13064 2 2 2 127 7422 8311 8000
13065 2 2 2 127 7118 7451 7193
13066 2 2 2 127 6904 7208 1605
13067 2 2 2 127 5689 6862 5687
13068 2 2 2 127 7465 8763 7715
13069 2 2 2 127 823 8771 6493
13070 2 2 2 127 6295 8010 973
13071 2 2 2 127 1494 5445 1495
13072 2 2 2 127 6037 6862 5692
13073 2 2 2 127 6293 8011 1533
13074 2 2 2 127 8422 8583 6034
13075 2 2 2 127 6010 7246 6383
13076 2 2 2 127 873 6397 5460
13077 2 2 2 127 1208 8867 6586
13078 2 2 2 127 1768 8868 6585
13079 2 2 2 127 6689 8525 6083
13080 2 2 2 127 5363 5989 1569
13081 2 2 2 127 6161 8418 6640
13082 2 2 2 127 5883 6876 6335
13083 2 2 2 127 5997 8782 1383
13084 2 2 2 127 5575 6868 5577
13085 2 2 2 127 7207 8930 7834
13086 2 2 2 127 279 8361 280
13087 2 2 2 127 6894 7103 5915
13088 2 2 2 127 6341 8013 301
13089 2 2 2 127 7897 8386 7848
13090 2 2 2 127 5677 8657 6879
13091 2 2 2 127 6340 8012 1869
13092 2 2 2 127 1322 8067 1323
13093 2 2 2 127 857 8239 5360
13094 2 2 2 127 7792 9012 7103
13095 2 2 2 127 6657 8456 5750
13096 2 2 2 127 5798 8907 8187
13097 2 2 2 127 7584 7586 7585
13098 2 2 2 127 6657 8589 6241
13099 2 2 2 127 7505 8957 7813
13100 2 2 2 127 6560 8017 209
13101 2 2 2 127 6561 8016 657
13102 2 2 2 127 6759 8711 6217
13103 2 2 2 127 7380 7381 7057
13104 2 2 2 127 7418 8120 7766
13105 2 2 2 127 7917 8184 5389
13106 2 2 2 127 1807 6810 5473
13107 2 2 2 127 375 8459 6413
13108 2 2 2 127 151 8458 6414
13109 2 2 2 127 7470 8830 8106
13110 2 2 2 127 1101 6022 1102
13111 2 2 2 127 7923 8822 6952
13112 2 2 2 127 7746 7800 7748
13113 2 2 2 127 1383 8782 6504
13114 2 2 2 127 1583 6814 5489
13115 2 2 2 127 5716 6802 5718
13116 2 2 2 127 6144 8775 8671
13117 2 2 2 127 6337 6879 5405
13118 2 2 2 127 7006 7007 6985
13119 2 2 2 127 525 8961 6806
13120 2 2 2 127 575 6811 5433
13121 2 2 2 127 6929 6932 6931
13122 2 2 2 127 6546 8413 8133
13123 2 2 2 127 5801 6801 5803
13124 2 2 2 127 8634 9035 6336
13125 2 2 2 127 1660 8153 6541
13126 2 2 2 127 6055 8380 6347
13127 2 2 2 127 5978 8245 6192
13128 2 2 2 127 6544 9000 5960
13129 2 2 2 127 6930 7013 6989
13130 2 2 2 127 7283 7284 7282
13131 2 2 2 127 7150 7845 7148
13132 2 2 2 127 6884 8243 8236
13133 2 2 2 127 5924 6793 5922
13134 2 2 2 127 2031 6815 5432
13135 2 2 2 127 7590 7896 7599
13136 2 2 2 127 8806 9006 6311
13137 2 2 2 127 5877 8584 8222
13138 2 2 2 127 7912 8378 7695
13139 2 2 2 127 7126 8862 8674
13140 2 2 2 127 5929 6793 5924
13141 2 2 2 127 6650 6797 6092
13142 2 2 2 127 8066 8117 7854
13143 2 2 2 127 6807 8255 186
13144 2 2 2 127 8237 8695 8111
13145 2 2 2 127 6307 8570 6782
13146 2 2 2 127 6869 8065 5907
13147 2 2 2 127 7773 8859 7300
13148 2 2 2 127 873 5460 874
13149 2 2 2 127 7115 7642 7641
13150 2 2 2 127 6511 8247 6628
13151 2 2 2 127 1471 6820 5435
13152 2 2 2 127 1328 5366 1329
13153 2 2 2 127 7853 8484 7420
13154 2 2 2 127 1961 8784 1962
13155 2 2 2 127 2131 6807 6136
13156 2 2 2 127 7639 7640 7389
13157 2 2 2 127 1604 7652 6904
13158 2 2 2 127 6592 8056 6152
13159 2 2 2 127 1196 6813 1197
13160 2 2 2 127 1756 6812 1757
13161 2 2 2 127 5363 5990 5989
13162 2 2 2 127 860 9002 861
13163 2 2 2 127 7059 7825 7055
13164 2 2 2 127 5375 7872 5963
13165 2 2 2 127 6126 6805 6205
13166 2 2 2 127 6535 8251 5858
13167 2 2 2 127 5734 7977 5731
13168 2 2 2 127 7529 8038 7600
13169 2 2 2 127 8442 8601 881
13170 2 2 2 127 859 5347 860
13171 2 2 2 127 6757 6854 5916
13172 2 2 2 127 7258 8095 7260
13173 2 2 2 127 6058 8036 6834
13174 2 2 2 127 7536 7547 7531
13175 2 2 2 127 7346 7347 7345
13176 2 2 2 127 5887 8062 5889
13177 2 2 2 127 6066 8431 8186
13178 2 2 2 127 8205 8573 6281
13179 2 2 2 127 7851 8385 7436
13180 2 2 2 127 6896 7177 6898
13181 2 2 2 127 6385 9026 8415
13182 2 2 2 127 6987 7864 6936
13183 2 2 2 127 5360 6002 858
13184 2 2 2 127 6954 7631 1216
13185 2 2 2 127 6176 6857 6132
13186 2 2 2 127 7389 7781 7388
13187 2 2 2 127 8004 8532 318
13188 2 2 2 127 1102 5354 1103
13189 2 2 2 127 5776 6884 5778
13190 2 2 2 127 5696 7995 5694
13191 2 2 2 127 1570 5349 1571
13192 2 2 2 127 6418 8895 6085
13193 2 2 2 127 6085 8895 6671
13194 2 2 2 127 5498 8519 6767
13195 2 2 2 127 7177 7819 7178
13196 2 2 2 127 8080 8672 7503
13197 2 2 2 127 5391 8765 7772
13198 2 2 2 127 7012 8707 8143
13199 2 2 2 127 6648 8832 6267
13200 2 2 2 127 5385 8001 6322
13201 2 2 2 127 6884 8236 5781
13202 2 2 2 127 7337 7345 7313
13203 2 2 2 127 6159 8517 5696
13204 2 2 2 127 6024 6859 6033
13205 2 2 2 127 8045 8181 7164
13206 2 2 2 127 6088 6819 6566
13207 2 2 2 127 112 8805 1904
13208 2 2 2 127 5555 8091 6598
13209 2 2 2 127 7797 8417 7818
13210 2 2 2 127 1939 8885 1940
13211 2 2 2 127 5390 7994 2174
13212 2 2 2 127 8347 9013 8346
13213 2 2 2 127 5901 6821 5899
13214 2 2 2 127 1155 8888 1156
13215 2 2 2 127 6556 8924 5965
13216 2 2 2 127 7619 7620 7608
13217 2 2 2 127 7323 8078 7327
13218 2 2 2 127 7032 7952 7906
13219 2 2 2 127 7474 8959 1380
13220 2 2 2 127 6783 8331 5468
13221 2 2 2 127 5569 8609 7999
13222 2 2 2 127 6151 8695 8237
13223 2 2 2 127 1116 5446 1117
13224 2 2 2 127 5859 8558 8525
13225 2 2 2 127 2106 7452 6924
13226 2 2 2 127 7173 8812 7825
13227 2 2 2 127 5900 6865 5901
13228 2 2 2 127 7191 7639 6892
13229 2 2 2 127 7410 8198 7890
13230 2 2 2 127 989 7392 6970
13231 2 2 2 127 7804 8311 7437
13232 2 2 2 127 1866 7441 1867
13233 2 2 2 127 1344 8803 7791
13234 2 2 2 127 898 6822 899
13235 2 2 2 127 1717 6893 1718
13236 2 2 2 127 6260 7591 7095
13237 2 2 2 127 1491 7684 5348
13238 2 2 2 127 7094 8500 7946
13239 2 2 2 127 1012 6841 1013
13240 2 2 2 127 5562 8029 5569
13241 2 2 2 127 6964 6966 6965
13242 2 2 2 127 6190 8314 6582
13243 2 2 2 127 2020 6842 2021
13244 2 2 2 127 7984 8588 6237
13245 2 2 2 127 564 6843 565
13246 2 2 2 127 8389 8794 7841
13247 2 2 2 127 1684 6844 1685
13248 2 2 2 127 1236 6847 1237
13249 2 2 2 127 5668 8144 5667
13250 2 2 2 127 7045 7046 7043
13251 2 2 2 127 6397 9002 8272
13252 2 2 2 127 5347 6019 860
13253 2 2 2 127 7669 7922 7668
13254 2 2 2 127 6388 8653 47
13255 2 2 2 127 8511 8907 6873
13256 2 2 2 127 5468 8432 6783
13257 2 2 2 127 705 6824 6223
13258 2 2 2 127 257 6825 6224
13259 2 2 2 127 5717 8020 5859
13260 2 2 2 127 5603 6868 6789
13261 2 2 2 127 7189 7420 7188
13262 2 2 2 127 5638 6823 5627
13263 2 2 2 127 6169 8302 6764
13264 2 2 2 127 6124 6864 6690
13265 2 2 2 127 8222 8584 6316
13266 2 2 2 127 6179 6835 6611
13267 2 2 2 127 69 8234 6954
13268 2 2 2 127 7479 7992 7477
13269 2 2 2 127 6962 6963 6961
13270 2 2 2 127 8380 8693 6347
13271 2 2 2 127 7791 8803 8307
13272 2 2 2 127 7686 8416 7908
13273 2 2 2 127 5526 6827 5523
13274 2 2 2 127 7166 7605 7604
13275 2 2 2 127 635 8138 6551
13276 2 2 2 127 6945 6946 6944
13277 2 2 2 127 5488 6831 6609
13278 2 2 2 127 1217 7631 7630
13279 2 2 2 127 7254 8019 7498
13280 2 2 2 127 6782 8570 6057
13281 2 2 2 127 6642 8052 6076
13282 2 2 2 127 6363 8878 6278
13283 2 2 2 127 6080 6826 5541
13284 2 2 2 127 1323 8067 6777
13285 2 2 2 127 7127 8154 7412
13286 2 2 2 127 6203 6854 6757
13287 2 2 2 127 8048 8420 7789
13288 2 2 2 127 6143 8318 8075
13289 2 2 2 127 5512 8530 6517
13290 2 2 2 127 7627 8538 8480
13291 2 2 2 127 7183 8298 7185
13292 2 2 2 127 7569 8420 7950
13293 2 2 2 127 6078 8052 6527
13294 2 2 2 127 6219 8042 6077
13295 2 2 2 127 6823 8549 6641
13296 2 2 2 127 6851 6859 5869
13297 2 2 2 127 7699 7934 5386
13298 2 2 2 127 6628 8884 6511
13299 2 2 2 127 5649 6830 6677
13300 2 2 2 127 5394 8567 2171
13301 2 2 2 127 5873 8847 6416
13302 2 2 2 127 7114 8493 7949
13303 2 2 2 127 6325 6828 6082
13304 2 2 2 127 5979 8054 6372
13305 2 2 2 127 5975 8802 6428
13306 2 2 2 127 6309 8530 6308
13307 2 2 2 127 5685 8083 5686
13308 2 2 2 127 7170 7641 7640
13309 2 2 2 127 7128 7959 7866
13310 2 2 2 127 446 6829 447
13311 2 2 2 127 6796 8928 7673
13312 2 2 2 127 6594 6835 5353
13313 2 2 2 127 7539 8165 8032
13314 2 2 2 127 7831 8096 7576
13315 2 2 2 127 8322 8339 206
13316 2 2 2 127 6157 8182 1828
13317 2 2 2 127 6335 8912 6847
13318 2 2 2 127 687 8759 35
13319 2 2 2 127 239 8760 7
13320 2 2 2 127 7417 8966 7823
13321 2 2 2 127 6992 7666 6988
13322 2 2 2 127 5395 8937 2177
13323 2 2 2 127 596 8756 8003
13324 2 2 2 127 7729 7996 7194
13325 2 2 2 127 8353 8534 7647
13326 2 2 2 127 6178 8339 819
13327 2 2 2 127 6309 8847 8502
13328 2 2 2 127 6866 8442 880
13329 2 2 2 127 5435 7863 7358
13330 2 2 2 127 7462 8692 7688
13331 2 2 2 127 8502 8869 6309
13332 2 2 2 127 6563 8274 1548
13333 2 2 2 127 6562 8275 204
13334 2 2 2 127 8305 8577 7714
13335 2 2 2 127 6064 6833 5658
13336 2 2 2 127 6038 6832 6011
13337 2 2 2 127 6036 8928 6796
13338 2 2 2 127 7090 8743 8566
13339 2 2 2 127 8383 8886 6378
13340 2 2 2 127 5435 7358 84
13341 2 2 2 127 5963 7872 6895
13342 2 2 2 127 6384 8218 1831
13343 2 2 2 127 7367 8369 7369
13344 2 2 2 127 7815 7892 7852
13345 2 2 2 127 561 8328 6534
13346 2 2 2 127 8374 8756 596
13347 2 2 2 127 6390 8969 6116
13348 2 2 2 127 6785 8431 5665
13349 2 2 2 127 5552 8091 5555
13350 2 2 2 127 7060 8404 7575
13351 2 2 2 127 8339 8412 206
13352 2 2 2 127 5550 8328 560
13353 2 2 2 127 8162 8163 7304
13354 2 2 2 127 7999 8609 6313
13355 2 2 2 127 6093 8895 5823
13356 2 2 2 127 8046 8658 1664
13357 2 2 2 127 7966 8860 6840
13358 2 2 2 127 7606 8501 7604
13359 2 2 2 127 6694 6695 5932
13360 2 2 2 127 6325 9025 6828
13361 2 2 2 127 7116 7492 7119
13362 2 2 2 127 6068 6836 5571
13363 2 2 2 127 7081 7148 7019
13364 2 2 2 127 6954 8250 7632
13365 2 2 2 127 6034 9011 8422
13366 2 2 2 127 7195 8122 7191
13367 2 2 2 127 8525 8558 6417
13368 2 2 2 127 5760 8104 5757
13369 2 2 2 127 5536 6834 6097
13370 2 2 2 127 2157 8057 5386
13371 2 2 2 127 6370 6838 5774
13372 2 2 2 127 7642 8599 7862
13373 2 2 2 127 7724 7725 7378
13374 2 2 2 127 8081 8940 6980
13375 2 2 2 127 6523 8584 5877
13376 2 2 2 127 5755 8408 5412
13377 2 2 2 127 877 7742 7741
13378 2 2 2 127 6799 8911 8616
13379 2 2 2 127 6798 8910 8618
13380 2 2 2 127 6856 8772 6828
13381 2 2 2 127 5384 8136 6055
13382 2 2 2 127 6628 8247 6692
13383 2 2 2 127 7421 8163 8162
13384 2 2 2 127 6068 6860 6836
13385 2 2 2 127 6251 8121 5879
13386 2 2 2 127 5548 8891 6212
13387 2 2 2 127 7467 8823 7793
13388 2 2 2 127 6396 8995 6118
13389 2 2 2 127 7478 8050 7705
13390 2 2 2 127 6570 8821 6352
13391 2 2 2 127 6348 8164 1998
13392 2 2 2 127 6769 8841 5503
13393 2 2 2 127 7494 8234 1231
13394 2 2 2 127 1960 6900 1961
13395 2 2 2 127 5679 8805 112
13396 2 2 2 127 5740 8145 5736
13397 2 2 2 127 6613 8189 5917
13398 2 2 2 127 7260 8095 7263
13399 2 2 2 127 5447 8402 6316
13400 2 2 2 127 7909 8122 7195
13401 2 2 2 127 7256 8132 7720
13402 2 2 2 127 7064 7071 7068
13403 2 2 2 127 6690 6864 5613
13404 2 2 2 127 7580 7584 7582
13405 2 2 2 127 1122 8929 1123
13406 2 2 2 127 5733 8145 5734
13407 2 2 2 127 6671 8895 6093
13408 2 2 2 127 5767 7998 6542
13409 2 2 2 127 519 6846 520
13410 2 2 2 127 295 6845 296
13411 2 2 2 127 6793 8014 5355
13412 2 2 2 127 6916 7624 6914
13413 2 2 2 127 8246 8831 7659
13414 2 2 2 127 6091 8929 1122
13415 2 2 2 127 1974 7602 1975
13416 2 2 2 127 6091 6850 6697
13417 2 2 2 127 5866 8553 6573
13418 2 2 2 127 7573 7821 7507
13419 2 2 2 127 6557 8767 5510
13420 2 2 2 127 6087 6848 5739
13421 2 2 2 127 6895 7868 6031
13422 2 2 2 127 5951 8402 5447
13423 2 2 2 127 7990 8421 6094
13424 2 2 2 127 6616 8225 5695
13425 2 2 2 127 5578 8206 5576
13426 2 2 2 127 5349 6021 1571
13427 2 2 2 127 6511 8144 6110
13428 2 2 2 127 7946 8500 7615
13429 2 2 2 127 5674 6849 5653
13430 2 2 2 127 6238 8142 6111
13431 2 2 2 127 6166 8665 6645
13432 2 2 2 127 5561 7999 6635
13433 2 2 2 127 7703 8799 7408
13434 2 2 2 127 7369 8587 8079
13435 2 2 2 127 6215 8556 6881
13436 2 2 2 127 5706 6840 5703
13437 2 2 2 127 6573 8553 5357
13438 2 2 2 127 7877 8040 7878
13439 2 2 2 127 6269 6858 6149
13440 2 2 2 127 6947 6948 6946
13441 2 2 2 127 2169 8765 5391
13442 2 2 2 127 6092 6850 6091
13443 2 2 2 127 8714 8779 7176
13444 2 2 2 127 1962 8784 7132
13445 2 2 2 127 1495 8920 6506
13446 2 2 2 127 5580 8295 5635
13447 2 2 2 127 6529 8238 5933
13448 2 2 2 127 7408 8994 7406
13449 2 2 2 127 8374 8989 6597
13450 2 2 2 127 7670 7671 7669
13451 2 2 2 127 7057 7528 1979
13452 2 2 2 127 6031 6854 6203
13453 2 2 2 127 7486 7650 7649
13454 2 2 2 127 7239 7242 7240
13455 2 2 2 127 6545 8199 6121
13456 2 2 2 127 7363 7647 7629
13457 2 2 2 127 8122 8527 7639
13458 2 2 2 127 6290 8619 1125
13459 2 2 2 127 6291 8620 1909
13460 2 2 2 127 7020 7933 7011
13461 2 2 2 127 6875 7918 7519
13462 2 2 2 127 536 8851 6806
13463 2 2 2 127 6807 7979 6136
13464 2 2 2 127 7212 8935 7214
13465 2 2 2 127 5869 6859 5344
13466 2 2 2 127 7674 8893 7716
13467 2 2 2 127 7797 8037 5351
13468 2 2 2 127 5462 8157 6140
13469 2 2 2 127 5843 8210 5844
13470 2 2 2 127 222 8203 5376
13471 2 2 2 127 6904 8935 7210
13472 2 2 2 127 7407 8715 7855
13473 2 2 2 127 1850 7930 6404
13474 2 2 2 127 6797 8865 5758
13475 2 2 2 127 8495 8775 6144
13476 2 2 2 127 6030 8110 6365
13477 2 2 2 127 6029 8109 6366
13478 2 2 2 127 763 8221 5378
13479 2 2 2 127 5935 6857 5505
13480 2 2 2 127 7543 7731 7730
13481 2 2 2 127 5906 8426 5439
13482 2 2 2 127 1678 8211 5403
13483 2 2 2 127 6688 9034 5702
13484 2 2 2 127 6667 8953 5659
13485 2 2 2 127 8151 8152 7213
13486 2 2 2 127 5744 8211 6645
13487 2 2 2 127 7442 8535 6919
13488 2 2 2 127 8371 8372 7096
13489 2 2 2 127 6923 7532 7531
13490 2 2 2 127 7745 8278 7762
13491 2 2 2 127 6383 8173 5928
13492 2 2 2 127 6612 8283 5753
13493 2 2 2 127 6327 8953 6667
13494 2 2 2 127 5359 8199 539
13495 2 2 2 127 7478 7705 7479
13496 2 2 2 127 7068 8769 8428
13497 2 2 2 127 8204 8711 6147
13498 2 2 2 127 5613 8295 5582
13499 2 2 2 127 5808 6886 6885
13500 2 2 2 127 6270 7942 5974
13501 2 2 2 127 7012 8143 7033
13502 2 2 2 127 5729 6856 5728
13503 2 2 2 127 1716 7571 1717
13504 2 2 2 127 6784 8046 6049
13505 2 2 2 127 6575 8601 8442
13506 2 2 2 127 7309 8555 7721
13507 2 2 2 127 7714 8823 7467
13508 2 2 2 127 5910 8141 6364
13509 2 2 2 127 6019 9002 860
13510 2 2 2 127 7730 9007 5504
13511 2 2 2 127 7178 7782 7683
13512 2 2 2 127 5345 8238 1267
13513 2 2 2 127 5999 6853 5380
13514 2 2 2 127 5683 8445 5685
13515 2 2 2 127 949 8205 5398
13516 2 2 2 127 7326 8827 7323
13517 2 2 2 127 7341 9040 9023
13518 2 2 2 127 6604 8953 6605
13519 2 2 2 127 6999 8955 7727
13520 2 2 2 127 6387 9024 8327
13521 2 2 2 127 5439 8426 6390
13522 2 2 2 127 5788 6839 6696
13523 2 2 2 127 7334 7342 7340
13524 2 2 2 127 8266 9021 6256
13525 2 2 2 127 5388 8814 2150
13526 2 2 2 127 6683 8529 6175
13527 2 2 2 127 6995 8660 8096
13528 2 2 2 127 7132 7771 7603
13529 2 2 2 127 2126 8213 2127
13530 2 2 2 127 1174 8696 8219
13531 2 2 2 127 7733 7734 7696
13532 2 2 2 127 5543 8423 5542
13533 2 2 2 127 7122 7529 7198
13534 2 2 2 127 726 8702 8220
13535 2 2 2 127 6294 8312 5814
13536 2 2 2 127 7481 8307 7790
13537 2 2 2 127 8126 8169 6284
13538 2 2 2 127 7411 7532 6923
13539 2 2 2 127 6924 8317 7573
13540 2 2 2 127 6394 8874 2124
13541 2 2 2 127 7286 7287 7284
13542 2 2 2 127 6301 9034 6688
13543 2 2 2 127 5843 8679 8210
13544 2 2 2 127 7483 8545 7842
13545 2 2 2 127 7801 8930 7207
13546 2 2 2 127 1882 8950 1883
13547 2 2 2 127 6687 8111 6048
13548 2 2 2 127 7354 7363 7355
13549 2 2 2 127 5684 6861 5681
13550 2 2 2 127 7858 7956 7384
13551 2 2 2 127 7351 9003 8796
13552 2 2 2 127 5812 8874 6294
13553 2 2 2 127 6049 9047 6576
13554 2 2 2 127 6150 8950 1882
13555 2 2 2 127 7350 8417 7347
13556 2 2 2 127 1568 8159 5363
13557 2 2 2 127 1887 8885 6564
13558 2 2 2 127 7852 7870 7853
13559 2 2 2 127 374 8459 375
13560 2 2 2 127 150 8458 151
13561 2 2 2 127 5566 8380 5559
13562 2 2 2 127 7263 7264 7262
13563 2 2 2 127 5682 8444 5680
13564 2 2 2 127 5692 6862 5689
13565 2 2 2 127 5729 7977 6856
13566 2 2 2 127 6290 9031 8619
13567 2 2 2 127 6291 9032 8620
13568 2 2 2 127 8646 8900 6530
13569 2 2 2 127 8643 8901 6531
13570 2 2 2 127 1327 8888 6565
13571 2 2 2 127 7471 8829 5445
13572 2 2 2 127 5846 8999 6513
13573 2 2 2 127 947 8387 6509
13574 2 2 2 127 5656 8015 6868
13575 2 2 2 127 6521 8348 5941
13576 2 2 2 127 6908 7080 6902
13577 2 2 2 127 2124 8874 5419
13578 2 2 2 127 5943 8005 6521
13579 2 2 2 127 2156 7934 2155
13580 2 2 2 127 934 6863 935
13581 2 2 2 127 5546 7250 5897
13582 2 2 2 127 6374 8549 6823
13583 2 2 2 127 7773 7899 7504
13584 2 2 2 127 7441 8708 7945
13585 2 2 2 127 5577 6868 5603
13586 2 2 2 127 5709 8780 6583
13587 2 2 2 127 2149 7973 2148
13588 2 2 2 127 6607 7998 5767
13589 2 2 2 127 2159 6890 2158
13590 2 2 2 127 7604 8850 7763
13591 2 2 2 127 6396 8445 8444
13592 2 2 2 127 7519 8560 7790
13593 2 2 2 127 7387 7388 6991
13594 2 2 2 127 6932 6934 6933
13595 2 2 2 127 6369 6864 6370
13596 2 2 2 127 7957 7958 6917
13597 2 2 2 127 1955 8388 6515
13598 2 2 2 127 8074 8823 8577
13599 2 2 2 127 7006 8940 7520
13600 2 2 2 127 7208 7803 7207
13601 2 2 2 127 7071 7088 7074
13602 2 2 2 127 5711 8438 993
13603 2 2 2 127 1488 8217 5504
13604 2 2 2 127 6165 6865 6150
13605 2 2 2 127 6936 7864 6938
13606 2 2 2 127 6892 7389 7387
13607 2 2 2 127 6716 6860 5469
13608 2 2 2 127 8198 8543 7890
13609 2 2 2 127 7926 8957 7505
13610 2 2 2 127 1493 6020 1494
13611 2 2 2 127 7802 8669 7424
13612 2 2 2 127 7866 7867 7442
13613 2 2 2 127 5834 9016 6548
13614 2 2 2 127 7010 8798 7986
13615 2 2 2 127 7161 8343 7794
13616 2 2 2 127 1886 8885 1887
13617 2 2 2 127 6200 8507 6530
13618 2 2 2 127 6201 8508 6531
13619 2 2 2 127 1326 8888 1327
13620 2 2 2 127 5567 8373 5564
13621 2 2 2 127 6226 8845 6684
13622 2 2 2 127 7299 8578 7718
13623 2 2 2 127 5549 8891 5548
13624 2 2 2 127 7403 7405 7404
13625 2 2 2 127 7687 8944 8286
13626 2 2 2 127 6686 7975 6047
13627 2 2 2 127 5374 8863 8185
13628 2 2 2 127 7624 8207 7822
13629 2 2 2 127 7824 7909 7195
13630 2 2 2 127 8375 8412 6178
13631 2 2 2 127 7926 9040 7341
13632 2 2 2 127 7886 8783 7133
13633 2 2 2 127 7605 7607 7606
13634 2 2 2 127 6993 7004 7003
13635 2 2 2 127 7378 8452 7724
13636 2 2 2 127 6534 6870 1420
13637 2 2 2 127 7177 7820 7819
13638 2 2 2 127 7140 7141 7049
13639 2 2 2 127 7055 7653 7053
13640 2 2 2 127 6150 6865 6778
13641 2 2 2 127 6429 7985 5782
13642 2 2 2 127 5443 6873 5798
13643 2 2 2 127 5945 8005 5943
13644 2 2 2 127 704 8911 705
13645 2 2 2 127 256 8910 257
13646 2 2 2 127 7036 7085 7084
13647 2 2 2 127 5504 8217 6508
13648 2 2 2 127 6778 6865 5900
13649 2 2 2 127 7163 7861 7047
13650 2 2 2 127 7503 8859 7504
13651 2 2 2 127 6554 6871 6117
13652 2 2 2 127 7405 7732 7406
13653 2 2 2 127 7472 8681 7776
13654 2 2 2 127 1235 8970 1236
13655 2 2 2 127 1005 7457 6971
13656 2 2 2 127 6031 7868 6854
13657 2 2 2 127 5389 8747 2144
13658 2 2 2 127 7266 7910 7268
13659 2 2 2 127 7671 7941 7669
13660 2 2 2 127 2164 7871 2163
13661 2 2 2 127 5459 8254 6428
13662 2 2 2 127 6115 8553 5866
13663 2 2 2 127 8171 8529 6606
13664 2 2 2 127 7366 7849 7365
13665 2 2 2 127 7565 8191 8190
13666 2 2 2 127 6313 8609 8294
13667 2 2 2 127 7073 8386 7897
13668 2 2 2 127 6978 6979 6977
13669 2 2 2 127 7808 8993 8799
13670 2 2 2 127 543 8900 26
13671 2 2 2 127 767 8901 40
13672 2 2 2 127 2154 8309 5397
13673 2 2 2 127 5453 8342 6165
13674 2 2 2 127 7881 7903 7875
13675 2 2 2 127 6192 8924 6556
13676 2 2 2 127 6421 8909 8073
13677 2 2 2 127 6154 8332 7885
13678 2 2 2 127 6096 8910 6798
13679 2 2 2 127 6095 8911 6799
13680 2 2 2 127 7096 8873 6932
13681 2 2 2 127 5881 8970 1235
13682 2 2 2 127 1713 8967 1714
13683 2 2 2 127 524 8961 525
13684 2 2 2 127 7964 8214 7747
13685 2 2 2 127 6634 9016 5838
13686 2 2 2 127 1795 7985 1796
13687 2 2 2 127 5885 6876 5883
13688 2 2 2 127 5856 8961 524
13689 2 2 2 127 6783 8891 5553
13690 2 2 2 127 1997 8968 6348
13691 2 2 2 127 1436 8964 1437
13692 2 2 2 127 5471 8968 1997
13693 2 2 2 127 1753 8982 5466
13694 2 2 2 127 1682 8962 1683
13695 2 2 2 127 6008 8325 6792
13696 2 2 2 127 6007 8324 6791
13697 2 2 2 127 1714 8967 5913
13698 2 2 2 127 5803 7061 5804
13699 2 2 2 127 1044 8973 5493
13700 2 2 2 127 5820 8964 1436
13701 2 2 2 127 6582 8913 5847
13702 2 2 2 127 6629 8884 6628
13703 2 2 2 127 1683 8962 5826
13704 2 2 2 127 6799 8616 789
13705 2 2 2 127 6798 8618 341
13706 2 2 2 127 445 8965 446
13707 2 2 2 127 6921 6922 6920
13708 2 2 2 127 5835 9016 5834
13709 2 2 2 127 5795 8965 445
13710 2 2 2 127 6158 8973 1044
13711 2 2 2 127 6014 8861 6596
13712 2 2 2 127 5569 7999 5561
13713 2 2 2 127 5678 8864 6644
13714 2 2 2 127 6911 6917 6913
13715 2 2 2 127 6124 8699 6864
13716 2 2 2 127 6532 8982 1753
13717 2 2 2 127 6659 8770 5926
13718 2 2 2 127 5393 8292 2165
13719 2 2 2 127 7149 7150 7148
13720 2 2 2 127 7511 8084 7681
13721 2 2 2 127 5693 8740 6556
13722 2 2 2 127 7181 8127 7906
13723 2 2 2 127 5377 8570 6127
13724 2 2 2 127 1546 8890 5449
13725 2 2 2 127 5663 8832 6648
13726 2 2 2 127 7720 8843 8678
13727 2 2 2 127 8126 8205 6281
13728 2 2 2 127 5418 9005 1511
13729 2 2 2 127 8188 8189 6109
13730 2 2 2 127 1511 9005 6257
13731 2 2 2 127 371 8996 372
13732 2 2 2 127 5405 6879 5786
13733 2 2 2 127 7033 7898 7121
13734 2 2 2 127 7958 8209 7034
13735 2 2 2 127 1265 8998 1266
13736 2 2 2 127 5942 8982 5946
13737 2 2 2 127 5852 8909 6125
13738 2 2 2 127 1661 8810 8003
13739 2 2 2 127 6336 9035 6664
13740 2 2 2 127 5880 8634 6336
13741 2 2 2 127 6717 8408 6098
13742 2 2 2 127 6189 6878 6360
13743 2 2 2 127 6300 6877 2129
13744 2 2 2 127 6156 8504 6649
13745 2 2 2 127 5737 8938 6640
13746 2 2 2 127 336 8992 337
13747 2 2 2 127 6576 8425 6049
13748 2 2 2 127 337 8992 6135
13749 2 2 2 127 7869 8262 7812
13750 2 2 2 127 7702 8694 7190
13751 2 2 2 127 6033 6851 6277
13752 2 2 2 127 1287 9015 1288
13753 2 2 2 127 745 8260 6601
13754 2 2 2 127 1305 8261 6600
13755 2 2 2 127 5732 8938 5737
13756 2 2 2 127 6282 8984 2068
13757 2 2 2 127 6283 8985 1284
13758 2 2 2 127 6186 8266 5499
13759 2 2 2 127 1736 7601 1737
13760 2 2 2 127 561 8296 562
13761 2 2 2 127 1011 6883 1012
13762 2 2 2 127 431 9008 19
13763 2 2 2 127 5675 8699 5671
13764 2 2 2 127 7961 8945 7526
13765 2 2 2 127 671 8925 5715
13766 2 2 2 127 1551 9009 89
13767 2 2 2 127 6540 9014 1214
13768 2 2 2 127 7833 7924 7356
13769 2 2 2 127 6352 8821 5534
13770 2 2 2 127 5827 8776 5438
13771 2 2 2 127 6427 7220 5868
13772 2 2 2 127 1416 9011 6034
13773 2 2 2 127 6381 8598 5443
13774 2 2 2 127 594 8989 595
13775 2 2 2 127 6986 8125 6981
13776 2 2 2 127 5436 9011 1416
13777 2 2 2 127 5533 8821 5677
13778 2 2 2 127 6334 8861 6014
13779 2 2 2 127 7270 7272 7271
13780 2 2 2 127 5777 8351 5365
13781 2 2 2 127 1564 8941 5452
13782 2 2 2 127 1266 8998 5930
13783 2 2 2 127 6032 8279 6177
13784 2 2 2 127 7607 7619 7608
13785 2 2 2 127 1288 9015 6067
13786 2 2 2 127 5524 8564 6658
13787 2 2 2 127 7155 7915 7166
13788 2 2 2 127 5874 8989 594
13789 2 2 2 127 6285 8903 6513
13790 2 2 2 127 6126 8067 6805
13791 2 2 2 127 2068 8984 6377
13792 2 2 2 127 1284 8985 6376
13793 2 2 2 127 7637 8694 8184
13794 2 2 2 127 1215 9024 68
13795 2 2 2 127 8106 8830 7675
13796 2 2 2 127 7136 7960 7044
13797 2 2 2 127 655 9026 33
13798 2 2 2 127 1996 8981 5801
13799 2 2 2 127 5977 8996 371
13800 2 2 2 127 6787 8459 374
13801 2 2 2 127 6788 8458 150
13802 2 2 2 127 5367 8766 7907
13803 2 2 2 127 7833 8148 7352
13804 2 2 2 127 6256 9021 654
13805 2 2 2 127 5778 6884 5781
13806 2 2 2 127 5397 8365 2153
13807 2 2 2 127 8154 8155 7412
13808 2 2 2 127 6316 8584 6145
13809 2 2 2 127 5882 7021 5884
13810 2 2 2 127 5409 9022 545
13811 2 2 2 127 5808 6885 5807
13812 2 2 2 127 5897 7925 6580
13813 2 2 2 127 5804 8635 6760
13814 2 2 2 127 6299 9009 1551
13815 2 2 2 127 5991 8280 6275
13816 2 2 2 127 411 8542 6552
13817 2 2 2 127 7658 9037 987
13818 2 2 2 127 5786 9008 431
13819 2 2 2 127 7438 7919 7713
13820 2 2 2 127 1995 8981 1996
13821 2 2 2 127 5705 7884 5706
13822 2 2 2 127 1956 8990 1957
13823 2 2 2 127 5416 9012 1715
13824 2 2 2 127 1214 9014 5371
13825 2 2 2 127 5899 8990 1956
13826 2 2 2 127 5759 8865 5762
13827 2 2 2 127 5538 6889 6790
13828 2 2 2 127 6584 8663 6061
13829 2 2 2 127 7112 7115 7114
13830 2 2 2 127 670 8925 671
13831 2 2 2 127 6802 8939 5341
13832 2 2 2 127 2092 7454 2093
13833 2 2 2 127 5445 8920 1495
13834 2 2 2 127 6893 7679 7567
13835 2 2 2 127 7912 8948 7226
13836 2 2 2 127 7434 7437 7436
13837 2 2 2 127 5792 8978 5477
13838 2 2 2 127 6064 6853 6833
13839 2 2 2 127 7331 7333 7332
13840 2 2 2 127 6172 6882 5491
13841 2 2 2 127 654 9021 5406
13842 2 2 2 127 6272 8691 6271
13843 2 2 2 127 1490 9007 7685
13844 2 2 2 127 7881 8224 8097
13845 2 2 2 127 5477 8978 2128
13846 2 2 2 127 7374 7377 7376
13847 2 2 2 127 6904 7209 7208
13848 2 2 2 127 6949 6951 6950
13849 2 2 2 127 7825 8812 7653
13850 2 2 2 127 7427 8240 7769
13851 2 2 2 127 1606 7207 1607
13852 2 2 2 127 6561 6887 521
13853 2 2 2 127 545 9022 6173
13854 2 2 2 127 5731 7977 5729
13855 2 2 2 127 7109 7949 7107
13856 2 2 2 127 5998 8208 6568
13857 2 2 2 127 7091 7092 7020
13858 2 2 2 127 8666 8773 6264
13859 2 2 2 127 8504 8606 6649
13860 2 2 2 127 6683 8706 8529
13861 2 2 2 127 2052 8259 5492
13862 2 2 2 127 1796 8049 1797
13863 2 2 2 127 5756 9024 1215
13864 2 2 2 127 6824 8911 6095
13865 2 2 2 127 6825 8910 6096
13866 2 2 2 127 6966 6969 6968
13867 2 2 2 127 111 8021 1888
13868 2 2 2 127 20 8022 432
13869 2 2 2 127 7348 7350 7347
13870 2 2 2 127 7845 7947 7148
13871 2 2 2 127 5974 7062 5975
13872 2 2 2 127 7595 7859 7592
13873 2 2 2 127 5768 9026 655
13874 2 2 2 127 8668 8774 6265
13875 2 2 2 127 6143 7975 953
13876 2 2 2 127 6637 8889 6375
13877 2 2 2 127 7455 7808 7246
13878 2 2 2 127 1421 8479 6502
13879 2 2 2 127 7198 7600 6906
13880 2 2 2 127 2123 8645 6394
13881 2 2 2 127 895 8939 5716
13882 2 2 2 127 555 8646 6530
13883 2 2 2 127 779 8643 6531
13884 2 2 2 127 6064 8030 6853
13885 2 2 2 127 6248 7040 5995
13886 2 2 2 127 6323 8441 224
13887 2 2 2 127 6324 8440 672
13888 2 2 2 127 7950 8420 8048
13889 2 2 2 127 6664 9035 6059
13890 2 2 2 127 1534 8011 1544
13891 2 2 2 127 5829 8706 5832
13892 2 2 2 127 974 8010 984
13893 2 2 2 127 1870 8012 1880
13894 2 2 2 127 6372 8506 1398
13895 2 2 2 127 6371 8505 838
13896 2 2 2 127 7154 7155 7150
13897 2 2 2 127 302 8013 312
13898 2 2 2 127 6772 8344 5939
13899 2 2 2 127 7342 7364 7343
13900 2 2 2 127 7412 7533 7532
13901 2 2 2 127 7097 7772 7613
13902 2 2 2 127 1460 8050 1461
13903 2 2 2 127 5448 8711 6759
13904 2 2 2 127 636 8745 6318
13905 2 2 2 127 412 8746 6319
13906 2 2 2 127 7377 7431 7379
13907 2 2 2 127 875 5346 876
13908 2 2 2 127 7885 8332 5833
13909 2 2 2 127 1491 5348 1492
13910 2 2 2 127 7908 8101 7197
13911 2 2 2 127 652 8749 6320
13912 2 2 2 127 428 8748 6321
13913 2 2 2 127 504 7991 6559
13914 2 2 2 127 6964 6965 6963
13915 2 2 2 127 7072 7491 7142
13916 2 2 2 127 7454 7900 2093
13917 2 2 2 127 7650 7651 7301
13918 2 2 2 127 6555 8194 6123
13919 2 2 2 127 8270 8918 8897
13920 2 2 2 127 7451 7596 7193
13921 2 2 2 127 7137 8528 7104
13922 2 2 2 127 1118 5351 1119
13923 2 2 2 127 1344 5350 1345
13924 2 2 2 127 1175 8219 8022
13925 2 2 2 127 6036 6796 6795
13926 2 2 2 127 727 8220 8021
13927 2 2 2 127 5781 7559 5780
13928 2 2 2 127 6934 6936 6935
13929 2 2 2 127 1679 9047 97
13930 2 2 2 127 7398 7401 7400
13931 2 2 2 127 5547 7301 5545
13932 2 2 2 127 1376 7478 1377
13933 2 2 2 127 7548 8498 7547
13934 2 2 2 127 7478 7479 7477
13935 2 2 2 127 7689 8098 7529
13936 2 2 2 127 8057 8922 7655
13937 2 2 2 127 6760 8635 6270
13938 2 2 2 127 7 8760 6323
13939 2 2 2 127 35 8759 6324
13940 2 2 2 127 894 8939 895
13941 2 2 2 127 6087 8133 6848
13942 2 2 2 127 5678 8834 6491
13943 2 2 2 127 6891 8922 6890
13944 2 2 2 127 5355 8014 7308
13945 2 2 2 127 5701 8958 5699
13946 2 2 2 127 766 8828 6553
13947 2 2 2 127 5694 7995 5698
13948 2 2 2 127 6505 9035 8634
13949 2 2 2 127 7672 8365 8223
13950 2 2 2 127 7771 8784 6900
13951 2 2 2 127 5392 7921 6896
13952 2 2 2 127 1040 9031 1041
13953 2 2 2 127 1824 9032 1825
13954 2 2 2 127 1041 9031 6423
13955 2 2 2 127 1825 9032 6422
13956 2 2 2 127 7315 7788 7762
13957 2 2 2 127 8184 8694 5389
13958 2 2 2 127 5423 8518 6267
13959 2 2 2 127 7047 7861 7048
13960 2 2 2 127 7061 7514 5804
13961 2 2 2 127 7726 8944 7687
13962 2 2 2 127 7018 7943 7072
13963 2 2 2 127 7203 7802 7204
13964 2 2 2 127 1602 7676 1603
13965 2 2 2 127 7047 7048 7046
13966 2 2 2 127 7169 8794 7779
13967 2 2 2 127 7141 8124 7049
13968 2 2 2 127 8151 8514 7830
13969 2 2 2 127 6127 7999 6313
13970 2 2 2 127 6596 8861 5508
13971 2 2 2 127 8662 8936 7161
13972 2 2 2 127 7201 7202 6905
13973 2 2 2 127 6425 9013 8347
13974 2 2 2 127 5505 8629 6522
13975 2 2 2 127 2174 7994 2173
13976 2 2 2 127 5921 8001 5385
13977 2 2 2 127 7092 7933 7020
13978 2 2 2 127 8299 8448 8300
13979 2 2 2 127 6182 8156 6834
13980 2 2 2 127 6216 8518 5423
13981 2 2 2 127 7088 7129 7089
13982 2 2 2 127 705 8911 6824
13983 2 2 2 127 257 8910 6825
13984 2 2 2 127 1715 9012 7792
13985 2 2 2 127 6309 8869 8530
13986 2 2 2 127 932 8004 933
13987 2 2 2 127 596 8003 597
13988 2 2 2 127 7265 7266 7264
13989 2 2 2 127 6112 7026 6259
13990 2 2 2 127 7097 7612 7092
13991 2 2 2 127 5641 8216 5640
13992 2 2 2 127 8556 8973 6881
13993 2 2 2 127 7765 7780 7729
13994 2 2 2 127 8324 8985 6053
13995 2 2 2 127 8325 8984 6054
13996 2 2 2 127 7038 7087 7086
13997 2 2 2 127 7453 8317 6924
13998 2 2 2 127 7653 8812 8258
13999 2 2 2 127 6926 8470 6930
14000 2 2 2 127 5932 8058 5931
14001 2 2 2 127 5666 8857 6545
14002 2 2 2 127 2128 8978 6300
14003 2 2 2 127 2177 8937 2176
14004 2 2 2 127 6049 8046 1664
14005 2 2 2 127 1699 6706 1725
14006 2 2 2 127 915 6703 941
14007 2 2 2 127 131 6707 157
14008 2 2 2 127 2035 6709 2061
14009 2 2 2 127 579 6710 605
14010 2 2 2 127 355 6701 381
14011 2 2 2 127 691 6702 717
14012 2 2 2 127 1139 6711 1165
14013 2 2 2 127 467 6712 493
14014 2 2 2 127 1027 6704 1053
14015 2 2 2 127 243 6699 269
14016 2 2 2 127 803 6713 829
14017 2 2 2 127 1923 6715 1949
14018 2 2 2 127 1363 6705 1389
14019 2 2 2 127 1811 6714 1837
14020 2 2 2 127 1587 6698 1613
14021 2 2 2 127 1475 6708 1501
14022 2 2 2 127 1251 6700 1277
14023 2 2 2 127 5946 7948 5944
14024 2 2 2 127 2158 8057 2157
14025 2 2 2 127 5721 8979 5719
14026 2 2 2 127 6133 8419 5373
14027 2 2 2 127 70 7367 6955
14028 2 2 2 127 5368 7927 5882
14029 2 2 2 127 8428 8539 8427
14030 2 2 2 127 7636 8358 7864
14031 2 2 2 127 6267 8431 6066
14032 2 2 2 127 6081 8005 6303
14033 2 2 2 127 6084 8834 8202
14034 2 2 2 127 7382 8835 7904
14035 2 2 2 127 1859 6729 1853
14036 2 2 2 127 1635 6718 1629
14037 2 2 2 127 851 6722 845
14038 2 2 2 127 1075 6734 1069
14039 2 2 2 127 1299 6719 1293
14040 2 2 2 127 291 6723 285
14041 2 2 2 127 627 6728 621
14042 2 2 2 127 403 6720 397
14043 2 2 2 127 1411 6730 1405
14044 2 2 2 127 2083 6727 2077
14045 2 2 2 127 1523 6733 1517
14046 2 2 2 127 515 6732 509
14047 2 2 2 127 1747 6731 1741
14048 2 2 2 127 963 6721 957
14049 2 2 2 127 179 6726 173
14050 2 2 2 127 1187 6725 1181
14051 2 2 2 127 739 6724 733
14052 2 2 2 127 1971 6735 1965
14053 2 2 2 127 7849 7897 7848
14054 2 2 2 127 7730 8271 7685
14055 2 2 2 127 7103 9012 5915
14056 2 2 2 127 867 6747 813
14057 2 2 2 127 1763 6739 1709
14058 2 2 2 127 1875 6740 1821
14059 2 2 2 127 1427 6738 1373
14060 2 2 2 127 979 6736 925
14061 2 2 2 127 2099 6744 2045
14062 2 2 2 127 195 6753 141
14063 2 2 2 127 531 6737 477
14064 2 2 2 127 643 6746 589
14065 2 2 2 127 755 6743 701
14066 2 2 2 127 307 6741 253
14067 2 2 2 127 1091 6748 1037
14068 2 2 2 127 1539 6751 1485
14069 2 2 2 127 419 6742 365
14070 2 2 2 127 1203 6745 1149
14071 2 2 2 127 1315 6750 1261
14072 2 2 2 127 1651 6749 1597
14073 2 2 2 127 1987 6752 1933
14074 2 2 2 127 1733 6892 1734
14075 2 2 2 127 7216 8512 7706
14076 2 2 2 127 6188 8291 6523
14077 2 2 2 127 5979 8683 8054
14078 2 2 2 127 7420 7688 7656
14079 2 2 2 127 1154 9041 1155
14080 2 2 2 127 562 8008 563
14081 2 2 2 127 7919 8560 7519
14082 2 2 2 127 6107 9041 1154
14083 2 2 2 127 6819 8787 5635
14084 2 2 2 127 6414 8393 152
14085 2 2 2 127 6413 8394 376
14086 2 2 2 127 6560 8285 297
14087 2 2 2 127 2150 8814 2149
14088 2 2 2 127 8147 8976 7800
14089 2 2 2 127 7085 7188 7187
14090 2 2 2 127 7728 7729 7194
14091 2 2 2 127 8748 8897 6321
14092 2 2 2 127 6040 8435 6379
14093 2 2 2 127 7946 8284 7843
14094 2 2 2 127 6046 8952 6416
14095 2 2 2 127 8025 9004 874
14096 2 2 2 127 6105 8439 6292
14097 2 2 2 127 5809 8481 6589
14098 2 2 2 127 6366 8883 5723
14099 2 2 2 127 6365 8882 5724
14100 2 2 2 127 7013 7931 6989
14101 2 2 2 127 6258 8687 1790
14102 2 2 2 127 5860 8018 5490
14103 2 2 2 127 7122 7689 7529
14104 2 2 2 127 1731 7195 1732
14105 2 2 2 127 7989 8986 7430
14106 2 2 2 127 1004 7889 7457
14107 2 2 2 127 2144 8747 127
14108 2 2 2 127 5402 8992 336
14109 2 2 2 127 7012 7033 7020
14110 2 2 2 127 6649 8606 6038
14111 2 2 2 127 7033 7121 7091
14112 2 2 2 127 187 8255 6877
14113 2 2 2 127 5884 7929 5886
14114 2 2 2 127 5779 8074 6207
14115 2 2 2 127 6587 8925 5343
14116 2 2 2 127 7852 7853 7189
14117 2 2 2 127 7192 7194 7117
14118 2 2 2 127 6042 8023 6286
14119 2 2 2 127 8146 8272 8147
14120 2 2 2 127 1863 6907 1864
14121 2 2 2 127 6847 8912 5947
14122 2 2 2 127 6790 6889 6608
14123 2 2 2 127 7794 8689 7161
14124 2 2 2 127 5742 9047 1679
14125 2 2 2 127 8226 8596 7769
14126 2 2 2 127 7458 8543 8443
14127 2 2 2 127 1620 7201 1621
14128 2 2 2 127 6864 8699 6370
14129 2 2 2 127 2155 8309 2154
14130 2 2 2 127 1845 7122 1846
14131 2 2 2 127 7365 7849 7848
14132 2 2 2 127 5719 8020 5717
14133 2 2 2 127 5886 6956 5888
14134 2 2 2 127 862 8009 872
14135 2 2 2 127 7632 8080 8079
14136 2 2 2 127 7277 7281 7280
14137 2 2 2 127 6069 9000 8360
14138 2 2 2 127 6801 8981 5339
14139 2 2 2 127 8091 8533 6328
14140 2 2 2 127 7364 7366 7365
14141 2 2 2 127 6108 8031 6068
14142 2 2 2 127 6106 8026 6230
14143 2 2 2 127 7516 7562 7080
14144 2 2 2 127 5379 7249 6209
14145 2 2 2 127 7254 7498 7497
14146 2 2 2 127 1347 7663 5401
14147 2 2 2 127 6266 8028 6023
14148 2 2 2 127 6207 8576 6206
14149 2 2 2 127 8264 8759 687
14150 2 2 2 127 8263 8760 239
14151 2 2 2 127 5780 8074 5779
14152 2 2 2 127 2165 8292 2164
14153 2 2 2 127 6428 7063 5983
14154 2 2 2 127 7646 7687 7293
14155 2 2 2 127 5976 8690 6148
14156 2 2 2 127 8433 8968 8927
14157 2 2 2 127 7933 8170 7943
14158 2 2 2 127 5551 8533 8091
14159 2 2 2 127 1979 7528 1980
14160 2 2 2 127 5564 8029 5562
14161 2 2 2 127 6846 8264 6099
14162 2 2 2 127 6845 8263 6100
14163 2 2 2 127 1847 6906 1848
14164 2 2 2 127 7327 8078 7330
14165 2 2 2 127 5794 7030 5793
14166 2 2 2 127 7160 7169 7168
14167 2 2 2 127 1904 8805 5399
14168 2 2 2 127 6893 7175 1718
14169 2 2 2 127 7594 7595 7592
14170 2 2 2 127 6271 8691 6786
14171 2 2 2 127 2153 8365 2152
14172 2 2 2 127 5947 8912 6306
14173 2 2 2 127 5414 8990 6821
14174 2 2 2 127 5367 7907 5791
14175 2 2 2 127 1545 8035 1546
14176 2 2 2 127 6041 8950 6778
14177 2 2 2 127 1306 8094 1307
14178 2 2 2 127 746 8093 747
14179 2 2 2 127 6841 8617 1013
14180 2 2 2 127 6842 8612 2021
14181 2 2 2 127 7072 7943 7491
14182 2 2 2 127 5931 8058 5934
14183 2 2 2 127 6936 6938 6937
14184 2 2 2 127 6217 8690 5976
14185 2 2 2 127 6843 8615 565
14186 2 2 2 127 7932 8688 7911
14187 2 2 2 127 5944 7041 5945
14188 2 2 2 127 7431 7433 7432
14189 2 2 2 127 6045 8668 6882
14190 2 2 2 127 6844 8614 1685
14191 2 2 2 127 5346 7743 7742
14192 2 2 2 127 2105 7452 2106
14193 2 2 2 127 6847 8622 1237
14194 2 2 2 127 7774 8326 6999
14195 2 2 2 127 1735 6991 1736
14196 2 2 2 127 7953 7956 7603
14197 2 2 2 127 7129 7151 7130
14198 2 2 2 127 1665 8658 8600
14199 2 2 2 127 5794 7449 7030
14200 2 2 2 127 5929 8014 6793
14201 2 2 2 127 7888 8610 7415
14202 2 2 2 127 6228 8039 6227
14203 2 2 2 127 6065 8030 6064
14204 2 2 2 127 7054 7055 7053
14205 2 2 2 127 7837 8271 7526
14206 2 2 2 127 6159 8511 6873
14207 2 2 2 127 7782 8409 7596
14208 2 2 2 127 7790 8560 7481
14209 2 2 2 127 1619 7623 1620
14210 2 2 2 127 6195 8696 6391
14211 2 2 2 127 6312 8062 5887
14212 2 2 2 127 7754 8983 7809
14213 2 2 2 127 7345 8667 7795
14214 2 2 2 127 7410 7890 7889
14215 2 2 2 127 7376 8677 7988
14216 2 2 2 127 7043 8227 7031
14217 2 2 2 127 5937 7253 5352
14218 2 2 2 127 6077 8042 6075
14219 2 2 2 127 985 8047 986
14220 2 2 2 127 6196 8702 6393
14221 2 2 2 127 7242 7244 7243
14222 2 2 2 127 7443 8406 7446
14223 2 2 2 127 8158 8200 7167
14224 2 2 2 127 7612 8170 7092
14225 2 2 2 127 7833 8899 7340
14226 2 2 2 127 6322 8043 5958
14227 2 2 2 127 6929 6931 6927
14228 2 2 2 127 5537 8129 5522
14229 2 2 2 127 1976 6899 1977
14230 2 2 2 127 1359 6875 5437
14231 2 2 2 127 1732 7191 1733
14232 2 2 2 127 6389 8941 1564
14233 2 2 2 127 7747 8278 7745
14234 2 2 2 127 1776 8349 6571
14235 2 2 2 127 6980 6982 6981
14236 2 2 2 127 7041 7160 7158
14237 2 2 2 127 7008 7009 7007
14238 2 2 2 127 127 7993 2178
14239 2 2 2 127 6076 8052 6078
14240 2 2 2 127 7854 8262 8066
14241 2 2 2 127 6123 8975 6555
14242 2 2 2 127 1621 6905 1622
14243 2 2 2 127 6074 7932 6112
14244 2 2 2 127 97 9047 6049
14245 2 2 2 127 5761 8060 5760
14246 2 2 2 127 5789 8051 5369
14247 2 2 2 127 8223 8365 5397
14248 2 2 2 127 7741 8766 5367
14249 2 2 2 127 6878 6885 6102
14250 2 2 2 127 6272 8625 6572
14251 2 2 2 127 7447 7448 7428
14252 2 2 2 127 5364 7131 6317
14253 2 2 2 127 5877 8222 5876
14254 2 2 2 127 6009 8471 6572
14255 2 2 2 127 62 7484 1104
14256 2 2 2 127 8223 8559 7671
14257 2 2 2 127 7062 8256 7578
14258 2 2 2 127 1196 7982 6813
14259 2 2 2 127 1756 7983 6812
14260 2 2 2 127 5373 8881 5965
14261 2 2 2 127 6661 8136 6424
14262 2 2 2 127 7775 8098 7689
14263 2 2 2 127 7576 8096 7697
14264 2 2 2 127 5551 8091 5552
14265 2 2 2 127 8641 9008 6386
14266 2 2 2 127 20 8352 8022
14267 2 2 2 127 7881 8097 7513
14268 2 2 2 127 7448 8131 7428
14269 2 2 2 127 7312 7336 7335
14270 2 2 2 127 8650 9009 6389
14271 2 2 2 127 6918 6921 6920
14272 2 2 2 127 7310 8364 7237
14273 2 2 2 127 6889 8819 6337
14274 2 2 2 127 5350 7664 7662
14275 2 2 2 127 7756 7936 7751
14276 2 2 2 127 111 8356 8021
14277 2 2 2 127 6210 8546 6564
14278 2 2 2 127 8431 8832 5665
14279 2 2 2 127 7863 8576 6207
14280 2 2 2 127 8004 8282 933
14281 2 2 2 127 7536 7548 7547
14282 2 2 2 127 1865 7025 1866
14283 2 2 2 127 1217 7630 1218
14284 2 2 2 127 6026 8574 8105
14285 2 2 2 127 1323 8526 1324
14286 2 2 2 127 6300 8978 7980
14287 2 2 2 127 69 6954 1216
14288 2 2 2 127 6100 8017 6845
14289 2 2 2 127 6099 8016 6846
14290 2 2 2 127 7620 7670 7669
14291 2 2 2 127 6567 8455 6153
14292 2 2 2 127 6949 6950 6948
14293 2 2 2 127 7700 7934 7699
14294 2 2 2 127 7009 8707 7012
14295 2 2 2 127 7861 7862 7048
14296 2 2 2 127 5762 7251 5761
14297 2 2 2 127 5454 8954 8193
14298 2 2 2 127 7435 8114 7799
14299 2 2 2 127 7161 8936 8233
14300 2 2 2 127 7184 8055 7040
14301 2 2 2 127 6896 7921 7177
14302 2 2 2 127 7479 8100 7992
14303 2 2 2 127 7299 7718 7717
14304 2 2 2 127 8136 9013 6424
14305 2 2 2 127 7143 8103 7850
14306 2 2 2 127 7554 7806 7805
14307 2 2 2 127 7139 8753 7124
14308 2 2 2 127 6789 8015 6065
14309 2 2 2 127 8640 9024 6387
14310 2 2 2 127 219 8639 6761
14311 2 2 2 127 1675 8647 6763
14312 2 2 2 127 7667 8743 8575
14313 2 2 2 127 1339 8651 6767
14314 2 2 2 127 1899 8638 6768
14315 2 2 2 127 7004 7022 7005
14316 2 2 2 127 7334 8140 7342
14317 2 2 2 127 7670 7672 7671
14318 2 2 2 127 8642 9026 6385
14319 2 2 2 127 8015 8030 6065
14320 2 2 2 127 6426 8755 8455
14321 2 2 2 127 7437 7480 7438
14322 2 2 2 127 331 8648 6771
14323 2 2 2 127 7081 7149 7148
14324 2 2 2 127 8455 8755 6153
14325 2 2 2 127 7893 7894 7317
14326 2 2 2 127 7022 7050 7023
14327 2 2 2 127 7670 7891 7672
14328 2 2 2 127 6578 8073 5854
14329 2 2 2 127 896 8075 897
14330 2 2 2 127 7592 7859 7095
14331 2 2 2 127 7164 8192 7952
14332 2 2 2 127 7796 8586 7561
14333 2 2 2 127 6274 8927 6518
14334 2 2 2 127 6982 6985 6984
14335 2 2 2 127 7033 7091 7020
14336 2 2 2 127 6938 6942 6941
14337 2 2 2 127 819 8339 820
14338 2 2 2 127 7894 7910 7317
14339 2 2 2 127 5686 8083 6636
14340 2 2 2 127 5753 8439 6576
14341 2 2 2 127 7504 7899 7724
14342 2 2 2 127 7840 8501 7606
14343 2 2 2 127 7554 7805 7496
14344 2 2 2 127 6980 6981 6979
14345 2 2 2 127 8307 8803 7790
14346 2 2 2 127 6123 8194 6829
14347 2 2 2 127 7392 7393 6970
14348 2 2 2 127 104 8349 1776
14349 2 2 2 127 989 6970 990
14350 2 2 2 127 7115 8090 7642
14351 2 2 2 127 6518 8927 5805
14352 2 2 2 127 6003 8229 6801
14353 2 2 2 127 5934 7468 6211
14354 2 2 2 127 7226 8378 7912
14355 2 2 2 127 443 8641 6386
14356 2 2 2 127 1563 8650 6389
14357 2 2 2 127 1458 6940 1459
14358 2 2 2 127 6052 7227 5903
14359 2 2 2 127 1624 8115 5375
14360 2 2 2 127 6916 8273 7624
14361 2 2 2 127 1604 6904 1605
14362 2 2 2 127 7887 8835 7386
14363 2 2 2 127 7427 7428 7399
14364 2 2 2 127 7807 9023 7300
14365 2 2 2 127 6764 8302 5478
14366 2 2 2 127 7616 7617 7142
14367 2 2 2 127 449 8094 450
14368 2 2 2 127 2017 8093 2018
14369 2 2 2 127 1548 8274 1549
14370 2 2 2 127 204 8275 205
14371 2 2 2 127 5945 9019 8005
14372 2 2 2 127 7640 9001 7781
14373 2 2 2 127 5919 8166 6304
14374 2 2 2 127 1227 8640 6387
14375 2 2 2 127 7818 8417 7350
14376 2 2 2 127 7091 7097 7092
14377 2 2 2 127 7734 7736 7735
14378 2 2 2 127 667 8642 6385
14379 2 2 2 127 6132 8573 5892
14380 2 2 2 127 7009 7012 7011
14381 2 2 2 127 7799 9018 7635
14382 2 2 2 127 1231 8234 69
14383 2 2 2 127 7216 7706 7218
14384 2 2 2 127 7290 7879 6228
14385 2 2 2 127 6344 8166 5919
14386 2 2 2 127 7886 8708 7441
14387 2 2 2 127 1492 7588 1493
14388 2 2 2 127 7281 7283 7282
14389 2 2 2 127 7235 7236 7234
14390 2 2 2 127 6250 8907 8511
14391 2 2 2 127 7491 7616 7142
14392 2 2 2 127 7434 7804 7437
14393 2 2 2 127 6797 9014 6540
14394 2 2 2 127 7987 8798 7521
14395 2 2 2 127 6994 6995 6922
14396 2 2 2 127 6577 7865 5722
14397 2 2 2 127 6847 8970 6335
14398 2 2 2 127 6598 8091 6328
14399 2 2 2 127 7217 7885 5833
14400 2 2 2 127 6061 8663 6609
14401 2 2 2 127 7484 7487 7485
14402 2 2 2 127 7898 7996 7121
14403 2 2 2 127 6954 7632 7631
14404 2 2 2 127 7097 7613 7612
14405 2 2 2 127 7135 8392 7911
14406 2 2 2 127 7815 8624 7892
14407 2 2 2 127 5538 8819 6889
14408 2 2 2 127 5640 8216 5661
14409 2 2 2 127 7486 7649 7249
14410 2 2 2 127 7177 7921 7820
14411 2 2 2 127 7274 7276 7275
14412 2 2 2 127 7914 8830 7467
14413 2 2 2 127 7691 8948 7912
14414 2 2 2 127 6590 8213 5819
14415 2 2 2 127 2011 8652 6792
14416 2 2 2 127 1451 8654 6791
14417 2 2 2 127 2088 7127 2089
14418 2 2 2 127 891 8653 6388
14419 2 2 2 127 7661 8779 8714
14420 2 2 2 127 7226 8948 8537
14421 2 2 2 127 5343 8925 670
14422 2 2 2 127 8035 8890 1546
14423 2 2 2 127 5375 8115 7872
14424 2 2 2 127 6073 7024 6074
14425 2 2 2 127 5522 8129 5524
14426 2 2 2 127 5348 7589 7588
14427 2 2 2 127 5341 8939 894
14428 2 2 2 127 7037 8099 7783
14429 2 2 2 127 6829 8965 6123
14430 2 2 2 127 7035 7116 6995
14431 2 2 2 127 6248 7183 7040
14432 2 2 2 127 7172 7917 7916
14433 2 2 2 127 6373 8549 6374
14434 2 2 2 127 6376 8985 8324
14435 2 2 2 127 6377 8984 8325
14436 2 2 2 127 8007 9019 7157
14437 2 2 2 127 1115 8649 6795
14438 2 2 2 127 6989 7931 6993
14439 2 2 2 127 7085 7187 7084
14440 2 2 2 127 5757 8104 5756
14441 2 2 2 127 7125 7139 7124
14442 2 2 2 127 7877 7878 7876
14443 2 2 2 127 5460 8146 8025
14444 2 2 2 127 5360 7760 6002
14445 2 2 2 127 7272 7274 7273
14446 2 2 2 127 7988 7989 7430
14447 2 2 2 127 1378 7477 6939
14448 2 2 2 127 6068 8031 6860
14449 2 2 2 127 7892 8624 6973
14450 2 2 2 127 7140 7462 7141
14451 2 2 2 127 1526 9027 6030
14452 2 2 2 127 966 9028 6029
14453 2 2 2 127 6854 8177 5916
14454 2 2 2 127 6565 8398 5498
14455 2 2 2 127 7200 8714 7930
14456 2 2 2 127 5356 7658 987
14457 2 2 2 127 7012 7020 7011
14458 2 2 2 127 7728 7765 7729
14459 2 2 2 127 6820 8576 5435
14460 2 2 2 127 6957 6996 6951
14461 2 2 2 127 5994 8193 6248
14462 2 2 2 127 6035 8946 5871
14463 2 2 2 127 6225 8793 6598
14464 2 2 2 127 8706 8933 5832
14465 2 2 2 127 5920 9013 8136
14466 2 2 2 127 7952 8045 7164
14467 2 2 2 127 6964 8334 6966
14468 2 2 2 127 7324 7361 7322
14469 2 2 2 127 936 8387 946
14470 2 2 2 127 8114 8813 7799
14471 2 2 2 127 5370 7455 6010
14472 2 2 2 127 7384 7956 7785
14473 2 2 2 127 6834 8156 6058
14474 2 2 2 127 5463 8196 6249
14475 2 2 2 127 5474 8197 6555
14476 2 2 2 127 6315 8119 335
14477 2 2 2 127 1944 8388 1954
14478 2 2 2 127 5705 8039 7884
14479 2 2 2 127 1456 7298 1457
14480 2 2 2 127 7035 7118 7117
14481 2 2 2 127 5928 7978 5927
14482 2 2 2 127 6189 8499 6878
14483 2 2 2 127 6777 8526 1323
14484 2 2 2 127 7038 8006 7087
14485 2 2 2 127 8235 8988 7739
14486 2 2 2 127 5879 8121 6240
14487 2 2 2 127 7480 7482 7481
14488 2 2 2 127 6610 8880 5656
14489 2 2 2 127 7986 7987 7645
14490 2 2 2 127 7596 7597 7193
14491 2 2 2 127 6777 8067 6126
14492 2 2 2 127 7241 7557 7541
14493 2 2 2 127 6932 6933 6931
14494 2 2 2 127 1004 7457 1005
14495 2 2 2 127 7611 8715 8102
14496 2 2 2 127 8602 8633 6080
14497 2 2 2 127 1155 9041 6565
14498 2 2 2 127 6191 8979 6679
14499 2 2 2 127 6546 8133 6087
14500 2 2 2 127 5398 8126 6284
14501 2 2 2 127 6557 8687 6258
14502 2 2 2 127 6606 8962 5507
14503 2 2 2 127 5456 8683 5979
14504 2 2 2 127 7754 7809 7757
14505 2 2 2 127 877 7741 878
14506 2 2 2 127 6997 7019 6968
14507 2 2 2 127 5363 8159 6253
14508 2 2 2 127 7118 7193 7192
14509 2 2 2 127 6966 6968 6965
14510 2 2 2 127 5468 8331 1434
14511 2 2 2 127 5369 7556 5790
14512 2 2 2 127 5519 7980 6872
14513 2 2 2 127 5860 8857 8018
14514 2 2 2 127 6267 8518 6648
14515 2 2 2 127 7367 7369 7368
14516 2 2 2 127 5920 8136 5384
14517 2 2 2 127 7154 7172 7155
14518 2 2 2 127 6894 8177 7137
14519 2 2 2 127 5767 8964 6607
14520 2 2 2 127 8626 8811 7778
14521 2 2 2 127 6183 8134 6182
14522 2 2 2 127 7688 7708 7656
14523 2 2 2 127 7495 7500 7494
14524 2 2 2 127 7769 8596 7447
14525 2 2 2 127 7623 8930 7801
14526 2 2 2 127 7178 7819 7782
14527 2 2 2 127 7457 7458 6971
14528 2 2 2 127 7031 8227 7028
14529 2 2 2 127 5507 8171 6606
14530 2 2 2 127 7420 7656 7188
14531 2 2 2 127 7106 7111 7108
14532 2 2 2 127 5965 8881 6556
14533 2 2 2 127 6522 8629 6863
14534 2 2 2 127 6592 8174 6094
14535 2 2 2 127 8001 8210 6322
14536 2 2 2 127 1247 7367 70
14537 2 2 2 127 6430 8457 1160
14538 2 2 2 127 7144 8335 8232
14539 2 2 2 127 6246 8130 6380
14540 2 2 2 127 7186 7767 7184
14541 2 2 2 127 8186 8431 6785
14542 2 2 2 127 5736 8145 5733
14543 2 2 2 127 8227 8520 7638
14544 2 2 2 127 5888 7955 6415
14545 2 2 2 127 8051 8813 8114
14546 2 2 2 127 7147 7610 7135
14547 2 2 2 127 7619 7935 7620
14548 2 2 2 127 1846 7198 1847
14549 2 2 2 127 6542 9015 1287
14550 2 2 2 127 6431 8460 600
14551 2 2 2 127 6050 8542 6759
14552 2 2 2 127 8423 8426 6205
14553 2 2 2 127 7605 7609 7607
14554 2 2 2 127 6110 8144 6544
14555 2 2 2 127 6451 8462 1048
14556 2 2 2 127 5508 8861 6867
14557 2 2 2 127 6453 8464 2056
14558 2 2 2 127 6452 8463 1272
14559 2 2 2 127 7898 8143 7492
14560 2 2 2 127 6490 8468 488
14561 2 2 2 127 7716 7960 7516
14562 2 2 2 127 6492 8469 264
14563 2 2 2 127 6902 8150 6897
14564 2 2 2 127 1734 7387 1735
14565 2 2 2 127 7772 8068 7613
14566 2 2 2 127 7086 7136 7044
14567 2 2 2 127 7018 8092 7943
14568 2 2 2 127 7149 7154 7150
14569 2 2 2 127 5339 8981 1995
14570 2 2 2 127 7192 7728 7194
14571 2 2 2 127 7187 7190 7084
14572 2 2 2 127 6048 8695 1680
14573 2 2 2 127 6493 8474 824
14574 2 2 2 127 6494 8475 712
14575 2 2 2 127 7560 8932 6317
14576 2 2 2 127 7971 8191 7344
14577 2 2 2 127 7341 8686 8482
14578 2 2 2 127 7219 7443 7223
14579 2 2 2 127 6921 6994 6922
14580 2 2 2 127 8005 9019 6303
14581 2 2 2 127 1605 7208 1606
14582 2 2 2 127 6504 8476 1384
14583 2 2 2 127 5412 8408 6717
14584 2 2 2 127 7562 7654 7563
14585 2 2 2 127 7134 7135 7101
14586 2 2 2 127 7868 8177 6854
14587 2 2 2 127 7879 8040 7884
14588 2 2 2 127 6613 8967 5501
14589 2 2 2 127 6070 8809 8018
14590 2 2 2 127 7798 8905 7442
14591 2 2 2 127 6917 8228 6918
14592 2 2 2 127 7951 8515 7282
14593 2 2 2 127 7344 8915 6958
14594 2 2 2 127 8049 8621 1797
14595 2 2 2 127 6894 7137 7104
14596 2 2 2 127 6001 8157 5462
14597 2 2 2 127 5990 7873 5989
14598 2 2 2 127 7149 7637 7154
14599 2 2 2 127 6241 8589 5822
14600 2 2 2 127 1957 8990 5414
14601 2 2 2 127 7676 8480 7652
14602 2 2 2 127 1062 8333 6758
14603 2 2 2 127 6977 6983 6975
14604 2 2 2 127 7072 7140 7049
14605 2 2 2 127 7058 7059 7055
14606 2 2 2 127 5865 8226 6129
14607 2 2 2 127 7516 7960 7562
14608 2 2 2 127 7887 8420 7569
14609 2 2 2 127 5508 8195 6596
14610 2 2 2 127 5974 7942 7062
14611 2 2 2 127 5507 8962 1682
14612 2 2 2 127 1437 8964 5767
14613 2 2 2 127 7055 7825 7653
14614 2 2 2 127 6969 6997 6968
14615 2 2 2 127 7257 7359 7258
14616 2 2 2 127 7980 8978 5792
14617 2 2 2 127 7767 8055 7184
14618 2 2 2 127 7159 8007 7157
14619 2 2 2 127 1567 9043 90
14620 2 2 2 127 7893 8831 7518
14621 2 2 2 127 5936 8327 6357
14622 2 2 2 127 7800 7938 7748
14623 2 2 2 127 7844 8571 7362
14624 2 2 2 127 6992 8536 7666
14625 2 2 2 127 152 8393 162
14626 2 2 2 127 376 8394 386
14627 2 2 2 127 7933 8414 7011
14628 2 2 2 127 1791 8313 104
14629 2 2 2 127 6506 8483 1496
14630 2 2 2 127 7041 7157 5945
14631 2 2 2 127 5576 8424 5358
14632 2 2 2 127 7688 7962 7708
14633 2 2 2 127 6887 8736 6287
14634 2 2 2 127 7036 7081 7019
14635 2 2 2 127 6834 8036 6097
14636 2 2 2 127 6049 8425 6784
14637 2 2 2 127 7051 7054 7053
14638 2 2 2 127 7452 7453 6924
14639 2 2 2 127 7616 7768 7617
14640 2 2 2 127 6876 8912 6335
14641 2 2 2 127 5501 8967 1713
14642 2 2 2 127 7476 7857 7474
14643 2 2 2 127 6523 8175 5496
14644 2 2 2 127 6249 8187 6250
14645 2 2 2 127 1345 7662 1346
14646 2 2 2 127 7311 7561 5446
14647 2 2 2 127 1883 8950 6041
14648 2 2 2 127 7542 7636 7361
14649 2 2 2 127 8114 8385 7556
14650 2 2 2 127 1884 8381 1885
14651 2 2 2 127 1324 8382 1325
14652 2 2 2 127 8210 8679 6322
14653 2 2 2 127 7433 7804 7434
14654 2 2 2 127 6164 8168 6351
14655 2 2 2 127 6163 8167 6350
14656 2 2 2 127 5726 8845 6593
14657 2 2 2 127 7736 7788 7735
14658 2 2 2 127 6873 8598 6159
14659 2 2 2 127 7701 7702 7190
14660 2 2 2 127 7097 8059 7772
14661 2 2 2 127 6574 8658 6141
14662 2 2 2 127 6575 8442 6142
14663 2 2 2 127 8102 8715 7407
14664 2 2 2 127 8336 8501 7840
14665 2 2 2 127 7556 8385 7851
14666 2 2 2 127 425 8180 426
14667 2 2 2 127 649 8179 650
14668 2 2 2 127 5927 7241 5929
14669 2 2 2 127 6984 6986 6981
14670 2 2 2 127 7038 7044 7017
14671 2 2 2 127 8600 8658 6574
14672 2 2 2 127 7572 7856 7200
14673 2 2 2 127 7971 8734 7614
14674 2 2 2 127 8267 8400 7079
14675 2 2 2 127 6348 8968 8433
14676 2 2 2 127 7498 7813 7499
14677 2 2 2 127 8173 8513 7978
14678 2 2 2 127 7449 8489 8007
14679 2 2 2 127 7247 7257 7248
14680 2 2 2 127 1400 9043 1401
14681 2 2 2 127 7018 7049 6986
14682 2 2 2 127 7360 8497 8277
14683 2 2 2 127 8086 8872 7752
14684 2 2 2 127 1230 7494 1231
14685 2 2 2 127 6963 6967 6961
14686 2 2 2 127 6373 8889 8549
14687 2 2 2 127 6137 8185 6268
14688 2 2 2 127 6323 8760 8449
14689 2 2 2 127 6324 8759 8450
14690 2 2 2 127 6413 8631 8394
14691 2 2 2 127 6414 8632 8393
14692 2 2 2 127 6998 7017 6941
14693 2 2 2 127 7035 7117 7116
14694 2 2 2 127 7172 7915 7155
14695 2 2 2 127 5788 8998 1265
14696 2 2 2 127 5908 7056 6003
14697 2 2 2 127 6378 8164 6146
14698 2 2 2 127 7679 7949 7567
14699 2 2 2 127 6907 7661 7660
14700 2 2 2 127 6510 8247 6511
14701 2 2 2 127 6948 6952 6946
14702 2 2 2 127 7778 8811 7776
14703 2 2 2 127 2108 7506 2109
14704 2 2 2 127 8234 8250 6954
14705 2 2 2 127 1084 8195 5508
14706 2 2 2 127 7825 8430 8428
14707 2 2 2 127 7781 7814 7388
14708 2 2 2 127 7867 8535 7442
14709 2 2 2 127 7277 8190 7281
14710 2 2 2 127 5895 8713 8691
14711 2 2 2 127 7072 7142 7140
14712 2 2 2 127 7151 7153 7152
14713 2 2 2 127 7455 8329 8102
14714 2 2 2 127 1603 7652 1604
14715 2 2 2 127 7847 9050 7924
14716 2 2 2 127 7214 8538 7215
14717 2 2 2 127 7562 7563 7080
14718 2 2 2 127 6261 8787 6289
14719 2 2 2 127 7882 9020 7880
14720 2 2 2 127 7738 7762 7736
14721 2 2 2 127 7450 7944 7775
14722 2 2 2 127 7692 7694 7693
14723 2 2 2 127 5876 8222 6061
14724 2 2 2 127 7018 7072 7049
14725 2 2 2 127 6921 7034 6994
14726 2 2 2 127 7110 7353 7113
14727 2 2 2 127 6121 8199 5359
14728 2 2 2 127 7309 7310 7237
14729 2 2 2 127 5376 8203 5730
14730 2 2 2 127 7443 7446 7444
14731 2 2 2 127 6936 6937 6935
14732 2 2 2 127 7610 8392 7135
14733 2 2 2 127 8137 8554 7761
14734 2 2 2 127 7707 8044 7385
14735 2 2 2 127 8026 8705 6230
14736 2 2 2 127 5497 8076 6768
14737 2 2 2 127 7423 8357 7940
14738 2 2 2 127 6084 8202 6215
14739 2 2 2 127 5635 8206 5578
14740 2 2 2 127 7725 8252 7378
14741 2 2 2 127 7250 7925 5897
14742 2 2 2 127 8691 8713 6786
14743 2 2 2 127 7493 8326 7774
14744 2 2 2 127 5518 8919 8757
14745 2 2 2 127 7118 7192 7117
14746 2 2 2 127 6827 8992 5402
14747 2 2 2 127 5708 8633 6874
14748 2 2 2 127 5403 8211 5744
14749 2 2 2 127 7244 7247 7245
14750 2 2 2 127 7701 7993 7702
14751 2 2 2 127 5349 7517 7000
14752 2 2 2 127 6111 8142 6775
14753 2 2 2 127 7808 8799 8513
14754 2 2 2 127 7751 7936 7749
14755 2 2 2 127 8080 8250 7502
14756 2 2 2 127 6942 6998 6941
14757 2 2 2 127 7492 8143 7644
14758 2 2 2 127 7319 7320 7295
14759 2 2 2 127 5660 8204 6667
14760 2 2 2 127 6694 8998 5788
14761 2 2 2 127 8024 8146 7759
14762 2 2 2 127 350 8208 351
14763 2 2 2 127 1942 8906 8088
14764 2 2 2 127 6895 7869 7868
14765 2 2 2 127 1174 8219 1175
14766 2 2 2 127 726 8220 727
14767 2 2 2 127 7214 7215 7212
14768 2 2 2 127 7241 7978 7557
14769 2 2 2 127 5844 8210 6190
14770 2 2 2 127 6073 7100 7024
14771 2 2 2 127 6060 8659 5457
14772 2 2 2 127 5509 8230 6675
14773 2 2 2 127 7361 8078 7322
14774 2 2 2 127 7776 8681 7589
14775 2 2 2 127 7362 8571 8033
14776 2 2 2 127 7370 7373 7372
14777 2 2 2 127 8050 8613 1461
14778 2 2 2 127 7446 8811 8626
14779 2 2 2 127 7294 7295 7292
14780 2 2 2 127 1644 8230 5509
14781 2 2 2 127 7187 7701 7190
14782 2 2 2 127 6537 8216 6535
14783 2 2 2 127 7330 7331 7329
14784 2 2 2 127 7952 8192 7906
14785 2 2 2 127 5695 8225 5697
14786 2 2 2 127 6938 6941 6937
14787 2 2 2 127 5855 8360 6343
14788 2 2 2 127 6894 7104 7103
14789 2 2 2 127 7370 8079 7373
14790 2 2 2 127 798 8395 799
14791 2 2 2 127 988 7392 989
14792 2 2 2 127 876 7742 877
14793 2 2 2 127 1512 8237 1513
14794 2 2 2 127 7283 7286 7284
14795 2 2 2 127 8168 8773 2015
14796 2 2 2 127 6997 7036 7019
14797 2 2 2 127 8167 8774 1455
14798 2 2 2 127 7429 8002 7988
14799 2 2 2 127 372 8996 5726
14800 2 2 2 127 6770 8595 5864
14801 2 2 2 127 7855 8715 8664
14802 2 2 2 127 1160 8457 1170
14803 2 2 2 127 7086 7143 7136
14804 2 2 2 127 7973 8971 5396
14805 2 2 2 127 5378 8221 5836
14806 2 2 2 127 5751 8942 6602
14807 2 2 2 127 600 8460 610
14808 2 2 2 127 1134 8403 1135
14809 2 2 2 127 5676 8904 5654
14810 2 2 2 127 5933 8238 5345
14811 2 2 2 127 8066 8262 7869
14812 2 2 2 127 6041 8906 1884
14813 2 2 2 127 1048 8462 1058
14814 2 2 2 127 1272 8463 1282
14815 2 2 2 127 2056 8464 2066
14816 2 2 2 127 7183 7185 7184
14817 2 2 2 127 488 8468 498
14818 2 2 2 127 6098 8854 5573
14819 2 2 2 127 264 8469 274
14820 2 2 2 127 7036 7084 7081
14821 2 2 2 127 7260 7263 7262
14822 2 2 2 127 5699 8958 8159
14823 2 2 2 127 1513 8237 8111
14824 2 2 2 127 1488 8611 8217
14825 2 2 2 127 824 8474 834
14826 2 2 2 127 7654 7655 7563
14827 2 2 2 127 712 8475 722
14828 2 2 2 127 881 8601 882
14829 2 2 2 127 1665 8600 1666
14830 2 2 2 127 7324 7727 7542
14831 2 2 2 127 1384 8476 1394
14832 2 2 2 127 560 8328 561
14833 2 2 2 127 5917 8188 6757
14834 2 2 2 127 5726 8996 6684
14835 2 2 2 127 6994 7035 6995
14836 2 2 2 127 2090 6923 2091
14837 2 2 2 127 5818 8085 6780
14838 2 2 2 127 7038 7086 7044
14839 2 2 2 127 6547 8926 5714
14840 2 2 2 127 6542 8710 6218
14841 2 2 2 127 7891 7935 5388
14842 2 2 2 127 7041 7948 7160
14843 2 2 2 127 1496 8483 1506
14844 2 2 2 127 8377 8423 6205
14845 2 2 2 127 8015 8880 8030
14846 2 2 2 127 8221 8244 5836
14847 2 2 2 127 7324 8376 7727
14848 2 2 2 127 7897 8520 7073
14849 2 2 2 127 6982 6984 6981
14850 2 2 2 127 186 8255 187
14851 2 2 2 127 7575 7831 7576
14852 2 2 2 127 6211 8236 6529
14853 2 2 2 127 7135 8688 7101
14854 2 2 2 127 8524 8680 7426
14855 2 2 2 127 5836 8244 6665
14856 2 2 2 127 5706 7966 6840
14857 2 2 2 127 8134 8156 6182
14858 2 2 2 127 6656 8251 6375
14859 2 2 2 127 6507 8384 5465
14860 2 2 2 127 6070 8857 5666
14861 2 2 2 127 6357 8337 5937
14862 2 2 2 127 6218 8710 6569
14863 2 2 2 127 6020 7472 7471
14864 2 2 2 127 6821 8815 5414
14865 2 2 2 127 7412 7534 7533
14866 2 2 2 127 7194 7969 7117
14867 2 2 2 127 6934 6935 6933
14868 2 2 2 127 7367 7368 6955
14869 2 2 2 127 7705 8330 7566
14870 2 2 2 127 6100 8263 239
14871 2 2 2 127 6099 8264 687
14872 2 2 2 127 6780 7749 6781
14873 2 2 2 127 7526 7896 7837
14874 2 2 2 127 7602 7858 1975
14875 2 2 2 127 8029 8373 6193
14876 2 2 2 127 7850 8223 5397
14877 2 2 2 127 5470 7075 6869
14878 2 2 2 127 1401 8269 6589
14879 2 2 2 127 6684 8845 5726
14880 2 2 2 127 6695 7579 5932
14881 2 2 2 127 7719 8914 7718
14882 2 2 2 127 7158 7159 7157
14883 2 2 2 127 8661 9003 7351
14884 2 2 2 127 6297 8270 5500
14885 2 2 2 127 7485 7486 7249
14886 2 2 2 127 6824 8179 6223
14887 2 2 2 127 6825 8180 6224
14888 2 2 2 127 7410 8947 991
14889 2 2 2 127 7669 7941 7922
14890 2 2 2 127 6998 8396 8006
14891 2 2 2 127 7292 8084 7296
14892 2 2 2 127 7837 7896 7590
14893 2 2 2 127 7416 7951 7413
14894 2 2 2 127 6692 8247 5713
14895 2 2 2 127 5685 8446 8083
14896 2 2 2 127 7322 8078 7323
14897 2 2 2 127 6564 8546 5497
14898 2 2 2 127 8143 8707 7644
14899 2 2 2 127 5916 8177 6894
14900 2 2 2 127 6397 8272 5460
14901 2 2 2 127 1832 8437 1842
14902 2 2 2 127 7482 7710 7483
14903 2 2 2 127 563 8287 564
14904 2 2 2 127 6801 8229 5803
14905 2 2 2 127 1216 7631 1217
14906 2 2 2 127 6973 8624 6969
14907 2 2 2 127 6102 8411 5475
14908 2 2 2 127 8014 8555 7308
14909 2 2 2 127 7620 7935 7670
14910 2 2 2 127 7219 7981 7443
14911 2 2 2 127 7777 7778 7776
14912 2 2 2 127 5721 7307 6770
14913 2 2 2 127 7576 7667 7067
14914 2 2 2 127 7811 8500 7094
14915 2 2 2 127 6588 8755 5955
14916 2 2 2 127 6766 9006 8347
14917 2 2 2 127 7744 7746 7745
14918 2 2 2 127 5831 7216 5833
14919 2 2 2 127 6822 8591 6104
14920 2 2 2 127 5582 8295 5580
14921 2 2 2 127 6197 8422 5949
14922 2 2 2 127 6984 7018 6986
14923 2 2 2 127 5349 7000 6021
14924 2 2 2 127 7104 7105 7103
14925 2 2 2 127 5895 8471 5434
14926 2 2 2 127 6023 8288 5495
14927 2 2 2 127 6959 8128 6957
14928 2 2 2 127 6680 9048 5547
14929 2 2 2 127 1419 8296 6534
14930 2 2 2 127 7145 7164 7099
14931 2 2 2 127 1157 8382 1158
14932 2 2 2 127 1941 8381 1942
14933 2 2 2 127 6587 8816 6139
14934 2 2 2 127 993 8438 994
14935 2 2 2 127 7779 7843 7168
14936 2 2 2 127 7859 8684 7095
14937 2 2 2 127 26 8900 8646
14938 2 2 2 127 40 8901 8643
14939 2 2 2 127 7390 8265 8107
14940 2 2 2 127 6993 7931 7004
14941 2 2 2 127 1123 8304 1124
14942 2 2 2 127 1907 8303 1908
14943 2 2 2 127 6906 7199 1848
14944 2 2 2 127 6044 8186 6785
14945 2 2 2 127 6145 8291 931
14946 2 2 2 127 6304 8977 6288
14947 2 2 2 127 6652 8289 6219
14948 2 2 2 127 7328 8552 7546
14949 2 2 2 127 6179 8367 6835
14950 2 2 2 127 8369 8587 7369
14951 2 2 2 127 7549 8498 7548
14952 2 2 2 127 7013 7959 7931
14953 2 2 2 127 2106 6924 2107
14954 2 2 2 127 7856 8714 7200
14955 2 2 2 127 7753 7756 7751
14956 2 2 2 127 8116 8816 5343
14957 2 2 2 127 8073 8909 5854
14958 2 2 2 127 6579 8453 6332
14959 2 2 2 127 8120 8966 7414
14960 2 2 2 127 673 8368 674
14961 2 2 2 127 7295 8084 7292
14962 2 2 2 127 6547 8828 765
14963 2 2 2 127 6220 8302 6169
14964 2 2 2 127 1066 8934 6410
14965 2 2 2 127 7337 7346 7345
14966 2 2 2 127 5846 8679 5843
14967 2 2 2 127 7105 8465 7103
14968 2 2 2 127 5758 9014 6797
14969 2 2 2 127 7627 8434 7885
14970 2 2 2 127 8360 9000 6343
14971 2 2 2 127 1344 7791 5350
14972 2 2 2 127 5892 8573 8205
14973 2 2 2 127 7498 8019 7967
14974 2 2 2 127 7185 7643 7186
14975 2 2 2 127 6229 7857 7290
14976 2 2 2 127 5349 8540 7517
14977 2 2 2 127 1377 7477 1378
14978 2 2 2 127 7905 8132 7233
14979 2 2 2 127 5814 8312 5816
14980 2 2 2 127 7390 8107 7391
14981 2 2 2 127 6302 8816 8116
14982 2 2 2 127 7827 8359 8308
14983 2 2 2 127 5773 8836 5770
14984 2 2 2 127 1549 8321 1550
14985 2 2 2 127 205 8322 206
14986 2 2 2 127 1043 8676 6158
14987 2 2 2 127 1827 8675 6157
14988 2 2 2 127 7181 7906 7179
14989 2 2 2 127 368 8461 5502
14990 2 2 2 127 2048 8466 5503
14991 2 2 2 127 8048 8256 7515
14992 2 2 2 127 6937 7079 6935
14993 2 2 2 127 7201 7203 7202
14994 2 2 2 127 7116 7969 7492
14995 2 2 2 127 5460 8025 874
14996 2 2 2 127 1080 8780 5709
14997 2 2 2 127 7100 7133 7101
14998 2 2 2 127 7362 7835 7350
14999 2 2 2 127 5797 8975 6123
15000 2 2 2 127 6899 7384 7383
15001 2 2 2 127 6067 8294 6682
15002 2 2 2 127 7746 7748 7747
15003 2 2 2 127 7021 7929 5884
15004 2 2 2 127 592 8472 5939
15005 2 2 2 127 6135 8992 6827
15006 2 2 2 127 144 8473 6056
15007 2 2 2 127 7381 7382 7057
15008 2 2 2 127 5387 8409 7819
15009 2 2 2 127 7110 8353 7353
15010 2 2 2 127 5714 8762 168
15011 2 2 2 127 6905 7390 1622
15012 2 2 2 127 7172 7916 7915
15013 2 2 2 127 6214 8490 8077
15014 2 2 2 127 7153 7783 7224
15015 2 2 2 127 6531 8508 780
15016 2 2 2 127 6530 8507 556
15017 2 2 2 127 5882 7927 7021
15018 2 2 2 127 8233 8343 7161
15019 2 2 2 127 5791 9036 8070
15020 2 2 2 127 7060 7575 7067
15021 2 2 2 127 7667 8575 7067
15022 2 2 2 127 7373 7503 7375
15023 2 2 2 127 7827 8081 7014
15024 2 2 2 127 5722 7226 5720
15025 2 2 2 127 5372 8410 6630
15026 2 2 2 127 8055 8319 7040
15027 2 2 2 127 7392 9037 7394
15028 2 2 2 127 6882 8243 6045
15029 2 2 2 127 7477 7992 6939
15030 2 2 2 127 7670 7935 7891
15031 2 2 2 127 6045 8243 6884
15032 2 2 2 127 6800 8842 6167
15033 2 2 2 127 7263 7265 7264
15034 2 2 2 127 6998 7038 7017
15035 2 2 2 127 6927 8273 6916
15036 2 2 2 127 7133 8783 7138
15037 2 2 2 127 7206 7354 7205
15038 2 2 2 127 7599 7776 7589
15039 2 2 2 127 6886 8401 6028
15040 2 2 2 127 7900 8628 2093
15041 2 2 2 127 5859 8525 6689
15042 2 2 2 127 1906 8350 6539
15043 2 2 2 127 6803 8846 6170
15044 2 2 2 127 5869 7981 6851
15045 2 2 2 127 7106 7107 7105
15046 2 2 2 127 8097 8943 7513
15047 2 2 2 127 7204 7205 7202
15048 2 2 2 127 5952 8424 6261
15049 2 2 2 127 5545 8363 5546
15050 2 2 2 127 6113 8502 6507
15051 2 2 2 127 7054 7146 7058
15052 2 2 2 127 5502 8346 369
15053 2 2 2 127 5941 8348 5940
15054 2 2 2 127 7659 8956 8246
15055 2 2 2 127 7384 7785 7633
15056 2 2 2 127 501 8410 5372
15057 2 2 2 127 5542 8377 6080
15058 2 2 2 127 6607 8294 7998
15059 2 2 2 127 7893 8053 7894
15060 2 2 2 127 7133 7138 7134
15061 2 2 2 127 7526 8271 7731
15062 2 2 2 127 6353 8841 6273
15063 2 2 2 127 1005 6971 1006
15064 2 2 2 127 5833 8332 5830
15065 2 2 2 127 7286 7293 7287
15066 2 2 2 127 6202 8880 6610
15067 2 2 2 127 6811 8848 6173
15068 2 2 2 127 6273 8841 8750
15069 2 2 2 127 7204 7424 7206
15070 2 2 2 127 6610 8395 6012
15071 2 2 2 127 7228 7440 7230
15072 2 2 2 127 6599 8742 5999
15073 2 2 2 127 6511 8884 8144
15074 2 2 2 127 7211 7221 7209
15075 2 2 2 127 6815 8849 6174
15076 2 2 2 127 6336 8735 6251
15077 2 2 2 127 595 8374 596
15078 2 2 2 127 5357 8362 408
15079 2 2 2 127 7420 8484 7688
15080 2 2 2 127 6042 8666 8023
15081 2 2 2 127 7160 7168 7158
15082 2 2 2 127 8253 8511 5697
15083 2 2 2 127 7863 8305 7358
15084 2 2 2 127 7501 7806 7555
15085 2 2 2 127 5911 8917 6786
15086 2 2 2 127 7009 7011 7007
15087 2 2 2 127 7449 7450 7030
15088 2 2 2 127 6212 8432 6213
15089 2 2 2 127 5723 8883 6575
15090 2 2 2 127 5724 8882 6574
15091 2 2 2 127 6580 8467 5762
15092 2 2 2 127 7249 7649 6209
15093 2 2 2 127 6028 8411 6886
15094 2 2 2 127 6796 7673 7311
15095 2 2 2 127 5496 8175 6771
15096 2 2 2 127 6810 8853 6016
15097 2 2 2 127 6907 7196 1864
15098 2 2 2 127 7169 7779 7168
15099 2 2 2 127 6814 8855 6017
15100 2 2 2 127 5559 8380 6632
15101 2 2 2 127 55 8329 5370
15102 2 2 2 127 6575 8883 6235
15103 2 2 2 127 6574 8882 6236
15104 2 2 2 127 6206 8351 5777
15105 2 2 2 127 7522 8500 7811
15106 2 2 2 127 1720 8590 1730
15107 2 2 2 127 206 8412 207
15108 2 2 2 127 6377 8383 2069
15109 2 2 2 127 6404 7176 1862
15110 2 2 2 127 8172 8820 7717
15111 2 2 2 127 8060 8768 8337
15112 2 2 2 127 8000 8523 7278
15113 2 2 2 127 7050 8178 7051
15114 2 2 2 127 7475 7992 7766
15115 2 2 2 127 7131 7913 7560
15116 2 2 2 127 838 8505 839
15117 2 2 2 127 8835 8902 7904
15118 2 2 2 127 1398 8506 1399
15119 2 2 2 127 7108 7109 7107
15120 2 2 2 127 7591 7592 7095
15121 2 2 2 127 7104 8528 7106
15122 2 2 2 127 6407 9027 1526
15123 2 2 2 127 6403 9028 966
15124 2 2 2 127 7475 7766 7722
15125 2 2 2 127 7731 8271 7730
15126 2 2 2 127 7073 8227 7043
15127 2 2 2 127 7122 8486 7689
15128 2 2 2 127 8405 8406 7981
15129 2 2 2 127 6680 8403 6013
15130 2 2 2 127 7500 8234 7494
15131 2 2 2 127 5764 8212 6804
15132 2 2 2 127 7131 7560 6317
15133 2 2 2 127 6333 8398 6107
15134 2 2 2 127 7110 7112 7109
15135 2 2 2 127 7713 8063 7851
15136 2 2 2 127 6820 8858 6015
15137 2 2 2 127 1608 8605 1618
15138 2 2 2 127 5502 8461 6765
15139 2 2 2 127 7770 8248 7445
15140 2 2 2 127 6052 7739 7227
15141 2 2 2 127 19 9008 8641
15142 2 2 2 127 5503 8466 6769
15143 2 2 2 127 5696 8517 7995
15144 2 2 2 127 7199 7572 7200
15145 2 2 2 127 6038 8176 6832
15146 2 2 2 127 6583 8780 6062
15147 2 2 2 127 6154 9051 5362
15148 2 2 2 127 89 9009 8650
15149 2 2 2 127 6268 8397 6352
15150 2 2 2 127 1234 8390 5368
15151 2 2 2 127 7060 7064 7059
15152 2 2 2 127 6584 8402 5951
15153 2 2 2 127 7731 7961 7526
15154 2 2 2 127 6933 7078 6931
15155 2 2 2 127 6512 8408 5755
15156 2 2 2 127 6375 8889 6373
15157 2 2 2 127 6137 8864 8185
15158 2 2 2 127 6236 8600 6574
15159 2 2 2 127 6235 8601 6575
15160 2 2 2 127 6758 8333 6255
15161 2 2 2 127 6249 8767 8187
15162 2 2 2 127 5939 8472 6772
15163 2 2 2 127 6298 8401 6299
15164 2 2 2 127 1490 7684 1491
15165 2 2 2 127 7527 8014 5929
15166 2 2 2 127 6056 8473 6773
15167 2 2 2 127 7401 8443 7400
15168 2 2 2 127 6849 8875 5668
15169 2 2 2 127 7718 8914 7439
15170 2 2 2 127 68 9024 8640
15171 2 2 2 127 6640 8418 5737
15172 2 2 2 127 446 8965 6829
15173 2 2 2 127 7584 7585 7582
15174 2 2 2 127 90 9043 1400
15175 2 2 2 127 33 9026 8642
15176 2 2 2 127 7256 9045 8132
15177 2 2 2 127 8134 8166 6344
15178 2 2 2 127 6183 8166 8134
15179 2 2 2 127 7854 8107 7355
15180 2 2 2 127 7051 8178 7054
15181 2 2 2 127 6863 8629 6176
15182 2 2 2 127 5343 8816 6587
15183 2 2 2 127 6907 8779 7661
15184 2 2 2 127 7907 9036 5791
15185 2 2 2 127 5822 8589 6263
15186 2 2 2 127 7552 7566 6940
15187 2 2 2 127 70 6955 1232
15188 2 2 2 127 1325 8382 1157
15189 2 2 2 127 1885 8381 1941
15190 2 2 2 127 951 8413 5494
15191 2 2 2 127 5817 8085 5818
15192 2 2 2 127 6904 7210 7209
15193 2 2 2 127 7333 8140 7334
15194 2 2 2 127 5840 8999 5841
15195 2 2 2 127 6786 8917 6271
15196 2 2 2 127 8289 8290 6219
15197 2 2 2 127 7513 8943 7961
15198 2 2 2 127 1978 7057 1979
15199 2 2 2 127 8105 8574 5946
15200 2 2 2 127 5886 7929 6956
15201 2 2 2 127 6806 8961 6279
15202 2 2 2 127 6404 7930 7176
15203 2 2 2 127 8897 8918 6321
15204 2 2 2 127 6205 8426 5906
15205 2 2 2 127 7121 8059 7091
15206 2 2 2 127 8020 8979 6191
15207 2 2 2 127 6173 8533 6811
15208 2 2 2 127 6851 7219 6277
15209 2 2 2 127 7265 7317 7266
15210 2 2 2 127 8345 8795 7698
15211 2 2 2 127 7958 8228 6917
15212 2 2 2 127 2111 8673 124
15213 2 2 2 127 6796 7311 5446
15214 2 2 2 127 6998 8006 7038
15215 2 2 2 127 5995 8319 6026
15216 2 2 2 127 7265 7659 7317
15217 2 2 2 127 6426 8455 5954
15218 2 2 2 127 5680 8444 5683
15219 2 2 2 127 7402 7403 7401
15220 2 2 2 127 7320 7324 7322
15221 2 2 2 127 7128 7657 7050
15222 2 2 2 127 5921 8314 8001
15223 2 2 2 127 6893 7567 7175
15224 2 2 2 127 7407 8993 8102
15225 2 2 2 127 7546 8151 7830
15226 2 2 2 127 7059 8430 7825
15227 2 2 2 127 8203 8938 5730
15228 2 2 2 127 7647 8534 7629
15229 2 2 2 127 7356 7357 7113
15230 2 2 2 127 7504 7724 7375
15231 2 2 2 127 34 8736 656
15232 2 2 2 127 8020 8558 5859
15233 2 2 2 127 6395 8451 6330
15234 2 2 2 127 7872 8066 6895
15235 2 2 2 127 8394 8631 387
15236 2 2 2 127 8393 8632 163
15237 2 2 2 127 8310 8949 7545
15238 2 2 2 127 6016 8625 6810
15239 2 2 2 127 5803 8229 7061
15240 2 2 2 127 7539 8032 7789
15241 2 2 2 127 7000 7543 6021
15242 2 2 2 127 7033 8143 7898
15243 2 2 2 127 7299 7565 7276
15244 2 2 2 127 7591 7593 7592
15245 2 2 2 127 7970 8544 7255
15246 2 2 2 127 7199 7817 7572
15247 2 2 2 127 6332 8453 6331
15248 2 2 2 127 7902 8955 6945
15249 2 2 2 127 6559 8440 505
15250 2 2 2 127 6558 8441 281
15251 2 2 2 127 6207 8577 7863
15252 2 2 2 127 7073 8520 8227
15253 2 2 2 127 7046 7073 7043
15254 2 2 2 127 2092 7530 7454
15255 2 2 2 127 5754 8666 6042
15256 2 2 2 127 7342 8140 7709
15257 2 2 2 127 5748 8504 6612
15258 2 2 2 127 8062 8775 5889
15259 2 2 2 127 7880 9020 8040
15260 2 2 2 127 7870 8630 8125
15261 2 2 2 127 6925 9030 7798
15262 2 2 2 127 6108 8244 8031
15263 2 2 2 127 5573 8854 6108
15264 2 2 2 127 5775 8668 6045
15265 2 2 2 127 7471 8852 8829
15266 2 2 2 127 7307 7690 6770
15267 2 2 2 127 7172 8184 7917
15268 2 2 2 127 7889 7890 7457
15269 2 2 2 127 7618 8370 7920
15270 2 2 2 127 7428 8131 7720
15271 2 2 2 127 5514 8477 6180
15272 2 2 2 127 5515 8478 6181
15273 2 2 2 127 188 8516 5519
15274 2 2 2 127 7183 7184 7040
15275 2 2 2 127 7386 8835 7382
15276 2 2 2 127 7346 7348 7347
15277 2 2 2 127 7022 7128 7050
15278 2 2 2 127 7324 7542 7361
15279 2 2 2 127 8270 8897 5500
15280 2 2 2 127 6151 8741 5507
15281 2 2 2 127 7056 7570 7569
15282 2 2 2 127 6220 8665 8302
15283 2 2 2 127 6 9025 208
15284 2 2 2 127 7928 8763 7463
15285 2 2 2 127 7087 8103 7086
15286 2 2 2 127 2015 8773 118
15287 2 2 2 127 5517 8451 6756
15288 2 2 2 127 1455 8774 83
15289 2 2 2 127 7795 7796 7561
15290 2 2 2 127 1064 8565 8119
15291 2 2 2 127 7559 7793 5780
15292 2 2 2 127 7219 7222 6277
15293 2 2 2 127 7128 7866 7657
15294 2 2 2 127 7186 7841 7767
15295 2 2 2 127 7661 8714 7856
15296 2 2 2 127 7470 8027 7466
15297 2 2 2 127 7518 8053 7893
15298 2 2 2 127 5937 7574 7253
15299 2 2 2 127 7106 8528 7111
15300 2 2 2 127 7762 8278 7315
15301 2 2 2 127 7062 7577 5975
15302 2 2 2 127 5990 7874 7873
15303 2 2 2 127 7631 8587 7630
15304 2 2 2 127 7464 7523 7419
15305 2 2 2 127 6970 7409 990
15306 2 2 2 127 7286 7614 7293
15307 2 2 2 127 7889 8947 7410
15308 2 2 2 127 5944 7948 7041
15309 2 2 2 127 7649 9048 6209
15310 2 2 2 127 7049 8124 6986
15311 2 2 2 127 7317 7910 7266
15312 2 2 2 127 8191 8820 7344
15313 2 2 2 127 7622 8785 8544
15314 2 2 2 127 1378 6939 1379
15315 2 2 2 127 6356 8507 6200
15316 2 2 2 127 6355 8508 6201
15317 2 2 2 127 7801 7802 7203
15318 2 2 2 127 6180 8477 8303
15319 2 2 2 127 6181 8478 8304
15320 2 2 2 127 7117 7969 7116
15321 2 2 2 127 5934 7469 7468
15322 2 2 2 127 7475 7476 7474
15323 2 2 2 127 7372 7374 7371
15324 2 2 2 127 6392 8499 6189
15325 2 2 2 127 7998 8294 6067
15326 2 2 2 127 7342 7709 7364
15327 2 2 2 127 8273 9042 7624
15328 2 2 2 127 1156 8877 1157
15329 2 2 2 127 1940 8876 1941
15330 2 2 2 127 7904 8902 7075
15331 2 2 2 127 7867 8604 7787
15332 2 2 2 127 5697 8511 6159
15333 2 2 2 127 7692 7693 7448
15334 2 2 2 127 6900 8784 1961
15335 2 2 2 127 6139 8816 6302
15336 2 2 2 127 1325 8877 1326
15337 2 2 2 127 1885 8876 1886
15338 2 2 2 127 6775 8991 6165
15339 2 2 2 127 5894 8713 5895
15340 2 2 2 127 7095 8684 1959
15341 2 2 2 127 7041 7158 7157
15342 2 2 2 127 7452 7895 7453
15343 2 2 2 127 6303 8489 6222
15344 2 2 2 127 7054 7058 7055
15345 2 2 2 127 8332 8776 5830
15346 2 2 2 127 7056 7568 6003
15347 2 2 2 127 6606 8529 5828
15348 2 2 2 127 6208 8517 6420
15349 2 2 2 127 483 8531 484
15350 2 2 2 127 6980 8940 6982
15351 2 2 2 127 7915 8139 7166
15352 2 2 2 127 8419 8881 5373
15353 2 2 2 127 8428 8430 7068
15354 2 2 2 127 7586 7587 7585
15355 2 2 2 127 6306 8912 6876
15356 2 2 2 127 7722 7723 7476
15357 2 2 2 127 7762 7788 7736
15358 2 2 2 127 6138 8752 6429
15359 2 2 2 127 7241 7527 5929
15360 2 2 2 127 5841 8999 5846
15361 2 2 2 127 7300 7963 7807
15362 2 2 2 127 7424 7426 7425
15363 2 2 2 127 6112 7932 7026
15364 2 2 2 127 5351 8037 1119
15365 2 2 2 127 8202 8556 6215
15366 2 2 2 127 7111 8528 7812
15367 2 2 2 127 7807 8686 7341
15368 2 2 2 127 7251 7252 5761
15369 2 2 2 127 7360 7828 7359
15370 2 2 2 127 7979 8750 6136
15371 2 2 2 127 7216 7217 5833
15372 2 2 2 127 8111 8695 6048
15373 2 2 2 127 7289 7294 7292
15374 2 2 2 127 7276 8190 7277
15375 2 2 2 127 5949 8894 6102
15376 2 2 2 127 7550 8636 8343
15377 2 2 2 127 5659 8953 6604
15378 2 2 2 127 8038 8777 7600
15379 2 2 2 127 7769 8240 8226
15380 2 2 2 127 7080 8150 6902
15381 2 2 2 127 6548 8926 6547
15382 2 2 2 127 7132 8784 7771
15383 2 2 2 127 6641 8549 5652
15384 2 2 2 127 7771 7953 7603
15385 2 2 2 127 765 8828 766
15386 2 2 2 127 7727 7902 7542
15387 2 2 2 127 7185 7186 7184
15388 2 2 2 127 6880 8182 6157
15389 2 2 2 127 7534 7538 7537
15390 2 2 2 127 7576 7697 7667
15391 2 2 2 127 5748 8606 8504
15392 2 2 2 127 5347 7316 6019
15393 2 2 2 127 7812 8262 7629
15394 2 2 2 127 7232 7235 7234
15395 2 2 2 127 6343 8875 6245
15396 2 2 2 127 6190 8210 8001
15397 2 2 2 127 7294 7319 7295
15398 2 2 2 127 6605 8553 6115
15399 2 2 2 127 7126 9049 8200
15400 2 2 2 127 8102 8329 7611
15401 2 2 2 127 1490 7685 7684
15402 2 2 2 127 7392 7394 7393
15403 2 2 2 127 6517 8869 6113
15404 2 2 2 127 8034 8512 5832
15405 2 2 2 127 7035 8215 7118
15406 2 2 2 127 7134 7147 7135
15407 2 2 2 127 7460 7461 7386
15408 2 2 2 127 8616 8911 704
15409 2 2 2 127 8618 8910 256
15410 2 2 2 127 1236 8970 6847
15411 2 2 2 127 7834 8930 7623
15412 2 2 2 127 7911 8392 7593
15413 2 2 2 127 6097 8834 5678
15414 2 2 2 127 8132 8843 7720
15415 2 2 2 127 7030 8486 5793
15416 2 2 2 127 7568 8229 6003
15417 2 2 2 127 7083 7125 7124
15418 2 2 2 127 5520 8301 6831
15419 2 2 2 127 8237 8741 6151
15420 2 2 2 127 6918 8228 6921
15421 2 2 2 127 6106 8913 8280
15422 2 2 2 127 7315 8310 7788
15423 2 2 2 127 6811 8533 5551
15424 2 2 2 127 6257 9005 8171
15425 2 2 2 127 6985 8092 6984
15426 2 2 2 127 7257 7360 7359
15427 2 2 2 127 7091 8059 7097
15428 2 2 2 127 6664 8735 6336
15429 2 2 2 127 7426 7901 7711
15430 2 2 2 127 7865 8436 8379
15431 2 2 2 127 8030 8880 6202
15432 2 2 2 127 7824 8590 1720
15433 2 2 2 127 7498 7499 7497
15434 2 2 2 127 8165 8539 7120
15435 2 2 2 127 7395 7396 7393
15436 2 2 2 127 6658 8564 6183
15437 2 2 2 127 7058 7060 7059
15438 2 2 2 127 7327 7330 7329
15439 2 2 2 127 6806 8561 537
15440 2 2 2 127 7726 8376 7319
15441 2 2 2 127 7166 8139 7605
15442 2 2 2 127 1081 8579 1082
15443 2 2 2 127 1641 8580 1642
15444 2 2 2 127 8796 9003 7225
15445 2 2 2 127 7615 8500 7522
15446 2 2 2 127 6226 8793 6225
15447 2 2 2 127 6555 8975 6329
15448 2 2 2 127 6281 8573 6652
15449 2 2 2 127 7336 7622 7335
15450 2 2 2 127 7597 8069 7193
15451 2 2 2 127 6855 8280 5991
15452 2 2 2 127 7468 8447 6211
15453 2 2 2 127 840 8585 841
15454 2 2 2 127 6057 8570 5377
15455 2 2 2 127 1063 8565 1064
15456 2 2 2 127 8379 8436 7227
15457 2 2 2 127 6279 8561 6806
15458 2 2 2 127 8240 9038 7658
15459 2 2 2 127 7732 8785 7634
15460 2 2 2 127 7473 7539 7461
15461 2 2 2 127 8236 8243 6529
15462 2 2 2 127 8370 8626 7778
15463 2 2 2 127 6104 8591 6546
15464 2 2 2 127 8093 8354 747
15465 2 2 2 127 8094 8355 1307
15466 2 2 2 127 5925 8597 6659
15467 2 2 2 127 8299 8300 7076
15468 2 2 2 127 8166 8564 6304
15469 2 2 2 127 6638 8606 5748
15470 2 2 2 127 7274 7299 7276
15471 2 2 2 127 7512 8945 7961
15472 2 2 2 127 7630 8587 8369
15473 2 2 2 127 7885 9051 6154
15474 2 2 2 127 7360 7829 7828
15475 2 2 2 127 1065 8608 5520
15476 2 2 2 127 1999 8886 6008
15477 2 2 2 127 1011 8579 6883
15478 2 2 2 127 5435 8576 7863
15479 2 2 2 127 8529 8706 5828
15480 2 2 2 127 6957 8128 6996
15481 2 2 2 127 6034 8583 6338
15482 2 2 2 127 6230 8705 6634
15483 2 2 2 127 7906 8127 7032
15484 2 2 2 127 7834 8605 1608
15485 2 2 2 127 6875 7519 5437
15486 2 2 2 127 6645 8942 5751
15487 2 2 2 127 7831 9030 6925
15488 2 2 2 127 7360 8277 7829
15489 2 2 2 127 7531 7547 7530
15490 2 2 2 127 7218 7625 7217
15491 2 2 2 127 5546 8363 7250
15492 2 2 2 127 8619 9031 1040
15493 2 2 2 127 8620 9032 1824
15494 2 2 2 127 8501 8850 7604
15495 2 2 2 127 7553 8448 8299
15496 2 2 2 127 7828 8781 7016
15497 2 2 2 127 5946 8574 7948
15498 2 2 2 127 1458 7551 6940
15499 2 2 2 127 7193 8069 7192
15500 2 2 2 127 8200 9049 7167
15501 2 2 2 127 7397 7398 7396
15502 2 2 2 127 7806 7807 7555
15503 2 2 2 127 7472 7836 7471
15504 2 2 2 127 5714 8926 8762
15505 2 2 2 127 7836 8811 7446
15506 2 2 2 127 6337 8819 6879
15507 2 2 2 127 6943 8358 7902
15508 2 2 2 127 7385 7386 7382
15509 2 2 2 127 7614 7646 7293
15510 2 2 2 127 7457 7890 7458
15511 2 2 2 127 6654 8634 5880
15512 2 2 2 127 7529 8098 8038
15513 2 2 2 127 7954 8370 7778
15514 2 2 2 127 6956 7955 5888
15515 2 2 2 127 5501 8752 6613
15516 2 2 2 127 7546 8152 8151
15517 2 2 2 127 6541 8810 1661
15518 2 2 2 127 6595 8904 6214
15519 2 2 2 127 7641 9001 7640
15520 2 2 2 127 1264 8887 5788
15521 2 2 2 127 6364 8917 5911
15522 2 2 2 127 8549 8889 5652
15523 2 2 2 127 7239 7314 7242
15524 2 2 2 127 7488 7489 7486
15525 2 2 2 127 7190 8089 7084
15526 2 2 2 127 1349 8887 8623
15527 2 2 2 127 7235 7860 7318
15528 2 2 2 127 7556 7851 5790
15529 2 2 2 127 7656 8160 7188
15530 2 2 2 127 7659 7893 7317
15531 2 2 2 127 7370 7371 7368
15532 2 2 2 127 6810 8625 6272
15533 2 2 2 127 1271 8593 6452
15534 2 2 2 127 2055 8594 6453
15535 2 2 2 127 7566 8330 6940
15536 2 2 2 127 5737 8735 6664
15537 2 2 2 127 7348 7362 7350
15538 2 2 2 127 6865 8991 5901
15539 2 2 2 127 7363 7648 7647
15540 2 2 2 127 8232 8233 7144
15541 2 2 2 127 7575 7576 7067
15542 2 2 2 127 7281 7285 7283
15543 2 2 2 127 7133 7134 7101
15544 2 2 2 127 7078 9042 8273
15545 2 2 2 127 7429 7988 7430
15546 2 2 2 127 6144 8671 6333
15547 2 2 2 127 6513 8697 6514
15548 2 2 2 127 7617 8963 7142
15549 2 2 2 127 7297 8972 8281
15550 2 2 2 127 7100 7101 7024
15551 2 2 2 127 7344 8820 8172
15552 2 2 2 127 7661 8101 7660
15553 2 2 2 127 7110 7113 7112
15554 2 2 2 127 7359 8095 7258
15555 2 2 2 127 6828 8772 6082
15556 2 2 2 127 1790 8687 1791
15557 2 2 2 127 7374 7378 7377
15558 2 2 2 127 5864 8595 5865
15559 2 2 2 127 7188 8160 7187
15560 2 2 2 127 7544 8535 7867
15561 2 2 2 127 8355 8670 6247
15562 2 2 2 127 7527 8555 8014
15563 2 2 2 127 6835 8367 5353
15564 2 2 2 127 6636 8740 5693
15565 2 2 2 127 7235 7318 7236
15566 2 2 2 127 7680 8709 7940
15567 2 2 2 127 7299 7717 7565
15568 2 2 2 127 7075 8065 6869
15569 2 2 2 127 7490 7505 7489
15570 2 2 2 127 7579 8058 5932
15571 2 2 2 127 7061 7515 7514
15572 2 2 2 127 7192 8069 7728
15573 2 2 2 127 7541 7721 7527
15574 2 2 2 127 7204 7206 7205
15575 2 2 2 127 7270 7306 7272
15576 2 2 2 127 6996 8336 6951
15577 2 2 2 127 7799 8813 7955
15578 2 2 2 127 8182 8348 6184
15579 2 2 2 127 5654 8904 6595
15580 2 2 2 127 5368 8390 7927
15581 2 2 2 127 5369 8051 7556
15582 2 2 2 127 7911 8688 7135
15583 2 2 2 127 7330 7423 7331
15584 2 2 2 127 7963 8672 7555
15585 2 2 2 127 7586 8545 7587
15586 2 2 2 127 5671 8699 6124
15587 2 2 2 127 5460 8272 8146
15588 2 2 2 127 6289 8807 6186
15589 2 2 2 127 6142 8442 6866
15590 2 2 2 127 7106 7108 7107
15591 2 2 2 127 6268 8863 8397
15592 2 2 2 127 6780 7750 7749
15593 2 2 2 127 5903 8436 6577
15594 2 2 2 127 7108 7110 7109
15595 2 2 2 127 6695 7580 7579
15596 2 2 2 127 7629 8262 7854
15597 2 2 2 127 6188 8532 8291
15598 2 2 2 127 5828 8706 5829
15599 2 2 2 127 7409 8198 7410
15600 2 2 2 127 6147 8711 5448
15601 2 2 2 127 7564 8592 7826
15602 2 2 2 127 5781 8447 7559
15603 2 2 2 127 7222 8786 6277
15604 2 2 2 127 8132 9045 7233
15605 2 2 2 127 6524 8805 5679
15606 2 2 2 127 8029 8892 5569
15607 2 2 2 127 707 8745 6551
15608 2 2 2 127 259 8746 6552
15609 2 2 2 127 339 8748 6550
15610 2 2 2 127 787 8749 6549
15611 2 2 2 127 6556 8881 6221
15612 2 2 2 127 7149 8089 7637
15613 2 2 2 127 7444 7445 7223
15614 2 2 2 127 7205 8265 7202
15615 2 2 2 127 7672 8223 7671
15616 2 2 2 127 7618 7770 7445
15617 2 2 2 127 7678 7731 7543
15618 2 2 2 127 7104 7106 7105
15619 2 2 2 127 6955 7429 1232
15620 2 2 2 127 5934 8058 7469
15621 2 2 2 127 8097 8224 7510
15622 2 2 2 127 6971 7459 1006
15623 2 2 2 127 7557 7703 7541
15624 2 2 2 127 7809 7810 7757
15625 2 2 2 127 7593 7594 7592
15626 2 2 2 127 6852 8837 6004
15627 2 2 2 127 7353 7356 7113
15628 2 2 2 127 8018 8824 5490
15629 2 2 2 127 6872 8421 6168
15630 2 2 2 127 7424 8669 7426
15631 2 2 2 127 5926 8770 5928
15632 2 2 2 127 6682 8892 6193
15633 2 2 2 127 7403 7712 7405
15634 2 2 2 127 6314 8683 6688
15635 2 2 2 127 6004 8837 2114
15636 2 2 2 127 7054 8178 7146
15637 2 2 2 127 7724 8452 7375
15638 2 2 2 127 7519 7790 5437
15639 2 2 2 127 6176 8629 6857
15640 2 2 2 127 6961 8135 6959
15641 2 2 2 127 6175 9005 5418
15642 2 2 2 127 8193 8954 6248
15643 2 2 2 127 7373 7375 7372
15644 2 2 2 127 7970 8562 7349
15645 2 2 2 127 5868 8405 5869
15646 2 2 2 127 6939 7474 1379
15647 2 2 2 127 8236 8447 5781
15648 2 2 2 127 8115 8117 7872
15649 2 2 2 127 6183 8564 8166
15650 2 2 2 127 7244 7305 7247
15651 2 2 2 127 5419 8874 5812
15652 2 2 2 127 7937 8976 8137
15653 2 2 2 127 5750 8879 6638
15654 2 2 2 127 7063 8154 5983
15655 2 2 2 127 7024 7932 6074
15656 2 2 2 127 6875 8896 6043
15657 2 2 2 127 2094 8628 2104
15658 2 2 2 127 5765 8817 1454
15659 2 2 2 127 5766 8818 2014
15660 2 2 2 127 6167 8842 434
15661 2 2 2 127 7593 8392 7594
15662 2 2 2 127 7964 7965 7351
15663 2 2 2 127 7394 7399 7395
15664 2 2 2 127 7938 7939 7748
15665 2 2 2 127 7511 7681 7524
15666 2 2 2 127 6170 8846 1890
15667 2 2 2 127 7771 8158 7953
15668 2 2 2 127 5553 8891 5549
15669 2 2 2 127 6858 8597 6239
15670 2 2 2 127 7007 8414 6985
15671 2 2 2 127 6030 9027 8110
15672 2 2 2 127 6029 9028 8109
15673 2 2 2 127 7865 8379 8378
15674 2 2 2 127 6311 9006 6766
15675 2 2 2 127 7734 7735 7696
15676 2 2 2 127 6648 8809 6070
15677 2 2 2 127 7814 9017 7643
15678 2 2 2 127 5830 8776 5827
15679 2 2 2 127 6173 8848 546
15680 2 2 2 127 7514 8635 5804
15681 2 2 2 127 5871 8946 5873
15682 2 2 2 127 6174 8849 2002
15683 2 2 2 127 7870 8125 8124
15684 2 2 2 127 6984 8092 7018
15685 2 2 2 127 7677 8569 7989
15686 2 2 2 127 7843 8284 7168
15687 2 2 2 127 7874 7876 7875
15688 2 2 2 127 6259 8815 6238
15689 2 2 2 127 7309 7312 7310
15690 2 2 2 127 6286 8903 6285
15691 2 2 2 127 5665 8832 5663
15692 2 2 2 127 6951 8336 6950
15693 2 2 2 127 8365 9039 2152
15694 2 2 2 127 7594 8862 7595
15695 2 2 2 127 5677 8819 5538
15696 2 2 2 127 6157 8675 7983
15697 2 2 2 127 6158 8676 7982
15698 2 2 2 127 5667 8884 6629
15699 2 2 2 127 7017 8268 6941
15700 2 2 2 127 5534 8821 5533
15701 2 2 2 127 7571 8839 7679
15702 2 2 2 127 6016 8853 1778
15703 2 2 2 127 7910 8454 7268
15704 2 2 2 127 1795 8580 7985
15705 2 2 2 127 6017 8855 1554
15706 2 2 2 127 8246 8956 8095
15707 2 2 2 127 6245 8875 6849
15708 2 2 2 127 7312 7313 7310
15709 2 2 2 127 7086 8103 7143
15710 2 2 2 127 6644 8864 6137
15711 2 2 2 127 6338 8583 8287
15712 2 2 2 127 5652 8889 6637
15713 2 2 2 127 7081 8089 7149
15714 2 2 2 127 8297 8311 7422
15715 2 2 2 127 7937 7938 7800
15716 2 2 2 127 6899 7380 1977
15717 2 2 2 127 6015 8858 1442
15718 2 2 2 127 7950 8048 7515
15719 2 2 2 127 7501 7502 7500
15720 2 2 2 127 6335 8970 5881
15721 2 2 2 127 7972 8568 7677
15722 2 2 2 127 7210 7212 7211
15723 2 2 2 127 7800 8976 7937
15724 2 2 2 127 6838 9010 5773
15725 2 2 2 127 6321 8918 429
15726 2 2 2 127 7357 8090 7113
15727 2 2 2 127 8129 8977 6304
15728 2 2 2 127 7954 8795 7338
15729 2 2 2 127 5847 8913 6106
15730 2 2 2 127 7060 7067 7064
15731 2 2 2 127 5520 8934 1066
15732 2 2 2 127 5492 8259 8023
15733 2 2 2 127 8664 8715 7459
15734 2 2 2 127 7409 8340 8198
15735 2 2 2 127 5715 8925 6587
15736 2 2 2 127 7798 9030 8404
15737 2 2 2 127 7427 9038 8240
15738 2 2 2 127 7690 8595 6770
15739 2 2 2 127 5449 8890 6421
15740 2 2 2 127 5500 8897 338
15741 2 2 2 127 7920 8825 7456
15742 2 2 2 127 7398 7402 7401
15743 2 2 2 127 5990 8860 7874
15744 2 2 2 127 7888 8923 7508
15745 2 2 2 127 6907 7660 7196
15746 2 2 2 127 7819 8409 7782
15747 2 2 2 127 6279 8961 5856
15748 2 2 2 127 7203 7204 7202
15749 2 2 2 127 6536 8878 5506
15750 2 2 2 127 8200 8862 7126
15751 2 2 2 127 7987 8743 7645
15752 2 2 2 127 5838 9016 5835
15753 2 2 2 127 5702 9034 5704
15754 2 2 2 127 5854 8909 5852
15755 2 2 2 127 5722 7865 7226
15756 2 2 2 127 6125 8890 8035
15757 2 2 2 127 7783 8099 7224
15758 2 2 2 127 6607 8964 5820
15759 2 2 2 127 6942 8396 6998
15760 2 2 2 127 5913 8967 6613
15761 2 2 2 127 5758 8865 5759
15762 2 2 2 127 5371 9014 5758
15763 2 2 2 127 7443 7444 7223
15764 2 2 2 127 5406 9021 5772
15765 2 2 2 127 6123 8965 5795
15766 2 2 2 127 8124 8125 6986
15767 2 2 2 127 5466 8982 5942
15768 2 2 2 127 7293 8286 7287
15769 2 2 2 127 8085 8086 7750
15770 2 2 2 127 7297 8281 8027
15771 2 2 2 127 5826 8962 6606
15772 2 2 2 127 7281 8190 7285
15773 2 2 2 127 1401 9043 8269
15774 2 2 2 127 5730 8938 5732
15775 2 2 2 127 7127 7411 2089
15776 2 2 2 127 7252 8060 5761
15777 2 2 2 127 8001 8314 6190
15778 2 2 2 127 6197 8583 8422
15779 2 2 2 127 7760 7761 6002
15780 2 2 2 127 5805 8968 5471
15781 2 2 2 127 5937 8337 7574
15782 2 2 2 127 6597 8989 5874
15783 2 2 2 127 5917 8189 8188
15784 2 2 2 127 6360 9011 5436
15785 2 2 2 127 7507 7913 7131
15786 2 2 2 127 5452 8941 5808
15787 2 2 2 127 6931 8273 6927
15788 2 2 2 127 7598 8389 7841
15789 2 2 2 127 6424 9013 6425
15790 2 2 2 127 7817 8276 7572
15791 2 2 2 127 7851 8063 5790
15792 2 2 2 127 8480 8538 7214
15793 2 2 2 127 7793 8074 5780
15794 2 2 2 127 7605 8139 7609
15795 2 2 2 127 7219 7223 7222
15796 2 2 2 127 8378 8379 7695
15797 2 2 2 127 8337 8768 7574
15798 2 2 2 127 8125 8630 6979
15799 2 2 2 127 5398 8205 8126
15800 2 2 2 127 7807 7963 7555
15801 2 2 2 127 6921 8228 7034
15802 2 2 2 127 6308 8530 8260
15803 2 2 2 127 8024 9004 8025
15804 2 2 2 127 6136 8750 6769
15805 2 2 2 127 1959 8684 1960
15806 2 2 2 127 7907 8235 7739
15807 2 2 2 127 5347 8554 8137
15808 2 2 2 127 5915 9012 5416
15809 2 2 2 127 7202 8265 6905
15810 2 2 2 127 7426 8680 7901
15811 2 2 2 127 7563 8150 7080
15812 2 2 2 127 8941 8974 5808
15813 2 2 2 127 7918 7919 7519
15814 2 2 2 127 7356 7924 7357
15815 2 2 2 127 7092 8170 7933
15816 2 2 2 127 8149 8509 7352
15817 2 2 2 127 7497 7554 7496
15818 2 2 2 127 6514 8697 8603
15819 2 2 2 127 8006 8396 7923
15820 2 2 2 127 8685 8798 7968
15821 2 2 2 127 7723 7883 7882
15822 2 2 2 127 7187 8160 7701
15823 2 2 2 127 8260 8530 5512
15824 2 2 2 127 8279 8367 6179
15825 2 2 2 127 7808 8513 7246
15826 2 2 2 127 7290 7880 7879
15827 2 2 2 127 6684 8996 5977
15828 2 2 2 127 8757 8919 6342
15829 2 2 2 127 7250 7967 7925
15830 2 2 2 127 7084 8089 7081
15831 2 2 2 127 7559 7914 7793
15832 2 2 2 127 6944 8396 6942
15833 2 2 2 127 8153 8919 5518
15834 2 2 2 127 7756 7938 7937
15835 2 2 2 127 8465 8839 7571
15836 2 2 2 127 6686 9028 6403
15837 2 2 2 127 6687 9027 6407
15838 2 2 2 127 7011 8414 7007
15839 2 2 2 127 1941 8876 1885
15840 2 2 2 127 1157 8877 1325
15841 2 2 2 127 7961 8943 7512
15842 2 2 2 127 6141 8658 8046
15843 2 2 2 127 6328 9022 5409
15844 2 2 2 127 7311 7795 7561
15845 2 2 2 127 7479 8557 8100
15846 2 2 2 127 7125 7173 7139
15847 2 2 2 127 6238 8815 6821
15848 2 2 2 127 7533 7535 7532
15849 2 2 2 127 7503 7504 7375
15850 2 2 2 127 6786 8713 6382
15851 2 2 2 127 5935 8290 8289
15852 2 2 2 127 8206 8787 6261
15853 2 2 2 127 7237 8364 5354
15854 2 2 2 127 6093 8368 7991
15855 2 2 2 127 5930 8998 6694
15856 2 2 2 127 484 8531 8321
15857 2 2 2 127 7337 7349 7346
15858 2 2 2 127 6659 8597 6858
15859 2 2 2 127 6840 8958 5701
15860 2 2 2 127 8231 8232 7810
15861 2 2 2 127 6697 8929 6091
15862 2 2 2 127 7878 9020 7882
15863 2 2 2 127 7078 8400 8267
15864 2 2 2 127 7744 7745 7738
15865 2 2 2 127 8128 8135 7763
15866 2 2 2 127 8434 9051 7885
15867 2 2 2 127 7254 7496 7252
15868 2 2 2 127 7698 8795 7954
15869 2 2 2 127 7475 7722 7476
15870 2 2 2 127 7857 8959 7474
15871 2 2 2 127 7877 8737 8040
15872 2 2 2 127 7621 8563 7901
15873 2 2 2 127 7335 7337 7313
15874 2 2 2 127 7442 8905 7866
15875 2 2 2 127 7362 8033 7835
15876 2 2 2 127 7396 8340 7393
15877 2 2 2 127 7246 8173 6383
15878 2 2 2 127 7216 7218 7217
15879 2 2 2 127 5461 8602 6805
15880 2 2 2 127 7424 7425 7206
15881 2 2 2 127 7426 7711 7425
15882 2 2 2 127 5832 8512 5831
15883 2 2 2 127 7107 8839 7105
15884 2 2 2 127 7929 7972 6956
15885 2 2 2 127 5927 7978 7241
15886 2 2 2 127 5356 8240 7658
15887 2 2 2 127 7402 8082 7403
15888 2 2 2 127 7348 7844 7362
15889 2 2 2 127 7370 7372 7371
15890 2 2 2 127 7112 8090 7115
15891 2 2 2 127 1570 8540 5349
15892 2 2 2 127 7580 7582 7581
15893 2 2 2 127 7694 8118 7693
15894 2 2 2 127 1884 8906 8381
15895 2 2 2 127 7836 8852 7471
15896 2 2 2 127 7841 8366 7598
15897 2 2 2 127 6576 9047 5742
15898 2 2 2 127 7526 8945 7896
15899 2 2 2 127 7469 7675 7468
15900 2 2 2 127 7677 8677 7379
15901 2 2 2 127 6209 9048 6680
15902 2 2 2 127 859 8554 5347
15903 2 2 2 127 8235 8766 7740
15904 2 2 2 127 6213 8479 6870
15905 2 2 2 127 7777 7954 7778
15906 2 2 2 127 7312 7335 7313
15907 2 2 2 127 8453 8771 5516
15908 2 2 2 127 6043 8896 1330
15909 2 2 2 127 7241 7541 7527
15910 2 2 2 127 7369 7370 7368
15911 2 2 2 127 6905 8265 7390
15912 2 2 2 127 7428 7720 7399
15913 2 2 2 127 8799 8993 7408
15914 2 2 2 127 7218 7626 7625
15915 2 2 2 127 6168 8421 7990
15916 2 2 2 127 7949 8493 7567
15917 2 2 2 127 7790 8803 5437
15918 2 2 2 127 7637 8184 7154
15919 2 2 2 127 7071 7090 7088
15920 2 2 2 127 7565 8190 7276
15921 2 2 2 127 8214 8278 7747
15922 2 2 2 127 7154 8184 7172
15923 2 2 2 127 7908 8416 7558
15924 2 2 2 127 7876 7881 7875
15925 2 2 2 127 7502 8250 7500
15926 2 2 2 127 8083 8446 6185
15927 2 2 2 127 5564 8373 8029
15928 2 2 2 127 6888 8705 5982
15929 2 2 2 127 6579 8771 8453
15930 2 2 2 127 7721 8838 7336
15931 2 2 2 127 7874 7875 7873
15932 2 2 2 127 7688 8692 7962
15933 2 2 2 127 8051 8114 7556
15934 2 2 2 127 6276 8933 6683
15935 2 2 2 127 7918 8656 7919
15936 2 2 2 127 6895 8066 7869
15937 2 2 2 127 7863 8577 8305
15938 2 2 2 127 7962 8692 5390
15939 2 2 2 127 7758 7939 7755
15940 2 2 2 127 7077 8581 7066
15941 2 2 2 127 5370 8329 7455
15942 2 2 2 127 6080 8633 6826
15943 2 2 2 127 7750 7752 7751
15944 2 2 2 127 5347 8137 7316
15945 2 2 2 127 6967 8135 6961
15946 2 2 2 127 6634 8705 6888
15947 2 2 2 127 7860 8323 7440
15948 2 2 2 127 7995 8517 6208
15949 2 2 2 127 991 8947 54
15950 2 2 2 127 6247 8670 6826
15951 2 2 2 127 7580 7581 7579
15952 2 2 2 127 526 8851 536
15953 2 2 2 127 7223 7976 7222
15954 2 2 2 127 7099 8181 7077
15955 2 2 2 127 7212 7213 7211
15956 2 2 2 127 7657 8178 7050
15957 2 2 2 127 7366 8536 7849
15958 2 2 2 127 6134 8918 8270
15959 2 2 2 127 5660 8249 8204
15960 2 2 2 127 6940 8330 1459
15961 2 2 2 127 2108 7573 7506
15962 2 2 2 127 7515 8256 7514
15963 2 2 2 127 7445 7976 7223
15964 2 2 2 127 8232 8343 8233
15965 2 2 2 127 6357 8327 8104
15966 2 2 2 127 7313 8113 7310
15967 2 2 2 127 7000 7678 7543
15968 2 2 2 127 5720 8537 5721
15969 2 2 2 127 5390 8692 8064
15970 2 2 2 127 7254 7497 7496
15971 2 2 2 127 7153 7968 7783
15972 2 2 2 127 6683 8933 8706
15973 2 2 2 127 6955 8002 7429
15974 2 2 2 127 7575 9030 7831
15975 2 2 2 127 8550 8873 7096
15976 2 2 2 127 7752 7754 7753
15977 2 2 2 127 6857 8629 5505
15978 2 2 2 127 7179 8192 7145
15979 2 2 2 127 6959 8135 8128
15980 2 2 2 127 6851 7981 7219
15981 2 2 2 127 7978 8513 7557
15982 2 2 2 127 1198 8867 1208
15983 2 2 2 127 1758 8868 1768
15984 2 2 2 127 7462 8963 8064
15985 2 2 2 127 7754 7757 7755
15986 2 2 2 127 7210 7211 7209
15987 2 2 2 127 6930 8470 7013
15988 2 2 2 127 6452 8593 8241
15989 2 2 2 127 6453 8594 8242
15990 2 2 2 127 7587 8161 7585
15991 2 2 2 127 7416 8341 7951
15992 2 2 2 127 8225 8253 5697
15993 2 2 2 127 7582 7583 7581
15994 2 2 2 127 7129 7521 7151
15995 2 2 2 127 8470 8604 7013
15996 2 2 2 127 6277 8786 6276
15997 2 2 2 127 2017 8354 8093
15998 2 2 2 127 6248 8954 7183
15999 2 2 2 127 449 8355 8094
16000 2 2 2 127 7140 8963 7462
16001 2 2 2 127 6780 8085 7750
16002 2 2 2 127 7821 8317 7549
16003 2 2 2 127 7462 8484 7141
16004 2 2 2 127 6300 8516 6877
16005 2 2 2 127 5817 8086 8085
16006 2 2 2 127 5808 8974 6886
16007 2 2 2 127 8514 8655 7830
16008 2 2 2 127 7599 7777 7776
16009 2 2 2 127 7251 7254 7252
16010 2 2 2 127 7618 7920 7770
16011 2 2 2 127 7495 7501 7500
16012 2 2 2 127 7998 9015 6542
16013 2 2 2 127 7984 8490 5676
16014 2 2 2 127 7100 8708 7133
16015 2 2 2 127 7455 8102 7808
16016 2 2 2 127 7733 8988 8235
16017 2 2 2 127 7872 8117 8066
16018 2 2 2 127 6186 8807 8266
16019 2 2 2 127 7785 8257 7633
16020 2 2 2 127 7981 8406 7443
16021 2 2 2 127 7488 7490 7489
16022 2 2 2 127 7891 9039 7672
16023 2 2 2 127 7394 7395 7393
16024 2 2 2 127 6778 8950 6150
16025 2 2 2 127 7414 9029 8120
16026 2 2 2 127 7781 9001 8744
16027 2 2 2 127 8112 8952 6046
16028 2 2 2 127 7524 8345 7698
16029 2 2 2 127 7706 8512 8034
16030 2 2 2 127 8064 8692 7462
16031 2 2 2 127 6363 8952 8112
16032 2 2 2 127 8509 8898 7352
16033 2 2 2 127 7587 8162 8161
16034 2 2 2 127 8315 8841 6353
16035 2 2 2 127 6260 8870 7591
16036 2 2 2 127 7307 7691 7690
16037 2 2 2 127 7655 8921 7563
16038 2 2 2 127 7393 8340 6970
16039 2 2 2 127 8090 8599 7642
16040 2 2 2 127 7485 7488 7486
16041 2 2 2 127 5348 7590 7589
16042 2 2 2 127 7967 8019 7925
16043 2 2 2 127 8836 9010 8116
16044 2 2 2 127 7600 8777 7817
16045 2 2 2 127 7566 8557 7705
16046 2 2 2 127 6289 8787 6819
16047 2 2 2 127 5350 7842 7664
16048 2 2 2 127 7812 8534 7111
16049 2 2 2 127 8310 8931 7788
16050 2 2 2 127 8294 8609 6682
16051 2 2 2 127 6994 8215 7035
16052 2 2 2 127 7570 8835 7887
16053 2 2 2 127 7079 8893 8267
16054 2 2 2 127 7359 8246 8095
16055 2 2 2 127 7079 8400 6935
16056 2 2 2 127 7943 8170 7491
16057 2 2 2 127 7145 8192 7164
16058 2 2 2 127 8490 8904 5676
16059 2 2 2 127 8300 8637 7076
16060 2 2 2 127 7308 8555 7309
16061 2 2 2 127 7548 8231 7549
16062 2 2 2 127 7569 7950 7568
16063 2 2 2 127 6270 8635 7942
16064 2 2 2 127 7470 8123 8027
16065 2 2 2 127 6256 8754 8266
16066 2 2 2 127 7501 7555 7502
16067 2 2 2 127 7552 7823 7566
16068 2 2 2 127 7629 8534 7812
16069 2 2 2 127 7482 8297 7710
16070 2 2 2 127 7444 7618 7445
16071 2 2 2 127 7583 8106 7581
16072 2 2 2 127 8786 8933 6276
16073 2 2 2 127 6262 8836 8116
16074 2 2 2 127 6939 7475 7474
16075 2 2 2 127 8142 8991 6775
16076 2 2 2 127 8040 8737 7884
16077 2 2 2 127 7070 8258 7083
16078 2 2 2 127 5816 8932 5817
16079 2 2 2 127 7920 8370 7338
16080 2 2 2 127 8281 8972 7523
16081 2 2 2 127 7384 7633 7383
16082 2 2 2 127 7554 8686 7806
16083 2 2 2 127 8133 8413 5986
16084 2 2 2 127 7746 7747 7745
16085 2 2 2 127 7034 8215 6994
16086 2 2 2 127 7062 7578 7577
16087 2 2 2 127 6833 8742 6177
16088 2 2 2 127 7760 7936 7761
16089 2 2 2 127 7685 7837 7684
16090 2 2 2 127 8530 8869 6517
16091 2 2 2 127 8427 8539 7473
16092 2 2 2 127 7371 8002 7368
16093 2 2 2 127 6191 8558 8020
16094 2 2 2 127 8019 8467 7925
16095 2 2 2 127 7320 8376 7324
16096 2 2 2 127 8079 8080 7373
16097 2 2 2 127 8372 8789 7366
16098 2 2 2 127 7545 8607 8118
16099 2 2 2 127 5443 8598 6873
16100 2 2 2 127 7287 8286 7289
16101 2 2 2 127 7573 8317 7821
16102 2 2 2 127 7828 8246 7359
16103 2 2 2 127 5788 8887 6839
16104 2 2 2 127 7551 7552 6940
16105 2 2 2 127 7925 8467 6580
16106 2 2 2 127 7265 8956 7659
16107 2 2 2 127 7723 8610 7883
16108 2 2 2 127 6263 8391 8344
16109 2 2 2 127 6253 8860 5990
16110 2 2 2 127 7625 8538 7627
16111 2 2 2 127 8536 8987 7849
16112 2 2 2 127 7319 8376 7320
16113 2 2 2 127 8762 8926 6888
16114 2 2 2 127 5716 8939 6802
16115 2 2 2 127 7570 7887 7569
16116 2 2 2 127 6952 8822 6946
16117 2 2 2 127 595 8989 8374
16118 2 2 2 127 7111 8353 7108
16119 2 2 2 127 1123 8929 8304
16120 2 2 2 127 6992 8987 8536
16121 2 2 2 127 8671 8775 6198
16122 2 2 2 127 7550 8343 8232
16123 2 2 2 127 932 8532 8004
16124 2 2 2 127 6874 8602 5461
16125 2 2 2 127 7941 8559 7087
16126 2 2 2 127 7745 7762 7738
16127 2 2 2 127 6977 8630 6983
16128 2 2 2 127 7860 8308 7318
16129 2 2 2 127 7959 8494 7931
16130 2 2 2 127 7147 8448 7610
16131 2 2 2 127 8144 8884 5667
16132 2 2 2 127 7395 7397 7396
16133 2 2 2 127 8422 9011 6360
16134 2 2 2 127 8038 8098 7182
16135 2 2 2 127 7897 8987 8520
16136 2 2 2 127 8346 9013 5920
16137 2 2 2 127 7914 8792 7675
16138 2 2 2 127 6996 8501 8336
16139 2 2 2 127 7595 8200 8158
16140 2 2 2 127 5801 8981 6801
16141 2 2 2 127 8245 8924 6192
16142 2 2 2 127 7538 7540 7537
16143 2 2 2 127 5928 8173 7978
16144 2 2 2 127 7693 8131 7448
16145 2 2 2 127 7460 7473 7461
16146 2 2 2 127 7542 8358 7636
16147 2 2 2 127 1940 8885 8876
16148 2 2 2 127 7078 8273 6931
16149 2 2 2 127 1156 8888 8877
16150 2 2 2 127 7633 7707 7383
16151 2 2 2 127 8520 8987 8521
16152 2 2 2 127 6879 8657 5786
16153 2 2 2 127 6302 9010 6838
16154 2 2 2 127 7157 9019 5945
16155 2 2 2 127 6390 8426 8423
16156 2 2 2 127 7675 8792 7468
16157 2 2 2 127 8305 8306 7358
16158 2 2 2 127 6103 8772 6856
16159 2 2 2 127 8218 8437 1832
16160 2 2 2 127 6941 8268 6937
16161 2 2 2 127 8064 8963 7617
16162 2 2 2 127 5502 8347 8346
16163 2 2 2 127 7865 8378 7226
16164 2 2 2 127 8034 8786 7222
16165 2 2 2 127 7098 8637 7686
16166 2 2 2 127 7056 7569 7568
16167 2 2 2 127 7570 8902 8835
16168 2 2 2 127 7158 8284 7159
16169 2 2 2 127 7220 8405 5868
16170 2 2 2 127 8120 9029 7415
16171 2 2 2 127 1118 8586 5351
16172 2 2 2 127 7671 8559 7941
16173 2 2 2 127 7989 8677 7677
16174 2 2 2 127 8301 8659 6060
16175 2 2 2 127 7301 8363 5545
16176 2 2 2 127 8283 8504 6156
16177 2 2 2 127 7578 7838 7577
16178 2 2 2 127 5770 8836 8415
16179 2 2 2 127 1247 8369 7367
16180 2 2 2 127 6821 8990 5899
16181 2 2 2 127 6879 8819 5677
16182 2 2 2 127 6612 8504 8283
16183 2 2 2 127 6970 8340 7409
16184 2 2 2 127 7968 8798 7010
16185 2 2 2 127 8520 8521 7638
16186 2 2 2 127 8040 9020 7878
16187 2 2 2 127 7385 7460 7386
16188 2 2 2 127 7351 8214 7964
16189 2 2 2 127 8217 8611 1573
16190 2 2 2 127 7040 8319 5995
16191 2 2 2 127 8135 8522 7763
16192 2 2 2 127 7251 8019 7254
16193 2 2 2 127 7806 8686 7807
16194 2 2 2 127 820 8339 8322
16195 2 2 2 127 7919 8656 7713
16196 2 2 2 127 6315 8608 8119
16197 2 2 2 127 6032 8367 8279
16198 2 2 2 127 6113 8869 8502
16199 2 2 2 127 7435 8385 8114
16200 2 2 2 127 7791 7842 5350
16201 2 2 2 127 5706 8737 7966
16202 2 2 2 127 5493 8556 8036
16203 2 2 2 127 7595 8862 8200
16204 2 2 2 127 7635 9018 7972
16205 2 2 2 127 8502 8847 5873
16206 2 2 2 127 8876 8885 1886
16207 2 2 2 127 8877 8888 1326
16208 2 2 2 127 6969 8624 6997
16209 2 2 2 127 8538 9033 7215
16210 2 2 2 127 656 8736 6887
16211 2 2 2 127 7369 8079 7370
16212 2 2 2 127 7884 8737 5706
16213 2 2 2 127 8113 8916 7673
16214 2 2 2 127 7227 8988 8379
16215 2 2 2 127 5817 8932 8086
16216 2 2 2 127 6939 7992 7475
16217 2 2 2 127 6211 8447 8236
16218 2 2 2 127 5504 9007 1489
16219 2 2 2 127 6831 8934 5520
16220 2 2 2 127 7381 7385 7382
16221 2 2 2 127 8213 8585 2127
16222 2 2 2 127 6937 8268 7079
16223 2 2 2 127 7939 7964 7748
16224 2 2 2 127 7235 8323 7860
16225 2 2 2 127 7162 9017 7814
16226 2 2 2 127 7534 7537 7533
16227 2 2 2 127 7113 8090 7112
16228 2 2 2 127 7230 8323 7232
16229 2 2 2 127 6129 8778 8047
16230 2 2 2 127 8009 9002 6397
16231 2 2 2 127 7750 7751 7749
16232 2 2 2 127 7510 8908 8097
16233 2 2 2 127 7458 8664 6971
16234 2 2 2 127 7286 8510 7614
16235 2 2 2 127 7438 8560 7919
16236 2 2 2 127 7318 8871 7236
16237 2 2 2 127 6985 8414 8092
16238 2 2 2 127 7325 8795 8345
16239 2 2 2 127 6253 8958 6840
16240 2 2 2 127 7536 7550 7548
16241 2 2 2 127 7683 8209 7958
16242 2 2 2 127 7538 8032 7540
16243 2 2 2 127 5497 8546 8076
16244 2 2 2 127 7368 8002 6955
16245 2 2 2 127 6899 7383 7380
16246 2 2 2 127 7906 8192 7179
16247 2 2 2 127 7466 8281 7464
16248 2 2 2 127 7229 8949 8310
16249 2 2 2 127 7164 8181 7099
16250 2 2 2 127 8280 8913 6275
16251 2 2 2 127 7220 8406 8405
16252 2 2 2 127 7433 8523 7804
16253 2 2 2 127 7757 7758 7755
16254 2 2 2 127 7752 7753 7751
16255 2 2 2 127 6251 8735 8418
16256 2 2 2 127 7302 8923 7888
16257 2 2 2 127 7821 8983 7507
16258 2 2 2 127 8068 8567 7613
16259 2 2 2 127 6378 8886 8164
16260 2 2 2 127 5831 8512 7216
16261 2 2 2 127 5507 8741 8171
16262 2 2 2 127 7643 8366 7186
16263 2 2 2 127 7364 8372 7366
16264 2 2 2 127 5982 8762 6888
16265 2 2 2 127 7754 7755 7753
16266 2 2 2 127 7133 8708 7886
16267 2 2 2 127 7152 9003 8661
16268 2 2 2 127 5901 8991 8142
16269 2 2 2 127 8344 8391 6199
16270 2 2 2 127 6360 8894 8422
16271 2 2 2 127 7464 8281 7523
16272 2 2 2 127 7878 8224 7876
16273 2 2 2 127 7473 8539 7539
16274 2 2 2 127 8927 8968 5805
16275 2 2 2 127 7940 8357 6987
16276 2 2 2 127 6979 8630 6977
16277 2 2 2 127 861 9002 8009
16278 2 2 2 127 8422 8894 5949
16279 2 2 2 127 7509 8943 8097
16280 2 2 2 127 7251 8467 8019
16281 2 2 2 127 7419 8341 7416
16282 2 2 2 127 7440 8323 7230
16283 2 2 2 127 7696 8293 7694
16284 2 2 2 127 7048 8386 7046
16285 2 2 2 127 7127 7412 7411
16286 2 2 2 127 5366 8656 7918
16287 2 2 2 127 5490 8824 6871
16288 2 2 2 127 6198 8775 8062
16289 2 2 2 127 7128 8494 7959
16290 2 2 2 127 7268 8454 7270
16291 2 2 2 127 6178 8412 8339
16292 2 2 2 127 8444 8445 5683
16293 2 2 2 127 6886 8974 8401
16294 2 2 2 127 8814 8856 7974
16295 2 2 2 127 7890 8543 7458
16296 2 2 2 127 8425 8439 6105
16297 2 2 2 127 8297 8804 7421
16298 2 2 2 127 7496 8768 7252
16299 2 2 2 127 7403 8082 7712
16300 2 2 2 127 7175 8492 7909
16301 2 2 2 127 6102 8894 6878
16302 2 2 2 127 5762 8467 7251
16303 2 2 2 127 8123 8833 8027
16304 2 2 2 127 7015 8734 7971
16305 2 2 2 127 7502 8672 8080
16306 2 2 2 127 7992 8100 7766
16307 2 2 2 127 7721 8555 7527
16308 2 2 2 127 6193 8892 8029
16309 2 2 2 127 5765 8548 8241
16310 2 2 2 127 5766 8547 8242
16311 2 2 2 127 7022 8494 7128
16312 2 2 2 127 7168 8284 7158
16313 2 2 2 127 9037 9038 7394
16314 2 2 2 127 8118 8293 7545
16315 2 2 2 127 8241 8548 6283
16316 2 2 2 127 8242 8547 6282
16317 2 2 2 127 5635 8787 8206
16318 2 2 2 127 6267 8832 8431
16319 2 2 2 127 7628 8045 7952
16320 2 2 2 127 6229 8959 7857
16321 2 2 2 127 7590 7599 7589
16322 2 2 2 127 6322 8679 8043
16323 2 2 2 127 8003 8756 1662
16324 2 2 2 127 7567 8493 8492
16325 2 2 2 127 7063 8155 8154
16326 2 2 2 127 7503 8672 7963
16327 2 2 2 127 7391 8117 8115
16328 2 2 2 127 6576 8439 8425
16329 2 2 2 127 5873 8946 8502
16330 2 2 2 127 7315 8796 8407
16331 2 2 2 127 6873 8907 5798
16332 2 2 2 127 8502 8946 6507
16333 2 2 2 127 6427 8829 7220
16334 2 2 2 127 7138 8399 7134
16335 2 2 2 127 5542 8423 8377
16336 2 2 2 127 7459 8715 7611
16337 2 2 2 127 8267 9042 7078
16338 2 2 2 127 6971 8664 7459
16339 2 2 2 127 6946 8822 6944
16340 2 2 2 127 8168 8818 6351
16341 2 2 2 127 8167 8817 6350
16342 2 2 2 127 8152 8680 7213
16343 2 2 2 127 7338 8370 7954
16344 2 2 2 127 7672 9039 8365
16345 2 2 2 127 6878 8894 6360
16346 2 2 2 127 8536 8789 7666
16347 2 2 2 127 7500 8250 8234
16348 2 2 2 127 7950 8997 7568
16349 2 2 2 127 6165 8991 6865
16350 2 2 2 127 8032 8165 7540
16351 2 2 2 127 5437 8803 77
16352 2 2 2 127 8140 8550 7709
16353 2 2 2 127 8401 8974 6299
16354 2 2 2 127 7829 8781 7828
16355 2 2 2 127 7257 8497 7360
16356 2 2 2 127 8086 8932 7560
16357 2 2 2 127 7087 8559 8103
16358 2 2 2 127 6052 9036 7739
16359 2 2 2 127 6148 8690 8249
16360 2 2 2 127 8366 9017 7598
16361 2 2 2 127 7518 8334 8053
16362 2 2 2 127 7902 8358 7542
16363 2 2 2 127 7171 8527 8122
16364 2 2 2 127 8202 8834 6097
16365 2 2 2 127 8003 8810 597
16366 2 2 2 127 7120 8662 8165
16367 2 2 2 127 6577 8436 7865
16368 2 2 2 127 6874 8633 8602
16369 2 2 2 127 7400 8543 8198
16370 2 2 2 127 6935 8400 6933
16371 2 2 2 127 7374 8452 7378
16372 2 2 2 127 7226 8537 5720
16373 2 2 2 127 9023 9040 7261
16374 2 2 2 127 7901 8563 7711
16375 2 2 2 127 7013 8604 7959
16376 2 2 2 127 7739 9036 7907
16377 2 2 2 127 7523 8515 8341
16378 2 2 2 127 7004 8494 7022
16379 2 2 2 127 7289 8286 7294
16380 2 2 2 127 7124 8753 8257
16381 2 2 2 127 6933 8400 7078
16382 2 2 2 127 8662 8689 8165
16383 2 2 2 127 7694 8293 8118
16384 2 2 2 127 6888 8926 6548
16385 2 2 2 127 5869 8405 7981
16386 2 2 2 127 7702 8747 8694
16387 2 2 2 127 7675 8830 7914
16388 2 2 2 127 6881 8973 6158
16389 2 2 2 127 7814 8744 7162
16390 2 2 2 127 7186 8366 7841
16391 2 2 2 127 7445 8248 7976
16392 2 2 2 127 7705 8557 7479
16393 2 2 2 127 6187 8756 8374
16394 2 2 2 127 7431 8627 7433
16395 2 2 2 127 7665 8581 8181
16396 2 2 2 127 7666 8789 8371
16397 2 2 2 127 7357 9050 8599
16398 2 2 2 127 7206 8496 7354
16399 2 2 2 127 7772 8765 8068
16400 2 2 2 127 7550 8232 8231
16401 2 2 2 127 7626 8655 8514
16402 2 2 2 127 6428 8802 7063
16403 2 2 2 127 8697 8999 5840
16404 2 2 2 127 8229 8997 7061
16405 2 2 2 127 7942 8635 7514
16406 2 2 2 127 7709 8372 7364
16407 2 2 2 127 7338 8825 7920
16408 2 2 2 127 7722 8610 7723
16409 2 2 2 127 7624 9042 8207
16410 2 2 2 127 8018 8857 6070
16411 2 2 2 127 7227 8436 5903
16412 2 2 2 127 8226 8778 6129
16413 2 2 2 127 7385 8044 7460
16414 2 2 2 127 7274 8578 7299
16415 2 2 2 127 8219 8696 6195
16416 2 2 2 127 8220 8702 6196
16417 2 2 2 127 8607 9045 7256
16418 2 2 2 127 7446 8626 7444
16419 2 2 2 127 7614 8734 7646
16420 2 2 2 127 6944 8822 8396
16421 2 2 2 127 7108 8353 7110
16422 2 2 2 127 7930 8714 7176
16423 2 2 2 127 7236 8871 7239
16424 2 2 2 127 7046 8386 7073
16425 2 2 2 127 7927 8569 7021
16426 2 2 2 127 7211 8524 7221
16427 2 2 2 127 7550 8231 7548
16428 2 2 2 127 7931 8494 7004
16429 2 2 2 127 5388 8856 8814
16430 2 2 2 127 7765 8980 7780
16431 2 2 2 127 7372 8452 7374
16432 2 2 2 127 8479 8797 6502
16433 2 2 2 127 8207 8267 7674
16434 2 2 2 127 7618 8626 8370
16435 2 2 2 127 7619 8856 7935
16436 2 2 2 127 7398 8758 7402
16437 2 2 2 127 7896 8945 7525
16438 2 2 2 127 5656 8880 8015
16439 2 2 2 127 8181 8581 7077
16440 2 2 2 127 8694 8747 5389
16441 2 2 2 127 7545 8931 8310
16442 2 2 2 127 7337 8487 7349
16443 2 2 2 127 7315 8407 8310
16444 2 2 2 127 8096 8660 7697
16445 2 2 2 127 6173 9022 8533
16446 2 2 2 127 1863 8779 6907
16447 2 2 2 127 8492 8493 7171
16448 2 2 2 127 8482 8686 7554
16449 2 2 2 127 7945 8708 7100
16450 2 2 2 127 6638 8879 8176
16451 2 2 2 127 7242 8485 7244
16452 2 2 2 127 7021 8568 7929
16453 2 2 2 127 6067 9015 7998
16454 2 2 2 127 7247 8497 7257
16455 2 2 2 127 7134 8399 7147
16456 2 2 2 127 7173 8428 8427
16457 2 2 2 127 8233 8936 7089
16458 2 2 2 127 8171 8741 6257
16459 2 2 2 127 7397 8758 7398
16460 2 2 2 127 7067 8575 7064
16461 2 2 2 127 7083 8258 7125
16462 2 2 2 127 8577 8823 7714
16463 2 2 2 127 5773 9010 8836
16464 2 2 2 127 7064 8575 7071
16465 2 2 2 127 8097 8908 7509
16466 2 2 2 127 7644 8707 7986
16467 2 2 2 127 7348 8698 7844
16468 2 2 2 127 7283 8510 7286
16469 2 2 2 127 8063 8656 5366
16470 2 2 2 127 7232 8323 7235
16471 2 2 2 127 6108 8854 8603
16472 2 2 2 127 8044 8753 7139
16473 2 2 2 127 7795 8667 7796
16474 2 2 2 127 8027 8281 7466
16475 2 2 2 127 8128 8850 6996
16476 2 2 2 127 5719 8979 8020
16477 2 2 2 127 7690 8596 8595
16478 2 2 2 127 7876 8224 7881
16479 2 2 2 127 7685 8271 7837
16480 2 2 2 127 7681 8345 7524
16481 2 2 2 127 8116 9010 6302
16482 2 2 2 127 7316 8976 8147
16483 2 2 2 127 7935 8856 5388
16484 2 2 2 127 8568 8569 7677
16485 2 2 2 127 8657 8791 5786
16486 2 2 2 127 7142 8963 7140
16487 2 2 2 127 8187 8907 6250
16488 2 2 2 127 7173 8427 7139
16489 2 2 2 127 8392 8674 7594
16490 2 2 2 127 7567 8492 7175
16491 2 2 2 127 7270 8454 7306
16492 2 2 2 127 7515 8997 7950
16493 2 2 2 127 7278 8627 8252
16494 2 2 2 127 7523 8341 7419
16495 2 2 2 127 8187 8767 6258
16496 2 2 2 127 7272 8578 7274
16497 2 2 2 127 7763 8850 8128
16498 2 2 2 127 7841 8794 7767
16499 2 2 2 127 7794 8636 7535
16500 2 2 2 127 208 9025 8285
16501 2 2 2 127 8088 8906 6041
16502 2 2 2 127 7088 8566 7129
16503 2 2 2 127 8298 8954 5454
16504 2 2 2 127 8285 9025 6325
16505 2 2 2 127 7246 8513 8173
16506 2 2 2 127 7622 8544 8487
16507 2 2 2 127 7810 8335 7757
16508 2 2 2 127 6967 8522 8135
16509 2 2 2 127 8359 8871 7318
16510 2 2 2 127 7300 8859 7963
16511 2 2 2 127 7577 8802 5975
16512 2 2 2 127 7788 8931 7735
16513 2 2 2 127 7781 8744 7814
16514 2 2 2 127 8084 8682 7681
16515 2 2 2 127 7314 8871 8359
16516 2 2 2 127 7965 8661 7351
16517 2 2 2 127 8791 9008 5786
16518 2 2 2 127 7239 8871 7314
16519 2 2 2 127 7770 8655 8248
16520 2 2 2 127 6053 8985 8548
16521 2 2 2 127 6054 8984 8547
16522 2 2 2 127 8266 8754 5499
16523 2 2 2 127 7846 8308 7860
16524 2 2 2 127 5503 8841 8315
16525 2 2 2 127 8449 8760 6231
16526 2 2 2 127 8450 8759 6232
16527 2 2 2 127 7244 8485 7305
16528 2 2 2 127 8443 8543 7400
16529 2 2 2 127 7673 8928 8364
16530 2 2 2 127 8161 8429 7585
16531 2 2 2 127 7735 8293 7696
16532 2 2 2 127 7295 8682 8084
16533 2 2 2 127 875 9004 5346
16534 2 2 2 127 7555 8672 7502
16535 2 2 2 127 7559 8792 7914
16536 2 2 2 127 7294 8944 7319
16537 2 2 2 127 8027 8833 7297
16538 2 2 2 127 8418 8735 5737
16539 2 2 2 127 7707 8753 8044
16540 2 2 2 127 6232 8759 8264
16541 2 2 2 127 6231 8760 8263
16542 2 2 2 127 7314 8485 7242
16543 2 2 2 127 7809 8983 7821
16544 2 2 2 127 7305 8497 7247
16545 2 2 2 127 7659 8831 7893
16546 2 2 2 127 7375 8452 7372
16547 2 2 2 127 7285 8510 7283
16548 2 2 2 127 8252 8488 7278
16549 2 2 2 127 7333 8709 8140
16550 2 2 2 127 8140 8709 8550
16551 2 2 2 127 5493 8973 8556
16552 2 2 2 127 7901 8680 8152
16553 2 2 2 127 5362 9051 8434
16554 2 2 2 127 8277 8592 7564
16555 2 2 2 127 7535 8636 7536
16556 2 2 2 127 8185 8863 6268
16557 2 2 2 127 5721 8537 7307
16558 2 2 2 127 7541 8838 7721
16559 2 2 2 127 7585 8429 7582
16560 2 2 2 127 7712 8866 8338
16561 2 2 2 127 6194 8919 8153
16562 2 2 2 127 8176 8879 6419
16563 2 2 2 127 5468 8797 8432
16564 2 2 2 127 8070 9036 6052
16565 2 2 2 127 7626 9033 7625
16566 2 2 2 127 7791 8307 7842
16567 2 2 2 127 7220 8852 8406
16568 2 2 2 127 7720 8678 7399
16569 2 2 2 127 7306 8578 7272
16570 2 2 2 127 5537 8977 8129
16571 2 2 2 127 7622 8487 7335
16572 2 2 2 127 7557 8799 7703
16573 2 2 2 127 7213 8524 7211
16574 2 2 2 127 8432 8797 6213
16575 2 2 2 127 8693 8793 6226
16576 2 2 2 127 7497 8482 7554
16577 2 2 2 127 7966 8737 7877
16578 2 2 2 127 7655 8922 8921
16579 2 2 2 127 7866 8905 7657
16580 2 2 2 127 7425 8496 7206
16581 2 2 2 127 8165 8689 7540
16582 2 2 2 127 7787 8604 8470
16583 2 2 2 127 7101 8688 7024
16584 2 2 2 127 8461 8700 453
16585 2 2 2 127 8466 8701 2133
16586 2 2 2 127 7335 8487 7337
16587 2 2 2 127 8472 8703 677
16588 2 2 2 127 6214 8904 8490
16589 2 2 2 127 8473 8704 229
16590 2 2 2 127 7024 8688 7932
16591 2 2 2 127 6565 9041 8398
16592 2 2 2 127 7499 8482 7497
16593 2 2 2 127 7303 9040 7926
16594 2 2 2 127 7536 8636 7550
16595 2 2 2 127 8514 9033 7626
16596 2 2 2 127 8665 8942 6645
16597 2 2 2 127 8248 8655 7626
16598 2 2 2 127 8407 8796 7225
16599 2 2 2 127 7713 8656 8063
16600 2 2 2 127 8609 8892 6682
16601 2 2 2 127 7929 8568 7972
16602 2 2 2 127 8491 8712 901
16603 2 2 2 127 7725 8488 8252
16604 2 2 2 127 7739 8988 7227
16605 2 2 2 127 5569 8892 8609
16606 2 2 2 127 8744 9001 7163
16607 2 2 2 127 7673 8916 7311
16608 2 2 2 127 8550 8709 7680
16609 2 2 2 127 8159 8958 6253
16610 2 2 2 127 8146 8147 7759
16611 2 2 2 127 7347 8840 8667
16612 2 2 2 127 7703 8838 7541
16613 2 2 2 127 8381 8906 1942
16614 2 2 2 127 7582 8429 7583
16615 2 2 2 127 7711 8509 7425
16616 2 2 2 127 368 8700 8461
16617 2 2 2 127 2048 8701 8466
16618 2 2 2 127 8364 8928 5354
16619 2 2 2 127 5966 8924 8245
16620 2 2 2 127 592 8703 8472
16621 2 2 2 127 144 8704 8473
16622 2 2 2 127 7741 8808 8766
16623 2 2 2 127 7468 8792 8447
16624 2 2 2 127 8095 8956 7263
16625 2 2 2 127 7560 8872 8086
16626 2 2 2 127 8563 8898 7711
16627 2 2 2 127 816 8712 8491
16628 2 2 2 127 7433 8627 8523
16629 2 2 2 127 7913 8872 7560
16630 2 2 2 127 7075 8902 8065
16631 2 2 2 127 8172 8915 7344
16632 2 2 2 127 7796 8840 7797
16633 2 2 2 127 6216 8809 8518
16634 2 2 2 127 8416 8783 7558
16635 2 2 2 127 8518 8809 6648
16636 2 2 2 127 7895 8498 7453
16637 2 2 2 127 7399 8678 7395
16638 2 2 2 127 5889 8775 8495
16639 2 2 2 127 7071 8575 7090
16640 2 2 2 127 8233 8800 7144
16641 2 2 2 127 8825 8826 7326
16642 2 2 2 127 6213 8797 8479
16643 2 2 2 127 8524 8669 7221
16644 2 2 2 127 7153 8685 7968
16645 2 2 2 127 8415 8836 6262
16646 2 2 2 127 7589 8681 7588
16647 2 2 2 127 7444 8626 7618
16648 2 2 2 127 7151 8685 7153
16649 2 2 2 127 7972 9018 6956
16650 2 2 2 127 7366 8789 8536
16651 2 2 2 127 7074 8936 8662
16652 2 2 2 127 1787 8844 8572
16653 2 2 2 127 6419 8879 8456
16654 2 2 2 127 7813 8957 7499
16655 2 2 2 127 7090 8566 7088
16656 2 2 2 127 7757 8335 7758
16657 2 2 2 127 8456 8879 5750
16658 2 2 2 127 7565 8820 8191
16659 2 2 2 127 8515 8972 7280
16660 2 2 2 127 7129 8566 7521
16661 2 2 2 127 8599 9050 7862
16662 2 2 2 127 7507 8983 7913
16663 2 2 2 127 7965 8951 8661
16664 2 2 2 127 7955 8813 6415
16665 2 2 2 127 7545 8949 8607
16666 2 2 2 127 8347 9006 6425
16667 2 2 2 127 7717 8820 7565
16668 2 2 2 127 6221 8881 8419
16669 2 2 2 127 8269 9043 1567
16670 2 2 2 127 7520 8940 8081
16671 2 2 2 127 8521 8987 6992
16672 2 2 2 127 8662 8769 7074
16673 2 2 2 127 7213 8680 8524
16674 2 2 2 127 7346 8698 7348
16675 2 2 2 127 8533 9022 6328
16676 2 2 2 127 7927 8986 8569
16677 2 2 2 127 7263 8956 7265
16678 2 2 2 127 6280 8791 8657
16679 2 2 2 127 8795 8826 7338
16680 2 2 2 127 7797 8840 8417
16681 2 2 2 127 7547 8498 7895
16682 2 2 2 127 7061 8997 7515
16683 2 2 2 127 7215 9033 8514
16684 2 2 2 127 7349 8698 7346
16685 2 2 2 127 988 9037 7392
16686 2 2 2 127 8433 8927 6274
16687 2 2 2 127 7849 8987 7897
16688 2 2 2 127 8338 8866 7240
16689 2 2 2 127 7523 8972 8515
16690 2 2 2 127 7021 8569 8568
16691 2 2 2 127 8293 8931 7545
16692 2 2 2 127 7311 8916 7795
16693 2 2 2 127 5566 8793 8693
16694 2 2 2 127 7421 8541 8163
16695 2 2 2 127 7407 8994 8993
16696 2 2 2 127 8898 8899 7352
16697 2 2 2 127 7357 8599 8090
16698 2 2 2 127 7568 8997 8229
16699 2 2 2 127 7793 8823 8074
16700 2 2 2 127 8137 8976 7316
16701 2 2 2 127 7727 8955 7902
16702 2 2 2 127 8572 8844 103
16703 2 2 2 127 6342 8919 8551
16704 2 2 2 127 8551 8919 6194
16705 2 2 2 127 7307 8948 7691
16706 2 2 2 127 2114 8837 8723
16707 2 2 2 127 8207 9042 8267
16708 2 2 2 127 8603 8854 6514
16709 2 2 2 127 6386 9008 8791
16710 2 2 2 127 434 8842 8721
16711 2 2 2 127 1890 8846 8731
16712 2 2 2 127 546 8848 8724
16713 2 2 2 127 2002 8849 8717
16714 2 2 2 127 8513 8799 7557
16715 2 2 2 127 8398 9041 6107
16716 2 2 2 127 8480 8935 7652
16717 2 2 2 127 1778 8853 8718
16718 2 2 2 127 1554 8855 8722
16719 2 2 2 127 1442 8858 8726
16720 2 2 2 127 6996 8850 8501
16721 2 2 2 127 7521 8685 7151
16722 2 2 2 127 8390 8986 7927
16723 2 2 2 127 7395 8678 7397
16724 2 2 2 127 8826 8827 7326
16725 2 2 2 127 8139 8971 7609
16726 2 2 2 127 7643 9017 8366
16727 2 2 2 127 7521 8798 8685
16728 2 2 2 127 8523 8627 7278
16729 2 2 2 127 1330 8896 8732
16730 2 2 2 127 7711 8898 8509
16731 2 2 2 127 7120 8769 8662
16732 2 2 2 127 7473 8751 8427
16733 2 2 2 127 7139 8751 8044
16734 2 2 2 127 7183 8954 8298
16735 2 2 2 127 7715 8306 8305
16736 2 2 2 127 7563 8921 8150
16737 2 2 2 127 8286 8944 7294
16738 2 2 2 127 8102 8993 7808
16739 2 2 2 127 8667 8840 7796
16740 2 2 2 127 6956 9018 7955
16741 2 2 2 127 8547 8984 6282
16742 2 2 2 127 8548 8985 6283
16743 2 2 2 127 8800 8951 7144
16744 2 2 2 127 8829 8852 7220
16745 2 2 2 127 8427 8751 7139
16746 2 2 2 127 8396 8822 7923
16747 2 2 2 127 8044 8751 7460
16748 2 2 2 127 7625 9033 8538
16749 2 2 2 127 7252 8768 8060
16750 2 2 2 127 8562 8698 7349
16751 2 2 2 127 7125 8812 7173
16752 2 2 2 127 7425 8509 8496
16753 2 2 2 127 8623 8887 1264
16754 2 2 2 127 8404 9030 7575
16755 2 2 2 127 6220 8942 8665
16756 2 2 2 127 7460 8751 7473
16757 2 2 2 127 7397 8843 8758
16758 2 2 2 127 7105 8839 8465
16759 2 2 2 127 7735 8931 8293
16760 2 2 2 127 7905 8843 8132
16761 2 2 2 127 8310 8407 7229
16762 2 2 2 127 8674 8862 7594
16763 2 2 2 127 8163 8541 7279
16764 2 2 2 127 6513 8999 8697
16765 2 2 2 127 8921 8922 6891
16766 2 2 2 127 8537 8948 7307
16767 2 2 2 127 8678 8843 7397
16768 2 2 2 127 8267 8893 7674
16769 2 2 2 127 8447 8792 7559
16770 2 2 2 127 7338 8826 8825
16771 2 2 2 127 7621 8790 8563
16772 2 2 2 127 8827 9044 7323
16773 2 2 2 127 7658 9038 9037
16774 2 2 2 127 8258 8812 7125
16775 2 2 2 127 8723 8837 2142
16776 2 2 2 127 8721 8842 462
16777 2 2 2 127 8731 8846 1918
16778 2 2 2 127 8724 8848 574
16779 2 2 2 127 8717 8849 2030
16780 2 2 2 127 7138 8783 8416
16781 2 2 2 127 8718 8853 1806
16782 2 2 2 127 8722 8855 1582
16783 2 2 2 127 8726 8858 1470
16784 2 2 2 127 7231 9045 8607
16785 2 2 2 127 6960 8915 8172
16786 2 2 2 127 7610 8674 8392
16787 2 2 2 127 8732 8896 1358
16788 2 2 2 127 8278 8796 7315
16789 2 2 2 127 8496 8509 8149
16790 2 2 2 127 7422 8804 8297
16791 2 2 2 127 7089 8800 8233
16792 2 2 2 127 7725 9046 8488
16793 2 2 2 127 7325 8827 8826
16794 2 2 2 127 8569 8986 7989
16795 2 2 2 127 7844 8698 8562
16796 2 2 2 127 8214 8796 8278
16797 2 2 2 127 8766 8808 7740
16798 2 2 2 127 7325 9044 8827
16799 2 2 2 127 8563 8790 7339
16800 2 2 2 127 7130 8951 8800
16801 2 2 2 127 7680 8873 8550
16802 2 2 2 127 7430 8986 8390
16803 2 2 2 127 7339 8898 8563
16804 2 2 2 127 7955 9018 7799
16805 2 2 2 127 8914 8960 7439
16806 2 2 2 127 7001 8960 8914
16807 2 2 2 127 8993 8994 7408
16808 2 2 2 127 7325 8826 8795
16809 2 2 2 127 8417 8840 7347
16810 2 2 2 127 8607 8949 7231
16811 2 2 2 127 7214 8935 8480
16812 2 2 2 127 8661 8951 7130
16813 2 2 2 127 7339 8899 8898
16814 2 2 2 127 8758 8843 7905
16815 2 2 2 127 8488 9046 7269
16816 2 2 2 127 143 214 1
16817 2 2 2 127 2 8704 144
16818 2 2 2 127 230 2 159
16819 2 2 2 127 175 134 3
16820 2 2 2 127 191 198 4
16821 2 2 2 127 255 326 8
16822 2 2 2 127 271 342 9
16823 2 2 2 127 10 287 246
16824 2 2 2 127 11 303 310
16825 2 2 2 127 438 15 367
16826 2 2 2 127 16 8700 368
16827 2 2 2 127 383 454 16
16828 2 2 2 127 358 17 399
16829 2 2 2 127 415 422 18
16830 2 2 2 127 479 550 22
16831 2 2 2 127 495 566 23
16832 2 2 2 127 24 511 470
16833 2 2 2 127 25 527 534
16834 2 2 2 127 591 662 29
16835 2 2 2 127 30 8703 592
16836 2 2 2 127 678 30 607
16837 2 2 2 127 582 31 623
16838 2 2 2 127 646 32 639
16839 2 2 2 127 774 36 703
16840 2 2 2 127 719 790 37
16841 2 2 2 127 694 38 735
16842 2 2 2 127 758 39 751
16843 2 2 2 127 886 43 815
16844 2 2 2 127 44 8712 816
16845 2 2 2 127 902 44 831
16846 2 2 2 127 806 45 847
16847 2 2 2 127 46 863 870
16848 2 2 2 127 998 50 927
16849 2 2 2 127 1014 51 943
16850 2 2 2 127 959 918 52
16851 2 2 2 127 982 53 975
16852 2 2 2 127 1110 57 1039
16853 2 2 2 127 1055 1126 58
16854 2 2 2 127 1030 59 1071
16855 2 2 2 127 1094 60 1087
16856 2 2 2 127 1222 64 1151
16857 2 2 2 127 1238 65 1167
16858 2 2 2 127 1142 66 1183
16859 2 2 2 127 1206 67 1199
16860 2 2 2 127 1334 71 1263
16861 2 2 2 127 1350 72 1279
16862 2 2 2 127 1254 73 1295
16863 2 2 2 127 1318 74 1311
16864 2 2 2 127 1446 78 1375
16865 2 2 2 127 1462 79 1391
16866 2 2 2 127 1407 1366 80
16867 2 2 2 127 1423 1430 81
16868 2 2 2 127 1558 85 1487
16869 2 2 2 127 1574 86 1503
16870 2 2 2 127 1478 87 1519
16871 2 2 2 127 1542 88 1535
16872 2 2 2 127 92 1599 1670
16873 2 2 2 127 1615 1686 93
16874 2 2 2 127 94 1631 1590
16875 2 2 2 127 95 1647 1654
16876 2 2 2 127 99 1711 1782
16877 2 2 2 127 1727 1798 100
16878 2 2 2 127 101 1743 1702
16879 2 2 2 127 102 1759 1766
16880 2 2 2 127 1894 106 1823
16881 2 2 2 127 1839 1910 107
16882 2 2 2 127 1814 108 1855
16883 2 2 2 127 1878 109 1871
16884 2 2 2 127 2006 113 1935
16885 2 2 2 127 2022 114 1951
16886 2 2 2 127 1926 115 1967
16887 2 2 2 127 116 1983 1990
16888 2 2 2 127 2118 120 2047
16889 2 2 2 127 121 8701 2048
16890 2 2 2 127 2134 121 2063
16891 2 2 2 127 2038 122 2079
16892 2 2 2 127 123 2095 2102
16893 2 2 2 127 129 128 234
16894 2 2 2 127 130 129 233
16895 2 2 2 127 233 129 234
16896 2 2 2 127 130 6707 131
16897 2 2 2 127 135 134 175
16898 2 2 2 127 137 177 138
16899 2 2 2 127 178 177 137
16900 2 2 2 127 177 176 138
16901 2 2 2 127 141 6753 142
16902 2 2 2 127 215 214 143
16903 2 2 2 127 153 161 154
16904 2 2 2 127 162 161 153
16905 2 2 2 127 161 160 154
16906 2 2 2 127 157 6707 158
16907 2 2 2 127 230 159 231
16908 2 2 2 127 173 6726 174
16909 2 2 2 127 178 6726 179
16910 2 2 2 127 199 198 191
16911 2 2 2 127 193 192 218
16912 2 2 2 127 194 193 217
16913 2 2 2 127 217 193 218
16914 2 2 2 127 194 6753 195
16915 2 2 2 127 240 346 241
16916 2 2 2 127 241 345 242
16917 2 2 2 127 346 345 241
16918 2 2 2 127 242 6699 243
16919 2 2 2 127 246 287 247
16920 2 2 2 127 249 289 250
16921 2 2 2 127 290 289 249
16922 2 2 2 127 289 288 250
16923 2 2 2 127 253 6741 254
16924 2 2 2 127 327 326 255
16925 2 2 2 127 266 265 273
16926 2 2 2 127 273 265 274
16927 2 2 2 127 272 266 273
16928 2 2 2 127 269 6699 270
16929 2 2 2 127 343 342 271
16930 2 2 2 127 285 6723 286
16931 2 2 2 127 290 6723 291
16932 2 2 2 127 310 303 311
16933 2 2 2 127 304 330 305
16934 2 2 2 127 305 329 306
16935 2 2 2 127 330 329 305
16936 2 2 2 127 306 6741 307
16937 2 2 2 127 353 352 458
16938 2 2 2 127 354 353 457
16939 2 2 2 127 457 353 458
16940 2 2 2 127 354 6701 355
16941 2 2 2 127 358 399 359
16942 2 2 2 127 361 401 362
16943 2 2 2 127 402 401 361
16944 2 2 2 127 401 400 362
16945 2 2 2 127 365 6742 366
16946 2 2 2 127 438 367 439
16947 2 2 2 127 377 385 378
16948 2 2 2 127 386 385 377
16949 2 2 2 127 385 384 378
16950 2 2 2 127 381 6701 382
16951 2 2 2 127 455 454 383
16952 2 2 2 127 397 6720 398
16953 2 2 2 127 402 6720 403
16954 2 2 2 127 423 422 415
16955 2 2 2 127 417 416 442
16956 2 2 2 127 418 417 441
16957 2 2 2 127 441 417 442
16958 2 2 2 127 418 6742 419
16959 2 2 2 127 465 464 570
16960 2 2 2 127 466 465 569
16961 2 2 2 127 569 465 570
16962 2 2 2 127 466 6712 467
16963 2 2 2 127 470 511 471
16964 2 2 2 127 473 513 474
16965 2 2 2 127 514 513 473
16966 2 2 2 127 513 512 474
16967 2 2 2 127 477 6737 478
16968 2 2 2 127 551 550 479
16969 2 2 2 127 489 497 490
16970 2 2 2 127 498 497 489
16971 2 2 2 127 497 496 490
16972 2 2 2 127 493 6712 494
16973 2 2 2 127 567 566 495
16974 2 2 2 127 509 6732 510
16975 2 2 2 127 514 6732 515
16976 2 2 2 127 534 527 535
16977 2 2 2 127 529 528 554
16978 2 2 2 127 530 529 553
16979 2 2 2 127 553 529 554
16980 2 2 2 127 530 6737 531
16981 2 2 2 127 577 576 682
16982 2 2 2 127 578 577 681
16983 2 2 2 127 681 577 682
16984 2 2 2 127 578 6710 579
16985 2 2 2 127 582 623 583
16986 2 2 2 127 585 625 586
16987 2 2 2 127 626 625 585
16988 2 2 2 127 625 624 586
16989 2 2 2 127 589 6746 590
16990 2 2 2 127 663 662 591
16991 2 2 2 127 601 609 602
16992 2 2 2 127 610 609 601
16993 2 2 2 127 609 608 602
16994 2 2 2 127 605 6710 606
16995 2 2 2 127 678 607 679
16996 2 2 2 127 621 6728 622
16997 2 2 2 127 626 6728 627
16998 2 2 2 127 646 639 647
16999 2 2 2 127 641 640 666
17000 2 2 2 127 642 641 665
17001 2 2 2 127 665 641 666
17002 2 2 2 127 642 6746 643
17003 2 2 2 127 689 688 794
17004 2 2 2 127 690 689 793
17005 2 2 2 127 793 689 794
17006 2 2 2 127 690 6702 691
17007 2 2 2 127 694 735 695
17008 2 2 2 127 697 737 698
17009 2 2 2 127 738 737 697
17010 2 2 2 127 737 736 698
17011 2 2 2 127 701 6743 702
17012 2 2 2 127 774 703 775
17013 2 2 2 127 713 721 714
17014 2 2 2 127 722 721 713
17015 2 2 2 127 721 720 714
17016 2 2 2 127 717 6702 718
17017 2 2 2 127 791 790 719
17018 2 2 2 127 733 6724 734
17019 2 2 2 127 738 6724 739
17020 2 2 2 127 759 758 751
17021 2 2 2 127 753 752 778
17022 2 2 2 127 754 753 777
17023 2 2 2 127 777 753 778
17024 2 2 2 127 754 6743 755
17025 2 2 2 127 800 906 801
17026 2 2 2 127 905 802 801
17027 2 2 2 127 906 905 801
17028 2 2 2 127 802 6713 803
17029 2 2 2 127 806 847 807
17030 2 2 2 127 809 849 810
17031 2 2 2 127 850 849 809
17032 2 2 2 127 849 848 810
17033 2 2 2 127 813 6747 814
17034 2 2 2 127 886 815 887
17035 2 2 2 127 825 833 826
17036 2 2 2 127 825 834 833
17037 2 2 2 127 826 833 832
17038 2 2 2 127 829 6713 830
17039 2 2 2 127 831 903 902
17040 2 2 2 127 845 6722 846
17041 2 2 2 127 850 6722 851
17042 2 2 2 127 870 863 871
17043 2 2 2 127 865 864 890
17044 2 2 2 127 866 865 889
17045 2 2 2 127 889 865 890
17046 2 2 2 127 866 6747 867
17047 2 2 2 127 913 912 1018
17048 2 2 2 127 914 913 1017
17049 2 2 2 127 1017 913 1018
17050 2 2 2 127 914 6703 915
17051 2 2 2 127 919 918 959
17052 2 2 2 127 922 921 961
17053 2 2 2 127 961 921 962
17054 2 2 2 127 960 922 961
17055 2 2 2 127 925 6736 926
17056 2 2 2 127 999 998 927
17057 2 2 2 127 938 937 945
17058 2 2 2 127 945 937 946
17059 2 2 2 127 944 938 945
17060 2 2 2 127 941 6703 942
17061 2 2 2 127 1015 1014 943
17062 2 2 2 127 957 6721 958
17063 2 2 2 127 962 6721 963
17064 2 2 2 127 982 975 983
17065 2 2 2 127 976 1002 977
17066 2 2 2 127 977 1001 978
17067 2 2 2 127 1002 1001 977
17068 2 2 2 127 978 6736 979
17069 2 2 2 127 1025 1024 1130
17070 2 2 2 127 1026 1025 1129
17071 2 2 2 127 1129 1025 1130
17072 2 2 2 127 1026 6704 1027
17073 2 2 2 127 1030 1071 1031
17074 2 2 2 127 1033 1073 1034
17075 2 2 2 127 1074 1073 1033
17076 2 2 2 127 1073 1072 1034
17077 2 2 2 127 1037 6748 1038
17078 2 2 2 127 1110 1039 1111
17079 2 2 2 127 1049 1057 1050
17080 2 2 2 127 1058 1057 1049
17081 2 2 2 127 1057 1056 1050
17082 2 2 2 127 1053 6704 1054
17083 2 2 2 127 1127 1126 1055
17084 2 2 2 127 1069 6734 1070
17085 2 2 2 127 1074 6734 1075
17086 2 2 2 127 1094 1087 1095
17087 2 2 2 127 1089 1088 1114
17088 2 2 2 127 1090 1089 1113
17089 2 2 2 127 1113 1089 1114
17090 2 2 2 127 1090 6748 1091
17091 2 2 2 127 1137 1136 1242
17092 2 2 2 127 1138 1137 1241
17093 2 2 2 127 1241 1137 1242
17094 2 2 2 127 1138 6711 1139
17095 2 2 2 127 1142 1183 1143
17096 2 2 2 127 1145 1185 1146
17097 2 2 2 127 1186 1185 1145
17098 2 2 2 127 1185 1184 1146
17099 2 2 2 127 1149 6745 1150
17100 2 2 2 127 1222 1151 1223
17101 2 2 2 127 1161 1169 1162
17102 2 2 2 127 1170 1169 1161
17103 2 2 2 127 1169 1168 1162
17104 2 2 2 127 1165 6711 1166
17105 2 2 2 127 1238 1167 1239
17106 2 2 2 127 1181 6725 1182
17107 2 2 2 127 1186 6725 1187
17108 2 2 2 127 1206 1199 1207
17109 2 2 2 127 1201 1200 1226
17110 2 2 2 127 1202 1201 1225
17111 2 2 2 127 1225 1201 1226
17112 2 2 2 127 1202 6745 1203
17113 2 2 2 127 1249 1248 1354
17114 2 2 2 127 1250 1249 1353
17115 2 2 2 127 1353 1249 1354
17116 2 2 2 127 1250 6700 1251
17117 2 2 2 127 1254 1295 1255
17118 2 2 2 127 1257 1297 1258
17119 2 2 2 127 1298 1297 1257
17120 2 2 2 127 1297 1296 1258
17121 2 2 2 127 1261 6750 1262
17122 2 2 2 127 1334 1263 1335
17123 2 2 2 127 1273 1281 1274
17124 2 2 2 127 1282 1281 1273
17125 2 2 2 127 1281 1280 1274
17126 2 2 2 127 1277 6700 1278
17127 2 2 2 127 1350 1279 1351
17128 2 2 2 127 1293 6719 1294
17129 2 2 2 127 1298 6719 1299
17130 2 2 2 127 1318 1311 1319
17131 2 2 2 127 1313 1312 1338
17132 2 2 2 127 1314 1313 1337
17133 2 2 2 127 1337 1313 1338
17134 2 2 2 127 1314 6750 1315
17135 2 2 2 127 1361 1360 1466
17136 2 2 2 127 1362 1361 1465
17137 2 2 2 127 1465 1361 1466
17138 2 2 2 127 1362 6705 1363
17139 2 2 2 127 1367 1366 1407
17140 2 2 2 127 1369 1409 1370
17141 2 2 2 127 1410 1409 1369
17142 2 2 2 127 1409 1408 1370
17143 2 2 2 127 1373 6738 1374
17144 2 2 2 127 1446 1375 1447
17145 2 2 2 127 1385 1393 1386
17146 2 2 2 127 1394 1393 1385
17147 2 2 2 127 1393 1392 1386
17148 2 2 2 127 1389 6705 1390
17149 2 2 2 127 1462 1391 1463
17150 2 2 2 127 1405 6730 1406
17151 2 2 2 127 1410 6730 1411
17152 2 2 2 127 1431 1430 1423
17153 2 2 2 127 1425 1424 1450
17154 2 2 2 127 1426 1425 1449
17155 2 2 2 127 1449 1425 1450
17156 2 2 2 127 1426 6738 1427
17157 2 2 2 127 1473 1472 1578
17158 2 2 2 127 1474 1473 1577
17159 2 2 2 127 1577 1473 1578
17160 2 2 2 127 1474 6708 1475
17161 2 2 2 127 1478 1519 1479
17162 2 2 2 127 1481 1521 1482
17163 2 2 2 127 1522 1521 1481
17164 2 2 2 127 1521 1520 1482
17165 2 2 2 127 1485 6751 1486
17166 2 2 2 127 1558 1487 1559
17167 2 2 2 127 1497 1505 1498
17168 2 2 2 127 1506 1505 1497
17169 2 2 2 127 1505 1504 1498
17170 2 2 2 127 1501 6708 1502
17171 2 2 2 127 1574 1503 1575
17172 2 2 2 127 1517 6733 1518
17173 2 2 2 127 1522 6733 1523
17174 2 2 2 127 1542 1535 1543
17175 2 2 2 127 1537 1536 1562
17176 2 2 2 127 1538 1537 1561
17177 2 2 2 127 1561 1537 1562
17178 2 2 2 127 1538 6751 1539
17179 2 2 2 127 1585 1584 1690
17180 2 2 2 127 1585 1689 1586
17181 2 2 2 127 1690 1689 1585
17182 2 2 2 127 1586 6698 1587
17183 2 2 2 127 1590 1631 1591
17184 2 2 2 127 1593 1633 1594
17185 2 2 2 127 1634 1633 1593
17186 2 2 2 127 1594 1633 1632
17187 2 2 2 127 1597 6749 1598
17188 2 2 2 127 1670 1599 1671
17189 2 2 2 127 1610 1609 1617
17190 2 2 2 127 1617 1609 1618
17191 2 2 2 127 1616 1610 1617
17192 2 2 2 127 1613 6698 1614
17193 2 2 2 127 1687 1686 1615
17194 2 2 2 127 1629 6718 1630
17195 2 2 2 127 1634 6718 1635
17196 2 2 2 127 1654 1647 1655
17197 2 2 2 127 1649 1648 1674
17198 2 2 2 127 1650 1649 1673
17199 2 2 2 127 1673 1649 1674
17200 2 2 2 127 1650 6749 1651
17201 2 2 2 127 1696 1802 1697
17202 2 2 2 127 1697 1801 1698
17203 2 2 2 127 1802 1801 1697
17204 2 2 2 127 1698 6706 1699
17205 2 2 2 127 1743 1703 1702
17206 2 2 2 127 1706 1705 1745
17207 2 2 2 127 1745 1705 1746
17208 2 2 2 127 1744 1706 1745
17209 2 2 2 127 1709 6739 1710
17210 2 2 2 127 1782 1711 1783
17211 2 2 2 127 1722 1721 1729
17212 2 2 2 127 1729 1721 1730
17213 2 2 2 127 1728 1722 1729
17214 2 2 2 127 1725 6706 1726
17215 2 2 2 127 1799 1798 1727
17216 2 2 2 127 1741 6731 1742
17217 2 2 2 127 1746 6731 1747
17218 2 2 2 127 1766 1759 1767
17219 2 2 2 127 1760 1786 1761
17220 2 2 2 127 1761 1785 1762
17221 2 2 2 127 1786 1785 1761
17222 2 2 2 127 1762 6739 1763
17223 2 2 2 127 1809 1808 1914
17224 2 2 2 127 1810 1809 1913
17225 2 2 2 127 1913 1809 1914
17226 2 2 2 127 1810 6714 1811
17227 2 2 2 127 1814 1855 1815
17228 2 2 2 127 1817 1857 1818
17229 2 2 2 127 1858 1857 1817
17230 2 2 2 127 1857 1856 1818
17231 2 2 2 127 1821 6740 1822
17232 2 2 2 127 1894 1823 1895
17233 2 2 2 127 1833 1841 1834
17234 2 2 2 127 1842 1841 1833
17235 2 2 2 127 1841 1840 1834
17236 2 2 2 127 1837 6714 1838
17237 2 2 2 127 1911 1910 1839
17238 2 2 2 127 1853 6729 1854
17239 2 2 2 127 1858 6729 1859
17240 2 2 2 127 1878 1871 1879
17241 2 2 2 127 1873 1872 1898
17242 2 2 2 127 1874 1873 1897
17243 2 2 2 127 1897 1873 1898
17244 2 2 2 127 1874 6740 1875
17245 2 2 2 127 1920 2026 1921
17246 2 2 2 127 1921 2025 1922
17247 2 2 2 127 2026 2025 1921
17248 2 2 2 127 1922 6715 1923
17249 2 2 2 127 1926 1967 1927
17250 2 2 2 127 1929 1969 1930
17251 2 2 2 127 1970 1969 1929
17252 2 2 2 127 1969 1968 1930
17253 2 2 2 127 1933 6752 1934
17254 2 2 2 127 2006 1935 2007
17255 2 2 2 127 1945 1953 1946
17256 2 2 2 127 1954 1953 1945
17257 2 2 2 127 1953 1952 1946
17258 2 2 2 127 1949 6715 1950
17259 2 2 2 127 1951 2023 2022
17260 2 2 2 127 1965 6735 1966
17261 2 2 2 127 1970 6735 1971
17262 2 2 2 127 1990 1983 1991
17263 2 2 2 127 1985 1984 2010
17264 2 2 2 127 1986 1985 2009
17265 2 2 2 127 2009 1985 2010
17266 2 2 2 127 1986 6752 1987
17267 2 2 2 127 2033 2032 2138
17268 2 2 2 127 2034 2033 2137
17269 2 2 2 127 2137 2033 2138
17270 2 2 2 127 2034 6709 2035
17271 2 2 2 127 2079 2039 2038
17272 2 2 2 127 2041 2081 2042
17273 2 2 2 127 2082 2081 2041
17274 2 2 2 127 2081 2080 2042
17275 2 2 2 127 2045 6744 2046
17276 2 2 2 127 2119 2118 2047
17277 2 2 2 127 2057 2065 2058
17278 2 2 2 127 2066 2065 2057
17279 2 2 2 127 2065 2064 2058
17280 2 2 2 127 2061 6709 2062
17281 2 2 2 127 2135 2134 2063
17282 2 2 2 127 2077 6727 2078
17283 2 2 2 127 2082 6727 2083
17284 2 2 2 127 2102 2095 2103
17285 2 2 2 127 2097 2096 2122
17286 2 2 2 127 2098 2097 2121
17287 2 2 2 127 2121 2097 2122
17288 2 2 2 127 2098 6744 2099
17289 2 2 2 127 1 6475 128
17290 2 2 2 127 1 214 213
17291 2 2 2 127 213 6475 1
17292 2 2 2 127 229 2 230
17293 2 2 2 127 134 133 3
17294 2 2 2 127 133 6432 3
17295 2 2 2 127 3 6432 160
17296 2 2 2 127 4 6463 176
17297 2 2 2 127 198 197 4
17298 2 2 2 127 197 6463 4
17299 2 2 2 127 8 6473 240
17300 2 2 2 127 326 325 8
17301 2 2 2 127 325 6473 8
17302 2 2 2 127 342 341 9
17303 2 2 2 127 246 245 10
17304 2 2 2 127 245 6433 10
17305 2 2 2 127 10 6433 272
17306 2 2 2 127 11 6458 288
17307 2 2 2 127 309 11 310
17308 2 2 2 127 309 6458 11
17309 2 2 2 127 15 6480 352
17310 2 2 2 127 437 15 438
17311 2 2 2 127 437 6480 15
17312 2 2 2 127 454 453 16
17313 2 2 2 127 357 17 358
17314 2 2 2 127 357 6435 17
17315 2 2 2 127 17 6435 384
17316 2 2 2 127 18 6455 400
17317 2 2 2 127 422 421 18
17318 2 2 2 127 421 6455 18
17319 2 2 2 127 22 6477 464
17320 2 2 2 127 550 549 22
17321 2 2 2 127 549 6477 22
17322 2 2 2 127 566 565 23
17323 2 2 2 127 469 24 470
17324 2 2 2 127 469 6442 24
17325 2 2 2 127 24 6442 496
17326 2 2 2 127 25 6460 512
17327 2 2 2 127 533 25 534
17328 2 2 2 127 533 6460 25
17329 2 2 2 127 29 6472 576
17330 2 2 2 127 662 661 29
17331 2 2 2 127 661 6472 29
17332 2 2 2 127 677 30 678
17333 2 2 2 127 582 581 31
17334 2 2 2 127 581 6437 31
17335 2 2 2 127 31 6437 608
17336 2 2 2 127 32 6465 624
17337 2 2 2 127 645 32 646
17338 2 2 2 127 645 6465 32
17339 2 2 2 127 36 6479 688
17340 2 2 2 127 773 36 774
17341 2 2 2 127 773 6479 36
17342 2 2 2 127 790 789 37
17343 2 2 2 127 693 38 694
17344 2 2 2 127 693 6439 38
17345 2 2 2 127 38 6439 720
17346 2 2 2 127 39 6462 736
17347 2 2 2 127 757 39 758
17348 2 2 2 127 757 6462 39
17349 2 2 2 127 43 6474 800
17350 2 2 2 127 885 43 886
17351 2 2 2 127 885 6474 43
17352 2 2 2 127 901 44 902
17353 2 2 2 127 805 45 806
17354 2 2 2 127 805 6434 45
17355 2 2 2 127 45 6434 832
17356 2 2 2 127 46 6454 848
17357 2 2 2 127 869 46 870
17358 2 2 2 127 869 6454 46
17359 2 2 2 127 50 6483 912
17360 2 2 2 127 997 50 998
17361 2 2 2 127 997 6483 50
17362 2 2 2 127 1013 51 1014
17363 2 2 2 127 918 917 52
17364 2 2 2 127 917 6440 52
17365 2 2 2 127 52 6440 944
17366 2 2 2 127 53 6467 960
17367 2 2 2 127 981 53 982
17368 2 2 2 127 981 6467 53
17369 2 2 2 127 57 6485 1024
17370 2 2 2 127 1109 57 1110
17371 2 2 2 127 1109 6485 57
17372 2 2 2 127 1126 1125 58
17373 2 2 2 127 1029 59 1030
17374 2 2 2 127 1029 6448 59
17375 2 2 2 127 59 6448 1056
17376 2 2 2 127 60 6457 1072
17377 2 2 2 127 1093 60 1094
17378 2 2 2 127 1093 6457 60
17379 2 2 2 127 64 6484 1136
17380 2 2 2 127 1221 64 1222
17381 2 2 2 127 1221 6484 64
17382 2 2 2 127 1237 65 1238
17383 2 2 2 127 1141 66 1142
17384 2 2 2 127 1141 6438 66
17385 2 2 2 127 66 6438 1168
17386 2 2 2 127 67 6466 1184
17387 2 2 2 127 1205 67 1206
17388 2 2 2 127 1205 6466 67
17389 2 2 2 127 71 6486 1248
17390 2 2 2 127 1333 71 1334
17391 2 2 2 127 1333 6486 71
17392 2 2 2 127 1349 72 1350
17393 2 2 2 127 1253 73 1254
17394 2 2 2 127 1253 6445 73
17395 2 2 2 127 73 6445 1280
17396 2 2 2 127 74 6471 1296
17397 2 2 2 127 1317 74 1318
17398 2 2 2 127 1317 6471 74
17399 2 2 2 127 78 6487 1360
17400 2 2 2 127 1445 78 1446
17401 2 2 2 127 1445 6487 78
17402 2 2 2 127 1461 79 1462
17403 2 2 2 127 1366 1365 80
17404 2 2 2 127 1365 6441 80
17405 2 2 2 127 80 6441 1392
17406 2 2 2 127 81 6456 1408
17407 2 2 2 127 1430 1429 81
17408 2 2 2 127 1429 6456 81
17409 2 2 2 127 85 6489 1472
17410 2 2 2 127 1557 85 1558
17411 2 2 2 127 1557 6489 85
17412 2 2 2 127 1573 86 1574
17413 2 2 2 127 1477 87 1478
17414 2 2 2 127 1477 6436 87
17415 2 2 2 127 87 6436 1504
17416 2 2 2 127 88 6464 1520
17417 2 2 2 127 1541 88 1542
17418 2 2 2 127 1541 6464 88
17419 2 2 2 127 92 6488 1584
17420 2 2 2 127 1669 92 1670
17421 2 2 2 127 1669 6488 92
17422 2 2 2 127 1686 1685 93
17423 2 2 2 127 1589 94 1590
17424 2 2 2 127 1589 6443 94
17425 2 2 2 127 94 6443 1616
17426 2 2 2 127 95 6469 1632
17427 2 2 2 127 1654 1653 95
17428 2 2 2 127 1653 6469 95
17429 2 2 2 127 99 6481 1696
17430 2 2 2 127 1782 1781 99
17431 2 2 2 127 1781 6481 99
17432 2 2 2 127 1798 1797 100
17433 2 2 2 127 1701 101 1702
17434 2 2 2 127 1701 6444 101
17435 2 2 2 127 101 6444 1728
17436 2 2 2 127 102 6470 1744
17437 2 2 2 127 1766 1765 102
17438 2 2 2 127 1765 6470 102
17439 2 2 2 127 106 6476 1808
17440 2 2 2 127 1893 106 1894
17441 2 2 2 127 1893 6476 106
17442 2 2 2 127 1910 1909 107
17443 2 2 2 127 1813 108 1814
17444 2 2 2 127 1813 6446 108
17445 2 2 2 127 108 6446 1840
17446 2 2 2 127 109 6459 1856
17447 2 2 2 127 1877 109 1878
17448 2 2 2 127 1877 6459 109
17449 2 2 2 127 113 6478 1920
17450 2 2 2 127 2005 113 2006
17451 2 2 2 127 2005 6478 113
17452 2 2 2 127 2021 114 2022
17453 2 2 2 127 1925 115 1926
17454 2 2 2 127 1925 6449 115
17455 2 2 2 127 115 6449 1952
17456 2 2 2 127 116 6461 1968
17457 2 2 2 127 1990 1989 116
17458 2 2 2 127 1989 6461 116
17459 2 2 2 127 120 6482 2032
17460 2 2 2 127 2117 120 2118
17461 2 2 2 127 2117 6482 120
17462 2 2 2 127 2133 121 2134
17463 2 2 2 127 2037 122 2038
17464 2 2 2 127 2037 6447 122
17465 2 2 2 127 122 6447 2064
17466 2 2 2 127 123 6468 2080
17467 2 2 2 127 2102 2101 123
17468 2 2 2 127 2101 6468 123
17469 2 2 2 127 234 128 235
17470 2 2 2 127 128 6475 235
17471 2 2 2 127 232 130 233
17472 2 2 2 127 132 131 157
17473 2 2 2 127 133 132 156
17474 2 2 2 127 156 132 157
17475 2 2 2 127 155 133 156
17476 2 2 2 127 136 135 174
17477 2 2 2 127 174 135 175
17478 2 2 2 127 136 178 137
17479 2 2 2 127 138 176 139
17480 2 2 2 127 139 197 140
17481 2 2 2 127 176 6463 139
17482 2 2 2 127 140 196 141
17483 2 2 2 127 197 196 140
17484 2 2 2 127 196 195 141
17485 2 2 2 127 142 215 143
17486 2 2 2 127 216 215 142
17487 2 2 2 127 152 162 153
17488 2 2 2 127 154 160 155
17489 2 2 2 127 160 6432 155
17490 2 2 2 127 159 158 231
17491 2 2 2 127 231 158 232
17492 2 2 2 127 171 181 172
17493 2 2 2 127 172 180 173
17494 2 2 2 127 181 180 172
17495 2 2 2 127 180 179 173
17496 2 2 2 127 190 199 191
17497 2 2 2 127 200 199 190
17498 2 2 2 127 218 192 219
17499 2 2 2 127 216 194 217
17500 2 2 2 127 212 211 237
17501 2 2 2 127 213 212 236
17502 2 2 2 127 236 212 237
17503 2 2 2 127 235 213 236
17504 2 2 2 127 347 346 240
17505 2 2 2 127 240 6473 347
17506 2 2 2 127 345 344 242
17507 2 2 2 127 243 269 244
17508 2 2 2 127 244 268 245
17509 2 2 2 127 269 268 244
17510 2 2 2 127 268 267 245
17511 2 2 2 127 247 286 248
17512 2 2 2 127 287 286 247
17513 2 2 2 127 248 290 249
17514 2 2 2 127 250 288 251
17515 2 2 2 127 252 251 309
17516 2 2 2 127 288 6458 251
17517 2 2 2 127 253 252 308
17518 2 2 2 127 308 252 309
17519 2 2 2 127 307 253 308
17520 2 2 2 127 254 327 255
17521 2 2 2 127 328 327 254
17522 2 2 2 127 265 264 274
17523 2 2 2 127 267 266 272
17524 2 2 2 127 272 6433 267
17525 2 2 2 127 270 343 271
17526 2 2 2 127 344 343 270
17527 2 2 2 127 284 283 293
17528 2 2 2 127 285 284 292
17529 2 2 2 127 292 284 293
17530 2 2 2 127 291 285 292
17531 2 2 2 127 303 302 311
17532 2 2 2 127 311 302 312
17533 2 2 2 127 331 330 304
17534 2 2 2 127 329 328 306
17535 2 2 2 127 324 323 349
17536 2 2 2 127 325 324 348
17537 2 2 2 127 348 324 349
17538 2 2 2 127 347 325 348
17539 2 2 2 127 458 352 459
17540 2 2 2 127 352 6480 459
17541 2 2 2 127 456 354 457
17542 2 2 2 127 356 355 381
17543 2 2 2 127 357 356 380
17544 2 2 2 127 380 356 381
17545 2 2 2 127 379 357 380
17546 2 2 2 127 359 398 360
17547 2 2 2 127 399 398 359
17548 2 2 2 127 360 402 361
17549 2 2 2 127 362 400 363
17550 2 2 2 127 363 421 364
17551 2 2 2 127 400 6455 363
17552 2 2 2 127 364 420 365
17553 2 2 2 127 421 420 364
17554 2 2 2 127 420 419 365
17555 2 2 2 127 367 366 439
17556 2 2 2 127 439 366 440
17557 2 2 2 127 376 386 377
17558 2 2 2 127 378 384 379
17559 2 2 2 127 384 6435 379
17560 2 2 2 127 382 455 383
17561 2 2 2 127 456 455 382
17562 2 2 2 127 395 405 396
17563 2 2 2 127 396 404 397
17564 2 2 2 127 405 404 396
17565 2 2 2 127 404 403 397
17566 2 2 2 127 414 423 415
17567 2 2 2 127 424 423 414
17568 2 2 2 127 442 416 443
17569 2 2 2 127 440 418 441
17570 2 2 2 127 435 461 436
17571 2 2 2 127 436 460 437
17572 2 2 2 127 461 460 436
17573 2 2 2 127 460 459 437
17574 2 2 2 127 570 464 571
17575 2 2 2 127 464 6477 571
17576 2 2 2 127 568 466 569
17577 2 2 2 127 468 467 493
17578 2 2 2 127 469 468 492
17579 2 2 2 127 492 468 493
17580 2 2 2 127 491 469 492
17581 2 2 2 127 471 510 472
17582 2 2 2 127 511 510 471
17583 2 2 2 127 472 514 473
17584 2 2 2 127 474 512 475
17585 2 2 2 127 475 533 476
17586 2 2 2 127 512 6460 475
17587 2 2 2 127 476 532 477
17588 2 2 2 127 533 532 476
17589 2 2 2 127 532 531 477
17590 2 2 2 127 478 551 479
17591 2 2 2 127 552 551 478
17592 2 2 2 127 488 498 489
17593 2 2 2 127 490 496 491
17594 2 2 2 127 496 6442 491
17595 2 2 2 127 494 567 495
17596 2 2 2 127 568 567 494
17597 2 2 2 127 508 507 517
17598 2 2 2 127 509 508 516
17599 2 2 2 127 516 508 517
17600 2 2 2 127 515 509 516
17601 2 2 2 127 527 526 535
17602 2 2 2 127 535 526 536
17603 2 2 2 127 554 528 555
17604 2 2 2 127 552 530 553
17605 2 2 2 127 548 547 573
17606 2 2 2 127 549 548 572
17607 2 2 2 127 572 548 573
17608 2 2 2 127 571 549 572
17609 2 2 2 127 682 576 683
17610 2 2 2 127 576 6472 683
17611 2 2 2 127 680 578 681
17612 2 2 2 127 580 579 605
17613 2 2 2 127 581 580 604
17614 2 2 2 127 604 580 605
17615 2 2 2 127 603 581 604
17616 2 2 2 127 583 622 584
17617 2 2 2 127 623 622 583
17618 2 2 2 127 584 626 585
17619 2 2 2 127 586 624 587
17620 2 2 2 127 587 645 588
17621 2 2 2 127 624 6465 587
17622 2 2 2 127 588 644 589
17623 2 2 2 127 645 644 588
17624 2 2 2 127 644 643 589
17625 2 2 2 127 590 663 591
17626 2 2 2 127 664 663 590
17627 2 2 2 127 600 610 601
17628 2 2 2 127 602 608 603
17629 2 2 2 127 608 6437 603
17630 2 2 2 127 607 606 679
17631 2 2 2 127 679 606 680
17632 2 2 2 127 619 629 620
17633 2 2 2 127 620 628 621
17634 2 2 2 127 629 628 620
17635 2 2 2 127 628 627 621
17636 2 2 2 127 639 638 647
17637 2 2 2 127 647 638 648
17638 2 2 2 127 666 640 667
17639 2 2 2 127 664 642 665
17640 2 2 2 127 660 659 685
17641 2 2 2 127 661 660 684
17642 2 2 2 127 684 660 685
17643 2 2 2 127 683 661 684
17644 2 2 2 127 794 688 795
17645 2 2 2 127 688 6479 795
17646 2 2 2 127 792 690 793
17647 2 2 2 127 692 691 717
17648 2 2 2 127 693 692 716
17649 2 2 2 127 716 692 717
17650 2 2 2 127 715 693 716
17651 2 2 2 127 695 734 696
17652 2 2 2 127 735 734 695
17653 2 2 2 127 696 738 697
17654 2 2 2 127 698 736 699
17655 2 2 2 127 699 757 700
17656 2 2 2 127 736 6462 699
17657 2 2 2 127 700 756 701
17658 2 2 2 127 757 756 700
17659 2 2 2 127 756 755 701
17660 2 2 2 127 703 702 775
17661 2 2 2 127 775 702 776
17662 2 2 2 127 712 722 713
17663 2 2 2 127 714 720 715
17664 2 2 2 127 720 6439 715
17665 2 2 2 127 718 791 719
17666 2 2 2 127 792 791 718
17667 2 2 2 127 732 731 741
17668 2 2 2 127 733 732 740
17669 2 2 2 127 740 732 741
17670 2 2 2 127 739 733 740
17671 2 2 2 127 750 759 751
17672 2 2 2 127 760 759 750
17673 2 2 2 127 778 752 779
17674 2 2 2 127 776 754 777
17675 2 2 2 127 772 771 797
17676 2 2 2 127 773 772 796
17677 2 2 2 127 796 772 797
17678 2 2 2 127 795 773 796
17679 2 2 2 127 907 906 800
17680 2 2 2 127 800 6474 907
17681 2 2 2 127 904 802 905
17682 2 2 2 127 804 803 829
17683 2 2 2 127 805 804 828
17684 2 2 2 127 828 804 829
17685 2 2 2 127 827 805 828
17686 2 2 2 127 807 846 808
17687 2 2 2 127 847 846 807
17688 2 2 2 127 808 850 809
17689 2 2 2 127 810 848 811
17690 2 2 2 127 811 869 812
17691 2 2 2 127 848 6454 811
17692 2 2 2 127 812 868 813
17693 2 2 2 127 869 868 812
17694 2 2 2 127 868 867 813
17695 2 2 2 127 815 814 887
17696 2 2 2 127 887 814 888
17697 2 2 2 127 824 834 825
17698 2 2 2 127 826 832 827
17699 2 2 2 127 832 6434 827
17700 2 2 2 127 830 903 831
17701 2 2 2 127 904 903 830
17702 2 2 2 127 843 853 844
17703 2 2 2 127 844 852 845
17704 2 2 2 127 853 852 844
17705 2 2 2 127 852 851 845
17706 2 2 2 127 863 862 871
17707 2 2 2 127 871 862 872
17708 2 2 2 127 890 864 891
17709 2 2 2 127 888 866 889
17710 2 2 2 127 884 883 909
17711 2 2 2 127 884 908 885
17712 2 2 2 127 909 908 884
17713 2 2 2 127 908 907 885
17714 2 2 2 127 1018 912 1019
17715 2 2 2 127 912 6483 1019
17716 2 2 2 127 1016 914 1017
17717 2 2 2 127 916 915 941
17718 2 2 2 127 917 916 940
17719 2 2 2 127 940 916 941
17720 2 2 2 127 939 917 940
17721 2 2 2 127 920 919 958
17722 2 2 2 127 958 919 959
17723 2 2 2 127 921 920 962
17724 2 2 2 127 923 922 960
17725 2 2 2 127 924 923 981
17726 2 2 2 127 960 6467 923
17727 2 2 2 127 925 924 980
17728 2 2 2 127 980 924 981
17729 2 2 2 127 980 979 925
17730 2 2 2 127 926 999 927
17731 2 2 2 127 1000 999 926
17732 2 2 2 127 937 936 946
17733 2 2 2 127 939 938 944
17734 2 2 2 127 944 6440 939
17735 2 2 2 127 942 1015 943
17736 2 2 2 127 1016 1015 942
17737 2 2 2 127 955 965 956
17738 2 2 2 127 964 957 956
17739 2 2 2 127 965 964 956
17740 2 2 2 127 963 957 964
17741 2 2 2 127 975 974 983
17742 2 2 2 127 983 974 984
17743 2 2 2 127 1003 1002 976
17744 2 2 2 127 1001 1000 978
17745 2 2 2 127 996 995 1021
17746 2 2 2 127 997 996 1020
17747 2 2 2 127 1020 996 1021
17748 2 2 2 127 1019 997 1020
17749 2 2 2 127 1130 1024 1131
17750 2 2 2 127 1024 6485 1131
17751 2 2 2 127 1128 1026 1129
17752 2 2 2 127 1028 1027 1053
17753 2 2 2 127 1029 1028 1052
17754 2 2 2 127 1052 1028 1053
17755 2 2 2 127 1051 1029 1052
17756 2 2 2 127 1031 1070 1032
17757 2 2 2 127 1071 1070 1031
17758 2 2 2 127 1032 1074 1033
17759 2 2 2 127 1034 1072 1035
17760 2 2 2 127 1036 1035 1093
17761 2 2 2 127 1072 6457 1035
17762 2 2 2 127 1037 1036 1092
17763 2 2 2 127 1092 1036 1093
17764 2 2 2 127 1091 1037 1092
17765 2 2 2 127 1039 1038 1111
17766 2 2 2 127 1111 1038 1112
17767 2 2 2 127 1048 1058 1049
17768 2 2 2 127 1050 1056 1051
17769 2 2 2 127 1056 6448 1051
17770 2 2 2 127 1054 1127 1055
17771 2 2 2 127 1128 1127 1054
17772 2 2 2 127 1067 1077 1068
17773 2 2 2 127 1068 1076 1069
17774 2 2 2 127 1077 1076 1068
17775 2 2 2 127 1076 1075 1069
17776 2 2 2 127 1087 1086 1095
17777 2 2 2 127 1095 1086 1096
17778 2 2 2 127 1114 1088 1115
17779 2 2 2 127 1112 1090 1113
17780 2 2 2 127 1108 1107 1133
17781 2 2 2 127 1109 1108 1132
17782 2 2 2 127 1132 1108 1133
17783 2 2 2 127 1131 1109 1132
17784 2 2 2 127 1242 1136 1243
17785 2 2 2 127 1136 6484 1243
17786 2 2 2 127 1240 1138 1241
17787 2 2 2 127 1140 1139 1165
17788 2 2 2 127 1141 1140 1164
17789 2 2 2 127 1164 1140 1165
17790 2 2 2 127 1163 1141 1164
17791 2 2 2 127 1143 1182 1144
17792 2 2 2 127 1183 1182 1143
17793 2 2 2 127 1144 1186 1145
17794 2 2 2 127 1146 1184 1147
17795 2 2 2 127 1147 1205 1148
17796 2 2 2 127 1184 6466 1147
17797 2 2 2 127 1148 1204 1149
17798 2 2 2 127 1205 1204 1148
17799 2 2 2 127 1204 1203 1149
17800 2 2 2 127 1151 1150 1223
17801 2 2 2 127 1223 1150 1224
17802 2 2 2 127 1160 1170 1161
17803 2 2 2 127 1162 1168 1163
17804 2 2 2 127 1168 6438 1163
17805 2 2 2 127 1167 1166 1239
17806 2 2 2 127 1239 1166 1240
17807 2 2 2 127 1179 1189 1180
17808 2 2 2 127 1180 1188 1181
17809 2 2 2 127 1189 1188 1180
17810 2 2 2 127 1188 1187 1181
17811 2 2 2 127 1199 1198 1207
17812 2 2 2 127 1207 1198 1208
17813 2 2 2 127 1226 1200 1227
17814 2 2 2 127 1224 1202 1225
17815 2 2 2 127 1220 1219 1245
17816 2 2 2 127 1221 1220 1244
17817 2 2 2 127 1244 1220 1245
17818 2 2 2 127 1243 1221 1244
17819 2 2 2 127 1354 1248 1355
17820 2 2 2 127 1248 6486 1355
17821 2 2 2 127 1352 1250 1353
17822 2 2 2 127 1252 1251 1277
17823 2 2 2 127 1253 1252 1276
17824 2 2 2 127 1276 1252 1277
17825 2 2 2 127 1275 1253 1276
17826 2 2 2 127 1255 1294 1256
17827 2 2 2 127 1295 1294 1255
17828 2 2 2 127 1256 1298 1257
17829 2 2 2 127 1258 1296 1259
17830 2 2 2 127 1259 1317 1260
17831 2 2 2 127 1296 6471 1259
17832 2 2 2 127 1260 1316 1261
17833 2 2 2 127 1317 1316 1260
17834 2 2 2 127 1316 1315 1261
17835 2 2 2 127 1263 1262 1335
17836 2 2 2 127 1335 1262 1336
17837 2 2 2 127 1272 1282 1273
17838 2 2 2 127 1274 1280 1275
17839 2 2 2 127 1280 6445 1275
17840 2 2 2 127 1279 1278 1351
17841 2 2 2 127 1351 1278 1352
17842 2 2 2 127 1291 1301 1292
17843 2 2 2 127 1292 1300 1293
17844 2 2 2 127 1301 1300 1292
17845 2 2 2 127 1300 1299 1293
17846 2 2 2 127 1311 1310 1319
17847 2 2 2 127 1319 1310 1320
17848 2 2 2 127 1338 1312 1339
17849 2 2 2 127 1336 1314 1337
17850 2 2 2 127 1332 1331 1357
17851 2 2 2 127 1333 1332 1356
17852 2 2 2 127 1356 1332 1357
17853 2 2 2 127 1355 1333 1356
17854 2 2 2 127 1466 1360 1467
17855 2 2 2 127 1360 6487 1467
17856 2 2 2 127 1464 1362 1465
17857 2 2 2 127 1364 1363 1389
17858 2 2 2 127 1365 1364 1388
17859 2 2 2 127 1388 1364 1389
17860 2 2 2 127 1387 1365 1388
17861 2 2 2 127 1368 1367 1406
17862 2 2 2 127 1406 1367 1407
17863 2 2 2 127 1368 1410 1369
17864 2 2 2 127 1370 1408 1371
17865 2 2 2 127 1371 1429 1372
17866 2 2 2 127 1408 6456 1371
17867 2 2 2 127 1372 1428 1373
17868 2 2 2 127 1429 1428 1372
17869 2 2 2 127 1428 1427 1373
17870 2 2 2 127 1375 1374 1447
17871 2 2 2 127 1447 1374 1448
17872 2 2 2 127 1384 1394 1385
17873 2 2 2 127 1386 1392 1387
17874 2 2 2 127 1392 6441 1387
17875 2 2 2 127 1391 1390 1463
17876 2 2 2 127 1463 1390 1464
17877 2 2 2 127 1403 1413 1404
17878 2 2 2 127 1404 1412 1405
17879 2 2 2 127 1413 1412 1404
17880 2 2 2 127 1412 1411 1405
17881 2 2 2 127 1422 1431 1423
17882 2 2 2 127 1432 1431 1422
17883 2 2 2 127 1450 1424 1451
17884 2 2 2 127 1448 1426 1449
17885 2 2 2 127 1444 1443 1469
17886 2 2 2 127 1445 1444 1468
17887 2 2 2 127 1468 1444 1469
17888 2 2 2 127 1467 1445 1468
17889 2 2 2 127 1578 1472 1579
17890 2 2 2 127 1472 6489 1579
17891 2 2 2 127 1576 1474 1577
17892 2 2 2 127 1476 1475 1501
17893 2 2 2 127 1477 1476 1500
17894 2 2 2 127 1500 1476 1501
17895 2 2 2 127 1499 1477 1500
17896 2 2 2 127 1479 1518 1480
17897 2 2 2 127 1519 1518 1479
17898 2 2 2 127 1480 1522 1481
17899 2 2 2 127 1482 1520 1483
17900 2 2 2 127 1483 1541 1484
17901 2 2 2 127 1520 6464 1483
17902 2 2 2 127 1484 1540 1485
17903 2 2 2 127 1541 1540 1484
17904 2 2 2 127 1540 1539 1485
17905 2 2 2 127 1487 1486 1559
17906 2 2 2 127 1559 1486 1560
17907 2 2 2 127 1496 1506 1497
17908 2 2 2 127 1498 1504 1499
17909 2 2 2 127 1504 6436 1499
17910 2 2 2 127 1503 1502 1575
17911 2 2 2 127 1575 1502 1576
17912 2 2 2 127 1515 1525 1516
17913 2 2 2 127 1516 1524 1517
17914 2 2 2 127 1525 1524 1516
17915 2 2 2 127 1524 1523 1517
17916 2 2 2 127 1535 1534 1543
17917 2 2 2 127 1543 1534 1544
17918 2 2 2 127 1562 1536 1563
17919 2 2 2 127 1560 1538 1561
17920 2 2 2 127 1556 1555 1581
17921 2 2 2 127 1557 1556 1580
17922 2 2 2 127 1580 1556 1581
17923 2 2 2 127 1579 1557 1580
17924 2 2 2 127 1584 1691 1690
17925 2 2 2 127 1584 6488 1691
17926 2 2 2 127 1586 1689 1688
17927 2 2 2 127 1588 1587 1613
17928 2 2 2 127 1589 1588 1612
17929 2 2 2 127 1612 1588 1613
17930 2 2 2 127 1612 1611 1589
17931 2 2 2 127 1591 1630 1592
17932 2 2 2 127 1631 1630 1591
17933 2 2 2 127 1592 1634 1593
17934 2 2 2 127 1594 1632 1595
17935 2 2 2 127 1595 1653 1596
17936 2 2 2 127 1632 6469 1595
17937 2 2 2 127 1596 1652 1597
17938 2 2 2 127 1653 1652 1596
17939 2 2 2 127 1652 1651 1597
17940 2 2 2 127 1599 1598 1671
17941 2 2 2 127 1671 1598 1672
17942 2 2 2 127 1609 1608 1618
17943 2 2 2 127 1611 1610 1616
17944 2 2 2 127 1616 6443 1611
17945 2 2 2 127 1615 1614 1687
17946 2 2 2 127 1687 1614 1688
17947 2 2 2 127 1627 1637 1628
17948 2 2 2 127 1628 1636 1629
17949 2 2 2 127 1637 1636 1628
17950 2 2 2 127 1636 1635 1629
17951 2 2 2 127 1647 1646 1655
17952 2 2 2 127 1655 1646 1656
17953 2 2 2 127 1674 1648 1675
17954 2 2 2 127 1672 1650 1673
17955 2 2 2 127 1667 1693 1668
17956 2 2 2 127 1668 1692 1669
17957 2 2 2 127 1693 1692 1668
17958 2 2 2 127 1669 1692 1691
17959 2 2 2 127 1803 1802 1696
17960 2 2 2 127 1696 6481 1803
17961 2 2 2 127 1801 1800 1698
17962 2 2 2 127 1699 1725 1700
17963 2 2 2 127 1700 1724 1701
17964 2 2 2 127 1725 1724 1700
17965 2 2 2 127 1724 1723 1701
17966 2 2 2 127 1704 1703 1742
17967 2 2 2 127 1742 1703 1743
17968 2 2 2 127 1746 1705 1704
17969 2 2 2 127 1707 1706 1744
17970 2 2 2 127 1708 1707 1765
17971 2 2 2 127 1744 6470 1707
17972 2 2 2 127 1709 1708 1764
17973 2 2 2 127 1764 1708 1765
17974 2 2 2 127 1764 1763 1709
17975 2 2 2 127 1711 1710 1783
17976 2 2 2 127 1783 1710 1784
17977 2 2 2 127 1721 1720 1730
17978 2 2 2 127 1723 1722 1728
17979 2 2 2 127 1728 6444 1723
17980 2 2 2 127 1726 1799 1727
17981 2 2 2 127 1800 1799 1726
17982 2 2 2 127 1740 1739 1749
17983 2 2 2 127 1741 1740 1748
17984 2 2 2 127 1748 1740 1749
17985 2 2 2 127 1747 1741 1748
17986 2 2 2 127 1759 1758 1767
17987 2 2 2 127 1767 1758 1768
17988 2 2 2 127 1787 1786 1760
17989 2 2 2 127 1785 1784 1762
17990 2 2 2 127 1780 1779 1805
17991 2 2 2 127 1780 1804 1781
17992 2 2 2 127 1805 1804 1780
17993 2 2 2 127 1804 1803 1781
17994 2 2 2 127 1914 1808 1915
17995 2 2 2 127 1808 6476 1915
17996 2 2 2 127 1912 1810 1913
17997 2 2 2 127 1812 1811 1837
17998 2 2 2 127 1813 1812 1836
17999 2 2 2 127 1836 1812 1837
18000 2 2 2 127 1835 1813 1836
18001 2 2 2 127 1815 1854 1816
18002 2 2 2 127 1855 1854 1815
18003 2 2 2 127 1816 1858 1817
18004 2 2 2 127 1818 1856 1819
18005 2 2 2 127 1819 1877 1820
18006 2 2 2 127 1856 6459 1819
18007 2 2 2 127 1820 1876 1821
18008 2 2 2 127 1877 1876 1820
18009 2 2 2 127 1876 1875 1821
18010 2 2 2 127 1823 1822 1895
18011 2 2 2 127 1895 1822 1896
18012 2 2 2 127 1832 1842 1833
18013 2 2 2 127 1834 1840 1835
18014 2 2 2 127 1840 6446 1835
18015 2 2 2 127 1838 1911 1839
18016 2 2 2 127 1912 1911 1838
18017 2 2 2 127 1851 1861 1852
18018 2 2 2 127 1852 1860 1853
18019 2 2 2 127 1861 1860 1852
18020 2 2 2 127 1860 1859 1853
18021 2 2 2 127 1871 1870 1879
18022 2 2 2 127 1879 1870 1880
18023 2 2 2 127 1898 1872 1899
18024 2 2 2 127 1896 1874 1897
18025 2 2 2 127 1892 1891 1917
18026 2 2 2 127 1893 1892 1916
18027 2 2 2 127 1916 1892 1917
18028 2 2 2 127 1915 1893 1916
18029 2 2 2 127 2027 2026 1920
18030 2 2 2 127 1920 6478 2027
18031 2 2 2 127 1922 2025 2024
18032 2 2 2 127 1924 1923 1949
18033 2 2 2 127 1925 1924 1948
18034 2 2 2 127 1948 1924 1949
18035 2 2 2 127 1947 1925 1948
18036 2 2 2 127 1927 1966 1928
18037 2 2 2 127 1967 1966 1927
18038 2 2 2 127 1928 1970 1929
18039 2 2 2 127 1930 1968 1931
18040 2 2 2 127 1931 1989 1932
18041 2 2 2 127 1968 6461 1931
18042 2 2 2 127 1932 1988 1933
18043 2 2 2 127 1989 1988 1932
18044 2 2 2 127 1988 1987 1933
18045 2 2 2 127 1935 1934 2007
18046 2 2 2 127 2007 1934 2008
18047 2 2 2 127 1944 1954 1945
18048 2 2 2 127 1946 1952 1947
18049 2 2 2 127 1952 6449 1947
18050 2 2 2 127 1950 2023 1951
18051 2 2 2 127 1950 2024 2023
18052 2 2 2 127 1963 1973 1964
18053 2 2 2 127 1964 1972 1965
18054 2 2 2 127 1973 1972 1964
18055 2 2 2 127 1972 1971 1965
18056 2 2 2 127 1983 1982 1991
18057 2 2 2 127 1991 1982 1992
18058 2 2 2 127 2010 1984 2011
18059 2 2 2 127 2008 1986 2009
18060 2 2 2 127 2003 2029 2004
18061 2 2 2 127 2004 2028 2005
18062 2 2 2 127 2029 2028 2004
18063 2 2 2 127 2028 2027 2005
18064 2 2 2 127 2138 2032 2139
18065 2 2 2 127 2032 6482 2139
18066 2 2 2 127 2136 2034 2137
18067 2 2 2 127 2036 2035 2061
18068 2 2 2 127 2037 2036 2060
18069 2 2 2 127 2060 2036 2061
18070 2 2 2 127 2059 2037 2060
18071 2 2 2 127 2040 2039 2078
18072 2 2 2 127 2078 2039 2079
18073 2 2 2 127 2040 2082 2041
18074 2 2 2 127 2042 2080 2043
18075 2 2 2 127 2043 2101 2044
18076 2 2 2 127 2080 6468 2043
18077 2 2 2 127 2044 2100 2045
18078 2 2 2 127 2101 2100 2044
18079 2 2 2 127 2100 2099 2045
18080 2 2 2 127 2046 2119 2047
18081 2 2 2 127 2120 2119 2046
18082 2 2 2 127 2056 2066 2057
18083 2 2 2 127 2058 2064 2059
18084 2 2 2 127 2064 6447 2059
18085 2 2 2 127 2062 2135 2063
18086 2 2 2 127 2136 2135 2062
18087 2 2 2 127 2075 2085 2076
18088 2 2 2 127 2076 2084 2077
18089 2 2 2 127 2085 2084 2076
18090 2 2 2 127 2084 2083 2077
18091 2 2 2 127 2095 2094 2103
18092 2 2 2 127 2103 2094 2104
18093 2 2 2 127 2122 2096 2123
18094 2 2 2 127 2120 2098 2121
18095 2 2 2 127 2116 2115 2141
18096 2 2 2 127 2117 2116 2140
18097 2 2 2 127 2140 2116 2141
18098 2 2 2 127 2139 2117 2140
18099 2 2 2 127 7472 8811 7836
18100 2 2 2 127 7753 7938 7756
$EndElements
