$MeshFormat
2.2 0 8
$EndMeshFormat
$PhysicalNames
3
1 3 "outer"
2 1 "copper"
2 2 "air"
$EndPhysicalNames
$Nodes
9064
1 -0.0005216053448222197 -0.0002626091618105008 0
2 -0.000733426975276758 -0.0001748697696722493 0
3 -0.0007035007025538193 -0.0004021823787860447 0
4 -0.000491679072099281 -0.0004899217709242962 0
5 -0.0003097837143676814 -0.0003503485539487524 0
6 -0.0003397099870906201 -0.000123035944834957 0
7 -0.0005515316175451583 -3.529655269670533e-05 0
8 2.281816059538333e-05 -0.0006803600104075376 0
9 -0.000189003469859155 -0.0005926206182692862 0
10 -0.0001590771971362164 -0.0008199332273830816 0
11 5.274443331832193e-05 -0.0009076726195213331 0
12 0.0002346397910499216 -0.0007680994025457893 0
13 0.000204713518326983 -0.0005407867934319938 0
14 -7.108112127555396e-06 -0.0004530474012937423 0
15 0.0006568127606417256 -0.000417750848597037 0
16 0.0004449911301871873 -0.0003300114564587855 0
17 0.000474917402910126 -0.0005573240655725809 0
18 0.0006867390333646643 -0.0006450634577108324 0
19 0.000868634391096264 -0.0005054902407352885 0
20 0.0008387081183733252 -0.0002781776316214932 0
21 0.000626886487918787 -0.0001904382394832416 0
22 0.0007463838552704649 0.0002626091618105008 0
23 0.0005345622248159267 0.0003503485539487523 0
24 0.0005644884975388653 0.0001230359448349568 0
25 0.0007763101279934035 3.529655269670532e-05 0
26 0.0009582054857250032 0.0001748697696722492 0
27 0.0009282792130020646 0.0004021823787860445 0
28 0.0007164575825475263 0.0004899217709242962 0
29 0.0002019603498528621 0.0006803600104075376 0
30 -9.861280601676178e-06 0.0007680994025457892 0
31 2.006499212126248e-05 0.0005407867934319938 0
32 0.0002318866225758008 0.0004530474012937423 0
33 0.0004137819803074005 0.0005926206182692861 0
34 0.0003838557075844617 0.0008199332273830816 0
35 0.0001720340771299234 0.0009076726195213331 0
36 -0.0004320342501934805 0.0004177508485970368 0
37 -0.0006438558806480188 0.0005054902407352883 0
38 -0.0006139296079250802 0.000278177631621493 0
39 -0.000402107977470542 0.0001904382394832414 0
40 -0.0002202126197389423 0.0003300114564587853 0
41 -0.0002501388924618809 0.0005573240655725807 0
42 -0.0004619605229164192 0.0006450634577108322 0
43 -0.0009764577556110842 -0.000835501697194073 0
44 -0.001188279386065623 -0.0007477623050558214 0
45 -0.001158353113342684 -0.0009750749141696169 0
46 -0.0009465314828881456 -0.001062814306307868 0
47 -0.0007646361251565458 -0.0009232410893323245 0
48 -0.0007945623978794846 -0.0006959284802185292 0
49 -0.001006384028334023 -0.0006081890880802775 0
50 -0.00041282906839688 -0.001267989200092684 0
51 -0.0006246506988514183 -0.001180249807954433 0
52 -0.0005947244261284797 -0.001407562417068228 0
53 -0.0003829027956739414 -0.00149530180920648 0
54 -0.0002010074379423417 -0.001355728592230936 0
55 -0.0002309337106652803 -0.00112841598311714 0
56 -0.0004427553411198187 -0.001040676590978889 0
57 0.0002915314444815998 -0.001360720020815075 0
58 7.970981402706146e-05 -0.001272980628676824 0
59 0.0001096360867500001 -0.001500293237790619 0
60 0.0003214577172045383 -0.001588032629928871 0
61 0.000503353074936138 -0.001448459412953327 0
62 0.0004734268022131994 -0.001221146803839532 0
63 0.000261605171758661 -0.00113340741170128 0
64 0.0009478909524181955 -0.001088847010835207 0
65 0.0007360693219636571 -0.001001107618696955 0
66 0.0007659955946865959 -0.001228420227810751 0
67 0.000977817225141134 -0.001316159619949002 0
68 0.001159712582872734 -0.001176586402973458 0
69 0.001129786310149795 -0.0009492737938596629 0
70 0.0009179646796952566 -0.0008615344017214114 0
71 0.001380378455316807 -0.0005252183236210026 0
72 0.001168556824862268 -0.0004374789314827512 0
73 0.001198483097585207 -0.0006647915405965466 0
74 0.001410304728039745 -0.0007525309327347981 0
75 0.001592200085771345 -0.0006129577157592542 0
76 0.001562273813048406 -0.0003856451066454587 0
77 0.001350452182593868 -0.0002979057145072071 0
78 0.001473109276039198 0.0001791421892574778 0
79 0.00126128764558466 0.0002668815813957293 0
80 0.001291213918307598 3.956897228193386e-05 0
81 0.001503035548762137 -4.817041985631766e-05 0
82 0.001684930906493736 9.140279711922621e-05 0
83 0.001655004633770798 0.0003187154062330216 0
84 0.001443183003316259 0.0004064547983712732 0
85 0.001201236266059329 0.0008355016971940731 0
86 0.0009894146356047909 0.0009232410893323246 0
87 0.00101934090832773 0.0006959284802185292 0
88 0.001231162538782268 0.0006081890880802776 0
89 0.001413057896513868 0.0007477623050558215 0
90 0.001383131623790929 0.0009750749141696169 0
91 0.001171309993336391 0.001062814306307868 0
92 0.0006376075788451254 0.001267989200092684 0
93 0.000425785948390587 0.001355728592230936 0
94 0.0004557122211135256 0.00112841598311714 0
95 0.000667533851568064 0.001040676590978889 0
96 0.0008494292092996636 0.001180249807954433 0
97 0.000819502936576725 0.001407562417068228 0
98 0.0006076813061221866 0.00149530180920648 0
99 -6.675293403335389e-05 0.001360720020815076 0
100 -0.0002785745644878922 0.001448459412953327 0
101 -0.0002486482917649535 0.001221146803839532 0
102 -3.682666131041526e-05 0.00113340741170128 0
103 0.0001450686964211844 0.001272980628676824 0
104 0.0001151424236982457 0.00150029323779062 0
105 -9.667920675629268e-05 0.001588032629928871 0
106 -0.0007231124419699499 0.001088847010835207 0
107 -0.0009349340724244883 0.001176586402973459 0
108 -0.0009050077997015497 0.0009492737938596634 0
109 -0.0006931861692470113 0.0008615344017214118 0
110 -0.0005112908115154116 0.001001107618696956 0
111 -0.0005412170842383502 0.001228420227810751 0
112 -0.0007530387146928887 0.001316159619949003 0
113 -0.001155599944868562 0.0005252183236210028 0
114 -0.0013674215753231 0.0006129577157592542 0
115 -0.001337495302600161 0.0003856451066454589 0
116 -0.001125673672145623 0.0002979057145072073 0
117 -0.0009437783144140233 0.0004374789314827513 0
118 -0.0009737045871369619 0.0006647915405965466 0
119 -0.0011855262175915 0.0007525309327347983 0
120 -0.001248330765590953 -0.0001791421892574764 0
121 -0.001460152396045491 -9.140279711922491e-05 0
122 -0.001430226123322553 -0.0003187154062330203 0
123 -0.001218404492868015 -0.0004064547983712719 0
124 -0.001036509135136415 -0.000266881581395728 0
125 -0.001066435407859354 -3.95689722819326e-05 0
126 -0.001278257038313892 4.817041985631898e-05 0
127 0.01714124956116646 0 0
128 -0.0005298548958255915 -0.0002203449133888441 0
129 -0.0005519497092139839 -0.0001857978307574631 0
130 -0.0005850876012396211 -0.0001614189935254726 0
131 -0.0006249153471954976 -0.0001505872360213796 0
132 -0.0006659554885147234 -0.0001548601650720408 0
133 -0.0007025791210873798 -0.0001735726066019548 0
134 -0.0007299495834227051 -0.0002040943273232112 0
135 -0.0007445291325219592 -0.0002422754012082472 0
136 -0.0007445084838455312 -0.0002830548502912624 0
137 -0.000729888334853418 -0.0003212243161187785 0
138 -0.0007025791144680976 -0.0003516457221178544 0
139 -0.0006659554807027043 -0.0003703581608661893 0
140 -0.0006249153363903542 -0.0003746310867238767 0
141 -0.0005850875917962407 -0.0003637993255313757 0
142 -0.0005519497018243279 -0.0003394204849703856 0
143 -0.0005298548955360083 -0.0003048734095186204 0
144 -0.0007416739197465358 -0.0001326119443545826 0
145 -0.0007637615570429773 -9.806888912033226e-05 0
146 -0.000796889269404682 -7.368925194416082e-05 0
147 -0.0008367066319834026 -6.28503075030203e-05 0
148 -0.0008777417882695848 -6.711029931817741e-05 0
149 -0.0009143668216512397 -8.580708869548286e-05 0
150 -0.0009417460159833456 -0.0001163136346638557 0
151 -0.0009563410636225167 -0.0001544833537717668 0
152 -0.0009563410613700174 -0.0001952561977846397 0
153 -0.0009417460093015822 -0.0002334259156270628 0
154 -0.0009143668111582132 -0.0002639324587253849 0
155 -0.0008777417751614912 -0.0002826292439098137 0
156 -0.0008367066179095474 -0.0002868892306969694 0
157 -0.0007968892599652648 -0.0002760502828358024 0
158 -0.0007637615496568014 -0.0002516706423327163 0
159 -0.0007416739194569965 -0.0002171275942763609 0
160 -0.0007117476470763729 -0.0003599245533383145 0
161 -0.0007338352845180896 -0.0003253814980225284 0
162 -0.0007669629970859347 -0.0003010018608625049 0
163 -0.0008067803566094819 -0.0002901629168323977 0
164 -0.0008478155108901239 -0.0002944229070523998 0
165 -0.0008844405452013845 -0.0003131196949407107 0
166 -0.0009118197409601263 -0.0003436262400092088 0
167 -0.0009264147901487193 -0.0003817959588147866 0
168 -0.0009264147893733455 -0.0004225688029609863 0
169 -0.0009118197386600746 -0.0004607385213309474 0
170 -0.000884440541589389 -0.0004912450654114926 0
171 -0.0008478155062356229 -0.0005099418518986636 0
172 -0.0008067803491107242 -0.0005142018401298804 0
173 -0.0007669629876465172 -0.000503362892145049 0
174 -0.0007338352771319135 -0.0004789832516581108 0
175 -0.0007117476467868336 -0.0004444402035202198 0
176 -0.000499926016450459 -0.000447663945898913 0
177 -0.0005220136534210759 -0.0004131208908472058 0
178 -0.0005551413653206404 -0.0003887412536345871 0
179 -0.0005949587241623039 -0.0003779023091326939 0
180 -0.0006359938781155348 -0.0003821622985032973 0
181 -0.000672618912518536 -0.0004008590853638559 0
182 -0.0006999981088502297 -0.0004313656294355642 0
183 -0.0007145931585746307 -0.0004695353448834044 0
184 -0.0007145931601180548 -0.0005103081885975262 0
185 -0.0006999981119993696 -0.0005484779072539396 0
186 -0.0006726189174639395 -0.0005789844526783127 0
187 -0.0006359938841512926 -0.0005976812415571005 0
188 -0.0005949587281401578 -0.0006019412330393839 0
189 -0.000555141365945279 -0.0005911022885160562 0
190 -0.0005220136534318729 -0.0005667226510129223 0
191 -0.0004999260164504588 -0.0005321795959496792 0
192 -0.0003180332650575679 -0.000308084306299528 0
193 -0.0003401280775941061 -0.0002735372241404549 0
194 -0.0003732659690102186 -0.0002491583865215474 0
195 -0.00041309371380721 -0.0002383266283974083 0
196 -0.0004541338544783241 -0.0002425995561478281 0
197 -0.0004907574870876474 -0.000261311996009357 0
198 -0.0005181279502802181 -0.0002918337150536562 0
199 -0.0005327075010174039 -0.0003300147876385963 0
200 -0.0005326868545943217 -0.0003707942359252298 0
201 -0.0005180667083943347 -0.0004089637017205102 0
202 -0.0004907574909547888 -0.0004393851089093035 0
203 -0.0004541338597728311 -0.0004580975501792013 0
204 -0.0004130937170717963 -0.0004623704797646876 0
205 -0.0003732659690102185 -0.0004515387213759573 0
206 -0.0003401280775941053 -0.0004271598837570489 0
207 -0.0003180332650575678 -0.0003926128015979764 0
208 -0.0003479595377277226 -8.077169731579285e-05 0
209 -0.0003700543501189004 -4.622461523830436e-05 0
210 -0.0004031922413287961 -2.184577760318694e-05 0
211 -0.0004430199891803538 -1.101401906881665e-05 0
212 -0.0004840601317802854 -1.52869483922786e-05 0
213 -0.0005206837635351579 -3.399938976458513e-05 0
214 -0.0005480542253002207 -6.452110970667886e-05 0
215 -0.0005626337744888596 -0.0001027021825937468 0
216 -0.0005626131265884912 -0.0001434816307506082 0
217 -0.0005479929790330222 -0.0001816510960165265 0
218 -0.0005206837605255974 -0.0002120725022235819 0
219 -0.0004840601286990686 -0.0002307849421915968 0
220 -0.0004430199858717693 -0.0002350578703329402 0
221 -0.000403192241328796 -0.000224226112066727 0
222 -0.0003700543501188997 -0.0001998472744316088 0
223 -0.0003479595377277225 -0.0001653001923541209 0
224 -0.0005597811683536627 6.967695244795216e-06 0
225 -0.0005818759812162169 4.151477758652135e-05 0
226 -0.0006150138730946408 6.589361516884234e-05 0
227 -0.000654841621626948 7.672537323088892e-05 0
228 -0.0006958817645544604 7.245244305791417e-05 0
229 -0.0007325053962166046 5.374000065828743e-05 0
230 -0.0007598758574078024 2.32182797208456e-05 0
231 -0.0007744554060594563 -1.496279652240076e-05 0
232 -0.0007744347558396494 -5.574224511691647e-05 0
233 -0.0007598146056885869 -9.391171009335306e-05 0
234 -0.0007325053846550285 -0.0001243331149575357 0
235 -0.0006958817507842123 -0.000143045552535904 0
236 -0.0006548416068451142 -0.0001473184774262476 0
237 -0.0006150138630263594 -0.0001364867156960738 0
238 -0.0005818759738157579 -0.0001121078750752399 0
239 -0.0005597811680640794 -7.756079992466875e-05 0
240 1.456860959201153e-05 -0.0006380957619858809 0
241 -7.526203796380849e-06 -0.0006035486793544999 0
242 -4.066409582201804e-05 -0.0005791698421225095 0
243 -8.04918417778944e-05 -0.0005683380846184164 0
244 -0.0001215319830971204 -0.0005726110136690776 0
245 -0.0001581556156697767 -0.0005913234551989916 0
246 -0.0001855260780051021 -0.000621845175920248 0
247 -0.0002001056271043561 -0.0006600262498052841 0
248 -0.0002000849784279281 -0.0007008056988882993 0
249 -0.0001854648294358149 -0.0007389751647158153 0
250 -0.0001581556090504947 -0.000769396570714891 0
251 -0.0001215319752851013 -0.000788109009463226 0
252 -8.049183097275134e-05 -0.0007923819353209135 0
253 -4.066408637863785e-05 -0.0007815501741284126 0
254 -7.526196406724864e-06 -0.0007571713335674225 0
255 1.456860988159469e-05 -0.0007226242581156573 0
256 -0.0001972504143289327 -0.0005503627929516195 0
257 -0.0002193380516253742 -0.0005158197377173692 0
258 -0.0002524657639870788 -0.0004914401005411978 0
259 -0.0002922831265657994 -0.0004806011561000572 0
260 -0.0003333182828519816 -0.0004848611479152143 0
261 -0.0003699433162336366 -0.0005035579372925197 0
262 -0.0003973225105657425 -0.0005340644832608926 0
263 -0.0004119175582049137 -0.0005722342023688037 0
264 -0.0004119175559524143 -0.0006130070463816767 0
265 -0.0003973225038839791 -0.0006511767642240999 0
266 -0.0003699433057406101 -0.0006816833073224217 0
267 -0.0003333182697438882 -0.0007003800925068507 0
268 -0.0002922831124919443 -0.0007046400792940063 0
269 -0.0002524657545476616 -0.0006938011314328393 0
270 -0.0002193380442391983 -0.0006694214909297531 0
271 -0.0001972504140393935 -0.000634878442873398 0
272 -0.0001673241416587699 -0.0007776754019353513 0
273 -0.0001894117791004866 -0.0007431323466195654 0
274 -0.0002225394916683316 -0.0007187527094595419 0
275 -0.0002623568511918787 -0.0007079137654294346 0
276 -0.0003033920054725209 -0.0007121737556494367 0
277 -0.0003400170397837815 -0.0007308705435377475 0
278 -0.0003673962355425233 -0.0007613770886062456 0
279 -0.0003819912847311164 -0.0007995468074118234 0
280 -0.0003819912839557425 -0.0008403196515580232 0
281 -0.0003673962332424717 -0.0008784893699279843 0
282 -0.0003400170361717862 -0.0009089959140085294 0
283 -0.00030339200081802 -0.0009276927004957004 0
284 -0.0002623568436931213 -0.0009319526887269173 0
285 -0.0002225394822289145 -0.0009211137407420859 0
286 -0.0001894117717143106 -0.0008967341002551478 0
287 -0.0001673241413692308 -0.0008621910521172568 0
288 4.449748896714408e-05 -0.0008654147944959499 0
289 2.240985199652718e-05 -0.0008308717394442428 0
290 -1.071785990303726e-05 -0.000806492102231624 0
291 -5.053521874470074e-05 -0.0007956531577297309 0
292 -9.157037269793167e-05 -0.0007999131471003342 0
293 -0.0001281954071009329 -0.0008186099339608927 0
294 -0.0001555746034326266 -0.0008491164780326009 0
295 -0.0001701696531570277 -0.0008872861934804411 0
296 -0.0001701696547004518 -0.0009280590371945628 0
297 -0.0001555746065817667 -0.0009662287558509763 0
298 -0.0001281954120463367 -0.0009967353012753494 0
299 -9.157037873368964e-05 -0.001015432090154137 0
300 -5.053522272255497e-05 -0.001019692081636421 0
301 -1.071786052767611e-05 -0.001008853137113093 0
302 2.240985198572992e-05 -0.0009844734996099593 0
303 4.449748896714418e-05 -0.000949930444546716 0
304 0.0002263902403600352 -0.000725835154896565 0
305 0.000204295427823497 -0.0006912880727374918 0
306 0.0001711575364073845 -0.0006669092351185844 0
307 0.0001313297916103931 -0.0006560774769944452 0
308 9.028965093927903e-05 -0.0006603504047448651 0
309 5.366601832995558e-05 -0.000679062844606394 0
310 2.629555513738507e-05 -0.000709584563650693 0
311 1.171600440019919e-05 -0.0007477656362356331 0
312 1.173665082328133e-05 -0.0007885450845222668 0
313 2.635679702326846e-05 -0.0008267145503175471 0
314 5.366601446281419e-05 -0.0008571359575063404 0
315 9.028964564477198e-05 -0.0008758483987762382 0
316 0.0001313297883458068 -0.0008801213283617245 0
317 0.0001711575364073845 -0.0008692895699729942 0
318 0.0002042954278234978 -0.0008449107323540859 0
319 0.0002263902403600353 -0.0008103636501950134 0
320 0.0001964639676898804 -0.0004985225459128297 0
321 0.0001743691552987026 -0.0004639754638353412 0
322 0.000141231264088807 -0.0004395966262002238 0
323 0.0001014035162372492 -0.0004287648676658535 0
324 6.036337363731762e-05 -0.0004330377969893155 0
325 2.373974188244508e-05 -0.000451750238361622 0
326 -3.630719882617646e-06 -0.0004822719583037156 0
327 -1.821026907125656e-05 -0.0005204530311907837 0
328 -1.81896211708882e-05 -0.0005612324793476452 0
329 -3.569473615419133e-06 -0.0005994019446135633 0
330 2.373974489200562e-05 -0.0006298233508206187 0
331 6.036337671853449e-05 -0.0006485357907886337 0
332 0.0001014035195458338 -0.000652808718929977 0
333 0.000141231264088807 -0.0006419769606637639 0
334 0.0001743691552987033 -0.0006175981230286457 0
335 0.0001964639676898805 -0.0005830510409511577 0
336 -1.535766293605975e-05 -0.0004107831533522417 0
337 -3.745247579861393e-05 -0.0003762360710105157 0
338 -7.059036767703778e-05 -0.0003518572334281947 0
339 -0.000110418116209345 -0.000341025475366148 0
340 -0.0001514582591368572 -0.0003452984055391227 0
341 -0.0001880818907990016 -0.0003640108479387494 0
342 -0.0002154523519901994 -0.0003945325688761912 0
343 -0.0002300319006418534 -0.0004327136451194377 0
344 -0.0002300112504220465 -0.0004734930937139534 0
345 -0.000215391100270984 -0.0005116625586903898 0
346 -0.0001880818792374255 -0.0005420839635545726 0
347 -0.0001514582453666094 -0.0005607964011329409 0
348 -0.0001104181014275114 -0.0005650693260232845 0
349 -7.059035760875659e-05 -0.0005542375642931107 0
350 -3.745246839815497e-05 -0.0005298587236722769 0
351 -1.535766264647659e-05 -0.0004953116485217058 0
352 0.0006485632096383538 -0.0003754866001753803 0
353 0.0006264683962499614 -0.0003409395175439993 0
354 0.0005933305042243243 -0.0003165606803120088 0
355 0.0005535027582684479 -0.0003057289228079157 0
356 0.0005124626169492219 -0.0003100018518585769 0
357 0.0004758389843765657 -0.0003287142933884909 0
358 0.0004484685220412402 -0.0003592360141097472 0
359 0.0004338889729419861 -0.0003974170879947832 0
360 0.0004339096216184141 -0.0004381965370777985 0
361 0.0004485297706105273 -0.0004763660029053146 0
362 0.0004758389909958476 -0.0005067874089043905 0
363 0.000512462624761241 -0.0005254998476527254 0
364 0.0005535027690735909 -0.0005297727735104128 0
365 0.0005933305136677044 -0.000518941012317912 0
366 0.0006264684036396174 -0.0004945621717569218 0
367 0.000648563209927937 -0.0004600150963051565 0
368 0.0004367441857174095 -0.0002877536311411188 0
369 0.000414656548420968 -0.0002532105759068686 0
370 0.0003815288360592635 -0.0002288309387306971 0
371 0.0003417114734805429 -0.0002179919942895566 0
372 0.0003006763171943607 -0.0002222519861047136 0
373 0.0002640512838127057 -0.000240948775482019 0
374 0.0002366720894805997 -0.0002714553214503919 0
375 0.0002220770418414285 -0.0003096250405583031 0
376 0.0002220770440939279 -0.000350397884571176 0
377 0.0002366720961623631 -0.000388567602413599 0
378 0.0002640512943057321 -0.0004190741455119211 0
379 0.0003006763303024541 -0.00043777093069635 0
380 0.0003417114875543979 -0.0004420309174835057 0
381 0.0003815288454986807 -0.0004311919696223386 0
382 0.000414656555807144 -0.0004068123291192525 0
383 0.0004367441860069488 -0.0003722692810628972 0
384 0.0004666704583875724 -0.0005150662401248508 0
385 0.0004445828209458558 -0.0004805231848090647 0
386 0.0004114551083780107 -0.0004561435476490412 0
387 0.0003716377488544636 -0.000445304603618934 0
388 0.0003306025945738216 -0.0004495645938389359 0
389 0.000293977560262561 -0.0004682613817272467 0
390 0.0002665983645038192 -0.0004987679267957448 0
391 0.000252003315315226 -0.0005369376456013225 0
392 0.0002520033160905998 -0.0005777104897475222 0
393 0.0002665983668038705 -0.0006158802081174834 0
394 0.000293977563874556 -0.0006463867521980286 0
395 0.0003306025992283222 -0.0006650835386851997 0
396 0.0003716377563532208 -0.0006693435269164167 0
397 0.0004114551178174277 -0.0006585045789315854 0
398 0.0004445828283320315 -0.0006341249384446473 0
399 0.0004666704586771115 -0.0005995818903067562 0
400 0.0006784920890134864 -0.0006028056326854493 0
401 0.0006564044520428695 -0.0005682625776337421 0
402 0.000623276740143305 -0.0005438829404211233 0
403 0.0005834593813016416 -0.0005330439959192301 0
404 0.0005424242273484106 -0.0005373039852898335 0
405 0.0005057991929454095 -0.0005560007721503921 0
406 0.0004784199966137158 -0.0005865073162221004 0
407 0.0004638249468893147 -0.0006246770316699406 0
408 0.0004638249453458906 -0.0006654498753840624 0
409 0.0004784199934645759 -0.0007036195940404759 0
410 0.0005057991880000059 -0.0007341261394648489 0
411 0.0005424242213126528 -0.0007528229283436367 0
412 0.0005834593773237876 -0.0007570829198259201 0
413 0.0006232767395186664 -0.0007462439753025924 0
414 0.0006564044520320724 -0.0007218643377994584 0
415 0.0006784920890134866 -0.0006873212827362154 0
416 0.0008603848404063775 -0.0004632259930860642 0
417 0.0008382900278698392 -0.000428678910926991 0
418 0.0008051521364537266 -0.0004043000733080835 0
419 0.0007653243916567353 -0.0003934683151839444 0
420 0.0007242842509856212 -0.0003977412429343643 0
421 0.0006876606183762977 -0.0004164536827958932 0
422 0.0006602901551837273 -0.0004469754018401924 0
423 0.0006457106044465414 -0.0004851564744251326 0
424 0.0006457312508696237 -0.0005259359227117662 0
425 0.0006603513970696109 -0.0005641053885070465 0
426 0.0006876606145091567 -0.0005945267956958397 0
427 0.0007242842456911143 -0.0006132392369657374 0
428 0.0007653243883921492 -0.0006175121665512237 0
429 0.000805152136453727 -0.0006066804081624933 0
430 0.0008382900278698401 -0.0005823015705435851 0
431 0.0008603848404063776 -0.0005477544883845125 0
432 0.0008304585677362226 -0.000235913384102329 0
433 0.0008083637553450447 -0.0002013663020248405 0
434 0.0007752258641351491 -0.0001769874643897231 0
435 0.0007353981162835913 -0.0001661557058553528 0
436 0.0006943579736836598 -0.0001704286351788148 0
437 0.0006577343419287872 -0.0001891410765511213 0
438 0.0006303638801637246 -0.000219662796493215 0
439 0.0006157843309750856 -0.0002578438693802831 0
440 0.000615804978875454 -0.0002986233175371445 0
441 0.000630425126430923 -0.0003367927828030628 0
442 0.0006577343449383479 -0.0003672141890101181 0
443 0.0006943579767648768 -0.000385926628978133 0
444 0.0007353981195921762 -0.0003901995571194763 0
445 0.0007752258641351493 -0.0003793677988532631 0
446 0.0008083637553450456 -0.0003549889612181449 0
447 0.0008304585677362228 -0.0003204418791406569 0
448 0.0006186369371102826 -0.000148173991541741 0
449 0.0005965421242477284 -0.0001136269092000149 0
450 0.0005634042323693046 -8.924807161769391e-05 0
451 0.0005235764838369973 -7.841631355564731e-05 0
452 0.000482536340909485 -8.268924372862201e-05 0
453 0.0004459127092473408 -0.0001014016861282487 0
454 0.0004185422480561429 -0.0001319234070656906 0
455 0.000403962699404489 -0.0001701044833089369 0
456 0.0004039833496242958 -0.0002108839319034526 0
457 0.0004186034997753584 -0.0002490533968798892 0
458 0.0004459127208089169 -0.0002794748017440719 0
459 0.0004825363546797329 -0.0002981872393224402 0
460 0.0005235764986188309 -0.0003024601642127838 0
461 0.0005634042424375857 -0.00029162840248261 0
462 0.0005965421316481874 -0.0002672495618617761 0
463 0.0006186369373998657 -0.000232702486711205 0
464 0.0007381343042670931 0.0003048734102321575 0
465 0.0007160394908787007 0.0003394204928635385 0
466 0.0006829015988530635 0.000363799330095529 0
467 0.0006430738528971871 0.0003746310875996221 0
468 0.0006020337115779611 0.0003703581585489608 0
469 0.0005654100790053049 0.0003516457170190468 0
470 0.0005380396166699795 0.0003211239962977905 0
471 0.0005234600675707254 0.0002829429224127545 0
472 0.0005234807162471534 0.0002421634733297392 0
473 0.0005381008652392666 0.000203994007502223 0
474 0.000565410085624587 0.0001735726015031473 0
475 0.0006020337193899804 0.0001548601627548123 0
476 0.0006430738637023304 0.0001505872368971249 0
477 0.0006829016082964439 0.0001614189980896259 0
478 0.0007160394982683567 0.000185797838650616 0
479 0.0007381343045566763 0.0002203449141023812 0
480 0.0005263152803461489 0.000392606379266419 0
481 0.0005042276430497073 0.0004271494345006693 0
482 0.0004710999306880027 0.0004515290716768407 0
483 0.0004312825681092821 0.0004623680161179812 0
484 0.0003902474118231 0.0004581080243028242 0
485 0.000353622378441445 0.0004394112349255187 0
486 0.0003262431841093391 0.0004089046889571459 0
487 0.0003116481364701679 0.0003707349698492348 0
488 0.0003116481387226672 0.0003299621258363618 0
489 0.0003262431907911024 0.0002917924079939387 0
490 0.0003536223889344715 0.0002612858648956167 0
491 0.0003902474249311935 0.0002425890797111878 0
492 0.0004312825821831373 0.0002383290929240321 0
493 0.00047109994012742 0.0002491680407851992 0
494 0.0005042276504358832 0.0002735476812882853 0
495 0.0005263152806356882 0.0003080907293446407 0
496 0.0005562415530163117 0.000165293770282687 0
497 0.0005341539155745951 0.0001998368255984731 0
498 0.00050102620300675 0.0002242164627584966 0
499 0.0004612088434832029 0.0002350554067886038 0
500 0.0004201736892025608 0.0002307954165686017 0
501 0.0003835486548913002 0.0002120986286802909 0
502 0.0003561694591325584 0.0001815920836117928 0
503 0.0003415744099439653 0.0001434223648062151 0
504 0.0003415744107193392 0.0001026495206600153 0
505 0.00035616946143261 6.447980229005415e-05 0
506 0.0003835486585032956 3.3973258209509e-05 0
507 0.0004201736938570617 1.5276471722338e-05 0
508 0.0004612088509819604 1.101648349112106e-05 0
509 0.0005010262124461672 2.185543147595247e-05 0
510 0.0005341539229607711 4.623507196289066e-05 0
511 0.000556241553305851 8.07781201007818e-05 0
512 0.0007680631836422256 7.755437772208855e-05 0
513 0.0007459755466716087 0.0001120974327737957 0
514 0.0007128478347720442 0.0001364770699864145 0
515 0.0006730304759303806 0.0001473160144883076 0
516 0.0006319953219771497 0.0001430560251177042 0
517 0.0005953702875741485 0.0001243592382571456 0
518 0.0005679910912424549 9.385269418543733e-05 0
519 0.0005533960415180539 5.568297873759723e-05 0
520 0.0005533960399746298 1.49101350234755e-05 0
521 0.000567991088093315 -2.325958363293809e-05 0
522 0.0005953702826287451 -5.376612905731122e-05 0
523 0.000631995315941392 -7.246291793609893e-05 0
524 0.0006730304719525268 -7.672290941838238e-05 0
525 0.0007128478341474056 -6.588396489505469e-05 0
526 0.0007459755466608116 -4.15043273919207e-05 0
527 0.0007680631836422258 -6.961272328677522e-06 0
528 0.0009499559350351168 0.0002171340173214735 0
529 0.0009278611224985785 0.0002516810994805467 0
530 0.000894723231082466 0.0002760599370994542 0
531 0.0008548954862854747 0.0002868916952235933 0
532 0.0008138553456143606 0.0002826187674731734 0
533 0.0007772317130050371 0.0002639063276116445 0
534 0.0007498612498124666 0.0002333846085673454 0
535 0.0007352816990752808 0.0001952035359824054 0
536 0.0007353023454983628 0.0001544240876957719 0
537 0.0007499224916983501 0.0001162546219004914 0
538 0.0007772317091378957 8.583321471169809e-05 0
539 0.0008138553403198535 6.712077344180028e-05 0
540 0.0008548954830208884 6.284784385631396e-05 0
541 0.0008947232310824661 7.367960224504428e-05 0
542 0.0009278611224985794 9.805843986395265e-05 0
543 0.0009499559350351169 0.0001326055220230252 0
544 0.000920029662364962 0.0004444466263052087 0
545 0.0008979348499737841 0.0004789937083826972 0
546 0.0008647969587638885 0.0005033725460178146 0
547 0.0008249692109123307 0.0005142043045521849 0
548 0.0007839290683123992 0.0005099313752287229 0
549 0.0007473054365575266 0.0004912189338564163 0
550 0.000719934974792464 0.0004606972139143227 0
551 0.000705355425603825 0.0004225161410272546 0
552 0.0007053760735041934 0.0003817366928703932 0
553 0.0007199962210596624 0.000343567227604475 0
554 0.0007473054395670873 0.0003131458213974195 0
555 0.0007839290713936162 0.0002944333814294047 0
556 0.0008249692142209156 0.0002901604532880614 0
557 0.0008647969587638887 0.0003009922115542746 0
558 0.000897934849973785 0.0003253710491893928 0
559 0.0009200296623649622 0.0003599181312668808 0
560 0.0007082080317390219 0.0005321860188657968 0
561 0.0006861132188764676 0.0005667331012075229 0
562 0.0006529753269980439 0.0005911119387898439 0
563 0.0006131475784657366 0.0006019436968518905 0
564 0.0005721074355382243 0.0005976707666789158 0
565 0.00053548380387608 0.000578958324279289 0
566 0.0005081133426848821 0.0005484366033418472 0
567 0.0004935337940332283 0.0005102555270986007 0
568 0.0004935544442530352 0.0004694760785040849 0
569 0.0005081745944040977 0.0004313066135276485 0
570 0.0005354838154376561 0.0004008852086634659 0
571 0.0005721074493084722 0.0003821727710850975 0
572 0.0006131475932475704 0.000377899846194754 0
573 0.0006529753370663251 0.0003887316079249278 0
574 0.0006861132262769267 0.0004131104485457617 0
575 0.0007082080320286051 0.0004476575236963328 0
576 0.0001937107988494903 0.0007226242588291943 0
577 0.000171615985461098 0.0007571713414605754 0
578 0.0001384780934354608 0.0007815501786925658 0
579 9.865034747958444e-05 0.0007923819361966589 0
580 5.761020616035845e-05 0.0007881090071459977 0
581 2.098657358770218e-05 0.0007693965656160837 0
582 -6.383888747623235e-06 0.0007388748448948273 0
583 -2.096343784687733e-05 0.0007006937710097912 0
584 -2.094278917044928e-05 0.000659914321926776 0
585 -6.322640178336121e-06 0.00062174485609926 0
586 2.098658020698408e-05 0.0005913234501001843 0
587 5.761021397237756e-05 0.0005726110113518493 0
588 9.865035828472747e-05 0.0005683380854941618 0
589 0.000138478102878841 0.0005791698466866627 0
590 0.0001716159928507539 0.0006035486872476528 0
591 0.0001937107991390735 0.0006380957626994179 0
592 -1.810822507145392e-05 0.0008103572278634559 0
593 -4.019586236789547e-05 0.0008449002830977062 0
594 -7.332357472960003e-05 0.0008692799202738776 0
595 -0.0001131409373083206 0.0008801188647150182 0
596 -0.0001541760935945028 0.0008758588728998611 0
597 -0.0001908011269761578 0.0008571620835225557 0
598 -0.0002181803213082637 0.0008266555375541827 0
599 -0.0002327753689474349 0.0007884858184462716 0
600 -0.0002327753666949356 0.0007477129744333986 0
601 -0.0002181803146265004 0.0007095432565909757 0
602 -0.0001908011164831315 0.0006790367134926538 0
603 -0.0001541760804864096 0.0006603399283082248 0
604 -0.0001131409232344657 0.0006560799415210691 0
605 -7.332356529018294e-05 0.0006669188893822361 0
606 -4.01958549817196e-05 0.0006912985298853222 0
607 -1.810822478191472e-05 0.0007258415779416774 0
608 1.18180475987089e-05 0.0005830446188797241 0
609 -1.026958984300772e-05 0.00061758767419551 0
610 -4.339730241085282e-05 0.0006419673113555336 0
611 -8.321466193439993e-05 0.0006528062553856408 0
612 -0.000124249816215042 0.0006485462651656387 0
613 -0.0001608748505263026 0.0006298494772773279 0
614 -0.0001882540462850444 0.0005993429322088299 0
615 -0.0002028490954736375 0.000561173213403252 0
616 -0.0002028490946982637 0.0005204003692570523 0
617 -0.0001882540439849928 0.0004822306508870912 0
618 -0.0001608748469143072 0.000451724106806546 0
619 -0.0001242498115605412 0.000433027320319375 0
620 -8.321465443564247e-05 0.0004287673320881581 0
621 -4.339729297143562e-05 0.0004396062800729895 0
622 -1.026958245683178e-05 0.0004639859205599276 0
623 1.181804788824812e-05 0.0004985289686978187 0
624 0.000223639678224623 0.0004953052263191255 0
625 0.000201552041254006 0.0005298482813708326 0
626 0.0001684243293544415 0.0005542279185834514 0
627 0.0001286069705127779 0.0005650668630853445 0
628 8.757181655954702e-05 0.0005608068737147411 0
629 5.094678215654587e-05 0.0005421100868541825 0
630 2.356758582485225e-05 0.0005116035427824743 0
631 8.97253610045119e-06 0.0004734338273346341 0
632 8.972534557027137e-06 0.0004326609836205123 0
633 2.356758267571234e-05 0.0003944912649640989 0
634 5.094677721114245e-05 0.0003639847195397256 0
635 8.757181052378934e-05 0.000345287930660938 0
636 0.0001286069665349241 0.0003410279391786545 0
637 0.000168424328729803 0.0003518668837019822 0
638 0.000201552041243209 0.0003762465212051162 0
639 0.0002236396782246231 0.0004107895762683594 0
640 0.000405532429617514 0.0006348848659185105 0
641 0.0003834376170809758 0.0006694319480775835 0
642 0.0003502997256648633 0.000693810785696491 0
643 0.000310471980867872 0.0007046425438206302 0
644 0.0002694318401967579 0.0007003696160702104 0
645 0.0002328082075874345 0.0006816571762086816 0
646 0.0002054377443948639 0.0006511354571643823 0
647 0.000190858193657678 0.0006129543845794423 0
648 0.0001908788400807601 0.0005721749362928087 0
649 0.0002054989862807473 0.0005340054704975284 0
650 0.0002328082037202929 0.0005035840633087351 0
651 0.0002694318349022508 0.0004848716220388372 0
652 0.0003104719776032854 0.0004805986924533509 0
653 0.0003502997256648633 0.0004914304508420812 0
654 0.0003834376170809765 0.0005158092884609894 0
655 0.0004055324296175141 0.000550356370620062 0
656 0.0003756061569473592 0.0008621974749022457 0
657 0.0003535113445561814 0.0008967445569797341 0
658 0.0003203734533462857 0.0009211233946148516 0
659 0.000280545705494728 0.0009319551531492219 0
660 0.0002395055628947964 0.00092768222382576 0
661 0.0002028819311399238 0.0009089697824534534 0
662 0.0001755114693748611 0.0008784480625113597 0
663 0.0001609319201862222 0.0008402669896242917 0
664 0.0001609525680865906 0.0007994875414674302 0
665 0.0001755727156420596 0.000761318076201512 0
666 0.0002028819341494844 0.0007308966699944567 0
667 0.0002395055659760133 0.0007121842300264417 0
668 0.0002805457088033125 0.0007079113018850984 0
669 0.0003203734533462858 0.0007187430601513115 0
670 0.0003535113445561821 0.0007431218977864297 0
671 0.0003756061569473593 0.0007776689798639177 0
672 0.0001637845263214191 0.0009499368674628336 0
673 0.0001416897134588649 0.0009844839498045596 0
674 0.000108551821580441 0.001008862787386881 0
675 6.872407304813375e-05 0.001019694545448927 0
676 2.768393012062144e-05 0.001015421615275953 0
677 -8.939701541522821e-06 0.0009967091728763258 0
678 -3.631016273272065e-05 0.0009661874519388841 0
679 -5.088971138437459e-05 0.0009280063756956376 0
680 -5.086906116456768e-05 0.0008872269271011219 0
681 -3.624891101350516e-05 0.0008490574621246855 0
682 -8.939689979946771e-06 0.0008186360572605027 0
683 2.768394389086925e-05 0.0007999236196821345 0
684 6.872408782996725e-05 0.0007956506947917908 0
685 0.0001085518316487221 0.0008064824565219646 0
686 0.0001416897208593238 0.0008308612971427986 0
687 0.0001637845266110022 0.0008654083722933697 0
688 -0.0004402838011968523 0.0004600150970186935 0
689 -0.0004623786145852447 0.0004945621796500746 0
690 -0.0004955165066108819 0.0005189410168820651 0
691 -0.0005353442525667583 0.000529772774386158 0
692 -0.0005763843938859843 0.0005254998453354968 0
693 -0.0006130080264586405 0.0005067874038055828 0
694 -0.0006403784887939658 0.0004762656830843265 0
695 -0.00065495803789322 0.0004380846091992904 0
696 -0.0006549373892167919 0.0003973051601162751 0
697 -0.0006403172402246787 0.0003591356942887591 0
698 -0.0006130080198393583 0.0003287142882896832 0
699 -0.0005763843860739651 0.0003100018495413484 0
700 -0.0005353442417616151 0.0003057289236836609 0
701 -0.0004955164971675015 0.0003165606848761619 0
702 -0.0004623786071955886 0.0003409395254371521 0
703 -0.0004402838009072691 0.0003754866008889174 0
704 -0.0006521028251177966 0.000547748066052955 0
705 -0.0006741904624142382 0.0005822911212872053 0
706 -0.0007073181747759427 0.0006066707584633768 0
707 -0.0007471355373546634 0.0006175097029045173 0
708 -0.0007881706936408456 0.0006132497110893602 0
709 -0.0008247957270225005 0.0005945529217120547 0
710 -0.0008521749213546065 0.0005640463757436818 0
711 -0.0008667699689937777 0.0005258766566357707 0
712 -0.0008667699667412783 0.0004851038126228978 0
713 -0.000852174914672843 0.0004469340947804748 0
714 -0.000824795716529474 0.0004164275516821528 0
715 -0.0007881706805327522 0.0003977307664977239 0
716 -0.0007471355232808083 0.0003934707797105682 0
717 -0.0007073181653365256 0.0004043097275717352 0
718 -0.0006741904550280622 0.0004286893680748213 0
719 -0.0006521028248282573 0.0004632324161311767 0
720 -0.0006221765524476339 0.0003204354570692232 0
721 -0.0006442641898893504 0.0003549785123850092 0
722 -0.0006773919024571955 0.0003793581495450327 0
723 -0.0007172092619807428 0.0003901970935751399 0
724 -0.0007582444162613848 0.0003859371033551379 0
725 -0.0007948694505726453 0.000367240315466827 0
726 -0.0008222486463313871 0.000336733770398329 0
727 -0.0008368436955199802 0.0002985640515927512 0
728 -0.0008368436947446064 0.0002577912074465514 0
729 -0.0008222486440313356 0.0002196214890765903 0
730 -0.0007948694469606499 0.0001891149449960451 0
731 -0.0007582444116068838 0.0001704181585088741 0
732 -0.0007172092544819852 0.0001661581702776572 0
733 -0.0006773918930177784 0.0001769971182624886 0
734 -0.0006442641825031745 0.0002013767587494268 0
735 -0.0006221765521580945 0.0002359198068873179 0
736 -0.0004103549218217198 0.0002326960645086246 0
737 -0.0004324425587923368 0.0002672391195603317 0
738 -0.0004655702706919014 0.0002916187567729505 0
739 -0.0005053876295335649 0.0003024577012748437 0
740 -0.0005464227834867958 0.0002981977119042402 0
741 -0.000583047817889797 0.0002795009250436817 0
742 -0.0006104270142214906 0.0002489943809719734 0
743 -0.0006250220639458916 0.0002108246655241333 0
744 -0.0006250220654893157 0.0001700518218100115 0
745 -0.0006104270173706305 0.000131882103153598 0
746 -0.0005830478228352004 0.0001013755577292248 0
747 -0.0005464227895225534 8.267876885043712e-05 0
748 -0.0005053876335114187 7.841877736815366e-05 0
749 -0.0004655702713165399 8.925772189148136e-05 0
750 -0.0004324425588031338 0.0001136373593946154 0
751 -0.0004103549218217197 0.0001481804144578586 0
752 -0.0002284621704288287 0.0003722757041080096 0
753 -0.000250556982965367 0.0004068227862670827 0
754 -0.0002836948743814795 0.0004312016238859903 0
755 -0.0003235226191784707 0.0004420333820101294 0
756 -0.0003645627598495849 0.0004377604542597095 0
757 -0.0004011863924589082 0.0004190480143981807 0
758 -0.0004285568556514788 0.0003885262953538815 0
759 -0.0004431364063886647 0.0003503452227689414 0
760 -0.0004431157599655826 0.0003095657744823079 0
761 -0.0004284956137655954 0.0002713963086870274 0
762 -0.0004011863963260496 0.0002409749014982341 0
763 -0.0003645627651440918 0.0002222624602283364 0
764 -0.0003235226224430571 0.0002179895306428501 0
765 -0.0002836948743814793 0.0002288212890315804 0
766 -0.0002505569829653661 0.0002532001266504887 0
767 -0.0002284621704288286 0.0002877472088095612 0
768 -0.0002583884430989835 0.0005995883130917448 0
769 -0.0002804832554901614 0.0006341353951692332 0
770 -0.0003136211467000569 0.0006585142328043507 0
771 -0.0003534488945516147 0.000669345991338721 0
772 -0.0003944890371515462 0.0006650730620152591 0
773 -0.0004311126689064187 0.0006463606206429526 0
774 -0.0004584831306714815 0.000615838900700859 0
775 -0.0004730626798601205 0.0005776578278137909 0
776 -0.0004730420319597521 0.0005368783796569296 0
777 -0.000458421884404283 0.0004987089143910112 0
778 -0.0004311126658968582 0.0004682875081839557 0
779 -0.0003944890340703293 0.0004495750682159408 0
780 -0.00035344889124303 0.0004453021400745975 0
781 -0.0003136211467000569 0.0004561338983408107 0
782 -0.0002804832554901605 0.0004805127359759289 0
783 -0.0002583884430989834 0.0005150598180534169 0
784 -0.0004702100737249236 0.0006873277056523327 0
785 -0.0004923048865874779 0.0007218747879940588 0
786 -0.0005254427784659016 0.0007462536255763799 0
787 -0.0005652705269982089 0.0007570853836384265 0
788 -0.0006063106699257213 0.0007528124534654518 0
789 -0.0006429343015878655 0.000734100011065825 0
790 -0.0006703047627790634 0.0007035782901283832 0
791 -0.0006848843114307172 0.0006653972138851367 0
792 -0.0006848636612109103 0.000624617765290621 0
793 -0.0006702435110598478 0.0005864483003141845 0
794 -0.0006429342900262894 0.0005560268954500018 0
795 -0.0006063106561554734 0.0005373144578716335 0
796 -0.0005652705122163753 0.0005330415329812899 0
797 -0.0005254427683976206 0.0005438732947114637 0
798 -0.0004923048791870189 0.0005682521353322976 0
799 -0.0004702100734353405 0.0006027992104828685 0
800 -0.0009847073066144561 -0.0007932374487724163 0
801 -0.001006802120002849 -0.0007586903661410353 0
802 -0.001039940012028486 -0.0007343115289090448 0
803 -0.001079767757984362 -0.0007234797714049517 0
804 -0.001120807899303588 -0.0007277527004556129 0
805 -0.001157431531876244 -0.0007464651419855269 0
806 -0.00118480199421157 -0.0007769868627067833 0
807 -0.001199381543310824 -0.0008151679365918193 0
808 -0.001199360894634396 -0.0008559473856748344 0
809 -0.001184740745642283 -0.0008941168515023505 0
810 -0.001157431525256962 -0.0009245382575014264 0
811 -0.001120807891491569 -0.0009432506962497614 0
812 -0.001079767747179219 -0.0009475236221074489 0
813 -0.001039940002585105 -0.000936691860914948 0
814 -0.001006802112613192 -0.0009123130203539579 0
815 -0.0009847073063248728 -0.0008777659449021926 0
816 -0.0011965263305354 -0.0007055044797381547 0
817 -0.001218613967831842 -0.0006709614245039044 0
818 -0.001251741680193546 -0.000646581787327733 0
819 -0.001291559042772267 -0.0006357428428865925 0
820 -0.001332594199058449 -0.0006400028347017495 0
821 -0.001369219232440104 -0.0006586996240790549 0
822 -0.00139659842677221 -0.0006892061700474278 0
823 -0.001411193474411381 -0.0007273758891553388 0
824 -0.001411193472158882 -0.0007681487331682117 0
825 -0.001396598420090447 -0.0008063184510106346 0
826 -0.001369219221947078 -0.0008368249941089567 0
827 -0.001332594185950356 -0.0008555217792933858 0
828 -0.001291559028698412 -0.0008597817660805416 0
829 -0.00125174167075413 -0.0008489428182193746 0
830 -0.001218613960445666 -0.0008245631777162886 0
831 -0.001196526330245861 -0.0007900201296599332 0
832 -0.001166600057865237 -0.0009328170887218868 0
833 -0.001188687695306954 -0.0008982740334061007 0
834 -0.001221815407874799 -0.0008738943962460772 0
835 -0.001261632767398346 -0.0008630554522159699 0
836 -0.001302667921678988 -0.0008673154424359719 0
837 -0.001339292955990249 -0.0008860122303242827 0
838 -0.001366672151748991 -0.0009165187753927808 0
839 -0.001381267200937584 -0.0009546884941983584 0
840 -0.00138126720016221 -0.0009954613383445581 0
841 -0.001366672149448939 -0.001033631056714519 0
842 -0.001339292952378254 -0.001064137600795065 0
843 -0.001302667917024488 -0.001082834387282236 0
844 -0.001261632759899589 -0.001087094375513453 0
845 -0.001221815398435382 -0.001076255427528621 0
846 -0.001188687687920778 -0.001051875787041683 0
847 -0.001166600057575698 -0.001017332738903792 0
848 -0.0009547784272393234 -0.001020556481282485 0
849 -0.0009768660642099404 -0.0009860134262307781 0
850 -0.001009993776109505 -0.0009616337890181593 0
851 -0.001049811134951168 -0.0009507948445162662 0
852 -0.001090846288904399 -0.0009550548338868695 0
853 -0.001127471323307401 -0.0009737516207474282 0
854 -0.001154850519639094 -0.001004258164819136 0
855 -0.001169445569363495 -0.001042427880266977 0
856 -0.001169445570906919 -0.001083200723981098 0
857 -0.001154850522788234 -0.001121370442637512 0
858 -0.001127471328252804 -0.001151876988061885 0
859 -0.001090846294940157 -0.001170573776940673 0
860 -0.001049811138929023 -0.001174833768422956 0
861 -0.001009993776734144 -0.001163994823899628 0
862 -0.0009768660642207375 -0.001139615186396494 0
863 -0.0009547784272393233 -0.001105072131333251 0
864 -0.0007728856758464323 -0.0008809768416831002 0
865 -0.0007949804883829705 -0.000846429759524027 0
866 -0.000828118379799083 -0.0008220509219051196 0
867 -0.0008679461245960743 -0.0008112191637809804 0
868 -0.0009089862652671884 -0.0008154920915314002 0
869 -0.0009456098978765118 -0.0008342045313929291 0
870 -0.0009729803610690823 -0.0008647262504372283 0
871 -0.0009875599118062683 -0.0009029073230221683 0
872 -0.0009875392653831861 -0.0009436867713088018 0
873 -0.0009729191191831992 -0.0009818562371040822 0
874 -0.0009456099017436533 -0.001012277644292876 0
875 -0.0009089862705616955 -0.001030990085562773 0
876 -0.0008679461278606608 -0.00103526301514826 0
877 -0.000828118379799083 -0.00102443125675953 0
878 -0.0007949804883829697 -0.001000052419140621 0
879 -0.0007728856758464322 -0.0009655053369815485 0
880 -0.0008028119485165873 -0.0006536642326993651 0
881 -0.0008249067609077651 -0.0006191171506218765 0
882 -0.0008580446521176607 -0.0005947383129867592 0
883 -0.0008978723999692184 -0.0005839065544523889 0
884 -0.0009389125425691501 -0.0005881794837758508 0
885 -0.0009755361743240226 -0.0006068919251481573 0
886 -0.001002906636089085 -0.0006374136450902511 0
887 -0.001017486185277724 -0.000675594717977319 0
888 -0.001017465537377356 -0.0007163741661341804 0
889 -0.001002845389821887 -0.0007545436314000986 0
890 -0.000975536171314462 -0.000784965037607154 0
891 -0.0009389125394879331 -0.000803677477575169 0
892 -0.0008978723966606339 -0.0008079504057165123 0
893 -0.0008580446521176606 -0.0007971186474502992 0
894 -0.0008249067609077643 -0.000772739809815181 0
895 -0.0008028119485165872 -0.0007381927277376931 0
896 -0.001014633579142527 -0.000565924840138777 0
897 -0.001036728392005081 -0.0005313777577970509 0
898 -0.001069866283883505 -0.0005069989202147299 0
899 -0.001109694032415812 -0.0004961671621526833 0
900 -0.001150734175343325 -0.000500440092325658 0
901 -0.001187357807005469 -0.0005191525347252847 0
902 -0.001214728268196667 -0.0005496742556627266 0
903 -0.001229307816848321 -0.0005878553319059729 0
904 -0.001229287166628514 -0.0006286347805004886 0
905 -0.001214667016477452 -0.0006668042454769249 0
906 -0.001187357795443893 -0.0006972256503411077 0
907 -0.001150734161573077 -0.0007159380879194761 0
908 -0.001109694017633979 -0.0007202110128098198 0
909 -0.001069866273815224 -0.0007093792510796461 0
910 -0.001036728384604623 -0.0006850004104588122 0
911 -0.001014633578852944 -0.0006504533353082411 0
912 -0.0004210786194002519 -0.001225724951671027 0
913 -0.0004431734327886443 -0.001191177869039647 0
914 -0.0004763113248142814 -0.001166799031807656 0
915 -0.0005161390707701578 -0.001155967274303563 0
916 -0.0005571792120893838 -0.001160240203354224 0
917 -0.00059380284466204 -0.001178952644884138 0
918 -0.0006211733069973654 -0.001209474365605394 0
919 -0.0006357528560966194 -0.00124765543949043 0
920 -0.0006357322074201916 -0.001288434888573445 0
921 -0.0006211120584280784 -0.001326604354400962 0
922 -0.0005938028380427582 -0.001357025760400037 0
923 -0.0005571792042773648 -0.001375738199148373 0
924 -0.0005161390599650148 -0.00138001112500606 0
925 -0.0004763113153709013 -0.001369179363813559 0
926 -0.0004431734253989883 -0.001344800523252569 0
927 -0.0004210786191106687 -0.001310253447800804 0
928 -0.000632897643321196 -0.001137991982636766 0
929 -0.0006549852806176376 -0.001103448927402516 0
930 -0.0006881129929793423 -0.001079069290226344 0
931 -0.0007279303555580628 -0.001068230345785204 0
932 -0.000768965511844245 -0.001072490337600361 0
933 -0.0008055905452258999 -0.001091187126977666 0
934 -0.0008329697395580059 -0.001121693672946039 0
935 -0.000847564787197177 -0.00115986339205395 0
936 -0.0008475647849446778 -0.001200636236066823 0
937 -0.0008329697328762427 -0.001238805953909246 0
938 -0.0008055905347328736 -0.001269312497007568 0
939 -0.0007689654987361516 -0.001288009282191997 0
940 -0.0007279303414842079 -0.001292269268979153 0
941 -0.0006881129835399251 -0.001281430321117986 0
942 -0.0006549852732314617 -0.0012570506806149 0
943 -0.0006328976430316569 -0.001222507632558544 0
944 -0.0006029713706510333 -0.001365304591620498 0
945 -0.00062505900809275 -0.001330761536304712 0
946 -0.0006581867206605951 -0.001306381899144689 0
947 -0.0006980040801841422 -0.001295542955114581 0
948 -0.0007390392344647842 -0.001299802945334583 0
949 -0.0007756642687760448 -0.001318499733222894 0
950 -0.0008030434645347865 -0.001349006278291392 0
951 -0.0008176385137233797 -0.00138717599709697 0
952 -0.0008176385129480059 -0.001427948841243169 0
953 -0.0008030434622347353 -0.001466118559613131 0
954 -0.0007756642651640499 -0.001496625103693676 0
955 -0.0007390392298102837 -0.001515321890180847 0
956 -0.0006980040726853851 -0.001519581878412064 0
957 -0.0006581867112211781 -0.001508742930427233 0
958 -0.0006250590007065742 -0.001484363289940295 0
959 -0.0006029713703614941 -0.001449820241802404 0
960 -0.0003911497400251193 -0.001453043984181096 0
961 -0.0004132373769957363 -0.001418500929129389 0
962 -0.0004463650888953007 -0.001394121291916771 0
963 -0.0004861824477369643 -0.001383282347414877 0
964 -0.0005272176016901951 -0.001387542336785481 0
965 -0.0005638426360931963 -0.001406239123646039 0
966 -0.00059122183242489 -0.001436745667717748 0
967 -0.000605816882149291 -0.001474915383165588 0
968 -0.0006058168836927152 -0.001515688226879709 0
969 -0.0005912218355740302 -0.001553857945536123 0
970 -0.0005638426410386002 -0.001584364490960496 0
971 -0.0005272176077259532 -0.001603061279839284 0
972 -0.0004861824517148184 -0.001607321271321568 0
973 -0.0004463650895199395 -0.00159648232679824 0
974 -0.0004132373770065334 -0.001572102689295106 0
975 -0.0003911497400251192 -0.001537559634231863 0
976 -0.0002092569886322282 -0.001313464344581712 0
977 -0.0002313518011687664 -0.001278917262422638 0
978 -0.000264489692584879 -0.001254538424803731 0
979 -0.0003043174373818703 -0.001243706666679592 0
980 -0.0003453575780529844 -0.001247979594430011 0
981 -0.0003819812106623078 -0.00126669203429154 0
982 -0.0004093516738548783 -0.00129721375333584 0
983 -0.0004239312245920641 -0.00133539482592078 0
984 -0.0004239105781689821 -0.001376174274207413 0
985 -0.0004092904319689951 -0.001414343740002693 0
986 -0.0003819812145294493 -0.001444765147191487 0
987 -0.0003453575833474916 -0.001463477588461385 0
988 -0.0003043174406464568 -0.001467750518046871 0
989 -0.0002644896925848789 -0.001456918759658141 0
990 -0.0002313518011687657 -0.001432539922039233 0
991 -0.0002092569886322281 -0.00139799283988016 0
992 -0.0002391832613023829 -0.001086151735597976 0
993 -0.0002612780736935607 -0.001051604653520488 0
994 -0.0002944159649034563 -0.00102722581588537 0
995 -0.0003342437127550141 -0.001016394057351 0
996 -0.0003752838553549457 -0.001020666986674462 0
997 -0.0004119074871098182 -0.001039379428046768 0
998 -0.000439277948874881 -0.001069901147988862 0
999 -0.0004538574980635198 -0.00110808222087593 0
1000 -0.0004538368501631516 -0.001148861669032791 0
1001 -0.0004392167026076825 -0.00118703113429871 0
1002 -0.0004119074841002577 -0.001217452540505765 0
1003 -0.0003752838522737287 -0.00123616498047378 0
1004 -0.0003342437094464293 -0.001240437908615123 0
1005 -0.0002944159649034562 -0.00122960615034891 0
1006 -0.0002612780736935598 -0.001205227312713792 0
1007 -0.0002391832613023827 -0.001170680230636304 0
1008 -0.000451004891928323 -0.0009984123430373879 0
1009 -0.0004730997047908772 -0.0009638652606956619 0
1010 -0.0005062375966693011 -0.0009394864231133409 0
1011 -0.0005460653452016084 -0.0009286546650512943 0
1012 -0.0005871054881291207 -0.000932927595224269 0
1013 -0.0006237291197912649 -0.0009516400376238958 0
1014 -0.0006510995809824627 -0.0009821617585613375 0
1015 -0.0006656791296341167 -0.001020342834804584 0
1016 -0.0006656584794143099 -0.001061122283399099 0
1017 -0.0006510383292632475 -0.001099291748375536 0
1018 -0.0006237291082296892 -0.001129713153239719 0
1019 -0.0005871054743588731 -0.001148425590818087 0
1020 -0.0005460653304197751 -0.001152698515708431 0
1021 -0.0005062375866010201 -0.001141866753978257 0
1022 -0.0004730996973904185 -0.001117487913357423 0
1023 -0.0004510048916387399 -0.001082940838206852 0
1024 0.000283281893478228 -0.001318455772393419 0
1025 0.0002611870800898356 -0.001283908689762038 0
1026 0.0002280491880641984 -0.001259529852530047 0
1027 0.0001882214421083221 -0.001248698095025954 0
1028 0.0001471813007890961 -0.001252971024076615 0
1029 0.0001105576682164398 -0.001271683465606529 0
1030 8.31872058811144e-05 -0.001302205186327786 0
1031 6.860765678186033e-05 -0.001340386260212821 0
1032 6.862830545828823e-05 -0.001381165709295836 0
1033 8.324845445040137e-05 -0.001419335175123353 0
1034 0.0001105576748357216 -0.001449756581122429 0
1035 0.000147181308601115 -0.001468469019870764 0
1036 0.000188221452913465 -0.001472741945728451 0
1037 0.0002280491975075786 -0.00146191018453595 0
1038 0.0002611870874794916 -0.00143753134397496 0
1039 0.0002832818937678111 -0.001402984268523195 0
1040 7.146286955728374e-05 -0.001230722803359157 0
1041 4.937523226084219e-05 -0.001196179748124907 0
1042 1.624751989913761e-05 -0.001171800110948735 0
1043 -2.356984267958298e-05 -0.001160961166507595 0
1044 -6.460499896576516e-05 -0.001165221158322752 0
1045 -0.0001012300323474201 -0.001183917947700057 0
1046 -0.0001286092266795261 -0.00121442449366843 0
1047 -0.0001432042743186972 -0.001252594212776341 0
1048 -0.000143204272066198 -0.001293367056789214 0
1049 -0.0001286092199977629 -0.001331536774631637 0
1050 -0.0001012300218543939 -0.001362043317729959 0
1051 -6.460498585767193e-05 -0.001380740102914388 0
1052 -2.356982860572811e-05 -0.001385000089701544 0
1053 1.624752933855469e-05 -0.001374161141840377 0
1054 4.937523964701804e-05 -0.001349781501337291 0
1055 7.146286984682292e-05 -0.001315238453280936 0
1056 0.0001013891422274465 -0.001458035412342889 0
1057 7.930150478572986e-05 -0.001423492357027103 0
1058 4.617379221788474e-05 -0.001399112719867079 0
1059 6.356432694337588e-06 -0.001388273775836972 0
1060 -3.467872158630448e-05 -0.001392533766056974 0
1061 -7.130375589756506e-05 -0.001411230553945285 0
1062 -9.868295165630681e-05 -0.001441737099013783 0
1063 -0.0001132780008448999 -0.001479906817819361 0
1064 -0.0001132780000695262 -0.00152067966196556 0
1065 -9.868294935625538e-05 -0.001558849380335522 0
1066 -7.130375228556979e-05 -0.001589355924416067 0
1067 -3.467871693180355e-05 -0.001608052710903238 0
1068 6.356440193095131e-06 -0.001612312699134455 0
1069 4.617380165730188e-05 -0.001601473751149624 0
1070 7.930151217190582e-05 -0.001577094110662685 0
1071 0.0001013891425169857 -0.001542551062524794 0
1072 0.0003132107728533604 -0.001545774804903488 0
1073 0.0002911231358827435 -0.001511231749851781 0
1074 0.000257995423983179 -0.001486852112639162 0
1075 0.0002181780651415154 -0.001476013168137269 0
1076 0.0001771429111882845 -0.001480273157507872 0
1077 0.0001405178767852833 -0.001498969944368431 0
1078 0.0001131386804535897 -0.001529476488440139 0
1079 9.854363072918871e-05 -0.001567646203887979 0
1080 9.854362918576456e-05 -0.0016084190476021 0
1081 0.0001131386773044497 -0.001646588766258514 0
1082 0.0001405178718398796 -0.001677095311682887 0
1083 0.0001771429051525267 -0.001695792100561675 0
1084 0.0002181780611636614 -0.001700052092043959 0
1085 0.0002579954233585403 -0.001689213147520631 0
1086 0.0002911231358719464 -0.001664833510017497 0
1087 0.0003132107728533606 -0.001630290454954254 0
1088 0.0004951035242462515 -0.001406195165304102 0
1089 0.0004730087117097133 -0.001371648083145029 0
1090 0.0004398708202936007 -0.001347269245526122 0
1091 0.0004000430754966094 -0.001336437487401983 0
1092 0.0003590029348254953 -0.001340710415152403 0
1093 0.0003223793022161719 -0.001359422855013932 0
1094 0.0002950088390236013 -0.001389944574058231 0
1095 0.0002804292882864156 -0.001428125646643171 0
1096 0.0002804499347094976 -0.001468905094929804 0
1097 0.0002950700809094847 -0.001507074560725084 0
1098 0.0003223792983490305 -0.001537495967913878 0
1099 0.0003590029295309883 -0.001556208409183776 0
1100 0.0004000430722320231 -0.001560481338769262 0
1101 0.0004398708202936008 -0.001549649580380532 0
1102 0.0004730087117097141 -0.001525270742761623 0
1103 0.0004951035242462517 -0.001490723660602551 0
1104 0.0004651772515760969 -0.001178882556320367 0
1105 0.000443082439184919 -0.001144335474242879 0
1106 0.0004099445479750234 -0.001119956636607762 0
1107 0.0003701168001234656 -0.001109124878073391 0
1108 0.000329076657523534 -0.001113397807396853 0
1109 0.0002924530257686615 -0.00113211024876916 0
1110 0.0002650825640035987 -0.001162631968711253 0
1111 0.0002505030148149599 -0.001200813041598321 0
1112 0.0002505236627153281 -0.001241592489755183 0
1113 0.0002651438102707971 -0.001279761955021101 0
1114 0.000292453028778222 -0.001310183361228156 0
1115 0.0003290766606047508 -0.001328895801196171 0
1116 0.0003701168034320502 -0.001333168729337515 0
1117 0.0004099445479750235 -0.001322336971071302 0
1118 0.0004430824391849198 -0.001297958133436183 0
1119 0.000465177251576097 -0.001263411051358695 0
1120 0.0002533556209501567 -0.00109114316375978 0
1121 0.0002312608080876025 -0.001056596081418053 0
1122 0.0001981229162091786 -0.001032217243835732 0
1123 0.0001582951676768714 -0.001021385485773686 0
1124 0.0001172550247493591 -0.00102565841594666 0
1125 8.063139308721479e-05 -0.001044370858346287 0
1126 5.326093189601697e-05 -0.001074892579283729 0
1127 3.868138324436305e-05 -0.001113073655526975 0
1128 3.870203346416985e-05 -0.001153853104121491 0
1129 5.332218361523238e-05 -0.001192022569097927 0
1130 8.063140464879077e-05 -0.00122244397396211 0
1131 0.0001172550385196069 -0.001241156411540479 0
1132 0.0001582951824587049 -0.001245429336430822 0
1133 0.0001981229262774598 -0.001234597574700648 0
1134 0.0002312608154880614 -0.001210218734079815 0
1135 0.0002533556212397398 -0.001175671658929244 0
1136 0.0009396414014148236 -0.00104658276241355 0
1137 0.0009175465880264312 -0.001012035679782169 0
1138 0.000884408696000794 -0.0009876568425501787 0
1139 0.0008445809500449177 -0.0009768250850460856 0
1140 0.0008035408087256917 -0.0009810980140967469 0
1141 0.0007669171761530355 -0.0009998104556266608 0
1142 0.00073954671381771 -0.001030332176347917 0
1143 0.000724967164718456 -0.001068513250232953 0
1144 0.000724987813394884 -0.001109292699315968 0
1145 0.0007396079623869969 -0.001147462165143484 0
1146 0.0007669171827723171 -0.00117788357114256 0
1147 0.0008035408165377104 -0.001196596009890895 0
1148 0.0008445809608500605 -0.001200868935748583 0
1149 0.000884408705444174 -0.001190037174556082 0
1150 0.0009175465954160871 -0.001165658333995092 0
1151 0.0009396414017044068 -0.001131111258543326 0
1152 0.0007278223774938794 -0.0009588497933792887 0
1153 0.0007057347401974378 -0.0009243067381450384 0
1154 0.0006726070278357333 -0.000899927100968867 0
1155 0.0006327896652570126 -0.0008890881565277264 0
1156 0.0005917545089708304 -0.0008933481483428835 0
1157 0.0005551294755891755 -0.0009120449377201889 0
1158 0.0005277502812570696 -0.0009425514836885618 0
1159 0.0005131552336178984 -0.0009807212027964727 0
1160 0.0005131552358703976 -0.001021494046809345 0
1161 0.0005277502879388326 -0.001059663764651769 0
1162 0.0005551294860822015 -0.001090170307750091 0
1163 0.0005917545220789236 -0.00110886709293452 0
1164 0.0006327896793308673 -0.001113127079721676 0
1165 0.0006726070372751502 -0.001102288131860509 0
1166 0.0007057347475836135 -0.001077908491357423 0
1167 0.0007278223777834185 -0.001043365443301067 0
1168 0.0007577486501640422 -0.001186162402363021 0
1169 0.0007356610127223256 -0.001151619347047234 0
1170 0.0007025333001544805 -0.001127239709887211 0
1171 0.0006627159406309333 -0.001116400765857104 0
1172 0.0006216807863502913 -0.001120660756077106 0
1173 0.0005850557520390307 -0.001139357543965417 0
1174 0.000557676556280289 -0.001169864089033915 0
1175 0.0005430815070916958 -0.001208033807839492 0
1176 0.0005430815078670696 -0.001248806651985692 0
1177 0.0005576765585803402 -0.001286976370355653 0
1178 0.0005850557556510256 -0.001317482914436198 0
1179 0.0006216807910047918 -0.00133617970092337 0
1180 0.0006627159481296905 -0.001340439689154587 0
1181 0.0007025333095938974 -0.001329600741169755 0
1182 0.0007356610201085013 -0.001305221100682817 0
1183 0.0007577486504535814 -0.001270678052544926 0
1184 0.0009695702807899562 -0.001273901794923619 0
1185 0.0009474826438193392 -0.001239358739871912 0
1186 0.0009143549319197748 -0.001214979102659293 0
1187 0.0008745375730781112 -0.0012041401581574 0
1188 0.0008335024191248803 -0.001208400147528003 0
1189 0.0007968773847218791 -0.001227096934388562 0
1190 0.0007694981883901855 -0.00125760347846027 0
1191 0.0007549031386657845 -0.00129577319390811 0
1192 0.0007549031371223604 -0.001336546037622232 0
1193 0.0007694981852410453 -0.001374715756278645 0
1194 0.0007968773797764753 -0.001405222301703018 0
1195 0.0008335024130891223 -0.001423919090581806 0
1196 0.000874537569100257 -0.00142817908206409 0
1197 0.000914354931295136 -0.001417340137540762 0
1198 0.0009474826438085421 -0.001392960500037628 0
1199 0.0009695702807899563 -0.001358417444974385 0
1200 0.001151463032182847 -0.001134322155324234 0
1201 0.001129368219646309 -0.001099775073165161 0
1202 0.001096230328230196 -0.001075396235546253 0
1203 0.001056402583433205 -0.001064564477422114 0
1204 0.001015362442762091 -0.001068837405172534 0
1205 0.0009787388101527676 -0.001087549845034063 0
1206 0.0009513683469601971 -0.001118071564078362 0
1207 0.0009367887962230113 -0.001156252636663302 0
1208 0.0009368094426460933 -0.001197032084949935 0
1209 0.0009514295888460802 -0.001235201550745215 0
1210 0.0009787388062856258 -0.001265622957934009 0
1211 0.001015362437467583 -0.001284335399203907 0
1212 0.001056402580168618 -0.001288608328789394 0
1213 0.001096230328230196 -0.001277776570400663 0
1214 0.00112936821964631 -0.001253397732781755 0
1215 0.001151463032182847 -0.001218850650622683 0
1216 0.001121536759512693 -0.0009070095463404988 0
1217 0.001099441947121515 -0.0008724624642630104 0
1218 0.001066304055911619 -0.0008480836266278929 0
1219 0.001026476308060062 -0.0008372518680935226 0
1220 0.0009854361654601299 -0.0008415247974169845 0
1221 0.0009488125337052573 -0.0008602372387892909 0
1222 0.0009214420719401947 -0.0008907589587313844 0
1223 0.0009068625227515556 -0.0009289400316184524 0
1224 0.0009068831706519237 -0.0009697194797753138 0
1225 0.0009215033182073927 -0.001007888945041232 0
1226 0.0009488125367148173 -0.001038310351248288 0
1227 0.0009854361685413459 -0.001057022791216303 0
1228 0.001026476311368645 -0.001061295719357646 0
1229 0.001066304055911619 -0.001050463961091433 0
1230 0.001099441947121515 -0.001026085123456315 0
1231 0.001121536759512692 -0.0009915380413788272 0
1232 0.0009097151288867523 -0.0008192701537799109 0
1233 0.000887620316024198 -0.0007847230714381848 0
1234 0.0008544824241457742 -0.0007603442338558637 0
1235 0.0008146546756134669 -0.0007495124757938171 0
1236 0.0007736145326859545 -0.0007537854059667918 0
1237 0.0007369909010238103 -0.0007724978483664186 0
1238 0.0007096204398326125 -0.0008030195693038604 0
1239 0.0006950408911809586 -0.0008412006455471069 0
1240 0.0006950615414007655 -0.0008819800941416226 0
1241 0.000709681691551828 -0.0009201495591180591 0
1242 0.0007369909125853865 -0.0009505709639822418 0
1243 0.0007736145464562025 -0.0009692834015606101 0
1244 0.0008146546903953006 -0.0009735563264509537 0
1245 0.0008544824342140553 -0.0009627245647207799 0
1246 0.0008876203234246569 -0.0009383457240999461 0
1247 0.0009097151291763354 -0.000903798648949375 0
1248 0.001372128904313435 -0.000482954075199346 0
1249 0.001350034090925043 -0.000448406992567965 0
1250 0.001316896198899405 -0.0004240281553359745 0
1251 0.001277068452943529 -0.0004131963978318814 0
1252 0.001236028311624303 -0.0004174693268825426 0
1253 0.001199404679051647 -0.0004361817684124566 0
1254 0.001172034216716321 -0.0004667034891337129 0
1255 0.001157454667617067 -0.0005048845630187489 0
1256 0.001157475316293495 -0.000545664012101764 0
1257 0.001172095465285608 -0.00058383347792928 0
1258 0.001199404685670929 -0.0006142548839283559 0
1259 0.001236028319436322 -0.0006329673226766909 0
1260 0.001277068463748672 -0.0006372402485343786 0
1261 0.001316896208342785 -0.0006264084873418777 0
1262 0.001350034098314698 -0.0006020296467808877 0
1263 0.001372128904603018 -0.0005674825713291224 0
1264 0.001160309880392491 -0.0003952211061650845 0
1265 0.001138222243096049 -0.0003606780509308341 0
1266 0.001105094530734345 -0.0003362984137546627 0
1267 0.001065277168155624 -0.0003254594693135222 0
1268 0.001024242011869442 -0.0003297194611286792 0
1269 0.0009876169784877871 -0.0003484162505059845 0
1270 0.000960237784155681 -0.0003789227964743574 0
1271 0.0009456427365165098 -0.0004170925155822685 0
1272 0.000945642738769009 -0.0004578653595951413 0
1273 0.0009602377908374442 -0.0004960350774375645 0
1274 0.0009876169889808132 -0.0005265416205358866 0
1275 0.001024242024977535 -0.0005452384057203156 0
1276 0.001065277182229479 -0.0005494983925074713 0
1277 0.001105094540173762 -0.0005386594446463043 0
1278 0.001138222250482225 -0.0005142798041432181 0
1279 0.00116030988068203 -0.0004797367560868629 0
1280 0.001190236153062654 -0.0006225337151488165 0
1281 0.001168148515620937 -0.0005879906598330304 0
1282 0.001135020803053092 -0.0005636110226730068 0
1283 0.001095203443529545 -0.0005527720786428997 0
1284 0.001054168289248903 -0.0005570320688629015 0
1285 0.001017543254937642 -0.0005757288567512125 0
1286 0.0009901640591789003 -0.0006062354018197105 0
1287 0.0009755690099903071 -0.0006444051206252882 0
1288 0.0009755690107656809 -0.000685177964771488 0
1289 0.0009901640614789517 -0.000723347683141449 0
1290 0.001017543258549637 -0.0007538542272219942 0
1291 0.001054168293903403 -0.0007725510137091653 0
1292 0.001095203451028302 -0.0007768110019403824 0
1293 0.001135020812492509 -0.000765972053955551 0
1294 0.001168148523007113 -0.0007415924134686128 0
1295 0.001190236153352193 -0.0007070493653307217 0
1296 0.001402057783688568 -0.0007102731077094149 0
1297 0.001379970146717951 -0.0006757300526577078 0
1298 0.001346842434818386 -0.000651350415445089 0
1299 0.001307025075976723 -0.0006405114709431958 0
1300 0.001265989922023492 -0.0006447714603137992 0
1301 0.001229364887620491 -0.0006634682471743578 0
1302 0.001201985691288797 -0.0006939747912460659 0
1303 0.001187390641564396 -0.000732144506693906 0
1304 0.001187390640020972 -0.0007729173504080277 0
1305 0.001201985688139657 -0.0008110870690644412 0
1306 0.001229364882675087 -0.0008415936144888144 0
1307 0.001265989915987734 -0.0008602904033676022 0
1308 0.001307025071998868 -0.0008645503948498858 0
1309 0.001346842434193747 -0.0008537114503265582 0
1310 0.001379970146707153 -0.0008293318128234244 0
1311 0.001402057783688568 -0.0007947887577601813 0
1312 0.001583950535081459 -0.0005706934681100298 0
1313 0.001561855722544921 -0.0005361463859509568 0
1314 0.001528717831128808 -0.0005117675483320492 0
1315 0.001488890086331817 -0.0005009357902079101 0
1316 0.001447849945660703 -0.0005052087179583299 0
1317 0.001411226313051379 -0.0005239211578198587 0
1318 0.001383855849858809 -0.0005544428768641579 0
1319 0.001369276299121623 -0.0005926239494490979 0
1320 0.001369296945544705 -0.0006334033977357313 0
1321 0.001383917091744692 -0.0006715728635310116 0
1322 0.001411226309184237 -0.0007019942707198051 0
1323 0.001447849940366195 -0.000720706711989703 0
1324 0.00148889008306723 -0.0007249796415751894 0
1325 0.001528717831128808 -0.0007141478831864592 0
1326 0.001561855722544921 -0.0006897690455675511 0
1327 0.001583950535081459 -0.0006552219634084786 0
1328 0.001554024262411304 -0.0003433808591262946 0
1329 0.001531929450020126 -0.0003088337770488059 0
1330 0.00149879155881023 -0.0002844549394136886 0
1331 0.001458963810958673 -0.0002736231808793183 0
1332 0.001417923668358741 -0.0002778961102027803 0
1333 0.001381300036603869 -0.0002966085515750869 0
1334 0.001353929574838806 -0.0003271302715171806 0
1335 0.001339350025650167 -0.0003653113444042486 0
1336 0.001339370673550535 -0.0004060907925611099 0
1337 0.001353990821106004 -0.000444260257827028 0
1338 0.001381300039613429 -0.0004746816640340836 0
1339 0.001417923671439958 -0.0004933941040020985 0
1340 0.001458963814267257 -0.0004976670321434418 0
1341 0.00149879155881023 -0.0004868352738772287 0
1342 0.001531929450020127 -0.0004624564362421103 0
1343 0.001554024262411304 -0.0004279093541646224 0
1344 0.001342202631785364 -0.0002556414665657066 0
1345 0.001320107818922809 -0.0002210943842239805 0
1346 0.001286969927044386 -0.0001967155466416595 0
1347 0.001247142178512079 -0.0001858837885796129 0
1348 0.001206102035584566 -0.0001901567187525876 0
1349 0.001169478403922422 -0.0002088691611522143 0
1350 0.001142107942731224 -0.0002393908820896561 0
1351 0.00112752839407957 -0.0002775719583329025 0
1352 0.001127549044299377 -0.0003183514069274181 0
1353 0.001142169194450439 -0.0003565208719038545 0
1354 0.001169478415483998 -0.0003869422767680374 0
1355 0.001206102049354814 -0.0004056547143464057 0
1356 0.001247142193293912 -0.0004099276392367495 0
1357 0.001286969937112667 -0.0003990958775065757 0
1358 0.001320107826323269 -0.0003747170368857417 0
1359 0.001342202632074947 -0.0003401699617351706 0
1360 0.001464859725035826 0.0002214064376791344 0
1361 0.001442764911647434 0.0002559535203105155 0
1362 0.001409627019621797 0.000280332357542506 0
1363 0.00136979927366592 0.000291164115046599 0
1364 0.001328759132346694 0.0002868911859959378 0
1365 0.001292135499774038 0.0002681787444660239 0
1366 0.001264765037438713 0.0002376570237447675 0
1367 0.001250185488339459 0.0001994759498597316 0
1368 0.001250206137015887 0.0001586965007767164 0
1369 0.001264826286008 0.0001205270349492003 0
1370 0.00129213550639332 9.010562895012442e-05 0
1371 0.001328759140158713 7.139319020178944e-05 0
1372 0.001369799284471063 6.712026434410189e-05 0
1373 0.001409627029065177 7.795202553660274e-05 0
1374 0.00144276491903709 0.0001023308660975928 0
1375 0.00146485972532541 0.0001368779415493581 0
1376 0.001253040701114882 0.000309139406713396 0
1377 0.00123095306381844 0.0003436824619476463 0
1378 0.001197825351456736 0.0003680620991238177 0
1379 0.001158007988878015 0.0003789010435649582 0
1380 0.001116972832591833 0.0003746410517498012 0
1381 0.001080347799210178 0.0003559442623724958 0
1382 0.001052968604878072 0.0003254377164041229 0
1383 0.001038373557238901 0.0002872679972962119 0
1384 0.0010383735594914 0.000246495153283339 0
1385 0.001052968611559835 0.000208325435440916 0
1386 0.001080347809703204 0.0001778188923425939 0
1387 0.001116972845699926 0.0001591221071581649 0
1388 0.00115800800295187 0.0001548621203710091 0
1389 0.001197825360896153 0.0001657010682321761 0
1390 0.001230953071204616 0.0001900807087352623 0
1391 0.001253040701404421 0.0002246237567916176 0
1392 0.001282966973785045 8.182679772966401e-05 0
1393 0.001260879336343328 0.0001163698530454501 0
1394 0.001227751623775483 0.0001407494902054736 0
1395 0.001187934264251936 0.0001515884342355808 0
1396 0.001146899109971294 0.0001473284440155788 0
1397 0.001110274075660033 0.000128631656127268 0
1398 0.001082894879901292 9.812511105876993e-05 0
1399 0.001068299830712698 5.995539225319225e-05 0
1400 0.001068299831488072 1.918254810699254e-05 0
1401 0.001082894882201343 -1.898717026296859e-05 0
1402 0.001110274079272028 -4.94937143435138e-05 0
1403 0.001146899114625795 -6.81905008306849e-05 0
1404 0.001187934271750693 -7.245048906190195e-05 0
1405 0.0012277516332149 -6.161154107707059e-05 0
1406 0.001260879343729504 -3.723190059013239e-05 0
1407 0.001282966974074584 -2.688852452241288e-06 0
1408 0.001494788604410959 -5.912594830934475e-06 0
1409 0.001472700967440342 2.863046022077264e-05 0
1410 0.001439573255540777 5.301009743339144e-05 0
1411 0.001399755896699114 6.384904193528462e-05 0
1412 0.001358720742745883 5.958905256468126e-05 0
1413 0.001322095708342882 4.089226570412271e-05 0
1414 0.001294716512011188 1.038572163241439e-05 0
1415 0.001280121462286787 -2.77839938154257e-05 0
1416 0.001280121460743363 -6.855683752954733e-05 0
1417 0.001294716508862048 -0.0001067265561859608 0
1418 0.001322095703397478 -0.0001372331016103341 0
1419 0.001358720736710125 -0.0001559298904891219 0
1420 0.00139975589272126 -0.0001601898819714054 0
1421 0.001439573254916139 -0.0001493509374480777 0
1422 0.001472700967429545 -0.0001249712999449437 0
1423 0.001494788604410959 -9.042824488170051e-05 0
1424 0.00167668135580385 0.0001336670447684505 0
1425 0.001654586543267312 0.0001682141269275237 0
1426 0.001621448651851199 0.0001925929645464312 0
1427 0.001581620907054208 0.0002034247226705703 0
1428 0.001540580766383094 0.0001991517949201505 0
1429 0.00150395713377377 0.0001804393550586216 0
1430 0.0014765866705812 0.0001499176360143224 0
1431 0.001462007119844014 0.0001117365634293824 0
1432 0.001462027766267096 7.095711514274895e-05 0
1433 0.001476647912467083 3.278764934746856e-05 0
1434 0.001503957129906629 2.366242158675162e-06 0
1435 0.001540580761088586 -1.634619911122264e-05 0
1436 0.001581620903789621 -2.061912869670904e-05 0
1437 0.001621448651851199 -9.787370307978759e-06 0
1438 0.001654586543267313 1.459146731092967e-05 0
1439 0.00167668135580385 4.913854947000215e-05 0
1440 0.001646755083133695 0.0003609796537521857 0
1441 0.001624660270742517 0.0003955267358296743 0
1442 0.001591522379532622 0.0004199055734647917 0
1443 0.001551694631681064 0.0004307373319991619 0
1444 0.001510654489081132 0.0004264644026757 0
1445 0.00147403085732626 0.0004077519613033935 0
1446 0.001446660395561197 0.0003772302413612998 0
1447 0.001432080846372558 0.0003390491684742318 0
1448 0.001432101494272926 0.0002982697203173705 0
1449 0.001446721641828396 0.0002601002550514523 0
1450 0.00147403086033582 0.0002296788488443967 0
1451 0.001510654492162349 0.0002109664088763819 0
1452 0.001551694634989648 0.0002066934807350385 0
1453 0.001591522379532622 0.0002175252390012516 0
1454 0.001624660270742518 0.0002419040766363699 0
1455 0.001646755083133695 0.0002764511587138578 0
1456 0.001434933452507755 0.0004487190463127737 0
1457 0.001412838639645201 0.0004832661286544998 0
1458 0.001379700747766777 0.0005076449662368208 0
1459 0.00133987299923447 0.0005184767242988674 0
1460 0.001298832856306957 0.0005142037941258927 0
1461 0.001262209224644813 0.0004954913517262661 0
1462 0.001234838763453615 0.0004649696307888242 0
1463 0.001220259214801961 0.0004267885545455778 0
1464 0.001220279865021768 0.0003860091059510622 0
1465 0.001234900015172831 0.0003478396409746258 0
1466 0.001262209236206389 0.000317418236110443 0
1467 0.001298832870077205 0.0002987057985320746 0
1468 0.001339873014016303 0.0002944328736417309 0
1469 0.001379700757835058 0.0003052646353719046 0
1470 0.00141283864704566 0.0003296434759927385 0
1471 0.001434933452797338 0.0003641905511433097 0
1472 0.001192986715055958 0.0008777659456157298 0
1473 0.001170891901667565 0.0009123130282471108 0
1474 0.001137754009641928 0.0009366918654791013 0
1475 0.001097926263686052 0.0009475236229831944 0
1476 0.001056886122366826 0.0009432506939325331 0
1477 0.001020262489794169 0.0009245382524026191 0
1478 0.000992892027458844 0.0008940165316813628 0
1479 0.0009783124783595901 0.0008558354577963269 0
1480 0.0009783331270360181 0.0008150560087133117 0
1481 0.0009929532760281309 0.0007768865428857957 0
1482 0.001020262496413451 0.0007464651368867198 0
1483 0.001056886130178844 0.0007277526981383848 0
1484 0.001097926274491194 0.0007234797722806971 0
1485 0.001137754019085308 0.000734311533473198 0
1486 0.001170891909057221 0.0007586903740341881 0
1487 0.001192986715345541 0.0007932374494859534 0
1488 0.0009811676911350132 0.0009654989146499913 0
1489 0.0009590800538385717 0.001000041969884242 0
1490 0.0009259523414768671 0.001024421607060413 0
1491 0.0008861349788981466 0.001035260551501554 0
1492 0.0008450998226119644 0.001031000559686397 0
1493 0.0008084747892303095 0.001012303770309091 0
1494 0.0007810955948982034 0.0009817972243407181 0
1495 0.0007665005472590322 0.0009436275052328069 0
1496 0.0007665005495115316 0.0009028546612199341 0
1497 0.0007810956015799668 0.0008646849433775111 0
1498 0.0008084747997233357 0.0008341784002791892 0
1499 0.0008450998357200577 0.0008154816150947601 0
1500 0.0008861349929720015 0.0008112216283076045 0
1501 0.0009259523509162842 0.0008220605761687715 0
1502 0.0009590800612247475 0.0008464402166718575 0
1503 0.0009811676914245524 0.0008809832647282128 0
1504 0.001011093963805176 0.0007381863056662594 0
1505 0.0009890063263634597 0.0007727293609820455 0
1506 0.0009558786137956144 0.0007971089981420689 0
1507 0.0009160612542720673 0.0008079479421721762 0
1508 0.0008750260999914253 0.0008036879519521741 0
1509 0.0008384010656801648 0.0007849911640638633 0
1510 0.000811021869921423 0.0007544846189953652 0
1511 0.0007964268207328298 0.0007163149001897874 0
1512 0.0007964268215082036 0.0006755420560435876 0
1513 0.0008110218722214744 0.0006373723376736267 0
1514 0.0008384010692921598 0.0006068657935930815 0
1515 0.000875026104645926 0.0005881690071059104 0
1516 0.0009160612617708245 0.0005839090188746933 0
1517 0.0009558786232350316 0.0005947479668595247 0
1518 0.0009890063337496353 0.0006191276073464628 0
1519 0.001011093964094715 0.0006536706554843539 0
1520 0.00122291559443109 0.0006504469131056608 0
1521 0.001200827957460473 0.000684989968157368 0
1522 0.001167700245560909 0.0007093696053699867 0
1523 0.001127882886719245 0.00072020854987188 0
1524 0.001086847732766014 0.0007159485605012766 0
1525 0.001050222698363013 0.000697251773640718 0
1526 0.00102284350203132 0.0006667452295690098 0
1527 0.001008248452306918 0.0006285755141211697 0
1528 0.001008248450763494 0.000587802670407048 0
1529 0.001022843498882179 0.0005496329517506346 0
1530 0.001050222693417609 0.0005191264063262613 0
1531 0.001086847726730256 0.0005004296174474735 0
1532 0.001127882882741391 0.0004961696259651899 0
1533 0.00116770024493627 0.0005070085704885175 0
1534 0.001200827957449676 0.0005313882079916513 0
1535 0.00122291559443109 0.0005659312630548945 0
1536 0.001404808345823981 0.0007900265527050459 0
1537 0.001382713533287443 0.000824573634864119 0
1538 0.00134957564187133 0.0008489524724830265 0
1539 0.001309747897074339 0.0008597842306071657 0
1540 0.001268707756403225 0.0008555113028567459 0
1541 0.001232084123793902 0.000836798862995217 0
1542 0.001204713660601331 0.0008062771439509178 0
1543 0.001190134109864145 0.0007680960713659778 0
1544 0.001190154756287227 0.0007273166230793444 0
1545 0.001204774902487214 0.0006891471572840641 0
1546 0.00123208411992676 0.0006587257500952706 0
1547 0.001268707751108718 0.0006400133088253728 0
1548 0.001309747893809752 0.0006357403792398863 0
1549 0.00134957564187133 0.0006465721376286165 0
1550 0.001382713533287444 0.0006709509752475247 0
1551 0.001404808345823981 0.0007054980574065971 0
1552 0.001374882073153827 0.001017339161688781 0
1553 0.001352787260762648 0.00105188624376627 0
1554 0.001319649369552753 0.001076265081401387 0
1555 0.001279821621701195 0.001087096839935757 0
1556 0.001238781479101264 0.001082823910612295 0
1557 0.001202157847346391 0.001064111469239989 0
1558 0.001174787385581328 0.001033589749297895 0
1559 0.00116020783639269 0.0009954086764108272 0
1560 0.001160228484293058 0.0009546292282539659 0
1561 0.001174848631848527 0.0009164597629880477 0
1562 0.001202157850355951 0.0008860383567809921 0
1563 0.00123878148218248 0.0008673259168129772 0
1564 0.00127982162500978 0.0008630529886716337 0
1565 0.001319649369552753 0.0008738847469378468 0
1566 0.001352787260762649 0.0008982635845729649 0
1567 0.001374882073153826 0.0009328106666504526 0
1568 0.001163060442527886 0.001105078554249369 0
1569 0.001140965629665332 0.001139625636591095 0
1570 0.001107827737786908 0.001164004474173416 0
1571 0.001067999989254601 0.001174836232235463 0
1572 0.001026959846327089 0.001170563302062488 0
1573 0.0009903362146649443 0.001151850859662861 0
1574 0.0009629657534737465 0.001121329138725419 0
1575 0.0009483862048220926 0.001083148062482173 0
1576 0.0009484068550418994 0.001042368613887658 0
1577 0.0009630270051929618 0.001004199148911221 0
1578 0.0009903362262265202 0.0009737777440470383 0
1579 0.001026959860097336 0.0009550653064686698 0
1580 0.001068000004036434 0.0009507923815783261 0
1581 0.001107827747855189 0.0009616241433084998 0
1582 0.001140965637065791 0.0009860029839293338 0
1583 0.001163060442817469 0.001020550059079905 0
1584 0.0006293580278417535 0.001310253448514341 0
1585 0.0006072632144533611 0.001344800531145722 0
1586 0.0005741253224277239 0.001369179368377712 0
1587 0.0005342975764718476 0.001380011125881805 0
1588 0.0004932574351526216 0.001375738196831144 0
1589 0.0004566338025799654 0.00135702575530123 0
1590 0.00042926334024464 0.001326504034579974 0
1591 0.0004146837911453859 0.001288322960694938 0
1592 0.0004147044398218138 0.001247543511611923 0
1593 0.000429324588813927 0.001209374045784407 0
1594 0.0004566338091992473 0.001178952639785331 0
1595 0.0004932574429646408 0.001160240201036996 0
1596 0.0005342975872769907 0.001155967275179308 0
1597 0.0005741253318711041 0.001166799036371809 0
1598 0.0006072632218430172 0.001191177876932799 0
1599 0.0006293580281313367 0.001225724952384565 0
1600 0.0004175390039208092 0.001397986417548602 0
1601 0.0003954513666243677 0.001432529472782853 0
1602 0.0003623236542626631 0.001456909109959024 0
1603 0.0003225062916839425 0.001467748054400165 0
1604 0.0002814711353977603 0.001463488062585008 0
1605 0.0002448461020161053 0.001444791273207702 0
1606 0.0002174669076839994 0.001414284727239329 0
1607 0.0002028718600448282 0.001376115008131418 0
1608 0.0002028718622973275 0.001335342164118546 0
1609 0.0002174669143657626 0.001297172446276123 0
1610 0.0002448461125091315 0.0012666659031778 0
1611 0.0002814711485058535 0.001247969117993371 0
1612 0.0003225063057577972 0.001243709131206216 0
1613 0.0003623236637020801 0.001254548079067383 0
1614 0.0003954513740105435 0.001278927719570469 0
1615 0.0004175390042103485 0.001313470767626824 0
1616 0.0004474652765909721 0.001170673808564871 0
1617 0.0004253776391492554 0.001205216863880657 0
1618 0.0003922499265814103 0.00122959650104068 0
1619 0.0003524325670578632 0.001240435445070787 0
1620 0.0003113974127772212 0.001236175454850785 0
1621 0.0002747723784659606 0.001217478666962475 0
1622 0.0002473931827072188 0.001186972121893976 0
1623 0.0002327981335186257 0.001148802403088399 0
1624 0.0002327981342939994 0.001108029558942199 0
1625 0.00024739318500727 0.001069859840572238 0
1626 0.0002747723820779555 0.001039353296491693 0
1627 0.0003113974174317217 0.001020656510004522 0
1628 0.0003524325745566202 0.001016396521773305 0
1629 0.0003922499360208272 0.001027235469758136 0
1630 0.0004253776465354312 0.001051615110245074 0
1631 0.0004474652768805112 0.001086158158382965 0
1632 0.0006592869072168861 0.001082934416004272 0
1633 0.0006371992702462691 0.001117477471055979 0
1634 0.0006040715583467046 0.001141857108268598 0
1635 0.0005642541995050411 0.001152696052770491 0
1636 0.0005232190455518102 0.001148436063399888 0
1637 0.000486594011148809 0.001129739276539329 0
1638 0.0004592148148171154 0.001099232732467621 0
1639 0.0004446197650927144 0.001061063017019781 0
1640 0.0004446197635492902 0.001020290173305659 0
1641 0.0004592148116679755 0.0009821204546492455 0
1642 0.0004865940062034055 0.0009516139092248723 0
1643 0.0005232190395160524 0.0009329171203460846 0
1644 0.0005642541955271873 0.0009286571288638011 0
1645 0.0006040715577220661 0.0009394960733871288 0
1646 0.0006371992702354721 0.0009638757108902628 0
1647 0.0006592869072168863 0.000998418765953506 0
1648 0.0008411796586097771 0.001222514055603657 0
1649 0.0008190848460732389 0.00125706113776273 0
1650 0.0007859469546571263 0.001281439975381638 0
1651 0.000746119209860135 0.001292271733505777 0
1652 0.0007050790691890209 0.001287998805755357 0
1653 0.0006684554365796975 0.001269286365893828 0
1654 0.000641084973387127 0.001238764646849529 0
1655 0.0006265054226499412 0.001200583574264589 0
1656 0.0006265260690730232 0.001159804125977956 0
1657 0.0006411462152730103 0.001121634660182675 0
1658 0.0006684554327125561 0.001091213252993882 0
1659 0.000705079063894514 0.001072500811723984 0
1660 0.0007461192065955489 0.001068227882138497 0
1661 0.0007859469546571266 0.001079059640527228 0
1662 0.0008190848460732398 0.001103438478146136 0
1663 0.0008411796586097772 0.001137985560305209 0
1664 0.0008112533859396223 0.001449826664587392 0
1665 0.0007891585735484445 0.001484373746664881 0
1666 0.0007560206823385488 0.001508752584299998 0
1667 0.0007161929344869911 0.001519584342834368 0
1668 0.0006751527918870594 0.001515311413510906 0
1669 0.0006385291601321869 0.0014965989721386 0
1670 0.0006111586983671242 0.001466077252196506 0
1671 0.0005965791491784854 0.001427896179309438 0
1672 0.0005965997970788537 0.001387116731152577 0
1673 0.0006112199446343228 0.001348947265886658 0
1674 0.0006385291631417476 0.001318525859679603 0
1675 0.0006751527949682766 0.001299813419711588 0
1676 0.000716192937795576 0.001295540491570245 0
1677 0.0007560206823385492 0.001306372249836458 0
1678 0.0007891585735484454 0.001330751087471576 0
1679 0.0008112533859396224 0.001365298169549064 0
1680 0.0005994317553136822 0.00153756605714798 0
1681 0.000577336942451128 0.001572113139489706 0
1682 0.0005441990505727041 0.001596491977072027 0
1683 0.0005043713020403969 0.001607323735134074 0
1684 0.0004633311591128846 0.001603050804961099 0
1685 0.0004267075274507404 0.001584338362561472 0
1686 0.0003993370662595425 0.001553816641624031 0
1687 0.0003847575176078886 0.001515635565380784 0
1688 0.0003847781678276954 0.001474856116786269 0
1689 0.0003993983179787578 0.001436686651809832 0
1690 0.0004267075390123162 0.00140626524694565 0
1691 0.0004633311728831323 0.001387552809367281 0
1692 0.0005043713168222303 0.001383279884476937 0
1693 0.0005441990606409852 0.001394111646207111 0
1694 0.0005773369498515868 0.001418490486827945 0
1695 0.0005994317556032654 0.001453037561978516 0
1696 -7.500248503672568e-05 0.001402984269236732 0
1697 -9.709729842511804e-05 0.001437531351868113 0
1698 -0.0001302351904507552 0.001461910189100104 0
1699 -0.0001700629364066315 0.001472741946604197 0
1700 -0.0002111030777258575 0.001468469017553536 0
1701 -0.0002477267102985138 0.001449756576023622 0
1702 -0.0002750971726338393 0.001419234855302366 0
1703 -0.0002896767217330933 0.00138105378141733 0
1704 -0.0002896560730566654 0.001340274332334315 0
1705 -0.0002750359240645523 0.001302104866506798 0
1706 -0.0002477267036792321 0.001271683460507722 0
1707 -0.0002111030699138386 0.001252971021759387 0
1708 -0.0001700629256014887 0.0012486980959017 0
1709 -0.0001302351810073751 0.001259529857094201 0
1710 -9.709729103546216e-05 0.001283908697655191 0
1711 -7.500248474714256e-05 0.001318455773106956 0
1712 -0.0002868215089576699 0.001490717238270994 0
1713 -0.0003089091462541115 0.001525260293505244 0
1714 -0.0003420368586158161 0.001549639930681416 0
1715 -0.0003818542211945367 0.001560478875122556 0
1716 -0.0004228893774807189 0.001556218883307399 0
1717 -0.0004595144108623739 0.001537522093930094 0
1718 -0.0004868936051944798 0.001507015547961721 0
1719 -0.0005014886528336509 0.00146884582885381 0
1720 -0.0005014886505811517 0.001428072984840937 0
1721 -0.0004868935985127165 0.001389903266998514 0
1722 -0.0004595144003693475 0.001359396723900192 0
1723 -0.0004228893643726254 0.001340699938715763 0
1724 -0.0003818542071206817 0.001336439951928607 0
1725 -0.0003420368491763988 0.001347278899789774 0
1726 -0.0003089091388679355 0.00137165854029286 0
1727 -0.0002868215086681307 0.001406201588349215 0
1728 -0.0002568952362875071 0.001263404629287262 0
1729 -0.0002789828737292238 0.001297947684603048 0
1730 -0.0003121105862970689 0.001322327321763072 0
1731 -0.0003519279458206161 0.001333166265793179 0
1732 -0.0003929631001012581 0.001328906275573177 0
1733 -0.0004295881344125187 0.001310209487684866 0
1734 -0.0004569673301712604 0.001279702942616368 0
1735 -0.0004715623793598536 0.00124153322381079 0
1736 -0.0004715623785844798 0.001200760379664591 0
1737 -0.000456967327871209 0.001162590661294629 0
1738 -0.0004295881308005234 0.001132084117214084 0
1739 -0.0003929630954467572 0.001113387330726913 0
1740 -0.0003519279383218585 0.001109127342495696 0
1741 -0.0003121105768576518 0.001119966290480527 0
1742 -0.0002789828663430478 0.001144345930967466 0
1743 -0.000256895235997968 0.001178888979105357 0
1744 -4.507360566159311e-05 0.001175665236726664 0
1745 -6.716124263221005e-05 0.001210208291778371 0
1746 -0.0001002889545317745 0.001234587928990989 0
1747 -0.000140106313373438 0.001245426873492883 0
1748 -0.0001811414673266689 0.001241166884122279 0
1749 -0.0002177665017296702 0.001222470097261721 0
1750 -0.0002451456980613638 0.001191963553190012 0
1751 -0.0002597407477857648 0.001153793837742172 0
1752 -0.000259740749329189 0.001113020994028051 0
1753 -0.0002451457012105038 0.001074851275371637 0
1754 -0.0002177665066750738 0.001044344729947264 0
1755 -0.0001811414733624267 0.001025647941068476 0
1756 -0.0001401063173512921 0.001021387949586193 0
1757 -0.0001002889551564131 0.00103222689410952 0
1758 -6.716124264300713e-05 0.001056606531612654 0
1759 -4.5073605661593e-05 0.001091149586675898 0
1760 0.000136819145731298 0.001315244876326049 0
1761 0.0001147243331947597 0.001349791958485122 0
1762 8.158644177864718e-05 0.001374170796104029 0
1763 4.175869698165591e-05 0.001385002554228168 0
1764 7.185563105417905e-07 0.001380729626477749 0
1765 -3.59050762987816e-05 0.00136201718661622 0
1766 -6.327553949135217e-05 0.00133149546757192 0
1767 -7.785509022853801e-05 0.00129331439498698 0
1768 -7.783444380545595e-05 0.001252534946700347 0
1769 -6.321429760546887e-05 0.001214365480905067 0
1770 -3.590508016592314e-05 0.001183944073716273 0
1771 7.185510160347431e-07 0.001165231632446375 0
1772 4.175869371706941e-05 0.001160958702860889 0
1773 8.158644177864722e-05 0.001171790461249619 0
1774 0.0001147243331947605 0.001196169298868528 0
1775 0.000136819145731298 0.0012307163810276 0
1776 0.0001068928730611432 0.001542557485309784 0
1777 8.47980606699653e-05 0.001577104567387272 0
1778 5.166016946006968e-05 0.00160148340502239 0
1779 1.183242160851193e-05 0.00161231516355676 0
1780 -2.920772099141966e-05 0.001608042234233298 0
1781 -6.583135274629221e-05 0.001589329792860991 0
1782 -9.320181451135493e-05 0.001558808072918898 0
1783 -0.0001077813636999938 0.00152062700003183 0
1784 -0.0001077607157996256 0.001479847551874969 0
1785 -9.314056824415647e-05 0.00144167808660905 0
1786 -6.583134973673164e-05 0.001411256680401995 0
1787 -2.920771791020277e-05 0.00139254424043398 0
1788 1.183242491709651e-05 0.001388271312292637 0
1789 5.166016946006976e-05 0.00139910307055885 0
1790 8.479806066996613e-05 0.001423481908193968 0
1791 0.0001068928730611432 0.001458028990271456 0
1792 -0.000104928757564797 0.001630296877870372 0
1793 -0.0001270235704273512 0.001664843960212098 0
1794 -0.0001601614623057751 0.001689222797794419 0
1795 -0.0001999892108380823 0.001700054555856466 0
1796 -0.0002410293537655946 0.001695781625683491 0
1797 -0.0002776529854277389 0.001677069183283864 0
1798 -0.0003050234466189367 0.001646547462346422 0
1799 -0.0003196029952705907 0.001608366386103176 0
1800 -0.0003195823450507838 0.00156758693750866 0
1801 -0.0003049621948997215 0.001529417472532224 0
1802 -0.0002776529738661631 0.001498996067668041 0
1803 -0.000241029339995347 0.001480283630089673 0
1804 -0.000199989196056249 0.001476010705199329 0
1805 -0.0001601614522374941 0.001486842466929503 0
1806 -0.0001270235630268924 0.001511221307550337 0
1807 -0.0001049287572752138 0.001545768382700908 0
1808 -0.0007313619929733218 0.001131111259256864 0
1809 -0.0007534568063617142 0.001165658341888245 0
1810 -0.0007865946983873514 0.001190037179120235 0
1811 -0.0008264224443432278 0.001200868936624329 0
1812 -0.0008674625856624537 0.001196596007573667 0
1813 -0.00090408621823511 0.001177883566043753 0
1814 -0.0009314566805704354 0.001147361845322497 0
1815 -0.0009460362296696894 0.001109180771437461 0
1816 -0.0009460155809932615 0.001068401322354446 0
1817 -0.0009313954320011484 0.00103023185652693 0
1818 -0.0009040862116158282 0.000999810450527854 0
1819 -0.0008674625778504348 0.0009810980117795189 0
1820 -0.0008264224335380847 0.0009768250859218315 0
1821 -0.0007865946889439713 0.0009876568471143322 0
1822 -0.0007534567989720583 0.001012035687675322 0
1823 -0.0007313619926837385 0.001046582763127088 0
1824 -0.000943181016894266 0.001218844228291125 0
1825 -0.0009652686541907076 0.001253387283525376 0
1826 -0.0009983963665524123 0.001277766920701547 0
1827 -0.001038213729131133 0.001288605865142688 0
1828 -0.001079248885417315 0.001284345873327531 0
1829 -0.00111587391879897 0.001265649083950225 0
1830 -0.001143253113131076 0.001235142537981852 0
1831 -0.001157848160770247 0.001196972818873941 0
1832 -0.001157848158517748 0.001156199974861069 0
1833 -0.001143253106449313 0.001118030257018646 0
1834 -0.001115873908305944 0.001087523713920323 0
1835 -0.001079248872309222 0.001068826928735894 0
1836 -0.001038213715057278 0.001064566941948738 0
1837 -0.0009983963571129953 0.001075405889809905 0
1838 -0.0009652686468045318 0.001099785530312992 0
1839 -0.0009431810166047269 0.001134328578369347 0
1840 -0.0009132547442241033 0.0009915316193073935 0
1841 -0.00093534238166582 0.00102607467462318 0
1842 -0.0009684700942336651 0.001050454311783203 0
1843 -0.001008287453757212 0.00106129325581331 0
1844 -0.001049322608037854 0.001057033265593308 0
1845 -0.001085947642349115 0.001038336477704997 0
1846 -0.001113326838107857 0.001007829932636499 0
1847 -0.00112792188729645 0.0009696602138309216 0
1848 -0.001127921886521076 0.0009288873696847219 0
1849 -0.001113326835807805 0.0008907176513147609 0
1850 -0.001085947638737119 0.0008602111072342157 0
1851 -0.001049322603383354 0.0008415143207470446 0
1852 -0.001008287446258455 0.0008372543325158275 0
1853 -0.0009684700847942478 0.000848093280500659 0
1854 -0.000935342374279644 0.0008724729209875972 0
1855 -0.0009132547439345641 0.0009070159691254882 0
1856 -0.0007014331135981892 0.0009037922267467951 0
1857 -0.0007235207505688062 0.0009383352817985022 0
1858 -0.0007566484624683706 0.0009627149190111209 0
1859 -0.0007964658213100342 0.0009735538635130142 0
1860 -0.0008375009752632651 0.0009692938741424107 0
1861 -0.0008741260096662663 0.0009505970872818522 0
1862 -0.0009015052059979599 0.0009200905432101439 0
1863 -0.0009161002557223609 0.0008819208277623037 0
1864 -0.0009161002572657851 0.0008411479840481819 0
1865 -0.0009015052091470998 0.0008029782653917684 0
1866 -0.0008741260146116698 0.0007724717199673953 0
1867 -0.0008375009812990229 0.0007537749310886076 0
1868 -0.000796465825287888 0.0007495149396063241 0
1869 -0.0007566484630930092 0.0007603538841296518 0
1870 -0.0007235207505796032 0.0007847335216327858 0
1871 -0.000701433113598189 0.0008192765766960289 0
1872 -0.0005195403622052981 0.00104337186634618 0
1873 -0.0005416351747418364 0.001077918948505253 0
1874 -0.0005747730661579489 0.001102297786124161 0
1875 -0.0006146008109549403 0.0011131295442483 0
1876 -0.0006556409516260544 0.00110885661649788 0
1877 -0.0006922645842353778 0.001090144176636351 0
1878 -0.0007196350474279483 0.001059622457592052 0
1879 -0.000734214598165134 0.001021441385007112 0
1880 -0.000734193951742052 0.0009806619367204784 0
1881 -0.0007195738055420648 0.000942492470925198 0
1882 -0.0006922645881025192 0.0009120710637364047 0
1883 -0.0006556409569205614 0.0008933586224665069 0
1884 -0.0006146008142195267 0.0008890856928810204 0
1885 -0.0005747730661579488 0.0008999174512697507 0
1886 -0.0005416351747418355 0.0009242962888886589 0
1887 -0.000519540362205298 0.0009588433710477315 0
1888 -0.0005494666348754529 0.001270684475329915 0
1889 -0.0005715614472666307 0.001305231557407404 0
1890 -0.0006046993384765264 0.001329610395042521 0
1891 -0.0006445270863280841 0.001340442153576892 0
1892 -0.0006855672289280157 0.00133616922425343 0
1893 -0.0007221908606828883 0.001317456782881123 0
1894 -0.000749561322447951 0.001286935062939029 0
1895 -0.0007641408716365898 0.001248753990051961 0
1896 -0.0007641202237362215 0.0012079745418951 0
1897 -0.0007495000761807525 0.001169805076629182 0
1898 -0.0007221908576733278 0.001139383670422126 0
1899 -0.0006855672258467989 0.001120671230454111 0
1900 -0.0006445270830194995 0.001116398302312768 0
1901 -0.0006046993384765263 0.001127230060578981 0
1902 -0.0005715614472666299 0.001151608898214099 0
1903 -0.0005494666348754527 0.001186155980291587 0
1904 -0.0007612882655013931 0.001358423867890503 0
1905 -0.0007833830783639473 0.00139297095023223 0
1906 -0.0008165209702423712 0.001417349787814551 0
1907 -0.0008563487187746784 0.001428181545876597 0
1908 -0.0008973888617021908 0.001423908615703622 0
1909 -0.000934012493364335 0.001405196173303996 0
1910 -0.0009613829545555327 0.001374674452366554 0
1911 -0.0009759625032071867 0.001336493376123308 0
1912 -0.0009759418529873799 0.001295713927528792 0
1913 -0.0009613217028363174 0.001257544462552355 0
1914 -0.0009340124818027589 0.001227123057688172 0
1915 -0.0008973888479319428 0.001208410620109804 0
1916 -0.0008563487039928449 0.001204137695219461 0
1917 -0.00081652096017409 0.001214969456949634 0
1918 -0.0007833830709634884 0.001239348297570468 0
1919 -0.0007612882652118099 0.001273895372721039 0
1920 -0.001163849495871933 0.0005674825720426595 0
1921 -0.001185944309260326 0.0006020296546740405 0
1922 -0.001219082201285963 0.0006264084919060309 0
1923 -0.001258909947241839 0.000637240249410124 0
1924 -0.001299950088561065 0.0006329673203594628 0
1925 -0.001336573721133722 0.0006142548788295488 0
1926 -0.001363944183469047 0.0005837331581082924 0
1927 -0.001378523732568301 0.0005455520842232566 0
1928 -0.001378503083891873 0.0005047726351402414 0
1929 -0.00136388293489976 0.0004666031693127254 0
1930 -0.00133657371451444 0.0004361817633136494 0
1931 -0.001299950080749047 0.0004174693245653144 0
1932 -0.001258909936436697 0.0004131963987076269 0
1933 -0.001219082191842583 0.0004240281599001277 0
1934 -0.00118594430187067 0.0004484070004611177 0
1935 -0.00116384949558235 0.0004829540759128831 0
1936 -0.001375668519792878 0.0006552155410769209 0
1937 -0.001397756157089319 0.0006897585963111712 0
1938 -0.001430883869451024 0.0007141382334873426 0
1939 -0.001470701232029744 0.0007249771779284832 0
1940 -0.001511736388315926 0.0007207171861133261 0
1941 -0.001548361421697581 0.0007020203967360207 0
1942 -0.001575740616029687 0.0006715138507676478 0
1943 -0.001590335663668859 0.0006333441316597367 0
1944 -0.001590335661416359 0.0005925712876468639 0
1945 -0.001575740609347924 0.0005544015698044409 0
1946 -0.001548361411204555 0.0005238950267061188 0
1947 -0.001511736375207833 0.0005051982415216898 0
1948 -0.001470701217955889 0.0005009382547345341 0
1949 -0.001430883860011607 0.0005117772025957011 0
1950 -0.001397756149703143 0.0005361568430987872 0
1951 -0.001375668519503338 0.0005706998911551424 0
1952 -0.001345742247122715 0.0004279029320931891 0
1953 -0.001367829884564431 0.0004624459874089751 0
1954 -0.001400957597132277 0.0004868256245689987 0
1955 -0.001440774956655823 0.0004976645685991058 0
1956 -0.001481810110936466 0.0004934045783791039 0
1957 -0.001518435145247726 0.0004747077904907929 0
1958 -0.001545814341006468 0.0004442012454222949 0
1959 -0.001560409390195061 0.0004060315266167171 0
1960 -0.001560409389419687 0.0003652586824705174 0
1961 -0.001545814338706417 0.0003270889641005566 0
1962 -0.001518435141635731 0.0002965824200200112 0
1963 -0.001481810106281965 0.0002778856335328401 0
1964 -0.001440774949157066 0.0002736256453016231 0
1965 -0.001400957587692859 0.0002844645932864545 0
1966 -0.001367829877178255 0.0003088442337733927 0
1967 -0.001345742246833175 0.0003433872819112838 0
1968 -0.001133920616496801 0.0003401635395325905 0
1969 -0.001156008253467418 0.0003747065945842977 0
1970 -0.001189135965366982 0.0003990862317969164 0
1971 -0.001228953324208646 0.0004099251762988095 0
1972 -0.001269988478161877 0.0004056651869282061 0
1973 -0.001306613512564878 0.0003869684000676476 0
1974 -0.001333992708896571 0.0003564618559959392 0
1975 -0.001348587758620973 0.0003182921405480991 0
1976 -0.001348587760164397 0.0002775192968339774 0
1977 -0.001333992712045711 0.0002393495781775641 0
1978 -0.001306613517510282 0.0002088430327531909 0
1979 -0.001269988484197635 0.0001901462438744031 0
1980 -0.0012289533281865 0.0001858862523921195 0
1981 -0.001189135965991621 0.0001967251969154472 0
1982 -0.001156008253478215 0.0002211048344185812 0
1983 -0.001133920616496801 0.0002556478894818243 0
1984 -0.0009520278651039098 0.0004797431791319756 0
1985 -0.000974122677640448 0.0005142902612910487 0
1986 -0.001007260569056561 0.0005386690989099563 0
1987 -0.001047088313853552 0.0005495008570340954 0
1988 -0.001088128454524666 0.0005452279292836755 0
1989 -0.001124752087133989 0.0005265154894221467 0
1990 -0.00115212255032656 0.0004959937703778475 0
1991 -0.001166702101063746 0.0004578126977929074 0
1992 -0.001166681454640664 0.000417033249506274 0
1993 -0.001152061308440677 0.0003788637837109937 0
1994 -0.001124752091001131 0.0003484423765222002 0
1995 -0.001088128459819173 0.0003297299352523024 0
1996 -0.001047088317118138 0.000325457005666816 0
1997 -0.00100726056905656 0.0003362887640555464 0
1998 -0.0009741226776404471 0.0003606676016744547 0
1999 -0.0009520278651039097 0.0003952146838335273 0
2000 -0.0009819541377740645 0.0007070557881157107 0
2001 -0.001004048950165242 0.0007416028701931991 0
2002 -0.001037186841375138 0.0007659817078283166 0
2003 -0.001077014589226696 0.0007768134663626869 0
2004 -0.001118054731826627 0.000772540537039225 0
2005 -0.0011546783635815 0.0007538280956669185 0
2006 -0.001182048825346563 0.0007233063757248248 0
2007 -0.001196628374535201 0.0006851253028377569 0
2008 -0.001196607726634833 0.0006443458546808956 0
2009 -0.001181987579079364 0.0006061763894149774 0
2010 -0.00115467836057194 0.0005757549832079219 0
2011 -0.001118054728745411 0.0005570425432399068 0
2012 -0.001077014585918111 0.0005527696150985634 0
2013 -0.001037186841375138 0.0005636013733647763 0
2014 -0.001004048950165242 0.0005879802109998945 0
2015 -0.0009819541377740645 0.0006225272930773823 0
2016 -0.001193775768400004 0.0007947951806762988 0
2017 -0.001215870581262559 0.000829342263018025 0
2018 -0.001249008473140983 0.000853721100600346 0
2019 -0.00128883622167329 0.0008645528586623926 0
2020 -0.001329876364600802 0.0008602799284894179 0
2021 -0.001366499996262946 0.0008415674860897911 0
2022 -0.001393870457454144 0.0008110457651523493 0
2023 -0.001408450006105798 0.0007728646889091029 0
2024 -0.001408429355885991 0.0007320852403145872 0
2025 -0.001393809205734929 0.0006939157753381508 0
2026 -0.001366499984701371 0.0006634943704739681 0
2027 -0.001329876350830555 0.0006447819328955997 0
2028 -0.001288836206891456 0.000640509008005256 0
2029 -0.001249008463072702 0.0006513407697354298 0
2030 -0.0012158705738621 0.0006757196103562638 0
2031 -0.001193775768110421 0.0007102666855068349 0
2032 -0.001256580316594325 -0.0001368779408358198 0
2033 -0.001278675129982717 -0.0001023308582044388 0
2034 -0.001311813022008355 -7.79520209724482e-05 0
2035 -0.001351640767964231 -6.712026346835516e-05 0
2036 -0.001392680909283457 -7.139319251901635e-05 0
2037 -0.001429304541856113 -9.010563404893032e-05 0
2038 -0.001456675004191439 -0.0001206273547701867 0
2039 -0.001471254553290693 -0.0001588084286552226 0
2040 -0.001471233904614265 -0.0001995878777382378 0
2041 -0.001456613755622151 -0.0002377573435657538 0
2042 -0.001429304535236831 -0.0002681787495648298 0
2043 -0.001392680901471438 -0.0002868911883131648 0
2044 -0.001351640757159088 -0.0002911641141708523 0
2045 -0.001311813012564974 -0.0002803323529783515 0
2046 -0.001278675122593062 -0.0002559535124173614 0
2047 -0.001256580316304742 -0.0002214064369655961 0
2048 -0.001468399340515269 -4.914497180155821e-05 0
2049 -0.001490486977811711 -1.460191656730786e-05 0
2050 -0.001523614690173415 9.77772060886358e-06 0
2051 -0.001563432052752136 2.061666505000409e-05 0
2052 -0.001604467209038318 1.635667323484704e-05 0
2053 -0.001641092242419973 -2.340116142458411e-06 0
2054 -0.001668471436752079 -3.284666211083131e-05 0
2055 -0.00168306648439125 -7.101638121874236e-05 0
2056 -0.001683066482138751 -0.0001117892252316151 0
2057 -0.001668471430070316 -0.0001499589430740382 0
2058 -0.001641092231926947 -0.0001804654861723603 0
2059 -0.001604467195930225 -0.0001991622713567893 0
2060 -0.001563432038678281 -0.0002034222581439451 0
2061 -0.001523614680733998 -0.0001925833102827781 0
2062 -0.001490486970425535 -0.000168203669779692 0
2063 -0.00146839934022573 -0.0001336606217233367 0
2064 -0.001438473067845106 -0.0002764575807852902 0
2065 -0.001460560705286823 -0.0002419145254695041 0
2066 -0.001493688417854668 -0.0002175348883094806 0
2067 -0.001533505777378215 -0.0002066959442793734 0
2068 -0.001574540931658857 -0.0002109559344993754 0
2069 -0.001611165965970118 -0.0002296527223876863 0
2070 -0.00163854516172886 -0.0002601592674561844 0
2071 -0.001653140210917453 -0.0002983289862617621 0
2072 -0.001653140210142079 -0.0003391018304079618 0
2073 -0.001638545159428808 -0.0003772715487779227 0
2074 -0.001611165962358123 -0.000407778092858468 0
2075 -0.001574540927004357 -0.0004264748793456391 0
2076 -0.001533505769879458 -0.0004307348675768561 0
2077 -0.001493688408415251 -0.0004198959195920248 0
2078 -0.001460560697900647 -0.0003955162791050866 0
2079 -0.001438473067555567 -0.0003609732309671955 0
2080 -0.001226651437219192 -0.0003641969733458887 0
2081 -0.001248739074189809 -0.0003296539182941815 0
2082 -0.001281866786089374 -0.0003052742810815628 0
2083 -0.001321684144931037 -0.0002944353365796696 0
2084 -0.001362719298884268 -0.000298695325950273 0
2085 -0.001399344333287269 -0.0003173921128108315 0
2086 -0.001426723529618963 -0.0003478986568825399 0
2087 -0.001441318579343364 -0.00038606837233038 0
2088 -0.001441318580886788 -0.0004268412160445017 0
2089 -0.001426723532768103 -0.0004650109347009151 0
2090 -0.001399344338232673 -0.0004955174801252883 0
2091 -0.001362719304920026 -0.0005142142690040761 0
2092 -0.001321684148908891 -0.0005184742604863596 0
2093 -0.001281866786714013 -0.0005076353159630319 0
2094 -0.001248739074200606 -0.0004832556784598979 0
2095 -0.001226651437219192 -0.0004487126233966547 0
2096 -0.001044758685826301 -0.0002246173337465036 0
2097 -0.00106685349836284 -0.0001900702515874304 0
2098 -0.001099991389778952 -0.000165691413968523 0
2099 -0.001139819134575944 -0.0001548596558443838 0
2100 -0.001180859275247058 -0.0001591325835948037 0
2101 -0.001217482907856381 -0.0001778450234563326 0
2102 -0.001244853371048952 -0.0002083667425006318 0
2103 -0.001259432921786137 -0.0002465478150855719 0
2104 -0.001259412275363055 -0.0002873272633722053 0
2105 -0.001244792129163068 -0.0003254967291674855 0
2106 -0.001217482911723522 -0.000355918136356279 0
2107 -0.001180859280541565 -0.0003746305776261768 0
2108 -0.00113981913784053 -0.0003789035072116632 0
2109 -0.001099991389778952 -0.0003680717488229329 0
2110 -0.001066853498362839 -0.0003436929112040245 0
2111 -0.001044758685826301 -0.000309145829044952 0
2112 -0.001074684958496456 2.695275237231512e-06 0
2113 -0.001096779770887634 3.724235731472001e-05 0
2114 -0.00112991766209753 6.162119494983745e-05 0
2115 -0.001169745409949087 7.245295348420774e-05 0
2116 -0.001210785552549019 6.818002416074582e-05 0
2117 -0.001247409184303891 4.946758278843928e-05 0
2118 -0.001274779646068954 1.894586284634557e-05 0
2119 -0.001289359195257593 -1.923521004072234e-05 0
2120 -0.001289338547357225 -6.001465819758365e-05 0
2121 -0.001274718399801756 -9.818412346350198e-05 0
2122 -0.001247409181294331 -0.0001286055296705575 0
2123 -0.001210785549467802 -0.0001473179696385724 0
2124 -0.001169745406640503 -0.0001515908977799158 0
2125 -0.00112991766209753 -0.0001407591395137026 0
2126 -0.001096779770887633 -0.0001163803018785844 0
2127 -0.001074684958496456 -8.183321980109642e-05 0
2128 -0.001286506589122396 9.043466779781948e-05 0
2129 -0.00130860140198495 0.0001249817501395456 0
2130 -0.001341739293863374 0.0001493605877218666 0
2131 -0.001381567042395681 0.0001601923457839132 0
2132 -0.001422607185323194 0.0001559194156109385 0
2133 -0.001459230816985338 0.0001372069732113118 0
2134 -0.001486601278176536 0.00010668525227387 0
2135 -0.00150118082682819 6.850417603062364e-05 0
2136 -0.001501160176608383 2.772472743610803e-05 0
2137 -0.00148654002645732 -1.044473754032849e-05 0
2138 -0.001459230805423762 -4.086614240451128e-05 0
2139 -0.001422607171552946 -5.957857998287961e-05 0
2140 -0.001381567027613848 -6.385150487322332e-05 0
2141 -0.001341739283795093 -5.301974314304953e-05 0
2142 -0.001308601394584491 -2.86409025222156e-05 0
2143 -0.001286506588832813 5.906172628355554e-06 0
2144 0.01688083546415384 0.002976546749230622 0
2145 0.01610750572367782 0.005862652631691202 0
2146 0.01484475757257902 0.00857062478058322 0
2147 0.0131309589744472 0.01101818283246262 0
2148 0.01101818283246265 0.01313095897444718 0
2149 0.00857062478058325 0.01484475757257901 0
2150 0.005862652631691229 0.01610750572367781 0
2151 0.002976546749230649 0.01688083546415384 0
2152 3.149857471426801e-17 0.01714124956116646 0
2153 -0.002976546749230583 0.01688083546415385 0
2154 -0.005862652631691159 0.01610750572367783 0
2155 -0.008570624780583175 0.01484475757257905 0
2156 -0.01101818283246258 0.01313095897444723 0
2157 -0.01313095897444715 0.01101818283246268 0
2158 -0.01484475757257898 0.00857062478058329 0
2159 -0.01610750572367779 0.005862652631691277 0
2160 -0.01688083546415383 0.002976546749230684 0
2161 -0.01714124956116646 5.538490545507487e-17 0
2162 -0.01688083546415385 -0.002976546749230575 0
2163 -0.01610750572367782 -0.00586265263169118 0
2164 -0.01484475757257903 -0.008570624780583206 0
2165 -0.0131309589744472 -0.01101818283246262 0
2166 -0.01101818283246265 -0.01313095897444718 0
2167 -0.008570624780583238 -0.01484475757257901 0
2168 -0.005862652631691206 -0.01610750572367781 0
2169 -0.00297654674923061 -0.01688083546415384 0
2170 1.207569148565202e-17 -0.01714124956116646 0
2171 0.002976546749230649 -0.01688083546415384 0
2172 0.005862652631691242 -0.0161075057236778 0
2173 0.008570624780583272 -0.01484475757257899 0
2174 0.01101818283246267 -0.01313095897444715 0
2175 0.01313095897444722 -0.01101818283246259 0
2176 0.01484475757257903 -0.008570624780583199 0
2177 0.01610750572367782 -0.005862652631691193 0
2178 0.01688083546415384 -0.002976546749230612 0
2179 -0.00070920276932552 -0.0002626472434714136 0
2180 -0.0005708209537052039 -0.0002222060417593779 0
2181 -0.0006143652884521488 -0.0003347849783594342 0
2182 -0.0006659778067464351 -0.0002007406939586731 0
2183 -0.0005614592961505194 -0.0002767673143975561 0
2184 -0.0006689620346023622 -0.0003279640675468443 0
2185 -0.0006120828754396156 -0.0001822054714788015 0
2186 -0.0005616918087028498 -0.0003088508812020514 0
2187 -0.0005972516374155085 -0.0002974108576238206 0
2188 -0.0005928284884079814 -0.0002540658843087301 0
2189 -0.0006302636629596065 -0.0002693929381433819 0
2190 -0.0006200403903967478 -0.0002178485083601162 0
2191 -0.0006644046807879798 -0.0002438264226825227 0
2192 -0.0006680583790127893 -0.0002851843867724059 0
2193 -0.0006969442180156594 -0.0002253516966207668 0
2194 -0.0006370552630468305 -0.0003091706571092366 0
2195 -0.0007019120278368015 -0.000298162779625084 0
2196 -0.0005497104032637075 -0.0002466676560780351 0
2197 -0.0006427265887663788 -0.0003472055153392093 0
2198 -0.0006415703565512716 -0.0001778607157082039 0
2199 -0.0005864935864668508 -0.0001936209685713837 0
2200 -0.000582580776953299 -0.0003310355648489862 0
2201 -0.0009160248365290104 -0.0002017156128839569 0
2202 -0.0007808756415756852 -0.0001310518526978983 0
2203 -0.0008014052736520015 -0.000235216570636156 0
2204 -0.0008798880497140693 -0.000108126678605959 0
2205 -0.0009180252615490028 -0.0001437715639022021 0
2206 -0.0008798880415412009 -0.0002416128644618552 0
2207 -0.0008234935800968514 -0.0001005275151813112 0
2208 -0.0007732738618889937 -0.0001890269789050763 0
2209 -0.000766046187856333 -0.000157947916321326 0
2210 -0.0009251984809927631 -0.0001718126788946284 0
2211 -0.0007729697820672186 -0.0002214494870077567 0
2212 -0.000794545122882567 -0.0001052011977664459 0
2213 -0.0008525448608316156 -9.608773646064818e-05 0
2214 -0.000910243176854225 -0.0001170474948640449 0
2215 -0.000854743293984471 -0.000260861457475537 0
2216 -0.000841658403048508 -0.000225892326090856 0
2217 -0.0008783399416363336 -0.0002049433551332446 0
2218 -0.0008442272840688115 -0.000182794502864937 0
2219 -0.0008836370561217364 -0.0001664666509692894 0
2220 -0.0008495245188803156 -0.0001352734476544995 0
2221 -0.0008110131997664293 -0.0001614287739802464 0
2222 -0.0008082169454797555 -0.0002015511277939106 0
2223 -0.0008247559709307386 -0.0002575999925689986 0
2224 -0.0009081155975828001 -0.0002308726587435994 0
2225 -0.0008127419339906563 -0.0001292265689704803 0
2226 -0.0008881883979317183 -0.0001355731252062581 0
2227 -0.0008866588706075471 -0.0004031752411698947 0
2228 -0.000752706619170936 -0.000442583278600926 0
2229 -0.0007976897818527893 -0.0003316800030944614 0
2230 -0.0008476697199870136 -0.0004643427997900725 0
2231 -0.0007433475936248244 -0.0003880251701183712 0
2232 -0.0008715458202618238 -0.0003466878101094561 0
2233 -0.0007939598952710614 -0.0004825837345922383 0
2234 -0.0007435801655630147 -0.000355945806504632 0
2235 -0.0007781758389778642 -0.0003695319041909438 0
2236 -0.0007747126933005942 -0.000410726516362031 0
2237 -0.0008101533293700047 -0.0003971241706897226 0
2238 -0.0008016444369196664 -0.0004471909943753968 0
2239 -0.0008451017455368718 -0.0004218491006140766 0
2240 -0.0008793023543521042 -0.0004419100932116476 0
2241 -0.0008502441153951197 -0.0003786412882424235 0
2242 -0.0008347833916210033 -0.0003436362508150133 0
2243 -0.0007316022218301108 -0.0004181217874778942 0
2244 -0.0008234172342950704 -0.0004869636346040433 0
2245 -0.0008893366674746672 -0.0003707853076691539 0
2246 -0.0007683352713125002 -0.0004712008642191147 0
2247 -0.0007645719062427623 -0.0003336029566346299 0
2248 -0.0008555392059225549 -0.0003245136860465814 0
2249 -0.00082583905777802 -0.0003158152769004882 0
2250 -0.000812659897079012 -0.000364332014263884 0
2251 -0.000674276936406163 -0.0005167676074664175 0
2252 -0.0005391271007249472 -0.0004461192998379491 0
2253 -0.0005596573783889637 -0.0005502685725762304 0
2254 -0.0006381401422157152 -0.0004231786774767243 0
2255 -0.0006762762043169499 -0.0004588227425127744 0
2256 -0.0006381401459887428 -0.0005566648625712414 0
2257 -0.0005817469185722438 -0.0004155929655933745 0
2258 -0.0005315259630340147 -0.0005040789794658647 0
2259 -0.0005242937662951838 -0.0004730100455024023 0
2260 -0.0006834489139943283 -0.0004868637021414737 0
2261 -0.0005312218820851798 -0.0005365014910695615 0
2262 -0.0006107932607033504 -0.0004111511209460984 0
2263 -0.0005527972191012985 -0.0004202531992740929 0
2264 -0.0006684952730392411 -0.0005477440466208487 0
2265 -0.0006684952704747028 -0.0004320994911719931 0
2266 -0.0006129954008416402 -0.0005759134580126823 0
2267 -0.0005999161165557503 -0.0005409533171147428 0
2268 -0.000636593128830937 -0.000519997685056291 0
2269 -0.0006024763920618263 -0.0004978696652839658 0
2270 -0.0006418838802145421 -0.0004815215048307938 0
2271 -0.0006077748289583405 -0.0004503432803959559 0
2272 -0.0005692343017077925 -0.0004765362250648611 0
2273 -0.0005664751623905666 -0.0005166229202674084 0
2274 -0.0005830086491772216 -0.0005726529126634974 0
2275 -0.0005710089539680543 -0.0004443096761435273 0
2276 -0.0006464402531012781 -0.0004506255194589511 0
2277 -0.0004923591517553066 -0.0003772321433066159 0
2278 -0.0003572530612885924 -0.0003065274650705795 0
2279 -0.0003777760870800547 -0.000410696758194028 0
2280 -0.0004562659598228566 -0.0002836223996890745 0
2281 -0.0004944104280912756 -0.0003193144230234391 0
2282 -0.0004562887313353181 -0.0004171192685532627 0
2283 -0.0003999004599871006 -0.0002760195127253541 0
2284 -0.0003496376694916378 -0.0003645067057736418 0
2285 -0.0003424202785138764 -0.0003334257298343924 0
2286 -0.0005015795585235699 -0.0003473643481169614 0
2287 -0.0004289692895110178 -0.0002715924422160909 0
2288 -0.0003493338570635846 -0.0003969332851636323 0
2289 -0.0004865957814100013 -0.0004081807431401253 0
2290 -0.0003709151558316595 -0.0002806743597495332 0
2291 -0.0004866215501681971 -0.0002925540535826578 0
2292 -0.0004311262383193517 -0.0004363418798082155 0
2293 -0.000418069162724726 -0.0004013983773267144 0
2294 -0.0004547456753004762 -0.0003805051525503191 0
2295 -0.0004206847620736545 -0.0003583353373322879 0
2296 -0.0004600788524608409 -0.0003420541904586002 0
2297 -0.0004259336506496752 -0.0003107897983239595 0
2298 -0.0003874536626856 -0.0003369134016237445 0
2299 -0.0003846338349271457 -0.0003770461252201202 0
2300 -0.0004011379050037738 -0.0004330837511872423 0
2301 -0.0003891217082529358 -0.0003047085931101628 0
2302 -0.0004645707012455105 -0.0003109117142350697 0
2303 -0.0005222854235779896 -0.0001499195367133009 0
2304 -0.0003871795536739167 -7.92096013797279e-05 0
2305 -0.0004077023595180544 -0.0001833841490518738 0
2306 -0.0004861922354329434 -5.630979186860664e-05 0
2307 -0.0005243370926619438 -9.200209363334129e-05 0
2308 -0.000486215001707723 -0.0001898066606596503 0
2309 -0.0004298263189141674 -4.870232980906798e-05 0
2310 -0.0003795639420714965 -0.0001371940966407538 0
2311 -0.000372348088759774 -0.0001061096720923186 0
2312 -0.0005315063956978635 -0.0001200520702465954 0
2313 -0.0004588968291020185 -4.427595840165275e-05 0
2314 -0.0003792601296379916 -0.0001696206759483655 0
2315 -0.0004008414282853014 -5.336175074959562e-05 0
2316 -0.0005165220520900609 -0.0001808681363201882 0
2317 -0.0005165478253208317 -6.524144700432039e-05 0
2318 -0.0004610525080224063 -0.0002090292710175401 0
2319 -0.000447993527150821 -0.0001740827036366248 0
2320 -0.0004846715758195973 -0.0001531917490672101 0
2321 -0.0004506120564827216 -0.0001310148351617898 0
2322 -0.0004900069178502025 -0.0001147406048198277 0
2323 -0.0004558605362598352 -8.347112097512482e-05 0
2324 -0.000417390478752262 -0.0001095819064973566 0
2325 -0.0004145580280394765 -0.0001497267697852549 0
2326 -0.0004310639813065815 -0.000205770829311048 0
2327 -0.0004190429169667807 -7.738541400514323e-05 0
2328 -0.0004944971237269594 -8.359880227389553e-05 0
2329 -0.0007346916765502956 -3.434023324589345e-05 0
2330 -0.0006007472257195074 5.106567184823158e-06 0
2331 -0.0006457435009089838 -0.0001058122752643875 0
2332 -0.000695720520285038 2.685067020253475e-05 0
2333 -0.0005913855683452355 -4.945470521327442e-05 0
2334 -0.0007195877897705328 -9.081557013186185e-05 0
2335 -0.0006420104413056508 4.510659812341066e-05 0
2336 -0.0005916180809020853 -8.153827170322186e-05 0
2337 -0.0006262188524012258 -6.795282538548679e-05 0
2338 -0.0006227535965538613 -2.675307546363777e-05 0
2339 -0.0006581965915759038 -4.036570187100132e-05 0
2340 -0.0006496891848340247 9.708447879244064e-06 0
2341 -0.0006931425116906627 -1.564615174098178e-05 0
2342 -0.0007273483485988802 4.403847878152357e-06 0
2343 -0.0006982852049992762 -5.886453595689778e-05 0
2344 -0.0006828365495619662 -9.386094801312734e-05 0
2345 -0.0005796366757235369 -1.935504711668194e-05 0
2346 -0.0007373628065696681 -6.673485890898453e-05 0
2347 -0.0006714726953387475 4.947909813746687e-05 0
2348 -0.0006163804036280522 3.372646992271039e-05 0
2349 -0.0006126165182264098 -0.0001038823468610208 0
2350 -0.0007036080169419344 -0.0001129714911685265 0
2351 -0.00067389852040767 -0.0001216786419867467 0
2352 -0.0006607088770042815 -7.316352645980655e-05 0
2353 -0.0001647792639079169 -0.0006803980920684504 0
2354 -2.639744828760078e-05 -0.0006399568903564148 0
2355 -6.994178303454595e-05 -0.000752535826956471 0
2356 -0.0001215527803052859 -0.0006184920513613506 0
2357 -1.703579073291647e-05 -0.000694518162994593 0
2358 -0.0001245368360542016 -0.0007457149083613609 0
2359 -6.765950968798616e-05 -0.0005999563784379858 0
2360 -1.726830328524685e-05 -0.0007266017297990882 0
2361 -5.282698433871481e-05 -0.0007151617570062114 0
2362 -4.84048556801832e-05 -0.0006718167110618033 0
2363 -8.583737872653924e-05 -0.0006871450222041587 0
2364 -7.561572701342665e-05 -0.0006356001394151022 0
2365 -0.0001199775118007273 -0.0006615784753981093 0
2366 -0.0001236263486255224 -0.0007029337917883826 0
2367 -0.0001525158643694247 -0.0006431008273648813 0
2368 -9.26286087545016e-05 -0.0007269212408719872 0
2369 -0.0001574822636621814 -0.0007159158384030423 0
2370 -5.286897846104582e-06 -0.000664418504675072 0
2371 -9.830283126603517e-05 -0.0007649563497433677 0
2372 -9.714671893233101e-05 -0.0005956116345689714 0
2373 -4.20699355778557e-05 -0.0006113719372855772 0
2374 -3.815718788706698e-05 -0.0007487864171475795 0
2375 -0.0003721759808408523 -0.0005936331407582632 0
2376 -0.0002382093862802462 -0.0006330215180391482 0
2377 -0.0002831912233721835 -0.0005221338309885728 0
2378 -0.0003331796191686885 -0.0006547953628538818 0
2379 -0.0002288503607871218 -0.0005784634096207221 0
2380 -0.0003570504493520618 -0.000537143939632758 0
2381 -0.0002794615201555813 -0.000673022451373439 0
2382 -0.0002290829327265256 -0.0005463840460921581 0
2383 -0.0002636837497263152 -0.0005599761889091238 0
2384 -0.0002602165063221943 -0.0006011645764391589 0
2385 -0.0002956691688126713 -0.0005875814952658806 0
2386 -0.0002871550369427329 -0.000637638271366114 0
2387 -0.0003306268956925676 -0.0006123152074152933 0
2388 -0.0003648114242696654 -0.0006323842717398228 0
2389 -0.0003357518868474719 -0.000569103436054997 0
2390 -0.0003202842841181034 -0.000534097855830786 0
2391 -0.0002171049890637917 -0.0006085600269187506 0
2392 -0.00030892071915196 -0.0006774031159865282 0
2393 -0.0002538389941835879 -0.0006616404628631572 0
2394 -0.0003748436771622084 -0.0005612358404151428 0
2395 -0.0002500748727966385 -0.0005240423228230093 0
2396 -0.0003410300592194741 -0.0005149752719693412 0
2397 -0.0003113390294146203 -0.0005062761343807603 0
2398 -0.0002981649074670758 -0.0005547923290734026 0
2399 -0.0003422463999814237 -0.0008209412130101543 0
2400 -0.000208283113753333 -0.000860334127197963 0
2401 -0.0002532652556883799 -0.0007494428447763797 0
2402 -0.0003032517028204712 -0.0008821046667109833 0
2403 -0.0001989240882072215 -0.000805776018715408 0
2404 -0.0003271237452997126 -0.0007644524213210259 0
2405 -0.0002495355116541023 -0.0009003349504098956 0
2406 -0.0001991566601454117 -0.0007736966551016689 0
2407 -0.0002337562908835811 -0.0007872874036044121 0
2408 -0.0002302899924183749 -0.0008284772269471864 0
2409 -0.0002657398809300693 -0.0008148897020944759 0
2410 -0.0002572269583312899 -0.0008649487952926169 0
2411 -0.0003006954610591485 -0.0008396213872663423 0
2412 -0.0003348836987975205 -0.000859688588734971 0
2413 -0.0003058244594278175 -0.0007964105297185686 0
2414 -0.0002903584425353728 -0.0007614050753169305 0
2415 -0.000187178716412508 -0.0008358726360749311 0
2416 -0.0002789942826509437 -0.0009047154379004074 0
2417 -0.0002239125014134503 -0.0008889527584648378 0
2418 -0.0003449164249965187 -0.0007885456120135636 0
2419 -0.0002201485537081514 -0.0007513546717404815 0
2420 -0.0003111065316938781 -0.0007422824953768831 0
2421 -0.0002814133992467895 -0.0007335835270807972 0
2422 -0.0002682381171921294 -0.0007820998462451571 0
2423 -0.0001304108384120875 -0.0009086615107229438 0
2424 3.538507267343682e-06 -0.0009480735173428642 0
2425 -4.144491240982542e-05 -0.0008371670977346727 0
2426 -9.142314594877167e-05 -0.0009698301476128557 0
2427 1.289754239019083e-05 -0.0008935154109784761 0
2428 -0.0001153003080325907 -0.0008521744385309516 0
2429 -3.771499584145164e-05 -0.0009880738798898091 0
2430 1.266497073031304e-05 -0.0008614360476032932 0
2431 -2.192966364403614e-05 -0.0008750209244777188 0
2432 -1.846734444136092e-05 -0.0009162167886343749 0
2433 -5.390555210558447e-05 -0.0009026105589527526 0
2434 -4.539772201390008e-05 -0.0009526794107563485 0
2435 -8.885208906664754e-05 -0.000927333716318176 0
2436 -0.0001230559481672497 -0.0009473930735068234 0
2437 -9.39979679264475e-05 -0.0008841267023065738 0
2438 -7.853863289584978e-05 -0.000849121775139929 0
2439 2.464291321445857e-05 -0.0009236120309263464 0
2440 -0.000133090674192156 -0.0008762730646147023 0
2441 -6.717195965982186e-05 -0.0009924536243028242 0
2442 -1.208994957046078e-05 -0.000976690832471829 0
2443 -8.3267293490429e-06 -0.0008390929703929329 0
2444 -9.929647365481198e-05 -0.0008299992139102911 0
2445 -6.959448502103046e-05 -0.0008213009522976639 0
2446 -5.641430670605072e-05 -0.0008698177993588326 0
2447 5.206435366229656e-05 -0.0007949829919036528 0
2448 0.0001871698705859235 -0.0007242645925643233 0
2449 0.0001666474183375484 -0.0008284476067910649 0
2450 8.815754559474644e-05 -0.0007013732482861114 0
2451 5.0012057951571e-05 -0.0007370659945108258 0
2452 8.813477408228499e-05 -0.0008348701171502996 0
2453 0.0001445241257214677 -0.0006937584164460902 0
2454 0.0001947858359259652 -0.0007822575543706788 0
2455 0.0002019992128915745 -0.0007511675724753362 0
2456 4.28424741139951e-05 -0.0007651160535937071 0
2457 0.0001950896483540185 -0.0008146841337606693 0
2458 0.0001154509116572458 -0.0006893331691923868 0
2459 0.0001735083495859436 -0.0006984252083465702 0
2460 5.7801955249406e-05 -0.0007103049021796948 0
2461 5.782772400760181e-05 -0.0008259315917371621 0
2462 0.0001132972670982514 -0.0008540927284052523 0
2463 0.000126359325435933 -0.000819141219472401 0
2464 8.967880037413472e-05 -0.0007982539225401012 0
2465 0.0001237360791527474 -0.0007760655681245812 0
2466 8.433997405292304e-05 -0.0007598024828821403 0
2467 0.0001184882572635475 -0.0007285247980133543 0
2468 0.0001569423181900256 -0.0007546149296314226 0
2469 0.0001597951076224342 -0.0007947793519656641 0
2470 0.0001432861088569982 -0.0008508337827994475 0
2471 0.0001553150180781688 -0.000722431843451975 0
2472 7.985241749509177e-05 -0.0007286617671382915 0
2473 3.64284870221314e-05 -0.000590964288589226 0
2474 0.0001554979107885603 -0.0005003836736966967 0
2475 0.0001370958014594799 -0.0006051082651489228 0
2476 3.64463000987435e-05 -0.0004906780298100425 0
2477 1.375767309162012e-05 -0.0005441175033322291 0
2478 8.63372466110752e-05 -0.0006182017852138441 0
2479 8.457786607863806e-05 -0.0004663850857407007 0
2480 0.0001648595633461066 -0.0005549449452377906 0
2481 0.000177106944416403 -0.000524238077585858 0
2482 0.0001149642545749671 -0.0006241709299026068 0
2483 0.0001604589643469284 -0.0005858981448647095 0
2484 0.0001149977643109098 -0.0004574176446312003 0
2485 0.0001146484525184513 -0.0004947403794346667 0
2486 7.284163122100521e-05 -0.0005012219239602187 0
2487 9.679168895037749e-05 -0.0005340982539940398 0
2488 5.223919265915858e-05 -0.0005331056382590632 0
2489 7.380491884031006e-05 -0.0005769655364234384 0
2490 0.0001200975110751053 -0.0005658415905956442 0
2491 0.0001370723550883615 -0.0005296694934921282 0
2492 5.613475481681136e-05 -0.0006128981503671522 0
2493 1.144913082007243e-05 -0.0005717646014600832 0
2494 1.61204353791296e-05 -0.0005141252321791668 0
2495 0.000141830460942906 -0.000471168802516527 0
2496 5.430510300834663e-05 -0.0004662315310243986 0
2497 0.0001066016451705537 -0.0005959186046571768 0
2498 3.817990187987055e-05 -0.0005626880273365983 0
2499 -0.0001947055370967777 -0.000453085485801749 0
2500 -5.632372030190441e-05 -0.0004126442814122138 0
2501 -9.986805436029148e-05 -0.0005252232179922649 0
2502 -0.000151480621304892 -0.0003911789190905267 0
2503 -4.696206292763258e-05 -0.0004672055538103114 0
2504 -0.0001544648517523564 -0.0005184023084185344 0
2505 -9.758563853034218e-05 -0.0003726437096201078 0
2506 -4.719457548448248e-05 -0.0004992891203002588 0
2507 -8.275443873689831e-05 -0.0004878490954694826 0
2508 -7.833125883089983e-05 -0.0004445041244144544 0
2509 -0.0001157665138573322 -0.0004598311399940876 0
2510 -0.0001055431927038679 -0.0004082867244075562 0
2511 -0.0001499075593611941 -0.0004342646263810362 0
2512 -0.0001535614048862481 -0.0004756226705569896 0
2513 -0.0001824471337085899 -0.0004157899906325404 0
2514 -0.00012255812492749 -0.0004996089049314904 0
2515 -0.0001874149840389938 -0.0004886009543848971 0
2516 -3.521317030593409e-05 -0.0004371058957137189 0
2517 -0.0001282293618908978 -0.0005376437556972247 0
2518 -0.0001270731290281414 -0.0003682989538921121 0
2519 -7.199635762898356e-05 -0.0003840592047937901 0
2520 -6.808354579526322e-05 -0.000521473803825013 0
2521 0.0004736522698844691 -0.0004167939356058348 0
2522 0.0006075971517587415 -0.0003773477285459141 0
2523 0.0005626009155085756 -0.000488266102691913 0
2524 0.0005126236442313344 -0.0003556031938775273 0
2525 0.0006169588093134259 -0.0004319090011840923 0
2526 0.000488756530730837 -0.0004732693265515726 0
2527 0.0005663339713175385 -0.0003373476829581708 0
2528 0.0006167262967610955 -0.0004639925679885876 0
2529 0.0005821253700477589 -0.0004504069397785974 0
2530 0.0005855907494243429 -0.0004092073768027859 0
2531 0.0005501473924463804 -0.000422819423793418 0
2532 0.0005586549574479545 -0.00037274557591769 0
2533 0.0005152011927946375 -0.0003980996088510206 0
2534 0.0004809958405093946 -0.0003780493650026569 0
2535 0.0005100590214657448 -0.0004413181119510598 0
2536 0.0005255078833558465 -0.0004763145409845332 0
2537 0.0006287077022002377 -0.0004018093428645712 0
2538 0.0004709814428619984 -0.0004491887828183161 0
2539 0.0005368716623439415 -0.0003329751596061618 0
2540 0.0005919639452362324 -0.0003487277847099014 0
2541 0.0005957278529543038 -0.0004863366093245564 0
2542 0.0005047367174780007 -0.0004954250847761216 0
2543 0.0005344459401388872 -0.0005041322574822019 0
2544 0.0005476354323039388 -0.0004556171586781938 0
2545 0.0002623932689349348 -0.0003568572996704931 0
2546 0.0003975427213643768 -0.0002861997838500663 0
2547 0.000377012831811944 -0.0003903582574226922 0
2548 0.0002985300557498762 -0.0002632683653924953 0
2549 0.0002603933095990969 -0.0002989129207970368 0
2550 0.0002985300639227444 -0.0003967545512483914 0
2551 0.0003549240236933298 -0.0002556746397154143 0
2552 0.0004051442435749516 -0.0003441686656916126 0
2553 0.000412373744028597 -0.0003130936979716301 0
2554 0.0002532202969131498 -0.0003269539735348146 0
2555 0.0004054483233967267 -0.0003765911737942929 0
2556 0.0003838729825813784 -0.0002603428845529823 0
2557 0.0003258747388118753 -0.0002512340267911686 0
2558 0.0002681749286097205 -0.0002721891816505812 0
2559 0.000268174935433716 -0.0003878337386314884 0
2560 0.0003236748114794743 -0.0004160031442620732 0
2561 0.0003367574325209172 -0.0003810376490513137 0
2562 0.0003000777240327685 -0.000360085985107765 0
2563 0.0003341920283176639 -0.0003379455566943767 0
2564 0.0002947831805417085 -0.0003216094937623783 0
2565 0.000328894308216599 -0.0002904223446941152 0
2566 0.0003674174331682928 -0.0003165928804475256 0
2567 0.0003701986832787858 -0.0003567008184727669 0
2568 0.0003536619029113169 -0.00041274205039369 0
2569 0.0003656701391490435 -0.0002843808299290859 0
2570 0.0002902298045398543 -0.0002907149725891897 0
2571 0.0002923195396554356 -0.000530478227569733 0
2572 0.0004274693108102399 -0.0006011282093291475 0
2573 0.0004069390960991531 -0.0004969772636805219 0
2574 0.0003284563342955094 -0.0006240671591437678 0
2575 0.0002903201466992047 -0.0005884230048797601 0
2576 0.0003284563314031967 -0.000490580973237189 0
2577 0.000384849697647741 -0.0006316543271881858 0
2578 0.0004350705118391208 -0.0005431668569049074 0
2579 0.0004423022214579952 -0.0005742368884694557 0
2580 0.0002831473812365258 -0.000560382027702158 0
2581 0.0004353745926352506 -0.0005107443449819234 0
2582 0.0003558028177208707 -0.0006360959486637543 0
2583 0.0004137992639402412 -0.0006269926358675774 0
2584 0.0002981012037649846 -0.0004995017882288063 0
2585 0.0002981012061139961 -0.0006151463454514233 0
2586 0.0003536010764191925 -0.0004713323783175567 0
2587 0.0003666809673751551 -0.0005062934929323681 0
2588 0.0003300034653132816 -0.0005272484035239819 0
2589 0.0003641197600978808 -0.0005493786801899716 0
2590 0.0003247120244090706 -0.0005657246401216502 0
2591 0.0003588214563821488 -0.0005969044882836406 0
2592 0.0003973588186902417 -0.0005707156203234645 0
2593 0.0004001219754801576 -0.0005306250600527172 0
2594 0.0003835878889122734 -0.0004745930228204169 0
2595 0.0003955891472061103 -0.0006029395318754954 0
2596 0.0003201561976065352 -0.0005966203596990006 0
2597 0.0005035742825034102 -0.0006460653390612714 0
2598 0.0006375331073136863 -0.0006854643555323636 0
2599 0.0005925505640246496 -0.0005745682377997249 0
2600 0.0005425667396506873 -0.0007072304495967319 0
2601 0.0006468921424365332 -0.0006309062491679754 0
2602 0.0005186930636448995 -0.0005895770992837868 0
2603 0.0005962803592681433 -0.0007254650337407239 0
2604 0.0006466595707766555 -0.0005988268857927925 0
2605 0.0006120615363408614 -0.0006124157575053517 0
2606 0.0006155265647614953 -0.0006536075083148409 0
2607 0.0005800804088507432 -0.0006400140091162868 0
2608 0.0005885917005907099 -0.0006900762202115319 0
2609 0.0005451277172656517 -0.0006647429680984423 0
2610 0.0005109344859680881 -0.0006848076589344698 0
2611 0.0005399933250139331 -0.0006215333394119849 0
2612 0.0005554572068365463 -0.0005865280543406342 0
2613 0.0006586375132608009 -0.0006610028691158456 0
2614 0.0005668221647083989 -0.0007298452825007303 0
2615 0.0006219040187075274 -0.000714082568793771 0
2616 0.0005009011229330547 -0.0006136720251298167 0
2617 0.0006256677393107256 -0.0005764845528928074 0
2618 0.0005347060024567139 -0.0005674054804811726 0
2619 0.0005644019645215189 -0.0005587067385591801 0
2620 0.0005775788101863477 -0.0006072232255131858 0
2621 0.000700349358020876 -0.0005556677339005316 0
2622 0.0008194187833617229 -0.0004650871209550245 0
2623 0.0008045202052879926 -0.0005673261481337479 0
2624 0.0007221521456410887 -0.0004387640864756107 0
2625 0.0006860295269312458 -0.000478678211533679 0
2626 0.000748498738378862 -0.0005798919485525595 0
2627 0.0007797768840960002 -0.0004306683712569574 0
2628 0.0008317835459773698 -0.0005220920242118378 0
2629 0.0008337665254029162 -0.0004917204492968021 0
2630 0.0008290842484003609 -0.0005520749719501685 0
2631 0.0007792492498282474 -0.000581970436054136 0
2632 0.0007509065087956372 -0.0004263314081994093 0
2633 0.0006696646959883908 -0.0005055340759627766 0
2634 0.0007055391254130637 -0.0005148430905913163 0
2635 0.0007224510331217689 -0.0004763463820669148 0
2636 0.0007479987422060178 -0.0005077676554073281 0
2637 0.0007590437157025231 -0.000465437550497689 0
2638 0.000793002036703974 -0.0004995226330936088 0
2639 0.0007729415967352249 -0.0005418107048820535 0
2640 0.000733064646773162 -0.000545994122524729 0
2641 0.0006758589665210409 -0.0005348092368603815 0
2642 0.0006932251779470155 -0.000449061561277818 0
2643 0.0008075029496322859 -0.0004358160465360693 0
2644 0.0007168660890176819 -0.0005825621560184534 0
2645 0.0008041642384586226 -0.000535941648284248 0
2646 0.0007903463933748926 -0.000459861153566061 0
2647 0.0006511106929814222 -0.00027821571185246 0
2648 0.0007894925108349026 -0.000237774511886196 0
2649 0.0007459481700737905 -0.0003503534504067677 0
2650 0.000694340802463429 -0.0002163108866203693 0
2651 0.0007988541633924489 -0.0002923357834272899 0
2652 0.000691357155875655 -0.0003435325101900573 0
2653 0.0007482301136813046 -0.0001977741392892129 0
2654 0.000798621651855594 -0.0003244193532303823 0
2655 0.0007630657060915439 -0.0003129795007059206 0
2656 0.0007674853985469987 -0.0002696342786278786 0
2657 0.0007300592010619107 -0.0002849655916766164 0
2658 0.0007402769903596411 -0.0002334196275055493 0
2659 0.0006959211808024928 -0.0002593989692280963 0
2660 0.0006922839387490192 -0.0003007479685683022 0
2661 0.0006633856563828974 -0.000240914350780788 0
2662 0.0007232688547284797 -0.0003247382316564039 0
2663 0.0006584226172801933 -0.0003137387282010022 0
2664 0.0008106030598137228 -0.0002622361269266482 0
2665 0.0007175877226723035 -0.0003627739371240925 0
2666 0.0007187435541477164 -0.0001934294238716898 0
2667 0.00077382036981619 -0.000209189845738255 0
2668 0.0007777329652761186 -0.0003466040500780763 0
2669 0.0004392890629495645 -0.0001904763239912482 0
2670 0.0005776708797444379 -0.0001500351196017131 0
2671 0.0005341265456860508 -0.0002626140561817642 0
2672 0.0004825139787414504 -0.000128569757280026 0
2673 0.0005870325371187099 -0.0002045963919998107 0
2674 0.000479529748293986 -0.0002557931466080336 0
2675 0.0005364089615160002 -0.0001100345478096071 0
2676 0.0005868000245618599 -0.0002366799584897581 0
2677 0.000551240161309444 -0.0002252399336589819 0
2678 0.0005556633412154426 -0.0001818949626039537 0
2679 0.0005182280861890102 -0.0001972219781835868 0
2680 0.0005284514073424745 -0.0001456775625970555 0
2681 0.0004840870406851483 -0.0001716554645705354 0
2682 0.0004804331951600942 -0.0002130135087464888 0
2683 0.0004515474663377524 -0.0001531808288220396 0
2684 0.0005114364751188523 -0.0002369997431209897 0
2685 0.0004465796160073485 -0.0002259917925743964 0
2686 0.0005987814297404084 -0.0001744967339032182 0
2687 0.0005057652381554445 -0.000275034593886724 0
2688 0.0005069214710182009 -0.0001056897920816115 0
2689 0.0005619982424173587 -0.0001214500429832894 0
2690 0.0005659110542510791 -0.0002588646420145123 0
2691 0.0005638084204175463 0.0002357255683120431 0
2692 0.0006989143955841189 0.0003064329290282407 0
2693 0.0006783914894227929 0.0002022609581471082 0
2694 0.0005999016076848798 0.0003293353142237247 0
2695 0.0005617569414268282 0.0002936431480632594 0
2696 0.0005998788443459956 0.0001958384453259747 0
2697 0.0006562673194342148 0.0003369405339881635 0
2698 0.0007065299039421652 0.0002484510092234455 0
2699 0.0007137465077881906 0.0002795337435181471 0
2700 0.0005545877240025563 0.0002655931960906418 0
2701 0.0006271976338296447 0.0003413672475595304 0
2702 0.0007068337152226817 0.0002160244330313364 0
2703 0.0006852524124562928 0.0003322833565617744 0
2704 0.0005695717927967146 0.0002047769682204167 0
2705 0.0005695460172166927 0.0003204036592116753 0
2706 0.0006250413394483004 0.0001766158356336252 0
2707 0.0006380993835432435 0.0002115608999536985 0
2708 0.0006014220866697443 0.0002324529670734264 0
2709 0.0006354822884527808 0.0002546264000573144 0
2710 0.0005960878045507903 0.0002709040217616548 0
2711 0.0006302336064106724 0.0003021710093108061 0
2712 0.0006687085337586647 0.0002760539384567357 0
2713 0.0006715347968999505 0.0002359150283666042 0
2714 0.0006550297711605705 0.0001798741252884724 0
2715 0.0006670484410313312 0.000308254509542876 0
2716 0.0005915967915709017 0.0003020461546486517 0
2717 0.0003513900731034287 0.0003493365239341835 0
2718 0.0004853563083948353 0.0003099476541788904 0
2719 0.0004403744380288728 0.0004208357317389331 0
2720 0.0003903862541994305 0.000288174168203491 0
2721 0.0004947153338879599 0.0003645057625973164 0
2722 0.0003665152919334349 0.0004058256806512512 0
2723 0.0004441041459869802 0.0002699467327817365 0
2724 0.000494482761948556 0.0003965851261258805 0
2725 0.0004598820737343081 0.0003829931347578171 0
2726 0.000463349214570964 0.0003418045912813696 0
2727 0.0004278968533028641 0.0003553881550718332 0
2728 0.0004364108539296198 0.0003053311272877221 0
2729 0.0003929393596108387 0.000330654662973996 0
2730 0.0003587544283271586 0.0003105858007893462 0
2731 0.0003878139331268594 0.0003738663350829502 0
2732 0.0004032813635134397 0.0004088719017059314 0
2733 0.0005064607056112899 0.0003344091452992879 0
2734 0.0004146449935550764 0.000265566087323361 0
2735 0.000469726724443601 0.0002813287434081577 0
2736 0.000348722123748646 0.0003817336396949531 0
2737 0.0004734908268509294 0.0004189268776102714 0
2738 0.0003825353369255854 0.0004279944850374437 0
2739 0.0004122265951528827 0.0004366936044201806 0
2740 0.0004254008433085925 0.0003881773961890417 0
2741 0.0003813170942488991 0.0001220249430457027 0
2742 0.0005152825809217486 8.263504502007551e-05 0
2743 0.0004703006427242262 0.0001935239357152448 0
2744 0.0004203128974095684 6.086230784795995e-05 0
2745 0.0005246416064678603 0.0001371931535026303 0
2746 0.0003964416639511318 0.0001785140065697538 0
2747 0.0004740303578622069 4.263414866883898e-05 0
2748 0.00052440903452967 0.0001692725171163695 0
2749 0.0004898086149273193 0.0001556808410631328 0
2750 0.0004932755417114087 0.0001144919728111681 0
2751 0.0004578238082539744 0.0001280765418592693 0
2752 0.0004663375346450712 7.801899017548694e-05 0
2753 0.000422866799820984 0.000103343509085442 0
2754 0.0003886810286711407 8.327506954383952e-05 0
2755 0.0004177404677728524 0.0001465549743722987 0
2756 0.0004332075402122509 0.0001815605120419607 0
2757 0.0005363869782625737 0.0001070965361431073 0
2758 0.0004445713015856469 3.825354389966274e-05 0
2759 0.0004996530465677038 5.401620519759509e-05 0
2760 0.0003786486190098814 0.0001544216744811526 0
2761 0.0005034171105042763 0.0001916143276705542 0
2762 0.0004124609913927351 0.0002006830951759262 0
2763 0.0004421527248118622 0.0002093821749773829 0
2764 0.000455327233765555 0.0001608659388441147 0
2765 0.0005931402652570152 3.428766493296425e-05 0
2766 0.0007271042019424255 -5.104345124825817e-06 0
2767 0.0006821221317572033 0.0001057862165631789 0
2768 0.0006321352917993159 -2.687554406911245e-05 0
2769 0.0007364632370652725 4.945376123956238e-05 0
2770 0.0006082634953880877 9.07765356745004e-05 0
2771 0.0006858518603668263 -4.510519333641949e-05 0
2772 0.0007362306654053947 8.153312461474531e-05 0
2773 0.0007016307980729484 6.794209823977255e-05 0
2774 0.0007050972865445418 2.675256605158716e-05 0
2775 0.0006696468445365718 4.033919900004174e-05 0
2776 0.0006781600034259453 -9.719430966923938e-06 0
2777 0.0006346908345716019 1.560710995786597e-05 0
2778 0.0006005033337707257 -4.460457095207653e-06 0
2779 0.0006295626365640598 5.881814996238446e-05 0
2780 0.0006450289704880466 9.382362834927772e-05 0
2781 0.0007482086078895401 1.935714129169209e-05 0
2782 0.0006563930027875925 -4.948571441129343e-05 0
2783 0.0007114747725757581 -3.37230428385422e-05 0
2784 0.0005904707059939343 6.668360469857675e-05 0
2785 0.0007152387631464181 0.0001038750560826683 0
2786 0.0006242813446213173 0.0001129462094513916 0
2787 0.0006539740566218229 0.0001216452104069576 0
2788 0.0006671491059319568 7.312891672359395e-05 0
2789 0.0007756300483373782 0.0001479861803143857 0
2790 0.0009103622650290852 0.0002193347126207025 0
2791 0.00089021311301263 0.0001145215654269736 0
2792 0.0008088800304965517 0.0002433516321646204 0
2793 0.0007732220572017226 0.0002052969009838415 0
2794 0.0008117004687573665 0.0001080990550677389 0
2795 0.0008671687777277706 0.0002493942608305091 0
2796 0.0009183515306010469 0.0001607116178473598 0
2797 0.0009228593860333242 0.0001925492433651172 0
2798 0.0007658509342664366 0.0001772057385284801 0
2799 0.0009161484923788601 0.0001298628879083735 0
2800 0.0008970740442610252 0.0002445439638714684 0
2801 0.0008369892051019382 0.0002539562635492277 0
2802 0.0007813676499244875 0.0002326642700383438 0
2803 0.0008685023894244768 9.145407762413559e-05 0
2804 0.0008497219060466758 0.0001238019029238631 0
2805 0.0008824631558596567 0.0001501489628494588 0
2806 0.0008454546714726967 0.0001668264273940611 0
2807 0.0008815723887625587 0.0001894393822145668 0
2808 0.0008416141112757814 0.0002149007041439191 0
2809 0.0008072136666342649 0.0001825267629895027 0
2810 0.0008122249299580337 0.0001423669842841955 0
2811 0.0008383585021630153 8.981761960733529e-05 0
2812 0.0007813934186826834 0.0001170375804808763 0
2813 0.0008031001216151185 0.000214198836989834 0
2814 0.0008794131151839076 0.0002220590971731025 0
2815 0.0007406817876101616 0.0004021442985550777 0
2816 0.0008790636054636419 0.0004425854985213417 0
2817 0.0008355192647025299 0.0003300065600007699 0
2818 0.0007839118970921685 0.0004640491237871684 0
2819 0.0008884252580211883 0.0003880242269802478 0
2820 0.0007809282505043944 0.0003368275002174804 0
2821 0.000837801208310044 0.0004825858711183248 0
2822 0.0008881927464843334 0.0003559406571771555 0
2823 0.0008526368007202834 0.0003673805097016171 0
2824 0.0008570564931757382 0.000410725731779659 0
2825 0.0008196302956906501 0.0003953944187309214 0
2826 0.0008298480849883806 0.0004469403829019885 0
2827 0.0007854922754312322 0.0004209610411794414 0
2828 0.0007818550333777586 0.0003796120418392356 0
2829 0.0007529567510116368 0.0004394456596267497 0
2830 0.0008128399493572191 0.0003556217787511338 0
2831 0.0007479937119089327 0.0003666212822065355 0
2832 0.0009001741544424622 0.0004181238834808895 0
2833 0.0008071588173010429 0.0003175860732834452 0
2834 0.0008083146487764558 0.0004869305865358479 0
2835 0.0008633914644449294 0.0004711701646692827 0
2836 0.0008673040599048581 0.0003337559603294615 0
2837 0.0005338821482228752 0.0004630381748976669 0
2838 0.0006689885150271846 0.0005337361810917229 0
2839 0.0006484652177517914 0.0004295735673655986 0
2840 0.0005699753328151355 0.0005566479227790229 0
2841 0.0005318313641171312 0.0005209562483729101 0
2842 0.000569952573206381 0.0004231510531716829 0
2843 0.0006263403067286515 0.0005642449981596706 0
2844 0.0006766036317474491 0.0004757636184077271 0
2845 0.0006838229739106337 0.0005068402121542469 0
2846 0.0005246624566249167 0.000492906387384209 0
2847 0.0005396455216925055 0.0004320895752571078 0
2848 0.0005972736094293582 0.0005686729567807806 0
2849 0.0006769074430480917 0.0004433370425197441 0
2850 0.0005396197435493554 0.0005477162663471057 0
2851 0.0006553261404795222 0.000559595965379067 0
2852 0.0005951150686292202 0.0004039284443475377 0
2853 0.0006081697183606938 0.0004388680530510538 0
2854 0.0005714951541645194 0.0004597641589847866 0
2855 0.0006055578386870352 0.0004819249568358187 0
2856 0.0005661647242975836 0.000498214889632389 0
2857 0.0006003084232737501 0.0005294728120186922 0
2858 0.0006388010395242174 0.0005033329219870258 0
2859 0.0006416048279357495 0.0004632156284512658 0
2860 0.0006251031536915042 0.0004071861778049675 0
2861 0.0006371131503684945 0.0005355482946575562 0
2862 0.0005616707822656315 0.0005293582206169933 0
2863 1.879460654485012e-05 0.000681324119221991 0
2864 0.000152744740969878 0.0007207631304586605 0
2865 0.0001077489877004058 0.0006098504609238515 0
2866 5.776862072171511e-05 0.0007425129077243949 0
2867 0.0001621063985245623 0.0006662018578204823 0
2868 3.390343675387153e-05 0.0006248480789510406 0
2869 0.000111481978957004 0.0007607633510405916 0
2870 0.0001618738859722319 0.0006341182910159871 0
2871 0.0001272710747102579 0.0006477061309846231 0
2872 0.0001307379557069365 0.000688903416498668 0
2873 9.529019447769159e-05 0.0006752984196171216 0
2874 0.0001037996781152319 0.0007253685905013973 0
2875 6.034058512126958e-05 0.0007000214498453391 0
2876 2.614111700006093e-05 0.0007200746496949943 0
2877 5.520477485442455e-05 0.0006568014959803227 0
2878 7.065615709052219e-05 0.0006218048670607707 0
2879 0.0001738552914113742 0.0006963015161400033 0
2880 8.201898797551295e-05 0.0007651361536365452 0
2881 1.612747776087215e-05 0.0006489265744358781 0
2882 0.0001371111844308647 0.0007493835717816305 0
2883 0.0001408753691975131 0.0006117746618192224 0
2884 4.988866839790289e-05 0.0006026943108829519 0
2885 7.959455573102527e-05 0.0005939868812921162 0
2886 9.278219666412432e-05 0.0006425017767357844 0
2887 -0.0001930161217733387 0.0007671110966263706 0
2888 -5.906719702276751e-05 0.0007276985027759272 0
2889 -0.000104050668616549 0.0008386053941342432 0
2890 -0.0001540286416758626 0.0007059423013974248 0
2891 -4.970817152964299e-05 0.0007822566111943533 0
2892 -0.0001779059695351545 0.0008235981190081411 0
2893 -0.000100320737146391 0.0006876981574664486 0
2894 -4.994074346904681e-05 0.0008143359747229174 0
2895 -8.453522367620652e-05 0.0008007512791725339 0
2896 -8.107302877830618e-05 0.0007595552233802535 0
2897 -0.0001165108755015388 0.0007731620368582274 0
2898 -0.0001080031970325137 0.0007230928820682607 0
2899 -0.000151457130855957 0.0007484391417573353 0
2900 -0.0001856614690171658 0.000728380019587685 0
2901 -0.0001566035335348037 0.0007916460369391879 0
2902 -0.0001411444065791564 0.0008266509494718741 0
2903 -3.796279980631296e-05 0.0007521599938963248 0
2904 -0.0001956962630197991 0.0007994993217148308 0
2905 -0.0001297776431473032 0.0006833184335707558 0
2906 -7.46956271540446e-05 0.0006990812323296484 0
2907 -7.093243873018503e-05 0.0008366790855167602 0
2908 -0.0001619025518133464 0.000845773509040064 0
2909 -0.0001322002878996856 0.0008544717512740139 0
2910 -0.0001190199551457721 0.0008059548869217402 0
2911 -0.0001631053287899753 0.0005397772752837382 0
2912 -2.914092449585423e-05 0.0005003858936171125 0
2913 -7.412296291793883e-05 0.0006112759607885674 0
2914 -0.0001241100696590672 0.0004786142374741905 0
2915 -1.97818989497426e-05 0.0005549440020996674 0
2916 -0.0001479817010615173 0.0005962662050733831 0
2917 -7.039323354656445e-05 0.0004603850332387764 0
2918 -2.001447088793283e-05 0.0005870233657134065 0
2919 -5.461450246617642e-05 0.0005734321459193163 0
2920 -5.114788473072749e-05 0.0005322428078605689 0
2921 -8.659871067955009e-05 0.0005458288308581933 0
2922 -7.808537967244138e-05 0.0004957705209183724 0
2923 -0.0001215550165536469 0.0005210964609799241 0
2924 -0.0001557420009824182 0.0005010286304336757 0
2925 -0.0001266826601370502 0.0005643076273046451 0
2926 -0.0001112161069135634 0.0005993131240105737 0
2927 -8.036527155029077e-06 0.0005248473847401443 0
2928 -9.98521495078259e-05 0.000456004486163294 0
2929 -4.477038669148168e-05 0.0004717671563830247 0
2930 -0.000165774566349445 0.0005721734506547696 0
2931 -4.100637993000992e-05 0.0006093652612704771 0
2932 -0.0001319634134064039 0.0006184357055664764 0
2933 -0.00010227099181693 0.0006271347305192317 0
2934 -8.909610259599296e-05 0.0005786184535587621 0
2935 4.871344447566553e-05 0.0004520339690198304 0
2936 0.0001826806965248227 0.0004126465034722112 0
2937 0.0001376989333594133 0.0005235334615441459 0
2938 8.771013739494041e-05 0.0003908719932229726 0
2939 0.0001920397316476698 0.0004672046098365993 0
2940 6.383955987843582e-05 0.0005085232494715749 0
2941 0.0001414286183011086 0.0003726455450875588 0
2942 0.0001918071599877919 0.0004992839732117822 0
2943 0.0001572061041635982 0.0004856915492792516 0
2944 0.0001606735392052346 0.0004445034561484833 0
2945 0.0001252203174791674 0.0004580856355404687 0
2946 0.0001337346874647493 0.0004080293281350964 0
2947 9.026215559094075e-05 0.0004333515159449869 0
2948 5.607837105621507e-05 0.0004132820835232278 0
2949 8.51379748486717e-05 0.0004765634717563196 0
2950 0.0001006058991561659 0.0005115690756345135 0
2951 0.0002037851024719375 0.000437107989888729 0
2952 0.0001119693309716933 0.0003682648472754443 0
2953 0.0001670510461307685 0.0003840274915201982 0
2954 4.60462202256153e-05 0.0004844316120729666 0
2955 0.00017081521183794 0.0005216256443103994 0
2956 7.986059404966994e-05 0.000530691661595624 0
2957 0.0001095511981560865 0.0005393908305555129 0
2958 0.0001227250827452369 0.0004908746618728421 0
2959 0.0002261845550377575 0.0005925825407630119 0
2960 0.0003645663725728595 0.0006330237380495501 0
2961 0.0003210220304953539 0.0005204447994853912 0
2962 0.0002694089850276469 0.0006544892647613058 0
2963 0.000373928025183444 0.0005784624664443966 0
2964 0.0002664246923497892 0.0005272657117578652 0
2965 0.0003233044981814519 0.0006730243290339 0
2966 0.0003736955136478134 0.0005463788965561025 0
2967 0.0003381352811645037 0.0005578189391258062 0
2968 0.0003425587848552604 0.0006011638896762355 0
2969 0.0003051226835019182 0.0005858372726199753 0
2970 0.0003153465275561194 0.0006373815450072296 0
2971 0.0002709813592905559 0.0006114037780573106 0
2972 0.000267325961112746 0.0005700448878815283 0
2973 0.0002384414104549482 0.0006298774848598639 0
2974 0.0002983309553439321 0.0005460590296579439 0
2975 0.0002334731040738338 0.0005570677782349405 0
2976 0.000385676921676135 0.0006085621230065334 0
2977 0.0002926606408466981 0.0005080242606791764 0
2978 0.0002938169243150334 0.0006773690894699995 0
2979 0.0003488936883918736 0.0006616088529716806 0
2980 0.0003528065138720562 0.0005241942137816572 0
2981 0.0002155706762796102 0.0007697557322258494 0
2982 0.0003346401000460391 0.0008603363471183787 0
2983 0.000316237616158492 0.0007556108730158738 0
2984 0.0002155884893562223 0.0008700419910050329 0
2985 0.0001928998192633157 0.0008166025820487787 0
2986 0.0002654792402437227 0.0007425172989248988 0
2987 0.0002637200553361168 0.0008943349350743747 0
2988 0.0003440017526035853 0.0008057750755772848 0
2989 0.0003562491336738817 0.0008364819432292174 0
2990 0.0002941064438324458 0.0007365490909124686 0
2991 0.0003396006723155083 0.0007748213893062792 0
2992 0.0002941399535683886 0.0009033023761838751 0
2993 0.0002937907872318989 0.0008659789910704604 0
2994 0.0002519838331183071 0.0008594979433024911 0
2995 0.0002759332489997155 0.000826620350330418 0
2996 0.0002313810393331589 0.0008276140419756433 0
2997 0.0002529466849297171 0.0007837534904704838 0
2998 0.0002992367058687591 0.0007948759063611027 0
2999 0.0003162144931063863 0.0008310492172947241 0
3000 0.0002352768203157095 0.0007478214843284261 0
3001 0.0001905913200775512 0.0007889554193549921 0
3002 0.0001952625475027561 0.0008465947334330212 0
3003 0.0003209726650428306 0.0008895511519403904 0
3004 0.0002334472935556032 0.0008944884741220681 0
3005 0.0002857437934410249 0.0007647995138197205 0
3006 0.0002173220230140344 0.0007980318826424857 0
3007 -1.054135719472759e-05 0.0008807890234947038 0
3008 0.000124565164391828 0.0009514833367159102 0
3009 0.0001040417123341884 0.0008473244159626355 0
3010 2.555182739753272e-05 0.0009743987713760597 0
3011 -1.259186642475179e-05 0.0009387072920609274 0
3012 2.552906778877804e-05 0.0008409019017687198 0
3013 8.191650847244857e-05 0.0009819926325169233 0
3014 0.0001321801263298463 0.0008935144670047641 0
3015 0.0001394005497846375 0.0009245886375553942 0
3016 -1.976065164751161e-05 0.0009106574672400614 0
3017 -4.777983725097304e-06 0.0008498404238541447 0
3018 5.285099115082004e-05 0.0009864210831298638 0
3019 0.0001324839376304889 0.000861087891116781 0
3020 -4.803761868247372e-06 0.0009654671149441425 0
3021 0.0001109026350619195 0.000977346813976104 0
3022 5.069156321161711e-05 0.0008216792929445746 0
3023 6.374487494348957e-05 0.0008566167496839108 0
3024 2.70713885466815e-05 0.0008775144492763396 0
3025 6.113505459160881e-05 0.0008996702618972644 0
3026 2.174247959382572e-05 0.0009159650528166221 0
3027 5.588534828541341e-05 0.0009472193963744235 0
3028 9.438494836561565e-05 0.0009210705011856855 0
3029 9.717986675113938e-05 0.000880961739584632 0
3030 8.067951174332963e-05 0.0008249368068138227 0
3031 9.268608463752046e-05 0.0009532917126395813 0
3032 1.724738099548917e-05 0.0009471088557232111 0
3033 -0.0006151999234489716 0.0004187148614363314 0
3034 -0.0004812498590764647 0.0004581539686481597 0
3035 -0.0005262456187897495 0.000347241223029437 0
3036 -0.0005762259444787108 0.0004799036759879167 0
3037 -0.0004718882015217802 0.0004035926960099816 0
3038 -0.0006000911541786771 0.0003622388298317257 0
3039 -0.0005225126266663627 0.0004981541868973169 0
3040 -0.0004721207140741105 0.0003715091292054863 0
3041 -0.0005067235002054222 0.0003850969396745719 0
3042 -0.0005032566392309317 0.0004262942555646823 0
3043 -0.0005387043417223095 0.0004126891646519983 0
3044 -0.0005301948836751134 0.0004627593845755269 0
3045 -0.0005736539056072302 0.0004374121519916694 0
3046 -0.0006078534522006526 0.0004574653124180199 0
3047 -0.000578789800709593 0.0003941922174815629 0
3048 -0.0005633384520875845 0.0003591955912293585 0
3049 -0.0004601393086349684 0.0004336923543295026 0
3050 -0.0005519756085553732 0.0005025269857674168 0
3051 -0.0006178671015557425 0.0003863173526309309 0
3052 -0.0004968834109470532 0.0004867744033356806 0
3053 -0.0004931192298759613 0.0003491654945118733 0
3054 -0.0005841059898206979 0.0003400850352187996 0
3055 -0.0005544000580044061 0.0003313776090541146 0
3056 -0.0005412123923858941 0.0003798925072054543 0
3057 -0.0008270119357717606 0.0005045002713900304 0
3058 -0.0006930617970691102 0.0004650893409654264 0
3059 -0.0007380451564999258 0.0005759949130775908 0
3060 -0.0007880238454682116 0.0004433319277882884 0
3061 -0.0006837027715759856 0.0005196474493838524 0
3062 -0.0008119007268257843 0.000560987443104437 0
3063 -0.000734315240388196 0.0004250889551969873 0
3064 -0.0006839353435153894 0.0005517268129124165 0
3065 -0.000718530259254603 0.0005381416058103293 0
3066 -0.0007150677172549029 0.0004969460767392852 0
3067 -0.0007505065819071237 0.000510551260026199 0
3068 -0.0007419984601735358 0.0004604829556913585 0
3069 -0.000785453625557245 0.0004858276221423454 0
3070 -0.0008196566025371311 0.0004657678169004329 0
3071 -0.0007905985571624954 0.0005290348519834397 0
3072 -0.000775138847936533 0.0005640398103059273 0
3073 -0.0006719573998526556 0.000489550832085824 0
3074 -0.0007637723041076476 0.000420709166761088 0
3075 -0.0008296912220216849 0.000536889119771472 0
3076 -0.0007086903080989789 0.0004364719555155245 0
3077 -0.000704927055611653 0.0005740698283919186 0
3078 -0.0007958961432283867 0.0005831623714274947 0
3079 -0.0007661946511007866 0.0005918606751704196 0
3080 -0.0007530147452738206 0.0005433438570733575 0
3081 -0.0007971010112150464 0.0002771666298322388 0
3082 -0.000663135524542197 0.0002377767318066116 0
3083 -0.0007081174627397192 0.0003486656225017809 0
3084 -0.0007581052080543771 0.000216003994634496 0
3085 -0.0006537764989960852 0.0002923348402891665 0
3086 -0.0007819764415128136 0.0003336556933562899 0
3087 -0.0007043877476017385 0.000197775835455375 0
3088 -0.0006540090709342755 0.0003244142039029057 0
3089 -0.0006886094905366262 0.0003108225278496689 0
3090 -0.0006851425637525366 0.0002696336595977043 0
3091 -0.000720594297209971 0.0002832182286458054 0
3092 -0.0007120805708188743 0.000233160676962023 0
3093 -0.0007555513056429616 0.000258485195871978 0
3094 -0.0007897370767928049 0.0002384167563303756 0
3095 -0.000760677637691093 0.0003016966611588348 0
3096 -0.0007452105652516947 0.0003367021988284968 0
3097 -0.0006420311272013718 0.0002622382229296435 0
3098 -0.0007338468038782986 0.0001933952306861988 0
3099 -0.0006787650588962417 0.0002091578919841312 0
3100 -0.0007997694864540641 0.0003095633612676887 0
3101 -0.0006750009949596693 0.0003467560144570903 0
3102 -0.0007659571140712104 0.0003558247819624623 0
3103 -0.0007362653806520834 0.0003645238617639189 0
3104 -0.0007230908716983905 0.0003160076256306508 0
3105 -0.0005847058417774239 0.0001635924029411201 0
3106 -0.0004495560060962081 0.0002342407105695885 0
3107 -0.0004700862837602246 0.0001300914378313073 0
3108 -0.0005485690475869761 0.0002571813329308133 0
3109 -0.0005867051096882109 0.0002215372678947632 0
3110 -0.0005485690513600038 0.0001236951478362962 0
3111 -0.0004921758239435048 0.0002647670448141631 0
3112 -0.0004419548684052754 0.000176281030941673 0
3113 -0.0004347226716664447 0.0002073499649051353 0
3114 -0.0005938778193655892 0.000193496308266064 0
3115 -0.0004416507874564407 0.0001438585193379762 0
3116 -0.0005212221660746113 0.0002692088894614392 0
3117 -0.0004632261244725594 0.0002601068111334447 0
3118 -0.0005789241784105021 0.0001326159637866889 0
3119 -0.0005789241758459637 0.0002482605192355445 0
3120 -0.0005234243062129012 0.0001044465523948553 0
3121 -0.0005103450219270113 0.0001394066932927948 0
3122 -0.0005470220342021978 0.0001603623253512466 0
3123 -0.0005129052974330871 0.0001824903451235719 0
3124 -0.0005523127855858029 0.0001988385055767439 0
3125 -0.0005182037343296014 0.0002300167300115818 0
3126 -0.0004796632070790535 0.0002038237853426766 0
3127 -0.0004769040677618275 0.0001637370901401293 0
3128 -0.0004934375545484825 0.0001077070977440402 0
3129 -0.0004814378593393151 0.0002360503342640104 0
3130 -0.000556869158472539 0.0002297344909485865 0
3131 -0.00038849765281433 0.0002798339632935424 0
3132 -0.0002694282274734834 0.0003704145762390492 0
3133 -0.0002878320710966435 0.0002656858986832991 0
3134 -0.000388479835737061 0.0003801202221682391 0
3135 -0.000411168664355231 0.0003266810484818995 0
3136 -0.0003385897996924687 0.0002525921292858602 0
3137 -0.0003403482696364218 0.0004044131654643502 0
3138 -0.0002600665748628986 0.0003158533046338959 0
3139 -0.0002478191937242886 0.0003465601723452872 0
3140 -0.000309961885137136 0.0002466273197749634 0
3141 -0.0002644694018518384 0.0002848978520858909 0
3142 -0.0003099283727052459 0.0004133806058830104 0
3143 -0.0003102770111037562 0.0003760548603097214 0
3144 -0.0003520844466143547 0.000369575616909449 0
3145 -0.0003281373612012626 0.0003366934390000038 0
3146 -0.0003726885308091542 0.0003376910369986045 0
3147 -0.0003511231790941058 0.0002938281135103859 0
3148 -0.0003048424887394411 0.000304944975336181 0
3149 -0.0002878540192191653 0.000341122691193475 0
3150 -0.0003687919586142092 0.0002578983135632718 0
3151 -0.0004134770083003585 0.0002990336513284633 0
3152 -0.000408806058588318 0.0003566727651543132 0
3153 -0.000283095608408505 0.0003996291403819669 0
3154 -0.0003706210259799542 0.0004045666480579408 0
3155 -0.0003183246838554533 0.0002748708393562788 0
3156 -0.0003867465520619517 0.0003081097117224256 0
3157 -0.0004184239237667324 0.0005071465704153485 0
3158 -0.0002993545000003035 0.0005977271853078778 0
3159 -0.000314258591156478 0.000495487549272407 0
3160 -0.0003966211408042042 0.0006240502185389311 0
3161 -0.0004327437578314772 0.0005841360921741947 0
3162 -0.0003702745425678232 0.0004829223574627421 0
3163 -0.0003389961384497085 0.0006321456316212558 0
3164 -0.0002869943592337412 0.0005407222404245459 0
3165 -0.0002850104637088848 0.000571092114312123 0
3166 -0.0003395289860965069 0.0004808413334055193 0
3167 -0.0002896890350092524 0.0005107393344591722 0
3168 -0.0003678664605161642 0.0006364824527695833 0
3169 -0.0004491085876747252 0.0005572802272084161 0
3170 -0.000413237689729749 0.0005479731475353028 0
3171 -0.0003963231030925874 0.000586468243472144 0
3172 -0.0003707828221415762 0.0005550452024850176 0
3173 -0.0003597314577311388 0.0005973751407393212 0
3174 -0.0003257798029289736 0.0005632884455544526 0
3175 -0.0003458450965508899 0.0005209985852479133 0
3176 -0.0003857154838799279 0.0005168229941554097 0
3177 -0.0004429146764210927 0.0005280052638825111 0
3178 -0.0004255481700394472 0.0006137527659187417 0
3179 -0.0003112703336565622 0.0006269982596579421 0
3180 -0.0004019071918217162 0.0004802521488919059 0
3181 -0.0003146201707546379 0.0005268773621448934 0
3182 -0.0003284266404649116 0.0006029532542600519 0
3183 -0.0006445359572410703 0.0006181798616842029 0
3184 -0.0005094300927061636 0.0006888898680048302 0
3185 -0.0005299528877121542 0.0005847152541521345 0
3186 -0.00060844277264881 0.0007117896095655588 0
3187 -0.0006465876336873579 0.0006760973020962151 0
3188 -0.0006084655322575646 0.0005782927399582188 0
3189 -0.0005520768506231648 0.0007193971305647423 0
3190 -0.0005018144737164965 0.0006309053051942631 0
3191 -0.0004945986436011575 0.0006619897741793771 0
3192 -0.0006537569380946178 0.000648047323756333 0
3193 -0.0005811473823674265 0.0007238234925900987 0
3194 -0.0005015106624158538 0.00059847872930628 0
3195 -0.0005230919649844231 0.0007147376521656031 0
3196 -0.0006387725837714399 0.0005872312620436439 0
3197 -0.0006387983619145901 0.0007028579531336417 0
3198 -0.0005833030368347256 0.0005590701311340737 0
3199 -0.0005702440342335569 0.0005940167374020313 0
3200 -0.0006069221042345503 0.0006149076618493582 0
3201 -0.0005728626036075286 0.0006370846664286327 0
3202 -0.0006122574754596126 0.0006533588078906564 0
3203 -0.0005781110800735524 0.000684628357593753 0
3204 -0.0005396411480052449 0.0006585177353171495 0
3205 -0.0005368085344758304 0.0006183727182985691 0
3206 -0.0005533145076020644 0.0005623285786286914 0
3207 -0.0005412933892958875 0.0006907141224236362 0
3208 -0.0006167476614957085 0.0006845006022348537 0
3209 -0.001159621612075723 -0.0008345401733895347 0
3210 -0.001025673364494068 -0.0007950985771429501 0
3211 -0.001070669291303316 -0.0009060132959528822 0
3212 -0.001120648546182126 -0.0007733506832535944 0
3213 -0.001016311706939384 -0.0008496598497811283 0
3214 -0.001144514423253683 -0.0008910159802954267 0
3215 -0.001066936276755387 -0.000755098419403948 0
3216 -0.001016544219491714 -0.0008817434165856236 0
3217 -0.001051146353835823 -0.000868156371162923 0
3218 -0.001047680012175127 -0.0008269582674965564 0
3219 -0.001083126191308266 -0.0008405657970325602 0
3220 -0.001074617396922171 -0.0007904943052884677 0
3221 -0.001118074575872987 -0.0008158439219306964 0
3222 -0.001152276157657623 -0.0007957917839401138 0
3223 -0.001123212671168743 -0.00085906335453623 0
3224 -0.001107762194312319 -0.0008940599116257005 0
3225 -0.001004562814052572 -0.0008195601914616073 0
3226 -0.001096399022801938 -0.0007507257171474666 0
3227 -0.001162290069354965 -0.0008669367490796753 0
3228 -0.001041306795293353 -0.0007664783145387206 0
3229 -0.001037542710059744 -0.0009040871938363792 0
3230 -0.001128531003910872 -0.0009131704633179374 0
3231 -0.001098823918440668 -0.0009218778006275334 0
3232 -0.001085635612573767 -0.0008733628322109101 0
3233 -0.001370877247317875 -0.0007746081482675289 0
3234 -0.001235727871576064 -0.0007039487733280325 0
3235 -0.001256257684440866 -0.000808109106019728 0
3236 -0.001334740460502934 -0.0006810192139895311 0
3237 -0.001372877345337584 -0.0007166638676497086 0
3238 -0.001334740452330066 -0.0008145053998454271 0
3239 -0.001278346343048304 -0.0006734238693942903 0
3240 -0.001228126272677858 -0.0007619195142886486 0
3241 -0.001220897316067256 -0.0007308433274666225 0
3242 -0.001380050419597973 -0.0007447049389300479 0
3243 -0.001227822192856083 -0.0007943420223913289 0
3244 -0.001249397533671431 -0.0006780937331500182 0
3245 -0.001307396222142865 -0.0006689835049266174 0
3246 -0.001365095587643089 -0.0006899400302476171 0
3247 -0.001365095580819094 -0.000805584587228524 0
3248 -0.001309595704773336 -0.0008337539928591091 0
3249 -0.001296512408144031 -0.0007987874152704109 0
3250 -0.001333192661348566 -0.0007778365529739498 0
3251 -0.001299078847576415 -0.0007556936168716474 0
3252 -0.001338487970328598 -0.0007393599983691422 0
3253 -0.001304376422920065 -0.0007081710467029338 0
3254 -0.001265856813298186 -0.0007343370544493269 0
3255 -0.001263071096138607 -0.0007744492844772694 0
3256 -0.001279608544403956 -0.0008304927885439975 0
3257 -0.001267598580974585 -0.0007021279346587775 0
3258 -0.001343040740595595 -0.0007084657734168442 0
3259 -0.001340950975492042 -0.001001920754860659 0
3260 -0.001205800812171502 -0.0009312804282569642 0
3261 -0.001226331412002775 -0.00103542171516195 0
3262 -0.001304814184849613 -0.0009083318218342252 0
3263 -0.001342949649109934 -0.0009439754659837757 0
3264 -0.0013048141819573 -0.001041818007740804 0
3265 -0.001248421607261157 -0.0009007530613254221 0
3266 -0.001198200000097958 -0.0009892321234215534 0
3267 -0.001190965469256688 -0.0009581684236818899 0
3268 -0.001350122093010848 -0.0009720163468307732 0
3269 -0.001277465397561604 -0.0008963101474928909 0
3270 -0.001335169310138814 -0.001032897194048459 0
3271 -0.001197895920281633 -0.001021654631606595 0
3272 -0.001219471261217685 -0.0009054063421499343 0
3273 -0.001335169312487825 -0.0009172526368258423 0
3274 -0.00127966943507068 -0.001061066601650454 0
3275 -0.00126659304892665 -0.001026111103985 0
3276 -0.001303267727636646 -0.0010051520335543 0
3277 -0.001269148878415415 -0.0009830347753096871 0
3278 -0.001308555191892441 -0.0009666761227293035 0
3279 -0.001274447946517455 -0.0009355056418852231 0
3280 -0.001235892308298184 -0.0009617180276499967 0
3281 -0.001233152350381346 -0.001001786286682554 0
3282 -0.001249682978836856 -0.001057806528280425 0
3283 -0.00123769071464041 -0.0009294789056682547 0
3284 -0.001313114170288228 -0.0009357788685352029 0
3285 -0.001129700984346917 -0.001063822698873095 0
3286 -0.0009957374089391237 -0.0011032152041294 0
3287 -0.001040719512571814 -0.000992324249761334 0
3288 -0.001090706139392497 -0.001124986042261089 0
3289 -0.0009863783738162765 -0.001048657097765011 0
3290 -0.001114578068634106 -0.001007333872754619 0
3291 -0.001036989779225144 -0.001143216040331341 0
3292 -0.0009866109454761544 -0.001016577734389829 0
3293 -0.001021210683285714 -0.001030168608477978 0
3294 -0.001017744297979777 -0.001071358297474372 0
3295 -0.001053194437076109 -0.001057771179236351 0
3296 -0.001044681410154334 -0.001107830062295465 0
3297 -0.001088150212532586 -0.001082503047032266 0
3298 -0.001122338118312523 -0.001102570410813149 0
3299 -0.001093278848308318 -0.001039292106801039 0
3300 -0.001077812687687411 -0.001004286642083591 0
3301 -0.000974633002992009 -0.001078753717712882 0
3302 -0.001066448589961898 -0.001147596542152941 0
3303 -0.001011366814221384 -0.001131833867602304 0
3304 -0.001132370798058386 -0.001031426944702973 0
3305 -0.001007602842733287 -0.0009942357745500352 0
3306 -0.001098560566455 -0.0009851640615032788 0
3307 -0.001068867624757092 -0.0009764650788550194 0
3308 -0.001055692448511005 -0.001024981386176304 0
3309 -0.0009478029914046297 -0.0009222754417140573 0
3310 -0.0008138517328910869 -0.0008828379695520605 0
3311 -0.0008588473913414777 -0.0009937494230277111 0
3312 -0.000908828412921487 -0.0008610870718259854 0
3313 -0.0008044900802805022 -0.0009373992411572139 0
3314 -0.0009326931890259419 -0.0009787516208974003 0
3315 -0.0008551144071570467 -0.0008428377113458786 0
3316 -0.0008047225918161329 -0.0009694828110455081 0
3317 -0.000839325808232854 -0.0009558944979118009 0
3318 -0.0008358586083947029 -0.0009146976957233132 0
3319 -0.0008713073088879601 -0.0009283011901353924 0
3320 -0.0008627974112021727 -0.0008782318035113305 0
3321 -0.0009062576428129226 -0.0009035774730291111 0
3322 -0.0009404558507187305 -0.000883523637476252 0
3323 -0.0009113920963913699 -0.0009467977354141606 0
3324 -0.0008959401781516783 -0.0009817944076556419 0
3325 -0.0007927411837878113 -0.0009072995845950772 0
3326 -0.0008845775412933364 -0.0008384648485918776 0
3327 -0.0009504693322776654 -0.0009546735612877004 0
3328 -0.0008294853646676297 -0.000854217422300661 0
3329 -0.0008257211264205269 -0.0009918263526074976 0
3330 -0.0009167068827837354 -0.001000904964814662 0
3331 -0.0008870017085105443 -0.00100961245170656 0
3332 -0.0008738144604486954 -0.0009610975998263052 0
3333 -0.0009777273668679736 -0.0006949654343292225 0
3334 -0.0008437780054179073 -0.000655525360483232 0
3335 -0.0008887738369150807 -0.0007664388742320304 0
3336 -0.0009387537437404608 -0.000633776358069451 0
3337 -0.0008344163528603611 -0.000710086632024326 0
3338 -0.0009626192130102744 -0.0007514413779829456 0
3339 -0.0008850408316227078 -0.0006155251657935158 0
3340 -0.000834648864397216 -0.0007421702018274183 0
3341 -0.0008692513998018011 -0.0007285826876354319 0
3342 -0.000865784742551191 -0.0006873850628556815 0
3343 -0.0009012318520000428 -0.0007009911040186629 0
3344 -0.0008927226482097801 -0.0006509203896267362 0
3345 -0.0009361809551188748 -0.0006762685493980706 0
3346 -0.0009703812895832809 -0.0006562157834117599 0
3347 -0.0009413177051993413 -0.0007194882875485766 0
3348 -0.0009258666963016498 -0.0007544848869602042 0
3349 -0.0008226674564390871 -0.0006799869755236842 0
3350 -0.0009145037208159896 -0.0006111524046159282 0
3351 -0.0009803950424553665 -0.0007273625794790048 0
3352 -0.0008594115109177361 -0.0006269049931112079 0
3353 -0.0008556473718034097 -0.0007645138925079875 0
3354 -0.000946634728049468 -0.0007735954402219246 0
3355 -0.0009169283489325779 -0.0007823028331698034 0
3356 -0.0009037404343430341 -0.0007337879080456783 0
3357 -0.001193981453303245 -0.0006082271725882843 0
3358 -0.001055599636508372 -0.0005677859681987491 0
3359 -0.001099143970566759 -0.0006803649047788 0
3360 -0.001150755191534795 -0.0005463210561335937 0
3361 -0.0010462379791341 -0.0006223472405968466 0
3362 -0.001153739269669478 -0.0006735439883204605 0
3363 -0.001096861678325253 -0.0005277854480509265 0
3364 -0.00104647049169095 -0.0006544308070867941 0
3365 -0.001082029339356492 -0.0006429908271930618 0
3366 -0.001077607062376725 -0.0005996457918706059 0
3367 -0.001115039971050832 -0.0006149739200643288 0
3368 -0.001104818084210059 -0.0005634291036094089 0
3369 -0.001149180233619324 -0.0005894073787290101 0
3370 -0.001152829777174774 -0.0006307630799305191 0
3371 -0.001181718759653932 -0.000570930157268448 0
3372 -0.001121831254628011 -0.0006547503573582044 0
3373 -0.001186685361715203 -0.0006437445970154495 0
3374 -0.001034489086512402 -0.0005922475825002543 0
3375 -0.001127505055023891 -0.000692785429924179 0
3376 -0.0011263489282475 -0.0005234407028567051 0
3377 -0.001071272145105189 -0.0005392009978745541 0
3378 -0.001067359387979364 -0.000676615493886843 0
3379 -0.0005954045032497988 -0.001294872793591142 0
3380 -0.0004602982618858145 -0.00122417179301042 0
3381 -0.0004808214342445522 -0.001328337403756077 0
3382 -0.0005593113159824652 -0.00120126304767946 0
3383 -0.0005974555093050891 -0.001236954878323219 0
3384 -0.0005593340793213496 -0.00133475991657721 0
3385 -0.0005029461066970022 -0.001193663364165705 0
3386 -0.0004526830197251799 -0.00128214735267974 0
3387 -0.0004454645544922697 -0.001251068792320545 0
3388 -0.0006046245163668013 -0.00126500476810112 0
3389 -0.0005320137600218588 -0.001189235804414655 0
3390 -0.0005896411308706304 -0.001325821393682768 0
3391 -0.0004523792084446634 -0.001314573928871849 0
3392 -0.0004739605112110522 -0.001198315005341411 0
3393 -0.0005896669064506524 -0.00121019470269151 0
3394 -0.0005341715842190447 -0.00135398252626956 0
3395 -0.0005211158472308487 -0.001319041170756615 0
3396 -0.0005577912859654181 -0.001298146357384044 0
3397 -0.0005237293967653818 -0.001275981514147796 0
3398 -0.0005631229491455474 -0.001259695522885046 0
3399 -0.0005289785763798368 -0.001228434697857397 0
3400 -0.0004904916263978993 -0.00125456728085952 0
3401 -0.0004876806407625956 -0.001294691497352974 0
3402 -0.0005041833879258304 -0.00135072461506442 0
3403 -0.0004921706125372004 -0.00122235664716427 0
3404 -0.0005676159527983726 -0.001228552575532235 0
3405 -0.0008078233699788379 -0.001181262549967159 0
3406 -0.0006738566152725096 -0.001220650707724295 0
3407 -0.0007188384375318681 -0.00110976319474546 0
3408 -0.0007688269278142053 -0.00124242471249456 0
3409 -0.0006644975897793851 -0.001166092599305869 0
3410 -0.000792697699121616 -0.001124773329044948 0
3411 -0.0007151087364301563 -0.001260651646379362 0
3412 -0.000664730161718789 -0.001134013235777304 0
3413 -0.0006993310361245071 -0.00114760544610362 0
3414 -0.0006958637470015958 -0.001188793764119466 0
3415 -0.0007313165437629522 -0.001175210898075893 0
3416 -0.0007228023533904225 -0.001225267561987061 0
3417 -0.0007662743745865592 -0.001199944708315742 0
3418 -0.000800458723656471 -0.001220013862744855 0
3419 -0.0007713991716919801 -0.001156732892712321 0
3420 -0.0007559314921399692 -0.001121727306424966 0
3421 -0.0006527522180560551 -0.001196189216603897 0
3422 -0.0007445679561820718 -0.001265032319531114 0
3423 -0.000689486233852671 -0.001249269667727815 0
3424 -0.0008104909535095234 -0.001148865167344883 0
3425 -0.0006857221040053403 -0.001111671525085264 0
3426 -0.0007766771551405767 -0.001102604722326821 0
3427 -0.0007469862271560514 -0.001093905576622894 0
3428 -0.0007338121614653471 -0.00114242176528173 0
3429 -0.0007773222893831702 -0.00138071657906538 0
3430 -0.0006421720335626523 -0.001451354840939424 0
3431 -0.0006627027329394527 -0.001347215615176169 0
3432 -0.0007411854947430963 -0.001474305510639415 0
3433 -0.0007793208065586592 -0.001438661977333305 0
3434 -0.0007411854976354091 -0.001340819324732837 0
3435 -0.000684793080044619 -0.001481882475028771 0
3436 -0.0006345713171994849 -0.001393405208400555 0
3437 -0.0006273361764259315 -0.001424467556859457 0
3438 -0.0007864931831587902 -0.001410621117362732 0
3439 -0.0007715406252736211 -0.001349740139724454 0
3440 -0.0007138362143484395 -0.001486325666533929 0
3441 -0.0006342672364033551 -0.001360982696477571 0
3442 -0.0006558425650983646 -0.001477230987363225 0
3443 -0.0007715406229246097 -0.00146538469694707 0
3444 -0.0007160407526194133 -0.001321570729813204 0
3445 -0.0007029651114316703 -0.001356525029804152 0
3446 -0.0007396391859604971 -0.001377484988672227 0
3447 -0.0007055197891226108 -0.00139959947021467 0
3448 -0.0007449257998537407 -0.00141596083070019 0
3449 -0.0007108190166373975 -0.001447129311891767 0
3450 -0.0006722594769313246 -0.001420911909964958 0
3451 -0.0006695244760335946 -0.001380848407584522 0
3452 -0.0006860543737761506 -0.001324830678946282 0
3453 -0.0006740640104212995 -0.001453154274164403 0
3454 -0.0007494854493222334 -0.001446858411887356 0
3455 -0.0005660588520299506 -0.001496291775551578 0
3456 -0.0004321087217249197 -0.001535702707028011 0
3457 -0.0004770920689045298 -0.001424797140103272 0
3458 -0.0005270707651665462 -0.001557460120537546 0
3459 -0.0004227496866020724 -0.001481144600663623 0
3460 -0.0005509476386602436 -0.001439804606833916 0
3461 -0.0004733621622683758 -0.001575703095724167 0
3462 -0.0004229822582619503 -0.00144906523728844 0
3463 -0.0004575771741349491 -0.001462650444800639 0
3464 -0.0004541146305909744 -0.001503845968514606 0
3465 -0.0004895534961822828 -0.001490240792494916 0
3466 -0.0004810453795893676 -0.001540309094615767 0
3467 -0.000524500542647184 -0.001514964429956881 0
3468 -0.0005587035219660821 -0.001535024228641872 0
3469 -0.0005296454706945904 -0.001471757199635763 0
3470 -0.0005141857593189713 -0.001436752242871928 0
3471 -0.0004110043157778048 -0.001511241220611493 0
3472 -0.0005028192280233564 -0.001580082881853601 0
3473 -0.0005687381351917931 -0.001463902926580919 0
3474 -0.0004477372308509906 -0.001564320096488902 0
3475 -0.000443973969222246 -0.001426722221683724 0
3476 -0.0005349430507279112 -0.001417629680636354 0
3477 -0.0005052415609304964 -0.001408931379267868 0
3478 -0.0004920616585514358 -0.001457448196436755 0
3479 -0.0003886048632119849 -0.00135576666973721 0
3480 -0.0002502230456768828 -0.001315325472450672 0
3481 -0.0002937673877543883 -0.00142790441101483 0
3482 -0.0003453799021556133 -0.001293860123409184 0
3483 -0.0002408613930662982 -0.001369886744055825 0
3484 -0.0003483641347039434 -0.001421083496031971 0
3485 -0.0002914849688204554 -0.001275324901839694 0
3486 -0.0002410939046019289 -0.001401970313944119 0
3487 -0.0002766537363611154 -0.001390530289095043 0
3488 -0.000272230588938157 -0.001347185313196146 0
3489 -0.0003096657645303875 -0.001362512369253177 0
3490 -0.0002994424863920569 -0.001310967938708405 0
3491 -0.0003438067798196617 -0.001336945852918574 0
3492 -0.0003474604805044215 -0.001378303818692501 0
3493 -0.0003763463150595255 -0.001318471125860531 0
3494 -0.0003164573634155263 -0.001402290088363147 0
3495 -0.0003813141287385096 -0.00139128220401804 0
3496 -0.0002291124965736072 -0.001339787087493689 0
3497 -0.0003221286893831413 -0.001440324944865323 0
3498 -0.0003209724477760311 -0.001270980145564742 0
3499 -0.0002658956790650972 -0.001286740399469796 0
3500 -0.0002619828751703884 -0.001424154998010156 0
3501 -0.0004185311360571835 -0.001128454063348107 0
3502 -0.0002801493182037029 -0.001088012863381843 0
3503 -0.000323693658964815 -0.001200591801902415 0
3504 -0.0003753075388761028 -0.001066547059929231 0
3505 -0.0002707876656461566 -0.001142574134922937 0
3506 -0.0003782919218252261 -0.001193770895100241 0
3507 -0.0003214111172071871 -0.001048012240854331 0
3508 -0.0002710201771830115 -0.001174657704726029 0
3509 -0.0003065810364327267 -0.001163217634612543 0
3510 -0.0003021569754939062 -0.001119872723635316 0
3511 -0.0003395945256517854 -0.001135198653638519 0
3512 -0.000329369796578904 -0.001083654629155036 0
3513 -0.000373736333880704 -0.001109632166031794 0
3514 -0.000377394388352229 -0.001150992502168346 0
3515 -0.0004062769308405215 -0.001091160057438379 0
3516 -0.0003463864555028772 -0.00117497771688458 0
3517 -0.000411246006241865 -0.001163967617648417 0
3518 -0.0002590387692248827 -0.001112474478422295 0
3519 -0.0003520551855965721 -0.001213012349383331 0
3520 -0.000350898840907692 -0.001043667474557077 0
3521 -0.0002958220820438192 -0.001059427682980089 0
3522 -0.0002919092218882641 -0.001196842385714465 0
3523 -0.0006303527660890412 -0.001040714675486895 0
3524 -0.0004919709492941677 -0.00100027347109736 0
3525 -0.0005355152833525549 -0.001112852407677411 0
3526 -0.0005871283351060276 -0.0009788079465805877 0
3527 -0.000482609291919896 -0.001054834743495458 0
3528 -0.0005901126204464139 -0.001106031500577841 0
3529 -0.0005332328230171627 -0.0009602728807065399 0
3530 -0.0004828418044767459 -0.001086918309985405 0
3531 -0.0005184020335493615 -0.001075478268977747 0
3532 -0.0005139785284073156 -0.001032133321063055 0
3533 -0.0005514146285579307 -0.001047459935879991 0
3534 -0.0005411907907816927 -0.0009959156646747701 0
3535 -0.0005855559560759137 -0.001021893432214002 0
3536 -0.0005892113512399224 -0.001063252320272445 0
3537 -0.0006180959079927261 -0.001003419727854618 0
3538 -0.0005582063576422684 -0.001087238179040759 0
3539 -0.0006230642081140338 -0.00107622943953824 0
3540 -0.0004708603992981974 -0.001024735085398865 0
3541 -0.0005638766712363636 -0.001125272949906438 0
3542 -0.0005627204001585238 -0.0009559281211797298 0
3543 -0.0005076436329898352 -0.000971688356190844 0
3544 -0.0005037308014508065 -0.001109102992331086 0
3545 0.000108956009628681 -0.001387603614313533 0
3546 0.0002440622509926653 -0.001316902613732811 0
3547 0.0002235390786339276 -0.001421068224478468 0
3548 0.0001450491968960146 -0.001293993868401851 0
3549 0.0001069050035733908 -0.00132968569904561 0
3550 0.0001450264335571302 -0.001427490737299601 0
3551 0.0002014144061814776 -0.001286394184888096 0
3552 0.0002516774931532999 -0.001374878173402131 0
3553 0.0002588959583862102 -0.001343799613042936 0
3554 9.973599651167859e-05 -0.001357735588823512 0
3555 0.000172346752856621 -0.001281966625137047 0
3556 0.0001147193820078494 -0.001418552214405159 0
3557 0.0002519813044338164 -0.00140730474959424 0
3558 0.0002304000016674277 -0.001291045826063802 0
3559 0.0001146936064278275 -0.001302925523413901 0
3560 0.000170188928659435 -0.001446713346991951 0
3561 0.0001832446656476312 -0.001411771991479006 0
3562 0.0001465692269130618 -0.001390877178106435 0
3563 0.0001806311161130981 -0.001368712334870188 0
3564 0.0001412375637329325 -0.001352426343607437 0
3565 0.0001753819364986431 -0.001321165518579788 0
3566 0.0002138688864805807 -0.001347298101581912 0
3567 0.0002166798721158842 -0.001387422318075365 0
3568 0.0002001771249526494 -0.001443455435786811 0
3569 0.0002121899003412793 -0.001315087467886661 0
3570 0.0001367445600801073 -0.001321283396254626 0
3571 -0.0001034454565124731 -0.001273969522935307 0
3572 3.050389760597014e-05 -0.001313381528446686 0
3573 -1.447953431861569e-05 -0.00120247510369598 0
3574 -6.445776058821414e-05 -0.001335138158425644 0
3575 3.986292309909457e-05 -0.00125882342002826 0
3576 -8.833493052076137e-05 -0.001217482447741372 0
3577 -1.07496082751973e-05 -0.001353381888067287 0
3578 3.963035115969085e-05 -0.001226744056499696 0
3579 5.035716904288289e-06 -0.001240328932981448 0
3580 8.498034574469493e-06 -0.001281524802477208 0
3581 -2.694017218532556e-05 -0.001267918565583942 0
3582 -1.843233693781692e-05 -0.001317987419572585 0
3583 -6.18867063584156e-05 -0.001292641723396651 0
3584 -9.60905630738692e-05 -0.001312701087165489 0
3585 -6.703258872600527e-05 -0.001249434709853558 0
3586 -5.157325582524508e-05 -0.001214429781126667 0
3587 5.160829482242468e-05 -0.001288920037326288 0
3588 -0.0001061252953514926 -0.001241581077395002 0
3589 -4.020657006337364e-05 -0.001357761634788978 0
3590 1.487543886160948e-05 -0.001341998839568587 0
3591 1.863864994379174e-05 -0.001204400979417795 0
3592 -7.233110043821769e-05 -0.001195307221011006 0
3593 -4.262910950051239e-05 -0.001186608957021748 0
3594 -2.944892775211039e-05 -0.001235125805009634 0
3595 -7.296177650469048e-05 -0.001473447399787771 0
3596 6.218801190423511e-05 -0.001544096963902525 0
3597 4.165777993902714e-05 -0.00143994643589856 0
3598 -3.682498186461635e-05 -0.001567036331361806 0
3599 -7.496113827332252e-05 -0.001531392199204127 0
3600 -3.682498475692931e-05 -0.001433550145455228 0
3601 1.956834776809764e-05 -0.001574623135765061 0
3602 6.978919567899489e-05 -0.001486136029122946 0
3603 7.7021027530071e-05 -0.001517205786866004 0
3604 -8.213388988846956e-05 -0.001503351226198834 0
3605 7.009327647512465e-05 -0.001453713517199962 0
3606 -9.478398677266811e-06 -0.001579064813136605 0
3607 4.851794778011543e-05 -0.001569961808085616 0
3608 -6.718011239514137e-05 -0.001442470960446845 0
3609 -6.718011004612974e-05 -0.001558115517669462 0
3610 -1.168023974093354e-05 -0.001414301550535595 0
3611 1.399499643660196e-06 -0.001449262422185277 0
3612 -3.527788018673621e-05 -0.001470217512749704 0
3613 -1.161474997394095e-06 -0.00149234722635986 0
3614 -4.05691490969438e-05 -0.001508693735227338 0
3615 -6.459811475014934e-06 -0.001539873178368716 0
3616 3.207834090140655e-05 -0.001513683293435737 0
3617 3.484049427866532e-05 -0.001473593697372458 0
3618 1.830655728568127e-05 -0.001417562170246095 0
3619 3.030742742694764e-05 -0.001545907862876993 0
3620 -4.512511206448176e-05 -0.001539589521225329 0
3621 0.0001388598528976561 -0.001614878466470992 0
3622 0.0002740102745700419 -0.001544244321724801 0
3623 0.0002534794109148557 -0.001648379431580805 0
3624 0.0001749966470881043 -0.001521289536481299 0
3625 0.0001368616436937116 -0.001556932850741994 0
3626 0.0001749966433150765 -0.001654775721575816 0
3627 0.0002313887228317372 -0.001513716154703081 0
3628 0.0002816108262698048 -0.001602189838470439 0
3629 0.0002888471700592911 -0.001571130188630565 0
3630 0.0001296894041070644 -0.001584973668655013 0
3631 0.0001446415162645781 -0.001645854905625423 0
3632 0.0002023469070239754 -0.001509272411835692 0
3633 0.0002819149072186396 -0.001634612350074136 0
3634 0.0002603395702025209 -0.001518364058278668 0
3635 0.0001446415188291166 -0.001530210350176568 0
3636 0.000200141388462179 -0.001674024317017257 0
3637 0.0002132155393523667 -0.001639072409120635 0
3638 0.0001765426675226504 -0.001618110677775381 0
3639 0.0002106631553725729 -0.001596001742339285 0
3640 0.0001712577496687705 -0.00157963497333669 0
3641 0.0002053635993630773 -0.001548470486133477 0
3642 0.0002439309309594457 -0.001574697910052275 0
3643 0.0002466560463918879 -0.001614751906909181 0
3644 0.0002301276163107096 -0.001670764611770247 0
3645 0.0002421141438927137 -0.001542449067592242 0
3646 0.0001666967562812595 -0.001548736739714482 0
3647 0.0003350680418607501 -0.00149863690611857 0
3648 0.0004541374672015969 -0.001408056293173063 0
3649 0.0004392388891278667 -0.001510295320351786 0
3650 0.0003568708294809628 -0.001381733258693649 0
3651 0.0003207482107711197 -0.001421647383751717 0
3652 0.0003832174222187359 -0.001522861120770598 0
3653 0.0004144955679358742 -0.001373637543474996 0
3654 0.0004665022298172438 -0.001465061196429876 0
3655 0.0004684852092427901 -0.00143468962151484 0
3656 0.0004638029322402349 -0.001495044144168207 0
3657 0.0004139679336681213 -0.001524939608272174 0
3658 0.0003856251926355112 -0.001369300580417448 0
3659 0.0003043833798282648 -0.001448503248180815 0
3660 0.0003402578092529376 -0.001457812262809355 0
3661 0.0003571697169616427 -0.001419315554284953 0
3662 0.0003827174260458917 -0.001450736827625366 0
3663 0.000393762399542397 -0.001408406722715727 0
3664 0.000427720720543848 -0.001442491805311647 0
3665 0.000407660280575099 -0.001484779877100092 0
3666 0.000367783330613036 -0.001488963294742767 0
3667 0.0003105776503609148 -0.001477778409078419 0
3668 0.0003279438617868895 -0.001392030733495856 0
3669 0.00044222163347216 -0.001378785218754108 0
3670 0.0003515847728575559 -0.001525531328236492 0
3671 0.0004388829222984967 -0.001478910820502286 0
3672 0.0004250650772147665 -0.001402830325784099 0
3673 0.0002908513657258296 -0.001248030395717875 0
3674 0.0004259572356299028 -0.001177320460384303 0
3675 0.000405434429785765 -0.001281495008056448 0
3676 0.0003269445538708761 -0.001154420650873181 0
3677 0.0002887996966418757 -0.001190112952637916 0
3678 0.0003269217875960964 -0.001287917519664225 0
3679 0.0003833104703896521 -0.001146813188813643 0
3680 0.000433572847232323 -0.001235304955645328 0
3681 0.0004407887005440455 -0.001204220531096893 0
3682 0.0002816303936059559 -0.00121816292925117 0
3683 0.0003542399602018011 -0.001142386817406227 0
3684 0.0004338766596658279 -0.00126773153495294 0
3685 0.0004122953610185181 -0.00115147260975417 0
3686 0.0002966147372137584 -0.001278978995324763 0
3687 0.0002965889639829878 -0.001163352306008895 0
3688 0.0003520842812814132 -0.001307140130022115 0
3689 0.0003651432621529984 -0.001272193562641199 0
3690 0.0003284652134842222 -0.001251302608071784 0
3691 0.000362524732821098 -0.001229125694166364 0
3692 0.0003231298714536171 -0.001212851463824402 0
3693 0.0003572762530439843 -0.001181581979979699 0
3694 0.0003957463105515577 -0.001207692765501931 0
3695 0.000398578761264343 -0.00124783762878983 0
3696 0.000382072807997238 -0.001303881688315623 0
3697 0.0003940938723370387 -0.001175496273009718 0
3698 0.00031863966557686 -0.00118170966127847 0
3699 7.400774678943855e-05 -0.001133445496209287 0
3700 0.0002123895635843119 -0.001093004291819752 0
3701 0.0001688452295259249 -0.001205583228399803 0
3702 0.0001172320198552557 -0.001071538714469134 0
3703 0.0002217512209585839 -0.001147565564217849 0
3704 0.0001142477166309833 -0.0011987623221055 0
3705 0.000171127704356966 -0.001053003695371111 0
3706 0.0002215187084017339 -0.001179649130707796 0
3707 0.000185958360168511 -0.001168209084431864 0
3708 0.0001903819712511077 -0.001124864144053752 0
3709 0.0001529455958187707 -0.001140190628328901 0
3710 0.0001631696018745181 -0.001088646404152216 0
3711 0.0001188041764392117 -0.001114624127898602 0
3712 0.0001151482764977246 -0.001155983290831449 0
3713 8.626410153909897e-05 -0.001096150726925765 0
3714 0.0001461538282873898 -0.001179969027263808 0
3715 8.129565488696408e-05 -0.001168960030766717 0
3716 0.0002335001135802824 -0.001117465906121257 0
3717 0.0001404838154681313 -0.001218003772102482 0
3718 0.0001416400989942261 -0.001048658934606379 0
3719 0.0001967168647848416 -0.001064419164441412 0
3720 0.0002006297027424978 -0.001201833812669493 0
3721 0.0007796237347394259 -0.001038738247941163 0
3722 0.0008999363977078071 -0.001132064803880905 0
3723 0.0008013859414937258 -0.001155617727319733 0
3724 0.0008844148485371678 -0.001027474853069396 0
3725 0.0007653155175652765 -0.001115730604333664 0
3726 0.0008277553003848588 -0.001014445302780693 0
3727 0.0008583577446736958 -0.001163898382757177 0
3728 0.0009080369967726878 -0.001074688858832863 0
3729 0.0009174356047570583 -0.001105230968508094 0
3730 0.0008294209934154532 -0.001168491792592574 0
3731 0.0007546676637372494 -0.001057980310667918 0
3732 0.000784852646257657 -0.001079521613269016 0
3733 0.0008144935518245237 -0.001049644503072814 0
3734 0.000827089059925387 -0.001088118762686484 0
3735 0.0008525106587964909 -0.001051746681525547 0
3736 0.0008707760163305592 -0.001097063643725783 0
3737 0.0008375739673844275 -0.001130112406418992 0
3738 0.0007992912940634994 -0.001118605061470494 0
3739 0.0009083408090333938 -0.001042262278901745 0
3740 0.0008587340907528459 -0.00101162975299438 0
3741 0.0007499558568308253 -0.001087521896417431 0
3742 0.0007711842227141578 -0.001146676490028198 0
3743 0.0008867595185120552 -0.001158521203862798 0
3744 0.0007969878130224967 -0.001013608908550997 0
3745 0.000869108751635817 -0.001134382259532857 0
3746 0.0008837025563415031 -0.001058246150522197 0
3747 0.0005529005402550383 -0.001002115029411063 0
3748 0.0006868634055425655 -0.001041508518466817 0
3749 0.000641881223143172 -0.0009306167779456671 0
3750 0.0005918950275023321 -0.00106327863868561 0
3751 0.0006962224310356902 -0.0009869504100483914 0
3752 0.0005680228262179382 -0.0009456262890313747 0
3753 0.0006456109753741554 -0.001081509327853704 0
3754 0.0006959898590962865 -0.0009548710465198272 0
3755 0.0006613903790256944 -0.000968461617329635 0
3756 0.0006648565575997689 -0.001009651623543353 0
3757 0.00062940702188207 -0.0009960635328926119 0
3758 0.000637919791487241 -0.001046122921521287 0
3759 0.0005944517156424307 -0.001020794961103611 0
3760 0.0005602630067649352 -0.001040861927168037 0
3761 0.0005893222056640811 -0.0009775842197723233 0
3762 0.0006047880194676975 -0.0009425787806796981 0
3763 0.0007079678027590203 -0.00101704702734642 0
3764 0.0006161522598409004 -0.001085889793693672 0
3765 0.000671234046255522 -0.001070127109830841 0
3766 0.0005502302174024051 -0.000969719644939959 0
3767 0.0006749979706516286 -0.0009325290303790763 0
3768 0.0005840396338394952 -0.0009234562022463076 0
3769 0.0006137330346938058 -0.0009147572536350259 0
3770 0.0006269084668489867 -0.0009632735890156273 0
3771 0.0005833977314319053 -0.001201574389807903 0
3772 0.0007185479872524232 -0.001272212651681947 0
3773 0.0006980172878756229 -0.001168073425918692 0
3774 0.0006195345260719792 -0.001295163321381938 0
3775 0.0005813992142564163 -0.001259519788075827 0
3776 0.0006195345231796664 -0.001161677135475359 0
3777 0.0006759269407704565 -0.001302740285771294 0
3778 0.0007261487036155906 -0.001214263019143077 0
3779 0.000733383844389144 -0.001245325367601979 0
3780 0.0005742268376562853 -0.001231478928105254 0
3781 0.0005891793955414544 -0.001170597950466976 0
3782 0.000646883806466636 -0.001307183477276452 0
3783 0.0007264527844117204 -0.001181840507220093 0
3784 0.0007048774557167109 -0.001298088798105747 0
3785 0.0005891793978904658 -0.001286242507689593 0
3786 0.0006446792681956622 -0.001142428540555727 0
3787 0.0006577549093834053 -0.001177382840546675 0
3788 0.0006210808348545785 -0.001198342799414749 0
3789 0.0006552002316924647 -0.001220457280957192 0
3790 0.0006157942209613349 -0.001236818641442712 0
3791 0.000649901004177678 -0.00126798712263429 0
3792 0.0006884605438837509 -0.001241769720707481 0
3793 0.0006911955447814809 -0.001201706218327045 0
3794 0.0006746656470389249 -0.001145688489688805 0
3795 0.000686656010393776 -0.001274012084906925 0
3796 0.0006112345714928421 -0.001267716222629878 0
3797 0.0007946524742285959 -0.001317161501369728 0
3798 0.0009286112990901557 -0.001356560517770533 0
3799 0.000883628755805864 -0.001245664400093633 0
3800 0.0008336449314016504 -0.001378326611886111 0
3801 0.000937970334213003 -0.001302002411406145 0
3802 0.0008097712554147206 -0.001260673261585918 0
3803 0.0008873585510486933 -0.0013965611959806 0
3804 0.0009377377625531251 -0.001269923048030962 0
3805 0.0009031397280989406 -0.001283511919765137 0
3806 0.0009066047565342257 -0.001324703670552369 0
3807 0.0008711586005804732 -0.001311110171422696 0
3808 0.0008796698923391705 -0.001361172382482014 0
3809 0.0008362059089620882 -0.001335839130436249 0
3810 0.0008020126777220178 -0.001355903821301131 0
3811 0.0008310715167725132 -0.001292629501735637 0
3812 0.0008465353986197262 -0.001257624216662348 0
3813 0.0009497157050372707 -0.001332099031354016 0
3814 0.0008579003564822947 -0.001400941444743337 0
3815 0.0009129822104805786 -0.0013851787310368 0
3816 0.0007919793146943599 -0.001284768187411933 0
3817 0.0009167459310864848 -0.001247580715135004 0
3818 0.0008257841942757958 -0.001238501642802815 0
3819 0.0008554801563079953 -0.001229802900878224 0
3820 0.0008686570019547995 -0.001278319387830288 0
3821 0.0009721151576030907 -0.001176624480479732 0
3822 0.001110496975138192 -0.001136183283193194 0
3823 0.001066952633060687 -0.001248762221757353 0
3824 0.001015344195996756 -0.001114719297887488 0
3825 0.001119858627748777 -0.001190744554798348 0
3826 0.001012360424440939 -0.001241941285846299 0
3827 0.001069234677480816 -0.001096182869067287 0
3828 0.001119626116213146 -0.001222828124686642 0
3829 0.001084069360756775 -0.001211388236081644 0
3830 0.001088489773095303 -0.001168043065392233 0
3831 0.001051061705401131 -0.001183373491750294 0
3832 0.001061280638556412 -0.001131827846760823 0
3833 0.00101692306174107 -0.001157806890940606 0
3834 0.001013282391521899 -0.001199157758723086 0
3835 0.0009843867024394983 -0.001139324331542239 0
3836 0.001044271097880981 -0.001223147189291321 0
3837 0.0009794226678389736 -0.001212145938856547 0
3838 0.001131607524241468 -0.001160644898236211 0
3839 0.001038592007130145 -0.00126118271756419 0
3840 0.00103974792742039 -0.001091838144641852 0
3841 0.001094824731695634 -0.001107598532183028 0
3842 0.001098737369865009 -0.001245012818683005 0
3843 0.0009421888847578923 -0.0009493118740906294 0
3844 0.001080570702611372 -0.0009088706741243659 0
3845 0.00103702636185026 -0.001021449612644937 0
3846 0.0009854121911247928 -0.0008874047733652249 0
3847 0.001089932355168918 -0.0009634319456654598 0
3848 0.000982427775223077 -0.001014628707322413 0
3849 0.001039308930296616 -0.0008688700404428343 0
3850 0.001089699843632063 -0.0009955155154685522 0
3851 0.001054138764932142 -0.0009840754356585427 0
3852 0.00105856302097281 -0.0009407305385555431 0
3853 0.001021124963873448 -0.0009560562281528535 0
3854 0.001031350002840948 -0.0009045122902706097 0
3855 0.0009869829864712573 -0.0009304897464823753 0
3856 0.000983324002358037 -0.0009718505887956915 0
3857 0.0009544421630439726 -0.0009120181966163884 0
3858 0.001014332963187983 -0.0009958355782770227 0
3859 0.0009494728176940236 -0.0009848250057319762 0
3860 0.001101681251590192 -0.0009333322891648182 0
3861 0.001008664787015099 -0.001033870162839804 0
3862 0.00100982115463038 -0.0008645252718631409 0
3863 0.001064897910956042 -0.0008802854707539024 0
3864 0.001068810782931898 -0.001017700195750244 0
3865 0.0007353892453706056 -0.0008884179977480407 0
3866 0.0008704951099055122 -0.0008177079914274135 0
3867 0.0008499723148995217 -0.0009218826052801091 0
3868 0.0007714824299628659 -0.0007948082498666848 0
3869 0.000733337568924318 -0.0008305005573360285 0
3870 0.0007714596703541113 -0.0009283051194740248 0
3871 0.0008278483519885111 -0.0007872007288675013 0
3872 0.0008781107288951794 -0.0008756925542379806 0
3873 0.0008853265590105184 -0.0008446080852528666 0
3874 0.000726168264517058 -0.0008585505356759107 0
3875 0.0007987778202442493 -0.000782774366842145 0
3876 0.0008784145401958221 -0.0009081191301259636 0
3877 0.0008568332376272526 -0.0007918602072666406 0
3878 0.0007411526188402359 -0.0009193665973885998 0
3879 0.0007411268406970858 -0.000803739906298602 0
3880 0.0007966221657769503 -0.0009475277282981699 0
3881 0.000809681168378119 -0.0009125811220302123 0
3882 0.0007730030983771255 -0.0008916901975828854 0
3883 0.0008070625990041473 -0.000869513193003611 0
3884 0.0007676677271520633 -0.0008532390515415872 0
3885 0.0008018141225381235 -0.0008219695018384907 0
3886 0.000840284054606431 -0.0008480801241150941 0
3887 0.0008431166681358455 -0.0008882251411336745 0
3888 0.0008266106950096115 -0.0009442692808035523 0
3889 0.0008386318133157884 -0.0008158837370086075 0
3890 0.0007631775411159673 -0.0008220972571973899 0
3891 0.001197803020463888 -0.0005521019171194602 0
3892 0.00133290936087185 -0.0004814032811510728 0
3893 0.001312386089469134 -0.0005855665272843952 0
3894 0.001233896207731222 -0.0004584921712077789 0
3895 0.001195752190333173 -0.000494183877015092 0
3896 0.001233873444392337 -0.0005919890401055285 0
3897 0.001290261229829224 -0.0004508945458755158 0
3898 0.001340524503988507 -0.000539376476208058 0
3899 0.001347743661430169 -0.0005082994675315532 0
3900 0.001188583261524511 -0.0005222337436507408 0
3901 0.001203566392843056 -0.0005830505172110865 0
3902 0.001261194332060067 -0.0004464666712955607 0
3903 0.001340828315269023 -0.0005718030524001671 0
3904 0.001203540617263034 -0.0004674238262198281 0
3905 0.001319247012502635 -0.0004555441288697291 0
3906 0.001259035939494642 -0.0006112116497978781 0
3907 0.001272090819291415 -0.0005762716726361449 0
3908 0.001235416070998741 -0.0005553758385696573 0
3909 0.001269478588161457 -0.000533214188066295 0
3910 0.001230085381589529 -0.000516925085674939 0
3911 0.001264229222866735 -0.0004856665519979922 0
3912 0.001302720643733072 -0.0005118049015543352 0
3913 0.00130552594966346 -0.0005519236551012831 0
3914 0.001289024048319343 -0.0006079538792408208 0
3915 0.001301034631805412 -0.0004795905281122746 0
3916 0.001225591637589545 -0.0004857818358602637 0
3917 0.0009859589603989725 -0.0004106330960803807 0
3918 0.001121108437151645 -0.0004812902373200119 0
3919 0.001100578518336143 -0.0003771321296191184 0
3920 0.001022095758597826 -0.0005042220262723569 0
3921 0.000983959034961639 -0.000468577494326399 0
3922 0.001022095750424957 -0.0003707358404164608 0
3923 0.00107848969790926 -0.0005118154295910819 0
3924 0.001128709933934302 -0.0004233217228341871 0
3925 0.001135939547678271 -0.0004543964504473719 0
3926 0.0009767860310168329 -0.0004405364459199788 0
3927 0.001129014014735882 -0.0003908992109935642 0
3928 0.001049440529834692 -0.0005162560935012217 0
3929 0.001107438686161576 -0.0005071475016638682 0
3930 0.0009917406301087972 -0.0004953012136554539 0
3931 0.0009917406232848019 -0.0003796566566745467 0
3932 0.001047240495502582 -0.0003514872445908096 0
3933 0.001060322988404545 -0.0003864525273453401 0
3934 0.001023643389241556 -0.0004074043512599255 0
3935 0.001057757792711545 -0.000429544285219864 0
3936 0.001018349000060809 -0.0004458808305681823 0
3937 0.001052460050831568 -0.000477067623484108 0
3938 0.001090983865784774 -0.0004508961968188694 0
3939 0.001093764230591142 -0.0004107891015649583 0
3940 0.001077227574690476 -0.0003547483144021914 0
3941 0.001089235490282583 -0.0004831088224517124 0
3942 0.001013795509627089 -0.0004767754105613824 0
3943 0.001015885235435849 -0.0006916373812875885 0
3944 0.001151036105152002 -0.0006210140994340578 0
3945 0.001130504798925116 -0.0007251383415888793 0
3946 0.001052022026078278 -0.0005980484482611549 0
3947 0.001013887837401761 -0.0006336911873816247 0
3948 0.001052022028970591 -0.0007315346341677333 0
3949 0.001108413216320532 -0.0005904845248660178 0
3950 0.001158636210829933 -0.000678948749848483 0
3951 0.001165875735209688 -0.0006478962213440686 0
3952 0.00100671595991217 -0.000661731897374898 0
3953 0.001021666900789077 -0.000722613820475389 0
3954 0.001079374873081624 -0.0005860393229580723 0
3955 0.001158940290646258 -0.0007113712580335245 0
3956 0.001021666898440066 -0.000606969263252772 0
3957 0.001137364949710206 -0.0005951229685768639 0
3958 0.001077166775857211 -0.0007507832280773835 0
3959 0.001090236992806427 -0.0007158376303431689 0
3960 0.00105356729095548 -0.0006948712246281422 0
3961 0.001087690663961034 -0.0006727769212131701 0
3962 0.001048286848542643 -0.000656395882365621 0
3963 0.001082390238261631 -0.0006252419372558157 0
3964 0.001120978151003487 -0.0006514958079735056 0
3965 0.001123677166059372 -0.00069152471412913 0
3966 0.00110715260258136 -0.0007475241649044193 0
3967 0.001119129013348233 -0.0006192298778717498 0
3968 0.001043722305532999 -0.0006254959279726591 0
3969 0.001227145408390418 -0.0007535253708499015 0
3970 0.001361098801988767 -0.0007929318305563294 0
3971 0.001316115756416097 -0.0006820298100657545 0
3972 0.001266135135565841 -0.000814692501820239 0
3973 0.001370457837111614 -0.0007383737241919411 0
3974 0.001242259462266664 -0.0006970378004451323 0
3975 0.001319845621530067 -0.0008329323279682356 0
3976 0.001370225265451737 -0.0007062943608167582 0
3977 0.001335629178933092 -0.0007198809435263336 0
3978 0.001339092655351323 -0.0007610750512550204 0
3979 0.001303651053448097 -0.0007474742576393103 0
3980 0.001312160361677012 -0.0007975402736139791 0
3981 0.00126870188805183 -0.0007721998920894345 0
3982 0.001234502567637853 -0.0007922615269600055 0
3983 0.001263560914437625 -0.0007289917618995113 0
3984 0.001279022191070779 -0.0006939866819853477 0
3985 0.001382203207935882 -0.0007684703441398114 0
3986 0.001290388131938568 -0.0008373122876570141 0
3987 0.00122446842358958 -0.0007211348462269034 0
3988 0.001345470075382332 -0.0008215495291865977 0
3989 0.00134923350924786 -0.0006839516014402571 0
3990 0.001258267184374621 -0.00067486411548958 0
3991 0.001287966599475786 -0.0006661656487722228 0
3992 0.001301145354378039 -0.0007146823417819083 0
3993 0.00140962464838372 -0.0006398413051171175 0
3994 0.001544730165307347 -0.0005691229057777884 0
3995 0.001524207713058972 -0.0006733059200045299 0
3996 0.00144571784031617 -0.0005462315614995763 0
3997 0.001407572352672995 -0.0005819243077242905 0
3998 0.001445695068803708 -0.0006797284303637643 0
3999 0.001502084420442891 -0.0005386167296595552 0
4000 0.001552346130647389 -0.0006271158675841437 0
4001 0.001559559507612998 -0.0005960258856888013 0
4002 0.001400402768835419 -0.0006099743668071718 0
4003 0.001552649943075442 -0.0006595424469741343 0
4004 0.00147301120637867 -0.0005341914824058518 0
4005 0.001531068644307367 -0.0005432835215600351 0
4006 0.001415362249970829 -0.0005551632153931596 0
4007 0.001415388018729025 -0.0006707899049506269 0
4008 0.001470857561819675 -0.0006989510416187172 0
4009 0.001483919620157356 -0.0006639995326858659 0
4010 0.001447239095095558 -0.000643112235753566 0
4011 0.001481296373874171 -0.0006209238813380463 0
4012 0.001441900268774347 -0.000604660796095605 0
4013 0.001476048551984971 -0.0005733831112268193 0
4014 0.00151450261291145 -0.0005994732428448882 0
4015 0.001517355402343858 -0.0006396376651791292 0
4016 0.001500846403578421 -0.0006956920960129124 0
4017 0.001512875312799592 -0.0005672901566654403 0
4018 0.001437412712216515 -0.0005735200803517563 0
4019 0.001379698376561037 -0.0004125286985238026 0
4020 0.001514430543548467 -0.000341180141394306 0
4021 0.001494281440620972 -0.0004459933108623753 0
4022 0.001412948390822363 -0.0003171640642210616 0
4023 0.001377290299759429 -0.0003552188712373735 0
4024 0.001415768798431303 -0.0004524158224701519 0
4025 0.001471237055198915 -0.0003111211379118341 0
4026 0.00152241985806753 -0.0003998032584512554 0
4027 0.001526927644235895 -0.0003679656097603797 0
4028 0.001369919042317688 -0.0003833100437284777 0
4029 0.001520216826506165 -0.0004306519923691368 0
4030 0.001441057467867314 -0.0003065595162601686 0
4031 0.001501142371853725 -0.0003159709125600973 0
4032 0.001385435974818195 -0.0003278506088148222 0
4033 0.001385461748048966 -0.0004434772981306898 0
4034 0.00147257071844641 -0.0004690607985130708 0
4035 0.001453790070790982 -0.000436713479108874 0
4036 0.001486531546321723 -0.0004103660339014522 0
4037 0.001449522380146837 -0.0003936899729254604 0
4038 0.001485640500033506 -0.0003710757930878888 0
4039 0.001445682261655854 -0.0003456153459664389 0
4040 0.001411281215436073 -0.0003779908355356602 0
4041 0.001416292499577829 -0.000418148976898738 0
4042 0.001442426815096904 -0.000470697309116772 0
4043 0.001407168595444434 -0.0003463174638199402 0
4044 0.001483481394118156 -0.0003384559606147837 0
4045 0.001167291979851269 -0.0002969491981537427 0
4046 0.001301236574419519 -0.0002575025946256788 0
4047 0.001256240312441338 -0.0003684212809721743 0
4048 0.001206263208357207 -0.0002357583481575507 0
4049 0.001310598231793791 -0.0003120638670237762 0
4050 0.001182395991678093 -0.0003534245527935672 0
4051 0.001259973370292044 -0.0002175025588957299 0
4052 0.001310365719236941 -0.0003441474335137236 0
4053 0.001275764896158834 -0.0003305619266744983 0
4054 0.00127923019310956 -0.0002893622390715506 0
4055 0.001243787077561627 -0.0003029746725622284 0
4056 0.001252294536803308 -0.0002529006234344495 0
4057 0.001208841064131712 -0.000278255034460981 0
4058 0.001174635388254771 -0.0002582049539489692 0
4059 0.001203698544897773 -0.0003214734583626548 0
4060 0.001219147269303623 -0.0003564698758852829 0
4061 0.001322347124415489 -0.0002819642089271838 0
4062 0.001164620951035391 -0.0003293438976282475 0
4063 0.001230511097587669 -0.0002131300512439124 0
4064 0.001285603386933399 -0.0002288826782751959 0
4065 0.001289367279915133 -0.000366491497393711 0
4066 0.001198375902554597 -0.0003755804193747458 0
4067 0.001228085307817617 -0.0003842875772224164 0
4068 0.001241274900551615 -0.0003357724672711655 0
4069 0.001290533841186279 0.0001522585957590202 0
4070 0.001425639120688257 0.0002229826112687926 0
4071 0.001405116910191526 0.0001187939855940852 0
4072 0.001326627028453613 0.0002458683416707015 0
4073 0.00128848112549664 0.0002101752987020842 0
4074 0.001326604265114728 0.0001123714727729518 0
4075 0.001382994048936998 0.0002534880610405327 0
4076 0.001433255324710898 0.0001649840366704225 0
4077 0.001440467057456021 0.0001960777033420956 0
4078 0.001281311358013948 0.0001821251842196705 0
4079 0.001433559135991415 0.0001325574604783134 0
4080 0.001353919041215216 0.0002579125630708117 0
4081 0.001411977833225026 0.0002488163840087513 0
4082 0.001296271437985426 0.0002369366866586523 0
4083 0.001296297213565448 0.0001213099956673939 0
4084 0.001351766760217033 9.314886308060228e-05 0
4085 0.001364830856154518 0.0001281036492655381 0
4086 0.001328148686286576 0.0001489885189393263 0
4087 0.001362204480589227 0.0001711844604369013 0
4088 0.001322807547737454 0.000187440155035305 0
4089 0.001356957088684808 0.0002187232760231713 0
4090 0.001395400552485673 0.0001926468377489386 0
4091 0.001398266826558749 0.0001524694518992666 0
4092 0.001381755809464257 9.640814476247626e-05 0
4093 0.001393789907074509 0.0002248210327492591 0
4094 0.001318321743078872 0.0002185801487265943 0
4095 0.001078689784332407 0.0002400357381840218 0
4096 0.001213839160074218 0.0003106951131235182 0
4097 0.001193309347209416 0.0002065347804318227 0
4098 0.001114826571147349 0.0003336246724620196 0
4099 0.001076689686312698 0.0002979800188018421 0
4100 0.001114826579320217 0.0002001384866061235 0
4101 0.001171220688601978 0.0003412200170572604 0
4102 0.001221440758972424 0.0002527243721629022 0
4103 0.001228669715583027 0.0002838005589849282 0
4104 0.001069516612052309 0.0002699389475215028 0
4105 0.001221744838794199 0.0002203018640602219 0
4106 0.001200169497978851 0.0003365501533015325 0
4107 0.001142170809507417 0.0003456603815249333 0
4108 0.001084471444007193 0.0003247038562039336 0
4109 0.001084471450831188 0.0002090592992230266 0
4110 0.001139971326876946 0.0001808898935924416 0
4111 0.001153054623506251 0.0002158564711811398 0
4112 0.001116374370301716 0.0002368073334776008 0
4113 0.001150488184073867 0.0002589502695799033 0
4114 0.001111079061321684 0.0002752838880824084 0
4115 0.001145190608730217 0.0003064728397486169 0
4116 0.001183710218352097 0.0002803068320022239 0
4117 0.001186495935511675 0.0002401946019742814 0
4118 0.001169958487246326 0.0001841510979075532 0
4119 0.001181968450675698 0.0003125159517927732 0
4120 0.001106526291054688 0.0003061781130347065 0
4121 0.001108045507235919 3.85620719075233e-05 0
4122 0.001242008001690482 -8.319275329474876e-07 0
4123 0.001197025786461243 0.0001100602154745834 0
4124 0.001147039806428494 -2.260167631532612e-05 0
4125 0.001251367027236593 5.372618094960732e-05 0
4126 0.00112316747283225 9.505076582550656e-05 0
4127 0.001200755540854801 -4.083272442042057e-05 0
4128 0.001251134455298403 8.580554456334651e-05 0
4129 0.001216535108434274 7.221512980503967e-05 0
4130 0.001220001180784345 3.102496280973144e-05 0
4131 0.001184551956135617 4.461355120116139e-05 0
4132 0.001193064589521873 -5.446096672952712e-06 0
4133 0.001149596889966136 1.988235088533213e-05 0
4134 0.001115407764662818 -1.844050916607401e-07 0
4135 0.001144466932183637 6.309298979456646e-05 0
4136 0.001159932569268502 9.809841424403965e-05 0
4137 0.001263112399031307 2.36295635900843e-05 0
4138 0.001171296872530459 -4.521316972176481e-05 0
4139 0.001226378666812427 -2.945048375994981e-05 0
4140 0.001105374924573159 7.095726616791169e-05 0
4141 0.001230142572698796 0.0001081475901033336 0
4142 0.001139183925848024 0.0001172209930485487 0
4143 0.001168877561696966 0.0001259199212227321 0
4144 0.001182053121959708 7.740357215233024e-05 0
4145 0.001320437684455255 -7.501625639843874e-05 0
4146 0.001455587658445979 -4.371294771739179e-06 0
4147 0.001435057242472454 -0.0001085172215082517 0
4148 0.001356574478645703 1.857267359125424e-05 0
4149 0.001318438666501979 -1.707121424048433e-05 0
4150 0.001356574474872675 -0.0001149135115032627 0
4151 0.001412967431757675 2.61554722526085e-05 0
4152 0.001463188657827403 -6.232762839788604e-05 0
4153 0.001470421834014877 -3.126088805025782e-05 0
4154 0.001311266067809107 -4.511214042261102e-05 0
4155 0.001463492738776238 -9.475014000158288e-05 0
4156 0.001383922159008757 3.059776495139457e-05 0
4157 0.001326219347822177 -0.00010599269555287 0
4158 0.001441917401760119 2.149815179388558e-05 0
4159 0.001326219350386715 9.651859895985444e-06 0
4160 0.001381719220019777 -0.0001341621069447037 0
4161 0.001394797290548177 -9.920391204264379e-05 0
4162 0.001358121257144888 -7.824683844602601e-05 0
4163 0.0013922388790495 -5.612332881646223e-05 0
4164 0.001352831883794004 -3.977077108066768e-05 0
4165 0.001386940178973798 -8.595791721184755e-06 0
4166 0.001425487036984618 -3.479688330595262e-05 0
4167 0.001428238137635262 -7.487585359575078e-05 0
4168 0.001411705847831391 -0.0001309017601665269 0
4169 0.001423702432895326 -2.565065058309732e-06 0
4170 0.001348274419750385 -8.874253934159998e-06 0
4171 0.001502355469106111 6.45192077613628e-05 0
4172 0.001637460926892962 0.0001352390237384252 0
4173 0.001616938533781363 3.10545928739508e-05 0
4174 0.001538448661038561 0.000158128951378904 0
4175 0.001500303068247268 0.0001224361306190742 0
4176 0.0015384258895261 2.463208251471607e-05 0
4177 0.001594815352306802 0.0001657450165958414 0
4178 0.00164507695136978 7.724464529433681e-05 0
4179 0.001652289914085376 0.0001083355571463365 0
4180 0.001493133437642659 9.438605772227728e-05 0
4181 0.001645380763797833 4.481806590434635e-05 0
4182 0.001565741685540656 0.0001701700758468053 0
4183 0.001623799465029758 0.0001610769913184453 0
4184 0.001508093070693221 0.0001491972974853207 0
4185 0.001508118839451416 3.357060792785346e-05 0
4186 0.001563588382542066 5.409471259763216e-06 0
4187 0.001576650955905897 4.036180737379077e-05 0
4188 0.001539970016169719 6.124849194662547e-05 0
4189 0.001574026920337417 8.343876129542473e-05 0
4190 0.001534630606688504 9.969998118042605e-05 0
4191 0.001568779207861364 0.0001309790382428336 0
4192 0.001607230593020524 0.0001048923630924607 0
4193 0.001610086785861223 6.472466808473974e-05 0
4194 0.001593577276854501 8.668501271810511e-06 0
4195 0.00160560749814716 0.0001370732050962442 0
4196 0.001530143493030534 0.0001308405148042688 0
4197 0.001472399768401201 0.0003455274328346355 0
4198 0.0016075497459805 0.0002748982817984897 0
4199 0.001587012261343363 0.0003790636104499388 0
4200 0.001508499619153695 0.0002519446904083284 0
4201 0.001470418494891814 0.0002875831811447597 0
4202 0.001508522385428474 0.000385441559199372 0
4203 0.001564924722354543 0.0002443731784671223 0
4204 0.001615150678789921 0.0003328735580388184 0
4205 0.001622383779314388 0.0003017948324324218 0
4206 0.001463237026694728 0.0003156187920913614 0
4207 0.001615454491223426 0.0003653001373464307 0
4208 0.001593873192576117 0.0002490412121476604 0
4209 0.001535866802807695 0.000239929791440484 0
4210 0.001478166795540586 0.0003765099040636582 0
4211 0.001533662837459363 0.0004047017483982481 0
4212 0.001546759556106471 0.0003697340807388931 0
4213 0.001510085074813234 0.0003487712778033698 0
4214 0.001544207081985534 0.0003266383764204009 0
4215 0.001504803485934839 0.0003102933881819238 0
4216 0.001538898672273984 0.0002791144811277128 0
4217 0.00157743019380537 0.0003052920414689935 0
4218 0.001580208152942082 0.0003454017963722586 0
4219 0.001563655200734351 0.0004014470975225628 0
4220 0.001478192568771357 0.0002608832147477905 0
4221 0.001575674981024929 0.0002730801847479672 0
4222 0.001500246322160837 0.0002794032905862894 0
4223 0.00126001512771571 0.0004074218265036838 0
4224 0.00139396739514191 0.0004468579182528016 0
4225 0.001348971838787825 0.0003359475652187899 0
4226 0.001298990212434179 0.0004686098232807955 0
4227 0.001403329052516182 0.0003922966458547041 0
4228 0.001275125814321718 0.0003509455230890327 0
4229 0.001352704802112828 0.0004868582095691613 0
4230 0.001403096539959332 0.0003602130793647567 0
4231 0.001368492964085532 0.0003738018171761578 0
4232 0.001371960454399941 0.0004149981778192344 0
4233 0.001336510905218118 0.0004013960432246919 0
4234 0.00134502116724732 0.0004514647210613428 0
4235 0.001301559911062403 0.0004261203784363452 0
4236 0.001267362830537697 0.0004461747770185509 0
4237 0.001296426683943722 0.0003828998350318227 0
4238 0.001311879090061316 0.0003479031254599093 0
4239 0.001415077945137881 0.0004223963039512965 0
4240 0.001323241533271254 0.0004912311251999359 0
4241 0.00125734950123515 0.0003750231863100455 0
4242 0.001378333696344364 0.0004754785613466735 0
4243 0.001382097994058411 0.0003378696175404054 0
4244 0.001291113094834041 0.00032879256379638 0
4245 0.001320817627879005 0.0003200850306901505 0
4246 0.001334004516521529 0.0003685998437513143 0
4247 0.001018660831206411 0.0008086181036956156 0
4248 0.001153767171614372 0.0008793167396640029 0
4249 0.001133243900211657 0.0007751534935306805 0
4250 0.001054754018473744 0.0009022278496072969 0
4251 0.001016610001075696 0.0008665361437999837 0
4252 0.00105473125513486 0.0007687309807095472 0
4253 0.001111119040571747 0.00090982547493956 0
4254 0.00116138231473103 0.0008213435446070178 0
4255 0.001168601472172691 0.0008524205532835225 0
4256 0.001009441072267034 0.0008384862771643349 0
4257 0.001024424203585579 0.0007776695036039893 0
4258 0.00108205214280259 0.0009142533495195151 0
4259 0.001161686126011546 0.0007889169684149087 0
4260 0.001024398428005557 0.0008932961945952477 0
4261 0.001140104823245157 0.0009051758919453466 0
4262 0.001079893750237164 0.0007495083710171976 0
4263 0.001092948630033937 0.0007844483481789309 0
4264 0.001056273881741263 0.0008053441822454186 0
4265 0.00109033639890398 0.0008275058327487807 0
4266 0.001050943192332051 0.0008437949351401367 0
4267 0.001085087033609258 0.0008750534688170836 0
4268 0.001123578454475595 0.0008489151192607404 0
4269 0.001126383760405982 0.0008087963657137927 0
4270 0.001109881859061866 0.0007527661415742549 0
4271 0.001121892442547934 0.0008811294927028011 0
4272 0.001046449448332068 0.000874938184954812 0
4273 0.0008062585804810492 0.0009222511199870668 0
4274 0.0009402087191836995 0.0008828401895624626 0
4275 0.0008952253597528841 0.0009937457616746271 0
4276 0.000845246670784598 0.0008610827763853248 0
4277 0.000949567744676824 0.0009373982979808888 0
4278 0.0008213697894270257 0.0009787382917014734 0
4279 0.0008989552758646136 0.0008428398037940237 0
4280 0.0009493351727374203 0.0009694776615094527 0
4281 0.0009147402569982067 0.0009558924544073656 0
4282 0.0009182027989979066 0.0009146969253363215 0
4283 0.0008827639343456859 0.0009283021086232354 0
4284 0.0008912720560792738 0.000878233804288395 0
4285 0.0008478168906955648 0.000903578470739382 0
4286 0.0008136139137156788 0.0008835186654974693 0
4287 0.0008426719590903145 0.0009467857005804761 0
4288 0.0008581316683162768 0.0009817906589029636 0
4289 0.0009613131164001542 0.0009073016806828602 0
4290 0.0008694982121451621 0.0008384600153581245 0
4291 0.000803579294231125 0.0009546399683685083 0
4292 0.0009245802081538308 0.0008542228041125608 0
4293 0.0009283434606411567 0.0009918206769889549 0
4294 0.0008373743730244233 0.001000913220024531 0
4295 0.0008670758651520234 0.001009611523767456 0
4296 0.0008802557709789891 0.000961094705670394 0
4297 0.0008361695050377636 0.000694917478429275 0
4298 0.0009701349917106128 0.0006555275804036478 0
4299 0.0009251530535130907 0.000766416471098817 0
4300 0.0008751653081984327 0.0006337548432315323 0
4301 0.0009794940172567245 0.0007100856888862026 0
4302 0.0008512940747399965 0.000751406541953326 0
4303 0.0009288827686510712 0.0006155266840524113 0
4304 0.0009792614453185344 0.0007421650524999418 0
4305 0.0009446610257161837 0.0007285733764467051 0
4306 0.000948127952500273 0.0006873845081947405 0
4307 0.0009126762190428387 0.0007009690772428415 0
4308 0.0009211899454339355 0.0006509115255590593 0
4309 0.0008777192106098482 0.0006762360444690143 0
4310 0.0008435334394600051 0.0006561676049274118 0
4311 0.0008725928785617169 0.000719447509755871 0
4312 0.0008880599510011154 0.0007544530474255329 0
4313 0.0009912393890514381 0.0006799890715266795 0
4314 0.0008994237123745113 0.0006111460792832352 0
4315 0.000954505457356568 0.0006269087405811674 0
4316 0.000833501029798746 0.0007273142098647249 0
4317 0.0009582695212931408 0.0007645068630541265 0
4318 0.0008673134021815997 0.0007735756305594984 0
4319 0.0008970051356007267 0.000782274710360955 0
4320 0.0009101796445544195 0.0007337584742276869 0
4321 0.001048003219132941 0.0006071946499651743 0
4322 0.00118195661273129 0.0005677881902587463 0
4323 0.00113697356715862 0.0006786902107493212 0
4324 0.001086992946308364 0.0005460275189948366 0
4325 0.001191315647854137 0.0006223462966231347 0
4326 0.001063117273009187 0.0006636822203699433 0
4327 0.001140703432272589 0.0005277876928468402 0
4328 0.001191083076194259 0.0006544256599983175 0
4329 0.001156486989675615 0.0006408390772887422 0
4330 0.001159950466093846 0.0005996449695600554 0
4331 0.00112450886419062 0.0006132457631757654 0
4332 0.001133018172419534 0.0005631797472010966 0
4333 0.001089559698794352 0.0005885201287256411 0
4334 0.001055360378380375 0.0005684584938550702 0
4335 0.001084418725180148 0.0006317282589155645 0
4336 0.001099880001813302 0.000666733338829728 0
4337 0.001203061018678405 0.0005922496766752643 0
4338 0.001111245942681091 0.0005234077331580616 0
4339 0.001045326234332103 0.0006395851745881723 0
4340 0.001166327886124854 0.000539170491628478 0
4341 0.001170091319990382 0.0006767684193748186 0
4342 0.001079124995117144 0.0006858559053254956 0
4343 0.001108824410218308 0.0006945543720428529 0
4344 0.001122003165120562 0.0006460376790331673 0
4345 0.001230482459126242 0.0007208787156979582 0
4346 0.00136558797604987 0.0007915971150372873 0
4347 0.001345065523801494 0.0006874141008105458 0
4348 0.001266575651058693 0.0008144884593154994 0
4349 0.001228430163415517 0.0007787957130907852 0
4350 0.001266552879546231 0.0006809915904513115 0
4351 0.001322942231185414 0.0008221032911555205 0
4352 0.001373203941389911 0.0007336041532309321 0
4353 0.001380417318355521 0.0007646941351262744 0
4354 0.001221260579577941 0.000750745654007904 0
4355 0.001373507753817964 0.0007011775738409414 0
4356 0.001293869017121192 0.000826528538409224 0
4357 0.00135192645504989 0.0008174364992550407 0
4358 0.001236220060713352 0.0008055568054219161 0
4359 0.001236245829471548 0.000689930115864449 0
4360 0.001291715372562197 0.0006617689791963585 0
4361 0.001304777430899879 0.0006967204881292099 0
4362 0.001268096905838081 0.0007176077850615097 0
4363 0.001302154184616693 0.0007397961394770295 0
4364 0.001262758079516869 0.0007560592247194707 0
4365 0.001296906362727494 0.0007873369095882564 0
4366 0.001335360423653972 0.0007612467779701877 0
4367 0.00133821321308638 0.0007210823556359465 0
4368 0.001321704214320944 0.0006650279248021633 0
4369 0.001333733123542115 0.0007934298641496355 0
4370 0.001258270522959038 0.0007871999404633193 0
4371 0.001195534198399026 0.0009750368339386502 0
4372 0.001333916016252506 0.001015478033904914 0
4373 0.001290371675491394 0.0009028990953843423 0
4374 0.001238764537145911 0.00103694158251689 0
4375 0.001343277668810052 0.00096091676236382 0
4376 0.001235780916427378 0.0009097200367871753 0
4377 0.001292653598023632 0.001055478397697716 0
4378 0.001343045157273197 0.0009288331925607276 0
4379 0.001307489384462182 0.0009402730374092388 0
4380 0.001311908923143021 0.0009836182704538747 0
4381 0.00127448312534718 0.0009682867679110933 0
4382 0.001284700670323846 0.001019832800382505 0
4383 0.001240345238429387 0.0009938533951733099 0
4384 0.001236708728887892 0.0009525047950069274 0
4385 0.001207809892629029 0.001012338453961778 0
4386 0.001267692834667091 0.0009285143540306038 0
4387 0.001202847065728611 0.0009395134845736847 0
4388 0.001355026565231326 0.0009910164188644617 0
4389 0.00126201126607695 0.0008904786108058151 0
4390 0.001263167079491195 0.001059823111332108 0
4391 0.001318243897158269 0.001044062681951821 0
4392 0.001322156483299629 0.0009066484951535622 0
4393 0.0009881443204429621 0.001063778316559789 0
4394 0.001122094385162041 0.001103217426189397 0
4395 0.001077098626160343 0.0009923046807691672 0
4396 0.001027118298142788 0.001124967132409026 0
4397 0.001131456042536313 0.001048656153791299 0
4398 0.001003253090941493 0.001007302285729286 0
4399 0.001080831616816161 0.001143217644169032 0
4400 0.001131223529979464 0.001016572587301352 0
4401 0.001096620744262839 0.001030160397517937 0
4402 0.001100087605067399 0.001071357713319798 0
4403 0.001064639902805631 0.001057752621980331 0
4404 0.001073149360158059 0.001107822841786821 0
4405 0.001029690338398031 0.00108247560853229 0
4406 0.0009954907904728008 0.001102528767507746 0
4407 0.001024554443754595 0.001039255673797844 0
4408 0.001040005792914802 0.001004259048116417 0
4409 0.001143204935158012 0.001078755811887892 0
4410 0.001051368633831904 0.001147590442624442 0
4411 0.0009854771430747823 0.00103138080777716 0
4412 0.001106460833160753 0.001131837860633577 0
4413 0.001110225014665254 0.00099422895263334 0
4414 0.001019238255696067 0.0009851484917388425 0
4415 0.001048944187459206 0.0009764410663648395 0
4416 0.001062131852246795 0.001024955964506664 0
4417 0.0004550321439922065 0.001241105606594227 0
4418 0.0005901379697543637 0.001311816540067005 0
4419 0.0005696152129974532 0.001207640996429292 0
4420 0.0004911253312595402 0.001334715352505908 0
4421 0.0004529803994947446 0.001299022998036557 0
4422 0.0004911025679206559 0.001201218483608158 0
4423 0.0005474913246133866 0.00134232368242506 0
4424 0.0005977536275168255 0.001253831047505629 0
4425 0.0006049691860363941 0.001284916126699799 0
4426 0.0004458110639751195 0.001270973011159388 0
4427 0.0005184204973597632 0.001346749921058356 0
4428 0.000598057438797342 0.00122140447131352 0
4429 0.0005764761360309532 0.001337663394843958 0
4430 0.000460795516371375 0.0012101570065026 0
4431 0.000460769740791353 0.001325783697493859 0
4432 0.0005162650630229608 0.001181995873915809 0
4433 0.000529324404079975 0.001216943022546179 0
4434 0.0004926460627421219 0.001237833546419682 0
4435 0.0005267053176709004 0.001260011806035902 0
4436 0.000487310309600906 0.001276284725243245 0
4437 0.0005214569139497914 0.001307555174181944 0
4438 0.0005599250894525418 0.001281446818278621 0
4439 0.0005627599350692845 0.001241299654288357 0
4440 0.0005462536270782994 0.00118525437625538 0
4441 0.0005582756074168645 0.001313641734373021 0
4442 0.0004828204144497133 0.001307426400016183 0
4443 0.0002426132772631673 0.001354715850218209 0
4444 0.0003765800319694955 0.001315327692461074 0
4445 0.0003315982097101372 0.001426215205439909 0
4446 0.0002816097194277999 0.001293553687690808 0
4447 0.0003859390574626201 0.0013698858008795 0
4448 0.0002577389481203893 0.001411205071140421 0
4449 0.0003353279108118489 0.001275326753806007 0
4450 0.0003857064855232163 0.001401965164408064 0
4451 0.0003511056111174981 0.001388372954081749 0
4452 0.0003545729002404094 0.001347184636065902 0
4453 0.0003191201034790531 0.001360767502109475 0
4454 0.0003276342938515826 0.001310710838198308 0
4455 0.0002841622726554459 0.001336033691869627 0
4456 0.0002499779235855342 0.001315964537440514 0
4457 0.0002790374755500252 0.001379245507473047 0
4458 0.0002945051551020361 0.001414251093760402 0
4459 0.0003976844291859502 0.001339789183581471 0
4460 0.0003058686910599333 0.001270946080654255 0
4461 0.0003609504133893342 0.001286708732457554 0
4462 0.0002399456937324819 0.001387113232840485 0
4463 0.000364714543236665 0.001424306875100105 0
4464 0.0002737594921014286 0.001433373677858548 0
4465 0.000303450420085954 0.001442072823562474 0
4466 0.0003166244857766582 0.001393556634903639 0
4467 0.0002725535822022648 0.001127422475495618 0
4468 0.0004065063044964087 0.001088015083302259 0
4469 0.0003615231853375596 0.001198917847092701 0
4470 0.000311542969501079 0.001066255092043299 0
4471 0.0004158653300425204 0.001142573191784814 0
4472 0.0002876670423979308 0.001183909964526929 0
4473 0.0003652530659171882 0.001048014611626493 0
4474 0.0004156327581043303 0.001174652555398553 0
4475 0.0003810369157842453 0.001161066259283246 0
4476 0.0003845001960563417 0.001119871851426842 0
4477 0.000349059165168894 0.001133473564757209 0
4478 0.0003575682295625422 0.001083407070936966 0
4479 0.0003141104432694008 0.001108748346676842 0
4480 0.0002799103623867429 0.00108868708913866 0
4481 0.0003089686439906917 0.001151956288901294 0
4482 0.000324429593615461 0.001186961344100702 0
4483 0.000427610701837234 0.001112476574425291 0
4484 0.0003357956657444377 0.001043634686568973 0
4485 0.0002698761169633464 0.001159812650781243 0
4486 0.0003908776209742398 0.001059397453073317 0
4487 0.0003946410108969781 0.00119699536829724 0
4488 0.0003036741089699915 0.001206083909487722 0
4489 0.0003333739577578538 0.001214782342491971 0
4490 0.0003465529528963172 0.001166265623035047 0
4491 0.0004849359872611819 0.001013830754436768 0
4492 0.0006200857537494529 0.001084480736732367 0
4493 0.0005995555452783814 0.0009803297893269548 0
4494 0.0005210727814516299 0.001107419684426461 0
4495 0.00048293659428518 0.001071775530738945 0
4496 0.0005210727776786022 0.0009739334993319436 0
4497 0.0005774661403418591 0.001115006854421776 0
4498 0.0006276869606333305 0.00102651938243732 0
4499 0.0006349186672294252 0.001057589414354029 0
4500 0.0004757638290777444 0.001043734554378192 0
4501 0.0006279910415821653 0.0009940968708336236 0
4502 0.0005484192629797482 0.0011194484749144 0
4503 0.0006064157045660466 0.001110345162629092 0
4504 0.0004907176506281039 0.0009828543152823363 0
4505 0.0004907176531926422 0.001098498870731192 0
4506 0.0005462175228257048 0.0009546849038905027 0
4507 0.0005592974148236786 0.0009896460189730951 0
4508 0.0005226199124657907 0.001010600929411641 0
4509 0.00055673620647339 0.00103273120683575 0
4510 0.0005173284714138619 0.001049077166229084 0
4511 0.0005514379010157079 0.001080257014732558 0
4512 0.000589975260153345 0.001054068147843917 0
4513 0.0005927384229168258 0.001013977586365839 0
4514 0.0005762043365015605 0.0009579455486462848 0
4515 0.0005882055881635439 0.001086292058910209 0
4516 0.0005127726445459011 0.001079972885304272 0
4517 0.0006668537719120384 0.001153366218596569 0
4518 0.0008015859996217093 0.001224714745878677 0
4519 0.0007814368365872904 0.001119901603709157 0
4520 0.0007001037460187717 0.001248731855204443 0
4521 0.0006644457996097066 0.001210677140900527 0
4522 0.000702924192332027 0.001113479093349923 0
4523 0.0007583925123603316 0.0012547744169945 0
4524 0.0008095752541757073 0.001166091656129543 0
4525 0.0008140831251772383 0.001197929276435348 0
4526 0.0006570747072842638 0.001182585980669908 0
4527 0.0008073722144468934 0.001135242927108376 0
4528 0.0007882977678356855 0.001249924002153652 0
4529 0.0007282129426912758 0.001259336505639409 0
4530 0.0006725913734991479 0.001238044308320527 0
4531 0.0007597261129991372 0.001096834115906319 0
4532 0.000740945666534939 0.00112918205524683 0
4533 0.0007736868651595961 0.001155529028342502 0
4534 0.000736678534647902 0.001172206809617508 0
4535 0.0007727961609776459 0.001194819488051261 0
4536 0.000732837874543008 0.001220281007256169 0
4537 0.0006984375658110896 0.001187907415484196 0
4538 0.0007034488247900584 0.001147747267171224 0
4539 0.0007295822295043698 0.001095197669526333 0
4540 0.0006726171422573437 0.00112241761876306 0
4541 0.000694323811744808 0.00121957919646917 0
4542 0.0007706368496718688 0.001227439176426267 0
4543 0.000631905511184822 0.001407524336837261 0
4544 0.0007702873290383024 0.001447965536803525 0
4545 0.0007267429882771904 0.001335386598282953 0
4546 0.000675130470602489 0.001469430884493566 0
4547 0.0007796489815958486 0.001393404265262431 0
4548 0.000672146241931245 0.001342207512030381 0
4549 0.0007290254049936168 0.001487966107075333 0
4550 0.0007794164700589937 0.001361320695459339 0
4551 0.0007438566387240638 0.001372760720129264 0
4552 0.0007482797857889474 0.001416105696117243 0
4553 0.0007108446102831225 0.001400778640023452 0
4554 0.0007210678877324162 0.001452323070186035 0
4555 0.0006767035944788747 0.001426345155533901 0
4556 0.0006730498943775279 0.001384987190530775 0
4557 0.000644164058401627 0.001444819881229978 0
4558 0.0007040530120983297 0.001361000920531159 0
4559 0.0006391962470527609 0.001372008802848096 0
4560 0.0007913978780171225 0.001423503921763073 0
4561 0.0006983816874301932 0.001322966063514221 0
4562 0.0006995379247362655 0.001492310862692922 0
4563 0.0007546146954879165 0.001476550609619565 0
4564 0.0007585275002746438 0.00133913601115869 0
4565 0.0004245137707036755 0.001496268371253394 0
4566 0.0005584656979478374 0.001535704929088008 0
4567 0.0005134701102930923 0.001424794206574199 0
4568 0.0004634886844569719 0.00155745649452525 0
4569 0.0005678273553221093 0.001481143656689911 0
4570 0.0004396241613934259 0.001439792109947282 0
4571 0.0005172030778492474 0.001575705209080295 0
4572 0.0005675948427652595 0.001449060090199963 0
4573 0.000532991388916131 0.001462648684752461 0
4574 0.0005364587820184075 0.001503845192911792 0
4575 0.0005010095180697641 0.001490242601674556 0
4576 0.0005095196558230799 0.001540311517649745 0
4577 0.0004660587447160618 0.001514966728589928 0
4578 0.0004318612831376163 0.001535020935730336 0
4579 0.0004609251056316095 0.001471746279198219 0
4580 0.0004763773485136114 0.001436749582584806 0
4581 0.0005795762479438079 0.001511243314786503 0
4582 0.0004877398531490877 0.001580078106611901 0
4583 0.0004218479047070328 0.001463869905798999 0
4584 0.000542832021821766 0.001564325539957469 0
4585 0.0005465963015875792 0.001426716601681594 0
4586 0.0004556111151468054 0.001417639021741236 0
4587 0.0004853158642078963 0.001408931505273175 0
4588 0.0004985028727094947 0.001457446331466158 0
4589 -0.0002493283688862726 0.001333836427316618 0
4590 -0.000114222256241469 0.001404540502444454 0
4591 -0.000134745299881026 0.001300371817151683 0
4592 -0.0002132351816189389 0.0014274461732283 0
4593 -0.0002513796036086647 0.001391754180345769 0
4594 -0.0002132579449578234 0.00129394930433055 0
4595 -0.0001568697292526945 0.00143504853295627 0
4596 -0.0001066068853616537 0.00134656186822802 0
4597 -9.938932002343538e-05 0.001377642446241774 0
4598 -0.0002585487123826517 0.001363704260493028 0
4599 -0.0001859383649909541 0.001439475683543429 0
4600 -0.0001063030740811373 0.001314135292035911 0
4601 -0.0002435649965071043 0.001302887827224992 0
4602 -0.0001278843768475259 0.001430394215566349 0
4603 -0.0002435907720871261 0.00141851451821625 0
4604 -0.0001880954498555186 0.0012747266946382 0
4605 -0.0001750385978650668 0.001309669842761112 0
4606 -0.0002117149346503343 0.001330563328729643 0
4607 -0.0001776538614586896 0.001352732323926722 0
4608 -0.0002170478638908116 0.001369014269543236 0
4609 -0.0001829028002044829 0.001400278073691758 0
4610 -0.0001444216625780353 0.001374152989083034 0
4611 -0.000141603291787665 0.001334021669539512 0
4612 -0.0001581071397865639 0.001277984788762725 0
4613 -0.0001460915147492598 0.00140635875910494 0
4614 -0.0002215399051158331 0.001400156823345057 0
4615 -0.0004611724257401447 0.00142161356974162 0
4616 -0.000326022528245578 0.001492260308046127 0
4617 -0.0003465528628631355 0.00138811261198942 0
4618 -0.0004250356389252034 0.001515202504019617 0
4619 -0.0004631715804942118 0.001479558518844982 0
4620 -0.0004250356307523351 0.001381716318163721 0
4621 -0.0003686425402048681 0.001522786845464075 0
4622 -0.0003184214511001279 0.0014343022037205 0
4623 -0.0003111887968046768 0.001465370105030443 0
4624 -0.0004703442359432333 0.001451517573728183 0
4625 -0.0003181173712783528 0.00140187969561782 0
4626 -0.0003976883804882168 0.001527228900243502 0
4627 -0.0003396927120937011 0.00151812798485913 0
4628 -0.0004553907592413636 0.001390637130780625 0
4629 -0.0004553907660653592 0.001506281687761531 0
4630 -0.0003998908831956052 0.001362467725150039 0
4631 -0.0003868121749019605 0.001397426949221654 0
4632 -0.0004234887281906866 0.001418383258248597 0
4633 -0.0003893715763463882 0.001440509154730106 0
4634 -0.0004287788335022642 0.00145685938458432 0
4635 -0.0003946701401880223 0.001488036082417534 0
4636 -0.0003561266296792723 0.001461839301610229 0
4637 -0.0003533712737640459 0.001421756245240223 0
4638 -0.000369904191023742 0.001365728179106265 0
4639 -0.0003579059702336615 0.00149406833268228 0
4640 -0.0004333357226858423 0.001487755620642307 0
4641 -0.0004312461550196441 0.00124799264184238 0
4642 -0.0002960959850009641 0.001177352306922451 0
4643 -0.0003166265985759265 0.001281493605731591 0
4644 -0.00039510936037957 0.001154403710268345 0
4645 -0.0004332448271960293 0.001190047353503753 0
4646 -0.0003951093632718829 0.001287889896174924 0
4647 -0.000338716777515054 0.001146824941147761 0
4648 -0.0002884951828359588 0.001235304012507205 0
4649 -0.0002812606491393425 0.001204240305165199 0
4650 -0.0004404172726207575 0.001218088234224998 0
4651 -0.0003677605743375976 0.001142382027578004 0
4652 -0.000425464490910095 0.001278969081183306 0
4653 -0.000288191102039829 0.001267726524430189 0
4654 -0.0003097664307348382 0.001151478233544535 0
4655 -0.0004254644885610834 0.001163324523960689 0
4656 -0.0003699646182558872 0.001307138491094556 0
4657 -0.00035688822590171 0.001272182986231841 0
4658 -0.0003935629063232951 0.001251223920000511 0
4659 -0.0003594440587725055 0.001229106645368511 0
4660 -0.000398850374113025 0.001212748008431265 0
4661 -0.0003647431222129604 0.001181577516416241 0
4662 -0.0003261875063045203 0.001207789871806954 0
4663 -0.0003234475253760951 0.00124785816032822 0
4664 -0.0003399781627629883 0.001303878419015379 0
4665 -0.000327985871879899 0.001175550770212104 0
4666 -0.0004034093471728308 0.001181850756187024 0
4667 -0.0002199853223744928 0.001132413876087453 0
4668 -8.603258736139332e-05 0.001093006513879749 0
4669 -0.0001310156938144228 0.00120390925010903 0
4670 -0.0001809959262384586 0.001071246500112557 0
4671 -7.667355223854626e-05 0.001147564620244138 0
4672 -0.0002048718417478364 0.001188901365395092 0
4673 -0.0001272858202928636 0.001053006038403242 0
4674 -7.690612389842415e-05 0.00117964398361932 0
4675 -0.0001115019741774654 0.001166057678454552 0
4676 -0.0001080386860060622 0.001124863284948256 0
4677 -0.0001434797356821403 0.001138464963026714 0
4678 -0.0001349706679529632 0.001088398485672047 0
4679 -0.0001784284734592004 0.001113739731632834 0
4680 -0.0002126285322801474 0.001093678467331868 0
4681 -0.0001835702451368385 0.00115694768018514 0
4682 -0.0001681092844007172 0.001191952735238534 0
4683 -6.492818141427859e-05 0.001117468000296267 0
4684 -0.0001567432243632128 0.001048626113749184 0
4685 -0.0002226627710212593 0.001164804062519974 0
4686 -0.0001016612700753408 0.001064388877647387 0
4687 -9.789787097281094e-05 0.001201986794707791 0
4688 -0.0001888647521811476 0.001211075300864597 0
4689 -0.0001591649183710762 0.001219773734211565 0
4690 -0.0001459859319093805 0.001171257016165865 0
4691 -4.252872884845884e-05 0.00127294255117055 0
4692 9.585308868664333e-05 0.001313383748457088 0
4693 5.230874660913788e-05 0.001200804809892929 0
4694 6.974127508718012e-07 0.001334848702581462 0
4695 0.0001052147412972279 0.001258822476851935 0
4696 -2.286686202573474e-06 0.001207625730913668 0
4697 5.459105714582662e-05 0.001353384273771685 0
4698 0.0001049822297615973 0.001226738906963641 0
4699 6.942328876504271e-05 0.001238178892399767 0
4700 7.384564423939597e-05 0.001281523924666178 0
4701 3.641252660853972e-05 0.001266195892745499 0
4702 4.663454672580534e-05 0.001317740674887204 0
4703 2.272198025130996e-06 0.001291762433391447 0
4704 -1.377729434290121e-06 0.00125040652261425 0
4705 -3.026641775157111e-05 0.001310239428355633 0
4706 2.962121496943701e-05 0.001226419338100341 0
4707 -3.523313656954216e-05 0.001237425301432323 0
4708 0.000116963637789919 0.001288922133414072 0
4709 2.39476406363241e-05 0.001188384287058348 0
4710 2.510378919578594e-05 0.001357729020807114 0
4711 8.018056820658501e-05 0.001341968728208174 0
4712 8.40933241175279e-05 0.00120455422002494 0
4713 -6.743301278912396e-05 0.001473409645912276 0
4714 6.767284679333714e-05 0.001544119828109467 0
4715 4.715005127081142e-05 0.001439945033573703 0
4716 -3.133982464407761e-05 0.00156701939075697 0
4717 -6.94847002165139e-05 0.001531327075982924 0
4718 -3.136259091885724e-05 0.001433522521965926 0
4719 2.502611132420256e-05 0.001574627067718788 0
4720 7.528846871736932e-05 0.001486135085984823 0
4721 8.25042498048213e-05 0.001517219672559559 0
4722 -7.665401141142008e-05 0.001503277096958318 0
4723 -4.0444777475688e-06 0.001579053406314871 0
4724 7.559228115087421e-05 0.001453708506677211 0
4725 5.401098250356435e-05 0.001569967431875981 0
4726 -6.166964130119515e-05 0.001442461046305388 0
4727 -6.169541453196596e-05 0.001558087735621256 0
4728 -6.200097233540508e-06 0.001414299911608037 0
4729 6.858973265339669e-06 0.001449246623018353 0
4730 -2.981914758038274e-05 0.001470137470948331 0
4731 4.240306345761153e-06 0.001492314718373219 0
4732 -3.515459125105351e-05 0.001508588623778658 0
4733 -1.008154215547356e-06 0.001539858346787378 0
4734 3.746143678832224e-05 0.001513748163448712 0
4735 4.029448052263562e-05 0.001473602729849749 0
4736 2.378843862792665e-05 0.001417558368011406 0
4737 3.580973169914842e-05 0.001545944265172409 0
4738 -3.964471989548756e-05 0.001539730394663126 0
4739 -0.0002792840716178098 0.001614844652992129 0
4740 -0.0001441341924200953 0.001544212994873498 0
4741 -0.0001646715801076722 0.001648380834238047 0
4742 -0.0002431842160974381 0.001521261912176258 0
4743 -0.0002812655306511624 0.001556900533222874 0
4744 -0.0002431614564886834 0.001654758781783598 0
4745 -0.0001867589087288364 0.001513688215619334 0
4746 -0.0001365331618801827 0.00160219078185944 0
4747 -0.0001293007932570567 0.001571110409190831 0
4748 -0.0001362293497854128 0.001634617361371717 0
4749 -0.0002884470836098813 0.001584936169149703 0
4750 -0.0001578106396682439 0.001518358437321621 0
4751 -0.0002158176320849639 0.001509245163046043 0
4752 -0.0002735170457544635 0.001645827125351681 0
4753 -0.0002180210047396122 0.001674018971743187 0
4754 -0.0002049233717466883 0.001639049842000362 0
4755 -0.0002415985888075339 0.001618088121383558 0
4756 -0.0002074772424474642 0.001595951832660234 0
4757 -0.0002468812107672237 0.001579610145147199 0
4758 -0.0002127854534539987 0.001548428803662249 0
4759 -0.0001742586804580461 0.001574600247991129 0
4760 -0.0001714746903839387 0.001614715801400793 0
4761 -0.0001880285479127502 0.001670764172112696 0
4762 -0.0002734912676113136 0.001530200434261683 0
4763 -0.0001760064243535919 0.001542392349175642 0
4764 -0.0002514375542493596 0.001548720447075668 0
4765 -0.0009056878768228688 0.00106196341733675 0
4766 -0.0007705821131151103 0.001132675835394996 0
4767 -0.0007911048078176223 0.001028498807171815 0
4768 -0.0008695946895555351 0.001155573163248431 0
4769 -0.000907739731612106 0.001119880730566129 0
4770 -0.0008696174528944195 0.001022076294350681 0
4771 -0.0008132285793244093 0.001163182785572543 0
4772 -0.0007629663932982499 0.001074688858248152 0
4773 -0.0007557512690805188 0.001105774911864357 0
4774 -0.0009149091161881226 0.001091830729192039 0
4775 -0.0008422998809735356 0.001167608826939015 0
4776 -0.0007626625820177334 0.001042262282056043 0
4777 -0.0007842438847841221 0.001158521205586481 0
4778 -0.0008999502800237223 0.001146641508236382 0
4779 -0.0008999245044437004 0.001031014817245123 0
4780 -0.0008444549577921146 0.001002853684658332 0
4781 -0.0008313950776054778 0.00103780169957486 0
4782 -0.0008680738530906146 0.001058691582065709 0
4783 -0.0008340149913877256 0.001080871847587555 0
4784 -0.000873410217453879 0.001097142812565473 0
4785 -0.0008392632797093075 0.001128414699737398 0
4786 -0.0008007979094209975 0.001102309965389919 0
4787 -0.000797959497436984 0.001062159371685277 0
4788 -0.0008144663387235493 0.00100611227539445 0
4789 -0.000802442982938731 0.001134502531161327 0
4790 -0.0008778996482024902 0.001128284296852842 0
4791 -0.00111809012754823 0.001175596433628201 0
4792 -0.0009841399888455796 0.001136185503203597 0
4793 -0.001029123348276395 0.001247091075315761 0
4794 -0.001079102037244681 0.001114428090026459 0
4795 -0.0009747809633524552 0.001190743611622023 0
4796 -0.001102978918602254 0.001232083605342608 0
4797 -0.001025393432164666 0.001096185117435158 0
4798 -0.0009750135352918589 0.001222822975150587 0
4799 -0.001009608451031073 0.0012092377680485 0
4800 -0.001006145909031373 0.001168042238977456 0
4801 -0.001041584773683593 0.00118164742226437 0
4802 -0.001033076651950005 0.001131579117929529 0
4803 -0.001076531817333715 0.001156923784380516 0
4804 -0.001110734794313601 0.001136863979138604 0
4805 -0.001081676748938965 0.00120013101422161 0
4806 -0.001066217039713003 0.001235135972544098 0
4807 -0.0009630355916291251 0.001160646994323994 0
4808 -0.001054850495884117 0.001091805328999259 0
4809 -0.001120769413798154 0.001207985282009643 0
4810 -0.0009997684998754486 0.001107568117753695 0
4811 -0.0009960052473881225 0.001245165990630089 0
4812 -0.001086974335004856 0.001254258533665665 0
4813 -0.001057272842877256 0.00126295683740859 0
4814 -0.00104409293705029 0.001214440019311528 0
4815 -0.001087605661850908 0.0009224279531686215 0
4816 -0.0009524563563694115 0.0009930890476850681 0
4817 -0.0009729860983616408 0.0008889269928673305 0
4818 -0.001051468871208479 0.001016016886195055 0
4819 -0.001089605886136284 0.000980372142959934 0
4820 -0.001051468868316166 0.0008825307002884764 0
4821 -0.0009950746175820841 0.001023613729454917 0
4822 -0.0009448546864568236 0.0009351165846077269 0
4823 -0.000937626233446979 0.0009661939007132897 0
4824 -0.001096779018542668 0.0009523310546758394 0
4825 -0.0009445506066404988 0.0009026940764226855 0
4826 -0.0009661259475765508 0.001018942365879346 0
4827 -0.00102412504545669 0.001028053864222278 0
4828 -0.001081823998846691 0.001007096071203438 0
4829 -0.001026324121429545 0.0008632821063788264 0
4830 -0.001013240197149837 0.0008982496867986547 0
4831 -0.001049920954711207 0.0009191998072385002 0
4832 -0.001015807594366032 0.0009413450656927463 0
4833 -0.001055216971429172 0.0009576764206873361 0
4834 -0.001021105034640043 0.0009888670413050965 0
4835 -0.0009825886816379817 0.0009627052270278267 0
4836 -0.0009797988272417315 0.0009225890216834588 0
4837 -0.0009963368959982036 0.0008665434126829757 0
4838 -0.00107969644312368 0.0008932708659543382 0
4839 -0.000984325331189567 0.0009949116320179707 0
4840 -0.001059769179322423 0.0009885703713651012 0
4841 -0.0008757840335538933 0.0008346885651792906 0
4842 -0.0007406341978726773 0.0009053368728077589 0
4843 -0.0007611644755366939 0.0008011876000694777 0
4844 -0.0008396472393634454 0.0009282774951689839 0
4845 -0.0008777833014646802 0.0008926334301329337 0
4846 -0.0008396472431364731 0.0007947913100744666 0
4847 -0.0007832540157199741 0.0009358632070523335 0
4848 -0.0007330330601817449 0.0008473771931798434 0
4849 -0.000725800863442914 0.0008784461271433058 0
4850 -0.0008849560111420585 0.0008645924705042344 0
4851 -0.00073272897923291 0.0008149546815761465 0
4852 -0.0008123003578510808 0.0009403050516996097 0
4853 -0.0007543043162490287 0.0009312029733716152 0
4854 -0.0008700023701869714 0.0008037121260248594 0
4855 -0.0008700023676224331 0.0009193566814737149 0
4856 -0.0008145024979893705 0.0007755427146330258 0
4857 -0.0008014232137034806 0.0008105028555309652 0
4858 -0.0008381002259786672 0.0008314584875894171 0
4859 -0.0008039834892095565 0.0008535865073617422 0
4860 -0.0008433909773622723 0.0008699346678149143 0
4861 -0.0008092819261060708 0.0009011128922497522 0
4862 -0.0007707413988555227 0.0008749199475808469 0
4863 -0.0007679822595382968 0.0008348332523782996 0
4864 -0.0007845157463249519 0.0007788032599822107 0
4865 -0.0007725160511157845 0.0009071464965021808 0
4866 -0.0008479473502490083 0.0009008306531867569 0
4867 -0.0006938662489030369 0.0009742240293390922 0
4868 -0.000558760785030854 0.001044943699524011 0
4869 -0.0005792831842277849 0.00094075941445168 0
4870 -0.0006577730569705868 0.001067833772956633 0
4871 -0.0006959186389414873 0.001032140959866662 0
4872 -0.0006577958284830484 0.0009343369040924455 0
4873 -0.0006014063771369878 0.001075449711240481 0
4874 -0.000551144766639368 0.0009869494668720662 0
4875 -0.0005439317612930958 0.00101804028301715 0
4876 -0.0007030882647334924 0.001004090888391342 0
4877 -0.0005508409542113147 0.0009545228874820756 0
4878 -0.0006304799973135088 0.001079874789837527 0
4879 -0.0005724222529793897 0.001070781812896175 0
4880 -0.0006881286473159274 0.00105890211906305 0
4881 -0.0006881028785577316 0.0009432754295055828 0
4882 -0.000632633335467082 0.0009151142928374926 0
4883 -0.0006195708151117855 0.0009500665438180462 0
4884 -0.0006562517121685847 0.0009709532914142874 0
4885 -0.0006221947694535333 0.0009931433636819085 0
4886 -0.0006615910616351194 0.001009404775543702 0
4887 -0.0006274424931835569 0.001040683691389773 0
4888 -0.0005889908326592232 0.001014596660513924 0
4889 -0.000586134990079943 0.0009744293023101976 0
4890 -0.0006026444465636806 0.0009183733141624507 0
4891 -0.0005906143602981023 0.001046777733487778 0
4892 -0.0006660782208715983 0.001040545327913381 0
4893 -0.00072379252072572 0.001201536635932407 0
4894 -0.0005886866549546312 0.001272246670113933 0
4895 -0.0006092094566657846 0.001168072023593834 0
4896 -0.0006876993325806737 0.001295146380777102 0
4897 -0.0007258441971547316 0.001259454073803172 0
4898 -0.0006877220988554533 0.001161649511986058 0
4899 -0.0006313334082737517 0.0013027539288867 0
4900 -0.0005810710392192267 0.001214262076004955 0
4901 -0.0005738552148273229 0.001245346565431096 0
4902 -0.0007330135034576644 0.001231404096224363 0
4903 -0.0006604039500479127 0.001307180287155794 0
4904 -0.0005807672267857218 0.001181835496697343 0
4905 -0.0006023485254330317 0.001298094421896113 0
4906 -0.0007180291492377913 0.00117058803632552 0
4907 -0.000718054922468562 0.001286214725641388 0
4908 -0.0006625596051701365 0.001142426901628168 0
4909 -0.0006495005884108144 0.001177373526680271 0
4910 -0.0006861786659800633 0.001198264438549863 0
4911 -0.0006521191728350691 0.001220441486000976 0
4912 -0.0006915140487089589 0.001236715586233803 0
4913 -0.0006573676449173926 0.001267985165843568 0
4914 -0.0006188977742057393 0.001241874621444345 0
4915 -0.0006160650860382903 0.001201729529795164 0
4916 -0.0006325710747922977 0.001145685349219475 0
4917 -0.0006205499188646591 0.001274070957467882 0
4918 -0.0006960042236605459 0.001267857376102247 0
4919 -0.0009406361396621112 0.001316121535440996 0
4920 -0.0008022543228672378 0.001356562739830531 0
4921 -0.0008457986569256248 0.00124398380325048 0
4922 -0.0008974118665962942 0.001378028317181149 0
4923 -0.0007928926654929659 0.001302001467432434 0
4924 -0.0009003961698205664 0.001250804709544783 0
4925 -0.0008435161820945838 0.001396563336279172 0
4926 -0.0007931251780498158 0.001269917900942486 0
4927 -0.0008286855262830388 0.001281357947218419 0
4928 -0.0008242619152004421 0.001324702887596531 0
4929 -0.0008616982906327791 0.001309376403321382 0
4930 -0.0008514742845770317 0.001360920627498067 0
4931 -0.000895839710012338 0.00133494290375168 0
4932 -0.0008994956099538252 0.001293583740818834 0
4933 -0.0009283797849124508 0.001353416304724518 0
4934 -0.0008684900581641599 0.001269598004386475 0
4935 -0.0009333482315645857 0.001280607000883565 0
4936 -0.0007811437728712673 0.001332101125529026 0
4937 -0.0008741600709834185 0.0012315632595478 0
4938 -0.0008730037874573236 0.001400908097043904 0
4939 -0.0008179270216667081 0.001385147867208871 0
4940 -0.0008140141837090519 0.00124773321898079 0
4941 -0.001343197369371862 0.0005251802419600901 0
4942 -0.001204815553751546 0.0005656214436721256 0
4943 -0.001248359888498491 0.0004530425070720695 0
4944 -0.001299966890308558 0.0005870849465379439 0
4945 -0.001195453896196861 0.0005110601710339475 0
4946 -0.001302950494736999 0.0004598634462498114 0
4947 -0.001246077982278824 0.0006056218022064526 0
4948 -0.001195686408749192 0.0004789766042294522 0
4949 -0.001231242075471117 0.0004904164433935419 0
4950 -0.001226822626841495 0.0005337616803265937 0
4951 -0.001264248184572054 0.0005184300666799512 0
4952 -0.001254030790645083 0.0005699761396327312 0
4953 -0.00129838599374472 0.0005439966967741321 0
4954 -0.001302022063196609 0.0005026483363234242 0
4955 -0.001330921233838339 0.0005624820193564272 0
4956 -0.001271038443863287 0.000478657788586557 0
4957 -0.001335883932272417 0.0004896566912109192 0
4958 -0.00118370500331005 0.0005411598293534684 0
4959 -0.001276720274654995 0.0004406220215619655 0
4960 -0.001275564477136485 0.000609966514927392 0
4961 -0.00122048765894103 0.0005942060812622761 0
4962 -0.001216575073647547 0.0004567919071412535 0
4963 -0.001550590442047458 0.0006119501885173843 0
4964 -0.001416627491744191 0.0005725568159893922 0
4965 -0.001461609666273687 0.0006834484641061263 0
4966 -0.001511595912068787 0.0005507866108667855 0
4967 -0.001407268466251067 0.0006271149244078183 0
4968 -0.001535468082094851 0.000668438939395184 0
4969 -0.001457879915155068 0.0005325560037759574 0
4970 -0.001407501038190471 0.0006591942879363823 0
4971 -0.001442100548741674 0.0006456036812911481 0
4972 -0.001438634345888794 0.000604413711976729 0
4973 -0.001474083952887981 0.000618001688431221 0
4974 -0.001465571152228945 0.0005679423593602194 0
4975 -0.001509039314313394 0.0005932702081593262 0
4976 -0.001543227927889685 0.0005732031942607702 0
4977 -0.001514168721275831 0.0006364809729667176 0
4978 -0.001498702866690821 0.0006714864152754329 0
4979 -0.001395523094527737 0.0005970183071097898 0
4980 -0.001487338641712634 0.0005281755334059636 0
4981 -0.001432256856698648 0.0005439382165680473 0
4982 -0.001553260705023337 0.000644345616661334 0
4983 -0.001428492927812279 0.0006815362974007566 0
4984 -0.001519451192805813 0.0006906089938307731 0
4985 -0.001489757846003682 0.0006993079467500871 0
4986 -0.001476582443720734 0.0006507916145805799 0
4987 -0.001520668479633243 0.0003846316734697875 0
4988 -0.001386701219217278 0.0003452442068305775 0
4989 -0.001431682993139057 0.0004561311695477969 0
4990 -0.001481671784952275 0.0003234696980401923 0
4991 -0.001377342193671166 0.0003998023153131324 0
4992 -0.001505542366306715 0.0004411209562395704 0
4993 -0.001427953301407901 0.000305243251544222 0
4994 -0.001377574765609357 0.0004318816789268715 0
4995 -0.001412175821038376 0.0004182892551580044 0
4996 -0.001408708387867956 0.0003771011568261686 0
4997 -0.001444161608486714 0.0003906833431535596 0
4998 -0.001435647234137381 0.0003406270340548719 0
4999 -0.001479119768189688 0.0003659492239688144 0
5000 -0.001513303551140832 0.0003458797864449565 0
5001 -0.001484243950980157 0.0004091611792656116 0
5002 -0.001468776027669794 0.000444166784085119 0
5003 -0.001365596821876453 0.0003697056979536094 0
5004 -0.001457412587578646 0.0003008625522072231 0
5005 -0.001402330871824824 0.0003166251988843491 0
5006 -0.001523335705624329 0.0004170293162027963 0
5007 -0.001398566714184465 0.0004542233501800577 0
5008 -0.001489521334878233 0.0004632893698344455 0
5009 -0.001459830729200263 0.0004719885395199006 0
5010 -0.001446656843348799 0.0004234723702290762 0
5011 -0.001308271535903826 0.0003247515560497305 0
5012 -0.00117312141573689 0.0002541101349563908 0
5013 -0.001193651978032947 0.0003582525163067894 0
5014 -0.001272134746035085 0.0002311626228602622 0
5015 -0.001310270290657224 0.0002668063255257314 0
5016 -0.001272134742262057 0.0003646488079547792 0
5017 -0.001215742077367429 0.0002235829093586526 0
5018 -0.001165520563073754 0.0003120629230500643 0
5019 -0.001158286348725807 0.0002809985069763842 0
5020 -0.001317442770347882 0.0002948472171479274 0
5021 -0.001244786218621982 0.000219140142179536 0
5022 -0.00116521648193889 0.0003444854347684319 0
5023 -0.001302489870521045 0.0003557279942595103 0
5024 -0.00118679181939558 0.0002282371427331765 0
5025 -0.001302489873085583 0.000240083438810655 0
5026 -0.00124698999696423 0.0003838974021129895 0
5027 -0.001233913213599034 0.0003489412687011657 0
5028 -0.001270588210767379 0.0003279826686191868 0
5029 -0.001236469650439719 0.0003058639363506877 0
5030 -0.001275876124687268 0.0002895067211112655 0
5031 -0.001241768632429266 0.0002583351796854974 0
5032 -0.001203215063473154 0.0002845449023461156 0
5033 -0.001200472480137557 0.000324615687108002 0
5034 -0.0012170035018239 0.00038063726545862 0
5035 -0.001205010215356092 0.0002523075023400419 0
5036 -0.001280434747481382 0.0002586096413421278 0
5037 -0.001126353751801649 0.0004105953421248878 0
5038 -0.0009912480860030655 0.0004813101766888531 0
5039 -0.001011770687126397 0.0003771307272374757 0
5040 -0.001090260559869198 0.0005042050857424292 0
5041 -0.001128405782840805 0.0004685125271578556 0
5042 -0.00109028333138166 0.0003707082168782411 0
5043 -0.001033894259740666 0.0005118168140621948 0
5044 -0.0009836322695379797 0.0004233207796578619 0
5045 -0.0009764178500218221 0.0004544084215561735 0
5046 -0.001135575248958351 0.0004404625028522315 0
5047 -0.0009833284571099264 0.0003908942002678714 0
5048 -0.001062966334658334 0.0005162425345974629 0
5049 -0.001004909755878001 0.0005071531256819705 0
5050 -0.001120616150214539 0.0004952734318488458 0
5051 -0.001120590381456343 0.0003796467422913785 0
5052 -0.001065120838365694 0.0003514856056232882 0
5053 -0.001052060075539017 0.0003864350335260778 0
5054 -0.001088739557464411 0.0004073238710974214 0
5055 -0.001054681335508148 0.0004295074075490146 0
5056 -0.001094076916269667 0.000445775186227683 0
5057 -0.001059929433314484 0.0004770494179788364 0
5058 -0.001021468638295037 0.0004509505891932666 0
5059 -0.001018624412847757 0.0004107944021513303 0
5060 -0.001035132128801947 0.0003547443388790867 0
5061 -0.001023106521585237 0.0004831393213341973 0
5062 -0.001098565587533159 0.000476916359954441 0
5063 -0.001156280023624332 0.0006379079487182028 0
5064 -0.001021174070191884 0.0007086158866834722 0
5065 -0.001041696959564396 0.0006044433363796296 0
5066 -0.001120186835479285 0.0007315176935628969 0
5067 -0.001158331544271586 0.0006958254970770816 0
5068 -0.001120209601754065 0.0005980208247718533 0
5069 -0.001063821076408232 0.0007391234168790291 0
5070 -0.001013558542117839 0.0006506333887907497 0
5071 -0.001006342104404028 0.0006817165024160641 0
5072 -0.001165500781283946 0.0006677755399781655 0
5073 -0.001092890948351973 0.0007435500538123373 0
5074 -0.001013254729684334 0.0006182068094831378 0
5075 -0.001034836028331643 0.000734465734681908 0
5076 -0.001150516652136403 0.0006069593491113155 0
5077 -0.001150542425367174 0.0007225860384271833 0
5078 -0.001095047108068748 0.0005787982144139634 0
5079 -0.00108198885224808 0.0006137436165718209 0
5080 -0.001118666317019261 0.0006346354338879369 0
5081 -0.001084606268314255 0.0006568096494722771 0
5082 -0.001124000836663759 0.0006730865087472063 0
5083 -0.001089854903715913 0.0007043540574755664 0
5084 -0.001051381071512361 0.000678238399840605 0
5085 -0.00104855341886673 0.0006380981509417577 0
5086 -0.001065058655337711 0.0005820565372201434 0
5087 -0.00105303944174886 0.0007104380537295665 0
5088 -0.001128491667478214 0.0007042285673903233 0
5089 -0.001373123642560722 0.0007524928482267915 0
5090 -0.001234741825765849 0.0007929340526163267 0
5091 -0.001278286159824237 0.0006803551160362757 0
5092 -0.001329896048653593 0.0008143985191209468 0
5093 -0.001225380168391577 0.0007383727802182293 0
5094 -0.001332879976166787 0.0006871760393310054 0
5095 -0.001276003989940867 0.0008329345216383517 0
5096 -0.001225612680948427 0.0007062892137282818 0
5097 -0.00126117052352765 0.0007177291491106083 0
5098 -0.001256749140151044 0.00076107424807282 0
5099 -0.001294179726550408 0.000745745018739568 0
5100 -0.001283959259292348 0.0007972902319735171 0
5101 -0.001328319214263854 0.0007713115876658953 0
5102 -0.001331964500509874 0.0007299582054964652 0
5103 -0.001360856702668556 0.0007897913681004417 0
5104 -0.001300970686219015 0.0007059698953679294 0
5105 -0.001365822069998645 0.0007169734882806756 0
5106 -0.001213631275769879 0.0007684724383148217 0
5107 -0.001306647023517799 0.0006679346033204807 0
5108 -0.001305491001722192 0.0008372792564257549 0
5109 -0.001250414206960231 0.0008215189177465292 0
5110 -0.001246501503979821 0.0006841045236839614 0
5111 -0.001430906200443872 -0.000206025782755934 0
5112 -0.001295800526945193 -0.0001353112058506445 0
5113 -0.001316323131438625 -0.000239490392920869 0
5114 -0.001394813013176538 -0.0001124160368442527 0
5115 -0.001432958215580928 -0.0001481085832252664 0
5116 -0.001394835776515423 -0.0002459129057420024 0
5117 -0.001338446733129648 -0.0001048045350909325 0
5118 -0.001288184716919253 -0.0001933003418445317 0
5119 -0.001280970224187346 -0.0001622128711986171 0
5120 -0.001440127671477066 -0.0001761586056731382 0
5121 -0.001287880905638737 -0.0002257269180366409 0
5122 -0.001367518724639911 -0.0001003787804970436 0
5123 -0.001309462208405125 -0.0001094679945062029 0
5124 -0.001425168603644725 -0.0001213476918563019 0
5125 -0.001425142828064704 -0.0002369743828475603 0
5126 -0.001369673281413118 -0.0002651355154343519 0
5127 -0.001356612617024229 -0.0002301862405830606 0
5128 -0.001393292023983857 -0.0002092972908988692 0
5129 -0.001359233733869786 -0.0001871141081272363 0
5130 -0.00139862927713845 -0.0001708459851540502 0
5131 -0.001364481854643278 -0.0001395720066189573 0
5132 -0.001326020563233688 -0.0001656714743418417 0
5133 -0.001323176965026902 -0.0002058270554262466 0
5134 -0.001339684582323915 -0.0002618767961334621 0
5135 -0.00132765922655722 -0.0001334823268829936 0
5136 -0.001403118032656803 -0.0001397047779977028 0
5137 -0.001642750257297744 -0.0001182486403309324 0
5138 -0.001507601074568756 -4.758458350479317e-05 0
5139 -0.001528130694420735 -0.0001517495980831315 0
5140 -0.001606613470482802 -2.465970605293467e-05 0
5141 -0.001644750704431386 -6.030460701175862e-05 0
5142 -0.001606613462309934 -0.0001581458919088306 0
5143 -0.001550218977068946 -1.706028429523491e-05 0
5144 -0.001499999282657727 -0.000105560006352052 0
5145 -0.001492771695373592 -7.448074922860874e-05 0
5146 -0.001651923933693187 -8.834572495978769e-05 0
5147 -0.001499695202835952 -0.0001379825144547323 0
5148 -0.0015212705436513 -2.173422521342163e-05 0
5149 -0.001579270352618917 -1.262054518189427e-05 0
5150 -0.001636968597622958 -3.358052231102057e-05 0
5151 -0.001581468714753205 -0.0001773944849225125 0
5152 -0.00156838371593251 -0.0001424251807503423 0
5153 -0.001605065341496437 -0.0001214763377543089 0
5154 -0.001570952762099543 -9.932708523167241e-05 0
5155 -0.001610362578109592 -8.299962345595858e-05 0
5156 -0.001576249973922321 -5.180613255239185e-05 0
5157 -0.001537739215550501 -7.796073628945267e-05 0
5158 -0.001534942248461626 -0.0001180837749222279 0
5159 -0.001551481380690826 -0.0001741330023845977 0
5160 -0.001634841016218 -0.0001474056816165023 0
5161 -0.001539467068225856 -4.575899912389432e-05 0
5162 -0.001614913823308631 -5.210614501345132e-05 0
5163 -0.001613394534394232 -0.0003197223066074309 0
5164 -0.00147943203993967 -0.0003591163060479017 0
5165 -0.001524414255168909 -0.0002482241630403707 0
5166 -0.001574400235201657 -0.0003808860548302802 0
5167 -0.001470073014393558 -0.0003045581975653469 0
5168 -0.001598272568797902 -0.0002632336126894476 0
5169 -0.00152068450077535 -0.0003991171029353747 0
5170 -0.001470305586331748 -0.0002724788339516077 0
5171 -0.001504904933195877 -0.0002860692487099144 0
5172 -0.001501438860845806 -0.0003272594157052227 0
5173 -0.001536888085494534 -0.0003136708273137927 0
5174 -0.001528375452108279 -0.0003637304751879069 0
5175 -0.001571843151664016 -0.000338402027629622 0
5176 -0.001606032276967333 -0.0003584687836066148 0
5177 -0.001576973109446514 -0.0002951913887203877 0
5178 -0.001561507472361649 -0.0002601859642709144 0
5179 -0.001458327642598844 -0.0003346548149248699 0
5180 -0.001550143169099693 -0.000403497548236719 0
5181 -0.001495061374817725 -0.000387734862274904 0
5182 -0.001616065117056992 -0.0002873271123470426 0
5183 -0.001491297468931355 -0.0002501367884116206 0
5184 -0.001582256115782128 -0.0002410633854664054 0
5185 -0.001552562479933185 -0.000232364457292222 0
5186 -0.001539386919670443 -0.0002808808063626239 0
5187 -0.001401573994326786 -0.0004074631909364984 0
5188 -0.001267610418918993 -0.000446855696192803 0
5189 -0.001312592522551683 -0.0003359647418247375 0
5190 -0.001362579149372366 -0.0004686265343244926 0
5191 -0.001258251383796146 -0.0003922975898284148 0
5192 -0.001386451078613975 -0.0003509743648180228 0
5193 -0.001308862789205013 -0.0004868565323947444 0
5194 -0.001258483955456023 -0.000360218226453232 0
5195 -0.001293083693265583 -0.0003738091005413819 0
5196 -0.001289617307959646 -0.0004149987895377757 0
5197 -0.001325067447055977 -0.0004014116712997544 0
5198 -0.001316554420134203 -0.0004514705543588686 0
5199 -0.001360023222512455 -0.0004261435390956692 0
5200 -0.001394211128292391 -0.0004462109028765529 0
5201 -0.001365151858288187 -0.0003829325988644426 0
5202 -0.00134968569766728 -0.0003479271341469949 0
5203 -0.001246506012971878 -0.0004223942097762851 0
5204 -0.001338321599941767 -0.0004912370342163445 0
5205 -0.001283239824201253 -0.0004754743596657072 0
5206 -0.001404243808038255 -0.0003750674367663767 0
5207 -0.001279475852713156 -0.0003378762666134387 0
5208 -0.001370433576434868 -0.0003288045535666824 0
5209 -0.001340740634736961 -0.0003201055709184231 0
5210 -0.001327565458490874 -0.0003686218782397074 0
5211 -0.001219669946705291 -0.000265924228621762 0
5212 -0.001085724742870956 -0.0002264784616154641 0
5213 -0.001130720958116376 -0.000337396490921805 0
5214 -0.001180698411175887 -0.000204733607243627 0
5215 -0.001076363090260371 -0.0002810397332206173 0
5216 -0.00120456541143403 -0.0003223996591670639 0
5217 -0.001126987899380541 -0.0001864784051008186 0
5218 -0.001076595601796002 -0.0003131233031089114 0
5219 -0.001111196645949648 -0.0002995375395356782 0
5220 -0.001107731176934263 -0.0002583381120441488 0
5221 -0.001143174800617635 -0.0002719497333185792 0
5222 -0.001134667114609123 -0.0002218761081879025 0
5223 -0.001178121204212025 -0.0002472297226725857 0
5224 -0.00121232619476925 -0.0002271792945273783 0
5225 -0.001183262990239377 -0.0002904483125934616 0
5226 -0.001167813977247738 -0.0003254447543881386 0
5227 -0.00106461419376768 -0.0002509400766584806 0
5228 -0.001222340550580964 -0.0002983192385843956 0
5229 -0.001156450247438618 -0.0001821058642735101 0
5230 -0.001101357971171886 -0.0001978584878361652 0
5231 -0.001097594052296479 -0.0003354673197537396 0
5232 -0.001188584920577703 -0.0003445552972193936 0
5233 -0.001158875901622579 -0.0003532624879948681 0
5234 -0.001145686519723547 -0.0003047474018070408 0
5235 -0.001249010844346723 -6.645256416027639e-05 0
5236 -0.001113904320145509 4.241743948463958e-06 0
5237 -0.001134427780286788 -9.991717649884932e-05 0
5238 -0.001212917656201677 2.715718068441765e-05 0
5239 -0.001251061351109315 -8.53429639773073e-06 0
5240 -0.001212940422476457 -0.0001063396881066259 0
5241 -0.001156552975444146 3.475104023152232e-05 0
5242 -0.00110628936284023 -5.372712408772932e-05 0
5243 -0.001099068935461996 -2.265295473774876e-05 0
5244 -0.001258230137137958 -3.65841201354471e-05 0
5245 -0.001243247472858794 -9.74011637671637e-05 0
5246 -0.001185618492259376 3.917949147089308e-05 0
5247 -0.001105985550406725 -8.615370339534102e-05 0
5248 -0.001243273246089565 1.822552554870399e-05 0
5249 -0.001127566849054035 3.010522180342874e-05 0
5250 -0.00118777792879114 -0.0001255622984645157 0
5251 -0.001174724614872477 -9.062484217768892e-05 0
5252 -0.001211398099197129 -6.972714092030854e-05 0
5253 -0.001177334431897565 -4.757132997408103e-05 0
5254 -0.001216727006077954 -3.127653688394767e-05 0
5255 -0.001182584136386795 -2.219536421091384e-08 0
5256 -0.001144084535352558 -2.617109310868134e-05 0
5257 -0.001141289621537566 -6.62798531623176e-05 0
5258 -0.001157789980335817 -0.000122304786461502 0
5259 -0.001145783400372267 6.050119456493523e-06 0
5260 -0.001221222103907395 -1.327342242100473e-07 0
5261 -0.001461417852069987 4.912777323012846e-05 0
5262 -0.001327472646488241 8.857353973784732e-05 0
5263 -0.001372468852303524 -2.234448302875566e-05 0
5264 -0.001422446316476731 0.0001103183960071458 0
5265 -0.001318110989113969 3.401226733974991e-05 0
5266 -0.001446313308683488 -7.347656887668015e-06 0
5267 -0.00136873580191051 0.0001285735958339947 0
5268 -0.001318343501670819 1.928700849802515e-06 0
5269 -0.001352944544001743 1.551446496187814e-05 0
5270 -0.001349479072330736 5.671388765105497e-05 0
5271 -0.001384922700220835 4.310227423594997e-05 0
5272 -0.001376415017805526 9.317589562807312e-05 0
5273 -0.001419869110319972 6.78222863025992e-05 0
5274 -0.001454074101674283 8.787271068149365e-05 0
5275 -0.001425010889581323 2.460369369279774e-05 0
5276 -0.001409561871996394 -1.039274706884229e-05 0
5277 -0.00130636209649227 6.411192543634236e-05 0
5278 -0.0014640884506801 1.673275998620756e-05 0
5279 -0.001398198153980339 0.0001329461359552221 0
5280 -0.001343105874688056 0.0001171935139547867 0
5281 -0.001339341949483356 -2.041531508907996e-05 0
5282 -0.00143033281097544 -2.950329198100183e-05 0
5283 -0.001400623793697775 -3.82104797103054e-05 0
5284 -0.001387434416348927 1.030460654498865e-05 0
5285 4.108207208626633e-05 0.001641384421283961 0
5286 -0.001595719708622527 0.0003856451038721236 0
5287 -0.001125325066415354 -0.001192893367047744 0
5288 0.001444662300947938 0.0007758684008801564 0
5289 0.0004775188297795504 -0.001566112705943553 0
5290 -0.0004561538893745565 0.001578447658687851 0
5291 -0.00140657740789057 0.0008499766740769676 0
5292 0.001386692137230445 -0.0008703913503388107 0
5293 0.001597277518750742 -0.000356998012254269 0
5294 -6.884343154068409e-05 -0.001631469345316376 0
5295 0.001097277684365829 0.001203850581407738 0
5296 -0.001445753516513475 -0.0007484020499549084 0
5297 -8.346737765765853e-05 -0.00030847548702516 0
5298 0.0001996445240573401 -0.001734715192418425 0
5299 0.001625180264473652 -0.0006351870429702126 0
5300 -0.0002232368287473329 0.001737926546007771 0
5301 0.001392650781061466 0.001057566784061767 0
5302 -0.001382225176356961 -0.001081992233597555 0
5303 -0.001625646376449457 0.0006636107443734851 0
5304 0.0003158532367624423 7.093921880615465e-05 0
5305 0.0008511073409204992 0.001435668512781595 0
5306 0.000221693449077795 -0.0002332486356680283 0
5307 -0.0004072305292849509 -0.001611065649242625 0
5308 -0.0002446885590480715 0.0002120588081347646 0
5309 -0.0003094214187231648 -9.622255488305982e-05 0
5310 -0.0003183642635984066 0.001683109039104398 0
5311 0.001651788730773 -2.880433387569875e-05 0
5312 0.0008011433458335526 -0.001449205045880112 0
5313 0.001194539628944167 -0.001152428090433587 0
5314 0.0001033645909601835 0.0003072520608368559 0
5315 -0.0008529488321508451 -0.001407562419841563 0
5316 0.001580564954190838 0.0004596486175840575 0
5317 -0.001620729100878551 0.0005656956336670012 0
5318 -0.0001136349184381114 0.001706254920863997 0
5319 -0.001631768791770138 3.967457644908749e-05 0
5320 0.0003872810634675208 0.001590389160288711 0
5321 -0.001182751287840867 0.001126829246414235 0
5322 -0.0007781853133954492 0.001432262751012558 0
5323 -0.00129141654947904 -0.001119688779465068 0
5324 -0.001557690211255666 -0.0004640680361384782 0
5325 0.001415097088986979 0.0009465755539089739 0
5326 -0.0005307576013742015 0.001493688665141345 0
5327 -0.001312091714072369 0.0008985434546966355 0
5328 -0.0006195544737954542 -0.0006349909197938175 0
5329 0.000595863421340861 0.0008990550611245586 0
5330 0.0002452614848681515 -0.0008467718602230461 0
5331 0.001069135442001847 -5.757210111608363e-05 0
5332 -0.0008349378323206316 0.0001806936244292196 0
5333 0.001514362721746217 -0.0007543755761778276 0
5334 -0.0002585009111825806 0.0008202015941105344 0
5335 -0.001557134597017399 0.0002901117486210517 0
5336 0.0001195620490771563 0.001583213802137275 0
5337 -0.001020553698960434 -0.001203831160569448 0
5338 0.008716520470214756 0.01223779073247384 0
5339 -0.01437070794678165 0.001249091719884342 0
5340 -0.006085857713047181 0.01347671469504806 0
5341 -0.008310210683570615 -0.01186821082334838 0
5342 0.006181891138878677 -0.01318113387247416 0
5343 0.01465728385496275 -0.001186375032322031 0
5344 0.01201143929583294 -0.008536078666788797 0
5345 -0.01309737364290747 -0.006388866690857747 0
5346 -0.01211765538073955 0.00833610258789667 0
5347 0.001262748151098824 0.01443327741227445 0
5348 0.01296751432177627 0.005944818189245368 0
5349 -0.001167383302978844 -0.01459394050894306 0
5350 -0.0004782981196434059 0.000974972060333636 0
5351 0.0008881476349588898 3.236697672217868e-05 0
5352 0.001424316131888762 0.0006693416333529141 0
5353 -0.0002749524721111748 -0.00149666540668964 0
5354 0.0005356350645468532 -0.001475593605725476 0
5355 0.001599757443538549 -0.0005348005794942738 0
5356 0.000853830443428479 0.001261796545702709 0
5357 -0.001018176692128746 0.0002977605737434122 0
5358 -0.0007540144313383158 -0.0008445686316550667 0
5359 0.0005889534235071536 0.0006351779532743348 0
5360 -0.0005624380847635023 -0.0008935221820985222 0
5361 0.001288776936546822 -0.0008974683633732605 0
5362 0.0004874340573746071 -0.0009490109031904493 0
5363 0.0008493298122463648 -0.0001995051742409737 0
5364 -0.001057073215447714 3.919535451119578e-05 0
5365 1.53053194387481e-05 0.0003533640724219839 0
5366 0.0001003070059441972 -0.001685650797912881 0
5367 0.0004590343421632375 -0.0007369448615913598 0
5368 0.0004154601119282356 0.0007918271316697143 0
5369 0.001514682301225589 -0.000126318349368988 0
5370 -0.0002578348919397469 0.001035923412235307 0
5371 -0.000294350884080073 -0.000277220034201328 0
5372 -0.0004866419772979029 0.00075828094926726 0
5373 -0.0001886082153048723 0.0003019053606344506 0
5374 -0.001114024179547303 0.0002197584529859685 0
5375 -0.0003658133637401816 -5.351510383085531e-06 0
5376 0.0003218719964197666 0.0001793706190568349 0
5377 -0.001410999648529208 -0.0009228283959791046 0
5378 -0.0004020500848296211 -0.0007613845601337431 0
5379 0.0007763673582612741 0.0007544766423569665 0
5380 7.597294428942694e-05 -0.0003962355184731725 0
5381 0.001246444843675435 0.00111777367775282 0
5382 0.0003547797044619107 -0.00107365074119054 0
5383 -0.001407870739020932 -0.0006515393532602726 0
5384 -0.0007629579935357106 -0.0007240345759318963 0
5385 0.0007890804440497558 -4.226106726953614e-05 0
5386 0.0002377853919868676 -0.001015488099834058 0
5387 0.000989763239932272 -0.0003073998712182028 0
5388 -0.0009045925614743873 -4.39514969603018e-05 0
5389 0.0003787075296942033 -0.0001348554828986821 0
5390 -0.001442575789335849 -0.0004968672628704738 0
5391 -0.0001389991740264227 -0.001552389963819422 0
5392 0.0004298345239384818 0.0006787629963368291 0
5393 0.001535830833867678 -0.0002669811394379943 0
5394 0.001161390714493569 -0.0009773798895730305 0
5395 -0.001147985813019084 0.001001852403805027 0
5396 0.0003461181488305742 -0.00069408676578756 0
5397 -0.0003759087466683529 0.001075869108539346 0
5398 -0.0003776633869929351 0.0007026932800901062 0
5399 -0.0006598715169904745 0.001375932556846265 0
5400 0.0006409904091441772 -0.001375023420673592 0
5401 0.0009923354326468303 0.001191856417119027 0
5402 0.0007409772219537399 0.0008712140519796391 0
5403 -0.000872325082631001 -0.001233073213696227 0
5404 -0.001499219709215021 0.0001455446422594026 0
5405 0.001129892750876554 -0.0001980976259404833 0
5406 0.0002482087726549783 0.001485703413356279 0
5407 -0.0007997083733880943 2.028650337183123e-05 0
5408 0.001424312847238903 0.0005202332066533672 0
5409 -0.001488129693620488 0.0007587251172620749 0
5410 -0.0004373144526809312 -0.0006378834587706376 0
5411 0.0002844106926745059 0.0002980768458012437 0
5412 0.0009430817315419399 -0.0006736797716147899 0
5413 -0.0008727629526913 0.0002829850772492922 0
5414 0.001052884113549923 0.0004791018915941524 0
5415 -0.000199454427573964 -0.001100707786336805 0
5416 -0.0003932834601151652 0.0001112604629646587 0
5417 -0.0001832578904661847 -0.0003224548959852386 0
5418 -0.001057271628111722 -0.0003836122248313657 0
5419 0.0004883647681121216 0.0009097815015504333 0
5420 0.00018676672426799 -0.0003300114645154612 0
5421 0.0003823327059869615 -1.818061803777415e-06 0
5422 -0.0001794373588430703 0.0008989346353687683 0
5423 -0.0001051569397385051 0.0003964154894974169 0
5424 0.0001206720444469274 0.001152900706209665 0
5425 -0.0005339498425966127 0.0008832125425263965 0
5426 0.0008501201949117268 -0.000714441086892935 0
5427 -0.001032070496924626 -0.0004925924074299057 0
5428 0.0006905595283657085 0.0006079102976081804 0
5429 0.001033476131078175 3.903489401927539e-05 0
5430 -0.000876192268060238 0.0007286338983904526 0
5431 -0.0008648641126501795 0.0006029742389710616 0
5432 0.0005591523549494114 -0.0008647855024789254 0
5433 -0.0001007287640801644 -0.001148116625860246 0
5434 0.0002098153991913753 0.001068949023774444 0
5435 -0.0004077124579126395 -0.0008720299534118836 0
5436 0.001044858686418574 0.0003691903526792372 0
5437 -0.001140467714753676 0.0001014673018915632 0
5438 0.0008700680683710438 -0.0003151283284604483 0
5439 0.0001606074835153164 -0.0009091356770050346 0
5440 -0.0007126873027286124 -0.00058740577039027 0
5441 0.0009437196673804191 0.0004785954995746107 0
5442 9.800176815936209e-05 0.001048708894621203 0
5443 -0.0006637499361627308 -0.0009385695276807928 0
5444 0.000842303260856954 -0.0006302042197341628 0
5445 -0.001033075986781469 -7.038582961440204e-05 0
5446 -0.0001714182908344653 -0.00100090492804339 0
5447 0.0001830283378245821 0.0009906671143887558 0
5448 -0.0004317610804251601 -0.0009576820961114661 0
5449 0.0004899617766616189 -0.001048079603844151 0
5450 -0.000524683692441742 0.001401487136496427 0
5451 -0.001212418092000107 0.0008699107675986834 0
5452 -0.0007674490248483871 0.0007214423249202378 0
5453 0.0006134549171958954 -0.0007853052040373108 0
5454 -0.0009344478571180546 0.000361374335870632 0
5455 -0.0009605395566343624 -0.0003970364934731874 0
5456 0.0009171797666243569 -0.0003871688414181777 0
5457 -0.0005933797343554003 0.0007891886602219869 0
5458 0.0003847800545602643 0.0009888387784570383 0
5459 0.001166474535337452 -0.0001064286514999605 0
5460 -0.001462234488726363 0.0002396469353025265 0
5461 0.0009891068009410008 0.0001411752402239934 0
5462 -0.001005851995811569 -0.0002957023994430338 0
5463 0.0003867859707610043 0.0009037131967712795 0
5464 0.0008035068869082778 0.0005919553877405031 0
5465 -0.0009233382550817637 -0.0005000000788821535 0
5466 0.0007694040201818512 -0.0001438185488584581 0
5467 0.0001421360829246701 0.001468976618919835 0
5468 0.0009475486039319652 -0.0005349629425230219 0
5469 0.0009389009068751043 0.0003235099214055261 0
5470 -0.0009630828932639229 0.0005861190832160269 0
5471 0.0003072019174091408 -0.0001834141320539684 0
5472 -0.0001658580127675357 0.0009820452935514385 0
5473 -0.0009359070825209373 -0.001141472113600347 0
5474 0.0006776298926996309 0.0009570914189827386 0
5475 -7.470395838409602e-05 -0.001052817544399919 0
5476 0.0002068961448042078 0.0003373274555249024 0
5477 -0.0005203632786960885 -0.0006054826712947487 0
5478 -0.000471102007485356 0.001015017142263729 0
5479 -0.0004396146512121887 0.0009848583042590731 0
5480 -0.0004466593488453609 0.0009479177710640786 0
5481 -0.0004092287470215165 0.0009595757588401015 0
5482 -0.0004171481746907865 0.0009195911202150573 0
5483 -0.0003786298425720206 0.0009326979984746934 0
5484 -0.0003865690295320409 0.0008924247088747498 0
5485 -0.0003478188952474334 0.0009057687018784521 0
5486 -0.0004252851942297814 0.0008791022516667204 0
5487 -0.0003943844057154742 0.0008521733867456837 0
5488 -0.0003399981572264276 0.0009459900084914679 0
5489 -0.0003090949430772641 0.0009190953989868708 0
5490 -0.0004331556882538316 0.0008388082245266258 0
5491 -0.000402205449787299 0.0008119016212015172 0
5492 -0.0003638049488153186 0.000826871490293261 0
5493 -0.0003080652165570316 -0.0001510448526742085 0
5494 -0.0002725688248347144 -0.0001230359448349571 0
5495 -0.0002685418980983184 -8.098851529018437e-05 0
5496 -0.0002349603812212163 -0.0001057202846635873 0
5497 -0.0002305282577455137 -6.475800314106107e-05 0
5498 -0.000197402033309705 -8.911300165867977e-05 0
5499 -0.0001928707323350885 -4.833414353038525e-05 0
5500 -0.0001598239112061522 -7.267277749776792e-05 0
5501 -0.0001552819666891889 -3.187751663657475e-05 0
5502 -0.0001222218330879644 -5.621433945650137e-05 0
5503 -0.0001176775969638189 -1.541579667725279e-05 0
5504 -8.461614104374403e-05 -3.975084346907677e-05 0
5505 -8.007161601006326e-05 1.04828239053783e-06 0
5506 -4.70093477213718e-05 -2.328639971183035e-05 0
5507 -4.246363921257991e-05 1.750865075060058e-05 0
5508 -9.407410109536161e-06 -6.829143185567885e-06 0
5509 -1.395590944983009e-05 -4.761381821504236e-05 0
5510 2.363574870634234e-05 -3.115314658394105e-05 0
5511 2.81834166460522e-05 9.615674270629789e-06 0
5512 6.121383330320436e-05 -1.469973082164663e-05 0
5513 6.575412561842339e-05 2.605251357510756e-05 0
5514 1.909572850815981e-05 -7.193657690951453e-05 0
5515 -7.553214789665156e-05 4.181528978636325e-05 0
5516 9.876397534415454e-05 1.752579455098576e-06 0
5517 0.0001033049162724505 4.249366972955676e-05 0
5518 7.030316413950603e-05 6.679247464116121e-05 0
5519 0.0001078533256126578 8.323069149138309e-05 0
5520 -0.0001883322917188006 -7.575450133413628e-06 0
5521 7.484542828673462e-05 0.0001075348084759152 0
5522 -0.0001267797632000838 -9.69955717277767e-05 0
5523 0.0001124045452675178 0.0001239596212692436 0
5524 0.0001363071355197034 1.822037453304671e-05 0
5525 0.0001317673386446369 -2.251575231473389e-05 0
5526 0.0001692907903293325 -6.058689162173834e-06 0
5527 0.0001647552872497633 -4.67745871615778e-05 0
5528 0.0002022739697028843 -3.03409041667825e-05 0
5529 -0.0002389147744461796 -0.0001444782397973099 0
5530 7.939116033575484e-05 0.0001482830593176617 0
5531 4.181300438394218e-05 0.0001318479461739866 0
5532 4.635802331653805e-05 0.0001726216692868035 0
5533 8.762399461777855e-06 0.000156172192916065 0
5534 0.0001453940803369928 9.966343579222884e-05 0
5535 0.0001499519346831028 0.000140373466734702 0
5536 0.0001977398444707904 -7.104836904610017e-05 0
5537 0.0001602348473986417 -8.751255814379871e-05 0
5538 0.0002352670604974906 -5.461199780195426e-05 0
5539 1.331119796127618e-05 0.0001969594198572407 0
5540 -2.428706887732323e-05 0.0001805060146468197 0
5541 -2.060238972669141e-05 0.0002201186727251763 0
5542 -5.74861687813789e-05 0.0002046503546661581 0
5543 -5.336017439165868e-05 0.0002442652843064406 0
5544 0.0001829203171835165 0.0001160868272973462 0
5545 0.0001874794070218327 0.0001567815057446379 0
5546 0.000154546768735909 0.0001809979510681447 0
5547 0.0001920507228586091 0.0001974695139450756 0
5548 -1.850133681904929e-05 -8.840175763489124e-05 0
5549 1.45625082261791e-05 -0.0001127292198104463 0
5550 -2.304666241973159e-05 -0.0001291996871849645 0
5551 1.001848285770108e-05 -0.000153535367160806 0
5552 -2.760035738535977e-05 -0.0001700110580188992 0
5553 5.480127049371565e-06 -0.000194355160154578 0
5554 4.310286656644899e-05 -0.0001778757986757801 0
5555 3.856698859544288e-05 -0.0002186912518178461 0
5556 7.617787252323414e-05 -0.0002022188236064811 0
5557 7.164343871536766e-05 -0.0002430251235168167 0
5558 3.403186894641645e-05 -0.0002595024036473887 0
5559 -6.191957101998129e-05 0.0001640185639295119 0
5560 -9.498038422216414e-05 0.0001883556947652397 0
5561 -9.950664886601649e-05 0.0001475936287458376 0
5562 0.0002068218098765159 1.042471375419465e-05 0
5563 -0.0002632994131459406 -4.028441833951067e-05 0
5564 0.0002307338084306995 -9.532816825448841e-05 0
5565 0.0002682566163483207 -7.88875267561221e-05 0
5566 -0.0001331348955671853 0.0001734888726352343 0
5567 -0.0001372100958177235 0.0001314014219758756 0
5568 0.0002727850888002618 -3.817562480572672e-05 0
5569 0.0001067066291100512 -0.0002270599186986533 0
5570 6.69244587298857e-05 -0.0002834102125411543 0
5571 -3.215425057512637e-05 -0.0002108432728856994 0
5572 -6.525056237884931e-05 -0.0001864828356270238 0
5573 1.68792011193922e-05 0.0002421731110660052 0
5574 0.000219655266382009 0.0001314464498453701 0
5575 0.0003043253689628327 -6.228549468028839e-05 0
5576 0.0001137818359296924 -0.0001857515822140175 0
5577 5.215427275355899e-05 -9.624723397100228e-05 0
5578 4.229382814598848e-06 0.0001154004208325187 0
5579 -0.0001276114848536572 0.0002142984476672496 0
5580 0.000159796662013388 0.0002203776628855737 0
5581 0.0001967317299138475 0.0002379546572800681 0
5582 2.941617161851367e-05 -0.0002985781346392179 0
5583 -0.0001708462904453229 0.0001573420990668411 0
5584 -0.0001748485278686285 0.0001150465633281769 0
5585 -0.0002078997792308578 0.0001394000255572227 0
5586 -0.0002123200065485464 9.824561927629949e-05 0
5587 -0.0002453984124561459 0.0001226456477195409 0
5588 -0.0002499376249268213 8.17914930686548e-05 0
5589 -0.0002830008654091247 0.0001061423132674411 0
5590 -0.0002873716113286674 6.557522822646295e-05 0
5591 0.0002262181606976513 0.0002127416343143182 0
5592 -0.0007525098308512421 -0.000683540242627689 0
5593 -0.0007234380623597053 -0.0007106043889201964 0
5594 -0.0007325137079481677 -0.000748892570958312 0
5595 -0.0006929634240671088 -0.0007371954738001988 0
5596 -0.0007054297208860769 -0.0007802473010046225 0
5597 -0.0006626895992720533 -0.0007647540800661572 0
5598 -0.0006697474017051953 -0.0008047383525952385 0
5599 -0.0006309981927235473 -0.0007913609996708727 0
5600 -0.0006232051338663974 -0.0007510296253163566 0
5601 -0.0005927050375323195 -0.0007759812269073421 0
5602 -0.0005843530008955375 -0.0007372347006848221 0
5603 -0.0005539668802553276 -0.0007621767513833542 0
5604 -0.0005455563015253342 -0.000723701714948199 0
5605 -0.0005150465459200788 -0.0007504511800723919 0
5606 -0.0005266009663219141 -0.0007921790716124971 0
5607 -0.000638255655425516 -0.0008311434423294644 0
5608 -0.0005067691256439854 -0.0007105577112511773 0
5609 0.00117187274168906 -0.0009368707648817641 0
5610 0.001201009063347808 -0.0009639587519596104 0
5611 0.001191898642539362 -0.00100230377974196 0
5612 0.001231601363551087 -0.0009906282765228115 0
5613 0.001219074746929008 -0.001033968929533521 0
5614 0.001262013474679761 -0.001018362152065299 0
5615 0.001254881773425311 -0.001058580523527411 0
5616 0.000542087761259403 -0.001434952305233689 0
5617 0.0005743005653463971 -0.001463033808914948 0
5618 0.0005670416978745387 -0.001502776714668666 0
5619 0.0006055834427324192 -0.001490195930364157 0
5620 0.0005975969901933091 -0.001530788084579054 0
5621 0.0006367384243516976 -0.001517504254944671 0
5622 0.000644746974124279 -0.001476853282241993 0
5623 0.0006761197198849929 -0.001504133687698399 0
5624 0.0006841066401474351 -0.001466337122791023 0
5625 0.0007154796619051254 -0.001490523860862813 0
5626 0.0008511073409204991 0.001379456321354862 0
5627 0.000890903064833011 0.001405588489577672 0
5628 0.0008891867761485435 0.001362623802266786 0
5629 0.001594243963832675 -0.0004135715230040085 0
5630 0.001632351667670881 -0.000386060798477376 0
5631 0.001639699142327473 -0.0003485916598727129 0
5632 -0.0007155906811252876 -0.000670980984650245 0
5633 -0.0001996688634723189 -0.001156458185409534 0
5634 0.0004283663062842125 0.0008329542215470026 0
5635 0.0004553943157849513 0.0008053621754013387 0
5636 0.0004466313587991436 0.000765009727555396 0
5637 0.0004856482568816218 0.0007783486592919258 0
5638 0.0004771714282794814 0.0007395235174115888 0
5639 0.0005164540342004688 0.000751685134526782 0
5640 0.000524370601575307 0.0007917757110819014 0
5641 0.0005553698724690861 0.0007648837781325451 0
5642 0.00050767489302209 0.0007159526648272865 0
5643 0.0005624507958217528 0.0008043485967435298 0
5644 0.0005925837537805693 0.0007763557604502919 0
5645 0.0005866711245880086 0.0007382189138651276 0
5646 0.0006250073103576454 0.0007510377498166577 0
5647 0.0006300876594747615 0.0007968260568755635 0
5648 0.000664054453526477 0.0007646779575756142 0
5649 0.0006553933529217624 0.0007219393706358977 0
5650 0.0006813851781830654 0.0008110354344577267 0
5651 -0.0004770597521211134 0.001059247077588741 0
5652 -0.00134583308432171 -0.0005514054662056985 0
5653 0.0005321488044340875 0.0008321794753552812 0
5654 -0.0002161386625759158 -0.001200697896485916 0
5655 0.0001292770801829511 0.001427441129163482 0
5656 -0.0001800623863446916 -0.001432596822259582 0
5657 0.0005375991878314338 -0.001390112372951631 0
5658 0.0008809296709238556 -0.0002671312357584772 0
5659 -6.981099887615655e-05 -0.0002273370259473602 0
5660 -0.0001029263303226386 -0.000202961589155611 0
5661 0.001455532520301126 0.0007347591862168388 0
5662 0.001484360469835142 0.0007624587143875898 0
5663 0.001488544549875683 0.0007156206240768302 0
5664 0.001436556332752362 -0.0001931259689668817 0
5665 -0.000189314281135675 0.0003582345017968898 0
5666 -0.0001552776308400607 0.0003317531192646466 0
5667 -0.001026156133390244 -2.946648310703549e-05 0
5668 0.001340153659445951 0.0006092078159673053 0
5669 -0.0003012723581337001 0.0009593106593498775 0
5670 -0.0003307185790535494 0.0009860425462351458 0
5671 -0.0002703510601989959 0.000932414408591878 0
5672 0.0001471769685281407 0.001515692446059478 0
5673 0.001435058031467086 0.0008169290849709613 0
5674 0.0002705828596574982 -0.0007342678730901448 0
5675 0.0002778217168941294 -0.0007799063558823025 0
5676 0.001182290401493275 -0.0008483909869725936 0
5677 0.0009722226368925422 -0.0007597684291055503 0
5678 -0.001131268260394215 0.0008542969053506597 0
5679 -7.662908638550158e-05 0.0009597091850499308 0
5680 1.294200824323636e-05 -0.001081370846172682 0
5681 0.0005574188055425717 -0.001541173110801402 0
5682 -0.001051159116222097 -0.0001113049830488772 0
5683 -0.0005227026393060021 0.00130035359741995 0
5684 0.0004919412471455479 -0.001149213434230333 0
5685 0.0007165304571126577 -0.0006743748485208214 0
5686 -5.226714726859563e-06 0.001105306795217465 0
5687 0.0003509090300377698 -0.001617272172724732 0
5688 0.000199672249674146 0.001177030729814682 0
5689 0.001414926649085095 0.0008565249554444982 0
5690 -0.001408012361017046 -0.0008475510380716944 0
5691 -0.0001070050674760628 -0.0002431801352712078 0
5692 -0.0001392498885792504 -0.000218799700294664 0
5693 -0.0006746771137793551 -0.0008436474818173177 0
5694 -0.0001953601901885128 0.0002621802116310866 0
5695 0.0008800550081899496 0.001152478024347135 0
5696 0.0008862135710109873 0.001189537670911371 0
5697 0.0004954067824869957 0.0005873643955396102 0
5698 -0.000915850900531843 -0.001099835135161372 0
5699 0.000698138920762486 0.001002951744673758 0
5700 0.0009588725667829172 0.000429647678170935 0
5701 0.001170334276690964 -0.0010979139452962 0
5702 0.001536080178675063 -8.615224707449595e-05 0
5703 0.00155465937595283 -0.0001287110194349346 0
5704 0.001533358394621324 -0.0001623596689936824 0
5705 0.00157388470639366 -0.0001641211999180923 0
5706 0.001595986136384196 -0.0001304241011629872 0
5707 0.001615143763655663 -0.0001673794959878455 0
5708 0.001634735749777009 -0.0001322556657468929 0
5709 0.001585843447264185 -0.000206925799674277 0
5710 0.001633869669312928 -0.0002054114119621686 0
5711 0.001612678818384239 -0.0002435208307451814 0
5712 -0.0002799705505090592 -0.0003144420068559416 0
5713 -0.0002547836106991868 -0.0002827903820598631 0
5714 -0.0002654311982005116 -0.0002454187535536656 0
5715 -0.0002275312498335358 -0.0002526573437730309 0
5716 -0.0003721773410937775 0.0001473870253265099 0
5717 0.0002157491254028271 9.165427423323597e-05 0
5718 -0.0009583585114176117 0.0007441383854544355 0
5719 -0.0002558679330037971 -0.001012256135492605 0
5720 -0.0001417211821900142 9.048183494356438e-05 0
5721 -0.0003167748440328658 0.0008793101618860545 0
5722 -3.711090732629095e-05 -0.0002507485755114054 0
5723 8.539715342234684e-05 0.0001901385769041852 0
5724 0.0008067146368105057 3.438661904146663e-08 0
5725 0.0008278192702484353 -4.746494015738486e-05 0
5726 -0.0001360460201023395 -0.0001785780854125199 0
5727 -0.00109076868479201 0.0002530952580750249 0
5728 -0.001074903250366016 0.0002166038661427614 0
5729 -0.001095126614781017 0.0001832625697396939 0
5730 -0.001055138108972664 0.0001808840514700897 0
5731 -0.001032164454573409 0.0002196752222776059 0
5732 -0.001013974389655465 0.0001797401820162178 0
5733 -0.000990091953933145 0.0002133097937024534 0
5734 -0.0009743470810995403 0.0001782580743769423 0
5735 -0.0009953974773926171 0.0001429140659481236 0
5736 -0.0009502299294988121 0.0001438568921020334 0
5737 -0.0009756736140110752 0.0001067702748160574 0
5738 -0.0009353198959144099 0.0001043653483899075 0
5739 -0.0009573149960055855 6.985939331659595e-05 0
5740 -0.0009163589938367212 6.85223270054968e-05 0
5741 -0.000951014994856041 0.0002117476954681655 0
5742 -0.0008943974770061646 0.0001006294477076628 0
5743 -0.00107709890101936 0.0001463866335837779 0
5744 -0.0008766980272698116 6.711249164700867e-05 0
5745 -0.0008549551622771971 0.0001016995230795784 0
5746 0.0009684446592413775 9.602266750405689e-05 0
5747 -6.643083065126153e-05 0.0001232796396687068 0
5748 -0.001010909864841074 -0.0003361143565599933 0
5749 -0.000254476607547593 4.105475074823965e-05 0
5750 -0.0007818796925865872 -0.0005471161484821946 0
5751 0.0001331262709933357 -0.0009888168513078048 0
5752 0.0002655138423773191 -0.0001252616385338394 0
5753 0.0002252162474573217 -0.0001360296365139713 0
5754 -0.001200365268275946 0.0001496613383762792 0
5755 -0.0001705394321836646 -0.0001962828673657408 0
5756 -0.0009409655434075388 0.0006206778469998695 0
5757 -0.0009276911852305287 0.0006664224727649669 0
5758 3.613153682637623e-06 -0.0003756908576180408 0
5759 -0.0003725149943707899 0.0007889560907011486 0
5760 -0.0004119077300275889 0.0007762916419398762 0
5761 0.0003087463612803525 -2.349065898603126e-05 0
5762 0.0002759413503152806 7.904185014928344e-07 0
5763 -0.00118492922023026 -0.0004351629149380583 0
5764 0.0011809646990693 0.001140312097179899 0
5765 -0.0012723760808242 0.0009046740494289315 0
5766 -0.001296090056149781 0.0009359252303715613 0
5767 -0.001336505811531803 0.0009316559030524406 0
5768 -0.001320203376550322 0.0009688204990223189 0
5769 -0.00127932457300444 0.0009730932877343984 0
5770 -0.0013036438134624 0.001006435219547908 0
5771 -0.001262494729898533 0.001010784726337368 0
5772 -0.001286838812843243 0.001043393486535232 0
5773 -0.001252241322239059 0.001041173957953718 0
5774 -0.001238293505268972 0.0009771597915433016 0
5775 -0.0006615862226634555 0.0008334337852375968 0
5776 -0.001517637918694555 -0.0004697046947265874 0
5777 -0.001543052924051124 -0.0005003855839825339 0
5778 -0.001582150078154213 -0.0004971612808038756 0
5779 -0.001565454718925644 -0.0005346828529728223 0
5780 -0.001528597899167736 -0.000534706059410422 0
5781 -0.001549081413221524 -0.0005717507138948814 0
5782 -0.001503858720054872 -0.0005678948384776353 0
5783 -0.00153101098768827 -0.0006086058729155646 0
5784 -0.00149035003790237 -0.0006144993789755036 0
5785 -0.001514576293293404 -0.0006477432151060846 0
5786 -0.001461380122789773 -0.0005851282270481966 0
5787 0.0001306812114326615 -0.0003997505192584981 0
5788 0.0001068081186700107 -0.0003621154990140997 0
5789 7.054443528223166e-07 0.001655413193556808 0
5790 0.0001750664207826445 -0.000983742273338196 0
5791 0.0008111075741447875 -0.0007065621121422962 0
5792 -0.001426063287230784 0.0002335021383432866 0
5793 0.001202646555478642 -0.0001125738768655934 0
5794 -0.001065885165319076 -0.0004672248266775775 0
5795 0.0003993944953188785 -0.001080110529666036 0
5796 0.0003755225948619023 -0.001042460789846978 0
5797 0.000338745217761631 -0.001034044049602665 0
5798 0.0003614728259906363 -0.001003627414187368 0
5799 0.0003977294756180908 -0.001006455580810184 0
5800 0.00038463869662469 -0.0009708817319080067 0
5801 0.0003460036116790609 -0.0009652841605231832 0
5802 0.000371795086489979 -0.0009335587390182505 0
5803 0.0003316407215880021 -0.0009272266831882984 0
5804 0.0003575472170577281 -0.0008954176424253738 0
5805 0.0003980678828899784 -0.0009019819437845565 0
5806 0.000383551982586026 -0.0008636342345581835 0
5807 0.0004226102802977909 -0.0008707831668411694 0
5808 0.0004079043823910095 -0.0008324425147021164 0
5809 0.0004510108614875927 -0.0008399293918575356 0
5810 0.0003686936667431862 -0.00082534392912777 0
5811 0.000394029399825132 -0.000792257794667983 0
5812 0.0003057404582985338 -0.0009589742340646695 0
5813 0.0002911860030006106 -0.0009206845364262628 0
5814 -0.0003322940705006603 0.0006972898941187078 0
5815 0.0003545645036484249 -0.0007883275818965962 0
5816 0.0008929407613249772 -0.0007415603619888481 0
5817 0.001540791145167416 0.0004692181697347039 0
5818 0.0006300689733583964 0.0006441141150204039 0
5819 -0.0005154226721713167 -0.0008984185942123137 0
5820 -0.0005488123492063149 0.0007982645266758549 0
5821 -0.0006152493911326705 0.001369456501984247 0
5822 -0.0006391179477213219 0.001407147523431413 0
5823 -0.0006758653307075285 0.001415598822954802 0
5824 -0.0006531218812336248 0.00144604250193352 0
5825 -0.00061689010606749 0.001443161659802078 0
5826 -0.0006299178748997424 0.001478853879818767 0
5827 -0.0006684759148306512 0.001484179800915841 0
5828 -0.0006429559902660688 0.001514942105737668 0
5829 -0.0003344136126710464 0.001066046965431311 0
5830 0.001270464816443702 -0.0009775936679617381 0
5831 0.001301886756726867 -0.001004496733095083 0
5832 0.001310555550883956 -0.0009618067922636291 0
5833 -0.001059652652851883 -0.001216996769215608 0
5834 -0.00103081455754307 -0.001244083185488299 0
5835 -0.001070629333479024 -0.001255063859821032 0
5836 -0.001041297714202971 -0.001283979162299531 0
5837 -0.001001158516857902 -0.001272925419616618 0
5838 -0.001011475755228932 -0.001313971619887337 0
5839 -0.0009710972507921069 -0.001302084581894561 0
5840 -0.0009624900541570971 -0.001262798225157798 0
5841 -0.0009307546637480499 -0.001290453008375117 0
5842 -0.0009409416410663947 -0.001331033329026313 0
5843 -0.000904080667167633 -0.00131630976806834 0
5844 0.001058344308792991 0.001217090862284517 0
5845 0.001087866435608983 0.00124452803841852 0
5846 0.001048193746061511 0.001255593083866753 0
5847 -0.0005871011913273113 -0.0006397293331603642 0
5848 -6.53552946067548e-05 0.0003858289966688041 0
5849 -0.0008674408258518799 0.0004100809685866885 0
5850 -0.0003942562741291614 1.57177332854715e-05 0
5851 -0.001595324893719066 5.432243178141955e-05 0
5852 -0.001623427741150036 8.03452916913268e-05 0
5853 -0.001587984691806365 9.611570597054534e-05 0
5854 -0.001617390020753037 0.0001213266554666291 0
5855 -0.001655214651331236 0.0001062362653001359 0
5856 -0.001649165700701945 0.0001471467536900468 0
5857 -0.001610424903312378 0.0001619997798447434 0
5858 -0.001641294978019538 0.0001879296115949564 0
5859 -0.001603451361647724 0.0002023833222296915 0
5860 -0.001636345974692222 0.0002284267096214909 0
5861 0.0006761092866382771 -0.001381526197719024 0
5862 -0.001502127711312391 0.0002400298926966349 0
5863 7.103638888657823e-05 0.001131944354217579 0
5864 0.00112519585533779 -9.469397469481777e-05 0
5865 -0.0004043739175268067 0.001593341927482732 0
5866 -0.0004433749075989664 0.00162070000226868 0
5867 -0.000398865611237093 0.001637073992689029 0
5868 0.0004301594125928888 -0.001588537257521288 0
5869 6.30908174889616e-05 0.0003094809408634925 0
5870 -0.0002353006492152217 -0.00148596686418954 0
5871 -0.0002466743677963014 -0.001526573820803821 0
5872 -0.0002839286116599336 -0.001534832903884802 0
5873 -0.0002561898417184218 -0.001565394097409196 0
5874 -0.000299798588851237 -0.001573565892290484 0
5875 -0.0002665640366364777 -0.001604016557685249 0
5876 -0.0003011966421995738 -0.001617486770669019 0
5877 -0.0002285891008887933 -0.001595987110825748 0
5878 -0.0002378534383068489 -0.001635219888326143 0
5879 -0.0001973456526086566 -0.001623632400858568 0
5880 0.001091296723916216 0.0004655622828092624 0
5881 0.0006342598754713597 0.0009080269692488442 0
5882 0.0008058059569734235 -0.0001427381399580114 0
5883 8.167963505608685e-05 0.001632920313300368 0
5884 7.031696723731073e-05 0.001670293879694261 0
5885 0.0001113468982455596 0.001659862557884756 0
5886 -0.0009863943685368478 -0.001198178096823874 0
5887 0.001497494216389289 -0.0002413602647803721 0
5888 -0.0009780730128098028 0.0003072410532696501 0
5889 0.0002896292053306326 0.001501305621056528 0
5890 0.0002624821925846053 0.00152757202694527 0
5891 0.0002977495628759141 0.001543338418254799 0
5892 0.0002683338921265049 0.001568676181686525 0
5893 0.0002267507210152763 0.00155445759204221 0
5894 0.0002350544043363961 0.001595553387034608 0
5895 0.0002743234981724134 0.001608839778107944 0
5896 0.0002412137669764479 0.00163860134800547 0
5897 0.0001997101703560424 0.001621971405632559 0
5898 0.001042391488290006 -0.0002929058930249029 0
5899 0.00100525618283605 -0.000265645946568337 0
5900 0.001043088670585115 -0.0002497162690240626 0
5901 0.001011515655757677 -0.000224732980440713 0
5902 0.0009687490392587034 -0.000245183696701358 0
5903 0.000978502514904208 -0.0002001596268893908 0
5904 0.001016874655701201 -0.0001855180881993881 0
5905 0.0009860366407773262 -0.0001586358092693137 0
5906 0.0009467933261942204 -0.0001732377717286019 0
5907 0.0009542349016430517 -0.0001327655358356314 0
5908 0.0009904163194415169 -0.0001174606366624509 0
5909 0.0009598220129145391 -9.208809308256445e-05 0
5910 0.0009222938577244417 -0.0001069574581398779 0
5911 0.0009286566957735456 -6.67022973865845e-05 0
5912 0.0009669922584278003 -5.168591885414628e-05 0
5913 0.0009249492614412175 4.186066948945196e-05 0
5914 -0.0008663649594846667 -3.043052872223179e-05 0
5915 -0.001169426392620248 -0.001159038311598529 0
5916 -0.001170089887613368 -0.001206826423820116 0
5917 -0.001210516529889505 -0.001182741394133107 0
5918 0.001615138395225789 -4.693376299297486e-05 0
5919 -3.256935468796293e-05 -0.001649101987036406 0
5920 -6.477280906649895e-05 -0.001672885730187653 0
5921 9.387748612084698e-06 -0.001660935247164596 0
5922 -0.0001035285079415861 -0.001654044137663545 0
5923 0.0002003457267407298 -0.0008983374486459841 0
5924 -0.0002020318892629017 0.0009915455751124899 0
5925 -0.001386817021204237 -0.0005475729617989707 0
5926 -0.0009338604361760478 2.703632258510531e-05 0
5927 8.014607055516071e-05 0.0002751028411150728 0
5928 0.0013787666273596 0.0006175235188825166 0
5929 0.001456749116420569 0.0004847195522610647 0
5930 0.001463051773186413 0.0005287721309722873 0
5931 0.001437337882758773 0.0005595785780244711 0
5932 0.00147722703884171 0.0005669052197027881 0
5933 -0.0009481329164575891 -6.255043273717119e-05 0
5934 0.0008741003757864833 -0.0005975873299379848 0
5935 -0.0001095657697290793 -0.001052955901941828 0
5936 0.001418224864408587 -0.0008403817763336044 0
5937 0.001444477890193483 -0.0008097982217475039 0
5938 0.0007553254578361635 -0.001416694947106643 0
5939 0.0004926764962219238 -0.000775259814103884 0
5940 0.000519962269335654 -0.0008864775612959301 0
5941 0.0003869167569352932 -0.0007075568757825544 0
5942 -0.001435963122338828 0.0008202992431868862 0
5943 0.0007708311446321311 0.000648785184526245 0
5944 -0.0004924975763022172 0.001558065643607618 0
5945 0.0001747843920587546 0.0003112028999696889 0
5946 -0.001167858274884952 0.0010869203193792 0
5947 -0.0008056953491902731 0.000714036680956808 0
5948 -0.001017057888181903 0.0001083760857398244 0
5949 0.001218363818349123 -0.0008795908472066808 0
5950 0.0009531965469228624 -0.0003260507915080653 0
5951 -0.001587422982998715 0.0003172902128634665 0
5952 -0.0002791244111871036 0.0001879946114660725 0
5953 0.001262762485365824 0.000580088471596464 0
5954 -0.0007753505515551628 5.719096987598854e-05 0
5955 -0.001436945399034784 -0.0006792005409828422 0
5956 0.0003077408749153929 0.0002577771913205948 0
5957 -0.0004248681316024447 -0.0006794363000047068 0
5958 0.000756452327098448 0.0008277790955349217 0
5959 0.0003994953663575355 -9.270323986341255e-05 0
5960 0.001041075957345334 -2.912560853982343e-05 0
5961 -0.0009502385110942155 -0.0004758344746144799 0
5962 0.0002970046062733038 0.000142369887516619 0
5963 -0.000423616808859812 -0.0008039767492051172 0
5964 -0.0008596368260619545 0.000212474565447628 0
5965 0.0007547986991313903 0.0007118840388091617 0
5966 -0.0002753489293970592 0.0007829111707948037 0
5967 0.0005541255823629977 0.0006351786265000622 0
5968 0.0001930878834073448 0.001137897474468224 0
5969 0.0001944426358752472 -0.0002614414942813718 0
5970 -0.0002916163902751982 2.537413893971725e-05 0
5971 -0.001585328983949297 0.0004393392226044543 0
5972 -0.001628161167433942 0.0004173796793348856 0
5973 -0.001622140156554941 0.0004585161491056408 0
5974 -0.000365529089650069 3.755562118297794e-05 0
5975 -0.001443102188382838 -0.0007879674839129468 0
5976 -0.0001496714195818079 -0.001508108665781921 0
5977 -0.0006870344238647869 -0.0009762259978325557 0
5978 0.001145550944293783 0.001200031465679463 0
5979 0.001625279537647595 -0.0005809797133211265 0
5980 0.001665710672783986 -0.0006129577157592555 0
5981 0.001670102819112792 -0.0006648005072828926 0
5982 0.00172247324191732 -0.000634454080260611 0
5983 0.001667960823066718 -0.0003642399473374884 0
5984 0.00166817007701308 -0.0004161460595478127 0
5985 0.00166832980753221 -0.0003188916724112583 0
5986 0.00167890093621489 -0.000556850901646993 0
5987 -0.0010273704539305 -0.0004502459191749392 0
5988 -0.001299035476581026 -0.0005548488688002475 0
5989 -0.0005292596735058151 0.001152050258912183 0
5990 0.0004853842129457347 -0.0012975167727381 0
5991 0.001158165091829273 0.000467961793095883 0
5992 -0.0011036477810035 -0.000447718091337444 0
5993 -0.0004012031928202723 0.0009964220486470251 0
5994 -0.001163232205723915 0.0009492737910863281 0
5995 0.0005296313547969995 -0.0007921550278696458 0
5996 0.0008436656603329034 0.001336683950842744 0
5997 -0.0008393543197968981 0.000635351606965892 0
5998 -0.0006291747339640417 -0.0009127939428848867 0
5999 0.000960982722093684 0.0003580502667381158 0
6000 0.0001191979368142272 -0.001717135417086834 0
6001 -8.987759299667186e-05 0.0003551573984863051 0
6002 0.0001838999219098062 -0.0002240294507249263 0
6003 -0.0001517562622529809 0.0002866931091205475 0
6004 0.001502469414450882 0.0005356886505775278 0
6005 0.001515923804139124 0.0005745511865915153 0
6006 0.001491444342317651 0.0006063617990776682 0
6007 0.001531405803676964 0.0006134902587865938 0
6008 0.001547454717260789 0.000542911815065403 0
6009 0.0001475112466817352 0.00102900700606117 0
6010 0.0001353277408136287 0.001063939767666656 0
6011 -0.0004670846756109658 -0.0009191696356330185 0
6012 -0.000479499947301792 -0.0008810128479167313 0
6013 0.0006232909381363336 0.0008701810386374327 0
6014 -0.0001357818388385062 0.0009122590125499399 0
6015 -0.001573289599934709 0.0001774438089706551 0
6016 -4.362189946655313e-05 -0.001128231555965791 0
6017 0.001352484205284174 -0.0008978379317717191 0
6018 0.001391243941311692 -0.0009172964833192662 0
6019 0.001344665474359071 -0.0009887650248680843 0
6020 0.001560410096889644 -0.0007431438047811365 0
6021 0.001466911728615073 -0.0008442431956218461 0
6022 0.001548591910407614 -0.000791906965536983 0
6023 -0.0008025391761839401 0.0001432983975262125 0
6024 0.0006613294413000484 0.0008782715073534158 0
6025 -0.0002492934692739774 0.0008626678660810432 0
6026 -8.551205911796442e-05 0.001665634084422286 0
6027 -0.0009111987982770079 -0.001366634909039479 0
6028 0.001014344676713039 0.0004987824358811364 0
6029 -0.000977855361151973 3.46045662713277e-05 0
6030 0.0004331613284146162 -6.245632554116787e-05 0
6031 -0.0007472567759002096 9.167185999704779e-05 0
6032 0.0001192864389051236 -0.0009173783655301177 0
6033 5.824148617878721e-05 0.001059551166734132 0
6034 0.001585972236667345 -0.0003166218839549407 0
6035 -0.0003722783953067317 -0.001573959616498956 0
6036 0.000725512266862273 0.000569361128178715 0
6037 -0.0003607697592592265 -0.0009832923027330315 0
6038 0.0002543240897584001 0.000965174003417143 0
6039 -0.0007779525441688027 -0.000621845374497222 0
6040 0.00047784491604446 -0.001001107626753631 0
6041 0.001577396360347823 -0.0004582000034571217 0
6042 0.001002213189709567 0.0002694892428997855 0
6043 -0.000991153095888352 -0.0001785416594505926 0
6044 -0.0005367989704070893 0.001448459404896654 0
6045 -0.0007318426598021824 -0.000891464049895982 0
6046 -0.0001733596543783483 -0.001388082951983774 0
6047 0.000869663984570471 0.001107325362667398 0
6048 -0.0006014398342169393 0.001507882784097384 0
6049 -0.0009613395821315576 -0.0005110809760802458 0
6050 0.0002654124013933708 -0.0009516401178094043 0
6051 0.000849329812246365 -0.0003568500890020115 0
6052 -0.0008604703264987255 0.0003334255129157213 0
6053 -0.0008947020200074136 0.0005632049701952387 0
6054 -0.0008736117448734064 0.0001721672971057062 0
6055 -0.0006203020398128097 -0.0007063066326835001 0
6056 -0.0005406559062467283 -0.0008619455728254387 0
6057 0.0009525334289674283 -0.0006101925177057868 0
6058 0.00098188746249811 0.0005304727355347165 0
6059 0.000884414062667171 0.001320648963345472 0
6060 0.0009229510566667382 0.001336765063389847 0
6061 0.0009195504541321687 0.001295828109092128 0
6062 0.0009561501820962056 0.00131170898203957 0
6063 0.0009509983020099162 0.001272431223799608 0
6064 -0.0007627887494050293 -0.001005624230660267 0
6065 0.0002728343255787912 -0.0001968102766718736 0
6066 0.001118628370303578 -0.0008042351355160073 0
6067 0.001013708297302616 0.0001100607228851196 0
6068 -0.0004711252605323502 -0.0007359515382519987 0
6069 -0.0004638589354024327 0.0008636327454428036 0
6070 0.0007028068694922717 0.0007780558906318238 0
6071 -0.0009836633642961142 -0.0001267088987686669 0
6072 -0.0001451615747748793 -0.000260325163446252 0
6073 -0.0003190334582493935 8.940424903131913e-05 0
6074 0.00105444497859209 0.0004370635185671934 0
6075 -4.276216350937669e-05 -0.0003304403545240761 0
6076 0.0005647645847631708 0.0006686843570120295 0
6077 0.001654375867980065 -0.0002427194536833348 0
6078 0.00167961999112434 -0.0002064418860996948 0
6079 0.0003287888109009008 -0.0008206824167002946 0
6080 0.0005828664859171692 -0.001415594475325017 0
6081 0.0002402918159630314 0.0003599379992555714 0
6082 -0.0004831233400219484 -0.0005829368201249438 0
6083 0.000176705779555009 0.001243516107343782 0
6084 -0.0003265191663636491 -0.0001957006644635548 0
6085 0.0008911616512941334 -8.136021103548167e-05 0
6086 0.0008841044502229986 -0.0001213624154822768 0
6087 0.0009025987981503741 -3.949955868656137e-05 0
6088 -0.001387288336464089 -0.0006165488554161061 0
6089 0.0015066259334462 0.0006441995997196496 0
6090 0.001391154402347767 -0.0002019041215357853 0
6091 -0.001239447684573191 0.0001460116503718336 0
6092 -0.001076208896425705 7.578264834472392e-05 0
6093 0.0008835579092594467 -0.000700185675793917 0
6094 0.0007336740785006877 0.0009131889773353737 0
6095 -0.0008867210143604044 -0.001193860384209388 0
6096 -0.0005710374610468052 0.000860273985491492 0
6097 0.0004650901516774169 0.0008453559614567121 0
6098 -5.610368625883994e-05 -0.0001048657778049651 0
6099 -0.0001797158998715272 -0.001533410421300128 0
6100 -3.789230966055337e-05 5.824741211535189e-05 0
6101 -0.000168395562171416 -0.0001544245232864895 0
6102 0.001603407393962111 -0.000725126123225877 0
6103 0.001356770420703261 0.0005485899636106591 0
6104 0.0001674599647315367 -0.000402257916908654 0
6105 -0.0002874346449110392 0.0006949858086204255 0
6106 0.0004450732084272117 0.0006382557281585083 0
6107 -0.0003316387382033814 -2.852207904236578e-05 0
6108 -0.0007769805575340154 0.0006474667125721557 0
6109 0.0006000787968764547 -0.0008572554952657477 0
6110 -0.0004736683244895994 0.001122489552937355 0
6111 0.001211330224954067 -0.001106706411079054 0
6112 0.0009520093533583894 0.001160253428427401 0
6113 0.0009488039643713637 0.001201978277008772 0
6114 0.0005457527835659941 -0.001327095724709106 0
6115 0.0003621460633039878 -0.0001022666075921789 0
6116 -0.0008489369700147182 -0.001277882678680257 0
6117 -0.0002198189552052081 -0.001050274752721053 0
6118 0.0002298758014402294 0.001037728970271857 0
6119 -0.000383860137069951 -0.000911684829885375 0
6120 0.0004461662945988195 0.0009415066859832661 0
6121 0.0002337476170206262 0.0002477246861398393 0
6122 0.000916806792842719 0.0005153865463785146 0
6123 -0.000165571797553889 -0.001132496024899993 0
6124 -0.0013752609545816 0.000877188501699964 0
6125 0.0008082473408025347 -8.015477958533e-05 0
6126 0.001650588717063583 -7.007904238204654e-05 0
6127 -0.0006614404242308116 -0.0006336473637897418 0
6128 -0.0008412771929855803 -0.001356015623361858 0
6129 -0.001239248982913869 -0.001116559441374181 0
6130 -0.0007675341690740653 -0.0008068919281174029 0
6131 0.0004063611426203275 0.0007082579747574466 0
6132 0.001470521900329528 -0.0001752994143702535 0
6133 0.001156821187986659 -0.001060237661651807 0
6134 -0.001159993957620458 0.0001722896055951264 0
6135 0.0005035482752642849 -4.649318884658518e-05 0
6136 -0.000674869761127637 0.0001086489176073377 0
6137 0.0007080181878358447 -0.0001374219472064015 0
6138 -0.0004656344911129095 1.977817066906839e-05 0
6139 6.61248689588767e-05 -0.0003554633273735541 0
6140 -0.0002380720274505598 -0.0002136099496731924 0
6141 -0.001569214309797755 0.0002166270967598552 0
6142 -0.0009790084767951307 0.000808251630670045 0
6143 -0.0004719469426445199 0.0008254383560746959 0
6144 -0.000351344479426266 -0.001524905641250683 0
6145 -0.0009673020757439858 -0.0003163560909790647 0
6146 0.0009895592899536994 0.00128751885726352 0
6147 0.0002811028370675185 0.0001692582883799975 0
6148 -0.0002985781450825086 0.0008131267567816624 0
6149 -1.971257920264605e-06 0.001039550266677689 0
6150 8.677260629374816e-05 -0.001003757965867681 0
6151 0.001001244961688087 0.0003030904317766086 0
6152 0.0002663260387899762 -0.001042624049711399 0
6153 -0.0007485162958506959 0.001406471062654906 0
6154 -0.0007381760247630971 0.001452030875716667 0
6155 -0.0002414338815748979 0.0006372767031958423 0
6156 0.0002132198522954867 -0.0004655776930010911 0
6157 -0.0002100621160069859 0.000404827707496205 0
6158 0.0002454516077344971 -0.000693887151955007 0
6159 0.0007111103939088716 -0.0007160272180690356 0
6160 0.0004478552394821664 -0.0009682958481240716 0
6161 -0.0001244475418049969 -0.001590612323705951 0
6162 -0.001470468436890608 0.0001737596045300263 0
6163 0.001158274997580743 -0.0001721058620208555 0
6164 0.001115084951076952 -0.0001621997049734716 0
6165 0.001085601152729487 -0.0001927807015149149 0
6166 0.001079848083648399 -0.0001564262329230093 0
6167 -0.00046224738801278 -0.0005215102281262185 0
6168 0.0002613183057232647 0.0004214589417536152 0
6169 -0.0002851460135237688 -0.0003830828790087322 0
6170 -0.0001959505942993204 -0.0009787833172348536 0
6171 -0.0001766699993470023 -0.001064791210351738 0
6172 0.001031468808237169 -6.618913949373124e-05 0
6173 0.0004394432657950808 -0.001100981321130975 0
6174 -0.0005752008338898267 0.001348585270993045 0
6175 -0.0009780888304665564 -0.0002226463552495936 0
6176 0.001016112269801478 0.0002143727631962146 0
6177 0.000953471342566752 -0.000714806443166266 0
6178 -0.001151517657125902 0.0009001031261945266 0
6179 -0.0006683344575718373 0.0007907285286961279 0
6180 -0.0007240143941957107 0.0007395854020778215 0
6181 0.0006560626283283038 -0.000767022326938202 0
6182 -0.0004513388292216333 0.0007237359160540312 0
6183 -0.0005027344155243318 0.0009194003693551222 0
6184 -0.0009004005327328478 0.0003123642992550357 0
6185 -0.0009111190795691404 0.000273189403167569 0
6186 0.0007975040361676023 -0.0006431162283748211 0
6187 -0.0002316856179724528 0.0004432283442542899 0
6188 0.0002231667928164102 -0.0006548825147502842 0
6189 -0.000364615392992573 -0.001619569951979539 0
6190 -4.786707100619048e-05 0.0003458268079613358 0
6191 -7.29111468759983e-05 0.0003175590991696728 0
6192 -3.440315688028601e-05 0.0003145237948005789 0
6193 0.0004386691680513877 -0.0009086282560257817 0
6194 -0.0004165340309655733 0.001074206187008831 0
6195 0.0005332897069386227 0.0008973677817442579 0
6196 0.0004708655208199637 0.0005457711554075049 0
6197 -0.0003093541454149463 0.0007737427228236008 0
6198 0.0006555547894190957 -0.001436445443436484 0
6199 -0.0009614285336962082 2.764771594372351e-06 0
6200 0.0008800906647856232 -0.000635559846741886 0
6201 0.0002169809795162178 0.001472917037773003 0
6202 -0.0002905014752098792 -0.0004188238623920181 0
6203 -0.001510381346522255 0.0001830269873577853 0
6204 -0.000579780489419947 -0.0008548671937041722 0
6205 -0.0002625290387257637 0.0009726419401126273 0
6206 -0.0002336917953443413 0.0009457858295312352 0
6207 -0.001598556694971785 0.0002796899326059897 0
6208 -0.001628122535186792 0.0003092053786908625 0
6209 0.0003203302499840801 0.0009871958371396494 0
6210 0.0003052352495808174 -0.0007540559423100105 0
6211 0.0001211173343543204 0.0002701578787346073 0
6212 0.0003374684053475643 -0.0001211815383910911 0
6213 0.0005788692694930343 -0.001378020061744526 0
6214 0.0003376564352316637 -4.648864927092495e-05 0
6215 -0.001589109989764246 0.0005195264370250746 0
6216 -0.0004238297595163863 7.812526100094044e-05 0
6217 -0.001521740667436552 0.0001123175256251568 0
6218 0.001133807157347364 0.0004122506647454751 0
6219 -0.0005369347723180111 -0.0006858700749018771 0
6220 -0.0004988469732789306 -0.0006704460338658348 0
6221 0.001315658505896099 0.0005518240128968415 0
6222 0.001617329478152569 -0.0004531190050749536 0
6223 0.0003641653624595113 0.001559285712089531 0
6224 0.0003468880826499964 0.001597732961588 0
6225 0.0004535760766600416 -0.0007753777491224619 0
6226 -0.0002794988621209995 -0.0009904152330335707 0
6227 -0.0003575923897478349 0.001044695677263888 0
6228 -0.0009029472578724996 0.0005202806849538615 0
6229 -0.0008139711937031253 6.292424153055609e-05 0
6230 -0.0008369624124560151 3.062531738781685e-05 0
6231 0.000909352133406514 -0.0004239161320035702 0
6232 -0.0009666087217841336 0.0002410844228323437 0
6233 -0.000896725303530103 -3.04454974618847e-06 0
6234 0.001031399519392192 0.0001444458314394413 0
6235 -0.0003159282518815917 0.0001302677423601144 0
6236 0.001058943601525174 -9.520568689663517e-05 0
6237 -0.0002285601269402849 -0.0003597871636378504 0
6238 0.0002120030982484839 -0.0001952786103519541 0
6239 0.0001826798794930369 -0.0001850163270742552 0
6240 -0.0009096267196662461 -0.001227771370855884 0
6241 0.001104274664249137 -0.0002474631412855316 0
6242 0.0004230217067051259 -0.0007599640992920863 0
6243 7.041416116081483e-05 -0.001658574585736808 0
6244 6.194159072476534e-05 -0.001696700137737581 0
6245 0.0001588737594076854 -0.0002555984931414146 0
6246 -0.0006629519184811467 -0.0009018652111028989 0
6247 0.000327638920324626 3.371507451698869e-05 0
6248 -0.0001726456058778117 0.0004026896947171349 0
6249 0.0002791126312725342 -0.0006959117037967149 0
6250 0.0002500910363521665 0.0001055799441906902 0
6251 0.000247475142208179 6.720463250326068e-05 0
6252 0.0005830527627928205 0.000859871177065572 0
6253 -0.001207255245369457 0.001093947492604499 0
6254 -0.001190858405971192 0.001055478104119287 0
6255 0.0008277871092484767 -0.0006721521625777533 0
6256 0.0005770333881623129 -0.0008320836692306754 0
6257 0.0009149317835100135 0.001255559784304015 0
6258 0.0004651647076462643 0.0006686964476923701 0
6259 -0.000815608830584085 -0.0005544893352205097 0
6260 0.001541954157746314 -0.0002270652930652761 0
6261 0.0007484305668178996 -8.304712579156634e-05 0
6262 -0.0003503682343784412 0.0007295462496518365 0
6263 0.0009040699497515985 -0.0005640982376204875 0
6264 0.000446307640207254 0.0008977664525390282 0
6265 0.001635553924953398 -0.000279142823127201 0
6266 0.0008450651009307076 -1.097890811366174e-05 0
6267 0.0004591527955837974 0.0004861956512022806 0
6268 -0.00071362329855237 0.0006410015782371125 0
6269 -8.527070983380545e-05 0.0009039464997993175 0
6270 -0.0008043766502492705 -4.221737259381503e-05 0
6271 0.0006663019040593056 -0.0008655962811951311 0
6272 -0.0002646694082104023 -0.0004541904288654128 0
6273 -0.001533474157923437 4.558996757076713e-05 0
6274 -0.001259236949808609 -0.0006114543763118932 0
6275 0.000352465061173276 0.001492721033391867 0
6276 0.001093147395630139 -0.0003016318342292228 0
6277 0.0003740414191169596 -0.0001973592567810023 0
6278 0.001182589734916265 0.0004057785081736077 0
6279 4.300384794931963e-06 -0.001137133531423296 0
6280 -0.001442961317745771 0.0007507894638267842 0
6281 0.0009154611109029657 0.001057292814288624 0
6282 -0.001008037000438371 0.001312995379818662 0
6283 -0.000695886185715666 -0.001042743676798527 0
6284 -0.0003539839937200235 0.001584306510206856 0
6285 0.0004531586532202543 -0.001040674744445837 0
6286 -0.0002853757443999341 0.0007426792568346912 0
6287 -0.000561472547521065 0.001408901856594677 0
6288 2.001533098361797e-05 -0.00102398712110346 0
6289 -6.133204524998281e-05 0.001016734831821204 0
6290 -9.890127194036951e-05 -0.001086536952793846 0
6291 -0.001191766837836868 0.0009099203234627554 0
6292 -0.0001790523172736956 -0.001195158509240393 0
6293 0.000746542045013463 -0.0006975062714955491 0
6294 0.0007149405843572159 0.0008394261283204246 0
6295 0.0009097200602898686 -0.0002928148454724587 0
6296 0.0009193741013884978 -0.0002528085906438567 0
6297 -0.001141655172437645 0.00105152276417531 0
6298 0.0003265754123315757 0.0002226728745015564 0
6299 0.0002863366513149497 0.0002207378249855682 0
6300 -0.0003976988170140902 -0.0007167238298769167 0
6301 0.0007850889335197845 0.0007974372212446574 0
6302 0.0003581109006808415 0.0009307110336249524 0
6303 0.00052032233967164 -0.0008516643965243891 0
6304 0.0001656630268001334 0.001436827639156281 0
6305 -0.0002879706659372729 -0.0001886030976067992 0
6306 0.0001535691170834538 0.001180510216153939 0
6307 -0.0003249077384225556 0.001027522845878161 0
6308 0.0007555472134554002 -0.001463822119215859 0
6309 0.0002216366167231528 0.001218684960150739 0
6310 0.0009043365053495662 -0.0003318965796051271 0
6311 -0.0002066437750148644 0.0001829368388495976 0
6312 -0.0009693743247296904 -0.0002816255138209172 0
6313 0.000487878862235466 0.0006373708194714498 0
6314 -0.0009144605626381819 0.0007498606383157388 0
6315 0.001456342696773956 -0.0002317085986240668 0
6316 0.0002890294539578067 -0.001073697219125773 0
6317 0.0005067174513817982 -0.001087676601549446 0
6318 -0.0005079266234806825 0.00136189039542111 0
6319 -0.0007237049045463592 0.001375696737366468 0
6320 -0.0008764252135515047 0.000636985765438521 0
6321 -0.0008512237994390675 0.0006646761411400374 0
6322 -0.0001693250939076533 -0.001572745411007645 0
6323 0.0006676383207003881 -0.0001350568770951573 0
6324 -0.0005102935167518032 2.029485368004534e-05 0
6325 -0.0004852713873193102 0.001323327532673995 0
6326 0.0005293724991322363 -0.001126239498976287 0
6327 -0.001460910311407489 -0.0004591274326793793 0
6328 -0.0006123830630944125 0.0008445204551962386 0
6329 -0.001367899881120381 0.0002440941298605441 0
6330 0.001260809341370412 -0.0001019820033263653 0
6331 -0.0002782771865919759 0.001089155023281674 0
6332 -0.0007949311174023481 9.608036016808941e-05 0
6333 -9.562558271624805e-06 0.0004087958300824048 0
6334 0.000112680636405621 0.001113506324033634 0
6335 0.0009821032114688557 0.001250905292751264 0
6336 0.0008414264555179318 0.0005699281025821243 0
6337 -0.0008857860396594651 -0.000534292093776081 0
6338 0.0007341618961560437 -0.001369353651504793 0
6339 -0.0003464544765912506 0.001645607355172804 0
6340 0.0004447029737907571 -0.0006954549257738096 0
6341 0.001465850774935013 -0.0007603334610941852 0
6342 0.001494207575610602 -0.0008000633619150063 0
6343 0.000642206769093186 -0.0008094678582598997 0
6344 -0.0007389198543237678 0.0006972169392569429 0
6345 -0.001426840357020934 -0.000609294961967132 0
6346 -0.0005389233643962223 0.0008369114908628199 0
6347 -0.0001389991759965161 -0.001448196517045372 0
6348 -0.0001768333024645438 -0.001280001639168916 0
6349 0.0001692398772995709 0.001348705707546541 0
6350 0.000250717875732671 -0.0009141510728157469 0
6351 0.0002246058544361223 -0.0009446162745362254 0
6352 0.0009285863733900429 -0.0007828619433782129 0
6353 -0.001174904523896714 0.0008312033910779974 0
6354 0.001140094631018044 -0.0008721691171384426 0
6355 0.001282027318132805 -0.0001456544193222911 0
6356 -0.001346681902774954 0.0002004217150412338 0
6357 -0.0008487263235234322 -0.001081404554125632 0
6358 0.0007684064036026298 0.001020725087568097 0
6359 -0.000171804936505487 0.0009393020804042327 0
6360 -0.0001233248561465559 0.0009837544175180324 0
6361 -3.37103361780623e-05 -0.001057357126185924 0
6362 0.0009199215659964374 -0.0004895756623382474 0
6363 -0.0008924911395138498 0.0004533935098797913 0
6364 -0.0006403586957800617 -0.0006670634140660573 0
6365 0.000733624620594981 0.0006097254956683889 0
6366 0.0007100953717050807 0.0006439275196466406 0
6367 -0.001191735757217 0.000105907866328593 0
6368 9.646975699039294e-05 -0.0009599021973200546 0
6369 0.001567953818980709 0.0004999254820690123 0
6370 0.001350376999304935 -0.0009436486763791065 0
6371 0.0001521515926012172 -0.0003593513408378355 0
6372 0.0001241499159657643 -0.0003280766065815908 0
6373 -0.001328904739595387 -0.0005870044495818024 0
6374 -0.0012579491746328 -0.0005489378228425558 0
6375 0.0002766321274784931 -0.0009958457288043229 0
6376 0.001462980580735839 0.0006432094896206907 0
6377 0.0009184839868980981 0.001126158979939269 0
6378 0.0005035257372832254 0.0008661262465530798 0
6379 -0.0001082225652914739 -0.001405635935381089 0
6380 -0.00137621176538416 -0.0008804176117600892 0
6381 -0.0008125830781699557 -0.0013129051146587 0
6382 -0.001555353954641638 0.0004803024090549864 0
6383 0.0009806244455437315 -0.0005701342381870179 0
6384 -0.0009221894536378109 -0.0003099230914739177 0
6385 -0.0008317882599665565 0.0003728349340310211 0
6386 0.0007209555274641994 0.0009553842572350015 0
6387 -0.0008943540768216427 -0.001149704773810027 0
6388 0.0008031355846605143 0.0005465037671271081 0
6389 -0.0009293355091363778 -0.0005449678066556131 0
6390 -0.0009724044387308837 -0.0005534705562379216 0
6391 0.0002203834269064422 0.001511970226270524 0
6392 -0.001483746097045209 -0.0004928974549911535 0
6393 -0.001397296099801487 0.0002063870102513782 0
6394 0.001231413682425841 -0.0001396891000345116 0
6395 9.367092060684003e-05 0.0002350452719107684 0
6396 0.00150048836559498 0.0004716585959733353 0
6397 -0.0009071246029364533 0.0002026014072761406 0
6398 -0.001097543089776189 0.000820710498742689 0
6399 0.001005947807510569 -0.0007933548357135211 0
6400 0.0009532699660339097 -0.0002839741060017105 0
6401 0.0001906249859608535 0.001035203145655941 0
6402 -0.0004241644322888887 -0.0009131460648442814 0
6403 0.0007131898075935117 -0.001407945598057746 0
6404 0.0009529387255572879 -0.0008231171865333861 0
6405 -0.0004075715704648216 -0.0009990447740364729 0
6406 -6.238433493242208e-05 0.001629683600909735 0
6407 -0.0004265788964386648 0.0006862793050215332 0
6408 2.786186762365252e-05 -0.0004112680987431394 0
6409 0.0002072489121489907 0.0009493163849994586 0
6410 0.0007517690080428824 0.0005312054971413771 0
6411 -0.00115055217172947 0.0007909481479228229 0
6412 -0.001243282992451862 8.65876350443438e-05 0
6413 0.00120540761298239 0.001104600303838284 0
6414 0.001384055213010485 -0.0002579205093992345 0
6415 0.0009142926304904693 2.898650159235783e-06 0
6416 0.0009504484499449773 1.45766172050117e-05 0
6417 0.0002734915930889221 -0.0008777893637830606 0
6418 -0.00119362976848377 0.0009826555800707586 0
6419 0.0008500534453713734 -9.225905106031498e-05 0
6420 0.001082494060654662 0.0003969606416602769 0
6421 -0.0009039503440344798 0.0003875870774516193 0
6422 0.0003952903559271029 -5.665564566228101e-05 0
6423 -0.0005121546639266787 0.001259106940304843 0
6424 0.0005024892225248699 -0.001190460091345439 0
6425 0.0008828148581219431 0.0005489125303818318 0
6426 -0.0007255362844036551 -0.0009276159155793787 0
6427 -0.0001357705804369699 -0.0003070964210474756 0
6428 -0.0009082641213125714 0.0007077225885693145 0
6429 0.0009451410874062274 0.0005503656199254612 0
6430 0.0003961500070564643 0.0009485204152335511 0
6431 -0.0005680078142853824 0.00148236179151487 0
6432 -0.000940147016596325 0.0007813463669132464 0
6433 0.0003835847550223796 -0.0007494053657841004 0
6434 0.0004112926860319999 -0.0004310683137797301 0
6435 -0.0007671254194319457 -0.0002759266269931942 0
6436 -0.0002227019140143423 -0.0006936774755902309 0
6437 0.0005008637806607391 0.0002492916966278073 0
6438 -0.001401120019478286 0.0005119008584383082 0
6439 -0.0006775543248032062 0.0004044333834143436 0
6440 -4.35597247568637e-05 0.0006670425452248444 0
6441 0.001134858380707081 -0.0005385357888036958 0
6442 -0.001221977830220809 -0.0008488191623767664 0
6443 -0.001493850840200679 -0.0001924596544401694 0
6444 -0.0006583491430066059 -0.001281306665275378 0
6445 -0.0009686325165796761 0.001075529545652514 0
6446 0.001227589201429471 0.000165824724074784 0
6447 -0.0003122730086430803 0.001347402555632382 0
6448 4.601136987187434e-05 -0.001374037485997769 0
6449 0.0009557161914496039 0.0008221842320113799 0
6450 0.0003920875042353996 0.001254671734909991 0
6451 0.0007023708778084689 -0.001102164476017901 0
6452 0.0006231013199205249 -0.0005188140724669588 0
6453 -0.0004657456909146813 0.0003166876247271151 0
6454 -0.0005553167855434207 -0.0003636723856804227 0
6455 -1.089328012581745e-05 -0.0007814232342774596 0
6456 0.0002578200037603979 -0.001461783244684997 0
6457 0.0007126724145492645 0.0001615459379405792 0
6458 0.0001682489091316608 0.0005792967865376157 0
6459 -0.0004465405091180811 -0.001369052423962606 0
6460 0.001346667014595607 -0.0006262815474909245 0
6461 -0.001282042206312154 -0.0002802054131273976 0
6462 -0.001189311385589762 0.0004241550997510807 0
6463 -0.000100464374754554 0.001259656796945154 0
6464 0.0006038961381239238 0.001166925976222762 0
6465 -0.0007568238826911512 0.0009877837869652858 0
6466 0.001439397835317998 7.807896538755581e-05 0
6467 0.001167524825338128 0.0007344384733241513 0
6468 -0.001010169196332285 -0.000936564921063994 0
6469 0.0009141795116969949 -0.001189910234705128 0
6470 0.001409467047414101 0.0003053948572831999 0
6471 -0.001219242173493659 0.0006514709916467231 0
6472 0.0005931705320166286 -0.0002914981805713163 0
6473 0.0006827416266453679 0.0003888618298362214 0
6474 0.0001383181212277649 0.000806612678433258 0
6475 -0.0005852475734473167 -0.00013635649378478 0
6476 -0.001040099984236182 -0.0007092490291683527 0
6477 -4.082406802971374e-05 -0.0005541073423818169 0
6478 -0.00131197299421605 -5.288952123175608e-05 0
6479 -0.0001303951626584508 0.001486972688840796 0
6480 0.0002278892158565022 -0.001234467352789355 0
6481 0.001316736226691709 -0.0003989656555952827 0
6482 -0.0007867546705950479 0.001215099678860927 0
6483 -0.0004956764788185776 0.0005440035166227575 0
6484 0.000884248723793098 -0.0009625943428094868 0
6485 0.001137594037434231 0.0009617543652197932 0
6486 0.0005739653502200278 0.001394241868118405 0
6487 -0.0004764712970219777 -0.001141736532066963 0
6488 -0.0009227735751352432 -0.001183845076205041 0
6489 0.0009660252173786372 0.0002872872933187251 0
6490 -0.000242110327068527 0.0009067081214802784 0
6491 -0.0008928394044545368 -0.001272667227086287 0
6492 0.000245011510822843 0.0003208975431605232 0
6493 -0.000482934813626057 -0.0006283142069930808 0
6494 0.001429658379539655 -0.0008837227290204673 0
6495 0.0007019861829123181 -0.0007615726669408232 0
6496 -0.0006793181787739183 0.0007443094760946465 0
6497 -0.0001896497983988224 -0.001492419586767272 0
6498 -0.001057581123235797 0.0002855900721015361 0
6499 0.001574056743426077 -6.318342918362592e-05 0
6500 0.0005106086333207369 -0.001541788643037172 0
6501 -0.001124036498066944 0.0001475924718377468 0
6502 -0.0005546963375776196 -0.0008251726233896723 0
6503 0.0004863338922032373 -0.0008673587757137688 0
6504 3.942391219770984e-05 0.0002786780055689885 0
6505 -0.0003208109819054036 0.0001741468994164243 0
6506 0.0009863728133041052 0.0004665554491741261 0
6507 0.001004039524045655 0.0004312884942023887 0
6508 0.0004967924060416494 -0.0008207780632404851 0
6509 0.0008188864857423926 0.001295601889066117 0
6510 0.0001498658934555889 0.001126632515071833 0
6511 -0.0009950144569797256 -5.428890187409952e-05 0
6512 0.0002799575404142108 -0.0001611606760285209 0
6513 0.001071895828362048 0.0001380663290783016 0
6514 -0.0007452720583833775 -0.00064346093811708 0
6515 -0.0009339757686554247 0.0005519908228904055 0
6516 0.0008877853581260263 -0.0002245522740951187 0
6517 -0.0004465625481133732 -0.0007710259311023922 0
6518 -0.0004597696074654027 -0.0008082944136032177 0
6519 0.0008791506260041862 -0.000391759890267492 0
6520 -0.001471806467669599 -0.0006558890432939501 0
6521 -0.001498167295569491 -0.0006863534714432006 0
6522 -0.0004395003317955802 0.001043655927479884 0
6523 0.0001879254817354064 0.001544206687981716 0
6524 0.0007311062659487746 0.0007444872881232719 0
6525 0.0007194803853791688 0.0007080208138415279 0
6526 -4.239892597945688e-05 0.001665622706509634 0
6527 0.001510220507824183 -0.0001947593448174916 0
6528 0.001407362155956956 0.0009045538526106108 0
6529 -0.000735127709900518 -0.000808150524474968 0
6530 -0.00146270984898257 0.0007872336888523155 0
6531 -0.0001990699589809323 0.0006327056333866941 0
6532 0.0002544336572736206 -0.0004620995401868071 0
6533 0.0008455599315749399 0.001071856089563694 0
6534 -0.0001582215981114932 0.0002439083702856681 0
6535 -0.0001175287711605075 0.0002601667904220328 0
6536 -0.0009097551069126509 0.0001606793733356951 0
6537 -0.001461806799446027 -0.0005366791755760886 0
6538 -0.001430416669088938 -0.0005589845200544071 0
6539 0.001190803873877818 -0.001063696181078274 0
6540 0.000525734973486384 0.0006591527681524721 0
6541 -0.001022655008354791 -0.0001437630274225416 0
6542 0.001002615964225813 7.019482600492091e-05 0
6543 0.001251966354156435 0.000536246838198153 0
6544 -0.0009827930528206971 -0.0003618659011768506 0
6545 0.001458131377753167 0.0006898048845203269 0
6546 0.001423204914968022 0.0006251786021697302 0
6547 0.0006073672311476276 0.0008354931630719352 0
6548 0.0004244036741256308 0.0005139481605920299 0
6549 0.0009376319073030795 -0.0002145884552253909 0
6550 0.0009068499792637782 -0.0001860586834540177 0
6551 -0.001095422946002782 -0.0004089030444104261 0
6552 -0.001195837160363161 -0.000479917405314945 0
6553 0.0008306600592527899 2.962565110954256e-05 0
6554 0.001209047112242926 -0.0009230115969665738 0
6555 -0.0008389861969833012 0.0001393233561135539 0
6556 0.0001613333879368445 0.0002645400597566986 0
6557 -0.000382456194713051 7.655919482567241e-05 0
6558 -0.0007058994881308702 -0.0006305083013494474 0
6559 -0.0008909135094784488 -0.001069011266922069 0
6560 0.0007294245855296201 0.001035684553394907 0
6561 -0.0006012678718024974 0.0003064961220429438 0
6562 0.0004683739572361079 0.00115673447353859 0
6563 -0.0006908389664312361 -0.0003738638883645925 0
6564 3.272672824384544e-05 0.0005691052838534464 0
6565 -0.0001464154610136348 -0.0007916147369616312 0
6566 0.000577150233661448 0.000151354435256407 0
6567 0.0004875791390327082 -0.0005290055751511301 0
6568 -0.0002359865556423715 0.001249465294260981 0
6569 -0.001145691377220101 -0.0009467564237481628 0
6570 -0.0008923460635789644 0.000977592284281118 0
6571 0.0001222978228725777 -0.001471974747369175 0
6572 -0.001417564387199967 -0.000290396915811556 0
6573 -0.0005820626900058983 -0.00137924392664678 0
6574 -0.001324833566477576 0.000413963597066916 0
6575 0.001303875654430184 6.788746270339251e-05 0
6576 0.001032002644450311 0.0007242469706399797 0
6577 0.001211144833707789 -0.0006364730501750962 0
6578 0.0007786573308091805 -0.00120010173738929 0
6579 0.000759039911441436 0.0002909165486800734 0
6580 0.0006694688168126967 -0.0003894434617274622 0
6581 -0.0004193781940225089 0.0004460582354666122 0
6582 -0.0009638016994401114 -0.0008071943103244959 0
6583 3.547421676635542e-05 -0.0006520526235379611 0
6584 -0.000400173012225906 -0.001239681813223099 0
6585 0.0003041875006525708 -0.001332412633945499 0
6586 -0.0005089492886512482 -0.0002343017749409249 0
6587 0.0002146164060238337 0.0007086673972771133 0
6588 0.001393034511487779 -0.0004969109367514217 0
6589 -5.409687786238299e-05 0.001389027407684653 0
6590 0.0006502636350160995 0.001296296586962269 0
6591 0.00148576533221017 0.0002074495761270514 0
6592 -0.001235674709419984 -0.0001508348023879073 0
6593 -0.0007104563857989752 0.001117154397704789 0
6594 0.001213892322230302 0.0008638090840636548 0
6595 -0.001142943888697592 0.0005535257104905729 0
6596 0.0009605470085891659 -0.001060539623965634 0
6597 0.0004576528659148349 -0.0003016929740865776 0
6598 -0.0007207652395491107 -0.0001465512873000425 0
6599 0.0005472239605435748 0.0003786670363209614 0
6600 2.800455125970578e-06 0.0007964178849179973 0
6601 -0.0006311941449203719 0.0005338087231074955 0
6602 -0.0001763417341315082 -0.0005643021358970802 0
6603 -0.001447490660317846 -6.308431474701913e-05 0
6604 9.23715497547085e-05 -0.001244662146304614 0
6605 0.0007487310576913021 -0.0009727891363247542 0
6606 0.001002076371332436 0.0009515595717045335 0
6607 -0.001175617650337975 -0.0007194438226836124 0
6608 0.001181218560589918 -0.0004091604491105382 0
6609 0.001273949381312306 0.0002952000637679381 0
6610 -0.0009222723366968419 0.001204904885345667 0
6611 -0.001354759839595456 0.0006412761981314566 0
6612 -0.0006119889631237697 -0.001151931325582222 0
6613 0.0004384476841182362 0.001384047074603149 0
6614 -0.0002659128287602467 0.001476777895325539 0
6615 -0.0001677051553433061 0.0002006303310296641 0
6616 0.00141584807174758 -0.0002351600940909012 0
6617 -0.0009880259378761348 -0.0004752197980528926 0
6618 0.001613441834436868 -9.173533078343207e-05 0
6619 -0.0002121633434770895 -0.0002931327345539709 0
6620 0.0008457066833920477 -0.0001365167176632922 0
6621 0.0005264930342355483 -1.036862399785636e-05 0
6622 -0.0006519250613609652 0.0001447731227411635 0
6623 -0.001099462333668284 0.0001116761901628979 0
6624 -0.001020678832655941 -0.0003757439419848466 0
6625 -0.0004315234310341233 -0.0007383463811554438 0
6626 0.0007448274513758022 0.0007807222810817115 0
6627 -0.0001877602295660014 -0.0002607073384884053 0
6628 -0.001139730142970523 -0.0004227763486444398 0
6629 -0.001439699011542571 0.0001995611758378877 0
6630 0.001189014435743075 -0.0001464966820729029 0
6631 -0.0001341643749440409 -0.001155594001164945 0
6632 -0.000904857781667884 0.0006020936335140596 0
6633 0.0001468778765103091 -0.0009496776527056195 0
6634 -0.0009913231856046078 -0.0004277631262485634 0
6635 -0.0001151218177503387 0.000312208219868933 0
6636 -0.0001713936679621624 -0.00132179021482595 0
6637 0.0001755315282766841 0.001307276652884374 0
6638 0.000983843094164512 0.0003949898882291938 0
6639 -0.0007772593060000527 -0.0007669089207335117 0
6640 0.0004012396262198523 0.0007468158303210942 0
6641 -0.0006296766228744822 0.0008075599026239809 0
6642 0.001147093553822936 -0.001020266952523631 0
6643 0.001321031856265554 -0.0001741982803546619 0
6644 -0.001307677336730269 0.0001718778148733321 0
6645 -0.001220643690215422 0.001021841338318654 0
6646 -0.0001374237671495316 -0.001076346795153272 0
6647 -0.00102785386296388 0.0002579031227633126 0
6648 0.0001945682178808666 -0.0003722838671637429 0
6649 0.000670905477167723 0.0009146171985633249 0
6650 0.0002110985821306758 5.105539253199281e-05 0
6651 0.0002438209138937684 2.648859657678375e-05 0
6652 0.0002857901731744837 4.194939648990913e-05 0
6653 0.0001737892396366486 3.466253364623579e-05 0
6654 2.510165308876085e-05 0.0003151856452692874 0
6655 -5.076091706869717e-06 0.0002885152081547181 0
6656 0.0004164554127102356 -0.0009421916786149609 0
6657 0.0006478736360817854 0.000840370382971643 0
6658 -0.001597958130792262 -0.0004573799771361603 0
6659 0.0002394850321810336 -1.423746632366537e-05 0
6660 -0.001255158197343988 0.000941147585054302 0
6661 0.0006173602890306682 0.0007110936000685828 0
6662 0.0006438108738173407 0.0006802120494359645 0
6663 -0.0003558379964651026 0.0008663229657780842 0
6664 0.0001004886599841924 -0.0002662494721453368 0
6665 0.0002217842231178697 0.0001719596470222289 0
6666 -9.832423917574615e-05 -0.0001621286042535132 0
6667 -0.0004679145568654919 -0.0006952640725239102 0
6668 5.667670122126866e-05 -5.547087256483128e-05 0
6669 8.971390037352728e-05 -7.975673621339855e-05 0
6670 8.521766118533425e-05 -0.0001205823630788433 0
6671 8.070872043821199e-05 -0.0001614062841458936 0
6672 0.0001176718712146683 -0.0001435090659744329 0
6673 4.762741867123906e-05 -0.0001370627111404619 0
6674 0.0004380043660222651 0.0007241508498296681 0
6675 -4.847814385375565e-06 3.392806233443235e-05 0
6676 9.42328454228363e-05 -3.89821007289232e-05 0
6677 -0.0002168817550089246 5.747617726479665e-05 0
6678 0.0001408361643691212 5.894292312920495e-05 0
6679 -0.0002786392136463404 0.0008920096186664855 0
6680 5.091059727015659e-05 0.0002134153076273737 0
6681 -0.001036159307131109 0.0001446936829574278 0
6682 -0.001057395194440552 0.0001102508362800465 0
6683 0.0005482672203695933 0.0007273608606766393 0
6684 -0.0001507534634236944 8.890266736236183e-06 0
6685 0.0003165755024438284 -0.0008881352763032785 0
6686 0.00102019076593632 -0.0001445820524516765 0
6687 0.0003017191875178115 -0.0001015065904871716 0
6688 0.0001782979181766303 7.534423110504076e-05 0
6689 -0.0001131614513798356 2.534640693044717e-05 0
6690 -0.0001793111200603005 7.401299807558595e-05 0
6691 -0.0001040690244770804 0.0001068487009084567 0
6692 -0.0004409901610212512 0.0007985364993427842 0
6693 -2.882872279524518e-05 0.0001397310670159582 0
6694 8.729939558043419e-07 -0.0002350209170849458 0
6695 3.274212509613999e-05 5.035680141236014e-05 0
6696 -0.0002436985767911289 0.0001653296305131624 0
6697 0.0002058827989355859 0.0002753716513471786 0
6698 -7.504508618902208e-05 -0.000266250570917288 0
6699 0.0001169748711735968 0.0001646776870418113 0
6700 0.0007426114602387444 0.0009901534617225405 0
6701 -0.0008726623453663826 -0.001113305554749373 0
6702 -0.0005761208791785053 -0.0006987073670551599 0
6703 -5.155783936264723e-05 -6.407550638964334e-05 0
6704 -0.0006541049130124242 -0.0007240337788972317 0
6705 0.0001932690595274515 -0.0001114938700509263 0
6706 -0.0004617952565637626 0.0009080397397664087 0
6707 -9.039994274413123e-05 0.0002291953881411909 0
6708 -8.916318109395094e-05 -8.053640387185007e-05 0
6709 -0.0002784365238097301 0.0001469418513517764 0
6710 0.0001226405963147717 -0.0001038133499302625 0
6711 -6.065048997045509e-05 -0.0001456630378764801 0
6712 -0.000212716213842195 -0.001558269443031435 0
6713 0.0004808896803526291 -0.0009070428584416983 0
6714 -3.656243856807836e-06 -0.0002739944169446 0
6715 -0.000369996170605994 0.0009708963390540896 0
6716 0.0003429514566028624 -0.0008573027400595367 0
6717 -0.000289737046936369 0.001004923632119119 0
6718 3.729408754125999e-05 9.109589530810415e-05 0
6719 -9.373226139480733e-05 -0.0001213265147668154 0
6720 0.000155267226137482 -0.0001263323861386004 0
6721 0.001178934298662344 -0.0008951978015314119 0
6722 0.0001272241359006962 -6.32258474154491e-05 0
6723 -0.0002214106787933576 1.674406204864631e-05 0
6724 -0.0001642610503470174 -0.000113445934525989 0
6725 -0.001580967521935329 0.0001371527897085905 0
6726 0.0004571848753639687 0.0005781729679733153 0
6727 -2.746409403827575e-07 7.466614476226593e-05 0
6728 -0.0001838282882312526 3.318453822378692e-05 0
6729 -0.0001313722086697682 -0.0001377696930663074 0
6730 -0.0009973194607641456 7.214885211255689e-05 0
6731 -0.0001462572827732333 4.96525882848566e-05 0
6732 -0.0001086127705208262 6.611449012584113e-05 0
6733 -3.334721571895979e-05 9.898687768348401e-05 0
6734 -0.0002879104064442924 0.0008514508904193475 0
6735 -7.098071648755546e-05 8.254873504803396e-05 0
6736 0.0003045728811178284 -0.0008501287640293275 0
6737 -0.001098793850133383 -0.001227826985894461 0
6738 -0.0002258471554276934 -2.400973572743349e-05 0
6739 -0.000258629946120627 4.219024705367156e-07 0
6740 -0.0005147659392746218 0.001189878343638369 0
6741 0.0004998779471769268 -0.001259688688011914 0
6742 -0.0005980264659655835 -0.0008176747064478842 0
6743 0.0001693064714455033 -0.0002932039911937855 0
6744 -0.0008135039940351292 0.0006685633004383684 0
6745 0.0003203565284643258 -0.0009970884854364878 0
6746 0.0007393700133928886 0.0006728812042895318 0
6747 -0.0002017219796723532 -0.0001296686417965036 0
6748 -0.0009924377856359681 -0.001233914576351859 0
6749 -0.0004369088113896607 -0.0008438224902365473 0
6750 0.0006140645071836905 -0.001448790746453919 0
6751 -0.0006864542285821324 -0.000699174728677443 0
6752 0.0004943629779394349 0.0008198580381900399 0
6753 -0.0001872667783820633 -0.001236713499599834 0
6754 0.001239108118122887 -0.0009501124917727673 0
6755 0.001195243679359524 0.000485785168781171 0
6756 0.0004457852441836051 -2.001787724385527e-05 0
6757 -0.0007392747579719763 0.0001333777385539835 0
6758 -0.001147510139093721 -0.0004597127318310509 0
6759 -0.0003349719652724093 -0.001561056577660472 0
6760 0.0001585184658346694 0.001392382790258544 0
6761 -0.000694044826194897 0.001452535881747739 0
6762 -0.000711345437794272 0.001490187970877896 0
6763 0.001046691750959647 -0.0002103357660982885 0
6764 -0.0005623038616229377 0.001521572424747527 0
6765 -0.000591285462735855 0.001549873615344257 0
6766 -0.0005545435038079302 0.001564387727396476 0
6767 -0.0008979442252544546 0.0003500975001526646 0
6768 -0.001635721114096191 0.0002667204514386974 0
6769 0.001295099432044625 -0.001045673633070718 0
6770 -0.0001367265736311777 -0.001376562920859327 0
6771 0.001161756173193082 -0.0008006938249333418 0
6772 0.0004202723795246781 0.0009906383683250433 0
6773 -0.0002093663622676082 -0.0001772600676022519 0
6774 -0.0007389533330114709 -0.0005403863522901736 0
6775 -0.0007582988694899323 -0.0005821815512284137 0
6776 0.000121761004295147 0.0002048959588570985 0
6777 -0.0002140266632408354 -0.00100866762921811 0
6778 -0.0002393040333950534 -0.0009675461603080934 0
6779 0.001656963096223477 -0.0001693503029207766 0
6780 0.001673616741966686 -0.0001337573438877084 0
6781 0.0006044678170933514 0.0006734361534790677 0
6782 0.0003892479874697701 -0.001604032426635103 0
6783 -0.001541004977339814 0.0001515616568596303 0
6784 0.0007545851354097686 -0.000659353368284257 0
6785 0.001300748674562369 0.0005922521921197921 0
6786 3.184080101566003e-05 0.001121671900869709 0
6787 -0.0006440158569648652 -0.0008710989843160977 0
6788 0.0009155625495482173 -0.0001468337891123814 0
6789 -0.0002303640252049866 0.0004852185264796011 0
6790 0.0002244883855838771 -0.000612892332524973 0
6791 -0.00123235065631948 0.0009096767422266974 0
6792 -0.001613077750644317 0.0003488227251323354 0
6793 0.0006689064057619804 0.0006494631197511466 0
6794 0.0001198533265428022 0.001622142688859329 0
6795 0.0001539583720496054 0.001645397496652752 0
6796 0.0001561012243517504 0.001601198285390303 0
6797 -0.0003142353333478648 -0.001507037320038052 0
6798 -0.000204633204720086 0.0002210542923665415 0
6799 0.0006336619187846249 -0.0001110963131936834 0
6800 -0.0005447148373585936 4.406323447624296e-05 0
6801 0.0003047309030986648 0.001583458892739138 0
6802 -0.001194492871200663 -0.001111414295601283 0
6803 0.001003829569070287 -3.938836691818978e-05 0
6804 0.001015573622106833 2.722905747228773e-06 0
6805 0.001316341421114548 -0.0009224500384453153 0
6806 -0.0003323862858046847 -0.0009502714627018628 0
6807 0.0002818618450667429 0.0009974850075125305 0
6808 -0.0007151007244306592 -0.0008527056089544888 0
6809 0.001278152754895305 -0.000936644624746631 0
6810 -0.001060214965755699 -0.000426432152291997 0
6811 -0.0003975886546183652 0.001038112090284278 0
6812 0.0006229220080030974 -0.001410434202277152 0
6813 -0.0002547612405144607 0.0007214358812613353 0
6814 -0.0002468210508597922 0.0006801813193318246 0
6815 0.0002776472042180738 0.0003503485459644134 0
6816 -0.0004455296638775958 -0.0005980605076015595 0
6817 -0.0007878713161471287 -0.001033390949487008 0
6818 0.0009627123828122375 5.408728941745139e-05 0
6819 0.0009397482951481975 -0.0005775787089674571 0
6820 -0.001027937923917493 0.0008062163056505703 0
6821 0.001078786195851447 -0.0008069026340893266 0
6822 -0.0002956179551291077 -1.51022939148645e-05 0
6823 -0.0003001799614906456 -5.587599476087087e-05 0
6824 -0.0003290490129005423 1.071827046167648e-05 0
6825 0.001014765145496283 0.001228058377954786 0
6826 -5.783312666769428e-05 -0.001090391661921722 0
6827 0.0007013835627170266 0.0008832397590842774 0
6828 -0.0001652755762620063 -0.001611740762892599 0
6829 -0.000174611626101652 -0.00164923529626662 0
6830 -0.0005156577506846238 -0.0008326554303463824 0
6831 -0.0001269514367569069 0.0003613539789320751 0
6832 -0.0008510028256556739 -0.001317958030648822 0
6833 -0.001037114286712901 7.407446543804274e-05 0
6834 -0.0009511231584356867 -0.001218850010771946 0
6835 -0.000525879299995986 -0.0006467864618895188 0
6836 -0.0003239246401344982 5.01936417470881e-05 0
6837 -0.000200652912908386 -0.0002222010225365714 0
6838 0.0009383529035566186 -2.643198152448411e-05 0
6839 -0.001015119925181438 -0.0001080066494308385 0
6840 0.0007642209027305652 0.0005766164229304737 0
6841 0.0008725772287798704 -0.0001656472528171715 0
6842 0.00157353981643207 -0.0002508098653893745 0
6843 -5.28864946168341e-05 0.0002816081569738152 0
6844 -0.0009352031717456367 0.0003037301031485328 0
6845 0.0003418137583533146 -5.85606899737584e-06 0
6846 -0.0008850003364892335 0.000243986490767565 0
6847 0.0001887778826577868 -0.0001495016132576721 0
6848 -0.001030986553522782 -0.0001870726507422024 0
6849 0.001451586625428742 0.000597851399254247 0
6850 0.001249906442690799 -0.0009078530545722526 0
6851 -0.0003035481740239309 -0.0002327395750383602 0
6852 0.0009110157492730746 -0.0006155630420934771 0
6853 -0.001367277963812529 -0.0005829213195741443 0
6854 0.0002202500392271791 0.0009836332035884374 0
6855 -0.0003946064780489539 -0.0009647418157489178 0
6856 -0.0004126668133125445 0.0007196369151435566 0
6857 0.0001462151022048651 -0.000214749819981034 0
6858 0.0003109953708705462 0.001624403568427419 0
6859 -0.001000114149264923 -0.0005232167984267281 0
6860 -0.0004920838534843043 0.000884606564047413 0
6861 -0.0003529430833672229 0.0001112400325443383 0
6862 -0.0003256758554474825 0.000841389344990306 0
6863 -0.001419530583459861 -0.0008819057333269651 0
6864 -0.001451367813508154 -0.0008588656778749094 0
6865 -0.0008758398379443712 -0.001376418133603066 0
6866 0.0002761891490255659 0.0003880528763844931 0
6867 -0.0004512827434832195 -0.0005584470170763182 0
6868 -0.00159954531794347 0.0002410752617021172 0
6869 0.000192601343191275 0.00158140677633156 0
6870 7.796699033829254e-05 0.001092246706729617 0
6871 0.0001846925718438071 -0.000941670528712882 0
6872 -0.0006013699412948944 -0.0006691366695307354 0
6873 0.0006927565017687168 0.0007347307919759498 0
6874 -0.0004863465481156664 -0.0007772767526556519 0
6875 0.0008063783170242017 0.001052829980893105 0
6876 -0.0009974682029911914 -4.886454585183445e-06 0
6877 -0.0008808872085582198 0.0001341027397424932 0
6878 0.0002273823599881529 -0.0004290150265859687 0
6879 0.001607070728485553 -0.0004930734369041498 0
6880 0.001648532295840401 -0.0004860446165375072 0
6881 0.001190839703848373 0.000447899295024865 0
6882 0.001021045037427847 0.0003979631344569598 0
6883 -0.0001063582858965316 0.0009357654167845369 0
6884 -0.001220163318357882 -0.000510061908196487 0
6885 -1.678719126779356e-05 -0.001105314614438076 0
6886 -0.001017631065017386 3.869301563990903e-05 0
6887 0.001041411992158541 8.288693759857689e-05 0
6888 -0.0008973005193485119 3.500028522486246e-05 0
6889 -0.0004494338797718554 0.0007627642944947052 0
6890 0.0009705268113088145 0.0002442525275009211 0
6891 -0.001212489576456415 0.000946203576672522 0
6892 0.001565149708354459 -0.01475439843114365 0
6893 0.0004967360980951124 -0.0123219290869319 0
6894 -0.001913548353748877 -0.01221009402344101 0
6895 -0.0006890251096331535 -0.01044845281159336 0
6896 -0.002566944472557489 -0.01018215722380954 0
6897 -0.001277320397808221 -0.008816367515100457 0
6898 0.0002526942444268884 -0.008972522390186789 0
6899 -0.0003911173485313341 -0.007634170419188593 0
6900 0.0009488090993803281 -0.001435351112020649 0
6901 0.0006680691983816966 -0.00154511248235757 0
6902 0.001133878337716146 -0.001294239695963684 0
6903 0.0004671402541004921 -0.001612096329467856 0
6904 -0.0007775225414383525 -0.001537192290782134 0
6905 -0.0005655477732672209 -0.001624883407101894 0
6906 0.00114086951578284 -0.007651950736411319 0
6907 -0.001694686575758094 -0.00741047143984956 0
6908 -0.0009424482527323995 -0.006417384158123952 0
6909 -0.002067767740083565 -0.006234075663096964 0
6910 -0.001364857320510379 -0.005432682898019597 0
6911 -0.002339630499157629 -0.005090501587262173 0
6912 -0.000410178373361023 -0.005558865588813876 0
6913 -0.0007840721814015888 -0.004669486157009603 0
6914 -4.241901069649445e-06 -0.004794970261509883 0
6915 -0.00311552704458467 -0.005993933208425348 0
6916 -0.003392124451687538 -0.00497502409500549 0
6917 -0.002782660126244077 -0.004216704823442685 0
6918 -0.003647169918588407 -0.004059518828881886 0
6919 -0.001720492851228618 -9.639783651307611e-05 0
6920 -0.001691245935200271 -0.0003231308171924549 0
6921 -0.001589383466072681 -0.0005682261325875559 0
6922 -0.001209827515212132 -0.001230088718497451 0
6923 -0.001052637403269794 -0.001325575991191538 0
6924 -0.004393951531185357 -0.004716266910108039 0
6925 -0.004500332913086187 -0.003578542521165411 0
6926 -0.002991495756370242 -0.00349999813139183 0
6927 -0.0002480154843498826 -0.004132733948588375 0
6928 0.0003803226311817495 -0.00420052693617686 0
6929 0.0001031334626042081 -0.003671258769264935 0
6930 0.0006805310586498644 -0.003617290403812076 0
6931 -0.0004056805567055348 -0.003583740064844158 0
6932 0.0009833006519148096 -0.004235453449588863 0
6933 0.001278113210660737 -0.00369204317655703 0
6934 0.001627230126392847 -0.00427867720868438 0
6935 0.001935871118050388 -0.00358755795490704 0
6936 0.002351366350188442 -0.004326747158152347 0
6937 0.002719683428387081 -0.003687990483654081 0
6938 0.003164276458220108 -0.004395779206055083 0
6939 0.003571491843722212 -0.003574390740145593 0
6940 0.004117600072928177 -0.004480473439853781 0
6941 0.004647411177034263 -0.003622715618574429 0
6942 0.001689308406770723 0.0003427317399047791 0
6943 0.001720233542356655 0.0001159525757516484 0
6944 0.004046309655982586 -0.002710122709247496 0
6945 0.005134471284833401 -0.002723524020951633 0
6946 0.004612646695253103 -0.001888881974187732 0
6947 0.005633463431558717 -0.001850760108098101 0
6948 0.005084163379323135 -0.001049718105142335 0
6949 0.006111344280067969 -0.0009518623095431644 0
6950 0.005408595617827835 -4.082140197203526e-05 0
6951 0.006684745617870766 6.654200182766121e-05 0
6952 0.00604651171231544 0.0009287745019637778 0
6953 0.006698868478229328 -0.001912514800350676 0
6954 0.004983527751587261 0.000942660309500885 0
6955 0.005474604719566836 0.001820362262211347 0
6956 0.004512871537007442 0.001744559770785607 0
6957 0.0007968335371568818 0.001543668976184561 0
6958 0.0005818470602530248 0.001612955103046079 0
6959 0.00490789783811051 0.002626512164944855 0
6960 0.00391854943637728 0.002562498210102275 0
6961 0.004358145424946305 0.003414417805376001 0
6962 0.003419534937342591 0.00338013768948355 0
6963 0.003822712358001361 0.004183579544386552 0
6964 0.002810171837321032 0.004114436707133779 0
6965 0.003222120160818722 0.004944372145199665 0
6966 0.00231698143159191 0.004967093947105405 0
6967 0.004885251134913798 0.004433080426228609 0
6968 0.002861888048567302 0.00584992497056019 0
6969 0.001712415244987534 0.005800035054903059 0
6970 0.001360456078403908 0.004788182439626423 0
6971 0.0006845279563050952 0.005654263349183608 0
6972 -0.0009298369731443974 0.001450145105020012 0
6973 -0.001114097715272677 0.001310252693633419 0
6974 0.000308544452095328 0.004761218449372196 0
6975 -0.0003012360458127 0.005519276467086593 0
6976 -0.0006989423317064228 0.004595051785245542 0
6977 -0.001235561875483712 0.005395451580984026 0
6978 -0.001642462976309615 0.004591128097739186 0
6979 -0.002165842396353324 0.005225781255066495 0
6980 -0.002528324986591092 0.004452997446737228 0
6981 -0.003092846714758593 0.005304155963752016 0
6982 -0.003471218694765208 0.004119263243674513 0
6983 -0.0009430607722566378 0.006472328690338062 0
6984 -0.004270841116607118 0.005143760880138755 0
6985 -0.004704787049151235 0.004031149399251193 0
6986 -0.0001230726592192658 -0.003218838694689128 0
6987 -0.0005304558966225584 -0.00314605422862259 0
6988 0.002387830020413116 -0.003110917395295368 0
6989 -0.004005694656373975 0.003064781224487847 0
6990 -0.005166661564369283 0.002936483216532753 0
6991 -0.004247562404553871 0.002030497194923391 0
6992 -0.001665257541751188 0.0004509307712181358 0
6993 -0.005552279406595416 0.001813088332470975 0
6994 -0.0003041539218482178 -0.002851046903270309 0
6995 5.413778879567014e-05 -0.002884612918547372 0
6996 -0.0006340645193484421 -0.002791250021998197 0
6997 -0.005461079049196478 -0.004404702232988705 0
6998 -0.00568421039489429 -0.003256980726306049 0
6999 0.002592762685091101 0.003286017925941696 0
7000 0.005246832642715364 -0.004570296612194071 0
7001 0.006590380131302666 0.001905246480734107 0
7002 -0.001963971333373059 0.003747063899511445 0
7003 -0.006472265202495929 0.002809046802080351 0
7004 -0.006975502377866289 0.001515333634266119 0
7005 0.0007870569345170662 0.004020088181339158 0
7006 0.000102912018141655 0.001704901160968146 0
7007 0.004045327368275747 0.0009487002709835025 0
7008 -0.0004504014044140125 -0.002550449352331791 0
7009 -0.0003939919008894271 -0.001651884208656577 0
7010 -0.0007509833658387901 -0.002469560629643871 0
7011 -0.0009445357462495582 -0.002712844434364599 0
7012 -0.00105080566253334 -0.00243069214793181 0
7013 -0.0009123388716370594 -0.003394957815468123 0
7014 0.002176610327493036 0.00689648599199601 0
7015 -0.003699232539352407 0.00633679675630001 0
7016 0.004581234282944449 -0.005563643967477637 0
7017 -0.001021829710124704 -0.001361661696450732 0
7018 -0.001071012097671934 -0.001373229062462763 0
7019 0.003809891859465797 -0.001879889103114301 0
7020 0.003531720911179359 0.006906527289373846 0
7021 -0.004831334076495526 -0.002461084701012015 0
7022 -0.005088950145674084 0.006195942609740024 0
7023 0.0005896324254419304 -0.001571787090569005 0
7024 -0.00124915542115385 -0.002640651404386581 0
7025 -0.001328661793408862 -0.00234111545866025 0
7026 -0.003369693186325264 0.002402591847601911 0
7027 -0.003739378085463988 0.001262619829686564 0
7028 -0.0005477769257848995 -0.002298523695540946 0
7029 -0.0003256444270665955 -0.002331336630106501 0
7030 -0.007944824572519117 0.002646210796330147 0
7031 -0.005189970707531993 -0.005561200520551971 0
7032 -0.006668714224470143 -0.004089876525579179 0
7033 0.0006966344407921194 0.001555788129752366 0
7034 0.005889834062228937 -0.005670649626545172 0
7035 -0.001110217347223246 -0.002156312190906346 0
7036 -0.001404581163479803 -0.00202565811902954 0
7037 -0.001609886471947036 -0.00223473137357952 0
7038 -0.001685787326095305 -0.001945635185267449 0
7039 -0.001906992740488628 -0.002142169511568789 0
7040 -0.001949424103973671 -0.001844247770085704 0
7041 -0.002229872166197555 -0.002049419557515702 0
7042 -0.002241763694802761 -0.001656934907122715 0
7043 -0.001856132254344159 -0.002465205835683758 0
7044 0.00270923347066879 0.008139846291060824 0
7045 -0.008530519536829128 0.001105250153679417 0
7046 -0.0004159778353004211 -0.002125421034978204 0
7047 -0.0002341200937070655 -0.002152449938191435 0
7048 -0.0005794043918378433 -0.002121888941358962 0
7049 0.005069259034222629 -0.006906850215729805 0
7050 0.001679399587808863 -0.009244370150507313 0
7051 -0.002809724131797489 0.001592529663650879 0
7052 -0.001706823143366175 -0.001672607270955984 0
7053 -0.001111271210009262 -0.00126689827601963 0
7054 -0.002609087686581035 -0.001927712515991968 0
7055 -0.002670043190389965 -0.001495495075042428 0
7056 -0.002327411204349027 -0.001309579099912278 0
7057 -0.002660598303600257 -0.001059411795496232 0
7058 -0.0002902987035322458 -0.002007370175015319 0
7059 -0.0001453609652952523 -0.002005809348160734 0
7060 -8.170979133734012e-05 -0.002147172607906463 0
7061 -5.891838570773504e-06 -0.002026177954144393 0
7062 5.953667425320853e-05 -0.002148530161763571 0
7063 0.0001218663404709466 -0.002028184736760044 0
7064 0.000197613289259522 -0.00213830509379815 0
7065 0.0002924655807423818 -0.001709992650804902 0
7066 3.156821616356195e-06 -0.002258101544784651 0
7067 -0.001195307485712153 -0.001895182762340746 0
7068 -0.002419654887941252 -0.0008048000057252982 0
7069 -0.002704572475066984 -0.0006216070150127385 0
7070 -0.003178115062658704 -0.0008859867885088 0
7071 -0.004478070373202542 0.007448829338436184 0
7072 -0.002474551636695443 -0.0003872630000568753 0
7073 -0.001692734676922887 0.0001359143388257452 0
7074 -0.001679511652780828 0.0002419185805834526 0
7075 0.001255753900674753 -0.004873497149568168 0
7076 0.00254213106205068 -0.005180161515990443 0
7077 -0.006011814155990861 0.007391239034843647 0
7078 -0.001655891065048717 0.0003450525281778606 0
7079 -0.002758324817705666 -0.0001864393951870666 0
7080 -0.002510896399099028 6.076623207892412e-05 0
7081 0.004153328894600907 0.008141140853080236 0
7082 -0.005894743470394872 -0.002108618392036071 0
7083 -0.0002208047437109488 -0.001901949586411491 0
7084 -0.0003257100521679629 -0.001886234043945126 0
7085 0.006661688883694355 -0.00701094280968434 0
7086 0.007427745073663543 -0.005654715700935733 0
7087 -0.002025715718119559 -0.0009724157482578819 0
7088 0.003361362448083083 0.00953580259764013 0
7089 0.001698205703304551 0.009365825586803081 0
7090 0.001009429901853515 -0.003276776607825406 0
7091 -0.009649601875817695 0.002417236440455815 0
7092 -0.009011475677939055 0.004064710095632846 0
7093 -0.003064220318223212 -0.001793395816058801 0
7094 6.852813551149638e-05 -0.001912503074353765 0
7095 0.0001764273528516912 -0.001919074750117266 0
7096 -0.0009939411289970437 -0.001920794248050432 0
7097 -0.001091691525173455 -0.001755155839833218 0
7098 -0.001234104487147637 -0.001719883113956797 0
7099 -0.000873851324085963 -0.001824923250194766 0
7100 -0.0009415986749595722 -0.001664968494865153 0
7101 -0.001031572413465955 -0.001417359757160107 0
7102 -0.001091511897720909 -0.001430658993831779 0
7103 -0.001133962672292639 -0.001374191379307005 0
7104 -0.001164286928631184 -0.001449310418470688 0
7105 -0.001216565410417536 -0.001391881064278337 0
7106 -0.001111888360848513 -0.001509309071012118 0
7107 -0.001250900732537085 -0.001472577710292949 0
7108 -0.001318955438120211 -0.001384853954559656 0
7109 -0.001255842874999446 -0.001202197426214985 0
7110 -0.000251777801088968 -0.001804462787667422 0
7111 -0.0001787413473231559 -0.00183392446513299 0
7112 0.005679209024345742 -0.008431116305757056 0
7113 -0.005049289920103597 -0.001358030723665172 0
7114 -0.01025847227262771 0.0007153321980139727 0
7115 -0.008835534845894968 -0.0008806262764644014 0
7116 -0.01084499634302038 -0.001061344696317955 0
7117 -0.01090170500179321 0.003850614453495124 0
7118 0.005001649376600544 0.006860980892775701 0
7119 0.005773897631270369 0.008223287734132223 0
7120 0.006613019056694738 0.006757039621233701 0
7121 0.007540865723134623 -0.008541732366274726 0
7122 -0.002046995637509506 -0.0005504143313656766 0
7123 -0.002327906775725692 -0.003632825957082501 0
7124 -0.001356194775230821 -0.001522635351135569 0
7125 -0.001443364099582783 -0.001430030836638826 0
7126 -0.002808830252526048 0.0002545533519637413 0
7127 -0.002599050871444831 0.0005524782274905918 0
7128 -0.003366165505797198 -3.412907054772057e-05 0
7129 -0.002198867784243708 0.0003465765801006004 0
7130 -0.001403016180118258 -0.001304667079241825 0
7131 -0.001494287673862504 -0.001319133269022468 0
7132 -0.003006068343785192 0.007580582751849132 0
7133 -0.003812439914162243 0.008859070440575798 0
7134 -0.002175523655246897 0.008913146501956917 0
7135 -0.00304729019120978 0.01039337039240878 0
7136 -0.0001042390180856054 -0.001698485971098194 0
7137 -6.141847890866709e-05 -0.001720089027797419 0
7138 -0.001257952804830383 -0.001259120259047804 0
7139 -0.0003557391902647669 -0.001789560311582922 0
7140 -0.0004186929933507733 -0.001860776609740542 0
7141 -0.0004447838217916178 -0.001784125238256327 0
7142 -0.0005090861939772039 -0.001837982127082018 0
7143 -0.009638827811563278 -0.002649976786406069 0
7144 -0.002111607238193349 -0.0001216756011836428 0
7145 0.007530209268883641 0.008262933673915333 0
7146 0.008400781541756571 0.006622929548486159 0
7147 0.00719869806552315 0.005045268132722325 0
7148 0.009195180685468119 0.004972863895829838 0
7149 0.001683898344397671 0.0002909631198904706 0
7150 0.001732404092364443 0.0003132172128356984 0
7151 -0.004152001966498088 -0.01163133632760739 0
7152 -0.004384455365093286 -0.009580631538288975 0
7153 -0.001456704730861812 -0.001220995045181537 0
7154 -0.001570933610092432 -0.001225912888576204 0
7155 -0.001552183460152043 -0.001090780852798531 0
7156 -0.001671407261343797 -0.001120369582418379 0
7157 -0.001605274984096887 -0.0009909631063235599 0
7158 -0.001719172280018051 -0.001275611332510103 0
7159 -0.002526318897641152 -0.002403250269964534 0
7160 -0.001262947980539755 0.01041166488517633 0
7161 -0.002209788501442642 0.01212254239252053 0
7162 0.001666363225093948 0.0002458046214360531 0
7163 0.001715167970468285 0.0002491220594056404 0
7164 0.001776962963810425 0.0002679979891863118 0
7165 0.0005488837501760434 -0.00158269555575047 0
7166 0.0005831516330101129 -0.00162081251325523 0
7167 -0.001038578218538163 0.001329208195543228 0
7168 0.00167904699087996 0.00039068631350205 0
7169 0.00161048541126117 0.0004892087354322077 0
7170 0.001531297815628779 0.0007368609409711266 0
7171 0.001517106315689618 0.0007927046981383226 0
7172 0.001569551067815611 0.0007792238886120873 0
7173 0.001450654784934946 0.0009209365631267314 0
7174 0.001548583551271156 0.0006522828761104938 0
7175 0.001571862042846926 0.0006183744538101985 0
7176 -0.0002936988182618401 -0.001733054956401022 0
7177 0.001600783272672549 0.0005325418696098662 0
7178 0.001650694185485275 0.0005200679470141734 0
7179 0.001720322671101229 6.625749980716081e-05 0
7180 0.001766205806702098 9.140279711922607e-05 0
7181 -0.0005230215205429487 -0.001646284043640588 0
7182 -0.0005654408419387152 -0.001676323208642706 0
7183 -0.0006110452269380091 -0.001647679519802602 0
7184 -0.0006151000208527053 -0.001711095915447357 0
7185 -0.0006721049201945931 -0.00167469290014878 0
7186 -0.0006766079344012213 -0.001751175564236146 0
7187 -0.0004770961112958201 -0.001667037117995631 0
7188 -0.0002222895800769153 -0.00173544113341784 0
7189 0.0003484373342505732 -0.001650589250524589 0
7190 -0.000734966828583753 -0.001559403621710801 0
7191 -0.0007776694124051945 -0.001589162633701319 0
7192 -0.0008353347160355971 -0.001565665868955845 0
7193 -0.0007385618433899938 -0.001697797980472378 0
7194 -0.0006854924040574761 -0.001568622987090606 0
7195 0.001090603445069034 -0.001317193600058932 0
7196 0.001126544934647273 -0.00135363814403628 0
7197 0.001007957521878869 -0.001345056921425888 0
7198 0.0004232217303232467 -0.001630544349472057 0
7199 0.0004583830078894855 -0.001665210806137938 0
7200 -0.006126437663429099 -0.0008075200889187145 0
7201 0.001000605110168846 -0.001385394083720458 0
7202 -0.0009507264461019741 -0.001371489189523475 0
7203 -0.0008934981433233411 -0.001411564112305516 0
7204 -0.0008672080817709016 -0.00144571306567956 0
7205 -0.0009169213859509165 -0.001454970315070856 0
7206 0.009564682240784579 0.008402554587425995 0
7207 0.001709110068398006 0.0001622430304008509 0
7208 -0.001154778518461406 0.001288249185724161 0
7209 -0.001153397434068202 0.001347118698279322 0
7210 0.000536532008307608 0.00164383811341662 0
7211 0.0005949518785209031 0.001665189752734339 0
7212 0.0006152259758379023 0.001580340163837838 0
7213 0.0002473518180330309 -0.001727922732850465 0
7214 0.0002869520573644203 -0.001762026177317961 0
7215 0.0003456497857762083 -0.001733419905858162 0
7216 0.0003408510245532043 -0.001801004804926867 0
7217 0.0004023450615199918 -0.00177676983539158 0
7218 0.0004021342104937606 -0.001853626857627624 0
7219 0.0004718544494133516 -0.001817034638853032 0
7220 0.0004791335098584322 -0.001922386735910252 0
7221 0.0003616213734348239 -0.001962518072999917 0
7222 0.000469257926560933 -0.002044933560262087 0
7223 0.0005795601202627172 -0.001993169692278287 0
7224 0.0005834185028925095 -0.002144490324008162 0
7225 0.0007196788594895301 -0.002051245636424294 0
7226 0.0007559189987361003 -0.001890709163404775 0
7227 0.0008846873267430791 -0.001991430499363451 0
7228 0.0008851781091686334 -0.001810056405839496 0
7229 0.001031702582445937 -0.001913871330476199 0
7230 0.001034872103855634 -0.002096824942197505 0
7231 0.001230622811402923 -0.001969205299811982 0
7232 0.0007263670399379332 -0.002258730263734616 0
7233 0.001208593202143991 -0.002246135648057103 0
7234 0.00143786593820236 -0.00211013090504083 0
7235 0.001448998491228804 -0.001872108567078094 0
7236 0.001671031905651829 -0.001978186220317511 0
7237 0.001628054129187507 -0.001705062398218341 0
7238 0.001899139612278219 -0.001827444140093533 0
7239 0.001896629894939482 -0.001505224887977497 0
7240 0.002155142833876528 -0.001666459586769647 0
7241 0.002162769524368789 -0.001355970733502168 0
7242 0.0005046465747286387 -0.00232592904246391 0
7243 0.001029259777212115 -0.001748301272055166 0
7244 0.001653698383959206 -0.001441616365601497 0
7245 0.001181136667528185 -0.001322054183848307 0
7246 0.001171378623381527 -0.00139664973250989 0
7247 0.001241489510120048 -0.001362682230466312 0
7248 0.001237596094937309 -0.001146525990639086 0
7249 0.001235601320092061 -0.00144714261612852 0
7250 0.00114734273085528 -0.001472356553147265 0
7251 0.002422911510788299 -0.001502697767889115 0
7252 0.002400616478352438 -0.001177145272907454 0
7253 0.002127533503571633 -0.001057532466065192 0
7254 0.002373192250006448 -0.0008723856059959576 0
7255 0.00171646830673481 -0.0003639314223996269 0
7256 0.002681189966681516 -0.0009954982488678322 0
7257 0.002605885340828682 -0.0006150848742016684 0
7258 0.002984323214222046 -0.0007689564711508985 0
7259 0.002908626726041843 -0.0003778179900530495 0
7260 0.002534038856974569 -0.0002489410048371666 0
7261 0.002823289070253496 -8.336745864100403e-06 0
7262 0.002462639644894756 9.96202180406226e-05 0
7263 0.002741524635166771 0.0003284822486632842 0
7264 0.00244082798045081 0.0003834920865007135 0
7265 0.002626077922047016 0.0006298408114601118 0
7266 0.002347666387782557 0.0007772424478227725 0
7267 0.002598351841455409 0.0009645284271071886 0
7268 0.00224897097715091 0.001067380193995938 0
7269 0.002538523007167433 0.001285430651200152 0
7270 0.002213234409545803 0.001395177401942596 0
7271 0.002481630399537459 0.001645826834484967 0
7272 0.002084802398237186 0.001715084570547665 0
7273 0.001933314864926631 0.001432427558380683 0
7274 0.001794773322034895 0.001814887031567028 0
7275 0.001629962941165019 0.001608963163345435 0
7276 0.001535494264317568 0.001821826534378793 0
7277 0.001373427813886899 0.001707552476249753 0
7278 0.001296494129845234 0.001878149964333313 0
7279 0.001474932968455264 0.00211151131870474 0
7280 0.001188455747033304 0.002164474039504867 0
7281 0.001390275174747132 0.002402993401746169 0
7282 0.001083463991758965 0.002469283727043143 0
7283 0.001738684801120323 0.002341242333106978 0
7284 0.0008851442771052107 0.00224273254895166 0
7285 0.0007811308923149783 0.002512610467136272 0
7286 0.0005960386394914399 0.00227570467664026 0
7287 0.0004961788645074085 0.002545946922568084 0
7288 0.0003313030763625887 0.002331490290955975 0
7289 0.0002219636682516061 0.002588703740390526 0
7290 5.440453409801984e-05 0.00233630365533737 0
7291 -5.768192850968019e-05 0.002624387679096213 0
7292 -0.0002306639508898943 0.002404190125881969 0
7293 -0.000430728253910454 0.001670373429900785 0
7294 -0.0005838744974625587 0.00159402023566402 0
7295 -0.0003652470658862693 0.002708140818320891 0
7296 -0.0005469866625505646 0.002408270558956719 0
7297 -0.0006805146523439581 0.002740667535562255 0
7298 -0.0008921933403997092 0.002471263936087211 0
7299 -0.0001713841282334336 0.00301978362713574 0
7300 0.001281106293191678 0.002744876287828016 0
7301 0.0004005302256628535 0.002079661965675809 0
7302 -0.0007364860851313778 0.002164756611074443 0
7303 -0.001036207707693194 0.002181675743241517 0
7304 -0.001235438713226769 0.002499948891313708 0
7305 -0.001419982790206825 0.002158603072441123 0
7306 0.002866957601676117 0.001520209987926826 0
7307 0.003322215794425547 -0.0005054882755184788 0
7308 0.002060022587417441 0.0008235309062399438 0
7309 0.00142053778785557 0.00143199615975221 0
7310 0.002247933725918627 -0.0001083895396272009 0
7311 0.001126177123962048 0.001723008702255893 0
7312 0.0009922955497950186 0.001330058102009339 0
7313 0.0008911493107641909 0.001453979935804557 0
7314 0.001073733049215452 0.001290792333655657 0
7315 -0.0009776119967159675 0.001938771921341609 0
7316 0.0004138763894234109 0.002823969834930342 0
7317 0.002452685658865565 -0.001864452617662078 0
7318 0.001453305637869832 -0.002401486734096351 0
7319 -0.001636936437718283 0.002555828024666829 0
7320 0.002840744943093517 0.001943435428678328 0
7321 -0.0001244434580145598 0.002152008569877801 0
7322 0.0009194392648692269 -0.00167244282581653 0
7323 -0.001834031667598671 0.002192683522902682 0
7324 -0.001612235165211101 0.001897524975318921 0
7325 -0.001446647653515244 0.0008584376255714634 0
7326 -0.001333514182393133 0.001039177923822933 0
7327 -0.001302803943863095 0.001087100108461472 0
7328 -0.001372299357623132 0.00107859576247398 0
7329 -0.00150255965824377 0.0007992336008689204 0
7330 -0.001224265964226627 0.001135365698676132 0
7331 -0.001363417023338856 0.0009686680134590733 0
7332 -0.002109594201339576 0.002607387190219199 0
7333 -0.0007009268242425404 0.001919803646875825 0
7334 0.001193230241806766 0.001537268878699938 0
7335 0.002105645924570006 -0.0007703981291976722 0
7336 0.001726539626866422 -0.0007052522299257737 0
7337 0.001778407642299664 -0.0006553378765665669 0
7338 0.00179941511109984 -0.0007422675109600042 0
7339 0.001779490499782297 -0.0005792656259427644 0
7340 0.001713966086758024 -0.0007933568559590494 0
7341 0.001815663233530108 -0.000846278230829332 0
7342 0.001719398693764761 -0.0008939204637396326 0
7343 0.0014817517623603 -0.0008963671234752622 0
7344 0.001437227277033815 -0.0009380941983070084 0
7345 0.001484191523561365 -0.0009558951262066886 0
7346 0.001443044219478247 -0.001001662125101488 0
7347 0.00151161763904978 -0.001021434357044643 0
7348 0.001453891779439094 -0.001074310350723099 0
7349 0.001538419774765662 -0.001110411758163066 0
7350 0.00145770419758501 -0.001178133817412548 0
7351 -0.0004869458846970356 0.001648358324988215 0
7352 -0.0004783517449484887 0.001709668320329281 0
7353 -0.0004125780898653426 0.001729568888885323 0
7354 -0.0004711123763046992 0.001784329540309001 0
7355 -0.0003774395246593244 0.0018054313413333 0
7356 -0.0004643866261706951 0.001883894615973858 0
7357 0.00121021240902242 -0.001546584620495745 0
7358 0.003098359665817036 0.000246002266799569 0
7359 -0.0003565304037161397 0.001910605045293705 0
7360 0.00123137083824555 -0.00129160202072557 0
7361 0.001309729693072153 -0.001307523229079256 0
7362 0.0007058063957824803 -0.002480986467803772 0
7363 -0.0004354972998305117 0.002025108933988611 0
7364 0.001963329562508883 -0.002221200934398323 0
7365 0.001327250124584317 -0.001232925593587558 0
7366 0.002967704931959625 0.0008938723728389331 0
7367 0.001328381139992153 -0.00151000778631054 0
7368 0.001289067838279355 -0.001090178846751869 0
7369 -0.001962019676589972 0.001826527127692896 0
7370 -0.001863249353965808 0.001526079094351552 0
7371 -0.001484834198119769 0.001517179780096553 0
7372 -0.001213231555360255 0.001318049434769677 0
7373 -0.001210694091905819 0.001391400679623467 0
7374 -0.001142413785415289 0.001419841137431082 0
7375 -0.001209352145237755 0.001482866723019818 0
7376 -0.001103130783468557 0.001506910867671124 0
7377 -0.001200242344505339 0.001593801320148371 0
7378 -0.001288020117110221 0.001354719629598904 0
7379 -0.001284843134612677 0.0012672943265543 0
7380 -0.001383765032324838 0.001301189880918052 0
7381 0.00181057693136922 -0.0009739375187208641 0
7382 0.001870102402149695 -0.0006341263228090712 0
7383 0.001858193415744735 -0.0005099900950794753 0
7384 -0.001534503545629219 0.000770856202630593 0
7385 -0.001548496672323432 0.0008213063394077148 0
7386 -0.0005346028732828441 0.001674762653925905 0
7387 -0.0006248304886486516 0.001580669058130568 0
7388 0.001971250006954737 -0.0005487159079479135 0
7389 0.001952621000966189 -0.0004237156376642969 0
7390 0.002109856750996117 -0.0004786840897759411 0
7391 -0.001334171882949639 0.002963618351443684 0
7392 0.0002300446294123206 -0.001777307987643881 0
7393 0.0001751387351618169 -0.001779960556981971 0
7394 0.001190093580029926 -0.001206107668961834 0
7395 -3.895992643158513e-05 0.003969681193810999 0
7396 -0.0007603252239981858 0.003848129243787606 0
7397 -0.001077143565746614 0.001645450541820742 0
7398 -0.001212585703661946 0.001769497276811741 0
7399 -0.001344197071300721 0.001139270262087465 0
7400 -0.001420859224764757 0.001133368933873384 0
7401 -0.001445649991781002 0.001042226368274611 0
7402 -0.00151536576545362 0.001122361291012912 0
7403 -0.001547638071397812 0.0010234883808781 0
7404 -0.00163035264873054 0.00110908181779249 0
7405 -0.001670888150134703 0.0009973621311662483 0
7406 -0.001776452154356141 0.001099223014039331 0
7407 -0.001816126411668506 0.0009227659178385018 0
7408 -0.001961616838589281 0.001077236877911352 0
7409 -0.002147333116115005 0.001506382557498601 0
7410 -0.002030958775900392 0.0008743857502748776 0
7411 -0.00223833023358186 0.001036535682701227 0
7412 -0.00187044043961145 0.0007252593565959604 0
7413 -0.001581210792092709 0.001229726333505613 0
7414 0.001161343382197206 -0.002538818330849216 0
7415 0.001434790214796064 -0.002743436546147491 0
7416 0.001836176184313277 -0.001298569548186233 0
7417 -0.0006219935872668515 0.001636200597569864 0
7418 -0.0006813259035947826 0.001612830741673523 0
7419 -0.0006696398607119594 0.001693486382865123 0
7420 -0.0007482640909942542 0.001670242209083773 0
7421 -0.002937117597050223 0.0006888514172376192 0
7422 0.0004128857314891696 -0.001679289542543481 0
7423 -0.0008849157321202157 -0.002102612111590377 0
7424 0.0008450449047095732 0.001475718612799111 0
7425 0.0008877755763398583 0.001505249235406387 0
7426 0.0009451559126636931 0.001479198119232722 0
7427 0.000937213231820824 0.001552391195556888 0
7428 -0.0008795501405864854 0.001463202586596037 0
7429 -0.0009243240764242721 0.00150430312764568 0
7430 -0.0008488154804066835 0.001517752524435983 0
7431 -0.0007541470926974623 0.001495540908908988 0
7432 -0.0009127935783294344 0.001572975613060717 0
7433 -0.0009726832951273212 0.001424826892239437 0
7434 0.0002042745908663569 0.002107493052118809 0
7435 0.0002810801456737836 0.001972000115381182 0
7436 9.17161367809334e-05 0.001985896664833142 0
7437 0.0004765974005779321 0.001926215414120623 0
7438 0.000348158436036734 0.001822718717263238 0
7439 0.0001752472076769838 0.001842573400152844 0
7440 0.001714537835579945 2.362220383928237e-05 0
7441 0.001687702542992977 -5.11121066857933e-05 0
7442 -0.003099961797711972 0.003161312726035435 0
7443 0.001458042940731668 0.0008515364045186774 0
7444 0.001020509226957899 -0.001619199270202742 0
7445 0.001080260201905348 -0.001370156318969682 0
7446 0.0004761423781811889 -0.002574967025107752 0
7447 0.001331931140312051 -0.001073437264829409 0
7448 0.0007456577955779372 0.001557036122415588 0
7449 0.0007174203922766636 0.001613942895605465 0
7450 0.0007796474944179105 0.001608061293926026 0
7451 0.0007519349839103612 0.001671501200859897 0
7452 0.0008256379864816664 0.001683514060167922 0
7453 0.0007679803549054141 0.001754210503757184 0
7454 0.0008809024800398823 0.001786045134396128 0
7455 0.0008017204986337397 0.0018819044282602 0
7456 0.0005783521775893425 0.002045046913521262 0
7457 -0.0003488564905746078 -0.001659519697537214 0
7458 0.00092011566321937 -0.001566478339942227 0
7459 0.0007869181480239886 -0.001490952783650563 0
7460 0.0008309268119729962 -0.001606093726178879 0
7461 0.0008503367379940959 -0.001461528703181339 0
7462 0.002405477511098872 0.01090899222101735 0
7463 0.004623841263006146 0.01103666993626622 0
7464 -0.001005458844161888 0.001393811119070299 0
7465 0.003646170909529705 -0.006654611145450207 0
7466 0.002777898582654881 -0.001647466619032274 0
7467 0.002820769598180054 -0.002091865419506633 0
7468 0.0009000087471014641 -0.001456958616067196 0
7469 0.00423158982506954 -0.001200712207852376 0
7470 0.004376227374493952 -0.0003582851660563488 0
7471 0.001554736438271084 0.00396336571146592 0
7472 0.001011488228462756 0.001514356474211513 0
7473 -0.006650506655605791 0.005933043533417269 0
7474 -0.007830968944831519 0.007360761803751946 0
7475 -0.006742035529592451 0.009211816085429309 0
7476 0.001675329852296681 0.001325764453993385 0
7477 -0.001574223897192974 -0.004518381517459729 0
7478 -0.0007294833300317668 0.0015324248993997 0
7479 0.002233479100287664 0.000227839325599199 0
7480 0.002145483802485513 0.0006138688055179137 0
7481 0.001798369690107272 0.0003394912203013361 0
7482 0.001855673983709046 0.0002807229648189513 0
7483 0.001954248747797353 0.0006655795857654107 0
7484 0.001895946280708099 0.0008770211465582265 0
7485 0.00188622752833768 0.000367654846003308 0
7486 0.001794609483858299 0.0004448565594571705 0
7487 0.001772512619219451 0.0007489202026241205 0
7488 0.001905315124872853 0.0004614203772940699 0
7489 -4.801828194925976e-05 -0.001920620130353106 0
7490 2.146317432746619e-06 -0.001832487580307153 0
7491 -0.001203539437814444 -0.001280377068099363 0
7492 0.0005048037673672685 -0.001646679928245656 0
7493 0.001995158159666267 0.001198897490569321 0
7494 -0.01149537324115059 -0.002932166989232182 0
7495 -0.01021828050858345 -0.004259628159072788 0
7496 0.001546503144275565 -0.0009190524536709826 0
7497 0.001823700449874598 0.0001933679632953947 0
7498 0.001920568592530189 0.0002113070645306217 0
7499 0.001010026942261065 0.001429461872372075 0
7500 -0.001364747989610364 -0.001211787315506963 0
7501 0.003247674948374861 0.001735130619308172 0
7502 0.00158563804180542 0.0007222820109419333 0
7503 0.001632757855615195 0.0007637402341636622 0
7504 0.001603306916156699 0.0008387477494664795 0
7505 0.001651006690429036 0.0006888626542061451 0
7506 0.0007577193801850204 -0.001761657420123166 0
7507 -0.0008871521257440767 -0.001494427373068833 0
7508 -0.0009408454418204209 -0.001505380732741701 0
7509 -0.0008267973671435127 -0.001621247210698535 0
7510 0.001323639912324505 -0.001127834902364587 0
7511 -0.002080056355451605 0.0006692662914546422 0
7512 -0.001926418454882104 0.0005450690644657609 0
7513 -0.001184995345318245 0.001224178219119839 0
7514 0.008116307750981915 0.003381388275513684 0
7515 0.009971555767451215 0.003370623117346155 0
7516 0.009110704290930022 0.001855870230886559 0
7517 0.01084427301214088 0.001731807805011925 0
7518 0.009830556293835072 0.0002627381133706948 0
7519 -0.005187548215241708 -0.0001064360726783285 0
7520 -0.001778337221248427 0.0005800714118642092 0
7521 0.0009483377140442276 0.001912511760163897 0
7522 -0.001499511832643434 -0.001006308995417725 0
7523 -0.00157556660210471 -0.0008928290978204275 0
7524 -0.001546082774399719 -0.0006790353110950645 0
7525 -0.001483606402012116 -0.0007655306019343428 0
7526 -0.001674922025880274 -0.0008968997060764231 0
7527 -0.00161153056060345 -0.0008054275894364484 0
7528 -0.001728948771829277 -0.0007985516525389588 0
7529 -0.001670617201632292 -0.0006951946061015059 0
7530 -0.001795904537345517 -0.0007119974844295319 0
7531 -0.001730049305868718 -0.0006047607985839669 0
7532 -0.001627774399854809 -0.0004927914033091359 0
7533 -0.001654631898716458 -0.0004118177462621653 0
7534 -0.001678734994195524 -0.0003734991384595667 0
7535 -0.001734998182876044 -0.0003651692999488427 0
7536 -0.001703040178539082 -0.000430009792101298 0
7537 -0.001782240610776413 -0.0004154152923866612 0
7538 -0.001818827941171949 -0.0003463739553387923 0
7539 0.002001189053540483 0.0003863048152892976 0
7540 -0.0004909583683182236 -0.001930753950877831 0
7541 -0.0005917406726683982 -0.00188264991063285 0
7542 0.00160050255302733 -0.0009996725474741589 0
7543 0.001654519779594845 -0.001113423390278849 0
7544 0.001573967908786327 -0.001209925331387154 0
7545 0.001481361330119844 -0.001294936351572443 0
7546 0.001889206658027097 0.000113760261689278 0
7547 0.001974888602537297 0.0001246553168342224 0
7548 0.00194837061455713 1.649281543988552e-05 0
7549 0.001639559041963282 0.0005725418449463938 0
7550 0.001699194426786179 0.0005590674883521558 0
7551 0.0005012793414525352 -0.001694534947832918 0
7552 -0.00171352802192591 0.0008061163118478477 0
7553 0.001667165710674986 0.0004388075156794964 0
7554 -0.0008972164006158162 -0.00154715665688775 0
7555 0.001006866139411371 -0.001522538610065369 0
7556 0.0005908509288134496 0.001882567877010849 0
7557 0.0005473260618217014 0.001707083275998249 0
7558 0.0004828070570560926 0.001643550151742107 0
7559 0.000349167382834141 0.001643082041140755 0
7560 0.0003101960726698101 0.001670439269132059 0
7561 0.0003540542146609458 0.00169491399002186 0
7562 0.0004411760388772485 0.001641731640026594 0
7563 0.0004538105915251261 0.001684295995720035 0
7564 0.0003067115139814615 0.00172451513128391 0
7565 -0.0007198682554260158 -0.001620860734883589 0
7566 -0.0002815983698239063 0.001836642126509105 0
7567 -0.0002496610701255795 0.001938266901055563 0
7568 -0.0001787647159035753 0.001855783962904212 0
7569 -0.001482899213741817 -0.0008192685806665994 0
7570 -0.001809934751930965 0.0004609694534414647 0
7571 0.001852236758429998 0.0005586321373966122 0
7572 -0.0003761536219412215 -0.001695076822087829 0
7573 0.0006333534916032793 -0.005465915910147919 0
7574 0.0006082514356189826 0.001726890421882443 0
7575 -0.0001467771270563109 -0.002566730106164011 0
7576 -0.001152390979004346 -0.002995158786886058 0
7577 -0.001530598683440396 -0.002904953025726366 0
7578 -0.001411486875691992 -0.003330162333674936 0
7579 0.002731469778280866 -0.01266836664340409 0
7580 0.001767550726183153 -0.0004820047609809402 0
7581 0.001838164353704684 -0.0004113525723291289 0
7582 0.001896589487412361 -0.0003028176713363525 0
7583 0.002071586288971971 -0.0002774264708873865 0
7584 0.001965524403461356 -0.0001834812480712728 0
7585 0.001850808647008281 -0.0001773344885327793 0
7586 0.000636623467931674 -0.001816010919667168 0
7587 -0.0007564819496769724 -0.001804883533889854 0
7588 -0.0008290518064798969 -0.001945576162271464 0
7589 -0.001486817673915898 0.0009725808008619275 0
7590 -0.001563275662844586 0.0009288264478127814 0
7591 -0.007188306385380557 -0.001554368650525092 0
7592 0.0120092015248448 0.00354727177231147 0
7593 -0.004869827149804139 0.01016342640676637 0
7594 -0.0007857236558287357 0.001537841867229128 0
7595 -0.0005164659180355666 -0.00170181133510375 0
7596 -0.01013297927220672 0.005310891577342752 0
7597 -0.0120154213433824 0.005777992080341961 0
7598 -0.0009674645087128029 -0.001574954073939723 0
7599 -0.001349880790284307 -0.001818860269994606 0
7600 0.0006399533114503004 -0.001597129176945469 0
7601 0.0006261917420820083 -0.001662790730583915 0
7602 0.0006811078981170574 -0.001639847542397447 0
7603 0.01287281858146156 0.001669829712721054 0
7604 -0.0008182254520665995 0.001459620063630112 0
7605 -0.008609263436135942 0.009065225613126658 0
7606 -0.008009151111106524 0.01065116854506573 0
7607 0.001709694518713647 0.0004893196503706832 0
7608 0.0002658562420683905 -0.002410175110206871 0
7609 -0.001739523629494685 -0.000284117899145125 0
7610 -0.001829073175986911 -0.000254261436443221 0
7611 -0.001681875354172267 -0.0001893994131318274 0
7612 -0.00192005350868664 -0.0003128376646678164 0
7613 -0.001707433114785671 -0.0001469151339333935 0
7614 -0.001760664622317983 -0.0001370495185051472 0
7615 -0.001767739626626588 -5.406837951871691e-05 0
7616 -0.001840829509306857 -0.0001146438384105955 0
7617 -0.001853379732070475 -2.692851281852757e-05 0
7618 -0.001774958115470758 3.424890149593393e-05 0
7619 -0.001857154181336566 7.958039686115401e-05 0
7620 -0.001737112329202547 -0.0002046392436834406 0
7621 -0.002419026056052168 0.001740108843955188 0
7622 -0.01292859418432229 -0.001385458419980019 0
7623 0.0006883562154106684 -0.002751911997329812 0
7624 -0.001194494128083 0.001176994136659201 0
7625 -0.001242495538323758 0.001176715297727472 0
7626 -0.0001443495105671368 0.001976959228290956 0
7627 -7.440441238292688e-05 0.001882470080967075 0
7628 0.000296798835321339 -0.003225423075455018 0
7629 0.006453042234191944 -0.01067155081720466 0
7630 0.004536548281975076 -0.009894762032442913 0
7631 0.008435872005170592 -0.01025519368108846 0
7632 0.0008540268568545233 0.00157829003909059 0
7633 0.001014266952407908 0.001616953613947576 0
7634 0.002281254673018276 -0.00059353897299189 0
7635 0.00119589060580515 0.003520549761538638 0
7636 0.002240227843677162 -0.0003708526659717279 0
7637 -0.001257024242097609 -0.003859661309429588 0
7638 -0.001859197671214442 -0.0005849205282935275 0
7639 -0.001956529842159317 -0.0007419923204934095 0
7640 -0.001702178151929097 7.473955558745358e-05 0
7641 -0.001765066501923676 0.0001144584578815217 0
7642 -0.00182981001916908 0.0001768604799709599 0
7643 -0.001926388685379974 0.0003965212278739794 0
7644 -0.001949284510624063 0.0001515913122019355 0
7645 -0.001728826383103567 0.0001980732725963303 0
7646 -0.001786698291235697 0.0002650298187994786 0
7647 -0.0001062933390987526 -0.001749126554194247 0
7648 -0.001099814219823664 0.00136342305164175 0
7649 -0.002876779307887253 -0.0084800386769175 0
7650 -0.00441654182258468 -0.007749150597379308 0
7651 -0.006084441877654718 -0.008758698428087233 0
7652 -0.001602879438447853 0.0007766784821806025 0
7653 7.455555330756888e-05 -0.00182460687003383 0
7654 0.003050677490474692 0.002763964642524336 0
7655 0.002358529877276507 0.002785164948938871 0
7656 0.0006285344424062921 0.003403886918724374 0
7657 0.001747175564607119 -0.002541313948659355 0
7658 -0.001252487236936421 0.001098146795470456 0
7659 4.685503545102291e-05 -0.001767588875424683 0
7660 -0.001602347163879696 -0.001427907665459382 0
7661 0.003037408866358843 -0.001263584513846382 0
7662 0.002399194746892421 -0.002233473415234569 0
7663 -0.001678383537065302 -0.0002691105811708649 0
7664 0.002785393251756329 -0.002635265505222108 0
7665 -0.0002803166001723199 0.008851843098415661 0
7666 -0.001518721112654659 -0.0007273066209369239 0
7667 -0.001533335264354818 -0.0007797482143363735 0
7668 0.001987962766936677 0.003175984558493261 0
7669 -0.004750901237702063 0.0009176079816584082 0
7670 0.001143260667149209 -0.001670008870263576 0
7671 0.001176240055594637 -0.001261568112727548 0
7672 -0.001981829637809437 1.440792859962055e-05 0
7673 0.006423127142213543 0.009801030120712099 0
7674 0.001784267766173159 -0.0002614766773750088 0
7675 0.001702257172536533 -0.0002478245165839809 0
7676 0.001744251440465734 -0.0001887297877407295 0
7677 0.00177939111330962 -0.0001171940238392309 0
7678 -0.001885295936414001 -0.0004423426657425814 0
7679 0.0002454073162722989 -0.0020145063972542 0
7680 -0.004153215572217621 -0.001783434780409956 0
7681 -0.003963232425976245 -0.002683323464793297 0
7682 -0.004322272050336068 -0.0007313242800516452 0
7683 0.001308691272847525 -0.001632750815547922 0
7684 -0.001708787660634541 -3.930608161271814e-05 0
7685 -0.001676563272687231 1.692987517065634e-05 0
7686 -0.001581723929106589 -0.0007230168701394993 0
7687 -0.0001055243053889109 0.001802567419281392 0
7688 -2.320960005509796e-05 0.001807502931093484 0
7689 5.767736655521038e-05 0.001712109434774866 0
7690 9.066864627490648e-05 0.001755219474076085 0
7691 0.0001467458989990209 0.001740639585475151 0
7692 -0.0002991477285169763 -0.001665358940237483 0
7693 0.001995937660459818 0.002057085372995165 0
7694 0.006579369743559231 0.003630220867383394 0
7695 0.001849462870630726 -8.035355253475374e-05 0
7696 0.00331528583809617 0.001236247605642527 0
7697 -0.002033366027849939 -0.00142046471576305 0
7698 0.001084759975080258 0.001471461325684479 0
7699 0.001094577618313696 0.001389111403081527 0
7700 0.001169161346111471 0.001430451790321087 0
7701 0.001170389215801589 0.001349159457325865 0
7702 0.00124486977049663 0.001382881032861371 0
7703 0.001236798721855305 0.001289713613157221 0
7704 0.001325647909820928 0.001341988620077214 0
7705 0.001319532841204715 0.001235425183460081 0
7706 0.001408875481978938 0.001294168136542688 0
7707 0.001402981019296914 0.001184400029807955 0
7708 0.001489961535262847 0.001233440060635199 0
7709 0.001486968746133158 0.001133027084220496 0
7710 0.001580666631025989 0.001179207552321394 0
7711 0.001581323422848716 0.001084344441317327 0
7712 0.001450047974832151 0.0009689781760187718 0
7713 0.001502976548307403 0.0009382865669423608 0
7714 0.00168706997053744 0.001128668306557755 0
7715 0.001664792056553155 0.001005394963398567 0
7716 0.001247682705450378 0.001218494588553428 0
7717 0.001329424809245562 0.001163831249863348 0
7718 0.001359218930365887 0.001090511616986095 0
7719 0.001186760781098265 0.001236453126543198 0
7720 0.001426382620465788 0.001018408847152418 0
7721 0.001478947010962614 0.001015439056660166 0
7722 0.001391143103677354 -0.0009688369208295712 0
7723 0.001382894379591757 -0.001035304307345063 0
7724 0.001806645658254384 0.001070438906638818 0
7725 0.001520433467970842 -0.0008483895734893184 0
7726 0.001584406096627432 -0.0008472117442066455 0
7727 -0.0005366499708147568 0.001611366860874884 0
7728 -0.0002610161056650911 0.01226590384022305 0
7729 -0.001289932808039764 0.01446220204711567 0
7730 -0.01385941811076941 -0.00356420334106043 0
7731 0.0005588045262732665 -0.001676105496310581 0
7732 0.001780666503890197 -4.413073344333851e-05 0
7733 0.0008771441831920081 -0.001505711239069877 0
7734 0.001948756271726622 -0.0009124899122115466 0
7735 -0.0003467273890493775 0.002175742392784338 0
7736 -0.0009988692757678162 0.00153958654095473 0
7737 -5.876570949580558e-05 0.001740634751446737 0
7738 -0.001026514013472237 0.001449279450932173 0
7739 0.002100378348051614 5.933375492393776e-05 0
7740 -0.001609449908878996 0.000852805459739821 0
7741 -0.0008290259464270064 0.001607369620548628 0
7742 -0.0008993994685517906 0.001662368253517363 0
7743 -0.00174533778967601 -0.0009981069462011935 0
7744 -2.967443467332575e-05 0.002000975234433774 0
7745 -2.41019220091809e-05 -0.00169311140104188 0
7746 -1.286183664765541e-05 -0.001750300747407955 0
7747 0.001846632753017831 -0.002964486831601758 0
7748 -0.003602601134175443 0.01398763599715119 0
7749 -0.0005915259485868785 -0.001787141468111815 0
7750 0.003205914760493872 0.0128196249653655 0
7751 0.005266034966653348 0.01329276156174058 0
7752 0.001113379786319503 0.001275861140638077 0
7753 -0.001660342898467433 0.0007250736331975632 0
7754 -0.001595734327062529 0.0007130409268754975 0
7755 -0.001680565869383871 0.0006665408888336682 0
7756 -0.001656491480932741 0.0006121112583797851 0
7757 -0.001674349847313063 0.0005582095550331589 0
7758 -0.0001541483912386358 -0.001720993492705791 0
7759 2.045384560051044e-05 0.001894320951485594 0
7760 0.001410193862772929 0.001111125279602242 0
7761 -0.006027584744200102 -0.006876643085945991 0
7762 -0.007681668453748629 -0.007835048794750117 0
7763 -0.007646425048674938 -0.006147714433187491 0
7764 -0.009299883064444533 -0.006958542896846805 0
7765 -0.009423256889411608 -0.008890936253460803 0
7766 -0.001926513308078178 -0.00019326337134322 0
7767 -0.002184641723912093 9.481996568892103e-05 0
7768 -0.0007462357863820797 0.001588823683439679 0
7769 -0.001414960280672267 -0.00114325292356686 0
7770 -0.001462908965450425 -0.001074797528694227 0
7771 -0.00134835431183485 -0.001136819807836229 0
7772 -0.00141272815896687 -0.00103268823888984 0
7773 -0.001430219916110698 -0.0009821549661575941 0
7774 -0.0003751016343315522 0.001682347025917047 0
7775 -0.0003446668778685625 0.001730285879580687 0
7776 -0.0002838789459506842 0.001724977620795188 0
7777 -0.001637680528817262 0.0005034238738481746 0
7778 -0.001715605869799635 0.0004974231433585639 0
7779 -0.000561988814097725 0.001844800863726763 0
7780 0.0004916847994402459 0.001824061621909422 0
7781 -0.000603518961567106 -0.001597681110050498 0
7782 -0.0006546619407548498 -0.001613492483398777 0
7783 -0.0006336590046373693 -0.001557403614536496 0
7784 -0.002420858225179535 -0.00299785417854195 0
7785 -0.00386335340072598 0.0004952994063499129 0
7786 -0.001602534184935512 -0.0006502518852229131 0
7787 -0.0004276048685478057 -0.001684193030460823 0
7788 -0.001382940965368819 0.001018191307001437 0
7789 0.001695084278544042 0.0008115217903918462 0
7790 -0.0007325026617832985 0.001776710389728654 0
7791 0.0002768478594048381 -0.001827377970553033 0
7792 0.008071290849718754 0.000439956599954045 0
7793 0.008803303421648376 -0.001093817286502535 0
7794 0.01050181015078923 -0.001392992210900152 0
7795 0.009425924165295158 -0.002772933185135026 0
7796 0.0112446643427061 -0.003126472733105207 0
7797 0.01003973824985347 -0.004538321163150008 0
7798 0.01213397459275501 -0.004909849041023399 0
7799 0.0002595225195759103 0.00169149607966088 0
7800 0.0001953725586962244 0.001667443784431375 0
7801 0.0002513019767776149 0.001754593623861683 0
7802 -0.001470496098603147 -0.0009395624314396965 0
7803 0.0001822633264751454 -0.006561447169194231 0
7804 0.001318346022519828 -0.006362277098860464 0
7805 0.002336354291258849 -0.00679927143616138 0
7806 0.0003823453187306498 -0.002855080264342396 0
7807 -0.001673036931841582 0.0002949353466838956 0
7808 -0.001720008655020794 0.000335280581882551 0
7809 -0.001671798097159149 0.0003934133346935827 0
7810 -0.00173021991644017 0.0004151591253620076 0
7811 0.0006665350207451428 0.001603347194714032 0
7812 -0.0009767289898769359 -0.001454226282882427 0
7813 3.925547381148492e-05 0.002116535435320179 0
7814 -0.001183709968419533 0.001960713366593437 0
7815 -0.0008149593947592301 -0.001508300688767208 0
7816 -0.006076029529364166 -0.01073475403390313 0
7817 -0.006124793615852103 -0.01320285938278573 0
7818 -0.003699487769999955 -0.01410442857176814 0
7819 0.005648376910229905 0.005514487913177287 0
7820 -0.001811559514042004 -0.001448891351011122 0
7821 -0.001504023332856902 -0.001584459746472618 0
7822 -0.01297601303826184 0.003523199793805621 0
7823 0.001735753005441239 0.0003754153566478327 0
7824 -0.01113575633177552 -0.007900450476397767 0
7825 0.001451499392122691 -0.001584850208628369 0
7826 0.0009461607859146796 -0.001490431510791137 0
7827 0.001928853880153411 -0.01109151373204746 0
7828 -0.001381349360853841 0.001683200835385009 0
7829 0.01435121282253734 0.003604191739106297 0
7830 -5.763281638946175e-05 -0.001791592010302519 0
7831 0.003385418209106337 0.0006173117771216564 0
7832 0.003909093764774331 0.000249668115328049 0
7833 0.0009201935082832368 0.001643421011917684 0
7834 0.0005413497019804626 -0.001756652671620098 0
7835 0.0003377362229741821 -0.002097389571307515 0
7836 -0.008326920539951788 -0.003831742066292383 0
7837 -0.007278951823280575 1.806055508434758e-05 0
7838 0.0105056246916456 0.01053166328124466 0
7839 0.001026563134456839 0.001296008241469834 0
7840 -0.001500008543068765 0.0008498014562564902 0
7841 0.0001846112773072281 -0.002620892736083945 0
7842 -0.01018542596976242 0.01035848323580661 0
7843 0.001683087452200017 0.0006279412180413259 0
7844 0.001612579648694066 -0.0007811602341087144 0
7845 0.0009403239916752251 0.001421903820586402 0
7846 -0.001375609873316238 0.0009214010974534726 0
7847 -0.001752812654712798 -0.0004995555892401443 0
7848 0.001496054304313629 0.001339730002667528 0
7849 0.002039081440275767 0.0002419363007491166 0
7850 -0.0003563461295805164 0.003460701174199136 0
7851 -0.0008638522828344404 0.003219104938685573 0
7852 0.001659811547855756 -0.0007267819281628571 0
7853 0.0004193118386439118 0.001780503630183946 0
7854 -0.001028383580271281 -0.001649739880790703 0
7855 -0.0007327767939857482 -0.002225298485527322 0
7856 -0.002539194122273737 0.0008712089898421718 0
7857 0.00115260743481851 -0.001813983266970485 0
7858 -0.001605455583728159 0.007546039123497445 0
7859 -0.0004910352207157412 0.001600335624887378 0
7860 -0.001253008756489784 -0.001155550470078875 0
7861 -0.001302817146475385 -0.001172083435891836 0
7862 0.01358777593652308 -0.003136355736347296 0
7863 -0.001253138355802274 -0.001321580837045857 0
7864 0.00963353679867722 -0.008569356952437102 0
7865 0.001519626884627159 0.0006842524724039158 0
7866 0.01188659940273051 0.008498630248282187 0
7867 0.01049629115241303 0.006547007184296202 0
7868 -0.001653467194345741 -0.0002238779887960055 0
7869 -0.0007738227702959851 -0.003951035215928547 0
7870 0.0002093954061768573 -0.00183879344038976 0
7871 -0.00310276449245205 -0.002740318154248494 0
7872 0.0009789957953309923 0.001376423106296001 0
7873 0.001097970557298441 -0.001551055248324025 0
7874 0.0006410155191163791 0.00153910701321728 0
7875 0.001029687699855491 0.0067180777963562 0
7876 0.001552397562632278 0.001002830875163864 0
7877 0.001580226986022799 0.0009185970153437485 0
7878 0.001535578340076172 0.0008748488896361082 0
7879 -0.0009815381297499965 -0.001342807968957752 0
7880 0.001386977844579643 -0.00111116031714385 0
7881 0.001364150766043206 -0.001181568967926135 0
7882 0.004141222539368277 -0.008229853645802893 0
7883 0.0001161554388282905 -0.001767760875083449 0
7884 -0.001874834400327981 0.001274903620672261 0
7885 -0.001374000736245457 0.001417196332442318 0
7886 -0.00149188889708745 0.001340641426591489 0
7887 -0.0001738961244085122 0.001781182273291637 0
7888 -0.0001667103635639151 0.001727935640191246 0
7889 -0.007117838425671356 0.004289435504754436 0
7890 0.001765298976287898 0.0001481704106816983 0
7891 0.006593784224416261 -0.004483571695850559 0
7892 0.008209088105898849 -0.00403823313064654 0
7893 0.007031707264184928 -0.00317271170780581 0
7894 -0.002049382705089164 -0.0002735949028173322 0
7895 -0.002668885352725049 0.002594111534166848 0
7896 -0.001320897498091176 0.001521654000558885 0
7897 -0.001340347572202891 0.003490461958514797 0
7898 0.004139102700044426 0.00552756474024312 0
7899 0.0007081286245011813 -0.001535746825261226 0
7900 0.0007512291359081186 -0.001515569018926095 0
7901 0.0007504886028974182 -0.001569585071781512 0
7902 0.0007991292394392941 -0.00153641386382319 0
7903 0.0007457035163219788 -0.001653749649446777 0
7904 0.0104300853493113 -0.01067737181353353 0
7905 -0.001139437854034337 -0.001236669009372558 0
7906 -0.00130160721178254 -0.001226712257007637 0
7907 0.0006263980699637868 -0.001552464217879154 0
7908 0.001757516218004604 1.984728960724378e-05 0
7909 0.001830109391576964 3.391308698607174e-05 0
7910 0.0009249004829800899 0.002778515176054861 0
7911 0.005748504900007234 -0.003606550034841636 0
7912 0.001288702263617926 -0.001180472829957953 0
7913 0.0002721397789003209 -0.001916255807735035 0
7914 -0.002806443976068088 -0.007058140203380873 0
7915 0.001002676736112772 0.001766504987150523 0
7916 0.01159064665968156 8.495602046039739e-05 0
7917 -0.0006852138220734918 0.001524305829017763 0
7918 -0.001081747695506469 -0.001295304591532789 0
7919 -0.001124792467916176 -0.001310461683011205 0
7920 0.001589271008013681 0.0005791152980727357 0
7921 -0.001420065528305111 0.0009594173150590622 0
7922 -0.0007045903436557638 -0.001916245849850472 0
7923 0.001745655774509969 0.0002035674414982052 0
7924 0.000153918113228631 0.001689297728143169 0
7925 -0.001887542537288284 -0.003229006735651688 0
7926 0.001792157316141743 0.001249333677690773 0
7927 0.0106600164926175 -0.006540361854817886 0
7928 0.0005075121094514756 -0.001594684138459181 0
7929 0.0006793568187059094 -0.001710335304604699 0
7930 0.001525248584817607 0.0005045160850411344 0
7931 -0.008492991770516659 0.005749190484946985 0
7932 0.001360902874277421 -0.000223584941239887 0
7933 -0.001262724442265046 0.0001201402718241871 0
7934 0.001457145562010908 -0.001432755173940987 0
7935 0.001227906836532419 0.0005027022605362191 0
7936 0.001331295436606874 -0.001029535392641671 0
7937 0.001010753063267732 0.0001799401795617173 0
7938 0.001760179002629345 0.0006076307643758092 0
7939 0.0002441869941438414 -0.0001693510304453734 0
7940 0.001216334931168152 0.00114309185063935 0
7941 -0.001163319839186805 0.0001353837168058617 0
7942 -0.0009442329329815914 0.0007091956498311015 0
7943 -0.001572455988160449 -0.0006058866767928622 0
7944 -0.002249724032245432 0.00626587658882674 0
7945 0.0005123913973747523 -0.001225627208604414 0
7946 -0.0005022524890767969 0.001223939823045869 0
7947 0.0009455886506426215 -0.002344614101631809 0
7948 0.00193912698155834 -0.001081332676285007 0
7949 0.0009069019452656893 -0.000527013853669685 0
7950 -0.001371643459590502 -0.001667399936809756 0
7951 -0.0001352884704154736 0.007377388404535672 0
7952 0.00104648468746721 -0.001327895130780577 0
7953 0.001575356042657207 -9.943929455554767e-05 0
7954 0.001917123697743969 -0.0007596528941392649 0
7955 -0.0003616170116522651 0.0001864751208326292 0
7956 -0.00150253526654063 -0.0008864158167016121 0
7957 -0.00141514828145606 0.0008950711659554065 0
7958 0.001687589662984272 0.0002054813176268242 0
7959 -0.0007552011049802853 -0.001039761121818352 0
7960 -0.001023255906088208 -0.0004113530876078709 0
7961 0.0011081226390695 -0.0008398093722376962 0
7962 0.0009897080997094418 2.756036393635729e-05 0
7963 -0.001003817394594834 0.0007792273439953786 0
7964 0.001965863714373489 0.001003691913602134 0
7965 0.000434806661242559 -0.001068482873728581 0
7966 0.001196178934548322 0.001187196393667144 0
7967 -0.001553332045695471 -0.0006383045922264978 0
7968 -0.0005798385046091263 0.001381081520764119 0
7969 -0.0002337207399943276 -0.001238159398679301 0
7970 0.0001122194969761336 0.001390523661327352 0
7971 0.000151709989990812 0.001561379247201686 0
7972 -0.00147833188070128 -0.0007232239403101634 0
7973 0.0004698695217539944 -0.001330812551106962 0
7974 0.0005104208037698285 -0.00135741087570925 0
7975 -0.0005447743646975552 0.001118754480543321 0
7976 -0.0005058910417601152 0.001092193875535021 0
7977 0.0009192818019708446 0.0002941701689943879 0
7978 0.0009948190395854938 -7.708248712911083e-05 0
7979 0.0008361636707531073 -0.0003924523423769587 0
7980 -0.0009389799443650345 -0.001410538936557741 0
7981 -0.0009763478997944454 0.0005506304551317718 0
7982 0.001449894432828847 0.001068486961816934 0
7983 -0.00185588783085575 -0.001106745194538179 0
7984 -0.001826178073695101 -0.0008895298646479395 0
7985 -0.002066706305617499 -0.001182938665674606 0
7986 -7.112342269445973e-06 -0.0003129108584786273 0
7987 2.430086724174155e-05 -0.0003400765285255169 0
7988 -0.0003894462405332629 0.0002187567543390602 0
7989 0.0007889718649306839 6.361506755252966e-05 0
7990 -0.0009338697459508687 -0.001034495791452052 0
7991 0.0006801955885053446 0.001068995105834712 0
7992 0.001422966464977024 -0.0007242124178789751 0
7993 0.0002978307060903807 0.0009590587951049948 0
7994 0.0009307391406647037 0.001378629336945533 0
7995 -0.001340743872222706 0.001000258592570734 0
7996 -0.001067556353424859 -0.0001507031808919217 0
7997 0.005997769239651795 0.00271129588695575 0
7998 9.560180269480893e-05 -0.0003037942647122592 0
7999 0.0002815771350950413 8.450329397826649e-05 0
8000 0.0009774841504693261 -1.210773006803707e-05 0
8001 0.000978890119485414 0.0005673467032007762 0
8002 -0.0009454585885438658 0.000820692016841913 0
8003 0.0002927850093315043 -0.0008161427188357055 0
8004 -0.0002678573058418743 0.001776874726488514 0
8005 -0.001606625876218894 -0.0005308280275849448 0
8006 -0.001669893997921545 -0.0005396079340536651 0
8007 8.77250373525049e-05 -0.001724437413187812 0
8008 0.0006877077366217367 0.0006849631834860588 0
8009 0.001670986474251035 0.000908189543217231 0
8010 0.0006084652513946642 -0.001724379024557292 0
8011 -0.0001092899373069185 -0.0002770655555414766 0
8012 0.0008666903151760009 -4.692378899903902e-05 0
8013 0.0002340528708942776 -0.000878969839297828 0
8014 0.0003424183492504836 -0.0007520824952919537 0
8015 0.0009178283298617559 -0.0007067418784302247 0
8016 0.001561566802875517 -0.0004975943089056402 0
8017 -0.000971814646402041 0.001478501505420281 0
8018 -0.0009261646717420396 0.0002385905927812837 0
8019 -0.0003104252892348898 -0.0004520754413017393 0
8020 0.001199688688455679 0.007891577861527908 0
8021 -0.0009466600130103684 -0.0003499777023734845 0
8022 -0.005486564746270656 0.005013114020087923 0
8023 -0.01213373376139255 0.000364067540576138 0
8024 -0.001632929557781731 0.0003780626742421576 0
8025 0.0005771859459498865 0.0007018139519577416 0
8026 0.0007406948533551863 -0.0007371241336007844 0
8027 0.0002355939673697351 -0.000977675781297563 0
8028 -0.0002417017996897282 -0.0003204728823069258 0
8029 0.000317256615167908 0.0004445095008932536 0
8030 -0.0004063090795071736 -0.0004984596713247847 0
8031 0.003742857470721356 0.001759141453761394 0
8032 -0.0008297132170167681 0.001731058491290394 0
8033 -0.0009461646369464143 0.001754104641265905 0
8034 0.001142075521390851 -0.0001349515119550603 0
8035 -0.001483279964430468 0.000208270251177437 0
8036 -0.0001674659213134175 -0.0002912840483773247 0
8037 -0.01138346118755704 0.002120752182251098 0
8038 -0.0002197500715545635 0.002053764789477024 0
8039 -0.000540060843391207 0.002163224095640734 0
8040 0.000556168867592631 0.01056064462768903 0
8041 -0.0004929306508083714 0.001158823523616445 0
8042 0.0005225094392438521 -0.001290746549033201 0
8043 -0.0006366589941815375 0.0007697831720280031 0
8044 -0.001810856799206824 0.0003565280357238993 0
8045 0.0006677717901447162 0.001682526162533976 0
8046 -0.004127494294040686 -0.005760549214265036 0
8047 0.001780015768852372 0.0009416559722528359 0
8048 0.0009317176518689193 -0.0007426533259017723 0
8049 -0.001174045833567943 0.0008696302484024757 0
8050 0.004867111475834809 0.009347586248366183 0
8051 -0.001658280607449778 6.746966866813273e-05 0
8052 1.999897036060275e-05 0.001743594354716776 0
8053 -0.0007151895282609287 -0.00205048645947324 0
8054 -0.0002535929323364615 -0.0003990684431211992 0
8055 -0.001178954570025423 0.001022670038097807 0
8056 0.001076213307697456 -0.0002694163989100176 0
8057 -0.0005742189797175433 0.0008232235247142586 0
8058 -0.0005086700342941238 0.0008133307127281242 0
8059 0.0002159594892886535 0.001256402239809286 0
8060 0.0005737438987155931 -0.0007940045764770661 0
8061 -0.0001262950456261948 -0.001115936977154207 0
8062 -0.000677615525412185 -0.0006660464328986418 0
8063 -0.001469577765229835 0.0008230011229472153 0
8064 -0.0008858058296055549 0.0006781275086732993 0
8065 0.00847207879561662 -0.007050773118751338 0
8066 -0.001378606962683473 0.001209874009860045 0
8067 -0.001652782034443793 0.001378792525567872 0
8068 0.0007819531606594168 -0.0001068316333368863 0
8069 0.000719863784142472 -0.001448980630237288 0
8070 -0.0002482541151560828 -0.00167941267737457 0
8071 -0.0002023801800717248 -0.001690459234358085 0
8072 -0.005234373802613821 0.008646289127446753 0
8073 0.0006799957776548228 -0.003095409938133087 0
8074 0.001022513335962899 -0.002845977280033814 0
8075 -0.001292451333449351 -0.0005953838353362242 0
8076 -0.0002233535332484653 0.0005944664288321404 0
8077 0.0002313672898318277 -0.0005037666964786662 0
8078 3.957474035926706e-05 -0.0003757468661466848 0
8079 7.979619357330484e-05 -0.0009189613345352085 0
8080 -0.0007986896259772539 -0.0005838855176602589 0
8081 0.0001840943617488508 0.001207919013602946 0
8082 0.0003825952814718953 -0.001643302254001392 0
8083 -0.0009947229210447474 -0.0002561638756052561 0
8084 -0.0001956182809222653 0.0004419589694483506 0
8085 0.0002622042373018826 -0.000656355777465543 0
8086 6.025204578580012e-05 -0.0003193290839993606 0
8087 0.006145373918333993 -0.002703684159047214 0
8088 0.00797863699295099 -0.002154915652186182 0
8089 0.001145480634210797 -0.0008350032557914971 0
8090 0.00137757642018893 0.0008701816043110968 0
8091 0.008434413788336292 -0.01233628018957781 0
8092 -0.0007756365998200085 0.0006852410233449614 0
8093 0.001475306339754369 0.0008041326852063958 0
8094 0.0005467305660713658 -5.0258651784672e-05 0
8095 -0.0006316875262360036 0.0001048831149385092 0
8096 0.0135080732344556 -0.006707747116449648 0
8097 -0.000844987036938214 0.0007013020767812621 0
8098 0.0008579481728253776 0.001298707828610988 0
8099 0.0007844864393713811 -0.0006825684292687481 0
8100 6.366910761746299e-05 0.006364436651722243 0
8101 0.0009159987042813737 0.001175221472782504 0
8102 0.0003479401733400096 -0.0001653747308238582 0
8103 -0.000140139502845918 0.00095080244311575 0
8104 -0.0008293722791633134 -1.118193694288403e-05 0
8105 0.001722989892621167 -0.0003021740796783611 0
8106 0.001370094692789606 0.0005823387696830114 0
8107 0.001410563203683381 0.0005895179439068819 0
8108 0.0004115872325867416 0.000869262764724788 0
8109 -0.001535227435277405 8.085520414115018e-05 0
8110 0.00527804594672798 0.003479214352104145 0
8111 -0.0003357182297574251 0.000801970078202227 0
8112 -0.002265281626383523 0.0008172106420507153 0
8113 -0.002456442363986933 0.001301009305487732 0
8114 0.0003507126194597096 0.001527988930198969 0
8115 -0.0003849103188938726 0.0007473094893501179 0
8116 0.01092794869039069 0.004876516831805807 0
8117 -0.001038508873094412 4.633919242639607e-06 0
8118 -0.001677410723191201 0.0001755054592382652 0
8119 -0.0006944738114531604 -0.0009131617025842968 0
8120 0.001472431463079243 0.0004445353065447458 0
8121 -4.215013122888584e-05 -0.000289464525687427 0
8122 -0.001019302911692125 0.002793534374222147 0
8123 0.001319397358506241 0.001115568476866601 0
8124 -0.0006994865647612043 -0.001008627561017007 0
8125 0.0001333907258124708 -0.0002882120288766085 0
8126 -0.001043917945294404 -0.001481586209264934 0
8127 0.002350753279075234 0.002023295314520577 0
8128 -0.0003485432421978322 -0.0002291816224573073 0
8129 0.001654642555700437 -0.000840413938228295 0
8130 0.001621201863086298 -0.0009044103710706247 0
8131 -0.01044906826923226 -0.01057014981594354 0
8132 0.008213839088088174 0.01014554723073316 0
8133 0.01499109534456702 0.001004865297715523 0
8134 0.001133338599026031 0.001241258502853243 0
8135 0.0008773173019722735 0.001228567262933147 0
8136 0.0005331615451061904 -0.001510411146967053 0
8137 0.01232051900674071 -0.001591712202420052 0
8138 -0.000439745158542127 -0.001636330600745911 0
8139 0.0001828146313592883 0.001484197010568724 0
8140 0.00039595490514084 0.001661306622178122 0
8141 0.001486360717444322 0.0005031025341027827 0
8142 0.0002421072905789446 0.0002829572806060131 0
8143 0.00334114297533298 -0.002351851521593795 0
8144 0.003377143389477933 -0.00296130998608527 0
8145 -0.000443932658434082 -0.0008811213914474465 0
8146 0.000169080506297506 0.001066167224226133 0
8147 0.0001842544332742794 0.001100666125626439 0
8148 0.001041764160172095 0.001348425191064525 0
8149 0.001421225089056906 -0.00318504639951209 0
8150 -0.004356855737154666 0.0119136688190842 0
8151 -0.002165086116482547 -0.0007777665517678013 0
8152 -0.0005053312567683152 0.003073177973898931 0
8153 0.0001309218202301184 0.003366704067703955 0
8154 -0.0005732244154773429 0.002000264794546706 0
8155 0.00100085305343134 0.0003637393666200466 0
8156 0.002099619870538045 0.003715657159651077 0
8157 -0.002680279287591512 0.003729899136908397 0
8158 -0.002398168375015762 0.003144383049880744 0
8159 0.001395637246369766 -0.001258601908106888 0
8160 -0.0007293994328518846 -0.0009711574681215157 0
8161 0.001224629478998902 -0.00107319155291956 0
8162 0.003570869748717764 -0.001347239391896984 0
8163 -0.0003346806579775554 -0.001595352266661167 0
8164 -0.001813179238358353 -0.0001832621559235073 0
8165 -0.001565437651725393 0.0002544117956067445 0
8166 -0.008004112617163666 -0.0097762996915822 0
8167 -0.001755166208627059 -0.003792317743923392 0
8168 -0.002132173336354148 -0.004231209835664899 0
8169 0.0008172726815190993 0.0008048350508382086 0
8170 -0.001107341181781174 0.001059017738287635 0
8171 0.0005636622126069786 -0.001118676283382776 0
8172 0.0002480205262201527 0.001236646306238769 0
8173 -0.0004509816738445722 0.001330890748267507 0
8174 -0.0003614105792158371 -0.0007101892829551097 0
8175 0.000362229667315025 0.0002318450658836484 0
8176 0.001776293201120173 -0.001117700439243221 0
8177 -0.001345868943620563 0.000897813777078386 0
8178 0.0001378413343690054 0.0002988361676953011 0
8179 -8.907622884960618e-05 0.0002856030228759421 0
8180 0.0004707408873868562 -4.4595388212792e-05 0
8181 0.001720808839211002 0.002041244157724093 0
8182 3.010272532329599e-05 0.001684661731345719 0
8183 -1.895641947372503e-05 0.001698377155589399 0
8184 -0.001550443786994213 -0.002563593408470976 0
8185 0.002166878649906636 -0.005967048806989931 0
8186 -8.425329374419202e-05 0.0009955961679433223 0
8187 0.0007023265589982478 -0.0001027425382612696 0
8188 -0.0004843897900314217 5.086952398359045e-05 0
8189 0.0004866973141082662 -1.307892212478727e-05 0
8190 -0.0006958581004084014 0.0001400297423271986 0
8191 -0.00281454222775987 0.002043341798416715 0
8192 0.0009519907673852137 0.0005135639984514537 0
8193 0.00109141071556375 -8.375401049923791e-05 0
8194 0.001094374448981895 -0.0001220990179090938 0
8195 2.739747919618587e-06 -0.001046286321489284 0
8196 5.620614034985186e-05 0.0002488829074576417 0
8197 -0.001456681157834611 -0.0006221384956934899 0
8198 0.001500296814286034 -0.0001567416154990718 0
8199 -0.001010932336565221 0.001352229110256103 0
8200 -0.001053154121006253 0.001373523735314687 0
8201 -0.001129837900698787 0.0001888015869154234 0
8202 -0.006439528606850562 -0.005312620495307385 0
8203 0.001549052242769933 -0.0001910462612937639 0
8204 -1.370699946282666e-05 0.001070590001503238 0
8205 2.327747549881808e-05 0.001077948732359427 0
8206 0.003175094038508719 -0.0001125462912301226 0
8207 0.003681054828101004 -0.0002127366891951918 0
8208 0.003754550973935751 -0.0007585137224300604 0
8209 0.004544554375391826 0.0003483844255568106 0
8210 -0.0001323458367442994 -0.001891970133858309 0
8211 -0.000700016534140361 -0.000817897853769327 0
8212 0.001101616533587138 0.0004265339159426661 0
8213 0.001126733331912212 0.0004517107979685668 0
8214 -0.006017410130283414 0.0007302945584687571 0
8215 -0.000141481755949143 -0.002305333080534628 0
8216 0.001022417221240962 0.0004625583578837994 0
8217 -0.001180629833261516 -0.001326000155032565 0
8218 0.001565063439867649 -0.000283418452542868 0
8219 1.931624763063197e-05 -0.001713916447036873 0
8220 0.0006746085661942661 -0.0008024158875860565 0
8221 -0.0007044647103292373 0.0007040335033285493 0
8222 0.002679687120123307 0.00237614472476875 0
8223 -0.0005015721621363692 0.0008511887352803754 0
8224 -0.0002123728916931714 -0.001519513100974419 0
8225 0.00739136494008103 -0.0009344352411334751 0
8226 0.001024331877645008 -0.0001037186302817296 0
8227 0.000607287771258748 -0.0008207471672523171 0
8228 -0.0008344316162631655 0.001854397331448761 0
8229 0.001594266688462722 0.0006650731327480933 0
8230 -0.001211323685502885 -0.001145941425690692 0
8231 0.0009050357907849282 -0.0006626752860074418 0
8232 0.0002094441530852292 -0.0009947274488703566 0
8233 -0.0002719295196974213 -0.0001579677487588304 0
8234 -0.01507651472409387 -0.0009855150994871795 0
8235 -0.003861394751286501 -0.006619902066346584 0
8236 0.0003015515452117572 -0.00103173803852192 0
8237 -0.0009841715674325162 -0.001398565729604973 0
8238 0.0002066646451309882 0.001718557958242919 0
8239 -0.0003960739828709556 -0.001964703124971936 0
8240 0.00355056482152383 -0.005252908441524403 0
8241 -0.0003487772932228469 7.299054786627918e-05 0
8242 0.0006514962581298554 -0.004723816895903551 0
8243 -0.0007124143929171858 0.001415095096504035 0
8244 -0.0009919735748162969 -0.0005834390761738262 0
8245 -0.000729157994870309 0.001340781246468105 0
8246 -0.0005252700395932135 -1.146406838574571e-05 0
8247 0.000653050812268381 -0.0001666477639700152 0
8248 0.00027701743501374 -0.001108365247791821 0
8249 0.001110854605802473 0.001588522856183107 0
8250 -0.001438729972115875 -0.0008240101922256873 0
8251 -0.000820700417927535 -0.001058466156117335 0
8252 0.002261107704788165 6.960093973413962e-05 0
8253 -0.001386071632921725 0.001893897239441781 0
8254 0.0004131199740333838 -0.001041903420563796 0
8255 0.0004346598454516744 -0.001004343506564867 0
8256 -0.002207585614867324 -0.002656532320203874 0
8257 -0.0003703261893768098 0.001615189042760014 0
8258 -0.0006015019385096728 0.001407702951773911 0
8259 -0.0005799764522858552 0.001446242826227066 0
8260 -0.0009854394789798426 -8.85405336453563e-05 0
8261 0.0006693683235182411 0.001810379080668774 0
8262 0.007036207753696629 0.001065097084043986 0
8263 0.001696814176598305 -0.001240732256645363 0
8264 0.004090069849772735 -0.01431248493126816 0
8265 0.004518111398463455 -0.01188436543366353 0
8266 0.001250864938758696 -0.001100189450412834 0
8267 0.0009791977807172662 0.0003278510327614569 0
8268 0.001719881388624266 0.0004302872609019382 0
8269 -0.0007719345893421277 0.0001214213793167538 0
8270 -0.000711728129848974 0.0001095182106549435 0
8271 -0.0002043954151455068 -0.001463217996836077 0
8272 0.001699295326850954 -0.001002970414247768 0
8273 0.0006959911765958544 0.0019685867308397 0
8274 0.0007129594192617289 0.002123417445244312 0
8275 0.0008434885304893855 0.002036877867605577 0
8276 0.000998321781322292 0.002054737183289592 0
8277 0.0006786986906289318 -0.001412950840354716 0
8278 -0.001591374606259021 0.000479566078514562 0
8279 0.0009287603193293018 -0.0003535185294894951 0
8280 -0.00169430185982029 -0.0002281754560674048 0
8281 0.0009044027492793059 0.001089894752716044 0
8282 -0.001797198300433201 0.003084790412372783 0
8283 -0.001399728069518145 -0.000583064523762152 0
8284 0.001620200081651385 0.0004463043323069185 0
8285 -0.00127876001698574 0.001138300260700409 0
8286 -0.00130322407930262 0.00119333537455736 0
8287 -0.001641351959167202 -0.0004535124963867023 0
8288 0.0003169356066010433 -0.0007851995851528105 0
8289 0.0002575922733675974 0.0001467250603490233 0
8290 -0.0001364018503597228 -0.001675920155119302 0
8291 -1.188259213061148e-05 -0.0003470709340313553 0
8292 -0.006971968653286138 -0.002918762981026555 0
8293 -0.0001008426668973898 -0.001620574424726614 0
8294 0.001685318067596608 -9.585866669568339e-05 0
8295 0.001731540955159354 -7.874965594488751e-05 0
8296 -0.0004766641734524424 -0.0008454181731345147 0
8297 -0.001419773932843594 -0.0005276683440883851 0
8298 0.0002682911607693106 0.0002523132941031463 0
8299 0.0008622387961337596 -0.002148569088670335 0
8300 0.0001932948019947119 0.001780367406493991 0
8301 -0.0009353133905829273 -1.909365050857994e-05 0
8302 0.0001876574136384751 -0.0004339232867111684 0
8303 -0.001483750609093358 0.0009056314967213434 0
8304 -0.000314457619704658 -0.0009870082631161911 0
8305 -0.0004270448214848197 1.669523690521757e-05 0
8306 0.0017948822723087 -0.0003412782324311458 0
8307 -0.001652975421860504 -0.0006092955117703993 0
8308 -0.0009897369846414493 0.0002709618904644185 0
8309 -0.0009490933223595381 0.0003327792851258552 0
8310 -0.0008477217021006344 -0.0005437600700492118 0
8311 0.001040440203570466 -0.0008071504724147603 0
8312 -0.001063286351331611 0.0008068458828347195 0
8313 -0.0009618355858118864 -0.001172687187382869 0
8314 0.0008268714172931881 -0.0001717426191095171 0
8315 0.002683629594346796 -0.001323237175127814 0
8316 -0.0004392058577117961 0.001100605380932993 0
8317 0.0003159531370261137 -0.000718969378348783 0
8318 -0.000225492661099262 0.001013040136731054 0
8319 0.003714779451833584 0.01470680102544243 0
8320 -0.0002172485065541217 0.0008795907960865866 0
8321 -0.0005288332659154773 0.001535817810586286 0
8322 -0.0008755885059836737 -0.001341053115784743 0
8323 0.0007206648721987017 0.0008070375120012828 0
8324 -0.00131887765893033 -0.00128892982247606 0
8325 0.0009836512561531823 0.0002115475037704597 0
8326 0.001050697000250842 -0.0001715781857300057 0
8327 -0.001092207030842452 0.000288543131633429 0
8328 -0.005789623397591692 0.003815845788541331 0
8329 0.001537673895737569 -5.097621030157702e-05 0
8330 0.0006826546856021987 0.003019202568556134 0
8331 0.0005621230219264977 -0.001874934381633389 0
8332 -0.0001432994808857125 -0.001032177838022073 0
8333 0.0017267818913415 -0.0005399837519329717 0
8334 0.0005530359747618304 -0.001360137208429197 0
8335 -0.0009426311228388482 0.0005169337786690747 0
8336 -0.0009166574178099621 0.000482873254930628 0
8337 0.001675282103786652 -0.0002785766370317756 0
8338 0.001323116151681974 -0.001403747757479178 0
8339 6.013984391468365e-05 -0.0009834848660123879 0
8340 0.001102773995639795 0.001916714513956046 0
8341 0.0001492978660131159 -0.00227412365303585 0
8342 -0.001175159786360883 -0.0004018070387001636 0
8343 0.001654541721768005 -0.002250463748502474 0
8344 -0.001441228711184419 -0.0007126251998560541 0
8345 0.0008698891716944719 -0.0004263851361113762 0
8346 0.0008957392616087398 -0.0004602767427484433 0
8347 0.001401882001688497 -0.00135088360123441 0
8348 0.001246646632060494 0.00116580145385672 0
8349 -0.0008347572025723928 -0.003008053057467914 0
8350 -0.001156044960565318 -0.001278180930078571 0
8351 0.001891206492707263 0.002727593699046731 0
8352 0.0005248363862579165 0.0006130144806680121 0
8353 0.001398156207625001 0.0005522656829929487 0
8354 0.0009143625141320781 0.001214844617975818 0
8355 -0.001046882816727993 -0.001555333954463815 0
8356 -0.001134537700311124 -0.0016111351171194 0
8357 -0.001256054089077566 -0.001586795288337074 0
8358 0.001019962915473302 0.0003314518230966031 0
8359 -0.0004623757856107711 -0.000662268814431634 0
8360 -0.0006499926616754862 0.0008661801275103553 0
8361 0.0009464831280405858 0.001236330340702013 0
8362 -0.0008405420285988711 -0.001477504247385799 0
8363 -0.003036601821439287 0.001187685823930122 0
8364 -0.003394823565376337 0.0008520894438606778 0
8365 -0.003943409783365504 -0.0001509275315584855 0
8366 -0.0005061826739760485 -0.0008634398210637346 0
8367 0.001874822918076778 -0.004833784446800659 0
8368 -0.0006018920268038264 -0.0008830063380415051 0
8369 0.0008858878960987785 0.001277410380931357 0
8370 0.001624722936593248 0.0006246573455871404 0
8371 -0.000248404559348727 -0.000180768729684821 0
8372 0.001048688497184881 0.0001712808012216798 0
8373 -0.002287766902051208 0.002179068535644893 0
8374 -0.0007386759742477734 -0.0006110245275850618 0
8375 0.0007409217684628085 -0.0001233362498849891 0
8376 0.0008277934165035711 -0.00170080000548097 0
8377 -0.001736980291117898 0.0006847857704400629 0
8378 -0.001541173381469085 -0.0008367378597922921 0
8379 0.002966175202283127 0.0005481661887525457 0
8380 0.0003334410778604232 -8.410581480136934e-05 0
8381 0.0004451496193094661 -0.001727974082527815 0
8382 -2.300918986453234e-05 0.0002553360866452311 0
8383 -8.006618415134641e-05 -0.001117118075055032 0
8384 -0.000164160276774398 -0.001470496129310174 0
8385 -0.0009673769550048712 -2.966967195503621e-05 0
8386 -0.0009141179235780515 0.0001287267602555584 0
8387 0.00778811045727552 0.001984965835740339 0
8388 0.002857364644070951 0.001180057808943125 0
8389 -0.01193199732756486 -0.004673267034761883 0
8390 -0.0002917967506224775 0.001055536228533526 0
8391 -0.002960514014606249 -0.002205800212635662 0
8392 -0.003500178678133796 -0.002164324306914517 0
8393 5.24438873332728e-05 -0.002405892705134992 0
8394 -1.92196295504057e-05 0.0003734122000600175 0
8395 -6.385360650101266e-05 0.00169530472376641 0
8396 0.0004321515718504261 -0.0008017557098480879 0
8397 0.00333387371953199 -0.0009287564749685606 0
8398 0.001035019352192981 -0.0013691994107872 0
8399 0.001045512072074594 -0.001410137825526547 0
8400 0.001105111788876415 -0.00141309702332652 0
8401 0.0001478413470283359 -0.0001609382686420572 0
8402 0.001158052526921488 0.001167304266215284 0
8403 0.0008661808541715633 -0.0006699082007027354 0
8404 0.001615312983886914 -0.0006803327356764752 0
8405 -0.001890009012687894 0.0002679011610262504 0
8406 0.001999325260826214 0.0005353662298766069 0
8407 0.001012236905487438 0.001263616770661232 0
8408 -0.0003611015876687982 0.001006202564165483 0
8409 0.0003098429956168564 0.0001099328318675679 0
8410 -0.0009553330246568273 -0.0004412065536211097 0
8411 -0.001132696657831016 0.0008175827858755997 0
8412 0.0009707942394557423 -0.0007964825485806108 0
8413 -0.001072739903115728 0.001816031410271349 0
8414 5.813558252146069e-05 0.001812722210052048 0
8415 -0.001526906774772611 0.0002653552954000716 0
8416 0.0009830058818083936 0.0005922562369534529 0
8417 -0.0009413428262208856 0.0008456015505945878 0
8418 0.0006616509110946571 0.002746976131505729 0
8419 0.00047200473104064 0.000877824445111639 0
8420 0.0003560099020234323 0.001753690634053285 0
8421 -0.00112387806446161 -0.004283727868944308 0
8422 0.002236518236452722 0.000422023040741693 0
8423 0.001696210220782984 -0.0001668675536635006 0
8424 -0.01082725443508789 -0.006018874222133722 0
8425 -0.0009273225662366347 -0.001256852285709683 0
8426 -0.001224723616222011 0.0001127481310176637 0
8427 -0.0001293436366456768 0.001752972747333191 0
8428 -0.000188861913576633 -0.001030769542886157 0
8429 0.0009951484879294819 -0.001437674835824169 0
8430 0.0008804260163741626 -8.084094141627563e-06 0
8431 -0.001534325987058752 -0.001795223376408177 0
8432 0.0004566085166583653 -0.0009366000716774401 0
8433 0.001062071356137834 -0.001472788773592413 0
8434 0.0004684097093293213 0.0007028770004611586 0
8435 -0.0002170549043602312 0.0006608908603826026 0
8436 -0.000197339953174238 -0.0009448933939292395 0
8437 0.0002793546218179902 0.00164720743329267 0
8438 0.003226330271785053 -0.001763649428165061 0
8439 0.0001301860182629138 0.0002381969380708479 0
8440 0.000154543895605268 0.002929304779285323 0
8441 -0.001678974638039087 -0.000483095443018189 0
8442 0.0001281908558012822 0.001800856553240486 0
8443 0.0001115797536732647 0.001879341591898915 0
8444 -0.003562947628260177 -0.001330895852215099 0
8445 0.002173898482884323 -0.00196260613883163 0
8446 0.0004557469435884956 -0.0008801922181141837 0
8447 0.001109435924252268 0.001324137402994682 0
8448 -0.00811388583414055 -0.002560242191135695 0
8449 -0.001056654275186222 0.0002465735082720481 0
8450 -0.001453788212796586 -0.0008997986746519692 0
8451 0.0004027374331540541 0.000488834544811435 0
8452 -0.001906751061185405 -0.001609782611524109 0
8453 -0.0009108682546538834 0.0006356088089128927 0
8454 -0.0008723187963212193 0.0003708051986275429 0
8455 -0.000207232417267621 0.0009217285982679763 0
8456 0.0007685220755808622 0.0006127122842944517 0
8457 0.001432319242729554 -0.0007729462883801166 0
8458 0.0006813824805278283 0.0008504686424374976 0
8459 0.0006252663451003378 0.001628871675373253 0
8460 -0.0004734437012437187 0.0007924536089626831 0
8461 -0.0009938365947557114 -0.0003948379753799582 0
8462 0.001481616013097277 0.0008867631528359921 0
8463 -0.008920406375735997 -0.005314185845088572 0
8464 0.001277974209583558 -0.001129040404025266 0
8465 0.001234680124191229 -0.001195564314894614 0
8466 -0.0001341846282278923 -0.001633687850062438 0
8467 0.0008456243950498107 0.0005359859276759278 0
8468 -0.008198588406599724 0.01277144370286459 0
8469 -0.002135021793035531 -0.00234196710494947 0
8470 0.001319675394714842 0.00143348263758955 0
8471 -0.001188943379648228 -0.001527140500707972 0
8472 0.001457732497544763 0.000427898280742208 0
8473 -0.002109441824491816 0.001243996712876735 0
8474 -0.0005597147989648251 -0.001728641311646626 0
8475 7.378254658153853e-05 -0.00162502346938923 0
8476 3.965187361539395e-05 -0.001636128244894886 0
8477 0.0006221408549532438 0.001518884284621864 0
8478 0.0004660338509913877 0.0006102822784170859 0
8479 -0.0001393422178830857 -0.001415468707757155 0
8480 0.0004206299314075566 0.001022444780408478 0
8481 -0.0006356190664423063 -0.00151838605855435 0
8482 -0.0002856347236593731 0.001118687421610804 0
8483 -0.0006496508005928083 0.0001732997053907726 0
8484 -0.001467212555216971 -0.0004211747884617458 0
8485 -0.001193610382115936 -0.001080686558538172 0
8486 -0.0007385861894769891 -0.0005082601711727149 0
8487 -0.001374481734494581 0.0002831857244167283 0
8488 0.001163079037178419 -0.0007702939106913833 0
8489 -1.692143977315649e-05 0.0004383274112032633 0
8490 0.0004379309710157066 -0.0006597834478013116 0
8491 0.00125422748641318 -6.289040994679702e-05 0
8492 0.0005287673024042791 1.815800361611559e-05 0
8493 0.000729009162792176 -0.001330879610039483 0
8494 0.0002580155145991009 0.001842931972868472 0
8495 0.001054730962997939 -0.000132268301032025 0
8496 0.0002027480104802789 -0.0004052095399566266 0
8497 0.005917948360190813 0.004420454338323152 0
8498 0.0005366879629976185 0.0006923934673620979 0
8499 -0.0006641893697978468 -0.001828419265344227 0
8500 -0.0001991015792901793 0.0009600501267367569 0
8501 -3.489083324873322e-05 0.001043443749401515 0
8502 -0.0001696403350537883 -0.0002321654306175825 0
8503 -0.001236905242454673 0.001227599427362995 0
8504 -0.001891653339541664 -0.00282704203679468 0
8505 0.0003060744792225308 -0.0001408982902262727 0
8506 0.0002585449442115395 -0.0008105032095245111 0
8507 0.00176444273593844 -0.000407892114694283 0
8508 -0.001684955790081383 0.0008983021645362234 0
8509 0.0009562263449107317 0.001346716918136058 0
8510 0.001370441268141451 0.001136491572095256 0
8511 -0.00999840966619823 0.007455131478429087 0
8512 -0.000511312611613273 -0.001765158126325999 0
8513 -0.0006352249044443559 0.001779931675262477 0
8514 -0.001270973106924151 0.0001570001775003057 0
8515 0.001358612263540823 -0.0001894835833024736 0
8516 -0.0002613777177528372 0.000453075031244156 0
8517 0.0001934746930360261 -0.0006450358277604182 0
8518 -0.003678405109869198 -0.003356644877458058 0
8519 -0.0008042325385048312 -0.0008020034142711886 0
8520 0.0003734452391235157 0.0007133834997847943 0
8521 -0.003140393692192944 -0.0004687095127457516 0
8522 0.001697043148889031 0.0007384557503152412 0
8523 -0.001537000380285182 0.0002305031088103799 0
8524 -0.0009121136888244561 0.0004215864246401193 0
8525 0.001120117969661973 -0.001055350917586032 0
8526 -0.0007784131326891451 -0.001646734503256229 0
8527 -0.000841685388978449 -0.001704343103565588 0
8528 -0.003069184232180012 -0.001308039838977847 0
8529 -0.000477170203516295 -0.00203226644243744 0
8530 -0.0004478994217824756 -0.0004884143018611791 0
8531 0.000275666272758458 0.0004545548700228298 0
8532 0.001940548119678632 0.0002975851982782591 0
8533 -0.001542598132795077 0.0001938949887889737 0
8534 -0.001267596150264021 -0.0005796960470393788 0
8535 -0.0008294221531311998 0.00200748273050126 0
8536 -0.0002664591895611639 -0.0003545336548132336 0
8537 -0.0006879441506141164 -0.0008771569782251536 0
8538 0.0008843064026375091 -0.0003584461736416408 0
8539 -0.0003230358418010516 0.002015374063492453 0
8540 0.0004682367007001521 -0.001077698386850689 0
8541 -0.0005464060640830668 0.001371869378932565 0
8542 -0.001558643024230622 0.000736662638907208 0
8543 0.001442520508761189 0.000884062985707302 0
8544 -0.001461949445734475 0.001222860312626916 0
8545 0.001284020183669144 0.0005549377661513631 0
8546 -0.001942831885091659 -8.842067903127305e-05 0
8547 -0.0004294964502593841 -0.0005288549840030327 0
8548 0.0002947202772091172 0.0004147026413100953 0
8549 0.002115671113451732 0.002398903913115032 0
8550 0.001076822620311494 -0.0002310792463910539 0
8551 0.001218643825732366 -0.001240585155901348 0
8552 0.0007785166866973732 -0.0007211764713779977 0
8553 0.000695561917077357 -0.001587439126836014 0
8554 -0.001012703203647526 -0.0002226539093649794 0
8555 -0.01399905967969914 0.005053296251544126 0
8556 0.0002580109370209654 0.0001908532701531384 0
8557 -0.001726045365469644 6.508774224521762e-06 0
8558 -0.0001580219893977318 -0.001221139121563519 0
8559 0.001538075205949844 0.01242800911460976 0
8560 0.0001879011308846413 0.001407952120898095 0
8561 -0.003275945533930046 0.0004436256350788917 0
8562 -0.001453013631479499 -0.001024238760085924 0
8563 -0.0005473110280284343 0.00174828443703468 0
8564 -0.0005208130309395854 0.0007781688706463579 0
8565 -0.0003165049921202923 0.000729615219553082 0
8566 0.0001127507584442839 0.001081982036831406 0
8567 -0.0002865735559567935 -0.0009561624578686767 0
8568 -0.0008655496679593639 7.635737488594665e-06 0
8569 0.0003190010869339877 -0.00223569295980274 0
8570 -0.0001679964014829771 -0.001164412195536513 0
8571 -0.001350492808951527 -0.000613327012649798 0
8572 0.0008213591782917435 -0.0001120516696052385 0
8573 -0.0002714013010455069 -0.001640194537560317 0
8574 0.000437656641205252 0.0005514497998879007 0
8575 0.00159866893286631 -0.0002809550890519715 0
8576 0.001523384289147849 0.003060909227762993 0
8577 0.001248855475636354 0.001468239805570041 0
8578 0.0004972624384770471 0.0006806713448098008 0
8579 9.036622484460436e-05 -0.0003342629424556848 0
8580 0.001322294829532582 0.001547161667081923 0
8581 0.001471644629702855 0.001589002378412303 0
8582 -0.001466398751069162 -0.0006927541870880905 0
8583 0.00317905771981644 -0.009340475522110028 0
8584 0.002711625382446307 -0.00806735195234768 0
8585 0.0004105901795116466 0.001720235389381748 0
8586 -0.0003447483344676404 0.0007635359051164442 0
8587 0.00018656436000972 0.0009295729673064893 0
8588 -0.0004282250582400226 -0.001018776243193734 0
8589 0.0009324949625750507 -0.0008396340539362516 0
8590 -0.001170995934711703 0.0007744312805199535 0
8591 0.0007309878654273228 0.0005118221187094525 0
8592 -0.006325769733248819 0.01133832303061027 0
8593 -0.00172069127427625 0.0002662169457486938 0
8594 -0.0004474302400366248 0.0006669638054959898 0
8595 7.422170752240239e-06 -0.0004311470535085854 0
8596 0.0006858284615452249 -0.000734181812004214 0
8597 0.001364982465473661 -0.0002760053667220479 0
8598 -0.001263726755434096 7.007076764147693e-05 0
8599 0.0003079861126896115 9.421632304996709e-06 0
8600 0.0008345678897218563 0.001517460122029106 0
8601 0.002092951014726237 -0.0006121059389711192 0
8602 -0.0009511509403820336 0.0002724662442772996 0
8603 -0.0009384943430606996 0.0001794286885117954 0
8604 0.001185840276216189 0.001084714654093025 0
8605 0.00158101285217177 0.00128937327114867 0
8606 -0.01372002094598733 0.006815218935302539 0
8607 0.003246698568194168 0.002190052513190542 0
8608 -0.000472710244733326 0.001090390736778166 0
8609 0.0009149964527756714 0.0005489259835439608 0
8610 -0.00069418074102022 0.0007723354649891778 0
8611 -0.000682991820600614 -0.00060901463809987 0
8612 -0.0004937935571996149 -0.000808860712867943 0
8613 -8.214892387650103e-05 0.001609932977714034 0
8614 0.0005438423737892993 0.0008631042424039945 0
8615 0.002968308386751334 -0.003193974822080484 0
8616 0.0008777204296396322 0.001065438355070618 0
8617 0.001573184636264576 0.001434016568911037 0
8618 0.008961733343529994 -0.005564480993660302 0
8619 0.00048282659130566 0.001738647317391471 0
8620 0.001789895374123771 0.0008383474721983593 0
8621 0.001483793215539091 0.0006700194758544245 0
8622 -0.0005580377053300078 -0.0006255107230542643 0
8623 0.001645269876454079 0.0002119403080154767 0
8624 -0.004781594499141325 -0.00652536567390247 0
8625 -0.002098873614851502 0.0004890037134861336 0
8626 -0.002311278370334355 0.0005780788073252908 0
8627 -0.0009753128444302106 0.0007718192869279754 0
8628 0.0003263050163351867 -0.001870498054215025 0
8629 0.00194373577351505 -8.93027795605348e-05 0
8630 0.002056473853849816 -9.108763177115834e-05 0
8631 0.0003300790293587682 0.0009524334234144888 0
8632 0.001726916922141666 -2.392737862332753e-05 0
8633 0.001502031445230862 0.0008387785486495857 0
8634 -0.0007015234601000876 0.00156703773969171 0
8635 -0.001440028824116172 -0.0006436124790395374 0
8636 -0.001491538209445796 -0.001151147847763472 0
8637 0.0009047215959991753 -0.002592461635529685 0
8638 0.001051899419968454 0.0004054224855296707 0
8639 -0.0001182915183048835 -0.00181186471687134 0
8640 -0.0002578049384132899 0.00100235067746752 0
8641 2.929058644762447e-05 0.001046953666595669 0
8642 0.0007998945241934317 -0.01031577904290133 0
8643 0.001629266585667759 -0.0004210918029499882 0
8644 0.002174597485564018 -0.002651851424171079 0
8645 -0.0003335425480661787 -0.001698775853578435 0
8646 -0.001556915585516334 0.0001110221997035148 0
8647 -0.0003688619651145618 -0.0009456662634777629 0
8648 0.0002456717513406155 0.001003751328883283 0
8649 -7.185857823029267e-05 -0.001851598311768063 0
8650 0.0005853245644129218 -0.001349672892048188 0
8651 -0.0001806781380491665 0.0006509805847371292 0
8652 0.0002780464020295249 -0.0004487802095094989 0
8653 0.001094480808521672 0.0001488408890050453 0
8654 -0.0005642406315741192 -0.0006609567715986532 0
8655 0.001397253468552742 0.0006430173351634419 0
8656 -0.0005970811332880247 0.001694865885976245 0
8657 -0.000795434519486634 0.001495794801701082 0
8658 0.0004181825399921735 0.0009134332163725176 0
8659 0.0003562944917325112 0.000968945489953991 0
8660 -0.0002106742634426542 -0.001656092620781298 0
8661 0.0006992375798244988 -0.000619721724212804 0
8662 0.0007190119165440718 -0.0006429734980061611 0
8663 -0.0003704042492141078 -0.001469960075708451 0
8664 -0.0004799505894461634 -0.0004656992257115961 0
8665 -0.001113945189492506 0.0003221282597199073 0
8666 -0.001206676010214897 -0.0003822322531585727 0
8667 -2.432811485058026e-05 0.001158749145199309 0
8668 -4.553778131004556e-06 0.001135497371405952 0
8669 6.447291597143988e-05 -0.0008834500743086341 0
8670 0.0002436151052289184 0.0004772699465064417 0
8671 0.0003339562636643733 -0.001562690896430842 0
8672 0.0003537306003839486 -0.001585942670224199 0
8673 -0.0006814576865938934 0.0008857569469341117 0
8674 0.001514764031415255 -2.394787464361804e-05 0
8675 0.0009903157716009692 -0.001290817886450973 0
8676 0.001243661085242104 0.0006335308215783062 0
8677 0.001263435421961682 0.0006102790477849492 0
8678 -0.0005352904796011935 0.001335957762562139 0
8679 0.0004793533211332105 -0.001113609300031832 0
8680 5.230163359265976e-05 -0.001017846387854637 0
8681 0.0003294807863537414 0.001557649839138727 0
8682 0.001336685190679457 0.0005768425508555218 0
8683 0.0007023288762326815 0.00092859458039416 0
8684 0.001825114882016177 0.0006701549649366712 0
8685 -0.0005648358222487321 -0.0007934646286532721 0
8686 -0.001280592917718086 0.001433567473048679 0
8687 -0.0003506299124945376 -0.001493211849501806 0
8688 0.000447396138172915 -0.002169272290550387 0
8689 4.014232434873816e-05 -0.001673250932514149 0
8690 -0.001705344941999201 0.0006203437769101768 0
8691 0.001620916927182913 -0.0003168668567787255 0
8692 -0.002041344221949872 0.0002910689933963033 0
8693 0.001158427003970698 0.0004371202118016796 0
8694 -0.0008896230762527486 -0.001618694017113271 0
8695 -0.001092830467331402 -0.00133575254150106 0
8696 0.001877657863383488 0.0007609332292676436 0
8697 -0.0002661657448259548 -0.001230709185780466 0
8698 0.001528533888809861 -0.0004888212147305608 0
8699 -0.0005765473647166461 0.00112613693181767 0
8700 -0.0002847942485811334 0.0004552308223617214 0
8701 0.0001700581622077302 -0.0006428800366428529 0
8702 7.989305568641489e-05 0.001397996698277662 0
8703 0.0007857791836486359 0.00130438428652921 0
8704 -0.0003749010264960087 -0.0002251757092347319 0
8705 0.0003476512959834947 0.000718047382878413 0
8706 -0.0008299028811273968 -0.0007980556118380022 0
8707 0.0008046400803048999 -0.0003817690090807531 0
8708 0.0008922550383181546 0.0003001099931852822 0
8709 0.001349897173093916 0.0008728206020762337 0
8710 -0.001007790279676327 0.0005612204533677669 0
8711 0.0004380965217349024 -0.001323430099832612 0
8712 -0.001100249249132295 -0.0001425995457866429 0
8713 0.001094446148355012 -0.001051401316492298 0
8714 0.001618886409815776 0.0002168008154758951 0
8715 -0.0008666452772627422 -0.0005669457660313657 0
8716 -0.00017478318441704 -0.001771734050632402 0
8717 0.0004170847984843715 -0.0009765024882789363 0
8718 0.001646378353900374 -0.0001021177005759576 0
8719 0.0008270485436053537 -0.0014970184909475 0
8720 -0.0002250706689450402 0.001797681927040248 0
8721 -0.0003136232053909118 0.001777295886903604 0
8722 -0.00149802267028309 -0.0005258625367229468 0
8723 0.00169081763254978 -0.0004975277523702244 0
8724 0.001643446214539907 -0.0005268224660409654 0
8725 0.001711786166832019 -0.0004373165990350294 0
8726 -0.0004079922114846748 4.777647614358936e-05 0
8727 -0.0004029231041645691 -0.0009375552182393478 0
8728 0.0002122607373884386 0.00101077826776547 0
8729 -0.0006125030786146442 -0.0008508646180627336 0
8730 -0.0004644528188054108 -0.001722569858808542 0
8731 -0.0001642854467502274 -0.001355283888234028 0
8732 -0.001627936176384158 -0.0002088305823232104 0
8733 -0.001530676956797762 -0.0009432158895406042 0
8734 0.006542870714786948 0.01163731098862704 0
8735 0.007214099593173063 0.0133788151563498 0
8736 0.0002465694225303483 0.0003898699953008482 0
8737 -0.0004787461507373913 -0.0005529065565566736 0
8738 0.0001455665909667829 -0.001836400183894508 0
8739 -0.0008447867868849802 7.092414428925879e-05 0
8740 0.00337880821173785 -0.0109758966727336 0
8741 0.000566686384361081 0.0008350241376357543 0
8742 0.001651647981557292 0.0004767416361606959 0
8743 0.0005067873522558808 -0.001320716494659324 0
8744 -0.0003526142745935549 -0.001733042850230884 0
8745 -0.0005093048110522913 0.001128862338308865 0
8746 0.001714671448407999 -0.0005847024151085191 0
8747 -0.0008538429155404233 -0.001524281142470534 0
8748 0.001415814078016018 0.0009831042327831596 0
8749 -0.0005986339239310811 0.00147238881495891 0
8750 0.0005307136362626449 -0.001164661697169069 0
8751 -0.0004839302501889039 0.001284905334481214 0
8752 -0.0004472340277620065 4.936574314435278e-05 0
8753 0.00242201106548675 -0.000450525010311616 0
8754 -0.001077309430236905 0.001321221980503422 0
8755 -0.000230617083183347 0.0009796845923862887 0
8756 -0.001000402209937967 0.0002433550116785349 0
8757 0.0004647059171898491 -0.0008048894495807349 0
8758 -0.0002319756986440079 0.0005318415572496458 0
8759 0.0002228767121448564 -0.0005662693017549289 0
8760 -0.0001644164684758076 -0.001097642097102654 0
8761 0.001041931151638021 0.003115569516386418 0
8762 -0.001333216757505291 -0.001097792923831203 0
8763 0.0007672550934818255 0.001051305428904367 0
8764 0.0005425154960334964 -0.000825319798020744 0
8765 0.001048037745225427 0.0001162123272572251 0
8766 -0.0005931755847095754 -0.001989048592438466 0
8767 -7.333124901600054e-06 0.0003302019265484237 0
8768 0.0002156349568567483 0.0003061202493713336 0
8769 0.0004439301713060732 0.0008656520291818822 0
8770 0.001010090108320546 -0.001314069660244331 0
8771 0.001509906235081123 0.001060825683835757 0
8772 -0.0004490020434654778 0.001073621061957723 0
8773 0.0006035934993798882 -8.518871180986483e-05 0
8774 -0.0005748215922851703 6.995427679032937e-05 0
8775 -0.002337698404690485 -0.0005889035612651837 0
8776 -0.002198837615307227 -0.0003494413714115138 0
8777 0.0006551547415864816 0.000621867260962384 0
8778 0.0003711828999389688 -0.001683052976131057 0
8779 0.0003954426196067609 -0.001720101268490419 0
8780 -0.0009736608006268775 0.001619656374648825 0
8781 -0.0006590661856224421 0.001555742218666982 0
8782 -0.0006624773652326759 -0.001536808424003763 0
8783 -0.0007284487322120219 -0.001022690734033479 0
8784 0.0008610098246341732 -0.0002397587514836787 0
8785 0.0005650513567530467 0.001781604932476868 0
8786 0.0001586344642610031 -0.001726759461329162 0
8787 -0.0007724283549895436 -0.0006578422973424287 0
8788 0.001151937087181636 -0.0009111534960224165 0
8789 0.001284455299885659 0.001183902499157552 0
8790 0.002903136739931857 -0.005974484415825027 0
8791 0.0006630733976073527 -0.0008330093745662796 0
8792 -0.0007169217039477443 0.0006735761787793566 0
8793 -0.003628703729102177 -0.0006317490046887641 0
8794 0.0003549982294129689 -0.0007244201761989902 0
8795 0.0003016067949469152 -0.001097782485694019 0
8796 -0.0007438254634087857 -0.000780101217606365 0
8797 0.001723607215966126 -0.0001339208350446978 0
8798 -0.001897338391676649 -0.001286930251899412 0
8799 -0.0009301058906030318 0.0005833287022341125 0
8800 0.0003664762798117261 -6.927443159888079e-05 0
8801 -0.0007549811463640595 -0.0002632318802063551 0
8802 -3.141545168897748e-05 0.0006797372920116834 0
8803 -0.0002105576409464562 -0.0006809827288033919 0
8804 -0.0006654100517353201 0.0004171281302011826 0
8805 0.0005130080537286252 0.0002619864434146466 0
8806 0.000423436959099886 -0.000418373566992891 0
8807 0.001147002653774967 -0.0005258410420168566 0
8808 0.001239733474497358 0.0001785194708616236 0
8809 -0.0009564882435117896 0.001088224292439353 0
8810 -0.001209833557152924 -0.0008361244155899271 0
8811 0.0004042317773032857 0.00126736648169683 0
8812 -0.0003001287355751936 0.001360097302419221 0
8813 -0.001481706567132793 -0.0001797649076533304 0
8814 -0.0006462048699387197 -0.001268611918488538 0
8815 0.0009678604645174898 0.000834878978798219 0
8816 0.0007145151508763557 -0.001089469729231061 0
8817 -0.001388975746410401 0.0005245956052251483 0
8818 5.815564293976022e-05 -0.001361342739210929 0
8819 -0.0005116942817612733 4.84718524984654e-05 0
8820 0.0006654240250700102 -0.0001048337443497241 0
8821 0.0006352528947190768 -0.0005061171603401947 0
8822 1.258294672734555e-06 -0.0007687263221506955 0
8823 -0.0005431652107448685 -0.0003509754735536586 0
8824 0.0001804004839302132 0.0005919936986643799 0
8825 0.0002699715785589506 -0.001449086332558233 0
8826 -0.0004535941161161293 0.0003293845368538791 0
8827 0.0007248239893478162 0.0001742428500673431 0
8828 -0.000998017621533733 -0.0009238680089372305 0
8829 -0.0007446723078925989 0.001000480699092049 0
8830 -0.0004343889343195289 -0.001356355511835842 0
8831 -0.001269890631513602 -0.000267508501000634 0
8832 0.001451549410116549 9.077587751431999e-05 0
8833 0.0006160477129224763 0.001179622888349526 0
8834 -0.00117715981079121 0.0004368520118778449 0
8835 0.00117967640013668 0.0007471353854509153 0
8836 0.001358818589394158 -0.0006135846353641604 0
8837 0.0009263310864955468 -0.001177213322578364 0
8838 -8.831279995600253e-05 0.001272353709071918 0
8839 -0.001107265140769003 8.21311322013694e-05 0
8840 0.0006948965880075783 0.0004015562780699077 0
8841 -2.866910666750336e-05 -0.0005414128941481307 0
8842 0.000605325493378839 -0.00027880373233763 0
8843 0.0001504730825899754 0.0008193071266669446 0
8844 0.001421622008776311 0.0003180893055168852 0
8845 -0.0005730926120851062 -0.0001236620455510937 0
8846 0.0002400441772187129 -0.001221772904555668 0
8847 -0.001027945022873971 -0.0006965545809346661 0
8848 -0.001207087212131448 0.0006641654398804097 0
8849 -0.00129981803285384 -4.01950729980694e-05 0
8850 0.001149748998796442 0.0009744488134534801 0
8851 -0.0007745997092328369 0.001227794127094614 0
8852 -0.0004835215174563672 0.0005566979648564439 0
8853 0.00132889118805392 -0.0003862712073615957 0
8854 0.0005861203115822383 0.001406936316352091 0
8855 -0.0001182402012962406 0.001499667137074483 0
8856 0.0008964036851553086 -0.0009498998945757998 0
8857 -0.0004643163356597669 -0.001129042083833277 0
8858 0.0001544224603484608 -0.000320209096963737 0
8859 0.0003253829088032497 -0.001679686451738464 0
8860 -0.001672677942357472 0.0002063707267268991 0
8861 0.001435564301291185 0.0007089740460586672 0
8862 0.0004146566830986504 0.001616800028631962 0
8863 0.0003787896234382298 0.00162186216276551 0
8864 -0.0001448457236875652 -0.001189107711478976 0
8865 -0.0009951679404865115 -0.00151429625065852 0
8866 -0.0007768336804818484 0.001467049880193881 0
8867 -5.969152578250669e-05 0.0009855555112179232 0
8868 0.0002043867293818541 -0.0009673514284068126 0
8869 5.226469820666933e-05 -0.001729773793537679 0
8870 3.698184095372739e-05 -0.001048125685708346 0
8871 -0.0002065527319042592 -0.001261534746298697 0
8872 0.0001395234024592656 0.001367174474609061 0
8873 0.001180912465832149 -0.001034997937094694 0
8874 0.001597633151077169 -0.005509839201607958 0
8875 0.001544538722036068 0.000822685461562018 0
8876 0.0001439933281151513 0.00109214899890935 0
8877 0.00173581583899441 0.001451220920578406 0
8878 0.001819229132056173 0.00160939814738264 0
8879 -0.0001390564674080749 0.0004035483915409229 0
8880 0.0003718540380379315 -3.463243654881853e-05 0
8881 -0.001081227296847902 0.001422674148793586 0
8882 -0.0003412431524964624 0.0001499950383068258 0
8883 0.0002026121297100642 0.001443494968140522 0
8884 0.0004207639485991693 0.001851551553709075 0
8885 0.0003641909451915955 0.001915846623169733 0
8886 0.0007420358471301583 0.0006403427577788372 0
8887 -0.001562723542985354 6.955039968831251e-05 0
8888 -0.0003352229632428078 -0.001626474790868532 0
8889 0.001762149237380168 0.0005351636908162163 0
8890 0.001320778857027985 -0.0008920366863508898 0
8891 -0.001281209887518034 0.004054366996959716 0
8892 -0.001314365576880186 -0.0006158240486029037 0
8893 0.0003768883176804729 0.003690090090394622 0
8894 0.0006535889049291679 -0.001402844865228548 0
8895 0.001437269561959738 -0.0002545969959492667 0
8896 -0.0004801826884314279 0.0009423414708639954 0
8897 -0.0008246825080998109 0.0001077962126389539 0
8898 0.000322677543179127 0.001517686713100702 0
8899 -2.666260425052336e-05 0.001638926532757532 0
8900 -0.0006958515819777303 -0.0009438695093964162 0
8901 0.002097185072082807 0.004316918895016986 0
8902 -0.0009641448958825846 -0.0002553108083000215 0
8903 -0.01490901389114014 0.003435280079215564 0
8904 0.001163662565661494 0.00128645449240164 0
8905 0.002002169149562271 -0.001244222169812436 0
8906 0.007156317058643552 0.002806219194356656 0
8907 0.001266920198555077 -0.001240641659990498 0
8908 0.0006362297043711029 -0.0008461083032710843 0
8909 -0.0007435010560426675 0.0006602694495170785 0
8910 0.002124697395981644 0.0003466693405618839 0
8911 0.0004080995610678797 -2.671731251292701e-05 0
8912 0.001564931410182849 0.002655522989898177 0
8913 0.00129817922911821 -0.001776104957689327 0
8914 -0.0005748404124230071 0.001642243246802184 0
8915 -8.04501215392485e-05 0.0002582102378924045 0
8916 -0.0004052425228167254 -0.001734285052705746 0
8917 -0.0002690612318095751 0.0006618473361929737 0
8918 -0.001703126405990233 0.001218345462315514 0
8919 0.001559563804801402 0.0006902834370336673 0
8920 -0.0008095398088399174 0.0003862494062499151 0
8921 -0.000903003288303735 -0.0002934257855664557 0
8922 0.001002872896670369 -0.0005567197659681224 0
8923 -8.597411416483854e-05 -0.001392221463162193 0
8924 -0.0007903346270433175 -0.001299490642439805 0
8925 0.0008591925725969636 1.969928169044362e-05 0
8926 0.0005416692563249423 -0.001625283579243667 0
8927 -0.001353963314257522 -0.0008670031395411941 0
8928 -0.002016943530826259 -0.0003868812989054517 0
8929 -0.001533105503514999 0.0004937168812738816 0
8930 -0.002373143238485468 -0.0001482055283452089 0
8931 -0.0003484188720130643 -0.000458807273966731 0
8932 -0.001176387842772811 -0.001248093445849244 0
8933 -0.001433016081574925 0.000789730717170919 0
8934 -0.001038092672593911 -0.0003515448473871341 0
8935 0.0009756630774561773 0.0004975940237232087 0
8936 0.0005929468999019896 0.0008081095524187789 0
8937 -0.001493844520703762 -0.0004495359362855339 0
8938 -0.0005221792760392388 0.001578649172669687 0
8939 0.0009792596070152338 -0.0002755509051224021 0
8940 -0.000312261076585145 0.001090330445417474 0
8941 -0.001401245589916193 0.0002542098735766691 0
8942 0.001227463828442278 -9.186623671870664e-05 0
8943 -4.354618391726798e-05 0.0004099716307639847 0
8944 -0.0001575774676120405 0.0003703864059259982 0
8945 0.0001645153510153696 0.001152524547144728 0
8946 0.0004556523726758035 0.0005185864202061553 0
8947 -0.0008758734301684074 -0.001303015154049366 0
8948 0.001282829213404254 0.001138128362567004 0
8949 0.0005006604620032376 0.001683482970853696 0
8950 0.0007026765171608995 -0.001359602453360501 0
8951 0.0001839797184615416 0.00127485466611518 0
8952 -0.000221814543294386 0.0002454232009720488 0
8953 0.001685368988426458 -2.748599760767554e-06 0
8954 -0.001659411631530714 0.001638217389735467 0
8955 0.001388365935415657 -0.0002297524577285595 0
8956 0.0008791355946040099 -0.0001939408461518204 0
8957 0.0004113308299715654 -0.0006881209415724032 0
8958 0.0004180985607647264 -0.0007229078449660523 0
8959 -0.0004287948750928943 0.001014299140670858 0
8960 -0.001249325222021917 -0.0005191276920263967 0
8961 0.0009374471421115358 -0.0006413031476093568 0
8962 0.0001559696830272444 0.001209674365857571 0
8963 -0.002277528756018357 -0.001017818644472349 0
8964 -0.0009059397803402678 -0.002276895113119945 0
8965 0.001666627206939789 0.003486909534496801 0
8966 -0.001263218207904286 0.001067205871298824 0
8967 -0.0003157469938143918 -0.001537727190045092 0
8968 -0.0008668685059279208 3.872058455994825e-05 0
8969 4.829864404360993e-05 0.001096201780834594 0
8970 0.01437739292009187 -0.004961339857437576 0
8971 0.0008495241725481447 -0.00154619441224793 0
8972 0.000357268991837906 2.051190441881534e-05 0
8973 0.0002141328632513584 -0.0001653443006646223 0
8974 0.001819337069226897 0.0001203727310249611 0
8975 0.0006084921712511936 -0.001381006224958978 0
8976 -0.01287139844840852 -0.009012650220876385 0
8977 0.002349174235631757 0.0005673967805566925 0
8978 -0.0009234178218421064 0.0003320691047105441 0
8979 0.0008049104367446175 4.054741686759442e-05 0
8980 -0.0001948652154544787 -0.000922700068030259 0
8981 0.000976720147974044 0.001220666355151178 0
8982 -0.003336250309556628 0.001753211026368263 0
8983 0.0002749311825235891 -0.0008402671832791301 0
8984 0.0006475559082264442 0.0009362592990071699 0
8985 -0.0001962978538242792 -0.001593316790957409 0
8986 4.525237717607631e-05 0.0003350751514782179 0
8987 -0.007600398959136685 -0.004939227873091002 0
8988 0.00167297384371041 0.001232812879392672 0
8989 0.0006961341603192829 0.001045927455149779 0
8990 -0.0009179311741369281 -0.001057563442136977 0
8991 0.002097762035758386 0.000465915428895173 0
8992 0.0005651273505751224 0.000888340160349269 0
8993 0.0005120427321007665 -0.0009177355919924381 0
8994 0.0006497243071897066 -0.001916656721425629 0
8995 0.0003036685340622445 -0.0006771068573843349 0
8996 -0.001249684200221343 0.0008831259650634115 0
8997 0.0009379494167917515 7.045398863472389e-05 0
8998 0.001044817699014594 1.723927113457988e-06 0
8999 0.0001985628113918008 -0.0002921881142409002 0
9000 0.0007769267788420885 -7.112224915078987e-05 0
9001 0.001105762148818534 -0.0002180645129282363 0
9002 0.001587280746743865 -0.001325276838810179 0
9003 0.0002414269451816757 -0.0002069601230490412 0
9004 -0.00108576636752902 -0.001199695282210772 0
9005 0.001032271231063341 0.00119953321844154 0
9006 0.0001869855582117372 0.001938372799542227 0
9007 -0.0008334910581263509 -0.0005785635459113373 0
9008 -0.0004396139704568809 -0.0007090142599509536 0
9009 -0.0008080521154812856 0.0006349986696323309 0
9010 -0.0004248697837613035 0.0007463081843009191 0
9011 -0.001540996279241827 0.00087167423998763 0
9012 -0.000260896951860376 0.0007555509760288649 0
9013 0.0003959648454205413 0.003130001107773971 0
9014 -0.0009393005675096504 -0.0002801569726372655 0
9015 0.001435858230209507 -0.0007461459624155557 0
9016 0.0007683501162512724 0.0006834328639110411 0
9017 0.0001280872756325203 -0.0002495479360125645 0
9018 -0.0004100653048023903 -0.0008324250656428089 0
9019 -0.001200928500619557 0.001263595764689956 0
9020 7.505956830831026e-05 -0.00160224092106443 0
9021 -0.001627823124579912 -0.0005683058400305327 0
9022 -0.001610348189836768 -0.0006007758406587594 0
9023 0.001549094059030295 0.0005848395738915774 0
9024 0.0003415531718923662 0.00046367186609611 0
9025 -0.0003771720733316397 -0.0004771140539048526 0
9026 -0.0009629182326454239 -0.001752780071801757 0
9027 -0.002435594233593344 0.0003145455274413449 0
9028 -0.0006239155922979914 0.001541821956395372 0
9029 0.001731490632563843 0.000680327592416552 0
9030 -0.001228432314925109 0.001063893997516811 0
9031 -0.001617359867764054 0.0006133212102667726 0
9032 0.000279221609340993 0.0001178222035804334 0
9033 0.000319510373784947 -0.001068039394578493 0
9034 0.0003038517057461193 0.00178076824841817 0
9035 0.01327945691402872 -3.237554125678274e-05 0
9036 -0.001119251329538975 0.001031711863321893 0
9037 0.0003524032237996049 0.00020602472769252 0
9038 -0.0003737145512771706 -0.0007361090610219526 0
9039 0.0008056303817803491 0.0007792449394998122 0
9040 -0.0004613477551873132 0.00130580720914479 0
9041 0.0005532961312642358 -0.001143759822505493 0
9042 -0.0002136053959213073 -0.0003301579962144871 0
9043 0.0002930527671363391 0.0001934410277713374 0
9044 0.001237079790806 0.001663610757467321 0
9045 -0.0006914846748179128 0.001383698487585 0
9046 -0.001514989302646088 0.0002118455787872477 0
9047 -0.0006024146000104595 0.0008161231356891163 0
9048 0.001660983706009268 -0.0004518743059192526 0
9049 9.514419150388488e-05 0.001604732044206574 0
9050 0.0002545209053647006 0.0002248741419392021 0
9051 -0.0006559496346239472 -0.0006949038048589174 0
9052 -0.001513179175572391 -0.0005010005178162171 0
9053 0.0002479556760291212 0.001214945513811489 0
9054 0.0009537761008476176 0.0003868932010063718 0
9055 0.003449804101261485 0.000157539835764792 0
9056 -0.000329139584169419 -5.859387170457975e-05 0
9057 -0.004453844577312216 0.0001098469744913248 0
9058 -0.0002692406568603667 -0.000213971587654601 0
9059 -0.001583851685277751 0.0003477737759478782 0
9060 0.001991414609228929 -0.0006649998386130082 0
9061 0.00147715487528089 -0.0002063340764948067 0
9062 0.0009978693418121725 0.0002383293828108224 0
9063 0.001427084502900947 -0.001714175389432411 0
9064 0.0006931398044846232 -0.001435501095762536 0
$EndNodes
$Elements
18126
1 1 2 3 127 127 2144
2 1 2 3 127 2144 2145
3 1 2 3 127 2145 2146
4 1 2 3 127 2146 2147
5 1 2 3 127 2147 2148
6 1 2 3 127 2148 2149
7 1 2 3 127 2149 2150
8 1 2 3 127 2150 2151
9 1 2 3 127 2151 2152
10 1 2 3 127 2152 2153
11 1 2 3 127 2153 2154
12 1 2 3 127 2154 2155
13 1 2 3 127 2155 2156
14 1 2 3 127 2156 2157
15 1 2 3 127 2157 2158
16 1 2 3 127 2158 2159
17 1 2 3 127 2159 2160
18 1 2 3 127 2160 2161
19 1 2 3 127 2161 2162
20 1 2 3 127 2162 2163
21 1 2 3 127 2163 2164
22 1 2 3 127 2164 2165
23 1 2 3 127 2165 2166
24 1 2 3 127 2166 2167
25 1 2 3 127 2167 2168
26 1 2 3 127 2168 2169
27 1 2 3 127 2169 2170
28 1 2 3 127 2170 2171
29 1 2 3 127 2171 2172
30 1 2 3 127 2172 2173
31 1 2 3 127 2173 2174
32 1 2 3 127 2174 2175
33 1 2 3 127 2175 2176
34 1 2 3 127 2176 2177
35 1 2 3 127 2177 2178
36 1 2 3 127 2178 127
37 2 2 1 1 2190 2198 2182
38 2 2 1 1 2180 2199 2190
39 2 2 1 1 2182 2191 2190
40 2 2 1 1 2185 2198 2190
41 2 2 1 1 2190 2199 2185
42 2 2 1 1 2184 2195 138
43 2 2 1 1 2180 2190 2188
44 2 2 1 1 138 2195 137
45 2 2 1 1 2179 2192 2191
46 2 2 1 1 133 2193 2182
47 2 2 1 1 134 2193 133
48 2 2 1 1 135 2193 134
49 2 2 1 1 2179 2193 135
50 2 2 1 1 2191 2193 2179
51 2 2 1 1 2182 2193 2191
52 2 2 1 1 2192 2195 2184
53 2 2 1 1 2187 2194 2181
54 2 2 1 1 1 2183 143
55 2 2 1 1 137 2195 136
56 2 2 1 1 136 2195 2179
57 2 2 1 1 2179 2195 2192
58 2 2 1 1 141 2181 140
59 2 2 1 1 139 2184 138
60 2 2 1 1 131 2185 130
61 2 2 1 1 133 2182 132
62 2 2 1 1 129 2180 128
63 2 2 1 1 136 2179 135
64 2 2 1 1 2191 2192 2189
65 2 2 1 1 2181 2200 2187
66 2 2 1 1 2190 2191 2189
67 2 2 1 1 2184 2194 2192
68 2 2 1 1 2188 2190 2189
69 2 2 1 1 2189 2194 2187
70 2 2 1 1 2188 2189 2187
71 2 2 1 1 2188 2196 2180
72 2 2 1 1 2183 2196 2188
73 2 2 1 1 2183 2188 2187
74 2 2 1 1 2184 2197 2194
75 2 2 1 1 2192 2194 2189
76 2 2 1 1 2187 2200 2186
77 2 2 1 1 2194 2197 2181
78 2 2 1 1 2183 2187 2186
79 2 2 1 1 2183 2186 143
80 2 2 1 1 128 2196 1
81 2 2 1 1 1 2196 2183
82 2 2 1 1 143 2186 142
83 2 2 1 1 2180 2196 128
84 2 2 1 1 2185 2199 130
85 2 2 1 1 140 2197 139
86 2 2 1 1 141 2200 2181
87 2 2 1 1 132 2198 131
88 2 2 1 1 142 2200 141
89 2 2 1 1 2181 2197 140
90 2 2 1 1 130 2199 129
91 2 2 1 1 131 2198 2185
92 2 2 1 1 139 2197 2184
93 2 2 1 1 2182 2198 132
94 2 2 1 1 129 2199 2180
95 2 2 1 1 2186 2200 142
96 2 2 1 2 2201 2219 2210
97 2 2 1 2 2210 2219 2205
98 2 2 1 2 2204 2220 2213
99 2 2 1 2 2213 2220 2207
100 2 2 1 2 2217 2219 2201
101 2 2 1 2 2209 2221 2208
102 2 2 1 2 2202 2221 2209
103 2 2 1 2 2204 2226 2220
104 2 2 1 2 2203 2222 2216
105 2 2 1 2 2 2208 159
106 2 2 1 2 2221 2222 2208
107 2 2 1 2 147 2207 146
108 2 2 1 2 155 2206 154
109 2 2 1 2 149 2204 148
110 2 2 1 2 158 2203 157
111 2 2 1 2 145 2202 144
112 2 2 1 2 151 2205 150
113 2 2 1 2 153 2201 152
114 2 2 1 2 2216 2223 2203
115 2 2 1 2 2218 2220 2219
116 2 2 1 2 2216 2222 2218
117 2 2 1 2 2218 2219 2217
118 2 2 1 2 2218 2221 2220
119 2 2 1 2 2216 2218 2217
120 2 2 1 2 2220 2226 2219
121 2 2 1 2 2208 2222 2211
122 2 2 1 2 2211 2222 2203
123 2 2 1 2 2201 2224 2217
124 2 2 1 2 2217 2224 2206
125 2 2 1 2 2216 2217 2206
126 2 2 1 2 2215 2223 2216
127 2 2 1 2 2218 2222 2221
128 2 2 1 2 2220 2225 2207
129 2 2 1 2 2215 2216 2206
130 2 2 1 2 2208 2211 159
131 2 2 1 2 144 2209 2
132 2 2 1 2 2207 2212 146
133 2 2 1 2 157 2223 156
134 2 2 1 2 2 2209 2208
135 2 2 1 2 148 2213 147
136 2 2 1 2 156 2215 155
137 2 2 1 2 146 2212 145
138 2 2 1 2 2206 2224 154
139 2 2 1 2 149 2214 2204
140 2 2 1 2 150 2214 149
141 2 2 1 2 154 2224 153
142 2 2 1 2 147 2213 2207
143 2 2 1 2 158 2211 2203
144 2 2 1 2 145 2212 2202
145 2 2 1 2 2203 2223 157
146 2 2 1 2 2204 2213 148
147 2 2 1 2 152 2210 151
148 2 2 1 2 155 2215 2206
149 2 2 1 2 159 2211 158
150 2 2 1 2 151 2210 2205
151 2 2 1 2 2201 2210 152
152 2 2 1 2 2202 2209 144
153 2 2 1 2 2205 2214 150
154 2 2 1 2 153 2224 2201
155 2 2 1 2 2221 2225 2220
156 2 2 1 2 2219 2226 2205
157 2 2 1 2 2202 2225 2221
158 2 2 1 2 156 2223 2215
159 2 2 1 2 2207 2225 2212
160 2 2 1 2 2212 2225 2202
161 2 2 1 2 2205 2226 2214
162 2 2 1 2 2214 2226 2204
163 2 2 1 3 2230 2244 2238
164 2 2 1 3 2238 2246 2228
165 2 2 1 3 2238 2239 2230
166 2 2 1 3 2238 2244 2233
167 2 2 1 3 2233 2246 2238
168 2 2 1 3 2236 2238 2228
169 2 2 1 3 168 2240 2227
170 2 2 1 3 2239 2241 2227
171 2 2 1 3 169 2240 168
172 2 2 1 3 2241 2245 2227
173 2 2 1 3 170 2240 169
174 2 2 1 3 2230 2240 170
175 2 2 1 3 2227 2240 2239
176 2 2 1 3 2239 2240 2230
177 2 2 1 3 2232 2245 2241
178 2 2 1 3 160 2231 3
179 2 2 1 3 163 2229 162
180 2 2 1 3 173 2233 172
181 2 2 1 3 171 2230 170
182 2 2 1 3 166 2232 165
183 2 2 1 3 175 2228 174
184 2 2 1 3 168 2227 167
185 2 2 1 3 2235 2247 2229
186 2 2 1 3 2237 2239 2238
187 2 2 1 3 2237 2238 2236
188 2 2 1 3 2235 2237 2236
189 2 2 1 3 2229 2250 2235
190 2 2 1 3 2237 2241 2239
191 2 2 1 3 2241 2242 2232
192 2 2 1 3 2228 2243 2236
193 2 2 1 3 2236 2243 2231
194 2 2 1 3 2235 2236 2231
195 2 2 1 3 2241 2250 2242
196 2 2 1 3 2237 2250 2241
197 2 2 1 3 2234 2247 2235
198 2 2 1 3 2234 2235 2231
199 2 2 1 3 160 2234 2231
200 2 2 1 3 3 2243 175
201 2 2 1 3 2242 2250 2229
202 2 2 1 3 2231 2243 3
203 2 2 1 3 161 2234 160
204 2 2 1 3 175 2243 2228
205 2 2 1 3 173 2246 2233
206 2 2 1 3 2229 2247 162
207 2 2 1 3 172 2244 171
208 2 2 1 3 162 2247 161
209 2 2 1 3 174 2246 173
210 2 2 1 3 166 2245 2232
211 2 2 1 3 2233 2244 172
212 2 2 1 3 163 2249 2229
213 2 2 1 3 167 2245 166
214 2 2 1 3 171 2244 2230
215 2 2 1 3 2228 2246 174
216 2 2 1 3 2227 2245 167
217 2 2 1 3 2232 2248 165
218 2 2 1 3 165 2248 164
219 2 2 1 3 164 2249 163
220 2 2 1 3 2235 2250 2237
221 2 2 1 3 2242 2248 2232
222 2 2 1 3 2229 2249 2242
223 2 2 1 3 161 2247 2234
224 2 2 1 3 2242 2249 2248
225 2 2 1 3 2248 2249 164
226 2 2 1 4 2251 2270 2260
227 2 2 1 4 2260 2270 2255
228 2 2 1 4 2254 2271 2262
229 2 2 1 4 2262 2271 2257
230 2 2 1 4 2268 2270 2251
231 2 2 1 4 2259 2272 2258
232 2 2 1 4 2252 2272 2259
233 2 2 1 4 2254 2276 2271
234 2 2 1 4 2253 2273 2267
235 2 2 1 4 4 2258 191
236 2 2 1 4 2272 2273 2258
237 2 2 1 4 179 2257 178
238 2 2 1 4 187 2256 186
239 2 2 1 4 181 2254 180
240 2 2 1 4 190 2253 189
241 2 2 1 4 177 2252 176
242 2 2 1 4 185 2251 184
243 2 2 1 4 183 2255 182
244 2 2 1 4 2267 2274 2253
245 2 2 1 4 2269 2271 2270
246 2 2 1 4 2267 2273 2269
247 2 2 1 4 2269 2270 2268
248 2 2 1 4 2269 2272 2271
249 2 2 1 4 2267 2269 2268
250 2 2 1 4 2271 2276 2270
251 2 2 1 4 2258 2273 2261
252 2 2 1 4 2261 2273 2253
253 2 2 1 4 2264 2268 2251
254 2 2 1 4 2256 2268 2264
255 2 2 1 4 2267 2268 2256
256 2 2 1 4 2266 2274 2267
257 2 2 1 4 2269 2273 2272
258 2 2 1 4 2271 2275 2257
259 2 2 1 4 2266 2267 2256
260 2 2 1 4 2258 2261 191
261 2 2 1 4 176 2259 4
262 2 2 1 4 2257 2263 178
263 2 2 1 4 189 2274 188
264 2 2 1 4 4 2259 2258
265 2 2 1 4 180 2262 179
266 2 2 1 4 2256 2264 186
267 2 2 1 4 188 2266 187
268 2 2 1 4 181 2265 2254
269 2 2 1 4 178 2263 177
270 2 2 1 4 186 2264 185
271 2 2 1 4 182 2265 181
272 2 2 1 4 179 2262 2257
273 2 2 1 4 190 2261 2253
274 2 2 1 4 177 2263 2252
275 2 2 1 4 2254 2262 180
276 2 2 1 4 2253 2274 189
277 2 2 1 4 187 2266 2256
278 2 2 1 4 184 2260 183
279 2 2 1 4 2251 2260 184
280 2 2 1 4 183 2260 2255
281 2 2 1 4 191 2261 190
282 2 2 1 4 185 2264 2251
283 2 2 1 4 2255 2265 182
284 2 2 1 4 2252 2259 176
285 2 2 1 4 2272 2275 2271
286 2 2 1 4 2270 2276 2255
287 2 2 1 4 2252 2275 2272
288 2 2 1 4 188 2274 2266
289 2 2 1 4 2257 2275 2263
290 2 2 1 4 2263 2275 2252
291 2 2 1 4 2255 2276 2265
292 2 2 1 4 2265 2276 2254
293 2 2 1 5 2277 2296 2286
294 2 2 1 5 2286 2296 2281
295 2 2 1 5 2280 2297 2287
296 2 2 1 5 2287 2297 2283
297 2 2 1 5 2294 2296 2277
298 2 2 1 5 2285 2298 2284
299 2 2 1 5 2278 2298 2285
300 2 2 1 5 2280 2302 2297
301 2 2 1 5 2279 2299 2293
302 2 2 1 5 5 2284 207
303 2 2 1 5 2298 2299 2284
304 2 2 1 5 195 2283 194
305 2 2 1 5 203 2282 202
306 2 2 1 5 197 2280 196
307 2 2 1 5 206 2279 205
308 2 2 1 5 193 2278 192
309 2 2 1 5 201 2277 200
310 2 2 1 5 199 2281 198
311 2 2 1 5 2293 2300 2279
312 2 2 1 5 2295 2297 2296
313 2 2 1 5 2293 2299 2295
314 2 2 1 5 2295 2296 2294
315 2 2 1 5 2295 2298 2297
316 2 2 1 5 2293 2295 2294
317 2 2 1 5 2297 2302 2296
318 2 2 1 5 2284 2299 2288
319 2 2 1 5 2288 2299 2279
320 2 2 1 5 2289 2294 2277
321 2 2 1 5 2282 2294 2289
322 2 2 1 5 2293 2294 2282
323 2 2 1 5 2292 2300 2293
324 2 2 1 5 2295 2299 2298
325 2 2 1 5 2297 2301 2283
326 2 2 1 5 2292 2293 2282
327 2 2 1 5 2284 2288 207
328 2 2 1 5 192 2285 5
329 2 2 1 5 2283 2290 194
330 2 2 1 5 2282 2289 202
331 2 2 1 5 205 2300 204
332 2 2 1 5 5 2285 2284
333 2 2 1 5 196 2287 195
334 2 2 1 5 197 2291 2280
335 2 2 1 5 204 2292 203
336 2 2 1 5 194 2290 193
337 2 2 1 5 198 2291 197
338 2 2 1 5 195 2287 2283
339 2 2 1 5 193 2290 2278
340 2 2 1 5 206 2288 2279
341 2 2 1 5 2280 2287 196
342 2 2 1 5 2277 2286 200
343 2 2 1 5 202 2289 201
344 2 2 1 5 2279 2300 205
345 2 2 1 5 200 2286 199
346 2 2 1 5 199 2286 2281
347 2 2 1 5 203 2292 2282
348 2 2 1 5 207 2288 206
349 2 2 1 5 201 2289 2277
350 2 2 1 5 2281 2291 198
351 2 2 1 5 2278 2285 192
352 2 2 1 5 2298 2301 2297
353 2 2 1 5 2296 2302 2281
354 2 2 1 5 2278 2301 2298
355 2 2 1 5 204 2300 2292
356 2 2 1 5 2283 2301 2290
357 2 2 1 5 2290 2301 2278
358 2 2 1 5 2281 2302 2291
359 2 2 1 5 2291 2302 2280
360 2 2 1 6 2303 2322 2312
361 2 2 1 6 2312 2322 2307
362 2 2 1 6 2306 2323 2313
363 2 2 1 6 2313 2323 2309
364 2 2 1 6 2320 2322 2303
365 2 2 1 6 2311 2324 2310
366 2 2 1 6 2304 2324 2311
367 2 2 1 6 2306 2328 2323
368 2 2 1 6 2305 2325 2319
369 2 2 1 6 6 2310 223
370 2 2 1 6 2324 2325 2310
371 2 2 1 6 211 2309 210
372 2 2 1 6 219 2308 218
373 2 2 1 6 213 2306 212
374 2 2 1 6 222 2305 221
375 2 2 1 6 209 2304 208
376 2 2 1 6 217 2303 216
377 2 2 1 6 215 2307 214
378 2 2 1 6 2319 2326 2305
379 2 2 1 6 2321 2323 2322
380 2 2 1 6 2319 2325 2321
381 2 2 1 6 2321 2322 2320
382 2 2 1 6 2321 2324 2323
383 2 2 1 6 2319 2321 2320
384 2 2 1 6 2323 2328 2322
385 2 2 1 6 2310 2325 2314
386 2 2 1 6 2314 2325 2305
387 2 2 1 6 2316 2320 2303
388 2 2 1 6 2308 2320 2316
389 2 2 1 6 2319 2320 2308
390 2 2 1 6 2318 2326 2319
391 2 2 1 6 2321 2325 2324
392 2 2 1 6 2323 2327 2309
393 2 2 1 6 2318 2319 2308
394 2 2 1 6 2310 2314 223
395 2 2 1 6 208 2311 6
396 2 2 1 6 2309 2315 210
397 2 2 1 6 2308 2316 218
398 2 2 1 6 221 2326 220
399 2 2 1 6 6 2311 2310
400 2 2 1 6 212 2313 211
401 2 2 1 6 220 2318 219
402 2 2 1 6 213 2317 2306
403 2 2 1 6 210 2315 209
404 2 2 1 6 214 2317 213
405 2 2 1 6 211 2313 2309
406 2 2 1 6 209 2315 2304
407 2 2 1 6 222 2314 2305
408 2 2 1 6 2306 2313 212
409 2 2 1 6 218 2316 217
410 2 2 1 6 2305 2326 221
411 2 2 1 6 216 2312 215
412 2 2 1 6 2303 2312 216
413 2 2 1 6 215 2312 2307
414 2 2 1 6 223 2314 222
415 2 2 1 6 219 2318 2308
416 2 2 1 6 217 2316 2303
417 2 2 1 6 2307 2317 214
418 2 2 1 6 2304 2311 208
419 2 2 1 6 2324 2327 2323
420 2 2 1 6 2322 2328 2307
421 2 2 1 6 2304 2327 2324
422 2 2 1 6 220 2326 2318
423 2 2 1 6 2309 2327 2315
424 2 2 1 6 2315 2327 2304
425 2 2 1 6 2307 2328 2317
426 2 2 1 6 2317 2328 2306
427 2 2 1 7 2340 2347 2332
428 2 2 1 7 2330 2348 2340
429 2 2 1 7 2332 2341 2340
430 2 2 1 7 2335 2347 2340
431 2 2 1 7 2340 2348 2335
432 2 2 1 7 2330 2340 2338
433 2 2 1 7 2329 2342 231
434 2 2 1 7 2329 2343 2341
435 2 2 1 7 231 2342 230
436 2 2 1 7 2329 2346 2343
437 2 2 1 7 230 2342 229
438 2 2 1 7 229 2342 2332
439 2 2 1 7 2341 2342 2329
440 2 2 1 7 2332 2342 2341
441 2 2 1 7 2343 2346 2334
442 2 2 1 7 7 2333 239
443 2 2 1 7 237 2331 236
444 2 2 1 7 227 2335 226
445 2 2 1 7 229 2332 228
446 2 2 1 7 225 2330 224
447 2 2 1 7 234 2334 233
448 2 2 1 7 232 2329 231
449 2 2 1 7 2331 2349 2337
450 2 2 1 7 2340 2341 2339
451 2 2 1 7 2338 2340 2339
452 2 2 1 7 2338 2339 2337
453 2 2 1 7 2337 2352 2331
454 2 2 1 7 2341 2343 2339
455 2 2 1 7 2334 2344 2343
456 2 2 1 7 2338 2345 2330
457 2 2 1 7 2333 2345 2338
458 2 2 1 7 2333 2338 2337
459 2 2 1 7 2344 2352 2343
460 2 2 1 7 2343 2352 2339
461 2 2 1 7 2337 2349 2336
462 2 2 1 7 2333 2337 2336
463 2 2 1 7 2333 2336 239
464 2 2 1 7 224 2345 7
465 2 2 1 7 2331 2352 2344
466 2 2 1 7 7 2345 2333
467 2 2 1 7 239 2336 238
468 2 2 1 7 2330 2345 224
469 2 2 1 7 2335 2348 226
470 2 2 1 7 237 2349 2331
471 2 2 1 7 228 2347 227
472 2 2 1 7 238 2349 237
473 2 2 1 7 226 2348 225
474 2 2 1 7 227 2347 2335
475 2 2 1 7 2331 2351 236
476 2 2 1 7 233 2346 232
477 2 2 1 7 2332 2347 228
478 2 2 1 7 2334 2346 233
479 2 2 1 7 225 2348 2330
480 2 2 1 7 232 2346 2329
481 2 2 1 7 234 2350 2334
482 2 2 1 7 235 2350 234
483 2 2 1 7 236 2351 235
484 2 2 1 7 2339 2352 2337
485 2 2 1 7 2334 2350 2344
486 2 2 1 7 2344 2351 2331
487 2 2 1 7 2336 2349 238
488 2 2 1 7 2350 2351 2344
489 2 2 1 7 235 2351 2350
490 2 2 1 8 2364 2372 2356
491 2 2 1 8 2354 2373 2364
492 2 2 1 8 2356 2365 2364
493 2 2 1 8 2359 2372 2364
494 2 2 1 8 2364 2373 2359
495 2 2 1 8 2358 2369 250
496 2 2 1 8 2354 2364 2362
497 2 2 1 8 250 2369 249
498 2 2 1 8 2353 2366 2365
499 2 2 1 8 245 2367 2356
500 2 2 1 8 246 2367 245
501 2 2 1 8 247 2367 246
502 2 2 1 8 2353 2367 247
503 2 2 1 8 2365 2367 2353
504 2 2 1 8 2356 2367 2365
505 2 2 1 8 2366 2369 2358
506 2 2 1 8 2361 2368 2355
507 2 2 1 8 8 2357 255
508 2 2 1 8 249 2369 248
509 2 2 1 8 248 2369 2353
510 2 2 1 8 2353 2369 2366
511 2 2 1 8 253 2355 252
512 2 2 1 8 251 2358 250
513 2 2 1 8 243 2359 242
514 2 2 1 8 245 2356 244
515 2 2 1 8 241 2354 240
516 2 2 1 8 248 2353 247
517 2 2 1 8 2365 2366 2363
518 2 2 1 8 2355 2374 2361
519 2 2 1 8 2364 2365 2363
520 2 2 1 8 2358 2368 2366
521 2 2 1 8 2362 2364 2363
522 2 2 1 8 2363 2368 2361
523 2 2 1 8 2362 2363 2361
524 2 2 1 8 2362 2370 2354
525 2 2 1 8 2357 2370 2362
526 2 2 1 8 2357 2362 2361
527 2 2 1 8 2358 2371 2368
528 2 2 1 8 2366 2368 2363
529 2 2 1 8 2361 2374 2360
530 2 2 1 8 2368 2371 2355
531 2 2 1 8 2357 2361 2360
532 2 2 1 8 2357 2360 255
533 2 2 1 8 240 2370 8
534 2 2 1 8 8 2370 2357
535 2 2 1 8 255 2360 254
536 2 2 1 8 2354 2370 240
537 2 2 1 8 2359 2373 242
538 2 2 1 8 252 2371 251
539 2 2 1 8 253 2374 2355
540 2 2 1 8 244 2372 243
541 2 2 1 8 254 2374 253
542 2 2 1 8 2355 2371 252
543 2 2 1 8 242 2373 241
544 2 2 1 8 243 2372 2359
545 2 2 1 8 251 2371 2358
546 2 2 1 8 2356 2372 244
547 2 2 1 8 241 2373 2354
548 2 2 1 8 2360 2374 254
549 2 2 1 9 2378 2392 2386
550 2 2 1 9 2386 2393 2376
551 2 2 1 9 2386 2387 2378
552 2 2 1 9 2386 2392 2381
553 2 2 1 9 2381 2393 2386
554 2 2 1 9 2384 2386 2376
555 2 2 1 9 264 2388 2375
556 2 2 1 9 2387 2389 2375
557 2 2 1 9 265 2388 264
558 2 2 1 9 266 2388 265
559 2 2 1 9 2389 2394 2375
560 2 2 1 9 2378 2388 266
561 2 2 1 9 2375 2388 2387
562 2 2 1 9 2387 2388 2378
563 2 2 1 9 2380 2394 2389
564 2 2 1 9 256 2379 9
565 2 2 1 9 259 2377 258
566 2 2 1 9 269 2381 268
567 2 2 1 9 267 2378 266
568 2 2 1 9 262 2380 261
569 2 2 1 9 271 2376 270
570 2 2 1 9 264 2375 263
571 2 2 1 9 2383 2395 2377
572 2 2 1 9 2385 2387 2386
573 2 2 1 9 2385 2386 2384
574 2 2 1 9 2383 2385 2384
575 2 2 1 9 2377 2398 2383
576 2 2 1 9 2385 2389 2387
577 2 2 1 9 2389 2390 2380
578 2 2 1 9 2376 2391 2384
579 2 2 1 9 2384 2391 2379
580 2 2 1 9 2383 2384 2379
581 2 2 1 9 2389 2398 2390
582 2 2 1 9 2382 2395 2383
583 2 2 1 9 2385 2398 2389
584 2 2 1 9 2382 2383 2379
585 2 2 1 9 256 2382 2379
586 2 2 1 9 9 2391 271
587 2 2 1 9 2390 2398 2377
588 2 2 1 9 2379 2391 9
589 2 2 1 9 257 2382 256
590 2 2 1 9 271 2391 2376
591 2 2 1 9 269 2393 2381
592 2 2 1 9 2377 2395 258
593 2 2 1 9 258 2395 257
594 2 2 1 9 268 2392 267
595 2 2 1 9 270 2393 269
596 2 2 1 9 2381 2392 268
597 2 2 1 9 259 2397 2377
598 2 2 1 9 262 2394 2380
599 2 2 1 9 263 2394 262
600 2 2 1 9 267 2392 2378
601 2 2 1 9 2376 2393 270
602 2 2 1 9 2380 2396 261
603 2 2 1 9 2375 2394 263
604 2 2 1 9 261 2396 260
605 2 2 1 9 260 2397 259
606 2 2 1 9 2383 2398 2385
607 2 2 1 9 2390 2396 2380
608 2 2 1 9 2377 2397 2390
609 2 2 1 9 257 2395 2382
610 2 2 1 9 2390 2397 2396
611 2 2 1 9 2396 2397 260
612 2 2 1 10 2402 2416 2410
613 2 2 1 10 2410 2417 2400
614 2 2 1 10 2410 2411 2402
615 2 2 1 10 2410 2416 2405
616 2 2 1 10 2405 2417 2410
617 2 2 1 10 2408 2410 2400
618 2 2 1 10 280 2412 2399
619 2 2 1 10 2411 2413 2399
620 2 2 1 10 281 2412 280
621 2 2 1 10 282 2412 281
622 2 2 1 10 2413 2418 2399
623 2 2 1 10 2402 2412 282
624 2 2 1 10 2399 2412 2411
625 2 2 1 10 2411 2412 2402
626 2 2 1 10 2404 2418 2413
627 2 2 1 10 272 2403 10
628 2 2 1 10 275 2401 274
629 2 2 1 10 285 2405 284
630 2 2 1 10 283 2402 282
631 2 2 1 10 278 2404 277
632 2 2 1 10 287 2400 286
633 2 2 1 10 280 2399 279
634 2 2 1 10 2407 2419 2401
635 2 2 1 10 2409 2411 2410
636 2 2 1 10 2409 2410 2408
637 2 2 1 10 2407 2409 2408
638 2 2 1 10 2401 2422 2407
639 2 2 1 10 2409 2413 2411
640 2 2 1 10 2413 2414 2404
641 2 2 1 10 2400 2415 2408
642 2 2 1 10 2408 2415 2403
643 2 2 1 10 2407 2408 2403
644 2 2 1 10 2413 2422 2414
645 2 2 1 10 2409 2422 2413
646 2 2 1 10 2406 2419 2407
647 2 2 1 10 2406 2407 2403
648 2 2 1 10 272 2406 2403
649 2 2 1 10 10 2415 287
650 2 2 1 10 2414 2422 2401
651 2 2 1 10 2403 2415 10
652 2 2 1 10 273 2406 272
653 2 2 1 10 287 2415 2400
654 2 2 1 10 285 2417 2405
655 2 2 1 10 2401 2419 274
656 2 2 1 10 284 2416 283
657 2 2 1 10 274 2419 273
658 2 2 1 10 286 2417 285
659 2 2 1 10 2405 2416 284
660 2 2 1 10 275 2421 2401
661 2 2 1 10 278 2418 2404
662 2 2 1 10 279 2418 278
663 2 2 1 10 283 2416 2402
664 2 2 1 10 2400 2417 286
665 2 2 1 10 2404 2420 277
666 2 2 1 10 2399 2418 279
667 2 2 1 10 277 2420 276
668 2 2 1 10 276 2421 275
669 2 2 1 10 2407 2422 2409
670 2 2 1 10 2414 2420 2404
671 2 2 1 10 2401 2421 2414
672 2 2 1 10 273 2419 2406
673 2 2 1 10 2414 2421 2420
674 2 2 1 10 2420 2421 276
675 2 2 1 11 2426 2441 2434
676 2 2 1 11 2434 2442 2424
677 2 2 1 11 2434 2435 2426
678 2 2 1 11 2434 2441 2429
679 2 2 1 11 2429 2442 2434
680 2 2 1 11 2432 2434 2424
681 2 2 1 11 296 2436 2423
682 2 2 1 11 2435 2437 2423
683 2 2 1 11 297 2436 296
684 2 2 1 11 2437 2440 2423
685 2 2 1 11 298 2436 297
686 2 2 1 11 2426 2436 298
687 2 2 1 11 2423 2436 2435
688 2 2 1 11 2435 2436 2426
689 2 2 1 11 2428 2440 2437
690 2 2 1 11 288 2427 11
691 2 2 1 11 291 2425 290
692 2 2 1 11 301 2429 300
693 2 2 1 11 299 2426 298
694 2 2 1 11 294 2428 293
695 2 2 1 11 303 2424 302
696 2 2 1 11 296 2423 295
697 2 2 1 11 2431 2443 2425
698 2 2 1 11 2433 2435 2434
699 2 2 1 11 2433 2434 2432
700 2 2 1 11 2431 2433 2432
701 2 2 1 11 2425 2446 2431
702 2 2 1 11 2433 2437 2435
703 2 2 1 11 2437 2438 2428
704 2 2 1 11 2424 2439 2432
705 2 2 1 11 2432 2439 2427
706 2 2 1 11 2431 2432 2427
707 2 2 1 11 2437 2446 2438
708 2 2 1 11 2433 2446 2437
709 2 2 1 11 2430 2443 2431
710 2 2 1 11 2430 2431 2427
711 2 2 1 11 288 2430 2427
712 2 2 1 11 11 2439 303
713 2 2 1 11 2438 2446 2425
714 2 2 1 11 2427 2439 11
715 2 2 1 11 289 2430 288
716 2 2 1 11 303 2439 2424
717 2 2 1 11 301 2442 2429
718 2 2 1 11 2425 2443 290
719 2 2 1 11 300 2441 299
720 2 2 1 11 290 2443 289
721 2 2 1 11 294 2440 2428
722 2 2 1 11 302 2442 301
723 2 2 1 11 2429 2441 300
724 2 2 1 11 291 2445 2425
725 2 2 1 11 295 2440 294
726 2 2 1 11 299 2441 2426
727 2 2 1 11 2424 2442 302
728 2 2 1 11 2423 2440 295
729 2 2 1 11 2428 2444 293
730 2 2 1 11 293 2444 292
731 2 2 1 11 292 2445 291
732 2 2 1 11 2431 2446 2433
733 2 2 1 11 2438 2444 2428
734 2 2 1 11 2425 2445 2438
735 2 2 1 11 289 2443 2430
736 2 2 1 11 2438 2445 2444
737 2 2 1 11 2444 2445 292
738 2 2 1 12 2447 2466 2456
739 2 2 1 12 2456 2466 2451
740 2 2 1 12 2450 2467 2458
741 2 2 1 12 2458 2467 2453
742 2 2 1 12 2464 2466 2447
743 2 2 1 12 2455 2468 2454
744 2 2 1 12 2448 2468 2455
745 2 2 1 12 2450 2472 2467
746 2 2 1 12 2449 2469 2463
747 2 2 1 12 12 2454 319
748 2 2 1 12 2468 2469 2454
749 2 2 1 12 307 2453 306
750 2 2 1 12 315 2452 314
751 2 2 1 12 309 2450 308
752 2 2 1 12 318 2449 317
753 2 2 1 12 305 2448 304
754 2 2 1 12 313 2447 312
755 2 2 1 12 311 2451 310
756 2 2 1 12 2463 2470 2449
757 2 2 1 12 2465 2467 2466
758 2 2 1 12 2463 2469 2465
759 2 2 1 12 2465 2466 2464
760 2 2 1 12 2465 2468 2467
761 2 2 1 12 2463 2465 2464
762 2 2 1 12 2467 2472 2466
763 2 2 1 12 2454 2469 2457
764 2 2 1 12 2457 2469 2449
765 2 2 1 12 2461 2464 2447
766 2 2 1 12 2452 2464 2461
767 2 2 1 12 2463 2464 2452
768 2 2 1 12 2462 2470 2463
769 2 2 1 12 2465 2469 2468
770 2 2 1 12 2467 2471 2453
771 2 2 1 12 2462 2463 2452
772 2 2 1 12 2454 2457 319
773 2 2 1 12 304 2455 12
774 2 2 1 12 2453 2459 306
775 2 2 1 12 317 2470 316
776 2 2 1 12 2452 2461 314
777 2 2 1 12 12 2455 2454
778 2 2 1 12 308 2458 307
779 2 2 1 12 316 2462 315
780 2 2 1 12 309 2460 2450
781 2 2 1 12 306 2459 305
782 2 2 1 12 310 2460 309
783 2 2 1 12 307 2458 2453
784 2 2 1 12 318 2457 2449
785 2 2 1 12 305 2459 2448
786 2 2 1 12 2450 2458 308
787 2 2 1 12 2449 2470 317
788 2 2 1 12 314 2461 313
789 2 2 1 12 312 2456 311
790 2 2 1 12 2447 2456 312
791 2 2 1 12 311 2456 2451
792 2 2 1 12 319 2457 318
793 2 2 1 12 315 2462 2452
794 2 2 1 12 313 2461 2447
795 2 2 1 12 2451 2460 310
796 2 2 1 12 2448 2455 304
797 2 2 1 12 2468 2471 2467
798 2 2 1 12 2466 2472 2451
799 2 2 1 12 2448 2471 2468
800 2 2 1 12 316 2470 2462
801 2 2 1 12 2453 2471 2459
802 2 2 1 12 2459 2471 2448
803 2 2 1 12 2451 2472 2460
804 2 2 1 12 2460 2472 2450
805 2 2 1 13 2476 2494 2488
806 2 2 1 13 2488 2494 2477
807 2 2 1 13 2473 2492 2489
808 2 2 1 13 2489 2492 2478
809 2 2 1 13 2476 2488 2486
810 2 2 1 13 2480 2490 2483
811 2 2 1 13 2483 2490 2475
812 2 2 1 13 2489 2498 2473
813 2 2 1 13 2485 2491 2474
814 2 2 1 13 13 2480 335
815 2 2 1 13 2480 2491 2490
816 2 2 1 13 332 2478 331
817 2 2 1 13 324 2479 323
818 2 2 1 13 334 2475 333
819 2 2 1 13 326 2476 325
820 2 2 1 13 321 2474 320
821 2 2 1 13 330 2473 329
822 2 2 1 13 328 2477 327
823 2 2 1 13 2474 2495 2485
824 2 2 1 13 2488 2489 2487
825 2 2 1 13 2487 2491 2485
826 2 2 1 13 2486 2488 2487
827 2 2 1 13 2489 2490 2487
828 2 2 1 13 2486 2487 2485
829 2 2 1 13 2488 2498 2489
830 2 2 1 13 2481 2491 2480
831 2 2 1 13 2486 2496 2476
832 2 2 1 13 2479 2496 2486
833 2 2 1 13 2474 2491 2481
834 2 2 1 13 2479 2486 2485
835 2 2 1 13 2485 2495 2484
836 2 2 1 13 2490 2491 2487
837 2 2 1 13 2478 2497 2489
838 2 2 1 13 2479 2485 2484
839 2 2 1 13 2480 2483 335
840 2 2 1 13 320 2481 13
841 2 2 1 13 2478 2492 331
842 2 2 1 13 324 2496 2479
843 2 2 1 13 331 2492 330
844 2 2 1 13 323 2484 322
845 2 2 1 13 333 2482 332
846 2 2 1 13 13 2481 2480
847 2 2 1 13 332 2482 2478
848 2 2 1 13 2479 2484 323
849 2 2 1 13 334 2483 2475
850 2 2 1 13 322 2495 321
851 2 2 1 13 325 2496 324
852 2 2 1 13 2475 2482 333
853 2 2 1 13 326 2494 2476
854 2 2 1 13 329 2493 328
855 2 2 1 13 327 2494 326
856 2 2 1 13 321 2495 2474
857 2 2 1 13 2473 2493 329
858 2 2 1 13 335 2483 334
859 2 2 1 13 330 2492 2473
860 2 2 1 13 2476 2496 325
861 2 2 1 13 328 2493 2477
862 2 2 1 13 2477 2494 327
863 2 2 1 13 2474 2481 320
864 2 2 1 13 2477 2498 2488
865 2 2 1 13 2489 2497 2490
866 2 2 1 13 2490 2497 2475
867 2 2 1 13 2484 2495 322
868 2 2 1 13 2475 2497 2482
869 2 2 1 13 2482 2497 2478
870 2 2 1 13 2493 2498 2477
871 2 2 1 13 2473 2498 2493
872 2 2 1 14 2510 2518 2502
873 2 2 1 14 2500 2519 2510
874 2 2 1 14 2502 2511 2510
875 2 2 1 14 2505 2518 2510
876 2 2 1 14 2510 2519 2505
877 2 2 1 14 2504 2515 346
878 2 2 1 14 2500 2510 2508
879 2 2 1 14 346 2515 345
880 2 2 1 14 2499 2512 2511
881 2 2 1 14 341 2513 2502
882 2 2 1 14 342 2513 341
883 2 2 1 14 343 2513 342
884 2 2 1 14 2499 2513 343
885 2 2 1 14 2511 2513 2499
886 2 2 1 14 2502 2513 2511
887 2 2 1 14 2512 2515 2504
888 2 2 1 14 2507 2514 2501
889 2 2 1 14 14 2503 351
890 2 2 1 14 345 2515 344
891 2 2 1 14 344 2515 2499
892 2 2 1 14 2499 2515 2512
893 2 2 1 14 349 2501 348
894 2 2 1 14 347 2504 346
895 2 2 1 14 339 2505 338
896 2 2 1 14 341 2502 340
897 2 2 1 14 337 2500 336
898 2 2 1 14 344 2499 343
899 2 2 1 14 2511 2512 2509
900 2 2 1 14 2501 2520 2507
901 2 2 1 14 2510 2511 2509
902 2 2 1 14 2504 2514 2512
903 2 2 1 14 2508 2510 2509
904 2 2 1 14 2509 2514 2507
905 2 2 1 14 2508 2509 2507
906 2 2 1 14 2508 2516 2500
907 2 2 1 14 2503 2516 2508
908 2 2 1 14 2503 2508 2507
909 2 2 1 14 2504 2517 2514
910 2 2 1 14 2512 2514 2509
911 2 2 1 14 2507 2520 2506
912 2 2 1 14 2514 2517 2501
913 2 2 1 14 2503 2507 2506
914 2 2 1 14 2503 2506 351
915 2 2 1 14 336 2516 14
916 2 2 1 14 14 2516 2503
917 2 2 1 14 351 2506 350
918 2 2 1 14 2500 2516 336
919 2 2 1 14 2505 2519 338
920 2 2 1 14 348 2517 347
921 2 2 1 14 349 2520 2501
922 2 2 1 14 340 2518 339
923 2 2 1 14 350 2520 349
924 2 2 1 14 2501 2517 348
925 2 2 1 14 338 2519 337
926 2 2 1 14 339 2518 2505
927 2 2 1 14 347 2517 2504
928 2 2 1 14 2502 2518 340
929 2 2 1 14 337 2519 2500
930 2 2 1 14 2506 2520 350
931 2 2 1 15 2532 2539 2524
932 2 2 1 15 2522 2540 2532
933 2 2 1 15 2524 2533 2532
934 2 2 1 15 2527 2539 2532
935 2 2 1 15 2532 2540 2527
936 2 2 1 15 2522 2532 2530
937 2 2 1 15 2521 2534 359
938 2 2 1 15 2521 2535 2533
939 2 2 1 15 359 2534 358
940 2 2 1 15 2521 2538 2535
941 2 2 1 15 358 2534 357
942 2 2 1 15 357 2534 2524
943 2 2 1 15 2533 2534 2521
944 2 2 1 15 2524 2534 2533
945 2 2 1 15 2535 2538 2526
946 2 2 1 15 15 2525 367
947 2 2 1 15 365 2523 364
948 2 2 1 15 355 2527 354
949 2 2 1 15 357 2524 356
950 2 2 1 15 353 2522 352
951 2 2 1 15 362 2526 361
952 2 2 1 15 360 2521 359
953 2 2 1 15 2523 2541 2529
954 2 2 1 15 2532 2533 2531
955 2 2 1 15 2530 2532 2531
956 2 2 1 15 2530 2531 2529
957 2 2 1 15 2529 2544 2523
958 2 2 1 15 2533 2535 2531
959 2 2 1 15 2526 2536 2535
960 2 2 1 15 2530 2537 2522
961 2 2 1 15 2525 2537 2530
962 2 2 1 15 2525 2530 2529
963 2 2 1 15 2536 2544 2535
964 2 2 1 15 2535 2544 2531
965 2 2 1 15 2529 2541 2528
966 2 2 1 15 2525 2529 2528
967 2 2 1 15 2525 2528 367
968 2 2 1 15 352 2537 15
969 2 2 1 15 2523 2544 2536
970 2 2 1 15 15 2537 2525
971 2 2 1 15 367 2528 366
972 2 2 1 15 2522 2537 352
973 2 2 1 15 2527 2540 354
974 2 2 1 15 365 2541 2523
975 2 2 1 15 356 2539 355
976 2 2 1 15 366 2541 365
977 2 2 1 15 354 2540 353
978 2 2 1 15 355 2539 2527
979 2 2 1 15 2523 2543 364
980 2 2 1 15 361 2538 360
981 2 2 1 15 2524 2539 356
982 2 2 1 15 2526 2538 361
983 2 2 1 15 353 2540 2522
984 2 2 1 15 360 2538 2521
985 2 2 1 15 362 2542 2526
986 2 2 1 15 363 2542 362
987 2 2 1 15 364 2543 363
988 2 2 1 15 2531 2544 2529
989 2 2 1 15 2526 2542 2536
990 2 2 1 15 2536 2543 2523
991 2 2 1 15 2528 2541 366
992 2 2 1 15 2542 2543 2536
993 2 2 1 15 363 2543 2542
994 2 2 1 16 2545 2564 2554
995 2 2 1 16 2554 2564 2549
996 2 2 1 16 2548 2565 2557
997 2 2 1 16 2557 2565 2551
998 2 2 1 16 2562 2564 2545
999 2 2 1 16 2553 2566 2552
1000 2 2 1 16 2546 2566 2553
1001 2 2 1 16 2548 2570 2565
1002 2 2 1 16 2547 2567 2561
1003 2 2 1 16 16 2552 383
1004 2 2 1 16 2566 2567 2552
1005 2 2 1 16 371 2551 370
1006 2 2 1 16 379 2550 378
1007 2 2 1 16 373 2548 372
1008 2 2 1 16 382 2547 381
1009 2 2 1 16 369 2546 368
1010 2 2 1 16 375 2549 374
1011 2 2 1 16 377 2545 376
1012 2 2 1 16 2561 2568 2547
1013 2 2 1 16 2563 2565 2564
1014 2 2 1 16 2561 2567 2563
1015 2 2 1 16 2563 2564 2562
1016 2 2 1 16 2563 2566 2565
1017 2 2 1 16 2561 2563 2562
1018 2 2 1 16 2565 2570 2564
1019 2 2 1 16 2552 2567 2555
1020 2 2 1 16 2555 2567 2547
1021 2 2 1 16 2559 2562 2545
1022 2 2 1 16 2550 2562 2559
1023 2 2 1 16 2561 2562 2550
1024 2 2 1 16 2560 2568 2561
1025 2 2 1 16 2563 2567 2566
1026 2 2 1 16 2565 2569 2551
1027 2 2 1 16 2560 2561 2550
1028 2 2 1 16 2552 2555 383
1029 2 2 1 16 368 2553 16
1030 2 2 1 16 2551 2556 370
1031 2 2 1 16 381 2568 380
1032 2 2 1 16 16 2553 2552
1033 2 2 1 16 372 2557 371
1034 2 2 1 16 380 2560 379
1035 2 2 1 16 2550 2559 378
1036 2 2 1 16 370 2556 369
1037 2 2 1 16 373 2558 2548
1038 2 2 1 16 374 2558 373
1039 2 2 1 16 378 2559 377
1040 2 2 1 16 371 2557 2551
1041 2 2 1 16 382 2555 2547
1042 2 2 1 16 369 2556 2546
1043 2 2 1 16 2548 2557 372
1044 2 2 1 16 2547 2568 381
1045 2 2 1 16 379 2560 2550
1046 2 2 1 16 376 2554 375
1047 2 2 1 16 375 2554 2549
1048 2 2 1 16 383 2555 382
1049 2 2 1 16 2545 2554 376
1050 2 2 1 16 2549 2558 374
1051 2 2 1 16 2546 2553 368
1052 2 2 1 16 377 2559 2545
1053 2 2 1 16 2566 2569 2565
1054 2 2 1 16 2564 2570 2549
1055 2 2 1 16 2546 2569 2566
1056 2 2 1 16 380 2568 2560
1057 2 2 1 16 2551 2569 2556
1058 2 2 1 16 2556 2569 2546
1059 2 2 1 16 2549 2570 2558
1060 2 2 1 16 2558 2570 2548
1061 2 2 1 17 2580 2590 2571
1062 2 2 1 17 2575 2590 2580
1063 2 2 1 17 2582 2591 2574
1064 2 2 1 17 2577 2591 2582
1065 2 2 1 17 2571 2590 2588
1066 2 2 1 17 2578 2592 2579
1067 2 2 1 17 2579 2592 2572
1068 2 2 1 17 2591 2596 2574
1069 2 2 1 17 2587 2593 2573
1070 2 2 1 17 384 2578 17
1071 2 2 1 17 2578 2593 2592
1072 2 2 1 17 397 2577 396
1073 2 2 1 17 389 2576 388
1074 2 2 1 17 395 2574 394
1075 2 2 1 17 386 2573 385
1076 2 2 1 17 399 2572 398
1077 2 2 1 17 391 2571 390
1078 2 2 1 17 393 2575 392
1079 2 2 1 17 2573 2594 2587
1080 2 2 1 17 2590 2591 2589
1081 2 2 1 17 2589 2593 2587
1082 2 2 1 17 2588 2590 2589
1083 2 2 1 17 2591 2592 2589
1084 2 2 1 17 2588 2589 2587
1085 2 2 1 17 2590 2596 2591
1086 2 2 1 17 2581 2593 2578
1087 2 2 1 17 2573 2593 2581
1088 2 2 1 17 2571 2588 2584
1089 2 2 1 17 2584 2588 2576
1090 2 2 1 17 2576 2588 2587
1091 2 2 1 17 2587 2594 2586
1092 2 2 1 17 2592 2593 2589
1093 2 2 1 17 2577 2595 2591
1094 2 2 1 17 2576 2587 2586
1095 2 2 1 17 384 2581 2578
1096 2 2 1 17 17 2579 399
1097 2 2 1 17 397 2583 2577
1098 2 2 1 17 387 2594 386
1099 2 2 1 17 2578 2579 17
1100 2 2 1 17 396 2582 395
1101 2 2 1 17 389 2584 2576
1102 2 2 1 17 388 2586 387
1103 2 2 1 17 2574 2585 394
1104 2 2 1 17 398 2583 397
1105 2 2 1 17 390 2584 389
1106 2 2 1 17 394 2585 393
1107 2 2 1 17 2577 2582 396
1108 2 2 1 17 2573 2581 385
1109 2 2 1 17 2572 2583 398
1110 2 2 1 17 395 2582 2574
1111 2 2 1 17 386 2594 2573
1112 2 2 1 17 2576 2586 388
1113 2 2 1 17 392 2580 391
1114 2 2 1 17 391 2580 2571
1115 2 2 1 17 2575 2580 392
1116 2 2 1 17 385 2581 384
1117 2 2 1 17 2571 2584 390
1118 2 2 1 17 393 2585 2575
1119 2 2 1 17 399 2579 2572
1120 2 2 1 17 2591 2595 2592
1121 2 2 1 17 2575 2596 2590
1122 2 2 1 17 2592 2595 2572
1123 2 2 1 17 2586 2594 387
1124 2 2 1 17 2583 2595 2577
1125 2 2 1 17 2572 2595 2583
1126 2 2 1 17 2585 2596 2575
1127 2 2 1 17 2574 2596 2585
1128 2 2 1 18 2600 2614 2608
1129 2 2 1 18 2608 2615 2598
1130 2 2 1 18 2608 2609 2600
1131 2 2 1 18 2608 2614 2603
1132 2 2 1 18 2603 2615 2608
1133 2 2 1 18 2606 2608 2598
1134 2 2 1 18 408 2610 2597
1135 2 2 1 18 2609 2611 2597
1136 2 2 1 18 409 2610 408
1137 2 2 1 18 410 2610 409
1138 2 2 1 18 2611 2616 2597
1139 2 2 1 18 2600 2610 410
1140 2 2 1 18 2597 2610 2609
1141 2 2 1 18 2609 2610 2600
1142 2 2 1 18 2602 2616 2611
1143 2 2 1 18 400 2601 18
1144 2 2 1 18 403 2599 402
1145 2 2 1 18 413 2603 412
1146 2 2 1 18 411 2600 410
1147 2 2 1 18 406 2602 405
1148 2 2 1 18 415 2598 414
1149 2 2 1 18 408 2597 407
1150 2 2 1 18 2605 2617 2599
1151 2 2 1 18 2607 2609 2608
1152 2 2 1 18 2607 2608 2606
1153 2 2 1 18 2605 2607 2606
1154 2 2 1 18 2599 2620 2605
1155 2 2 1 18 2607 2611 2609
1156 2 2 1 18 2611 2612 2602
1157 2 2 1 18 2598 2613 2606
1158 2 2 1 18 2606 2613 2601
1159 2 2 1 18 2605 2606 2601
1160 2 2 1 18 2611 2620 2612
1161 2 2 1 18 2607 2620 2611
1162 2 2 1 18 2604 2617 2605
1163 2 2 1 18 2604 2605 2601
1164 2 2 1 18 400 2604 2601
1165 2 2 1 18 18 2613 415
1166 2 2 1 18 2612 2620 2599
1167 2 2 1 18 2601 2613 18
1168 2 2 1 18 401 2604 400
1169 2 2 1 18 415 2613 2598
1170 2 2 1 18 413 2615 2603
1171 2 2 1 18 2599 2617 402
1172 2 2 1 18 412 2614 411
1173 2 2 1 18 402 2617 401
1174 2 2 1 18 414 2615 413
1175 2 2 1 18 2603 2614 412
1176 2 2 1 18 406 2616 2602
1177 2 2 1 18 403 2619 2599
1178 2 2 1 18 407 2616 406
1179 2 2 1 18 411 2614 2600
1180 2 2 1 18 2598 2615 414
1181 2 2 1 18 2602 2618 405
1182 2 2 1 18 2597 2616 407
1183 2 2 1 18 405 2618 404
1184 2 2 1 18 404 2619 403
1185 2 2 1 18 2605 2620 2607
1186 2 2 1 18 2612 2618 2602
1187 2 2 1 18 2599 2619 2612
1188 2 2 1 18 401 2617 2604
1189 2 2 1 18 2612 2619 2618
1190 2 2 1 18 2618 2619 404
1191 2 2 1 19 2624 2637 2632
1192 2 2 1 19 2622 2638 2629
1193 2 2 1 19 2632 2637 2627
1194 2 2 1 19 2629 2638 2628
1195 2 2 1 19 2635 2637 2624
1196 2 2 1 19 2631 2639 2626
1197 2 2 1 19 2623 2639 2631
1198 2 2 1 19 2639 2640 2626
1199 2 2 1 19 2622 2646 2638
1200 2 2 1 19 2621 2640 2634
1201 2 2 1 19 19 2628 431
1202 2 2 1 19 419 2627 418
1203 2 2 1 19 428 2626 427
1204 2 2 1 19 430 2623 429
1205 2 2 1 19 421 2624 420
1206 2 2 1 19 417 2622 416
1207 2 2 1 19 423 2625 422
1208 2 2 1 19 426 2621 425
1209 2 2 1 19 2634 2641 2621
1210 2 2 1 19 2636 2638 2637
1211 2 2 1 19 2634 2640 2636
1212 2 2 1 19 2636 2637 2635
1213 2 2 1 19 2636 2639 2638
1214 2 2 1 19 2634 2636 2635
1215 2 2 1 19 2640 2644 2626
1216 2 2 1 19 2638 2646 2637
1217 2 2 1 19 2621 2644 2640
1218 2 2 1 19 2635 2642 2625
1219 2 2 1 19 2624 2642 2635
1220 2 2 1 19 2633 2641 2634
1221 2 2 1 19 2636 2640 2639
1222 2 2 1 19 2634 2635 2625
1223 2 2 1 19 2638 2645 2628
1224 2 2 1 19 2633 2634 2625
1225 2 2 1 19 2628 2630 431
1226 2 2 1 19 416 2629 19
1227 2 2 1 19 2627 2643 418
1228 2 2 1 19 2626 2644 427
1229 2 2 1 19 421 2642 2624
1230 2 2 1 19 429 2631 428
1231 2 2 1 19 420 2632 419
1232 2 2 1 19 19 2629 2628
1233 2 2 1 19 427 2644 426
1234 2 2 1 19 418 2643 417
1235 2 2 1 19 419 2632 2627
1236 2 2 1 19 422 2642 421
1237 2 2 1 19 430 2630 2623
1238 2 2 1 19 428 2631 2626
1239 2 2 1 19 2624 2632 420
1240 2 2 1 19 2623 2631 429
1241 2 2 1 19 425 2641 424
1242 2 2 1 19 424 2633 423
1243 2 2 1 19 423 2633 2625
1244 2 2 1 19 417 2643 2622
1245 2 2 1 19 431 2630 430
1246 2 2 1 19 2625 2642 422
1247 2 2 1 19 2621 2641 425
1248 2 2 1 19 2622 2629 416
1249 2 2 1 19 426 2644 2621
1250 2 2 1 19 2639 2645 2638
1251 2 2 1 19 2637 2646 2627
1252 2 2 1 19 2623 2645 2639
1253 2 2 1 19 424 2641 2633
1254 2 2 1 19 2628 2645 2630
1255 2 2 1 19 2630 2645 2623
1256 2 2 1 19 2627 2646 2643
1257 2 2 1 19 2643 2646 2622
1258 2 2 1 20 2658 2666 2650
1259 2 2 1 20 2648 2667 2658
1260 2 2 1 20 2650 2659 2658
1261 2 2 1 20 2653 2666 2658
1262 2 2 1 20 2658 2667 2653
1263 2 2 1 20 2652 2663 442
1264 2 2 1 20 2648 2658 2656
1265 2 2 1 20 442 2663 441
1266 2 2 1 20 2647 2660 2659
1267 2 2 1 20 437 2661 2650
1268 2 2 1 20 438 2661 437
1269 2 2 1 20 439 2661 438
1270 2 2 1 20 2647 2661 439
1271 2 2 1 20 2659 2661 2647
1272 2 2 1 20 2650 2661 2659
1273 2 2 1 20 2660 2663 2652
1274 2 2 1 20 2655 2662 2649
1275 2 2 1 20 20 2651 447
1276 2 2 1 20 441 2663 440
1277 2 2 1 20 440 2663 2647
1278 2 2 1 20 2647 2663 2660
1279 2 2 1 20 445 2649 444
1280 2 2 1 20 443 2652 442
1281 2 2 1 20 435 2653 434
1282 2 2 1 20 437 2650 436
1283 2 2 1 20 433 2648 432
1284 2 2 1 20 440 2647 439
1285 2 2 1 20 2659 2660 2657
1286 2 2 1 20 2649 2668 2655
1287 2 2 1 20 2658 2659 2657
1288 2 2 1 20 2652 2662 2660
1289 2 2 1 20 2656 2658 2657
1290 2 2 1 20 2657 2662 2655
1291 2 2 1 20 2656 2657 2655
1292 2 2 1 20 2656 2664 2648
1293 2 2 1 20 2651 2664 2656
1294 2 2 1 20 2651 2656 2655
1295 2 2 1 20 2652 2665 2662
1296 2 2 1 20 2660 2662 2657
1297 2 2 1 20 2655 2668 2654
1298 2 2 1 20 2662 2665 2649
1299 2 2 1 20 2651 2655 2654
1300 2 2 1 20 2651 2654 447
1301 2 2 1 20 432 2664 20
1302 2 2 1 20 20 2664 2651
1303 2 2 1 20 447 2654 446
1304 2 2 1 20 2648 2664 432
1305 2 2 1 20 2653 2667 434
1306 2 2 1 20 444 2665 443
1307 2 2 1 20 445 2668 2649
1308 2 2 1 20 436 2666 435
1309 2 2 1 20 446 2668 445
1310 2 2 1 20 2649 2665 444
1311 2 2 1 20 434 2667 433
1312 2 2 1 20 435 2666 2653
1313 2 2 1 20 443 2665 2652
1314 2 2 1 20 2650 2666 436
1315 2 2 1 20 433 2667 2648
1316 2 2 1 20 2654 2668 446
1317 2 2 1 21 2680 2688 2672
1318 2 2 1 21 2670 2689 2680
1319 2 2 1 21 2672 2681 2680
1320 2 2 1 21 2675 2688 2680
1321 2 2 1 21 2680 2689 2675
1322 2 2 1 21 2674 2685 458
1323 2 2 1 21 2670 2680 2678
1324 2 2 1 21 458 2685 457
1325 2 2 1 21 2669 2682 2681
1326 2 2 1 21 453 2683 2672
1327 2 2 1 21 454 2683 453
1328 2 2 1 21 455 2683 454
1329 2 2 1 21 2669 2683 455
1330 2 2 1 21 2681 2683 2669
1331 2 2 1 21 2672 2683 2681
1332 2 2 1 21 2682 2685 2674
1333 2 2 1 21 2677 2684 2671
1334 2 2 1 21 21 2673 463
1335 2 2 1 21 457 2685 456
1336 2 2 1 21 456 2685 2669
1337 2 2 1 21 2669 2685 2682
1338 2 2 1 21 461 2671 460
1339 2 2 1 21 459 2674 458
1340 2 2 1 21 451 2675 450
1341 2 2 1 21 453 2672 452
1342 2 2 1 21 449 2670 448
1343 2 2 1 21 456 2669 455
1344 2 2 1 21 2681 2682 2679
1345 2 2 1 21 2671 2690 2677
1346 2 2 1 21 2680 2681 2679
1347 2 2 1 21 2674 2684 2682
1348 2 2 1 21 2678 2680 2679
1349 2 2 1 21 2679 2684 2677
1350 2 2 1 21 2678 2679 2677
1351 2 2 1 21 2678 2686 2670
1352 2 2 1 21 2673 2686 2678
1353 2 2 1 21 2673 2678 2677
1354 2 2 1 21 2674 2687 2684
1355 2 2 1 21 2682 2684 2679
1356 2 2 1 21 2677 2690 2676
1357 2 2 1 21 2684 2687 2671
1358 2 2 1 21 2673 2677 2676
1359 2 2 1 21 2673 2676 463
1360 2 2 1 21 448 2686 21
1361 2 2 1 21 21 2686 2673
1362 2 2 1 21 463 2676 462
1363 2 2 1 21 2670 2686 448
1364 2 2 1 21 2675 2689 450
1365 2 2 1 21 460 2687 459
1366 2 2 1 21 461 2690 2671
1367 2 2 1 21 452 2688 451
1368 2 2 1 21 462 2690 461
1369 2 2 1 21 2671 2687 460
1370 2 2 1 21 450 2689 449
1371 2 2 1 21 451 2688 2675
1372 2 2 1 21 459 2687 2674
1373 2 2 1 21 2672 2688 452
1374 2 2 1 21 449 2689 2670
1375 2 2 1 21 2676 2690 462
1376 2 2 1 22 2691 2710 2700
1377 2 2 1 22 2700 2710 2695
1378 2 2 1 22 2694 2711 2701
1379 2 2 1 22 2701 2711 2697
1380 2 2 1 22 2708 2710 2691
1381 2 2 1 22 2699 2712 2698
1382 2 2 1 22 2692 2712 2699
1383 2 2 1 22 2694 2716 2711
1384 2 2 1 22 2693 2713 2707
1385 2 2 1 22 22 2698 479
1386 2 2 1 22 2712 2713 2698
1387 2 2 1 22 467 2697 466
1388 2 2 1 22 475 2696 474
1389 2 2 1 22 469 2694 468
1390 2 2 1 22 478 2693 477
1391 2 2 1 22 465 2692 464
1392 2 2 1 22 473 2691 472
1393 2 2 1 22 471 2695 470
1394 2 2 1 22 2707 2714 2693
1395 2 2 1 22 2709 2711 2710
1396 2 2 1 22 2707 2713 2709
1397 2 2 1 22 2709 2710 2708
1398 2 2 1 22 2709 2712 2711
1399 2 2 1 22 2707 2709 2708
1400 2 2 1 22 2711 2716 2710
1401 2 2 1 22 2698 2713 2702
1402 2 2 1 22 2702 2713 2693
1403 2 2 1 22 2704 2708 2691
1404 2 2 1 22 2696 2708 2704
1405 2 2 1 22 2707 2708 2696
1406 2 2 1 22 2706 2714 2707
1407 2 2 1 22 2709 2713 2712
1408 2 2 1 22 2711 2715 2697
1409 2 2 1 22 2706 2707 2696
1410 2 2 1 22 2698 2702 479
1411 2 2 1 22 464 2699 22
1412 2 2 1 22 2697 2703 466
1413 2 2 1 22 2696 2704 474
1414 2 2 1 22 477 2714 476
1415 2 2 1 22 22 2699 2698
1416 2 2 1 22 468 2701 467
1417 2 2 1 22 469 2705 2694
1418 2 2 1 22 476 2706 475
1419 2 2 1 22 466 2703 465
1420 2 2 1 22 470 2705 469
1421 2 2 1 22 467 2701 2697
1422 2 2 1 22 465 2703 2692
1423 2 2 1 22 478 2702 2693
1424 2 2 1 22 2694 2701 468
1425 2 2 1 22 474 2704 473
1426 2 2 1 22 2693 2714 477
1427 2 2 1 22 2691 2700 472
1428 2 2 1 22 472 2700 471
1429 2 2 1 22 471 2700 2695
1430 2 2 1 22 479 2702 478
1431 2 2 1 22 475 2706 2696
1432 2 2 1 22 473 2704 2691
1433 2 2 1 22 2695 2705 470
1434 2 2 1 22 2692 2699 464
1435 2 2 1 22 2712 2715 2711
1436 2 2 1 22 2710 2716 2695
1437 2 2 1 22 2692 2715 2712
1438 2 2 1 22 476 2714 2706
1439 2 2 1 22 2697 2715 2703
1440 2 2 1 22 2703 2715 2692
1441 2 2 1 22 2695 2716 2705
1442 2 2 1 22 2705 2716 2694
1443 2 2 1 23 2720 2734 2728
1444 2 2 1 23 2728 2735 2718
1445 2 2 1 23 2728 2729 2720
1446 2 2 1 23 2728 2734 2723
1447 2 2 1 23 2723 2735 2728
1448 2 2 1 23 2726 2728 2718
1449 2 2 1 23 488 2730 2717
1450 2 2 1 23 2729 2731 2717
1451 2 2 1 23 489 2730 488
1452 2 2 1 23 490 2730 489
1453 2 2 1 23 2731 2736 2717
1454 2 2 1 23 2720 2730 490
1455 2 2 1 23 2717 2730 2729
1456 2 2 1 23 2729 2730 2720
1457 2 2 1 23 2722 2736 2731
1458 2 2 1 23 480 2721 23
1459 2 2 1 23 483 2719 482
1460 2 2 1 23 493 2723 492
1461 2 2 1 23 491 2720 490
1462 2 2 1 23 486 2722 485
1463 2 2 1 23 495 2718 494
1464 2 2 1 23 488 2717 487
1465 2 2 1 23 2725 2737 2719
1466 2 2 1 23 2727 2729 2728
1467 2 2 1 23 2727 2728 2726
1468 2 2 1 23 2725 2727 2726
1469 2 2 1 23 2719 2740 2725
1470 2 2 1 23 2727 2731 2729
1471 2 2 1 23 2731 2732 2722
1472 2 2 1 23 2718 2733 2726
1473 2 2 1 23 2726 2733 2721
1474 2 2 1 23 2725 2726 2721
1475 2 2 1 23 2731 2740 2732
1476 2 2 1 23 2724 2737 2725
1477 2 2 1 23 2727 2740 2731
1478 2 2 1 23 2724 2725 2721
1479 2 2 1 23 480 2724 2721
1480 2 2 1 23 23 2733 495
1481 2 2 1 23 2732 2740 2719
1482 2 2 1 23 2721 2733 23
1483 2 2 1 23 481 2724 480
1484 2 2 1 23 495 2733 2718
1485 2 2 1 23 493 2735 2723
1486 2 2 1 23 2719 2737 482
1487 2 2 1 23 492 2734 491
1488 2 2 1 23 482 2737 481
1489 2 2 1 23 494 2735 493
1490 2 2 1 23 2723 2734 492
1491 2 2 1 23 483 2739 2719
1492 2 2 1 23 486 2736 2722
1493 2 2 1 23 487 2736 486
1494 2 2 1 23 491 2734 2720
1495 2 2 1 23 2718 2735 494
1496 2 2 1 23 2722 2738 485
1497 2 2 1 23 2717 2736 487
1498 2 2 1 23 485 2738 484
1499 2 2 1 23 484 2739 483
1500 2 2 1 23 2725 2740 2727
1501 2 2 1 23 2732 2738 2722
1502 2 2 1 23 2719 2739 2732
1503 2 2 1 23 481 2737 2724
1504 2 2 1 23 2732 2739 2738
1505 2 2 1 23 2738 2739 484
1506 2 2 1 24 2744 2758 2752
1507 2 2 1 24 2752 2759 2742
1508 2 2 1 24 2752 2753 2744
1509 2 2 1 24 2752 2758 2747
1510 2 2 1 24 2747 2759 2752
1511 2 2 1 24 2750 2752 2742
1512 2 2 1 24 504 2754 2741
1513 2 2 1 24 2753 2755 2741
1514 2 2 1 24 505 2754 504
1515 2 2 1 24 506 2754 505
1516 2 2 1 24 2755 2760 2741
1517 2 2 1 24 2744 2754 506
1518 2 2 1 24 2741 2754 2753
1519 2 2 1 24 2753 2754 2744
1520 2 2 1 24 2746 2760 2755
1521 2 2 1 24 496 2745 24
1522 2 2 1 24 499 2743 498
1523 2 2 1 24 509 2747 508
1524 2 2 1 24 507 2744 506
1525 2 2 1 24 502 2746 501
1526 2 2 1 24 511 2742 510
1527 2 2 1 24 504 2741 503
1528 2 2 1 24 2749 2761 2743
1529 2 2 1 24 2751 2753 2752
1530 2 2 1 24 2751 2752 2750
1531 2 2 1 24 2749 2751 2750
1532 2 2 1 24 2743 2764 2749
1533 2 2 1 24 2751 2755 2753
1534 2 2 1 24 2755 2756 2746
1535 2 2 1 24 2742 2757 2750
1536 2 2 1 24 2750 2757 2745
1537 2 2 1 24 2749 2750 2745
1538 2 2 1 24 2755 2764 2756
1539 2 2 1 24 2748 2761 2749
1540 2 2 1 24 2751 2764 2755
1541 2 2 1 24 2748 2749 2745
1542 2 2 1 24 496 2748 2745
1543 2 2 1 24 24 2757 511
1544 2 2 1 24 2756 2764 2743
1545 2 2 1 24 2745 2757 24
1546 2 2 1 24 497 2748 496
1547 2 2 1 24 511 2757 2742
1548 2 2 1 24 509 2759 2747
1549 2 2 1 24 2743 2761 498
1550 2 2 1 24 508 2758 507
1551 2 2 1 24 498 2761 497
1552 2 2 1 24 510 2759 509
1553 2 2 1 24 2747 2758 508
1554 2 2 1 24 499 2763 2743
1555 2 2 1 24 502 2760 2746
1556 2 2 1 24 503 2760 502
1557 2 2 1 24 507 2758 2744
1558 2 2 1 24 2742 2759 510
1559 2 2 1 24 2746 2762 501
1560 2 2 1 24 2741 2760 503
1561 2 2 1 24 501 2762 500
1562 2 2 1 24 500 2763 499
1563 2 2 1 24 2749 2764 2751
1564 2 2 1 24 2756 2762 2746
1565 2 2 1 24 2743 2763 2756
1566 2 2 1 24 497 2761 2748
1567 2 2 1 24 2756 2763 2762
1568 2 2 1 24 2762 2763 500
1569 2 2 1 25 2768 2782 2776
1570 2 2 1 25 2776 2783 2766
1571 2 2 1 25 2776 2777 2768
1572 2 2 1 25 2776 2782 2771
1573 2 2 1 25 2771 2783 2776
1574 2 2 1 25 2774 2776 2766
1575 2 2 1 25 520 2778 2765
1576 2 2 1 25 2777 2779 2765
1577 2 2 1 25 521 2778 520
1578 2 2 1 25 522 2778 521
1579 2 2 1 25 2779 2784 2765
1580 2 2 1 25 2768 2778 522
1581 2 2 1 25 2765 2778 2777
1582 2 2 1 25 2777 2778 2768
1583 2 2 1 25 2770 2784 2779
1584 2 2 1 25 512 2769 25
1585 2 2 1 25 515 2767 514
1586 2 2 1 25 525 2771 524
1587 2 2 1 25 523 2768 522
1588 2 2 1 25 518 2770 517
1589 2 2 1 25 527 2766 526
1590 2 2 1 25 520 2765 519
1591 2 2 1 25 2773 2785 2767
1592 2 2 1 25 2775 2777 2776
1593 2 2 1 25 2775 2776 2774
1594 2 2 1 25 2773 2775 2774
1595 2 2 1 25 2767 2788 2773
1596 2 2 1 25 2775 2779 2777
1597 2 2 1 25 2779 2780 2770
1598 2 2 1 25 2766 2781 2774
1599 2 2 1 25 2774 2781 2769
1600 2 2 1 25 2773 2774 2769
1601 2 2 1 25 2779 2788 2780
1602 2 2 1 25 2772 2785 2773
1603 2 2 1 25 2775 2788 2779
1604 2 2 1 25 2772 2773 2769
1605 2 2 1 25 512 2772 2769
1606 2 2 1 25 25 2781 527
1607 2 2 1 25 2780 2788 2767
1608 2 2 1 25 2769 2781 25
1609 2 2 1 25 513 2772 512
1610 2 2 1 25 527 2781 2766
1611 2 2 1 25 525 2783 2771
1612 2 2 1 25 2767 2785 514
1613 2 2 1 25 524 2782 523
1614 2 2 1 25 514 2785 513
1615 2 2 1 25 526 2783 525
1616 2 2 1 25 2771 2782 524
1617 2 2 1 25 515 2787 2767
1618 2 2 1 25 518 2784 2770
1619 2 2 1 25 519 2784 518
1620 2 2 1 25 523 2782 2768
1621 2 2 1 25 2766 2783 526
1622 2 2 1 25 2770 2786 517
1623 2 2 1 25 2765 2784 519
1624 2 2 1 25 517 2786 516
1625 2 2 1 25 516 2787 515
1626 2 2 1 25 2773 2788 2775
1627 2 2 1 25 2780 2786 2770
1628 2 2 1 25 2767 2787 2780
1629 2 2 1 25 513 2785 2772
1630 2 2 1 25 2780 2787 2786
1631 2 2 1 25 2786 2787 516
1632 2 2 1 26 2797 2807 2796
1633 2 2 1 26 2801 2808 2795
1634 2 2 1 26 2792 2808 2801
1635 2 2 1 26 2789 2809 2798
1636 2 2 1 26 2790 2807 2797
1637 2 2 1 26 2798 2809 2793
1638 2 2 1 26 2796 2807 2805
1639 2 2 1 26 2789 2810 2809
1640 2 2 1 26 2804 2810 2794
1641 2 2 1 26 26 2796 543
1642 2 2 1 26 531 2795 530
1643 2 2 1 26 539 2794 538
1644 2 2 1 26 2808 2814 2795
1645 2 2 1 26 2806 2810 2804
1646 2 2 1 26 533 2792 532
1647 2 2 1 26 542 2791 541
1648 2 2 1 26 529 2790 528
1649 2 2 1 26 535 2793 534
1650 2 2 1 26 537 2789 536
1651 2 2 1 26 2794 2811 2804
1652 2 2 1 26 2807 2808 2806
1653 2 2 1 26 2805 2807 2806
1654 2 2 1 26 2808 2809 2806
1655 2 2 1 26 2805 2806 2804
1656 2 2 1 26 2792 2813 2808
1657 2 2 1 26 2809 2810 2806
1658 2 2 1 26 2789 2812 2810
1659 2 2 1 26 2810 2812 2794
1660 2 2 1 26 2807 2814 2808
1661 2 2 1 26 2799 2805 2791
1662 2 2 1 26 2804 2811 2803
1663 2 2 1 26 2796 2805 2799
1664 2 2 1 26 2791 2805 2804
1665 2 2 1 26 2791 2804 2803
1666 2 2 1 26 2796 2799 543
1667 2 2 1 26 528 2797 26
1668 2 2 1 26 2795 2800 530
1669 2 2 1 26 540 2811 539
1670 2 2 1 26 26 2797 2796
1671 2 2 1 26 532 2801 531
1672 2 2 1 26 2794 2812 538
1673 2 2 1 26 541 2803 540
1674 2 2 1 26 530 2800 529
1675 2 2 1 26 533 2802 2792
1676 2 2 1 26 534 2802 533
1677 2 2 1 26 531 2801 2795
1678 2 2 1 26 542 2799 2791
1679 2 2 1 26 529 2800 2790
1680 2 2 1 26 2792 2801 532
1681 2 2 1 26 538 2812 537
1682 2 2 1 26 536 2798 535
1683 2 2 1 26 2791 2803 541
1684 2 2 1 26 539 2811 2794
1685 2 2 1 26 543 2799 542
1686 2 2 1 26 535 2798 2793
1687 2 2 1 26 2789 2798 536
1688 2 2 1 26 2790 2797 528
1689 2 2 1 26 2793 2802 534
1690 2 2 1 26 537 2812 2789
1691 2 2 1 26 2808 2813 2809
1692 2 2 1 26 2790 2814 2807
1693 2 2 1 26 2809 2813 2793
1694 2 2 1 26 2803 2811 540
1695 2 2 1 26 2793 2813 2802
1696 2 2 1 26 2802 2813 2792
1697 2 2 1 26 2800 2814 2790
1698 2 2 1 26 2795 2814 2800
1699 2 2 1 27 2826 2834 2818
1700 2 2 1 27 2816 2835 2826
1701 2 2 1 27 2818 2827 2826
1702 2 2 1 27 2821 2834 2826
1703 2 2 1 27 2826 2835 2821
1704 2 2 1 27 2820 2831 554
1705 2 2 1 27 2816 2826 2824
1706 2 2 1 27 554 2831 553
1707 2 2 1 27 2815 2828 2827
1708 2 2 1 27 549 2829 2818
1709 2 2 1 27 550 2829 549
1710 2 2 1 27 551 2829 550
1711 2 2 1 27 2815 2829 551
1712 2 2 1 27 2827 2829 2815
1713 2 2 1 27 2818 2829 2827
1714 2 2 1 27 2828 2831 2820
1715 2 2 1 27 2823 2830 2817
1716 2 2 1 27 27 2819 559
1717 2 2 1 27 553 2831 552
1718 2 2 1 27 552 2831 2815
1719 2 2 1 27 2815 2831 2828
1720 2 2 1 27 557 2817 556
1721 2 2 1 27 555 2820 554
1722 2 2 1 27 547 2821 546
1723 2 2 1 27 549 2818 548
1724 2 2 1 27 545 2816 544
1725 2 2 1 27 552 2815 551
1726 2 2 1 27 2827 2828 2825
1727 2 2 1 27 2817 2836 2823
1728 2 2 1 27 2826 2827 2825
1729 2 2 1 27 2820 2830 2828
1730 2 2 1 27 2824 2826 2825
1731 2 2 1 27 2825 2830 2823
1732 2 2 1 27 2824 2825 2823
1733 2 2 1 27 2824 2832 2816
1734 2 2 1 27 2819 2832 2824
1735 2 2 1 27 2819 2824 2823
1736 2 2 1 27 2820 2833 2830
1737 2 2 1 27 2828 2830 2825
1738 2 2 1 27 2823 2836 2822
1739 2 2 1 27 2830 2833 2817
1740 2 2 1 27 2819 2823 2822
1741 2 2 1 27 2819 2822 559
1742 2 2 1 27 544 2832 27
1743 2 2 1 27 27 2832 2819
1744 2 2 1 27 559 2822 558
1745 2 2 1 27 2816 2832 544
1746 2 2 1 27 2821 2835 546
1747 2 2 1 27 556 2833 555
1748 2 2 1 27 557 2836 2817
1749 2 2 1 27 548 2834 547
1750 2 2 1 27 558 2836 557
1751 2 2 1 27 2817 2833 556
1752 2 2 1 27 546 2835 545
1753 2 2 1 27 547 2834 2821
1754 2 2 1 27 555 2833 2820
1755 2 2 1 27 2818 2834 548
1756 2 2 1 27 545 2835 2816
1757 2 2 1 27 2822 2836 558
1758 2 2 1 28 2837 2856 2846
1759 2 2 1 28 2846 2856 2841
1760 2 2 1 28 2840 2857 2848
1761 2 2 1 28 2848 2857 2843
1762 2 2 1 28 2854 2856 2837
1763 2 2 1 28 2845 2858 2844
1764 2 2 1 28 2838 2858 2845
1765 2 2 1 28 2840 2862 2857
1766 2 2 1 28 2839 2859 2853
1767 2 2 1 28 28 2844 575
1768 2 2 1 28 2858 2859 2844
1769 2 2 1 28 563 2843 562
1770 2 2 1 28 571 2842 570
1771 2 2 1 28 565 2840 564
1772 2 2 1 28 574 2839 573
1773 2 2 1 28 561 2838 560
1774 2 2 1 28 569 2837 568
1775 2 2 1 28 567 2841 566
1776 2 2 1 28 2853 2860 2839
1777 2 2 1 28 2855 2857 2856
1778 2 2 1 28 2853 2859 2855
1779 2 2 1 28 2855 2856 2854
1780 2 2 1 28 2855 2858 2857
1781 2 2 1 28 2853 2855 2854
1782 2 2 1 28 2857 2862 2856
1783 2 2 1 28 2844 2859 2849
1784 2 2 1 28 2849 2859 2839
1785 2 2 1 28 2847 2854 2837
1786 2 2 1 28 2842 2854 2847
1787 2 2 1 28 2853 2854 2842
1788 2 2 1 28 2852 2860 2853
1789 2 2 1 28 2855 2859 2858
1790 2 2 1 28 2857 2861 2843
1791 2 2 1 28 2852 2853 2842
1792 2 2 1 28 2844 2849 575
1793 2 2 1 28 560 2845 28
1794 2 2 1 28 2843 2851 562
1795 2 2 1 28 2842 2847 570
1796 2 2 1 28 573 2860 572
1797 2 2 1 28 28 2845 2844
1798 2 2 1 28 564 2848 563
1799 2 2 1 28 565 2850 2840
1800 2 2 1 28 572 2852 571
1801 2 2 1 28 562 2851 561
1802 2 2 1 28 566 2850 565
1803 2 2 1 28 563 2848 2843
1804 2 2 1 28 2837 2846 568
1805 2 2 1 28 561 2851 2838
1806 2 2 1 28 2840 2848 564
1807 2 2 1 28 574 2849 2839
1808 2 2 1 28 570 2847 569
1809 2 2 1 28 2839 2860 573
1810 2 2 1 28 568 2846 567
1811 2 2 1 28 567 2846 2841
1812 2 2 1 28 569 2847 2837
1813 2 2 1 28 571 2852 2842
1814 2 2 1 28 575 2849 574
1815 2 2 1 28 2841 2850 566
1816 2 2 1 28 2838 2845 560
1817 2 2 1 28 2858 2861 2857
1818 2 2 1 28 2856 2862 2841
1819 2 2 1 28 2838 2861 2858
1820 2 2 1 28 572 2860 2852
1821 2 2 1 28 2843 2861 2851
1822 2 2 1 28 2851 2861 2838
1823 2 2 1 28 2841 2862 2850
1824 2 2 1 28 2850 2862 2840
1825 2 2 1 29 2874 2880 2866
1826 2 2 1 29 2864 2882 2874
1827 2 2 1 29 2866 2875 2874
1828 2 2 1 29 2869 2880 2874
1829 2 2 1 29 2874 2882 2869
1830 2 2 1 29 2864 2874 2872
1831 2 2 1 29 2863 2876 583
1832 2 2 1 29 2863 2877 2875
1833 2 2 1 29 583 2876 582
1834 2 2 1 29 582 2876 581
1835 2 2 1 29 2863 2881 2877
1836 2 2 1 29 581 2876 2866
1837 2 2 1 29 2875 2876 2863
1838 2 2 1 29 2866 2876 2875
1839 2 2 1 29 2877 2881 2868
1840 2 2 1 29 29 2867 591
1841 2 2 1 29 589 2865 588
1842 2 2 1 29 579 2869 578
1843 2 2 1 29 581 2866 580
1844 2 2 1 29 577 2864 576
1845 2 2 1 29 586 2868 585
1846 2 2 1 29 584 2863 583
1847 2 2 1 29 2865 2883 2871
1848 2 2 1 29 2874 2875 2873
1849 2 2 1 29 2872 2874 2873
1850 2 2 1 29 2872 2873 2871
1851 2 2 1 29 2871 2886 2865
1852 2 2 1 29 2875 2877 2873
1853 2 2 1 29 2868 2878 2877
1854 2 2 1 29 2872 2879 2864
1855 2 2 1 29 2867 2879 2872
1856 2 2 1 29 2867 2872 2871
1857 2 2 1 29 2878 2886 2877
1858 2 2 1 29 2877 2886 2873
1859 2 2 1 29 2871 2883 2870
1860 2 2 1 29 2867 2871 2870
1861 2 2 1 29 2867 2870 591
1862 2 2 1 29 576 2879 29
1863 2 2 1 29 2865 2886 2878
1864 2 2 1 29 29 2879 2867
1865 2 2 1 29 591 2870 590
1866 2 2 1 29 2864 2879 576
1867 2 2 1 29 2869 2882 578
1868 2 2 1 29 589 2883 2865
1869 2 2 1 29 580 2880 579
1870 2 2 1 29 590 2883 589
1871 2 2 1 29 578 2882 577
1872 2 2 1 29 579 2880 2869
1873 2 2 1 29 2865 2885 588
1874 2 2 1 29 585 2881 584
1875 2 2 1 29 2866 2880 580
1876 2 2 1 29 577 2882 2864
1877 2 2 1 29 2868 2881 585
1878 2 2 1 29 586 2884 2868
1879 2 2 1 29 584 2881 2863
1880 2 2 1 29 587 2884 586
1881 2 2 1 29 588 2885 587
1882 2 2 1 29 2873 2886 2871
1883 2 2 1 29 2868 2884 2878
1884 2 2 1 29 2878 2885 2865
1885 2 2 1 29 2870 2883 590
1886 2 2 1 29 2884 2885 2878
1887 2 2 1 29 587 2885 2884
1888 2 2 1 30 2890 2905 2898
1889 2 2 1 30 2898 2906 2888
1890 2 2 1 30 2898 2899 2890
1891 2 2 1 30 2898 2905 2893
1892 2 2 1 30 2893 2906 2898
1893 2 2 1 30 2896 2898 2888
1894 2 2 1 30 600 2900 2887
1895 2 2 1 30 2899 2901 2887
1896 2 2 1 30 601 2900 600
1897 2 2 1 30 2901 2904 2887
1898 2 2 1 30 602 2900 601
1899 2 2 1 30 2890 2900 602
1900 2 2 1 30 2887 2900 2899
1901 2 2 1 30 2899 2900 2890
1902 2 2 1 30 2892 2904 2901
1903 2 2 1 30 592 2891 30
1904 2 2 1 30 595 2889 594
1905 2 2 1 30 605 2893 604
1906 2 2 1 30 603 2890 602
1907 2 2 1 30 598 2892 597
1908 2 2 1 30 607 2888 606
1909 2 2 1 30 600 2887 599
1910 2 2 1 30 2895 2907 2889
1911 2 2 1 30 2897 2899 2898
1912 2 2 1 30 2897 2898 2896
1913 2 2 1 30 2895 2897 2896
1914 2 2 1 30 2889 2910 2895
1915 2 2 1 30 2897 2901 2899
1916 2 2 1 30 2901 2902 2892
1917 2 2 1 30 2888 2903 2896
1918 2 2 1 30 2896 2903 2891
1919 2 2 1 30 2895 2896 2891
1920 2 2 1 30 2901 2910 2902
1921 2 2 1 30 2897 2910 2901
1922 2 2 1 30 2894 2907 2895
1923 2 2 1 30 2894 2895 2891
1924 2 2 1 30 592 2894 2891
1925 2 2 1 30 30 2903 607
1926 2 2 1 30 2902 2910 2889
1927 2 2 1 30 2891 2903 30
1928 2 2 1 30 593 2894 592
1929 2 2 1 30 607 2903 2888
1930 2 2 1 30 605 2906 2893
1931 2 2 1 30 2889 2907 594
1932 2 2 1 30 604 2905 603
1933 2 2 1 30 594 2907 593
1934 2 2 1 30 598 2904 2892
1935 2 2 1 30 606 2906 605
1936 2 2 1 30 2893 2905 604
1937 2 2 1 30 595 2909 2889
1938 2 2 1 30 599 2904 598
1939 2 2 1 30 603 2905 2890
1940 2 2 1 30 2888 2906 606
1941 2 2 1 30 2887 2904 599
1942 2 2 1 30 2892 2908 597
1943 2 2 1 30 597 2908 596
1944 2 2 1 30 596 2909 595
1945 2 2 1 30 2895 2910 2897
1946 2 2 1 30 2902 2908 2892
1947 2 2 1 30 2889 2909 2902
1948 2 2 1 30 593 2907 2894
1949 2 2 1 30 2902 2909 2908
1950 2 2 1 30 2908 2909 596
1951 2 2 1 31 2914 2928 2922
1952 2 2 1 31 2922 2929 2912
1953 2 2 1 31 2922 2923 2914
1954 2 2 1 31 2922 2928 2917
1955 2 2 1 31 2917 2929 2922
1956 2 2 1 31 2920 2922 2912
1957 2 2 1 31 616 2924 2911
1958 2 2 1 31 2923 2925 2911
1959 2 2 1 31 617 2924 616
1960 2 2 1 31 618 2924 617
1961 2 2 1 31 2925 2930 2911
1962 2 2 1 31 2914 2924 618
1963 2 2 1 31 2911 2924 2923
1964 2 2 1 31 2923 2924 2914
1965 2 2 1 31 2916 2930 2925
1966 2 2 1 31 608 2915 31
1967 2 2 1 31 611 2913 610
1968 2 2 1 31 621 2917 620
1969 2 2 1 31 619 2914 618
1970 2 2 1 31 614 2916 613
1971 2 2 1 31 623 2912 622
1972 2 2 1 31 616 2911 615
1973 2 2 1 31 2919 2931 2913
1974 2 2 1 31 2921 2923 2922
1975 2 2 1 31 2921 2922 2920
1976 2 2 1 31 2919 2921 2920
1977 2 2 1 31 2913 2934 2919
1978 2 2 1 31 2921 2925 2923
1979 2 2 1 31 2925 2926 2916
1980 2 2 1 31 2912 2927 2920
1981 2 2 1 31 2920 2927 2915
1982 2 2 1 31 2919 2920 2915
1983 2 2 1 31 2925 2934 2926
1984 2 2 1 31 2918 2931 2919
1985 2 2 1 31 2921 2934 2925
1986 2 2 1 31 2918 2919 2915
1987 2 2 1 31 608 2918 2915
1988 2 2 1 31 31 2927 623
1989 2 2 1 31 2926 2934 2913
1990 2 2 1 31 2915 2927 31
1991 2 2 1 31 609 2918 608
1992 2 2 1 31 623 2927 2912
1993 2 2 1 31 621 2929 2917
1994 2 2 1 31 2913 2931 610
1995 2 2 1 31 620 2928 619
1996 2 2 1 31 610 2931 609
1997 2 2 1 31 622 2929 621
1998 2 2 1 31 2917 2928 620
1999 2 2 1 31 611 2933 2913
2000 2 2 1 31 614 2930 2916
2001 2 2 1 31 615 2930 614
2002 2 2 1 31 619 2928 2914
2003 2 2 1 31 2912 2929 622
2004 2 2 1 31 2916 2932 613
2005 2 2 1 31 2911 2930 615
2006 2 2 1 31 613 2932 612
2007 2 2 1 31 612 2933 611
2008 2 2 1 31 2919 2934 2921
2009 2 2 1 31 2926 2932 2916
2010 2 2 1 31 2913 2933 2926
2011 2 2 1 31 609 2931 2918
2012 2 2 1 31 2926 2933 2932
2013 2 2 1 31 2932 2933 612
2014 2 2 1 32 2938 2952 2946
2015 2 2 1 32 2946 2953 2936
2016 2 2 1 32 2946 2947 2938
2017 2 2 1 32 2946 2952 2941
2018 2 2 1 32 2941 2953 2946
2019 2 2 1 32 2944 2946 2936
2020 2 2 1 32 632 2948 2935
2021 2 2 1 32 2947 2949 2935
2022 2 2 1 32 633 2948 632
2023 2 2 1 32 634 2948 633
2024 2 2 1 32 2949 2954 2935
2025 2 2 1 32 2938 2948 634
2026 2 2 1 32 2935 2948 2947
2027 2 2 1 32 2947 2948 2938
2028 2 2 1 32 2940 2954 2949
2029 2 2 1 32 624 2939 32
2030 2 2 1 32 627 2937 626
2031 2 2 1 32 637 2941 636
2032 2 2 1 32 635 2938 634
2033 2 2 1 32 630 2940 629
2034 2 2 1 32 639 2936 638
2035 2 2 1 32 632 2935 631
2036 2 2 1 32 2943 2955 2937
2037 2 2 1 32 2945 2947 2946
2038 2 2 1 32 2945 2946 2944
2039 2 2 1 32 2943 2945 2944
2040 2 2 1 32 2937 2958 2943
2041 2 2 1 32 2945 2949 2947
2042 2 2 1 32 2949 2950 2940
2043 2 2 1 32 2936 2951 2944
2044 2 2 1 32 2944 2951 2939
2045 2 2 1 32 2943 2944 2939
2046 2 2 1 32 2949 2958 2950
2047 2 2 1 32 2942 2955 2943
2048 2 2 1 32 2945 2958 2949
2049 2 2 1 32 2942 2943 2939
2050 2 2 1 32 624 2942 2939
2051 2 2 1 32 32 2951 639
2052 2 2 1 32 2950 2958 2937
2053 2 2 1 32 2939 2951 32
2054 2 2 1 32 625 2942 624
2055 2 2 1 32 639 2951 2936
2056 2 2 1 32 637 2953 2941
2057 2 2 1 32 2937 2955 626
2058 2 2 1 32 626 2955 625
2059 2 2 1 32 636 2952 635
2060 2 2 1 32 638 2953 637
2061 2 2 1 32 2941 2952 636
2062 2 2 1 32 627 2957 2937
2063 2 2 1 32 630 2954 2940
2064 2 2 1 32 631 2954 630
2065 2 2 1 32 635 2952 2938
2066 2 2 1 32 2936 2953 638
2067 2 2 1 32 2940 2956 629
2068 2 2 1 32 2935 2954 631
2069 2 2 1 32 629 2956 628
2070 2 2 1 32 628 2957 627
2071 2 2 1 32 2943 2958 2945
2072 2 2 1 32 2950 2956 2940
2073 2 2 1 32 2937 2957 2950
2074 2 2 1 32 625 2955 2942
2075 2 2 1 32 2950 2957 2956
2076 2 2 1 32 2956 2957 628
2077 2 2 1 33 2970 2978 2962
2078 2 2 1 33 2960 2979 2970
2079 2 2 1 33 2962 2971 2970
2080 2 2 1 33 2965 2978 2970
2081 2 2 1 33 2970 2979 2965
2082 2 2 1 33 2964 2975 650
2083 2 2 1 33 2960 2970 2968
2084 2 2 1 33 650 2975 649
2085 2 2 1 33 2959 2972 2971
2086 2 2 1 33 645 2973 2962
2087 2 2 1 33 646 2973 645
2088 2 2 1 33 647 2973 646
2089 2 2 1 33 2959 2973 647
2090 2 2 1 33 2971 2973 2959
2091 2 2 1 33 2962 2973 2971
2092 2 2 1 33 2972 2975 2964
2093 2 2 1 33 2967 2974 2961
2094 2 2 1 33 33 2963 655
2095 2 2 1 33 649 2975 648
2096 2 2 1 33 648 2975 2959
2097 2 2 1 33 2959 2975 2972
2098 2 2 1 33 653 2961 652
2099 2 2 1 33 651 2964 650
2100 2 2 1 33 643 2965 642
2101 2 2 1 33 645 2962 644
2102 2 2 1 33 641 2960 640
2103 2 2 1 33 648 2959 647
2104 2 2 1 33 2971 2972 2969
2105 2 2 1 33 2961 2980 2967
2106 2 2 1 33 2970 2971 2969
2107 2 2 1 33 2964 2974 2972
2108 2 2 1 33 2968 2970 2969
2109 2 2 1 33 2969 2974 2967
2110 2 2 1 33 2968 2969 2967
2111 2 2 1 33 2968 2976 2960
2112 2 2 1 33 2963 2976 2968
2113 2 2 1 33 2963 2968 2967
2114 2 2 1 33 2964 2977 2974
2115 2 2 1 33 2972 2974 2969
2116 2 2 1 33 2967 2980 2966
2117 2 2 1 33 2974 2977 2961
2118 2 2 1 33 2963 2967 2966
2119 2 2 1 33 2963 2966 655
2120 2 2 1 33 640 2976 33
2121 2 2 1 33 33 2976 2963
2122 2 2 1 33 655 2966 654
2123 2 2 1 33 2960 2976 640
2124 2 2 1 33 2965 2979 642
2125 2 2 1 33 652 2977 651
2126 2 2 1 33 653 2980 2961
2127 2 2 1 33 644 2978 643
2128 2 2 1 33 654 2980 653
2129 2 2 1 33 2961 2977 652
2130 2 2 1 33 642 2979 641
2131 2 2 1 33 643 2978 2965
2132 2 2 1 33 651 2977 2964
2133 2 2 1 33 2962 2978 644
2134 2 2 1 33 641 2979 2960
2135 2 2 1 33 2966 2980 654
2136 2 2 1 34 2984 3002 2996
2137 2 2 1 34 2996 3002 2985
2138 2 2 1 34 2981 3000 2997
2139 2 2 1 34 2997 3000 2986
2140 2 2 1 34 2984 2996 2994
2141 2 2 1 34 2988 2998 2991
2142 2 2 1 34 2991 2998 2983
2143 2 2 1 34 2997 3006 2981
2144 2 2 1 34 2993 2999 2982
2145 2 2 1 34 34 2988 671
2146 2 2 1 34 2988 2999 2998
2147 2 2 1 34 668 2986 667
2148 2 2 1 34 660 2987 659
2149 2 2 1 34 670 2983 669
2150 2 2 1 34 662 2984 661
2151 2 2 1 34 657 2982 656
2152 2 2 1 34 666 2981 665
2153 2 2 1 34 664 2985 663
2154 2 2 1 34 2982 3003 2993
2155 2 2 1 34 2996 2997 2995
2156 2 2 1 34 2995 2999 2993
2157 2 2 1 34 2994 2996 2995
2158 2 2 1 34 2997 2998 2995
2159 2 2 1 34 2994 2995 2993
2160 2 2 1 34 2996 3006 2997
2161 2 2 1 34 2989 2999 2988
2162 2 2 1 34 2994 3004 2984
2163 2 2 1 34 2987 3004 2994
2164 2 2 1 34 2982 2999 2989
2165 2 2 1 34 2987 2994 2993
2166 2 2 1 34 2993 3003 2992
2167 2 2 1 34 2998 2999 2995
2168 2 2 1 34 2986 3005 2997
2169 2 2 1 34 2987 2993 2992
2170 2 2 1 34 2988 2991 671
2171 2 2 1 34 656 2989 34
2172 2 2 1 34 2986 3000 667
2173 2 2 1 34 660 3004 2987
2174 2 2 1 34 659 2992 658
2175 2 2 1 34 667 3000 666
2176 2 2 1 34 669 2990 668
2177 2 2 1 34 34 2989 2988
2178 2 2 1 34 668 2990 2986
2179 2 2 1 34 2987 2992 659
2180 2 2 1 34 670 2991 2983
2181 2 2 1 34 658 3003 657
2182 2 2 1 34 661 3004 660
2183 2 2 1 34 2983 2990 669
2184 2 2 1 34 662 3002 2984
2185 2 2 1 34 665 3001 664
2186 2 2 1 34 663 3002 662
2187 2 2 1 34 657 3003 2982
2188 2 2 1 34 2981 3001 665
2189 2 2 1 34 671 2991 670
2190 2 2 1 34 666 3000 2981
2191 2 2 1 34 2984 3004 661
2192 2 2 1 34 664 3001 2985
2193 2 2 1 34 2985 3002 663
2194 2 2 1 34 2982 2989 656
2195 2 2 1 34 2985 3006 2996
2196 2 2 1 34 2997 3005 2998
2197 2 2 1 34 2998 3005 2983
2198 2 2 1 34 2992 3003 658
2199 2 2 1 34 2983 3005 2990
2200 2 2 1 34 2990 3005 2986
2201 2 2 1 34 3001 3006 2985
2202 2 2 1 34 2981 3006 3001
2203 2 2 1 35 3007 3026 3016
2204 2 2 1 35 3016 3026 3011
2205 2 2 1 35 3010 3027 3018
2206 2 2 1 35 3018 3027 3013
2207 2 2 1 35 3024 3026 3007
2208 2 2 1 35 3015 3028 3014
2209 2 2 1 35 3008 3028 3015
2210 2 2 1 35 3010 3032 3027
2211 2 2 1 35 3009 3029 3023
2212 2 2 1 35 35 3014 687
2213 2 2 1 35 3028 3029 3014
2214 2 2 1 35 675 3013 674
2215 2 2 1 35 683 3012 682
2216 2 2 1 35 677 3010 676
2217 2 2 1 35 686 3009 685
2218 2 2 1 35 681 3007 680
2219 2 2 1 35 673 3008 672
2220 2 2 1 35 679 3011 678
2221 2 2 1 35 3023 3030 3009
2222 2 2 1 35 3025 3027 3026
2223 2 2 1 35 3023 3029 3025
2224 2 2 1 35 3025 3026 3024
2225 2 2 1 35 3025 3028 3027
2226 2 2 1 35 3023 3025 3024
2227 2 2 1 35 3027 3032 3026
2228 2 2 1 35 3014 3029 3019
2229 2 2 1 35 3019 3029 3009
2230 2 2 1 35 3017 3024 3007
2231 2 2 1 35 3012 3024 3017
2232 2 2 1 35 3023 3024 3012
2233 2 2 1 35 3022 3030 3023
2234 2 2 1 35 3025 3029 3028
2235 2 2 1 35 3027 3031 3013
2236 2 2 1 35 3022 3023 3012
2237 2 2 1 35 3014 3019 687
2238 2 2 1 35 672 3015 35
2239 2 2 1 35 3013 3021 674
2240 2 2 1 35 3012 3017 682
2241 2 2 1 35 685 3030 684
2242 2 2 1 35 35 3015 3014
2243 2 2 1 35 676 3018 675
2244 2 2 1 35 677 3020 3010
2245 2 2 1 35 684 3022 683
2246 2 2 1 35 674 3021 673
2247 2 2 1 35 678 3020 677
2248 2 2 1 35 675 3018 3013
2249 2 2 1 35 3007 3016 680
2250 2 2 1 35 3010 3018 676
2251 2 2 1 35 673 3021 3008
2252 2 2 1 35 682 3017 681
2253 2 2 1 35 686 3019 3009
2254 2 2 1 35 3009 3030 685
2255 2 2 1 35 680 3016 679
2256 2 2 1 35 679 3016 3011
2257 2 2 1 35 681 3017 3007
2258 2 2 1 35 683 3022 3012
2259 2 2 1 35 687 3019 686
2260 2 2 1 35 3011 3020 678
2261 2 2 1 35 3008 3015 672
2262 2 2 1 35 3028 3031 3027
2263 2 2 1 35 3026 3032 3011
2264 2 2 1 35 3008 3031 3028
2265 2 2 1 35 684 3030 3022
2266 2 2 1 35 3013 3031 3021
2267 2 2 1 35 3021 3031 3008
2268 2 2 1 35 3011 3032 3020
2269 2 2 1 35 3020 3032 3010
2270 2 2 1 36 3044 3050 3036
2271 2 2 1 36 3034 3052 3044
2272 2 2 1 36 3036 3045 3044
2273 2 2 1 36 3039 3050 3044
2274 2 2 1 36 3044 3052 3039
2275 2 2 1 36 3034 3044 3042
2276 2 2 1 36 3033 3046 695
2277 2 2 1 36 3033 3047 3045
2278 2 2 1 36 695 3046 694
2279 2 2 1 36 694 3046 693
2280 2 2 1 36 3033 3051 3047
2281 2 2 1 36 693 3046 3036
2282 2 2 1 36 3045 3046 3033
2283 2 2 1 36 3036 3046 3045
2284 2 2 1 36 3047 3051 3038
2285 2 2 1 36 36 3037 703
2286 2 2 1 36 701 3035 700
2287 2 2 1 36 691 3039 690
2288 2 2 1 36 693 3036 692
2289 2 2 1 36 689 3034 688
2290 2 2 1 36 698 3038 697
2291 2 2 1 36 696 3033 695
2292 2 2 1 36 3035 3053 3041
2293 2 2 1 36 3044 3045 3043
2294 2 2 1 36 3042 3044 3043
2295 2 2 1 36 3042 3043 3041
2296 2 2 1 36 3041 3056 3035
2297 2 2 1 36 3045 3047 3043
2298 2 2 1 36 3038 3048 3047
2299 2 2 1 36 3042 3049 3034
2300 2 2 1 36 3037 3049 3042
2301 2 2 1 36 3037 3042 3041
2302 2 2 1 36 3048 3056 3047
2303 2 2 1 36 3047 3056 3043
2304 2 2 1 36 3041 3053 3040
2305 2 2 1 36 3037 3041 3040
2306 2 2 1 36 3037 3040 703
2307 2 2 1 36 688 3049 36
2308 2 2 1 36 3035 3056 3048
2309 2 2 1 36 36 3049 3037
2310 2 2 1 36 703 3040 702
2311 2 2 1 36 3034 3049 688
2312 2 2 1 36 3039 3052 690
2313 2 2 1 36 701 3053 3035
2314 2 2 1 36 692 3050 691
2315 2 2 1 36 702 3053 701
2316 2 2 1 36 690 3052 689
2317 2 2 1 36 691 3050 3039
2318 2 2 1 36 3035 3055 700
2319 2 2 1 36 697 3051 696
2320 2 2 1 36 3036 3050 692
2321 2 2 1 36 689 3052 3034
2322 2 2 1 36 3038 3051 697
2323 2 2 1 36 698 3054 3038
2324 2 2 1 36 696 3051 3033
2325 2 2 1 36 699 3054 698
2326 2 2 1 36 700 3055 699
2327 2 2 1 36 3043 3056 3041
2328 2 2 1 36 3038 3054 3048
2329 2 2 1 36 3048 3055 3035
2330 2 2 1 36 3040 3053 702
2331 2 2 1 36 3054 3055 3048
2332 2 2 1 36 699 3055 3054
2333 2 2 1 37 3060 3074 3068
2334 2 2 1 37 3068 3076 3058
2335 2 2 1 37 3068 3069 3060
2336 2 2 1 37 3068 3074 3063
2337 2 2 1 37 3063 3076 3068
2338 2 2 1 37 3066 3068 3058
2339 2 2 1 37 712 3070 3057
2340 2 2 1 37 3069 3071 3057
2341 2 2 1 37 713 3070 712
2342 2 2 1 37 3071 3075 3057
2343 2 2 1 37 714 3070 713
2344 2 2 1 37 3060 3070 714
2345 2 2 1 37 3057 3070 3069
2346 2 2 1 37 3069 3070 3060
2347 2 2 1 37 3062 3075 3071
2348 2 2 1 37 704 3061 37
2349 2 2 1 37 707 3059 706
2350 2 2 1 37 717 3063 716
2351 2 2 1 37 715 3060 714
2352 2 2 1 37 710 3062 709
2353 2 2 1 37 719 3058 718
2354 2 2 1 37 712 3057 711
2355 2 2 1 37 3065 3077 3059
2356 2 2 1 37 3067 3069 3068
2357 2 2 1 37 3067 3068 3066
2358 2 2 1 37 3065 3067 3066
2359 2 2 1 37 3059 3080 3065
2360 2 2 1 37 3067 3071 3069
2361 2 2 1 37 3071 3072 3062
2362 2 2 1 37 3058 3073 3066
2363 2 2 1 37 3066 3073 3061
2364 2 2 1 37 3065 3066 3061
2365 2 2 1 37 3071 3080 3072
2366 2 2 1 37 3067 3080 3071
2367 2 2 1 37 3064 3077 3065
2368 2 2 1 37 3064 3065 3061
2369 2 2 1 37 704 3064 3061
2370 2 2 1 37 37 3073 719
2371 2 2 1 37 3072 3080 3059
2372 2 2 1 37 3061 3073 37
2373 2 2 1 37 705 3064 704
2374 2 2 1 37 719 3073 3058
2375 2 2 1 37 717 3076 3063
2376 2 2 1 37 3059 3077 706
2377 2 2 1 37 716 3074 715
2378 2 2 1 37 706 3077 705
2379 2 2 1 37 710 3075 3062
2380 2 2 1 37 718 3076 717
2381 2 2 1 37 3063 3074 716
2382 2 2 1 37 707 3079 3059
2383 2 2 1 37 711 3075 710
2384 2 2 1 37 715 3074 3060
2385 2 2 1 37 3058 3076 718
2386 2 2 1 37 3057 3075 711
2387 2 2 1 37 3062 3078 709
2388 2 2 1 37 709 3078 708
2389 2 2 1 37 708 3079 707
2390 2 2 1 37 3065 3080 3067
2391 2 2 1 37 3072 3078 3062
2392 2 2 1 37 3059 3079 3072
2393 2 2 1 37 705 3077 3064
2394 2 2 1 37 3072 3079 3078
2395 2 2 1 37 3078 3079 708
2396 2 2 1 38 3084 3098 3092
2397 2 2 1 38 3092 3099 3082
2398 2 2 1 38 3092 3093 3084
2399 2 2 1 38 3092 3098 3087
2400 2 2 1 38 3087 3099 3092
2401 2 2 1 38 3090 3092 3082
2402 2 2 1 38 728 3094 3081
2403 2 2 1 38 3093 3095 3081
2404 2 2 1 38 729 3094 728
2405 2 2 1 38 730 3094 729
2406 2 2 1 38 3095 3100 3081
2407 2 2 1 38 3084 3094 730
2408 2 2 1 38 3081 3094 3093
2409 2 2 1 38 3093 3094 3084
2410 2 2 1 38 3086 3100 3095
2411 2 2 1 38 720 3085 38
2412 2 2 1 38 723 3083 722
2413 2 2 1 38 733 3087 732
2414 2 2 1 38 731 3084 730
2415 2 2 1 38 726 3086 725
2416 2 2 1 38 735 3082 734
2417 2 2 1 38 728 3081 727
2418 2 2 1 38 3089 3101 3083
2419 2 2 1 38 3091 3093 3092
2420 2 2 1 38 3091 3092 3090
2421 2 2 1 38 3089 3091 3090
2422 2 2 1 38 3083 3104 3089
2423 2 2 1 38 3091 3095 3093
2424 2 2 1 38 3095 3096 3086
2425 2 2 1 38 3082 3097 3090
2426 2 2 1 38 3090 3097 3085
2427 2 2 1 38 3089 3090 3085
2428 2 2 1 38 3095 3104 3096
2429 2 2 1 38 3088 3101 3089
2430 2 2 1 38 3091 3104 3095
2431 2 2 1 38 3088 3089 3085
2432 2 2 1 38 720 3088 3085
2433 2 2 1 38 38 3097 735
2434 2 2 1 38 3096 3104 3083
2435 2 2 1 38 3085 3097 38
2436 2 2 1 38 721 3088 720
2437 2 2 1 38 735 3097 3082
2438 2 2 1 38 733 3099 3087
2439 2 2 1 38 3083 3101 722
2440 2 2 1 38 732 3098 731
2441 2 2 1 38 722 3101 721
2442 2 2 1 38 734 3099 733
2443 2 2 1 38 3087 3098 732
2444 2 2 1 38 723 3103 3083
2445 2 2 1 38 726 3100 3086
2446 2 2 1 38 727 3100 726
2447 2 2 1 38 731 3098 3084
2448 2 2 1 38 3082 3099 734
2449 2 2 1 38 3086 3102 725
2450 2 2 1 38 3081 3100 727
2451 2 2 1 38 725 3102 724
2452 2 2 1 38 724 3103 723
2453 2 2 1 38 3089 3104 3091
2454 2 2 1 38 3096 3102 3086
2455 2 2 1 38 3083 3103 3096
2456 2 2 1 38 721 3101 3088
2457 2 2 1 38 3096 3103 3102
2458 2 2 1 38 3102 3103 724
2459 2 2 1 39 3105 3124 3114
2460 2 2 1 39 3114 3124 3109
2461 2 2 1 39 3108 3125 3116
2462 2 2 1 39 3116 3125 3111
2463 2 2 1 39 3122 3124 3105
2464 2 2 1 39 3113 3126 3112
2465 2 2 1 39 3106 3126 3113
2466 2 2 1 39 3108 3130 3125
2467 2 2 1 39 3107 3127 3121
2468 2 2 1 39 39 3112 751
2469 2 2 1 39 3126 3127 3112
2470 2 2 1 39 739 3111 738
2471 2 2 1 39 747 3110 746
2472 2 2 1 39 741 3108 740
2473 2 2 1 39 750 3107 749
2474 2 2 1 39 737 3106 736
2475 2 2 1 39 745 3105 744
2476 2 2 1 39 743 3109 742
2477 2 2 1 39 3121 3128 3107
2478 2 2 1 39 3123 3125 3124
2479 2 2 1 39 3121 3127 3123
2480 2 2 1 39 3123 3124 3122
2481 2 2 1 39 3123 3126 3125
2482 2 2 1 39 3121 3123 3122
2483 2 2 1 39 3125 3130 3124
2484 2 2 1 39 3112 3127 3115
2485 2 2 1 39 3115 3127 3107
2486 2 2 1 39 3118 3122 3105
2487 2 2 1 39 3110 3122 3118
2488 2 2 1 39 3121 3122 3110
2489 2 2 1 39 3120 3128 3121
2490 2 2 1 39 3123 3127 3126
2491 2 2 1 39 3125 3129 3111
2492 2 2 1 39 3120 3121 3110
2493 2 2 1 39 3112 3115 751
2494 2 2 1 39 736 3113 39
2495 2 2 1 39 3111 3117 738
2496 2 2 1 39 749 3128 748
2497 2 2 1 39 39 3113 3112
2498 2 2 1 39 740 3116 739
2499 2 2 1 39 3110 3118 746
2500 2 2 1 39 748 3120 747
2501 2 2 1 39 741 3119 3108
2502 2 2 1 39 738 3117 737
2503 2 2 1 39 746 3118 745
2504 2 2 1 39 742 3119 741
2505 2 2 1 39 739 3116 3111
2506 2 2 1 39 750 3115 3107
2507 2 2 1 39 737 3117 3106
2508 2 2 1 39 3108 3116 740
2509 2 2 1 39 3107 3128 749
2510 2 2 1 39 747 3120 3110
2511 2 2 1 39 744 3114 743
2512 2 2 1 39 3105 3114 744
2513 2 2 1 39 743 3114 3109
2514 2 2 1 39 751 3115 750
2515 2 2 1 39 745 3118 3105
2516 2 2 1 39 3109 3119 742
2517 2 2 1 39 3106 3113 736
2518 2 2 1 39 3126 3129 3125
2519 2 2 1 39 3124 3130 3109
2520 2 2 1 39 3106 3129 3126
2521 2 2 1 39 748 3128 3120
2522 2 2 1 39 3111 3129 3117
2523 2 2 1 39 3117 3129 3106
2524 2 2 1 39 3109 3130 3119
2525 2 2 1 39 3119 3130 3108
2526 2 2 1 40 3134 3152 3146
2527 2 2 1 40 3146 3152 3135
2528 2 2 1 40 3131 3150 3147
2529 2 2 1 40 3147 3150 3136
2530 2 2 1 40 3134 3146 3144
2531 2 2 1 40 3138 3148 3141
2532 2 2 1 40 3141 3148 3133
2533 2 2 1 40 3147 3156 3131
2534 2 2 1 40 3143 3149 3132
2535 2 2 1 40 40 3138 767
2536 2 2 1 40 3138 3149 3148
2537 2 2 1 40 764 3136 763
2538 2 2 1 40 756 3137 755
2539 2 2 1 40 766 3133 765
2540 2 2 1 40 758 3134 757
2541 2 2 1 40 753 3132 752
2542 2 2 1 40 762 3131 761
2543 2 2 1 40 760 3135 759
2544 2 2 1 40 3132 3153 3143
2545 2 2 1 40 3146 3147 3145
2546 2 2 1 40 3145 3149 3143
2547 2 2 1 40 3144 3146 3145
2548 2 2 1 40 3147 3148 3145
2549 2 2 1 40 3144 3145 3143
2550 2 2 1 40 3146 3156 3147
2551 2 2 1 40 3139 3149 3138
2552 2 2 1 40 3144 3154 3134
2553 2 2 1 40 3137 3154 3144
2554 2 2 1 40 3132 3149 3139
2555 2 2 1 40 3137 3144 3143
2556 2 2 1 40 3143 3153 3142
2557 2 2 1 40 3148 3149 3145
2558 2 2 1 40 3136 3155 3147
2559 2 2 1 40 3137 3143 3142
2560 2 2 1 40 3138 3141 767
2561 2 2 1 40 752 3139 40
2562 2 2 1 40 3136 3150 763
2563 2 2 1 40 756 3154 3137
2564 2 2 1 40 755 3142 754
2565 2 2 1 40 765 3140 764
2566 2 2 1 40 40 3139 3138
2567 2 2 1 40 763 3150 762
2568 2 2 1 40 764 3140 3136
2569 2 2 1 40 3137 3142 755
2570 2 2 1 40 766 3141 3133
2571 2 2 1 40 754 3153 753
2572 2 2 1 40 757 3154 756
2573 2 2 1 40 3133 3140 765
2574 2 2 1 40 758 3152 3134
2575 2 2 1 40 761 3151 760
2576 2 2 1 40 759 3152 758
2577 2 2 1 40 753 3153 3132
2578 2 2 1 40 767 3141 766
2579 2 2 1 40 3131 3151 761
2580 2 2 1 40 3134 3154 757
2581 2 2 1 40 762 3150 3131
2582 2 2 1 40 760 3151 3135
2583 2 2 1 40 3135 3152 759
2584 2 2 1 40 3132 3139 752
2585 2 2 1 40 3135 3156 3146
2586 2 2 1 40 3147 3155 3148
2587 2 2 1 40 3148 3155 3133
2588 2 2 1 40 3142 3153 754
2589 2 2 1 40 3133 3155 3140
2590 2 2 1 40 3140 3155 3136
2591 2 2 1 40 3151 3156 3135
2592 2 2 1 40 3131 3156 3151
2593 2 2 1 41 3160 3173 3168
2594 2 2 1 41 3158 3174 3165
2595 2 2 1 41 3168 3173 3163
2596 2 2 1 41 3165 3174 3164
2597 2 2 1 41 3171 3173 3160
2598 2 2 1 41 3166 3175 3162
2599 2 2 1 41 3159 3175 3166
2600 2 2 1 41 3175 3176 3162
2601 2 2 1 41 3158 3182 3174
2602 2 2 1 41 3157 3176 3170
2603 2 2 1 41 41 3164 783
2604 2 2 1 41 771 3163 770
2605 2 2 1 41 780 3162 779
2606 2 2 1 41 782 3159 781
2607 2 2 1 41 773 3160 772
2608 2 2 1 41 769 3158 768
2609 2 2 1 41 775 3161 774
2610 2 2 1 41 778 3157 777
2611 2 2 1 41 3170 3177 3157
2612 2 2 1 41 3172 3174 3173
2613 2 2 1 41 3170 3176 3172
2614 2 2 1 41 3172 3173 3171
2615 2 2 1 41 3172 3175 3174
2616 2 2 1 41 3170 3172 3171
2617 2 2 1 41 3176 3180 3162
2618 2 2 1 41 3174 3182 3173
2619 2 2 1 41 3157 3180 3176
2620 2 2 1 41 3171 3178 3161
2621 2 2 1 41 3160 3178 3171
2622 2 2 1 41 3169 3177 3170
2623 2 2 1 41 3172 3176 3175
2624 2 2 1 41 3170 3171 3161
2625 2 2 1 41 3174 3181 3164
2626 2 2 1 41 3169 3170 3161
2627 2 2 1 41 3164 3167 783
2628 2 2 1 41 768 3165 41
2629 2 2 1 41 3163 3179 770
2630 2 2 1 41 3162 3180 779
2631 2 2 1 41 773 3178 3160
2632 2 2 1 41 781 3166 780
2633 2 2 1 41 41 3165 3164
2634 2 2 1 41 772 3168 771
2635 2 2 1 41 779 3180 778
2636 2 2 1 41 770 3179 769
2637 2 2 1 41 771 3168 3163
2638 2 2 1 41 774 3178 773
2639 2 2 1 41 782 3167 3159
2640 2 2 1 41 780 3166 3162
2641 2 2 1 41 3159 3166 781
2642 2 2 1 41 3160 3168 772
2643 2 2 1 41 777 3177 776
2644 2 2 1 41 776 3169 775
2645 2 2 1 41 775 3169 3161
2646 2 2 1 41 769 3179 3158
2647 2 2 1 41 783 3167 782
2648 2 2 1 41 3157 3177 777
2649 2 2 1 41 3161 3178 774
2650 2 2 1 41 778 3180 3157
2651 2 2 1 41 3158 3165 768
2652 2 2 1 41 3175 3181 3174
2653 2 2 1 41 3173 3182 3163
2654 2 2 1 41 3159 3181 3175
2655 2 2 1 41 776 3177 3169
2656 2 2 1 41 3164 3181 3167
2657 2 2 1 41 3167 3181 3159
2658 2 2 1 41 3163 3182 3179
2659 2 2 1 41 3179 3182 3158
2660 2 2 1 42 3183 3202 3192
2661 2 2 1 42 3192 3202 3187
2662 2 2 1 42 3186 3203 3193
2663 2 2 1 42 3193 3203 3189
2664 2 2 1 42 3200 3202 3183
2665 2 2 1 42 3191 3204 3190
2666 2 2 1 42 3184 3204 3191
2667 2 2 1 42 3186 3208 3203
2668 2 2 1 42 3185 3205 3199
2669 2 2 1 42 42 3190 799
2670 2 2 1 42 3204 3205 3190
2671 2 2 1 42 787 3189 786
2672 2 2 1 42 795 3188 794
2673 2 2 1 42 789 3186 788
2674 2 2 1 42 798 3185 797
2675 2 2 1 42 785 3184 784
2676 2 2 1 42 793 3183 792
2677 2 2 1 42 791 3187 790
2678 2 2 1 42 3199 3206 3185
2679 2 2 1 42 3201 3203 3202
2680 2 2 1 42 3199 3205 3201
2681 2 2 1 42 3201 3202 3200
2682 2 2 1 42 3201 3204 3203
2683 2 2 1 42 3199 3201 3200
2684 2 2 1 42 3203 3208 3202
2685 2 2 1 42 3190 3205 3194
2686 2 2 1 42 3194 3205 3185
2687 2 2 1 42 3196 3200 3183
2688 2 2 1 42 3188 3200 3196
2689 2 2 1 42 3199 3200 3188
2690 2 2 1 42 3198 3206 3199
2691 2 2 1 42 3201 3205 3204
2692 2 2 1 42 3203 3207 3189
2693 2 2 1 42 3198 3199 3188
2694 2 2 1 42 3190 3194 799
2695 2 2 1 42 784 3191 42
2696 2 2 1 42 3189 3195 786
2697 2 2 1 42 3188 3196 794
2698 2 2 1 42 797 3206 796
2699 2 2 1 42 42 3191 3190
2700 2 2 1 42 788 3193 787
2701 2 2 1 42 796 3198 795
2702 2 2 1 42 789 3197 3186
2703 2 2 1 42 786 3195 785
2704 2 2 1 42 790 3197 789
2705 2 2 1 42 787 3193 3189
2706 2 2 1 42 785 3195 3184
2707 2 2 1 42 798 3194 3185
2708 2 2 1 42 3186 3193 788
2709 2 2 1 42 794 3196 793
2710 2 2 1 42 3185 3206 797
2711 2 2 1 42 792 3192 791
2712 2 2 1 42 3183 3192 792
2713 2 2 1 42 791 3192 3187
2714 2 2 1 42 799 3194 798
2715 2 2 1 42 795 3198 3188
2716 2 2 1 42 793 3196 3183
2717 2 2 1 42 3187 3197 790
2718 2 2 1 42 3184 3191 784
2719 2 2 1 42 3204 3207 3203
2720 2 2 1 42 3202 3208 3187
2721 2 2 1 42 3184 3207 3204
2722 2 2 1 42 796 3206 3198
2723 2 2 1 42 3189 3207 3195
2724 2 2 1 42 3195 3207 3184
2725 2 2 1 42 3187 3208 3197
2726 2 2 1 42 3197 3208 3186
2727 2 2 1 43 3220 3226 3212
2728 2 2 1 43 3210 3228 3220
2729 2 2 1 43 3212 3221 3220
2730 2 2 1 43 3215 3226 3220
2731 2 2 1 43 3220 3228 3215
2732 2 2 1 43 3210 3220 3218
2733 2 2 1 43 3209 3222 807
2734 2 2 1 43 3209 3223 3221
2735 2 2 1 43 807 3222 806
2736 2 2 1 43 3209 3227 3223
2737 2 2 1 43 806 3222 805
2738 2 2 1 43 805 3222 3212
2739 2 2 1 43 3221 3222 3209
2740 2 2 1 43 3212 3222 3221
2741 2 2 1 43 3223 3227 3214
2742 2 2 1 43 43 3213 815
2743 2 2 1 43 813 3211 812
2744 2 2 1 43 803 3215 802
2745 2 2 1 43 805 3212 804
2746 2 2 1 43 801 3210 800
2747 2 2 1 43 810 3214 809
2748 2 2 1 43 808 3209 807
2749 2 2 1 43 3211 3229 3217
2750 2 2 1 43 3220 3221 3219
2751 2 2 1 43 3218 3220 3219
2752 2 2 1 43 3218 3219 3217
2753 2 2 1 43 3217 3232 3211
2754 2 2 1 43 3221 3223 3219
2755 2 2 1 43 3214 3224 3223
2756 2 2 1 43 3218 3225 3210
2757 2 2 1 43 3213 3225 3218
2758 2 2 1 43 3213 3218 3217
2759 2 2 1 43 3224 3232 3223
2760 2 2 1 43 3223 3232 3219
2761 2 2 1 43 3217 3229 3216
2762 2 2 1 43 3213 3217 3216
2763 2 2 1 43 3213 3216 815
2764 2 2 1 43 800 3225 43
2765 2 2 1 43 3211 3232 3224
2766 2 2 1 43 43 3225 3213
2767 2 2 1 43 815 3216 814
2768 2 2 1 43 3210 3225 800
2769 2 2 1 43 3215 3228 802
2770 2 2 1 43 813 3229 3211
2771 2 2 1 43 804 3226 803
2772 2 2 1 43 814 3229 813
2773 2 2 1 43 802 3228 801
2774 2 2 1 43 803 3226 3215
2775 2 2 1 43 3211 3231 812
2776 2 2 1 43 809 3227 808
2777 2 2 1 43 3212 3226 804
2778 2 2 1 43 801 3228 3210
2779 2 2 1 43 3214 3227 809
2780 2 2 1 43 810 3230 3214
2781 2 2 1 43 808 3227 3209
2782 2 2 1 43 811 3230 810
2783 2 2 1 43 812 3231 811
2784 2 2 1 43 3219 3232 3217
2785 2 2 1 43 3214 3230 3224
2786 2 2 1 43 3224 3231 3211
2787 2 2 1 43 3216 3229 814
2788 2 2 1 43 3230 3231 3224
2789 2 2 1 43 811 3231 3230
2790 2 2 1 44 3233 3252 3242
2791 2 2 1 44 3242 3252 3237
2792 2 2 1 44 3236 3253 3245
2793 2 2 1 44 3245 3253 3239
2794 2 2 1 44 3250 3252 3233
2795 2 2 1 44 3241 3254 3240
2796 2 2 1 44 3234 3254 3241
2797 2 2 1 44 3236 3258 3253
2798 2 2 1 44 3235 3255 3249
2799 2 2 1 44 44 3240 831
2800 2 2 1 44 3254 3255 3240
2801 2 2 1 44 819 3239 818
2802 2 2 1 44 827 3238 826
2803 2 2 1 44 821 3236 820
2804 2 2 1 44 830 3235 829
2805 2 2 1 44 817 3234 816
2806 2 2 1 44 823 3237 822
2807 2 2 1 44 825 3233 824
2808 2 2 1 44 3249 3256 3235
2809 2 2 1 44 3251 3253 3252
2810 2 2 1 44 3249 3255 3251
2811 2 2 1 44 3251 3252 3250
2812 2 2 1 44 3251 3254 3253
2813 2 2 1 44 3249 3251 3250
2814 2 2 1 44 3253 3258 3252
2815 2 2 1 44 3240 3255 3243
2816 2 2 1 44 3243 3255 3235
2817 2 2 1 44 3247 3250 3233
2818 2 2 1 44 3238 3250 3247
2819 2 2 1 44 3249 3250 3238
2820 2 2 1 44 3248 3256 3249
2821 2 2 1 44 3251 3255 3254
2822 2 2 1 44 3253 3257 3239
2823 2 2 1 44 3248 3249 3238
2824 2 2 1 44 3240 3243 831
2825 2 2 1 44 816 3241 44
2826 2 2 1 44 3239 3244 818
2827 2 2 1 44 829 3256 828
2828 2 2 1 44 44 3241 3240
2829 2 2 1 44 820 3245 819
2830 2 2 1 44 828 3248 827
2831 2 2 1 44 3238 3247 826
2832 2 2 1 44 818 3244 817
2833 2 2 1 44 821 3246 3236
2834 2 2 1 44 822 3246 821
2835 2 2 1 44 826 3247 825
2836 2 2 1 44 819 3245 3239
2837 2 2 1 44 830 3243 3235
2838 2 2 1 44 817 3244 3234
2839 2 2 1 44 3236 3245 820
2840 2 2 1 44 3235 3256 829
2841 2 2 1 44 827 3248 3238
2842 2 2 1 44 824 3242 823
2843 2 2 1 44 831 3243 830
2844 2 2 1 44 823 3242 3237
2845 2 2 1 44 3233 3242 824
2846 2 2 1 44 3234 3241 816
2847 2 2 1 44 3237 3246 822
2848 2 2 1 44 825 3247 3233
2849 2 2 1 44 3254 3257 3253
2850 2 2 1 44 3252 3258 3237
2851 2 2 1 44 3234 3257 3254
2852 2 2 1 44 828 3256 3248
2853 2 2 1 44 3239 3257 3244
2854 2 2 1 44 3244 3257 3234
2855 2 2 1 44 3237 3258 3246
2856 2 2 1 44 3246 3258 3236
2857 2 2 1 45 3259 3278 3268
2858 2 2 1 45 3268 3278 3263
2859 2 2 1 45 3262 3279 3269
2860 2 2 1 45 3269 3279 3265
2861 2 2 1 45 3276 3278 3259
2862 2 2 1 45 3267 3280 3266
2863 2 2 1 45 3260 3280 3267
2864 2 2 1 45 3262 3284 3279
2865 2 2 1 45 3261 3281 3275
2866 2 2 1 45 45 3266 847
2867 2 2 1 45 3280 3281 3266
2868 2 2 1 45 835 3265 834
2869 2 2 1 45 843 3264 842
2870 2 2 1 45 837 3262 836
2871 2 2 1 45 846 3261 845
2872 2 2 1 45 833 3260 832
2873 2 2 1 45 841 3259 840
2874 2 2 1 45 839 3263 838
2875 2 2 1 45 3275 3282 3261
2876 2 2 1 45 3277 3279 3278
2877 2 2 1 45 3275 3281 3277
2878 2 2 1 45 3277 3278 3276
2879 2 2 1 45 3277 3280 3279
2880 2 2 1 45 3275 3277 3276
2881 2 2 1 45 3279 3284 3278
2882 2 2 1 45 3266 3281 3271
2883 2 2 1 45 3271 3281 3261
2884 2 2 1 45 3270 3276 3259
2885 2 2 1 45 3264 3276 3270
2886 2 2 1 45 3275 3276 3264
2887 2 2 1 45 3274 3282 3275
2888 2 2 1 45 3277 3281 3280
2889 2 2 1 45 3279 3283 3265
2890 2 2 1 45 3274 3275 3264
2891 2 2 1 45 3266 3271 847
2892 2 2 1 45 832 3267 45
2893 2 2 1 45 3265 3272 834
2894 2 2 1 45 845 3282 844
2895 2 2 1 45 45 3267 3266
2896 2 2 1 45 3264 3270 842
2897 2 2 1 45 836 3269 835
2898 2 2 1 45 844 3274 843
2899 2 2 1 45 837 3273 3262
2900 2 2 1 45 834 3272 833
2901 2 2 1 45 842 3270 841
2902 2 2 1 45 838 3273 837
2903 2 2 1 45 835 3269 3265
2904 2 2 1 45 833 3272 3260
2905 2 2 1 45 846 3271 3261
2906 2 2 1 45 3262 3269 836
2907 2 2 1 45 843 3274 3264
2908 2 2 1 45 3261 3282 845
2909 2 2 1 45 840 3268 839
2910 2 2 1 45 3259 3268 840
2911 2 2 1 45 839 3268 3263
2912 2 2 1 45 847 3271 846
2913 2 2 1 45 841 3270 3259
2914 2 2 1 45 3263 3273 838
2915 2 2 1 45 3260 3267 832
2916 2 2 1 45 3280 3283 3279
2917 2 2 1 45 3278 3284 3263
2918 2 2 1 45 3260 3283 3280
2919 2 2 1 45 844 3282 3274
2920 2 2 1 45 3265 3283 3272
2921 2 2 1 45 3272 3283 3260
2922 2 2 1 45 3263 3284 3273
2923 2 2 1 45 3273 3284 3262
2924 2 2 1 46 3288 3302 3296
2925 2 2 1 46 3296 3303 3286
2926 2 2 1 46 3296 3297 3288
2927 2 2 1 46 3296 3302 3291
2928 2 2 1 46 3291 3303 3296
2929 2 2 1 46 3294 3296 3286
2930 2 2 1 46 856 3298 3285
2931 2 2 1 46 3297 3299 3285
2932 2 2 1 46 857 3298 856
2933 2 2 1 46 858 3298 857
2934 2 2 1 46 3299 3304 3285
2935 2 2 1 46 3288 3298 858
2936 2 2 1 46 3285 3298 3297
2937 2 2 1 46 3297 3298 3288
2938 2 2 1 46 3290 3304 3299
2939 2 2 1 46 848 3289 46
2940 2 2 1 46 851 3287 850
2941 2 2 1 46 861 3291 860
2942 2 2 1 46 859 3288 858
2943 2 2 1 46 854 3290 853
2944 2 2 1 46 863 3286 862
2945 2 2 1 46 856 3285 855
2946 2 2 1 46 3293 3305 3287
2947 2 2 1 46 3295 3297 3296
2948 2 2 1 46 3295 3296 3294
2949 2 2 1 46 3293 3295 3294
2950 2 2 1 46 3287 3308 3293
2951 2 2 1 46 3295 3299 3297
2952 2 2 1 46 3299 3300 3290
2953 2 2 1 46 3286 3301 3294
2954 2 2 1 46 3294 3301 3289
2955 2 2 1 46 3293 3294 3289
2956 2 2 1 46 3299 3308 3300
2957 2 2 1 46 3295 3308 3299
2958 2 2 1 46 3292 3305 3293
2959 2 2 1 46 3292 3293 3289
2960 2 2 1 46 848 3292 3289
2961 2 2 1 46 46 3301 863
2962 2 2 1 46 3300 3308 3287
2963 2 2 1 46 3289 3301 46
2964 2 2 1 46 849 3292 848
2965 2 2 1 46 863 3301 3286
2966 2 2 1 46 861 3303 3291
2967 2 2 1 46 3287 3305 850
2968 2 2 1 46 860 3302 859
2969 2 2 1 46 850 3305 849
2970 2 2 1 46 862 3303 861
2971 2 2 1 46 3291 3302 860
2972 2 2 1 46 851 3307 3287
2973 2 2 1 46 854 3304 3290
2974 2 2 1 46 855 3304 854
2975 2 2 1 46 859 3302 3288
2976 2 2 1 46 3286 3303 862
2977 2 2 1 46 3290 3306 853
2978 2 2 1 46 3285 3304 855
2979 2 2 1 46 853 3306 852
2980 2 2 1 46 852 3307 851
2981 2 2 1 46 3293 3308 3295
2982 2 2 1 46 3300 3306 3290
2983 2 2 1 46 3287 3307 3300
2984 2 2 1 46 849 3305 3292
2985 2 2 1 46 3300 3307 3306
2986 2 2 1 46 3306 3307 852
2987 2 2 1 47 3320 3326 3312
2988 2 2 1 47 3310 3328 3320
2989 2 2 1 47 3312 3321 3320
2990 2 2 1 47 3315 3326 3320
2991 2 2 1 47 3320 3328 3315
2992 2 2 1 47 3310 3320 3318
2993 2 2 1 47 3309 3322 871
2994 2 2 1 47 3309 3323 3321
2995 2 2 1 47 871 3322 870
2996 2 2 1 47 870 3322 869
2997 2 2 1 47 3309 3327 3323
2998 2 2 1 47 869 3322 3312
2999 2 2 1 47 3321 3322 3309
3000 2 2 1 47 3312 3322 3321
3001 2 2 1 47 3323 3327 3314
3002 2 2 1 47 47 3313 879
3003 2 2 1 47 877 3311 876
3004 2 2 1 47 867 3315 866
3005 2 2 1 47 869 3312 868
3006 2 2 1 47 865 3310 864
3007 2 2 1 47 874 3314 873
3008 2 2 1 47 872 3309 871
3009 2 2 1 47 3311 3329 3317
3010 2 2 1 47 3320 3321 3319
3011 2 2 1 47 3318 3320 3319
3012 2 2 1 47 3318 3319 3317
3013 2 2 1 47 3317 3332 3311
3014 2 2 1 47 3321 3323 3319
3015 2 2 1 47 3314 3324 3323
3016 2 2 1 47 3318 3325 3310
3017 2 2 1 47 3313 3325 3318
3018 2 2 1 47 3313 3318 3317
3019 2 2 1 47 3324 3332 3323
3020 2 2 1 47 3323 3332 3319
3021 2 2 1 47 3317 3329 3316
3022 2 2 1 47 3313 3317 3316
3023 2 2 1 47 3313 3316 879
3024 2 2 1 47 864 3325 47
3025 2 2 1 47 3311 3332 3324
3026 2 2 1 47 47 3325 3313
3027 2 2 1 47 879 3316 878
3028 2 2 1 47 3310 3325 864
3029 2 2 1 47 3315 3328 866
3030 2 2 1 47 877 3329 3311
3031 2 2 1 47 868 3326 867
3032 2 2 1 47 878 3329 877
3033 2 2 1 47 866 3328 865
3034 2 2 1 47 867 3326 3315
3035 2 2 1 47 3311 3331 876
3036 2 2 1 47 873 3327 872
3037 2 2 1 47 3312 3326 868
3038 2 2 1 47 865 3328 3310
3039 2 2 1 47 3314 3327 873
3040 2 2 1 47 874 3330 3314
3041 2 2 1 47 872 3327 3309
3042 2 2 1 47 875 3330 874
3043 2 2 1 47 876 3331 875
3044 2 2 1 47 3319 3332 3317
3045 2 2 1 47 3314 3330 3324
3046 2 2 1 47 3324 3331 3311
3047 2 2 1 47 3316 3329 878
3048 2 2 1 47 3330 3331 3324
3049 2 2 1 47 875 3331 3330
3050 2 2 1 48 3344 3350 3336
3051 2 2 1 48 3334 3352 3344
3052 2 2 1 48 3336 3345 3344
3053 2 2 1 48 3339 3350 3344
3054 2 2 1 48 3344 3352 3339
3055 2 2 1 48 3334 3344 3342
3056 2 2 1 48 3333 3346 887
3057 2 2 1 48 3333 3347 3345
3058 2 2 1 48 887 3346 886
3059 2 2 1 48 3333 3351 3347
3060 2 2 1 48 886 3346 885
3061 2 2 1 48 885 3346 3336
3062 2 2 1 48 3345 3346 3333
3063 2 2 1 48 3336 3346 3345
3064 2 2 1 48 3347 3351 3338
3065 2 2 1 48 48 3337 895
3066 2 2 1 48 893 3335 892
3067 2 2 1 48 883 3339 882
3068 2 2 1 48 885 3336 884
3069 2 2 1 48 881 3334 880
3070 2 2 1 48 890 3338 889
3071 2 2 1 48 888 3333 887
3072 2 2 1 48 3335 3353 3341
3073 2 2 1 48 3344 3345 3343
3074 2 2 1 48 3342 3344 3343
3075 2 2 1 48 3342 3343 3341
3076 2 2 1 48 3341 3356 3335
3077 2 2 1 48 3345 3347 3343
3078 2 2 1 48 3338 3348 3347
3079 2 2 1 48 3342 3349 3334
3080 2 2 1 48 3337 3349 3342
3081 2 2 1 48 3337 3342 3341
3082 2 2 1 48 3348 3356 3347
3083 2 2 1 48 3347 3356 3343
3084 2 2 1 48 3341 3353 3340
3085 2 2 1 48 3337 3341 3340
3086 2 2 1 48 3337 3340 895
3087 2 2 1 48 880 3349 48
3088 2 2 1 48 3335 3356 3348
3089 2 2 1 48 48 3349 3337
3090 2 2 1 48 895 3340 894
3091 2 2 1 48 3334 3349 880
3092 2 2 1 48 3339 3352 882
3093 2 2 1 48 893 3353 3335
3094 2 2 1 48 884 3350 883
3095 2 2 1 48 894 3353 893
3096 2 2 1 48 882 3352 881
3097 2 2 1 48 883 3350 3339
3098 2 2 1 48 3335 3355 892
3099 2 2 1 48 889 3351 888
3100 2 2 1 48 3336 3350 884
3101 2 2 1 48 881 3352 3334
3102 2 2 1 48 3338 3351 889
3103 2 2 1 48 890 3354 3338
3104 2 2 1 48 888 3351 3333
3105 2 2 1 48 891 3354 890
3106 2 2 1 48 892 3355 891
3107 2 2 1 48 3343 3356 3341
3108 2 2 1 48 3338 3354 3348
3109 2 2 1 48 3348 3355 3335
3110 2 2 1 48 3340 3353 894
3111 2 2 1 48 3354 3355 3348
3112 2 2 1 48 891 3355 3354
3113 2 2 1 49 3368 3376 3360
3114 2 2 1 49 3358 3377 3368
3115 2 2 1 49 3360 3369 3368
3116 2 2 1 49 3363 3376 3368
3117 2 2 1 49 3368 3377 3363
3118 2 2 1 49 3362 3373 906
3119 2 2 1 49 3358 3368 3366
3120 2 2 1 49 906 3373 905
3121 2 2 1 49 3357 3370 3369
3122 2 2 1 49 901 3371 3360
3123 2 2 1 49 902 3371 901
3124 2 2 1 49 903 3371 902
3125 2 2 1 49 3357 3371 903
3126 2 2 1 49 3369 3371 3357
3127 2 2 1 49 3360 3371 3369
3128 2 2 1 49 3370 3373 3362
3129 2 2 1 49 3365 3372 3359
3130 2 2 1 49 49 3361 911
3131 2 2 1 49 905 3373 904
3132 2 2 1 49 904 3373 3357
3133 2 2 1 49 3357 3373 3370
3134 2 2 1 49 909 3359 908
3135 2 2 1 49 907 3362 906
3136 2 2 1 49 899 3363 898
3137 2 2 1 49 901 3360 900
3138 2 2 1 49 897 3358 896
3139 2 2 1 49 904 3357 903
3140 2 2 1 49 3369 3370 3367
3141 2 2 1 49 3359 3378 3365
3142 2 2 1 49 3368 3369 3367
3143 2 2 1 49 3362 3372 3370
3144 2 2 1 49 3366 3368 3367
3145 2 2 1 49 3367 3372 3365
3146 2 2 1 49 3366 3367 3365
3147 2 2 1 49 3366 3374 3358
3148 2 2 1 49 3361 3374 3366
3149 2 2 1 49 3361 3366 3365
3150 2 2 1 49 3362 3375 3372
3151 2 2 1 49 3370 3372 3367
3152 2 2 1 49 3365 3378 3364
3153 2 2 1 49 3372 3375 3359
3154 2 2 1 49 3361 3365 3364
3155 2 2 1 49 3361 3364 911
3156 2 2 1 49 896 3374 49
3157 2 2 1 49 49 3374 3361
3158 2 2 1 49 911 3364 910
3159 2 2 1 49 3358 3374 896
3160 2 2 1 49 3363 3377 898
3161 2 2 1 49 908 3375 907
3162 2 2 1 49 909 3378 3359
3163 2 2 1 49 900 3376 899
3164 2 2 1 49 910 3378 909
3165 2 2 1 49 3359 3375 908
3166 2 2 1 49 898 3377 897
3167 2 2 1 49 899 3376 3363
3168 2 2 1 49 907 3375 3362
3169 2 2 1 49 3360 3376 900
3170 2 2 1 49 897 3377 3358
3171 2 2 1 49 3364 3378 910
3172 2 2 1 50 3379 3398 3388
3173 2 2 1 50 3388 3398 3383
3174 2 2 1 50 3382 3399 3389
3175 2 2 1 50 3389 3399 3385
3176 2 2 1 50 3396 3398 3379
3177 2 2 1 50 3387 3400 3386
3178 2 2 1 50 3380 3400 3387
3179 2 2 1 50 3382 3404 3399
3180 2 2 1 50 3381 3401 3395
3181 2 2 1 50 50 3386 927
3182 2 2 1 50 3400 3401 3386
3183 2 2 1 50 915 3385 914
3184 2 2 1 50 923 3384 922
3185 2 2 1 50 917 3382 916
3186 2 2 1 50 926 3381 925
3187 2 2 1 50 913 3380 912
3188 2 2 1 50 921 3379 920
3189 2 2 1 50 919 3383 918
3190 2 2 1 50 3395 3402 3381
3191 2 2 1 50 3397 3399 3398
3192 2 2 1 50 3395 3401 3397
3193 2 2 1 50 3397 3398 3396
3194 2 2 1 50 3397 3400 3399
3195 2 2 1 50 3395 3397 3396
3196 2 2 1 50 3399 3404 3398
3197 2 2 1 50 3386 3401 3391
3198 2 2 1 50 3391 3401 3381
3199 2 2 1 50 3390 3396 3379
3200 2 2 1 50 3384 3396 3390
3201 2 2 1 50 3395 3396 3384
3202 2 2 1 50 3394 3402 3395
3203 2 2 1 50 3397 3401 3400
3204 2 2 1 50 3399 3403 3385
3205 2 2 1 50 3394 3395 3384
3206 2 2 1 50 3386 3391 927
3207 2 2 1 50 912 3387 50
3208 2 2 1 50 3385 3392 914
3209 2 2 1 50 3384 3390 922
3210 2 2 1 50 925 3402 924
3211 2 2 1 50 50 3387 3386
3212 2 2 1 50 916 3389 915
3213 2 2 1 50 917 3393 3382
3214 2 2 1 50 924 3394 923
3215 2 2 1 50 914 3392 913
3216 2 2 1 50 918 3393 917
3217 2 2 1 50 915 3389 3385
3218 2 2 1 50 3379 3388 920
3219 2 2 1 50 913 3392 3380
3220 2 2 1 50 3382 3389 916
3221 2 2 1 50 926 3391 3381
3222 2 2 1 50 922 3390 921
3223 2 2 1 50 3381 3402 925
3224 2 2 1 50 920 3388 919
3225 2 2 1 50 919 3388 3383
3226 2 2 1 50 923 3394 3384
3227 2 2 1 50 921 3390 3379
3228 2 2 1 50 927 3391 926
3229 2 2 1 50 3383 3393 918
3230 2 2 1 50 3380 3387 912
3231 2 2 1 50 3400 3403 3399
3232 2 2 1 50 3398 3404 3383
3233 2 2 1 50 3380 3403 3400
3234 2 2 1 50 924 3402 3394
3235 2 2 1 50 3385 3403 3392
3236 2 2 1 50 3392 3403 3380
3237 2 2 1 50 3383 3404 3393
3238 2 2 1 50 3393 3404 3382
3239 2 2 1 51 3408 3422 3416
3240 2 2 1 51 3416 3423 3406
3241 2 2 1 51 3416 3417 3408
3242 2 2 1 51 3416 3422 3411
3243 2 2 1 51 3411 3423 3416
3244 2 2 1 51 3414 3416 3406
3245 2 2 1 51 936 3418 3405
3246 2 2 1 51 3417 3419 3405
3247 2 2 1 51 937 3418 936
3248 2 2 1 51 938 3418 937
3249 2 2 1 51 3419 3424 3405
3250 2 2 1 51 3408 3418 938
3251 2 2 1 51 3405 3418 3417
3252 2 2 1 51 3417 3418 3408
3253 2 2 1 51 3410 3424 3419
3254 2 2 1 51 928 3409 51
3255 2 2 1 51 931 3407 930
3256 2 2 1 51 941 3411 940
3257 2 2 1 51 939 3408 938
3258 2 2 1 51 934 3410 933
3259 2 2 1 51 943 3406 942
3260 2 2 1 51 936 3405 935
3261 2 2 1 51 3413 3425 3407
3262 2 2 1 51 3415 3417 3416
3263 2 2 1 51 3415 3416 3414
3264 2 2 1 51 3413 3415 3414
3265 2 2 1 51 3407 3428 3413
3266 2 2 1 51 3415 3419 3417
3267 2 2 1 51 3419 3420 3410
3268 2 2 1 51 3406 3421 3414
3269 2 2 1 51 3414 3421 3409
3270 2 2 1 51 3413 3414 3409
3271 2 2 1 51 3419 3428 3420
3272 2 2 1 51 3412 3425 3413
3273 2 2 1 51 3415 3428 3419
3274 2 2 1 51 3412 3413 3409
3275 2 2 1 51 928 3412 3409
3276 2 2 1 51 51 3421 943
3277 2 2 1 51 3420 3428 3407
3278 2 2 1 51 3409 3421 51
3279 2 2 1 51 929 3412 928
3280 2 2 1 51 943 3421 3406
3281 2 2 1 51 941 3423 3411
3282 2 2 1 51 3407 3425 930
3283 2 2 1 51 930 3425 929
3284 2 2 1 51 940 3422 939
3285 2 2 1 51 942 3423 941
3286 2 2 1 51 3411 3422 940
3287 2 2 1 51 931 3427 3407
3288 2 2 1 51 934 3424 3410
3289 2 2 1 51 935 3424 934
3290 2 2 1 51 939 3422 3408
3291 2 2 1 51 3406 3423 942
3292 2 2 1 51 3410 3426 933
3293 2 2 1 51 3405 3424 935
3294 2 2 1 51 933 3426 932
3295 2 2 1 51 932 3427 931
3296 2 2 1 51 3413 3428 3415
3297 2 2 1 51 3420 3426 3410
3298 2 2 1 51 3407 3427 3420
3299 2 2 1 51 929 3425 3412
3300 2 2 1 51 3420 3427 3426
3301 2 2 1 51 3426 3427 932
3302 2 2 1 52 3438 3448 3429
3303 2 2 1 52 3433 3448 3438
3304 2 2 1 52 3440 3449 3432
3305 2 2 1 52 3435 3449 3440
3306 2 2 1 52 3429 3448 3446
3307 2 2 1 52 3436 3450 3437
3308 2 2 1 52 3437 3450 3430
3309 2 2 1 52 3449 3454 3432
3310 2 2 1 52 3445 3451 3431
3311 2 2 1 52 944 3436 52
3312 2 2 1 52 3436 3451 3450
3313 2 2 1 52 957 3435 956
3314 2 2 1 52 949 3434 948
3315 2 2 1 52 955 3432 954
3316 2 2 1 52 946 3431 945
3317 2 2 1 52 959 3430 958
3318 2 2 1 52 951 3429 950
3319 2 2 1 52 953 3433 952
3320 2 2 1 52 3431 3452 3445
3321 2 2 1 52 3448 3449 3447
3322 2 2 1 52 3447 3451 3445
3323 2 2 1 52 3446 3448 3447
3324 2 2 1 52 3449 3450 3447
3325 2 2 1 52 3446 3447 3445
3326 2 2 1 52 3448 3454 3449
3327 2 2 1 52 3441 3451 3436
3328 2 2 1 52 3431 3451 3441
3329 2 2 1 52 3429 3446 3439
3330 2 2 1 52 3439 3446 3434
3331 2 2 1 52 3434 3446 3445
3332 2 2 1 52 3445 3452 3444
3333 2 2 1 52 3450 3451 3447
3334 2 2 1 52 3435 3453 3449
3335 2 2 1 52 3434 3445 3444
3336 2 2 1 52 944 3441 3436
3337 2 2 1 52 52 3437 959
3338 2 2 1 52 957 3442 3435
3339 2 2 1 52 949 3439 3434
3340 2 2 1 52 947 3452 946
3341 2 2 1 52 3436 3437 52
3342 2 2 1 52 956 3440 955
3343 2 2 1 52 948 3444 947
3344 2 2 1 52 3432 3443 954
3345 2 2 1 52 958 3442 957
3346 2 2 1 52 950 3439 949
3347 2 2 1 52 954 3443 953
3348 2 2 1 52 3435 3440 956
3349 2 2 1 52 3430 3442 958
3350 2 2 1 52 3431 3441 945
3351 2 2 1 52 955 3440 3432
3352 2 2 1 52 3434 3444 948
3353 2 2 1 52 951 3438 3429
3354 2 2 1 52 952 3438 951
3355 2 2 1 52 946 3452 3431
3356 2 2 1 52 3433 3438 952
3357 2 2 1 52 945 3441 944
3358 2 2 1 52 3429 3439 950
3359 2 2 1 52 953 3443 3433
3360 2 2 1 52 959 3437 3430
3361 2 2 1 52 3449 3453 3450
3362 2 2 1 52 3433 3454 3448
3363 2 2 1 52 3450 3453 3430
3364 2 2 1 52 3444 3452 947
3365 2 2 1 52 3442 3453 3435
3366 2 2 1 52 3430 3453 3442
3367 2 2 1 52 3443 3454 3433
3368 2 2 1 52 3432 3454 3443
3369 2 2 1 53 3458 3472 3466
3370 2 2 1 53 3466 3474 3456
3371 2 2 1 53 3466 3467 3458
3372 2 2 1 53 3466 3472 3461
3373 2 2 1 53 3461 3474 3466
3374 2 2 1 53 3464 3466 3456
3375 2 2 1 53 968 3468 3455
3376 2 2 1 53 3467 3469 3455
3377 2 2 1 53 969 3468 968
3378 2 2 1 53 3469 3473 3455
3379 2 2 1 53 970 3468 969
3380 2 2 1 53 3458 3468 970
3381 2 2 1 53 3455 3468 3467
3382 2 2 1 53 3467 3468 3458
3383 2 2 1 53 3460 3473 3469
3384 2 2 1 53 960 3459 53
3385 2 2 1 53 963 3457 962
3386 2 2 1 53 973 3461 972
3387 2 2 1 53 971 3458 970
3388 2 2 1 53 966 3460 965
3389 2 2 1 53 975 3456 974
3390 2 2 1 53 968 3455 967
3391 2 2 1 53 3463 3475 3457
3392 2 2 1 53 3465 3467 3466
3393 2 2 1 53 3465 3466 3464
3394 2 2 1 53 3463 3465 3464
3395 2 2 1 53 3457 3478 3463
3396 2 2 1 53 3465 3469 3467
3397 2 2 1 53 3469 3470 3460
3398 2 2 1 53 3456 3471 3464
3399 2 2 1 53 3464 3471 3459
3400 2 2 1 53 3463 3464 3459
3401 2 2 1 53 3469 3478 3470
3402 2 2 1 53 3465 3478 3469
3403 2 2 1 53 3462 3475 3463
3404 2 2 1 53 3462 3463 3459
3405 2 2 1 53 960 3462 3459
3406 2 2 1 53 53 3471 975
3407 2 2 1 53 3470 3478 3457
3408 2 2 1 53 3459 3471 53
3409 2 2 1 53 961 3462 960
3410 2 2 1 53 975 3471 3456
3411 2 2 1 53 973 3474 3461
3412 2 2 1 53 3457 3475 962
3413 2 2 1 53 972 3472 971
3414 2 2 1 53 962 3475 961
3415 2 2 1 53 966 3473 3460
3416 2 2 1 53 974 3474 973
3417 2 2 1 53 3461 3472 972
3418 2 2 1 53 963 3477 3457
3419 2 2 1 53 967 3473 966
3420 2 2 1 53 971 3472 3458
3421 2 2 1 53 3456 3474 974
3422 2 2 1 53 3455 3473 967
3423 2 2 1 53 3460 3476 965
3424 2 2 1 53 965 3476 964
3425 2 2 1 53 964 3477 963
3426 2 2 1 53 3463 3478 3465
3427 2 2 1 53 3470 3476 3460
3428 2 2 1 53 3457 3477 3470
3429 2 2 1 53 961 3475 3462
3430 2 2 1 53 3470 3477 3476
3431 2 2 1 53 3476 3477 964
3432 2 2 1 54 3490 3498 3482
3433 2 2 1 54 3480 3499 3490
3434 2 2 1 54 3482 3491 3490
3435 2 2 1 54 3485 3498 3490
3436 2 2 1 54 3490 3499 3485
3437 2 2 1 54 3484 3495 986
3438 2 2 1 54 3480 3490 3488
3439 2 2 1 54 986 3495 985
3440 2 2 1 54 3479 3492 3491
3441 2 2 1 54 981 3493 3482
3442 2 2 1 54 982 3493 981
3443 2 2 1 54 983 3493 982
3444 2 2 1 54 3479 3493 983
3445 2 2 1 54 3491 3493 3479
3446 2 2 1 54 3482 3493 3491
3447 2 2 1 54 3492 3495 3484
3448 2 2 1 54 3487 3494 3481
3449 2 2 1 54 54 3483 991
3450 2 2 1 54 985 3495 984
3451 2 2 1 54 984 3495 3479
3452 2 2 1 54 3479 3495 3492
3453 2 2 1 54 989 3481 988
3454 2 2 1 54 987 3484 986
3455 2 2 1 54 979 3485 978
3456 2 2 1 54 981 3482 980
3457 2 2 1 54 977 3480 976
3458 2 2 1 54 984 3479 983
3459 2 2 1 54 3491 3492 3489
3460 2 2 1 54 3481 3500 3487
3461 2 2 1 54 3490 3491 3489
3462 2 2 1 54 3484 3494 3492
3463 2 2 1 54 3488 3490 3489
3464 2 2 1 54 3489 3494 3487
3465 2 2 1 54 3488 3489 3487
3466 2 2 1 54 3488 3496 3480
3467 2 2 1 54 3483 3496 3488
3468 2 2 1 54 3483 3488 3487
3469 2 2 1 54 3484 3497 3494
3470 2 2 1 54 3492 3494 3489
3471 2 2 1 54 3487 3500 3486
3472 2 2 1 54 3494 3497 3481
3473 2 2 1 54 3483 3487 3486
3474 2 2 1 54 3483 3486 991
3475 2 2 1 54 976 3496 54
3476 2 2 1 54 54 3496 3483
3477 2 2 1 54 991 3486 990
3478 2 2 1 54 3480 3496 976
3479 2 2 1 54 3485 3499 978
3480 2 2 1 54 988 3497 987
3481 2 2 1 54 989 3500 3481
3482 2 2 1 54 980 3498 979
3483 2 2 1 54 990 3500 989
3484 2 2 1 54 3481 3497 988
3485 2 2 1 54 978 3499 977
3486 2 2 1 54 979 3498 3485
3487 2 2 1 54 987 3497 3484
3488 2 2 1 54 3482 3498 980
3489 2 2 1 54 977 3499 3480
3490 2 2 1 54 3486 3500 990
3491 2 2 1 55 3512 3520 3504
3492 2 2 1 55 3502 3521 3512
3493 2 2 1 55 3504 3513 3512
3494 2 2 1 55 3507 3520 3512
3495 2 2 1 55 3512 3521 3507
3496 2 2 1 55 3506 3517 1002
3497 2 2 1 55 3502 3512 3510
3498 2 2 1 55 1002 3517 1001
3499 2 2 1 55 3501 3514 3513
3500 2 2 1 55 997 3515 3504
3501 2 2 1 55 998 3515 997
3502 2 2 1 55 999 3515 998
3503 2 2 1 55 3501 3515 999
3504 2 2 1 55 3513 3515 3501
3505 2 2 1 55 3504 3515 3513
3506 2 2 1 55 3514 3517 3506
3507 2 2 1 55 3509 3516 3503
3508 2 2 1 55 55 3505 1007
3509 2 2 1 55 1001 3517 1000
3510 2 2 1 55 1000 3517 3501
3511 2 2 1 55 3501 3517 3514
3512 2 2 1 55 1005 3503 1004
3513 2 2 1 55 1003 3506 1002
3514 2 2 1 55 995 3507 994
3515 2 2 1 55 997 3504 996
3516 2 2 1 55 993 3502 992
3517 2 2 1 55 1000 3501 999
3518 2 2 1 55 3513 3514 3511
3519 2 2 1 55 3503 3522 3509
3520 2 2 1 55 3512 3513 3511
3521 2 2 1 55 3506 3516 3514
3522 2 2 1 55 3510 3512 3511
3523 2 2 1 55 3511 3516 3509
3524 2 2 1 55 3510 3511 3509
3525 2 2 1 55 3510 3518 3502
3526 2 2 1 55 3505 3518 3510
3527 2 2 1 55 3505 3510 3509
3528 2 2 1 55 3506 3519 3516
3529 2 2 1 55 3514 3516 3511
3530 2 2 1 55 3509 3522 3508
3531 2 2 1 55 3516 3519 3503
3532 2 2 1 55 3505 3509 3508
3533 2 2 1 55 3505 3508 1007
3534 2 2 1 55 992 3518 55
3535 2 2 1 55 55 3518 3505
3536 2 2 1 55 1007 3508 1006
3537 2 2 1 55 3502 3518 992
3538 2 2 1 55 3507 3521 994
3539 2 2 1 55 1004 3519 1003
3540 2 2 1 55 1005 3522 3503
3541 2 2 1 55 996 3520 995
3542 2 2 1 55 1006 3522 1005
3543 2 2 1 55 3503 3519 1004
3544 2 2 1 55 994 3521 993
3545 2 2 1 55 995 3520 3507
3546 2 2 1 55 1003 3519 3506
3547 2 2 1 55 3504 3520 996
3548 2 2 1 55 993 3521 3502
3549 2 2 1 55 3508 3522 1006
3550 2 2 1 56 3534 3542 3526
3551 2 2 1 56 3524 3543 3534
3552 2 2 1 56 3526 3535 3534
3553 2 2 1 56 3529 3542 3534
3554 2 2 1 56 3534 3543 3529
3555 2 2 1 56 3528 3539 1018
3556 2 2 1 56 3524 3534 3532
3557 2 2 1 56 1018 3539 1017
3558 2 2 1 56 3523 3536 3535
3559 2 2 1 56 1013 3537 3526
3560 2 2 1 56 1014 3537 1013
3561 2 2 1 56 1015 3537 1014
3562 2 2 1 56 3523 3537 1015
3563 2 2 1 56 3535 3537 3523
3564 2 2 1 56 3526 3537 3535
3565 2 2 1 56 3536 3539 3528
3566 2 2 1 56 3531 3538 3525
3567 2 2 1 56 56 3527 1023
3568 2 2 1 56 1017 3539 1016
3569 2 2 1 56 1016 3539 3523
3570 2 2 1 56 3523 3539 3536
3571 2 2 1 56 1021 3525 1020
3572 2 2 1 56 1019 3528 1018
3573 2 2 1 56 1011 3529 1010
3574 2 2 1 56 1013 3526 1012
3575 2 2 1 56 1009 3524 1008
3576 2 2 1 56 1016 3523 1015
3577 2 2 1 56 3535 3536 3533
3578 2 2 1 56 3525 3544 3531
3579 2 2 1 56 3534 3535 3533
3580 2 2 1 56 3528 3538 3536
3581 2 2 1 56 3532 3534 3533
3582 2 2 1 56 3533 3538 3531
3583 2 2 1 56 3532 3533 3531
3584 2 2 1 56 3532 3540 3524
3585 2 2 1 56 3527 3540 3532
3586 2 2 1 56 3527 3532 3531
3587 2 2 1 56 3528 3541 3538
3588 2 2 1 56 3536 3538 3533
3589 2 2 1 56 3531 3544 3530
3590 2 2 1 56 3538 3541 3525
3591 2 2 1 56 3527 3531 3530
3592 2 2 1 56 3527 3530 1023
3593 2 2 1 56 1008 3540 56
3594 2 2 1 56 56 3540 3527
3595 2 2 1 56 1023 3530 1022
3596 2 2 1 56 3524 3540 1008
3597 2 2 1 56 3529 3543 1010
3598 2 2 1 56 1020 3541 1019
3599 2 2 1 56 1021 3544 3525
3600 2 2 1 56 1012 3542 1011
3601 2 2 1 56 1022 3544 1021
3602 2 2 1 56 3525 3541 1020
3603 2 2 1 56 1010 3543 1009
3604 2 2 1 56 1011 3542 3529
3605 2 2 1 56 1019 3541 3528
3606 2 2 1 56 3526 3542 1012
3607 2 2 1 56 1009 3543 3524
3608 2 2 1 56 3530 3544 1022
3609 2 2 1 57 3545 3564 3554
3610 2 2 1 57 3554 3564 3549
3611 2 2 1 57 3548 3565 3555
3612 2 2 1 57 3555 3565 3551
3613 2 2 1 57 3562 3564 3545
3614 2 2 1 57 3553 3566 3552
3615 2 2 1 57 3546 3566 3553
3616 2 2 1 57 3548 3570 3565
3617 2 2 1 57 3547 3567 3561
3618 2 2 1 57 57 3552 1039
3619 2 2 1 57 3566 3567 3552
3620 2 2 1 57 1027 3551 1026
3621 2 2 1 57 1035 3550 1034
3622 2 2 1 57 1029 3548 1028
3623 2 2 1 57 1038 3547 1037
3624 2 2 1 57 1025 3546 1024
3625 2 2 1 57 1033 3545 1032
3626 2 2 1 57 1031 3549 1030
3627 2 2 1 57 3561 3568 3547
3628 2 2 1 57 3563 3565 3564
3629 2 2 1 57 3561 3567 3563
3630 2 2 1 57 3563 3564 3562
3631 2 2 1 57 3563 3566 3565
3632 2 2 1 57 3561 3563 3562
3633 2 2 1 57 3565 3570 3564
3634 2 2 1 57 3552 3567 3557
3635 2 2 1 57 3557 3567 3547
3636 2 2 1 57 3556 3562 3545
3637 2 2 1 57 3550 3562 3556
3638 2 2 1 57 3561 3562 3550
3639 2 2 1 57 3560 3568 3561
3640 2 2 1 57 3563 3567 3566
3641 2 2 1 57 3565 3569 3551
3642 2 2 1 57 3560 3561 3550
3643 2 2 1 57 3552 3557 1039
3644 2 2 1 57 1024 3553 57
3645 2 2 1 57 3551 3558 1026
3646 2 2 1 57 3550 3556 1034
3647 2 2 1 57 1037 3568 1036
3648 2 2 1 57 57 3553 3552
3649 2 2 1 57 1028 3555 1027
3650 2 2 1 57 1029 3559 3548
3651 2 2 1 57 1036 3560 1035
3652 2 2 1 57 1026 3558 1025
3653 2 2 1 57 1030 3559 1029
3654 2 2 1 57 1027 3555 3551
3655 2 2 1 57 3545 3554 1032
3656 2 2 1 57 1025 3558 3546
3657 2 2 1 57 3548 3555 1028
3658 2 2 1 57 1038 3557 3547
3659 2 2 1 57 1034 3556 1033
3660 2 2 1 57 3547 3568 1037
3661 2 2 1 57 1032 3554 1031
3662 2 2 1 57 1031 3554 3549
3663 2 2 1 57 1035 3560 3550
3664 2 2 1 57 1033 3556 3545
3665 2 2 1 57 1039 3557 1038
3666 2 2 1 57 3549 3559 1030
3667 2 2 1 57 3546 3553 1024
3668 2 2 1 57 3566 3569 3565
3669 2 2 1 57 3564 3570 3549
3670 2 2 1 57 3546 3569 3566
3671 2 2 1 57 1036 3568 3560
3672 2 2 1 57 3551 3569 3558
3673 2 2 1 57 3558 3569 3546
3674 2 2 1 57 3549 3570 3559
3675 2 2 1 57 3559 3570 3548
3676 2 2 1 58 3574 3589 3582
3677 2 2 1 58 3582 3590 3572
3678 2 2 1 58 3582 3583 3574
3679 2 2 1 58 3582 3589 3577
3680 2 2 1 58 3577 3590 3582
3681 2 2 1 58 3580 3582 3572
3682 2 2 1 58 1048 3584 3571
3683 2 2 1 58 3583 3585 3571
3684 2 2 1 58 1049 3584 1048
3685 2 2 1 58 3585 3588 3571
3686 2 2 1 58 1050 3584 1049
3687 2 2 1 58 3574 3584 1050
3688 2 2 1 58 3571 3584 3583
3689 2 2 1 58 3583 3584 3574
3690 2 2 1 58 3576 3588 3585
3691 2 2 1 58 1040 3575 58
3692 2 2 1 58 1043 3573 1042
3693 2 2 1 58 1053 3577 1052
3694 2 2 1 58 1051 3574 1050
3695 2 2 1 58 1046 3576 1045
3696 2 2 1 58 1055 3572 1054
3697 2 2 1 58 1048 3571 1047
3698 2 2 1 58 3579 3591 3573
3699 2 2 1 58 3581 3583 3582
3700 2 2 1 58 3581 3582 3580
3701 2 2 1 58 3579 3581 3580
3702 2 2 1 58 3573 3594 3579
3703 2 2 1 58 3581 3585 3583
3704 2 2 1 58 3585 3586 3576
3705 2 2 1 58 3572 3587 3580
3706 2 2 1 58 3580 3587 3575
3707 2 2 1 58 3579 3580 3575
3708 2 2 1 58 3585 3594 3586
3709 2 2 1 58 3581 3594 3585
3710 2 2 1 58 3578 3591 3579
3711 2 2 1 58 3578 3579 3575
3712 2 2 1 58 1040 3578 3575
3713 2 2 1 58 58 3587 1055
3714 2 2 1 58 3586 3594 3573
3715 2 2 1 58 3575 3587 58
3716 2 2 1 58 1041 3578 1040
3717 2 2 1 58 1055 3587 3572
3718 2 2 1 58 1053 3590 3577
3719 2 2 1 58 3573 3591 1042
3720 2 2 1 58 1052 3589 1051
3721 2 2 1 58 1042 3591 1041
3722 2 2 1 58 1046 3588 3576
3723 2 2 1 58 1054 3590 1053
3724 2 2 1 58 3577 3589 1052
3725 2 2 1 58 1043 3593 3573
3726 2 2 1 58 1047 3588 1046
3727 2 2 1 58 1051 3589 3574
3728 2 2 1 58 3572 3590 1054
3729 2 2 1 58 3571 3588 1047
3730 2 2 1 58 3576 3592 1045
3731 2 2 1 58 1045 3592 1044
3732 2 2 1 58 1044 3593 1043
3733 2 2 1 58 3579 3594 3581
3734 2 2 1 58 3586 3592 3576
3735 2 2 1 58 3573 3593 3586
3736 2 2 1 58 1041 3591 3578
3737 2 2 1 58 3586 3593 3592
3738 2 2 1 58 3592 3593 1044
3739 2 2 1 59 3604 3614 3595
3740 2 2 1 59 3599 3614 3604
3741 2 2 1 59 3606 3615 3598
3742 2 2 1 59 3601 3615 3606
3743 2 2 1 59 3595 3614 3612
3744 2 2 1 59 3602 3616 3603
3745 2 2 1 59 3603 3616 3596
3746 2 2 1 59 3615 3620 3598
3747 2 2 1 59 3611 3617 3597
3748 2 2 1 59 1056 3602 59
3749 2 2 1 59 3602 3617 3616
3750 2 2 1 59 1069 3601 1068
3751 2 2 1 59 1061 3600 1060
3752 2 2 1 59 1067 3598 1066
3753 2 2 1 59 1058 3597 1057
3754 2 2 1 59 1071 3596 1070
3755 2 2 1 59 1063 3595 1062
3756 2 2 1 59 1065 3599 1064
3757 2 2 1 59 3597 3618 3611
3758 2 2 1 59 3614 3615 3613
3759 2 2 1 59 3613 3617 3611
3760 2 2 1 59 3612 3614 3613
3761 2 2 1 59 3615 3616 3613
3762 2 2 1 59 3612 3613 3611
3763 2 2 1 59 3614 3620 3615
3764 2 2 1 59 3605 3617 3602
3765 2 2 1 59 3597 3617 3605
3766 2 2 1 59 3595 3612 3608
3767 2 2 1 59 3608 3612 3600
3768 2 2 1 59 3600 3612 3611
3769 2 2 1 59 3611 3618 3610
3770 2 2 1 59 3616 3617 3613
3771 2 2 1 59 3601 3619 3615
3772 2 2 1 59 3600 3611 3610
3773 2 2 1 59 1056 3605 3602
3774 2 2 1 59 59 3603 1071
3775 2 2 1 59 1069 3607 3601
3776 2 2 1 59 1059 3618 1058
3777 2 2 1 59 3602 3603 59
3778 2 2 1 59 1068 3606 1067
3779 2 2 1 59 1061 3608 3600
3780 2 2 1 59 1060 3610 1059
3781 2 2 1 59 3598 3609 1066
3782 2 2 1 59 1070 3607 1069
3783 2 2 1 59 1062 3608 1061
3784 2 2 1 59 1066 3609 1065
3785 2 2 1 59 3601 3606 1068
3786 2 2 1 59 3597 3605 1057
3787 2 2 1 59 3596 3607 1070
3788 2 2 1 59 1067 3606 3598
3789 2 2 1 59 1058 3618 3597
3790 2 2 1 59 3600 3610 1060
3791 2 2 1 59 1064 3604 1063
3792 2 2 1 59 1063 3604 3595
3793 2 2 1 59 3599 3604 1064
3794 2 2 1 59 1057 3605 1056
3795 2 2 1 59 3595 3608 1062
3796 2 2 1 59 1065 3609 3599
3797 2 2 1 59 1071 3603 3596
3798 2 2 1 59 3615 3619 3616
3799 2 2 1 59 3599 3620 3614
3800 2 2 1 59 3616 3619 3596
3801 2 2 1 59 3610 3618 1059
3802 2 2 1 59 3607 3619 3601
3803 2 2 1 59 3596 3619 3607
3804 2 2 1 59 3609 3620 3599
3805 2 2 1 59 3598 3620 3609
3806 2 2 1 60 3621 3640 3630
3807 2 2 1 60 3630 3640 3625
3808 2 2 1 60 3624 3641 3632
3809 2 2 1 60 3632 3641 3627
3810 2 2 1 60 3638 3640 3621
3811 2 2 1 60 3629 3642 3628
3812 2 2 1 60 3622 3642 3629
3813 2 2 1 60 3624 3646 3641
3814 2 2 1 60 3623 3643 3637
3815 2 2 1 60 60 3628 1087
3816 2 2 1 60 3642 3643 3628
3817 2 2 1 60 1075 3627 1074
3818 2 2 1 60 1083 3626 1082
3819 2 2 1 60 1077 3624 1076
3820 2 2 1 60 1086 3623 1085
3821 2 2 1 60 1073 3622 1072
3822 2 2 1 60 1081 3621 1080
3823 2 2 1 60 1079 3625 1078
3824 2 2 1 60 3637 3644 3623
3825 2 2 1 60 3639 3641 3640
3826 2 2 1 60 3637 3643 3639
3827 2 2 1 60 3639 3640 3638
3828 2 2 1 60 3639 3642 3641
3829 2 2 1 60 3637 3639 3638
3830 2 2 1 60 3641 3646 3640
3831 2 2 1 60 3628 3643 3633
3832 2 2 1 60 3633 3643 3623
3833 2 2 1 60 3631 3638 3621
3834 2 2 1 60 3626 3638 3631
3835 2 2 1 60 3637 3638 3626
3836 2 2 1 60 3636 3644 3637
3837 2 2 1 60 3639 3643 3642
3838 2 2 1 60 3641 3645 3627
3839 2 2 1 60 3636 3637 3626
3840 2 2 1 60 3628 3633 1087
3841 2 2 1 60 1072 3629 60
3842 2 2 1 60 3627 3634 1074
3843 2 2 1 60 3626 3631 1082
3844 2 2 1 60 1085 3644 1084
3845 2 2 1 60 60 3629 3628
3846 2 2 1 60 1076 3632 1075
3847 2 2 1 60 1077 3635 3624
3848 2 2 1 60 1084 3636 1083
3849 2 2 1 60 1074 3634 1073
3850 2 2 1 60 1082 3631 1081
3851 2 2 1 60 1078 3635 1077
3852 2 2 1 60 1075 3632 3627
3853 2 2 1 60 1073 3634 3622
3854 2 2 1 60 1083 3636 3626
3855 2 2 1 60 3624 3632 1076
3856 2 2 1 60 1086 3633 3623
3857 2 2 1 60 3621 3630 1080
3858 2 2 1 60 3623 3644 1085
3859 2 2 1 60 1080 3630 1079
3860 2 2 1 60 1079 3630 3625
3861 2 2 1 60 1087 3633 1086
3862 2 2 1 60 1081 3631 3621
3863 2 2 1 60 3625 3635 1078
3864 2 2 1 60 3622 3629 1072
3865 2 2 1 60 3642 3645 3641
3866 2 2 1 60 3640 3646 3625
3867 2 2 1 60 3622 3645 3642
3868 2 2 1 60 1084 3644 3636
3869 2 2 1 60 3627 3645 3634
3870 2 2 1 60 3634 3645 3622
3871 2 2 1 60 3625 3646 3635
3872 2 2 1 60 3635 3646 3624
3873 2 2 1 61 3650 3663 3658
3874 2 2 1 61 3648 3664 3655
3875 2 2 1 61 3658 3663 3653
3876 2 2 1 61 3655 3664 3654
3877 2 2 1 61 3661 3663 3650
3878 2 2 1 61 3657 3665 3652
3879 2 2 1 61 3649 3665 3657
3880 2 2 1 61 3665 3666 3652
3881 2 2 1 61 3648 3672 3664
3882 2 2 1 61 3647 3666 3660
3883 2 2 1 61 61 3654 1103
3884 2 2 1 61 1091 3653 1090
3885 2 2 1 61 1100 3652 1099
3886 2 2 1 61 1102 3649 1101
3887 2 2 1 61 1093 3650 1092
3888 2 2 1 61 1089 3648 1088
3889 2 2 1 61 1095 3651 1094
3890 2 2 1 61 1098 3647 1097
3891 2 2 1 61 3660 3667 3647
3892 2 2 1 61 3662 3664 3663
3893 2 2 1 61 3660 3666 3662
3894 2 2 1 61 3662 3663 3661
3895 2 2 1 61 3662 3665 3664
3896 2 2 1 61 3660 3662 3661
3897 2 2 1 61 3666 3670 3652
3898 2 2 1 61 3664 3672 3663
3899 2 2 1 61 3647 3670 3666
3900 2 2 1 61 3661 3668 3651
3901 2 2 1 61 3650 3668 3661
3902 2 2 1 61 3659 3667 3660
3903 2 2 1 61 3662 3666 3665
3904 2 2 1 61 3660 3661 3651
3905 2 2 1 61 3664 3671 3654
3906 2 2 1 61 3659 3660 3651
3907 2 2 1 61 3654 3656 1103
3908 2 2 1 61 1088 3655 61
3909 2 2 1 61 3653 3669 1090
3910 2 2 1 61 3652 3670 1099
3911 2 2 1 61 1093 3668 3650
3912 2 2 1 61 1101 3657 1100
3913 2 2 1 61 1092 3658 1091
3914 2 2 1 61 61 3655 3654
3915 2 2 1 61 1099 3670 1098
3916 2 2 1 61 1090 3669 1089
3917 2 2 1 61 1091 3658 3653
3918 2 2 1 61 1094 3668 1093
3919 2 2 1 61 1102 3656 3649
3920 2 2 1 61 1100 3657 3652
3921 2 2 1 61 3650 3658 1092
3922 2 2 1 61 3649 3657 1101
3923 2 2 1 61 1097 3667 1096
3924 2 2 1 61 1096 3659 1095
3925 2 2 1 61 1095 3659 3651
3926 2 2 1 61 1089 3669 3648
3927 2 2 1 61 1103 3656 1102
3928 2 2 1 61 3651 3668 1094
3929 2 2 1 61 3647 3667 1097
3930 2 2 1 61 3648 3655 1088
3931 2 2 1 61 1098 3670 3647
3932 2 2 1 61 3665 3671 3664
3933 2 2 1 61 3663 3672 3653
3934 2 2 1 61 3649 3671 3665
3935 2 2 1 61 1096 3667 3659
3936 2 2 1 61 3654 3671 3656
3937 2 2 1 61 3656 3671 3649
3938 2 2 1 61 3653 3672 3669
3939 2 2 1 61 3669 3672 3648
3940 2 2 1 62 3673 3692 3682
3941 2 2 1 62 3682 3692 3677
3942 2 2 1 62 3676 3693 3683
3943 2 2 1 62 3683 3693 3679
3944 2 2 1 62 3690 3692 3673
3945 2 2 1 62 3681 3694 3680
3946 2 2 1 62 3674 3694 3681
3947 2 2 1 62 3676 3698 3693
3948 2 2 1 62 3675 3695 3689
3949 2 2 1 62 62 3680 1119
3950 2 2 1 62 3694 3695 3680
3951 2 2 1 62 1107 3679 1106
3952 2 2 1 62 1115 3678 1114
3953 2 2 1 62 1109 3676 1108
3954 2 2 1 62 1118 3675 1117
3955 2 2 1 62 1105 3674 1104
3956 2 2 1 62 1113 3673 1112
3957 2 2 1 62 1111 3677 1110
3958 2 2 1 62 3689 3696 3675
3959 2 2 1 62 3691 3693 3692
3960 2 2 1 62 3689 3695 3691
3961 2 2 1 62 3691 3692 3690
3962 2 2 1 62 3691 3694 3693
3963 2 2 1 62 3689 3691 3690
3964 2 2 1 62 3693 3698 3692
3965 2 2 1 62 3680 3695 3684
3966 2 2 1 62 3684 3695 3675
3967 2 2 1 62 3686 3690 3673
3968 2 2 1 62 3678 3690 3686
3969 2 2 1 62 3689 3690 3678
3970 2 2 1 62 3688 3696 3689
3971 2 2 1 62 3691 3695 3694
3972 2 2 1 62 3693 3697 3679
3973 2 2 1 62 3688 3689 3678
3974 2 2 1 62 3680 3684 1119
3975 2 2 1 62 1104 3681 62
3976 2 2 1 62 3679 3685 1106
3977 2 2 1 62 3678 3686 1114
3978 2 2 1 62 1117 3696 1116
3979 2 2 1 62 62 3681 3680
3980 2 2 1 62 1108 3683 1107
3981 2 2 1 62 1116 3688 1115
3982 2 2 1 62 1109 3687 3676
3983 2 2 1 62 1106 3685 1105
3984 2 2 1 62 1110 3687 1109
3985 2 2 1 62 1107 3683 3679
3986 2 2 1 62 1105 3685 3674
3987 2 2 1 62 1118 3684 3675
3988 2 2 1 62 3676 3683 1108
3989 2 2 1 62 1114 3686 1113
3990 2 2 1 62 3675 3696 1117
3991 2 2 1 62 1112 3682 1111
3992 2 2 1 62 3673 3682 1112
3993 2 2 1 62 1111 3682 3677
3994 2 2 1 62 1119 3684 1118
3995 2 2 1 62 1115 3688 3678
3996 2 2 1 62 1113 3686 3673
3997 2 2 1 62 3677 3687 1110
3998 2 2 1 62 3674 3681 1104
3999 2 2 1 62 3694 3697 3693
4000 2 2 1 62 3692 3698 3677
4001 2 2 1 62 3674 3697 3694
4002 2 2 1 62 1116 3696 3688
4003 2 2 1 62 3679 3697 3685
4004 2 2 1 62 3685 3697 3674
4005 2 2 1 62 3677 3698 3687
4006 2 2 1 62 3687 3698 3676
4007 2 2 1 63 3710 3718 3702
4008 2 2 1 63 3700 3719 3710
4009 2 2 1 63 3702 3711 3710
4010 2 2 1 63 3705 3718 3710
4011 2 2 1 63 3710 3719 3705
4012 2 2 1 63 3704 3715 1130
4013 2 2 1 63 3700 3710 3708
4014 2 2 1 63 1130 3715 1129
4015 2 2 1 63 3699 3712 3711
4016 2 2 1 63 1125 3713 3702
4017 2 2 1 63 1126 3713 1125
4018 2 2 1 63 1127 3713 1126
4019 2 2 1 63 3699 3713 1127
4020 2 2 1 63 3711 3713 3699
4021 2 2 1 63 3702 3713 3711
4022 2 2 1 63 3712 3715 3704
4023 2 2 1 63 3707 3714 3701
4024 2 2 1 63 63 3703 1135
4025 2 2 1 63 1129 3715 1128
4026 2 2 1 63 1128 3715 3699
4027 2 2 1 63 3699 3715 3712
4028 2 2 1 63 1133 3701 1132
4029 2 2 1 63 1131 3704 1130
4030 2 2 1 63 1123 3705 1122
4031 2 2 1 63 1125 3702 1124
4032 2 2 1 63 1121 3700 1120
4033 2 2 1 63 1128 3699 1127
4034 2 2 1 63 3711 3712 3709
4035 2 2 1 63 3701 3720 3707
4036 2 2 1 63 3710 3711 3709
4037 2 2 1 63 3704 3714 3712
4038 2 2 1 63 3708 3710 3709
4039 2 2 1 63 3709 3714 3707
4040 2 2 1 63 3708 3709 3707
4041 2 2 1 63 3708 3716 3700
4042 2 2 1 63 3703 3716 3708
4043 2 2 1 63 3703 3708 3707
4044 2 2 1 63 3704 3717 3714
4045 2 2 1 63 3712 3714 3709
4046 2 2 1 63 3707 3720 3706
4047 2 2 1 63 3714 3717 3701
4048 2 2 1 63 3703 3707 3706
4049 2 2 1 63 3703 3706 1135
4050 2 2 1 63 1120 3716 63
4051 2 2 1 63 63 3716 3703
4052 2 2 1 63 1135 3706 1134
4053 2 2 1 63 3700 3716 1120
4054 2 2 1 63 3705 3719 1122
4055 2 2 1 63 1132 3717 1131
4056 2 2 1 63 1133 3720 3701
4057 2 2 1 63 1124 3718 1123
4058 2 2 1 63 1134 3720 1133
4059 2 2 1 63 3701 3717 1132
4060 2 2 1 63 1122 3719 1121
4061 2 2 1 63 1123 3718 3705
4062 2 2 1 63 1131 3717 3704
4063 2 2 1 63 3702 3718 1124
4064 2 2 1 63 1121 3719 3700
4065 2 2 1 63 3706 3720 1134
4066 2 2 1 64 3735 3740 3726
4067 2 2 1 64 3724 3740 3735
4068 2 2 1 64 3728 3736 3729
4069 2 2 1 64 3729 3736 3722
4070 2 2 1 64 3730 3737 3723
4071 2 2 1 64 3733 3735 3726
4072 2 2 1 64 3727 3737 3730
4073 2 2 1 64 3737 3738 3723
4074 2 2 1 64 3725 3738 3732
4075 2 2 1 64 1136 3728 64
4076 2 2 1 64 3728 3746 3736
4077 2 2 1 64 1147 3723 1146
4078 2 2 1 64 1149 3727 1148
4079 2 2 1 64 1140 3726 1139
4080 2 2 1 64 1138 3724 1137
4081 2 2 1 64 1145 3725 1144
4082 2 2 1 64 1142 3721 1141
4083 2 2 1 64 1151 3722 1150
4084 2 2 1 64 3732 3741 3725
4085 2 2 1 64 3734 3736 3735
4086 2 2 1 64 3732 3738 3734
4087 2 2 1 64 3734 3735 3733
4088 2 2 1 64 3734 3737 3736
4089 2 2 1 64 3732 3734 3733
4090 2 2 1 64 3738 3742 3723
4091 2 2 1 64 3736 3746 3735
4092 2 2 1 64 3736 3745 3722
4093 2 2 1 64 3725 3742 3738
4094 2 2 1 64 3733 3744 3721
4095 2 2 1 64 3726 3744 3733
4096 2 2 1 64 3731 3741 3732
4097 2 2 1 64 3732 3733 3721
4098 2 2 1 64 3734 3738 3737
4099 2 2 1 64 3731 3732 3721
4100 2 2 1 64 1136 3739 3728
4101 2 2 1 64 64 3729 1151
4102 2 2 1 64 3723 3742 1146
4103 2 2 1 64 1149 3743 3727
4104 2 2 1 64 1140 3744 3726
4105 2 2 1 64 1148 3730 1147
4106 2 2 1 64 1139 3740 1138
4107 2 2 1 64 3728 3729 64
4108 2 2 1 64 3727 3730 1148
4109 2 2 1 64 1150 3743 1149
4110 2 2 1 64 1143 3731 1142
4111 2 2 1 64 1141 3744 1140
4112 2 2 1 64 3724 3739 1137
4113 2 2 1 64 3726 3740 1139
4114 2 2 1 64 1147 3730 3723
4115 2 2 1 64 1146 3742 1145
4116 2 2 1 64 1138 3740 3724
4117 2 2 1 64 1142 3731 3721
4118 2 2 1 64 3725 3741 1144
4119 2 2 1 64 1145 3742 3725
4120 2 2 1 64 1144 3741 1143
4121 2 2 1 64 3722 3743 1150
4122 2 2 1 64 1137 3739 1136
4123 2 2 1 64 3721 3744 1141
4124 2 2 1 64 1151 3729 3722
4125 2 2 1 64 3737 3745 3736
4126 2 2 1 64 3735 3746 3724
4127 2 2 1 64 3727 3745 3737
4128 2 2 1 64 1143 3741 3731
4129 2 2 1 64 3743 3745 3727
4130 2 2 1 64 3722 3745 3743
4131 2 2 1 64 3724 3746 3739
4132 2 2 1 64 3739 3746 3728
4133 2 2 1 65 3750 3764 3758
4134 2 2 1 65 3758 3765 3748
4135 2 2 1 65 3758 3759 3750
4136 2 2 1 65 3758 3764 3753
4137 2 2 1 65 3753 3765 3758
4138 2 2 1 65 3756 3758 3748
4139 2 2 1 65 1160 3760 3747
4140 2 2 1 65 3759 3761 3747
4141 2 2 1 65 1161 3760 1160
4142 2 2 1 65 1162 3760 1161
4143 2 2 1 65 3761 3766 3747
4144 2 2 1 65 3750 3760 1162
4145 2 2 1 65 3747 3760 3759
4146 2 2 1 65 3759 3760 3750
4147 2 2 1 65 3752 3766 3761
4148 2 2 1 65 1152 3751 65
4149 2 2 1 65 1155 3749 1154
4150 2 2 1 65 1165 3753 1164
4151 2 2 1 65 1163 3750 1162
4152 2 2 1 65 1158 3752 1157
4153 2 2 1 65 1167 3748 1166
4154 2 2 1 65 1160 3747 1159
4155 2 2 1 65 3755 3767 3749
4156 2 2 1 65 3757 3759 3758
4157 2 2 1 65 3757 3758 3756
4158 2 2 1 65 3755 3757 3756
4159 2 2 1 65 3749 3770 3755
4160 2 2 1 65 3757 3761 3759
4161 2 2 1 65 3761 3762 3752
4162 2 2 1 65 3748 3763 3756
4163 2 2 1 65 3756 3763 3751
4164 2 2 1 65 3755 3756 3751
4165 2 2 1 65 3761 3770 3762
4166 2 2 1 65 3757 3770 3761
4167 2 2 1 65 3754 3767 3755
4168 2 2 1 65 3754 3755 3751
4169 2 2 1 65 1152 3754 3751
4170 2 2 1 65 65 3763 1167
4171 2 2 1 65 3762 3770 3749
4172 2 2 1 65 3751 3763 65
4173 2 2 1 65 1153 3754 1152
4174 2 2 1 65 1167 3763 3748
4175 2 2 1 65 1165 3765 3753
4176 2 2 1 65 3749 3767 1154
4177 2 2 1 65 1164 3764 1163
4178 2 2 1 65 1154 3767 1153
4179 2 2 1 65 1166 3765 1165
4180 2 2 1 65 3753 3764 1164
4181 2 2 1 65 1155 3769 3749
4182 2 2 1 65 1158 3766 3752
4183 2 2 1 65 1159 3766 1158
4184 2 2 1 65 1163 3764 3750
4185 2 2 1 65 3748 3765 1166
4186 2 2 1 65 3752 3768 1157
4187 2 2 1 65 3747 3766 1159
4188 2 2 1 65 1157 3768 1156
4189 2 2 1 65 1156 3769 1155
4190 2 2 1 65 3755 3770 3757
4191 2 2 1 65 3762 3768 3752
4192 2 2 1 65 3749 3769 3762
4193 2 2 1 65 1153 3767 3754
4194 2 2 1 65 3762 3769 3768
4195 2 2 1 65 3768 3769 1156
4196 2 2 1 66 3780 3790 3771
4197 2 2 1 66 3775 3790 3780
4198 2 2 1 66 3782 3791 3774
4199 2 2 1 66 3777 3791 3782
4200 2 2 1 66 3771 3790 3788
4201 2 2 1 66 3778 3792 3779
4202 2 2 1 66 3779 3792 3772
4203 2 2 1 66 3791 3796 3774
4204 2 2 1 66 3787 3793 3773
4205 2 2 1 66 1168 3778 66
4206 2 2 1 66 3778 3793 3792
4207 2 2 1 66 1181 3777 1180
4208 2 2 1 66 1173 3776 1172
4209 2 2 1 66 1179 3774 1178
4210 2 2 1 66 1170 3773 1169
4211 2 2 1 66 1183 3772 1182
4212 2 2 1 66 1175 3771 1174
4213 2 2 1 66 1177 3775 1176
4214 2 2 1 66 3773 3794 3787
4215 2 2 1 66 3790 3791 3789
4216 2 2 1 66 3789 3793 3787
4217 2 2 1 66 3788 3790 3789
4218 2 2 1 66 3791 3792 3789
4219 2 2 1 66 3788 3789 3787
4220 2 2 1 66 3790 3796 3791
4221 2 2 1 66 3783 3793 3778
4222 2 2 1 66 3773 3793 3783
4223 2 2 1 66 3771 3788 3781
4224 2 2 1 66 3781 3788 3776
4225 2 2 1 66 3776 3788 3787
4226 2 2 1 66 3787 3794 3786
4227 2 2 1 66 3792 3793 3789
4228 2 2 1 66 3777 3795 3791
4229 2 2 1 66 3776 3787 3786
4230 2 2 1 66 1168 3783 3778
4231 2 2 1 66 66 3779 1183
4232 2 2 1 66 1181 3784 3777
4233 2 2 1 66 1173 3781 3776
4234 2 2 1 66 1171 3794 1170
4235 2 2 1 66 3778 3779 66
4236 2 2 1 66 1180 3782 1179
4237 2 2 1 66 1172 3786 1171
4238 2 2 1 66 3774 3785 1178
4239 2 2 1 66 1182 3784 1181
4240 2 2 1 66 1174 3781 1173
4241 2 2 1 66 1178 3785 1177
4242 2 2 1 66 3777 3782 1180
4243 2 2 1 66 3772 3784 1182
4244 2 2 1 66 3773 3783 1169
4245 2 2 1 66 1179 3782 3774
4246 2 2 1 66 3776 3786 1172
4247 2 2 1 66 1175 3780 3771
4248 2 2 1 66 1176 3780 1175
4249 2 2 1 66 1170 3794 3773
4250 2 2 1 66 3775 3780 1176
4251 2 2 1 66 1169 3783 1168
4252 2 2 1 66 3771 3781 1174
4253 2 2 1 66 1177 3785 3775
4254 2 2 1 66 1183 3779 3772
4255 2 2 1 66 3791 3795 3792
4256 2 2 1 66 3775 3796 3790
4257 2 2 1 66 3792 3795 3772
4258 2 2 1 66 3786 3794 1171
4259 2 2 1 66 3784 3795 3777
4260 2 2 1 66 3772 3795 3784
4261 2 2 1 66 3785 3796 3775
4262 2 2 1 66 3774 3796 3785
4263 2 2 1 67 3800 3814 3808
4264 2 2 1 67 3808 3815 3798
4265 2 2 1 67 3808 3809 3800
4266 2 2 1 67 3808 3814 3803
4267 2 2 1 67 3803 3815 3808
4268 2 2 1 67 3806 3808 3798
4269 2 2 1 67 1192 3810 3797
4270 2 2 1 67 3809 3811 3797
4271 2 2 1 67 1193 3810 1192
4272 2 2 1 67 1194 3810 1193
4273 2 2 1 67 3811 3816 3797
4274 2 2 1 67 3800 3810 1194
4275 2 2 1 67 3797 3810 3809
4276 2 2 1 67 3809 3810 3800
4277 2 2 1 67 3802 3816 3811
4278 2 2 1 67 1184 3801 67
4279 2 2 1 67 1187 3799 1186
4280 2 2 1 67 1197 3803 1196
4281 2 2 1 67 1195 3800 1194
4282 2 2 1 67 1190 3802 1189
4283 2 2 1 67 1199 3798 1198
4284 2 2 1 67 1192 3797 1191
4285 2 2 1 67 3805 3817 3799
4286 2 2 1 67 3807 3809 3808
4287 2 2 1 67 3807 3808 3806
4288 2 2 1 67 3805 3807 3806
4289 2 2 1 67 3799 3820 3805
4290 2 2 1 67 3807 3811 3809
4291 2 2 1 67 3811 3812 3802
4292 2 2 1 67 3798 3813 3806
4293 2 2 1 67 3806 3813 3801
4294 2 2 1 67 3805 3806 3801
4295 2 2 1 67 3811 3820 3812
4296 2 2 1 67 3807 3820 3811
4297 2 2 1 67 3804 3817 3805
4298 2 2 1 67 3804 3805 3801
4299 2 2 1 67 1184 3804 3801
4300 2 2 1 67 67 3813 1199
4301 2 2 1 67 3812 3820 3799
4302 2 2 1 67 3801 3813 67
4303 2 2 1 67 1185 3804 1184
4304 2 2 1 67 1199 3813 3798
4305 2 2 1 67 1197 3815 3803
4306 2 2 1 67 3799 3817 1186
4307 2 2 1 67 1196 3814 1195
4308 2 2 1 67 1186 3817 1185
4309 2 2 1 67 1198 3815 1197
4310 2 2 1 67 3803 3814 1196
4311 2 2 1 67 1190 3816 3802
4312 2 2 1 67 1187 3819 3799
4313 2 2 1 67 1191 3816 1190
4314 2 2 1 67 1195 3814 3800
4315 2 2 1 67 3798 3815 1198
4316 2 2 1 67 3802 3818 1189
4317 2 2 1 67 3797 3816 1191
4318 2 2 1 67 1189 3818 1188
4319 2 2 1 67 1188 3819 1187
4320 2 2 1 67 3805 3820 3807
4321 2 2 1 67 3812 3818 3802
4322 2 2 1 67 3799 3819 3812
4323 2 2 1 67 1185 3817 3804
4324 2 2 1 67 3812 3819 3818
4325 2 2 1 67 3818 3819 1188
4326 2 2 1 68 3832 3840 3824
4327 2 2 1 68 3822 3841 3832
4328 2 2 1 68 3824 3833 3832
4329 2 2 1 68 3827 3840 3832
4330 2 2 1 68 3832 3841 3827
4331 2 2 1 68 3826 3837 1210
4332 2 2 1 68 3822 3832 3830
4333 2 2 1 68 1210 3837 1209
4334 2 2 1 68 3821 3834 3833
4335 2 2 1 68 1205 3835 3824
4336 2 2 1 68 1206 3835 1205
4337 2 2 1 68 1207 3835 1206
4338 2 2 1 68 3821 3835 1207
4339 2 2 1 68 3833 3835 3821
4340 2 2 1 68 3824 3835 3833
4341 2 2 1 68 3834 3837 3826
4342 2 2 1 68 3829 3836 3823
4343 2 2 1 68 68 3825 1215
4344 2 2 1 68 1209 3837 1208
4345 2 2 1 68 1208 3837 3821
4346 2 2 1 68 3821 3837 3834
4347 2 2 1 68 1213 3823 1212
4348 2 2 1 68 1211 3826 1210
4349 2 2 1 68 1203 3827 1202
4350 2 2 1 68 1205 3824 1204
4351 2 2 1 68 1201 3822 1200
4352 2 2 1 68 1208 3821 1207
4353 2 2 1 68 3833 3834 3831
4354 2 2 1 68 3823 3842 3829
4355 2 2 1 68 3832 3833 3831
4356 2 2 1 68 3826 3836 3834
4357 2 2 1 68 3830 3832 3831
4358 2 2 1 68 3831 3836 3829
4359 2 2 1 68 3830 3831 3829
4360 2 2 1 68 3830 3838 3822
4361 2 2 1 68 3825 3838 3830
4362 2 2 1 68 3825 3830 3829
4363 2 2 1 68 3826 3839 3836
4364 2 2 1 68 3834 3836 3831
4365 2 2 1 68 3829 3842 3828
4366 2 2 1 68 3836 3839 3823
4367 2 2 1 68 3825 3829 3828
4368 2 2 1 68 3825 3828 1215
4369 2 2 1 68 1200 3838 68
4370 2 2 1 68 68 3838 3825
4371 2 2 1 68 1215 3828 1214
4372 2 2 1 68 3822 3838 1200
4373 2 2 1 68 3827 3841 1202
4374 2 2 1 68 1212 3839 1211
4375 2 2 1 68 1213 3842 3823
4376 2 2 1 68 1204 3840 1203
4377 2 2 1 68 1214 3842 1213
4378 2 2 1 68 3823 3839 1212
4379 2 2 1 68 1202 3841 1201
4380 2 2 1 68 1203 3840 3827
4381 2 2 1 68 1211 3839 3826
4382 2 2 1 68 3824 3840 1204
4383 2 2 1 68 1201 3841 3822
4384 2 2 1 68 3828 3842 1214
4385 2 2 1 69 3854 3862 3846
4386 2 2 1 69 3844 3863 3854
4387 2 2 1 69 3846 3855 3854
4388 2 2 1 69 3849 3862 3854
4389 2 2 1 69 3854 3863 3849
4390 2 2 1 69 3848 3859 1226
4391 2 2 1 69 3844 3854 3852
4392 2 2 1 69 1226 3859 1225
4393 2 2 1 69 3843 3856 3855
4394 2 2 1 69 1221 3857 3846
4395 2 2 1 69 1222 3857 1221
4396 2 2 1 69 1223 3857 1222
4397 2 2 1 69 3843 3857 1223
4398 2 2 1 69 3855 3857 3843
4399 2 2 1 69 3846 3857 3855
4400 2 2 1 69 3856 3859 3848
4401 2 2 1 69 3851 3858 3845
4402 2 2 1 69 69 3847 1231
4403 2 2 1 69 1225 3859 1224
4404 2 2 1 69 1224 3859 3843
4405 2 2 1 69 3843 3859 3856
4406 2 2 1 69 1229 3845 1228
4407 2 2 1 69 1227 3848 1226
4408 2 2 1 69 1219 3849 1218
4409 2 2 1 69 1221 3846 1220
4410 2 2 1 69 1217 3844 1216
4411 2 2 1 69 1224 3843 1223
4412 2 2 1 69 3855 3856 3853
4413 2 2 1 69 3845 3864 3851
4414 2 2 1 69 3854 3855 3853
4415 2 2 1 69 3848 3858 3856
4416 2 2 1 69 3852 3854 3853
4417 2 2 1 69 3853 3858 3851
4418 2 2 1 69 3852 3853 3851
4419 2 2 1 69 3852 3860 3844
4420 2 2 1 69 3847 3860 3852
4421 2 2 1 69 3847 3852 3851
4422 2 2 1 69 3848 3861 3858
4423 2 2 1 69 3856 3858 3853
4424 2 2 1 69 3851 3864 3850
4425 2 2 1 69 3858 3861 3845
4426 2 2 1 69 3847 3851 3850
4427 2 2 1 69 3847 3850 1231
4428 2 2 1 69 1216 3860 69
4429 2 2 1 69 69 3860 3847
4430 2 2 1 69 1231 3850 1230
4431 2 2 1 69 3844 3860 1216
4432 2 2 1 69 3849 3863 1218
4433 2 2 1 69 1228 3861 1227
4434 2 2 1 69 1229 3864 3845
4435 2 2 1 69 1220 3862 1219
4436 2 2 1 69 1230 3864 1229
4437 2 2 1 69 3845 3861 1228
4438 2 2 1 69 1218 3863 1217
4439 2 2 1 69 1219 3862 3849
4440 2 2 1 69 1227 3861 3848
4441 2 2 1 69 3846 3862 1220
4442 2 2 1 69 1217 3863 3844
4443 2 2 1 69 3850 3864 1230
4444 2 2 1 70 3865 3884 3874
4445 2 2 1 70 3874 3884 3869
4446 2 2 1 70 3868 3885 3875
4447 2 2 1 70 3875 3885 3871
4448 2 2 1 70 3882 3884 3865
4449 2 2 1 70 3873 3886 3872
4450 2 2 1 70 3866 3886 3873
4451 2 2 1 70 3868 3890 3885
4452 2 2 1 70 3867 3887 3881
4453 2 2 1 70 70 3872 1247
4454 2 2 1 70 3886 3887 3872
4455 2 2 1 70 1235 3871 1234
4456 2 2 1 70 1243 3870 1242
4457 2 2 1 70 1237 3868 1236
4458 2 2 1 70 1246 3867 1245
4459 2 2 1 70 1233 3866 1232
4460 2 2 1 70 1241 3865 1240
4461 2 2 1 70 1239 3869 1238
4462 2 2 1 70 3881 3888 3867
4463 2 2 1 70 3883 3885 3884
4464 2 2 1 70 3881 3887 3883
4465 2 2 1 70 3883 3884 3882
4466 2 2 1 70 3883 3886 3885
4467 2 2 1 70 3881 3883 3882
4468 2 2 1 70 3885 3890 3884
4469 2 2 1 70 3872 3887 3876
4470 2 2 1 70 3876 3887 3867
4471 2 2 1 70 3878 3882 3865
4472 2 2 1 70 3870 3882 3878
4473 2 2 1 70 3881 3882 3870
4474 2 2 1 70 3880 3888 3881
4475 2 2 1 70 3883 3887 3886
4476 2 2 1 70 3885 3889 3871
4477 2 2 1 70 3880 3881 3870
4478 2 2 1 70 3872 3876 1247
4479 2 2 1 70 1232 3873 70
4480 2 2 1 70 3871 3877 1234
4481 2 2 1 70 3870 3878 1242
4482 2 2 1 70 1245 3888 1244
4483 2 2 1 70 70 3873 3872
4484 2 2 1 70 1236 3875 1235
4485 2 2 1 70 1244 3880 1243
4486 2 2 1 70 1237 3879 3868
4487 2 2 1 70 1234 3877 1233
4488 2 2 1 70 1238 3879 1237
4489 2 2 1 70 1235 3875 3871
4490 2 2 1 70 1233 3877 3866
4491 2 2 1 70 1246 3876 3867
4492 2 2 1 70 3868 3875 1236
4493 2 2 1 70 1242 3878 1241
4494 2 2 1 70 3867 3888 1245
4495 2 2 1 70 1240 3874 1239
4496 2 2 1 70 3865 3874 1240
4497 2 2 1 70 1239 3874 3869
4498 2 2 1 70 1247 3876 1246
4499 2 2 1 70 1243 3880 3870
4500 2 2 1 70 1241 3878 3865
4501 2 2 1 70 3869 3879 1238
4502 2 2 1 70 3866 3873 1232
4503 2 2 1 70 3886 3889 3885
4504 2 2 1 70 3884 3890 3869
4505 2 2 1 70 3866 3889 3886
4506 2 2 1 70 1244 3888 3880
4507 2 2 1 70 3871 3889 3877
4508 2 2 1 70 3877 3889 3866
4509 2 2 1 70 3869 3890 3879
4510 2 2 1 70 3879 3890 3868
4511 2 2 1 71 3891 3910 3900
4512 2 2 1 71 3900 3910 3895
4513 2 2 1 71 3894 3911 3902
4514 2 2 1 71 3902 3911 3897
4515 2 2 1 71 3908 3910 3891
4516 2 2 1 71 3899 3912 3898
4517 2 2 1 71 3892 3912 3899
4518 2 2 1 71 3894 3916 3911
4519 2 2 1 71 3893 3913 3907
4520 2 2 1 71 71 3898 1263
4521 2 2 1 71 3912 3913 3898
4522 2 2 1 71 1251 3897 1250
4523 2 2 1 71 1259 3896 1258
4524 2 2 1 71 1253 3894 1252
4525 2 2 1 71 1262 3893 1261
4526 2 2 1 71 1249 3892 1248
4527 2 2 1 71 1257 3891 1256
4528 2 2 1 71 1255 3895 1254
4529 2 2 1 71 3907 3914 3893
4530 2 2 1 71 3909 3911 3910
4531 2 2 1 71 3907 3913 3909
4532 2 2 1 71 3909 3910 3908
4533 2 2 1 71 3909 3912 3911
4534 2 2 1 71 3907 3909 3908
4535 2 2 1 71 3911 3916 3910
4536 2 2 1 71 3898 3913 3903
4537 2 2 1 71 3903 3913 3893
4538 2 2 1 71 3901 3908 3891
4539 2 2 1 71 3896 3908 3901
4540 2 2 1 71 3907 3908 3896
4541 2 2 1 71 3906 3914 3907
4542 2 2 1 71 3909 3913 3912
4543 2 2 1 71 3911 3915 3897
4544 2 2 1 71 3906 3907 3896
4545 2 2 1 71 3898 3903 1263
4546 2 2 1 71 1248 3899 71
4547 2 2 1 71 3897 3905 1250
4548 2 2 1 71 3896 3901 1258
4549 2 2 1 71 1261 3914 1260
4550 2 2 1 71 71 3899 3898
4551 2 2 1 71 1252 3902 1251
4552 2 2 1 71 1253 3904 3894
4553 2 2 1 71 1260 3906 1259
4554 2 2 1 71 1250 3905 1249
4555 2 2 1 71 1254 3904 1253
4556 2 2 1 71 1251 3902 3897
4557 2 2 1 71 3891 3900 1256
4558 2 2 1 71 1249 3905 3892
4559 2 2 1 71 3894 3902 1252
4560 2 2 1 71 1262 3903 3893
4561 2 2 1 71 1258 3901 1257
4562 2 2 1 71 3893 3914 1261
4563 2 2 1 71 1256 3900 1255
4564 2 2 1 71 1255 3900 3895
4565 2 2 1 71 1257 3901 3891
4566 2 2 1 71 1259 3906 3896
4567 2 2 1 71 1263 3903 1262
4568 2 2 1 71 3895 3904 1254
4569 2 2 1 71 3892 3899 1248
4570 2 2 1 71 3912 3915 3911
4571 2 2 1 71 3910 3916 3895
4572 2 2 1 71 3892 3915 3912
4573 2 2 1 71 1260 3914 3906
4574 2 2 1 71 3897 3915 3905
4575 2 2 1 71 3905 3915 3892
4576 2 2 1 71 3895 3916 3904
4577 2 2 1 71 3904 3916 3894
4578 2 2 1 72 3926 3936 3917
4579 2 2 1 72 3921 3936 3926
4580 2 2 1 72 3928 3937 3920
4581 2 2 1 72 3923 3937 3928
4582 2 2 1 72 3917 3936 3934
4583 2 2 1 72 3924 3938 3925
4584 2 2 1 72 3925 3938 3918
4585 2 2 1 72 3937 3942 3920
4586 2 2 1 72 3933 3939 3919
4587 2 2 1 72 1264 3924 72
4588 2 2 1 72 3924 3939 3938
4589 2 2 1 72 1277 3923 1276
4590 2 2 1 72 1269 3922 1268
4591 2 2 1 72 1275 3920 1274
4592 2 2 1 72 1266 3919 1265
4593 2 2 1 72 1279 3918 1278
4594 2 2 1 72 1273 3921 1272
4595 2 2 1 72 1271 3917 1270
4596 2 2 1 72 3919 3940 3933
4597 2 2 1 72 3936 3937 3935
4598 2 2 1 72 3935 3939 3933
4599 2 2 1 72 3934 3936 3935
4600 2 2 1 72 3937 3938 3935
4601 2 2 1 72 3934 3935 3933
4602 2 2 1 72 3936 3942 3937
4603 2 2 1 72 3927 3939 3924
4604 2 2 1 72 3919 3939 3927
4605 2 2 1 72 3917 3934 3931
4606 2 2 1 72 3931 3934 3922
4607 2 2 1 72 3922 3934 3933
4608 2 2 1 72 3933 3940 3932
4609 2 2 1 72 3938 3939 3935
4610 2 2 1 72 3923 3941 3937
4611 2 2 1 72 3922 3933 3932
4612 2 2 1 72 1264 3927 3924
4613 2 2 1 72 72 3925 1279
4614 2 2 1 72 1277 3929 3923
4615 2 2 1 72 1267 3940 1266
4616 2 2 1 72 3924 3925 72
4617 2 2 1 72 1276 3928 1275
4618 2 2 1 72 1268 3932 1267
4619 2 2 1 72 1269 3931 3922
4620 2 2 1 72 1278 3929 1277
4621 2 2 1 72 3920 3930 1274
4622 2 2 1 72 1274 3930 1273
4623 2 2 1 72 1270 3931 1269
4624 2 2 1 72 3923 3928 1276
4625 2 2 1 72 3919 3927 1265
4626 2 2 1 72 3918 3929 1278
4627 2 2 1 72 1275 3928 3920
4628 2 2 1 72 1266 3940 3919
4629 2 2 1 72 3922 3932 1268
4630 2 2 1 72 1272 3926 1271
4631 2 2 1 72 3921 3926 1272
4632 2 2 1 72 1265 3927 1264
4633 2 2 1 72 1271 3926 3917
4634 2 2 1 72 1273 3930 3921
4635 2 2 1 72 1279 3925 3918
4636 2 2 1 72 3917 3931 1270
4637 2 2 1 72 3937 3941 3938
4638 2 2 1 72 3921 3942 3936
4639 2 2 1 72 3938 3941 3918
4640 2 2 1 72 3932 3940 1267
4641 2 2 1 72 3929 3941 3923
4642 2 2 1 72 3918 3941 3929
4643 2 2 1 72 3930 3942 3921
4644 2 2 1 72 3920 3942 3930
4645 2 2 1 73 3943 3962 3952
4646 2 2 1 73 3952 3962 3947
4647 2 2 1 73 3946 3963 3954
4648 2 2 1 73 3954 3963 3949
4649 2 2 1 73 3960 3962 3943
4650 2 2 1 73 3951 3964 3950
4651 2 2 1 73 3944 3964 3951
4652 2 2 1 73 3946 3968 3963
4653 2 2 1 73 3945 3965 3959
4654 2 2 1 73 73 3950 1295
4655 2 2 1 73 3964 3965 3950
4656 2 2 1 73 1283 3949 1282
4657 2 2 1 73 1291 3948 1290
4658 2 2 1 73 1285 3946 1284
4659 2 2 1 73 1294 3945 1293
4660 2 2 1 73 1289 3943 1288
4661 2 2 1 73 1281 3944 1280
4662 2 2 1 73 1287 3947 1286
4663 2 2 1 73 3959 3966 3945
4664 2 2 1 73 3961 3963 3962
4665 2 2 1 73 3959 3965 3961
4666 2 2 1 73 3961 3962 3960
4667 2 2 1 73 3961 3964 3963
4668 2 2 1 73 3959 3961 3960
4669 2 2 1 73 3963 3968 3962
4670 2 2 1 73 3950 3965 3955
4671 2 2 1 73 3955 3965 3945
4672 2 2 1 73 3953 3960 3943
4673 2 2 1 73 3948 3960 3953
4674 2 2 1 73 3959 3960 3948
4675 2 2 1 73 3958 3966 3959
4676 2 2 1 73 3961 3965 3964
4677 2 2 1 73 3963 3967 3949
4678 2 2 1 73 3958 3959 3948
4679 2 2 1 73 3950 3955 1295
4680 2 2 1 73 1280 3951 73
4681 2 2 1 73 3949 3957 1282
4682 2 2 1 73 3948 3953 1290
4683 2 2 1 73 73 3951 3950
4684 2 2 1 73 1293 3966 1292
4685 2 2 1 73 1284 3954 1283
4686 2 2 1 73 1285 3956 3946
4687 2 2 1 73 1292 3958 1291
4688 2 2 1 73 1290 3953 1289
4689 2 2 1 73 1282 3957 1281
4690 2 2 1 73 1286 3956 1285
4691 2 2 1 73 1283 3954 3949
4692 2 2 1 73 3943 3952 1288
4693 2 2 1 73 1291 3958 3948
4694 2 2 1 73 3946 3954 1284
4695 2 2 1 73 1281 3957 3944
4696 2 2 1 73 1294 3955 3945
4697 2 2 1 73 1288 3952 1287
4698 2 2 1 73 3945 3966 1293
4699 2 2 1 73 1287 3952 3947
4700 2 2 1 73 1289 3953 3943
4701 2 2 1 73 1295 3955 1294
4702 2 2 1 73 3947 3956 1286
4703 2 2 1 73 3944 3951 1280
4704 2 2 1 73 3964 3967 3963
4705 2 2 1 73 3962 3968 3947
4706 2 2 1 73 3944 3967 3964
4707 2 2 1 73 1292 3966 3958
4708 2 2 1 73 3949 3967 3957
4709 2 2 1 73 3957 3967 3944
4710 2 2 1 73 3947 3968 3956
4711 2 2 1 73 3956 3968 3946
4712 2 2 1 74 3972 3986 3980
4713 2 2 1 74 3980 3988 3970
4714 2 2 1 74 3980 3981 3972
4715 2 2 1 74 3980 3986 3975
4716 2 2 1 74 3975 3988 3980
4717 2 2 1 74 3978 3980 3970
4718 2 2 1 74 1304 3982 3969
4719 2 2 1 74 3981 3983 3969
4720 2 2 1 74 1305 3982 1304
4721 2 2 1 74 3983 3987 3969
4722 2 2 1 74 1306 3982 1305
4723 2 2 1 74 3972 3982 1306
4724 2 2 1 74 3969 3982 3981
4725 2 2 1 74 3981 3982 3972
4726 2 2 1 74 3974 3987 3983
4727 2 2 1 74 1296 3973 74
4728 2 2 1 74 1299 3971 1298
4729 2 2 1 74 1309 3975 1308
4730 2 2 1 74 1307 3972 1306
4731 2 2 1 74 1302 3974 1301
4732 2 2 1 74 1311 3970 1310
4733 2 2 1 74 1304 3969 1303
4734 2 2 1 74 3977 3989 3971
4735 2 2 1 74 3979 3981 3980
4736 2 2 1 74 3979 3980 3978
4737 2 2 1 74 3977 3979 3978
4738 2 2 1 74 3971 3992 3977
4739 2 2 1 74 3979 3983 3981
4740 2 2 1 74 3983 3984 3974
4741 2 2 1 74 3970 3985 3978
4742 2 2 1 74 3978 3985 3973
4743 2 2 1 74 3977 3978 3973
4744 2 2 1 74 3983 3992 3984
4745 2 2 1 74 3979 3992 3983
4746 2 2 1 74 3976 3989 3977
4747 2 2 1 74 3976 3977 3973
4748 2 2 1 74 1296 3976 3973
4749 2 2 1 74 74 3985 1311
4750 2 2 1 74 3984 3992 3971
4751 2 2 1 74 3973 3985 74
4752 2 2 1 74 1297 3976 1296
4753 2 2 1 74 1311 3985 3970
4754 2 2 1 74 1309 3988 3975
4755 2 2 1 74 3971 3989 1298
4756 2 2 1 74 1308 3986 1307
4757 2 2 1 74 1298 3989 1297
4758 2 2 1 74 1310 3988 1309
4759 2 2 1 74 1302 3987 3974
4760 2 2 1 74 3975 3986 1308
4761 2 2 1 74 1299 3991 3971
4762 2 2 1 74 1303 3987 1302
4763 2 2 1 74 1307 3986 3972
4764 2 2 1 74 3970 3988 1310
4765 2 2 1 74 3969 3987 1303
4766 2 2 1 74 3974 3990 1301
4767 2 2 1 74 1301 3990 1300
4768 2 2 1 74 1300 3991 1299
4769 2 2 1 74 3977 3992 3979
4770 2 2 1 74 3984 3990 3974
4771 2 2 1 74 3971 3991 3984
4772 2 2 1 74 1297 3989 3976
4773 2 2 1 74 3984 3991 3990
4774 2 2 1 74 3990 3991 1300
4775 2 2 1 75 3993 4012 4002
4776 2 2 1 75 4002 4012 3997
4777 2 2 1 75 3996 4013 4004
4778 2 2 1 75 4004 4013 3999
4779 2 2 1 75 4010 4012 3993
4780 2 2 1 75 4001 4014 4000
4781 2 2 1 75 3994 4014 4001
4782 2 2 1 75 3996 4018 4013
4783 2 2 1 75 3995 4015 4009
4784 2 2 1 75 75 4000 1327
4785 2 2 1 75 4014 4015 4000
4786 2 2 1 75 1315 3999 1314
4787 2 2 1 75 1323 3998 1322
4788 2 2 1 75 1317 3996 1316
4789 2 2 1 75 1326 3995 1325
4790 2 2 1 75 1313 3994 1312
4791 2 2 1 75 1321 3993 1320
4792 2 2 1 75 1319 3997 1318
4793 2 2 1 75 4009 4016 3995
4794 2 2 1 75 4011 4013 4012
4795 2 2 1 75 4009 4015 4011
4796 2 2 1 75 4011 4012 4010
4797 2 2 1 75 4011 4014 4013
4798 2 2 1 75 4009 4011 4010
4799 2 2 1 75 4013 4018 4012
4800 2 2 1 75 4000 4015 4003
4801 2 2 1 75 4003 4015 3995
4802 2 2 1 75 4007 4010 3993
4803 2 2 1 75 3998 4010 4007
4804 2 2 1 75 4009 4010 3998
4805 2 2 1 75 4008 4016 4009
4806 2 2 1 75 4011 4015 4014
4807 2 2 1 75 4013 4017 3999
4808 2 2 1 75 4008 4009 3998
4809 2 2 1 75 4000 4003 1327
4810 2 2 1 75 1312 4001 75
4811 2 2 1 75 3999 4005 1314
4812 2 2 1 75 1325 4016 1324
4813 2 2 1 75 3998 4007 1322
4814 2 2 1 75 75 4001 4000
4815 2 2 1 75 1316 4004 1315
4816 2 2 1 75 1324 4008 1323
4817 2 2 1 75 1317 4006 3996
4818 2 2 1 75 1314 4005 1313
4819 2 2 1 75 1318 4006 1317
4820 2 2 1 75 1315 4004 3999
4821 2 2 1 75 1326 4003 3995
4822 2 2 1 75 1313 4005 3994
4823 2 2 1 75 3996 4004 1316
4824 2 2 1 75 3995 4016 1325
4825 2 2 1 75 1322 4007 1321
4826 2 2 1 75 1320 4002 1319
4827 2 2 1 75 3993 4002 1320
4828 2 2 1 75 1319 4002 3997
4829 2 2 1 75 1327 4003 1326
4830 2 2 1 75 1323 4008 3998
4831 2 2 1 75 1321 4007 3993
4832 2 2 1 75 3997 4006 1318
4833 2 2 1 75 3994 4001 1312
4834 2 2 1 75 4014 4017 4013
4835 2 2 1 75 4012 4018 3997
4836 2 2 1 75 3994 4017 4014
4837 2 2 1 75 1324 4016 4008
4838 2 2 1 75 3999 4017 4005
4839 2 2 1 75 4005 4017 3994
4840 2 2 1 75 3997 4018 4006
4841 2 2 1 75 4006 4018 3996
4842 2 2 1 76 4027 4038 4026
4843 2 2 1 76 4030 4039 4025
4844 2 2 1 76 4022 4039 4030
4845 2 2 1 76 4019 4040 4028
4846 2 2 1 76 4020 4038 4027
4847 2 2 1 76 4028 4040 4023
4848 2 2 1 76 4026 4038 4036
4849 2 2 1 76 4019 4041 4040
4850 2 2 1 76 4035 4041 4024
4851 2 2 1 76 76 4026 1343
4852 2 2 1 76 1331 4025 1330
4853 2 2 1 76 1339 4024 1338
4854 2 2 1 76 4039 4044 4025
4855 2 2 1 76 4037 4041 4035
4856 2 2 1 76 1333 4022 1332
4857 2 2 1 76 1342 4021 1341
4858 2 2 1 76 1329 4020 1328
4859 2 2 1 76 1335 4023 1334
4860 2 2 1 76 1337 4019 1336
4861 2 2 1 76 4024 4042 4035
4862 2 2 1 76 4038 4039 4037
4863 2 2 1 76 4036 4038 4037
4864 2 2 1 76 4039 4040 4037
4865 2 2 1 76 4036 4037 4035
4866 2 2 1 76 4022 4043 4039
4867 2 2 1 76 4040 4041 4037
4868 2 2 1 76 4033 4041 4019
4869 2 2 1 76 4024 4041 4033
4870 2 2 1 76 4038 4044 4039
4871 2 2 1 76 4029 4036 4021
4872 2 2 1 76 4035 4042 4034
4873 2 2 1 76 4026 4036 4029
4874 2 2 1 76 4021 4036 4035
4875 2 2 1 76 4021 4035 4034
4876 2 2 1 76 4026 4029 1343
4877 2 2 1 76 1328 4027 76
4878 2 2 1 76 4025 4031 1330
4879 2 2 1 76 1340 4042 1339
4880 2 2 1 76 76 4027 4026
4881 2 2 1 76 1332 4030 1331
4882 2 2 1 76 4024 4033 1338
4883 2 2 1 76 1341 4034 1340
4884 2 2 1 76 1330 4031 1329
4885 2 2 1 76 1333 4032 4022
4886 2 2 1 76 1334 4032 1333
4887 2 2 1 76 1331 4030 4025
4888 2 2 1 76 1342 4029 4021
4889 2 2 1 76 1329 4031 4020
4890 2 2 1 76 4022 4030 1332
4891 2 2 1 76 1338 4033 1337
4892 2 2 1 76 1336 4028 1335
4893 2 2 1 76 4021 4034 1341
4894 2 2 1 76 1339 4042 4024
4895 2 2 1 76 1335 4028 4023
4896 2 2 1 76 4019 4028 1336
4897 2 2 1 76 1343 4029 1342
4898 2 2 1 76 1337 4033 4019
4899 2 2 1 76 4023 4032 1334
4900 2 2 1 76 4020 4027 1328
4901 2 2 1 76 4039 4043 4040
4902 2 2 1 76 4020 4044 4038
4903 2 2 1 76 4040 4043 4023
4904 2 2 1 76 4034 4042 1340
4905 2 2 1 76 4023 4043 4032
4906 2 2 1 76 4032 4043 4022
4907 2 2 1 76 4031 4044 4020
4908 2 2 1 76 4025 4044 4031
4909 2 2 1 77 4056 4063 4048
4910 2 2 1 77 4046 4064 4056
4911 2 2 1 77 4048 4057 4056
4912 2 2 1 77 4051 4063 4056
4913 2 2 1 77 4056 4064 4051
4914 2 2 1 77 4046 4056 4054
4915 2 2 1 77 4045 4058 1351
4916 2 2 1 77 4045 4059 4057
4917 2 2 1 77 1351 4058 1350
4918 2 2 1 77 4045 4062 4059
4919 2 2 1 77 1350 4058 1349
4920 2 2 1 77 1349 4058 4048
4921 2 2 1 77 4057 4058 4045
4922 2 2 1 77 4048 4058 4057
4923 2 2 1 77 4059 4062 4050
4924 2 2 1 77 77 4049 1359
4925 2 2 1 77 1357 4047 1356
4926 2 2 1 77 1347 4051 1346
4927 2 2 1 77 1349 4048 1348
4928 2 2 1 77 1345 4046 1344
4929 2 2 1 77 1354 4050 1353
4930 2 2 1 77 1352 4045 1351
4931 2 2 1 77 4047 4065 4053
4932 2 2 1 77 4056 4057 4055
4933 2 2 1 77 4054 4056 4055
4934 2 2 1 77 4054 4055 4053
4935 2 2 1 77 4053 4068 4047
4936 2 2 1 77 4057 4059 4055
4937 2 2 1 77 4050 4060 4059
4938 2 2 1 77 4054 4061 4046
4939 2 2 1 77 4049 4061 4054
4940 2 2 1 77 4049 4054 4053
4941 2 2 1 77 4060 4068 4059
4942 2 2 1 77 4059 4068 4055
4943 2 2 1 77 4053 4065 4052
4944 2 2 1 77 4049 4053 4052
4945 2 2 1 77 4049 4052 1359
4946 2 2 1 77 1344 4061 77
4947 2 2 1 77 4047 4068 4060
4948 2 2 1 77 77 4061 4049
4949 2 2 1 77 1359 4052 1358
4950 2 2 1 77 4046 4061 1344
4951 2 2 1 77 4051 4064 1346
4952 2 2 1 77 1357 4065 4047
4953 2 2 1 77 1348 4063 1347
4954 2 2 1 77 1358 4065 1357
4955 2 2 1 77 1346 4064 1345
4956 2 2 1 77 1347 4063 4051
4957 2 2 1 77 4047 4067 1356
4958 2 2 1 77 1353 4062 1352
4959 2 2 1 77 4048 4063 1348
4960 2 2 1 77 4050 4062 1353
4961 2 2 1 77 1345 4064 4046
4962 2 2 1 77 1352 4062 4045
4963 2 2 1 77 1354 4066 4050
4964 2 2 1 77 1355 4066 1354
4965 2 2 1 77 1356 4067 1355
4966 2 2 1 77 4055 4068 4053
4967 2 2 1 77 4050 4066 4060
4968 2 2 1 77 4060 4067 4047
4969 2 2 1 77 4052 4065 1358
4970 2 2 1 77 4066 4067 4060
4971 2 2 1 77 1355 4067 4066
4972 2 2 1 78 4069 4088 4078
4973 2 2 1 78 4078 4088 4073
4974 2 2 1 78 4072 4089 4080
4975 2 2 1 78 4080 4089 4075
4976 2 2 1 78 4086 4088 4069
4977 2 2 1 78 4077 4090 4076
4978 2 2 1 78 4070 4090 4077
4979 2 2 1 78 4072 4094 4089
4980 2 2 1 78 4071 4091 4085
4981 2 2 1 78 78 4076 1375
4982 2 2 1 78 4090 4091 4076
4983 2 2 1 78 1363 4075 1362
4984 2 2 1 78 1371 4074 1370
4985 2 2 1 78 1365 4072 1364
4986 2 2 1 78 1374 4071 1373
4987 2 2 1 78 1361 4070 1360
4988 2 2 1 78 1369 4069 1368
4989 2 2 1 78 1367 4073 1366
4990 2 2 1 78 4085 4092 4071
4991 2 2 1 78 4087 4089 4088
4992 2 2 1 78 4085 4091 4087
4993 2 2 1 78 4087 4088 4086
4994 2 2 1 78 4087 4090 4089
4995 2 2 1 78 4085 4087 4086
4996 2 2 1 78 4089 4094 4088
4997 2 2 1 78 4076 4091 4079
4998 2 2 1 78 4079 4091 4071
4999 2 2 1 78 4083 4086 4069
5000 2 2 1 78 4074 4086 4083
5001 2 2 1 78 4085 4086 4074
5002 2 2 1 78 4084 4092 4085
5003 2 2 1 78 4087 4091 4090
5004 2 2 1 78 4089 4093 4075
5005 2 2 1 78 4084 4085 4074
5006 2 2 1 78 4076 4079 1375
5007 2 2 1 78 1360 4077 78
5008 2 2 1 78 4075 4081 1362
5009 2 2 1 78 1373 4092 1372
5010 2 2 1 78 78 4077 4076
5011 2 2 1 78 1364 4080 1363
5012 2 2 1 78 4074 4083 1370
5013 2 2 1 78 1372 4084 1371
5014 2 2 1 78 1365 4082 4072
5015 2 2 1 78 1362 4081 1361
5016 2 2 1 78 1366 4082 1365
5017 2 2 1 78 1363 4080 4075
5018 2 2 1 78 1374 4079 4071
5019 2 2 1 78 1361 4081 4070
5020 2 2 1 78 4072 4080 1364
5021 2 2 1 78 4071 4092 1373
5022 2 2 1 78 1370 4083 1369
5023 2 2 1 78 1368 4078 1367
5024 2 2 1 78 4069 4078 1368
5025 2 2 1 78 1367 4078 4073
5026 2 2 1 78 1375 4079 1374
5027 2 2 1 78 1371 4084 4074
5028 2 2 1 78 1369 4083 4069
5029 2 2 1 78 4073 4082 1366
5030 2 2 1 78 4070 4077 1360
5031 2 2 1 78 4090 4093 4089
5032 2 2 1 78 4088 4094 4073
5033 2 2 1 78 4070 4093 4090
5034 2 2 1 78 1372 4092 4084
5035 2 2 1 78 4075 4093 4081
5036 2 2 1 78 4081 4093 4070
5037 2 2 1 78 4073 4094 4082
5038 2 2 1 78 4082 4094 4072
5039 2 2 1 79 4095 4114 4104
5040 2 2 1 79 4104 4114 4099
5041 2 2 1 79 4098 4115 4107
5042 2 2 1 79 4107 4115 4101
5043 2 2 1 79 4112 4114 4095
5044 2 2 1 79 4103 4116 4102
5045 2 2 1 79 4096 4116 4103
5046 2 2 1 79 4098 4120 4115
5047 2 2 1 79 4097 4117 4111
5048 2 2 1 79 79 4102 1391
5049 2 2 1 79 4116 4117 4102
5050 2 2 1 79 1379 4101 1378
5051 2 2 1 79 1387 4100 1386
5052 2 2 1 79 1381 4098 1380
5053 2 2 1 79 1390 4097 1389
5054 2 2 1 79 1377 4096 1376
5055 2 2 1 79 1383 4099 1382
5056 2 2 1 79 1385 4095 1384
5057 2 2 1 79 4111 4118 4097
5058 2 2 1 79 4113 4115 4114
5059 2 2 1 79 4111 4117 4113
5060 2 2 1 79 4113 4114 4112
5061 2 2 1 79 4113 4116 4115
5062 2 2 1 79 4111 4113 4112
5063 2 2 1 79 4115 4120 4114
5064 2 2 1 79 4102 4117 4105
5065 2 2 1 79 4105 4117 4097
5066 2 2 1 79 4109 4112 4095
5067 2 2 1 79 4100 4112 4109
5068 2 2 1 79 4111 4112 4100
5069 2 2 1 79 4110 4118 4111
5070 2 2 1 79 4113 4117 4116
5071 2 2 1 79 4115 4119 4101
5072 2 2 1 79 4110 4111 4100
5073 2 2 1 79 4102 4105 1391
5074 2 2 1 79 1376 4103 79
5075 2 2 1 79 4101 4106 1378
5076 2 2 1 79 1389 4118 1388
5077 2 2 1 79 79 4103 4102
5078 2 2 1 79 1380 4107 1379
5079 2 2 1 79 1388 4110 1387
5080 2 2 1 79 4100 4109 1386
5081 2 2 1 79 1378 4106 1377
5082 2 2 1 79 1381 4108 4098
5083 2 2 1 79 1382 4108 1381
5084 2 2 1 79 1386 4109 1385
5085 2 2 1 79 1379 4107 4101
5086 2 2 1 79 1390 4105 4097
5087 2 2 1 79 1377 4106 4096
5088 2 2 1 79 4098 4107 1380
5089 2 2 1 79 4097 4118 1389
5090 2 2 1 79 1387 4110 4100
5091 2 2 1 79 1384 4104 1383
5092 2 2 1 79 1391 4105 1390
5093 2 2 1 79 1383 4104 4099
5094 2 2 1 79 4095 4104 1384
5095 2 2 1 79 4096 4103 1376
5096 2 2 1 79 4099 4108 1382
5097 2 2 1 79 1385 4109 4095
5098 2 2 1 79 4116 4119 4115
5099 2 2 1 79 4114 4120 4099
5100 2 2 1 79 4096 4119 4116
5101 2 2 1 79 1388 4118 4110
5102 2 2 1 79 4101 4119 4106
5103 2 2 1 79 4106 4119 4096
5104 2 2 1 79 4099 4120 4108
5105 2 2 1 79 4108 4120 4098
5106 2 2 1 80 4124 4138 4132
5107 2 2 1 80 4132 4139 4122
5108 2 2 1 80 4132 4133 4124
5109 2 2 1 80 4132 4138 4127
5110 2 2 1 80 4127 4139 4132
5111 2 2 1 80 4130 4132 4122
5112 2 2 1 80 1400 4134 4121
5113 2 2 1 80 4133 4135 4121
5114 2 2 1 80 1401 4134 1400
5115 2 2 1 80 1402 4134 1401
5116 2 2 1 80 4135 4140 4121
5117 2 2 1 80 4124 4134 1402
5118 2 2 1 80 4121 4134 4133
5119 2 2 1 80 4133 4134 4124
5120 2 2 1 80 4126 4140 4135
5121 2 2 1 80 1392 4125 80
5122 2 2 1 80 1395 4123 1394
5123 2 2 1 80 1405 4127 1404
5124 2 2 1 80 1403 4124 1402
5125 2 2 1 80 1398 4126 1397
5126 2 2 1 80 1407 4122 1406
5127 2 2 1 80 1400 4121 1399
5128 2 2 1 80 4129 4141 4123
5129 2 2 1 80 4131 4133 4132
5130 2 2 1 80 4131 4132 4130
5131 2 2 1 80 4129 4131 4130
5132 2 2 1 80 4123 4144 4129
5133 2 2 1 80 4131 4135 4133
5134 2 2 1 80 4135 4136 4126
5135 2 2 1 80 4122 4137 4130
5136 2 2 1 80 4130 4137 4125
5137 2 2 1 80 4129 4130 4125
5138 2 2 1 80 4135 4144 4136
5139 2 2 1 80 4131 4144 4135
5140 2 2 1 80 4128 4141 4129
5141 2 2 1 80 4128 4129 4125
5142 2 2 1 80 1392 4128 4125
5143 2 2 1 80 80 4137 1407
5144 2 2 1 80 4136 4144 4123
5145 2 2 1 80 4125 4137 80
5146 2 2 1 80 1393 4128 1392
5147 2 2 1 80 1407 4137 4122
5148 2 2 1 80 1405 4139 4127
5149 2 2 1 80 4123 4141 1394
5150 2 2 1 80 1404 4138 1403
5151 2 2 1 80 1394 4141 1393
5152 2 2 1 80 1406 4139 1405
5153 2 2 1 80 4127 4138 1404
5154 2 2 1 80 1395 4143 4123
5155 2 2 1 80 1398 4140 4126
5156 2 2 1 80 1399 4140 1398
5157 2 2 1 80 1403 4138 4124
5158 2 2 1 80 4122 4139 1406
5159 2 2 1 80 4126 4142 1397
5160 2 2 1 80 4121 4140 1399
5161 2 2 1 80 1397 4142 1396
5162 2 2 1 80 1396 4143 1395
5163 2 2 1 80 4129 4144 4131
5164 2 2 1 80 4136 4142 4126
5165 2 2 1 80 4123 4143 4136
5166 2 2 1 80 1393 4141 4128
5167 2 2 1 80 4136 4143 4142
5168 2 2 1 80 4142 4143 1396
5169 2 2 1 81 4145 4164 4154
5170 2 2 1 81 4154 4164 4149
5171 2 2 1 81 4148 4165 4156
5172 2 2 1 81 4156 4165 4151
5173 2 2 1 81 4162 4164 4145
5174 2 2 1 81 4153 4166 4152
5175 2 2 1 81 4146 4166 4153
5176 2 2 1 81 4148 4170 4165
5177 2 2 1 81 4147 4167 4161
5178 2 2 1 81 81 4152 1423
5179 2 2 1 81 4166 4167 4152
5180 2 2 1 81 1411 4151 1410
5181 2 2 1 81 1419 4150 1418
5182 2 2 1 81 1413 4148 1412
5183 2 2 1 81 1422 4147 1421
5184 2 2 1 81 1409 4146 1408
5185 2 2 1 81 1417 4145 1416
5186 2 2 1 81 1415 4149 1414
5187 2 2 1 81 4161 4168 4147
5188 2 2 1 81 4163 4165 4164
5189 2 2 1 81 4161 4167 4163
5190 2 2 1 81 4163 4164 4162
5191 2 2 1 81 4163 4166 4165
5192 2 2 1 81 4161 4163 4162
5193 2 2 1 81 4165 4170 4164
5194 2 2 1 81 4152 4167 4155
5195 2 2 1 81 4155 4167 4147
5196 2 2 1 81 4157 4162 4145
5197 2 2 1 81 4150 4162 4157
5198 2 2 1 81 4161 4162 4150
5199 2 2 1 81 4160 4168 4161
5200 2 2 1 81 4163 4167 4166
5201 2 2 1 81 4165 4169 4151
5202 2 2 1 81 4160 4161 4150
5203 2 2 1 81 4152 4155 1423
5204 2 2 1 81 1408 4153 81
5205 2 2 1 81 4151 4158 1410
5206 2 2 1 81 1421 4168 1420
5207 2 2 1 81 81 4153 4152
5208 2 2 1 81 1412 4156 1411
5209 2 2 1 81 4150 4157 1418
5210 2 2 1 81 1420 4160 1419
5211 2 2 1 81 1413 4159 4148
5212 2 2 1 81 1410 4158 1409
5213 2 2 1 81 1418 4157 1417
5214 2 2 1 81 1414 4159 1413
5215 2 2 1 81 1411 4156 4151
5216 2 2 1 81 1422 4155 4147
5217 2 2 1 81 1409 4158 4146
5218 2 2 1 81 4148 4156 1412
5219 2 2 1 81 1419 4160 4150
5220 2 2 1 81 4147 4168 1421
5221 2 2 1 81 1416 4154 1415
5222 2 2 1 81 4145 4154 1416
5223 2 2 1 81 1415 4154 4149
5224 2 2 1 81 1423 4155 1422
5225 2 2 1 81 1417 4157 4145
5226 2 2 1 81 4149 4159 1414
5227 2 2 1 81 4146 4153 1408
5228 2 2 1 81 4166 4169 4165
5229 2 2 1 81 4164 4170 4149
5230 2 2 1 81 4146 4169 4166
5231 2 2 1 81 1420 4168 4160
5232 2 2 1 81 4151 4169 4158
5233 2 2 1 81 4158 4169 4146
5234 2 2 1 81 4149 4170 4159
5235 2 2 1 81 4159 4170 4148
5236 2 2 1 82 4171 4190 4180
5237 2 2 1 82 4180 4190 4175
5238 2 2 1 82 4174 4191 4182
5239 2 2 1 82 4182 4191 4177
5240 2 2 1 82 4188 4190 4171
5241 2 2 1 82 4179 4192 4178
5242 2 2 1 82 4172 4192 4179
5243 2 2 1 82 4174 4196 4191
5244 2 2 1 82 4173 4193 4187
5245 2 2 1 82 82 4178 1439
5246 2 2 1 82 4192 4193 4178
5247 2 2 1 82 1427 4177 1426
5248 2 2 1 82 1435 4176 1434
5249 2 2 1 82 1429 4174 1428
5250 2 2 1 82 1438 4173 1437
5251 2 2 1 82 1425 4172 1424
5252 2 2 1 82 1433 4171 1432
5253 2 2 1 82 1431 4175 1430
5254 2 2 1 82 4187 4194 4173
5255 2 2 1 82 4189 4191 4190
5256 2 2 1 82 4187 4193 4189
5257 2 2 1 82 4189 4190 4188
5258 2 2 1 82 4189 4192 4191
5259 2 2 1 82 4187 4189 4188
5260 2 2 1 82 4191 4196 4190
5261 2 2 1 82 4178 4193 4181
5262 2 2 1 82 4181 4193 4173
5263 2 2 1 82 4185 4188 4171
5264 2 2 1 82 4176 4188 4185
5265 2 2 1 82 4187 4188 4176
5266 2 2 1 82 4186 4194 4187
5267 2 2 1 82 4189 4193 4192
5268 2 2 1 82 4191 4195 4177
5269 2 2 1 82 4186 4187 4176
5270 2 2 1 82 4178 4181 1439
5271 2 2 1 82 1424 4179 82
5272 2 2 1 82 4177 4183 1426
5273 2 2 1 82 1437 4194 1436
5274 2 2 1 82 82 4179 4178
5275 2 2 1 82 4176 4185 1434
5276 2 2 1 82 1428 4182 1427
5277 2 2 1 82 1436 4186 1435
5278 2 2 1 82 1429 4184 4174
5279 2 2 1 82 1426 4183 1425
5280 2 2 1 82 1430 4184 1429
5281 2 2 1 82 1427 4182 4177
5282 2 2 1 82 1438 4181 4173
5283 2 2 1 82 1425 4183 4172
5284 2 2 1 82 4174 4182 1428
5285 2 2 1 82 4173 4194 1437
5286 2 2 1 82 1434 4185 1433
5287 2 2 1 82 1432 4180 1431
5288 2 2 1 82 4171 4180 1432
5289 2 2 1 82 1431 4180 4175
5290 2 2 1 82 1439 4181 1438
5291 2 2 1 82 1435 4186 4176
5292 2 2 1 82 1433 4185 4171
5293 2 2 1 82 4175 4184 1430
5294 2 2 1 82 4172 4179 1424
5295 2 2 1 82 4192 4195 4191
5296 2 2 1 82 4190 4196 4175
5297 2 2 1 82 4172 4195 4192
5298 2 2 1 82 1436 4194 4186
5299 2 2 1 82 4177 4195 4183
5300 2 2 1 82 4183 4195 4172
5301 2 2 1 82 4175 4196 4184
5302 2 2 1 82 4184 4196 4174
5303 2 2 1 83 4206 4215 4197
5304 2 2 1 83 4201 4215 4206
5305 2 2 1 83 4209 4216 4200
5306 2 2 1 83 4203 4216 4209
5307 2 2 1 83 4197 4215 4213
5308 2 2 1 83 4204 4217 4205
5309 2 2 1 83 4205 4217 4198
5310 2 2 1 83 4216 4222 4200
5311 2 2 1 83 4212 4218 4199
5312 2 2 1 83 1440 4204 83
5313 2 2 1 83 4204 4218 4217
5314 2 2 1 83 1453 4203 1452
5315 2 2 1 83 1451 4200 1450
5316 2 2 1 83 1445 4202 1444
5317 2 2 1 83 1442 4199 1441
5318 2 2 1 83 1455 4198 1454
5319 2 2 1 83 1449 4201 1448
5320 2 2 1 83 1447 4197 1446
5321 2 2 1 83 4199 4219 4212
5322 2 2 1 83 4215 4216 4214
5323 2 2 1 83 4214 4218 4212
5324 2 2 1 83 4213 4215 4214
5325 2 2 1 83 4216 4217 4214
5326 2 2 1 83 4213 4214 4212
5327 2 2 1 83 4215 4222 4216
5328 2 2 1 83 4207 4218 4204
5329 2 2 1 83 4199 4218 4207
5330 2 2 1 83 4197 4213 4210
5331 2 2 1 83 4210 4213 4202
5332 2 2 1 83 4202 4213 4212
5333 2 2 1 83 4212 4219 4211
5334 2 2 1 83 4217 4218 4214
5335 2 2 1 83 4203 4221 4216
5336 2 2 1 83 4202 4212 4211
5337 2 2 1 83 1440 4207 4204
5338 2 2 1 83 83 4205 1455
5339 2 2 1 83 1453 4208 4203
5340 2 2 1 83 1443 4219 1442
5341 2 2 1 83 4204 4205 83
5342 2 2 1 83 1452 4209 1451
5343 2 2 1 83 4200 4220 1450
5344 2 2 1 83 1444 4211 1443
5345 2 2 1 83 1445 4210 4202
5346 2 2 1 83 1454 4208 1453
5347 2 2 1 83 1446 4210 1445
5348 2 2 1 83 4203 4209 1452
5349 2 2 1 83 4199 4207 1441
5350 2 2 1 83 4198 4208 1454
5351 2 2 1 83 1442 4219 4199
5352 2 2 1 83 1450 4220 1449
5353 2 2 1 83 4202 4211 1444
5354 2 2 1 83 1448 4206 1447
5355 2 2 1 83 4201 4206 1448
5356 2 2 1 83 1441 4207 1440
5357 2 2 1 83 1447 4206 4197
5358 2 2 1 83 1451 4209 4200
5359 2 2 1 83 1449 4220 4201
5360 2 2 1 83 1455 4205 4198
5361 2 2 1 83 4197 4210 1446
5362 2 2 1 83 4216 4221 4217
5363 2 2 1 83 4201 4222 4215
5364 2 2 1 83 4217 4221 4198
5365 2 2 1 83 4211 4219 1443
5366 2 2 1 83 4208 4221 4203
5367 2 2 1 83 4198 4221 4208
5368 2 2 1 83 4220 4222 4201
5369 2 2 1 83 4200 4222 4220
5370 2 2 1 84 4234 4240 4226
5371 2 2 1 84 4224 4242 4234
5372 2 2 1 84 4226 4235 4234
5373 2 2 1 84 4229 4240 4234
5374 2 2 1 84 4234 4242 4229
5375 2 2 1 84 4224 4234 4232
5376 2 2 1 84 4223 4236 1463
5377 2 2 1 84 4223 4237 4235
5378 2 2 1 84 1463 4236 1462
5379 2 2 1 84 1462 4236 1461
5380 2 2 1 84 4223 4241 4237
5381 2 2 1 84 1461 4236 4226
5382 2 2 1 84 4235 4236 4223
5383 2 2 1 84 4226 4236 4235
5384 2 2 1 84 4237 4241 4228
5385 2 2 1 84 84 4227 1471
5386 2 2 1 84 1469 4225 1468
5387 2 2 1 84 1459 4229 1458
5388 2 2 1 84 1461 4226 1460
5389 2 2 1 84 1457 4224 1456
5390 2 2 1 84 1466 4228 1465
5391 2 2 1 84 1464 4223 1463
5392 2 2 1 84 4225 4243 4231
5393 2 2 1 84 4234 4235 4233
5394 2 2 1 84 4232 4234 4233
5395 2 2 1 84 4232 4233 4231
5396 2 2 1 84 4231 4246 4225
5397 2 2 1 84 4235 4237 4233
5398 2 2 1 84 4228 4238 4237
5399 2 2 1 84 4232 4239 4224
5400 2 2 1 84 4227 4239 4232
5401 2 2 1 84 4227 4232 4231
5402 2 2 1 84 4238 4246 4237
5403 2 2 1 84 4237 4246 4233
5404 2 2 1 84 4231 4243 4230
5405 2 2 1 84 4227 4231 4230
5406 2 2 1 84 4227 4230 1471
5407 2 2 1 84 1456 4239 84
5408 2 2 1 84 4225 4246 4238
5409 2 2 1 84 84 4239 4227
5410 2 2 1 84 1471 4230 1470
5411 2 2 1 84 4224 4239 1456
5412 2 2 1 84 4229 4242 1458
5413 2 2 1 84 1469 4243 4225
5414 2 2 1 84 1460 4240 1459
5415 2 2 1 84 1470 4243 1469
5416 2 2 1 84 1458 4242 1457
5417 2 2 1 84 1459 4240 4229
5418 2 2 1 84 4225 4245 1468
5419 2 2 1 84 1465 4241 1464
5420 2 2 1 84 4226 4240 1460
5421 2 2 1 84 1457 4242 4224
5422 2 2 1 84 4228 4241 1465
5423 2 2 1 84 1466 4244 4228
5424 2 2 1 84 1464 4241 4223
5425 2 2 1 84 1467 4244 1466
5426 2 2 1 84 1468 4245 1467
5427 2 2 1 84 4233 4246 4231
5428 2 2 1 84 4228 4244 4238
5429 2 2 1 84 4238 4245 4225
5430 2 2 1 84 4230 4243 1470
5431 2 2 1 84 4244 4245 4238
5432 2 2 1 84 1467 4245 4244
5433 2 2 1 85 4247 4266 4256
5434 2 2 1 85 4256 4266 4251
5435 2 2 1 85 4250 4267 4258
5436 2 2 1 85 4258 4267 4253
5437 2 2 1 85 4264 4266 4247
5438 2 2 1 85 4255 4268 4254
5439 2 2 1 85 4248 4268 4255
5440 2 2 1 85 4250 4272 4267
5441 2 2 1 85 4249 4269 4263
5442 2 2 1 85 85 4254 1487
5443 2 2 1 85 4268 4269 4254
5444 2 2 1 85 1475 4253 1474
5445 2 2 1 85 1483 4252 1482
5446 2 2 1 85 1477 4250 1476
5447 2 2 1 85 1486 4249 1485
5448 2 2 1 85 1473 4248 1472
5449 2 2 1 85 1481 4247 1480
5450 2 2 1 85 1479 4251 1478
5451 2 2 1 85 4263 4270 4249
5452 2 2 1 85 4265 4267 4266
5453 2 2 1 85 4263 4269 4265
5454 2 2 1 85 4265 4266 4264
5455 2 2 1 85 4265 4268 4267
5456 2 2 1 85 4263 4265 4264
5457 2 2 1 85 4267 4272 4266
5458 2 2 1 85 4254 4269 4259
5459 2 2 1 85 4259 4269 4249
5460 2 2 1 85 4257 4264 4247
5461 2 2 1 85 4252 4264 4257
5462 2 2 1 85 4263 4264 4252
5463 2 2 1 85 4262 4270 4263
5464 2 2 1 85 4265 4269 4268
5465 2 2 1 85 4267 4271 4253
5466 2 2 1 85 4262 4263 4252
5467 2 2 1 85 4254 4259 1487
5468 2 2 1 85 1472 4255 85
5469 2 2 1 85 4253 4261 1474
5470 2 2 1 85 4252 4257 1482
5471 2 2 1 85 1485 4270 1484
5472 2 2 1 85 85 4255 4254
5473 2 2 1 85 1476 4258 1475
5474 2 2 1 85 1477 4260 4250
5475 2 2 1 85 1484 4262 1483
5476 2 2 1 85 1474 4261 1473
5477 2 2 1 85 1478 4260 1477
5478 2 2 1 85 1475 4258 4253
5479 2 2 1 85 4247 4256 1480
5480 2 2 1 85 1473 4261 4248
5481 2 2 1 85 4250 4258 1476
5482 2 2 1 85 1486 4259 4249
5483 2 2 1 85 1482 4257 1481
5484 2 2 1 85 4249 4270 1485
5485 2 2 1 85 1480 4256 1479
5486 2 2 1 85 1479 4256 4251
5487 2 2 1 85 1481 4257 4247
5488 2 2 1 85 1483 4262 4252
5489 2 2 1 85 1487 4259 1486
5490 2 2 1 85 4251 4260 1478
5491 2 2 1 85 4248 4255 1472
5492 2 2 1 85 4268 4271 4267
5493 2 2 1 85 4266 4272 4251
5494 2 2 1 85 4248 4271 4268
5495 2 2 1 85 1484 4270 4262
5496 2 2 1 85 4253 4271 4261
5497 2 2 1 85 4261 4271 4248
5498 2 2 1 85 4251 4272 4260
5499 2 2 1 85 4260 4272 4250
5500 2 2 1 86 4276 4290 4284
5501 2 2 1 86 4284 4292 4274
5502 2 2 1 86 4284 4285 4276
5503 2 2 1 86 4284 4290 4279
5504 2 2 1 86 4279 4292 4284
5505 2 2 1 86 4282 4284 4274
5506 2 2 1 86 1496 4286 4273
5507 2 2 1 86 4285 4287 4273
5508 2 2 1 86 1497 4286 1496
5509 2 2 1 86 4287 4291 4273
5510 2 2 1 86 1498 4286 1497
5511 2 2 1 86 4276 4286 1498
5512 2 2 1 86 4273 4286 4285
5513 2 2 1 86 4285 4286 4276
5514 2 2 1 86 4278 4291 4287
5515 2 2 1 86 1488 4277 86
5516 2 2 1 86 1491 4275 1490
5517 2 2 1 86 1501 4279 1500
5518 2 2 1 86 1499 4276 1498
5519 2 2 1 86 1494 4278 1493
5520 2 2 1 86 1503 4274 1502
5521 2 2 1 86 1496 4273 1495
5522 2 2 1 86 4281 4293 4275
5523 2 2 1 86 4283 4285 4284
5524 2 2 1 86 4283 4284 4282
5525 2 2 1 86 4281 4283 4282
5526 2 2 1 86 4275 4296 4281
5527 2 2 1 86 4283 4287 4285
5528 2 2 1 86 4287 4288 4278
5529 2 2 1 86 4274 4289 4282
5530 2 2 1 86 4282 4289 4277
5531 2 2 1 86 4281 4282 4277
5532 2 2 1 86 4287 4296 4288
5533 2 2 1 86 4283 4296 4287
5534 2 2 1 86 4280 4293 4281
5535 2 2 1 86 4280 4281 4277
5536 2 2 1 86 1488 4280 4277
5537 2 2 1 86 86 4289 1503
5538 2 2 1 86 4288 4296 4275
5539 2 2 1 86 4277 4289 86
5540 2 2 1 86 1489 4280 1488
5541 2 2 1 86 1503 4289 4274
5542 2 2 1 86 1501 4292 4279
5543 2 2 1 86 4275 4293 1490
5544 2 2 1 86 1500 4290 1499
5545 2 2 1 86 1490 4293 1489
5546 2 2 1 86 1494 4291 4278
5547 2 2 1 86 1502 4292 1501
5548 2 2 1 86 4279 4290 1500
5549 2 2 1 86 1491 4295 4275
5550 2 2 1 86 1495 4291 1494
5551 2 2 1 86 1499 4290 4276
5552 2 2 1 86 4274 4292 1502
5553 2 2 1 86 4273 4291 1495
5554 2 2 1 86 4278 4294 1493
5555 2 2 1 86 1493 4294 1492
5556 2 2 1 86 1492 4295 1491
5557 2 2 1 86 4281 4296 4283
5558 2 2 1 86 4288 4294 4278
5559 2 2 1 86 4275 4295 4288
5560 2 2 1 86 1489 4293 4280
5561 2 2 1 86 4288 4295 4294
5562 2 2 1 86 4294 4295 1492
5563 2 2 1 87 4300 4314 4308
5564 2 2 1 87 4308 4315 4298
5565 2 2 1 87 4308 4309 4300
5566 2 2 1 87 4308 4314 4303
5567 2 2 1 87 4303 4315 4308
5568 2 2 1 87 4306 4308 4298
5569 2 2 1 87 1512 4310 4297
5570 2 2 1 87 4309 4311 4297
5571 2 2 1 87 1513 4310 1512
5572 2 2 1 87 1514 4310 1513
5573 2 2 1 87 4311 4316 4297
5574 2 2 1 87 4300 4310 1514
5575 2 2 1 87 4297 4310 4309
5576 2 2 1 87 4309 4310 4300
5577 2 2 1 87 4302 4316 4311
5578 2 2 1 87 1504 4301 87
5579 2 2 1 87 1507 4299 1506
5580 2 2 1 87 1517 4303 1516
5581 2 2 1 87 1515 4300 1514
5582 2 2 1 87 1510 4302 1509
5583 2 2 1 87 1519 4298 1518
5584 2 2 1 87 1512 4297 1511
5585 2 2 1 87 4305 4317 4299
5586 2 2 1 87 4307 4309 4308
5587 2 2 1 87 4307 4308 4306
5588 2 2 1 87 4305 4307 4306
5589 2 2 1 87 4299 4320 4305
5590 2 2 1 87 4307 4311 4309
5591 2 2 1 87 4311 4312 4302
5592 2 2 1 87 4298 4313 4306
5593 2 2 1 87 4306 4313 4301
5594 2 2 1 87 4305 4306 4301
5595 2 2 1 87 4311 4320 4312
5596 2 2 1 87 4304 4317 4305
5597 2 2 1 87 4307 4320 4311
5598 2 2 1 87 4304 4305 4301
5599 2 2 1 87 1504 4304 4301
5600 2 2 1 87 87 4313 1519
5601 2 2 1 87 4312 4320 4299
5602 2 2 1 87 4301 4313 87
5603 2 2 1 87 1505 4304 1504
5604 2 2 1 87 1519 4313 4298
5605 2 2 1 87 1517 4315 4303
5606 2 2 1 87 4299 4317 1506
5607 2 2 1 87 1516 4314 1515
5608 2 2 1 87 1506 4317 1505
5609 2 2 1 87 1518 4315 1517
5610 2 2 1 87 4303 4314 1516
5611 2 2 1 87 1507 4319 4299
5612 2 2 1 87 1510 4316 4302
5613 2 2 1 87 1511 4316 1510
5614 2 2 1 87 1515 4314 4300
5615 2 2 1 87 4298 4315 1518
5616 2 2 1 87 4302 4318 1509
5617 2 2 1 87 4297 4316 1511
5618 2 2 1 87 1509 4318 1508
5619 2 2 1 87 1508 4319 1507
5620 2 2 1 87 4305 4320 4307
5621 2 2 1 87 4312 4318 4302
5622 2 2 1 87 4299 4319 4312
5623 2 2 1 87 1505 4317 4304
5624 2 2 1 87 4312 4319 4318
5625 2 2 1 87 4318 4319 1508
5626 2 2 1 88 4324 4338 4332
5627 2 2 1 88 4332 4340 4322
5628 2 2 1 88 4332 4333 4324
5629 2 2 1 88 4332 4338 4327
5630 2 2 1 88 4327 4340 4332
5631 2 2 1 88 4330 4332 4322
5632 2 2 1 88 1528 4334 4321
5633 2 2 1 88 4333 4335 4321
5634 2 2 1 88 1529 4334 1528
5635 2 2 1 88 4335 4339 4321
5636 2 2 1 88 1530 4334 1529
5637 2 2 1 88 4324 4334 1530
5638 2 2 1 88 4321 4334 4333
5639 2 2 1 88 4333 4334 4324
5640 2 2 1 88 4326 4339 4335
5641 2 2 1 88 1520 4325 88
5642 2 2 1 88 1523 4323 1522
5643 2 2 1 88 1533 4327 1532
5644 2 2 1 88 1531 4324 1530
5645 2 2 1 88 1526 4326 1525
5646 2 2 1 88 1535 4322 1534
5647 2 2 1 88 1528 4321 1527
5648 2 2 1 88 4329 4341 4323
5649 2 2 1 88 4331 4333 4332
5650 2 2 1 88 4331 4332 4330
5651 2 2 1 88 4329 4331 4330
5652 2 2 1 88 4323 4344 4329
5653 2 2 1 88 4331 4335 4333
5654 2 2 1 88 4335 4336 4326
5655 2 2 1 88 4322 4337 4330
5656 2 2 1 88 4330 4337 4325
5657 2 2 1 88 4329 4330 4325
5658 2 2 1 88 4335 4344 4336
5659 2 2 1 88 4331 4344 4335
5660 2 2 1 88 4328 4341 4329
5661 2 2 1 88 4328 4329 4325
5662 2 2 1 88 1520 4328 4325
5663 2 2 1 88 88 4337 1535
5664 2 2 1 88 4336 4344 4323
5665 2 2 1 88 4325 4337 88
5666 2 2 1 88 1521 4328 1520
5667 2 2 1 88 1535 4337 4322
5668 2 2 1 88 1533 4340 4327
5669 2 2 1 88 4323 4341 1522
5670 2 2 1 88 1532 4338 1531
5671 2 2 1 88 1522 4341 1521
5672 2 2 1 88 1534 4340 1533
5673 2 2 1 88 1526 4339 4326
5674 2 2 1 88 4327 4338 1532
5675 2 2 1 88 1523 4343 4323
5676 2 2 1 88 1527 4339 1526
5677 2 2 1 88 1531 4338 4324
5678 2 2 1 88 4322 4340 1534
5679 2 2 1 88 4321 4339 1527
5680 2 2 1 88 4326 4342 1525
5681 2 2 1 88 1525 4342 1524
5682 2 2 1 88 1524 4343 1523
5683 2 2 1 88 4329 4344 4331
5684 2 2 1 88 4336 4342 4326
5685 2 2 1 88 4323 4343 4336
5686 2 2 1 88 1521 4341 4328
5687 2 2 1 88 4336 4343 4342
5688 2 2 1 88 4342 4343 1524
5689 2 2 1 89 4345 4364 4354
5690 2 2 1 89 4354 4364 4349
5691 2 2 1 89 4348 4365 4356
5692 2 2 1 89 4356 4365 4351
5693 2 2 1 89 4362 4364 4345
5694 2 2 1 89 4353 4366 4352
5695 2 2 1 89 4346 4366 4353
5696 2 2 1 89 4348 4370 4365
5697 2 2 1 89 4347 4367 4361
5698 2 2 1 89 89 4352 1551
5699 2 2 1 89 4366 4367 4352
5700 2 2 1 89 1539 4351 1538
5701 2 2 1 89 1547 4350 1546
5702 2 2 1 89 1541 4348 1540
5703 2 2 1 89 1550 4347 1549
5704 2 2 1 89 1537 4346 1536
5705 2 2 1 89 1545 4345 1544
5706 2 2 1 89 1543 4349 1542
5707 2 2 1 89 4361 4368 4347
5708 2 2 1 89 4363 4365 4364
5709 2 2 1 89 4361 4367 4363
5710 2 2 1 89 4363 4364 4362
5711 2 2 1 89 4363 4366 4365
5712 2 2 1 89 4361 4363 4362
5713 2 2 1 89 4365 4370 4364
5714 2 2 1 89 4352 4367 4355
5715 2 2 1 89 4355 4367 4347
5716 2 2 1 89 4359 4362 4345
5717 2 2 1 89 4350 4362 4359
5718 2 2 1 89 4361 4362 4350
5719 2 2 1 89 4360 4368 4361
5720 2 2 1 89 4363 4367 4366
5721 2 2 1 89 4365 4369 4351
5722 2 2 1 89 4360 4361 4350
5723 2 2 1 89 4352 4355 1551
5724 2 2 1 89 1536 4353 89
5725 2 2 1 89 4351 4357 1538
5726 2 2 1 89 1549 4368 1548
5727 2 2 1 89 4350 4359 1546
5728 2 2 1 89 89 4353 4352
5729 2 2 1 89 1540 4356 1539
5730 2 2 1 89 1548 4360 1547
5731 2 2 1 89 1541 4358 4348
5732 2 2 1 89 1538 4357 1537
5733 2 2 1 89 1542 4358 1541
5734 2 2 1 89 1539 4356 4351
5735 2 2 1 89 1550 4355 4347
5736 2 2 1 89 1537 4357 4346
5737 2 2 1 89 4348 4356 1540
5738 2 2 1 89 4347 4368 1549
5739 2 2 1 89 1546 4359 1545
5740 2 2 1 89 1544 4354 1543
5741 2 2 1 89 4345 4354 1544
5742 2 2 1 89 1543 4354 4349
5743 2 2 1 89 1551 4355 1550
5744 2 2 1 89 1547 4360 4350
5745 2 2 1 89 1545 4359 4345
5746 2 2 1 89 4349 4358 1542
5747 2 2 1 89 4346 4353 1536
5748 2 2 1 89 4366 4369 4365
5749 2 2 1 89 4364 4370 4349
5750 2 2 1 89 4346 4369 4366
5751 2 2 1 89 1548 4368 4360
5752 2 2 1 89 4351 4369 4357
5753 2 2 1 89 4357 4369 4346
5754 2 2 1 89 4349 4370 4358
5755 2 2 1 89 4358 4370 4348
5756 2 2 1 90 4382 4390 4374
5757 2 2 1 90 4372 4391 4382
5758 2 2 1 90 4374 4383 4382
5759 2 2 1 90 4377 4390 4382
5760 2 2 1 90 4382 4391 4377
5761 2 2 1 90 4376 4387 1562
5762 2 2 1 90 4372 4382 4380
5763 2 2 1 90 1562 4387 1561
5764 2 2 1 90 4371 4384 4383
5765 2 2 1 90 1557 4385 4374
5766 2 2 1 90 1558 4385 1557
5767 2 2 1 90 1559 4385 1558
5768 2 2 1 90 4371 4385 1559
5769 2 2 1 90 4383 4385 4371
5770 2 2 1 90 4374 4385 4383
5771 2 2 1 90 4384 4387 4376
5772 2 2 1 90 4379 4386 4373
5773 2 2 1 90 90 4375 1567
5774 2 2 1 90 1561 4387 1560
5775 2 2 1 90 1560 4387 4371
5776 2 2 1 90 4371 4387 4384
5777 2 2 1 90 1565 4373 1564
5778 2 2 1 90 1563 4376 1562
5779 2 2 1 90 1555 4377 1554
5780 2 2 1 90 1557 4374 1556
5781 2 2 1 90 1553 4372 1552
5782 2 2 1 90 1560 4371 1559
5783 2 2 1 90 4383 4384 4381
5784 2 2 1 90 4373 4392 4379
5785 2 2 1 90 4382 4383 4381
5786 2 2 1 90 4376 4386 4384
5787 2 2 1 90 4380 4382 4381
5788 2 2 1 90 4381 4386 4379
5789 2 2 1 90 4380 4381 4379
5790 2 2 1 90 4380 4388 4372
5791 2 2 1 90 4375 4388 4380
5792 2 2 1 90 4375 4380 4379
5793 2 2 1 90 4376 4389 4386
5794 2 2 1 90 4384 4386 4381
5795 2 2 1 90 4379 4392 4378
5796 2 2 1 90 4386 4389 4373
5797 2 2 1 90 4375 4379 4378
5798 2 2 1 90 4375 4378 1567
5799 2 2 1 90 1552 4388 90
5800 2 2 1 90 90 4388 4375
5801 2 2 1 90 1567 4378 1566
5802 2 2 1 90 4372 4388 1552
5803 2 2 1 90 4377 4391 1554
5804 2 2 1 90 1564 4389 1563
5805 2 2 1 90 1565 4392 4373
5806 2 2 1 90 1556 4390 1555
5807 2 2 1 90 1566 4392 1565
5808 2 2 1 90 4373 4389 1564
5809 2 2 1 90 1554 4391 1553
5810 2 2 1 90 1555 4390 4377
5811 2 2 1 90 1563 4389 4376
5812 2 2 1 90 4374 4390 1556
5813 2 2 1 90 1553 4391 4372
5814 2 2 1 90 4378 4392 1566
5815 2 2 1 91 4404 4410 4396
5816 2 2 1 91 4394 4412 4404
5817 2 2 1 91 4396 4405 4404
5818 2 2 1 91 4399 4410 4404
5819 2 2 1 91 4404 4412 4399
5820 2 2 1 91 4394 4404 4402
5821 2 2 1 91 4393 4406 1575
5822 2 2 1 91 4393 4407 4405
5823 2 2 1 91 1575 4406 1574
5824 2 2 1 91 1574 4406 1573
5825 2 2 1 91 4393 4411 4407
5826 2 2 1 91 1573 4406 4396
5827 2 2 1 91 4405 4406 4393
5828 2 2 1 91 4396 4406 4405
5829 2 2 1 91 4407 4411 4398
5830 2 2 1 91 91 4397 1583
5831 2 2 1 91 1581 4395 1580
5832 2 2 1 91 1571 4399 1570
5833 2 2 1 91 1573 4396 1572
5834 2 2 1 91 1569 4394 1568
5835 2 2 1 91 1578 4398 1577
5836 2 2 1 91 1576 4393 1575
5837 2 2 1 91 4395 4413 4401
5838 2 2 1 91 4404 4405 4403
5839 2 2 1 91 4402 4404 4403
5840 2 2 1 91 4402 4403 4401
5841 2 2 1 91 4401 4416 4395
5842 2 2 1 91 4405 4407 4403
5843 2 2 1 91 4398 4408 4407
5844 2 2 1 91 4402 4409 4394
5845 2 2 1 91 4397 4409 4402
5846 2 2 1 91 4397 4402 4401
5847 2 2 1 91 4408 4416 4407
5848 2 2 1 91 4407 4416 4403
5849 2 2 1 91 4401 4413 4400
5850 2 2 1 91 4397 4401 4400
5851 2 2 1 91 4397 4400 1583
5852 2 2 1 91 1568 4409 91
5853 2 2 1 91 4395 4416 4408
5854 2 2 1 91 91 4409 4397
5855 2 2 1 91 1583 4400 1582
5856 2 2 1 91 4394 4409 1568
5857 2 2 1 91 4399 4412 1570
5858 2 2 1 91 1581 4413 4395
5859 2 2 1 91 1572 4410 1571
5860 2 2 1 91 1582 4413 1581
5861 2 2 1 91 1570 4412 1569
5862 2 2 1 91 1571 4410 4399
5863 2 2 1 91 4395 4415 1580
5864 2 2 1 91 1577 4411 1576
5865 2 2 1 91 4396 4410 1572
5866 2 2 1 91 1569 4412 4394
5867 2 2 1 91 4398 4411 1577
5868 2 2 1 91 1578 4414 4398
5869 2 2 1 91 1576 4411 4393
5870 2 2 1 91 1579 4414 1578
5871 2 2 1 91 1580 4415 1579
5872 2 2 1 91 4403 4416 4401
5873 2 2 1 91 4398 4414 4408
5874 2 2 1 91 4408 4415 4395
5875 2 2 1 91 4400 4413 1582
5876 2 2 1 91 4414 4415 4408
5877 2 2 1 91 1579 4415 4414
5878 2 2 1 92 4417 4436 4426
5879 2 2 1 92 4426 4436 4421
5880 2 2 1 92 4420 4437 4427
5881 2 2 1 92 4427 4437 4423
5882 2 2 1 92 4434 4436 4417
5883 2 2 1 92 4425 4438 4424
5884 2 2 1 92 4418 4438 4425
5885 2 2 1 92 4420 4442 4437
5886 2 2 1 92 4419 4439 4433
5887 2 2 1 92 92 4424 1599
5888 2 2 1 92 4438 4439 4424
5889 2 2 1 92 1587 4423 1586
5890 2 2 1 92 1595 4422 1594
5891 2 2 1 92 1589 4420 1588
5892 2 2 1 92 1598 4419 1597
5893 2 2 1 92 1585 4418 1584
5894 2 2 1 92 1593 4417 1592
5895 2 2 1 92 1591 4421 1590
5896 2 2 1 92 4433 4440 4419
5897 2 2 1 92 4435 4437 4436
5898 2 2 1 92 4433 4439 4435
5899 2 2 1 92 4435 4436 4434
5900 2 2 1 92 4435 4438 4437
5901 2 2 1 92 4433 4435 4434
5902 2 2 1 92 4437 4442 4436
5903 2 2 1 92 4424 4439 4428
5904 2 2 1 92 4428 4439 4419
5905 2 2 1 92 4430 4434 4417
5906 2 2 1 92 4422 4434 4430
5907 2 2 1 92 4433 4434 4422
5908 2 2 1 92 4432 4440 4433
5909 2 2 1 92 4435 4439 4438
5910 2 2 1 92 4437 4441 4423
5911 2 2 1 92 4432 4433 4422
5912 2 2 1 92 4424 4428 1599
5913 2 2 1 92 1584 4425 92
5914 2 2 1 92 4423 4429 1586
5915 2 2 1 92 4422 4430 1594
5916 2 2 1 92 1597 4440 1596
5917 2 2 1 92 92 4425 4424
5918 2 2 1 92 1588 4427 1587
5919 2 2 1 92 1596 4432 1595
5920 2 2 1 92 1589 4431 4420
5921 2 2 1 92 1586 4429 1585
5922 2 2 1 92 1590 4431 1589
5923 2 2 1 92 1587 4427 4423
5924 2 2 1 92 1585 4429 4418
5925 2 2 1 92 1598 4428 4419
5926 2 2 1 92 4420 4427 1588
5927 2 2 1 92 1594 4430 1593
5928 2 2 1 92 4419 4440 1597
5929 2 2 1 92 1592 4426 1591
5930 2 2 1 92 4417 4426 1592
5931 2 2 1 92 1591 4426 4421
5932 2 2 1 92 1599 4428 1598
5933 2 2 1 92 1595 4432 4422
5934 2 2 1 92 1593 4430 4417
5935 2 2 1 92 4421 4431 1590
5936 2 2 1 92 4418 4425 1584
5937 2 2 1 92 4438 4441 4437
5938 2 2 1 92 4436 4442 4421
5939 2 2 1 92 4418 4441 4438
5940 2 2 1 92 1596 4440 4432
5941 2 2 1 92 4423 4441 4429
5942 2 2 1 92 4429 4441 4418
5943 2 2 1 92 4421 4442 4431
5944 2 2 1 92 4431 4442 4420
5945 2 2 1 93 4446 4460 4454
5946 2 2 1 93 4454 4461 4444
5947 2 2 1 93 4454 4455 4446
5948 2 2 1 93 4454 4460 4449
5949 2 2 1 93 4449 4461 4454
5950 2 2 1 93 4452 4454 4444
5951 2 2 1 93 1608 4456 4443
5952 2 2 1 93 4455 4457 4443
5953 2 2 1 93 1609 4456 1608
5954 2 2 1 93 1610 4456 1609
5955 2 2 1 93 4457 4462 4443
5956 2 2 1 93 4446 4456 1610
5957 2 2 1 93 4443 4456 4455
5958 2 2 1 93 4455 4456 4446
5959 2 2 1 93 4448 4462 4457
5960 2 2 1 93 1600 4447 93
5961 2 2 1 93 1603 4445 1602
5962 2 2 1 93 1613 4449 1612
5963 2 2 1 93 1611 4446 1610
5964 2 2 1 93 1606 4448 1605
5965 2 2 1 93 1615 4444 1614
5966 2 2 1 93 1608 4443 1607
5967 2 2 1 93 4451 4463 4445
5968 2 2 1 93 4453 4455 4454
5969 2 2 1 93 4453 4454 4452
5970 2 2 1 93 4451 4453 4452
5971 2 2 1 93 4445 4466 4451
5972 2 2 1 93 4453 4457 4455
5973 2 2 1 93 4457 4458 4448
5974 2 2 1 93 4444 4459 4452
5975 2 2 1 93 4452 4459 4447
5976 2 2 1 93 4451 4452 4447
5977 2 2 1 93 4457 4466 4458
5978 2 2 1 93 4450 4463 4451
5979 2 2 1 93 4453 4466 4457
5980 2 2 1 93 4450 4451 4447
5981 2 2 1 93 1600 4450 4447
5982 2 2 1 93 93 4459 1615
5983 2 2 1 93 4458 4466 4445
5984 2 2 1 93 4447 4459 93
5985 2 2 1 93 1601 4450 1600
5986 2 2 1 93 1615 4459 4444
5987 2 2 1 93 1613 4461 4449
5988 2 2 1 93 4445 4463 1602
5989 2 2 1 93 1602 4463 1601
5990 2 2 1 93 1612 4460 1611
5991 2 2 1 93 1614 4461 1613
5992 2 2 1 93 4449 4460 1612
5993 2 2 1 93 1603 4465 4445
5994 2 2 1 93 1606 4462 4448
5995 2 2 1 93 1607 4462 1606
5996 2 2 1 93 1611 4460 4446
5997 2 2 1 93 4444 4461 1614
5998 2 2 1 93 4448 4464 1605
5999 2 2 1 93 4443 4462 1607
6000 2 2 1 93 1605 4464 1604
6001 2 2 1 93 1604 4465 1603
6002 2 2 1 93 4451 4466 4453
6003 2 2 1 93 4458 4464 4448
6004 2 2 1 93 4445 4465 4458
6005 2 2 1 93 1601 4463 4450
6006 2 2 1 93 4458 4465 4464
6007 2 2 1 93 4464 4465 1604
6008 2 2 1 94 4470 4484 4478
6009 2 2 1 94 4478 4486 4468
6010 2 2 1 94 4478 4479 4470
6011 2 2 1 94 4478 4484 4473
6012 2 2 1 94 4473 4486 4478
6013 2 2 1 94 4476 4478 4468
6014 2 2 1 94 1624 4480 4467
6015 2 2 1 94 4479 4481 4467
6016 2 2 1 94 1625 4480 1624
6017 2 2 1 94 4481 4485 4467
6018 2 2 1 94 1626 4480 1625
6019 2 2 1 94 4470 4480 1626
6020 2 2 1 94 4467 4480 4479
6021 2 2 1 94 4479 4480 4470
6022 2 2 1 94 4472 4485 4481
6023 2 2 1 94 1616 4471 94
6024 2 2 1 94 1619 4469 1618
6025 2 2 1 94 1629 4473 1628
6026 2 2 1 94 1627 4470 1626
6027 2 2 1 94 1622 4472 1621
6028 2 2 1 94 1631 4468 1630
6029 2 2 1 94 1624 4467 1623
6030 2 2 1 94 4475 4487 4469
6031 2 2 1 94 4477 4479 4478
6032 2 2 1 94 4477 4478 4476
6033 2 2 1 94 4475 4477 4476
6034 2 2 1 94 4469 4490 4475
6035 2 2 1 94 4477 4481 4479
6036 2 2 1 94 4481 4482 4472
6037 2 2 1 94 4468 4483 4476
6038 2 2 1 94 4476 4483 4471
6039 2 2 1 94 4475 4476 4471
6040 2 2 1 94 4481 4490 4482
6041 2 2 1 94 4477 4490 4481
6042 2 2 1 94 4474 4487 4475
6043 2 2 1 94 4474 4475 4471
6044 2 2 1 94 1616 4474 4471
6045 2 2 1 94 94 4483 1631
6046 2 2 1 94 4482 4490 4469
6047 2 2 1 94 4471 4483 94
6048 2 2 1 94 1617 4474 1616
6049 2 2 1 94 1631 4483 4468
6050 2 2 1 94 1629 4486 4473
6051 2 2 1 94 4469 4487 1618
6052 2 2 1 94 1628 4484 1627
6053 2 2 1 94 1618 4487 1617
6054 2 2 1 94 1630 4486 1629
6055 2 2 1 94 1622 4485 4472
6056 2 2 1 94 4473 4484 1628
6057 2 2 1 94 1619 4489 4469
6058 2 2 1 94 1623 4485 1622
6059 2 2 1 94 1627 4484 4470
6060 2 2 1 94 4468 4486 1630
6061 2 2 1 94 4467 4485 1623
6062 2 2 1 94 4472 4488 1621
6063 2 2 1 94 1621 4488 1620
6064 2 2 1 94 1620 4489 1619
6065 2 2 1 94 4475 4490 4477
6066 2 2 1 94 4482 4488 4472
6067 2 2 1 94 4469 4489 4482
6068 2 2 1 94 1617 4487 4474
6069 2 2 1 94 4482 4489 4488
6070 2 2 1 94 4488 4489 1620
6071 2 2 1 95 4491 4510 4500
6072 2 2 1 95 4500 4510 4495
6073 2 2 1 95 4494 4511 4502
6074 2 2 1 95 4502 4511 4497
6075 2 2 1 95 4508 4510 4491
6076 2 2 1 95 4499 4512 4498
6077 2 2 1 95 4492 4512 4499
6078 2 2 1 95 4494 4516 4511
6079 2 2 1 95 4493 4513 4507
6080 2 2 1 95 95 4498 1647
6081 2 2 1 95 4512 4513 4498
6082 2 2 1 95 1635 4497 1634
6083 2 2 1 95 1643 4496 1642
6084 2 2 1 95 1637 4494 1636
6085 2 2 1 95 1646 4493 1645
6086 2 2 1 95 1633 4492 1632
6087 2 2 1 95 1641 4491 1640
6088 2 2 1 95 1639 4495 1638
6089 2 2 1 95 4507 4514 4493
6090 2 2 1 95 4509 4511 4510
6091 2 2 1 95 4507 4513 4509
6092 2 2 1 95 4509 4510 4508
6093 2 2 1 95 4509 4512 4511
6094 2 2 1 95 4507 4509 4508
6095 2 2 1 95 4511 4516 4510
6096 2 2 1 95 4498 4513 4501
6097 2 2 1 95 4501 4513 4493
6098 2 2 1 95 4504 4508 4491
6099 2 2 1 95 4496 4508 4504
6100 2 2 1 95 4507 4508 4496
6101 2 2 1 95 4506 4514 4507
6102 2 2 1 95 4509 4513 4512
6103 2 2 1 95 4511 4515 4497
6104 2 2 1 95 4506 4507 4496
6105 2 2 1 95 4498 4501 1647
6106 2 2 1 95 1632 4499 95
6107 2 2 1 95 4497 4503 1634
6108 2 2 1 95 1645 4514 1644
6109 2 2 1 95 95 4499 4498
6110 2 2 1 95 1636 4502 1635
6111 2 2 1 95 4496 4504 1642
6112 2 2 1 95 1644 4506 1643
6113 2 2 1 95 1637 4505 4494
6114 2 2 1 95 1634 4503 1633
6115 2 2 1 95 1642 4504 1641
6116 2 2 1 95 1638 4505 1637
6117 2 2 1 95 1635 4502 4497
6118 2 2 1 95 1646 4501 4493
6119 2 2 1 95 1633 4503 4492
6120 2 2 1 95 4494 4502 1636
6121 2 2 1 95 4493 4514 1645
6122 2 2 1 95 1643 4506 4496
6123 2 2 1 95 1640 4500 1639
6124 2 2 1 95 4491 4500 1640
6125 2 2 1 95 1639 4500 4495
6126 2 2 1 95 1647 4501 1646
6127 2 2 1 95 1641 4504 4491
6128 2 2 1 95 4495 4505 1638
6129 2 2 1 95 4492 4499 1632
6130 2 2 1 95 4512 4515 4511
6131 2 2 1 95 4510 4516 4495
6132 2 2 1 95 4492 4515 4512
6133 2 2 1 95 1644 4514 4506
6134 2 2 1 95 4497 4515 4503
6135 2 2 1 95 4503 4515 4492
6136 2 2 1 95 4495 4516 4505
6137 2 2 1 95 4505 4516 4494
6138 2 2 1 96 4525 4535 4524
6139 2 2 1 96 4529 4536 4523
6140 2 2 1 96 4520 4536 4529
6141 2 2 1 96 4517 4537 4526
6142 2 2 1 96 4518 4535 4525
6143 2 2 1 96 4526 4537 4521
6144 2 2 1 96 4524 4535 4533
6145 2 2 1 96 4517 4538 4537
6146 2 2 1 96 4532 4538 4522
6147 2 2 1 96 96 4524 1663
6148 2 2 1 96 1651 4523 1650
6149 2 2 1 96 1659 4522 1658
6150 2 2 1 96 4536 4542 4523
6151 2 2 1 96 4534 4538 4532
6152 2 2 1 96 1653 4520 1652
6153 2 2 1 96 1662 4519 1661
6154 2 2 1 96 1649 4518 1648
6155 2 2 1 96 1655 4521 1654
6156 2 2 1 96 1657 4517 1656
6157 2 2 1 96 4522 4539 4532
6158 2 2 1 96 4535 4536 4534
6159 2 2 1 96 4533 4535 4534
6160 2 2 1 96 4536 4537 4534
6161 2 2 1 96 4533 4534 4532
6162 2 2 1 96 4520 4541 4536
6163 2 2 1 96 4537 4538 4534
6164 2 2 1 96 4517 4540 4538
6165 2 2 1 96 4538 4540 4522
6166 2 2 1 96 4535 4542 4536
6167 2 2 1 96 4527 4533 4519
6168 2 2 1 96 4532 4539 4531
6169 2 2 1 96 4524 4533 4527
6170 2 2 1 96 4519 4533 4532
6171 2 2 1 96 4519 4532 4531
6172 2 2 1 96 4524 4527 1663
6173 2 2 1 96 1648 4525 96
6174 2 2 1 96 4523 4528 1650
6175 2 2 1 96 1660 4539 1659
6176 2 2 1 96 96 4525 4524
6177 2 2 1 96 1652 4529 1651
6178 2 2 1 96 4522 4540 1658
6179 2 2 1 96 1661 4531 1660
6180 2 2 1 96 1650 4528 1649
6181 2 2 1 96 1653 4530 4520
6182 2 2 1 96 1654 4530 1653
6183 2 2 1 96 1651 4529 4523
6184 2 2 1 96 1662 4527 4519
6185 2 2 1 96 1649 4528 4518
6186 2 2 1 96 4520 4529 1652
6187 2 2 1 96 1658 4540 1657
6188 2 2 1 96 1656 4526 1655
6189 2 2 1 96 4519 4531 1661
6190 2 2 1 96 1659 4539 4522
6191 2 2 1 96 1663 4527 1662
6192 2 2 1 96 1655 4526 4521
6193 2 2 1 96 4517 4526 1656
6194 2 2 1 96 4518 4525 1648
6195 2 2 1 96 4521 4530 1654
6196 2 2 1 96 1657 4540 4517
6197 2 2 1 96 4536 4541 4537
6198 2 2 1 96 4518 4542 4535
6199 2 2 1 96 4537 4541 4521
6200 2 2 1 96 4531 4539 1660
6201 2 2 1 96 4521 4541 4530
6202 2 2 1 96 4530 4541 4520
6203 2 2 1 96 4528 4542 4518
6204 2 2 1 96 4523 4542 4528
6205 2 2 1 97 4554 4562 4546
6206 2 2 1 97 4544 4563 4554
6207 2 2 1 97 4546 4555 4554
6208 2 2 1 97 4549 4562 4554
6209 2 2 1 97 4554 4563 4549
6210 2 2 1 97 4548 4559 1674
6211 2 2 1 97 4544 4554 4552
6212 2 2 1 97 1674 4559 1673
6213 2 2 1 97 4543 4556 4555
6214 2 2 1 97 1669 4557 4546
6215 2 2 1 97 1670 4557 1669
6216 2 2 1 97 1671 4557 1670
6217 2 2 1 97 4543 4557 1671
6218 2 2 1 97 4555 4557 4543
6219 2 2 1 97 4546 4557 4555
6220 2 2 1 97 4556 4559 4548
6221 2 2 1 97 4551 4558 4545
6222 2 2 1 97 97 4547 1679
6223 2 2 1 97 1673 4559 1672
6224 2 2 1 97 1672 4559 4543
6225 2 2 1 97 4543 4559 4556
6226 2 2 1 97 1677 4545 1676
6227 2 2 1 97 1675 4548 1674
6228 2 2 1 97 1667 4549 1666
6229 2 2 1 97 1669 4546 1668
6230 2 2 1 97 1665 4544 1664
6231 2 2 1 97 1672 4543 1671
6232 2 2 1 97 4555 4556 4553
6233 2 2 1 97 4545 4564 4551
6234 2 2 1 97 4554 4555 4553
6235 2 2 1 97 4548 4558 4556
6236 2 2 1 97 4552 4554 4553
6237 2 2 1 97 4553 4558 4551
6238 2 2 1 97 4552 4553 4551
6239 2 2 1 97 4552 4560 4544
6240 2 2 1 97 4547 4560 4552
6241 2 2 1 97 4547 4552 4551
6242 2 2 1 97 4548 4561 4558
6243 2 2 1 97 4556 4558 4553
6244 2 2 1 97 4551 4564 4550
6245 2 2 1 97 4558 4561 4545
6246 2 2 1 97 4547 4551 4550
6247 2 2 1 97 4547 4550 1679
6248 2 2 1 97 1664 4560 97
6249 2 2 1 97 97 4560 4547
6250 2 2 1 97 1679 4550 1678
6251 2 2 1 97 4544 4560 1664
6252 2 2 1 97 4549 4563 1666
6253 2 2 1 97 1676 4561 1675
6254 2 2 1 97 1677 4564 4545
6255 2 2 1 97 1668 4562 1667
6256 2 2 1 97 1678 4564 1677
6257 2 2 1 97 4545 4561 1676
6258 2 2 1 97 1666 4563 1665
6259 2 2 1 97 1667 4562 4549
6260 2 2 1 97 1675 4561 4548
6261 2 2 1 97 4546 4562 1668
6262 2 2 1 97 1665 4563 4544
6263 2 2 1 97 4550 4564 1678
6264 2 2 1 98 4576 4582 4568
6265 2 2 1 98 4566 4584 4576
6266 2 2 1 98 4568 4577 4576
6267 2 2 1 98 4571 4582 4576
6268 2 2 1 98 4576 4584 4571
6269 2 2 1 98 4566 4576 4574
6270 2 2 1 98 4565 4578 1687
6271 2 2 1 98 4565 4579 4577
6272 2 2 1 98 1687 4578 1686
6273 2 2 1 98 1686 4578 1685
6274 2 2 1 98 4565 4583 4579
6275 2 2 1 98 1685 4578 4568
6276 2 2 1 98 4577 4578 4565
6277 2 2 1 98 4568 4578 4577
6278 2 2 1 98 4579 4583 4570
6279 2 2 1 98 98 4569 1695
6280 2 2 1 98 1693 4567 1692
6281 2 2 1 98 1683 4571 1682
6282 2 2 1 98 1685 4568 1684
6283 2 2 1 98 1681 4566 1680
6284 2 2 1 98 1690 4570 1689
6285 2 2 1 98 1688 4565 1687
6286 2 2 1 98 4567 4585 4573
6287 2 2 1 98 4576 4577 4575
6288 2 2 1 98 4574 4576 4575
6289 2 2 1 98 4574 4575 4573
6290 2 2 1 98 4573 4588 4567
6291 2 2 1 98 4577 4579 4575
6292 2 2 1 98 4570 4580 4579
6293 2 2 1 98 4574 4581 4566
6294 2 2 1 98 4569 4581 4574
6295 2 2 1 98 4569 4574 4573
6296 2 2 1 98 4580 4588 4579
6297 2 2 1 98 4579 4588 4575
6298 2 2 1 98 4573 4585 4572
6299 2 2 1 98 4569 4573 4572
6300 2 2 1 98 4569 4572 1695
6301 2 2 1 98 1680 4581 98
6302 2 2 1 98 4567 4588 4580
6303 2 2 1 98 98 4581 4569
6304 2 2 1 98 1695 4572 1694
6305 2 2 1 98 4566 4581 1680
6306 2 2 1 98 4571 4584 1682
6307 2 2 1 98 1693 4585 4567
6308 2 2 1 98 1684 4582 1683
6309 2 2 1 98 1694 4585 1693
6310 2 2 1 98 1682 4584 1681
6311 2 2 1 98 1683 4582 4571
6312 2 2 1 98 4567 4587 1692
6313 2 2 1 98 1689 4583 1688
6314 2 2 1 98 4568 4582 1684
6315 2 2 1 98 1681 4584 4566
6316 2 2 1 98 4570 4583 1689
6317 2 2 1 98 1690 4586 4570
6318 2 2 1 98 1688 4583 4565
6319 2 2 1 98 1691 4586 1690
6320 2 2 1 98 1692 4587 1691
6321 2 2 1 98 4575 4588 4573
6322 2 2 1 98 4570 4586 4580
6323 2 2 1 98 4580 4587 4567
6324 2 2 1 98 4572 4585 1694
6325 2 2 1 98 4586 4587 4580
6326 2 2 1 98 1691 4587 4586
6327 2 2 1 99 4589 4608 4598
6328 2 2 1 99 4598 4608 4593
6329 2 2 1 99 4592 4609 4599
6330 2 2 1 99 4599 4609 4595
6331 2 2 1 99 4606 4608 4589
6332 2 2 1 99 4597 4610 4596
6333 2 2 1 99 4590 4610 4597
6334 2 2 1 99 4592 4614 4609
6335 2 2 1 99 4591 4611 4605
6336 2 2 1 99 99 4596 1711
6337 2 2 1 99 4610 4611 4596
6338 2 2 1 99 1699 4595 1698
6339 2 2 1 99 1707 4594 1706
6340 2 2 1 99 1701 4592 1700
6341 2 2 1 99 1710 4591 1709
6342 2 2 1 99 1697 4590 1696
6343 2 2 1 99 1705 4589 1704
6344 2 2 1 99 1703 4593 1702
6345 2 2 1 99 4605 4612 4591
6346 2 2 1 99 4607 4609 4608
6347 2 2 1 99 4605 4611 4607
6348 2 2 1 99 4607 4608 4606
6349 2 2 1 99 4607 4610 4609
6350 2 2 1 99 4605 4607 4606
6351 2 2 1 99 4609 4614 4608
6352 2 2 1 99 4596 4611 4600
6353 2 2 1 99 4600 4611 4591
6354 2 2 1 99 4601 4606 4589
6355 2 2 1 99 4594 4606 4601
6356 2 2 1 99 4605 4606 4594
6357 2 2 1 99 4604 4612 4605
6358 2 2 1 99 4607 4611 4610
6359 2 2 1 99 4609 4613 4595
6360 2 2 1 99 4604 4605 4594
6361 2 2 1 99 4596 4600 1711
6362 2 2 1 99 1696 4597 99
6363 2 2 1 99 4595 4602 1698
6364 2 2 1 99 4594 4601 1706
6365 2 2 1 99 1709 4612 1708
6366 2 2 1 99 99 4597 4596
6367 2 2 1 99 1700 4599 1699
6368 2 2 1 99 1701 4603 4592
6369 2 2 1 99 1708 4604 1707
6370 2 2 1 99 1698 4602 1697
6371 2 2 1 99 1702 4603 1701
6372 2 2 1 99 1699 4599 4595
6373 2 2 1 99 1697 4602 4590
6374 2 2 1 99 4592 4599 1700
6375 2 2 1 99 1710 4600 4591
6376 2 2 1 99 4589 4598 1704
6377 2 2 1 99 1706 4601 1705
6378 2 2 1 99 4591 4612 1709
6379 2 2 1 99 1704 4598 1703
6380 2 2 1 99 1703 4598 4593
6381 2 2 1 99 1707 4604 4594
6382 2 2 1 99 1711 4600 1710
6383 2 2 1 99 1705 4601 4589
6384 2 2 1 99 4593 4603 1702
6385 2 2 1 99 4590 4597 1696
6386 2 2 1 99 4610 4613 4609
6387 2 2 1 99 4608 4614 4593
6388 2 2 1 99 4590 4613 4610
6389 2 2 1 99 1708 4612 4604
6390 2 2 1 99 4595 4613 4602
6391 2 2 1 99 4602 4613 4590
6392 2 2 1 99 4593 4614 4603
6393 2 2 1 99 4603 4614 4592
6394 2 2 1 100 4615 4634 4624
6395 2 2 1 100 4624 4634 4619
6396 2 2 1 100 4618 4635 4626
6397 2 2 1 100 4626 4635 4621
6398 2 2 1 100 4632 4634 4615
6399 2 2 1 100 4623 4636 4622
6400 2 2 1 100 4616 4636 4623
6401 2 2 1 100 4618 4640 4635
6402 2 2 1 100 4617 4637 4631
6403 2 2 1 100 100 4622 1727
6404 2 2 1 100 4636 4637 4622
6405 2 2 1 100 1715 4621 1714
6406 2 2 1 100 1723 4620 1722
6407 2 2 1 100 1717 4618 1716
6408 2 2 1 100 1726 4617 1725
6409 2 2 1 100 1713 4616 1712
6410 2 2 1 100 1721 4615 1720
6411 2 2 1 100 1719 4619 1718
6412 2 2 1 100 4631 4638 4617
6413 2 2 1 100 4633 4635 4634
6414 2 2 1 100 4631 4637 4633
6415 2 2 1 100 4633 4634 4632
6416 2 2 1 100 4633 4636 4635
6417 2 2 1 100 4631 4633 4632
6418 2 2 1 100 4635 4640 4634
6419 2 2 1 100 4622 4637 4625
6420 2 2 1 100 4625 4637 4617
6421 2 2 1 100 4628 4632 4615
6422 2 2 1 100 4620 4632 4628
6423 2 2 1 100 4631 4632 4620
6424 2 2 1 100 4630 4638 4631
6425 2 2 1 100 4633 4637 4636
6426 2 2 1 100 4635 4639 4621
6427 2 2 1 100 4630 4631 4620
6428 2 2 1 100 4622 4625 1727
6429 2 2 1 100 1712 4623 100
6430 2 2 1 100 4621 4627 1714
6431 2 2 1 100 1725 4638 1724
6432 2 2 1 100 100 4623 4622
6433 2 2 1 100 1716 4626 1715
6434 2 2 1 100 4620 4628 1722
6435 2 2 1 100 1724 4630 1723
6436 2 2 1 100 1717 4629 4618
6437 2 2 1 100 1714 4627 1713
6438 2 2 1 100 1722 4628 1721
6439 2 2 1 100 1718 4629 1717
6440 2 2 1 100 1715 4626 4621
6441 2 2 1 100 1726 4625 4617
6442 2 2 1 100 1713 4627 4616
6443 2 2 1 100 4618 4626 1716
6444 2 2 1 100 1723 4630 4620
6445 2 2 1 100 4617 4638 1725
6446 2 2 1 100 1720 4624 1719
6447 2 2 1 100 4615 4624 1720
6448 2 2 1 100 1719 4624 4619
6449 2 2 1 100 1727 4625 1726
6450 2 2 1 100 1721 4628 4615
6451 2 2 1 100 4619 4629 1718
6452 2 2 1 100 4616 4623 1712
6453 2 2 1 100 4636 4639 4635
6454 2 2 1 100 4634 4640 4619
6455 2 2 1 100 4616 4639 4636
6456 2 2 1 100 1724 4638 4630
6457 2 2 1 100 4621 4639 4627
6458 2 2 1 100 4627 4639 4616
6459 2 2 1 100 4619 4640 4629
6460 2 2 1 100 4629 4640 4618
6461 2 2 1 101 4650 4660 4641
6462 2 2 1 101 4645 4660 4650
6463 2 2 1 101 4651 4661 4644
6464 2 2 1 101 4647 4661 4651
6465 2 2 1 101 4641 4660 4658
6466 2 2 1 101 4648 4662 4649
6467 2 2 1 101 4649 4662 4642
6468 2 2 1 101 4661 4666 4644
6469 2 2 1 101 4657 4663 4643
6470 2 2 1 101 1728 4648 101
6471 2 2 1 101 4648 4663 4662
6472 2 2 1 101 1741 4647 1740
6473 2 2 1 101 1733 4646 1732
6474 2 2 1 101 1739 4644 1738
6475 2 2 1 101 1730 4643 1729
6476 2 2 1 101 1743 4642 1742
6477 2 2 1 101 1735 4641 1734
6478 2 2 1 101 1737 4645 1736
6479 2 2 1 101 4643 4664 4657
6480 2 2 1 101 4660 4661 4659
6481 2 2 1 101 4659 4663 4657
6482 2 2 1 101 4658 4660 4659
6483 2 2 1 101 4661 4662 4659
6484 2 2 1 101 4658 4659 4657
6485 2 2 1 101 4660 4666 4661
6486 2 2 1 101 4653 4663 4648
6487 2 2 1 101 4643 4663 4653
6488 2 2 1 101 4641 4658 4652
6489 2 2 1 101 4652 4658 4646
6490 2 2 1 101 4646 4658 4657
6491 2 2 1 101 4657 4664 4656
6492 2 2 1 101 4662 4663 4659
6493 2 2 1 101 4647 4665 4661
6494 2 2 1 101 4646 4657 4656
6495 2 2 1 101 1728 4653 4648
6496 2 2 1 101 101 4649 1743
6497 2 2 1 101 1741 4654 4647
6498 2 2 1 101 1731 4664 1730
6499 2 2 1 101 4648 4649 101
6500 2 2 1 101 1733 4652 4646
6501 2 2 1 101 1740 4651 1739
6502 2 2 1 101 1732 4656 1731
6503 2 2 1 101 4644 4655 1738
6504 2 2 1 101 1742 4654 1741
6505 2 2 1 101 1734 4652 1733
6506 2 2 1 101 1738 4655 1737
6507 2 2 1 101 4647 4651 1740
6508 2 2 1 101 4642 4654 1742
6509 2 2 1 101 4643 4653 1729
6510 2 2 1 101 1739 4651 4644
6511 2 2 1 101 4646 4656 1732
6512 2 2 1 101 1730 4664 4643
6513 2 2 1 101 1736 4650 1735
6514 2 2 1 101 1735 4650 4641
6515 2 2 1 101 4645 4650 1736
6516 2 2 1 101 1729 4653 1728
6517 2 2 1 101 4641 4652 1734
6518 2 2 1 101 1737 4655 4645
6519 2 2 1 101 1743 4649 4642
6520 2 2 1 101 4661 4665 4662
6521 2 2 1 101 4645 4666 4660
6522 2 2 1 101 4662 4665 4642
6523 2 2 1 101 4656 4664 1731
6524 2 2 1 101 4654 4665 4647
6525 2 2 1 101 4642 4665 4654
6526 2 2 1 101 4655 4666 4645
6527 2 2 1 101 4644 4666 4655
6528 2 2 1 102 4670 4684 4678
6529 2 2 1 102 4678 4686 4668
6530 2 2 1 102 4678 4679 4670
6531 2 2 1 102 4678 4684 4673
6532 2 2 1 102 4673 4686 4678
6533 2 2 1 102 4676 4678 4668
6534 2 2 1 102 1752 4680 4667
6535 2 2 1 102 4679 4681 4667
6536 2 2 1 102 1753 4680 1752
6537 2 2 1 102 4681 4685 4667
6538 2 2 1 102 1754 4680 1753
6539 2 2 1 102 4670 4680 1754
6540 2 2 1 102 4667 4680 4679
6541 2 2 1 102 4679 4680 4670
6542 2 2 1 102 4672 4685 4681
6543 2 2 1 102 1744 4671 102
6544 2 2 1 102 1747 4669 1746
6545 2 2 1 102 1757 4673 1756
6546 2 2 1 102 1755 4670 1754
6547 2 2 1 102 1750 4672 1749
6548 2 2 1 102 1759 4668 1758
6549 2 2 1 102 1752 4667 1751
6550 2 2 1 102 4675 4687 4669
6551 2 2 1 102 4677 4679 4678
6552 2 2 1 102 4677 4678 4676
6553 2 2 1 102 4675 4677 4676
6554 2 2 1 102 4669 4690 4675
6555 2 2 1 102 4677 4681 4679
6556 2 2 1 102 4681 4682 4672
6557 2 2 1 102 4668 4683 4676
6558 2 2 1 102 4676 4683 4671
6559 2 2 1 102 4675 4676 4671
6560 2 2 1 102 4681 4690 4682
6561 2 2 1 102 4677 4690 4681
6562 2 2 1 102 4674 4687 4675
6563 2 2 1 102 4674 4675 4671
6564 2 2 1 102 1744 4674 4671
6565 2 2 1 102 102 4683 1759
6566 2 2 1 102 4682 4690 4669
6567 2 2 1 102 4671 4683 102
6568 2 2 1 102 1745 4674 1744
6569 2 2 1 102 1759 4683 4668
6570 2 2 1 102 1757 4686 4673
6571 2 2 1 102 4669 4687 1746
6572 2 2 1 102 1756 4684 1755
6573 2 2 1 102 1746 4687 1745
6574 2 2 1 102 1758 4686 1757
6575 2 2 1 102 1750 4685 4672
6576 2 2 1 102 4673 4684 1756
6577 2 2 1 102 1747 4689 4669
6578 2 2 1 102 1751 4685 1750
6579 2 2 1 102 1755 4684 4670
6580 2 2 1 102 4668 4686 1758
6581 2 2 1 102 4667 4685 1751
6582 2 2 1 102 4672 4688 1749
6583 2 2 1 102 1749 4688 1748
6584 2 2 1 102 1748 4689 1747
6585 2 2 1 102 4675 4690 4677
6586 2 2 1 102 4682 4688 4672
6587 2 2 1 102 4669 4689 4682
6588 2 2 1 102 1745 4687 4674
6589 2 2 1 102 4682 4689 4688
6590 2 2 1 102 4688 4689 1748
6591 2 2 1 103 4702 4710 4694
6592 2 2 1 103 4692 4711 4702
6593 2 2 1 103 4694 4703 4702
6594 2 2 1 103 4697 4710 4702
6595 2 2 1 103 4702 4711 4697
6596 2 2 1 103 4696 4707 1770
6597 2 2 1 103 4692 4702 4700
6598 2 2 1 103 1770 4707 1769
6599 2 2 1 103 4691 4704 4703
6600 2 2 1 103 1765 4705 4694
6601 2 2 1 103 1766 4705 1765
6602 2 2 1 103 1767 4705 1766
6603 2 2 1 103 4691 4705 1767
6604 2 2 1 103 4703 4705 4691
6605 2 2 1 103 4694 4705 4703
6606 2 2 1 103 4704 4707 4696
6607 2 2 1 103 4699 4706 4693
6608 2 2 1 103 103 4695 1775
6609 2 2 1 103 1769 4707 1768
6610 2 2 1 103 1768 4707 4691
6611 2 2 1 103 4691 4707 4704
6612 2 2 1 103 1773 4693 1772
6613 2 2 1 103 1771 4696 1770
6614 2 2 1 103 1763 4697 1762
6615 2 2 1 103 1765 4694 1764
6616 2 2 1 103 1761 4692 1760
6617 2 2 1 103 1768 4691 1767
6618 2 2 1 103 4703 4704 4701
6619 2 2 1 103 4693 4712 4699
6620 2 2 1 103 4702 4703 4701
6621 2 2 1 103 4696 4706 4704
6622 2 2 1 103 4700 4702 4701
6623 2 2 1 103 4701 4706 4699
6624 2 2 1 103 4700 4701 4699
6625 2 2 1 103 4700 4708 4692
6626 2 2 1 103 4695 4708 4700
6627 2 2 1 103 4695 4700 4699
6628 2 2 1 103 4696 4709 4706
6629 2 2 1 103 4704 4706 4701
6630 2 2 1 103 4699 4712 4698
6631 2 2 1 103 4706 4709 4693
6632 2 2 1 103 4695 4699 4698
6633 2 2 1 103 4695 4698 1775
6634 2 2 1 103 1760 4708 103
6635 2 2 1 103 103 4708 4695
6636 2 2 1 103 1775 4698 1774
6637 2 2 1 103 4692 4708 1760
6638 2 2 1 103 4697 4711 1762
6639 2 2 1 103 1772 4709 1771
6640 2 2 1 103 1773 4712 4693
6641 2 2 1 103 1764 4710 1763
6642 2 2 1 103 1774 4712 1773
6643 2 2 1 103 4693 4709 1772
6644 2 2 1 103 1762 4711 1761
6645 2 2 1 103 1763 4710 4697
6646 2 2 1 103 1771 4709 4696
6647 2 2 1 103 4694 4710 1764
6648 2 2 1 103 1761 4711 4692
6649 2 2 1 103 4698 4712 1774
6650 2 2 1 104 4713 4732 4722
6651 2 2 1 104 4722 4732 4717
6652 2 2 1 104 4716 4733 4723
6653 2 2 1 104 4723 4733 4719
6654 2 2 1 104 4730 4732 4713
6655 2 2 1 104 4721 4734 4720
6656 2 2 1 104 4714 4734 4721
6657 2 2 1 104 4716 4738 4733
6658 2 2 1 104 4715 4735 4729
6659 2 2 1 104 104 4720 1791
6660 2 2 1 104 4734 4735 4720
6661 2 2 1 104 1779 4719 1778
6662 2 2 1 104 1787 4718 1786
6663 2 2 1 104 1781 4716 1780
6664 2 2 1 104 1790 4715 1789
6665 2 2 1 104 1777 4714 1776
6666 2 2 1 104 1785 4713 1784
6667 2 2 1 104 1783 4717 1782
6668 2 2 1 104 4729 4736 4715
6669 2 2 1 104 4731 4733 4732
6670 2 2 1 104 4729 4735 4731
6671 2 2 1 104 4731 4732 4730
6672 2 2 1 104 4731 4734 4733
6673 2 2 1 104 4729 4731 4730
6674 2 2 1 104 4733 4738 4732
6675 2 2 1 104 4720 4735 4724
6676 2 2 1 104 4724 4735 4715
6677 2 2 1 104 4726 4730 4713
6678 2 2 1 104 4718 4730 4726
6679 2 2 1 104 4729 4730 4718
6680 2 2 1 104 4728 4736 4729
6681 2 2 1 104 4731 4735 4734
6682 2 2 1 104 4733 4737 4719
6683 2 2 1 104 4728 4729 4718
6684 2 2 1 104 4720 4724 1791
6685 2 2 1 104 1776 4721 104
6686 2 2 1 104 4719 4725 1778
6687 2 2 1 104 4718 4726 1786
6688 2 2 1 104 1789 4736 1788
6689 2 2 1 104 104 4721 4720
6690 2 2 1 104 1780 4723 1779
6691 2 2 1 104 1788 4728 1787
6692 2 2 1 104 1781 4727 4716
6693 2 2 1 104 1778 4725 1777
6694 2 2 1 104 1782 4727 1781
6695 2 2 1 104 1779 4723 4719
6696 2 2 1 104 1777 4725 4714
6697 2 2 1 104 1790 4724 4715
6698 2 2 1 104 4716 4723 1780
6699 2 2 1 104 1786 4726 1785
6700 2 2 1 104 4715 4736 1789
6701 2 2 1 104 1784 4722 1783
6702 2 2 1 104 4713 4722 1784
6703 2 2 1 104 1783 4722 4717
6704 2 2 1 104 1791 4724 1790
6705 2 2 1 104 1787 4728 4718
6706 2 2 1 104 1785 4726 4713
6707 2 2 1 104 4717 4727 1782
6708 2 2 1 104 4714 4721 1776
6709 2 2 1 104 4734 4737 4733
6710 2 2 1 104 4732 4738 4717
6711 2 2 1 104 4714 4737 4734
6712 2 2 1 104 1788 4736 4728
6713 2 2 1 104 4719 4737 4725
6714 2 2 1 104 4725 4737 4714
6715 2 2 1 104 4717 4738 4727
6716 2 2 1 104 4727 4738 4716
6717 2 2 1 105 4749 4757 4739
6718 2 2 1 105 4743 4757 4749
6719 2 2 1 105 4751 4758 4742
6720 2 2 1 105 4745 4758 4751
6721 2 2 1 105 4739 4757 4755
6722 2 2 1 105 4746 4759 4747
6723 2 2 1 105 4747 4759 4740
6724 2 2 1 105 4758 4764 4742
6725 2 2 1 105 4754 4760 4741
6726 2 2 1 105 1792 4746 105
6727 2 2 1 105 4746 4760 4759
6728 2 2 1 105 1805 4745 1804
6729 2 2 1 105 1803 4742 1802
6730 2 2 1 105 1797 4744 1796
6731 2 2 1 105 1794 4741 1793
6732 2 2 1 105 1807 4740 1806
6733 2 2 1 105 1801 4743 1800
6734 2 2 1 105 1799 4739 1798
6735 2 2 1 105 4741 4761 4754
6736 2 2 1 105 4757 4758 4756
6737 2 2 1 105 4756 4760 4754
6738 2 2 1 105 4755 4757 4756
6739 2 2 1 105 4758 4759 4756
6740 2 2 1 105 4755 4756 4754
6741 2 2 1 105 4757 4764 4758
6742 2 2 1 105 4748 4760 4746
6743 2 2 1 105 4741 4760 4748
6744 2 2 1 105 4739 4755 4752
6745 2 2 1 105 4752 4755 4744
6746 2 2 1 105 4744 4755 4754
6747 2 2 1 105 4754 4761 4753
6748 2 2 1 105 4759 4760 4756
6749 2 2 1 105 4745 4763 4758
6750 2 2 1 105 4744 4754 4753
6751 2 2 1 105 1792 4748 4746
6752 2 2 1 105 105 4747 1807
6753 2 2 1 105 1805 4750 4745
6754 2 2 1 105 1795 4761 1794
6755 2 2 1 105 4746 4747 105
6756 2 2 1 105 1804 4751 1803
6757 2 2 1 105 4742 4762 1802
6758 2 2 1 105 1796 4753 1795
6759 2 2 1 105 1797 4752 4744
6760 2 2 1 105 1806 4750 1805
6761 2 2 1 105 1798 4752 1797
6762 2 2 1 105 4745 4751 1804
6763 2 2 1 105 4741 4748 1793
6764 2 2 1 105 4740 4750 1806
6765 2 2 1 105 1794 4761 4741
6766 2 2 1 105 1802 4762 1801
6767 2 2 1 105 4744 4753 1796
6768 2 2 1 105 1800 4749 1799
6769 2 2 1 105 1793 4748 1792
6770 2 2 1 105 4743 4749 1800
6771 2 2 1 105 1799 4749 4739
6772 2 2 1 105 1803 4751 4742
6773 2 2 1 105 1801 4762 4743
6774 2 2 1 105 1807 4747 4740
6775 2 2 1 105 4739 4752 1798
6776 2 2 1 105 4758 4763 4759
6777 2 2 1 105 4743 4764 4757
6778 2 2 1 105 4759 4763 4740
6779 2 2 1 105 4753 4761 1795
6780 2 2 1 105 4750 4763 4745
6781 2 2 1 105 4740 4763 4750
6782 2 2 1 105 4762 4764 4743
6783 2 2 1 105 4742 4764 4762
6784 2 2 1 106 4765 4784 4774
6785 2 2 1 106 4774 4784 4769
6786 2 2 1 106 4768 4785 4775
6787 2 2 1 106 4775 4785 4771
6788 2 2 1 106 4782 4784 4765
6789 2 2 1 106 4773 4786 4772
6790 2 2 1 106 4766 4786 4773
6791 2 2 1 106 4768 4790 4785
6792 2 2 1 106 4767 4787 4781
6793 2 2 1 106 106 4772 1823
6794 2 2 1 106 4786 4787 4772
6795 2 2 1 106 1811 4771 1810
6796 2 2 1 106 1819 4770 1818
6797 2 2 1 106 1813 4768 1812
6798 2 2 1 106 1822 4767 1821
6799 2 2 1 106 1809 4766 1808
6800 2 2 1 106 1817 4765 1816
6801 2 2 1 106 1815 4769 1814
6802 2 2 1 106 4781 4788 4767
6803 2 2 1 106 4783 4785 4784
6804 2 2 1 106 4781 4787 4783
6805 2 2 1 106 4783 4784 4782
6806 2 2 1 106 4783 4786 4785
6807 2 2 1 106 4781 4783 4782
6808 2 2 1 106 4785 4790 4784
6809 2 2 1 106 4772 4787 4776
6810 2 2 1 106 4776 4787 4767
6811 2 2 1 106 4779 4782 4765
6812 2 2 1 106 4770 4782 4779
6813 2 2 1 106 4781 4782 4770
6814 2 2 1 106 4780 4788 4781
6815 2 2 1 106 4783 4787 4786
6816 2 2 1 106 4785 4789 4771
6817 2 2 1 106 4780 4781 4770
6818 2 2 1 106 4772 4776 1823
6819 2 2 1 106 1808 4773 106
6820 2 2 1 106 4771 4777 1810
6821 2 2 1 106 4770 4779 1818
6822 2 2 1 106 1821 4788 1820
6823 2 2 1 106 106 4773 4772
6824 2 2 1 106 1812 4775 1811
6825 2 2 1 106 1820 4780 1819
6826 2 2 1 106 1813 4778 4768
6827 2 2 1 106 1810 4777 1809
6828 2 2 1 106 1814 4778 1813
6829 2 2 1 106 1811 4775 4771
6830 2 2 1 106 1822 4776 4767
6831 2 2 1 106 1809 4777 4766
6832 2 2 1 106 4768 4775 1812
6833 2 2 1 106 1818 4779 1817
6834 2 2 1 106 4767 4788 1821
6835 2 2 1 106 1816 4774 1815
6836 2 2 1 106 4765 4774 1816
6837 2 2 1 106 1815 4774 4769
6838 2 2 1 106 1823 4776 1822
6839 2 2 1 106 1819 4780 4770
6840 2 2 1 106 1817 4779 4765
6841 2 2 1 106 4769 4778 1814
6842 2 2 1 106 4766 4773 1808
6843 2 2 1 106 4786 4789 4785
6844 2 2 1 106 4784 4790 4769
6845 2 2 1 106 4766 4789 4786
6846 2 2 1 106 1820 4788 4780
6847 2 2 1 106 4771 4789 4777
6848 2 2 1 106 4777 4789 4766
6849 2 2 1 106 4769 4790 4778
6850 2 2 1 106 4778 4790 4768
6851 2 2 1 107 4794 4808 4802
6852 2 2 1 107 4802 4810 4792
6853 2 2 1 107 4802 4803 4794
6854 2 2 1 107 4802 4808 4797
6855 2 2 1 107 4797 4810 4802
6856 2 2 1 107 4800 4802 4792
6857 2 2 1 107 1832 4804 4791
6858 2 2 1 107 4803 4805 4791
6859 2 2 1 107 1833 4804 1832
6860 2 2 1 107 4805 4809 4791
6861 2 2 1 107 1834 4804 1833
6862 2 2 1 107 4794 4804 1834
6863 2 2 1 107 4791 4804 4803
6864 2 2 1 107 4803 4804 4794
6865 2 2 1 107 4796 4809 4805
6866 2 2 1 107 1824 4795 107
6867 2 2 1 107 1827 4793 1826
6868 2 2 1 107 1837 4797 1836
6869 2 2 1 107 1835 4794 1834
6870 2 2 1 107 1830 4796 1829
6871 2 2 1 107 1839 4792 1838
6872 2 2 1 107 1832 4791 1831
6873 2 2 1 107 4799 4811 4793
6874 2 2 1 107 4801 4803 4802
6875 2 2 1 107 4801 4802 4800
6876 2 2 1 107 4799 4801 4800
6877 2 2 1 107 4793 4814 4799
6878 2 2 1 107 4801 4805 4803
6879 2 2 1 107 4805 4806 4796
6880 2 2 1 107 4792 4807 4800
6881 2 2 1 107 4800 4807 4795
6882 2 2 1 107 4799 4800 4795
6883 2 2 1 107 4805 4814 4806
6884 2 2 1 107 4801 4814 4805
6885 2 2 1 107 4798 4811 4799
6886 2 2 1 107 4798 4799 4795
6887 2 2 1 107 1824 4798 4795
6888 2 2 1 107 107 4807 1839
6889 2 2 1 107 4806 4814 4793
6890 2 2 1 107 4795 4807 107
6891 2 2 1 107 1825 4798 1824
6892 2 2 1 107 1839 4807 4792
6893 2 2 1 107 1837 4810 4797
6894 2 2 1 107 4793 4811 1826
6895 2 2 1 107 1836 4808 1835
6896 2 2 1 107 1826 4811 1825
6897 2 2 1 107 1830 4809 4796
6898 2 2 1 107 1838 4810 1837
6899 2 2 1 107 4797 4808 1836
6900 2 2 1 107 1827 4813 4793
6901 2 2 1 107 1831 4809 1830
6902 2 2 1 107 1835 4808 4794
6903 2 2 1 107 4792 4810 1838
6904 2 2 1 107 4791 4809 1831
6905 2 2 1 107 4796 4812 1829
6906 2 2 1 107 1829 4812 1828
6907 2 2 1 107 1828 4813 1827
6908 2 2 1 107 4799 4814 4801
6909 2 2 1 107 4806 4812 4796
6910 2 2 1 107 4793 4813 4806
6911 2 2 1 107 1825 4811 4798
6912 2 2 1 107 4806 4813 4812
6913 2 2 1 107 4812 4813 1828
6914 2 2 1 108 4815 4833 4824
6915 2 2 1 108 4824 4833 4819
6916 2 2 1 108 4818 4834 4827
6917 2 2 1 108 4827 4834 4821
6918 2 2 1 108 4831 4833 4815
6919 2 2 1 108 4823 4835 4822
6920 2 2 1 108 4816 4835 4823
6921 2 2 1 108 4818 4840 4834
6922 2 2 1 108 4817 4836 4830
6923 2 2 1 108 108 4822 1855
6924 2 2 1 108 4835 4836 4822
6925 2 2 1 108 1843 4821 1842
6926 2 2 1 108 1851 4820 1850
6927 2 2 1 108 1845 4818 1844
6928 2 2 1 108 1854 4817 1853
6929 2 2 1 108 1841 4816 1840
6930 2 2 1 108 1847 4819 1846
6931 2 2 1 108 1849 4815 1848
6932 2 2 1 108 4830 4837 4817
6933 2 2 1 108 4832 4834 4833
6934 2 2 1 108 4830 4836 4832
6935 2 2 1 108 4832 4833 4831
6936 2 2 1 108 4832 4835 4834
6937 2 2 1 108 4830 4832 4831
6938 2 2 1 108 4834 4840 4833
6939 2 2 1 108 4822 4836 4825
6940 2 2 1 108 4825 4836 4817
6941 2 2 1 108 4815 4838 4831
6942 2 2 1 108 4831 4838 4820
6943 2 2 1 108 4830 4831 4820
6944 2 2 1 108 4829 4837 4830
6945 2 2 1 108 4832 4836 4835
6946 2 2 1 108 4834 4839 4821
6947 2 2 1 108 4829 4830 4820
6948 2 2 1 108 4822 4825 1855
6949 2 2 1 108 1840 4823 108
6950 2 2 1 108 4821 4826 1842
6951 2 2 1 108 1853 4837 1852
6952 2 2 1 108 108 4823 4822
6953 2 2 1 108 1844 4827 1843
6954 2 2 1 108 1852 4829 1851
6955 2 2 1 108 4820 4838 1850
6956 2 2 1 108 1842 4826 1841
6957 2 2 1 108 1845 4828 4818
6958 2 2 1 108 1846 4828 1845
6959 2 2 1 108 1850 4838 1849
6960 2 2 1 108 1843 4827 4821
6961 2 2 1 108 1854 4825 4817
6962 2 2 1 108 1841 4826 4816
6963 2 2 1 108 4817 4837 1853
6964 2 2 1 108 4818 4827 1844
6965 2 2 1 108 1848 4824 1847
6966 2 2 1 108 1851 4829 4820
6967 2 2 1 108 1855 4825 1854
6968 2 2 1 108 1847 4824 4819
6969 2 2 1 108 4815 4824 1848
6970 2 2 1 108 4816 4823 1840
6971 2 2 1 108 4819 4828 1846
6972 2 2 1 108 1849 4838 4815
6973 2 2 1 108 4835 4839 4834
6974 2 2 1 108 4833 4840 4819
6975 2 2 1 108 4816 4839 4835
6976 2 2 1 108 1852 4837 4829
6977 2 2 1 108 4821 4839 4826
6978 2 2 1 108 4826 4839 4816
6979 2 2 1 108 4819 4840 4828
6980 2 2 1 108 4828 4840 4818
6981 2 2 1 109 4841 4860 4850
6982 2 2 1 109 4850 4860 4845
6983 2 2 1 109 4844 4861 4852
6984 2 2 1 109 4852 4861 4847
6985 2 2 1 109 4858 4860 4841
6986 2 2 1 109 4849 4862 4848
6987 2 2 1 109 4842 4862 4849
6988 2 2 1 109 4844 4866 4861
6989 2 2 1 109 4843 4863 4857
6990 2 2 1 109 109 4848 1871
6991 2 2 1 109 4862 4863 4848
6992 2 2 1 109 1859 4847 1858
6993 2 2 1 109 1867 4846 1866
6994 2 2 1 109 1861 4844 1860
6995 2 2 1 109 1870 4843 1869
6996 2 2 1 109 1857 4842 1856
6997 2 2 1 109 1865 4841 1864
6998 2 2 1 109 1863 4845 1862
6999 2 2 1 109 4857 4864 4843
7000 2 2 1 109 4859 4861 4860
7001 2 2 1 109 4857 4863 4859
7002 2 2 1 109 4859 4860 4858
7003 2 2 1 109 4859 4862 4861
7004 2 2 1 109 4857 4859 4858
7005 2 2 1 109 4861 4866 4860
7006 2 2 1 109 4848 4863 4851
7007 2 2 1 109 4851 4863 4843
7008 2 2 1 109 4854 4858 4841
7009 2 2 1 109 4846 4858 4854
7010 2 2 1 109 4857 4858 4846
7011 2 2 1 109 4856 4864 4857
7012 2 2 1 109 4859 4863 4862
7013 2 2 1 109 4861 4865 4847
7014 2 2 1 109 4856 4857 4846
7015 2 2 1 109 4848 4851 1871
7016 2 2 1 109 1856 4849 109
7017 2 2 1 109 4847 4853 1858
7018 2 2 1 109 1869 4864 1868
7019 2 2 1 109 109 4849 4848
7020 2 2 1 109 1860 4852 1859
7021 2 2 1 109 4846 4854 1866
7022 2 2 1 109 1868 4856 1867
7023 2 2 1 109 1861 4855 4844
7024 2 2 1 109 1858 4853 1857
7025 2 2 1 109 1866 4854 1865
7026 2 2 1 109 1862 4855 1861
7027 2 2 1 109 1859 4852 4847
7028 2 2 1 109 1870 4851 4843
7029 2 2 1 109 1857 4853 4842
7030 2 2 1 109 4844 4852 1860
7031 2 2 1 109 4843 4864 1869
7032 2 2 1 109 1867 4856 4846
7033 2 2 1 109 1864 4850 1863
7034 2 2 1 109 4841 4850 1864
7035 2 2 1 109 1863 4850 4845
7036 2 2 1 109 1871 4851 1870
7037 2 2 1 109 1865 4854 4841
7038 2 2 1 109 4845 4855 1862
7039 2 2 1 109 4842 4849 1856
7040 2 2 1 109 4862 4865 4861
7041 2 2 1 109 4860 4866 4845
7042 2 2 1 109 4842 4865 4862
7043 2 2 1 109 1868 4864 4856
7044 2 2 1 109 4847 4865 4853
7045 2 2 1 109 4853 4865 4842
7046 2 2 1 109 4845 4866 4855
7047 2 2 1 109 4855 4866 4844
7048 2 2 1 110 4867 4886 4876
7049 2 2 1 110 4876 4886 4871
7050 2 2 1 110 4870 4887 4878
7051 2 2 1 110 4878 4887 4873
7052 2 2 1 110 4884 4886 4867
7053 2 2 1 110 4875 4888 4874
7054 2 2 1 110 4868 4888 4875
7055 2 2 1 110 4870 4892 4887
7056 2 2 1 110 4869 4889 4883
7057 2 2 1 110 110 4874 1887
7058 2 2 1 110 4888 4889 4874
7059 2 2 1 110 1875 4873 1874
7060 2 2 1 110 1883 4872 1882
7061 2 2 1 110 1877 4870 1876
7062 2 2 1 110 1886 4869 1885
7063 2 2 1 110 1873 4868 1872
7064 2 2 1 110 1881 4867 1880
7065 2 2 1 110 1879 4871 1878
7066 2 2 1 110 4883 4890 4869
7067 2 2 1 110 4885 4887 4886
7068 2 2 1 110 4883 4889 4885
7069 2 2 1 110 4885 4886 4884
7070 2 2 1 110 4885 4888 4887
7071 2 2 1 110 4883 4885 4884
7072 2 2 1 110 4887 4892 4886
7073 2 2 1 110 4874 4889 4877
7074 2 2 1 110 4877 4889 4869
7075 2 2 1 110 4881 4884 4867
7076 2 2 1 110 4872 4884 4881
7077 2 2 1 110 4883 4884 4872
7078 2 2 1 110 4882 4890 4883
7079 2 2 1 110 4885 4889 4888
7080 2 2 1 110 4887 4891 4873
7081 2 2 1 110 4882 4883 4872
7082 2 2 1 110 4874 4877 1887
7083 2 2 1 110 1872 4875 110
7084 2 2 1 110 4873 4879 1874
7085 2 2 1 110 1885 4890 1884
7086 2 2 1 110 110 4875 4874
7087 2 2 1 110 4872 4881 1882
7088 2 2 1 110 1876 4878 1875
7089 2 2 1 110 1884 4882 1883
7090 2 2 1 110 1877 4880 4870
7091 2 2 1 110 1874 4879 1873
7092 2 2 1 110 1878 4880 1877
7093 2 2 1 110 1875 4878 4873
7094 2 2 1 110 1886 4877 4869
7095 2 2 1 110 1873 4879 4868
7096 2 2 1 110 4870 4878 1876
7097 2 2 1 110 4869 4890 1885
7098 2 2 1 110 1882 4881 1881
7099 2 2 1 110 1880 4876 1879
7100 2 2 1 110 4867 4876 1880
7101 2 2 1 110 1879 4876 4871
7102 2 2 1 110 1887 4877 1886
7103 2 2 1 110 1883 4882 4872
7104 2 2 1 110 1881 4881 4867
7105 2 2 1 110 4871 4880 1878
7106 2 2 1 110 4868 4875 1872
7107 2 2 1 110 4888 4891 4887
7108 2 2 1 110 4886 4892 4871
7109 2 2 1 110 4868 4891 4888
7110 2 2 1 110 1884 4890 4882
7111 2 2 1 110 4873 4891 4879
7112 2 2 1 110 4879 4891 4868
7113 2 2 1 110 4871 4892 4880
7114 2 2 1 110 4880 4892 4870
7115 2 2 1 111 4893 4912 4902
7116 2 2 1 111 4902 4912 4897
7117 2 2 1 111 4896 4913 4903
7118 2 2 1 111 4903 4913 4899
7119 2 2 1 111 4910 4912 4893
7120 2 2 1 111 4901 4914 4900
7121 2 2 1 111 4894 4914 4901
7122 2 2 1 111 4896 4918 4913
7123 2 2 1 111 4895 4915 4909
7124 2 2 1 111 111 4900 1903
7125 2 2 1 111 4914 4915 4900
7126 2 2 1 111 1891 4899 1890
7127 2 2 1 111 1899 4898 1898
7128 2 2 1 111 1893 4896 1892
7129 2 2 1 111 1902 4895 1901
7130 2 2 1 111 1889 4894 1888
7131 2 2 1 111 1897 4893 1896
7132 2 2 1 111 1895 4897 1894
7133 2 2 1 111 4909 4916 4895
7134 2 2 1 111 4911 4913 4912
7135 2 2 1 111 4909 4915 4911
7136 2 2 1 111 4911 4912 4910
7137 2 2 1 111 4911 4914 4913
7138 2 2 1 111 4909 4911 4910
7139 2 2 1 111 4913 4918 4912
7140 2 2 1 111 4900 4915 4904
7141 2 2 1 111 4904 4915 4895
7142 2 2 1 111 4906 4910 4893
7143 2 2 1 111 4898 4910 4906
7144 2 2 1 111 4909 4910 4898
7145 2 2 1 111 4908 4916 4909
7146 2 2 1 111 4911 4915 4914
7147 2 2 1 111 4913 4917 4899
7148 2 2 1 111 4908 4909 4898
7149 2 2 1 111 4900 4904 1903
7150 2 2 1 111 1888 4901 111
7151 2 2 1 111 4899 4905 1890
7152 2 2 1 111 4898 4906 1898
7153 2 2 1 111 1901 4916 1900
7154 2 2 1 111 111 4901 4900
7155 2 2 1 111 1892 4903 1891
7156 2 2 1 111 1900 4908 1899
7157 2 2 1 111 1893 4907 4896
7158 2 2 1 111 1890 4905 1889
7159 2 2 1 111 1894 4907 1893
7160 2 2 1 111 1891 4903 4899
7161 2 2 1 111 1889 4905 4894
7162 2 2 1 111 1902 4904 4895
7163 2 2 1 111 4896 4903 1892
7164 2 2 1 111 1898 4906 1897
7165 2 2 1 111 4895 4916 1901
7166 2 2 1 111 1896 4902 1895
7167 2 2 1 111 4893 4902 1896
7168 2 2 1 111 1895 4902 4897
7169 2 2 1 111 1903 4904 1902
7170 2 2 1 111 1899 4908 4898
7171 2 2 1 111 1897 4906 4893
7172 2 2 1 111 4897 4907 1894
7173 2 2 1 111 4894 4901 1888
7174 2 2 1 111 4914 4917 4913
7175 2 2 1 111 4912 4918 4897
7176 2 2 1 111 4894 4917 4914
7177 2 2 1 111 1900 4916 4908
7178 2 2 1 111 4899 4917 4905
7179 2 2 1 111 4905 4917 4894
7180 2 2 1 111 4897 4918 4907
7181 2 2 1 111 4907 4918 4896
7182 2 2 1 112 4930 4938 4922
7183 2 2 1 112 4920 4939 4930
7184 2 2 1 112 4922 4931 4930
7185 2 2 1 112 4925 4938 4930
7186 2 2 1 112 4930 4939 4925
7187 2 2 1 112 4924 4935 1914
7188 2 2 1 112 4920 4930 4928
7189 2 2 1 112 1914 4935 1913
7190 2 2 1 112 4919 4932 4931
7191 2 2 1 112 1909 4933 4922
7192 2 2 1 112 1910 4933 1909
7193 2 2 1 112 1911 4933 1910
7194 2 2 1 112 4919 4933 1911
7195 2 2 1 112 4931 4933 4919
7196 2 2 1 112 4922 4933 4931
7197 2 2 1 112 4932 4935 4924
7198 2 2 1 112 4927 4934 4921
7199 2 2 1 112 112 4923 1919
7200 2 2 1 112 1913 4935 1912
7201 2 2 1 112 1912 4935 4919
7202 2 2 1 112 4919 4935 4932
7203 2 2 1 112 1917 4921 1916
7204 2 2 1 112 1915 4924 1914
7205 2 2 1 112 1907 4925 1906
7206 2 2 1 112 1909 4922 1908
7207 2 2 1 112 1905 4920 1904
7208 2 2 1 112 1912 4919 1911
7209 2 2 1 112 4931 4932 4929
7210 2 2 1 112 4921 4940 4927
7211 2 2 1 112 4930 4931 4929
7212 2 2 1 112 4924 4934 4932
7213 2 2 1 112 4928 4930 4929
7214 2 2 1 112 4929 4934 4927
7215 2 2 1 112 4928 4929 4927
7216 2 2 1 112 4928 4936 4920
7217 2 2 1 112 4923 4936 4928
7218 2 2 1 112 4923 4928 4927
7219 2 2 1 112 4924 4937 4934
7220 2 2 1 112 4932 4934 4929
7221 2 2 1 112 4927 4940 4926
7222 2 2 1 112 4934 4937 4921
7223 2 2 1 112 4923 4927 4926
7224 2 2 1 112 4923 4926 1919
7225 2 2 1 112 1904 4936 112
7226 2 2 1 112 112 4936 4923
7227 2 2 1 112 1919 4926 1918
7228 2 2 1 112 4920 4936 1904
7229 2 2 1 112 4925 4939 1906
7230 2 2 1 112 1916 4937 1915
7231 2 2 1 112 1917 4940 4921
7232 2 2 1 112 1908 4938 1907
7233 2 2 1 112 1918 4940 1917
7234 2 2 1 112 4921 4937 1916
7235 2 2 1 112 1906 4939 1905
7236 2 2 1 112 1907 4938 4925
7237 2 2 1 112 1915 4937 4924
7238 2 2 1 112 4922 4938 1908
7239 2 2 1 112 1905 4939 4920
7240 2 2 1 112 4926 4940 1918
7241 2 2 1 113 4952 4960 4944
7242 2 2 1 113 4942 4961 4952
7243 2 2 1 113 4944 4953 4952
7244 2 2 1 113 4947 4960 4952
7245 2 2 1 113 4952 4961 4947
7246 2 2 1 113 4946 4957 1930
7247 2 2 1 113 4942 4952 4950
7248 2 2 1 113 1930 4957 1929
7249 2 2 1 113 4941 4954 4953
7250 2 2 1 113 1925 4955 4944
7251 2 2 1 113 1926 4955 1925
7252 2 2 1 113 1927 4955 1926
7253 2 2 1 113 4941 4955 1927
7254 2 2 1 113 4953 4955 4941
7255 2 2 1 113 4944 4955 4953
7256 2 2 1 113 4954 4957 4946
7257 2 2 1 113 4949 4956 4943
7258 2 2 1 113 113 4945 1935
7259 2 2 1 113 1929 4957 1928
7260 2 2 1 113 1928 4957 4941
7261 2 2 1 113 4941 4957 4954
7262 2 2 1 113 1933 4943 1932
7263 2 2 1 113 1931 4946 1930
7264 2 2 1 113 1923 4947 1922
7265 2 2 1 113 1925 4944 1924
7266 2 2 1 113 1921 4942 1920
7267 2 2 1 113 1928 4941 1927
7268 2 2 1 113 4953 4954 4951
7269 2 2 1 113 4943 4962 4949
7270 2 2 1 113 4952 4953 4951
7271 2 2 1 113 4946 4956 4954
7272 2 2 1 113 4950 4952 4951
7273 2 2 1 113 4951 4956 4949
7274 2 2 1 113 4950 4951 4949
7275 2 2 1 113 4950 4958 4942
7276 2 2 1 113 4945 4958 4950
7277 2 2 1 113 4945 4950 4949
7278 2 2 1 113 4946 4959 4956
7279 2 2 1 113 4954 4956 4951
7280 2 2 1 113 4949 4962 4948
7281 2 2 1 113 4956 4959 4943
7282 2 2 1 113 4945 4949 4948
7283 2 2 1 113 4945 4948 1935
7284 2 2 1 113 1920 4958 113
7285 2 2 1 113 113 4958 4945
7286 2 2 1 113 1935 4948 1934
7287 2 2 1 113 4942 4958 1920
7288 2 2 1 113 4947 4961 1922
7289 2 2 1 113 1932 4959 1931
7290 2 2 1 113 1933 4962 4943
7291 2 2 1 113 1924 4960 1923
7292 2 2 1 113 1934 4962 1933
7293 2 2 1 113 4943 4959 1932
7294 2 2 1 113 1922 4961 1921
7295 2 2 1 113 1923 4960 4947
7296 2 2 1 113 1931 4959 4946
7297 2 2 1 113 4944 4960 1924
7298 2 2 1 113 1921 4961 4942
7299 2 2 1 113 4948 4962 1934
7300 2 2 1 114 4966 4980 4974
7301 2 2 1 114 4974 4981 4964
7302 2 2 1 114 4974 4975 4966
7303 2 2 1 114 4974 4980 4969
7304 2 2 1 114 4969 4981 4974
7305 2 2 1 114 4972 4974 4964
7306 2 2 1 114 1944 4976 4963
7307 2 2 1 114 4975 4977 4963
7308 2 2 1 114 1945 4976 1944
7309 2 2 1 114 1946 4976 1945
7310 2 2 1 114 4977 4982 4963
7311 2 2 1 114 4966 4976 1946
7312 2 2 1 114 4963 4976 4975
7313 2 2 1 114 4975 4976 4966
7314 2 2 1 114 4968 4982 4977
7315 2 2 1 114 1936 4967 114
7316 2 2 1 114 1939 4965 1938
7317 2 2 1 114 1949 4969 1948
7318 2 2 1 114 1947 4966 1946
7319 2 2 1 114 1942 4968 1941
7320 2 2 1 114 1951 4964 1950
7321 2 2 1 114 1944 4963 1943
7322 2 2 1 114 4971 4983 4965
7323 2 2 1 114 4973 4975 4974
7324 2 2 1 114 4973 4974 4972
7325 2 2 1 114 4971 4973 4972
7326 2 2 1 114 4965 4986 4971
7327 2 2 1 114 4973 4977 4975
7328 2 2 1 114 4977 4978 4968
7329 2 2 1 114 4964 4979 4972
7330 2 2 1 114 4972 4979 4967
7331 2 2 1 114 4971 4972 4967
7332 2 2 1 114 4977 4986 4978
7333 2 2 1 114 4973 4986 4977
7334 2 2 1 114 4970 4983 4971
7335 2 2 1 114 4970 4971 4967
7336 2 2 1 114 1936 4970 4967
7337 2 2 1 114 114 4979 1951
7338 2 2 1 114 4978 4986 4965
7339 2 2 1 114 4967 4979 114
7340 2 2 1 114 1937 4970 1936
7341 2 2 1 114 1951 4979 4964
7342 2 2 1 114 1949 4981 4969
7343 2 2 1 114 4965 4983 1938
7344 2 2 1 114 1948 4980 1947
7345 2 2 1 114 1938 4983 1937
7346 2 2 1 114 1950 4981 1949
7347 2 2 1 114 4969 4980 1948
7348 2 2 1 114 1939 4985 4965
7349 2 2 1 114 1942 4982 4968
7350 2 2 1 114 1943 4982 1942
7351 2 2 1 114 1947 4980 4966
7352 2 2 1 114 4964 4981 1950
7353 2 2 1 114 4968 4984 1941
7354 2 2 1 114 4963 4982 1943
7355 2 2 1 114 1941 4984 1940
7356 2 2 1 114 1940 4985 1939
7357 2 2 1 114 4971 4986 4973
7358 2 2 1 114 4978 4984 4968
7359 2 2 1 114 4965 4985 4978
7360 2 2 1 114 1937 4983 4970
7361 2 2 1 114 4978 4985 4984
7362 2 2 1 114 4984 4985 1940
7363 2 2 1 115 4990 5004 4998
7364 2 2 1 115 4998 5005 4988
7365 2 2 1 115 4998 4999 4990
7366 2 2 1 115 4998 5004 4993
7367 2 2 1 115 4993 5005 4998
7368 2 2 1 115 4996 4998 4988
7369 2 2 1 115 1960 5000 4987
7370 2 2 1 115 4999 5001 4987
7371 2 2 1 115 1961 5000 1960
7372 2 2 1 115 1962 5000 1961
7373 2 2 1 115 5001 5006 4987
7374 2 2 1 115 4990 5000 1962
7375 2 2 1 115 4987 5000 4999
7376 2 2 1 115 4999 5000 4990
7377 2 2 1 115 4992 5006 5001
7378 2 2 1 115 1952 4991 115
7379 2 2 1 115 1955 4989 1954
7380 2 2 1 115 1965 4993 1964
7381 2 2 1 115 1963 4990 1962
7382 2 2 1 115 1958 4992 1957
7383 2 2 1 115 1967 4988 1966
7384 2 2 1 115 1960 4987 1959
7385 2 2 1 115 4995 5007 4989
7386 2 2 1 115 4997 4999 4998
7387 2 2 1 115 4997 4998 4996
7388 2 2 1 115 4995 4997 4996
7389 2 2 1 115 4989 5010 4995
7390 2 2 1 115 4997 5001 4999
7391 2 2 1 115 5001 5002 4992
7392 2 2 1 115 4988 5003 4996
7393 2 2 1 115 4996 5003 4991
7394 2 2 1 115 4995 4996 4991
7395 2 2 1 115 5001 5010 5002
7396 2 2 1 115 4994 5007 4995
7397 2 2 1 115 4997 5010 5001
7398 2 2 1 115 4994 4995 4991
7399 2 2 1 115 1952 4994 4991
7400 2 2 1 115 115 5003 1967
7401 2 2 1 115 5002 5010 4989
7402 2 2 1 115 4991 5003 115
7403 2 2 1 115 1953 4994 1952
7404 2 2 1 115 1967 5003 4988
7405 2 2 1 115 1965 5005 4993
7406 2 2 1 115 4989 5007 1954
7407 2 2 1 115 1954 5007 1953
7408 2 2 1 115 1964 5004 1963
7409 2 2 1 115 1966 5005 1965
7410 2 2 1 115 4993 5004 1964
7411 2 2 1 115 1955 5009 4989
7412 2 2 1 115 1958 5006 4992
7413 2 2 1 115 1959 5006 1958
7414 2 2 1 115 1963 5004 4990
7415 2 2 1 115 4988 5005 1966
7416 2 2 1 115 4992 5008 1957
7417 2 2 1 115 4987 5006 1959
7418 2 2 1 115 1957 5008 1956
7419 2 2 1 115 1956 5009 1955
7420 2 2 1 115 4995 5010 4997
7421 2 2 1 115 5002 5008 4992
7422 2 2 1 115 4989 5009 5002
7423 2 2 1 115 1953 5007 4994
7424 2 2 1 115 5002 5009 5008
7425 2 2 1 115 5008 5009 1956
7426 2 2 1 116 5020 5030 5011
7427 2 2 1 116 5015 5030 5020
7428 2 2 1 116 5021 5031 5014
7429 2 2 1 116 5017 5031 5021
7430 2 2 1 116 5011 5030 5028
7431 2 2 1 116 5018 5032 5019
7432 2 2 1 116 5019 5032 5012
7433 2 2 1 116 5031 5036 5014
7434 2 2 1 116 5027 5033 5013
7435 2 2 1 116 1968 5018 116
7436 2 2 1 116 5018 5033 5032
7437 2 2 1 116 1981 5017 1980
7438 2 2 1 116 1973 5016 1972
7439 2 2 1 116 1979 5014 1978
7440 2 2 1 116 1970 5013 1969
7441 2 2 1 116 1983 5012 1982
7442 2 2 1 116 1975 5011 1974
7443 2 2 1 116 1977 5015 1976
7444 2 2 1 116 5013 5034 5027
7445 2 2 1 116 5030 5031 5029
7446 2 2 1 116 5029 5033 5027
7447 2 2 1 116 5028 5030 5029
7448 2 2 1 116 5031 5032 5029
7449 2 2 1 116 5028 5029 5027
7450 2 2 1 116 5030 5036 5031
7451 2 2 1 116 5022 5033 5018
7452 2 2 1 116 5013 5033 5022
7453 2 2 1 116 5011 5028 5023
7454 2 2 1 116 5023 5028 5016
7455 2 2 1 116 5016 5028 5027
7456 2 2 1 116 5027 5034 5026
7457 2 2 1 116 5032 5033 5029
7458 2 2 1 116 5017 5035 5031
7459 2 2 1 116 5016 5027 5026
7460 2 2 1 116 1968 5022 5018
7461 2 2 1 116 116 5019 1983
7462 2 2 1 116 1981 5024 5017
7463 2 2 1 116 1971 5034 1970
7464 2 2 1 116 5018 5019 116
7465 2 2 1 116 1973 5023 5016
7466 2 2 1 116 1980 5021 1979
7467 2 2 1 116 1972 5026 1971
7468 2 2 1 116 5014 5025 1978
7469 2 2 1 116 1982 5024 1981
7470 2 2 1 116 1974 5023 1973
7471 2 2 1 116 1978 5025 1977
7472 2 2 1 116 5017 5021 1980
7473 2 2 1 116 5012 5024 1982
7474 2 2 1 116 5013 5022 1969
7475 2 2 1 116 1979 5021 5014
7476 2 2 1 116 5016 5026 1972
7477 2 2 1 116 1970 5034 5013
7478 2 2 1 116 1976 5020 1975
7479 2 2 1 116 1975 5020 5011
7480 2 2 1 116 5015 5020 1976
7481 2 2 1 116 1969 5022 1968
7482 2 2 1 116 5011 5023 1974
7483 2 2 1 116 1977 5025 5015
7484 2 2 1 116 1983 5019 5012
7485 2 2 1 116 5031 5035 5032
7486 2 2 1 116 5015 5036 5030
7487 2 2 1 116 5032 5035 5012
7488 2 2 1 116 5026 5034 1971
7489 2 2 1 116 5024 5035 5017
7490 2 2 1 116 5012 5035 5024
7491 2 2 1 116 5025 5036 5015
7492 2 2 1 116 5014 5036 5025
7493 2 2 1 117 5037 5056 5046
7494 2 2 1 117 5046 5056 5041
7495 2 2 1 117 5040 5057 5048
7496 2 2 1 117 5048 5057 5043
7497 2 2 1 117 5054 5056 5037
7498 2 2 1 117 5045 5058 5044
7499 2 2 1 117 5038 5058 5045
7500 2 2 1 117 5040 5062 5057
7501 2 2 1 117 5039 5059 5053
7502 2 2 1 117 117 5044 1999
7503 2 2 1 117 5058 5059 5044
7504 2 2 1 117 1987 5043 1986
7505 2 2 1 117 1995 5042 1994
7506 2 2 1 117 1989 5040 1988
7507 2 2 1 117 1998 5039 1997
7508 2 2 1 117 1985 5038 1984
7509 2 2 1 117 1993 5037 1992
7510 2 2 1 117 1991 5041 1990
7511 2 2 1 117 5053 5060 5039
7512 2 2 1 117 5055 5057 5056
7513 2 2 1 117 5053 5059 5055
7514 2 2 1 117 5055 5056 5054
7515 2 2 1 117 5055 5058 5057
7516 2 2 1 117 5053 5055 5054
7517 2 2 1 117 5057 5062 5056
7518 2 2 1 117 5044 5059 5047
7519 2 2 1 117 5047 5059 5039
7520 2 2 1 117 5051 5054 5037
7521 2 2 1 117 5042 5054 5051
7522 2 2 1 117 5053 5054 5042
7523 2 2 1 117 5052 5060 5053
7524 2 2 1 117 5055 5059 5058
7525 2 2 1 117 5057 5061 5043
7526 2 2 1 117 5052 5053 5042
7527 2 2 1 117 5044 5047 1999
7528 2 2 1 117 1984 5045 117
7529 2 2 1 117 5043 5049 1986
7530 2 2 1 117 5042 5051 1994
7531 2 2 1 117 1997 5060 1996
7532 2 2 1 117 117 5045 5044
7533 2 2 1 117 1988 5048 1987
7534 2 2 1 117 1996 5052 1995
7535 2 2 1 117 1989 5050 5040
7536 2 2 1 117 1986 5049 1985
7537 2 2 1 117 1990 5050 1989
7538 2 2 1 117 1987 5048 5043
7539 2 2 1 117 1998 5047 5039
7540 2 2 1 117 1985 5049 5038
7541 2 2 1 117 5040 5048 1988
7542 2 2 1 117 5039 5060 1997
7543 2 2 1 117 1994 5051 1993
7544 2 2 1 117 1992 5046 1991
7545 2 2 1 117 5037 5046 1992
7546 2 2 1 117 1991 5046 5041
7547 2 2 1 117 1999 5047 1998
7548 2 2 1 117 1995 5052 5042
7549 2 2 1 117 1993 5051 5037
7550 2 2 1 117 5041 5050 1990
7551 2 2 1 117 5038 5045 1984
7552 2 2 1 117 5058 5061 5057
7553 2 2 1 117 5056 5062 5041
7554 2 2 1 117 5038 5061 5058
7555 2 2 1 117 1996 5060 5052
7556 2 2 1 117 5043 5061 5049
7557 2 2 1 117 5049 5061 5038
7558 2 2 1 117 5041 5062 5050
7559 2 2 1 117 5050 5062 5040
7560 2 2 1 118 5063 5082 5072
7561 2 2 1 118 5072 5082 5067
7562 2 2 1 118 5066 5083 5073
7563 2 2 1 118 5073 5083 5069
7564 2 2 1 118 5080 5082 5063
7565 2 2 1 118 5071 5084 5070
7566 2 2 1 118 5064 5084 5071
7567 2 2 1 118 5066 5088 5083
7568 2 2 1 118 5065 5085 5079
7569 2 2 1 118 118 5070 2015
7570 2 2 1 118 5084 5085 5070
7571 2 2 1 118 2003 5069 2002
7572 2 2 1 118 2011 5068 2010
7573 2 2 1 118 2005 5066 2004
7574 2 2 1 118 2014 5065 2013
7575 2 2 1 118 2001 5064 2000
7576 2 2 1 118 2009 5063 2008
7577 2 2 1 118 2007 5067 2006
7578 2 2 1 118 5079 5086 5065
7579 2 2 1 118 5081 5083 5082
7580 2 2 1 118 5079 5085 5081
7581 2 2 1 118 5081 5082 5080
7582 2 2 1 118 5081 5084 5083
7583 2 2 1 118 5079 5081 5080
7584 2 2 1 118 5083 5088 5082
7585 2 2 1 118 5070 5085 5074
7586 2 2 1 118 5074 5085 5065
7587 2 2 1 118 5076 5080 5063
7588 2 2 1 118 5068 5080 5076
7589 2 2 1 118 5079 5080 5068
7590 2 2 1 118 5078 5086 5079
7591 2 2 1 118 5081 5085 5084
7592 2 2 1 118 5083 5087 5069
7593 2 2 1 118 5078 5079 5068
7594 2 2 1 118 5070 5074 2015
7595 2 2 1 118 2000 5071 118
7596 2 2 1 118 5069 5075 2002
7597 2 2 1 118 5068 5076 2010
7598 2 2 1 118 2013 5086 2012
7599 2 2 1 118 118 5071 5070
7600 2 2 1 118 2004 5073 2003
7601 2 2 1 118 2005 5077 5066
7602 2 2 1 118 2012 5078 2011
7603 2 2 1 118 2002 5075 2001
7604 2 2 1 118 2006 5077 2005
7605 2 2 1 118 2003 5073 5069
7606 2 2 1 118 2001 5075 5064
7607 2 2 1 118 2014 5074 5065
7608 2 2 1 118 5066 5073 2004
7609 2 2 1 118 2010 5076 2009
7610 2 2 1 118 5065 5086 2013
7611 2 2 1 118 5063 5072 2008
7612 2 2 1 118 2008 5072 2007
7613 2 2 1 118 2007 5072 5067
7614 2 2 1 118 2015 5074 2014
7615 2 2 1 118 2011 5078 5068
7616 2 2 1 118 2009 5076 5063
7617 2 2 1 118 5067 5077 2006
7618 2 2 1 118 5064 5071 2000
7619 2 2 1 118 5084 5087 5083
7620 2 2 1 118 5082 5088 5067
7621 2 2 1 118 5064 5087 5084
7622 2 2 1 118 2012 5086 5078
7623 2 2 1 118 5069 5087 5075
7624 2 2 1 118 5075 5087 5064
7625 2 2 1 118 5067 5088 5077
7626 2 2 1 118 5077 5088 5066
7627 2 2 1 119 5100 5108 5092
7628 2 2 1 119 5090 5109 5100
7629 2 2 1 119 5092 5101 5100
7630 2 2 1 119 5095 5108 5100
7631 2 2 1 119 5100 5109 5095
7632 2 2 1 119 5094 5105 2026
7633 2 2 1 119 5090 5100 5098
7634 2 2 1 119 2026 5105 2025
7635 2 2 1 119 5089 5102 5101
7636 2 2 1 119 2021 5103 5092
7637 2 2 1 119 2022 5103 2021
7638 2 2 1 119 2023 5103 2022
7639 2 2 1 119 5089 5103 2023
7640 2 2 1 119 5101 5103 5089
7641 2 2 1 119 5092 5103 5101
7642 2 2 1 119 5102 5105 5094
7643 2 2 1 119 5097 5104 5091
7644 2 2 1 119 119 5093 2031
7645 2 2 1 119 2025 5105 2024
7646 2 2 1 119 2024 5105 5089
7647 2 2 1 119 5089 5105 5102
7648 2 2 1 119 2029 5091 2028
7649 2 2 1 119 2027 5094 2026
7650 2 2 1 119 2019 5095 2018
7651 2 2 1 119 2021 5092 2020
7652 2 2 1 119 2017 5090 2016
7653 2 2 1 119 2024 5089 2023
7654 2 2 1 119 5101 5102 5099
7655 2 2 1 119 5091 5110 5097
7656 2 2 1 119 5100 5101 5099
7657 2 2 1 119 5094 5104 5102
7658 2 2 1 119 5098 5100 5099
7659 2 2 1 119 5099 5104 5097
7660 2 2 1 119 5098 5099 5097
7661 2 2 1 119 5098 5106 5090
7662 2 2 1 119 5093 5106 5098
7663 2 2 1 119 5093 5098 5097
7664 2 2 1 119 5094 5107 5104
7665 2 2 1 119 5102 5104 5099
7666 2 2 1 119 5097 5110 5096
7667 2 2 1 119 5104 5107 5091
7668 2 2 1 119 5093 5097 5096
7669 2 2 1 119 5093 5096 2031
7670 2 2 1 119 2016 5106 119
7671 2 2 1 119 119 5106 5093
7672 2 2 1 119 2031 5096 2030
7673 2 2 1 119 5090 5106 2016
7674 2 2 1 119 5095 5109 2018
7675 2 2 1 119 2028 5107 2027
7676 2 2 1 119 2029 5110 5091
7677 2 2 1 119 2020 5108 2019
7678 2 2 1 119 2030 5110 2029
7679 2 2 1 119 5091 5107 2028
7680 2 2 1 119 2018 5109 2017
7681 2 2 1 119 2019 5108 5095
7682 2 2 1 119 2027 5107 5094
7683 2 2 1 119 5092 5108 2020
7684 2 2 1 119 2017 5109 5090
7685 2 2 1 119 5096 5110 2030
7686 2 2 1 120 5111 5130 5120
7687 2 2 1 120 5120 5130 5115
7688 2 2 1 120 5114 5131 5122
7689 2 2 1 120 5122 5131 5117
7690 2 2 1 120 5128 5130 5111
7691 2 2 1 120 5119 5132 5118
7692 2 2 1 120 5112 5132 5119
7693 2 2 1 120 5114 5136 5131
7694 2 2 1 120 5113 5133 5127
7695 2 2 1 120 120 5118 2047
7696 2 2 1 120 5132 5133 5118
7697 2 2 1 120 2035 5117 2034
7698 2 2 1 120 2043 5116 2042
7699 2 2 1 120 2037 5114 2036
7700 2 2 1 120 2046 5113 2045
7701 2 2 1 120 2033 5112 2032
7702 2 2 1 120 2041 5111 2040
7703 2 2 1 120 2039 5115 2038
7704 2 2 1 120 5127 5134 5113
7705 2 2 1 120 5129 5131 5130
7706 2 2 1 120 5127 5133 5129
7707 2 2 1 120 5129 5130 5128
7708 2 2 1 120 5129 5132 5131
7709 2 2 1 120 5127 5129 5128
7710 2 2 1 120 5131 5136 5130
7711 2 2 1 120 5118 5133 5121
7712 2 2 1 120 5121 5133 5113
7713 2 2 1 120 5125 5128 5111
7714 2 2 1 120 5116 5128 5125
7715 2 2 1 120 5127 5128 5116
7716 2 2 1 120 5126 5134 5127
7717 2 2 1 120 5129 5133 5132
7718 2 2 1 120 5131 5135 5117
7719 2 2 1 120 5126 5127 5116
7720 2 2 1 120 5118 5121 2047
7721 2 2 1 120 2032 5119 120
7722 2 2 1 120 5117 5123 2034
7723 2 2 1 120 5116 5125 2042
7724 2 2 1 120 2045 5134 2044
7725 2 2 1 120 120 5119 5118
7726 2 2 1 120 2036 5122 2035
7727 2 2 1 120 2044 5126 2043
7728 2 2 1 120 2037 5124 5114
7729 2 2 1 120 2034 5123 2033
7730 2 2 1 120 2038 5124 2037
7731 2 2 1 120 2035 5122 5117
7732 2 2 1 120 2046 5121 5113
7733 2 2 1 120 2033 5123 5112
7734 2 2 1 120 5114 5122 2036
7735 2 2 1 120 5113 5134 2045
7736 2 2 1 120 2042 5125 2041
7737 2 2 1 120 2040 5120 2039
7738 2 2 1 120 5111 5120 2040
7739 2 2 1 120 2039 5120 5115
7740 2 2 1 120 2047 5121 2046
7741 2 2 1 120 2043 5126 5116
7742 2 2 1 120 2041 5125 5111
7743 2 2 1 120 5115 5124 2038
7744 2 2 1 120 5112 5119 2032
7745 2 2 1 120 5132 5135 5131
7746 2 2 1 120 5130 5136 5115
7747 2 2 1 120 5112 5135 5132
7748 2 2 1 120 2044 5134 5126
7749 2 2 1 120 5117 5135 5123
7750 2 2 1 120 5123 5135 5112
7751 2 2 1 120 5115 5136 5124
7752 2 2 1 120 5124 5136 5114
7753 2 2 1 121 5137 5155 5146
7754 2 2 1 121 5146 5155 5141
7755 2 2 1 121 5140 5156 5149
7756 2 2 1 121 5149 5156 5143
7757 2 2 1 121 5153 5155 5137
7758 2 2 1 121 5145 5157 5144
7759 2 2 1 121 5138 5157 5145
7760 2 2 1 121 5140 5162 5156
7761 2 2 1 121 5139 5158 5152
7762 2 2 1 121 121 5144 2063
7763 2 2 1 121 5157 5158 5144
7764 2 2 1 121 2051 5143 2050
7765 2 2 1 121 2059 5142 2058
7766 2 2 1 121 2053 5140 2052
7767 2 2 1 121 2062 5139 2061
7768 2 2 1 121 2049 5138 2048
7769 2 2 1 121 2055 5141 2054
7770 2 2 1 121 2057 5137 2056
7771 2 2 1 121 5152 5159 5139
7772 2 2 1 121 5154 5156 5155
7773 2 2 1 121 5152 5158 5154
7774 2 2 1 121 5154 5155 5153
7775 2 2 1 121 5154 5157 5156
7776 2 2 1 121 5152 5154 5153
7777 2 2 1 121 5156 5162 5155
7778 2 2 1 121 5144 5158 5147
7779 2 2 1 121 5147 5158 5139
7780 2 2 1 121 5137 5160 5153
7781 2 2 1 121 5153 5160 5142
7782 2 2 1 121 5152 5153 5142
7783 2 2 1 121 5151 5159 5152
7784 2 2 1 121 5154 5158 5157
7785 2 2 1 121 5156 5161 5143
7786 2 2 1 121 5151 5152 5142
7787 2 2 1 121 5144 5147 2063
7788 2 2 1 121 2048 5145 121
7789 2 2 1 121 5143 5148 2050
7790 2 2 1 121 2061 5159 2060
7791 2 2 1 121 121 5145 5144
7792 2 2 1 121 2052 5149 2051
7793 2 2 1 121 2060 5151 2059
7794 2 2 1 121 2050 5148 2049
7795 2 2 1 121 5142 5160 2058
7796 2 2 1 121 2053 5150 5140
7797 2 2 1 121 2054 5150 2053
7798 2 2 1 121 2058 5160 2057
7799 2 2 1 121 2051 5149 5143
7800 2 2 1 121 2062 5147 5139
7801 2 2 1 121 2049 5148 5138
7802 2 2 1 121 5139 5159 2061
7803 2 2 1 121 5140 5149 2052
7804 2 2 1 121 2056 5146 2055
7805 2 2 1 121 2059 5151 5142
7806 2 2 1 121 2063 5147 2062
7807 2 2 1 121 2055 5146 5141
7808 2 2 1 121 5137 5146 2056
7809 2 2 1 121 5138 5145 2048
7810 2 2 1 121 5141 5150 2054
7811 2 2 1 121 2057 5160 5137
7812 2 2 1 121 5157 5161 5156
7813 2 2 1 121 5155 5162 5141
7814 2 2 1 121 5138 5161 5157
7815 2 2 1 121 2060 5159 5151
7816 2 2 1 121 5143 5161 5148
7817 2 2 1 121 5148 5161 5138
7818 2 2 1 121 5141 5162 5150
7819 2 2 1 121 5150 5162 5140
7820 2 2 1 122 5166 5180 5174
7821 2 2 1 122 5174 5181 5164
7822 2 2 1 122 5174 5175 5166
7823 2 2 1 122 5174 5180 5169
7824 2 2 1 122 5169 5181 5174
7825 2 2 1 122 5172 5174 5164
7826 2 2 1 122 2072 5176 5163
7827 2 2 1 122 5175 5177 5163
7828 2 2 1 122 2073 5176 2072
7829 2 2 1 122 2074 5176 2073
7830 2 2 1 122 5177 5182 5163
7831 2 2 1 122 5166 5176 2074
7832 2 2 1 122 5163 5176 5175
7833 2 2 1 122 5175 5176 5166
7834 2 2 1 122 5168 5182 5177
7835 2 2 1 122 2064 5167 122
7836 2 2 1 122 2067 5165 2066
7837 2 2 1 122 2077 5169 2076
7838 2 2 1 122 2075 5166 2074
7839 2 2 1 122 2070 5168 2069
7840 2 2 1 122 2079 5164 2078
7841 2 2 1 122 2072 5163 2071
7842 2 2 1 122 5171 5183 5165
7843 2 2 1 122 5173 5175 5174
7844 2 2 1 122 5173 5174 5172
7845 2 2 1 122 5171 5173 5172
7846 2 2 1 122 5165 5186 5171
7847 2 2 1 122 5173 5177 5175
7848 2 2 1 122 5177 5178 5168
7849 2 2 1 122 5164 5179 5172
7850 2 2 1 122 5172 5179 5167
7851 2 2 1 122 5171 5172 5167
7852 2 2 1 122 5177 5186 5178
7853 2 2 1 122 5173 5186 5177
7854 2 2 1 122 5170 5183 5171
7855 2 2 1 122 5170 5171 5167
7856 2 2 1 122 2064 5170 5167
7857 2 2 1 122 122 5179 2079
7858 2 2 1 122 5178 5186 5165
7859 2 2 1 122 5167 5179 122
7860 2 2 1 122 2065 5170 2064
7861 2 2 1 122 2079 5179 5164
7862 2 2 1 122 2077 5181 5169
7863 2 2 1 122 5165 5183 2066
7864 2 2 1 122 2076 5180 2075
7865 2 2 1 122 2066 5183 2065
7866 2 2 1 122 2078 5181 2077
7867 2 2 1 122 5169 5180 2076
7868 2 2 1 122 2067 5185 5165
7869 2 2 1 122 2070 5182 5168
7870 2 2 1 122 2071 5182 2070
7871 2 2 1 122 2075 5180 5166
7872 2 2 1 122 5164 5181 2078
7873 2 2 1 122 5168 5184 2069
7874 2 2 1 122 5163 5182 2071
7875 2 2 1 122 2069 5184 2068
7876 2 2 1 122 2068 5185 2067
7877 2 2 1 122 5171 5186 5173
7878 2 2 1 122 5178 5184 5168
7879 2 2 1 122 5165 5185 5178
7880 2 2 1 122 2065 5183 5170
7881 2 2 1 122 5178 5185 5184
7882 2 2 1 122 5184 5185 2068
7883 2 2 1 123 5190 5204 5198
7884 2 2 1 123 5198 5205 5188
7885 2 2 1 123 5198 5199 5190
7886 2 2 1 123 5198 5204 5193
7887 2 2 1 123 5193 5205 5198
7888 2 2 1 123 5196 5198 5188
7889 2 2 1 123 2088 5200 5187
7890 2 2 1 123 5199 5201 5187
7891 2 2 1 123 2089 5200 2088
7892 2 2 1 123 2090 5200 2089
7893 2 2 1 123 5201 5206 5187
7894 2 2 1 123 5190 5200 2090
7895 2 2 1 123 5187 5200 5199
7896 2 2 1 123 5199 5200 5190
7897 2 2 1 123 5192 5206 5201
7898 2 2 1 123 2080 5191 123
7899 2 2 1 123 2083 5189 2082
7900 2 2 1 123 2093 5193 2092
7901 2 2 1 123 2091 5190 2090
7902 2 2 1 123 2086 5192 2085
7903 2 2 1 123 2095 5188 2094
7904 2 2 1 123 2088 5187 2087
7905 2 2 1 123 5195 5207 5189
7906 2 2 1 123 5197 5199 5198
7907 2 2 1 123 5197 5198 5196
7908 2 2 1 123 5195 5197 5196
7909 2 2 1 123 5189 5210 5195
7910 2 2 1 123 5197 5201 5199
7911 2 2 1 123 5201 5202 5192
7912 2 2 1 123 5188 5203 5196
7913 2 2 1 123 5196 5203 5191
7914 2 2 1 123 5195 5196 5191
7915 2 2 1 123 5201 5210 5202
7916 2 2 1 123 5197 5210 5201
7917 2 2 1 123 5194 5207 5195
7918 2 2 1 123 5194 5195 5191
7919 2 2 1 123 2080 5194 5191
7920 2 2 1 123 123 5203 2095
7921 2 2 1 123 5202 5210 5189
7922 2 2 1 123 5191 5203 123
7923 2 2 1 123 2081 5194 2080
7924 2 2 1 123 2095 5203 5188
7925 2 2 1 123 2093 5205 5193
7926 2 2 1 123 5189 5207 2082
7927 2 2 1 123 2092 5204 2091
7928 2 2 1 123 2082 5207 2081
7929 2 2 1 123 2094 5205 2093
7930 2 2 1 123 5193 5204 2092
7931 2 2 1 123 2083 5209 5189
7932 2 2 1 123 2086 5206 5192
7933 2 2 1 123 2087 5206 2086
7934 2 2 1 123 2091 5204 5190
7935 2 2 1 123 5188 5205 2094
7936 2 2 1 123 5192 5208 2085
7937 2 2 1 123 5187 5206 2087
7938 2 2 1 123 2085 5208 2084
7939 2 2 1 123 2084 5209 2083
7940 2 2 1 123 5195 5210 5197
7941 2 2 1 123 5202 5208 5192
7942 2 2 1 123 5189 5209 5202
7943 2 2 1 123 2081 5207 5194
7944 2 2 1 123 5202 5209 5208
7945 2 2 1 123 5208 5209 2084
7946 2 2 1 124 5222 5229 5214
7947 2 2 1 124 5212 5230 5222
7948 2 2 1 124 5214 5223 5222
7949 2 2 1 124 5217 5229 5222
7950 2 2 1 124 5222 5230 5217
7951 2 2 1 124 5212 5222 5220
7952 2 2 1 124 5211 5224 2103
7953 2 2 1 124 5211 5225 5223
7954 2 2 1 124 2103 5224 2102
7955 2 2 1 124 5211 5228 5225
7956 2 2 1 124 2102 5224 2101
7957 2 2 1 124 2101 5224 5214
7958 2 2 1 124 5223 5224 5211
7959 2 2 1 124 5214 5224 5223
7960 2 2 1 124 5225 5228 5216
7961 2 2 1 124 124 5215 2111
7962 2 2 1 124 2109 5213 2108
7963 2 2 1 124 2099 5217 2098
7964 2 2 1 124 2101 5214 2100
7965 2 2 1 124 2097 5212 2096
7966 2 2 1 124 2106 5216 2105
7967 2 2 1 124 2104 5211 2103
7968 2 2 1 124 5213 5231 5219
7969 2 2 1 124 5222 5223 5221
7970 2 2 1 124 5220 5222 5221
7971 2 2 1 124 5220 5221 5219
7972 2 2 1 124 5219 5234 5213
7973 2 2 1 124 5223 5225 5221
7974 2 2 1 124 5216 5226 5225
7975 2 2 1 124 5220 5227 5212
7976 2 2 1 124 5215 5227 5220
7977 2 2 1 124 5215 5220 5219
7978 2 2 1 124 5226 5234 5225
7979 2 2 1 124 5225 5234 5221
7980 2 2 1 124 5219 5231 5218
7981 2 2 1 124 5215 5219 5218
7982 2 2 1 124 5215 5218 2111
7983 2 2 1 124 2096 5227 124
7984 2 2 1 124 5213 5234 5226
7985 2 2 1 124 124 5227 5215
7986 2 2 1 124 2111 5218 2110
7987 2 2 1 124 5212 5227 2096
7988 2 2 1 124 5217 5230 2098
7989 2 2 1 124 2109 5231 5213
7990 2 2 1 124 2100 5229 2099
7991 2 2 1 124 2110 5231 2109
7992 2 2 1 124 2098 5230 2097
7993 2 2 1 124 2099 5229 5217
7994 2 2 1 124 5213 5233 2108
7995 2 2 1 124 2105 5228 2104
7996 2 2 1 124 5214 5229 2100
7997 2 2 1 124 5216 5228 2105
7998 2 2 1 124 2097 5230 5212
7999 2 2 1 124 2104 5228 5211
8000 2 2 1 124 2106 5232 5216
8001 2 2 1 124 2107 5232 2106
8002 2 2 1 124 2108 5233 2107
8003 2 2 1 124 5221 5234 5219
8004 2 2 1 124 5216 5232 5226
8005 2 2 1 124 5226 5233 5213
8006 2 2 1 124 5218 5231 2110
8007 2 2 1 124 5232 5233 5226
8008 2 2 1 124 2107 5233 5232
8009 2 2 1 125 5235 5254 5244
8010 2 2 1 125 5244 5254 5239
8011 2 2 1 125 5238 5255 5246
8012 2 2 1 125 5246 5255 5241
8013 2 2 1 125 5252 5254 5235
8014 2 2 1 125 5243 5256 5242
8015 2 2 1 125 5236 5256 5243
8016 2 2 1 125 5238 5260 5255
8017 2 2 1 125 5237 5257 5251
8018 2 2 1 125 125 5242 2127
8019 2 2 1 125 5256 5257 5242
8020 2 2 1 125 2115 5241 2114
8021 2 2 1 125 2123 5240 2122
8022 2 2 1 125 2117 5238 2116
8023 2 2 1 125 2126 5237 2125
8024 2 2 1 125 2121 5235 2120
8025 2 2 1 125 2113 5236 2112
8026 2 2 1 125 2119 5239 2118
8027 2 2 1 125 5251 5258 5237
8028 2 2 1 125 5253 5255 5254
8029 2 2 1 125 5251 5257 5253
8030 2 2 1 125 5253 5254 5252
8031 2 2 1 125 5253 5256 5255
8032 2 2 1 125 5251 5253 5252
8033 2 2 1 125 5255 5260 5254
8034 2 2 1 125 5242 5257 5247
8035 2 2 1 125 5247 5257 5237
8036 2 2 1 125 5245 5252 5235
8037 2 2 1 125 5240 5252 5245
8038 2 2 1 125 5251 5252 5240
8039 2 2 1 125 5250 5258 5251
8040 2 2 1 125 5253 5257 5256
8041 2 2 1 125 5255 5259 5241
8042 2 2 1 125 5250 5251 5240
8043 2 2 1 125 5242 5247 2127
8044 2 2 1 125 2112 5243 125
8045 2 2 1 125 5241 5249 2114
8046 2 2 1 125 5240 5245 2122
8047 2 2 1 125 2125 5258 2124
8048 2 2 1 125 125 5243 5242
8049 2 2 1 125 2116 5246 2115
8050 2 2 1 125 2117 5248 5238
8051 2 2 1 125 2124 5250 2123
8052 2 2 1 125 2114 5249 2113
8053 2 2 1 125 2118 5248 2117
8054 2 2 1 125 2115 5246 5241
8055 2 2 1 125 5235 5244 2120
8056 2 2 1 125 5238 5246 2116
8057 2 2 1 125 2113 5249 5236
8058 2 2 1 125 2122 5245 2121
8059 2 2 1 125 2126 5247 5237
8060 2 2 1 125 5237 5258 2125
8061 2 2 1 125 2120 5244 2119
8062 2 2 1 125 2119 5244 5239
8063 2 2 1 125 2121 5245 5235
8064 2 2 1 125 2123 5250 5240
8065 2 2 1 125 2127 5247 2126
8066 2 2 1 125 5239 5248 2118
8067 2 2 1 125 5236 5243 2112
8068 2 2 1 125 5256 5259 5255
8069 2 2 1 125 5254 5260 5239
8070 2 2 1 125 5236 5259 5256
8071 2 2 1 125 2124 5258 5250
8072 2 2 1 125 5241 5259 5249
8073 2 2 1 125 5249 5259 5236
8074 2 2 1 125 5239 5260 5248
8075 2 2 1 125 5248 5260 5238
8076 2 2 1 126 5272 5279 5264
8077 2 2 1 126 5262 5280 5272
8078 2 2 1 126 5264 5273 5272
8079 2 2 1 126 5267 5279 5272
8080 2 2 1 126 5272 5280 5267
8081 2 2 1 126 5262 5272 5270
8082 2 2 1 126 5261 5274 2135
8083 2 2 1 126 5261 5275 5273
8084 2 2 1 126 2135 5274 2134
8085 2 2 1 126 5261 5278 5275
8086 2 2 1 126 2134 5274 2133
8087 2 2 1 126 2133 5274 5264
8088 2 2 1 126 5273 5274 5261
8089 2 2 1 126 5264 5274 5273
8090 2 2 1 126 5275 5278 5266
8091 2 2 1 126 126 5265 2143
8092 2 2 1 126 2141 5263 2140
8093 2 2 1 126 2131 5267 2130
8094 2 2 1 126 2133 5264 2132
8095 2 2 1 126 2129 5262 2128
8096 2 2 1 126 2138 5266 2137
8097 2 2 1 126 2136 5261 2135
8098 2 2 1 126 5263 5281 5269
8099 2 2 1 126 5272 5273 5271
8100 2 2 1 126 5270 5272 5271
8101 2 2 1 126 5270 5271 5269
8102 2 2 1 126 5269 5284 5263
8103 2 2 1 126 5273 5275 5271
8104 2 2 1 126 5266 5276 5275
8105 2 2 1 126 5270 5277 5262
8106 2 2 1 126 5265 5277 5270
8107 2 2 1 126 5265 5270 5269
8108 2 2 1 126 5276 5284 5275
8109 2 2 1 126 5275 5284 5271
8110 2 2 1 126 5269 5281 5268
8111 2 2 1 126 5265 5269 5268
8112 2 2 1 126 5265 5268 2143
8113 2 2 1 126 2128 5277 126
8114 2 2 1 126 5263 5284 5276
8115 2 2 1 126 126 5277 5265
8116 2 2 1 126 2143 5268 2142
8117 2 2 1 126 5262 5277 2128
8118 2 2 1 126 5267 5280 2130
8119 2 2 1 126 2141 5281 5263
8120 2 2 1 126 2132 5279 2131
8121 2 2 1 126 2142 5281 2141
8122 2 2 1 126 2130 5280 2129
8123 2 2 1 126 2131 5279 5267
8124 2 2 1 126 5263 5283 2140
8125 2 2 1 126 2137 5278 2136
8126 2 2 1 126 5264 5279 2132
8127 2 2 1 126 5266 5278 2137
8128 2 2 1 126 2129 5280 5262
8129 2 2 1 126 2136 5278 5261
8130 2 2 1 126 2138 5282 5266
8131 2 2 1 126 2139 5282 2138
8132 2 2 1 126 2140 5283 2139
8133 2 2 1 126 5271 5284 5269
8134 2 2 1 126 5266 5282 5276
8135 2 2 1 126 5276 5283 5263
8136 2 2 1 126 5268 5281 2142
8137 2 2 1 126 5282 5283 5276
8138 2 2 1 126 2139 5283 5282
8139 2 2 2 127 6319 8245 1892
8140 2 2 2 127 5786 6537 5782
8141 2 2 2 127 1907 7604 7428
8142 2 2 2 127 7308 7483 7480
8143 2 2 2 127 6537 8722 5782
8144 2 2 2 127 7158 7660 7154
8145 2 2 2 127 7493 7964 7268
8146 2 2 2 127 5984 8725 7255
8147 2 2 2 127 6345 6538 5786
8148 2 2 2 127 7575 8215 7029
8149 2 2 2 127 7444 7458 7322
8150 2 2 2 127 5649 8008 6873
8151 2 2 2 127 6260 6842 5709
8152 2 2 2 127 5478 5651 1872
8153 2 2 2 127 5392 8434 6674
8154 2 2 2 127 1678 6509 5996
8155 2 2 2 127 5616 5657 1088
8156 2 2 2 127 5426 6255 5791
8157 2 2 2 127 6295 6310 5950
8158 2 2 2 127 677 8501 6289
8159 2 2 2 127 5493 5494 5309
8160 2 2 2 127 33 8478 6106
8161 2 2 2 127 6125 6419 5725
8162 2 2 2 127 6746 8008 6366
8163 2 2 2 127 5303 7754 7753
8164 2 2 2 127 7585 7677 7676
8165 2 2 2 127 7428 7604 7430
8166 2 2 2 127 5933 8260 150
8167 2 2 2 127 7445 8400 7196
8168 2 2 2 127 1346 6643 6355
8169 2 2 2 127 2130 6644 6356
8170 2 2 2 127 8071 8290 6829
8171 2 2 2 127 7434 7435 7301
8172 2 2 2 127 6503 6508 5809
8173 2 2 2 127 7799 7800 5896
8174 2 2 2 127 6120 6772 6430
8175 2 2 2 127 5923 6351 6350
8176 2 2 2 127 5816 8048 8015
8177 2 2 2 127 7633 8249 7311
8178 2 2 2 127 6393 6629 2132
8179 2 2 2 127 6394 6630 1348
8180 2 2 2 127 1574 6377 1575
8181 2 2 2 127 5447 6401 6009
8182 2 2 2 127 5448 6402 6011
8183 2 2 2 127 5426 8403 6255
8184 2 2 2 127 7347 7496 7345
8185 2 2 2 127 7585 7676 7674
8186 2 2 2 127 6286 8565 6105
8187 2 2 2 127 7125 7821 7124
8188 2 2 2 127 6289 8867 677
8189 2 2 2 127 5718 7942 6314
8190 2 2 2 127 5968 8147 1624
8191 2 2 2 127 6525 8008 6746
8192 2 2 2 127 5429 6887 6542
8193 2 2 2 127 5944 8321 1718
8194 2 2 2 127 6296 6400 5902
8195 2 2 2 127 618 8084 6248
8196 2 2 2 127 2131 6393 2132
8197 2 2 2 127 1347 6394 1348
8198 2 2 2 127 5373 5666 5665
8199 2 2 2 127 7512 7520 7412
8200 2 2 2 127 6113 8354 8101
8201 2 2 2 127 7678 7847 7537
8202 2 2 2 127 7268 7964 7308
8203 2 2 2 127 284 6778 285
8204 2 2 2 127 6795 6796 5897
8205 2 2 2 127 5626 5627 5305
8206 2 2 2 127 7262 7310 7260
8207 2 2 2 127 6080 6213 5657
8208 2 2 2 127 6140 6837 6773
8209 2 2 2 127 7096 7097 7067
8210 2 2 2 127 7575 8393 8215
8211 2 2 2 127 5377 7773 839
8212 2 2 2 127 8064 8097 5430
8213 2 2 2 127 6156 8077 6532
8214 2 2 2 127 6155 8076 6531
8215 2 2 2 127 6187 8084 6789
8216 2 2 2 127 6188 8085 6790
8217 2 2 2 127 6254 8055 6297
8218 2 2 2 127 6789 8084 617
8219 2 2 2 127 6790 8085 393
8220 2 2 2 127 5302 7770 7769
8221 2 2 2 127 5750 8080 6775
8222 2 2 2 127 7310 8630 7583
8223 2 2 2 127 7828 8954 7371
8224 2 2 2 127 7087 7984 7639
8225 2 2 2 127 6523 8139 6391
8226 2 2 2 127 5867 7774 7293
8227 2 2 2 127 5672 8139 6523
8228 2 2 2 127 7569 7956 6864
8229 2 2 2 127 5302 7772 7770
8230 2 2 2 127 7883 8786 6000
8231 2 2 2 127 6376 6545 5352
8232 2 2 2 127 7008 7575 7029
8233 2 2 2 127 7335 7734 7253
8234 2 2 2 127 6963 7898 6965
8235 2 2 2 127 6263 6852 6819
8236 2 2 2 127 7570 7778 7520
8237 2 2 2 127 728 6846 5964
8238 2 2 2 127 8531 8670 32
8239 2 2 2 127 8530 8664 4
8240 2 2 2 127 6390 8244 884
8241 2 2 2 127 6337 6389 883
8242 2 2 2 127 5395 9036 6297
8243 2 2 2 127 1760 6637 6349
8244 2 2 2 127 976 6636 6348
8245 2 2 2 127 6051 8538 5438
8246 2 2 2 127 7394 8465 5313
8247 2 2 2 127 1456 8120 5929
8248 2 2 2 127 6388 8467 6336
8249 2 2 2 127 5376 9037 6298
8250 2 2 2 127 5378 9038 6300
8251 2 2 2 127 5902 6549 6296
8252 2 2 2 127 5379 9039 6301
8253 2 2 2 127 5633 6123 5415
8254 2 2 2 127 6362 8346 19
8255 2 2 2 127 7747 8149 6935
8256 2 2 2 127 6363 8336 117
8257 2 2 2 127 6967 7898 6963
8258 2 2 2 127 5473 6488 6387
8259 2 2 2 127 1346 6355 1347
8260 2 2 2 127 2130 6356 2131
8261 2 2 2 127 547 8467 6388
8262 2 2 2 127 5694 6798 6534
8263 2 2 2 127 6384 9014 6145
8264 2 2 2 127 5794 6810 5992
8265 2 2 2 127 5411 6815 6492
8266 2 2 2 127 5410 6816 6493
8267 2 2 2 127 6354 6721 5676
8268 2 2 2 127 6726 8478 33
8269 2 2 2 127 5746 6067 5461
8270 2 2 2 127 7649 7650 7152
8271 2 2 2 127 7704 7706 7309
8272 2 2 2 127 6976 7396 7395
8273 2 2 2 127 2054 7685 7684
8274 2 2 2 127 7637 8167 7477
8275 2 2 2 127 5342 8091 7629
8276 2 2 2 127 7412 7552 7407
8277 2 2 2 127 6347 8479 5656
8278 2 2 2 127 7608 7841 7446
8279 2 2 2 127 6084 6305 5493
8280 2 2 2 127 6297 8055 5395
8281 2 2 2 127 6403 8069 5938
8282 2 2 2 127 5949 6850 1307
8283 2 2 2 127 6778 8436 285
8284 2 2 2 127 8023 8037 5339
8285 2 2 2 127 5459 8034 6630
8286 2 2 2 127 7645 8860 7074
8287 2 2 2 127 5460 8035 6629
8288 2 2 2 127 6500 7165 5681
8289 2 2 2 127 5654 6292 5633
8290 2 2 2 127 6105 6813 6286
8291 2 2 2 127 5757 7942 118
8292 2 2 2 127 7095 8738 7094
8293 2 2 2 127 7640 8557 7685
8294 2 2 2 127 5427 6859 6617
8295 2 2 2 127 5407 8104 231
8296 2 2 2 127 7446 7841 7806
8297 2 2 2 127 5389 8102 455
8298 2 2 2 127 7921 7957 7846
8299 2 2 2 127 5308 6696 6311
8300 2 2 2 127 5996 6059 5628
8301 2 2 2 127 5973 7777 6992
8302 2 2 2 127 5616 6080 5657
8303 2 2 2 127 6541 7996 6848
8304 2 2 2 127 7520 8690 8377
8305 2 2 2 127 455 8102 6277
8306 2 2 2 127 231 8104 6270
8307 2 2 2 127 7908 7909 7180
8308 2 2 2 127 111 7946 6423
8309 2 2 2 127 62 7945 6424
8310 2 2 2 127 6493 6835 6220
8311 2 2 2 127 7130 7500 7153
8312 2 2 2 127 6314 6432 5718
8313 2 2 2 127 6873 8008 6525
8314 2 2 2 127 5712 5713 5371
8315 2 2 2 127 7583 8630 7584
8316 2 2 2 127 6001 6831 6635
8317 2 2 2 127 7921 8303 7957
8318 2 2 2 127 7479 7849 7739
8319 2 2 2 127 6329 6393 6356
8320 2 2 2 127 6330 6394 6355
8321 2 2 2 127 6021 6342 5937
8322 2 2 2 127 5992 6810 6551
8323 2 2 2 127 5650 8323 6294
8324 2 2 2 127 6534 6798 6615
8325 2 2 2 127 7638 7678 7122
8326 2 2 2 127 746 8095 226
8327 2 2 2 127 522 8094 450
8328 2 2 2 127 7659 7746 7490
8329 2 2 2 127 7897 8282 7391
8330 2 2 2 127 1197 7468 6900
8331 2 2 2 127 7264 7479 7262
8332 2 2 2 127 5651 7976 1872
8333 2 2 2 127 5672 7971 1776
8334 2 2 2 127 5657 7974 1088
8335 2 2 2 127 7273 7493 7270
8336 2 2 2 127 7338 7954 7382
8337 2 2 2 127 6192 6843 6655
8338 2 2 2 127 6340 8958 5367
8339 2 2 2 127 5679 6883 679
8340 2 2 2 127 5655 6304 5467
8341 2 2 2 127 6419 8012 5725
8342 2 2 2 127 6796 7971 6869
8343 2 2 2 127 5680 6885 1127
8344 2 2 2 127 5709 8203 6260
8345 2 2 2 127 6989 7442 6982
8346 2 2 2 127 6255 8099 5791
8347 2 2 2 127 968 8481 7783
8348 2 2 2 127 7811 7874 7033
8349 2 2 2 127 679 6883 6269
8350 2 2 2 127 7609 8280 7620
8351 2 2 2 127 5665 6248 6157
8352 2 2 2 127 1127 6885 6279
8353 2 2 2 127 7273 7926 7493
8354 2 2 2 127 5313 6111 5701
8355 2 2 2 127 5455 8021 6544
8356 2 2 2 127 6027 7980 7203
8357 2 2 2 127 167 8021 5455
8358 2 2 2 127 5625 7900 6308
8359 2 2 2 127 5816 8015 6093
8360 2 2 2 127 7115 8448 7591
8361 2 2 2 127 5674 6249 6158
8362 2 2 2 127 7684 8557 7615
8363 2 2 2 127 883 8715 6337
8364 2 2 2 127 5318 8395 7737
8365 2 2 2 127 6145 8021 6384
8366 2 2 2 127 7851 7897 7391
8367 2 2 2 127 7584 7585 7582
8368 2 2 2 127 6511 8385 6876
8369 2 2 2 127 7609 7620 7610
8370 2 2 2 127 6177 8048 5677
8371 2 2 2 127 6957 7450 7448
8372 2 2 2 127 6178 8049 5678
8373 2 2 2 127 7288 7301 7286
8374 2 2 2 127 7047 7058 7046
8375 2 2 2 127 6388 6840 6410
8376 2 2 2 127 6324 8246 212
8377 2 2 2 127 6323 8247 436
8378 2 2 2 127 6977 7944 6979
8379 2 2 2 127 5950 6400 6295
8380 2 2 2 127 7585 7674 7582
8381 2 2 2 127 7029 7046 7028
8382 2 2 2 127 7607 8268 7486
8383 2 2 2 127 7442 8157 6982
8384 2 2 2 127 1846 9036 5395
8385 2 2 2 127 538 7989 539
8386 2 2 2 127 1658 7991 1659
8387 2 2 2 127 1322 7992 1323
8388 2 2 2 127 762 7988 763
8389 2 2 2 127 874 7990 875
8390 2 2 2 127 5926 8301 6233
8391 2 2 2 127 5677 8048 6352
8392 2 2 2 127 502 9037 5376
8393 2 2 2 127 6991 7026 6989
8394 2 2 2 127 278 9038 5378
8395 2 2 2 127 5678 8049 6353
8396 2 2 2 127 1510 9039 5379
8397 2 2 2 127 7872 8148 7499
8398 2 2 2 127 6646 8332 6171
8399 2 2 2 127 110 5478 1872
8400 2 2 2 127 5415 6171 6117
8401 2 2 2 127 7914 8235 7650
8402 2 2 2 127 6965 7898 6968
8403 2 2 2 127 6181 8596 414
8404 2 2 2 127 6248 8879 618
8405 2 2 2 127 61 5616 1088
8406 2 2 2 127 5694 6534 6003
8407 2 2 2 127 5988 6374 2093
8408 2 2 2 127 7654 8607 6960
8409 2 2 2 127 2094 6884 6552
8410 2 2 2 127 104 5672 1776
8411 2 2 2 127 7059 7083 7058
8412 2 2 2 127 5851 5852 5319
8413 2 2 2 127 1462 6881 1463
8414 2 2 2 127 6983 7944 6977
8415 2 2 2 127 5787 5788 5380
8416 2 2 2 127 5756 5757 118
8417 2 2 2 127 5795 5796 5382
8418 2 2 2 127 6313 8352 6540
8419 2 2 2 127 5814 6262 5398
8420 2 2 2 127 431 7949 19
8421 2 2 2 127 6112 6377 1574
8422 2 2 2 127 6180 8610 1870
8423 2 2 2 127 6843 8382 6655
8424 2 2 2 127 5817 6396 1444
8425 2 2 2 127 5313 8465 7248
8426 2 2 2 127 5816 6093 5426
8427 2 2 2 127 6011 6012 5819
8428 2 2 2 127 6360 6883 5679
8429 2 2 2 127 8303 9011 7840
8430 2 2 2 127 6995 7575 6994
8431 2 2 2 127 5819 6056 5360
8432 2 2 2 127 5821 5822 5399
8433 2 2 2 127 6009 6010 5442
8434 2 2 2 127 6376 8621 6545
8435 2 2 2 127 6 5493 5309
8436 2 2 2 127 6755 6881 1462
8437 2 2 2 127 7458 7460 7322
8438 2 2 2 127 5893 6391 5890
8439 2 2 2 127 2003 6398 2004
8440 2 2 2 127 1219 6399 1220
8441 2 2 2 127 6186 6255 5444
8442 2 2 2 127 5898 5899 5387
8443 2 2 2 127 5863 6334 5424
8444 2 2 2 127 1529 6058 6028
8445 2 2 2 127 5914 6233 5388
8446 2 2 2 127 5419 6378 6195
8447 2 2 2 127 5889 5890 5406
8448 2 2 2 127 6014 6359 5422
8449 2 2 2 127 6368 6633 6032
8450 2 2 2 127 7474 8511 7931
8451 2 2 2 127 6306 8945 5688
8452 2 2 2 127 6036 6365 5428
8453 2 2 2 127 6109 6256 5432
8454 2 2 2 127 1534 7935 6543
8455 2 2 2 127 6361 6885 5680
8456 2 2 2 127 7083 7110 7084
8457 2 2 2 127 5934 6263 431
8458 2 2 2 127 343 8054 6272
8459 2 2 2 127 7733 7826 7468
8460 2 2 2 127 7110 7176 7139
8461 2 2 2 127 6511 6876 5667
8462 2 2 2 127 6930 8073 7628
8463 2 2 2 127 7093 8444 8392
8464 2 2 2 127 6049 6390 6389
8465 2 2 2 127 7629 8265 5342
8466 2 2 2 127 5693 8537 6787
8467 2 2 2 127 5995 8060 411
8468 2 2 2 127 6357 8251 876
8469 2 2 2 127 5794 5992 899
8470 2 2 2 127 5929 5930 5408
8471 2 2 2 127 1120 6316 6152
8472 2 2 2 127 5887 6315 1331
8473 2 2 2 127 1865 6432 6314
8474 2 2 2 127 7889 8328 8022
8475 2 2 2 127 6120 6264 5419
8476 2 2 2 127 5946 6297 1834
8477 2 2 2 127 5700 6506 5441
8478 2 2 2 127 5463 6430 6302
8479 2 2 2 127 5464 6388 6336
8480 2 2 2 127 5465 6389 6337
8481 2 2 2 127 1904 6319 6153
8482 2 2 2 127 1662 6533 6047
8483 2 2 2 127 5392 6674 6131
8484 2 2 2 127 7449 8045 7811
8485 2 2 2 127 5956 6298 490
8486 2 2 2 127 5957 6300 266
8487 2 2 2 127 5958 6301 1498
8488 2 2 2 127 5939 5995 411
8489 2 2 2 127 5751 6368 6150
8490 2 2 2 127 6272 8054 6202
8491 2 2 2 127 6122 6425 546
8492 2 2 2 127 5435 6402 6119
8493 2 2 2 127 5434 6401 6118
8494 2 2 2 127 7228 7506 7226
8495 2 2 2 127 6318 6325 1722
8496 2 2 2 127 6317 6326 1162
8497 2 2 2 127 6395 6680 5723
8498 2 2 2 127 5954 6229 5407
8499 2 2 2 127 6979 7944 6981
8500 2 2 2 127 5959 6115 5389
8501 2 2 2 127 1495 6386 6094
8502 2 2 2 127 935 6387 6095
8503 2 2 2 127 6355 6643 1418
8504 2 2 2 127 6356 6644 1978
8505 2 2 2 127 6304 8883 8139
8506 2 2 2 127 5362 6160 6040
8507 2 2 2 127 7243 7322 7228
8508 2 2 2 127 7333 8154 7302
8509 2 2 2 127 6294 8458 5650
8510 2 2 2 127 6327 6392 5390
8511 2 2 2 127 6261 8375 8068
8512 2 2 2 127 7719 8134 5978
8513 2 2 2 127 7212 7874 7811
8514 2 2 2 127 5395 6418 5994
8515 2 2 2 127 6052 6184 5413
8516 2 2 2 127 5993 8408 6811
8517 2 2 2 127 6040 6285 5449
8518 2 2 2 127 1517 8416 1518
8519 2 2 2 127 1853 8417 1854
8520 2 2 2 127 315 8079 6032
8521 2 2 2 127 6956 7007 6954
8522 2 2 2 127 5994 6291 6178
8523 2 2 2 127 6044 6287 5450
8524 2 2 2 127 1884 6328 6096
8525 2 2 2 127 5401 6113 6112
8526 2 2 2 127 7477 8168 6911
8527 2 2 2 127 1662 6875 6533
8528 2 2 2 127 97 5626 5305
8529 2 2 2 127 7737 8427 5318
8530 2 2 2 127 6356 6393 2131
8531 2 2 2 127 6355 6394 1347
8532 2 2 2 127 6152 6375 5386
8533 2 2 2 127 7035 7096 7067
8534 2 2 2 127 5688 8081 6306
8535 2 2 2 127 5918 6126 5311
8536 2 2 2 127 6377 8281 1575
8537 2 2 2 127 894 8519 6639
8538 2 2 2 127 670 8520 6640
8539 2 2 2 127 5938 6308 5312
8540 2 2 2 127 5976 6099 5391
8541 2 2 2 127 7310 7636 7260
8542 2 2 2 127 543 5746 5461
8543 2 2 2 127 6233 6888 5926
8544 2 2 2 127 448 8247 6323
8545 2 2 2 127 224 8246 6324
8546 2 2 2 127 6338 6403 5938
8547 2 2 2 127 6495 8026 6159
8548 2 2 2 127 5343 7862 2178
8549 2 2 2 127 6159 8596 6495
8550 2 2 2 127 6500 7928 7165
8551 2 2 2 127 1230 8525 6642
8552 2 2 2 127 5471 6512 6065
8553 2 2 2 127 5629 5630 5293
8554 2 2 2 127 223 6084 5493
8555 2 2 2 127 5947 8097 6744
8556 2 2 2 127 6906 7804 7803
8557 2 2 2 127 6950 8209 7470
8558 2 2 2 127 6145 9014 6312
8559 2 2 2 127 5998 6246 5443
8560 2 2 2 127 5403 6491 6116
8561 2 2 2 127 5694 6003 5373
8562 2 2 2 127 6258 8434 5392
8563 2 2 2 127 5307 6189 6035
8564 2 2 2 127 7094 7490 7489
8565 2 2 2 127 6778 8567 6226
8566 2 2 2 127 764 6505 5952
8567 2 2 2 127 5326 6431 6044
8568 2 2 2 127 7290 7813 7434
8569 2 2 2 127 125 8117 2112
8570 2 2 2 127 6507 6882 6074
8571 2 2 2 127 764 7955 6505
8572 2 2 2 127 876 6559 6357
8573 2 2 2 127 1736 8041 1737
8574 2 2 2 127 6237 8536 8054
8575 2 2 2 127 1176 8042 1177
8576 2 2 2 127 7865 8919 7170
8577 2 2 2 127 6929 6986 6931
8578 2 2 2 127 6919 7613 2056
8579 2 2 2 127 6774 6775 5440
8580 2 2 2 127 5673 5689 1537
8581 2 2 2 127 5373 5665 40
8582 2 2 2 127 6093 8403 5426
8583 2 2 2 127 7824 8131 7765
8584 2 2 2 127 7099 7588 7587
8585 2 2 2 127 7244 7825 7237
8586 2 2 2 127 6740 8041 1736
8587 2 2 2 127 1007 5654 5633
8588 2 2 2 127 6341 8457 5937
8589 2 2 2 127 6741 8042 1176
8590 2 2 2 127 5811 8396 6242
8591 2 2 2 127 303 8339 6368
8592 2 2 2 127 8102 8505 5471
8593 2 2 2 127 7591 7837 7115
8594 2 2 2 127 7530 7984 7528
8595 2 2 2 127 6857 8401 5576
8596 2 2 2 127 6263 7949 431
8597 2 2 2 127 6986 6994 6987
8598 2 2 2 127 5626 5996 5628
8599 2 2 2 127 968 7783 969
8600 2 2 2 127 6974 7005 6970
8601 2 2 2 127 6228 8336 712
8602 2 2 2 127 447 6051 5438
8603 2 2 2 127 6496 8043 6179
8604 2 2 2 127 7800 8238 7924
8605 2 2 2 127 6231 8346 1272
8606 2 2 2 127 7460 7902 7901
8607 2 2 2 127 7438 8885 8494
8608 2 2 2 127 7770 8562 7522
8609 2 2 2 127 5339 8037 7822
8610 2 2 2 127 7520 7778 7757
8611 2 2 2 127 5377 7802 7773
8612 2 2 2 127 484 8451 653
8613 2 2 2 127 7618 7641 7619
8614 2 2 2 127 5451 8049 6291
8615 2 2 2 127 6744 8097 6321
8616 2 2 2 127 7395 8893 7005
8617 2 2 2 127 1534 6543 1535
8618 2 2 2 127 5929 8120 6396
8619 2 2 2 127 894 6639 895
8620 2 2 2 127 670 6640 671
8621 2 2 2 127 7035 7067 7036
8622 2 2 2 127 5958 6626 6301
8623 2 2 2 127 7769 7771 5302
8624 2 2 2 127 7640 7641 7618
8625 2 2 2 127 5878 8573 8070
8626 2 2 2 127 1678 5996 1679
8627 2 2 2 127 6035 6144 975
8628 2 2 2 127 1230 6642 1231
8629 2 2 2 127 7649 7914 7650
8630 2 2 2 127 2094 6552 2095
8631 2 2 2 127 5667 8117 125
8632 2 2 2 127 5313 5701 1200
8633 2 2 2 127 7663 8280 7609
8634 2 2 2 127 6428 8064 5430
8635 2 2 2 127 6111 6539 5701
8636 2 2 2 127 7391 8122 7851
8637 2 2 2 127 7292 7321 7290
8638 2 2 2 127 7268 7308 7266
8639 2 2 2 127 1662 6047 1663
8640 2 2 2 127 6925 7681 7021
8641 2 2 2 127 6968 7898 7020
8642 2 2 2 127 5647 6657 6547
8643 2 2 2 127 206 6202 207
8644 2 2 2 127 6994 7008 6996
8645 2 2 2 127 53 8663 960
8646 2 2 2 127 116 8665 1968
8647 2 2 2 127 18 8661 400
8648 2 2 2 127 32 8670 624
8649 2 2 2 127 4 8664 176
8650 2 2 2 127 109 8673 1856
8651 2 2 2 127 123 8666 2080
8652 2 2 2 127 11 8669 288
8653 2 2 2 127 81 8674 1408
8654 2 2 2 127 60 8671 1072
8655 2 2 2 127 102 8667 1744
8656 2 2 2 127 88 8676 1520
8657 2 2 2 127 67 8675 1184
8658 2 2 2 127 6368 8079 303
8659 2 2 2 127 6896 7649 7152
8660 2 2 2 127 55 5633 5415
8661 2 2 2 127 7435 8885 7301
8662 2 2 2 127 192 5712 5371
8663 2 2 2 127 5724 8979 25
8664 2 2 2 127 7826 8429 6900
8665 2 2 2 127 5665 6157 752
8666 2 2 2 127 7355 8721 7566
8667 2 2 2 127 5938 8069 6308
8668 2 2 2 127 6049 6389 5465
8669 2 2 2 127 5751 6633 6368
8670 2 2 2 127 285 8980 286
8671 2 2 2 127 7008 7028 7010
8672 2 2 2 127 7444 7555 7458
8673 2 2 2 127 117 8524 6363
8674 2 2 2 127 5674 6158 304
8675 2 2 2 127 6811 8408 6227
8676 2 2 2 127 1791 5655 5467
8677 2 2 2 127 7743 7984 7983
8678 2 2 2 127 7483 8406 7480
8679 2 2 2 127 544 5700 5441
8680 2 2 2 127 7527 7686 7529
8681 2 2 2 127 7412 8377 7552
8682 2 2 2 127 5566 6615 5583
8683 2 2 2 127 6254 6297 5946
8684 2 2 2 127 6981 7944 7015
8685 2 2 2 127 7458 8971 7460
8686 2 2 2 127 5919 5921 1068
8687 2 2 2 127 7376 7738 7736
8688 2 2 2 127 6387 6488 6095
8689 2 2 2 127 7308 7480 7266
8690 2 2 2 127 111 6423 1888
8691 2 2 2 127 62 6424 1104
8692 2 2 2 127 7685 8051 7640
8693 2 2 2 127 7892 8088 7893
8694 2 2 2 127 1328 6034 1329
8695 2 2 2 127 6280 6530 5409
8696 2 2 2 127 864 6045 5358
8697 2 2 2 127 1495 6700 6386
8698 2 2 2 127 935 6701 6387
8699 2 2 2 127 5890 6391 5406
8700 2 2 2 127 7524 7967 7786
8701 2 2 2 127 6501 7941 5437
8702 2 2 2 127 7308 8696 7483
8703 2 2 2 127 1069 9020 1070
8704 2 2 2 127 7290 7434 7288
8705 2 2 2 127 991 6046 54
8706 2 2 2 127 5415 6117 992
8707 2 2 2 127 1119 6741 62
8708 2 2 2 127 1903 6740 111
8709 2 2 2 127 527 5724 25
8710 2 2 2 127 6168 8531 32
8711 2 2 2 127 6167 8530 4
8712 2 2 2 127 6071 6541 6043
8713 2 2 2 127 1423 5702 81
8714 2 2 2 127 5923 8013 318
8715 2 2 2 127 76 5629 5293
8716 2 2 2 127 2153 7729 2152
8717 2 2 2 127 751 5716 39
8718 2 2 2 127 6035 6759 6144
8719 2 2 2 127 8070 8660 5878
8720 2 2 2 127 6430 6772 5458
8721 2 2 2 127 5656 8479 6046
8722 2 2 2 127 2127 5682 5445
8723 2 2 2 127 33 6106 640
8724 2 2 2 127 7703 7716 7705
8725 2 2 2 127 7604 8657 7430
8726 2 2 2 127 5332 6555 6023
8727 2 2 2 127 7096 9026 7097
8728 2 2 2 127 902 6374 903
8729 2 2 2 127 206 8019 6202
8730 2 2 2 127 6617 6859 6049
8731 2 2 2 127 900 6758 6552
8732 2 2 2 127 7552 7753 7652
8733 2 2 2 127 7909 8974 7180
8734 2 2 2 127 5978 7966 7719
8735 2 2 2 127 6917 7123 6926
8736 2 2 2 127 6216 6557 5416
8737 2 2 2 127 6976 7395 6974
8738 2 2 2 127 5345 7730 2163
8739 2 2 2 127 6827 8683 6649
8740 2 2 2 127 2015 5756 118
8741 2 2 2 127 6912 6913 6910
8742 2 2 2 127 5698 8990 46
8743 2 2 2 127 5699 8989 95
8744 2 2 2 127 6935 8149 6933
8745 2 2 2 127 8101 8354 5696
8746 2 2 2 127 6787 8537 6246
8747 2 2 2 127 7488 8406 7571
8748 2 2 2 127 6303 6508 6503
8749 2 2 2 127 7528 7984 7526
8750 2 2 2 127 6363 8524 5849
8751 2 2 2 127 7618 8557 7640
8752 2 2 2 127 7061 7489 7059
8753 2 2 2 127 6240 6491 5403
8754 2 2 2 127 7589 7921 7401
8755 2 2 2 127 1566 6528 1567
8756 2 2 2 127 8160 8783 8124
8757 2 2 2 127 6097 6752 6378
8758 2 2 2 127 7155 7522 7157
8759 2 2 2 127 5937 6342 6341
8760 2 2 2 127 7270 7493 7268
8761 2 2 2 127 7489 8210 7059
8762 2 2 2 127 6986 7628 6995
8763 2 2 2 127 7638 7847 7678
8764 2 2 2 127 7626 7744 7321
8765 2 2 2 127 5934 6852 6263
8766 2 2 2 127 7288 7434 7301
8767 2 2 2 127 7244 7934 7825
8768 2 2 2 127 6021 7725 6342
8769 2 2 2 127 6179 8610 6496
8770 2 2 2 127 1565 8709 1566
8771 2 2 2 127 1005 8697 1006
8772 2 2 2 127 1229 8713 1230
8773 2 2 2 127 1677 8703 1678
8774 2 2 2 127 1789 8702 1790
8775 2 2 2 127 1453 8714 1454
8776 2 2 2 127 1341 8698 1342
8777 2 2 2 127 221 8704 222
8778 2 2 2 127 1117 8711 1118
8779 2 2 2 127 669 8705 670
8780 2 2 2 127 333 8701 334
8781 2 2 2 127 781 8700 782
8782 2 2 2 127 2125 8712 2126
8783 2 2 2 127 445 8707 446
8784 2 2 2 127 893 8706 894
8785 2 2 2 127 557 8708 558
8786 2 2 2 127 2013 8710 2014
8787 2 2 2 127 1901 8699 1902
8788 2 2 2 127 6974 7395 7005
8789 2 2 2 127 6369 7177 6008
8790 2 2 2 127 334 8517 6790
8791 2 2 2 127 782 8516 6789
8792 2 2 2 127 863 5698 46
8793 2 2 2 127 1647 5699 95
8794 2 2 2 127 7629 8091 7631
8795 2 2 2 127 1536 5673 1537
8796 2 2 2 127 5650 6657 5647
8797 2 2 2 127 6914 6927 6913
8798 2 2 2 127 1456 8472 8120
8799 2 2 2 127 7008 7029 7028
8800 2 2 2 127 7665 8020 7089
8801 2 2 2 127 7262 8252 7310
8802 2 2 2 127 7026 7442 6989
8803 2 2 2 127 5977 8160 8124
8804 2 2 2 127 7260 8753 7257
8805 2 2 2 127 6925 8518 7681
8806 2 2 2 127 6304 8139 5467
8807 2 2 2 127 7380 8544 8066
8808 2 2 2 127 5763 6758 6628
8809 2 2 2 127 7063 7094 7061
8810 2 2 2 127 7314 8148 7839
8811 2 2 2 127 6054 6555 5332
8812 2 2 2 127 6771 8089 5676
8813 2 2 2 127 7940 8348 7966
8814 2 2 2 127 46 7990 848
8815 2 2 2 127 74 7992 1296
8816 2 2 2 127 39 7988 736
8817 2 2 2 127 25 7989 512
8818 2 2 2 127 95 7991 1632
8819 2 2 2 127 5459 6630 5793
8820 2 2 2 127 5460 6629 5792
8821 2 2 2 127 7029 7047 7046
8822 2 2 2 127 2132 6629 6162
8823 2 2 2 127 1348 6630 6163
8824 2 2 2 127 7239 7244 7237
8825 2 2 2 127 6773 8371 6140
8826 2 2 2 127 8304 8567 6806
8827 2 2 2 127 7360 7671 7245
8828 2 2 2 127 6045 6808 5358
8829 2 2 2 127 2052 5851 5319
8830 2 2 2 127 2108 6628 6551
8831 2 2 2 127 7690 8414 8052
8832 2 2 2 127 413 6181 414
8833 2 2 2 127 1869 6180 1870
8834 2 2 2 127 1402 5864 1403
8835 2 2 2 127 6540 8352 5967
8836 2 2 2 127 6928 6929 6927
8837 2 2 2 127 6911 8168 6917
8838 2 2 2 127 2092 5988 2093
8839 2 2 2 127 1106 6173 5795
8840 2 2 2 127 6242 6433 5811
8841 2 2 2 127 5676 8089 6354
8842 2 2 2 127 323 5787 5380
8843 2 2 2 127 7321 7813 7290
8844 2 2 2 127 5935 8332 6646
8845 2 2 2 127 2074 6658 2075
8846 2 2 2 127 1997 5888 1998
8847 2 2 2 127 1756 6360 1757
8848 2 2 2 127 5471 6065 372
8849 2 2 2 127 989 5870 990
8850 2 2 2 127 6239 8401 6857
8851 2 2 2 127 1890 6174 5821
8852 2 2 2 127 300 6361 301
8853 2 2 2 127 6104 6371 5787
8854 2 2 2 127 317 5923 318
8855 2 2 2 127 7854 8356 7097
8856 2 2 2 127 1122 5790 1123
8857 2 2 2 127 1107 5795 5382
8858 2 2 2 127 337 6075 338
8859 2 2 2 127 6309 8172 8059
8860 2 2 2 127 1443 5817 1444
8861 2 2 2 127 5888 8309 1998
8862 2 2 2 127 1234 5816 5426
8863 2 2 2 127 5663 7865 7170
8864 2 2 2 127 1010 6011 5819
8865 2 2 2 127 771 5814 5398
8866 2 2 2 127 2090 5925 2091
8867 2 2 2 127 1995 6498 1996
8868 2 2 2 127 5682 6839 5445
8869 2 2 2 127 1421 6132 1422
8870 2 2 2 127 6248 8084 6157
8871 2 2 2 127 653 9024 484
8872 2 2 2 127 1981 6134 1982
8873 2 2 2 127 674 6009 5442
8874 2 2 2 127 6249 8085 6158
8875 2 2 2 127 1101 5868 5289
8876 2 2 2 127 2090 8297 5925
8877 2 2 2 127 6995 7841 7575
8878 2 2 2 127 1865 6314 1866
8879 2 2 2 127 429 6186 5444
8880 2 2 2 127 148 5914 5388
8881 2 2 2 127 5936 5937 1311
8882 2 2 2 127 1891 5821 5399
8883 2 2 2 127 1529 6028 1530
8884 2 2 2 127 1011 5819 5360
8885 2 2 2 127 7926 8877 7476
8886 2 2 2 127 6103 6221 1459
8887 2 2 2 127 6388 6410 548
8888 2 2 2 127 1268 5898 5387
8889 2 2 2 127 5751 6150 1124
8890 2 2 2 127 7660 7821 7125
8891 2 2 2 127 1773 5863 5424
8892 2 2 2 127 7243 7444 7322
8893 2 2 2 127 6311 6798 5308
8894 2 2 2 127 5458 8659 6430
8895 2 2 2 127 1604 5889 5406
8896 2 2 2 127 596 6014 5422
8897 2 2 2 127 5419 6195 1643
8898 2 2 2 127 1156 6109 5432
8899 2 2 2 127 6378 6752 5653
8900 2 2 2 127 1233 6352 5816
8901 2 2 2 127 1108 9033 8795
8902 2 2 2 127 5437 6367 2115
8903 2 2 2 127 1667 7448 7033
8904 2 2 2 127 6043 8554 6175
8905 2 2 2 127 5348 8116 7592
8906 2 2 2 127 5297 6427 339
8907 2 2 2 127 2017 6353 5451
8908 2 2 2 127 5358 6808 6529
8909 2 2 2 127 5447 6009 673
8910 2 2 2 127 5448 6011 1009
8911 2 2 2 127 6023 8897 6332
8912 2 2 2 127 6761 6762 6154
8913 2 2 2 127 340 6427 5417
8914 2 2 2 127 430 5934 431
8915 2 2 2 127 561 6036 5428
8916 2 2 2 127 5674 8317 6249
8917 2 2 2 127 898 5794 899
8918 2 2 2 127 6988 7747 6935
8919 2 2 2 127 636 5945 637
8920 2 2 2 127 785 6182 5372
8921 2 2 2 127 764 5952 765
8922 2 2 2 127 1343 6041 5629
8923 2 2 2 127 1867 5947 1868
8924 2 2 2 127 5425 6183 1886
8925 2 2 2 127 1457 5929 5408
8926 2 2 2 127 5477 6835 6493
8927 2 2 2 127 2134 6217 2135
8928 2 2 2 127 1884 6096 1885
8929 2 2 2 127 6423 7946 1735
8930 2 2 2 127 6424 7945 1175
8931 2 2 2 127 1269 5950 1270
8932 2 2 2 127 1120 6152 1121
8933 2 2 2 127 2020 6124 2021
8934 2 2 2 127 1330 5887 1331
8935 2 2 2 127 993 6117 5719
8936 2 2 2 127 728 5964 729
8937 2 2 2 127 6104 6648 6371
8938 2 2 2 127 2108 6551 2109
8939 2 2 2 127 5463 6302 657
8940 2 2 2 127 1531 5880 1532
8941 2 2 2 127 1533 6755 1534
8942 2 2 2 127 1904 6153 1905
8943 2 2 2 127 5332 6023 730
8944 2 2 2 127 1642 6120 5419
8945 2 2 2 127 750 6216 5416
8946 2 2 2 127 5897 7800 6795
8947 2 2 2 127 7320 8607 8222
8948 2 2 2 127 7696 7831 7007
8949 2 2 2 127 1686 6223 1687
8950 2 2 2 127 5716 7955 39
8951 2 2 2 127 6348 8871 976
8952 2 2 2 127 6349 8872 1760
8953 2 2 2 127 6641 8043 5457
8954 2 2 2 127 5719 6778 6226
8955 2 2 2 127 2163 7730 2162
8956 2 2 2 127 1014 5977 1015
8957 2 2 2 127 5464 6336 1514
8958 2 2 2 127 5465 6337 170
8959 2 2 2 127 6218 8212 1380
8960 2 2 2 127 1833 5946 1834
8961 2 2 2 127 2152 7729 5347
8962 2 2 2 127 1380 8212 6420
8963 2 2 2 127 1348 6163 1349
8964 2 2 2 127 2132 6162 2133
8965 2 2 2 127 1717 5944 1718
8966 2 2 2 127 6019 6370 5832
8967 2 2 2 127 5457 8043 788
8968 2 2 2 127 545 6122 546
8969 2 2 2 127 410 5939 411
8970 2 2 2 127 1306 5949 1307
8971 2 2 2 127 1437 5918 5311
8972 2 2 2 127 5438 8538 6310
8973 2 2 2 127 452 6030 453
8974 2 2 2 127 228 6031 229
8975 2 2 2 127 489 5956 490
8976 2 2 2 127 265 5957 266
8977 2 2 2 127 5431 6632 6053
8978 2 2 2 127 1497 5958 1498
8979 2 2 2 127 5435 6119 281
8980 2 2 2 127 5434 6118 1625
8981 2 2 2 127 1289 6177 5677
8982 2 2 2 127 1494 6700 1495
8983 2 2 2 127 934 6701 935
8984 2 2 2 127 1849 6178 5678
8985 2 2 2 127 149 5933 150
8986 2 2 2 127 1850 6398 1851
8987 2 2 2 127 1290 6399 1291
8988 2 2 2 127 1721 6318 1722
8989 2 2 2 127 1161 6317 1162
8990 2 2 2 127 6946 7019 6944
8991 2 2 2 127 1867 8097 5947
8992 2 2 2 127 6034 8218 1329
8993 2 2 2 127 1495 6094 1496
8994 2 2 2 127 935 6095 936
8995 2 2 2 127 230 5954 5407
8996 2 2 2 127 7862 8970 2178
8997 2 2 2 127 5395 5994 1847
8998 2 2 2 127 711 6228 712
8999 2 2 2 127 5362 6040 1159
9000 2 2 2 127 1271 6231 1272
9001 2 2 2 127 1623 5968 1624
9002 2 2 2 127 454 5959 5389
9003 2 2 2 127 1102 6500 1103
9004 2 2 2 127 6265 8691 5985
9005 2 2 2 127 7047 7059 7058
9006 2 2 2 127 6339 7774 5867
9007 2 2 2 127 7312 8148 7872
9008 2 2 2 127 5401 6112 1573
9009 2 2 2 127 7583 7636 7310
9010 2 2 2 127 1194 5938 5312
9011 2 2 2 127 5412 6177 1288
9012 2 2 2 127 337 8291 6075
9013 2 2 2 127 727 6052 5413
9014 2 2 2 127 1160 6040 5449
9015 2 2 2 127 6374 8534 903
9016 2 2 2 127 5356 6509 1649
9017 2 2 2 127 1088 7974 1089
9018 2 2 2 127 1720 6044 5450
9019 2 2 2 127 5994 6178 1848
9020 2 2 2 127 6741 7945 62
9021 2 2 2 127 6740 7946 111
9022 2 2 2 127 6043 6175 152
9023 2 2 2 127 7777 8278 6215
9024 2 2 2 127 1892 9045 6319
9025 2 2 2 127 6325 8678 5683
9026 2 2 2 127 6326 8679 5684
9027 2 2 2 127 5326 6044 1719
9028 2 2 2 127 5992 6758 899
9029 2 2 2 127 7832 8207 7470
9030 2 2 2 127 7090 8073 6930
9031 2 2 2 127 334 6790 335
9032 2 2 2 127 782 6789 783
9033 2 2 2 127 5915 5916 5287
9034 2 2 2 127 5307 6035 974
9035 2 2 2 127 7311 8340 7915
9036 2 2 2 127 5403 6116 937
9037 2 2 2 127 1872 7976 1873
9038 2 2 2 127 7202 7980 6027
9039 2 2 2 127 2089 6327 5390
9040 2 2 2 127 6499 6618 5918
9041 2 2 2 127 951 6128 5315
9042 2 2 2 127 315 6032 316
9043 2 2 2 127 7667 7686 7527
9044 2 2 2 127 6111 8161 6539
9045 2 2 2 127 1064 5976 5391
9046 2 2 2 127 2167 7817 5341
9047 2 2 2 127 7876 7877 7715
9048 2 2 2 127 6263 6819 5468
9049 2 2 2 127 6345 8283 6538
9050 2 2 2 127 7580 8333 7339
9051 2 2 2 127 7831 8379 7358
9052 2 2 2 127 6117 6777 5719
9053 2 2 2 127 6315 9061 5664
9054 2 2 2 127 151 6071 6043
9055 2 2 2 127 7889 8022 7473
9056 2 2 2 127 6046 8731 54
9057 2 2 2 127 5868 6903 5289
9058 2 2 2 127 6349 6637 1608
9059 2 2 2 127 6348 6636 1048
9060 2 2 2 127 6329 6356 1977
9061 2 2 2 127 6330 6355 1417
9062 2 2 2 127 409 6340 5367
9063 2 2 2 127 6031 6332 5954
9064 2 2 2 127 1515 6425 1516
9065 2 2 2 127 6186 8099 6255
9066 2 2 2 127 6899 6908 6907
9067 2 2 2 127 6210 8317 5674
9068 2 2 2 127 7500 8324 7906
9069 2 2 2 127 7301 7456 7286
9070 2 2 2 127 6895 6897 6896
9071 2 2 2 127 7738 8017 7736
9072 2 2 2 127 7657 8644 7364
9073 2 2 2 127 5867 8257 6339
9074 2 2 2 127 6332 8269 6023
9075 2 2 2 127 8723 8724 5986
9076 2 2 2 127 1537 8090 1538
9077 2 2 2 127 1193 6338 5938
9078 2 2 2 127 6549 6550 6516
9079 2 2 2 127 6398 8312 1851
9080 2 2 2 127 6399 8311 1291
9081 2 2 2 127 1381 6420 5436
9082 2 2 2 127 7453 8045 7451
9083 2 2 2 127 529 6890 6489
9084 2 2 2 127 5431 6053 710
9085 2 2 2 127 1627 6807 6209
9086 2 2 2 127 1013 5998 5443
9087 2 2 2 127 7210 7558 1683
9088 2 2 2 127 118 7942 2000
9089 2 2 2 127 315 8669 8079
9090 2 2 2 127 7506 7586 7226
9091 2 2 2 127 6929 6931 6927
9092 2 2 2 127 6255 8403 5444
9093 2 2 2 127 5870 8271 990
9094 2 2 2 127 7915 8340 7521
9095 2 2 2 127 5971 5972 5286
9096 2 2 2 127 117 8336 1984
9097 2 2 2 127 7434 9006 7435
9098 2 2 2 127 6398 8411 2004
9099 2 2 2 127 6399 8412 1220
9100 2 2 2 127 19 8346 416
9101 2 2 2 127 1175 8750 6424
9102 2 2 2 127 1735 8751 6423
9103 2 2 2 127 5865 5866 5290
9104 2 2 2 127 5923 6871 6351
9105 2 2 2 127 5697 6196 566
9106 2 2 2 127 1292 6821 6066
9107 2 2 2 127 7652 7740 7552
9108 2 2 2 127 1852 6820 6142
9109 2 2 2 127 6320 6632 5431
9110 2 2 2 127 5961 8410 6617
9111 2 2 2 127 5297 8011 6427
9112 2 2 2 127 5367 8958 6242
9113 2 2 2 127 7311 7915 7633
9114 2 2 2 127 6908 6910 6909
9115 2 2 2 127 7110 7139 7084
9116 2 2 2 127 6882 8638 6074
9117 2 2 2 127 6532 8077 390
9118 2 2 2 127 6531 8076 614
9119 2 2 2 127 6360 8186 1757
9120 2 2 2 127 1716 5865 5290
9121 2 2 2 127 6617 8410 6634
9122 2 2 2 127 19 7949 6362
9123 2 2 2 127 6994 7575 7008
9124 2 2 2 127 7083 7084 7058
9125 2 2 2 127 1305 6771 5676
9126 2 2 2 127 1122 8232 5790
9127 2 2 2 127 7239 8905 7416
9128 2 2 2 127 1402 8193 5864
9129 2 2 2 127 1641 6772 6120
9130 2 2 2 127 6173 7965 5795
9131 2 2 2 127 5656 8384 6347
9132 2 2 2 127 5702 8329 81
9133 2 2 2 127 5444 8403 6200
9134 2 2 2 127 932 8251 933
9135 2 2 2 127 185 6774 5440
9136 2 2 2 127 713 6363 5849
9137 2 2 2 127 6361 8195 301
9138 2 2 2 127 6249 8995 8085
9139 2 2 2 127 858 5915 5287
9140 2 2 2 127 1067 5919 1068
9141 2 2 2 127 6217 8109 2135
9142 2 2 2 127 1566 8090 6528
9143 2 2 2 127 7866 7867 5348
9144 2 2 2 127 6352 8048 5816
9145 2 2 2 127 6174 7968 5821
9146 2 2 2 127 8054 8536 6169
9147 2 2 2 127 1273 6362 5468
9148 2 2 2 127 1351 8056 6276
9149 2 2 2 127 7272 7273 7270
9150 2 2 2 127 7083 7111 7110
9151 2 2 2 127 6808 8211 6529
9152 2 2 2 127 7094 7653 7490
9153 2 2 2 127 6353 8049 5451
9154 2 2 2 127 6557 6861 5416
9155 2 2 2 127 6489 7977 529
9156 2 2 2 127 1065 6161 1066
9157 2 2 2 127 878 6817 6064
9158 2 2 2 127 5396 8995 8317
9159 2 2 2 127 6223 8114 1687
9160 2 2 2 127 34 8108 656
9161 2 2 2 127 6817 8251 932
9162 2 2 2 127 6427 8036 5417
9163 2 2 2 127 6241 8056 1351
9164 2 2 2 127 7341 7954 7338
9165 2 2 2 127 6132 8198 1422
9166 2 2 2 127 5786 8197 6345
9167 2 2 2 127 488 6815 5411
9168 2 2 2 127 264 6816 5410
9169 2 2 2 127 6323 6799 448
9170 2 2 2 127 6324 6800 224
9171 2 2 2 127 1959 5971 5286
9172 2 2 2 127 5356 8098 6509
9173 2 2 2 127 6134 8201 1982
9174 2 2 2 127 5977 8124 1015
9175 2 2 2 127 6103 8682 6221
9176 2 2 2 127 6755 7935 1534
9177 2 2 2 127 7324 8253 7305
9178 2 2 2 127 1661 6875 1662
9179 2 2 2 127 824 5975 825
9180 2 2 2 127 5697 6726 6196
9181 2 2 2 127 7360 8551 7671
9182 2 2 2 127 5958 8323 6626
9183 2 2 2 127 7110 7188 7176
9184 2 2 2 127 5352 6546 6376
9185 2 2 2 127 636 8178 5945
9186 2 2 2 127 5880 8213 1532
9187 2 2 2 127 5437 7941 6367
9188 2 2 2 127 7099 9026 7096
9189 2 2 2 127 5634 8108 34
9190 2 2 2 127 5370 8390 6717
9191 2 2 2 127 7519 9057 7669
9192 2 2 2 127 12 8506 5675
9193 2 2 2 127 5425 6860 6183
9194 2 2 2 127 2020 8177 6124
9195 2 2 2 127 6999 7655 7654
9196 2 2 2 127 7013 8349 7576
9197 2 2 2 127 7100 9026 8527
9198 2 2 2 127 6358 8763 6560
9199 2 2 2 127 7254 7335 7253
9200 2 2 2 127 7875 8020 7951
9201 2 2 2 127 96 8135 1648
9202 2 2 2 127 6898 6899 6897
9203 2 2 2 127 7454 7915 7521
9204 2 2 2 127 6370 7722 6018
9205 2 2 2 127 6410 6840 6036
9206 2 2 2 127 7720 8748 7712
9207 2 2 2 127 6354 8089 7961
9208 2 2 2 127 6182 6889 5372
9209 2 2 2 127 7097 8356 7098
9210 2 2 2 127 6951 8225 7792
9211 2 2 2 127 7565 7782 7194
9212 2 2 2 127 2074 8287 6658
9213 2 2 2 127 7122 7639 7638
9214 2 2 2 127 6307 8408 5670
9215 2 2 2 127 6285 8540 5449
9216 2 2 2 127 6821 7961 6066
9217 2 2 2 127 7012 7035 7025
9218 2 2 2 127 6352 8412 5677
9219 2 2 2 127 6353 8411 5678
9220 2 2 2 127 452 8180 6030
9221 2 2 2 127 6287 8541 5450
9222 2 2 2 127 861 8313 862
9223 2 2 2 127 228 8270 6031
9224 2 2 2 127 7705 7717 7707
9225 2 2 2 127 6560 6700 6358
9226 2 2 2 127 6559 6701 6357
9227 2 2 2 127 5461 7937 26
9228 2 2 2 127 6820 7963 6142
9229 2 2 2 127 5950 8279 1270
9230 2 2 2 127 6054 6877 6555
9231 2 2 2 127 7284 8276 7280
9232 2 2 2 127 319 8506 12
9233 2 2 2 127 7824 8976 8131
9234 2 2 2 127 6986 6987 6931
9235 2 2 2 127 6920 7534 2072
9236 2 2 2 127 1310 5936 1311
9237 2 2 2 127 6291 8049 6178
9238 2 2 2 127 879 8160 47
9239 2 2 2 127 6318 8678 6325
9240 2 2 2 127 6317 8679 6326
9241 2 2 2 127 5468 7949 6263
9242 2 2 2 127 6950 7470 6948
9243 2 2 2 127 6257 8369 8135
9244 2 2 2 127 7393 8786 7883
9245 2 2 2 127 6500 8136 1103
9246 2 2 2 127 763 7955 764
9247 2 2 2 127 7301 8885 7437
9248 2 2 2 127 1100 8672 6782
9249 2 2 2 127 1460 6543 1461
9250 2 2 2 127 284 8567 6778
9251 2 2 2 127 5886 8313 861
9252 2 2 2 127 6259 8080 5750
9253 2 2 2 127 7093 8528 8444
9254 2 2 2 127 7576 7578 7013
9255 2 2 2 127 6495 8596 6181
9256 2 2 2 127 5371 6851 193
9257 2 2 2 127 5754 8426 6367
9258 2 2 2 127 6212 8505 8102
9259 2 2 2 127 1548 8677 6785
9260 2 2 2 127 428 8662 6784
9261 2 2 2 127 1624 8147 5434
9262 2 2 2 127 7094 7489 7061
9263 2 2 2 127 7965 8540 6285
9264 2 2 2 127 7592 7829 5348
9265 2 2 2 127 1772 8668 6786
9266 2 2 2 127 6300 6625 5378
9267 2 2 2 127 6807 7993 6209
9268 2 2 2 127 5979 8724 5355
9269 2 2 2 127 6535 6635 6003
9270 2 2 2 127 6301 6626 5379
9271 2 2 2 127 6027 7203 6865
9272 2 2 2 127 5412 8015 6177
9273 2 2 2 127 1493 6875 6358
9274 2 2 2 127 6635 6831 5666
9275 2 2 2 127 7185 7565 7193
9276 2 2 2 127 8135 8369 5356
9277 2 2 2 127 7968 8541 6287
9278 2 2 2 127 6851 8128 193
9279 2 2 2 127 6296 6549 6516
9280 2 2 2 127 124 8554 2096
9281 2 2 2 127 6278 8693 6218
9282 2 2 2 127 5336 7971 6796
9283 2 2 2 127 5973 8278 7777
9284 2 2 2 127 5391 6322 6161
9285 2 2 2 127 7666 7686 7667
9286 2 2 2 127 5317 7777 6215
9287 2 2 2 127 8006 8441 7847
9288 2 2 2 127 1995 8327 6498
9289 2 2 2 127 7477 8421 7637
9290 2 2 2 127 8068 8375 5466
9291 2 2 2 127 7466 8438 7661
9292 2 2 2 127 378 6878 6532
9293 2 2 2 127 8083 8554 124
9294 2 2 2 127 5696 8135 96
9295 2 2 2 127 899 6758 900
9296 2 2 2 127 8377 8690 7755
9297 2 2 2 127 6309 8059 6083
9298 2 2 2 127 7614 7620 7613
9299 2 2 2 127 6128 6865 5315
9300 2 2 2 127 6991 8982 7026
9301 2 2 2 127 598 8320 6025
9302 2 2 2 127 7486 8889 7607
9303 2 2 2 127 6545 8621 5663
9304 2 2 2 127 7424 8600 1665
9305 2 2 2 127 5752 7939 6512
9306 2 2 2 127 6717 8640 5370
9307 2 2 2 127 5321 7624 7330
9308 2 2 2 127 6488 8313 6834
9309 2 2 2 127 6037 6405 996
9310 2 2 2 127 6038 6409 660
9311 2 2 2 127 597 8320 598
9312 2 2 2 127 7753 7754 7652
9313 2 2 2 127 6496 8610 6180
9314 2 2 2 127 6908 6912 6910
9315 2 2 2 127 6964 6999 6962
9316 2 2 2 127 6817 7959 6064
9317 2 2 2 127 5380 6408 324
9318 2 2 2 127 7571 8406 7483
9319 2 2 2 127 7677 8797 7676
9320 2 2 2 127 6041 6222 5629
9321 2 2 2 127 6026 8395 5318
9322 2 2 2 127 1399 6887 5429
9323 2 2 2 127 7046 7048 7028
9324 2 2 2 127 6383 6819 6057
9325 2 2 2 127 6875 8763 6358
9326 2 2 2 127 6430 8659 6302
9327 2 2 2 127 5398 6407 772
9328 2 2 2 127 1174 8750 1175
9329 2 2 2 127 1734 8751 1735
9330 2 2 2 127 6948 7470 7469
9331 2 2 2 127 8034 8194 6164
9332 2 2 2 127 6037 6855 6405
9333 2 2 2 127 6038 6854 6409
9334 2 2 2 127 6385 8454 6052
9335 2 2 2 127 6023 8269 731
9336 2 2 2 127 1099 8672 1100
9337 2 2 2 127 6834 8313 5886
9338 2 2 2 127 7622 8023 5339
9339 2 2 2 127 1547 8677 1548
9340 2 2 2 127 427 8662 428
9341 2 2 2 127 1771 8668 1772
9342 2 2 2 127 371 8102 5471
9343 2 2 2 127 5437 6623 6501
9344 2 2 2 127 6354 7961 1217
9345 2 2 2 127 6490 6679 6025
9346 2 2 2 127 6314 7942 6428
9347 2 2 2 127 6277 8102 371
9348 2 2 2 127 731 8269 6757
9349 2 2 2 127 1939 6280 5409
9350 2 2 2 127 6628 8342 5763
9351 2 2 2 127 6557 8241 6861
9352 2 2 2 127 6270 8104 147
9353 2 2 2 127 6001 6635 6191
9354 2 2 2 127 726 6385 6052
9355 2 2 2 127 2168 7817 2167
9356 2 2 2 127 147 8104 5914
9357 2 2 2 127 5398 6856 6407
9358 2 2 2 127 6910 7477 6911
9359 2 2 2 127 7315 8535 7303
9360 2 2 2 127 1267 6276 5898
9361 2 2 2 127 1379 6278 6218
9362 2 2 2 127 7723 7880 7348
9363 2 2 2 127 1286 6383 6057
9364 2 2 2 127 6276 8056 5898
9365 2 2 2 127 988 8687 6797
9366 2 2 2 127 5380 8078 6408
9367 2 2 2 127 6329 8941 6393
9368 2 2 2 127 6330 8942 6394
9369 2 2 2 127 6420 8638 5436
9370 2 2 2 127 5413 6846 728
9371 2 2 2 127 6912 7803 7573
9372 2 2 2 127 7063 7095 7094
9373 2 2 2 127 595 6269 6014
9374 2 2 2 127 7420 8032 7741
9375 2 2 2 127 5445 8260 6511
9376 2 2 2 127 8059 8172 1610
9377 2 2 2 127 6839 8260 5445
9378 2 2 2 127 1043 6279 6016
9379 2 2 2 127 6320 8453 6632
9380 2 2 2 127 7746 7830 7490
9381 2 2 2 127 7937 8325 26
9382 2 2 2 127 7447 7880 7723
9383 2 2 2 127 6499 7953 6618
9384 2 2 2 127 7573 8874 7075
9385 2 2 2 127 5382 9033 1108
9386 2 2 2 127 857 6802 5915
9387 2 2 2 127 6381 6832 6128
9388 2 2 2 127 5679 8186 6360
9389 2 2 2 127 6267 6548 483
9390 2 2 2 127 6269 6883 6014
9391 2 2 2 127 6630 8034 6163
9392 2 2 2 127 7653 7659 7490
9393 2 2 2 127 411 8060 412
9394 2 2 2 127 950 6381 6128
9395 2 2 2 127 987 8687 988
9396 2 2 2 127 6504 6655 5573
9397 2 2 2 127 6031 8269 6332
9398 2 2 2 127 6105 8565 5814
9399 2 2 2 127 6629 8035 6162
9400 2 2 2 127 6279 6885 6016
9401 2 2 2 127 6986 6995 6994
9402 2 2 2 127 5399 9045 1892
9403 2 2 2 127 1435 8329 1436
9404 2 2 2 127 8053 8766 7922
9405 2 2 2 127 2153 7748 7729
9406 2 2 2 127 5975 8250 825
9407 2 2 2 127 6240 8425 6491
9408 2 2 2 127 6893 6895 6894
9409 2 2 2 127 7599 8431 7036
9410 2 2 2 127 8267 8358 8155
9411 2 2 2 127 5896 7800 5897
9412 2 2 2 127 47 8160 6426
9413 2 2 2 127 6930 7628 6929
9414 2 2 2 127 7646 8593 7808
9415 2 2 2 127 5387 6400 5950
9416 2 2 2 127 1436 8329 6499
9417 2 2 2 127 6321 8097 8064
9418 2 2 2 127 6389 6390 884
9419 2 2 2 127 6433 8958 5941
9420 2 2 2 127 7159 7871 7784
9421 2 2 2 127 6962 7654 6960
9422 2 2 2 127 5680 8195 6361
9423 2 2 2 127 7555 7826 7458
9424 2 2 2 127 6841 8314 5363
9425 2 2 2 127 7144 8776 7894
9426 2 2 2 127 6552 6758 5763
9427 2 2 2 127 6350 8013 5923
9428 2 2 2 127 7005 7635 7471
9429 2 2 2 127 900 6552 901
9430 2 2 2 127 7674 7676 7675
9431 2 2 2 127 7551 8381 7834
9432 2 2 2 127 1910 8199 1911
9433 2 2 2 127 6024 6827 6649
9434 2 2 2 127 6362 7949 5468
9435 2 2 2 127 7922 8766 7541
9436 2 2 2 127 5727 8327 1983
9437 2 2 2 127 7555 8429 7826
9438 2 2 2 127 6226 8304 994
9439 2 2 2 127 5850 8305 210
9440 2 2 2 127 8308 8602 5888
9441 2 2 2 127 5952 6696 5308
9442 2 2 2 127 7758 8290 8071
9443 2 2 2 127 5664 6616 6315
9444 2 2 2 127 618 8879 619
9445 2 2 2 127 6273 8887 2051
9446 2 2 2 127 7261 7262 7260
9447 2 2 2 127 7196 8400 7246
9448 2 2 2 127 7042 7697 7056
9449 2 2 2 127 8180 8189 6756
9450 2 2 2 127 525 8187 6261
9451 2 2 2 127 6235 6709 6505
9452 2 2 2 127 6757 8270 8190
9453 2 2 2 127 6275 8898 1603
9454 2 2 2 127 7185 7782 7565
9455 2 2 2 127 7273 8877 7926
9456 2 2 2 127 6298 9043 5376
9457 2 2 2 127 6505 6709 5952
9458 2 2 2 127 8390 8940 5829
9459 2 2 2 127 395 8995 5396
9460 2 2 2 127 8187 8375 6261
9461 2 2 2 127 994 8304 995
9462 2 2 2 127 6826 6885 6361
9463 2 2 2 127 210 8305 211
9464 2 2 2 127 6773 6837 5755
9465 2 2 2 127 8394 8943 5848
9466 2 2 2 127 7602 7929 7903
9467 2 2 2 127 2051 8887 5851
9468 2 2 2 127 6536 6877 6054
9469 2 2 2 127 1799 8257 6284
9470 2 2 2 127 5849 8524 6421
9471 2 2 2 127 6946 7469 7019
9472 2 2 2 127 8342 8666 123
9473 2 2 2 127 5304 6652 6247
9474 2 2 2 127 5753 7939 5752
9475 2 2 2 127 7730 8234 2162
9476 2 2 2 127 6994 6996 6987
9477 2 2 2 127 6560 8763 1660
9478 2 2 2 127 5474 6386 5699
9479 2 2 2 127 5473 6387 5698
9480 2 2 2 127 7628 7806 6995
9481 2 2 2 127 5340 7748 2154
9482 2 2 2 127 7463 8050 7673
9483 2 2 2 127 745 8095 746
9484 2 2 2 127 521 8094 522
9485 2 2 2 127 1603 8898 5889
9486 2 2 2 127 321 8302 322
9487 2 2 2 127 7298 7302 7296
9488 2 2 2 127 8139 8883 6201
9489 2 2 2 127 322 8302 6104
9490 2 2 2 127 171 8310 172
9491 2 2 2 127 876 8251 877
9492 2 2 2 127 8334 8650 6114
9493 2 2 2 127 6756 8189 508
9494 2 2 2 127 6757 8190 732
9495 2 2 2 127 1211 8770 1212
9496 2 2 2 127 7792 8225 7793
9497 2 2 2 127 6229 8897 8739
9498 2 2 2 127 6908 7803 6912
9499 2 2 2 127 7097 7098 7067
9500 2 2 2 127 433 8314 434
9501 2 2 2 127 7253 8905 7241
9502 2 2 2 127 6161 8293 1066
9503 2 2 2 127 172 8310 6259
9504 2 2 2 127 7566 8720 7568
9505 2 2 2 127 1738 8316 1739
9506 2 2 2 127 6237 8054 342
9507 2 2 2 127 1759 8501 8204
9508 2 2 2 127 1754 8318 1755
9509 2 2 2 127 6114 8650 1178
9510 2 2 2 127 7658 8285 7327
9511 2 2 2 127 7940 7966 5764
9512 2 2 2 127 7523 8378 7527
9513 2 2 2 127 6332 8897 6229
9514 2 2 2 127 7302 8039 7296
9515 2 2 2 127 434 8314 5882
9516 2 2 2 127 6999 7654 6962
9517 2 2 2 127 1715 6284 5865
9518 2 2 2 127 7334 9044 8249
9519 2 2 2 127 1758 8501 1759
9520 2 2 2 127 6802 8230 5915
9521 2 2 2 127 6428 7942 5757
9522 2 2 2 127 5387 8939 6400
9523 2 2 2 127 1755 8318 5924
9524 2 2 2 127 5664 9061 6132
9525 2 2 2 127 7401 7921 7788
9526 2 2 2 127 1739 8316 6194
9527 2 2 2 127 653 8451 654
9528 2 2 2 127 1958 6382 5971
9529 2 2 2 127 376 6648 377
9530 2 2 2 127 298 8332 299
9531 2 2 2 127 7962 8000 6804
9532 2 2 2 127 1382 8358 1383
9533 2 2 2 127 7430 8657 7594
9534 2 2 2 127 5663 8621 7865
9535 2 2 2 127 1307 6850 5361
9536 2 2 2 127 6393 8941 5792
9537 2 2 2 127 6394 8942 5793
9538 2 2 2 127 6906 7803 6899
9539 2 2 2 127 6121 8142 6697
9540 2 2 2 127 1383 8358 6151
9541 2 2 2 127 1386 8372 6513
9542 2 2 2 127 547 6388 548
9543 2 2 2 127 883 6389 884
9544 2 2 2 127 6371 6648 5420
9545 2 2 2 127 6310 8279 5950
9546 2 2 2 127 6113 8101 6112
9547 2 2 2 127 8301 8385 5933
9548 2 2 2 127 6367 7941 5754
9549 2 2 2 127 6912 6914 6913
9550 2 2 2 127 822 8344 823
9551 2 2 2 127 8263 9002 7244
9552 2 2 2 127 8931 9025 260
9553 2 2 2 127 6242 8958 6433
9554 2 2 2 127 6532 6878 6156
9555 2 2 2 127 6322 6828 6161
9556 2 2 2 127 564 8352 565
9557 2 2 2 127 5388 8301 5933
9558 2 2 2 127 6346 8223 5425
9559 2 2 2 127 6421 8454 5849
9560 2 2 2 127 7396 7850 7395
9561 2 2 2 127 8360 8673 109
9562 2 2 2 127 7038 7052 7040
9563 2 2 2 127 8068 9000 6261
9564 2 2 2 127 6288 8680 302
9565 2 2 2 127 6542 6887 6067
9566 2 2 2 127 302 8680 8339
9567 2 2 2 127 5583 6615 6311
9568 2 2 2 127 7587 8527 7099
9569 2 2 2 127 7484 8696 7308
9570 2 2 2 127 1218 8311 1219
9571 2 2 2 127 2002 8312 2003
9572 2 2 2 127 7032 8292 7836
9573 2 2 2 127 7252 7253 7241
9574 2 2 2 127 5955 8344 822
9575 2 2 2 127 1198 8429 7201
9576 2 2 2 127 7506 7929 7586
9577 2 2 2 127 7878 8875 7504
9578 2 2 2 127 299 8332 5935
9579 2 2 2 127 8142 8768 6697
9580 2 2 2 127 5693 6787 5607
9581 2 2 2 127 6821 8311 1218
9582 2 2 2 127 6820 8312 2002
9583 2 2 2 127 6134 7941 6501
9584 2 2 2 127 7059 8210 7083
9585 2 2 2 127 7806 7841 6995
9586 2 2 2 127 7346 7723 7348
9587 2 2 2 127 6425 8609 1516
9588 2 2 2 127 5425 8223 6860
9589 2 2 2 127 7358 9055 7831
9590 2 2 2 127 7499 8148 7699
9591 2 2 2 127 6980 7002 6978
9592 2 2 2 127 5409 7384 1940
9593 2 2 2 127 6899 6907 6897
9594 2 2 2 127 6149 8501 677
9595 2 2 2 127 5310 7776 7775
9596 2 2 2 127 5967 8352 564
9597 2 2 2 127 6242 8396 6225
9598 2 2 2 127 7051 8982 8363
9599 2 2 2 127 7239 7416 7244
9600 2 2 2 127 5860 6868 6768
9601 2 2 2 127 6848 7996 2097
9602 2 2 2 127 658 7993 659
9603 2 2 2 127 7669 8214 7519
9604 2 2 2 127 6917 6926 6918
9605 2 2 2 127 6536 8386 6877
9606 2 2 2 127 6535 8179 6635
9607 2 2 2 127 5408 8353 1458
9608 2 2 2 127 7596 8511 7597
9609 2 2 2 127 976 8871 977
9610 2 2 2 127 1760 8872 1761
9611 2 2 2 127 6083 8081 6309
9612 2 2 2 127 7842 8511 7605
9613 2 2 2 127 7364 8644 7662
9614 2 2 2 127 658 8631 7993
9615 2 2 2 127 677 8867 678
9616 2 2 2 127 5411 8298 5956
9617 2 2 2 127 7620 8164 7610
9618 2 2 2 127 7920 8370 7175
9619 2 2 2 127 7008 7010 6996
9620 2 2 2 127 6806 8567 283
9621 2 2 2 127 7597 8511 5346
9622 2 2 2 127 7058 8239 7046
9623 2 2 2 127 260 9025 261
9624 2 2 2 127 484 9024 485
9625 2 2 2 127 6094 8683 6827
9626 2 2 2 127 7035 8964 7423
9627 2 2 2 127 6176 7937 1385
9628 2 2 2 127 1125 8870 1126
9629 2 2 2 127 1458 8353 6103
9630 2 2 2 127 7951 8020 7665
9631 2 2 2 127 8680 8870 1125
9632 2 2 2 127 8012 8430 6266
9633 2 2 2 127 6254 9030 6645
9634 2 2 2 127 1070 9020 1080
9635 2 2 2 127 7332 8158 7895
9636 2 2 2 127 6954 8209 6950
9637 2 2 2 127 203 8664 8530
9638 2 2 2 127 651 8670 8531
9639 2 2 2 127 5820 8058 6346
9640 2 2 2 127 7981 8335 6515
9641 2 2 2 127 7979 8345 6519
9642 2 2 2 127 7007 8031 7696
9643 2 2 2 127 8219 8689 5921
9644 2 2 2 127 986 8663 987
9645 2 2 2 127 202 8664 203
9646 2 2 2 127 1098 8671 1099
9647 2 2 2 127 1434 8674 1435
9648 2 2 2 127 1882 8673 1883
9649 2 2 2 127 650 8670 651
9650 2 2 2 127 1994 8665 1995
9651 2 2 2 127 1210 8675 1211
9652 2 2 2 127 314 8669 315
9653 2 2 2 127 2106 8666 2107
9654 2 2 2 127 426 8661 427
9655 2 2 2 127 1770 8667 1771
9656 2 2 2 127 1546 8676 1547
9657 2 2 2 127 7590 8303 7589
9658 2 2 2 127 6513 8372 6234
9659 2 2 2 127 6508 8757 5809
9660 2 2 2 127 6819 6852 6057
9661 2 2 2 127 8142 8298 5411
9662 2 2 2 127 1983 8327 116
9663 2 2 2 127 7200 8214 7837
9664 2 2 2 127 6911 6917 6916
9665 2 2 2 127 6420 8212 6074
9666 2 2 2 127 6347 8384 1063
9667 2 2 2 127 5978 8402 7966
9668 2 2 2 127 6948 7469 6946
9669 2 2 2 127 6183 6860 6706
9670 2 2 2 127 7687 7737 7688
9671 2 2 2 127 1063 8384 5976
9672 2 2 2 127 262 8547 263
9673 2 2 2 127 486 8548 487
9674 2 2 2 127 1012 8368 5998
9675 2 2 2 127 7937 8372 1385
9676 2 2 2 127 6395 8196 6680
9677 2 2 2 127 286 8980 296
9678 2 2 2 127 6775 8080 6039
9679 2 2 2 127 7272 8878 7273
9680 2 2 2 127 8795 9033 6316
9681 2 2 2 127 1911 6282 1912
9682 2 2 2 127 6548 8451 483
9683 2 2 2 127 2135 6273 2136
9684 2 2 2 127 7335 7954 7734
9685 2 2 2 127 2023 6280 2024
9686 2 2 2 127 1463 6278 1464
9687 2 2 2 127 1687 6275 1688
9688 2 2 2 127 791 6268 792
9689 2 2 2 127 1239 6271 1240
9690 2 2 2 127 1015 6283 1016
9691 2 2 2 127 1529 8001 6058
9692 2 2 2 127 903 6274 904
9693 2 2 2 127 567 6267 568
9694 2 2 2 127 679 6269 680
9695 2 2 2 127 1127 6279 1128
9696 2 2 2 127 231 6270 232
9697 2 2 2 127 1351 6276 1352
9698 2 2 2 127 455 6277 456
9699 2 2 2 127 1575 6281 1576
9700 2 2 2 127 5360 8368 1012
9701 2 2 2 127 343 6272 344
9702 2 2 2 127 6074 8216 6507
9703 2 2 2 127 7155 7770 7522
9704 2 2 2 127 1799 6284 1800
9705 2 2 2 127 1047 6753 6348
9706 2 2 2 127 7590 8508 7740
9707 2 2 2 127 5381 6413 1556
9708 2 2 2 127 6768 6868 6207
9709 2 2 2 127 6869 7971 6523
9710 2 2 2 127 7293 7774 7353
9711 2 2 2 127 1607 6760 6349
9712 2 2 2 127 7230 7947 7233
9713 2 2 2 127 1569 8402 1570
9714 2 2 2 127 789 8043 6496
9715 2 2 2 127 6016 8383 1044
9716 2 2 2 127 1420 8515 6090
9717 2 2 2 127 5670 6717 6307
9718 2 2 2 127 1980 8514 6091
9719 2 2 2 127 6112 8101 6377
9720 2 2 2 127 7005 7656 7635
9721 2 2 2 127 7548 7909 7695
9722 2 2 2 127 1865 8002 6432
9723 2 2 2 127 6339 8257 1799
9724 2 2 2 127 6291 6791 5451
9725 2 2 2 127 6933 7090 6930
9726 2 2 2 127 6620 8314 6841
9727 2 2 2 127 150 8260 6071
9728 2 2 2 127 838 6380 5377
9729 2 2 2 127 487 8548 6866
9730 2 2 2 127 263 8547 6867
9731 2 2 2 127 7867 8116 5348
9732 2 2 2 127 6906 7805 7804
9733 2 2 2 127 5323 8762 7771
9734 2 2 2 127 7426 7845 7499
9735 2 2 2 127 6264 8658 8108
9736 2 2 2 127 6895 6898 6897
9737 2 2 2 127 5709 6842 5711
9738 2 2 2 127 6307 8390 5829
9739 2 2 2 127 6929 7628 6986
9740 2 2 2 127 6556 6697 5945
9741 2 2 2 127 7931 8511 7596
9742 2 2 2 127 5689 8090 1537
9743 2 2 2 127 7228 8376 7506
9744 2 2 2 127 6960 8607 8031
9745 2 2 2 127 5466 8375 435
9746 2 2 2 127 6190 8394 5848
9747 2 2 2 127 8015 8048 6177
9748 2 2 2 127 435 8375 6137
9749 2 2 2 127 5849 6385 714
9750 2 2 2 127 68 7394 5313
9751 2 2 2 127 1044 8383 5433
9752 2 2 2 127 5893 6523 6391
9753 2 2 2 127 5468 6383 1274
9754 2 2 2 127 7322 8376 7228
9755 2 2 2 127 1419 8515 1420
9756 2 2 2 127 7583 7584 7582
9757 2 2 2 127 1979 8514 1980
9758 2 2 2 127 296 8436 297
9759 2 2 2 127 6346 8057 5820
9760 2 2 2 127 5697 8352 6313
9761 2 2 2 127 7005 7471 6970
9762 2 2 2 127 2069 7868 2070
9763 2 2 2 127 6960 8031 6956
9764 2 2 2 127 1080 8475 1081
9765 2 2 2 127 7741 7768 7420
9766 2 2 2 127 7303 8535 7302
9767 2 2 2 127 7051 8113 7621
9768 2 2 2 127 1237 8026 6495
9769 2 2 2 127 5323 6129 844
9770 2 2 2 127 6116 6381 938
9771 2 2 2 127 7795 8088 7892
9772 2 2 2 127 6913 7477 6910
9773 2 2 2 127 1047 8558 6753
9774 2 2 2 127 7143 8448 7115
9775 2 2 2 127 5579 6535 6534
9776 2 2 2 127 7512 7570 7520
9777 2 2 2 127 6927 7869 6913
9778 2 2 2 127 7603 8133 7829
9779 2 2 2 127 7437 7780 7556
9780 2 2 2 127 8167 8168 7477
9781 2 2 2 127 1607 8560 6760
9782 2 2 2 127 7206 7867 7866
9783 2 2 2 127 1050 6770 6379
9784 2 2 2 127 1718 8321 5326
9785 2 2 2 127 6418 6891 5994
9786 2 2 2 127 7845 7872 7499
9787 2 2 2 127 5579 6615 5566
9788 2 2 2 127 5994 6891 6291
9789 2 2 2 127 503 8409 504
9790 2 2 2 127 5775 6641 6328
9791 2 2 2 127 6284 8257 5865
9792 2 2 2 127 6914 6928 6927
9793 2 2 2 127 7529 8307 7531
9794 2 2 2 127 7147 7694 7514
9795 2 2 2 127 6319 8243 6153
9796 2 2 2 127 5315 7204 952
9797 2 2 2 127 2077 8484 2078
9798 2 2 2 127 1741 8482 1742
9799 2 2 2 127 509 8492 510
9800 2 2 2 127 173 8486 174
9801 2 2 2 127 1293 8488 1294
9802 2 2 2 127 1965 8487 1966
9803 2 2 2 127 397 8490 398
9804 2 2 2 127 621 8489 622
9805 2 2 2 127 733 8483 734
9806 2 2 2 127 1405 8491 1406
9807 2 2 2 127 957 8481 958
9808 2 2 2 127 845 8485 846
9809 2 2 2 127 1181 8493 1182
9810 2 2 2 127 1629 8480 1630
9811 2 2 2 127 5962 8409 503
9812 2 2 2 127 6382 8278 5971
9813 2 2 2 127 1198 7201 1199
9814 2 2 2 127 168 8410 169
9815 2 2 2 127 5864 8194 8034
9816 2 2 2 127 7403 7589 7401
9817 2 2 2 127 6662 8008 5649
9818 2 2 2 127 7113 7682 7519
9819 2 2 2 127 5888 8602 6844
9820 2 2 2 127 7285 7286 7284
9821 2 2 2 127 7323 7324 7305
9822 2 2 2 127 7570 7810 7778
9823 2 2 2 127 7035 7036 7025
9824 2 2 2 127 7409 7884 7370
9825 2 2 2 127 6537 8297 5390
9826 2 2 2 127 169 8410 5961
9827 2 2 2 127 7019 8143 6944
9828 2 2 2 127 6538 8297 6537
9829 2 2 2 127 1324 6341 5333
9830 2 2 2 127 7615 8557 7618
9831 2 2 2 127 6316 8236 6152
9832 2 2 2 127 7713 7876 7721
9833 2 2 2 127 7052 7821 7660
9834 2 2 2 127 6662 6781 5818
9835 2 2 2 127 7462 8559 8040
9836 2 2 2 127 6308 7900 7459
9837 2 2 2 127 5999 8267 8155
9838 2 2 2 127 7483 8684 7571
9839 2 2 2 127 1528 8001 1529
9840 2 2 2 127 1864 8002 1865
9841 2 2 2 127 6901 7907 7600
9842 2 2 2 127 5289 7928 6500
9843 2 2 2 127 1668 7874 1669
9844 2 2 2 127 7286 8274 7284
9845 2 2 2 127 6336 6425 1515
9846 2 2 2 127 6895 6896 6894
9847 2 2 2 127 7264 8422 7479
9848 2 2 2 127 5698 6701 6559
9849 2 2 2 127 5699 6700 6560
9850 2 2 2 127 1492 8616 6533
9851 2 2 2 127 7782 7783 7194
9852 2 2 2 127 7641 7642 7619
9853 2 2 2 127 7123 7784 6926
9854 2 2 2 127 7834 8381 7219
9855 2 2 2 127 6018 6494 5292
9856 2 2 2 127 7263 7264 7262
9857 2 2 2 127 7176 8744 7139
9858 2 2 2 127 1665 8600 6957
9859 2 2 2 127 6052 6767 6184
9860 2 2 2 127 6313 8478 5697
9861 2 2 2 127 6908 6909 6907
9862 2 2 2 127 8131 8166 7765
9863 2 2 2 127 7554 8694 7192
9864 2 2 2 127 7706 7848 7309
9865 2 2 2 127 7535 7536 7534
9866 2 2 2 127 8279 8538 5456
9867 2 2 2 127 7111 8716 7110
9868 2 2 2 127 1962 8415 1963
9869 2 2 2 127 7158 7820 7660
9870 2 2 2 127 1832 7624 5321
9871 2 2 2 127 7513 8503 7624
9872 2 2 2 127 6308 8069 5625
9873 2 2 2 127 7436 9006 7434
9874 2 2 2 127 5723 6776 6395
9875 2 2 2 127 1570 8402 5978
9876 2 2 2 127 7527 8378 7667
9877 2 2 2 127 5317 6215 1945
9878 2 2 2 127 7475 8072 7593
9879 2 2 2 127 902 8960 6374
9880 2 2 2 127 6055 6872 6364
9881 2 2 2 127 7277 8581 7276
9882 2 2 2 127 7017 8237 7879
9883 2 2 2 127 6375 8027 5386
9884 2 2 2 127 1963 8415 5862
9885 2 2 2 127 5690 6380 826
9886 2 2 2 127 7314 8447 8148
9887 2 2 2 127 7593 8592 7475
9888 2 2 2 127 7754 8542 7652
9889 2 2 2 127 7137 7830 7746
9890 2 2 2 127 7110 8716 7188
9891 2 2 2 127 7851 8122 7297
9892 2 2 2 127 5894 6869 5893
9893 2 2 2 127 5985 8691 5631
9894 2 2 2 127 5355 8016 1313
9895 2 2 2 127 5945 8178 6556
9896 2 2 2 127 5418 7960 6624
9897 2 2 2 127 6631 8061 6123
9898 2 2 2 127 7639 8151 7087
9899 2 2 2 127 5300 7888 7887
9900 2 2 2 127 7130 8324 7500
9901 2 2 2 127 7520 8377 7412
9902 2 2 2 127 6955 6956 6954
9903 2 2 2 127 6331 8390 1753
9904 2 2 2 127 7245 7671 6902
9905 2 2 2 127 6957 7632 7450
9906 2 2 2 127 5782 8722 5780
9907 2 2 2 127 897 6859 5427
9908 2 2 2 127 7630 8265 7629
9909 2 2 2 127 7500 7769 7153
9910 2 2 2 127 7526 7984 7743
9911 2 2 2 127 6333 8394 633
9912 2 2 2 127 1491 8616 1492
9913 2 2 2 127 6018 7722 7344
9914 2 2 2 127 1332 6616 6414
9915 2 2 2 127 7819 7898 6967
9916 2 2 2 127 1460 8545 6543
9917 2 2 2 127 6416 8000 7962
9918 2 2 2 127 7707 7760 7709
9919 2 2 2 127 7631 8091 7904
9920 2 2 2 127 6380 6863 5377
9921 2 2 2 127 7675 8105 7674
9922 2 2 2 127 5471 8505 6512
9923 2 2 2 127 5817 7930 6396
9924 2 2 2 127 6971 6974 6970
9925 2 2 2 127 7771 8762 5302
9926 2 2 2 127 417 8345 7979
9927 2 2 2 127 1985 8335 7981
9928 2 2 2 127 6084 6851 6305
9929 2 2 2 127 6215 6382 1946
9930 2 2 2 127 7519 8214 7200
9931 2 2 2 127 2085 6572 122
9932 2 2 2 127 1189 6578 66
9933 2 2 2 127 1413 6575 80
9934 2 2 2 127 1973 6574 115
9935 2 2 2 127 1861 6570 108
9936 2 2 2 127 853 6569 45
9937 2 2 2 127 629 6564 31
9938 2 2 2 127 181 6563 3
9939 2 2 2 127 405 6567 17
9940 2 2 2 127 741 6561 38
9941 2 2 2 127 1525 6576 87
9942 2 2 2 127 293 6565 10
9943 2 2 2 127 1301 6577 73
9944 2 2 2 127 517 6566 24
9945 2 2 2 127 1637 6562 94
9946 2 2 2 127 1749 6568 101
9947 2 2 2 127 965 6573 52
9948 2 2 2 127 1077 6571 59
9949 2 2 2 127 6402 8145 6011
9950 2 2 2 127 6401 8146 6009
9951 2 2 2 127 1424 7207 1425
9952 2 2 2 127 5868 7198 6903
9953 2 2 2 127 5688 8945 5968
9954 2 2 2 127 7397 8780 8033
9955 2 2 2 127 1589 6613 93
9956 2 2 2 127 1701 6614 100
9957 2 2 2 127 1253 6608 72
9958 2 2 2 127 917 6612 51
9959 2 2 2 127 1029 6604 58
9960 2 2 2 127 1477 6606 86
9961 2 2 2 127 805 6607 44
9962 2 2 2 127 1365 6609 79
9963 2 2 2 127 469 6599 23
9964 2 2 2 127 1813 6610 107
9965 2 2 2 127 581 6600 30
9966 2 2 2 127 357 6597 16
9967 2 2 2 127 693 6601 37
9968 2 2 2 127 133 6598 2
9969 2 2 2 127 2037 6603 121
9970 2 2 2 127 245 6602 9
9971 2 2 2 127 1925 6611 114
9972 2 2 2 127 1141 6605 65
9973 2 2 2 127 7819 8497 7147
9974 2 2 2 127 90 8748 1552
9975 2 2 2 127 981 6584 50
9976 2 2 2 127 1653 6590 92
9977 2 2 2 127 1541 6594 85
9978 2 2 2 127 1877 6593 106
9979 2 2 2 127 1317 6588 71
9980 2 2 2 127 1765 6589 99
9981 2 2 2 127 869 6582 43
9982 2 2 2 127 309 6583 8
9983 2 2 2 127 1093 6585 57
9984 2 2 2 127 197 6586 1
9985 2 2 2 127 645 6587 29
9986 2 2 2 127 757 6581 36
9987 2 2 2 127 421 6580 15
9988 2 2 2 127 1205 6596 64
9989 2 2 2 127 1429 6591 78
9990 2 2 2 127 533 6579 22
9991 2 2 2 127 1989 6595 113
9992 2 2 2 127 2101 6592 120
9993 2 2 2 127 6227 8408 6307
9994 2 2 2 127 5346 8511 7842
9995 2 2 2 127 7458 7826 7733
9996 2 2 2 127 7524 7786 7686
9997 2 2 2 127 7296 7735 7292
9998 2 2 2 127 5792 6629 6393
9999 2 2 2 127 1332 8895 6616
10000 2 2 2 127 5793 6630 6394
10001 2 2 2 127 6645 9030 5773
10002 2 2 2 127 84 8472 1456
10003 2 2 2 127 7450 7632 7452
10004 2 2 2 127 1212 8770 7952
10005 2 2 2 127 7737 8395 8183
10006 2 2 2 127 7386 7727 7351
10007 2 2 2 127 6190 8767 8394
10008 2 2 2 127 7242 8688 8569
10009 2 2 2 127 7021 7680 7113
10010 2 2 2 127 1312 5979 5355
10011 2 2 2 127 2154 7748 2153
10012 2 2 2 127 8108 8658 5463
10013 2 2 2 127 7776 8721 7775
10014 2 2 2 127 5323 7860 6129
10015 2 2 2 127 7590 9011 8303
10016 2 2 2 127 7703 7719 7716
10017 2 2 2 127 1753 8390 5370
10018 2 2 2 127 6648 8496 377
10019 2 2 2 127 7511 7512 7412
10020 2 2 2 127 633 8394 5365
10021 2 2 2 127 5943 8456 1513
10022 2 2 2 127 7259 7260 7257
10023 2 2 2 127 5442 6870 6033
10024 2 2 2 127 6386 6700 5699
10025 2 2 2 127 6387 6701 5698
10026 2 2 2 127 7453 8261 8045
10027 2 2 2 127 5988 8534 6374
10028 2 2 2 127 1513 8456 5464
10029 2 2 2 127 5843 6491 5841
10030 2 2 2 127 6810 7960 5418
10031 2 2 2 127 6170 8436 6778
10032 2 2 2 127 1793 6026 5318
10033 2 2 2 127 7038 8431 7052
10034 2 2 2 127 7390 8601 7634
10035 2 2 2 127 6893 6894 5349
10036 2 2 2 127 7568 7687 7627
10037 2 2 2 127 5312 7461 1195
10038 2 2 2 127 5917 8230 7860
10039 2 2 2 127 7901 7903 7460
10040 2 2 2 127 5310 6339 1798
10041 2 2 2 127 1518 8416 1528
10042 2 2 2 127 1854 8417 1864
10043 2 2 2 127 5977 8900 8160
10044 2 2 2 127 5579 6707 6535
10045 2 2 2 127 7311 9044 7278
10046 2 2 2 127 1008 6405 5448
10047 2 2 2 127 672 6409 5447
10048 2 2 2 127 1232 6404 6352
10049 2 2 2 127 2016 6411 6353
10050 2 2 2 127 560 6410 6036
10051 2 2 2 127 7661 8438 8162
10052 2 2 2 127 7230 8299 7947
10053 2 2 2 127 6359 8103 5472
10054 2 2 2 127 6360 8103 6883
10055 2 2 2 127 6937 6988 6935
10056 2 2 2 127 8249 9044 7311
10057 2 2 2 127 6370 6805 5832
10058 2 2 2 127 784 6407 6182
10059 2 2 2 127 336 6408 5758
10060 2 2 2 127 972 8138 973
10061 2 2 2 127 6099 6712 6322
10062 2 2 2 127 6152 8236 6375
10063 2 2 2 127 6036 6840 6365
10064 2 2 2 127 7002 8282 7897
10065 2 2 2 127 6341 6342 5333
10066 2 2 2 127 5346 7842 2157
10067 2 2 2 127 1272 8346 6362
10068 2 2 2 127 8066 8286 7379
10069 2 2 2 127 7340 7852 7844
10070 2 2 2 127 7416 8263 7244
10071 2 2 2 127 8045 8261 7574
10072 2 2 2 127 389 6532 390
10073 2 2 2 127 613 6531 614
10074 2 2 2 127 1397 6513 1398
10075 2 2 2 127 5398 8115 6856
10076 2 2 2 127 1426 8714 1453
10077 2 2 2 127 1538 8709 1565
10078 2 2 2 127 1650 8703 1677
10079 2 2 2 127 1090 8711 1117
10080 2 2 2 127 1762 8702 1789
10081 2 2 2 127 1314 8698 1341
10082 2 2 2 127 978 8697 1005
10083 2 2 2 127 1874 8699 1901
10084 2 2 2 127 194 8704 221
10085 2 2 2 127 754 8700 781
10086 2 2 2 127 418 8707 445
10087 2 2 2 127 306 8701 333
10088 2 2 2 127 642 8705 669
10089 2 2 2 127 866 8706 893
10090 2 2 2 127 2098 8712 2125
10091 2 2 2 127 530 8708 557
10092 2 2 2 127 1202 8713 1229
10093 2 2 2 127 1986 8710 2013
10094 2 2 2 127 712 8336 6363
10095 2 2 2 127 7347 7542 7496
10096 2 2 2 127 5683 8751 6325
10097 2 2 2 127 5684 8750 6326
10098 2 2 2 127 7031 8202 7761
10099 2 2 2 127 6011 8145 6012
10100 2 2 2 127 5341 8166 8131
10101 2 2 2 127 7641 7645 7642
10102 2 2 2 127 6009 8146 6010
10103 2 2 2 127 6327 8937 6392
10104 2 2 2 127 1912 6282 1826
10105 2 2 2 127 7621 8113 7409
10106 2 2 2 127 2136 6273 2050
10107 2 2 2 127 2024 6280 1938
10108 2 2 2 127 1464 6278 1378
10109 2 2 2 127 1688 6275 1602
10110 2 2 2 127 792 6268 706
10111 2 2 2 127 1240 6271 1154
10112 2 2 2 127 1016 6283 930
10113 2 2 2 127 904 6274 818
10114 2 2 2 127 568 6267 482
10115 2 2 2 127 680 6269 594
10116 2 2 2 127 1128 6279 1042
10117 2 2 2 127 232 6270 146
10118 2 2 2 127 1352 6276 1266
10119 2 2 2 127 456 6277 370
10120 2 2 2 127 1576 6281 1490
10121 2 2 2 127 6552 6884 901
10122 2 2 2 127 344 6272 258
10123 2 2 2 127 7296 8039 7735
10124 2 2 2 127 6639 8519 6130
10125 2 2 2 127 6640 8520 6131
10126 2 2 2 127 7370 8954 7369
10127 2 2 2 127 5292 6494 5936
10128 2 2 2 127 7026 7895 7442
10129 2 2 2 127 6956 8031 7007
10130 2 2 2 127 1800 6284 1714
10131 2 2 2 127 6220 8359 6493
10132 2 2 2 127 7383 7580 7339
10133 2 2 2 127 6884 8960 902
10134 2 2 2 127 6070 8323 5650
10135 2 2 2 127 6679 6734 6025
10136 2 2 2 127 6898 6906 6899
10137 2 2 2 127 6008 7930 6369
10138 2 2 2 127 7376 7736 7397
10139 2 2 2 127 7075 8242 7573
10140 2 2 2 127 7603 7829 7592
10141 2 2 2 127 1006 8697 7969
10142 2 2 2 127 1790 8702 7970
10143 2 2 2 127 1118 8711 7973
10144 2 2 2 127 1902 8699 7975
10145 2 2 2 127 558 8708 7977
10146 2 2 2 127 955 7190 956
10147 2 2 2 127 7679 7835 7221
10148 2 2 2 127 7363 8539 7735
10149 2 2 2 127 446 8707 7979
10150 2 2 2 127 6762 7431 6154
10151 2 2 2 127 7192 8747 7554
10152 2 2 2 127 6338 8950 6403
10153 2 2 2 127 2014 8710 7981
10154 2 2 2 127 6192 8767 6190
10155 2 2 2 127 7716 8789 7705
10156 2 2 2 127 7349 7542 7347
10157 2 2 2 127 7028 7855 7010
10158 2 2 2 127 6642 8525 6133
10159 2 2 2 127 2168 7818 7817
10160 2 2 2 127 7805 8584 7465
10161 2 2 2 127 7149 7163 7150
10162 2 2 2 127 7282 7284 7280
10163 2 2 2 127 1664 7424 1665
10164 2 2 2 127 7021 7681 7680
10165 2 2 2 127 7204 8362 952
10166 2 2 2 127 7327 8966 7658
10167 2 2 2 127 6392 8937 5776
10168 2 2 2 127 6543 7935 1461
10169 2 2 2 127 6791 6891 6660
10170 2 2 2 127 6364 9051 6055
10171 2 2 2 127 5741 8603 6397
10172 2 2 2 127 6999 7668 7655
10173 2 2 2 127 6170 6777 5446
10174 2 2 2 127 6421 8524 1999
10175 2 2 2 127 7983 7984 7087
10176 2 2 2 127 6319 9045 8243
10177 2 2 2 127 2126 8712 7996
10178 2 2 2 127 6964 8156 6999
10179 2 2 2 127 6892 8264 7579
10180 2 2 2 127 6892 6893 5349
10181 2 2 2 127 7924 8238 7691
10182 2 2 2 127 6910 6911 6909
10183 2 2 2 127 7877 7878 7504
10184 2 2 2 127 7639 7984 7530
10185 2 2 2 127 7027 8982 6991
10186 2 2 2 127 7302 8154 8039
10187 2 2 2 127 7753 7755 5303
10188 2 2 2 127 8052 8183 8182
10189 2 2 2 127 7369 8954 7324
10190 2 2 2 127 6790 8517 6188
10191 2 2 2 127 6789 8516 6187
10192 2 2 2 127 8320 8455 6490
10193 2 2 2 127 5381 7940 6413
10194 2 2 2 127 5957 8359 6667
10195 2 2 2 127 6509 8098 5996
10196 2 2 2 127 7276 8581 7275
10197 2 2 2 127 6864 8250 7569
10198 2 2 2 127 7074 8593 7645
10199 2 2 2 127 7588 7922 7587
10200 2 2 2 127 8494 8885 7435
10201 2 2 2 127 7903 7929 7506
10202 2 2 2 127 971 7181 972
10203 2 2 2 127 305 8517 306
10204 2 2 2 127 753 8516 754
10205 2 2 2 127 7292 7735 7321
10206 2 2 2 127 6893 8642 6895
10207 2 2 2 127 6149 8205 8204
10208 2 2 2 127 7870 7913 7791
10209 2 2 2 127 865 8519 866
10210 2 2 2 127 641 8520 642
10211 2 2 2 127 7327 8285 7399
10212 2 2 2 127 1201 8525 1202
10213 2 2 2 127 8160 8900 6426
10214 2 2 2 127 1342 8698 8016
10215 2 2 2 127 6541 6848 6043
10216 2 2 2 127 6959 6960 6956
10217 2 2 2 127 6652 8599 6247
10218 2 2 2 127 7108 8324 7130
10219 2 2 2 127 7177 7920 6008
10220 2 2 2 127 6246 8119 5443
10221 2 2 2 127 6403 8950 5861
10222 2 2 2 127 7324 8954 7828
10223 2 2 2 127 8332 8428 6171
10224 2 2 2 127 6316 9033 8236
10225 2 2 2 127 6717 8390 6307
10226 2 2 2 127 6879 8016 5355
10227 2 2 2 127 56 8588 1008
10228 2 2 2 127 35 8587 672
10229 2 2 2 127 70 8589 1232
10230 2 2 2 127 119 8590 2016
10231 2 2 2 127 28 8591 560
10232 2 2 2 127 42 8594 784
10233 2 2 2 127 14 8595 336
10234 2 2 2 127 7046 8529 7048
10235 2 2 2 127 77 8597 1344
10236 2 2 2 127 126 8598 2128
10237 2 2 2 127 7771 7861 5323
10238 2 2 2 127 1684 8862 1685
10239 2 2 2 127 7188 8070 7176
10240 2 2 2 127 7190 7194 956
10241 2 2 2 127 6087 8430 8012
10242 2 2 2 127 1441 8284 1442
10243 2 2 2 127 6087 6838 6415
10244 2 2 2 127 8527 8694 7100
10245 2 2 2 127 7594 7741 7430
10246 2 2 2 127 1568 6413 5764
10247 2 2 2 127 2053 7685 2054
10248 2 2 2 127 6928 6930 6929
10249 2 2 2 127 5349 7818 2169
10250 2 2 2 127 91 8604 1568
10251 2 2 2 127 5741 8018 6232
10252 2 2 2 127 7309 8470 7704
10253 2 2 2 127 7120 7819 7147
10254 2 2 2 127 7357 7873 7670
10255 2 2 2 127 6952 6954 6950
10256 2 2 2 127 6553 8979 5724
10257 2 2 2 127 7348 7880 7350
10258 2 2 2 127 105 8613 1792
10259 2 2 2 127 7389 7583 7582
10260 2 2 2 127 7698 7700 7334
10261 2 2 2 127 6770 8479 6379
10262 2 2 2 127 6517 6625 6068
10263 2 2 2 127 6969 6970 6966
10264 2 2 2 127 7427 7632 7425
10265 2 2 2 127 6149 8641 8205
10266 2 2 2 127 6900 8429 1198
10267 2 2 2 127 5442 8566 6870
10268 2 2 2 127 7879 8237 7202
10269 2 2 2 127 6262 8115 5398
10270 2 2 2 127 5763 8342 123
10271 2 2 2 127 7496 7726 7725
10272 2 2 2 127 7701 8904 7703
10273 2 2 2 127 7452 7833 7454
10274 2 2 2 127 7423 7588 7096
10275 2 2 2 127 7479 8252 7262
10276 2 2 2 127 7827 8583 7050
10277 2 2 2 127 5818 6793 6662
10278 2 2 2 127 7060 7061 7059
10279 2 2 2 127 1906 7604 1907
10280 2 2 2 127 6366 6793 5428
10281 2 2 2 127 5472 8500 6359
10282 2 2 2 127 6390 6859 896
10283 2 2 2 127 5676 6721 5949
10284 2 2 2 127 2069 8732 7868
10285 2 2 2 127 5893 6869 6523
10286 2 2 2 127 5312 8719 7461
10287 2 2 2 127 5373 6003 5666
10288 2 2 2 127 6767 8454 6421
10289 2 2 2 127 2170 5349 2169
10290 2 2 2 127 2146 5348 2145
10291 2 2 2 127 2161 5339 2160
10292 2 2 2 127 2167 5341 2166
10293 2 2 2 127 6418 6645 5774
10294 2 2 2 127 2158 5346 2157
10295 2 2 2 127 2152 5347 2151
10296 2 2 2 127 2173 5342 2172
10297 2 2 2 127 2155 5340 2154
10298 2 2 2 127 7809 7810 7808
10299 2 2 2 127 2149 5338 2148
10300 2 2 2 127 2164 5345 2163
10301 2 2 2 127 127 5343 2178
10302 2 2 2 127 2176 5344 2175
10303 2 2 2 127 7163 7958 7923
10304 2 2 2 127 7469 8162 7019
10305 2 2 2 127 6524 6626 6070
10306 2 2 2 127 7410 7412 7407
10307 2 2 2 127 7925 8504 7784
10308 2 2 2 127 6985 6989 6982
10309 2 2 2 127 7089 8040 7665
10310 2 2 2 127 7647 7830 7137
10311 2 2 2 127 6303 8764 6508
10312 2 2 2 127 7206 7866 7838
10313 2 2 2 127 63 8248 1120
10314 2 2 2 127 7901 8553 7903
10315 2 2 2 127 112 8245 1904
10316 2 2 2 127 7471 8901 6970
10317 2 2 2 127 5422 8455 8320
10318 2 2 2 127 7607 8742 7553
10319 2 2 2 127 1598 8833 1655
10320 2 2 2 127 1038 8825 1095
10321 2 2 2 127 590 8824 647
10322 2 2 2 127 926 8830 983
10323 2 2 2 127 254 8822 311
10324 2 2 2 127 1934 8834 1991
10325 2 2 2 127 142 8823 199
10326 2 2 2 127 702 8826 759
10327 2 2 2 127 1486 8835 1543
10328 2 2 2 127 366 8821 423
10329 2 2 2 127 814 8828 871
10330 2 2 2 127 478 8827 535
10331 2 2 2 127 2046 8831 2103
10332 2 2 2 127 1822 8829 1879
10333 2 2 2 127 1374 8832 1431
10334 2 2 2 127 1262 8836 1319
10335 2 2 2 127 1150 8837 1207
10336 2 2 2 127 1710 8838 1767
10337 2 2 2 127 5757 8064 6428
10338 2 2 2 127 1582 8850 1559
10339 2 2 2 127 1358 8853 1335
10340 2 2 2 127 1918 8851 1895
10341 2 2 2 127 2142 8849 2119
10342 2 2 2 127 1246 8856 1223
10343 2 2 2 127 1022 8857 999
10344 2 2 2 127 1134 8846 1111
10345 2 2 2 127 2030 8848 2007
10346 2 2 2 127 910 8847 887
10347 2 2 2 127 686 8843 663
10348 2 2 2 127 574 8840 551
10349 2 2 2 127 462 8842 439
10350 2 2 2 127 350 8841 327
10351 2 2 2 127 238 8845 215
10352 2 2 2 127 1694 8854 1671
10353 2 2 2 127 1806 8855 1783
10354 2 2 2 127 798 8852 775
10355 2 2 2 127 1470 8844 1447
10356 2 2 2 127 7278 9044 7277
10357 2 2 2 127 49 8244 896
10358 2 2 2 127 8481 8782 7783
10359 2 2 2 127 1166 8816 1143
10360 2 2 2 127 1726 8812 1703
10361 2 2 2 127 1390 8808 1367
10362 2 2 2 127 2062 8813 2039
10363 2 2 2 127 942 8814 919
10364 2 2 2 127 1950 8817 1927
10365 2 2 2 127 1054 8818 1031
10366 2 2 2 127 494 8805 471
10367 2 2 2 127 158 8801 135
10368 2 2 2 127 1278 8807 1255
10369 2 2 2 127 606 8802 583
10370 2 2 2 127 1838 8809 1815
10371 2 2 2 127 382 8806 359
10372 2 2 2 127 1614 8811 1591
10373 2 2 2 127 270 8803 247
10374 2 2 2 127 718 8804 695
10375 2 2 2 127 1502 8815 1479
10376 2 2 2 127 830 8810 807
10377 2 2 2 127 8075 8534 5988
10378 2 2 2 127 8261 8785 7574
10379 2 2 2 127 6555 8897 6023
10380 2 2 2 127 5961 6617 6049
10381 2 2 2 127 5468 6819 6383
10382 2 2 2 127 5985 8337 6265
10383 2 2 2 127 7108 7130 7125
10384 2 2 2 127 7343 7725 6021
10385 2 2 2 127 7 8246 224
10386 2 2 2 127 21 8247 448
10387 2 2 2 127 1999 8524 117
10388 2 2 2 127 7644 7767 7672
10389 2 2 2 127 5293 8691 6034
10390 2 2 2 127 7686 7786 7529
10391 2 2 2 127 7496 7725 7343
10392 2 2 2 127 7723 7936 7447
10393 2 2 2 127 1678 8703 6509
10394 2 2 2 127 7784 8504 8256
10395 2 2 2 127 7067 7599 7036
10396 2 2 2 127 5478 6522 5651
10397 2 2 2 127 7287 7288 7286
10398 2 2 2 127 7531 8006 7847
10399 2 2 2 127 7437 7556 7456
10400 2 2 2 127 7784 8256 7159
10401 2 2 2 127 1325 6020 1326
10402 2 2 2 127 7904 8091 2174
10403 2 2 2 127 297 8436 6170
10404 2 2 2 127 6397 8018 5741
10405 2 2 2 127 5866 7859 5290
10406 2 2 2 127 7644 8692 7767
10407 2 2 2 127 601 8435 602
10408 2 2 2 127 1082 8786 1083
10409 2 2 2 127 6066 6771 1293
10410 2 2 2 127 5494 5495 5309
10411 2 2 2 127 7139 7141 7140
10412 2 2 2 127 5458 6772 1629
10413 2 2 2 127 5775 8360 109
10414 2 2 2 127 6897 7649 6896
10415 2 2 2 127 1006 7969 5654
10416 2 2 2 127 1790 7970 5655
10417 2 2 2 127 1118 7973 5990
10418 2 2 2 127 1902 7975 5989
10419 2 2 2 127 6414 7932 1344
10420 2 2 2 127 6412 7933 2128
10421 2 2 2 127 558 7977 5469
10422 2 2 2 127 5750 6774 173
10423 2 2 2 127 7069 8775 7072
10424 2 2 2 127 98 8477 1680
10425 2 2 2 127 5330 8013 6417
10426 2 2 2 127 7565 8526 7193
10427 2 2 2 127 6814 8435 601
10428 2 2 2 127 6285 8255 8254
10429 2 2 2 127 6116 6832 6381
10430 2 2 2 127 446 7979 6051
10431 2 2 2 127 7302 8535 7333
10432 2 2 2 127 5713 5714 5371
10433 2 2 2 127 6975 6976 6974
10434 2 2 2 127 7134 7858 7665
10435 2 2 2 127 7068 8775 7069
10436 2 2 2 127 6266 6553 5724
10437 2 2 2 127 7699 8447 7701
10438 2 2 2 127 5790 6871 6633
10439 2 2 2 127 8222 8549 8127
10440 2 2 2 127 952 8362 953
10441 2 2 2 127 2014 7981 5470
10442 2 2 2 127 7546 8974 7909
10443 2 2 2 127 5420 8858 6371
10444 2 2 2 127 5708 6618 5706
10445 2 2 2 127 8902 9014 153
10446 2 2 2 127 7321 8038 7626
10447 2 2 2 127 6559 8990 5698
10448 2 2 2 127 6560 8989 5699
10449 2 2 2 127 7012 8964 7035
10450 2 2 2 127 6367 8426 2116
10451 2 2 2 127 5299 5979 75
10452 2 2 2 127 6655 8382 5573
10453 2 2 2 127 6122 8192 6429
10454 2 2 2 127 7546 7909 7548
10455 2 2 2 127 6427 8011 6072
10456 2 2 2 127 5626 5628 5627
10457 2 2 2 127 7745 8219 5921
10458 2 2 2 127 1830 9019 7513
10459 2 2 2 127 1081 8475 6243
10460 2 2 2 127 7200 7837 7591
10461 2 2 2 127 7634 7636 7390
10462 2 2 2 127 7468 7826 6900
10463 2 2 2 127 5339 8234 7622
10464 2 2 2 127 7353 7775 7355
10465 2 2 2 127 6815 6866 6081
10466 2 2 2 127 6816 6867 6082
10467 2 2 2 127 6406 6526 6026
10468 2 2 2 127 7727 7859 7351
10469 2 2 2 127 5417 8036 6619
10470 2 2 2 127 7880 7881 7350
10471 2 2 2 127 7858 7944 6983
10472 2 2 2 127 7670 7683 7357
10473 2 2 2 127 896 8244 6390
10474 2 2 2 127 7673 8734 7463
10475 2 2 2 127 5746 6542 6067
10476 2 2 2 127 6287 8259 8258
10477 2 2 2 127 7242 8569 7608
10478 2 2 2 127 7227 7228 7226
10479 2 2 2 127 7241 8905 7239
10480 2 2 2 127 7501 8607 7320
10481 2 2 2 127 1196 7468 1197
10482 2 2 2 127 7465 7882 7049
10483 2 2 2 127 6621 8492 509
10484 2 2 2 127 6622 8483 733
10485 2 2 2 127 7376 8881 7738
10486 2 2 2 127 6514 8374 6039
10487 2 2 2 127 7711 7876 7715
10488 2 2 2 127 6197 8586 8565
10489 2 2 2 127 6706 6860 6069
10490 2 2 2 127 6067 6234 5461
10491 2 2 2 127 6256 8764 5432
10492 2 2 2 127 6064 8783 8160
10493 2 2 2 127 5628 7994 5627
10494 2 2 2 127 7042 7056 7055
10495 2 2 2 127 6412 8426 7933
10496 2 2 2 127 5996 8098 6059
10497 2 2 2 127 1792 6406 6026
10498 2 2 2 127 6892 7579 6893
10499 2 2 2 127 6019 7722 6370
10500 2 2 2 127 7930 8141 6396
10501 2 2 2 127 6252 8741 6547
10502 2 2 2 127 1235 8552 1236
10503 2 2 2 127 153 9014 154
10504 2 2 2 127 6328 8360 5775
10505 2 2 2 127 5791 8552 1235
10506 2 2 2 127 1440 7168 1441
10507 2 2 2 127 8741 8936 6547
10508 2 2 2 127 8254 8255 5799
10509 2 2 2 127 5447 8728 6401
10510 2 2 2 127 5448 8727 6402
10511 2 2 2 127 2126 7996 5682
10512 2 2 2 127 6238 8973 6239
10513 2 2 2 127 7192 8694 7509
10514 2 2 2 127 6074 8638 6420
10515 2 2 2 127 6091 8426 5754
10516 2 2 2 127 6188 8517 305
10517 2 2 2 127 6187 8516 753
10518 2 2 2 127 5786 6538 6537
10519 2 2 2 127 7566 7568 7567
10520 2 2 2 127 6557 8726 5974
10521 2 2 2 127 6239 8973 6847
10522 2 2 2 127 7033 7874 1668
10523 2 2 2 127 7229 7243 7228
10524 2 2 2 127 6508 8764 5995
10525 2 2 2 127 6130 8519 865
10526 2 2 2 127 5704 8198 6527
10527 2 2 2 127 6131 8520 641
10528 2 2 2 127 7856 8626 8112
10529 2 2 2 127 6199 8301 5926
10530 2 2 2 127 6920 7663 7609
10531 2 2 2 127 1438 8953 1439
10532 2 2 2 127 6039 8374 6775
10533 2 2 2 127 5787 6371 5788
10534 2 2 2 127 8058 8564 8460
10535 2 2 2 127 839 7773 840
10536 2 2 2 127 5920 7745 5919
10537 2 2 2 127 6059 6060 5628
10538 2 2 2 127 8292 8448 7836
10539 2 2 2 127 6133 8525 1201
10540 2 2 2 127 6334 6510 5424
10541 2 2 2 127 6899 7803 6908
10542 2 2 2 127 5851 5853 5852
10543 2 2 2 127 7662 8445 7364
10544 2 2 2 127 5796 5797 5382
10545 2 2 2 127 5347 7729 7728
10546 2 2 2 127 6283 8783 931
10547 2 2 2 127 528 8325 6890
10548 2 2 2 127 1425 8623 1426
10549 2 2 2 127 7299 8153 7850
10550 2 2 2 127 5898 5900 5899
10551 2 2 2 127 5788 6139 5380
10552 2 2 2 127 1326 8404 1327
10553 2 2 2 127 8460 8564 5372
10554 2 2 2 127 5822 5823 5399
10555 2 2 2 127 6137 8187 6323
10556 2 2 2 127 6138 8188 6324
10557 2 2 2 127 5889 5891 5890
10558 2 2 2 127 2116 8426 6412
10559 2 2 2 127 6056 6204 5360
10560 2 2 2 127 6365 6366 5428
10561 2 2 2 127 7761 8202 7763
10562 2 2 2 127 5906 6550 6549
10563 2 2 2 127 5956 6299 6298
10564 2 2 2 127 6131 6674 6640
10565 2 2 2 127 5433 8061 6631
10566 2 2 2 127 6917 6918 6916
10567 2 2 2 127 7147 8497 7694
10568 2 2 2 127 5939 6508 5995
10569 2 2 2 127 8258 8259 5825
10570 2 2 2 127 8325 9062 6890
10571 2 2 2 127 6667 9008 5957
10572 2 2 2 127 509 8189 6621
10573 2 2 2 127 733 8190 6622
10574 2 2 2 127 821 8571 6088
10575 2 2 2 127 5930 5931 5408
10576 2 2 2 127 6429 8609 6122
10577 2 2 2 127 786 8564 787
10578 2 2 2 127 787 8564 5820
10579 2 2 2 127 7810 8044 7808
10580 2 2 2 127 820 8571 821
10581 2 2 2 127 6115 6212 5389
10582 2 2 2 127 6866 8736 6081
10583 2 2 2 127 6867 8737 6082
10584 2 2 2 127 6532 8652 378
10585 2 2 2 127 6229 6230 5407
10586 2 2 2 127 6513 8653 1386
10587 2 2 2 127 5954 6332 6229
10588 2 2 2 127 7522 8733 7157
10589 2 2 2 127 8018 8602 6232
10590 2 2 2 127 7486 7823 7481
10591 2 2 2 127 6310 8538 8279
10592 2 2 2 127 6184 6185 5413
10593 2 2 2 127 6147 8289 5962
10594 2 2 2 127 7128 8561 7785
10595 2 2 2 127 6492 6815 6081
10596 2 2 2 127 6493 6816 6082
10597 2 2 2 127 6415 6838 6416
10598 2 2 2 127 8040 8559 7728
10599 2 2 2 127 5976 6497 6099
10600 2 2 2 127 320 8077 6156
10601 2 2 2 127 768 8076 6155
10602 2 2 2 127 2003 8312 6398
10603 2 2 2 127 1219 8311 6399
10604 2 2 2 127 5974 8726 5850
10605 2 2 2 127 7219 8331 7834
10606 2 2 2 127 7632 7833 7452
10607 2 2 2 127 7585 8629 7695
10608 2 2 2 127 6404 8412 6352
10609 2 2 2 127 6411 8411 6353
10610 2 2 2 127 7842 8468 2156
10611 2 2 2 127 6058 8001 6429
10612 2 2 2 127 6527 8198 6132
10613 2 2 2 127 5941 8794 6433
10614 2 2 2 127 7680 7682 7113
10615 2 2 2 127 7523 7527 7526
10616 2 2 2 127 5959 8800 6115
10617 2 2 2 127 7927 8096 7798
10618 2 2 2 127 5631 8691 5293
10619 2 2 2 127 7096 7588 7099
10620 2 2 2 127 7137 7745 5920
10621 2 2 2 127 2169 7818 2168
10622 2 2 2 127 7297 8152 7851
10623 2 2 2 127 6384 8021 166
10624 2 2 2 127 5876 8888 7692
10625 2 2 2 127 5952 6709 6696
10626 2 2 2 127 7660 7820 7052
10627 2 2 2 127 7231 8913 7857
10628 2 2 2 127 6771 8488 1293
10629 2 2 2 127 6772 8480 1629
10630 2 2 2 127 5702 7953 6499
10631 2 2 2 127 6970 8901 6966
10632 2 2 2 127 7600 8553 6901
10633 2 2 2 127 6774 8486 173
10634 2 2 2 127 6894 7818 5349
10635 2 2 2 127 7718 8510 8123
10636 2 2 2 127 7298 7303 7302
10637 2 2 2 127 7834 8331 7586
10638 2 2 2 127 7662 8644 7664
10639 2 2 2 127 1827 8754 1828
10640 2 2 2 127 7886 8544 7380
10641 2 2 2 127 7152 7816 7151
10642 2 2 2 127 6961 6962 6960
10643 2 2 2 127 7170 8919 7502
10644 2 2 2 127 7355 7566 7359
10645 2 2 2 127 7255 8725 8507
10646 2 2 2 127 5918 6618 6126
10647 2 2 2 127 6432 8002 6142
10648 2 2 2 127 7705 7707 7706
10649 2 2 2 127 6074 8212 5880
10650 2 2 2 127 1062 8479 6347
10651 2 2 2 127 8296 8612 6830
10652 2 2 2 127 7181 7187 972
10653 2 2 2 127 7147 7514 7148
10654 2 2 2 127 8527 9026 7099
10655 2 2 2 127 7384 8542 1940
10656 2 2 2 127 5906 6549 5903
10657 2 2 2 127 1826 6282 1827
10658 2 2 2 127 7451 8045 7449
10659 2 2 2 127 6099 6322 5391
10660 2 2 2 127 6619 8036 6627
10661 2 2 2 127 6785 8545 6221
10662 2 2 2 127 7804 8874 7573
10663 2 2 2 127 6527 8203 5704
10664 2 2 2 127 2050 6273 2051
10665 2 2 2 127 1938 6280 1939
10666 2 2 2 127 1378 6278 1379
10667 2 2 2 127 7703 7705 7704
10668 2 2 2 127 1602 6275 1603
10669 2 2 2 127 1154 6271 1155
10670 2 2 2 127 706 6268 707
10671 2 2 2 127 7002 8891 6978
10672 2 2 2 127 930 6283 931
10673 2 2 2 127 818 6274 819
10674 2 2 2 127 5903 6549 5902
10675 2 2 2 127 482 6267 483
10676 2 2 2 127 594 6269 595
10677 2 2 2 127 1042 6279 1043
10678 2 2 2 127 146 6270 147
10679 2 2 2 127 1266 6276 1267
10680 2 2 2 127 370 6277 371
10681 2 2 2 127 1490 6281 1491
10682 2 2 2 127 6080 8975 6213
10683 2 2 2 127 6809 6850 6754
10684 2 2 2 127 258 6272 259
10685 2 2 2 127 1342 8016 6041
10686 2 2 2 127 7130 7153 7131
10687 2 2 2 127 7751 8735 2150
10688 2 2 2 127 6533 6875 1492
10689 2 2 2 127 1714 6284 1715
10690 2 2 2 127 7605 8511 7474
10691 2 2 2 127 6129 6802 845
10692 2 2 2 127 6212 8380 6687
10693 2 2 2 127 6328 8057 6096
10694 2 2 2 127 6551 6628 5992
10695 2 2 2 127 1345 8515 6643
10696 2 2 2 127 2129 8514 6644
10697 2 2 2 127 6200 8231 6852
10698 2 2 2 127 5750 6775 6774
10699 2 2 2 127 5757 8453 8064
10700 2 2 2 127 2171 8264 6892
10701 2 2 2 127 6990 6991 6989
10702 2 2 2 127 6945 6946 6944
10703 2 2 2 127 7632 8600 7425
10704 2 2 2 127 5995 8764 8060
10705 2 2 2 127 6392 6537 5390
10706 2 2 2 127 7193 8527 7587
10707 2 2 2 127 7781 7783 7782
10708 2 2 2 127 7095 7913 7870
10709 2 2 2 127 7680 8444 7682
10710 2 2 2 127 7741 8032 7742
10711 2 2 2 127 7948 8176 7416
10712 2 2 2 127 7757 8690 7520
10713 2 2 2 127 7020 7898 7118
10714 2 2 2 127 5725 8012 6266
10715 2 2 2 127 7035 7423 7096
10716 2 2 2 127 7923 7958 7207
10717 2 2 2 127 1455 7162 7149
10718 2 2 2 127 7622 8234 7730
10719 2 2 2 127 7470 8208 7469
10720 2 2 2 127 8014 8288 5815
10721 2 2 2 127 8289 8556 6665
10722 2 2 2 127 7744 7759 7436
10723 2 2 2 127 8240 8790 7465
10724 2 2 2 127 8004 8721 7776
10725 2 2 2 127 8127 8549 7693
10726 2 2 2 127 54 6636 976
10727 2 2 2 127 103 6637 1760
10728 2 2 2 127 7786 8307 7529
10729 2 2 2 127 8503 9019 7379
10730 2 2 2 127 8052 8182 7689
10731 2 2 2 127 2056 7613 2057
10732 2 2 2 127 7062 7063 7061
10733 2 2 2 127 6072 8036 6427
10734 2 2 2 127 931 8783 7959
10735 2 2 2 127 6802 8485 845
10736 2 2 2 127 6368 8339 6150
10737 2 2 2 127 1682 7210 1683
10738 2 2 2 127 7758 8071 7188
10739 2 2 2 127 6494 7344 7343
10740 2 2 2 127 7016 8240 7465
10741 2 2 2 127 6125 8572 6419
10742 2 2 2 127 6429 8192 6058
10743 2 2 2 127 1086 8859 1087
10744 2 2 2 127 7549 8370 7920
10745 2 2 2 127 6181 8220 6495
10746 2 2 2 127 5981 8404 7852
10747 2 2 2 127 5432 8764 6303
10748 2 2 2 127 6180 8221 6496
10749 2 2 2 127 1909 7433 1910
10750 2 2 2 127 7659 8219 7746
10751 2 2 2 127 5682 7996 6541
10752 2 2 2 127 6925 7021 6998
10753 2 2 2 127 7036 8431 7038
10754 2 2 2 127 7687 7688 7627
10755 2 2 2 127 6511 8260 5933
10756 2 2 2 127 7120 7147 7146
10757 2 2 2 127 7860 7861 7109
10758 2 2 2 127 7333 8513 7779
10759 2 2 2 127 8079 8669 11
10760 2 2 2 127 6655 8767 6192
10761 2 2 2 127 615 8076 41
10762 2 2 2 127 391 8077 13
10763 2 2 2 127 7527 7529 7528
10764 2 2 2 127 7800 7924 6795
10765 2 2 2 127 5299 5980 5979
10766 2 2 2 127 5690 6863 6380
10767 2 2 2 127 7750 8319 5347
10768 2 2 2 127 8222 8607 7654
10769 2 2 2 127 6202 8019 6272
10770 2 2 2 127 6502 6742 6204
10771 2 2 2 127 7951 8100 7875
10772 2 2 2 127 7470 8209 7832
10773 2 2 2 127 5681 8136 6500
10774 2 2 2 127 7737 8183 8052
10775 2 2 2 127 7744 7813 7321
10776 2 2 2 127 8392 8444 7680
10777 2 2 2 127 7789 8620 8009
10778 2 2 2 127 6068 6874 6517
10779 2 2 2 127 5655 6760 6304
10780 2 2 2 127 1575 8281 6281
10781 2 2 2 127 7701 7703 7702
10782 2 2 2 127 6405 6855 5448
10783 2 2 2 127 6409 6854 5447
10784 2 2 2 127 7777 7778 6992
10785 2 2 2 127 7464 8199 1910
10786 2 2 2 127 5654 6753 6292
10787 2 2 2 127 523 8820 524
10788 2 2 2 127 747 8819 748
10789 2 2 2 127 1829 7208 1830
10790 2 2 2 127 7289 7290 7288
10791 2 2 2 127 5790 8868 6871
10792 2 2 2 127 6291 6891 6791
10793 2 2 2 127 7379 9019 7372
10794 2 2 2 127 6331 8940 8390
10795 2 2 2 127 186 8611 187
10796 2 2 2 127 6977 6978 6976
10797 2 2 2 127 6407 6856 6182
10798 2 2 2 127 7964 8047 7484
10799 2 2 2 127 7139 8916 7141
10800 2 2 2 127 6333 8943 8394
10801 2 2 2 127 318 8013 5330
10802 2 2 2 127 7529 7531 7530
10803 2 2 2 127 7473 7931 7889
10804 2 2 2 127 6299 9043 6298
10805 2 2 2 127 6502 6830 5606
10806 2 2 2 127 6913 8421 7477
10807 2 2 2 127 7821 8431 7950
10808 2 2 2 127 7606 8468 7842
10809 2 2 2 127 187 8611 6127
10810 2 2 2 127 8271 8384 5656
10811 2 2 2 127 1666 7448 1667
10812 2 2 2 127 5700 6507 6506
10813 2 2 2 127 8200 8754 7167
10814 2 2 2 127 6799 8820 523
10815 2 2 2 127 6800 8819 747
10816 2 2 2 127 6070 6873 6524
10817 2 2 2 127 6379 8479 1062
10818 2 2 2 127 6714 8121 7986
10819 2 2 2 127 7799 8238 7800
10820 2 2 2 127 7578 7637 7013
10821 2 2 2 127 7666 7667 7525
10822 2 2 2 127 8187 8820 6323
10823 2 2 2 127 8188 8819 6324
10824 2 2 2 127 660 6409 661
10825 2 2 2 127 996 6405 997
10826 2 2 2 127 2004 6411 2005
10827 2 2 2 127 1220 6404 1221
10828 2 2 2 127 548 6410 549
10829 2 2 2 127 772 6407 773
10830 2 2 2 127 324 6408 325
10831 2 2 2 127 7403 7590 7589
10832 2 2 2 127 1332 6414 1333
10833 2 2 2 127 2116 6412 2117
10834 2 2 2 127 8231 8961 6852
10835 2 2 2 127 5341 7817 7816
10836 2 2 2 127 6848 8554 6043
10837 2 2 2 127 6151 8358 8267
10838 2 2 2 127 7323 7369 7324
10839 2 2 2 127 7932 8515 1345
10840 2 2 2 127 7134 7665 7160
10841 2 2 2 127 7933 8514 2129
10842 2 2 2 127 7699 7701 7700
10843 2 2 2 127 7659 8869 8219
10844 2 2 2 127 6534 6615 5579
10845 2 2 2 127 725 6385 726
10846 2 2 2 127 165 6384 166
10847 2 2 2 127 6941 6944 6939
10848 2 2 2 127 1285 6383 1286
10849 2 2 2 127 1061 6379 1062
10850 2 2 2 127 5297 8121 6698
10851 2 2 2 127 7462 8040 7089
10852 2 2 2 127 6546 8107 6849
10853 2 2 2 127 949 6381 950
10854 2 2 2 127 5673 8093 7443
10855 2 2 2 127 7645 7646 7642
10856 2 2 2 127 6493 8359 5410
10857 2 2 2 127 6534 6535 6003
10858 2 2 2 127 8045 8459 7811
10859 2 2 2 127 7265 8977 7264
10860 2 2 2 127 8031 8607 7501
10861 2 2 2 127 8778 8859 7215
10862 2 2 2 127 1940 8542 1941
10863 2 2 2 127 6876 8385 6199
10864 2 2 2 127 1556 6413 1557
10865 2 2 2 127 6849 8107 5931
10866 2 2 2 127 7275 8878 7274
10867 2 2 2 127 7624 8503 7625
10868 2 2 2 127 5347 8319 2151
10869 2 2 2 127 837 6380 838
10870 2 2 2 127 7235 8913 7231
10871 2 2 2 127 7208 9019 1830
10872 2 2 2 127 8119 8900 5443
10873 2 2 2 127 6092 6682 6623
10874 2 2 2 127 7274 7276 7275
10875 2 2 2 127 7465 8584 7882
10876 2 2 2 127 188 8622 189
10877 2 2 2 127 6905 7781 7183
10878 2 2 2 127 7009 8138 7787
10879 2 2 2 127 5847 8622 188
10880 2 2 2 127 5420 6648 376
10881 2 2 2 127 7525 7972 7666
10882 2 2 2 127 8289 9032 5962
10883 2 2 2 127 7579 7827 6893
10884 2 2 2 127 7766 8164 7616
10885 2 2 2 127 1105 8679 6173
10886 2 2 2 127 1889 8678 6174
10887 2 2 2 127 7409 8473 7884
10888 2 2 2 127 1957 6382 1958
10889 2 2 2 127 7897 8891 7002
10890 2 2 2 127 6880 8724 8723
10891 2 2 2 127 7366 7831 7696
10892 2 2 2 127 7735 8038 7321
10893 2 2 2 127 6208 7807 6768
10894 2 2 2 127 520 6621 521
10895 2 2 2 127 744 6622 745
10896 2 2 2 127 6661 6781 6662
10897 2 2 2 127 6993 8214 7669
10898 2 2 2 127 1418 6643 1419
10899 2 2 2 127 1978 6644 1979
10900 2 2 2 127 2146 7866 5348
10901 2 2 2 127 5849 8454 6385
10902 2 2 2 127 7974 8334 6114
10903 2 2 2 127 6558 8062 6127
10904 2 2 2 127 1780 6406 1781
10905 2 2 2 127 7276 7278 7277
10906 2 2 2 127 7267 7268 7266
10907 2 2 2 127 6422 8800 5959
10908 2 2 2 127 5939 8757 6508
10909 2 2 2 127 7816 7817 7151
10910 2 2 2 127 5684 8679 1105
10911 2 2 2 127 5683 8678 1889
10912 2 2 2 127 7259 7261 7260
10913 2 2 2 127 2004 8411 6411
10914 2 2 2 127 1220 8412 6404
10915 2 2 2 127 7252 7254 7253
10916 2 2 2 127 6830 8366 8296
10917 2 2 2 127 5630 5631 5293
10918 2 2 2 127 7589 8303 7921
10919 2 2 2 127 5949 6721 6554
10920 2 2 2 127 5917 7860 7109
10921 2 2 2 127 6522 6811 6194
10922 2 2 2 127 6147 8556 8289
10923 2 2 2 127 8207 8208 7470
10924 2 2 2 127 2107 8666 8342
10925 2 2 2 127 6169 8536 5
10926 2 2 2 127 8363 8982 7027
10927 2 2 2 127 6423 8751 5683
10928 2 2 2 127 6424 8750 5684
10929 2 2 2 127 7792 8262 6951
10930 2 2 2 127 7299 8440 8153
10931 2 2 2 127 7795 7892 7797
10932 2 2 2 127 7448 7449 7033
10933 2 2 2 127 5986 8724 5979
10934 2 2 2 127 6415 8430 6087
10935 2 2 2 127 7254 7634 7335
10936 2 2 2 127 6796 6869 5897
10937 2 2 2 127 6947 6948 6946
10938 2 2 2 127 6510 8147 5968
10939 2 2 2 127 6293 6784 5685
10940 2 2 2 127 5310 7774 6339
10941 2 2 2 127 6226 8567 8304
10942 2 2 2 127 7123 7925 7784
10943 2 2 2 127 5998 6787 6246
10944 2 2 2 127 6546 6849 6376
10945 2 2 2 127 7850 8152 7299
10946 2 2 2 127 2111 5462 124
10947 2 2 2 127 543 5461 26
10948 2 2 2 127 7015 7944 7132
10949 2 2 2 127 6706 8896 6183
10950 2 2 2 127 675 8641 676
10951 2 2 2 127 5326 6764 6431
10952 2 2 2 127 223 5493 6
10953 2 2 2 127 1887 5350 110
10954 2 2 2 127 6 5309 208
10955 2 2 2 127 1087 5687 60
10956 2 2 2 127 895 5384 48
10957 2 2 2 127 671 5368 34
10958 2 2 2 127 1775 6083 103
10959 2 2 2 127 5317 9031 7756
10960 2 2 2 127 6556 8178 6211
10961 2 2 2 127 7934 9002 7545
10962 2 2 2 127 2072 7534 2073
10963 2 2 2 127 7266 8977 7265
10964 2 2 2 127 5843 8947 6491
10965 2 2 2 127 1535 5953 88
10966 2 2 2 127 6499 8329 5702
10967 2 2 2 127 6033 8641 675
10968 2 2 2 127 1231 5394 69
10969 2 2 2 127 6431 6764 6048
10970 2 2 2 127 8625 8692 7643
10971 2 2 2 127 415 5685 18
10972 2 2 2 127 1759 5686 102
10973 2 2 2 127 7569 8378 7956
10974 2 2 2 127 7829 8133 2144
10975 2 2 2 127 5650 8458 6657
10976 2 2 2 127 8622 8654 6835
10977 2 2 2 127 6838 8000 6416
10978 2 2 2 127 767 5373 40
10979 2 2 2 127 1549 8655 1550
10980 2 2 2 127 7863 8324 7108
10981 2 2 2 127 8061 8760 6123
10982 2 2 2 127 8566 8876 6334
10983 2 2 2 127 7168 7553 1441
10984 2 2 2 127 6225 8757 5939
10985 2 2 2 127 5928 8107 6546
10986 2 2 2 127 5 8536 5712
10987 2 2 2 127 7685 8557 7684
10988 2 2 2 127 6032 6633 5439
10989 2 2 2 127 5928 8655 1549
10990 2 2 2 127 6539 8161 5613
10991 2 2 2 127 1179 8975 5400
10992 2 2 2 127 7709 8771 7711
10993 2 2 2 127 415 8596 6159
10994 2 2 2 127 7735 8039 7363
10995 2 2 2 127 6804 8000 6803
10996 2 2 2 127 2170 6892 5349
10997 2 2 2 127 6645 8055 6254
10998 2 2 2 127 1679 5626 97
10999 2 2 2 127 7724 8047 7964
11000 2 2 2 127 8650 8975 1179
11001 2 2 2 127 7242 7608 7446
11002 2 2 2 127 1871 8610 6179
11003 2 2 2 127 5344 8096 7927
11004 2 2 2 127 7021 7113 7082
11005 2 2 2 127 7226 8994 7225
11006 2 2 2 127 7738 8200 7464
11007 2 2 2 127 6963 6964 6962
11008 2 2 2 127 6822 6824 6107
11009 2 2 2 127 1103 5354 61
11010 2 2 2 127 7958 8623 1425
11011 2 2 2 127 97 5305 1664
11012 2 2 2 127 7516 7792 7518
11013 2 2 2 127 6160 8432 6656
11014 2 2 2 127 7187 8138 972
11015 2 2 2 127 6636 8731 1049
11016 2 2 2 127 5410 8359 5957
11017 2 2 2 127 7852 8404 6102
11018 2 2 2 127 414 8596 415
11019 2 2 2 127 1870 8610 1871
11020 2 2 2 127 6777 8428 5446
11021 2 2 2 127 1007 5633 55
11022 2 2 2 127 5657 8334 7974
11023 2 2 2 127 5970 6824 6822
11024 2 2 2 127 7739 8252 7479
11025 2 2 2 127 1049 8731 6770
11026 2 2 2 127 8317 8995 6249
11027 2 2 2 127 2088 6327 2089
11028 2 2 2 127 6045 8537 6808
11029 2 2 2 127 2111 5748 5462
11030 2 2 2 127 5377 8450 7802
11031 2 2 2 127 7877 8009 7715
11032 2 2 2 127 1752 6331 1753
11033 2 2 2 127 7499 7699 7698
11034 2 2 2 127 447 5438 20
11035 2 2 2 127 632 6333 633
11036 2 2 2 127 6919 7614 7613
11037 2 2 2 127 1976 6329 1977
11038 2 2 2 127 1416 6330 1417
11039 2 2 2 127 6906 8584 7805
11040 2 2 2 127 6221 8682 6785
11041 2 2 2 127 7858 7951 7665
11042 2 2 2 127 7151 7818 6894
11043 2 2 2 127 1192 6338 1193
11044 2 2 2 127 895 6639 5384
11045 2 2 2 127 671 6640 5368
11046 2 2 2 127 7681 8392 7680
11047 2 2 2 127 1535 6543 5953
11048 2 2 2 127 415 6159 5685
11049 2 2 2 127 5470 7981 6515
11050 2 2 2 127 408 6340 409
11051 2 2 2 127 1628 8659 5458
11052 2 2 2 127 191 6167 4
11053 2 2 2 127 639 6168 32
11054 2 2 2 127 207 6169 5
11055 2 2 2 127 6969 6971 6970
11056 2 2 2 127 8014 8794 8317
11057 2 2 2 127 5870 8224 6497
11058 2 2 2 127 1883 8673 8360
11059 2 2 2 127 7682 9057 7519
11060 2 2 2 127 6919 7684 7615
11061 2 2 2 127 7758 8716 7647
11062 2 2 2 127 6119 8647 282
11063 2 2 2 127 6118 8648 1626
11064 2 2 2 127 7163 7164 7150
11065 2 2 2 127 975 6144 53
11066 2 2 2 127 7803 7804 7573
11067 2 2 2 127 7261 7263 7262
11068 2 2 2 127 767 5694 5373
11069 2 2 2 127 6003 6635 5666
11070 2 2 2 127 8064 8453 6320
11071 2 2 2 127 1231 6642 5394
11072 2 2 2 127 6051 7979 6519
11073 2 2 2 127 8239 8529 7046
11074 2 2 2 127 68 5313 1200
11075 2 2 2 127 6851 9058 6305
11076 2 2 2 127 6209 8659 1628
11077 2 2 2 127 6130 8796 6639
11078 2 2 2 127 8134 8904 7752
11079 2 2 2 127 450 8773 522
11080 2 2 2 127 226 8774 746
11081 2 2 2 127 7874 8477 1669
11082 2 2 2 127 5686 8205 6786
11083 2 2 2 127 89 5288 1536
11084 2 2 2 127 7057 8963 7068
11085 2 2 2 127 6164 8194 6166
11086 2 2 2 127 5897 6869 5894
11087 2 2 2 127 1679 5996 5626
11088 2 2 2 127 5809 8446 6503
11089 2 2 2 127 1663 5695 96
11090 2 2 2 127 5494 5496 5495
11091 2 2 2 127 7198 7199 6903
11092 2 2 2 127 76 5293 1328
11093 2 2 2 127 5350 5479 5478
11094 2 2 2 127 7670 8913 7683
11095 2 2 2 127 7728 8559 5347
11096 2 2 2 127 5378 6625 6517
11097 2 2 2 127 5379 6626 6524
11098 2 2 2 127 7555 8433 8429
11099 2 2 2 127 5713 5715 5714
11100 2 2 2 127 6952 6955 6954
11101 2 2 2 127 5384 5593 5592
11102 2 2 2 127 5368 5635 5634
11103 2 2 2 127 6767 8978 6184
11104 2 2 2 127 6529 8211 5596
11105 2 2 2 127 8326 8495 6686
11106 2 2 2 127 7007 8209 6954
11107 2 2 2 127 7190 7565 7194
11108 2 2 2 127 1213 7195 6902
11109 2 2 2 127 7734 7954 7341
11110 2 2 2 127 7542 8272 8130
11111 2 2 2 127 7486 8268 7823
11112 2 2 2 127 7274 8878 7272
11113 2 2 2 127 5438 6295 5658
11114 2 2 2 127 6896 7152 7151
11115 2 2 2 127 5 5712 192
11116 2 2 2 127 5721 6734 6679
11117 2 2 2 127 5796 5798 5797
11118 2 2 2 127 6725 6783 6015
11119 2 2 2 127 7423 8053 7588
11120 2 2 2 127 5394 5610 5609
11121 2 2 2 127 6376 6849 6006
11122 2 2 2 127 6501 8201 6134
11123 2 2 2 127 5822 5824 5823
11124 2 2 2 127 7221 7913 7679
11125 2 2 2 127 40 5665 752
11126 2 2 2 127 6059 6061 6060
11127 2 2 2 127 2127 5445 125
11128 2 2 2 127 5853 5854 5852
11129 2 2 2 127 7531 7847 7638
11130 2 2 2 127 5746 6818 6542
11131 2 2 2 127 6371 6372 5788
11132 2 2 2 127 7427 7833 7632
11133 2 2 2 127 6933 8149 7090
11134 2 2 2 127 6056 6502 6204
11135 2 2 2 127 8317 8794 5396
11136 2 2 2 127 5900 5901 5899
11137 2 2 2 127 5348 7829 2145
11138 2 2 2 127 7509 8694 8527
11139 2 2 2 127 6135 8094 6621
11140 2 2 2 127 6136 8095 6622
11141 2 2 2 127 7598 8694 7554
11142 2 2 2 127 6794 6796 6795
11143 2 2 2 127 5384 5592 48
11144 2 2 2 127 6812 8975 6080
11145 2 2 2 127 6983 7951 7858
11146 2 2 2 127 6229 8739 6230
11147 2 2 2 127 5368 5634 34
11148 2 2 2 127 8494 9006 7439
11149 2 2 2 127 1871 5775 109
11150 2 2 2 127 2095 5763 123
11151 2 2 2 127 5350 5478 110
11152 2 2 2 127 12 5674 304
11153 2 2 2 127 5721 6862 6734
11154 2 2 2 127 5906 6788 6550
11155 2 2 2 127 5354 5617 5616
11156 2 2 2 127 5394 5609 69
11157 2 2 2 127 5363 8956 6841
11158 2 2 2 127 207 6202 6169
11159 2 2 2 127 1871 6179 5775
11160 2 2 2 127 7514 7516 7515
11161 2 2 2 127 6133 8873 6642
11162 2 2 2 127 6625 9008 6068
11163 2 2 2 127 222 8128 6084
11164 2 2 2 127 1791 5467 104
11165 2 2 2 127 7236 7237 7235
11166 2 2 2 127 5957 9008 6300
11167 2 2 2 127 27 5700 544
11168 2 2 2 127 1663 6047 5695
11169 2 2 2 127 282 8647 6806
11170 2 2 2 127 1626 8648 6807
11171 2 2 2 127 5573 8196 6504
11172 2 2 2 127 1776 7971 5336
11173 2 2 2 127 5445 6511 5667
11174 2 2 2 127 7568 7627 7626
11175 2 2 2 127 5700 6638 6507
11176 2 2 2 127 7048 8766 8053
11177 2 2 2 127 2095 6552 5763
11178 2 2 2 127 6000 8786 1082
11179 2 2 2 127 47 6045 864
11180 2 2 2 127 7500 7771 7769
11181 2 2 2 127 8108 8769 6264
11182 2 2 2 127 303 8079 11
11183 2 2 2 127 5469 7977 6489
11184 2 2 2 127 7219 8381 7217
11185 2 2 2 127 7361 8907 7360
11186 2 2 2 127 7755 7756 5303
11187 2 2 2 127 7282 7285 7284
11188 2 2 2 127 7582 8306 7581
11189 2 2 2 127 5338 7838 2148
11190 2 2 2 127 1304 6771 1305
11191 2 2 2 127 1640 6772 1641
11192 2 2 2 127 7756 9031 5303
11193 2 2 2 127 7056 8963 7057
11194 2 2 2 127 7833 7915 7454
11195 2 2 2 127 5543 8382 6843
11196 2 2 2 127 6749 8296 8145
11197 2 2 2 127 1649 6509 1650
11198 2 2 2 127 1803 6614 1701
11199 2 2 2 127 1579 6606 1477
11200 2 2 2 127 1691 6613 1589
11201 2 2 2 127 1467 6609 1365
11202 2 2 2 127 1355 6608 1253
11203 2 2 2 127 1915 6610 1813
11204 2 2 2 127 1131 6604 1029
11205 2 2 2 127 683 6600 581
11206 2 2 2 127 1019 6612 917
11207 2 2 2 127 907 6607 805
11208 2 2 2 127 571 6599 469
11209 2 2 2 127 795 6601 693
11210 2 2 2 127 2139 6603 2037
11211 2 2 2 127 459 6597 357
11212 2 2 2 127 2027 6611 1925
11213 2 2 2 127 235 6598 133
11214 2 2 2 127 347 6602 245
11215 2 2 2 127 1243 6605 1141
11216 2 2 2 127 184 6774 185
11217 2 2 2 127 6632 8799 6053
11218 2 2 2 127 1003 6584 981
11219 2 2 2 127 1675 6590 1653
11220 2 2 2 127 1339 6588 1317
11221 2 2 2 127 1563 6594 1541
11222 2 2 2 127 1899 6593 1877
11223 2 2 2 127 1787 6589 1765
11224 2 2 2 127 1115 6585 1093
11225 2 2 2 127 219 6586 197
11226 2 2 2 127 667 6587 645
11227 2 2 2 127 331 6583 309
11228 2 2 2 127 443 6580 421
11229 2 2 2 127 891 6582 869
11230 2 2 2 127 779 6581 757
11231 2 2 2 127 1227 6596 1205
11232 2 2 2 127 555 6579 533
11233 2 2 2 127 1451 6591 1429
11234 2 2 2 127 2011 6595 1989
11235 2 2 2 127 2123 6592 2101
11236 2 2 2 127 8119 8537 6045
11237 2 2 2 127 1444 8120 1445
11238 2 2 2 127 1096 6456 1074
11239 2 2 2 127 984 6459 962
11240 2 2 2 127 648 6458 626
11241 2 2 2 127 1544 6467 1522
11242 2 2 2 127 1208 6469 1186
11243 2 2 2 127 1880 6465 1858
11244 2 2 2 127 312 6455 290
11245 2 2 2 127 424 6452 402
11246 2 2 2 127 200 6454 178
11247 2 2 2 127 872 6468 850
11248 2 2 2 127 2104 6461 2082
11249 2 2 2 127 536 6457 514
11250 2 2 2 127 760 6453 738
11251 2 2 2 127 1320 6460 1298
11252 2 2 2 127 1656 6464 1634
11253 2 2 2 127 1432 6466 1410
11254 2 2 2 127 1768 6463 1746
11255 2 2 2 127 1992 6462 1970
11256 2 2 2 127 2043 6572 2085
11257 2 2 2 127 1147 6578 1189
11258 2 2 2 127 1371 6575 1413
11259 2 2 2 127 811 6569 853
11260 2 2 2 127 1931 6574 1973
11261 2 2 2 127 587 6564 629
11262 2 2 2 127 1483 6576 1525
11263 2 2 2 127 251 6565 293
11264 2 2 2 127 139 6563 181
11265 2 2 2 127 1035 6571 1077
11266 2 2 2 127 363 6567 405
11267 2 2 2 127 1819 6570 1861
11268 2 2 2 127 699 6561 741
11269 2 2 2 127 475 6566 517
11270 2 2 2 127 1259 6577 1301
11271 2 2 2 127 1707 6568 1749
11272 2 2 2 127 1595 6562 1637
11273 2 2 2 127 923 6573 965
11274 2 2 2 127 5916 7905 5287
11275 2 2 2 127 5675 6210 5674
11276 2 2 2 127 55 5415 992
11277 2 2 2 127 7950 8431 7599
11278 2 2 2 127 1448 6470 1362
11279 2 2 2 127 1672 6486 1586
11280 2 2 2 127 1112 6480 1026
11281 2 2 2 127 1560 6485 1474
11282 2 2 2 127 328 6477 242
11283 2 2 2 127 440 6472 354
11284 2 2 2 127 216 6475 130
11285 2 2 2 127 1000 6487 914
11286 2 2 2 127 888 6476 802
11287 2 2 2 127 2008 6471 1922
11288 2 2 2 127 776 6483 690
11289 2 2 2 127 2120 6478 2034
11290 2 2 2 127 664 6474 578
11291 2 2 2 127 552 6473 466
11292 2 2 2 127 1896 6482 1810
11293 2 2 2 127 1336 6481 1250
11294 2 2 2 127 1784 6479 1698
11295 2 2 2 127 1224 6484 1138
11296 2 2 2 127 5727 8449 6498
11297 2 2 2 127 8070 8573 7692
11298 2 2 2 127 6115 8380 6212
11299 2 2 2 127 1256 6441 1282
11300 2 2 2 127 1816 6445 1842
11301 2 2 2 127 1704 6447 1730
11302 2 2 2 127 584 6440 610
11303 2 2 2 127 136 6435 162
11304 2 2 2 127 360 6434 386
11305 2 2 2 127 1368 6446 1394
11306 2 2 2 127 696 6439 722
11307 2 2 2 127 472 6437 498
11308 2 2 2 127 248 6436 274
11309 2 2 2 127 1592 6450 1618
11310 2 2 2 127 2040 6443 2066
11311 2 2 2 127 1480 6449 1506
11312 2 2 2 127 920 6444 946
11313 2 2 2 127 1144 6451 1170
11314 2 2 2 127 808 6442 834
11315 2 2 2 127 1032 6448 1058
11316 2 2 2 127 1928 6438 1954
11317 2 2 2 127 6017 6805 6370
11318 2 2 2 127 6081 8736 638
11319 2 2 2 127 6082 8737 190
11320 2 2 2 127 7634 8601 7335
11321 2 2 2 127 5354 5616 61
11322 2 2 2 127 7433 7464 1910
11323 2 2 2 127 6417 8983 5330
11324 2 2 2 127 5438 5658 20
11325 2 2 2 127 7207 7958 1425
11326 2 2 2 127 1343 5629 76
11327 2 2 2 127 6154 8243 6761
11328 2 2 2 127 7115 7837 7045
11329 2 2 2 127 638 8736 639
11330 2 2 2 127 190 8737 191
11331 2 2 2 127 5854 6725 5857
11332 2 2 2 127 6160 8255 6040
11333 2 2 2 127 5340 8150 7748
11334 2 2 2 127 7766 8546 7144
11335 2 2 2 127 7072 8930 7079
11336 2 2 2 127 970 7781 6905
11337 2 2 2 127 5606 8685 6502
11338 2 2 2 127 5368 6640 5636
11339 2 2 2 127 7237 9063 7235
11340 2 2 2 127 5384 6639 5594
11341 2 2 2 127 6904 7815 7192
11342 2 2 2 127 6040 8255 6285
11343 2 2 2 127 6542 7962 5429
11344 2 2 2 127 5464 6840 6388
11345 2 2 2 127 8333 8723 5986
11346 2 2 2 127 7142 7749 7541
11347 2 2 2 127 5891 5892 5890
11348 2 2 2 127 7821 7950 7124
11349 2 2 2 127 843 8762 5323
11350 2 2 2 127 5853 6725 5854
11351 2 2 2 127 7887 8720 5300
11352 2 2 2 127 7954 9060 7382
11353 2 2 2 127 6541 6839 5682
11354 2 2 2 127 7234 7235 7231
11355 2 2 2 127 5293 6034 1328
11356 2 2 2 127 6646 8760 8061
11357 2 2 2 127 1552 8748 7720
11358 2 2 2 127 7790 8513 7333
11359 2 2 2 127 5361 6850 6809
11360 2 2 2 127 5847 8654 8622
11361 2 2 2 127 7344 7722 7346
11362 2 2 2 127 7987 8078 6139
11363 2 2 2 127 7225 8994 7223
11364 2 2 2 127 6053 8799 6515
11365 2 2 2 127 6698 8011 5297
11366 2 2 2 127 6020 6102 1326
11367 2 2 2 127 5930 5932 5931
11368 2 2 2 127 5569 6857 5576
11369 2 2 2 127 6414 8955 7932
11370 2 2 2 127 7383 7581 7580
11371 2 2 2 127 378 8652 379
11372 2 2 2 127 602 8651 603
11373 2 2 2 127 8614 8741 6252
11374 2 2 2 127 1386 8653 1387
11375 2 2 2 127 7966 8348 7716
11376 2 2 2 127 5695 5696 96
11377 2 2 2 127 6763 8550 6165
11378 2 2 2 127 205 9025 8931
11379 2 2 2 127 2157 7842 2156
11380 2 2 2 127 7586 8010 7834
11381 2 2 2 127 7027 8364 8363
11382 2 2 2 127 5857 6015 5859
11383 2 2 2 127 7647 8716 8639
11384 2 2 2 127 6295 6296 5658
11385 2 2 2 127 7903 8553 7602
11386 2 2 2 127 5394 6642 5611
11387 2 2 2 127 1797 7776 5310
11388 2 2 2 127 5915 5917 5916
11389 2 2 2 127 5318 7888 1794
11390 2 2 2 127 6408 8078 5758
11391 2 2 2 127 6640 6674 5636
11392 2 2 2 127 5839 5840 5837
11393 2 2 2 127 5355 8724 6879
11394 2 2 2 127 12 5675 5674
11395 2 2 2 127 5771 6645 5773
11396 2 2 2 127 5748 6145 5462
11397 2 2 2 127 5445 5667 125
11398 2 2 2 127 7155 7157 7156
11399 2 2 2 127 89 5661 5288
11400 2 2 2 127 6068 9008 6667
11401 2 2 2 127 6044 8259 6287
11402 2 2 2 127 7211 8459 8045
11403 2 2 2 127 7696 8388 7366
11404 2 2 2 127 5736 8386 6536
11405 2 2 2 127 5971 5973 5972
11406 2 2 2 127 5438 6310 6295
11407 2 2 2 127 6828 8466 6161
11408 2 2 2 127 7650 7651 7152
11409 2 2 2 127 8367 8874 7076
11410 2 2 2 127 7159 8391 7871
11411 2 2 2 127 5839 5841 5840
11412 2 2 2 127 6089 6376 6006
11413 2 2 2 127 5842 5843 5841
11414 2 2 2 127 6712 8985 6322
11415 2 2 2 127 7010 7012 7011
11416 2 2 2 127 5467 5672 104
11417 2 2 2 127 5822 5825 5824
11418 2 2 2 127 5287 7905 6737
11419 2 2 2 127 5796 5799 5798
11420 2 2 2 127 6944 8144 6939
11421 2 2 2 127 856 6802 857
11422 2 2 2 127 7162 7958 7163
11423 2 2 2 127 5350 5480 5479
11424 2 2 2 127 5354 5618 5617
11425 2 2 2 127 6159 6293 5685
11426 2 2 2 127 7349 7543 7542
11427 2 2 2 127 5496 5497 5495
11428 2 2 2 127 5494 5529 5496
11429 2 2 2 127 6161 8466 8293
11430 2 2 2 127 5765 6660 5766
11431 2 2 2 127 5617 6080 5616
11432 2 2 2 127 6179 6641 5775
11433 2 2 2 127 5769 5774 5771
11434 2 2 2 127 5715 6140 5714
11435 2 2 2 127 6245 8125 6743
11436 2 2 2 127 5593 5632 5592
11437 2 2 2 127 7773 7802 7522
11438 2 2 2 127 6492 8142 5411
11439 2 2 2 127 7719 8904 8134
11440 2 2 2 127 5368 5636 5635
11441 2 2 2 127 5842 6027 5843
11442 2 2 2 127 5562 6659 6651
11443 2 2 2 127 5635 6097 5634
11444 2 2 2 127 5307 8138 7009
11445 2 2 2 127 5446 8428 8332
11446 2 2 2 127 5713 6619 5715
11447 2 2 2 127 5384 5594 5593
11448 2 2 2 127 5987 6810 5794
11449 2 2 2 127 5762 6652 6651
11450 2 2 2 127 5596 8796 6529
11451 2 2 2 127 7739 8630 7310
11452 2 2 2 127 5865 5867 5866
11453 2 2 2 127 6971 6975 6974
11454 2 2 2 127 6651 6659 5762
11455 2 2 2 127 7664 8644 6988
11456 2 2 2 127 6955 6959 6956
11457 2 2 2 127 7490 8649 7489
11458 2 2 2 127 7584 8629 7585
11459 2 2 2 127 5769 6660 5774
11460 2 2 2 127 1215 7671 7394
11461 2 2 2 127 222 8704 8128
11462 2 2 2 127 5610 6554 5609
11463 2 2 2 127 6047 6377 5695
11464 2 2 2 127 226 8095 227
11465 2 2 2 127 450 8094 451
11466 2 2 2 127 6252 8992 8614
11467 2 2 2 127 6296 6516 5658
11468 2 2 2 127 5562 6651 6650
11469 2 2 2 127 6170 6778 6777
11470 2 2 2 127 5766 6660 5769
11471 2 2 2 127 5618 5619 5617
11472 2 2 2 127 5901 5902 5899
11473 2 2 2 127 6025 8320 6490
11474 2 2 2 127 371 5471 372
11475 2 2 2 127 5624 6198 5622
11476 2 2 2 127 6754 6850 6554
11477 2 2 2 127 6650 6653 5562
11478 2 2 2 127 5661 6545 5663
11479 2 2 2 127 6295 6400 6296
11480 2 2 2 127 6061 6257 6063
11481 2 2 2 127 7719 7966 7716
11482 2 2 2 127 2051 5851 2052
11483 2 2 2 127 5526 6653 5524
11484 2 2 2 127 322 6104 5787
11485 2 2 2 127 770 6105 5814
11486 2 2 2 127 322 5787 323
11487 2 2 2 127 770 5814 771
11488 2 2 2 127 1106 5795 1107
11489 2 2 2 127 7695 7732 7677
11490 2 2 2 127 7080 9027 7126
11491 2 2 2 127 5748 6544 6145
11492 2 2 2 127 5784 5786 5782
11493 2 2 2 127 5833 5834 5337
11494 2 2 2 127 5304 7999 6652
11495 2 2 2 127 5765 5766 5327
11496 2 2 2 127 6672 6710 6670
11497 2 2 2 127 1403 5864 5459
11498 2 2 2 127 1100 5868 1101
11499 2 2 2 127 2019 5327 2020
11500 2 2 2 127 7707 7709 7708
11501 2 2 2 127 2150 8319 7751
11502 2 2 2 127 6671 6672 6670
11503 2 2 2 127 6075 8121 5297
11504 2 2 2 127 1292 6066 1293
11505 2 2 2 127 5857 5859 5858
11506 2 2 2 127 2075 6658 5324
11507 2 2 2 127 83 7149 6942
11508 2 2 2 127 1939 5409 1940
11509 2 2 2 127 1628 5458 1629
11510 2 2 2 127 147 5914 148
11511 2 2 2 127 635 5314 636
11512 2 2 2 127 1890 5821 1891
11513 2 2 2 127 635 5869 5314
11514 2 2 2 127 5774 6645 5771
11515 2 2 2 127 2019 5765 5327
11516 2 2 2 127 6725 8646 6783
11517 2 2 2 127 6653 6678 5524
11518 2 2 2 127 1570 5295 1571
11519 2 2 2 127 2052 5319 2053
11520 2 2 2 127 5799 5800 5798
11521 2 2 2 127 1516 6429 1517
11522 2 2 2 127 995 6037 996
11523 2 2 2 127 659 6038 660
11524 2 2 2 127 2075 5324 2076
11525 2 2 2 127 6145 6312 5462
11526 2 2 2 127 1010 5819 1011
11527 2 2 2 127 6623 6682 5743
11528 2 2 2 127 6615 6798 6311
11529 2 2 2 127 5766 5767 5327
11530 2 2 2 127 1852 6142 1853
11531 2 2 2 127 5800 6656 5802
11532 2 2 2 127 5562 6653 5526
11533 2 2 2 127 6431 8259 6044
11534 2 2 2 127 7610 8164 7766
11535 2 2 2 127 1532 5991 1533
11536 2 2 2 127 7366 8379 7831
11537 2 2 2 127 1267 5898 1268
11538 2 2 2 127 301 6288 302
11539 2 2 2 127 1757 6289 1758
11540 2 2 2 127 5394 5611 5610
11541 2 2 2 127 5453 6181 413
11542 2 2 2 127 5452 6180 1869
11543 2 2 2 127 323 5380 324
11544 2 2 2 127 1233 5816 1234
11545 2 2 2 127 434 5882 5466
11546 2 2 2 127 5324 5777 5776
11547 2 2 2 127 1778 5285 1779
11548 2 2 2 127 5839 5842 5841
11549 2 2 2 127 1963 5460 1964
11550 2 2 2 127 1403 5459 1404
11551 2 2 2 127 6061 6062 6060
11552 2 2 2 127 1379 6218 1380
11553 2 2 2 127 1121 5386 1122
11554 2 2 2 127 434 5466 435
11555 2 2 2 127 209 5375 210
11556 2 2 2 127 1889 6174 1890
11557 2 2 2 127 1105 6173 1106
11558 2 2 2 127 5802 6656 5805
11559 2 2 2 127 785 5372 786
11560 2 2 2 127 5424 6306 1774
11561 2 2 2 127 6415 6416 5913
11562 2 2 2 127 1603 5889 1604
11563 2 2 2 127 5430 8097 1867
11564 2 2 2 127 5528 6659 5562
11565 2 2 2 127 5476 6081 638
11566 2 2 2 127 5477 6082 190
11567 2 2 2 127 506 5421 507
11568 2 2 2 127 1234 5426 1235
11569 2 2 2 127 1457 5408 1458
11570 2 2 2 127 1963 5862 5460
11571 2 2 2 127 172 5750 173
11572 2 2 2 127 1199 7197 67
11573 2 2 2 127 6061 6063 6062
11574 2 2 2 127 765 5308 766
11575 2 2 2 127 674 5442 675
11576 2 2 2 127 1107 5382 1108
11577 2 2 2 127 5357 5888 1997
11578 2 2 2 127 1755 5924 5472
11579 2 2 2 127 2017 5451 2018
11580 2 2 2 127 5652 5988 2092
11581 2 2 2 127 2114 5437 2115
11582 2 2 2 127 5329 5881 1645
11583 2 2 2 127 5718 8627 2001
11584 2 2 2 127 2133 5404 2134
11585 2 2 2 127 5351 5913 541
11586 2 2 2 127 1458 6103 1459
11587 2 2 2 127 5444 5934 430
11588 2 2 2 127 5353 5870 989
11589 2 2 2 127 5397 6227 5829
11590 2 2 2 127 1961 5335 1962
11591 2 2 2 127 1778 5883 5285
11592 2 2 2 127 5324 5776 2076
11593 2 2 2 127 5456 8538 6519
11594 2 2 2 127 5825 5826 5824
11595 2 2 2 127 6137 6323 436
11596 2 2 2 127 6138 6324 212
11597 2 2 2 127 6013 6657 6024
11598 2 2 2 127 2109 5418 2110
11599 2 2 2 127 6024 6649 5881
11600 2 2 2 127 5652 6373 5988
11601 2 2 2 127 2091 5652 2092
11602 2 2 2 127 673 6009 674
11603 2 2 2 127 1009 6011 1010
11604 2 2 2 127 428 6186 429
11605 2 2 2 127 6227 6307 5829
11606 2 2 2 127 858 5287 859
11607 2 2 2 127 1123 5751 1124
11608 2 2 2 127 1459 6221 1460
11609 2 2 2 127 6015 6141 5859
11610 2 2 2 127 860 5833 5337
11611 2 2 2 127 539 6553 540
11612 2 2 2 127 187 6127 5328
11613 2 2 2 127 561 5428 562
11614 2 2 2 127 897 5427 898
11615 2 2 2 127 1349 5405 1350
11616 2 2 2 127 1885 5425 1886
11617 2 2 2 127 6670 6673 6671
11618 2 2 2 127 1755 5472 1756
11619 2 2 2 127 5632 6514 5592
11620 2 2 2 127 6001 6190 5848
11621 2 2 2 127 7553 8284 1441
11622 2 2 2 127 5623 5624 5622
11623 2 2 2 127 227 6136 228
11624 2 2 2 127 451 6135 452
11625 2 2 2 127 435 6137 436
11626 2 2 2 127 211 6138 212
11627 2 2 2 127 596 5422 597
11628 2 2 2 127 6617 6634 5987
11629 2 2 2 127 5439 5923 317
11630 2 2 2 127 187 5328 188
11631 2 2 2 127 429 5444 430
11632 2 2 2 127 5472 6360 1756
11633 2 2 2 127 1643 6195 1644
11634 2 2 2 127 5668 5928 1549
11635 2 2 2 127 821 5383 822
11636 2 2 2 127 6710 6722 6669
11637 2 2 2 127 6013 6024 5881
11638 2 2 2 127 5854 5857 5856
11639 2 2 2 127 771 5398 772
11640 2 2 2 127 5480 5481 5479
11641 2 2 2 127 1773 5424 1774
11642 2 2 2 127 339 6427 340
11643 2 2 2 127 2091 5925 5652
11644 2 2 2 127 5805 6656 6193
11645 2 2 2 127 5432 5940 1157
11646 2 2 2 127 7827 8642 6893
11647 2 2 2 127 1644 5329 1645
11648 2 2 2 127 1996 5357 1997
11649 2 2 2 127 316 5439 317
11650 2 2 2 127 5497 5563 5495
11651 2 2 2 127 5324 6658 5778
11652 2 2 2 127 1442 5316 1443
11653 2 2 2 127 5427 6617 5987
11654 2 2 2 127 1772 5863 1773
11655 2 2 2 127 1627 6209 1628
11656 2 2 2 127 1739 6194 5397
11657 2 2 2 127 988 5353 989
11658 2 2 2 127 6498 6647 5357
11659 2 2 2 127 563 5359 564
11660 2 2 2 127 860 5337 861
11661 2 2 2 127 372 6065 373
11662 2 2 2 127 1309 5292 1310
11663 2 2 2 127 1156 5432 1157
11664 2 2 2 127 6336 8467 6425
11665 2 2 2 127 1548 5668 1549
11666 2 2 2 127 5901 5903 5902
11667 2 2 2 127 209 6107 5375
11668 2 2 2 127 1121 6152 5386
11669 2 2 2 127 5524 6678 5517
11670 2 2 2 127 1124 6150 1125
11671 2 2 2 127 676 6149 677
11672 2 2 2 127 5452 6344 6180
11673 2 2 2 127 5453 6343 6181
11674 2 2 2 127 1155 6109 1156
11675 2 2 2 127 707 6108 708
11676 2 2 2 127 338 6075 5297
11677 2 2 2 127 540 5351 541
11678 2 2 2 127 1716 5290 1717
11679 2 2 2 127 6489 8267 5469
11680 2 2 2 127 657 6302 658
11681 2 2 2 127 1104 6424 5684
11682 2 2 2 127 1888 6423 5683
11683 2 2 2 127 5423 6001 5848
11684 2 2 2 127 6671 6673 5554
11685 2 2 2 127 5351 6415 5913
11686 2 2 2 127 1123 5790 5751
11687 2 2 2 127 5726 6729 6101
11688 2 2 2 127 5605 6068 5608
11689 2 2 2 127 5574 6665 5545
11690 2 2 2 127 637 5476 638
11691 2 2 2 127 189 5477 190
11692 2 2 2 127 412 5453 413
11693 2 2 2 127 1868 5452 1869
11694 2 2 2 127 5603 5605 5604
11695 2 2 2 127 338 5297 339
11696 2 2 2 127 1832 5321 1833
11697 2 2 2 127 5648 6070 5650
11698 2 2 2 127 5805 6193 5807
11699 2 2 2 127 1011 5360 1012
11700 2 2 2 127 749 6216 750
11701 2 2 2 127 6723 6739 6738
11702 2 2 2 127 1737 6110 1738
11703 2 2 2 127 5601 5603 5602
11704 2 2 2 127 5896 8437 7799
11705 2 2 2 127 1739 5397 1740
11706 2 2 2 127 5869 5927 5314
11707 2 2 2 127 1642 5419 1643
11708 2 2 2 127 6547 6657 6013
11709 2 2 2 127 563 5818 5359
11710 2 2 2 127 525 6261 526
11711 2 2 2 127 5538 6659 5528
11712 2 2 2 127 5496 5498 5497
11713 2 2 2 127 5646 5648 5647
11714 2 2 2 127 5427 5987 5794
11715 2 2 2 127 1846 5395 1847
11716 2 2 2 127 595 6014 596
11717 2 2 2 127 5329 6013 5881
11718 2 2 2 127 5901 5904 5903
11719 2 2 2 127 5295 5844 1571
11720 2 2 2 127 5328 5847 188
11721 2 2 2 127 1891 5399 1892
11722 2 2 2 127 5404 6217 2134
11723 2 2 2 127 2115 6367 2116
11724 2 2 2 127 1530 6028 5414
11725 2 2 2 127 5785 6520 5784
11726 2 2 2 127 5426 5791 1235
11727 2 2 2 127 993 5719 994
11728 2 2 2 127 6090 6616 5664
11729 2 2 2 127 504 5304 505
11730 2 2 2 127 1530 5414 1531
11731 2 2 2 127 1420 5664 1421
11732 2 2 2 127 5554 6673 5551
11733 2 2 2 127 6191 6192 6190
11734 2 2 2 127 6252 6547 6013
11735 2 2 2 127 5735 6681 5948
11736 2 2 2 127 6063 6335 6146
11737 2 2 2 127 169 5465 170
11738 2 2 2 127 1513 5464 1514
11739 2 2 2 127 5512 6676 5516
11740 2 2 2 127 5721 6679 5489
11741 2 2 2 127 1980 5754 1981
11742 2 2 2 127 5790 6633 5751
11743 2 2 2 127 2021 5291 2022
11744 2 2 2 127 5485 6663 5721
11745 2 2 2 127 5544 6688 5717
11746 2 2 2 127 730 6023 731
11747 2 2 2 127 2070 7868 7663
11748 2 2 2 127 729 5332 730
11749 2 2 2 127 1401 5331 1402
11750 2 2 2 127 5743 6682 6681
11751 2 2 2 127 281 6119 282
11752 2 2 2 127 1625 6118 1626
11753 2 2 2 127 713 5849 714
11754 2 2 2 127 502 5376 503
11755 2 2 2 127 5646 5647 5644
11756 2 2 2 127 1012 5998 1013
11757 2 2 2 127 7238 7239 7237
11758 2 2 2 127 5516 6676 5525
11759 2 2 2 127 787 5457 788
11760 2 2 2 127 5648 5650 5647
11761 2 2 2 127 5557 6664 5569
11762 2 2 2 127 5734 5741 5733
11763 2 2 2 127 1289 5677 1290
11764 2 2 2 127 1849 5678 1850
11765 2 2 2 127 1305 5676 1306
11766 2 2 2 127 787 5820 5457
11767 2 2 2 127 862 5473 863
11768 2 2 2 127 1646 5474 1647
11769 2 2 2 127 5444 6200 5934
11770 2 2 2 127 5547 6665 5591
11771 2 2 2 127 185 5440 186
11772 2 2 2 127 990 5656 991
11773 2 2 2 127 1006 5654 1007
11774 2 2 2 127 1790 5655 1791
11775 2 2 2 127 278 5378 279
11776 2 2 2 127 1177 6114 1178
11777 2 2 2 127 5476 6492 6081
11778 2 2 2 127 6660 6891 5774
11779 2 2 2 127 5743 6681 5730
11780 2 2 2 127 5664 6132 1421
11781 2 2 2 127 5477 6493 6082
11782 2 2 2 127 7369 7409 7370
11783 2 2 2 127 5605 5608 5604
11784 2 2 2 127 5577 6669 6668
11785 2 2 2 127 619 5423 620
11786 2 2 2 127 1604 5406 1605
11787 2 2 2 127 5397 5829 1740
11788 2 2 2 127 5717 6250 5574
11789 2 2 2 127 5544 5574 5545
11790 2 2 2 127 1268 5387 1269
11791 2 2 2 127 5316 5817 1443
11792 2 2 2 127 5484 5485 5483
11793 2 2 2 127 5740 5742 5738
11794 2 2 2 127 5603 5604 5602
11795 2 2 2 127 6001 6191 6190
11796 2 2 2 127 6068 6667 5608
11797 2 2 2 127 5732 5733 5731
11798 2 2 2 127 5800 5801 5798
11799 2 2 2 127 1641 6120 1642
11800 2 2 2 127 5645 5646 5644
11801 2 2 2 127 6619 6627 5715
11802 2 2 2 127 6189 8163 6035
11803 2 2 2 127 1510 5379 1511
11804 2 2 2 127 5732 5734 5733
11805 2 2 2 127 5545 6665 5547
11806 2 2 2 127 409 5367 410
11807 2 2 2 127 5288 5673 1536
11808 2 2 2 127 1101 5289 1102
11809 2 2 2 127 6127 6364 5328
11810 2 2 2 127 5534 5544 5535
11811 2 2 2 127 598 5334 599
11812 2 2 2 127 5516 5524 5517
11813 2 2 2 127 6738 6739 5563
11814 2 2 2 127 148 5388 149
11815 2 2 2 127 5460 5792 1964
11816 2 2 2 127 5459 5793 1404
11817 2 2 2 127 5551 6673 5549
11818 2 2 2 127 5512 5516 5513
11819 2 2 2 127 1996 6498 5357
11820 2 2 2 127 5599 5601 5600
11821 2 2 2 127 1345 6643 1346
11822 2 2 2 127 2129 6644 2130
11823 2 2 2 127 5442 6033 675
11824 2 2 2 127 5353 5871 5870
11825 2 2 2 127 5482 5483 5481
11826 2 2 2 127 5601 5602 5600
11827 2 2 2 127 5480 5482 5481
11828 2 2 2 127 5337 5886 861
11829 2 2 2 127 6157 6187 753
11830 2 2 2 127 6158 6188 305
11831 2 2 2 127 6672 6720 6710
11832 2 2 2 127 5761 5762 5568
11833 2 2 2 127 5754 6134 1981
11834 2 2 2 127 5577 6668 5514
11835 2 2 2 127 5717 6688 6650
11836 2 2 2 127 1158 5362 1159
11837 2 2 2 127 542 5746 543
11838 2 2 2 127 1043 6016 1044
11839 2 2 2 127 5485 5721 5489
11840 2 2 2 127 297 5446 298
11841 2 2 2 127 340 5417 341
11842 2 2 2 127 5904 5905 5903
11843 2 2 2 127 5544 5717 5574
11844 2 2 2 127 5732 6681 5735
11845 2 2 2 127 8208 8397 8162
11846 2 2 2 127 6520 8582 5955
11847 2 2 2 127 5636 5637 5635
11848 2 2 2 127 5537 6722 6710
11849 2 2 2 127 5594 5595 5593
11850 2 2 2 127 5519 5534 5523
11851 2 2 2 127 1118 5990 1119
11852 2 2 2 127 1902 5989 1903
11853 2 2 2 127 6653 6688 6678
11854 2 2 2 127 1066 5294 1067
11855 2 2 2 127 5744 5745 5742
11856 2 2 2 127 5568 6659 5538
11857 2 2 2 127 5656 6046 991
11858 2 2 2 127 5748 6624 6544
11859 2 2 2 127 5557 5569 5556
11860 2 2 2 127 5641 5644 5643
11861 2 2 2 127 5482 5484 5483
11862 2 2 2 127 453 5959 454
11863 2 2 2 127 5632 6558 6514
11864 2 2 2 127 5454 6421 1999
11865 2 2 2 127 5660 6666 5726
11866 2 2 2 127 5475 6361 300
11867 2 2 2 127 6661 6662 5649
11868 2 2 2 127 5608 6667 6220
11869 2 2 2 127 7705 8789 7717
11870 2 2 2 127 1905 5322 1906
11871 2 2 2 127 5927 6395 6211
11872 2 2 2 127 5517 6678 5519
11873 2 2 2 127 5555 5557 5556
11874 2 2 2 127 5869 6504 5927
11875 2 2 2 127 5671 6679 6490
11876 2 2 2 127 5565 5568 5538
11877 2 2 2 127 5646 5649 5648
11878 2 2 2 127 5869 6654 6504
11879 2 2 2 127 2000 5718 2001
11880 2 2 2 127 6650 6688 6653
11881 2 2 2 127 5730 5732 5731
11882 2 2 2 127 5492 6663 5487
11883 2 2 2 127 1401 5960 5331
11884 2 2 2 127 1998 5454 1999
11885 2 2 2 127 5528 5562 5526
11886 2 2 2 127 5927 6211 5314
11887 2 2 2 127 5735 5736 5734
11888 2 2 2 127 172 6259 5750
11889 2 2 2 127 5516 5517 5513
11890 2 2 2 127 5507 6675 6100
11891 2 2 2 127 5547 5591 5581
11892 2 2 2 127 169 5961 5465
11893 2 2 2 127 6710 6720 5537
11894 2 2 2 127 1572 5401 1573
11895 2 2 2 127 6554 6721 5609
11896 2 2 2 127 5807 5809 5808
11897 2 2 2 127 5544 5545 5535
11898 2 2 2 127 729 5964 5332
11899 2 2 2 127 5740 5744 5742
11900 2 2 2 127 5905 6686 5908
11901 2 2 2 127 5423 5848 620
11902 2 2 2 127 5510 5512 5511
11903 2 2 2 127 544 5441 545
11904 2 2 2 127 6669 6676 6668
11905 2 2 2 127 1420 6090 5664
11906 2 2 2 127 229 5954 230
11907 2 2 2 127 5599 5600 5597
11908 2 2 2 127 5762 6659 5568
11909 2 2 2 127 5646 6661 5649
11910 2 2 2 127 558 5469 559
11911 2 2 2 127 7422 8381 7199
11912 2 2 2 127 1753 5370 1754
11913 2 2 2 127 1980 6091 5754
11914 2 2 2 127 5512 5513 5511
11915 2 2 2 127 5588 6677 5586
11916 2 2 2 127 7167 8754 1827
11917 2 2 2 127 5329 6252 6013
11918 2 2 2 127 5857 6725 6015
11919 2 2 2 127 5534 5535 5523
11920 2 2 2 127 5576 6672 6671
11921 2 2 2 127 5603 5606 5605
11922 2 2 2 127 5723 6680 5532
11923 2 2 2 127 1008 5448 1009
11924 2 2 2 127 672 5447 673
11925 2 2 2 127 5537 6720 6705
11926 2 2 2 127 8052 8414 7688
11927 2 2 2 127 5905 5906 5903
11928 2 2 2 127 5726 6101 5755
11929 2 2 2 127 5484 6663 5485
11930 2 2 2 127 5570 6664 5557
11931 2 2 2 127 5534 6688 5544
11932 2 2 2 127 1273 5468 1274
11933 2 2 2 127 6400 8939 5902
11934 2 2 2 127 6668 6676 5512
11935 2 2 2 127 5519 6678 5534
11936 2 2 2 127 5660 5726 5692
11937 2 2 2 127 5589 6073 5590
11938 2 2 2 127 5641 5645 5644
11939 2 2 2 127 5506 5508 5507
11940 2 2 2 127 1622 5688 1623
11941 2 2 2 127 5671 6490 6206
11942 2 2 2 127 5530 6699 5723
11943 2 2 2 127 5525 5526 5524
11944 2 2 2 127 170 6337 171
11945 2 2 2 127 1514 6336 1515
11946 2 2 2 127 5485 5488 5483
11947 2 2 2 127 6085 6086 5910
11948 2 2 2 127 5376 5962 503
11949 2 2 2 127 5636 6674 5638
11950 2 2 2 127 5572 6666 5660
11951 2 2 2 127 5730 6681 5732
11952 2 2 2 127 5509 5510 5508
11953 2 2 2 127 318 5330 319
11954 2 2 2 127 5726 5755 5692
11955 2 2 2 127 6651 6652 6251
11956 2 2 2 127 8739 8968 6230
11957 2 2 2 127 5556 6671 5554
11958 2 2 2 127 5572 6711 6666
11959 2 2 2 127 1329 5393 1330
11960 2 2 2 127 5732 5735 5734
11961 2 2 2 127 5904 6686 5905
11962 2 2 2 127 726 6052 727
11963 2 2 2 127 5590 5970 5749
11964 2 2 2 127 47 6426 6045
11965 2 2 2 127 5498 5499 5497
11966 2 2 2 127 633 5365 634
11967 2 2 2 127 6678 6688 5534
11968 2 2 2 127 5569 5576 5556
11969 2 2 2 127 5516 5525 5524
11970 2 2 2 127 5717 6251 6250
11971 2 2 2 127 1905 6153 5322
11972 2 2 2 127 1216 6354 1217
11973 2 2 2 127 1232 6352 1233
11974 2 2 2 127 2016 6353 2017
11975 2 2 2 127 5510 6668 5512
11976 2 2 2 127 560 6036 561
11977 2 2 2 127 5549 5577 5514
11978 2 2 2 127 5321 5946 1833
11979 2 2 2 127 5872 5873 5871
11980 2 2 2 127 6096 6346 5425
11981 2 2 2 127 5591 6121 5581
11982 2 2 2 127 6677 6690 5586
11983 2 2 2 127 5909 5912 5911
11984 2 2 2 127 5510 5511 5508
11985 2 2 2 127 1380 6420 1381
11986 2 2 2 127 5515 6735 6732
11987 2 2 2 127 5639 6683 5641
11988 2 2 2 127 5589 5590 5588
11989 2 2 2 127 6164 6165 5405
11990 2 2 2 127 5432 6303 5940
11991 2 2 2 127 5497 6738 5563
11992 2 2 2 127 5532 6680 5539
11993 2 2 2 127 6732 6735 6691
11994 2 2 2 127 5642 6683 5639
11995 2 2 2 127 1512 5943 1513
11996 2 2 2 127 5805 5807 5806
11997 2 2 2 127 5730 5731 5728
11998 2 2 2 127 5555 5556 5554
11999 2 2 2 127 880 6039 881
12000 2 2 2 127 5608 6220 6219
12001 2 2 2 127 2089 5390 2090
12002 2 2 2 127 5489 6679 5671
12003 2 2 2 127 5877 6712 5873
12004 2 2 2 127 1062 6347 1063
12005 2 2 2 127 5472 8103 6360
12006 2 2 2 127 373 5306 374
12007 2 2 2 127 5749 6677 5588
12008 2 2 2 127 5583 6311 5585
12009 2 2 2 127 5560 5566 5561
12010 2 2 2 127 5553 5554 5551
12011 2 2 2 127 6681 6682 5948
12012 2 2 2 127 5491 5492 5487
12013 2 2 2 127 6303 6503 5940
12014 2 2 2 127 5575 5761 5568
12015 2 2 2 127 992 6117 993
12016 2 2 2 127 8565 8586 6262
12017 2 2 2 127 1307 5361 1308
12018 2 2 2 127 5566 5583 5567
12019 2 2 2 127 5577 6670 6669
12020 2 2 2 127 5506 5509 5508
12021 2 2 2 127 5549 6673 5577
12022 2 2 2 127 5508 6675 5507
12023 2 2 2 127 5539 5541 5540
12024 2 2 2 127 5500 5502 5501
12025 2 2 2 127 5583 5585 5584
12026 2 2 2 127 5500 5501 5499
12027 2 2 2 127 5576 6671 5556
12028 2 2 2 127 5807 5808 5806
12029 2 2 2 127 5353 5872 5871
12030 2 2 2 127 5501 6684 5520
12031 2 2 2 127 1288 6177 1289
12032 2 2 2 127 299 5475 300
12033 2 2 2 127 5905 5908 5907
12034 2 2 2 127 5590 5749 5588
12035 2 2 2 127 1624 5434 1625
12036 2 2 2 127 280 5435 281
12037 2 2 2 127 1286 6057 1287
12038 2 2 2 127 5498 5500 5499
12039 2 2 2 127 5324 5778 5777
12040 2 2 2 127 5501 5520 5499
12041 2 2 2 127 5729 5743 5730
12042 2 2 2 127 5566 5567 5561
12043 2 2 2 127 5514 6668 5510
12044 2 2 2 127 5645 6661 5646
12045 2 2 2 127 5720 6691 5567
12046 2 2 2 127 432 5363 433
12047 2 2 2 127 2112 5364 2113
12048 2 2 2 127 6654 6655 6504
12049 2 2 2 127 5741 6232 5733
12050 2 2 2 127 5583 5584 5567
12051 2 2 2 127 5560 5561 5559
12052 2 2 2 127 304 6158 305
12053 2 2 2 127 752 6157 753
12054 2 2 2 127 768 6155 769
12055 2 2 2 127 320 6156 321
12056 2 2 2 127 6085 6419 6086
12057 2 2 2 127 1437 5311 1438
12058 2 2 2 127 5660 5692 5691
12059 2 2 2 127 5692 6072 5691
12060 2 2 2 127 5375 5974 5850
12061 2 2 2 127 5507 6100 5515
12062 2 2 2 127 1104 5684 1105
12063 2 2 2 127 1888 5683 1889
12064 2 2 2 127 5875 5877 5873
12065 2 2 2 127 5567 6691 5561
12066 2 2 2 127 5530 5723 5532
12067 2 2 2 127 5803 5812 5801
12068 2 2 2 127 5585 5586 5584
12069 2 2 2 127 5502 5504 5503
12070 2 2 2 127 5565 5575 5568
12071 2 2 2 127 5502 5503 5501
12072 2 2 2 127 5504 5506 5505
12073 2 2 2 127 1720 5450 1721
12074 2 2 2 127 1160 5449 1161
12075 2 2 2 127 1237 6495 1238
12076 2 2 2 127 5643 5653 5640
12077 2 2 2 127 5515 6689 5505
12078 2 2 2 127 5485 5489 5488
12079 2 2 2 127 1685 5320 1686
12080 2 2 2 127 5507 5515 5505
12081 2 2 2 127 5503 6684 5501
12082 2 2 2 127 5539 5540 5533
12083 2 2 2 127 5558 5570 5557
12084 2 2 2 127 5517 5519 5518
12085 2 2 2 127 5905 5907 5906
12086 2 2 2 127 5555 5558 5557
12087 2 2 2 127 5503 6689 6684
12088 2 2 2 127 2021 6124 5291
12089 2 2 2 127 5561 5747 5559
12090 2 2 2 127 1848 6178 1849
12091 2 2 2 127 5482 5486 5484
12092 2 2 2 127 5539 6680 5573
12093 2 2 2 127 5504 5505 5503
12094 2 2 2 127 5506 5507 5505
12095 2 2 2 127 446 6051 447
12096 2 2 2 127 5584 5720 5567
12097 2 2 2 127 5525 5527 5526
12098 2 2 2 127 5509 5514 5510
12099 2 2 2 127 5561 6691 5747
12100 2 2 2 127 5771 5773 5772
12101 2 2 2 127 5375 5850 210
12102 2 2 2 127 1776 5336 1777
12103 2 2 2 127 5519 5523 5521
12104 2 2 2 127 5553 5555 5554
12105 2 2 2 127 5505 6689 5503
12106 2 2 2 127 5539 5573 5541
12107 2 2 2 127 5594 5596 5595
12108 2 2 2 127 6669 6722 6676
12109 2 2 2 127 5558 5582 5570
12110 2 2 2 127 5803 5813 5812
12111 2 2 2 127 5873 6712 5871
12112 2 2 2 127 5532 5539 5533
12113 2 2 2 127 5383 5955 822
12114 2 2 2 127 526 5385 527
12115 2 2 2 127 765 5952 5308
12116 2 2 2 127 5548 5549 5514
12117 2 2 2 127 1179 5400 1180
12118 2 2 2 127 5722 6694 5571
12119 2 2 2 127 5636 5638 5637
12120 2 2 2 127 5427 5794 898
12121 2 2 2 127 5527 5528 5526
12122 2 2 2 127 5545 5547 5546
12123 2 2 2 127 6419 6620 6086
12124 2 2 2 127 5584 6690 5720
12125 2 2 2 127 5586 6690 5584
12126 2 2 2 127 1886 6183 1887
12127 2 2 2 127 5813 6050 5812
12128 2 2 2 127 5564 5565 5538
12129 2 2 2 127 5486 6069 5490
12130 2 2 2 127 710 6053 711
12131 2 2 2 127 7456 8274 7286
12132 2 2 2 127 5747 6693 5559
12133 2 2 2 127 5659 5722 5571
12134 2 2 2 127 6069 6143 5490
12135 2 2 2 127 566 6196 567
12136 2 2 2 127 6501 6623 5743
12137 2 2 2 127 6163 6164 5405
12138 2 2 2 127 5641 5643 5640
12139 2 2 2 127 5542 5560 5559
12140 2 2 2 127 5558 6714 5582
12141 2 2 2 127 5511 6675 5508
12142 2 2 2 127 1436 5918 1437
12143 2 2 2 127 5623 5625 5624
12144 2 2 2 127 6002 6245 5969
12145 2 2 2 127 6238 6239 6002
12146 2 2 2 127 1422 5369 1423
12147 2 2 2 127 5550 5551 5549
12148 2 2 2 127 5491 5759 5492
12149 2 2 2 127 5575 6214 5761
12150 2 2 2 127 654 6548 655
12151 2 2 2 127 6650 6651 6251
12152 2 2 2 127 5533 5578 5531
12153 2 2 2 127 5540 6693 5533
12154 2 2 2 127 5752 6687 5565
12155 2 2 2 127 222 6084 223
12156 2 2 2 127 784 6182 785
12157 2 2 2 127 5481 5993 5479
12158 2 2 2 127 5291 5942 2022
12159 2 2 2 127 656 5463 657
12160 2 2 2 127 5572 5660 5659
12161 2 2 2 127 5639 5641 5640
12162 2 2 2 127 678 5679 679
12163 2 2 2 127 5306 5969 374
12164 2 2 2 127 6050 6375 5812
12165 2 2 2 127 5564 5752 5565
12166 2 2 2 127 5500 5522 5502
12167 2 2 2 127 5641 6683 5645
12168 2 2 2 127 5542 6707 5560
12169 2 2 2 127 5729 5730 5728
12170 2 2 2 127 5589 6235 6073
12171 2 2 2 127 5319 8051 7685
12172 2 2 2 127 5717 6650 6251
12173 2 2 2 127 336 5758 337
12174 2 2 2 127 6675 6727 6100
12175 2 2 2 127 5737 5738 5736
12176 2 2 2 127 6143 6692 5490
12177 2 2 2 127 5559 6693 5540
12178 2 2 2 127 1959 5286 1960
12179 2 2 2 127 5564 5753 5752
12180 2 2 2 127 5735 5948 5737
12181 2 2 2 127 5364 6092 2113
12182 2 2 2 127 6101 6729 6724
12183 2 2 2 127 5783 5784 5782
12184 2 2 2 127 8132 8734 7673
12185 2 2 2 127 933 6357 934
12186 2 2 2 127 1493 6358 1494
12187 2 2 2 127 5565 6687 5575
12188 2 2 2 127 5560 5579 5566
12189 2 2 2 127 5378 5963 279
12190 2 2 2 127 5587 5589 5588
12191 2 2 2 127 864 5358 865
12192 2 2 2 127 5587 6709 5589
12193 2 2 2 127 5489 5669 5488
12194 2 2 2 127 5541 5542 5540
12195 2 2 2 127 5548 5550 5549
12196 2 2 2 127 5506 6703 5509
12197 2 2 2 127 5532 5533 5531
12198 2 2 2 127 5379 5965 1511
12199 2 2 2 127 1194 5312 1195
12200 2 2 2 127 5813 6417 6350
12201 2 2 2 127 5358 6130 865
12202 2 2 2 127 750 5416 751
12203 2 2 2 127 5536 5538 5528
12204 2 2 2 127 637 5945 5476
12205 2 2 2 127 5600 6704 5597
12206 2 2 2 127 5517 5518 5513
12207 2 2 2 127 5533 6693 5578
12208 2 2 2 127 5911 6085 5910
12209 2 2 2 127 640 5392 641
12210 2 2 2 127 5489 5671 5669
12211 2 2 2 127 5548 6098 5550
12212 2 2 2 127 1550 5352 1551
12213 2 2 2 127 5602 6055 5600
12214 2 2 2 127 5536 5564 5538
12215 2 2 2 127 5392 6131 641
12216 2 2 2 127 152 6175 153
12217 2 2 2 127 1384 6176 1385
12218 2 2 2 127 5660 5691 5659
12219 2 2 2 127 5488 6715 5483
12220 2 2 2 127 5578 6718 5531
12221 2 2 2 127 5608 6219 5604
12222 2 2 2 127 5509 6703 5548
12223 2 2 2 127 5486 5487 5484
12224 2 2 2 127 1718 5326 1719
12225 2 2 2 127 5487 6663 5484
12226 2 2 2 127 5504 6703 5506
12227 2 2 2 127 5577 6673 6670
12228 2 2 2 127 5527 5536 5528
12229 2 2 2 127 5545 5546 5535
12230 2 2 2 127 5530 5532 5531
12231 2 2 2 127 192 5371 193
12232 2 2 2 127 5552 5553 5551
12233 2 2 2 127 1436 6499 5918
12234 2 2 2 127 5486 5490 5487
12235 2 2 2 127 5509 5548 5514
12236 2 2 2 127 6311 6696 5585
12237 2 2 2 127 5908 5909 5907
12238 2 2 2 127 5480 6706 5482
12239 2 2 2 127 5547 5581 5580
12240 2 2 2 127 5542 5559 5540
12241 2 2 2 127 5805 5806 5804
12242 2 2 2 127 5385 6125 5725
12243 2 2 2 127 5964 6397 6054
12244 2 2 2 127 1417 6355 1418
12245 2 2 2 127 1977 6356 1978
12246 2 2 2 127 1126 5680 1127
12247 2 2 2 127 6030 6422 5959
12248 2 2 2 127 5491 6692 5760
12249 2 2 2 127 5597 6704 5595
12250 2 2 2 127 5638 5642 5639
12251 2 2 2 127 6076 6540 5967
12252 2 2 2 127 5502 6708 5504
12253 2 2 2 127 5513 6695 5511
12254 2 2 2 127 5909 5910 5907
12255 2 2 2 127 5552 5572 5571
12256 2 2 2 127 230 5407 231
12257 2 2 2 127 5781 5782 5780
12258 2 2 2 127 5519 5521 5518
12259 2 2 2 127 5826 5827 5824
12260 2 2 2 127 1350 6241 1351
12261 2 2 2 127 5491 5760 5759
12262 2 2 2 127 5523 5530 5521
12263 2 2 2 127 5527 5537 5536
12264 2 2 2 127 1456 5929 1457
12265 2 2 2 127 5504 6708 6703
12266 2 2 2 127 5564 6705 5753
12267 2 2 2 127 5659 6698 5722
12268 2 2 2 127 5553 6694 5555
12269 2 2 2 127 5522 6708 5502
12270 2 2 2 127 5598 5693 5607
12271 2 2 2 127 5548 6703 6098
12272 2 2 2 127 488 5411 489
12273 2 2 2 127 5585 5587 5586
12274 2 2 2 127 264 5410 265
12275 2 2 2 127 6711 6719 6666
12276 2 2 2 127 5306 6238 6002
12277 2 2 2 127 5358 6529 6130
12278 2 2 2 127 6172 6236 5331
12279 2 2 2 127 5719 6226 994
12280 2 2 2 127 1982 5374 1983
12281 2 2 2 127 5589 6709 6235
12282 2 2 2 127 5334 5966 599
12283 2 2 2 127 5511 6695 6675
12284 2 2 2 127 6670 6710 6669
12285 2 2 2 127 5547 5580 5546
12286 2 2 2 127 5800 5802 5801
12287 2 2 2 127 5536 6705 5564
12288 2 2 2 127 6397 6536 6054
12289 2 2 2 127 5530 5531 5521
12290 2 2 2 127 1496 5402 1497
12291 2 2 2 127 5550 5552 5551
12292 2 2 2 127 5587 5588 5586
12293 2 2 2 127 5735 5737 5736
12294 2 2 2 127 789 6496 790
12295 2 2 2 127 936 5403 937
12296 2 2 2 127 5739 5740 5738
12297 2 2 2 127 5572 5659 5571
12298 2 2 2 127 5490 6692 5491
12299 2 2 2 127 5320 6223 1686
12300 2 2 2 127 823 5296 824
12301 2 2 2 127 6536 8603 5736
12302 2 2 2 127 5555 6694 5558
12303 2 2 2 127 6727 6733 6100
12304 2 2 2 127 6676 6722 5525
12305 2 2 2 127 5596 5597 5595
12306 2 2 2 127 5638 5639 5637
12307 2 2 2 127 5483 6715 5481
12308 2 2 2 127 5541 5543 5542
12309 2 2 2 127 5798 6745 5797
12310 2 2 2 127 5729 6501 5743
12311 2 2 2 127 6694 6714 5558
12312 2 2 2 127 5639 5640 5637
12313 2 2 2 127 5960 6172 5331
12314 2 2 2 127 5486 6706 6069
12315 2 2 2 127 5518 6695 5513
12316 2 2 2 127 5813 6350 6050
12317 2 2 2 127 5802 5803 5801
12318 2 2 2 127 5535 6699 5523
12319 2 2 2 127 1885 6096 5425
12320 2 2 2 127 5369 5704 5703
12321 2 2 2 127 5490 5491 5487
12322 2 2 2 127 5482 6706 5486
12323 2 2 2 127 6164 6166 6165
12324 2 2 2 127 5671 6205 5669
12325 2 2 2 127 5523 6699 5530
12326 2 2 2 127 5961 6049 5465
12327 2 2 2 127 5614 5830 5612
12328 2 2 2 127 951 5315 952
12329 2 2 2 127 5552 5571 5553
12330 2 2 2 127 5304 6247 505
12331 2 2 2 127 6703 6708 6098
12332 2 2 2 127 2133 6162 5404
12333 2 2 2 127 1961 5951 5335
12334 2 2 2 127 5872 5874 5873
12335 2 2 2 127 5560 6707 5579
12336 2 2 2 127 5571 6694 5553
12337 2 2 2 127 5909 5911 5910
12338 2 2 2 127 5598 5599 5597
12339 2 2 2 127 6098 6711 5550
12340 2 2 2 127 5964 6054 5332
12341 2 2 2 127 6696 6709 5587
12342 2 2 2 127 5359 5967 564
12343 2 2 2 127 5813 6685 6417
12344 2 2 2 127 2014 5470 2015
12345 2 2 2 127 5543 6707 5542
12346 2 2 2 127 5911 6087 6085
12347 2 2 2 127 2109 6551 5418
12348 2 2 2 127 1399 5429 1400
12349 2 2 2 127 7195 7952 7445
12350 2 2 2 127 5802 5805 5804
12351 2 2 2 127 5671 6206 6205
12352 2 2 2 127 5387 5950 1269
12353 2 2 2 127 5688 5968 1623
12354 2 2 2 127 5537 6705 5536
12355 2 2 2 127 6055 6704 5600
12356 2 2 2 127 5602 6702 6055
12357 2 2 2 127 1349 6163 5405
12358 2 2 2 127 5367 6225 5939
12359 2 2 2 127 5722 6714 6694
12360 2 2 2 127 5385 5724 527
12361 2 2 2 127 7435 9006 8494
12362 2 2 2 127 5598 5607 5599
12363 2 2 2 127 5546 6699 5535
12364 2 2 2 127 5441 6122 545
12365 2 2 2 127 6121 6697 5581
12366 2 2 2 127 5500 6724 5522
12367 2 2 2 127 6114 8743 7974
12368 2 2 2 127 5581 6556 5580
12369 2 2 2 127 5669 5670 5488
12370 2 2 2 127 5374 5729 5728
12371 2 2 2 127 1287 5412 1288
12372 2 2 2 127 5552 6711 5572
12373 2 2 2 127 167 5455 168
12374 2 2 2 127 5691 6698 5659
12375 2 2 2 127 6689 6731 6684
12376 2 2 2 127 5376 6147 5962
12377 2 2 2 127 1159 6040 1160
12378 2 2 2 127 454 5389 455
12379 2 2 2 127 5739 5926 5740
12380 2 2 2 127 6153 6154 5322
12381 2 2 2 127 5803 6685 5813
12382 2 2 2 127 5604 6702 5602
12383 2 2 2 127 7113 7519 7200
12384 2 2 2 127 5670 6715 5488
12385 2 2 2 127 1193 5938 1194
12386 2 2 2 127 5414 5880 1531
12387 2 2 2 127 5525 6722 5527
12388 2 2 2 127 821 6088 5383
12389 2 2 2 127 6053 6228 711
12390 2 2 2 127 598 6025 5334
12391 2 2 2 127 1496 6094 5402
12392 2 2 2 127 5585 6696 5587
12393 2 2 2 127 936 6095 5403
12394 2 2 2 127 151 6043 152
12395 2 2 2 127 1383 6042 1384
12396 2 2 2 127 6350 6351 6050
12397 2 2 2 127 5515 6732 6689
12398 2 2 2 127 5385 5725 5724
12399 2 2 2 127 6666 6729 5726
12400 2 2 2 127 974 6035 975
12401 2 2 2 127 5374 5727 1983
12402 2 2 2 127 727 5413 728
12403 2 2 2 127 6503 6713 5940
12404 2 2 2 127 5550 6711 5552
12405 2 2 2 127 5749 6723 6677
12406 2 2 2 127 5498 6724 5500
12407 2 2 2 127 5611 5612 5610
12408 2 2 2 127 297 6170 5446
12409 2 2 2 127 6723 6728 6677
12410 2 2 2 127 6219 6702 5604
12411 2 2 2 127 6689 6732 6731
12412 2 2 2 127 375 5420 376
12413 2 2 2 127 5874 5875 5873
12414 2 2 2 127 6654 8767 6655
12415 2 2 2 127 5359 6076 5967
12416 2 2 2 127 5374 5728 5727
12417 2 2 2 127 5520 6728 6723
12418 2 2 2 127 5531 6718 5521
12419 2 2 2 127 1064 5391 1065
12420 2 2 2 127 5306 6002 5969
12421 2 2 2 127 1847 5994 1848
12422 2 2 2 127 5402 6294 5958
12423 2 2 2 127 1719 6044 1720
12424 2 2 2 127 878 6064 879
12425 2 2 2 127 6684 6728 5520
12426 2 2 2 127 1047 6348 1048
12427 2 2 2 127 1607 6349 1608
12428 2 2 2 127 1648 5356 1649
12429 2 2 2 127 5369 5702 1423
12430 2 2 2 127 937 6116 938
12431 2 2 2 127 6088 6345 5383
12432 2 2 2 127 5527 6722 5537
12433 2 2 2 127 6197 6286 5966
12434 2 2 2 127 5808 5810 5806
12435 2 2 2 127 5522 6729 6719
12436 2 2 2 127 5518 6718 6695
12437 2 2 2 127 5581 6697 6556
12438 2 2 2 127 5522 6719 6708
12439 2 2 2 127 5411 5956 489
12440 2 2 2 127 5747 6733 6693
12441 2 2 2 127 6691 6735 5747
12442 2 2 2 127 5521 6718 5518
12443 2 2 2 127 6098 6719 6711
12444 2 2 2 127 5808 5811 5810
12445 2 2 2 127 5416 5716 751
12446 2 2 2 127 6205 6717 5669
12447 2 2 2 127 5779 5780 5777
12448 2 2 2 127 5578 6727 6718
12449 2 2 2 127 5410 5957 265
12450 2 2 2 127 1622 6309 5688
12451 2 2 2 127 5400 5861 1180
12452 2 2 2 127 6162 6203 5404
12453 2 2 2 127 5874 5876 5875
12454 2 2 2 127 5747 6735 6733
12455 2 2 2 127 6719 6729 6666
12456 2 2 2 127 6708 6719 6098
12457 2 2 2 127 5402 5958 1497
12458 2 2 2 127 6110 8745 7976
12459 2 2 2 127 5379 6524 5965
12460 2 2 2 127 5378 6517 5963
12461 2 2 2 127 5481 6715 5993
12462 2 2 2 127 5393 5887 1330
12463 2 2 2 127 5334 6148 5966
12464 2 2 2 127 5815 6079 5810
12465 2 2 2 127 5449 6317 1161
12466 2 2 2 127 5450 6318 1721
12467 2 2 2 127 5725 6266 5724
12468 2 2 2 127 1200 5701 1201
12469 2 2 2 127 8074 8149 7415
12470 2 2 2 127 5676 5949 1306
12471 2 2 2 127 5701 6133 1201
12472 2 2 2 127 1270 5456 1271
12473 2 2 2 127 5367 5939 410
12474 2 2 2 127 1573 6112 1574
12475 2 2 2 127 5499 6738 5497
12476 2 2 2 127 5669 6717 5670
12477 2 2 2 127 6524 6525 5965
12478 2 2 2 127 6079 6716 5810
12479 2 2 2 127 1063 5976 1064
12480 2 2 2 127 1868 5947 5452
12481 2 2 2 127 5596 5598 5597
12482 2 2 2 127 7713 7878 7877
12483 2 2 2 127 5737 5739 5738
12484 2 2 2 127 5414 6074 5880
12485 2 2 2 127 5802 5804 5803
12486 2 2 2 127 5369 5703 5702
12487 2 2 2 127 6197 8565 6286
12488 2 2 2 127 5290 5944 1717
12489 2 2 2 127 5806 6716 5804
12490 2 2 2 127 6517 6518 5963
12491 2 2 2 127 6148 6197 5966
12492 2 2 2 127 5456 6231 1271
12493 2 2 2 127 453 6030 5959
12494 2 2 2 127 5578 6733 6727
12495 2 2 2 127 5469 5999 559
12496 2 2 2 127 5456 6519 6231
12497 2 2 2 127 6684 6731 6728
12498 2 2 2 127 7240 7241 7239
12499 2 2 2 127 229 6031 5954
12500 2 2 2 127 950 6128 951
12501 2 2 2 127 6695 6727 6675
12502 2 2 2 127 6677 6728 6690
12503 2 2 2 127 6718 6727 6695
12504 2 2 2 127 5804 6685 5803
12505 2 2 2 127 7079 8930 7080
12506 2 2 2 127 714 8920 715
12507 2 2 2 127 154 8921 155
12508 2 2 2 127 5778 5779 5777
12509 2 2 2 127 5678 6398 1850
12510 2 2 2 127 5677 6399 1290
12511 2 2 2 127 6151 6489 6042
12512 2 2 2 127 1274 8922 1275
12513 2 2 2 127 1050 8923 1051
12514 2 2 2 127 6690 6731 5720
12515 2 2 2 127 6210 8288 8014
12516 2 2 2 127 7516 7518 7517
12517 2 2 2 127 5607 6742 5599
12518 2 2 2 127 6724 6729 5522
12519 2 2 2 127 1659 6560 1660
12520 2 2 2 127 875 6559 876
12521 2 2 2 127 973 5307 974
12522 2 2 2 127 6049 6859 6390
12523 2 2 2 127 5810 6716 5806
12524 2 2 2 127 5804 6716 6685
12525 2 2 2 127 6106 6258 5392
12526 2 2 2 127 1383 6151 6042
12527 2 2 2 127 5367 6242 6225
12528 2 2 2 127 6731 6732 5720
12529 2 2 2 127 938 8924 939
12530 2 2 2 127 5720 6732 6691
12531 2 2 2 127 6053 6515 6228
12532 2 2 2 127 6029 6199 5926
12533 2 2 2 127 5838 5839 5837
12534 2 2 2 127 5613 5614 5612
12535 2 2 2 127 6063 6146 6062
12536 2 2 2 127 1048 6636 1049
12537 2 2 2 127 1608 6637 1609
12538 2 2 2 127 5811 6433 5815
12539 2 2 2 127 299 5935 5475
12540 2 2 2 127 1866 6314 5430
12541 2 2 2 127 7495 7836 7143
12542 2 2 2 127 5289 6500 1102
12543 2 2 2 127 150 6071 151
12544 2 2 2 127 5611 5613 5612
12545 2 2 2 127 6733 6735 6100
12546 2 2 2 127 6728 6731 6690
12547 2 2 2 127 5621 5622 5619
12548 2 2 2 127 6100 6735 5515
12549 2 2 2 127 6693 6733 5578
12550 2 2 2 127 7844 7852 6102
12551 2 2 2 127 5948 6730 5737
12552 2 2 2 127 6358 6700 1494
12553 2 2 2 127 6357 6701 934
12554 2 2 2 127 6025 6734 5334
12555 2 2 2 127 6793 8777 5428
12556 2 2 2 127 5334 6734 6148
12557 2 2 2 127 5997 6321 6320
12558 2 2 2 127 5739 6029 5926
12559 2 2 2 127 5811 5815 5810
12560 2 2 2 127 5749 6739 6723
12561 2 2 2 127 6685 6736 6417
12562 2 2 2 127 5701 6539 6133
12563 2 2 2 127 7594 7768 7741
12564 2 2 2 127 640 6106 5392
12565 2 2 2 127 7808 8044 7646
12566 2 2 2 127 5321 6253 5946
12567 2 2 2 127 5388 5933 149
12568 2 2 2 127 5610 6754 6554
12569 2 2 2 127 6531 8651 8435
12570 2 2 2 127 6032 8079 6368
12571 2 2 2 127 5774 6891 6418
12572 2 2 2 127 5840 6748 5837
12573 2 2 2 127 5754 7941 6134
12574 2 2 2 127 5766 5768 5767
12575 2 2 2 127 5930 6004 5932
12576 2 2 2 127 6911 6916 6915
12577 2 2 2 127 7553 8268 7607
12578 2 2 2 127 7047 7060 7059
12579 2 2 2 127 6106 6313 6258
12580 2 2 2 127 5520 6738 5499
12581 2 2 2 127 6095 6488 6240
12582 2 2 2 127 5935 6290 5475
12583 2 2 2 127 6207 8165 5335
12584 2 2 2 127 826 8927 827
12585 2 2 2 127 6716 6736 6685
12586 2 2 2 127 7436 7813 7744
12587 2 2 2 127 5529 6747 5496
12588 2 2 2 127 5781 5783 5782
12589 2 2 2 127 5779 5781 5780
12590 2 2 2 127 7645 8593 7646
12591 2 2 2 127 6096 8057 6346
12592 2 2 2 127 6375 6745 5812
12593 2 2 2 127 6142 8627 6432
12594 2 2 2 127 5593 6751 5632
12595 2 2 2 127 6512 8505 5752
12596 2 2 2 127 5766 5769 5768
12597 2 2 2 127 2078 8484 2088
12598 2 2 2 127 1742 8482 1752
12599 2 2 2 127 1966 8487 1976
12600 2 2 2 127 510 8492 520
12601 2 2 2 127 622 8489 632
12602 2 2 2 127 174 8486 184
12603 2 2 2 127 1294 8488 1304
12604 2 2 2 127 398 8490 408
12605 2 2 2 127 846 8485 856
12606 2 2 2 127 734 8483 744
12607 2 2 2 127 958 8481 968
12608 2 2 2 127 1406 8491 1416
12609 2 2 2 127 1630 8480 1640
12610 2 2 2 127 1182 8493 1192
12611 2 2 2 127 5635 6752 6097
12612 2 2 2 127 6260 6527 5887
12613 2 2 2 127 7668 8351 7655
12614 2 2 2 127 5300 7776 1796
12615 2 2 2 127 5801 6745 5798
12616 2 2 2 127 1309 6017 5292
12617 2 2 2 127 6723 6738 5520
12618 2 2 2 127 5892 5893 5890
12619 2 2 2 127 7147 7148 7146
12620 2 2 2 127 6253 6254 5946
12621 2 2 2 127 5653 6752 5640
12622 2 2 2 127 1946 8929 1947
12623 2 2 2 127 1044 5433 1045
12624 2 2 2 127 5496 6747 5498
12625 2 2 2 127 5999 8155 6638
12626 2 2 2 127 5970 6739 5749
12627 2 2 2 127 6378 8419 6097
12628 2 2 2 127 5612 6754 5610
12629 2 2 2 127 5396 5941 396
12630 2 2 2 127 7162 7163 7149
12631 2 2 2 127 5783 5785 5784
12632 2 2 2 127 341 6237 342
12633 2 2 2 127 6215 8278 6382
12634 2 2 2 127 6354 8788 6721
12635 2 2 2 127 6198 6750 5622
12636 2 2 2 127 5785 6521 6520
12637 2 2 2 127 6039 8787 6514
12638 2 2 2 127 5737 6730 5739
12639 2 2 2 127 6734 6862 6148
12640 2 2 2 127 5599 6742 5601
12641 2 2 2 127 5316 6369 5817
12642 2 2 2 127 5495 6823 5309
12643 2 2 2 127 5989 6740 1903
12644 2 2 2 127 5990 6741 1119
12645 2 2 2 127 6628 6758 5992
12646 2 2 2 127 5595 6751 5593
12647 2 2 2 127 5443 5977 1014
12648 2 2 2 127 5621 5623 5622
12649 2 2 2 127 5637 6752 5635
12650 2 2 2 127 7459 8719 5312
12651 2 2 2 127 7732 8295 7677
12652 2 2 2 127 5613 5615 5614
12653 2 2 2 127 6095 6240 5403
12654 2 2 2 127 41 8758 615
12655 2 2 2 127 13 8759 391
12656 2 2 2 127 562 8777 563
12657 2 2 2 127 6079 6736 6716
12658 2 2 2 127 5964 6846 6397
12659 2 2 2 127 5935 6646 6290
12660 2 2 2 127 5618 5620 5619
12661 2 2 2 127 395 5396 396
12662 2 2 2 127 563 8777 5818
12663 2 2 2 127 5433 6631 1045
12664 2 2 2 127 5470 5756 2015
12665 2 2 2 127 6314 6428 5430
12666 2 2 2 127 5769 5771 5770
12667 2 2 2 127 7042 8452 7697
12668 2 2 2 127 7389 7582 7581
12669 2 2 2 127 709 5431 710
12670 2 2 2 127 5406 6201 1605
12671 2 2 2 127 6533 8616 6047
12672 2 2 2 127 6245 6743 5969
12673 2 2 2 127 8145 8296 6012
12674 2 2 2 127 5613 8873 6539
12675 2 2 2 127 5619 6750 5617
12676 2 2 2 127 5739 6730 6029
12677 2 2 2 127 5393 6260 5887
12678 2 2 2 127 7012 7025 7024
12679 2 2 2 127 7986 8121 6075
12680 2 2 2 127 5617 6750 6080
12681 2 2 2 127 7615 7618 7617
12682 2 2 2 127 6840 8456 6365
12683 2 2 2 127 1681 7212 6958
12684 2 2 2 127 5887 9061 6315
12685 2 2 2 127 7774 7775 7353
12686 2 2 2 127 7233 7947 7414
12687 2 2 2 127 1866 5430 1867
12688 2 2 2 127 5834 6748 5337
12689 2 2 2 127 6498 8327 5727
12690 2 2 2 127 1381 5436 1382
12691 2 2 2 127 5618 5681 5620
12692 2 2 2 127 5997 6744 6321
12693 2 2 2 127 5812 6745 5801
12694 2 2 2 127 6004 6008 6005
12695 2 2 2 127 709 5997 5431
12696 2 2 2 127 6699 6776 5723
12697 2 2 2 127 6005 6006 5932
12698 2 2 2 127 5997 6320 5431
12699 2 2 2 127 259 8019 260
12700 2 2 2 127 5896 5897 5894
12701 2 2 2 127 1173 9041 1174
12702 2 2 2 127 1733 9040 1734
12703 2 2 2 127 5337 6748 5886
12704 2 2 2 127 5301 7718 1553
12705 2 2 2 127 6747 6773 6101
12706 2 2 2 127 7187 8730 7787
12707 2 2 2 127 5320 6224 6223
12708 2 2 2 127 7405 7590 7403
12709 2 2 2 127 2126 5682 2127
12710 2 2 2 127 5951 6207 5335
12711 2 2 2 127 7269 7270 7268
12712 2 2 2 127 5863 6870 6334
12713 2 2 2 127 5529 6773 6747
12714 2 2 2 127 1013 5443 1014
12715 2 2 2 127 8106 8353 8107
12716 2 2 2 127 565 5697 566
12717 2 2 2 127 5580 6776 5546
12718 2 2 2 127 7656 8761 7635
12719 2 2 2 127 5859 5860 5858
12720 2 2 2 127 5900 6763 5901
12721 2 2 2 127 7176 8070 7692
12722 2 2 2 127 1845 9036 1846
12723 2 2 2 127 5824 6761 5823
12724 2 2 2 127 501 9037 502
12725 2 2 2 127 277 9038 278
12726 2 2 2 127 1509 9039 1510
12727 2 2 2 127 316 6032 5439
12728 2 2 2 127 8033 8780 7742
12729 2 2 2 127 5854 5855 5852
12730 2 2 2 127 5359 6781 6076
12731 2 2 2 127 7411 8473 8113
12732 2 2 2 127 5705 5709 5707
12733 2 2 2 127 6488 6834 6240
12734 2 2 2 127 7105 7863 7108
12735 2 2 2 127 6724 6747 6101
12736 2 2 2 127 5406 6391 6201
12737 2 2 2 127 5836 5837 5834
12738 2 2 2 127 5363 8784 6516
12739 2 2 2 127 5620 5621 5619
12740 2 2 2 127 8085 8995 394
12741 2 2 2 127 6528 8090 5689
12742 2 2 2 127 5498 6747 6724
12743 2 2 2 127 6801 8681 6224
12744 2 2 2 127 7101 8126 7812
12745 2 2 2 127 6704 6751 5595
12746 2 2 2 127 6525 6746 5965
12747 2 2 2 127 5640 6752 5637
12748 2 2 2 127 5622 6750 5619
12749 2 2 2 127 507 6756 508
12750 2 2 2 127 5991 6755 1533
12751 2 2 2 127 6518 6749 5963
12752 2 2 2 127 731 6757 732
12753 2 2 2 127 6086 6788 5910
12754 2 2 2 127 7114 7115 7045
12755 2 2 2 127 5892 5895 5894
12756 2 2 2 127 6540 8578 6313
12757 2 2 2 127 5857 5858 5856
12758 2 2 2 127 7126 9027 7127
12759 2 2 2 127 954 7815 6904
12760 2 2 2 127 5473 5698 863
12761 2 2 2 127 5474 5699 1647
12762 2 2 2 127 6016 6885 6826
12763 2 2 2 127 7707 8510 7760
12764 2 2 2 127 5707 5708 5706
12765 2 2 2 127 5769 5770 5768
12766 2 2 2 127 7650 7761 7651
12767 2 2 2 127 6139 8086 7987
12768 2 2 2 127 6554 6850 5949
12769 2 2 2 127 1621 9053 1622
12770 2 2 2 127 5830 6754 5612
12771 2 2 2 127 5907 6788 5906
12772 2 2 2 127 5705 5706 5703
12773 2 2 2 127 7364 8343 7657
12774 2 2 2 127 5704 5705 5703
12775 2 2 2 127 6203 6783 5404
12776 2 2 2 127 7127 8626 7856
12777 2 2 2 127 5474 8683 6386
12778 2 2 2 127 5837 6748 5834
12779 2 2 2 127 7291 7292 7290
12780 2 2 2 127 1779 8899 1780
12781 2 2 2 127 7844 8129 7340
12782 2 2 2 127 6010 8876 8566
12783 2 2 2 127 5345 8976 7824
12784 2 2 2 127 6004 6005 5932
12785 2 2 2 127 6086 6841 6788
12786 2 2 2 127 6366 8008 6793
12787 2 2 2 127 1323 6341 1324
12788 2 2 2 127 5901 6763 5904
12789 2 2 2 127 712 6363 713
12790 2 2 2 127 1272 6362 1273
12791 2 2 2 127 5874 8163 5876
12792 2 2 2 127 5833 5835 5834
12793 2 2 2 127 6517 6874 6518
12794 2 2 2 127 825 5690 826
12795 2 2 2 127 825 8250 5690
12796 2 2 2 127 6105 6814 6813
12797 2 2 2 127 1049 6770 1050
12798 2 2 2 127 6071 6839 6541
12799 2 2 2 127 5827 6761 5824
12800 2 2 2 127 7221 7835 7222
12801 2 2 2 127 1715 5865 1716
12802 2 2 2 127 5771 5772 5770
12803 2 2 2 127 6007 6089 6006
12804 2 2 2 127 5353 6797 5872
12805 2 2 2 127 5454 6767 6421
12806 2 2 2 127 5831 5832 5830
12807 2 2 2 127 7893 7911 7891
12808 2 2 2 127 7756 7757 5317
12809 2 2 2 127 1958 5971 1959
12810 2 2 2 127 857 5915 858
12811 2 2 2 127 5285 5789 1779
12812 2 2 2 127 6005 6007 6006
12813 2 2 2 127 6777 6778 5719
12814 2 2 2 127 5892 5894 5893
12815 2 2 2 127 7139 7140 7084
12816 2 2 2 127 5709 5711 5710
12817 2 2 2 127 1795 7888 5300
12818 2 2 2 127 7437 7456 7301
12819 2 2 2 127 6369 7930 5817
12820 2 2 2 127 6101 6773 5755
12821 2 2 2 127 6959 6961 6960
12822 2 2 2 127 6132 9061 6527
12823 2 2 2 127 7308 7964 7484
12824 2 2 2 127 5336 6796 6794
12825 2 2 2 127 7861 7906 7109
12826 2 2 2 127 6495 8220 1238
12827 2 2 2 127 5845 5846 5844
12828 2 2 2 127 6092 8839 2113
12829 2 2 2 127 1045 8864 1046
12830 2 2 2 127 7049 7882 7112
12831 2 2 2 127 5546 6776 6699
12832 2 2 2 127 7828 8253 7324
12833 2 2 2 127 7036 7038 7037
12834 2 2 2 127 2113 8839 2114
12835 2 2 2 127 5878 5879 5877
12836 2 2 2 127 6524 6873 6525
12837 2 2 2 127 5826 6048 5828
12838 2 2 2 127 6496 8221 790
12839 2 2 2 127 1570 5978 5295
12840 2 2 2 127 7927 8618 8065
12841 2 2 2 127 6417 8013 6350
12842 2 2 2 127 896 6859 897
12843 2 2 2 127 6272 8019 259
12844 2 2 2 127 7712 7721 7720
12845 2 2 2 127 5391 6161 1065
12846 2 2 2 127 655 8574 33
12847 2 2 2 127 7661 8315 7466
12848 2 2 2 127 6194 6811 5397
12849 2 2 2 127 5294 5919 1067
12850 2 2 2 127 7761 7763 7762
12851 2 2 2 127 7210 8949 7558
12852 2 2 2 127 5296 5975 824
12853 2 2 2 127 6413 7940 5764
12854 2 2 2 127 1568 5764 1569
12855 2 2 2 127 6713 8446 6193
12856 2 2 2 127 7562 8862 1684
12857 2 2 2 127 5705 5707 5706
12858 2 2 2 127 6949 6950 6948
12859 2 2 2 127 6300 9008 6625
12860 2 2 2 127 5895 5896 5894
12861 2 2 2 127 5295 5845 5844
12862 2 2 2 127 7533 8287 2074
12863 2 2 2 127 451 8094 6135
12864 2 2 2 127 227 8095 6136
12865 2 2 2 127 5836 5838 5837
12866 2 2 2 127 6759 8163 5874
12867 2 2 2 127 5709 5710 5707
12868 2 2 2 127 6920 7535 7534
12869 2 2 2 127 5875 5878 5877
12870 2 2 2 127 7144 8930 8776
12871 2 2 2 127 844 6129 845
12872 2 2 2 127 5818 6781 5359
12873 2 2 2 127 7116 7143 7115
12874 2 2 2 127 1100 6782 5868
12875 2 2 2 127 7142 8512 7749
12876 2 2 2 127 7426 7499 7472
12877 2 2 2 127 5614 5831 5830
12878 2 2 2 127 6260 8203 6527
12879 2 2 2 127 8081 8962 6306
12880 2 2 2 127 5854 5856 5855
12881 2 2 2 127 5473 8313 6488
12882 2 2 2 127 6193 8432 6713
12883 2 2 2 127 7831 9055 7832
12884 2 2 2 127 6107 6824 5375
12885 2 2 2 127 5404 6783 6217
12886 2 2 2 127 7513 7624 1831
12887 2 2 2 127 1342 6041 1343
12888 2 2 2 127 5661 5662 5288
12889 2 2 2 127 6046 8479 6770
12890 2 2 2 127 1945 6215 1946
12891 2 2 2 127 7078 7807 6208
12892 2 2 2 127 5833 6737 5835
12893 2 2 2 127 5832 6809 5830
12894 2 2 2 127 5344 7904 2175
12895 2 2 2 127 8060 8764 6256
12896 2 2 2 127 428 6784 6186
12897 2 2 2 127 5826 5828 5827
12898 2 2 2 127 1087 8859 7189
12899 2 2 2 127 7040 8452 7042
12900 2 2 2 127 7371 8954 8067
12901 2 2 2 127 1548 6785 5668
12902 2 2 2 127 1772 6786 5863
12903 2 2 2 127 1308 8890 1309
12904 2 2 2 127 6967 8497 7819
12905 2 2 2 127 7494 7495 7143
12906 2 2 2 127 7759 8443 7436
12907 2 2 2 127 7371 8067 7886
12908 2 2 2 127 8073 8074 7623
12909 2 2 2 127 616 6789 617
12910 2 2 2 127 392 6790 393
12911 2 2 2 127 5298 7213 1084
12912 2 2 2 127 6631 8864 1045
12913 2 2 2 127 5835 5836 5834
12914 2 2 2 127 7389 7581 7383
12915 2 2 2 127 5960 6804 6803
12916 2 2 2 127 5910 6788 5907
12917 2 2 2 127 7624 7625 7330
12918 2 2 2 127 5590 6836 5970
12919 2 2 2 127 8130 8272 7342
12920 2 2 2 127 2164 8976 5345
12921 2 2 2 127 6805 6809 5832
12922 2 2 2 127 7687 8427 7737
12923 2 2 2 127 7475 8592 7606
12924 2 2 2 127 6502 8685 6742
12925 2 2 2 127 6396 8141 5929
12926 2 2 2 127 1081 6243 5366
12927 2 2 2 127 790 8221 791
12928 2 2 2 127 1238 8220 1239
12929 2 2 2 127 5563 6823 5495
12930 2 2 2 127 7895 8373 7332
12931 2 2 2 127 5402 6827 6294
12932 2 2 2 127 5765 6791 6660
12933 2 2 2 127 7655 8222 7654
12934 2 2 2 127 1605 8883 1606
12935 2 2 2 127 6290 6826 5475
12936 2 2 2 127 5302 8762 842
12937 2 2 2 127 5970 6822 6739
12938 2 2 2 127 8143 8144 6944
12939 2 2 2 127 5292 5936 1310
12940 2 2 2 127 6788 6841 6550
12941 2 2 2 127 5827 6762 6761
12942 2 2 2 127 5891 6801 5892
12943 2 2 2 127 1309 8890 6017
12944 2 2 2 127 7653 7883 7659
12945 2 2 2 127 7303 7814 7315
12946 2 2 2 127 5911 6838 6087
12947 2 2 2 127 7781 7782 7183
12948 2 2 2 127 988 6797 5353
12949 2 2 2 127 7571 8889 7486
12950 2 2 2 127 8007 8869 7659
12951 2 2 2 127 6516 8956 5363
12952 2 2 2 127 7563 8140 7562
12953 2 2 2 127 1567 6528 5325
12954 2 2 2 127 8115 9010 6856
12955 2 2 2 127 5627 7994 7845
12956 2 2 2 127 6127 8611 6558
12957 2 2 2 127 6510 8945 5424
12958 2 2 2 127 1798 6339 1799
12959 2 2 2 127 8625 8626 7129
12960 2 2 2 127 6547 8936 5647
12961 2 2 2 127 7016 7465 7049
12962 2 2 2 127 6088 8283 6345
12963 2 2 2 127 6020 7844 6102
12964 2 2 2 127 5673 7443 5689
12965 2 2 2 127 7621 8373 8191
12966 2 2 2 127 7614 8164 7620
12967 2 2 2 127 7414 8074 7415
12968 2 2 2 127 6979 6980 6978
12969 2 2 2 127 7455 8273 8261
12970 2 2 2 127 6941 6945 6944
12971 2 2 2 127 5933 8385 6511
12972 2 2 2 127 6092 6833 6682
12973 2 2 2 127 6813 6814 601
12974 2 2 2 127 8071 8660 8070
12975 2 2 2 127 5827 7917 6762
12976 2 2 2 127 448 6799 449
12977 2 2 2 127 224 6800 225
12978 2 2 2 127 5361 6809 6805
12979 2 2 2 127 6000 8007 7883
12980 2 2 2 127 5652 6853 6373
12981 2 2 2 127 5789 8899 1779
12982 2 2 2 127 41 8076 768
12983 2 2 2 127 13 8077 320
12984 2 2 2 127 7895 8158 7442
12985 2 2 2 127 6235 6861 6073
12986 2 2 2 127 7351 7859 5866
12987 2 2 2 127 6107 6823 6822
12988 2 2 2 127 7792 7793 7518
12989 2 2 2 127 5346 8606 7597
12990 2 2 2 127 1626 6807 1627
12991 2 2 2 127 282 6806 283
12992 2 2 2 127 7846 7957 6124
12993 2 2 2 127 1567 5325 90
12994 2 2 2 127 2001 8627 7963
12995 2 2 2 127 7153 8636 7154
12996 2 2 2 127 6985 6990 6989
12997 2 2 2 127 6052 8454 6767
12998 2 2 2 127 5960 6803 6172
12999 2 2 2 127 6720 6847 6705
13000 2 2 2 127 7510 7912 7881
13001 2 2 2 127 7929 8010 7586
13002 2 2 2 127 5642 8578 8498
13003 2 2 2 127 6166 8495 8326
13004 2 2 2 127 6682 6833 5948
13005 2 2 2 127 7344 7345 7343
13006 2 2 2 127 7893 8087 7911
13007 2 2 2 127 6515 8799 5470
13008 2 2 2 127 5951 6208 6207
13009 2 2 2 127 7783 8782 7194
13010 2 2 2 127 6002 6857 6245
13011 2 2 2 127 5661 5663 5662
13012 2 2 2 127 5892 6801 5895
13013 2 2 2 127 1120 8248 6316
13014 2 2 2 127 1904 8245 6319
13015 2 2 2 127 7285 7287 7286
13016 2 2 2 127 7539 8406 7488
13017 2 2 2 127 6744 8092 5947
13018 2 2 2 127 7313 7424 5305
13019 2 2 2 127 7636 8753 7260
13020 2 2 2 127 6165 8326 6763
13021 2 2 2 127 5828 7917 5827
13022 2 2 2 127 6627 6837 5715
13023 2 2 2 127 6783 8646 6217
13024 2 2 2 127 7100 8694 7598
13025 2 2 2 127 7411 8113 7856
13026 2 2 2 127 6201 8883 1605
13027 2 2 2 127 6881 8693 6278
13028 2 2 2 127 1834 8170 1835
13029 2 2 2 127 7295 7296 7292
13030 2 2 2 127 490 8175 491
13031 2 2 2 127 266 8174 267
13032 2 2 2 127 5395 8055 6418
13033 2 2 2 127 1498 8169 1499
13034 2 2 2 127 7883 8007 7659
13035 2 2 2 127 5648 6873 6070
13036 2 2 2 127 5328 6872 5847
13037 2 2 2 127 1162 8171 1163
13038 2 2 2 127 1722 8173 1723
13039 2 2 2 127 528 6890 529
13040 2 2 2 127 5605 6874 6068
13041 2 2 2 127 6551 6810 5418
13042 2 2 2 127 7500 7861 7771
13043 2 2 2 127 5924 8500 5472
13044 2 2 2 127 6764 6766 6765
13045 2 2 2 127 6274 8075 819
13046 2 2 2 127 5492 6862 6663
13047 2 2 2 127 8131 8976 2165
13048 2 2 2 127 6198 6812 6750
13049 2 2 2 127 7955 8882 6505
13050 2 2 2 127 600 6813 601
13051 2 2 2 127 7118 7819 7120
13052 2 2 2 127 1555 5381 1556
13053 2 2 2 127 6975 6977 6976
13054 2 2 2 127 5397 6811 6227
13055 2 2 2 127 6224 6858 6801
13056 2 2 2 127 7692 8888 7457
13057 2 2 2 127 5955 8635 6520
13058 2 2 2 127 7563 8619 8585
13059 2 2 2 127 5919 7745 5921
13060 2 2 2 127 8092 8909 6344
13061 2 2 2 127 5859 6868 5860
13062 2 2 2 127 5294 5922 5920
13063 2 2 2 127 487 6815 488
13064 2 2 2 127 263 6816 264
13065 2 2 2 127 2178 8970 2177
13066 2 2 2 127 6686 8495 8226
13067 2 2 2 127 6232 8602 8308
13068 2 2 2 127 6780 8797 8294
13069 2 2 2 127 1792 6026 1793
13070 2 2 2 127 838 5377 839
13071 2 2 2 127 5915 8230 5917
13072 2 2 2 127 5429 7962 6804
13073 2 2 2 127 7181 7595 7187
13074 2 2 2 127 5439 6871 5923
13075 2 2 2 127 5424 8945 6306
13076 2 2 2 127 6868 8165 6207
13077 2 2 2 127 5846 6825 5844
13078 2 2 2 127 6863 8450 5377
13079 2 2 2 127 7213 7392 7214
13080 2 2 2 127 7674 8306 7582
13081 2 2 2 127 6656 8432 6193
13082 2 2 2 127 8261 8273 7556
13083 2 2 2 127 7552 8508 7407
13084 2 2 2 127 1610 8172 1611
13085 2 2 2 127 7760 7982 7709
13086 2 2 2 127 1103 8136 5354
13087 2 2 2 127 6686 8226 5908
13088 2 2 2 127 5948 6833 6730
13089 2 2 2 127 8556 9043 6299
13090 2 2 2 127 6184 6844 6185
13091 2 2 2 127 6056 6830 6502
13092 2 2 2 127 6509 8703 1650
13093 2 2 2 127 6224 8681 6223
13094 2 2 2 127 7934 8347 8338
13095 2 2 2 127 877 6817 878
13096 2 2 2 127 6397 8603 6536
13097 2 2 2 127 5840 6834 6748
13098 2 2 2 127 6750 6812 6080
13099 2 2 2 127 6244 8689 8219
13100 2 2 2 127 5830 6809 6754
13101 2 2 2 127 7243 7670 7444
13102 2 2 2 127 6497 8271 5870
13103 2 2 2 127 7263 7265 7264
13104 2 2 2 127 7112 7630 7629
13105 2 2 2 127 1291 6821 1292
13106 2 2 2 127 1851 6820 1852
13107 2 2 2 127 6416 6818 5913
13108 2 2 2 127 6233 8568 6888
13109 2 2 2 127 7933 8426 6091
13110 2 2 2 127 6978 8891 6976
13111 2 2 2 127 5759 8111 5492
13112 2 2 2 127 7280 8340 7278
13113 2 2 2 127 6403 9064 8069
13114 2 2 2 127 5926 6888 5740
13115 2 2 2 127 6902 7671 1214
13116 2 2 2 127 6185 6846 5413
13117 2 2 2 127 6396 8120 1444
13118 2 2 2 127 5375 6824 5974
13119 2 2 2 127 5714 6851 5371
13120 2 2 2 127 6506 8216 6028
13121 2 2 2 127 7775 8721 7355
13122 2 2 2 127 7568 7887 7687
13123 2 2 2 127 6702 6872 6055
13124 2 2 2 127 7595 8730 7187
13125 2 2 2 127 1944 9031 5317
13126 2 2 2 127 1081 5366 1082
13127 2 2 2 127 841 7772 5302
13128 2 2 2 127 6987 7013 6931
13129 2 2 2 127 5475 6826 6361
13130 2 2 2 127 7761 8624 7031
13131 2 2 2 127 5839 7879 5842
13132 2 2 2 127 6538 8283 5925
13133 2 2 2 127 5883 6794 5885
13134 2 2 2 127 7271 7272 7270
13135 2 2 2 127 5970 6836 6824
13136 2 2 2 127 7934 8338 7367
13137 2 2 2 127 6094 6827 5402
13138 2 2 2 127 6208 6768 6207
13139 2 2 2 127 5423 6831 6001
13140 2 2 2 127 6739 6822 5563
13141 2 2 2 127 7361 8159 7365
13142 2 2 2 127 6692 6889 5760
13143 2 2 2 127 6764 6765 6048
13144 2 2 2 127 8039 8154 7363
13145 2 2 2 127 6621 8189 6135
13146 2 2 2 127 6622 8190 6136
13147 2 2 2 127 7195 7196 6902
13148 2 2 2 127 6103 8353 8106
13149 2 2 2 127 8113 8473 7409
13150 2 2 2 127 6896 7151 6894
13151 2 2 2 127 7871 8518 6926
13152 2 2 2 127 5953 8545 6785
13153 2 2 2 127 5364 6833 6092
13154 2 2 2 127 6907 7649 6897
13155 2 2 2 127 5493 8233 5494
13156 2 2 2 127 7793 8225 8088
13157 2 2 2 127 7060 7062 7061
13158 2 2 2 127 1108 8795 1109
13159 2 2 2 127 6512 7939 6065
13160 2 2 2 127 7087 7985 7983
13161 2 2 2 127 6006 6849 5932
13162 2 2 2 127 7418 8781 7387
13163 2 2 2 127 7129 9027 7767
13164 2 2 2 127 5752 8505 6687
13165 2 2 2 127 5613 8161 5615
13166 2 2 2 127 6220 6835 6219
13167 2 2 2 127 6014 8103 6359
13168 2 2 2 127 6794 6795 5885
13169 2 2 2 127 7050 8642 7827
13170 2 2 2 127 6073 6836 5590
13171 2 2 2 127 6293 8099 6784
13172 2 2 2 127 6932 6933 6930
13173 2 2 2 127 5712 8028 5713
13174 2 2 2 127 5883 5884 5285
13175 2 2 2 127 7085 8065 7086
13176 2 2 2 127 5351 8430 6415
13177 2 2 2 127 6506 8935 5441
13178 2 2 2 127 7717 8510 7707
13179 2 2 2 127 8365 9057 7682
13180 2 2 2 127 7164 7923 7497
13181 2 2 2 127 5715 6837 6140
13182 2 2 2 127 2058 8732 2059
13183 2 2 2 127 7549 7920 7177
13184 2 2 2 127 7166 7731 7601
13185 2 2 2 127 5758 8078 7987
13186 2 2 2 127 7365 8907 7361
13187 2 2 2 127 6385 8920 714
13188 2 2 2 127 6383 8922 1274
13189 2 2 2 127 7850 8153 7395
13190 2 2 2 127 6379 8923 1050
13191 2 2 2 127 5968 8945 6510
13192 2 2 2 127 7010 8964 7012
13193 2 2 2 127 7014 8020 7875
13194 2 2 2 127 7535 7537 7536
13195 2 2 2 127 5912 6838 5911
13196 2 2 2 127 5703 7953 5702
13197 2 2 2 127 5773 9030 8966
13198 2 2 2 127 8498 8578 6540
13199 2 2 2 127 6312 8083 5462
13200 2 2 2 127 6381 8924 938
13201 2 2 2 127 7334 8249 7698
13202 2 2 2 127 6298 8175 490
13203 2 2 2 127 6300 8174 266
13204 2 2 2 127 6301 8169 1498
13205 2 2 2 127 6555 6877 5745
13206 2 2 2 127 6529 8796 6130
13207 2 2 2 127 1887 8896 5350
13208 2 2 2 127 5393 6842 6260
13209 2 2 2 127 5908 7978 5909
13210 2 2 2 127 5307 7009 6189
13211 2 2 2 127 6491 8425 5841
13212 2 2 2 127 8429 8433 8399
13213 2 2 2 127 6297 8170 1834
13214 2 2 2 127 7695 8629 7548
13215 2 2 2 127 33 8574 6726
13216 2 2 2 127 7514 7515 7148
13217 2 2 2 127 6326 8171 1162
13218 2 2 2 127 6325 8173 1722
13219 2 2 2 127 6519 8538 6051
13220 2 2 2 127 5951 6792 6208
13221 2 2 2 127 7718 8123 1554
13222 2 2 2 127 7398 8253 7828
13223 2 2 2 127 8123 8510 7717
13224 2 2 2 127 6748 6834 5886
13225 2 2 2 127 6620 6841 6086
13226 2 2 2 127 7493 7926 7724
13227 2 2 2 127 6652 7999 6251
13228 2 2 2 127 7976 8608 6110
13229 2 2 2 127 6939 8615 6937
13230 2 2 2 127 1312 5355 1313
13231 2 2 2 127 7405 8508 7590
13232 2 2 2 127 6833 6886 6730
13233 2 2 2 127 6633 6871 5439
13234 2 2 2 127 7670 7873 7444
13235 2 2 2 127 6945 6947 6946
13236 2 2 2 127 5883 5885 5884
13237 2 2 2 127 6022 7844 6020
13238 2 2 2 127 5838 7879 5839
13239 2 2 2 127 1942 7754 5303
13240 2 2 2 127 6965 6966 6964
13241 2 2 2 127 5421 8911 507
13242 2 2 2 127 5936 6021 5937
13243 2 2 2 127 7669 7785 7027
13244 2 2 2 127 6380 8927 826
13245 2 2 2 127 7581 8507 7580
13246 2 2 2 127 6085 8012 6419
13247 2 2 2 127 6191 6843 6192
13248 2 2 2 127 7856 8112 7411
13249 2 2 2 127 6853 8283 6088
13250 2 2 2 127 6072 8011 5691
13251 2 2 2 127 1551 8861 89
13252 2 2 2 127 2022 8933 2023
13253 2 2 2 127 5294 5920 5919
13254 2 2 2 127 6523 7971 5672
13255 2 2 2 127 6961 6963 6962
13256 2 2 2 127 5333 6342 6022
13257 2 2 2 127 5653 8614 6378
13258 2 2 2 127 5711 6265 6077
13259 2 2 2 127 7784 7871 6926
13260 2 2 2 127 8494 9034 7438
13261 2 2 2 127 7257 7634 7254
13262 2 2 2 127 7141 7142 7140
13263 2 2 2 127 8879 8944 6831
13264 2 2 2 127 2149 8735 5338
13265 2 2 2 127 6720 8401 6847
13266 2 2 2 127 6418 8055 6645
13267 2 2 2 127 769 8917 770
13268 2 2 2 127 6780 8718 5708
13269 2 2 2 127 6382 8929 1946
13270 2 2 2 127 6214 6845 5761
13271 2 2 2 127 770 8917 6105
13272 2 2 2 127 6211 8439 6556
13273 2 2 2 127 7295 8152 7297
13274 2 2 2 127 7250 7873 7357
13275 2 2 2 127 6050 8027 6375
13276 2 2 2 127 7841 8393 7575
13277 2 2 2 127 6139 8078 5380
13278 2 2 2 127 6683 8025 5645
13279 2 2 2 127 1532 8213 5991
13280 2 2 2 127 7137 7746 7745
13281 2 2 2 127 5942 8933 2022
13282 2 2 2 127 20 8784 432
13283 2 2 2 127 7837 8214 7004
13284 2 2 2 127 7793 7795 7794
13285 2 2 2 127 7157 8733 7523
13286 2 2 2 127 7112 7882 7630
13287 2 2 2 127 6553 8925 540
13288 2 2 2 127 7441 8953 5311
13289 2 2 2 127 7514 8387 7516
13290 2 2 2 127 6299 9050 8556
13291 2 2 2 127 1056 6571 1034
13292 2 2 2 127 944 6573 922
13293 2 2 2 127 1728 6568 1706
13294 2 2 2 127 496 6566 474
13295 2 2 2 127 1280 6577 1258
13296 2 2 2 127 1616 6562 1594
13297 2 2 2 127 720 6561 698
13298 2 2 2 127 384 6567 362
13299 2 2 2 127 272 6565 250
13300 2 2 2 127 160 6563 138
13301 2 2 2 127 1504 6576 1482
13302 2 2 2 127 1840 6570 1818
13303 2 2 2 127 608 6564 586
13304 2 2 2 127 832 6569 810
13305 2 2 2 127 1952 6574 1930
13306 2 2 2 127 1392 6575 1370
13307 2 2 2 127 1168 6578 1146
13308 2 2 2 127 2064 6572 2042
13309 2 2 2 127 6305 8233 5493
13310 2 2 2 127 5708 8718 6618
13311 2 2 2 127 6539 8873 6133
13312 2 2 2 127 540 8925 5351
13313 2 2 2 127 6705 6847 5753
13314 2 2 2 127 2032 6592 2122
13315 2 2 2 127 1920 6595 2010
13316 2 2 2 127 1360 6591 1450
13317 2 2 2 127 464 6579 554
13318 2 2 2 127 1136 6596 1226
13319 2 2 2 127 352 6580 442
13320 2 2 2 127 688 6581 778
13321 2 2 2 127 576 6587 666
13322 2 2 2 127 128 6586 218
13323 2 2 2 127 240 6583 330
13324 2 2 2 127 800 6582 890
13325 2 2 2 127 1024 6585 1114
13326 2 2 2 127 1696 6589 1786
13327 2 2 2 127 1808 6593 1898
13328 2 2 2 127 1248 6588 1338
13329 2 2 2 127 1472 6594 1562
13330 2 2 2 127 1584 6590 1674
13331 2 2 2 127 912 6584 1002
13332 2 2 2 127 7961 8089 6066
13333 2 2 2 127 5795 8254 5796
13334 2 2 2 127 5879 6829 6828
13335 2 2 2 127 7854 9026 7100
13336 2 2 2 127 1152 6605 1242
13337 2 2 2 127 1936 6611 2026
13338 2 2 2 127 256 6602 346
13339 2 2 2 127 144 6598 234
13340 2 2 2 127 2048 6603 2138
13341 2 2 2 127 704 6601 794
13342 2 2 2 127 368 6597 458
13343 2 2 2 127 480 6599 570
13344 2 2 2 127 592 6600 682
13345 2 2 2 127 816 6607 906
13346 2 2 2 127 1824 6610 1914
13347 2 2 2 127 1376 6609 1466
13348 2 2 2 127 928 6612 1018
13349 2 2 2 127 1040 6604 1130
13350 2 2 2 127 1488 6606 1578
13351 2 2 2 127 1600 6613 1690
13352 2 2 2 127 1264 6608 1354
13353 2 2 2 127 1712 6614 1802
13354 2 2 2 127 6328 9047 8057
13355 2 2 2 127 6822 6823 5563
13356 2 2 2 127 507 8911 6756
13357 2 2 2 127 5929 8141 5930
13358 2 2 2 127 5821 8258 5822
13359 2 2 2 127 6018 7344 6494
13360 2 2 2 127 5364 6886 6833
13361 2 2 2 127 6416 7962 6818
13362 2 2 2 127 6377 8101 5695
13363 2 2 2 127 6243 6244 5366
13364 2 2 2 127 6803 7978 6172
13365 2 2 2 127 5776 9052 6392
13366 2 2 2 127 6294 8323 5958
13367 2 2 2 127 6247 8599 6845
13368 2 2 2 127 6236 8495 8194
13369 2 2 2 127 2096 6848 2097
13370 2 2 2 127 6136 8270 228
13371 2 2 2 127 6135 8180 452
13372 2 2 2 127 7598 7854 7100
13373 2 2 2 127 5912 7978 6803
13374 2 2 2 127 7020 7118 7081
13375 2 2 2 127 6527 9061 5887
13376 2 2 2 127 7787 8138 7187
13377 2 2 2 127 6035 8163 6759
13378 2 2 2 127 7149 7150 6942
13379 2 2 2 127 1087 7189 5687
13380 2 2 2 127 6697 8768 5945
13381 2 2 2 127 6221 8545 1460
13382 2 2 2 127 6200 6852 5934
13383 2 2 2 127 8183 8395 6526
13384 2 2 2 127 6143 8223 8058
13385 2 2 2 127 672 8587 6409
13386 2 2 2 127 1008 8588 6405
13387 2 2 2 127 1232 8589 6404
13388 2 2 2 127 2016 8590 6411
13389 2 2 2 127 560 8591 6410
13390 2 2 2 127 6212 8102 5389
13391 2 2 2 127 7832 8209 7007
13392 2 2 2 127 784 8594 6407
13393 2 2 2 127 336 8595 6408
13394 2 2 2 127 5882 8314 6620
13395 2 2 2 127 1344 8597 6414
13396 2 2 2 127 2128 8598 6412
13397 2 2 2 127 5452 8092 6344
13398 2 2 2 127 8568 8968 6888
13399 2 2 2 127 6230 8104 5407
13400 2 2 2 127 7869 8421 6913
13401 2 2 2 127 8058 8223 6346
13402 2 2 2 127 5925 6853 5652
13403 2 2 2 127 75 5979 1312
13404 2 2 2 127 6308 7459 5312
13405 2 2 2 127 7883 8738 7393
13406 2 2 2 127 8513 8656 8563
13407 2 2 2 127 7876 8771 7721
13408 2 2 2 127 5654 7969 6753
13409 2 2 2 127 7757 7777 5317
13410 2 2 2 127 6245 9017 8125
13411 2 2 2 127 69 8788 1216
13412 2 2 2 127 5932 6849 5931
13413 2 2 2 127 6017 6370 6018
13414 2 2 2 127 7050 8584 6906
13415 2 2 2 127 5898 8056 5900
13416 2 2 2 127 843 5323 844
13417 2 2 2 127 7694 8906 7514
13418 2 2 2 127 7048 7855 7028
13419 2 2 2 127 7398 8413 7814
13420 2 2 2 127 5339 8903 2160
13421 2 2 2 127 5327 8177 2020
13422 2 2 2 127 8435 8651 602
13423 2 2 2 127 5722 8121 6714
13424 2 2 2 127 48 8787 880
13425 2 2 2 127 7872 8509 7312
13426 2 2 2 127 6057 8961 1287
13427 2 2 2 127 8135 8354 6257
13428 2 2 2 127 5819 8366 6056
13429 2 2 2 127 1287 8961 5412
13430 2 2 2 127 5655 7970 6760
13431 2 2 2 127 1463 6881 6278
13432 2 2 2 127 5784 8197 5786
13433 2 2 2 127 7034 7891 7000
13434 2 2 2 127 6313 8578 6258
13435 2 2 2 127 6012 8366 5819
13436 2 2 2 127 7860 8230 6129
13437 2 2 2 127 5618 8136 5681
13438 2 2 2 127 6545 8861 5352
13439 2 2 2 127 6824 6836 5974
13440 2 2 2 127 7056 7057 7055
13441 2 2 2 127 7380 8066 7379
13442 2 2 2 127 5687 8082 6782
13443 2 2 2 127 7713 7877 7876
13444 2 2 2 127 5632 8062 6558
13445 2 2 2 127 7045 7837 7004
13446 2 2 2 127 749 8752 6216
13447 2 2 2 127 2173 8091 5342
13448 2 2 2 127 6912 7573 6914
13449 2 2 2 127 7183 7782 7185
13450 2 2 2 127 5615 6769 5614
13451 2 2 2 127 5303 9031 1943
13452 2 2 2 127 7287 7289 7288
13453 2 2 2 127 7154 8636 7155
13454 2 2 2 127 5314 8178 636
13455 2 2 2 127 1568 8604 6413
13456 2 2 2 127 7378 7379 7372
13457 2 2 2 127 7227 7229 7228
13458 2 2 2 127 6239 6857 6002
13459 2 2 2 127 617 8084 618
13460 2 2 2 127 393 8085 394
13461 2 2 2 127 7455 8261 7453
13462 2 2 2 127 2147 7866 2146
13463 2 2 2 127 6947 6949 6948
13464 2 2 2 127 193 8128 194
13465 2 2 2 127 7410 7511 7412
13466 2 2 2 127 1884 8360 6328
13467 2 2 2 127 7386 8914 7727
13468 2 2 2 127 7225 7227 7226
13469 2 2 2 127 5313 7248 6111
13470 2 2 2 127 5651 8608 7976
13471 2 2 2 127 7814 8253 7398
13472 2 2 2 127 7955 7988 39
13473 2 2 2 127 6879 8724 6880
13474 2 2 2 127 7021 7082 6998
13475 2 2 2 127 6126 7441 5311
13476 2 2 2 127 6183 8896 1887
13477 2 2 2 127 5927 8196 6395
13478 2 2 2 127 7956 8450 6864
13479 2 2 2 127 7709 7711 7710
13480 2 2 2 127 7625 8503 8286
13481 2 2 2 127 6306 8962 1774
13482 2 2 2 127 7465 8790 7805
13483 2 2 2 127 7863 8217 7491
13484 2 2 2 127 7038 7040 7039
13485 2 2 2 127 1422 8198 5369
13486 2 2 2 127 6017 6018 5292
13487 2 2 2 127 5331 8193 1402
13488 2 2 2 127 6917 8168 7123
13489 2 2 2 127 5596 8211 5598
13490 2 2 2 127 5729 8201 6501
13491 2 2 2 127 1774 8962 1775
13492 2 2 2 127 5416 6861 5716
13493 2 2 2 127 8264 8265 7579
13494 2 2 2 127 1982 8201 5374
13495 2 2 2 127 2175 7904 2174
13496 2 2 2 127 2176 8096 5344
13497 2 2 2 127 7808 8593 7807
13498 2 2 2 127 7825 9063 7237
13499 2 2 2 127 166 8021 167
13500 2 2 2 127 7795 7797 7796
13501 2 2 2 127 6497 8384 8271
13502 2 2 2 127 7279 7280 7278
13503 2 2 2 127 6280 8933 6530
13504 2 2 2 127 5871 8224 5870
13505 2 2 2 127 5633 8570 6123
13506 2 2 2 127 7317 8445 7662
13507 2 2 2 127 5658 8784 20
13508 2 2 2 127 505 8972 506
13509 2 2 2 127 7063 7679 7095
13510 2 2 2 127 7015 7132 7071
13511 2 2 2 127 8090 8709 1538
13512 2 2 2 127 1792 8613 6406
13513 2 2 2 127 6903 7928 5289
13514 2 2 2 127 6247 8972 505
13515 2 2 2 127 6663 6862 5721
13516 2 2 2 127 7251 7252 7241
13517 2 2 2 127 89 8861 5661
13518 2 2 2 127 5574 8289 6665
13519 2 2 2 127 6825 8981 5401
13520 2 2 2 127 1944 5317 1945
13521 2 2 2 127 7566 7567 7359
13522 2 2 2 127 6063 8361 6335
13523 2 2 2 127 6102 8404 1326
13524 2 2 2 127 7827 8740 8583
13525 2 2 2 127 7336 7852 7340
13526 2 2 2 127 5707 6779 5708
13527 2 2 2 127 7785 8365 7128
13528 2 2 2 127 7643 8044 7570
13529 2 2 2 127 5921 8476 1068
13530 2 2 2 127 1793 5318 1794
13531 2 2 2 127 2150 8735 2149
13532 2 2 2 127 613 8651 6531
13533 2 2 2 127 389 8652 6532
13534 2 2 2 127 5840 8425 6834
13535 2 2 2 127 1397 8653 6513
13536 2 2 2 127 6141 6868 5859
13537 2 2 2 127 5435 8145 6402
13538 2 2 2 127 1324 5333 1325
13539 2 2 2 127 5434 8146 6401
13540 2 2 2 127 6647 8308 5357
13541 2 2 2 127 8626 9027 7129
13542 2 2 2 127 2076 8937 2077
13543 2 2 2 127 6213 8334 5657
13544 2 2 2 127 127 8133 5343
13545 2 2 2 127 7734 7948 7253
13546 2 2 2 127 6834 8425 6240
13547 2 2 2 127 1740 8940 1741
13548 2 2 2 127 5776 8937 2076
13549 2 2 2 127 7621 8191 7051
13550 2 2 2 127 7987 8086 5582
13551 2 2 2 127 5341 8131 2166
13552 2 2 2 127 620 8943 621
13553 2 2 2 127 6976 8891 7396
13554 2 2 2 127 1964 8941 1965
13555 2 2 2 127 1404 8942 1405
13556 2 2 2 127 6059 8369 6061
13557 2 2 2 127 5414 8216 6074
13558 2 2 2 127 7722 7723 7346
13559 2 2 2 127 7831 7832 7007
13560 2 2 2 127 7305 7814 7303
13561 2 2 2 127 7297 7298 7296
13562 2 2 2 127 7805 8185 7804
13563 2 2 2 127 6799 8773 449
13564 2 2 2 127 6800 8774 225
13565 2 2 2 127 1492 6875 1493
13566 2 2 2 127 5649 6873 5648
13567 2 2 2 127 5829 8940 1740
13568 2 2 2 127 6364 6872 5328
13569 2 2 2 127 7749 8512 8474
13570 2 2 2 127 6334 8876 6510
13571 2 2 2 127 5848 8943 620
13572 2 2 2 127 1180 8950 1181
13573 2 2 2 127 1329 8218 5393
13574 2 2 2 127 1327 5299 75
13575 2 2 2 127 1757 8186 6289
13576 2 2 2 127 5576 8401 6672
13577 2 2 2 127 5606 6874 5605
13578 2 2 2 127 8576 8912 8351
13579 2 2 2 127 301 8195 6288
13580 2 2 2 127 5792 8941 1964
13581 2 2 2 127 5793 8942 1404
13582 2 2 2 127 1454 7162 1455
13583 2 2 2 127 396 8957 397
13584 2 2 2 127 6638 6882 6507
13585 2 2 2 127 8118 8860 7645
13586 2 2 2 127 5904 8326 6686
13587 2 2 2 127 7556 8785 8261
13588 2 2 2 127 523 8773 6799
13589 2 2 2 127 747 8774 6800
13590 2 2 2 127 2171 6892 2170
13591 2 2 2 127 7247 7360 7245
13592 2 2 2 127 5738 8386 5736
13593 2 2 2 127 6647 8449 5731
13594 2 2 2 127 5478 8959 6522
13595 2 2 2 127 5614 6769 5831
13596 2 2 2 127 7966 8402 5764
13597 2 2 2 127 377 6878 378
13598 2 2 2 127 5627 7313 5305
13599 2 2 2 127 5609 8788 69
13600 2 2 2 127 5809 8396 5808
13601 2 2 2 127 5340 8592 8150
13602 2 2 2 127 6041 6879 6222
13603 2 2 2 127 5861 8950 1180
13604 2 2 2 127 6687 8505 6212
13605 2 2 2 127 5592 8787 48
13606 2 2 2 127 6627 8036 6072
13607 2 2 2 127 7396 7851 7850
13608 2 2 2 127 5298 8786 7393
13609 2 2 2 127 6618 7953 5706
13610 2 2 2 127 5925 8297 6538
13611 2 2 2 127 1066 8293 5294
13612 2 2 2 127 6171 8428 6117
13613 2 2 2 127 7391 8282 7319
13614 2 2 2 127 5941 8957 396
13615 2 2 2 127 5573 8382 5541
13616 2 2 2 127 5864 8034 5459
13617 2 2 2 127 8440 9013 8153
13618 2 2 2 127 5666 8944 5665
13619 2 2 2 127 6234 7937 5461
13620 2 2 2 127 5419 8419 6378
13621 2 2 2 127 5762 8599 6652
13622 2 2 2 127 5745 6877 5742
13623 2 2 2 127 5575 8380 6214
13624 2 2 2 127 6993 7669 6991
13625 2 2 2 127 1085 7213 7065
13626 2 2 2 127 1461 7935 1462
13627 2 2 2 127 5705 8203 5709
13628 2 2 2 127 5872 8967 5874
13629 2 2 2 127 5991 6881 6755
13630 2 2 2 127 6982 8157 6980
13631 2 2 2 127 7516 7517 7515
13632 2 2 2 127 6847 8401 6239
13633 2 2 2 127 763 7988 7955
13634 2 2 2 127 5711 6077 5710
13635 2 2 2 127 7374 8881 7376
13636 2 2 2 127 6029 6876 6199
13637 2 2 2 127 7713 8462 7878
13638 2 2 2 127 7231 7857 7229
13639 2 2 2 127 8033 8413 7397
13640 2 2 2 127 6934 6935 6933
13641 2 2 2 127 6846 8018 6397
13642 2 2 2 127 5831 6019 5832
13643 2 2 2 127 5862 8035 5460
13644 2 2 2 127 7132 7858 7134
13645 2 2 2 127 5807 8446 5809
13646 2 2 2 127 5710 6779 5707
13647 2 2 2 127 6980 8157 7002
13648 2 2 2 127 5815 8288 6079
13649 2 2 2 127 7724 7964 7493
13650 2 2 2 127 5342 8264 2172
13651 2 2 2 127 6656 8717 6160
13652 2 2 2 127 6991 7669 7027
13653 2 2 2 127 7711 7715 7714
13654 2 2 2 127 5638 8434 5642
13655 2 2 2 127 7608 8393 7841
13656 2 2 2 127 5731 8449 5728
13657 2 2 2 127 6166 8326 6165
13658 2 2 2 127 6616 8955 6414
13659 2 2 2 127 6264 8419 5419
13660 2 2 2 127 5980 5986 5979
13661 2 2 2 127 6620 8572 5882
13662 2 2 2 127 5861 8277 6403
13663 2 2 2 127 7088 7089 7044
13664 2 2 2 127 1797 5310 1798
13665 2 2 2 127 7538 7678 7537
13666 2 2 2 127 7122 8151 7639
13667 2 2 2 127 2145 7829 2144
13668 2 2 2 127 6715 8408 5993
13669 2 2 2 127 7010 7011 6996
13670 2 2 2 127 6234 8765 6513
13671 2 2 2 127 7168 8268 7553
13672 2 2 2 127 708 9009 709
13673 2 2 2 127 8075 8892 819
13674 2 2 2 127 6034 8691 8575
13675 2 2 2 127 6635 8179 6191
13676 2 2 2 127 7064 7679 7063
13677 2 2 2 127 6931 7869 6927
13678 2 2 2 127 1645 8984 1646
13679 2 2 2 127 7118 7120 7119
13680 2 2 2 127 901 6884 902
13681 2 2 2 127 7817 7818 7151
13682 2 2 2 127 6911 6915 6909
13683 2 2 2 127 7114 7116 7115
13684 2 2 2 127 1157 8993 1158
13685 2 2 2 127 5881 8984 1645
13686 2 2 2 127 7857 8913 7670
13687 2 2 2 127 2148 7838 2147
13688 2 2 2 127 5594 8796 5596
13689 2 2 2 127 6109 8227 6256
13690 2 2 2 127 5789 8183 6526
13691 2 2 2 127 5731 8756 6647
13692 2 2 2 127 6977 6979 6978
13693 2 2 2 127 374 8999 375
13694 2 2 2 127 7816 8166 5341
13695 2 2 2 127 7488 7571 7486
13696 2 2 2 127 6811 8959 5993
13697 2 2 2 127 5874 8967 6759
13698 2 2 2 127 1462 7935 6755
13699 2 2 2 127 6029 6886 6876
13700 2 2 2 127 7631 7864 7121
13701 2 2 2 127 709 9009 5997
13702 2 2 2 127 634 8986 635
13703 2 2 2 127 5756 8453 5757
13704 2 2 2 127 5940 8993 1157
13705 2 2 2 127 2161 8234 5339
13706 2 2 2 127 1400 8998 1401
13707 2 2 2 127 7144 8546 7672
13708 2 2 2 127 7986 7987 5582
13709 2 2 2 127 5405 9001 1350
13710 2 2 2 127 7246 8400 7250
13711 2 2 2 127 6342 7725 6022
13712 2 2 2 127 5736 8603 5734
13713 2 2 2 127 7434 7813 7436
13714 2 2 2 127 6782 7198 5868
13715 2 2 2 127 635 8986 5869
13716 2 2 2 127 6957 8600 7632
13717 2 2 2 127 5780 9052 5777
13718 2 2 2 127 6490 8455 6206
13719 2 2 2 127 7130 7131 7125
13720 2 2 2 127 6918 6925 6924
13721 2 2 2 127 1398 6887 1399
13722 2 2 2 127 5969 8999 374
13723 2 2 2 127 8723 9048 6880
13724 2 2 2 127 1215 7394 68
13725 2 2 2 127 969 7783 7781
13726 2 2 2 127 860 9004 5833
13727 2 2 2 127 5647 8936 5644
13728 2 2 2 127 859 9004 860
13729 2 2 2 127 1401 8998 5960
13730 2 2 2 127 599 9012 600
13731 2 2 2 127 7356 8154 7779
13732 2 2 2 127 6261 9000 526
13733 2 2 2 127 6513 8765 1398
13734 2 2 2 127 1439 8953 7440
13735 2 2 2 127 6195 8992 1644
13736 2 2 2 127 526 9000 5385
13737 2 2 2 127 5603 8685 5606
13738 2 2 2 127 1350 9001 6241
13739 2 2 2 127 1644 8992 5329
13740 2 2 2 127 6507 8216 6506
13741 2 2 2 127 7655 8549 8222
13742 2 2 2 127 7440 8632 7908
13743 2 2 2 127 5966 9012 599
13744 2 2 2 127 5945 8768 5476
13745 2 2 2 127 5733 8756 5731
13746 2 2 2 127 6375 8236 6745
13747 2 2 2 127 7736 8780 7397
13748 2 2 2 127 7265 7267 7266
13749 2 2 2 127 1511 9016 1512
13750 2 2 2 127 7283 8181 7693
13751 2 2 2 127 279 9018 280
13752 2 2 2 127 6544 8461 5455
13753 2 2 2 127 5740 6888 5744
13754 2 2 2 127 6065 9003 373
13755 2 2 2 127 5611 8873 5613
13756 2 2 2 127 5877 8985 6712
13757 2 2 2 127 8550 9001 6165
13758 2 2 2 127 6055 9051 6704
13759 2 2 2 127 5965 9016 1511
13760 2 2 2 127 7838 8132 7206
13761 2 2 2 127 1218 7961 6821
13762 2 2 2 127 7512 8625 7643
13763 2 2 2 127 6030 8911 6422
13764 2 2 2 127 5693 8211 6808
13765 2 2 2 127 5963 9018 279
13766 2 2 2 127 2002 7963 6820
13767 2 2 2 127 6680 8196 5573
13768 2 2 2 127 2111 8934 5748
13769 2 2 2 127 6345 8635 5383
13770 2 2 2 127 6120 8658 6264
13771 2 2 2 127 7118 7898 7819
13772 2 2 2 127 5480 8896 6706
13773 2 2 2 127 7785 8364 7027
13774 2 2 2 127 5345 8389 7730
13775 2 2 2 127 6898 7050 6906
13776 2 2 2 127 373 9003 5306
13777 2 2 2 127 6430 8658 6120
13778 2 2 2 127 541 8997 542
13779 2 2 2 127 6236 8194 8193
13780 2 2 2 127 5479 8959 5478
13781 2 2 2 127 1777 9049 1778
13782 2 2 2 127 977 7969 978
13783 2 2 2 127 1761 7970 1762
13784 2 2 2 127 6742 8685 5601
13785 2 2 2 127 7697 7985 7056
13786 2 2 2 127 8144 8615 6939
13787 2 2 2 127 1089 7973 1090
13788 2 2 2 127 1873 7975 1874
13789 2 2 2 127 5913 8997 541
13790 2 2 2 127 5417 9042 341
13791 2 2 2 127 7036 7037 7025
13792 2 2 2 127 529 7977 530
13793 2 2 2 127 1831 7624 1832
13794 2 2 2 127 417 7979 418
13795 2 2 2 127 6730 6886 6029
13796 2 2 2 127 1737 8041 6110
13797 2 2 2 127 487 6866 6815
13798 2 2 2 127 263 6867 6816
13799 2 2 2 127 5944 8938 8321
13800 2 2 2 127 1985 7981 1986
13801 2 2 2 127 1571 9005 1572
13802 2 2 2 127 5842 7202 6027
13803 2 2 2 127 2155 8468 5340
13804 2 2 2 127 6770 8731 6046
13805 2 2 2 127 1177 8042 6114
13806 2 2 2 127 6047 8616 8281
13807 2 2 2 127 1778 9049 5883
13808 2 2 2 127 2023 8933 6280
13809 2 2 2 127 7062 7064 7063
13810 2 2 2 127 6489 6890 6042
13811 2 2 2 127 1960 9059 1961
13812 2 2 2 127 7068 7069 7057
13813 2 2 2 127 2158 8606 5346
13814 2 2 2 127 2019 8996 5765
13815 2 2 2 127 2018 8996 2019
13816 2 2 2 127 5844 9005 1571
13817 2 2 2 127 7163 7923 7164
13818 2 2 2 127 957 8782 8481
13819 2 2 2 127 767 8952 5694
13820 2 2 2 127 5690 6864 6863
13821 2 2 2 127 7536 8287 7533
13822 2 2 2 127 6004 7930 6008
13823 2 2 2 127 6951 6952 6950
13824 2 2 2 127 1520 8676 1546
13825 2 2 2 127 1744 8667 1770
13826 2 2 2 127 1184 8675 1210
13827 2 2 2 127 288 8669 314
13828 2 2 2 127 1408 8674 1434
13829 2 2 2 127 2080 8666 2106
13830 2 2 2 127 400 8661 426
13831 2 2 2 127 1072 8671 1098
13832 2 2 2 127 624 8670 650
13833 2 2 2 127 1856 8673 1882
13834 2 2 2 127 176 8664 202
13835 2 2 2 127 1968 8665 1994
13836 2 2 2 127 960 8663 986
13837 2 2 2 127 7855 8964 7010
13838 2 2 2 127 7299 8152 7295
13839 2 2 2 127 6233 8301 5388
13840 2 2 2 127 7132 7134 7133
13841 2 2 2 127 6146 7839 7312
13842 2 2 2 127 6531 8435 6155
13843 2 2 2 127 659 7993 6038
13844 2 2 2 127 6556 8439 5580
13845 2 2 2 127 6756 8911 6030
13846 2 2 2 127 1344 7932 1345
13847 2 2 2 127 7078 7809 7808
13848 2 2 2 127 2128 7933 2129
13849 2 2 2 127 2097 7996 2098
13850 2 2 2 127 7116 7494 7143
13851 2 2 2 127 7836 8987 7032
13852 2 2 2 127 7160 8040 7728
13853 2 2 2 127 1089 7974 7973
13854 2 2 2 127 6491 8947 6116
13855 2 2 2 127 7030 7092 7091
13856 2 2 2 127 7120 7146 7145
13857 2 2 2 127 7504 8009 7877
13858 2 2 2 127 7812 8237 7101
13859 2 2 2 127 6801 6858 5895
13860 2 2 2 127 2110 8934 2111
13861 2 2 2 127 7044 8020 7014
13862 2 2 2 127 7838 7866 2147
13863 2 2 2 127 1961 9059 5951
13864 2 2 2 127 1873 7976 7975
13865 2 2 2 127 7884 8918 8067
13866 2 2 2 127 7003 7889 7030
13867 2 2 2 127 7763 7764 7762
13868 2 2 2 127 6968 6969 6966
13869 2 2 2 127 341 9042 6237
13870 2 2 2 127 616 8758 6789
13871 2 2 2 127 392 8759 6790
13872 2 2 2 127 707 8909 6108
13873 2 2 2 127 1155 8908 6109
13874 2 2 2 127 7349 7544 7543
13875 2 2 2 127 6125 9000 8068
13876 2 2 2 127 5624 9064 6198
13877 2 2 2 127 7160 7728 7161
13878 2 2 2 127 932 7959 6817
13879 2 2 2 127 7585 7695 7677
13880 2 2 2 127 6683 8498 8025
13881 2 2 2 127 7248 8266 6111
13882 2 2 2 127 5366 6000 1082
13883 2 2 2 127 2000 7942 5718
13884 2 2 2 127 6058 8935 6028
13885 2 2 2 127 1083 5298 1084
13886 2 2 2 127 841 5302 842
13887 2 2 2 127 1212 7195 1213
13888 2 2 2 127 1795 5300 1796
13889 2 2 2 127 6099 8224 6712
13890 2 2 2 127 1942 5303 1943
13891 2 2 2 127 6548 8574 655
13892 2 2 2 127 766 8952 767
13893 2 2 2 127 5974 8241 6557
13894 2 2 2 127 7705 7706 7704
13895 2 2 2 127 6374 8960 2093
13896 2 2 2 127 7199 8381 7551
13897 2 2 2 127 5309 9056 208
13898 2 2 2 127 6546 8655 5928
13899 2 2 2 127 6108 8909 8092
13900 2 2 2 127 1552 5301 1553
13901 2 2 2 127 6963 6965 6964
13902 2 2 2 127 6789 8758 783
13903 2 2 2 127 6790 8759 335
13904 2 2 2 127 1313 8016 1314
13905 2 2 2 127 1236 8026 1237
13906 2 2 2 127 6936 6937 6935
13907 2 2 2 127 7092 7596 7117
13908 2 2 2 127 7707 7708 7706
13909 2 2 2 127 5700 9054 6638
13910 2 2 2 127 5971 8278 5973
13911 2 2 2 127 7814 8413 7315
13912 2 2 2 127 7136 7758 7647
13913 2 2 2 127 7306 8388 7696
13914 2 2 2 127 7733 8971 7458
13915 2 2 2 127 6969 7875 6971
13916 2 2 2 127 7881 7912 7365
13917 2 2 2 127 7244 9002 7934
13918 2 2 2 127 5321 7330 6253
13919 2 2 2 127 5338 8734 8132
13920 2 2 2 127 1680 7212 1681
13921 2 2 2 127 5298 7392 7213
13922 2 2 2 127 559 9054 27
13923 2 2 2 127 7103 8695 7919
13924 2 2 2 127 7077 7473 7022
13925 2 2 2 127 7304 7305 7303
13926 2 2 2 127 7392 7791 7214
13927 2 2 2 127 7134 7160 7135
13928 2 2 2 127 7597 7822 7117
13929 2 2 2 127 7506 8376 7903
13930 2 2 2 127 7052 8452 7040
13931 2 2 2 127 6123 8760 5415
13932 2 2 2 127 5681 7023 5620
13933 2 2 2 127 7703 7704 7702
13934 2 2 2 127 5689 8543 6528
13935 2 2 2 127 6786 8969 5863
13936 2 2 2 127 5440 8374 6558
13937 2 2 2 127 7178 8742 7607
13938 2 2 2 127 880 8787 6039
13939 2 2 2 127 5706 7953 5703
13940 2 2 2 127 6624 8934 5418
13941 2 2 2 127 6530 7329 5409
13942 2 2 2 127 6042 9062 1384
13943 2 2 2 127 1384 9062 6176
13944 2 2 2 127 8725 9048 8723
13945 2 2 2 127 6267 8946 6548
13946 2 2 2 127 2071 7663 6920
13947 2 2 2 127 7256 7257 7254
13948 2 2 2 127 6519 8345 6231
13949 2 2 2 127 6737 7053 5835
13950 2 2 2 127 1216 8788 6354
13951 2 2 2 127 7516 8387 7792
13952 2 2 2 127 8205 8969 6786
13953 2 2 2 127 7927 8065 7864
13954 2 2 2 127 5987 7960 6810
13955 2 2 2 127 6829 8660 8071
13956 2 2 2 127 7797 7927 7798
13957 2 2 2 127 6515 8335 6228
13958 2 2 2 127 7085 7086 7034
13959 2 2 2 127 5665 8944 6248
13960 2 2 2 127 5386 8232 1122
13961 2 2 2 127 7086 7891 7034
13962 2 2 2 127 5912 8000 6838
13963 2 2 2 127 7340 7342 7341
13964 2 2 2 127 1199 7201 7197
13965 2 2 2 127 209 9056 6107
13966 2 2 2 127 7855 8053 7423
13967 2 2 2 127 5899 8939 5387
13968 2 2 2 127 6060 7994 5628
13969 2 2 2 127 208 9056 209
13970 2 2 2 127 8088 8225 6953
13971 2 2 2 127 7449 7811 7033
13972 2 2 2 127 7401 7788 7328
13973 2 2 2 127 6359 8455 5422
13974 2 2 2 127 6202 8054 6169
13975 2 2 2 127 7064 7835 7679
13976 2 2 2 127 7396 7897 7851
13977 2 2 2 127 6048 8749 6431
13978 2 2 2 127 7267 7269 7268
13979 2 2 2 127 1195 7461 1196
13980 2 2 2 127 7485 7486 7481
13981 2 2 2 127 2174 8091 2173
13982 2 2 2 127 7797 8618 7927
13983 2 2 2 127 931 7959 932
13984 2 2 2 127 6964 8901 8156
13985 2 2 2 127 1217 7961 1218
13986 2 2 2 127 8231 8403 6093
13987 2 2 2 127 2001 7963 2002
13988 2 2 2 127 5936 6494 6021
13989 2 2 2 127 6425 8467 546
13990 2 2 2 127 7845 7994 7872
13991 2 2 2 127 6292 8570 5633
13992 2 2 2 127 6637 8951 1609
13993 2 2 2 127 7460 8376 7322
13994 2 2 2 127 5529 8371 6773
13995 2 2 2 127 6634 7960 5987
13996 2 2 2 127 7681 8518 7871
13997 2 2 2 127 7692 8645 7176
13998 2 2 2 127 5999 9054 559
13999 2 2 2 127 2160 8903 2159
14000 2 2 2 127 6990 6993 6991
14001 2 2 2 127 7215 8859 7065
14002 2 2 2 127 7531 8307 8006
14003 2 2 2 127 7121 8065 7085
14004 2 2 2 127 2172 8264 2171
14005 2 2 2 127 6027 8322 5843
14006 2 2 2 127 1270 8279 5456
14007 2 2 2 127 788 8043 789
14008 2 2 2 127 6266 8925 6553
14009 2 2 2 127 5937 8457 1311
14010 2 2 2 127 1175 7945 1176
14011 2 2 2 127 1735 7946 1736
14012 2 2 2 127 7523 7526 7157
14013 2 2 2 127 432 8784 5363
14014 2 2 2 127 5362 8432 6160
14015 2 2 2 127 7492 7928 6903
14016 2 2 2 127 7098 7599 7067
14017 2 2 2 127 7194 8782 956
14018 2 2 2 127 5681 7165 7023
14019 2 2 2 127 7864 7904 5344
14020 2 2 2 127 7444 7873 7555
14021 2 2 2 127 1908 7428 6972
14022 2 2 2 127 7891 7911 7000
14023 2 2 2 127 6028 8935 6506
14024 2 2 2 127 6335 8981 6825
14025 2 2 2 127 2177 8096 2176
14026 2 2 2 127 5909 7978 5912
14027 2 2 2 127 5342 8265 8264
14028 2 2 2 127 1455 7149 83
14029 2 2 2 127 7701 7702 7700
14030 2 2 2 127 2144 8133 127
14031 2 2 2 127 8632 8953 7441
14032 2 2 2 127 7987 8291 5758
14033 2 2 2 127 1775 8962 6083
14034 2 2 2 127 7340 8129 7342
14035 2 2 2 127 5401 8981 6113
14036 2 2 2 127 7793 7794 7518
14037 2 2 2 127 1176 7945 6741
14038 2 2 2 127 1736 7946 6740
14039 2 2 2 127 7903 8376 7460
14040 2 2 2 127 7072 7079 7069
14041 2 2 2 127 7906 8324 7138
14042 2 2 2 127 7692 8573 5876
14043 2 2 2 127 5814 8565 6262
14044 2 2 2 127 2166 8131 2165
14045 2 2 2 127 5288 8093 5673
14046 2 2 2 127 7512 7643 7570
14047 2 2 2 127 7986 8291 7987
14048 2 2 2 127 7113 7200 7082
14049 2 2 2 127 970 6905 971
14050 2 2 2 127 7030 7045 7004
14051 2 2 2 127 6781 8025 6076
14052 2 2 2 127 6714 7986 5582
14053 2 2 2 127 6038 7993 6807
14054 2 2 2 127 5759 8586 8111
14055 2 2 2 127 1667 7033 1668
14056 2 2 2 127 8106 8107 5928
14057 2 2 2 127 5415 8760 6171
14058 2 2 2 127 7344 7346 7345
14059 2 2 2 127 6779 6780 5708
14060 2 2 2 127 6371 8858 6372
14061 2 2 2 127 7901 7902 7900
14062 2 2 2 127 1995 8665 8327
14063 2 2 2 127 2156 8468 2155
14064 2 2 2 127 7205 7980 7812
14065 2 2 2 127 6785 8682 5668
14066 2 2 2 127 7234 7236 7235
14067 2 2 2 127 5836 6923 5838
14068 2 2 2 127 7627 7759 7744
14069 2 2 2 127 5352 8655 6546
14070 2 2 2 127 6315 8895 1331
14071 2 2 2 127 5455 8461 6634
14072 2 2 2 127 8015 8231 6093
14073 2 2 2 127 6548 8946 8574
14074 2 2 2 127 7699 7700 7698
14075 2 2 2 127 7518 7916 7517
14076 2 2 2 127 7336 7340 7338
14077 2 2 2 127 7619 7672 7617
14078 2 2 2 127 7306 7696 7501
14079 2 2 2 127 5296 7972 7525
14080 2 2 2 127 7281 7282 7280
14081 2 2 2 127 7124 8357 7107
14082 2 2 2 127 6749 8145 5435
14083 2 2 2 127 7300 8761 7910
14084 2 2 2 127 8009 8620 8047
14085 2 2 2 127 8744 8916 7139
14086 2 2 2 127 7091 7114 7045
14087 2 2 2 127 2055 7684 6919
14088 2 2 2 127 7737 8052 7688
14089 2 2 2 127 6007 7174 6089
14090 2 2 2 127 7205 7812 7508
14091 2 2 2 127 5914 8568 6233
14092 2 2 2 127 7030 7889 7092
14093 2 2 2 127 6987 8349 7013
14094 2 2 2 127 7080 7126 7079
14095 2 2 2 127 2162 8234 2161
14096 2 2 2 127 7767 8692 7129
14097 2 2 2 127 6010 8566 5442
14098 2 2 2 127 7579 8740 7827
14099 2 2 2 127 7522 8562 7773
14100 2 2 2 127 1680 7874 7212
14101 2 2 2 127 8285 8286 7399
14102 2 2 2 127 2159 8606 2158
14103 2 2 2 127 6918 8518 6925
14104 2 2 2 127 5338 8132 7838
14105 2 2 2 127 5570 7998 6664
14106 2 2 2 127 6938 6939 6937
14107 2 2 2 127 7893 8088 6953
14108 2 2 2 127 6528 7173 5325
14109 2 2 2 127 6251 7999 6250
14110 2 2 2 127 7018 8695 7103
14111 2 2 2 127 7101 8237 7017
14112 2 2 2 127 7735 8539 8038
14113 2 2 2 127 7258 7259 7257
14114 2 2 2 127 5852 8051 5319
14115 2 2 2 127 1560 8850 6485
14116 2 2 2 127 1448 8844 6470
14117 2 2 2 127 1672 8854 6486
14118 2 2 2 127 1112 8846 6480
14119 2 2 2 127 1896 8851 6482
14120 2 2 2 127 2120 8849 6478
14121 2 2 2 127 1000 8857 6487
14122 2 2 2 127 888 8847 6476
14123 2 2 2 127 2008 8848 6471
14124 2 2 2 127 1336 8853 6481
14125 2 2 2 127 664 8843 6474
14126 2 2 2 127 328 8841 6477
14127 2 2 2 127 216 8845 6475
14128 2 2 2 127 1224 8856 6484
14129 2 2 2 127 552 8840 6473
14130 2 2 2 127 776 8852 6483
14131 2 2 2 127 440 8842 6472
14132 2 2 2 127 1784 8855 6479
14133 2 2 2 127 1096 8825 6456
14134 2 2 2 127 648 8824 6458
14135 2 2 2 127 984 8830 6459
14136 2 2 2 127 1656 8833 6464
14137 2 2 2 127 1544 8835 6467
14138 2 2 2 127 872 8828 6468
14139 2 2 2 127 200 8823 6454
14140 2 2 2 127 312 8822 6455
14141 2 2 2 127 1880 8829 6465
14142 2 2 2 127 424 8821 6452
14143 2 2 2 127 760 8826 6453
14144 2 2 2 127 1208 8837 6469
14145 2 2 2 127 536 8827 6457
14146 2 2 2 127 1432 8832 6466
14147 2 2 2 127 2104 8831 6461
14148 2 2 2 127 1320 8836 6460
14149 2 2 2 127 1992 8834 6462
14150 2 2 2 127 1768 8838 6463
14151 2 2 2 127 7688 7759 7627
14152 2 2 2 127 6378 8614 6195
14153 2 2 2 127 8061 8383 6290
14154 2 2 2 127 7892 7893 7891
14155 2 2 2 127 2112 8117 5364
14156 2 2 2 127 6886 8117 6876
14157 2 2 2 127 6391 8139 6201
14158 2 2 2 127 6194 8772 6522
14159 2 2 2 127 6122 8609 6425
14160 2 2 2 127 8341 8393 7608
14161 2 2 2 127 1704 8812 6447
14162 2 2 2 127 1368 8808 6446
14163 2 2 2 127 1256 8807 6441
14164 2 2 2 127 1816 8809 6445
14165 2 2 2 127 136 8801 6435
14166 2 2 2 127 584 8802 6440
14167 2 2 2 127 472 8805 6437
14168 2 2 2 127 360 8806 6434
14169 2 2 2 127 696 8804 6439
14170 2 2 2 127 1144 8816 6451
14171 2 2 2 127 1592 8811 6450
14172 2 2 2 127 248 8803 6436
14173 2 2 2 127 920 8814 6444
14174 2 2 2 127 2040 8813 6443
14175 2 2 2 127 1480 8815 6449
14176 2 2 2 127 808 8810 6442
14177 2 2 2 127 1032 8818 6448
14178 2 2 2 127 1928 8817 6438
14179 2 2 2 127 6438 8817 1950
14180 2 2 2 127 6444 8814 942
14181 2 2 2 127 6447 8812 1726
14182 2 2 2 127 6446 8808 1390
14183 2 2 2 127 6435 8801 158
14184 2 2 2 127 6448 8818 1054
14185 2 2 2 127 6451 8816 1166
14186 2 2 2 127 6441 8807 1278
14187 2 2 2 127 6437 8805 494
14188 2 2 2 127 6442 8810 830
14189 2 2 2 127 6439 8804 718
14190 2 2 2 127 6434 8806 382
14191 2 2 2 127 6440 8802 606
14192 2 2 2 127 6436 8803 270
14193 2 2 2 127 6449 8815 1502
14194 2 2 2 127 6450 8811 1614
14195 2 2 2 127 6445 8809 1838
14196 2 2 2 127 6443 8813 2062
14197 2 2 2 127 6429 8001 1517
14198 2 2 2 127 7164 7497 7482
14199 2 2 2 127 6151 8267 6489
14200 2 2 2 127 6218 8213 8212
14201 2 2 2 127 6142 8002 1853
14202 2 2 2 127 6503 8446 6713
14203 2 2 2 127 6981 6982 6980
14204 2 2 2 127 5621 6901 5623
14205 2 2 2 127 6127 8062 6364
14206 2 2 2 127 5285 8182 5789
14207 2 2 2 127 7497 7546 7498
14208 2 2 2 127 6464 8833 1598
14209 2 2 2 127 6466 8832 1374
14210 2 2 2 127 6452 8821 366
14211 2 2 2 127 6454 8823 142
14212 2 2 2 127 6458 8824 590
14213 2 2 2 127 6453 8826 702
14214 2 2 2 127 6467 8835 1486
14215 2 2 2 127 6457 8827 478
14216 2 2 2 127 6460 8836 1262
14217 2 2 2 127 6462 8834 1934
14218 2 2 2 127 6455 8822 254
14219 2 2 2 127 6465 8829 1822
14220 2 2 2 127 6456 8825 1038
14221 2 2 2 127 6463 8838 1710
14222 2 2 2 127 6468 8828 814
14223 2 2 2 127 6461 8831 2046
14224 2 2 2 127 6459 8830 926
14225 2 2 2 127 6469 8837 1150
14226 2 2 2 127 8966 9030 7658
14227 2 2 2 127 6004 8141 7930
14228 2 2 2 127 954 6904 955
14229 2 2 2 127 6775 8374 5440
14230 2 2 2 127 5463 8658 6430
14231 2 2 2 127 6079 8003 6736
14232 2 2 2 127 615 8758 616
14233 2 2 2 127 391 8759 392
14234 2 2 2 127 6087 8012 6085
14235 2 2 2 127 5691 8011 6698
14236 2 2 2 127 6471 8848 2030
14237 2 2 2 127 6481 8853 1358
14238 2 2 2 127 6484 8856 1246
14239 2 2 2 127 6476 8847 910
14240 2 2 2 127 6482 8851 1918
14241 2 2 2 127 6479 8855 1806
14242 2 2 2 127 6474 8843 686
14243 2 2 2 127 6485 8850 1582
14244 2 2 2 127 6472 8842 462
14245 2 2 2 127 6473 8840 574
14246 2 2 2 127 6480 8846 1134
14247 2 2 2 127 6478 8849 2142
14248 2 2 2 127 6475 8845 238
14249 2 2 2 127 6477 8841 350
14250 2 2 2 127 6483 8852 798
14251 2 2 2 127 6487 8857 1022
14252 2 2 2 127 6486 8854 1694
14253 2 2 2 127 6470 8844 1470
14254 2 2 2 127 7136 8290 7758
14255 2 2 2 127 6526 8899 5789
14256 2 2 2 127 6713 8432 5362
14257 2 2 2 127 7317 7662 7467
14258 2 2 2 127 7846 8177 5767
14259 2 2 2 127 6984 6985 6982
14260 2 2 2 127 5746 8997 6818
14261 2 2 2 127 5351 8925 8430
14262 2 2 2 127 7229 7857 7243
14263 2 2 2 127 6124 8177 7846
14264 2 2 2 127 83 6942 1440
14265 2 2 2 127 5352 8861 1551
14266 2 2 2 127 2057 7611 2058
14267 2 2 2 127 6179 8043 6641
14268 2 2 2 127 27 9054 5700
14269 2 2 2 127 7761 7762 7651
14270 2 2 2 127 969 7781 970
14271 2 2 2 127 6402 8727 6119
14272 2 2 2 127 6401 8728 6118
14273 2 2 2 127 6518 8612 8296
14274 2 2 2 127 6432 8627 5718
14275 2 2 2 127 5713 8028 6619
14276 2 2 2 127 8150 8592 7593
14277 2 2 2 127 5300 8004 7776
14278 2 2 2 127 6077 6078 5710
14279 2 2 2 127 7865 8621 6089
14280 2 2 2 127 6108 8092 6744
14281 2 2 2 127 2135 8109 6273
14282 2 2 2 127 6433 8014 5815
14283 2 2 2 127 6544 8021 6145
14284 2 2 2 127 6835 8654 6219
14285 2 2 2 127 6521 8582 6520
14286 2 2 2 127 7729 7748 7161
14287 2 2 2 127 6386 8683 6094
14288 2 2 2 127 6661 8025 6781
14289 2 2 2 127 6159 8026 6293
14290 2 2 2 127 7195 7445 7196
14291 2 2 2 127 7128 8793 8521
14292 2 2 2 127 485 8029 486
14293 2 2 2 127 261 8030 262
14294 2 2 2 127 5290 7859 5944
14295 2 2 2 127 1687 8114 6275
14296 2 2 2 127 6918 6924 6916
14297 2 2 2 127 5423 8879 6831
14298 2 2 2 127 7889 7931 7092
14299 2 2 2 127 6845 8599 5761
14300 2 2 2 127 7568 7626 7567
14301 2 2 2 127 5645 8025 6661
14302 2 2 2 127 7047 8215 7060
14303 2 2 2 127 2108 8342 6628
14304 2 2 2 127 8210 8639 7111
14305 2 2 2 127 6351 8027 6050
14306 2 2 2 127 7676 8797 8423
14307 2 2 2 127 7416 8905 7948
14308 2 2 2 127 7289 7291 7290
14309 2 2 2 127 8058 8460 6143
14310 2 2 2 127 7371 7886 7885
14311 2 2 2 127 6928 6932 6930
14312 2 2 2 127 7076 8874 8185
14313 2 2 2 127 7611 7868 2058
14314 2 2 2 127 5760 9010 8115
14315 2 2 2 127 6649 8683 5474
14316 2 2 2 127 7012 7024 7011
14317 2 2 2 127 5978 8134 5295
14318 2 2 2 127 8188 8752 749
14319 2 2 2 127 6949 6951 6950
14320 2 2 2 127 1213 6902 1214
14321 2 2 2 127 7118 7119 7081
14322 2 2 2 127 6907 7914 7649
14323 2 2 2 127 7795 7796 7794
14324 2 2 2 127 6235 8882 6861
14325 2 2 2 127 5662 8093 5288
14326 2 2 2 127 7788 7921 7331
14327 2 2 2 127 5295 8134 5845
14328 2 2 2 127 1015 8124 6283
14329 2 2 2 127 8380 8800 6214
14330 2 2 2 127 6163 8034 6164
14331 2 2 2 127 990 8271 5656
14332 2 2 2 127 5863 8969 6870
14333 2 2 2 127 5433 8383 8061
14334 2 2 2 127 5305 7424 1664
14335 2 2 2 127 5620 7907 5621
14336 2 2 2 127 6558 8611 5440
14337 2 2 2 127 7757 7778 7777
14338 2 2 2 127 7313 7425 7424
14339 2 2 2 127 6791 8996 5451
14340 2 2 2 127 7174 7865 6089
14341 2 2 2 127 7496 8130 7726
14342 2 2 2 127 6072 8502 6627
14343 2 2 2 127 7148 7867 7146
14344 2 2 2 127 7310 8252 7739
14345 2 2 2 127 7780 8785 7556
14346 2 2 2 127 8634 8781 7418
14347 2 2 2 127 7792 8387 8262
14348 2 2 2 127 8398 8399 7445
14349 2 2 2 127 5842 7879 7202
14350 2 2 2 127 5695 8101 5696
14351 2 2 2 127 5570 8086 7998
14352 2 2 2 127 520 8492 6621
14353 2 2 2 127 744 8483 6622
14354 2 2 2 127 7188 8716 7758
14355 2 2 2 127 5492 8111 6862
14356 2 2 2 127 8434 8578 5642
14357 2 2 2 127 6162 8035 6203
14358 2 2 2 127 6782 8082 7198
14359 2 2 2 127 7209 7648 7374
14360 2 2 2 127 7797 7798 7796
14361 2 2 2 127 6940 6941 6939
14362 2 2 2 127 5401 9005 6825
14363 2 2 2 127 6069 8223 6143
14364 2 2 2 127 1555 8948 5381
14365 2 2 2 127 7651 7816 7152
14366 2 2 2 127 7236 7238 7237
14367 2 2 2 127 7013 7869 6931
14368 2 2 2 127 82 7179 6943
14369 2 2 2 127 7969 8697 978
14370 2 2 2 127 7970 8702 1762
14371 2 2 2 127 5865 8257 5867
14372 2 2 2 127 7973 8711 1090
14373 2 2 2 127 7975 8699 1874
14374 2 2 2 127 7977 8708 530
14375 2 2 2 127 5316 7169 6369
14376 2 2 2 127 7979 8707 418
14377 2 2 2 127 6953 8087 7893
14378 2 2 2 127 7527 7528 7526
14379 2 2 2 127 7048 8053 7855
14380 2 2 2 127 6877 8386 5742
14381 2 2 2 127 342 8054 343
14382 2 2 2 127 6757 8269 6031
14383 2 2 2 127 7981 8710 1986
14384 2 2 2 127 7319 8282 7332
14385 2 2 2 127 5319 7685 2053
14386 2 2 2 127 8158 8282 7002
14387 2 2 2 127 6191 8179 6843
14388 2 2 2 127 7030 7091 7045
14389 2 2 2 127 7003 7004 6993
14390 2 2 2 127 881 9007 882
14391 2 2 2 127 7116 7622 7494
14392 2 2 2 127 7622 7730 7494
14393 2 2 2 127 6814 8917 6155
14394 2 2 2 127 8221 8792 791
14395 2 2 2 127 8220 8791 1239
14396 2 2 2 127 5820 8057 5457
14397 2 2 2 127 6632 8453 5756
14398 2 2 2 127 5296 7525 5975
14399 2 2 2 127 7017 7879 5838
14400 2 2 2 127 7089 8020 7044
14401 2 2 2 127 1609 8059 1610
14402 2 2 2 127 6979 6981 6980
14403 2 2 2 127 5989 8041 6740
14404 2 2 2 127 7127 7421 7126
14405 2 2 2 127 5990 8042 6741
14406 2 2 2 127 7779 8154 7333
14407 2 2 2 127 7870 8738 7095
14408 2 2 2 127 7798 7862 7796
14409 2 2 2 127 8019 8931 260
14410 2 2 2 127 6818 7962 6542
14411 2 2 2 127 7569 8250 5975
14412 2 2 2 127 1883 8360 1884
14413 2 2 2 127 7650 8624 7761
14414 2 2 2 127 6983 8100 7951
14415 2 2 2 127 7166 8926 7731
14416 2 2 2 127 5318 8427 7888
14417 2 2 2 127 7083 8210 7111
14418 2 2 2 127 567 8946 6267
14419 2 2 2 127 2107 8342 2108
14420 2 2 2 127 7635 8965 7471
14421 2 2 2 127 6203 8533 6783
14422 2 2 2 127 6872 8654 5847
14423 2 2 2 127 8294 8797 8295
14424 2 2 2 127 7517 7603 7592
14425 2 2 2 127 6305 9058 8371
14426 2 2 2 127 7248 8465 7912
14427 2 2 2 127 7420 7768 7418
14428 2 2 2 127 6981 7015 6984
14429 2 2 2 127 6925 6998 6997
14430 2 2 2 127 5418 8934 2110
14431 2 2 2 127 5462 8083 124
14432 2 2 2 127 7884 8067 7370
14433 2 2 2 127 725 8920 6385
14434 2 2 2 127 7996 8712 2098
14435 2 2 2 127 165 8921 6384
14436 2 2 2 127 5308 8952 766
14437 2 2 2 127 8204 8205 5686
14438 2 2 2 127 1068 8476 1069
14439 2 2 2 127 5625 8069 5624
14440 2 2 2 127 5675 8288 6210
14441 2 2 2 127 6153 8243 6154
14442 2 2 2 127 1285 8922 6383
14443 2 2 2 127 1061 8923 6379
14444 2 2 2 127 6041 8016 6879
14445 2 2 2 127 5623 7899 5625
14446 2 2 2 127 7402 7403 7401
14447 2 2 2 127 7145 7673 7119
14448 2 2 2 127 8399 8400 7445
14449 2 2 2 127 5882 8068 5466
14450 2 2 2 127 949 8924 6381
14451 2 2 2 127 7764 7824 7765
14452 2 2 2 127 5347 8559 7750
14453 2 2 2 127 7564 7799 7560
14454 2 2 2 127 412 8060 5453
14455 2 2 2 127 7330 7658 6253
14456 2 2 2 127 8576 8761 7300
14457 2 2 2 127 6793 8008 6662
14458 2 2 2 127 7793 8088 7795
14459 2 2 2 127 7127 7856 7421
14460 2 2 2 127 7843 9029 7505
14461 2 2 2 127 7881 8159 7350
14462 2 2 2 127 6803 8000 5912
14463 2 2 2 127 7752 8904 8447
14464 2 2 2 127 6992 7810 7809
14465 2 2 2 127 6373 8075 5988
14466 2 2 2 127 614 8076 615
14467 2 2 2 127 390 8077 391
14468 2 2 2 127 1759 8204 5686
14469 2 2 2 127 7319 7323 7305
14470 2 2 2 127 7009 7457 6189
14471 2 2 2 127 483 8451 484
14472 2 2 2 127 7596 7597 7117
14473 2 2 2 127 5322 7604 1906
14474 2 2 2 127 6293 8552 8099
14475 2 2 2 127 6321 8064 6320
14476 2 2 2 127 5467 8139 5672
14477 2 2 2 127 7546 7548 7547
14478 2 2 2 127 953 7815 954
14479 2 2 2 127 5908 8226 7978
14480 2 2 2 127 5835 7918 5836
14481 2 2 2 127 7250 8433 7873
14482 2 2 2 127 225 8774 226
14483 2 2 2 127 449 8773 450
14484 2 2 2 127 7246 7250 7249
14485 2 2 2 127 103 8951 6637
14486 2 2 2 127 7238 7240 7239
14487 2 2 2 127 7132 7133 7071
14488 2 2 2 127 8093 8633 7443
14489 2 2 2 127 7240 7251 7241
14490 2 2 2 127 5301 7760 7718
14491 2 2 2 127 7088 7462 7089
14492 2 2 2 127 837 8927 6380
14493 2 2 2 127 8294 8718 6780
14494 2 2 2 127 6039 8080 881
14495 2 2 2 127 5436 8638 6882
14496 2 2 2 127 7413 8544 7886
14497 2 2 2 127 6646 8061 6290
14498 2 2 2 127 6017 8890 6805
14499 2 2 2 127 7077 7475 7474
14500 2 2 2 127 8191 8373 7895
14501 2 2 2 127 7851 8152 7850
14502 2 2 2 127 8016 8698 1314
14503 2 2 2 127 5299 8404 5981
14504 2 2 2 127 5630 5983 5631
14505 2 2 2 127 1911 8199 6282
14506 2 2 2 127 5917 6922 5916
14507 2 2 2 127 8629 8630 7548
14508 2 2 2 127 6426 8119 6045
14509 2 2 2 127 7092 7117 7091
14510 2 2 2 127 6157 8084 6187
14511 2 2 2 127 6158 8085 6188
14512 2 2 2 127 6952 7001 6955
14513 2 2 2 127 7799 8437 7560
14514 2 2 2 127 6865 7203 5315
14515 2 2 2 127 7140 8239 7084
14516 2 2 2 127 5922 7136 5920
14517 2 2 2 127 639 8736 6168
14518 2 2 2 127 191 8737 6167
14519 2 2 2 127 5582 8086 5570
14520 2 2 2 127 6113 8361 8354
14521 2 2 2 127 5344 7927 7864
14522 2 2 2 127 6309 8081 5688
14523 2 2 2 127 1957 8929 6382
14524 2 2 2 127 6751 8062 5632
14525 2 2 2 127 7003 7030 7004
14526 2 2 2 127 6505 8882 6235
14527 2 2 2 127 7092 7931 7596
14528 2 2 2 127 5756 8799 6632
14529 2 2 2 127 6823 9056 5309
14530 2 2 2 127 5876 8573 5875
14531 2 2 2 127 6619 9042 5417
14532 2 2 2 127 7153 7154 7131
14533 2 2 2 127 7339 8746 5982
14534 2 2 2 127 5947 8092 5452
14535 2 2 2 127 7077 7474 7473
14536 2 2 2 127 7529 7530 7528
14537 2 2 2 127 2088 8484 6327
14538 2 2 2 127 8044 8405 7646
14539 2 2 2 127 6248 8944 8879
14540 2 2 2 127 8722 9052 5780
14541 2 2 2 127 1752 8482 6331
14542 2 2 2 127 2055 6919 2056
14543 2 2 2 127 632 8489 6333
14544 2 2 2 127 1976 8487 6329
14545 2 2 2 127 1416 8491 6330
14546 2 2 2 127 7278 8340 7311
14547 2 2 2 127 6238 9003 7939
14548 2 2 2 127 5668 8106 5928
14549 2 2 2 127 7824 8424 5345
14550 2 2 2 127 7728 7729 7161
14551 2 2 2 127 7678 8928 7122
14552 2 2 2 127 956 8782 957
14553 2 2 2 127 5983 5985 5631
14554 2 2 2 127 1192 8493 6338
14555 2 2 2 127 7203 7204 5315
14556 2 2 2 127 6968 7020 7014
14557 2 2 2 127 7631 7904 7864
14558 2 2 2 127 7573 8242 6914
14559 2 2 2 127 1554 8123 1555
14560 2 2 2 127 7146 7206 7145
14561 2 2 2 127 408 8490 6340
14562 2 2 2 127 656 8108 5463
14563 2 2 2 127 7864 8065 7121
14564 2 2 2 127 7255 8306 8105
14565 2 2 2 127 8739 8897 5745
14566 2 2 2 127 8106 8682 6103
14567 2 2 2 127 2159 8903 8555
14568 2 2 2 127 6078 6779 5710
14569 2 2 2 127 6783 8533 6015
14570 2 2 2 127 6965 6968 6966
14571 2 2 2 127 7199 7492 6903
14572 2 2 2 127 7029 8215 7047
14573 2 2 2 127 5760 8115 5759
14574 2 2 2 127 7198 8082 7422
14575 2 2 2 127 6736 8983 6417
14576 2 2 2 127 7135 7593 7133
14577 2 2 2 127 6901 8553 7899
14578 2 2 2 127 7040 7042 7041
14579 2 2 2 127 6199 8385 8301
14580 2 2 2 127 6148 8111 6197
14581 2 2 2 127 7198 7422 7199
14582 2 2 2 127 5437 8839 6623
14583 2 2 2 127 6492 8768 8142
14584 2 2 2 127 5630 5984 5983
14585 2 2 2 127 7282 7910 7285
14586 2 2 2 127 7502 8229 7505
14587 2 2 2 127 7120 7145 7119
14588 2 2 2 127 7160 7161 7135
14589 2 2 2 127 6932 6934 6933
14590 2 2 2 127 6522 8959 6811
14591 2 2 2 127 1197 6900 1198
14592 2 2 2 127 7112 7629 7121
14593 2 2 2 127 7517 7592 7515
14594 2 2 2 127 7105 8217 7863
14595 2 2 2 127 1828 6973 1829
14596 2 2 2 127 6034 8575 8218
14597 2 2 2 127 5300 8720 8004
14598 2 2 2 127 8276 8340 7280
14599 2 2 2 127 7018 7103 7102
14600 2 2 2 127 7531 7638 7530
14601 2 2 2 127 5716 8882 7955
14602 2 2 2 127 6322 8985 6828
14603 2 2 2 127 6698 8121 5722
14604 2 2 2 127 6155 8435 6814
14605 2 2 2 127 5299 5981 5980
14606 2 2 2 127 7499 7698 7472
14607 2 2 2 127 7009 7787 7572
14608 2 2 2 127 7908 8632 7732
14609 2 2 2 127 5902 8939 5899
14610 2 2 2 127 6836 8241 5974
14611 2 2 2 127 7103 7105 7104
14612 2 2 2 127 154 9014 8921
14613 2 2 2 127 2073 7533 2074
14614 2 2 2 127 5354 8136 5618
14615 2 2 2 127 5758 8291 337
14616 2 2 2 127 7134 7135 7133
14617 2 2 2 127 7049 7112 7085
14618 2 2 2 127 6135 8189 8180
14619 2 2 2 127 7088 7463 7462
14620 2 2 2 127 7015 7071 7022
14621 2 2 2 127 7497 8974 7546
14622 2 2 2 127 8190 8270 6136
14623 2 2 2 127 7952 8398 7445
14624 2 2 2 127 7563 8585 8140
14625 2 2 2 127 7764 7765 7762
14626 2 2 2 127 6623 8839 6092
14627 2 2 2 127 7132 7944 7858
14628 2 2 2 127 6923 7017 5838
14629 2 2 2 127 1311 8457 74
14630 2 2 2 127 5451 8996 2018
14631 2 2 2 127 7544 8263 7543
14632 2 2 2 127 6498 8449 6647
14633 2 2 2 127 7658 9030 6253
14634 2 2 2 127 7213 7214 7065
14635 2 2 2 127 6097 8769 5634
14636 2 2 2 127 5884 8182 5285
14637 2 2 2 127 8605 8617 7848
14638 2 2 2 127 7627 7744 7626
14639 2 2 2 127 6497 8224 6099
14640 2 2 2 127 7400 7401 7328
14641 2 2 2 127 7473 8022 7022
14642 2 2 2 127 5942 8063 6530
14643 2 2 2 127 8361 8981 6335
14644 2 2 2 127 7090 8149 8074
14645 2 2 2 127 5474 8984 6649
14646 2 2 2 127 973 8138 5307
14647 2 2 2 127 7475 7606 7605
14648 2 2 2 127 6925 6997 6924
14649 2 2 2 127 8098 8369 6059
14650 2 2 2 127 5454 8978 6767
14651 2 2 2 127 7381 7948 7734
14652 2 2 2 127 1398 8765 6887
14653 2 2 2 127 6067 8765 6234
14654 2 2 2 127 6798 8952 5308
14655 2 2 2 127 5296 8344 7972
14656 2 2 2 127 5930 8141 6004
14657 2 2 2 127 7170 7502 7172
14658 2 2 2 127 7331 7995 7788
14659 2 2 2 127 7794 7916 7518
14660 2 2 2 127 7105 7108 7107
14661 2 2 2 127 1648 8135 5356
14662 2 2 2 127 542 8997 5746
14663 2 2 2 127 6268 8909 707
14664 2 2 2 127 6271 8908 1155
14665 2 2 2 127 5663 7170 5662
14666 2 2 2 127 6175 8554 8083
14667 2 2 2 127 6008 9023 6005
14668 2 2 2 127 8148 8447 7699
14669 2 2 2 127 6975 6983 6977
14670 2 2 2 127 6654 8986 5365
14671 2 2 2 127 7390 7583 7389
14672 2 2 2 127 6968 7014 6969
14673 2 2 2 127 7463 7751 7750
14674 2 2 2 127 1681 6958 1682
14675 2 2 2 127 6372 8579 5788
14676 2 2 2 127 6737 7905 7053
14677 2 2 2 127 6558 8374 6514
14678 2 2 2 127 7912 8464 7248
14679 2 2 2 127 7772 8562 7770
14680 2 2 2 127 5779 6921 5781
14681 2 2 2 127 7291 7295 7292
14682 2 2 2 127 6916 8046 6915
14683 2 2 2 127 7038 7039 7037
14684 2 2 2 127 6657 8458 6024
14685 2 2 2 127 1572 9005 5401
14686 2 2 2 127 8226 8495 6236
14687 2 2 2 127 1796 7776 1797
14688 2 2 2 127 7269 7271 7270
14689 2 2 2 127 5984 9048 8725
14690 2 2 2 127 7020 7081 7044
14691 2 2 2 127 7679 7913 7095
14692 2 2 2 127 1646 8984 5474
14693 2 2 2 127 7665 8040 7160
14694 2 2 2 127 6909 7914 6907
14695 2 2 2 127 5642 8498 6683
14696 2 2 2 127 6196 8946 567
14697 2 2 2 127 6784 8099 6186
14698 2 2 2 127 7016 7049 7034
14699 2 2 2 127 1304 8488 6771
14700 2 2 2 127 1553 7718 1554
14701 2 2 2 127 7648 8754 8200
14702 2 2 2 127 1640 8480 6772
14703 2 2 2 127 5365 8986 634
14704 2 2 2 127 7474 7931 7473
14705 2 2 2 127 6828 8985 5879
14706 2 2 2 127 6941 7911 6945
14707 2 2 2 127 5470 8799 5756
14708 2 2 2 127 184 8486 6774
14709 2 2 2 127 5362 8993 6713
14710 2 2 2 127 6940 7016 7000
14711 2 2 2 127 6064 8160 879
14712 2 2 2 127 7666 7972 6521
14713 2 2 2 127 7609 7610 7538
14714 2 2 2 127 7469 8208 8162
14715 2 2 2 127 5287 9004 859
14716 2 2 2 127 7542 8130 7496
14717 2 2 2 127 1998 8309 5454
14718 2 2 2 127 6966 8901 6964
14719 2 2 2 127 1158 8993 5362
14720 2 2 2 127 7108 7125 7124
14721 2 2 2 127 7295 7297 7296
14722 2 2 2 127 7332 8282 8158
14723 2 2 2 127 6905 7183 7182
14724 2 2 2 127 6185 8018 6846
14725 2 2 2 127 6146 7312 6062
14726 2 2 2 127 7950 8357 7124
14727 2 2 2 127 5767 8177 5327
14728 2 2 2 127 6961 6967 6963
14729 2 2 2 127 7388 7389 7383
14730 2 2 2 127 7086 7892 7891
14731 2 2 2 127 7637 7869 7013
14732 2 2 2 127 7138 7491 6922
14733 2 2 2 127 6865 8322 6027
14734 2 2 2 127 6621 8094 521
14735 2 2 2 127 6622 8095 745
14736 2 2 2 127 6947 6953 6949
14737 2 2 2 127 5615 7368 6769
14738 2 2 2 127 7885 7896 7371
14739 2 2 2 127 6108 9009 708
14740 2 2 2 127 6626 8323 6070
14741 2 2 2 127 7606 7842 7605
14742 2 2 2 127 5755 8502 5692
14743 2 2 2 127 6211 8178 5314
14744 2 2 2 127 506 8972 5421
14745 2 2 2 127 1835 8170 1845
14746 2 2 2 127 6137 8375 8187
14747 2 2 2 127 491 8175 501
14748 2 2 2 127 267 8174 277
14749 2 2 2 127 7517 7916 7603
14750 2 2 2 127 1499 8169 1509
14751 2 2 2 127 7695 7909 7732
14752 2 2 2 127 5845 7314 5846
14753 2 2 2 127 1512 9016 5943
14754 2 2 2 127 7475 7605 7474
14755 2 2 2 127 5799 8717 5800
14756 2 2 2 127 280 9018 5435
14757 2 2 2 127 1723 8173 1733
14758 2 2 2 127 1163 8171 1173
14759 2 2 2 127 5429 8998 1400
14760 2 2 2 127 933 8251 6357
14761 2 2 2 127 1085 7065 1086
14762 2 2 2 127 6634 8410 5455
14763 2 2 2 127 6124 7957 5291
14764 2 2 2 127 6256 8227 8060
14765 2 2 2 127 6123 8570 6631
14766 2 2 2 127 6937 8615 6988
14767 2 2 2 127 6520 8197 5784
14768 2 2 2 127 6218 8693 8213
14769 2 2 2 127 6861 8241 6073
14770 2 2 2 127 748 8188 749
14771 2 2 2 127 524 8187 525
14772 2 2 2 127 732 8190 733
14773 2 2 2 127 508 8189 509
14774 2 2 2 127 7305 8253 7814
14775 2 2 2 127 6224 7559 6858
14776 2 2 2 127 375 8999 5420
14777 2 2 2 127 6530 8933 5942
14778 2 2 2 127 6997 7031 6924
14779 2 2 2 127 6288 8870 8680
14780 2 2 2 127 8060 8227 5453
14781 2 2 2 127 5692 8502 6072
14782 2 2 2 127 7463 8734 7751
14783 2 2 2 127 6936 6938 6937
14784 2 2 2 127 5390 8297 2090
14785 2 2 2 127 54 8731 6636
14786 2 2 2 127 8151 8963 7087
14787 2 2 2 127 7084 8239 7058
14788 2 2 2 127 7350 8159 7545
14789 2 2 2 127 5336 9049 1777
14790 2 2 2 127 7015 7022 6984
14791 2 2 2 127 7272 7693 7274
14792 2 2 2 127 6804 8998 5429
14793 2 2 2 127 7037 8184 7025
14794 2 2 2 127 5323 7861 7860
14795 2 2 2 127 6924 8046 6916
14796 2 2 2 127 6236 8193 5331
14797 2 2 2 127 5972 8024 5286
14798 2 2 2 127 6155 8917 769
14799 2 2 2 127 6737 9004 5287
14800 2 2 2 127 7189 8859 8778
14801 2 2 2 127 6940 7000 6941
14802 2 2 2 127 7071 7077 7022
14803 2 2 2 127 7179 7180 6943
14804 2 2 2 127 5441 8192 6122
14805 2 2 2 127 7222 7223 7220
14806 2 2 2 127 1109 8248 63
14807 2 2 2 127 1214 7671 1215
14808 2 2 2 127 7298 7304 7303
14809 2 2 2 127 7314 7839 5846
14810 2 2 2 127 1893 8245 112
14811 2 2 2 127 5453 8227 6343
14812 2 2 2 127 7629 7631 7121
14813 2 2 2 127 1794 7888 1795
14814 2 2 2 127 6744 9009 6108
14815 2 2 2 127 7502 7505 7503
14816 2 2 2 127 5420 8999 6743
14817 2 2 2 127 6198 9064 8277
14818 2 2 2 127 7346 7348 7347
14819 2 2 2 127 5714 9058 6851
14820 2 2 2 127 5369 8198 5704
14821 2 2 2 127 5956 8298 6299
14822 2 2 2 127 5591 9050 6121
14823 2 2 2 127 6795 7924 5885
14824 2 2 2 127 6504 8196 5927
14825 2 2 2 127 7535 7609 7538
14826 2 2 2 127 885 8244 49
14827 2 2 2 127 7218 8628 7221
14828 2 2 2 127 5286 9059 1960
14829 2 2 2 127 5809 8757 8396
14830 2 2 2 127 1609 8951 8059
14831 2 2 2 127 1611 8172 1621
14832 2 2 2 127 7348 7350 7349
14833 2 2 2 127 7463 7750 7462
14834 2 2 2 127 26 8325 528
14835 2 2 2 127 7325 8303 7840
14836 2 2 2 127 7155 7156 7154
14837 2 2 2 127 5374 8201 5729
14838 2 2 2 127 7822 8037 7117
14839 2 2 2 127 7169 7177 6369
14840 2 2 2 127 6938 6940 6939
14841 2 2 2 127 5457 9047 6641
14842 2 2 2 127 2071 6920 2072
14843 2 2 2 127 5598 8211 5693
14844 2 2 2 127 5441 8935 8192
14845 2 2 2 127 5768 7331 5767
14846 2 2 2 127 7144 7894 7766
14847 2 2 2 127 437 8247 21
14848 2 2 2 127 213 8246 7
14849 2 2 2 127 8197 8635 6345
14850 2 2 2 127 7350 7545 7544
14851 2 2 2 127 856 8485 6802
14852 2 2 2 127 7690 8442 8414
14853 2 2 2 127 5879 8660 6829
14854 2 2 2 127 5943 9016 6746
14855 2 2 2 127 6028 8216 5414
14856 2 2 2 127 7020 7044 7014
14857 2 2 2 127 5434 8147 8146
14858 2 2 2 127 6343 8220 6181
14859 2 2 2 127 6344 8221 6180
14860 2 2 2 127 7112 7121 7085
14861 2 2 2 127 5435 9018 6749
14862 2 2 2 127 6351 8868 8027
14863 2 2 2 127 6926 8518 6918
14864 2 2 2 127 7185 7193 7186
14865 2 2 2 127 7183 7185 7184
14866 2 2 2 127 6030 8180 6756
14867 2 2 2 127 7233 7414 7318
14868 2 2 2 127 7142 7541 7540
14869 2 2 2 127 6031 8270 6757
14870 2 2 2 127 5825 8749 5826
14871 2 2 2 127 6712 8224 5871
14872 2 2 2 127 7081 7088 7044
14873 2 2 2 127 6981 6984 6982
14874 2 2 2 127 7618 7619 7617
14875 2 2 2 127 6998 7032 6997
14876 2 2 2 127 7049 7085 7034
14877 2 2 2 127 5291 7325 5942
14878 2 2 2 127 8032 8228 8033
14879 2 2 2 127 5343 8137 7862
14880 2 2 2 127 6813 9012 6286
14881 2 2 2 127 6879 6880 6222
14882 2 2 2 127 5320 8863 6224
14883 2 2 2 127 7788 7995 7326
14884 2 2 2 127 8265 8740 7579
14885 2 2 2 127 8025 8498 6076
14886 2 2 2 127 6282 7167 1827
14887 2 2 2 127 6857 9017 6245
14888 2 2 2 127 6172 8226 6236
14889 2 2 2 127 5885 7006 5884
14890 2 2 2 127 5494 8233 5529
14891 2 2 2 127 5298 7393 7392
14892 2 2 2 127 8681 8898 8114
14893 2 2 2 127 6876 8117 5667
14894 2 2 2 127 5925 8283 6853
14895 2 2 2 127 7200 7591 7082
14896 2 2 2 127 7749 8499 7541
14897 2 2 2 127 5917 7109 6922
14898 2 2 2 127 7214 7215 7065
14899 2 2 2 127 8113 8363 7856
14900 2 2 2 127 6204 8368 5360
14901 2 2 2 127 1084 7213 1085
14902 2 2 2 127 7300 8912 8576
14903 2 2 2 127 6406 8899 6526
14904 2 2 2 127 2114 8839 5437
14905 2 2 2 127 7740 8508 7552
14906 2 2 2 127 7337 7339 5982
14907 2 2 2 127 7218 7219 7217
14908 2 2 2 127 5931 8353 5408
14909 2 2 2 127 6861 8882 5716
14910 2 2 2 127 6782 8672 5687
14911 2 2 2 127 7558 7562 1684
14912 2 2 2 127 8041 8745 6110
14913 2 2 2 127 6845 8972 6247
14914 2 2 2 127 6047 8281 6377
14915 2 2 2 127 5428 8777 562
14916 2 2 2 127 7230 7231 7229
14917 2 2 2 127 6860 8223 6069
14918 2 2 2 127 6934 6936 6935
14919 2 2 2 127 5778 8005 5779
14920 2 2 2 127 8042 8743 6114
14921 2 2 2 127 6007 7175 7174
14922 2 2 2 127 6037 8304 6806
14923 2 2 2 127 6066 8089 6771
14924 2 2 2 127 7671 8551 7394
14925 2 2 2 127 8099 8552 5791
14926 2 2 2 127 1830 7513 1831
14927 2 2 2 127 7276 7279 7278
14928 2 2 2 127 5704 8203 5705
14929 2 2 2 127 5781 7943 5783
14930 2 2 2 127 7114 8023 7116
14931 2 2 2 127 6176 8325 7937
14932 2 2 2 127 6883 8103 6014
14933 2 2 2 127 7138 8324 7863
14934 2 2 2 127 5796 8254 5799
14935 2 2 2 127 7873 8433 7555
14936 2 2 2 127 7146 7867 7206
14937 2 2 2 127 7209 7374 7373
14938 2 2 2 127 6785 8677 5953
14939 2 2 2 127 6904 7190 955
14940 2 2 2 127 8391 8392 7871
14941 2 2 2 127 862 8313 5473
14942 2 2 2 127 7446 7806 7623
14943 2 2 2 127 5822 8258 5825
14944 2 2 2 127 6955 7997 6959
14945 2 2 2 127 7279 7281 7280
14946 2 2 2 127 6784 8662 5685
14947 2 2 2 127 1212 7952 7195
14948 2 2 2 127 1442 8284 5316
14949 2 2 2 127 6786 8668 5686
14950 2 2 2 127 7404 7405 7403
14951 2 2 2 127 6862 8111 6148
14952 2 2 2 127 7767 8930 7144
14953 2 2 2 127 7170 7171 5662
14954 2 2 2 127 6825 8407 6335
14955 2 2 2 127 6019 7723 7722
14956 2 2 2 127 7006 7691 7690
14957 2 2 2 127 7178 7607 7550
14958 2 2 2 127 5976 8384 6497
14959 2 2 2 127 6146 8407 7839
14960 2 2 2 127 6973 7648 7209
14961 2 2 2 127 1907 7428 1908
14962 2 2 2 127 5785 7524 6521
14963 2 2 2 127 5333 6020 1325
14964 2 2 2 127 7040 7041 7039
14965 2 2 2 127 7839 8148 7312
14966 2 2 2 127 7738 8881 8200
14967 2 2 2 127 7242 7446 7362
14968 2 2 2 127 5294 8293 5922
14969 2 2 2 127 7504 8875 7172
14970 2 2 2 127 7014 7875 6969
14971 2 2 2 127 7362 7947 7232
14972 2 2 2 127 6905 7181 971
14973 2 2 2 127 7224 7225 7223
14974 2 2 2 127 7224 7242 7232
14975 2 2 2 127 7323 8373 7369
14976 2 2 2 127 1683 7558 1684
14977 2 2 2 127 6904 7192 7191
14978 2 2 2 127 6745 8236 5797
14979 2 2 2 127 6792 7078 6208
14980 2 2 2 127 7136 7137 5920
14981 2 2 2 127 5783 7967 5785
14982 2 2 2 127 1552 7720 5301
14983 2 2 2 127 7839 8407 5846
14984 2 2 2 127 6550 8956 6516
14985 2 2 2 127 5469 8267 5999
14986 2 2 2 127 6616 8895 6315
14987 2 2 2 127 6285 8254 7965
14988 2 2 2 127 7098 7950 7599
14989 2 2 2 127 6973 8754 7648
14990 2 2 2 127 5772 7326 5770
14991 2 2 2 127 6168 8548 8531
14992 2 2 2 127 6167 8547 8530
14993 2 2 2 127 676 8641 6149
14994 2 2 2 127 7331 7846 5767
14995 2 2 2 127 82 6943 1424
14996 2 2 2 127 6794 9049 5336
14997 2 2 2 127 7103 8217 7105
14998 2 2 2 127 189 8622 5477
14999 2 2 2 127 7947 8299 7232
15000 2 2 2 127 5422 8320 597
15001 2 2 2 127 6936 7076 6938
15002 2 2 2 127 6250 8289 5574
15003 2 2 2 127 8646 8887 8109
15004 2 2 2 127 7693 8549 7283
15005 2 2 2 127 6702 8654 6872
15006 2 2 2 127 7216 7217 7215
15007 2 2 2 127 6915 7914 6909
15008 2 2 2 127 7899 7900 5625
15009 2 2 2 127 7805 8790 8185
15010 2 2 2 127 6990 7003 6993
15011 2 2 2 127 6287 8258 7968
15012 2 2 2 127 2151 8319 2150
15013 2 2 2 127 5846 8407 6825
15014 2 2 2 127 7709 7710 7708
15015 2 2 2 127 1516 8609 6429
15016 2 2 2 127 7505 8370 7843
15017 2 2 2 127 7382 7383 7339
15018 2 2 2 127 5372 8564 786
15019 2 2 2 127 1550 8655 5352
15020 2 2 2 127 7871 8392 7681
15021 2 2 2 127 6305 8371 8233
15022 2 2 2 127 5440 8611 186
15023 2 2 2 127 5361 8890 1308
15024 2 2 2 127 6988 8644 7747
15025 2 2 2 127 6761 8243 5823
15026 2 2 2 127 6853 8571 6373
15027 2 2 2 127 8028 8536 6237
15028 2 2 2 127 8484 8937 6327
15029 2 2 2 127 6792 9059 5286
15030 2 2 2 127 6999 8156 7668
15031 2 2 2 127 7271 8127 7272
15032 2 2 2 127 8027 8868 8232
15033 2 2 2 127 7016 7034 7000
15034 2 2 2 127 7602 8553 7600
15035 2 2 2 127 7003 8328 7889
15036 2 2 2 127 7329 7384 5409
15037 2 2 2 127 6658 7532 5778
15038 2 2 2 127 6762 7478 7431
15039 2 2 2 127 995 8304 6037
15040 2 2 2 127 8482 8940 6331
15041 2 2 2 127 7731 8010 7601
15042 2 2 2 127 6526 8395 6026
15043 2 2 2 127 6024 8458 6827
15044 2 2 2 127 7304 7391 7319
15045 2 2 2 127 8487 8941 6329
15046 2 2 2 127 8491 8942 6330
15047 2 2 2 127 8489 8943 6333
15048 2 2 2 127 6766 7727 7294
15049 2 2 2 127 1908 6972 1909
15050 2 2 2 127 7205 7507 7204
15051 2 2 2 127 7218 7221 7220
15052 2 2 2 127 5357 8308 5888
15053 2 2 2 127 211 8305 6138
15054 2 2 2 127 7328 7788 7326
15055 2 2 2 127 6312 8902 8083
15056 2 2 2 127 6156 8302 321
15057 2 2 2 127 7054 7159 7041
15058 2 2 2 127 7166 7600 7023
15059 2 2 2 127 7577 7925 7578
15060 2 2 2 127 5697 8478 6726
15061 2 2 2 127 7052 8431 7821
15062 2 2 2 127 5770 7995 5768
15063 2 2 2 127 8640 8755 8318
15064 2 2 2 127 8493 8950 6338
15065 2 2 2 127 5363 8314 433
15066 2 2 2 127 5335 8415 1962
15067 2 2 2 127 7376 7397 7377
15068 2 2 2 127 7732 7909 7908
15069 2 2 2 127 6914 8242 6928
15070 2 2 2 127 6110 8316 1738
15071 2 2 2 127 6858 8437 5895
15072 2 2 2 127 8210 8649 8639
15073 2 2 2 127 6337 8310 171
15074 2 2 2 127 7102 8126 7101
15075 2 2 2 127 5370 8318 1754
15076 2 2 2 127 2070 7663 2071
15077 2 2 2 127 8140 8863 8862
15078 2 2 2 127 7480 8977 7266
15079 2 2 2 127 6874 8612 6518
15080 2 2 2 127 840 7772 841
15081 2 2 2 127 8153 8893 7395
15082 2 2 2 127 8490 8957 6340
15083 2 2 2 127 7374 7376 7375
15084 2 2 2 127 7256 7258 7257
15085 2 2 2 127 600 9012 6813
15086 2 2 2 127 7481 7823 7150
15087 2 2 2 127 504 8409 5304
15088 2 2 2 127 6282 8199 7167
15089 2 2 2 127 7653 8738 7883
15090 2 2 2 127 1984 8335 1985
15091 2 2 2 127 6171 8760 6646
15092 2 2 2 127 302 8339 303
15093 2 2 2 127 1291 8311 6821
15094 2 2 2 127 1851 8312 6820
15095 2 2 2 127 5882 8572 8068
15096 2 2 2 127 416 8345 417
15097 2 2 2 127 5446 8332 298
15098 2 2 2 127 7042 7055 7054
15099 2 2 2 127 5400 8894 5861
15100 2 2 2 127 6707 8915 6535
15101 2 2 2 127 6996 8349 6987
15102 2 2 2 127 8123 8948 1555
15103 2 2 2 127 5326 8321 6764
15104 2 2 2 127 7005 8893 7656
15105 2 2 2 127 903 8534 6274
15106 2 2 2 127 5455 8410 168
15107 2 2 2 127 6797 8687 6144
15108 2 2 2 127 6409 8587 661
15109 2 2 2 127 6405 8588 997
15110 2 2 2 127 5694 8952 6798
15111 2 2 2 127 6404 8589 1221
15112 2 2 2 127 6411 8590 2005
15113 2 2 2 127 6410 8591 549
15114 2 2 2 127 6407 8594 773
15115 2 2 2 127 6408 8595 325
15116 2 2 2 127 6837 8502 5755
15117 2 2 2 127 7848 8617 7309
15118 2 2 2 127 7789 8009 7504
15119 2 2 2 127 8715 9007 8310
15120 2 2 2 127 6084 8128 6851
15121 2 2 2 127 6414 8597 1333
15122 2 2 2 127 6412 8598 2117
15123 2 2 2 127 1439 7179 82
15124 2 2 2 127 7920 9023 6008
15125 2 2 2 127 1661 8763 6875
15126 2 2 2 127 823 8344 5296
15127 2 2 2 127 7726 7844 6022
15128 2 2 2 127 6518 8296 6749
15129 2 2 2 127 6290 8383 6826
15130 2 2 2 127 8062 9051 6364
15131 2 2 2 127 8921 9014 6384
15132 2 2 2 127 8014 8317 6210
15133 2 2 2 127 6257 8361 6063
15134 2 2 2 127 8125 9017 6664
15135 2 2 2 127 7601 7602 7600
15136 2 2 2 127 6764 8321 6766
15137 2 2 2 127 6117 8428 6777
15138 2 2 2 127 6667 8359 6220
15139 2 2 2 127 7868 8280 7663
15140 2 2 2 127 6213 8650 8334
15141 2 2 2 127 7502 8919 8229
15142 2 2 2 127 7313 7845 7426
15143 2 2 2 127 6061 8369 6257
15144 2 2 2 127 6807 8648 6038
15145 2 2 2 127 6806 8647 6037
15146 2 2 2 127 1385 8372 1386
15147 2 2 2 127 6624 8461 6544
15148 2 2 2 127 8555 8606 2159
15149 2 2 2 127 7919 8217 7103
15150 2 2 2 127 6805 8890 5361
15151 2 2 2 127 7073 8118 7645
15152 2 2 2 127 7247 7361 7360
15153 2 2 2 127 7329 7840 7385
15154 2 2 2 127 7748 8150 7161
15155 2 2 2 127 6766 7294 6765
15156 2 2 2 127 6932 7075 6934
15157 2 2 2 127 5973 6992 5972
15158 2 2 2 127 7233 7234 7231
15159 2 2 2 127 5421 8972 6845
15160 2 2 2 127 5627 7845 7313
15161 2 2 2 127 6889 8460 5372
15162 2 2 2 127 7188 8071 8070
15163 2 2 2 127 7415 7657 7318
15164 2 2 2 127 6692 8460 6889
15165 2 2 2 127 5393 8218 6842
15166 2 2 2 127 7211 8045 7574
15167 2 2 2 127 6644 8514 1979
15168 2 2 2 127 6643 8515 1419
15169 2 2 2 127 5580 8439 6776
15170 2 2 2 127 7830 8649 7490
15171 2 2 2 127 7024 7577 7576
15172 2 2 2 127 7006 7924 7691
15173 2 2 2 127 7223 8331 7220
15174 2 2 2 127 5742 8386 5738
15175 2 2 2 127 6413 8604 1557
15176 2 2 2 127 7060 8215 7066
15177 2 2 2 127 7293 7353 7352
15178 2 2 2 127 7371 7896 7828
15179 2 2 2 127 6687 8380 5575
15180 2 2 2 127 5841 8425 5840
15181 2 2 2 127 8394 8767 5365
15182 2 2 2 127 7387 9028 6765
15183 2 2 2 127 5541 8382 5543
15184 2 2 2 127 6083 8951 103
15185 2 2 2 127 6763 8326 5904
15186 2 2 2 127 7261 7358 7263
15187 2 2 2 127 7345 7496 7343
15188 2 2 2 127 7212 8459 6958
15189 2 2 2 127 7297 8122 7298
15190 2 2 2 127 7868 8732 2058
15191 2 2 2 127 6759 8967 6144
15192 2 2 2 127 1941 7754 1942
15193 2 2 2 127 8105 8306 7674
15194 2 2 2 127 7006 7689 5884
15195 2 2 2 127 7363 8154 7356
15196 2 2 2 127 8444 8528 7070
15197 2 2 2 127 7407 8508 7405
15198 2 2 2 127 5808 8396 5811
15199 2 2 2 127 7500 7906 7861
15200 2 2 2 127 8194 8495 6166
15201 2 2 2 127 7525 7569 5975
15202 2 2 2 127 7551 7731 7492
15203 2 2 2 127 6116 8947 6832
15204 2 2 2 127 7461 7468 1196
15205 2 2 2 127 7258 7307 7259
15206 2 2 2 127 6216 8726 6557
15207 2 2 2 127 7104 7106 7102
15208 2 2 2 127 5436 8358 1382
15209 2 2 2 127 6920 7609 7535
15210 2 2 2 127 7018 7101 7017
15211 2 2 2 127 7090 8074 8073
15212 2 2 2 127 7361 8347 8159
15213 2 2 2 127 7939 8973 6238
15214 2 2 2 127 6366 8886 6746
15215 2 2 2 127 8140 8862 7562
15216 2 2 2 127 7537 7847 7536
15217 2 2 2 127 7428 7430 7429
15218 2 2 2 127 8287 8441 7532
15219 2 2 2 127 5629 8643 5630
15220 2 2 2 127 7141 8512 7142
15221 2 2 2 127 7178 7549 7177
15222 2 2 2 127 7309 8617 8581
15223 2 2 2 127 5364 8117 6886
15224 2 2 2 127 8080 9007 881
15225 2 2 2 127 7157 7743 7156
15226 2 2 2 127 6647 8756 8308
15227 2 2 2 127 5826 8749 6048
15228 2 2 2 127 6672 8401 6720
15229 2 2 2 127 546 8467 547
15230 2 2 2 127 7252 7256 7254
15231 2 2 2 127 7900 7902 7459
15232 2 2 2 127 5745 8897 6555
15233 2 2 2 127 5800 8717 6656
15234 2 2 2 127 1680 8477 7874
15235 2 2 2 127 5711 8575 6265
15236 2 2 2 127 8125 8858 6743
15237 2 2 2 127 565 8352 5697
15238 2 2 2 127 7497 7923 7890
15239 2 2 2 127 7203 7205 7204
15240 2 2 2 127 6335 8407 6146
15241 2 2 2 127 5788 8579 6139
15242 2 2 2 127 7078 8024 7809
15243 2 2 2 127 8569 8688 7835
15244 2 2 2 127 7304 7319 7305
15245 2 2 2 127 7116 8023 7622
15246 2 2 2 127 7087 8963 7985
15247 2 2 2 127 5670 8408 6715
15248 2 2 2 127 8161 8266 5615
15249 2 2 2 127 877 8251 6817
15250 2 2 2 127 7508 7554 7507
15251 2 2 2 127 8115 8586 5759
15252 2 2 2 127 7696 8031 7501
15253 2 2 2 127 7097 9026 7854
15254 2 2 2 127 6406 8613 1781
15255 2 2 2 127 7060 7066 7062
15256 2 2 2 127 6262 8586 8115
15257 2 2 2 127 7559 7560 6858
15258 2 2 2 127 7196 7245 6902
15259 2 2 2 127 5678 8411 6398
15260 2 2 2 127 5677 8412 6399
15261 2 2 2 127 5855 8051 5852
15262 2 2 2 127 5286 8024 6792
15263 2 2 2 127 7628 8073 7806
15264 2 2 2 127 7919 8350 8217
15265 2 2 2 127 6943 7207 1424
15266 2 2 2 127 7662 7664 7467
15267 2 2 2 127 7747 8644 7657
15268 2 2 2 127 5867 7293 5866
15269 2 2 2 127 7711 7714 7710
15270 2 2 2 127 8204 8501 6149
15271 2 2 2 127 7189 8082 5687
15272 2 2 2 127 7051 8363 8113
15273 2 2 2 127 7256 7661 7258
15274 2 2 2 127 6185 8602 8018
15275 2 2 2 127 7825 7934 7367
15276 2 2 2 127 7968 8258 5821
15277 2 2 2 127 7700 8577 7334
15278 2 2 2 127 7965 8254 5795
15279 2 2 2 127 7672 7767 7144
15280 2 2 2 127 6751 9051 8062
15281 2 2 2 127 6674 8434 5638
15282 2 2 2 127 1669 8477 98
15283 2 2 2 127 7703 8904 7719
15284 2 2 2 127 8563 8656 7386
15285 2 2 2 127 6984 8022 6985
15286 2 2 2 127 6073 8241 6836
15287 2 2 2 127 7186 7749 7184
15288 2 2 2 127 6141 8165 6868
15289 2 2 2 127 6395 8439 6211
15290 2 2 2 127 6634 8461 7960
15291 2 2 2 127 6071 8260 6839
15292 2 2 2 127 7109 7906 7138
15293 2 2 2 127 7353 7355 7354
15294 2 2 2 127 2165 8976 2164
15295 2 2 2 127 6193 8446 5807
15296 2 2 2 127 335 8759 13
15297 2 2 2 127 783 8758 41
15298 2 2 2 127 7715 7724 7714
15299 2 2 2 127 7378 7380 7379
15300 2 2 2 127 7524 7666 6521
15301 2 2 2 127 6522 8772 5651
15302 2 2 2 127 6776 8439 6395
15303 2 2 2 127 7171 8093 5662
15304 2 2 2 127 7279 7283 7281
15305 2 2 2 127 8157 8158 7002
15306 2 2 2 127 6943 7890 7207
15307 2 2 2 127 7053 7918 5835
15308 2 2 2 127 6144 8967 6797
15309 2 2 2 127 7428 7429 6972
15310 2 2 2 127 6083 8962 8081
15311 2 2 2 127 654 8451 6548
15312 2 2 2 127 7142 7540 7140
15313 2 2 2 127 5728 8449 5727
15314 2 2 2 127 7000 7911 6941
15315 2 2 2 127 6882 8155 5436
15316 2 2 2 127 7319 7332 7323
15317 2 2 2 127 6638 8155 6882
15318 2 2 2 127 5998 8368 6787
15319 2 2 2 127 7507 8362 7204
15320 2 2 2 127 1439 7440 7179
15321 2 2 2 127 8033 8228 7315
15322 2 2 2 127 8585 8619 7853
15323 2 2 2 127 7023 7907 5620
15324 2 2 2 127 1665 6957 1666
15325 2 2 2 127 7786 7967 7943
15326 2 2 2 127 7106 8356 8355
15327 2 2 2 127 7746 8219 7745
15328 2 2 2 127 6768 7074 5860
15329 2 2 2 127 7009 7572 7457
15330 2 2 2 127 7164 7481 7150
15331 2 2 2 127 7397 8413 7398
15332 2 2 2 127 5690 8250 6864
15333 2 2 2 127 7476 8988 7926
15334 2 2 2 127 7191 7565 7190
15335 2 2 2 127 5981 7852 7336
15336 2 2 2 127 7025 8184 7024
15337 2 2 2 127 7608 8569 8341
15338 2 2 2 127 791 8792 6268
15339 2 2 2 127 1239 8791 6271
15340 2 2 2 127 7091 8037 7114
15341 2 2 2 127 6143 8460 6692
15342 2 2 2 127 7313 7426 7425
15343 2 2 2 127 6104 8496 6648
15344 2 2 2 127 6365 8886 6366
15345 2 2 2 127 7365 8159 7881
15346 2 2 2 127 7437 8884 7780
15347 2 2 2 127 7298 8122 7304
15348 2 2 2 127 7248 8464 8266
15349 2 2 2 127 7024 7576 7011
15350 2 2 2 127 7281 7300 7282
15351 2 2 2 127 6312 9014 8902
15352 2 2 2 127 7564 7801 7799
15353 2 2 2 127 5477 8622 6835
15354 2 2 2 127 7625 8286 8285
15355 2 2 2 127 7978 8226 6172
15356 2 2 2 127 377 8496 6878
15357 2 2 2 127 5836 7918 6923
15358 2 2 2 127 8109 8887 6273
15359 2 2 2 127 6289 8501 1758
15360 2 2 2 127 6543 8545 5953
15361 2 2 2 127 7004 8214 6993
15362 2 2 2 127 5569 9017 6857
15363 2 2 2 127 6827 8458 6294
15364 2 2 2 127 2093 8960 2094
15365 2 2 2 127 7640 8051 5855
15366 2 2 2 127 8003 8288 5675
15367 2 2 2 127 6076 8498 6540
15368 2 2 2 127 7399 8286 8066
15369 2 2 2 127 8789 8948 7717
15370 2 2 2 127 8086 8579 7998
15371 2 2 2 127 7255 8507 8306
15372 2 2 2 127 7011 8349 6996
15373 2 2 2 127 7293 7351 5866
15374 2 2 2 127 7073 7645 7641
15375 2 2 2 127 6942 7823 7168
15376 2 2 2 127 8114 8898 6275
15377 2 2 2 127 7356 7779 7354
15378 2 2 2 127 7540 8239 7140
15379 2 2 2 127 6831 8944 5666
15380 2 2 2 127 7600 7907 7023
15381 2 2 2 127 6992 7809 5972
15382 2 2 2 127 6168 8736 6866
15383 2 2 2 127 6167 8737 6867
15384 2 2 2 127 7836 8448 7143
15385 2 2 2 127 1622 9053 6309
15386 2 2 2 127 7673 8050 7119
15387 2 2 2 127 7430 7741 7432
15388 2 2 2 127 6753 8558 6292
15389 2 2 2 127 6173 8540 7965
15390 2 2 2 127 6038 8648 6854
15391 2 2 2 127 6037 8647 6855
15392 2 2 2 127 7136 7647 7137
15393 2 2 2 127 6174 8541 7968
15394 2 2 2 127 8105 8337 5985
15395 2 2 2 127 5330 8506 319
15396 2 2 2 127 7317 7466 7251
15397 2 2 2 127 5895 8437 5896
15398 2 2 2 127 6244 8007 5366
15399 2 2 2 127 7577 7578 7576
15400 2 2 2 127 7043 8504 8184
15401 2 2 2 127 7485 7488 7486
15402 2 2 2 127 7875 8100 6971
15403 2 2 2 127 7578 8167 7637
15404 2 2 2 127 7730 8389 7494
15405 2 2 2 127 8217 8350 7491
15406 2 2 2 127 6726 8574 6196
15407 2 2 2 127 6033 8969 8205
15408 2 2 2 127 6015 8533 6141
15409 2 2 2 127 7550 7843 7549
15410 2 2 2 127 5851 8887 5853
15411 2 2 2 127 6106 8478 6313
15412 2 2 2 127 5797 9033 5382
15413 2 2 2 127 7491 8932 6922
15414 2 2 2 127 5889 8898 5891
15415 2 2 2 127 203 8530 204
15416 2 2 2 127 651 8531 652
15417 2 2 2 127 5823 9045 5399
15418 2 2 2 127 7031 8046 6924
15419 2 2 2 127 6129 8230 6802
15420 2 2 2 127 6392 8722 6537
15421 2 2 2 127 7509 8527 8526
15422 2 2 2 127 6832 8947 8322
15423 2 2 2 127 7408 7410 7407
15424 2 2 2 127 7165 7166 7023
15425 2 2 2 127 8107 8353 5931
15426 2 2 2 127 5981 5982 5980
15427 2 2 2 127 7182 7595 7181
15428 2 2 2 127 6638 9054 5999
15429 2 2 2 127 2054 7684 2055
15430 2 2 2 127 1445 8472 84
15431 2 2 2 127 5621 7907 6901
15432 2 2 2 127 8296 8366 6012
15433 2 2 2 127 8365 8793 7128
15434 2 2 2 127 7129 8692 8625
15435 2 2 2 127 8128 8704 194
15436 2 2 2 127 5687 8672 60
15437 2 2 2 127 7265 7366 7267
15438 2 2 2 127 7352 7386 7351
15439 2 2 2 127 7862 8137 7796
15440 2 2 2 127 7571 8684 7938
15441 2 2 2 127 7342 7381 7341
15442 2 2 2 127 7333 8228 7790
15443 2 2 2 127 5820 8564 8058
15444 2 2 2 127 6769 7936 5831
15445 2 2 2 127 5764 8402 1569
15446 2 2 2 127 5858 8118 5856
15447 2 2 2 127 6062 8509 6060
15448 2 2 2 127 5953 8677 88
15449 2 2 2 127 7150 7823 6942
15450 2 2 2 127 5449 8540 6317
15451 2 2 2 127 5450 8541 6318
15452 2 2 2 127 8322 8947 5843
15453 2 2 2 127 8339 8680 6150
15454 2 2 2 127 6762 7917 7478
15455 2 2 2 127 5675 8506 8003
15456 2 2 2 127 7355 7359 7356
15457 2 2 2 127 7515 8116 7148
15458 2 2 2 127 5685 8662 18
15459 2 2 2 127 7503 7504 7172
15460 2 2 2 127 6854 8728 5447
15461 2 2 2 127 6855 8727 5448
15462 2 2 2 127 7294 7387 6765
15463 2 2 2 127 5686 8668 102
15464 2 2 2 127 5607 8729 6742
15465 2 2 2 127 5845 7752 7314
15466 2 2 2 127 6985 8328 6990
15467 2 2 2 127 7227 7230 7229
15468 2 2 2 127 7224 8688 7242
15469 2 2 2 127 7039 7043 7037
15470 2 2 2 127 6665 8556 5591
15471 2 2 2 127 6618 8718 6126
15472 2 2 2 127 7173 7712 5325
15473 2 2 2 127 6832 8322 6128
15474 2 2 2 127 6945 8087 6947
15475 2 2 2 127 7114 8037 8023
15476 2 2 2 127 7998 8125 6664
15477 2 2 2 127 6372 8125 7998
15478 2 2 2 127 7798 8970 7862
15479 2 2 2 127 7088 8050 7463
15480 2 2 2 127 6223 8681 8114
15481 2 2 2 127 1046 8558 1047
15482 2 2 2 127 6760 8560 6304
15483 2 2 2 127 6844 8309 5888
15484 2 2 2 127 7001 7997 6955
15485 2 2 2 127 6942 7168 1440
15486 2 2 2 127 1606 8560 1607
15487 2 2 2 127 6641 9047 6328
15488 2 2 2 127 5661 8861 6545
15489 2 2 2 127 7806 8073 7623
15490 2 2 2 127 8182 8183 5789
15491 2 2 2 127 7042 7054 7041
15492 2 2 2 127 8424 8463 7495
15493 2 2 2 127 283 8567 284
15494 2 2 2 127 2057 7613 7611
15495 2 2 2 127 8371 9058 6140
15496 2 2 2 127 7243 7857 7670
15497 2 2 2 127 5943 8886 8456
15498 2 2 2 127 1236 8552 8026
15499 2 2 2 127 7890 8974 7497
15500 2 2 2 127 7329 8063 7840
15501 2 2 2 127 7103 7104 7102
15502 2 2 2 127 7205 7508 7507
15503 2 2 2 127 7340 7341 7338
15504 2 2 2 127 7406 7884 7408
15505 2 2 2 127 8456 8886 6365
15506 2 2 2 127 5310 7775 7774
15507 2 2 2 127 6121 8298 8142
15508 2 2 2 127 7222 7224 7223
15509 2 2 2 127 6324 8819 6800
15510 2 2 2 127 6323 8820 6799
15511 2 2 2 127 7307 8208 8207
15512 2 2 2 127 7460 8971 7902
15513 2 2 2 127 8321 8938 6766
15514 2 2 2 127 6007 9023 7175
15515 2 2 2 127 7307 8397 8208
15516 2 2 2 127 7840 8063 7325
15517 2 2 2 127 7077 8072 7475
15518 2 2 2 127 7556 8273 7456
15519 2 2 2 127 5333 6022 6020
15520 2 2 2 127 6105 8917 6814
15521 2 2 2 127 7369 8373 7621
15522 2 2 2 127 6056 8366 6830
15523 2 2 2 127 6419 8572 6620
15524 2 2 2 127 8400 8433 7250
15525 2 2 2 127 6494 7343 6021
15526 2 2 2 127 8574 8946 6196
15527 2 2 2 127 6895 8642 6898
15528 2 2 2 127 6792 8024 7078
15529 2 2 2 127 6077 7675 6078
15530 2 2 2 127 6627 8502 6837
15531 2 2 2 127 6217 8646 8109
15532 2 2 2 127 7446 7623 7362
15533 2 2 2 127 7202 8237 7980
15534 2 2 2 127 8227 8908 6343
15535 2 2 2 127 8229 8370 7505
15536 2 2 2 127 6742 8729 6204
15537 2 2 2 127 8067 8954 7370
15538 2 2 2 127 539 8979 6553
15539 2 2 2 127 5831 7936 6019
15540 2 2 2 127 7369 7621 7409
15541 2 2 2 127 6952 8262 7001
15542 2 2 2 127 6088 8571 6853
15543 2 2 2 127 7899 8553 7901
15544 2 2 2 127 7548 8630 7739
15545 2 2 2 127 6372 8858 8125
15546 2 2 2 127 5761 8599 5762
15547 2 2 2 127 7494 8389 7495
15548 2 2 2 127 7593 8072 7133
15549 2 2 2 127 7236 7364 7238
15550 2 2 2 127 5734 8603 5741
15551 2 2 2 127 7633 7833 7427
15552 2 2 2 127 6826 8383 6016
15553 2 2 2 127 8162 8397 7661
15554 2 2 2 127 7998 8579 6372
15555 2 2 2 127 6639 8796 5594
15556 2 2 2 127 6141 8533 8523
15557 2 2 2 127 7586 8994 7226
15558 2 2 2 127 8348 8948 8789
15559 2 2 2 127 7272 8127 7693
15560 2 2 2 127 8533 9046 8523
15561 2 2 2 127 848 7990 874
15562 2 2 2 127 736 7988 762
15563 2 2 2 127 1632 7991 1658
15564 2 2 2 127 512 7989 538
15565 2 2 2 127 1296 7992 1322
15566 2 2 2 127 6923 7018 7017
15567 2 2 2 127 7240 7317 7251
15568 2 2 2 127 7969 8871 6753
15569 2 2 2 127 7203 7980 7205
15570 2 2 2 127 7767 9027 7080
15571 2 2 2 127 6107 9056 6823
15572 2 2 2 127 6898 8642 7050
15573 2 2 2 127 7368 7447 6769
15574 2 2 2 127 7287 7316 7289
15575 2 2 2 127 8243 9045 5823
15576 2 2 2 127 7214 7791 7216
15577 2 2 2 127 7242 7362 7232
15578 2 2 2 127 7306 7320 7271
15579 2 2 2 127 7105 7107 7104
15580 2 2 2 127 5900 8550 6763
15581 2 2 2 127 7218 7220 7219
15582 2 2 2 127 7117 8037 7091
15583 2 2 2 127 6951 8262 6952
15584 2 2 2 127 7545 8347 7934
15585 2 2 2 127 7106 8126 7102
15586 2 2 2 127 7970 8872 6760
15587 2 2 2 127 5464 8456 6840
15588 2 2 2 127 7406 7407 7405
15589 2 2 2 127 7414 7415 7318
15590 2 2 2 127 7055 7093 7054
15591 2 2 2 127 7148 8116 7867
15592 2 2 2 127 8356 8357 7098
15593 2 2 2 127 6144 8687 53
15594 2 2 2 127 7224 7232 7225
15595 2 2 2 127 7497 7498 7482
15596 2 2 2 127 8111 8586 6197
15597 2 2 2 127 6870 8969 6033
15598 2 2 2 127 6089 8621 6376
15599 2 2 2 127 840 7773 7772
15600 2 2 2 127 7546 7547 7498
15601 2 2 2 127 5634 8769 8108
15602 2 2 2 127 661 8587 35
15603 2 2 2 127 997 8588 56
15604 2 2 2 127 1221 8589 70
15605 2 2 2 127 2005 8590 119
15606 2 2 2 127 549 8591 28
15607 2 2 2 127 7541 8499 7922
15608 2 2 2 127 773 8594 42
15609 2 2 2 127 325 8595 14
15610 2 2 2 127 8236 9033 5797
15611 2 2 2 127 1333 8597 77
15612 2 2 2 127 2117 8598 126
15613 2 2 2 127 8513 8563 7779
15614 2 2 2 127 7779 8563 7354
15615 2 2 2 127 6901 7899 5623
15616 2 2 2 127 875 8990 6559
15617 2 2 2 127 1659 8989 6560
15618 2 2 2 127 8526 8527 7193
15619 2 2 2 127 7221 8628 7913
15620 2 2 2 127 1178 8650 1179
15621 2 2 2 127 7230 7233 7231
15622 2 2 2 127 7022 8022 6984
15623 2 2 2 127 7890 7923 7207
15624 2 2 2 127 5615 8266 7368
15625 2 2 2 127 7886 8067 7413
15626 2 2 2 127 6302 8631 658
15627 2 2 2 127 5853 8646 6725
15628 2 2 2 127 7250 7357 7249
15629 2 2 2 127 7598 8355 7854
15630 2 2 2 127 7688 8414 7759
15631 2 2 2 127 7847 8441 7536
15632 2 2 2 127 7768 8634 7418
15633 2 2 2 127 7221 7222 7220
15634 2 2 2 127 1557 8604 91
15635 2 2 2 127 6150 8680 1125
15636 2 2 2 127 6829 8466 6828
15637 2 2 2 127 8726 8752 8305
15638 2 2 2 127 6642 8873 5611
15639 2 2 2 127 7169 7178 7177
15640 2 2 2 127 7939 9003 6065
15641 2 2 2 127 5383 8635 5955
15642 2 2 2 127 7508 7598 7554
15643 2 2 2 127 8176 8272 7543
15644 2 2 2 127 7108 7124 7107
15645 2 2 2 127 6971 8100 6975
15646 2 2 2 127 7778 7810 6992
15647 2 2 2 127 6205 8640 6717
15648 2 2 2 127 7269 7306 7271
15649 2 2 2 127 7138 7863 7491
15650 2 2 2 127 5856 7073 5855
15651 2 2 2 127 1528 8416 8001
15652 2 2 2 127 7789 8522 7487
15653 2 2 2 127 7215 8779 8778
15654 2 2 2 127 1864 8417 8002
15655 2 2 2 127 8199 8200 7167
15656 2 2 2 127 5601 8685 5603
15657 2 2 2 127 7668 8576 8351
15658 2 2 2 127 7306 7501 7320
15659 2 2 2 127 7928 8926 7165
15660 2 2 2 127 6219 8654 6702
15661 2 2 2 127 7725 7726 6022
15662 2 2 2 127 6864 8450 6863
15663 2 2 2 127 6959 8110 6961
15664 2 2 2 127 882 8715 883
15665 2 2 2 127 1781 8613 105
15666 2 2 2 127 7657 8343 7318
15667 2 2 2 127 6887 8765 6067
15668 2 2 2 127 7694 8110 7997
15669 2 2 2 127 7119 8050 7081
15670 2 2 2 127 7415 7747 7657
15671 2 2 2 127 7394 8551 8465
15672 2 2 2 127 7307 8207 8206
15673 2 2 2 127 7193 7587 7186
15674 2 2 2 127 6958 7210 1682
15675 2 2 2 127 8362 8747 7815
15676 2 2 2 127 7913 8628 7791
15677 2 2 2 127 7170 7172 7171
15678 2 2 2 127 7764 8463 8424
15679 2 2 2 127 7502 7503 7172
15680 2 2 2 127 7887 8427 7687
15681 2 2 2 127 7291 7299 7295
15682 2 2 2 127 6200 8403 8231
15683 2 2 2 127 7521 8275 7455
15684 2 2 2 127 7216 7218 7217
15685 2 2 2 127 7811 8459 7212
15686 2 2 2 127 7570 8044 7810
15687 2 2 2 127 5365 8767 6654
15688 2 2 2 127 7820 8798 7697
15689 2 2 2 127 7233 7318 7234
15690 2 2 2 127 652 9024 653
15691 2 2 2 127 204 9025 205
15692 2 2 2 127 1660 8763 1661
15693 2 2 2 127 6205 8755 8640
15694 2 2 2 127 1566 8709 8090
15695 2 2 2 127 8147 8876 8146
15696 2 2 2 127 6808 8537 5693
15697 2 2 2 127 5744 8739 5745
15698 2 2 2 127 5366 8007 6000
15699 2 2 2 127 6990 8328 7003
15700 2 2 2 127 6128 8322 6865
15701 2 2 2 127 6222 8643 5629
15702 2 2 2 127 522 8773 523
15703 2 2 2 127 746 8774 747
15704 2 2 2 127 6516 8784 5658
15705 2 2 2 127 5772 7327 7326
15706 2 2 2 127 6973 7208 1829
15707 2 2 2 127 5630 8643 5984
15708 2 2 2 127 7548 7739 7547
15709 2 2 2 127 5643 8741 5653
15710 2 2 2 127 7304 8122 7391
15711 2 2 2 127 7346 7347 7345
15712 2 2 2 127 6878 8302 6156
15713 2 2 2 127 7078 7808 7807
15714 2 2 2 127 7689 8182 5884
15715 2 2 2 127 7175 8229 7174
15716 2 2 2 127 7426 7472 7427
15717 2 2 2 127 7109 7138 6922
15718 2 2 2 127 7720 7982 5301
15719 2 2 2 127 7514 8906 8387
15720 2 2 2 127 8238 8300 7691
15721 2 2 2 127 7381 8176 7948
15722 2 2 2 127 8327 8665 116
15723 2 2 2 127 6206 8755 6205
15724 2 2 2 127 7561 7564 7560
15725 2 2 2 127 6232 8756 5733
15726 2 2 2 127 8355 8356 7854
15727 2 2 2 127 6514 8787 5592
15728 2 2 2 127 6940 8240 7016
15729 2 2 2 127 5476 8768 6492
15730 2 2 2 127 7185 7186 7184
15731 2 2 2 127 7476 8617 8605
15732 2 2 2 127 7317 7467 7466
15733 2 2 2 127 6753 8871 6348
15734 2 2 2 127 7073 7640 5855
15735 2 2 2 127 6176 9062 8325
15736 2 2 2 127 7993 8631 6209
15737 2 2 2 127 7417 7418 7387
15738 2 2 2 127 6721 8788 5609
15739 2 2 2 127 6760 8872 6349
15740 2 2 2 127 6905 7182 7181
15741 2 2 2 127 7162 8623 7958
15742 2 2 2 127 7018 7102 7101
15743 2 2 2 127 7043 8184 7037
15744 2 2 2 127 7199 7551 7492
15745 2 2 2 127 8286 8503 7379
15746 2 2 2 127 7601 7929 7602
15747 2 2 2 127 5643 8936 8741
15748 2 2 2 127 6214 8880 6845
15749 2 2 2 127 7765 8166 7762
15750 2 2 2 127 7166 7601 7600
15751 2 2 2 127 8096 8970 7798
15752 2 2 2 127 7539 8991 8406
15753 2 2 2 127 678 8867 5679
15754 2 2 2 127 6845 8880 5421
15755 2 2 2 127 6019 7936 7723
15756 2 2 2 127 7201 8398 7197
15757 2 2 2 127 7183 7184 7182
15758 2 2 2 127 1126 8870 5680
15759 2 2 2 127 5350 8896 5480
15760 2 2 2 127 819 8892 820
15761 2 2 2 127 1323 9015 6341
15762 2 2 2 127 7740 9011 7590
15763 2 2 2 127 7652 8542 7384
15764 2 2 2 127 6866 8548 6168
15765 2 2 2 127 6867 8547 6167
15766 2 2 2 127 1331 8895 1332
15767 2 2 2 127 7069 7070 7057
15768 2 2 2 127 7536 8441 8287
15769 2 2 2 127 7902 8971 8719
15770 2 2 2 127 7158 8798 7820
15771 2 2 2 127 7348 7349 7347
15772 2 2 2 127 7461 7733 7468
15773 2 2 2 127 7350 7544 7349
15774 2 2 2 127 7770 8636 7769
15775 2 2 2 127 7554 8747 7507
15776 2 2 2 127 5875 8573 5878
15777 2 2 2 127 7145 8132 7673
15778 2 2 2 127 6919 7615 7614
15779 2 2 2 127 7551 7834 7731
15780 2 2 2 127 619 8879 5423
15781 2 2 2 127 7419 7420 7418
15782 2 2 2 127 5845 8134 7752
15783 2 2 2 127 5772 8966 7327
15784 2 2 2 127 7675 7676 6078
15785 2 2 2 127 6843 8915 5543
15786 2 2 2 127 6265 8337 6077
15787 2 2 2 127 8475 8476 6243
15788 2 2 2 127 7972 8582 6521
15789 2 2 2 127 5712 8536 8028
15790 2 2 2 127 205 8931 206
15791 2 2 2 127 7724 7926 7714
15792 2 2 2 127 7442 8158 8157
15793 2 2 2 127 7731 8926 7492
15794 2 2 2 127 5316 8284 7169
15795 2 2 2 127 5412 8231 8015
15796 2 2 2 127 7368 7510 7447
15797 2 2 2 127 6109 8908 8227
15798 2 2 2 127 7763 8463 7764
15799 2 2 2 127 5396 8794 5941
15800 2 2 2 127 7081 8050 7088
15801 2 2 2 127 7214 7216 7215
15802 2 2 2 127 6928 8242 6932
15803 2 2 2 127 5879 8985 5877
15804 2 2 2 127 6090 8955 6616
15805 2 2 2 127 6115 8800 8380
15806 2 2 2 127 7888 8427 7887
15807 2 2 2 127 7381 7734 7341
15808 2 2 2 127 5644 8936 5643
15809 2 2 2 127 8184 8504 7577
15810 2 2 2 127 7443 8633 8462
15811 2 2 2 127 7925 8167 7578
15812 2 2 2 127 6140 9058 5714
15813 2 2 2 127 7448 7450 7449
15814 2 2 2 127 6649 8984 5881
15815 2 2 2 127 5543 8915 6707
15816 2 2 2 127 6841 8956 6550
15817 2 2 2 127 8026 8552 6293
15818 2 2 2 127 6743 8858 5420
15819 2 2 2 127 6175 8902 153
15820 2 2 2 127 6664 9017 5569
15821 2 2 2 127 7388 7390 7389
15822 2 2 2 127 5777 9052 5776
15823 2 2 2 127 7751 8319 7750
15824 2 2 2 127 7192 7509 7191
15825 2 2 2 127 5748 8934 6624
15826 2 2 2 127 6972 7433 1909
15827 2 2 2 127 7822 8903 5339
15828 2 2 2 127 5869 8986 6654
15829 2 2 2 127 8027 8232 5386
15830 2 2 2 127 7133 8072 7071
15831 2 2 2 127 7683 7825 7367
15832 2 2 2 127 8639 8716 7111
15833 2 2 2 127 7559 7561 7560
15834 2 2 2 127 6889 9010 5760
15835 2 2 2 127 7610 7766 7612
15836 2 2 2 127 7357 7367 7249
15837 2 2 2 127 6165 9001 5405
15838 2 2 2 127 5993 8959 5479
15839 2 2 2 127 6286 9012 5966
15840 2 2 2 127 6234 8372 7937
15841 2 2 2 127 7510 7881 7880
15842 2 2 2 127 394 8995 395
15843 2 2 2 127 5385 9000 6125
15844 2 2 2 127 5329 8992 6252
15845 2 2 2 127 7454 7455 7453
15846 2 2 2 127 5306 9003 6238
15847 2 2 2 127 8068 8572 6125
15848 2 2 2 127 7592 8116 7515
15849 2 2 2 127 7300 7910 7282
15850 2 2 2 127 7948 8905 7253
15851 2 2 2 127 7899 7901 7900
15852 2 2 2 127 6713 8993 5940
15853 2 2 2 127 7505 9029 8522
15854 2 2 2 127 7390 7636 7583
15855 2 2 2 127 8193 8194 5864
15856 2 2 2 127 7400 7402 7401
15857 2 2 2 127 5376 9043 6147
15858 2 2 2 127 7606 8592 8468
15859 2 2 2 127 8065 8618 7086
15860 2 2 2 127 6198 8894 6812
15861 2 2 2 127 7535 7538 7537
15862 2 2 2 127 5891 8681 6801
15863 2 2 2 127 7521 8340 8276
15864 2 2 2 127 2073 7534 7533
15865 2 2 2 127 7796 8137 7794
15866 2 2 2 127 5986 8746 8333
15867 2 2 2 127 7173 7713 7712
15868 2 2 2 127 6147 9043 8556
15869 2 2 2 127 6184 8978 6844
15870 2 2 2 127 7392 7870 7791
15871 2 2 2 127 7071 8072 7077
15872 2 2 2 127 6797 8967 5872
15873 2 2 2 127 6241 8550 8056
15874 2 2 2 127 8575 8691 6265
15875 2 2 2 127 6904 7191 7190
15876 2 2 2 127 7892 8618 7797
15877 2 2 2 127 7053 7919 7918
15878 2 2 2 127 379 8652 389
15879 2 2 2 127 603 8651 613
15880 2 2 2 127 7131 7660 7125
15881 2 2 2 127 1387 8653 1397
15882 2 2 2 127 7217 8779 7215
15883 2 2 2 127 7439 9006 8443
15884 2 2 2 127 7454 7521 7455
15885 2 2 2 127 5833 9004 6737
15886 2 2 2 127 6768 7807 7074
15887 2 2 2 127 7643 8405 8044
15888 2 2 2 127 8056 8550 5900
15889 2 2 2 127 7026 8191 7895
15890 2 2 2 127 6746 8886 5943
15891 2 2 2 127 7398 7828 7377
15892 2 2 2 127 7911 8087 6945
15893 2 2 2 127 8619 8949 7557
15894 2 2 2 127 6079 8288 8003
15895 2 2 2 127 7510 7880 7447
15896 2 2 2 127 5916 8932 7905
15897 2 2 2 127 5981 7336 5982
15898 2 2 2 127 6787 8729 5607
15899 2 2 2 127 7547 7849 7498
15900 2 2 2 127 7762 8166 7651
15901 2 2 2 127 7432 7736 7429
15902 2 2 2 127 6830 8612 5606
15903 2 2 2 127 5997 9009 6744
15904 2 2 2 127 5983 7255 5985
15905 2 2 2 127 6743 8999 5969
15906 2 2 2 127 7749 8474 7184
15907 2 2 2 127 5443 8900 5977
15908 2 2 2 127 7560 8437 6858
15909 2 2 2 127 7672 8546 7617
15910 2 2 2 127 5960 8998 6804
15911 2 2 2 127 6998 8292 7032
15912 2 2 2 127 6988 8615 7664
15913 2 2 2 127 7507 8747 8362
15914 2 2 2 127 8335 8336 6228
15915 2 2 2 127 6075 8291 7986
15916 2 2 2 127 8255 8717 5799
15917 2 2 2 127 7180 7890 6943
15918 2 2 2 127 6842 8575 5711
15919 2 2 2 127 6253 9030 6254
15920 2 2 2 127 8248 8795 6316
15921 2 2 2 127 6947 8087 6953
15922 2 2 2 127 8191 8982 7051
15923 2 2 2 127 7135 8150 7593
15924 2 2 2 127 7711 8771 7876
15925 2 2 2 127 8212 8213 5880
15926 2 2 2 127 5744 8968 8739
15927 2 2 2 127 7612 7678 7538
15928 2 2 2 127 1984 8336 8335
15929 2 2 2 127 7651 8166 7816
15930 2 2 2 127 7478 7594 7431
15931 2 2 2 127 7922 8499 7587
15932 2 2 2 127 7543 8263 8176
15933 2 2 2 127 5381 8348 7940
15934 2 2 2 127 7206 8132 7145
15935 2 2 2 127 7399 8066 7400
15936 2 2 2 127 7708 7848 7706
15937 2 2 2 127 7024 8184 7577
15938 2 2 2 127 7251 8315 7252
15939 2 2 2 127 7331 7921 7846
15940 2 2 2 127 8330 8761 7656
15941 2 2 2 127 7178 7550 7549
15942 2 2 2 127 7487 8620 7789
15943 2 2 2 127 8345 8346 6231
15944 2 2 2 127 7450 7451 7449
15945 2 2 2 127 5878 8660 5879
15946 2 2 2 127 7664 8144 8143
15947 2 2 2 127 6746 9016 5965
15948 2 2 2 127 7201 8399 8398
15949 2 2 2 127 7794 8137 7916
15950 2 2 2 127 6749 9018 5963
15951 2 2 2 127 7726 8129 7844
15952 2 2 2 127 842 8762 843
15953 2 2 2 127 416 8346 8345
15954 2 2 2 127 7246 7247 7245
15955 2 2 2 127 7558 7563 7562
15956 2 2 2 127 6766 8938 7727
15957 2 2 2 127 6111 8266 8161
15958 2 2 2 127 6090 8515 7932
15959 2 2 2 127 6091 8514 7933
15960 2 2 2 127 7485 7539 7488
15961 2 2 2 127 7197 8770 67
15962 2 2 2 127 7161 8150 7135
15963 2 2 2 127 6121 9050 8298
15964 2 2 2 127 6704 9051 6751
15965 2 2 2 127 7802 8450 7956
15966 2 2 2 127 7402 7404 7403
15967 2 2 2 127 7675 8337 8105
15968 2 2 2 127 7164 7482 7481
15969 2 2 2 127 6975 8100 6983
15970 2 2 2 127 7525 7667 7569
15971 2 2 2 127 7550 7938 7843
15972 2 2 2 127 6957 7448 1666
15973 2 2 2 127 8162 8438 7019
15974 2 2 2 127 7377 7896 7375
15975 2 2 2 127 8719 8971 7733
15976 2 2 2 127 7743 7983 7156
15977 2 2 2 127 7393 7870 7392
15978 2 2 2 127 7316 9013 8440
15979 2 2 2 127 6870 8566 6334
15980 2 2 2 127 5885 7924 7006
15981 2 2 2 127 6224 8863 7559
15982 2 2 2 127 7197 8398 7952
15983 2 2 2 127 7642 7644 7619
15984 2 2 2 127 7211 7557 7210
15985 2 2 2 127 8124 8783 6283
15986 2 2 2 127 7503 7789 7504
15987 2 2 2 127 7402 7413 7404
15988 2 2 2 127 7644 7672 7619
15989 2 2 2 127 7006 7690 7689
15990 2 2 2 127 6243 8689 6244
15991 2 2 2 127 7492 8926 7928
15992 2 2 2 127 8028 9042 6619
15993 2 2 2 127 7559 8140 7561
15994 2 2 2 127 5818 8777 6793
15995 2 2 2 127 7664 8143 7467
15996 2 2 2 127 6258 8578 8434
15997 2 2 2 127 7320 8127 7271
15998 2 2 2 127 7307 8206 7259
15999 2 2 2 127 7457 8888 6189
16000 2 2 2 127 7626 8038 7567
16001 2 2 2 127 7357 7683 7367
16002 2 2 2 127 5345 8424 8389
16003 2 2 2 127 7974 8743 7973
16004 2 2 2 127 2096 8554 6848
16005 2 2 2 127 5891 8898 8681
16006 2 2 2 127 6812 8894 5400
16007 2 2 2 127 8293 8466 5922
16008 2 2 2 127 6961 8110 6967
16009 2 2 2 127 7433 7738 7464
16010 2 2 2 127 6230 8568 8104
16011 2 2 2 127 7980 8237 7812
16012 2 2 2 127 7952 8770 7197
16013 2 2 2 127 6958 8459 7211
16014 2 2 2 127 8259 8749 5825
16015 2 2 2 127 5304 8409 7999
16016 2 2 2 127 7976 8745 7975
16017 2 2 2 127 8104 8568 5914
16018 2 2 2 127 7809 8024 5972
16019 2 2 2 127 7329 7385 7384
16020 2 2 2 127 7438 8420 7853
16021 2 2 2 127 7126 7128 7079
16022 2 2 2 127 8307 9021 8006
16023 2 2 2 127 8120 8472 1445
16024 2 2 2 127 7511 8625 7512
16025 2 2 2 127 7997 8110 6959
16026 2 2 2 127 7159 8469 7041
16027 2 2 2 127 7382 7388 7383
16028 2 2 2 127 5883 9049 6794
16029 2 2 2 127 6126 8294 7441
16030 2 2 2 127 7156 7158 7154
16031 2 2 2 127 8338 8347 7361
16032 2 2 2 127 7327 7399 7328
16033 2 2 2 127 7408 7411 7410
16034 2 2 2 127 1327 8404 5299
16035 2 2 2 127 5400 8975 6812
16036 2 2 2 127 6844 8602 6185
16037 2 2 2 127 2059 8732 2069
16038 2 2 2 127 7452 7453 7451
16039 2 2 2 127 1685 8862 5320
16040 2 2 2 127 6250 9032 8289
16041 2 2 2 127 7647 8639 7830
16042 2 2 2 127 7381 8272 8176
16043 2 2 2 127 7246 7249 7247
16044 2 2 2 127 7385 7652 7384
16045 2 2 2 127 8266 8464 7368
16046 2 2 2 127 1780 8899 6406
16047 2 2 2 127 7433 8017 7738
16048 2 2 2 127 7823 8268 7168
16049 2 2 2 127 5853 8887 8646
16050 2 2 2 127 7513 9019 8503
16051 2 2 2 127 7693 8181 7274
16052 2 2 2 127 7482 7485 7481
16053 2 2 2 127 5356 8369 8098
16054 2 2 2 127 6856 9010 6182
16055 2 2 2 127 7885 7886 7380
16056 2 2 2 127 8468 8592 5340
16057 2 2 2 127 5301 7982 7760
16058 2 2 2 127 7764 8424 7824
16059 2 2 2 127 7613 7620 7611
16060 2 2 2 127 7256 8315 7661
16061 2 2 2 127 7353 7354 7352
16062 2 2 2 127 5322 8866 7604
16063 2 2 2 127 8205 8641 6033
16064 2 2 2 127 7406 8918 7884
16065 2 2 2 127 8262 8387 7001
16066 2 2 2 127 7495 8463 7836
16067 2 2 2 127 5862 9046 8035
16068 2 2 2 127 7106 8471 8356
16069 2 2 2 127 7669 9057 7785
16070 2 2 2 127 2094 8960 6884
16071 2 2 2 127 7259 8206 7261
16072 2 2 2 127 7526 7743 7157
16073 2 2 2 127 7098 8357 7950
16074 2 2 2 127 8684 9029 7938
16075 2 2 2 127 7336 7338 7337
16076 2 2 2 127 7576 8349 7011
16077 2 2 2 127 7521 8276 8275
16078 2 2 2 127 7406 7408 7407
16079 2 2 2 127 5951 9059 6792
16080 2 2 2 127 7196 7246 7245
16081 2 2 2 127 7123 8168 8167
16082 2 2 2 127 882 9007 8715
16083 2 2 2 127 7478 7768 7594
16084 2 2 2 127 8580 9044 7334
16085 2 2 2 127 7588 8053 7922
16086 2 2 2 127 2177 8970 8096
16087 2 2 2 127 7355 7356 7354
16088 2 2 2 127 5412 8961 8231
16089 2 2 2 127 7963 8627 6142
16090 2 2 2 127 5765 8996 6791
16091 2 2 2 127 7801 8238 7799
16092 2 2 2 127 7082 8292 6998
16093 2 2 2 127 7630 8740 8265
16094 2 2 2 127 7440 7908 7179
16095 2 2 2 127 7450 7452 7451
16096 2 2 2 127 6936 8367 7076
16097 2 2 2 127 7336 7337 5982
16098 2 2 2 127 7209 7372 7208
16099 2 2 2 127 8442 8443 8414
16100 2 2 2 127 8176 8263 7416
16101 2 2 2 127 7032 8202 6997
16102 2 2 2 127 7426 7427 7425
16103 2 2 2 127 8354 8361 6257
16104 2 2 2 127 5773 8966 5772
16105 2 2 2 127 5922 8290 7136
16106 2 2 2 127 8344 8582 7972
16107 2 2 2 127 7597 8555 7822
16108 2 2 2 127 8146 8876 6010
16109 2 2 2 127 7415 8149 7747
16110 2 2 2 127 7544 9002 8263
16111 2 2 2 127 7467 8438 7466
16112 2 2 2 127 7591 8292 7082
16113 2 2 2 127 7325 8063 5942
16114 2 2 2 127 6958 7211 7210
16115 2 2 2 127 7472 7633 7427
16116 2 2 2 127 6113 8981 8361
16117 2 2 2 127 5606 8612 6874
16118 2 2 2 127 7397 7398 7377
16119 2 2 2 127 7274 8181 7276
16120 2 2 2 127 8531 8548 8029
16121 2 2 2 127 8530 8547 8030
16122 2 2 2 127 6060 8509 7994
16123 2 2 2 127 8295 8632 7441
16124 2 2 2 127 7376 7377 7375
16125 2 2 2 127 7443 8543 5689
16126 2 2 2 127 7843 8370 7549
16127 2 2 2 127 8529 8766 7048
16128 2 2 2 127 6154 8866 5322
16129 2 2 2 127 6048 9028 5828
16130 2 2 2 127 7335 9060 7954
16131 2 2 2 127 7691 8442 7690
16132 2 2 2 127 7452 7454 7453
16133 2 2 2 127 6997 8202 7031
16134 2 2 2 127 7293 7352 7351
16135 2 2 2 127 7373 7378 7372
16136 2 2 2 127 2077 8937 8484
16137 2 2 2 127 7378 7885 7380
16138 2 2 2 127 6949 8225 6951
16139 2 2 2 127 7359 7363 7356
16140 2 2 2 127 1965 8941 8487
16141 2 2 2 127 1405 8942 8491
16142 2 2 2 127 1741 8940 8482
16143 2 2 2 127 7510 8464 7912
16144 2 2 2 127 6237 9042 8028
16145 2 2 2 127 6216 8752 8726
16146 2 2 2 127 621 8943 8489
16147 2 2 2 127 7294 7417 7387
16148 2 2 2 127 7646 8405 7642
16149 2 2 2 127 7337 7382 7339
16150 2 2 2 127 7419 7790 7420
16151 2 2 2 127 7417 7419 7418
16152 2 2 2 127 8165 8415 5335
16153 2 2 2 127 7252 8315 7256
16154 2 2 2 127 7457 8645 7692
16155 2 2 2 127 1181 8950 8493
16156 2 2 2 127 7211 7574 7557
16157 2 2 2 127 7568 8720 7887
16158 2 2 2 127 6297 9036 8170
16159 2 2 2 127 6973 7209 7208
16160 2 2 2 127 6825 9005 5844
16161 2 2 2 127 6246 8537 8119
16162 2 2 2 127 6921 7943 5781
16163 2 2 2 127 7960 8461 6624
16164 2 2 2 127 7524 7686 7666
16165 2 2 2 127 397 8957 8490
16166 2 2 2 127 7368 8464 7510
16167 2 2 2 127 8333 8746 7339
16168 2 2 2 127 8067 8918 7413
16169 2 2 2 127 7638 7639 7530
16170 2 2 2 127 5311 8953 1438
16171 2 2 2 127 7455 8275 8273
16172 2 2 2 127 7283 8549 8351
16173 2 2 2 127 5779 8005 6921
16174 2 2 2 127 8153 9013 7656
16175 2 2 2 127 6326 9041 8171
16176 2 2 2 127 6325 9040 8173
16177 2 2 2 127 6298 9037 8175
16178 2 2 2 127 6300 9038 8174
16179 2 2 2 127 6301 9039 8169
16180 2 2 2 127 7080 8930 7767
16181 2 2 2 127 6005 9023 6007
16182 2 2 2 127 8500 8755 6206
16183 2 2 2 127 7312 8509 6062
16184 2 2 2 127 7741 7742 7432
16185 2 2 2 127 7414 8637 8074
16186 2 2 2 127 6953 8225 6949
16187 2 2 2 127 7633 7915 7833
16188 2 2 2 127 7676 8423 6078
16189 2 2 2 127 7179 7908 7180
16190 2 2 2 127 7532 8441 8006
16191 2 2 2 127 7431 8866 6154
16192 2 2 2 127 7279 8181 7283
16193 2 2 2 127 7732 8632 8295
16194 2 2 2 127 7543 8272 7542
16195 2 2 2 127 6932 8242 7075
16196 2 2 2 127 8022 8328 6985
16197 2 2 2 127 6182 9010 6889
16198 2 2 2 127 5291 7957 7325
16199 2 2 2 127 8083 8902 6175
16200 2 2 2 127 7410 8112 7511
16201 2 2 2 127 6535 8915 8179
16202 2 2 2 127 7374 7375 7373
16203 2 2 2 127 7694 8497 8110
16204 2 2 2 127 7910 8418 7285
16205 2 2 2 127 7634 8753 7636
16206 2 2 2 127 7257 8753 7634
16207 2 2 2 127 7815 8747 7192
16208 2 2 2 127 8001 8416 1517
16209 2 2 2 127 8032 8033 7742
16210 2 2 2 127 8002 8417 1853
16211 2 2 2 127 5653 8741 8614
16212 2 2 2 127 6922 8932 5916
16213 2 2 2 127 6818 8997 5913
16214 2 2 2 127 5696 8354 8135
16215 2 2 2 127 7715 8047 7724
16216 2 2 2 127 953 8362 7815
16217 2 2 2 127 7616 8164 7614
16218 2 2 2 127 7234 8343 7236
16219 2 2 2 127 7704 8470 7702
16220 2 2 2 127 7790 8032 7420
16221 2 2 2 127 6938 8240 6940
16222 2 2 2 127 7902 8719 7459
16223 2 2 2 127 7577 8504 7925
16224 2 2 2 127 7572 8645 7457
16225 2 2 2 127 8462 8543 7443
16226 2 2 2 127 8357 8471 7107
16227 2 2 2 127 7404 7406 7405
16228 2 2 2 127 8310 9007 6259
16229 2 2 2 127 7905 8350 7053
16230 2 2 2 127 6530 8063 7329
16231 2 2 2 127 7225 8299 7227
16232 2 2 2 127 7399 7400 7328
16233 2 2 2 127 8155 8358 5436
16234 2 2 2 127 6765 9028 6048
16235 2 2 2 127 7430 7432 7429
16236 2 2 2 127 206 8931 8019
16237 2 2 2 127 6213 8975 8650
16238 2 2 2 127 7721 7982 7720
16239 2 2 2 127 7330 8285 7658
16240 2 2 2 127 8443 9006 7436
16241 2 2 2 127 7001 8906 7997
16242 2 2 2 127 5861 8894 8277
16243 2 2 2 127 1454 8623 7162
16244 2 2 2 127 7834 8010 7731
16245 2 2 2 127 8356 8471 8357
16246 2 2 2 127 1943 9031 1944
16247 2 2 2 127 7563 8949 8619
16248 2 2 2 127 8074 8637 7623
16249 2 2 2 127 7175 9023 7920
16250 2 2 2 127 7209 7373 7372
16251 2 2 2 127 7752 8447 7314
16252 2 2 2 127 7828 7896 7377
16253 2 2 2 127 7947 8637 7414
16254 2 2 2 127 7717 8948 8123
16255 2 2 2 127 7557 8949 7210
16256 2 2 2 127 6528 8543 7173
16257 2 2 2 127 7642 8405 7644
16258 2 2 2 127 7466 8315 7251
16259 2 2 2 127 6274 8534 8075
16260 2 2 2 127 5922 8466 8290
16261 2 2 2 127 8341 8569 7064
16262 2 2 2 127 7064 8569 7835
16263 2 2 2 127 8290 8466 6829
16264 2 2 2 127 7615 7617 7616
16265 2 2 2 127 7276 8181 7279
16266 2 2 2 127 7611 8280 7868
16267 2 2 2 127 7557 8785 8619
16268 2 2 2 127 8476 8689 6243
16269 2 2 2 127 5768 7995 7331
16270 2 2 2 127 7943 7967 5783
16271 2 2 2 127 7750 8559 7462
16272 2 2 2 127 5343 9035 8137
16273 2 2 2 127 7123 8167 7925
16274 2 2 2 127 8256 8504 7043
16275 2 2 2 127 6126 8718 8294
16276 2 2 2 127 6847 8973 5753
16277 2 2 2 127 7785 8561 8364
16278 2 2 2 127 7697 8452 7820
16279 2 2 2 127 7070 8793 8444
16280 2 2 2 127 7736 8017 7429
16281 2 2 2 127 7076 8240 6938
16282 2 2 2 127 7601 8010 7929
16283 2 2 2 127 7603 9035 8133
16284 2 2 2 127 5785 7967 7524
16285 2 2 2 127 8233 8371 5529
16286 2 2 2 127 8009 8047 7715
16287 2 2 2 127 7447 7936 6769
16288 2 2 2 127 7853 8619 7780
16289 2 2 2 127 8046 8235 6915
16290 2 2 2 127 715 8920 725
16291 2 2 2 127 155 8921 165
16292 2 2 2 127 8318 8755 5924
16293 2 2 2 127 1275 8922 1285
16294 2 2 2 127 1051 8923 1061
16295 2 2 2 127 939 8924 949
16296 2 2 2 127 6915 8235 7914
16297 2 2 2 127 6852 8961 6057
16298 2 2 2 127 7043 8469 8256
16299 2 2 2 127 5991 8693 6881
16300 2 2 2 127 8126 8865 7812
16301 2 2 2 127 827 8927 837
16302 2 2 2 127 7326 7995 5770
16303 2 2 2 127 8030 8547 262
16304 2 2 2 127 8029 8548 486
16305 2 2 2 127 1947 8929 1957
16306 2 2 2 127 7539 8532 7849
16307 2 2 2 127 8396 8757 6225
16308 2 2 2 127 5325 8748 90
16309 2 2 2 127 7327 7328 7326
16310 2 2 2 127 8614 8992 6195
16311 2 2 2 127 8558 8864 6292
16312 2 2 2 127 7440 8953 8632
16313 2 2 2 127 8273 8274 7456
16314 2 2 2 127 6972 8017 7433
16315 2 2 2 127 8430 8925 6266
16316 2 2 2 127 204 8530 8030
16317 2 2 2 127 652 8531 8029
16318 2 2 2 127 6871 8868 6351
16319 2 2 2 127 7263 8379 7265
16320 2 2 2 127 7062 8341 7064
16321 2 2 2 127 6309 9053 8172
16322 2 2 2 127 7532 8005 5778
16323 2 2 2 127 6139 8579 8086
16324 2 2 2 127 5850 8726 8305
16325 2 2 2 127 8143 8438 7467
16326 2 2 2 127 7332 8373 7323
16327 2 2 2 127 7425 8600 7424
16328 2 2 2 127 8447 8904 7701
16329 2 2 2 127 7610 7612 7538
16330 2 2 2 127 7255 8105 5985
16331 2 2 2 127 8179 8915 6843
16332 2 2 2 127 7285 8418 7287
16333 2 2 2 127 7853 8884 7438
16334 2 2 2 127 8294 8295 7441
16335 2 2 2 127 7232 8299 7225
16336 2 2 2 127 7479 8910 7849
16337 2 2 2 127 1435 8674 8329
16338 2 2 2 127 7957 8303 7325
16339 2 2 2 127 7726 8130 8129
16340 2 2 2 127 7896 8686 7375
16341 2 2 2 127 8213 8693 5991
16342 2 2 2 127 7220 8331 7219
16343 2 2 2 127 8560 8883 6304
16344 2 2 2 127 6281 8616 1491
16345 2 2 2 127 8351 8912 7283
16346 2 2 2 127 7066 8393 8341
16347 2 2 2 127 7534 7536 7533
16348 2 2 2 127 6337 8715 8310
16349 2 2 2 127 7173 8543 8462
16350 2 2 2 127 7859 8938 5944
16351 2 2 2 127 5860 8860 5858
16352 2 2 2 127 6658 8287 7532
16353 2 2 2 127 7712 8748 5325
16354 2 2 2 127 7419 8656 8513
16355 2 2 2 127 7561 8420 7564
16356 2 2 2 127 7261 8206 7358
16357 2 2 2 127 8455 8500 6206
16358 2 2 2 127 7985 8798 7983
16359 2 2 2 127 6077 8337 7675
16360 2 2 2 127 6510 8876 8147
16361 2 2 2 127 7637 8421 7869
16362 2 2 2 127 8202 8987 7763
16363 2 2 2 127 7385 7740 7652
16364 2 2 2 127 7982 8771 7709
16365 2 2 2 127 7402 8544 7413
16366 2 2 2 127 7932 8955 6090
16367 2 2 2 127 7367 8338 7249
16368 2 2 2 127 7156 7983 7158
16369 2 2 2 127 7698 8249 7472
16370 2 2 2 127 7073 7641 7640
16371 2 2 2 127 8750 9041 6326
16372 2 2 2 127 8751 9040 6325
16373 2 2 2 127 7820 8452 7052
16374 2 2 2 127 5924 8755 8500
16375 2 2 2 127 7318 8343 7234
16376 2 2 2 127 7362 8637 7947
16377 2 2 2 127 6204 8729 8368
16378 2 2 2 127 5828 8781 7917
16379 2 2 2 127 7807 8593 7074
16380 2 2 2 127 7780 8884 7853
16381 2 2 2 127 8363 8364 7421
16382 2 2 2 127 7419 8513 7790
16383 2 2 2 127 8577 8580 7334
16384 2 2 2 127 7093 8392 8391
16385 2 2 2 127 8465 8907 7912
16386 2 2 2 127 7997 8906 7694
16387 2 2 2 127 7790 8228 8032
16388 2 2 2 127 8399 8433 8400
16389 2 2 2 127 8512 8730 7595
16390 2 2 2 127 1069 8476 8475
16391 2 2 2 127 7786 9022 8307
16392 2 2 2 127 8200 8881 7648
16393 2 2 2 127 7358 8379 7263
16394 2 2 2 127 7882 8583 7630
16395 2 2 2 127 6141 8523 8165
16396 2 2 2 127 6878 8496 8302
16397 2 2 2 127 7766 7894 7612
16398 2 2 2 127 6779 8423 6780
16399 2 2 2 127 7917 8781 8634
16400 2 2 2 127 7055 8528 7093
16401 2 2 2 127 8302 8496 6104
16402 2 2 2 127 8368 8729 6787
16403 2 2 2 127 7616 8546 7766
16404 2 2 2 127 7171 8633 8093
16405 2 2 2 127 6934 8367 6936
16406 2 2 2 127 524 8820 8187
16407 2 2 2 127 748 8819 8188
16408 2 2 2 127 1606 8883 8560
16409 2 2 2 127 1046 8864 8558
16410 2 2 2 127 7267 8388 7269
16411 2 2 2 127 6433 8794 8014
16412 2 2 2 127 8185 8790 7076
16413 2 2 2 127 6119 8727 8647
16414 2 2 2 127 6118 8728 8648
16415 2 2 2 127 8273 8275 8274
16416 2 2 2 127 7054 8391 7159
16417 2 2 2 127 7086 8618 7892
16418 2 2 2 127 7505 8522 7503
16419 2 2 2 127 7835 8688 7222
16420 2 2 2 127 6373 8892 8075
16421 2 2 2 127 7173 8462 7713
16422 2 2 2 127 7342 8272 7381
16423 2 2 2 127 8647 8727 6855
16424 2 2 2 127 8648 8728 6854
16425 2 2 2 127 6241 9001 8550
16426 2 2 2 127 7959 8783 6064
16427 2 2 2 127 8474 8512 7595
16428 2 2 2 127 7075 8367 6934
16429 2 2 2 127 7559 8863 8140
16430 2 2 2 127 8781 9028 7387
16431 2 2 2 127 6888 8968 5744
16432 2 2 2 127 8133 9035 5343
16433 2 2 2 127 8405 8692 7644
16434 2 2 2 127 8329 8674 81
16435 2 2 2 127 7756 8690 7757
16436 2 2 2 127 7122 8928 8776
16437 2 2 2 127 7625 8285 7330
16438 2 2 2 127 6844 8978 8309
16439 2 2 2 127 7656 8893 8153
16440 2 2 2 127 7973 8743 5990
16441 2 2 2 127 7975 8745 5989
16442 2 2 2 127 8730 8916 7787
16443 2 2 2 127 7032 8987 8202
16444 2 2 2 127 7216 8628 7218
16445 2 2 2 127 7236 8343 7364
16446 2 2 2 127 7926 8988 7714
16447 2 2 2 127 5753 8973 7939
16448 2 2 2 127 6344 8792 8221
16449 2 2 2 127 6343 8791 8220
16450 2 2 2 127 8140 8585 7561
16451 2 2 2 127 8389 8424 7495
16452 2 2 2 127 8185 8874 7804
16453 2 2 2 127 5989 8745 8041
16454 2 2 2 127 5990 8743 8042
16455 2 2 2 127 7856 8363 7421
16456 2 2 2 127 1083 8786 5298
16457 2 2 2 127 6426 8900 8119
16458 2 2 2 127 7755 8690 7756
16459 2 2 2 127 7066 8341 7062
16460 2 2 2 127 7320 8222 8127
16461 2 2 2 127 7175 8370 8229
16462 2 2 2 127 7227 8299 7230
16463 2 2 2 127 7572 8916 8744
16464 2 2 2 127 7849 8532 7498
16465 2 2 2 127 7508 8865 7598
16466 2 2 2 127 8300 8442 7691
16467 2 2 2 127 8003 8983 6736
16468 2 2 2 127 8235 8624 7650
16469 2 2 2 127 6520 8635 8197
16470 2 2 2 127 7661 8397 7258
16471 2 2 2 127 8218 8575 6842
16472 2 2 2 127 7943 9022 7786
16473 2 2 2 127 6890 9062 6042
16474 2 2 2 127 7464 8200 8199
16475 2 2 2 127 7240 8445 7317
16476 2 2 2 127 7727 8938 7859
16477 2 2 2 127 6422 8911 8880
16478 2 2 2 127 7540 8529 8239
16479 2 2 2 127 8880 8911 5421
16480 2 2 2 127 8029 9024 652
16481 2 2 2 127 8030 9025 204
16482 2 2 2 127 6138 8752 8188
16483 2 2 2 127 7604 8866 8657
16484 2 2 2 127 7999 9032 6250
16485 2 2 2 127 8281 8616 6281
16486 2 2 2 127 7289 8440 7291
16487 2 2 2 127 7702 8577 7700
16488 2 2 2 127 8601 9060 7335
16489 2 2 2 127 7238 8445 7240
16490 2 2 2 127 8571 8892 6373
16491 2 2 2 127 820 8892 8571
16492 2 2 2 127 5668 8682 8106
16493 2 2 2 127 7057 8528 7055
16494 2 2 2 127 7258 8397 7307
16495 2 2 2 127 8462 8633 7878
16496 2 2 2 127 7532 8006 8005
16497 2 2 2 127 6110 8608 8316
16498 2 2 2 127 7269 8388 7306
16499 2 2 2 127 7411 8112 7410
16500 2 2 2 127 7623 8637 7362
16501 2 2 2 127 7053 8350 7919
16502 2 2 2 127 8277 8894 6198
16503 2 2 2 127 8165 8523 8415
16504 2 2 2 127 977 8871 7969
16505 2 2 2 127 1761 8872 7970
16506 2 2 2 127 7201 8429 8399
16507 2 2 2 127 8415 8523 5862
16508 2 2 2 127 7985 8963 7056
16509 2 2 2 127 7429 8017 6972
16510 2 2 2 127 7487 9029 8684
16511 2 2 2 127 7396 8891 7897
16512 2 2 2 127 7597 8606 8555
16513 2 2 2 127 7265 8379 7366
16514 2 2 2 127 7104 8471 7106
16515 2 2 2 127 7791 8628 7216
16516 2 2 2 127 7849 8910 7539
16517 2 2 2 127 7485 8532 7539
16518 2 2 2 127 7093 8391 7054
16519 2 2 2 127 7910 8761 8330
16520 2 2 2 127 7186 8499 7749
16521 2 2 2 127 7598 8865 8355
16522 2 2 2 127 7753 8377 7755
16523 2 2 2 127 8308 8756 6232
16524 2 2 2 127 8776 8928 7894
16525 2 2 2 127 5980 8746 5986
16526 2 2 2 127 7041 8469 7039
16527 2 2 2 127 1941 8542 7754
16528 2 2 2 127 7667 8378 7569
16529 2 2 2 127 6359 8500 8455
16530 2 2 2 127 7174 8919 7865
16531 2 2 2 127 7885 8686 7896
16532 2 2 2 127 7461 8719 7733
16533 2 2 2 127 6078 8423 6779
16534 2 2 2 127 8256 8469 7159
16535 2 2 2 127 7247 8338 7361
16536 2 2 2 127 7607 8889 7550
16537 2 2 2 127 8229 8919 7174
16538 2 2 2 127 7068 8963 8151
16539 2 2 2 127 7594 8657 7431
16540 2 2 2 127 7191 8526 7565
16541 2 2 2 127 7366 8388 7267
16542 2 2 2 127 7423 8964 7855
16543 2 2 2 127 7572 8744 8645
16544 2 2 2 127 8305 8752 6138
16545 2 2 2 127 7591 8448 8292
16546 2 2 2 127 7182 8474 7595
16547 2 2 2 127 7615 7616 7614
16548 2 2 2 127 7773 8562 7772
16549 2 2 2 127 7787 8916 7572
16550 2 2 2 127 7567 8539 7359
16551 2 2 2 127 5955 8582 8344
16552 2 2 2 127 7079 8521 7069
16553 2 2 2 127 7291 8440 7299
16554 2 2 2 127 7287 8418 7316
16555 2 2 2 127 7026 8982 8191
16556 2 2 2 127 8110 8497 6967
16557 2 2 2 127 8057 9047 5457
16558 2 2 2 127 5370 8640 8318
16559 2 2 2 127 6203 9046 8533
16560 2 2 2 127 7812 8865 7508
16561 2 2 2 127 7917 8634 7478
16562 2 2 2 127 7169 8742 7178
16563 2 2 2 127 8316 8772 6194
16564 2 2 2 127 7388 8601 7390
16565 2 2 2 127 8274 8275 7284
16566 2 2 2 127 7076 8790 8240
16567 2 2 2 127 7956 8378 7523
16568 2 2 2 127 6160 8717 8255
16569 2 2 2 127 7620 8280 7611
16570 2 2 2 127 8232 8868 5790
16571 2 2 2 127 7039 8469 7043
16572 2 2 2 127 8656 8914 7386
16573 2 2 2 127 7884 8473 7408
16574 2 2 2 127 5828 9028 8781
16575 2 2 2 127 6230 8968 8568
16576 2 2 2 127 7364 8445 7238
16577 2 2 2 127 7309 8580 8470
16578 2 2 2 127 8059 8951 6083
16579 2 2 2 127 7127 9027 8626
16580 2 2 2 127 7316 8418 8330
16581 2 2 2 127 7472 8249 7633
16582 2 2 2 127 485 9024 8029
16583 2 2 2 127 261 9025 8030
16584 2 2 2 127 8355 8865 8126
16585 2 2 2 127 6923 8695 7018
16586 2 2 2 127 7070 8528 7057
16587 2 2 2 127 8137 9035 7916
16588 2 2 2 127 5679 8867 8186
16589 2 2 2 127 5856 8118 7073
16590 2 2 2 127 6880 9048 6222
16591 2 2 2 127 5680 8870 8195
16592 2 2 2 127 7664 8615 8144
16593 2 2 2 127 7281 8912 7300
16594 2 2 2 127 8277 9064 6403
16595 2 2 2 127 8035 9046 6203
16596 2 2 2 127 7316 8440 7289
16597 2 2 2 127 7956 8733 7802
16598 2 2 2 127 5858 8860 8118
16599 2 2 2 127 8082 8778 7422
16600 2 2 2 127 8470 8580 8577
16601 2 2 2 127 7561 8585 8420
16602 2 2 2 127 8330 8418 7910
16603 2 2 2 127 7283 8912 7281
16604 2 2 2 127 7352 8563 7386
16605 2 2 2 127 8156 8965 7668
16606 2 2 2 127 6431 8749 8259
16607 2 2 2 127 7422 8779 8381
16608 2 2 2 127 5982 8746 5980
16609 2 2 2 127 1828 8754 6973
16610 2 2 2 127 7141 8730 8512
16611 2 2 2 127 7439 8442 8300
16612 2 2 2 127 8186 8867 6289
16613 2 2 2 127 7541 8766 7540
16614 2 2 2 127 8195 8870 6288
16615 2 2 2 127 8422 8910 7479
16616 2 2 2 127 7912 8907 7365
16617 2 2 2 127 7587 8499 7186
16618 2 2 2 127 7760 8510 7718
16619 2 2 2 127 7107 8471 7104
16620 2 2 2 127 7249 8338 7247
16621 2 2 2 127 7122 8775 8151
16622 2 2 2 127 7643 8692 8405
16623 2 2 2 127 7359 8539 7363
16624 2 2 2 127 7421 8561 7126
16625 2 2 2 127 7487 8696 8620
16626 2 2 2 127 8069 9064 5624
16627 2 2 2 127 7106 8355 8126
16628 2 2 2 127 7069 8521 7070
16629 2 2 2 127 7938 9029 7843
16630 2 2 2 127 6259 9007 8080
16631 2 2 2 127 7480 8991 8422
16632 2 2 2 127 7503 8522 7789
16633 2 2 2 127 7545 9002 7544
16634 2 2 2 127 8219 8869 6244
16635 2 2 2 127 7478 8634 7768
16636 2 2 2 127 7378 8686 7885
16637 2 2 2 127 7882 8584 8583
16638 2 2 2 127 8436 8980 285
16639 2 2 2 127 8348 8789 7716
16640 2 2 2 127 7184 8474 7182
16641 2 2 2 127 8192 8935 6058
16642 2 2 2 127 7309 8581 8580
16643 2 2 2 127 8776 8930 7072
16644 2 2 2 127 7471 8965 8156
16645 2 2 2 127 7065 8859 1086
16646 2 2 2 127 7710 8605 7708
16647 2 2 2 127 7566 8721 8004
16648 2 2 2 127 7550 8889 7938
16649 2 2 2 127 7372 9019 7208
16650 2 2 2 127 7509 8526 7191
16651 2 2 2 127 8207 9055 8206
16652 2 2 2 127 7648 8881 7374
16653 2 2 2 127 7801 8494 8300
16654 2 2 2 127 8581 8617 7275
16655 2 2 2 127 8617 8877 7275
16656 2 2 2 127 8300 8494 7439
16657 2 2 2 127 8330 9013 7316
16658 2 2 2 127 6264 8769 8419
16659 2 2 2 127 8639 8649 7830
16660 2 2 2 127 8419 8769 6097
16661 2 2 2 127 8475 9020 1069
16662 2 2 2 127 8583 8584 7050
16663 2 2 2 127 6292 8864 8570
16664 2 2 2 127 7222 8688 7224
16665 2 2 2 127 7393 8738 7870
16666 2 2 2 127 1109 8795 8248
16667 2 2 2 127 296 8980 8436
16668 2 2 2 127 7165 8926 7166
16669 2 2 2 127 6173 8679 8540
16670 2 2 2 127 6174 8678 8541
16671 2 2 2 127 7128 8521 7079
16672 2 2 2 127 7916 9035 7603
16673 2 2 2 127 8306 8507 7581
16674 2 2 2 127 8423 8797 6780
16675 2 2 2 127 8570 8864 6631
16676 2 2 2 127 7918 8695 6923
16677 2 2 2 127 7558 8949 7563
16678 2 2 2 127 7408 8473 7411
16679 2 2 2 127 7840 9011 7385
16680 2 2 2 127 8800 8880 6214
16681 2 2 2 127 5651 8772 8608
16682 2 2 2 127 8608 8772 8316
16683 2 2 2 127 7189 8778 8082
16684 2 2 2 127 6422 8880 8800
16685 2 2 2 127 8163 8888 5876
16686 2 2 2 127 8047 8620 7484
16687 2 2 2 127 7617 8546 7616
16688 2 2 2 127 7315 8413 8033
16689 2 2 2 127 7417 8914 8656
16690 2 2 2 127 5921 8689 8476
16691 2 2 2 127 8541 8678 6318
16692 2 2 2 127 8540 8679 6317
16693 2 2 2 127 6189 8888 8163
16694 2 2 2 127 7574 8785 7557
16695 2 2 2 127 8387 8906 7001
16696 2 2 2 127 8555 8903 7822
16697 2 2 2 127 7417 8656 7419
16698 2 2 2 127 8645 8744 7176
16699 2 2 2 127 7727 8914 7294
16700 2 2 2 127 8066 8544 7400
16701 2 2 2 127 7498 8532 7482
16702 2 2 2 127 6302 8659 8631
16703 2 2 2 127 7564 9034 7801
16704 2 2 2 127 7994 8509 7872
16705 2 2 2 127 8038 8539 7567
16706 2 2 2 127 8631 8659 6209
16707 2 2 2 127 1080 9020 8475
16708 2 2 2 127 6392 9052 8722
16709 2 2 2 127 7180 8974 7890
16710 2 2 2 127 8275 8276 7284
16711 2 2 2 127 8173 9040 1733
16712 2 2 2 127 8171 9041 1173
16713 2 2 2 127 8170 9036 1845
16714 2 2 2 127 8470 8577 7702
16715 2 2 2 127 8156 8901 7471
16716 2 2 2 127 8175 9037 501
16717 2 2 2 127 8174 9038 277
16718 2 2 2 127 8169 9039 1509
16719 2 2 2 127 7769 8636 7153
16720 2 2 2 127 8551 8907 8465
16721 2 2 2 127 7635 8761 8576
16722 2 2 2 127 7801 9034 8494
16723 2 2 2 127 7919 8695 7918
16724 2 2 2 127 7714 8988 7710
16725 2 2 2 127 8409 9032 7999
16726 2 2 2 127 7122 8776 8775
16727 2 2 2 127 7019 8438 8143
16728 2 2 2 127 8420 9034 7564
16729 2 2 2 127 7482 8532 7485
16730 2 2 2 127 8463 8987 7836
16731 2 2 2 127 8309 8978 5454
16732 2 2 2 127 8422 8977 7480
16733 2 2 2 127 7126 8561 7128
16734 2 2 2 127 7708 8605 7848
16735 2 2 2 127 7983 8798 7158
16736 2 2 2 127 8172 9053 1621
16737 2 2 2 127 7801 8300 8238
16738 2 2 2 127 7580 8723 8333
16739 2 2 2 127 7075 8874 8367
16740 2 2 2 127 8523 9046 5862
16741 2 2 2 127 8507 8725 7580
16742 2 2 2 127 7171 8875 8633
16743 2 2 2 127 8556 9050 5591
16744 2 2 2 127 8159 8347 7545
16745 2 2 2 127 8129 8130 7342
16746 2 2 2 127 7511 8626 8625
16747 2 2 2 127 8364 8561 7421
16748 2 2 2 127 8657 8866 7431
16749 2 2 2 127 8284 8742 7169
16750 2 2 2 127 8112 8626 7511
16751 2 2 2 127 8228 8535 7315
16752 2 2 2 127 7354 8563 7352
16753 2 2 2 127 8506 8983 8003
16754 2 2 2 127 7388 9060 8601
16755 2 2 2 127 7489 8649 8210
16756 2 2 2 127 8298 9050 6299
16757 2 2 2 127 7385 9011 7740
16758 2 2 2 127 7400 8544 7402
16759 2 2 2 127 7031 8624 8046
16760 2 2 2 127 8350 8932 7491
16761 2 2 2 127 6244 8869 8007
16762 2 2 2 127 8862 8863 5320
16763 2 2 2 127 8521 8793 7070
16764 2 2 2 127 8295 8797 7677
16765 2 2 2 127 7155 8636 7770
16766 2 2 2 127 8684 8696 7487
16767 2 2 2 127 8778 8779 7422
16768 2 2 2 127 7905 8932 8350
16769 2 2 2 127 8351 8549 7655
16770 2 2 2 127 7333 8535 8228
16771 2 2 2 127 8957 8958 6340
16772 2 2 2 127 7763 8987 8463
16773 2 2 2 127 8643 9048 5984
16774 2 2 2 127 8046 8624 8235
16775 2 2 2 127 7223 8994 8331
16776 2 2 2 127 7432 8780 7736
16777 2 2 2 127 7074 8860 5860
16778 2 2 2 127 7552 8377 7753
16779 2 2 2 127 60 8672 8671
16780 2 2 2 127 7439 8443 8442
16781 2 2 2 127 5962 9032 8409
16782 2 2 2 127 88 8677 8676
16783 2 2 2 127 18 8662 8661
16784 2 2 2 127 102 8668 8667
16785 2 2 2 127 25 8979 7989
16786 2 2 2 127 6222 9048 8643
16787 2 2 2 127 95 8989 7991
16788 2 2 2 127 46 8990 7990
16789 2 2 2 127 53 8687 8663
16790 2 2 2 127 1174 9041 8750
16791 2 2 2 127 1734 9040 8751
16792 2 2 2 127 6344 8909 8792
16793 2 2 2 127 6343 8908 8791
16794 2 2 2 127 74 9015 7992
16795 2 2 2 127 7172 8875 7171
16796 2 2 2 127 7373 8686 7378
16797 2 2 2 127 5941 8958 8957
16798 2 2 2 127 7938 8889 7571
16799 2 2 2 127 5330 8983 8506
16800 2 2 2 127 7294 8914 7417
16801 2 2 2 127 7584 8630 8629
16802 2 2 2 127 8884 8885 7438
16803 2 2 2 127 8877 8878 7275
16804 2 2 2 127 7832 9055 8207
16805 2 2 2 127 8414 8443 7759
16806 2 2 2 127 7697 8798 7985
16807 2 2 2 127 7785 9057 8365
16808 2 2 2 127 67 8770 8675
16809 2 2 2 127 8457 9015 74
16810 2 2 2 127 6341 9015 8457
16811 2 2 2 127 7540 8766 8529
16812 2 2 2 127 7612 8928 7678
16813 2 2 2 127 7802 8733 7522
16814 2 2 2 127 8671 8672 1099
16815 2 2 2 127 8676 8677 1547
16816 2 2 2 127 8661 8662 427
16817 2 2 2 127 8667 8668 1771
16818 2 2 2 127 7382 9060 7388
16819 2 2 2 127 8663 8687 987
16820 2 2 2 127 8516 8700 754
16821 2 2 2 127 8517 8701 306
16822 2 2 2 127 8519 8706 866
16823 2 2 2 127 8520 8705 642
16824 2 2 2 127 7413 8918 7404
16825 2 2 2 127 8525 8713 1202
16826 2 2 2 127 7141 8916 8730
16827 2 2 2 127 8331 8994 7586
16828 2 2 2 127 7721 8771 7982
16829 2 2 2 127 7742 8780 7432
16830 2 2 2 127 8583 8740 7630
16831 2 2 2 127 7277 9044 8580
16832 2 2 2 127 5381 8948 8348
16833 2 2 2 127 8791 8908 6271
16834 2 2 2 127 8792 8909 6268
16835 2 2 2 127 8206 9055 7358
16836 2 2 2 127 8444 8793 7682
16837 2 2 2 127 7683 9063 7825
16838 2 2 2 127 8675 8770 1211
16839 2 2 2 127 8623 8714 1426
16840 2 2 2 127 7375 8686 7373
16841 2 2 2 127 8775 8776 7072
16842 2 2 2 127 8004 8720 7566
16843 2 2 2 127 8734 8735 7751
16844 2 2 2 127 5338 8735 8734
16845 2 2 2 127 7476 8877 8617
16846 2 2 2 127 7710 8988 8605
16847 2 2 2 127 8633 8875 7878
16848 2 2 2 127 782 8700 8516
16849 2 2 2 127 334 8701 8517
16850 2 2 2 127 894 8706 8519
16851 2 2 2 127 670 8705 8520
16852 2 2 2 127 8005 9021 6921
16853 2 2 2 127 1230 8713 8525
16854 2 2 2 127 7404 8918 7406
16855 2 2 2 127 1454 8714 8623
16856 2 2 2 127 7682 8793 8365
16857 2 2 2 127 8619 8785 7780
16858 2 2 2 127 6921 9022 7943
16859 2 2 2 127 7580 8725 8723
16860 2 2 2 127 7438 9034 8420
16861 2 2 2 127 7894 8928 7612
16862 2 2 2 127 7553 8742 8284
16863 2 2 2 127 8620 8696 7484
16864 2 2 2 127 8006 9021 8005
16865 2 2 2 127 7656 9013 8330
16866 2 2 2 127 8910 8991 7539
16867 2 2 2 127 8576 8965 7635
16868 2 2 2 127 8913 9063 7683
16869 2 2 2 127 8420 8585 7853
16870 2 2 2 127 7264 8977 8422
16871 2 2 2 127 7989 8979 539
16872 2 2 2 127 7991 8989 1659
16873 2 2 2 127 7990 8990 875
16874 2 2 2 127 7668 8965 8576
16875 2 2 2 127 8381 8779 7217
16876 2 2 2 127 7992 9015 1323
16877 2 2 2 127 8151 8775 7068
16878 2 2 2 127 7523 8733 7956
16879 2 2 2 127 8580 8581 7277
16880 2 2 2 127 8522 9029 7487
16881 2 2 2 127 8605 8988 7476
16882 2 2 2 127 7437 8885 8884
16883 2 2 2 127 8406 8991 7480
16884 2 2 2 127 7483 8696 8684
16885 2 2 2 127 7360 8907 8551
16886 2 2 2 127 7273 8878 8877
16887 2 2 2 127 9021 9022 6921
16888 2 2 2 127 8422 8991 8910
16889 2 2 2 127 7235 9063 8913
16890 2 2 2 127 8307 9022 9021
16891 2 2 2 127 1 6586 128
16892 2 2 2 127 1 143 198
16893 2 2 2 127 2 159 134
16894 2 2 2 127 2 6598 144
16895 2 2 2 127 3 6563 160
16896 2 2 2 127 3 175 182
16897 2 2 2 127 239 214 7
16898 2 2 2 127 8 6583 240
16899 2 2 2 127 8 255 310
16900 2 2 2 127 9 271 246
16901 2 2 2 127 9 6602 256
16902 2 2 2 127 10 6565 272
16903 2 2 2 127 287 294 10
16904 2 2 2 127 326 14 351
16905 2 2 2 127 15 6580 352
16906 2 2 2 127 367 422 15
16907 2 2 2 127 358 16 383
16908 2 2 2 127 16 6597 368
16909 2 2 2 127 17 6567 384
16910 2 2 2 127 406 17 399
16911 2 2 2 127 463 438 21
16912 2 2 2 127 22 6579 464
16913 2 2 2 127 534 22 479
16914 2 2 2 127 470 23 495
16915 2 2 2 127 23 6599 480
16916 2 2 2 127 24 6566 496
16917 2 2 2 127 518 24 511
16918 2 2 2 127 575 550 28
16919 2 2 2 127 29 6587 576
16920 2 2 2 127 591 646 29
16921 2 2 2 127 582 30 607
16922 2 2 2 127 30 6600 592
16923 2 2 2 127 31 6564 608
16924 2 2 2 127 630 31 623
16925 2 2 2 127 687 662 35
16926 2 2 2 127 36 6581 688
16927 2 2 2 127 758 36 703
16928 2 2 2 127 719 694 37
16929 2 2 2 127 37 6601 704
16930 2 2 2 127 38 6561 720
16931 2 2 2 127 735 742 38
16932 2 2 2 127 774 42 799
16933 2 2 2 127 43 6582 800
16934 2 2 2 127 870 43 815
16935 2 2 2 127 806 44 831
16936 2 2 2 127 44 6607 816
16937 2 2 2 127 45 6569 832
16938 2 2 2 127 854 45 847
16939 2 2 2 127 886 49 911
16940 2 2 2 127 50 6584 912
16941 2 2 2 127 927 982 50
16942 2 2 2 127 918 51 943
16943 2 2 2 127 51 6612 928
16944 2 2 2 127 52 6573 944
16945 2 2 2 127 966 52 959
16946 2 2 2 127 998 56 1023
16947 2 2 2 127 57 6585 1024
16948 2 2 2 127 1094 57 1039
16949 2 2 2 127 1030 58 1055
16950 2 2 2 127 58 6604 1040
16951 2 2 2 127 59 6571 1056
16952 2 2 2 127 1078 59 1071
16953 2 2 2 127 1110 63 1135
16954 2 2 2 127 64 6596 1136
16955 2 2 2 127 1206 64 1151
16956 2 2 2 127 1142 65 1167
16957 2 2 2 127 65 6605 1152
16958 2 2 2 127 66 6578 1168
16959 2 2 2 127 1190 66 1183
16960 2 2 2 127 70 1247 1222
16961 2 2 2 127 71 6588 1248
16962 2 2 2 127 1318 71 1263
16963 2 2 2 127 1254 72 1279
16964 2 2 2 127 72 6608 1264
16965 2 2 2 127 73 6577 1280
16966 2 2 2 127 1302 73 1295
16967 2 2 2 127 1334 77 1359
16968 2 2 2 127 78 6591 1360
16969 2 2 2 127 1430 78 1375
16970 2 2 2 127 1366 79 1391
16971 2 2 2 127 79 6609 1376
16972 2 2 2 127 80 6575 1392
16973 2 2 2 127 1407 1414 80
16974 2 2 2 127 1446 84 1471
16975 2 2 2 127 85 6594 1472
16976 2 2 2 127 1542 85 1487
16977 2 2 2 127 1503 1478 86
16978 2 2 2 127 86 6606 1488
16979 2 2 2 127 87 6576 1504
16980 2 2 2 127 1519 1526 87
16981 2 2 2 127 1558 91 1583
16982 2 2 2 127 92 6590 1584
16983 2 2 2 127 1654 92 1599
16984 2 2 2 127 1615 1590 93
16985 2 2 2 127 93 6613 1600
16986 2 2 2 127 94 6562 1616
16987 2 2 2 127 1638 94 1631
16988 2 2 2 127 1695 1670 98
16989 2 2 2 127 99 6589 1696
16990 2 2 2 127 99 1711 1766
16991 2 2 2 127 100 1727 1702
16992 2 2 2 127 100 6614 1712
16993 2 2 2 127 101 6568 1728
16994 2 2 2 127 1743 1750 101
16995 2 2 2 127 1782 105 1807
16996 2 2 2 127 106 6593 1808
16997 2 2 2 127 106 1823 1878
16998 2 2 2 127 1839 1814 107
16999 2 2 2 127 107 6610 1824
17000 2 2 2 127 108 6570 1840
17001 2 2 2 127 1855 1862 108
17002 2 2 2 127 1919 1894 112
17003 2 2 2 127 113 6595 1920
17004 2 2 2 127 113 1935 1990
17005 2 2 2 127 1951 1926 114
17006 2 2 2 127 114 6611 1936
17007 2 2 2 127 115 6574 1952
17008 2 2 2 127 115 1967 1974
17009 2 2 2 127 2031 2006 119
17010 2 2 2 127 120 6592 2032
17011 2 2 2 127 120 2047 2102
17012 2 2 2 127 121 2063 2038
17013 2 2 2 127 121 6603 2048
17014 2 2 2 127 122 6572 2064
17015 2 2 2 127 2086 122 2079
17016 2 2 2 127 2143 2118 126
17017 2 2 2 127 132 131 236
17018 2 2 2 127 236 131 237
17019 2 2 2 127 134 159 135
17020 2 2 2 127 135 8801 136
17021 2 2 2 127 159 158 135
17022 2 2 2 127 138 6563 139
17023 2 2 2 127 140 179 141
17024 2 2 2 127 180 179 140
17025 2 2 2 127 143 142 199
17026 2 2 2 127 198 143 199
17027 2 2 2 127 156 163 157
17028 2 2 2 127 164 163 156
17029 2 2 2 127 175 174 183
17030 2 2 2 127 182 175 183
17031 2 2 2 127 195 220 196
17032 2 2 2 127 221 220 195
17033 2 2 2 127 199 8823 200
17034 2 2 2 127 215 214 239
17035 2 2 2 127 215 8845 216
17036 2 2 2 127 238 215 239
17037 2 2 2 127 218 6586 219
17038 2 2 2 127 234 6598 235
17039 2 2 2 127 244 243 348
17040 2 2 2 127 348 243 349
17041 2 2 2 127 246 271 247
17042 2 2 2 127 247 8803 248
17043 2 2 2 127 271 270 247
17044 2 2 2 127 250 6565 251
17045 2 2 2 127 253 252 291
17046 2 2 2 127 291 252 292
17047 2 2 2 127 255 254 311
17048 2 2 2 127 310 255 311
17049 2 2 2 127 269 268 275
17050 2 2 2 127 275 268 276
17051 2 2 2 127 286 295 287
17052 2 2 2 127 295 294 287
17053 2 2 2 127 308 307 332
17054 2 2 2 127 332 307 333
17055 2 2 2 127 311 8822 312
17056 2 2 2 127 326 351 327
17057 2 2 2 127 327 8841 328
17058 2 2 2 127 351 350 327
17059 2 2 2 127 330 6583 331
17060 2 2 2 127 346 6602 347
17061 2 2 2 127 355 460 356
17062 2 2 2 127 461 460 355
17063 2 2 2 127 358 383 359
17064 2 2 2 127 359 8806 360
17065 2 2 2 127 383 382 359
17066 2 2 2 127 362 6567 363
17067 2 2 2 127 364 403 365
17068 2 2 2 127 404 403 364
17069 2 2 2 127 366 423 367
17070 2 2 2 127 423 422 367
17071 2 2 2 127 380 387 381
17072 2 2 2 127 388 387 380
17073 2 2 2 127 399 398 407
17074 2 2 2 127 406 399 407
17075 2 2 2 127 419 444 420
17076 2 2 2 127 445 444 419
17077 2 2 2 127 423 8821 424
17078 2 2 2 127 439 438 463
17079 2 2 2 127 439 8842 440
17080 2 2 2 127 462 439 463
17081 2 2 2 127 442 6580 443
17082 2 2 2 127 458 6597 459
17083 2 2 2 127 468 467 572
17084 2 2 2 127 572 467 573
17085 2 2 2 127 470 495 471
17086 2 2 2 127 471 8805 472
17087 2 2 2 127 495 494 471
17088 2 2 2 127 474 6566 475
17089 2 2 2 127 476 515 477
17090 2 2 2 127 516 515 476
17091 2 2 2 127 479 478 535
17092 2 2 2 127 534 479 535
17093 2 2 2 127 492 499 493
17094 2 2 2 127 500 499 492
17095 2 2 2 127 511 510 519
17096 2 2 2 127 518 511 519
17097 2 2 2 127 531 556 532
17098 2 2 2 127 557 556 531
17099 2 2 2 127 535 8827 536
17100 2 2 2 127 551 550 575
17101 2 2 2 127 551 8840 552
17102 2 2 2 127 574 551 575
17103 2 2 2 127 554 6579 555
17104 2 2 2 127 570 6599 571
17105 2 2 2 127 580 579 684
17106 2 2 2 127 684 579 685
17107 2 2 2 127 582 607 583
17108 2 2 2 127 583 8802 584
17109 2 2 2 127 607 606 583
17110 2 2 2 127 586 6564 587
17111 2 2 2 127 588 627 589
17112 2 2 2 127 628 627 588
17113 2 2 2 127 590 647 591
17114 2 2 2 127 647 646 591
17115 2 2 2 127 604 611 605
17116 2 2 2 127 612 611 604
17117 2 2 2 127 623 622 631
17118 2 2 2 127 630 623 631
17119 2 2 2 127 644 643 668
17120 2 2 2 127 668 643 669
17121 2 2 2 127 647 8824 648
17122 2 2 2 127 663 662 687
17123 2 2 2 127 663 8843 664
17124 2 2 2 127 686 663 687
17125 2 2 2 127 666 6587 667
17126 2 2 2 127 682 6600 683
17127 2 2 2 127 692 691 796
17128 2 2 2 127 796 691 797
17129 2 2 2 127 695 694 719
17130 2 2 2 127 695 8804 696
17131 2 2 2 127 718 695 719
17132 2 2 2 127 698 6561 699
17133 2 2 2 127 700 739 701
17134 2 2 2 127 740 739 700
17135 2 2 2 127 703 702 759
17136 2 2 2 127 758 703 759
17137 2 2 2 127 716 723 717
17138 2 2 2 127 724 723 716
17139 2 2 2 127 734 743 735
17140 2 2 2 127 743 742 735
17141 2 2 2 127 756 755 780
17142 2 2 2 127 780 755 781
17143 2 2 2 127 759 8826 760
17144 2 2 2 127 774 799 775
17145 2 2 2 127 775 8852 776
17146 2 2 2 127 799 798 775
17147 2 2 2 127 778 6581 779
17148 2 2 2 127 794 6601 795
17149 2 2 2 127 804 803 908
17150 2 2 2 127 908 803 909
17151 2 2 2 127 806 831 807
17152 2 2 2 127 807 8810 808
17153 2 2 2 127 831 830 807
17154 2 2 2 127 810 6569 811
17155 2 2 2 127 812 851 813
17156 2 2 2 127 852 851 812
17157 2 2 2 127 814 871 815
17158 2 2 2 127 871 870 815
17159 2 2 2 127 828 835 829
17160 2 2 2 127 828 836 835
17161 2 2 2 127 847 846 855
17162 2 2 2 127 855 854 847
17163 2 2 2 127 868 867 892
17164 2 2 2 127 892 867 893
17165 2 2 2 127 871 8828 872
17166 2 2 2 127 887 886 911
17167 2 2 2 127 887 8847 888
17168 2 2 2 127 910 887 911
17169 2 2 2 127 890 6582 891
17170 2 2 2 127 906 6607 907
17171 2 2 2 127 916 915 1020
17172 2 2 2 127 1020 915 1021
17173 2 2 2 127 918 943 919
17174 2 2 2 127 919 8814 920
17175 2 2 2 127 943 942 919
17176 2 2 2 127 922 6573 923
17177 2 2 2 127 924 963 925
17178 2 2 2 127 964 963 924
17179 2 2 2 127 926 983 927
17180 2 2 2 127 983 982 927
17181 2 2 2 127 940 947 941
17182 2 2 2 127 948 947 940
17183 2 2 2 127 958 967 959
17184 2 2 2 127 967 966 959
17185 2 2 2 127 980 979 1004
17186 2 2 2 127 1004 979 1005
17187 2 2 2 127 983 8830 984
17188 2 2 2 127 998 1023 999
17189 2 2 2 127 999 8857 1000
17190 2 2 2 127 1023 1022 999
17191 2 2 2 127 1002 6584 1003
17192 2 2 2 127 1018 6612 1019
17193 2 2 2 127 1028 1027 1132
17194 2 2 2 127 1027 1133 1132
17195 2 2 2 127 1030 1055 1031
17196 2 2 2 127 1031 8818 1032
17197 2 2 2 127 1055 1054 1031
17198 2 2 2 127 1034 6571 1035
17199 2 2 2 127 1036 1075 1037
17200 2 2 2 127 1076 1075 1036
17201 2 2 2 127 1038 1095 1039
17202 2 2 2 127 1095 1094 1039
17203 2 2 2 127 1052 1059 1053
17204 2 2 2 127 1060 1059 1052
17205 2 2 2 127 1071 1070 1079
17206 2 2 2 127 1078 1071 1079
17207 2 2 2 127 1092 1091 1116
17208 2 2 2 127 1116 1091 1117
17209 2 2 2 127 1095 8825 1096
17210 2 2 2 127 1110 1135 1111
17211 2 2 2 127 1111 8846 1112
17212 2 2 2 127 1135 1134 1111
17213 2 2 2 127 1114 6585 1115
17214 2 2 2 127 1130 6604 1131
17215 2 2 2 127 1139 1244 1140
17216 2 2 2 127 1245 1244 1139
17217 2 2 2 127 1143 1142 1167
17218 2 2 2 127 1143 8816 1144
17219 2 2 2 127 1166 1143 1167
17220 2 2 2 127 1146 6578 1147
17221 2 2 2 127 1149 1148 1187
17222 2 2 2 127 1187 1148 1188
17223 2 2 2 127 1151 1150 1207
17224 2 2 2 127 1206 1151 1207
17225 2 2 2 127 1164 1171 1165
17226 2 2 2 127 1172 1171 1164
17227 2 2 2 127 1183 1182 1191
17228 2 2 2 127 1190 1183 1191
17229 2 2 2 127 1204 1203 1228
17230 2 2 2 127 1228 1203 1229
17231 2 2 2 127 1207 8837 1208
17232 2 2 2 127 1222 1247 1223
17233 2 2 2 127 1223 8856 1224
17234 2 2 2 127 1247 1246 1223
17235 2 2 2 127 1226 6596 1227
17236 2 2 2 127 1242 6605 1243
17237 2 2 2 127 1252 1251 1356
17238 2 2 2 127 1356 1251 1357
17239 2 2 2 127 1254 1279 1255
17240 2 2 2 127 1255 8807 1256
17241 2 2 2 127 1279 1278 1255
17242 2 2 2 127 1258 6577 1259
17243 2 2 2 127 1260 1299 1261
17244 2 2 2 127 1300 1299 1260
17245 2 2 2 127 1263 1262 1319
17246 2 2 2 127 1318 1263 1319
17247 2 2 2 127 1276 1283 1277
17248 2 2 2 127 1284 1283 1276
17249 2 2 2 127 1295 1294 1303
17250 2 2 2 127 1302 1295 1303
17251 2 2 2 127 1316 1315 1340
17252 2 2 2 127 1340 1315 1341
17253 2 2 2 127 1319 8836 1320
17254 2 2 2 127 1334 1359 1335
17255 2 2 2 127 1335 8853 1336
17256 2 2 2 127 1359 1358 1335
17257 2 2 2 127 1338 6588 1339
17258 2 2 2 127 1354 6608 1355
17259 2 2 2 127 1364 1363 1468
17260 2 2 2 127 1468 1363 1469
17261 2 2 2 127 1366 1391 1367
17262 2 2 2 127 1367 8808 1368
17263 2 2 2 127 1391 1390 1367
17264 2 2 2 127 1370 6575 1371
17265 2 2 2 127 1372 1411 1373
17266 2 2 2 127 1412 1411 1372
17267 2 2 2 127 1375 1374 1431
17268 2 2 2 127 1430 1375 1431
17269 2 2 2 127 1388 1395 1389
17270 2 2 2 127 1396 1395 1388
17271 2 2 2 127 1406 1415 1407
17272 2 2 2 127 1415 1414 1407
17273 2 2 2 127 1428 1427 1452
17274 2 2 2 127 1452 1427 1453
17275 2 2 2 127 1431 8832 1432
17276 2 2 2 127 1446 1471 1447
17277 2 2 2 127 1447 8844 1448
17278 2 2 2 127 1471 1470 1447
17279 2 2 2 127 1450 6591 1451
17280 2 2 2 127 1466 6609 1467
17281 2 2 2 127 1476 1475 1580
17282 2 2 2 127 1580 1475 1581
17283 2 2 2 127 1479 1478 1503
17284 2 2 2 127 1479 8815 1480
17285 2 2 2 127 1502 1479 1503
17286 2 2 2 127 1482 6576 1483
17287 2 2 2 127 1484 1523 1485
17288 2 2 2 127 1524 1523 1484
17289 2 2 2 127 1487 1486 1543
17290 2 2 2 127 1542 1487 1543
17291 2 2 2 127 1500 1507 1501
17292 2 2 2 127 1508 1507 1500
17293 2 2 2 127 1518 1527 1519
17294 2 2 2 127 1527 1526 1519
17295 2 2 2 127 1540 1539 1564
17296 2 2 2 127 1564 1539 1565
17297 2 2 2 127 1543 8835 1544
17298 2 2 2 127 1558 1583 1559
17299 2 2 2 127 1559 8850 1560
17300 2 2 2 127 1583 1582 1559
17301 2 2 2 127 1562 6594 1563
17302 2 2 2 127 1578 6606 1579
17303 2 2 2 127 1588 1587 1692
17304 2 2 2 127 1692 1587 1693
17305 2 2 2 127 1591 1590 1615
17306 2 2 2 127 1591 8811 1592
17307 2 2 2 127 1614 1591 1615
17308 2 2 2 127 1594 6562 1595
17309 2 2 2 127 1596 1635 1597
17310 2 2 2 127 1636 1635 1596
17311 2 2 2 127 1599 1598 1655
17312 2 2 2 127 1654 1599 1655
17313 2 2 2 127 1612 1619 1613
17314 2 2 2 127 1620 1619 1612
17315 2 2 2 127 1631 1630 1639
17316 2 2 2 127 1638 1631 1639
17317 2 2 2 127 1652 1651 1676
17318 2 2 2 127 1676 1651 1677
17319 2 2 2 127 1655 8833 1656
17320 2 2 2 127 1671 1670 1695
17321 2 2 2 127 1671 8854 1672
17322 2 2 2 127 1694 1671 1695
17323 2 2 2 127 1674 6590 1675
17324 2 2 2 127 1690 6613 1691
17325 2 2 2 127 1699 1804 1700
17326 2 2 2 127 1805 1804 1699
17327 2 2 2 127 1702 1727 1703
17328 2 2 2 127 1703 8812 1704
17329 2 2 2 127 1727 1726 1703
17330 2 2 2 127 1706 6568 1707
17331 2 2 2 127 1708 1747 1709
17332 2 2 2 127 1748 1747 1708
17333 2 2 2 127 1767 1711 1710
17334 2 2 2 127 1766 1711 1767
17335 2 2 2 127 1724 1731 1725
17336 2 2 2 127 1732 1731 1724
17337 2 2 2 127 1742 1751 1743
17338 2 2 2 127 1751 1750 1743
17339 2 2 2 127 1764 1763 1788
17340 2 2 2 127 1788 1763 1789
17341 2 2 2 127 1767 8838 1768
17342 2 2 2 127 1782 1807 1783
17343 2 2 2 127 1783 8855 1784
17344 2 2 2 127 1807 1806 1783
17345 2 2 2 127 1786 6589 1787
17346 2 2 2 127 1802 6614 1803
17347 2 2 2 127 1812 1811 1916
17348 2 2 2 127 1916 1811 1917
17349 2 2 2 127 1815 1814 1839
17350 2 2 2 127 1815 8809 1816
17351 2 2 2 127 1838 1815 1839
17352 2 2 2 127 1818 6570 1819
17353 2 2 2 127 1820 1859 1821
17354 2 2 2 127 1860 1859 1820
17355 2 2 2 127 1823 1822 1879
17356 2 2 2 127 1878 1823 1879
17357 2 2 2 127 1836 1843 1837
17358 2 2 2 127 1844 1843 1836
17359 2 2 2 127 1854 1863 1855
17360 2 2 2 127 1863 1862 1855
17361 2 2 2 127 1875 1900 1876
17362 2 2 2 127 1901 1900 1875
17363 2 2 2 127 1879 8829 1880
17364 2 2 2 127 1895 1894 1919
17365 2 2 2 127 1895 8851 1896
17366 2 2 2 127 1918 1895 1919
17367 2 2 2 127 1898 6593 1899
17368 2 2 2 127 1914 6610 1915
17369 2 2 2 127 1924 1923 2028
17370 2 2 2 127 2028 1923 2029
17371 2 2 2 127 1927 1926 1951
17372 2 2 2 127 1927 8817 1928
17373 2 2 2 127 1950 1927 1951
17374 2 2 2 127 1930 6574 1931
17375 2 2 2 127 1971 1933 1932
17376 2 2 2 127 1971 1932 1972
17377 2 2 2 127 1935 1934 1991
17378 2 2 2 127 1990 1935 1991
17379 2 2 2 127 1949 1948 1955
17380 2 2 2 127 1955 1948 1956
17381 2 2 2 127 1967 1966 1975
17382 2 2 2 127 1974 1967 1975
17383 2 2 2 127 1988 1987 2012
17384 2 2 2 127 2012 1987 2013
17385 2 2 2 127 1991 8834 1992
17386 2 2 2 127 2007 2006 2031
17387 2 2 2 127 2007 8848 2008
17388 2 2 2 127 2030 2007 2031
17389 2 2 2 127 2010 6595 2011
17390 2 2 2 127 2026 6611 2027
17391 2 2 2 127 2036 2035 2140
17392 2 2 2 127 2140 2035 2141
17393 2 2 2 127 2063 2039 2038
17394 2 2 2 127 2039 8813 2040
17395 2 2 2 127 2062 2039 2063
17396 2 2 2 127 2042 6572 2043
17397 2 2 2 127 2045 2044 2083
17398 2 2 2 127 2083 2044 2084
17399 2 2 2 127 2047 2046 2103
17400 2 2 2 127 2102 2047 2103
17401 2 2 2 127 2061 2060 2067
17402 2 2 2 127 2067 2060 2068
17403 2 2 2 127 2079 2078 2087
17404 2 2 2 127 2086 2079 2087
17405 2 2 2 127 2100 2099 2124
17406 2 2 2 127 2124 2099 2125
17407 2 2 2 127 2103 8831 2104
17408 2 2 2 127 2119 2118 2143
17409 2 2 2 127 2119 8849 2120
17410 2 2 2 127 2142 2119 2143
17411 2 2 2 127 2122 6592 2123
17412 2 2 2 127 2138 6603 2139
17413 2 2 2 127 198 197 1
17414 2 2 2 127 134 133 2
17415 2 2 2 127 182 181 3
17416 2 2 2 127 214 213 7
17417 2 2 2 127 309 8 310
17418 2 2 2 127 246 245 9
17419 2 2 2 127 294 293 10
17420 2 2 2 127 325 14 326
17421 2 2 2 127 422 421 15
17422 2 2 2 127 357 16 358
17423 2 2 2 127 405 17 406
17424 2 2 2 127 438 437 21
17425 2 2 2 127 533 22 534
17426 2 2 2 127 469 23 470
17427 2 2 2 127 517 24 518
17428 2 2 2 127 550 549 28
17429 2 2 2 127 646 645 29
17430 2 2 2 127 581 30 582
17431 2 2 2 127 629 31 630
17432 2 2 2 127 662 661 35
17433 2 2 2 127 757 36 758
17434 2 2 2 127 694 693 37
17435 2 2 2 127 742 741 38
17436 2 2 2 127 773 42 774
17437 2 2 2 127 869 43 870
17438 2 2 2 127 805 44 806
17439 2 2 2 127 853 45 854
17440 2 2 2 127 885 49 886
17441 2 2 2 127 982 981 50
17442 2 2 2 127 917 51 918
17443 2 2 2 127 965 52 966
17444 2 2 2 127 997 56 998
17445 2 2 2 127 1093 57 1094
17446 2 2 2 127 1029 58 1030
17447 2 2 2 127 1077 59 1078
17448 2 2 2 127 1109 63 1110
17449 2 2 2 127 1205 64 1206
17450 2 2 2 127 1141 65 1142
17451 2 2 2 127 1189 66 1190
17452 2 2 2 127 1221 70 1222
17453 2 2 2 127 1317 71 1318
17454 2 2 2 127 1253 72 1254
17455 2 2 2 127 1301 73 1302
17456 2 2 2 127 1333 77 1334
17457 2 2 2 127 1429 78 1430
17458 2 2 2 127 1365 79 1366
17459 2 2 2 127 1414 1413 80
17460 2 2 2 127 1445 84 1446
17461 2 2 2 127 1541 85 1542
17462 2 2 2 127 1478 1477 86
17463 2 2 2 127 1526 1525 87
17464 2 2 2 127 1557 91 1558
17465 2 2 2 127 1653 92 1654
17466 2 2 2 127 1590 1589 93
17467 2 2 2 127 1637 94 1638
17468 2 2 2 127 1670 1669 98
17469 2 2 2 127 1765 99 1766
17470 2 2 2 127 1701 100 1702
17471 2 2 2 127 1750 1749 101
17472 2 2 2 127 1781 105 1782
17473 2 2 2 127 1878 1877 106
17474 2 2 2 127 1814 1813 107
17475 2 2 2 127 1862 1861 108
17476 2 2 2 127 1894 1893 112
17477 2 2 2 127 1990 1989 113
17478 2 2 2 127 1926 1925 114
17479 2 2 2 127 1974 1973 115
17480 2 2 2 127 2006 2005 119
17481 2 2 2 127 2101 120 2102
17482 2 2 2 127 2038 2037 121
17483 2 2 2 127 2085 122 2086
17484 2 2 2 127 2118 2117 126
17485 2 2 2 127 129 128 218
17486 2 2 2 127 130 129 217
17487 2 2 2 127 217 129 218
17488 2 2 2 127 237 131 130
17489 2 2 2 127 216 130 217
17490 2 2 2 127 130 6475 237
17491 2 2 2 127 133 132 235
17492 2 2 2 127 235 132 236
17493 2 2 2 127 136 162 137
17494 2 2 2 127 137 161 138
17495 2 2 2 127 162 161 137
17496 2 2 2 127 161 160 138
17497 2 2 2 127 139 180 140
17498 2 2 2 127 181 180 139
17499 2 2 2 127 141 6454 142
17500 2 2 2 127 179 178 141
17501 2 2 2 127 178 6454 141
17502 2 2 2 127 145 144 234
17503 2 2 2 127 146 145 233
17504 2 2 2 127 233 145 234
17505 2 2 2 127 232 146 233
17506 2 2 2 127 155 164 156
17507 2 2 2 127 165 164 155
17508 2 2 2 127 157 6435 158
17509 2 2 2 127 157 163 162
17510 2 2 2 127 162 6435 157
17511 2 2 2 127 183 174 184
17512 2 2 2 127 177 176 202
17513 2 2 2 127 178 177 201
17514 2 2 2 127 201 177 202
17515 2 2 2 127 200 178 201
17516 2 2 2 127 195 194 221
17517 2 2 2 127 196 219 197
17518 2 2 2 127 220 219 196
17519 2 2 2 127 212 8246 213
17520 2 2 2 127 237 6475 238
17521 2 2 2 127 241 240 330
17522 2 2 2 127 242 241 329
17523 2 2 2 127 329 241 330
17524 2 2 2 127 349 243 242
17525 2 2 2 127 328 242 329
17526 2 2 2 127 242 6477 349
17527 2 2 2 127 245 244 347
17528 2 2 2 127 347 244 348
17529 2 2 2 127 248 274 249
17530 2 2 2 127 249 273 250
17531 2 2 2 127 274 273 249
17532 2 2 2 127 273 272 250
17533 2 2 2 127 252 251 292
17534 2 2 2 127 292 251 293
17535 2 2 2 127 253 6455 254
17536 2 2 2 127 290 253 291
17537 2 2 2 127 290 6455 253
17538 2 2 2 127 257 256 346
17539 2 2 2 127 258 257 345
17540 2 2 2 127 345 257 346
17541 2 2 2 127 344 258 345
17542 2 2 2 127 268 267 276
17543 2 2 2 127 276 267 277
17544 2 2 2 127 269 6436 270
17545 2 2 2 127 274 269 275
17546 2 2 2 127 274 6436 269
17547 2 2 2 127 296 295 286
17548 2 2 2 127 289 288 314
17549 2 2 2 127 290 289 313
17550 2 2 2 127 313 289 314
17551 2 2 2 127 312 290 313
17552 2 2 2 127 307 306 333
17553 2 2 2 127 309 308 331
17554 2 2 2 127 331 308 332
17555 2 2 2 127 349 6477 350
17556 2 2 2 127 352 442 353
17557 2 2 2 127 353 441 354
17558 2 2 2 127 353 442 441
17559 2 2 2 127 354 461 355
17560 2 2 2 127 441 440 354
17561 2 2 2 127 354 6472 461
17562 2 2 2 127 356 459 357
17563 2 2 2 127 460 459 356
17564 2 2 2 127 360 386 361
17565 2 2 2 127 361 385 362
17566 2 2 2 127 386 385 361
17567 2 2 2 127 385 384 362
17568 2 2 2 127 363 404 364
17569 2 2 2 127 405 404 363
17570 2 2 2 127 365 6452 366
17571 2 2 2 127 403 402 365
17572 2 2 2 127 402 6452 365
17573 2 2 2 127 368 458 369
17574 2 2 2 127 369 457 370
17575 2 2 2 127 458 457 369
17576 2 2 2 127 457 456 370
17577 2 2 2 127 379 388 380
17578 2 2 2 127 389 388 379
17579 2 2 2 127 381 6434 382
17580 2 2 2 127 387 386 381
17581 2 2 2 127 386 6434 381
17582 2 2 2 127 407 398 408
17583 2 2 2 127 401 400 426
17584 2 2 2 127 402 401 425
17585 2 2 2 127 425 401 426
17586 2 2 2 127 424 402 425
17587 2 2 2 127 418 445 419
17588 2 2 2 127 420 443 421
17589 2 2 2 127 444 443 420
17590 2 2 2 127 436 8247 437
17591 2 2 2 127 461 6472 462
17592 2 2 2 127 465 464 554
17593 2 2 2 127 466 465 553
17594 2 2 2 127 553 465 554
17595 2 2 2 127 467 466 573
17596 2 2 2 127 552 466 553
17597 2 2 2 127 466 6473 573
17598 2 2 2 127 469 468 571
17599 2 2 2 127 571 468 572
17600 2 2 2 127 472 498 473
17601 2 2 2 127 473 497 474
17602 2 2 2 127 498 497 473
17603 2 2 2 127 497 496 474
17604 2 2 2 127 475 516 476
17605 2 2 2 127 517 516 475
17606 2 2 2 127 477 6457 478
17607 2 2 2 127 515 514 477
17608 2 2 2 127 514 6457 477
17609 2 2 2 127 481 480 570
17610 2 2 2 127 482 481 569
17611 2 2 2 127 569 481 570
17612 2 2 2 127 568 482 569
17613 2 2 2 127 491 500 492
17614 2 2 2 127 501 500 491
17615 2 2 2 127 493 6437 494
17616 2 2 2 127 499 498 493
17617 2 2 2 127 498 6437 493
17618 2 2 2 127 519 510 520
17619 2 2 2 127 513 512 538
17620 2 2 2 127 514 513 537
17621 2 2 2 127 537 513 538
17622 2 2 2 127 536 514 537
17623 2 2 2 127 530 557 531
17624 2 2 2 127 532 555 533
17625 2 2 2 127 556 555 532
17626 2 2 2 127 573 6473 574
17627 2 2 2 127 577 576 666
17628 2 2 2 127 578 577 665
17629 2 2 2 127 665 577 666
17630 2 2 2 127 579 578 685
17631 2 2 2 127 664 578 665
17632 2 2 2 127 578 6474 685
17633 2 2 2 127 581 580 683
17634 2 2 2 127 683 580 684
17635 2 2 2 127 584 610 585
17636 2 2 2 127 585 609 586
17637 2 2 2 127 610 609 585
17638 2 2 2 127 609 608 586
17639 2 2 2 127 587 628 588
17640 2 2 2 127 629 628 587
17641 2 2 2 127 589 6458 590
17642 2 2 2 127 627 626 589
17643 2 2 2 127 626 6458 589
17644 2 2 2 127 593 592 682
17645 2 2 2 127 594 593 681
17646 2 2 2 127 681 593 682
17647 2 2 2 127 680 594 681
17648 2 2 2 127 603 612 604
17649 2 2 2 127 613 612 603
17650 2 2 2 127 605 6440 606
17651 2 2 2 127 611 610 605
17652 2 2 2 127 610 6440 605
17653 2 2 2 127 631 622 632
17654 2 2 2 127 625 624 650
17655 2 2 2 127 626 625 649
17656 2 2 2 127 649 625 650
17657 2 2 2 127 648 626 649
17658 2 2 2 127 643 642 669
17659 2 2 2 127 645 644 667
17660 2 2 2 127 667 644 668
17661 2 2 2 127 685 6474 686
17662 2 2 2 127 689 688 778
17663 2 2 2 127 690 689 777
17664 2 2 2 127 777 689 778
17665 2 2 2 127 691 690 797
17666 2 2 2 127 776 690 777
17667 2 2 2 127 690 6483 797
17668 2 2 2 127 693 692 795
17669 2 2 2 127 795 692 796
17670 2 2 2 127 696 722 697
17671 2 2 2 127 697 721 698
17672 2 2 2 127 722 721 697
17673 2 2 2 127 721 720 698
17674 2 2 2 127 699 740 700
17675 2 2 2 127 741 740 699
17676 2 2 2 127 701 6453 702
17677 2 2 2 127 739 738 701
17678 2 2 2 127 738 6453 701
17679 2 2 2 127 705 704 794
17680 2 2 2 127 706 705 793
17681 2 2 2 127 793 705 794
17682 2 2 2 127 792 706 793
17683 2 2 2 127 715 724 716
17684 2 2 2 127 725 724 715
17685 2 2 2 127 717 6439 718
17686 2 2 2 127 723 722 717
17687 2 2 2 127 722 6439 717
17688 2 2 2 127 744 743 734
17689 2 2 2 127 737 736 762
17690 2 2 2 127 738 737 761
17691 2 2 2 127 761 737 762
17692 2 2 2 127 760 738 761
17693 2 2 2 127 755 754 781
17694 2 2 2 127 757 756 779
17695 2 2 2 127 779 756 780
17696 2 2 2 127 797 6483 798
17697 2 2 2 127 801 800 890
17698 2 2 2 127 802 801 889
17699 2 2 2 127 889 801 890
17700 2 2 2 127 803 802 909
17701 2 2 2 127 888 802 889
17702 2 2 2 127 802 6476 909
17703 2 2 2 127 907 805 804
17704 2 2 2 127 907 804 908
17705 2 2 2 127 808 834 809
17706 2 2 2 127 809 833 810
17707 2 2 2 127 834 833 809
17708 2 2 2 127 833 832 810
17709 2 2 2 127 811 852 812
17710 2 2 2 127 853 852 811
17711 2 2 2 127 813 6468 814
17712 2 2 2 127 813 851 850
17713 2 2 2 127 850 6468 813
17714 2 2 2 127 817 816 906
17715 2 2 2 127 818 817 905
17716 2 2 2 127 905 817 906
17717 2 2 2 127 904 818 905
17718 2 2 2 127 827 836 828
17719 2 2 2 127 837 836 827
17720 2 2 2 127 829 6442 830
17721 2 2 2 127 835 834 829
17722 2 2 2 127 834 6442 829
17723 2 2 2 127 855 846 856
17724 2 2 2 127 849 848 874
17725 2 2 2 127 850 849 873
17726 2 2 2 127 873 849 874
17727 2 2 2 127 873 872 850
17728 2 2 2 127 867 866 893
17729 2 2 2 127 869 868 891
17730 2 2 2 127 891 868 892
17731 2 2 2 127 884 8244 885
17732 2 2 2 127 909 6476 910
17733 2 2 2 127 913 912 1002
17734 2 2 2 127 914 913 1001
17735 2 2 2 127 1001 913 1002
17736 2 2 2 127 1021 915 914
17737 2 2 2 127 1000 914 1001
17738 2 2 2 127 914 6487 1021
17739 2 2 2 127 917 916 1019
17740 2 2 2 127 1019 916 1020
17741 2 2 2 127 920 946 921
17742 2 2 2 127 921 945 922
17743 2 2 2 127 946 945 921
17744 2 2 2 127 945 944 922
17745 2 2 2 127 923 964 924
17746 2 2 2 127 965 964 923
17747 2 2 2 127 925 6459 926
17748 2 2 2 127 963 962 925
17749 2 2 2 127 962 6459 925
17750 2 2 2 127 929 928 1018
17751 2 2 2 127 930 929 1017
17752 2 2 2 127 1017 929 1018
17753 2 2 2 127 1016 930 1017
17754 2 2 2 127 939 948 940
17755 2 2 2 127 949 948 939
17756 2 2 2 127 941 6444 942
17757 2 2 2 127 947 946 941
17758 2 2 2 127 946 6444 941
17759 2 2 2 127 968 967 958
17760 2 2 2 127 960 986 961
17761 2 2 2 127 961 985 962
17762 2 2 2 127 986 985 961
17763 2 2 2 127 985 984 962
17764 2 2 2 127 979 978 1005
17765 2 2 2 127 981 980 1003
17766 2 2 2 127 1003 980 1004
17767 2 2 2 127 1021 6487 1022
17768 2 2 2 127 1025 1024 1114
17769 2 2 2 127 1026 1025 1113
17770 2 2 2 127 1113 1025 1114
17771 2 2 2 127 1026 1133 1027
17772 2 2 2 127 1112 1026 1113
17773 2 2 2 127 1026 6480 1133
17774 2 2 2 127 1029 1028 1131
17775 2 2 2 127 1131 1028 1132
17776 2 2 2 127 1032 1058 1033
17777 2 2 2 127 1033 1057 1034
17778 2 2 2 127 1058 1057 1033
17779 2 2 2 127 1057 1056 1034
17780 2 2 2 127 1035 1076 1036
17781 2 2 2 127 1077 1076 1035
17782 2 2 2 127 1037 6456 1038
17783 2 2 2 127 1075 1074 1037
17784 2 2 2 127 1074 6456 1037
17785 2 2 2 127 1041 1040 1130
17786 2 2 2 127 1042 1041 1129
17787 2 2 2 127 1129 1041 1130
17788 2 2 2 127 1128 1042 1129
17789 2 2 2 127 1051 1060 1052
17790 2 2 2 127 1061 1060 1051
17791 2 2 2 127 1053 6448 1054
17792 2 2 2 127 1059 1058 1053
17793 2 2 2 127 1058 6448 1053
17794 2 2 2 127 1079 1070 1080
17795 2 2 2 127 1072 1098 1073
17796 2 2 2 127 1073 1097 1074
17797 2 2 2 127 1098 1097 1073
17798 2 2 2 127 1097 1096 1074
17799 2 2 2 127 1091 1090 1117
17800 2 2 2 127 1093 1092 1115
17801 2 2 2 127 1115 1092 1116
17802 2 2 2 127 1133 6480 1134
17803 2 2 2 127 1137 1136 1226
17804 2 2 2 127 1138 1137 1225
17805 2 2 2 127 1225 1137 1226
17806 2 2 2 127 1138 1245 1139
17807 2 2 2 127 1224 1138 1225
17808 2 2 2 127 1138 6484 1245
17809 2 2 2 127 1140 1243 1141
17810 2 2 2 127 1244 1243 1140
17811 2 2 2 127 1145 1144 1170
17812 2 2 2 127 1146 1145 1169
17813 2 2 2 127 1169 1145 1170
17814 2 2 2 127 1168 1146 1169
17815 2 2 2 127 1148 1147 1188
17816 2 2 2 127 1188 1147 1189
17817 2 2 2 127 1149 6469 1150
17818 2 2 2 127 1186 1149 1187
17819 2 2 2 127 1186 6469 1149
17820 2 2 2 127 1152 1242 1153
17821 2 2 2 127 1153 1241 1154
17822 2 2 2 127 1153 1242 1241
17823 2 2 2 127 1241 1240 1154
17824 2 2 2 127 1163 1172 1164
17825 2 2 2 127 1173 1172 1163
17826 2 2 2 127 1165 6451 1166
17827 2 2 2 127 1171 1170 1165
17828 2 2 2 127 1170 6451 1165
17829 2 2 2 127 1191 1182 1192
17830 2 2 2 127 1185 1184 1210
17831 2 2 2 127 1186 1185 1209
17832 2 2 2 127 1209 1185 1210
17833 2 2 2 127 1208 1186 1209
17834 2 2 2 127 1203 1202 1229
17835 2 2 2 127 1205 1204 1227
17836 2 2 2 127 1227 1204 1228
17837 2 2 2 127 1245 6484 1246
17838 2 2 2 127 1249 1248 1338
17839 2 2 2 127 1250 1249 1337
17840 2 2 2 127 1337 1249 1338
17841 2 2 2 127 1251 1250 1357
17842 2 2 2 127 1336 1250 1337
17843 2 2 2 127 1250 6481 1357
17844 2 2 2 127 1253 1252 1355
17845 2 2 2 127 1355 1252 1356
17846 2 2 2 127 1256 1282 1257
17847 2 2 2 127 1257 1281 1258
17848 2 2 2 127 1282 1281 1257
17849 2 2 2 127 1281 1280 1258
17850 2 2 2 127 1259 1300 1260
17851 2 2 2 127 1301 1300 1259
17852 2 2 2 127 1261 6460 1262
17853 2 2 2 127 1299 1298 1261
17854 2 2 2 127 1298 6460 1261
17855 2 2 2 127 1265 1264 1354
17856 2 2 2 127 1266 1265 1353
17857 2 2 2 127 1353 1265 1354
17858 2 2 2 127 1352 1266 1353
17859 2 2 2 127 1275 1284 1276
17860 2 2 2 127 1285 1284 1275
17861 2 2 2 127 1277 6441 1278
17862 2 2 2 127 1283 1282 1277
17863 2 2 2 127 1282 6441 1277
17864 2 2 2 127 1303 1294 1304
17865 2 2 2 127 1297 1296 1322
17866 2 2 2 127 1298 1297 1321
17867 2 2 2 127 1321 1297 1322
17868 2 2 2 127 1320 1298 1321
17869 2 2 2 127 1315 1314 1341
17870 2 2 2 127 1317 1316 1339
17871 2 2 2 127 1339 1316 1340
17872 2 2 2 127 1357 6481 1358
17873 2 2 2 127 1361 1360 1450
17874 2 2 2 127 1362 1361 1449
17875 2 2 2 127 1449 1361 1450
17876 2 2 2 127 1363 1362 1469
17877 2 2 2 127 1448 1362 1449
17878 2 2 2 127 1362 6470 1469
17879 2 2 2 127 1365 1364 1467
17880 2 2 2 127 1467 1364 1468
17881 2 2 2 127 1368 1394 1369
17882 2 2 2 127 1369 1393 1370
17883 2 2 2 127 1394 1393 1369
17884 2 2 2 127 1393 1392 1370
17885 2 2 2 127 1371 1412 1372
17886 2 2 2 127 1413 1412 1371
17887 2 2 2 127 1373 6466 1374
17888 2 2 2 127 1411 1410 1373
17889 2 2 2 127 1410 6466 1373
17890 2 2 2 127 1377 1376 1466
17891 2 2 2 127 1378 1377 1465
17892 2 2 2 127 1465 1377 1466
17893 2 2 2 127 1464 1378 1465
17894 2 2 2 127 1387 1396 1388
17895 2 2 2 127 1397 1396 1387
17896 2 2 2 127 1389 6446 1390
17897 2 2 2 127 1395 1394 1389
17898 2 2 2 127 1394 6446 1389
17899 2 2 2 127 1416 1415 1406
17900 2 2 2 127 1409 1408 1434
17901 2 2 2 127 1410 1409 1433
17902 2 2 2 127 1433 1409 1434
17903 2 2 2 127 1432 1410 1433
17904 2 2 2 127 1427 1426 1453
17905 2 2 2 127 1429 1428 1451
17906 2 2 2 127 1451 1428 1452
17907 2 2 2 127 1469 6470 1470
17908 2 2 2 127 1473 1472 1562
17909 2 2 2 127 1474 1473 1561
17910 2 2 2 127 1561 1473 1562
17911 2 2 2 127 1475 1474 1581
17912 2 2 2 127 1560 1474 1561
17913 2 2 2 127 1474 6485 1581
17914 2 2 2 127 1477 1476 1579
17915 2 2 2 127 1579 1476 1580
17916 2 2 2 127 1480 1506 1481
17917 2 2 2 127 1481 1505 1482
17918 2 2 2 127 1506 1505 1481
17919 2 2 2 127 1505 1504 1482
17920 2 2 2 127 1483 1524 1484
17921 2 2 2 127 1525 1524 1483
17922 2 2 2 127 1485 6467 1486
17923 2 2 2 127 1523 1522 1485
17924 2 2 2 127 1522 6467 1485
17925 2 2 2 127 1489 1488 1578
17926 2 2 2 127 1490 1489 1577
17927 2 2 2 127 1577 1489 1578
17928 2 2 2 127 1576 1490 1577
17929 2 2 2 127 1499 1508 1500
17930 2 2 2 127 1509 1508 1499
17931 2 2 2 127 1501 6449 1502
17932 2 2 2 127 1507 1506 1501
17933 2 2 2 127 1506 6449 1501
17934 2 2 2 127 1528 1527 1518
17935 2 2 2 127 1521 1520 1546
17936 2 2 2 127 1522 1521 1545
17937 2 2 2 127 1545 1521 1546
17938 2 2 2 127 1544 1522 1545
17939 2 2 2 127 1539 1538 1565
17940 2 2 2 127 1541 1540 1563
17941 2 2 2 127 1563 1540 1564
17942 2 2 2 127 1581 6485 1582
17943 2 2 2 127 1585 1584 1674
17944 2 2 2 127 1586 1585 1673
17945 2 2 2 127 1673 1585 1674
17946 2 2 2 127 1587 1586 1693
17947 2 2 2 127 1672 1586 1673
17948 2 2 2 127 1586 6486 1693
17949 2 2 2 127 1589 1588 1691
17950 2 2 2 127 1691 1588 1692
17951 2 2 2 127 1592 1618 1593
17952 2 2 2 127 1593 1617 1594
17953 2 2 2 127 1618 1617 1593
17954 2 2 2 127 1617 1616 1594
17955 2 2 2 127 1595 1636 1596
17956 2 2 2 127 1637 1636 1595
17957 2 2 2 127 1597 6464 1598
17958 2 2 2 127 1635 1634 1597
17959 2 2 2 127 1634 6464 1597
17960 2 2 2 127 1601 1600 1690
17961 2 2 2 127 1602 1601 1689
17962 2 2 2 127 1689 1601 1690
17963 2 2 2 127 1688 1602 1689
17964 2 2 2 127 1611 1620 1612
17965 2 2 2 127 1621 1620 1611
17966 2 2 2 127 1613 6450 1614
17967 2 2 2 127 1619 1618 1613
17968 2 2 2 127 1618 6450 1613
17969 2 2 2 127 1639 1630 1640
17970 2 2 2 127 1633 1632 1658
17971 2 2 2 127 1634 1633 1657
17972 2 2 2 127 1657 1633 1658
17973 2 2 2 127 1656 1634 1657
17974 2 2 2 127 1651 1650 1677
17975 2 2 2 127 1653 1652 1675
17976 2 2 2 127 1675 1652 1676
17977 2 2 2 127 1693 6486 1694
17978 2 2 2 127 1786 1697 1696
17979 2 2 2 127 1785 1698 1697
17980 2 2 2 127 1785 1697 1786
17981 2 2 2 127 1699 1698 1805
17982 2 2 2 127 1784 1698 1785
17983 2 2 2 127 1698 6479 1805
17984 2 2 2 127 1700 1803 1701
17985 2 2 2 127 1804 1803 1700
17986 2 2 2 127 1704 1730 1705
17987 2 2 2 127 1705 1729 1706
17988 2 2 2 127 1730 1729 1705
17989 2 2 2 127 1729 1728 1706
17990 2 2 2 127 1707 1748 1708
17991 2 2 2 127 1749 1748 1707
17992 2 2 2 127 1709 6463 1710
17993 2 2 2 127 1747 1746 1709
17994 2 2 2 127 1746 6463 1709
17995 2 2 2 127 1712 1802 1713
17996 2 2 2 127 1713 1801 1714
17997 2 2 2 127 1802 1801 1713
17998 2 2 2 127 1801 1800 1714
17999 2 2 2 127 1723 1732 1724
18000 2 2 2 127 1733 1732 1723
18001 2 2 2 127 1725 6447 1726
18002 2 2 2 127 1731 1730 1725
18003 2 2 2 127 1730 6447 1725
18004 2 2 2 127 1752 1751 1742
18005 2 2 2 127 1745 1744 1770
18006 2 2 2 127 1746 1745 1769
18007 2 2 2 127 1769 1745 1770
18008 2 2 2 127 1768 1746 1769
18009 2 2 2 127 1763 1762 1789
18010 2 2 2 127 1765 1764 1787
18011 2 2 2 127 1787 1764 1788
18012 2 2 2 127 1805 6479 1806
18013 2 2 2 127 1809 1808 1898
18014 2 2 2 127 1810 1809 1897
18015 2 2 2 127 1897 1809 1898
18016 2 2 2 127 1811 1810 1917
18017 2 2 2 127 1896 1810 1897
18018 2 2 2 127 1810 6482 1917
18019 2 2 2 127 1813 1812 1915
18020 2 2 2 127 1915 1812 1916
18021 2 2 2 127 1817 1816 1842
18022 2 2 2 127 1818 1817 1841
18023 2 2 2 127 1841 1817 1842
18024 2 2 2 127 1840 1818 1841
18025 2 2 2 127 1819 1860 1820
18026 2 2 2 127 1861 1860 1819
18027 2 2 2 127 1821 6465 1822
18028 2 2 2 127 1859 1858 1821
18029 2 2 2 127 1858 6465 1821
18030 2 2 2 127 1825 1824 1914
18031 2 2 2 127 1826 1825 1913
18032 2 2 2 127 1913 1825 1914
18033 2 2 2 127 1912 1826 1913
18034 2 2 2 127 1835 1844 1836
18035 2 2 2 127 1845 1844 1835
18036 2 2 2 127 1837 6445 1838
18037 2 2 2 127 1843 1842 1837
18038 2 2 2 127 1842 6445 1837
18039 2 2 2 127 1864 1863 1854
18040 2 2 2 127 1857 1856 1882
18041 2 2 2 127 1858 1857 1881
18042 2 2 2 127 1881 1857 1882
18043 2 2 2 127 1880 1858 1881
18044 2 2 2 127 1875 1874 1901
18045 2 2 2 127 1876 1899 1877
18046 2 2 2 127 1900 1899 1876
18047 2 2 2 127 1892 8245 1893
18048 2 2 2 127 1917 6482 1918
18049 2 2 2 127 1921 1920 2010
18050 2 2 2 127 1922 1921 2009
18051 2 2 2 127 2009 1921 2010
18052 2 2 2 127 1923 1922 2029
18053 2 2 2 127 2008 1922 2009
18054 2 2 2 127 1922 6471 2029
18055 2 2 2 127 1925 1924 2027
18056 2 2 2 127 2027 1924 2028
18057 2 2 2 127 1929 1928 1954
18058 2 2 2 127 1930 1929 1953
18059 2 2 2 127 1953 1929 1954
18060 2 2 2 127 1952 1930 1953
18061 2 2 2 127 1932 1931 1972
18062 2 2 2 127 1972 1931 1973
18063 2 2 2 127 1933 6462 1934
18064 2 2 2 127 1970 1933 1971
18065 2 2 2 127 1970 6462 1933
18066 2 2 2 127 1937 1936 2026
18067 2 2 2 127 1938 1937 2025
18068 2 2 2 127 2025 1937 2026
18069 2 2 2 127 2024 1938 2025
18070 2 2 2 127 1948 1947 1956
18071 2 2 2 127 1956 1947 1957
18072 2 2 2 127 1949 6438 1950
18073 2 2 2 127 1954 1949 1955
18074 2 2 2 127 1954 6438 1949
18075 2 2 2 127 1975 1966 1976
18076 2 2 2 127 1968 1994 1969
18077 2 2 2 127 1969 1993 1970
18078 2 2 2 127 1994 1993 1969
18079 2 2 2 127 1993 1992 1970
18080 2 2 2 127 1987 1986 2013
18081 2 2 2 127 1989 1988 2011
18082 2 2 2 127 2011 1988 2012
18083 2 2 2 127 2029 6471 2030
18084 2 2 2 127 2122 2033 2032
18085 2 2 2 127 2034 2033 2121
18086 2 2 2 127 2121 2033 2122
18087 2 2 2 127 2035 2034 2141
18088 2 2 2 127 2120 2034 2121
18089 2 2 2 127 2034 6478 2141
18090 2 2 2 127 2037 2036 2139
18091 2 2 2 127 2139 2036 2140
18092 2 2 2 127 2041 2040 2066
18093 2 2 2 127 2042 2041 2065
18094 2 2 2 127 2065 2041 2066
18095 2 2 2 127 2064 2042 2065
18096 2 2 2 127 2044 2043 2084
18097 2 2 2 127 2084 2043 2085
18098 2 2 2 127 2045 6461 2046
18099 2 2 2 127 2082 2045 2083
18100 2 2 2 127 2082 6461 2045
18101 2 2 2 127 2049 2048 2138
18102 2 2 2 127 2050 2049 2137
18103 2 2 2 127 2137 2049 2138
18104 2 2 2 127 2136 2050 2137
18105 2 2 2 127 2060 2059 2068
18106 2 2 2 127 2068 2059 2069
18107 2 2 2 127 2061 6443 2062
18108 2 2 2 127 2066 2061 2067
18109 2 2 2 127 2066 6443 2061
18110 2 2 2 127 2087 2078 2088
18111 2 2 2 127 2081 2080 2106
18112 2 2 2 127 2082 2081 2105
18113 2 2 2 127 2105 2081 2106
18114 2 2 2 127 2104 2082 2105
18115 2 2 2 127 2099 2098 2125
18116 2 2 2 127 2101 2100 2123
18117 2 2 2 127 2123 2100 2124
18118 2 2 2 127 2141 6478 2142
18119 2 2 2 127 5984 7255 5983
18120 2 2 2 127 8215 8393 7066
18121 2 2 2 127 7094 8738 7653
18122 2 2 2 127 7154 7660 7131
18123 2 2 2 127 7338 7382 7337
18124 2 2 2 127 7739 7849 7547
18125 2 2 2 127 7690 8052 7689
18126 2 2 2 127 7713 7721 7712
$EndElements
